state_code,year,race,origin,age_group,fertility_rate,source
AL,2023,white,non-hisp,0-4,0.0,synthetic_seed
AL,2023,white,non-hisp,5-9,0.0,synthetic_seed
AL,2023,white,non-hisp,10-14,0.0,synthetic_seed
AL,2023,white,non-hisp,15-19,0.01575,synthetic_seed
AL,2023,white,non-hisp,20-24,0.06825,synthetic_seed
AL,2023,white,non-hisp,25-29,0.105,synthetic_seed
AL,2023,white,non-hisp,30-34,0.105,synthetic_seed
AL,2023,white,non-hisp,35-39,0.0525,synthetic_seed
AL,2023,white,non-hisp,40-44,0.0126,synthetic_seed
AL,2023,white,non-hisp,45-49,0.00105,synthetic_seed
AL,2023,white,non-hisp,50-54,0.0,synthetic_seed
AL,2023,white,non-hisp,55-59,0.0,synthetic_seed
AL,2023,white,non-hisp,60-64,0.0,synthetic_seed
AL,2023,white,non-hisp,65-69,0.0,synthetic_seed
AL,2023,white,non-hisp,70-74,0.0,synthetic_seed
AL,2023,white,non-hisp,75-79,0.0,synthetic_seed
AL,2023,white,non-hisp,80-84,0.0,synthetic_seed
AL,2023,white,non-hisp,85+,0.0,synthetic_seed
AL,2023,white,hisp,0-4,0.0,synthetic_seed
AL,2023,white,hisp,5-9,0.0,synthetic_seed
AL,2023,white,hisp,10-14,0.0,synthetic_seed
AL,2023,white,hisp,15-19,0.018113,synthetic_seed
AL,2023,white,hisp,20-24,0.078488,synthetic_seed
AL,2023,white,hisp,25-29,0.12075,synthetic_seed
AL,2023,white,hisp,30-34,0.12075,synthetic_seed
AL,2023,white,hisp,35-39,0.060375,synthetic_seed
AL,2023,white,hisp,40-44,0.01449,synthetic_seed
AL,2023,white,hisp,45-49,0.001208,synthetic_seed
AL,2023,white,hisp,50-54,0.0,synthetic_seed
AL,2023,white,hisp,55-59,0.0,synthetic_seed
AL,2023,white,hisp,60-64,0.0,synthetic_seed
AL,2023,white,hisp,65-69,0.0,synthetic_seed
AL,2023,white,hisp,70-74,0.0,synthetic_seed
AL,2023,white,hisp,75-79,0.0,synthetic_seed
AL,2023,white,hisp,80-84,0.0,synthetic_seed
AL,2023,white,hisp,85+,0.0,synthetic_seed
AL,2023,black,non-hisp,0-4,0.0,synthetic_seed
AL,2023,black,non-hisp,5-9,0.0,synthetic_seed
AL,2023,black,non-hisp,10-14,0.0,synthetic_seed
AL,2023,black,non-hisp,15-19,0.01575,synthetic_seed
AL,2023,black,non-hisp,20-24,0.06825,synthetic_seed
AL,2023,black,non-hisp,25-29,0.105,synthetic_seed
AL,2023,black,non-hisp,30-34,0.105,synthetic_seed
AL,2023,black,non-hisp,35-39,0.0525,synthetic_seed
AL,2023,black,non-hisp,40-44,0.0126,synthetic_seed
AL,2023,black,non-hisp,45-49,0.00105,synthetic_seed
AL,2023,black,non-hisp,50-54,0.0,synthetic_seed
AL,2023,black,non-hisp,55-59,0.0,synthetic_seed
AL,2023,black,non-hisp,60-64,0.0,synthetic_seed
AL,2023,black,non-hisp,65-69,0.0,synthetic_seed
AL,2023,black,non-hisp,70-74,0.0,synthetic_seed
AL,2023,black,non-hisp,75-79,0.0,synthetic_seed
AL,2023,black,non-hisp,80-84,0.0,synthetic_seed
AL,2023,black,non-hisp,85+,0.0,synthetic_seed
AL,2023,black,hisp,0-4,0.0,synthetic_seed
AL,2023,black,hisp,5-9,0.0,synthetic_seed
AL,2023,black,hisp,10-14,0.0,synthetic_seed
AL,2023,black,hisp,15-19,0.018113,synthetic_seed
AL,2023,black,hisp,20-24,0.078488,synthetic_seed
AL,2023,black,hisp,25-29,0.12075,synthetic_seed
AL,2023,black,hisp,30-34,0.12075,synthetic_seed
AL,2023,black,hisp,35-39,0.060375,synthetic_seed
AL,2023,black,hisp,40-44,0.01449,synthetic_seed
AL,2023,black,hisp,45-49,0.001208,synthetic_seed
AL,2023,black,hisp,50-54,0.0,synthetic_seed
AL,2023,black,hisp,55-59,0.0,synthetic_seed
AL,2023,black,hisp,60-64,0.0,synthetic_seed
AL,2023,black,hisp,65-69,0.0,synthetic_seed
AL,2023,black,hisp,70-74,0.0,synthetic_seed
AL,2023,black,hisp,75-79,0.0,synthetic_seed
AL,2023,black,hisp,80-84,0.0,synthetic_seed
AL,2023,black,hisp,85+,0.0,synthetic_seed
AL,2023,asian,non-hisp,0-4,0.0,synthetic_seed
AL,2023,asian,non-hisp,5-9,0.0,synthetic_seed
AL,2023,asian,non-hisp,10-14,0.0,synthetic_seed
AL,2023,asian,non-hisp,15-19,0.01575,synthetic_seed
AL,2023,asian,non-hisp,20-24,0.06825,synthetic_seed
AL,2023,asian,non-hisp,25-29,0.105,synthetic_seed
AL,2023,asian,non-hisp,30-34,0.105,synthetic_seed
AL,2023,asian,non-hisp,35-39,0.0525,synthetic_seed
AL,2023,asian,non-hisp,40-44,0.0126,synthetic_seed
AL,2023,asian,non-hisp,45-49,0.00105,synthetic_seed
AL,2023,asian,non-hisp,50-54,0.0,synthetic_seed
AL,2023,asian,non-hisp,55-59,0.0,synthetic_seed
AL,2023,asian,non-hisp,60-64,0.0,synthetic_seed
AL,2023,asian,non-hisp,65-69,0.0,synthetic_seed
AL,2023,asian,non-hisp,70-74,0.0,synthetic_seed
AL,2023,asian,non-hisp,75-79,0.0,synthetic_seed
AL,2023,asian,non-hisp,80-84,0.0,synthetic_seed
AL,2023,asian,non-hisp,85+,0.0,synthetic_seed
AL,2023,asian,hisp,0-4,0.0,synthetic_seed
AL,2023,asian,hisp,5-9,0.0,synthetic_seed
AL,2023,asian,hisp,10-14,0.0,synthetic_seed
AL,2023,asian,hisp,15-19,0.018113,synthetic_seed
AL,2023,asian,hisp,20-24,0.078488,synthetic_seed
AL,2023,asian,hisp,25-29,0.12075,synthetic_seed
AL,2023,asian,hisp,30-34,0.12075,synthetic_seed
AL,2023,asian,hisp,35-39,0.060375,synthetic_seed
AL,2023,asian,hisp,40-44,0.01449,synthetic_seed
AL,2023,asian,hisp,45-49,0.001208,synthetic_seed
AL,2023,asian,hisp,50-54,0.0,synthetic_seed
AL,2023,asian,hisp,55-59,0.0,synthetic_seed
AL,2023,asian,hisp,60-64,0.0,synthetic_seed
AL,2023,asian,hisp,65-69,0.0,synthetic_seed
AL,2023,asian,hisp,70-74,0.0,synthetic_seed
AL,2023,asian,hisp,75-79,0.0,synthetic_seed
AL,2023,asian,hisp,80-84,0.0,synthetic_seed
AL,2023,asian,hisp,85+,0.0,synthetic_seed
AL,2023,other,non-hisp,0-4,0.0,synthetic_seed
AL,2023,other,non-hisp,5-9,0.0,synthetic_seed
AL,2023,other,non-hisp,10-14,0.0,synthetic_seed
AL,2023,other,non-hisp,15-19,0.01701,synthetic_seed
AL,2023,other,non-hisp,20-24,0.07371,synthetic_seed
AL,2023,other,non-hisp,25-29,0.1134,synthetic_seed
AL,2023,other,non-hisp,30-34,0.1134,synthetic_seed
AL,2023,other,non-hisp,35-39,0.0567,synthetic_seed
AL,2023,other,non-hisp,40-44,0.013608,synthetic_seed
AL,2023,other,non-hisp,45-49,0.001134,synthetic_seed
AL,2023,other,non-hisp,50-54,0.0,synthetic_seed
AL,2023,other,non-hisp,55-59,0.0,synthetic_seed
AL,2023,other,non-hisp,60-64,0.0,synthetic_seed
AL,2023,other,non-hisp,65-69,0.0,synthetic_seed
AL,2023,other,non-hisp,70-74,0.0,synthetic_seed
AL,2023,other,non-hisp,75-79,0.0,synthetic_seed
AL,2023,other,non-hisp,80-84,0.0,synthetic_seed
AL,2023,other,non-hisp,85+,0.0,synthetic_seed
AL,2023,other,hisp,0-4,0.0,synthetic_seed
AL,2023,other,hisp,5-9,0.0,synthetic_seed
AL,2023,other,hisp,10-14,0.0,synthetic_seed
AL,2023,other,hisp,15-19,0.018113,synthetic_seed
AL,2023,other,hisp,20-24,0.078488,synthetic_seed
AL,2023,other,hisp,25-29,0.12075,synthetic_seed
AL,2023,other,hisp,30-34,0.12075,synthetic_seed
AL,2023,other,hisp,35-39,0.060375,synthetic_seed
AL,2023,other,hisp,40-44,0.01449,synthetic_seed
AL,2023,other,hisp,45-49,0.001208,synthetic_seed
AL,2023,other,hisp,50-54,0.0,synthetic_seed
AL,2023,other,hisp,55-59,0.0,synthetic_seed
AL,2023,other,hisp,60-64,0.0,synthetic_seed
AL,2023,other,hisp,65-69,0.0,synthetic_seed
AL,2023,other,hisp,70-74,0.0,synthetic_seed
AL,2023,other,hisp,75-79,0.0,synthetic_seed
AL,2023,other,hisp,80-84,0.0,synthetic_seed
AL,2023,other,hisp,85+,0.0,synthetic_seed
AK,2023,white,non-hisp,0-4,0.0,synthetic_seed
AK,2023,white,non-hisp,5-9,0.0,synthetic_seed
AK,2023,white,non-hisp,10-14,0.0,synthetic_seed
AK,2023,white,non-hisp,15-19,0.015,synthetic_seed
AK,2023,white,non-hisp,20-24,0.065,synthetic_seed
AK,2023,white,non-hisp,25-29,0.1,synthetic_seed
AK,2023,white,non-hisp,30-34,0.1,synthetic_seed
AK,2023,white,non-hisp,35-39,0.05,synthetic_seed
AK,2023,white,non-hisp,40-44,0.012,synthetic_seed
AK,2023,white,non-hisp,45-49,0.001,synthetic_seed
AK,2023,white,non-hisp,50-54,0.0,synthetic_seed
AK,2023,white,non-hisp,55-59,0.0,synthetic_seed
AK,2023,white,non-hisp,60-64,0.0,synthetic_seed
AK,2023,white,non-hisp,65-69,0.0,synthetic_seed
AK,2023,white,non-hisp,70-74,0.0,synthetic_seed
AK,2023,white,non-hisp,75-79,0.0,synthetic_seed
AK,2023,white,non-hisp,80-84,0.0,synthetic_seed
AK,2023,white,non-hisp,85+,0.0,synthetic_seed
AK,2023,white,hisp,0-4,0.0,synthetic_seed
AK,2023,white,hisp,5-9,0.0,synthetic_seed
AK,2023,white,hisp,10-14,0.0,synthetic_seed
AK,2023,white,hisp,15-19,0.01725,synthetic_seed
AK,2023,white,hisp,20-24,0.07475,synthetic_seed
AK,2023,white,hisp,25-29,0.115,synthetic_seed
AK,2023,white,hisp,30-34,0.115,synthetic_seed
AK,2023,white,hisp,35-39,0.0575,synthetic_seed
AK,2023,white,hisp,40-44,0.0138,synthetic_seed
AK,2023,white,hisp,45-49,0.00115,synthetic_seed
AK,2023,white,hisp,50-54,0.0,synthetic_seed
AK,2023,white,hisp,55-59,0.0,synthetic_seed
AK,2023,white,hisp,60-64,0.0,synthetic_seed
AK,2023,white,hisp,65-69,0.0,synthetic_seed
AK,2023,white,hisp,70-74,0.0,synthetic_seed
AK,2023,white,hisp,75-79,0.0,synthetic_seed
AK,2023,white,hisp,80-84,0.0,synthetic_seed
AK,2023,white,hisp,85+,0.0,synthetic_seed
AK,2023,black,non-hisp,0-4,0.0,synthetic_seed
AK,2023,black,non-hisp,5-9,0.0,synthetic_seed
AK,2023,black,non-hisp,10-14,0.0,synthetic_seed
AK,2023,black,non-hisp,15-19,0.015,synthetic_seed
AK,2023,black,non-hisp,20-24,0.065,synthetic_seed
AK,2023,black,non-hisp,25-29,0.1,synthetic_seed
AK,2023,black,non-hisp,30-34,0.1,synthetic_seed
AK,2023,black,non-hisp,35-39,0.05,synthetic_seed
AK,2023,black,non-hisp,40-44,0.012,synthetic_seed
AK,2023,black,non-hisp,45-49,0.001,synthetic_seed
AK,2023,black,non-hisp,50-54,0.0,synthetic_seed
AK,2023,black,non-hisp,55-59,0.0,synthetic_seed
AK,2023,black,non-hisp,60-64,0.0,synthetic_seed
AK,2023,black,non-hisp,65-69,0.0,synthetic_seed
AK,2023,black,non-hisp,70-74,0.0,synthetic_seed
AK,2023,black,non-hisp,75-79,0.0,synthetic_seed
AK,2023,black,non-hisp,80-84,0.0,synthetic_seed
AK,2023,black,non-hisp,85+,0.0,synthetic_seed
AK,2023,black,hisp,0-4,0.0,synthetic_seed
AK,2023,black,hisp,5-9,0.0,synthetic_seed
AK,2023,black,hisp,10-14,0.0,synthetic_seed
AK,2023,black,hisp,15-19,0.01725,synthetic_seed
AK,2023,black,hisp,20-24,0.07475,synthetic_seed
AK,2023,black,hisp,25-29,0.115,synthetic_seed
AK,2023,black,hisp,30-34,0.115,synthetic_seed
AK,2023,black,hisp,35-39,0.0575,synthetic_seed
AK,2023,black,hisp,40-44,0.0138,synthetic_seed
AK,2023,black,hisp,45-49,0.00115,synthetic_seed
AK,2023,black,hisp,50-54,0.0,synthetic_seed
AK,2023,black,hisp,55-59,0.0,synthetic_seed
AK,2023,black,hisp,60-64,0.0,synthetic_seed
AK,2023,black,hisp,65-69,0.0,synthetic_seed
AK,2023,black,hisp,70-74,0.0,synthetic_seed
AK,2023,black,hisp,75-79,0.0,synthetic_seed
AK,2023,black,hisp,80-84,0.0,synthetic_seed
AK,2023,black,hisp,85+,0.0,synthetic_seed
AK,2023,asian,non-hisp,0-4,0.0,synthetic_seed
AK,2023,asian,non-hisp,5-9,0.0,synthetic_seed
AK,2023,asian,non-hisp,10-14,0.0,synthetic_seed
AK,2023,asian,non-hisp,15-19,0.015,synthetic_seed
AK,2023,asian,non-hisp,20-24,0.065,synthetic_seed
AK,2023,asian,non-hisp,25-29,0.1,synthetic_seed
AK,2023,asian,non-hisp,30-34,0.1,synthetic_seed
AK,2023,asian,non-hisp,35-39,0.05,synthetic_seed
AK,2023,asian,non-hisp,40-44,0.012,synthetic_seed
AK,2023,asian,non-hisp,45-49,0.001,synthetic_seed
AK,2023,asian,non-hisp,50-54,0.0,synthetic_seed
AK,2023,asian,non-hisp,55-59,0.0,synthetic_seed
AK,2023,asian,non-hisp,60-64,0.0,synthetic_seed
AK,2023,asian,non-hisp,65-69,0.0,synthetic_seed
AK,2023,asian,non-hisp,70-74,0.0,synthetic_seed
AK,2023,asian,non-hisp,75-79,0.0,synthetic_seed
AK,2023,asian,non-hisp,80-84,0.0,synthetic_seed
AK,2023,asian,non-hisp,85+,0.0,synthetic_seed
AK,2023,asian,hisp,0-4,0.0,synthetic_seed
AK,2023,asian,hisp,5-9,0.0,synthetic_seed
AK,2023,asian,hisp,10-14,0.0,synthetic_seed
AK,2023,asian,hisp,15-19,0.01725,synthetic_seed
AK,2023,asian,hisp,20-24,0.07475,synthetic_seed
AK,2023,asian,hisp,25-29,0.115,synthetic_seed
AK,2023,asian,hisp,30-34,0.115,synthetic_seed
AK,2023,asian,hisp,35-39,0.0575,synthetic_seed
AK,2023,asian,hisp,40-44,0.0138,synthetic_seed
AK,2023,asian,hisp,45-49,0.00115,synthetic_seed
AK,2023,asian,hisp,50-54,0.0,synthetic_seed
AK,2023,asian,hisp,55-59,0.0,synthetic_seed
AK,2023,asian,hisp,60-64,0.0,synthetic_seed
AK,2023,asian,hisp,65-69,0.0,synthetic_seed
AK,2023,asian,hisp,70-74,0.0,synthetic_seed
AK,2023,asian,hisp,75-79,0.0,synthetic_seed
AK,2023,asian,hisp,80-84,0.0,synthetic_seed
AK,2023,asian,hisp,85+,0.0,synthetic_seed
AK,2023,other,non-hisp,0-4,0.0,synthetic_seed
AK,2023,other,non-hisp,5-9,0.0,synthetic_seed
AK,2023,other,non-hisp,10-14,0.0,synthetic_seed
AK,2023,other,non-hisp,15-19,0.0162,synthetic_seed
AK,2023,other,non-hisp,20-24,0.0702,synthetic_seed
AK,2023,other,non-hisp,25-29,0.108,synthetic_seed
AK,2023,other,non-hisp,30-34,0.108,synthetic_seed
AK,2023,other,non-hisp,35-39,0.054,synthetic_seed
AK,2023,other,non-hisp,40-44,0.01296,synthetic_seed
AK,2023,other,non-hisp,45-49,0.00108,synthetic_seed
AK,2023,other,non-hisp,50-54,0.0,synthetic_seed
AK,2023,other,non-hisp,55-59,0.0,synthetic_seed
AK,2023,other,non-hisp,60-64,0.0,synthetic_seed
AK,2023,other,non-hisp,65-69,0.0,synthetic_seed
AK,2023,other,non-hisp,70-74,0.0,synthetic_seed
AK,2023,other,non-hisp,75-79,0.0,synthetic_seed
AK,2023,other,non-hisp,80-84,0.0,synthetic_seed
AK,2023,other,non-hisp,85+,0.0,synthetic_seed
AK,2023,other,hisp,0-4,0.0,synthetic_seed
AK,2023,other,hisp,5-9,0.0,synthetic_seed
AK,2023,other,hisp,10-14,0.0,synthetic_seed
AK,2023,other,hisp,15-19,0.01725,synthetic_seed
AK,2023,other,hisp,20-24,0.07475,synthetic_seed
AK,2023,other,hisp,25-29,0.115,synthetic_seed
AK,2023,other,hisp,30-34,0.115,synthetic_seed
AK,2023,other,hisp,35-39,0.0575,synthetic_seed
AK,2023,other,hisp,40-44,0.0138,synthetic_seed
AK,2023,other,hisp,45-49,0.00115,synthetic_seed
AK,2023,other,hisp,50-54,0.0,synthetic_seed
AK,2023,other,hisp,55-59,0.0,synthetic_seed
AK,2023,other,hisp,60-64,0.0,synthetic_seed
AK,2023,other,hisp,65-69,0.0,synthetic_seed
AK,2023,other,hisp,70-74,0.0,synthetic_seed
AK,2023,other,hisp,75-79,0.0,synthetic_seed
AK,2023,other,hisp,80-84,0.0,synthetic_seed
AK,2023,other,hisp,85+,0.0,synthetic_seed
AZ,2023,white,non-hisp,0-4,0.0,synthetic_seed
AZ,2023,white,non-hisp,5-9,0.0,synthetic_seed
AZ,2023,white,non-hisp,10-14,0.0,synthetic_seed
AZ,2023,white,non-hisp,15-19,0.015,synthetic_seed
AZ,2023,white,non-hisp,20-24,0.065,synthetic_seed
AZ,2023,white,non-hisp,25-29,0.1,synthetic_seed
AZ,2023,white,non-hisp,30-34,0.1,synthetic_seed
AZ,2023,white,non-hisp,35-39,0.05,synthetic_seed
AZ,2023,white,non-hisp,40-44,0.012,synthetic_seed
AZ,2023,white,non-hisp,45-49,0.001,synthetic_seed
AZ,2023,white,non-hisp,50-54,0.0,synthetic_seed
AZ,2023,white,non-hisp,55-59,0.0,synthetic_seed
AZ,2023,white,non-hisp,60-64,0.0,synthetic_seed
AZ,2023,white,non-hisp,65-69,0.0,synthetic_seed
AZ,2023,white,non-hisp,70-74,0.0,synthetic_seed
AZ,2023,white,non-hisp,75-79,0.0,synthetic_seed
AZ,2023,white,non-hisp,80-84,0.0,synthetic_seed
AZ,2023,white,non-hisp,85+,0.0,synthetic_seed
AZ,2023,white,hisp,0-4,0.0,synthetic_seed
AZ,2023,white,hisp,5-9,0.0,synthetic_seed
AZ,2023,white,hisp,10-14,0.0,synthetic_seed
AZ,2023,white,hisp,15-19,0.01725,synthetic_seed
AZ,2023,white,hisp,20-24,0.07475,synthetic_seed
AZ,2023,white,hisp,25-29,0.115,synthetic_seed
AZ,2023,white,hisp,30-34,0.115,synthetic_seed
AZ,2023,white,hisp,35-39,0.0575,synthetic_seed
AZ,2023,white,hisp,40-44,0.0138,synthetic_seed
AZ,2023,white,hisp,45-49,0.00115,synthetic_seed
AZ,2023,white,hisp,50-54,0.0,synthetic_seed
AZ,2023,white,hisp,55-59,0.0,synthetic_seed
AZ,2023,white,hisp,60-64,0.0,synthetic_seed
AZ,2023,white,hisp,65-69,0.0,synthetic_seed
AZ,2023,white,hisp,70-74,0.0,synthetic_seed
AZ,2023,white,hisp,75-79,0.0,synthetic_seed
AZ,2023,white,hisp,80-84,0.0,synthetic_seed
AZ,2023,white,hisp,85+,0.0,synthetic_seed
AZ,2023,black,non-hisp,0-4,0.0,synthetic_seed
AZ,2023,black,non-hisp,5-9,0.0,synthetic_seed
AZ,2023,black,non-hisp,10-14,0.0,synthetic_seed
AZ,2023,black,non-hisp,15-19,0.015,synthetic_seed
AZ,2023,black,non-hisp,20-24,0.065,synthetic_seed
AZ,2023,black,non-hisp,25-29,0.1,synthetic_seed
AZ,2023,black,non-hisp,30-34,0.1,synthetic_seed
AZ,2023,black,non-hisp,35-39,0.05,synthetic_seed
AZ,2023,black,non-hisp,40-44,0.012,synthetic_seed
AZ,2023,black,non-hisp,45-49,0.001,synthetic_seed
AZ,2023,black,non-hisp,50-54,0.0,synthetic_seed
AZ,2023,black,non-hisp,55-59,0.0,synthetic_seed
AZ,2023,black,non-hisp,60-64,0.0,synthetic_seed
AZ,2023,black,non-hisp,65-69,0.0,synthetic_seed
AZ,2023,black,non-hisp,70-74,0.0,synthetic_seed
AZ,2023,black,non-hisp,75-79,0.0,synthetic_seed
AZ,2023,black,non-hisp,80-84,0.0,synthetic_seed
AZ,2023,black,non-hisp,85+,0.0,synthetic_seed
AZ,2023,black,hisp,0-4,0.0,synthetic_seed
AZ,2023,black,hisp,5-9,0.0,synthetic_seed
AZ,2023,black,hisp,10-14,0.0,synthetic_seed
AZ,2023,black,hisp,15-19,0.01725,synthetic_seed
AZ,2023,black,hisp,20-24,0.07475,synthetic_seed
AZ,2023,black,hisp,25-29,0.115,synthetic_seed
AZ,2023,black,hisp,30-34,0.115,synthetic_seed
AZ,2023,black,hisp,35-39,0.0575,synthetic_seed
AZ,2023,black,hisp,40-44,0.0138,synthetic_seed
AZ,2023,black,hisp,45-49,0.00115,synthetic_seed
AZ,2023,black,hisp,50-54,0.0,synthetic_seed
AZ,2023,black,hisp,55-59,0.0,synthetic_seed
AZ,2023,black,hisp,60-64,0.0,synthetic_seed
AZ,2023,black,hisp,65-69,0.0,synthetic_seed
AZ,2023,black,hisp,70-74,0.0,synthetic_seed
AZ,2023,black,hisp,75-79,0.0,synthetic_seed
AZ,2023,black,hisp,80-84,0.0,synthetic_seed
AZ,2023,black,hisp,85+,0.0,synthetic_seed
AZ,2023,asian,non-hisp,0-4,0.0,synthetic_seed
AZ,2023,asian,non-hisp,5-9,0.0,synthetic_seed
AZ,2023,asian,non-hisp,10-14,0.0,synthetic_seed
AZ,2023,asian,non-hisp,15-19,0.015,synthetic_seed
AZ,2023,asian,non-hisp,20-24,0.065,synthetic_seed
AZ,2023,asian,non-hisp,25-29,0.1,synthetic_seed
AZ,2023,asian,non-hisp,30-34,0.1,synthetic_seed
AZ,2023,asian,non-hisp,35-39,0.05,synthetic_seed
AZ,2023,asian,non-hisp,40-44,0.012,synthetic_seed
AZ,2023,asian,non-hisp,45-49,0.001,synthetic_seed
AZ,2023,asian,non-hisp,50-54,0.0,synthetic_seed
AZ,2023,asian,non-hisp,55-59,0.0,synthetic_seed
AZ,2023,asian,non-hisp,60-64,0.0,synthetic_seed
AZ,2023,asian,non-hisp,65-69,0.0,synthetic_seed
AZ,2023,asian,non-hisp,70-74,0.0,synthetic_seed
AZ,2023,asian,non-hisp,75-79,0.0,synthetic_seed
AZ,2023,asian,non-hisp,80-84,0.0,synthetic_seed
AZ,2023,asian,non-hisp,85+,0.0,synthetic_seed
AZ,2023,asian,hisp,0-4,0.0,synthetic_seed
AZ,2023,asian,hisp,5-9,0.0,synthetic_seed
AZ,2023,asian,hisp,10-14,0.0,synthetic_seed
AZ,2023,asian,hisp,15-19,0.01725,synthetic_seed
AZ,2023,asian,hisp,20-24,0.07475,synthetic_seed
AZ,2023,asian,hisp,25-29,0.115,synthetic_seed
AZ,2023,asian,hisp,30-34,0.115,synthetic_seed
AZ,2023,asian,hisp,35-39,0.0575,synthetic_seed
AZ,2023,asian,hisp,40-44,0.0138,synthetic_seed
AZ,2023,asian,hisp,45-49,0.00115,synthetic_seed
AZ,2023,asian,hisp,50-54,0.0,synthetic_seed
AZ,2023,asian,hisp,55-59,0.0,synthetic_seed
AZ,2023,asian,hisp,60-64,0.0,synthetic_seed
AZ,2023,asian,hisp,65-69,0.0,synthetic_seed
AZ,2023,asian,hisp,70-74,0.0,synthetic_seed
AZ,2023,asian,hisp,75-79,0.0,synthetic_seed
AZ,2023,asian,hisp,80-84,0.0,synthetic_seed
AZ,2023,asian,hisp,85+,0.0,synthetic_seed
AZ,2023,other,non-hisp,0-4,0.0,synthetic_seed
AZ,2023,other,non-hisp,5-9,0.0,synthetic_seed
AZ,2023,other,non-hisp,10-14,0.0,synthetic_seed
AZ,2023,other,non-hisp,15-19,0.0162,synthetic_seed
AZ,2023,other,non-hisp,20-24,0.0702,synthetic_seed
AZ,2023,other,non-hisp,25-29,0.108,synthetic_seed
AZ,2023,other,non-hisp,30-34,0.108,synthetic_seed
AZ,2023,other,non-hisp,35-39,0.054,synthetic_seed
AZ,2023,other,non-hisp,40-44,0.01296,synthetic_seed
AZ,2023,other,non-hisp,45-49,0.00108,synthetic_seed
AZ,2023,other,non-hisp,50-54,0.0,synthetic_seed
AZ,2023,other,non-hisp,55-59,0.0,synthetic_seed
AZ,2023,other,non-hisp,60-64,0.0,synthetic_seed
AZ,2023,other,non-hisp,65-69,0.0,synthetic_seed
AZ,2023,other,non-hisp,70-74,0.0,synthetic_seed
AZ,2023,other,non-hisp,75-79,0.0,synthetic_seed
AZ,2023,other,non-hisp,80-84,0.0,synthetic_seed
AZ,2023,other,non-hisp,85+,0.0,synthetic_seed
AZ,2023,other,hisp,0-4,0.0,synthetic_seed
AZ,2023,other,hisp,5-9,0.0,synthetic_seed
AZ,2023,other,hisp,10-14,0.0,synthetic_seed
AZ,2023,other,hisp,15-19,0.01725,synthetic_seed
AZ,2023,other,hisp,20-24,0.07475,synthetic_seed
AZ,2023,other,hisp,25-29,0.115,synthetic_seed
AZ,2023,other,hisp,30-34,0.115,synthetic_seed
AZ,2023,other,hisp,35-39,0.0575,synthetic_seed
AZ,2023,other,hisp,40-44,0.0138,synthetic_seed
AZ,2023,other,hisp,45-49,0.00115,synthetic_seed
AZ,2023,other,hisp,50-54,0.0,synthetic_seed
AZ,2023,other,hisp,55-59,0.0,synthetic_seed
AZ,2023,other,hisp,60-64,0.0,synthetic_seed
AZ,2023,other,hisp,65-69,0.0,synthetic_seed
AZ,2023,other,hisp,70-74,0.0,synthetic_seed
AZ,2023,other,hisp,75-79,0.0,synthetic_seed
AZ,2023,other,hisp,80-84,0.0,synthetic_seed
AZ,2023,other,hisp,85+,0.0,synthetic_seed
AR,2023,white,non-hisp,0-4,0.0,synthetic_seed
AR,2023,white,non-hisp,5-9,0.0,synthetic_seed
AR,2023,white,non-hisp,10-14,0.0,synthetic_seed
AR,2023,white,non-hisp,15-19,0.01575,synthetic_seed
AR,2023,white,non-hisp,20-24,0.06825,synthetic_seed
AR,2023,white,non-hisp,25-29,0.105,synthetic_seed
AR,2023,white,non-hisp,30-34,0.105,synthetic_seed
AR,2023,white,non-hisp,35-39,0.0525,synthetic_seed
AR,2023,white,non-hisp,40-44,0.0126,synthetic_seed
AR,2023,white,non-hisp,45-49,0.00105,synthetic_seed
AR,2023,white,non-hisp,50-54,0.0,synthetic_seed
AR,2023,white,non-hisp,55-59,0.0,synthetic_seed
AR,2023,white,non-hisp,60-64,0.0,synthetic_seed
AR,2023,white,non-hisp,65-69,0.0,synthetic_seed
AR,2023,white,non-hisp,70-74,0.0,synthetic_seed
AR,2023,white,non-hisp,75-79,0.0,synthetic_seed
AR,2023,white,non-hisp,80-84,0.0,synthetic_seed
AR,2023,white,non-hisp,85+,0.0,synthetic_seed
AR,2023,white,hisp,0-4,0.0,synthetic_seed
AR,2023,white,hisp,5-9,0.0,synthetic_seed
AR,2023,white,hisp,10-14,0.0,synthetic_seed
AR,2023,white,hisp,15-19,0.018113,synthetic_seed
AR,2023,white,hisp,20-24,0.078488,synthetic_seed
AR,2023,white,hisp,25-29,0.12075,synthetic_seed
AR,2023,white,hisp,30-34,0.12075,synthetic_seed
AR,2023,white,hisp,35-39,0.060375,synthetic_seed
AR,2023,white,hisp,40-44,0.01449,synthetic_seed
AR,2023,white,hisp,45-49,0.001208,synthetic_seed
AR,2023,white,hisp,50-54,0.0,synthetic_seed
AR,2023,white,hisp,55-59,0.0,synthetic_seed
AR,2023,white,hisp,60-64,0.0,synthetic_seed
AR,2023,white,hisp,65-69,0.0,synthetic_seed
AR,2023,white,hisp,70-74,0.0,synthetic_seed
AR,2023,white,hisp,75-79,0.0,synthetic_seed
AR,2023,white,hisp,80-84,0.0,synthetic_seed
AR,2023,white,hisp,85+,0.0,synthetic_seed
AR,2023,black,non-hisp,0-4,0.0,synthetic_seed
AR,2023,black,non-hisp,5-9,0.0,synthetic_seed
AR,2023,black,non-hisp,10-14,0.0,synthetic_seed
AR,2023,black,non-hisp,15-19,0.01575,synthetic_seed
AR,2023,black,non-hisp,20-24,0.06825,synthetic_seed
AR,2023,black,non-hisp,25-29,0.105,synthetic_seed
AR,2023,black,non-hisp,30-34,0.105,synthetic_seed
AR,2023,black,non-hisp,35-39,0.0525,synthetic_seed
AR,2023,black,non-hisp,40-44,0.0126,synthetic_seed
AR,2023,black,non-hisp,45-49,0.00105,synthetic_seed
AR,2023,black,non-hisp,50-54,0.0,synthetic_seed
AR,2023,black,non-hisp,55-59,0.0,synthetic_seed
AR,2023,black,non-hisp,60-64,0.0,synthetic_seed
AR,2023,black,non-hisp,65-69,0.0,synthetic_seed
AR,2023,black,non-hisp,70-74,0.0,synthetic_seed
AR,2023,black,non-hisp,75-79,0.0,synthetic_seed
AR,2023,black,non-hisp,80-84,0.0,synthetic_seed
AR,2023,black,non-hisp,85+,0.0,synthetic_seed
AR,2023,black,hisp,0-4,0.0,synthetic_seed
AR,2023,black,hisp,5-9,0.0,synthetic_seed
AR,2023,black,hisp,10-14,0.0,synthetic_seed
AR,2023,black,hisp,15-19,0.018113,synthetic_seed
AR,2023,black,hisp,20-24,0.078488,synthetic_seed
AR,2023,black,hisp,25-29,0.12075,synthetic_seed
AR,2023,black,hisp,30-34,0.12075,synthetic_seed
AR,2023,black,hisp,35-39,0.060375,synthetic_seed
AR,2023,black,hisp,40-44,0.01449,synthetic_seed
AR,2023,black,hisp,45-49,0.001208,synthetic_seed
AR,2023,black,hisp,50-54,0.0,synthetic_seed
AR,2023,black,hisp,55-59,0.0,synthetic_seed
AR,2023,black,hisp,60-64,0.0,synthetic_seed
AR,2023,black,hisp,65-69,0.0,synthetic_seed
AR,2023,black,hisp,70-74,0.0,synthetic_seed
AR,2023,black,hisp,75-79,0.0,synthetic_seed
AR,2023,black,hisp,80-84,0.0,synthetic_seed
AR,2023,black,hisp,85+,0.0,synthetic_seed
AR,2023,asian,non-hisp,0-4,0.0,synthetic_seed
AR,2023,asian,non-hisp,5-9,0.0,synthetic_seed
AR,2023,asian,non-hisp,10-14,0.0,synthetic_seed
AR,2023,asian,non-hisp,15-19,0.01575,synthetic_seed
AR,2023,asian,non-hisp,20-24,0.06825,synthetic_seed
AR,2023,asian,non-hisp,25-29,0.105,synthetic_seed
AR,2023,asian,non-hisp,30-34,0.105,synthetic_seed
AR,2023,asian,non-hisp,35-39,0.0525,synthetic_seed
AR,2023,asian,non-hisp,40-44,0.0126,synthetic_seed
AR,2023,asian,non-hisp,45-49,0.00105,synthetic_seed
AR,2023,asian,non-hisp,50-54,0.0,synthetic_seed
AR,2023,asian,non-hisp,55-59,0.0,synthetic_seed
AR,2023,asian,non-hisp,60-64,0.0,synthetic_seed
AR,2023,asian,non-hisp,65-69,0.0,synthetic_seed
AR,2023,asian,non-hisp,70-74,0.0,synthetic_seed
AR,2023,asian,non-hisp,75-79,0.0,synthetic_seed
AR,2023,asian,non-hisp,80-84,0.0,synthetic_seed
AR,2023,asian,non-hisp,85+,0.0,synthetic_seed
AR,2023,asian,hisp,0-4,0.0,synthetic_seed
AR,2023,asian,hisp,5-9,0.0,synthetic_seed
AR,2023,asian,hisp,10-14,0.0,synthetic_seed
AR,2023,asian,hisp,15-19,0.018113,synthetic_seed
AR,2023,asian,hisp,20-24,0.078488,synthetic_seed
AR,2023,asian,hisp,25-29,0.12075,synthetic_seed
AR,2023,asian,hisp,30-34,0.12075,synthetic_seed
AR,2023,asian,hisp,35-39,0.060375,synthetic_seed
AR,2023,asian,hisp,40-44,0.01449,synthetic_seed
AR,2023,asian,hisp,45-49,0.001208,synthetic_seed
AR,2023,asian,hisp,50-54,0.0,synthetic_seed
AR,2023,asian,hisp,55-59,0.0,synthetic_seed
AR,2023,asian,hisp,60-64,0.0,synthetic_seed
AR,2023,asian,hisp,65-69,0.0,synthetic_seed
AR,2023,asian,hisp,70-74,0.0,synthetic_seed
AR,2023,asian,hisp,75-79,0.0,synthetic_seed
AR,2023,asian,hisp,80-84,0.0,synthetic_seed
AR,2023,asian,hisp,85+,0.0,synthetic_seed
AR,2023,other,non-hisp,0-4,0.0,synthetic_seed
AR,2023,other,non-hisp,5-9,0.0,synthetic_seed
AR,2023,other,non-hisp,10-14,0.0,synthetic_seed
AR,2023,other,non-hisp,15-19,0.01701,synthetic_seed
AR,2023,other,non-hisp,20-24,0.07371,synthetic_seed
AR,2023,other,non-hisp,25-29,0.1134,synthetic_seed
AR,2023,other,non-hisp,30-34,0.1134,synthetic_seed
AR,2023,other,non-hisp,35-39,0.0567,synthetic_seed
AR,2023,other,non-hisp,40-44,0.013608,synthetic_seed
AR,2023,other,non-hisp,45-49,0.001134,synthetic_seed
AR,2023,other,non-hisp,50-54,0.0,synthetic_seed
AR,2023,other,non-hisp,55-59,0.0,synthetic_seed
AR,2023,other,non-hisp,60-64,0.0,synthetic_seed
AR,2023,other,non-hisp,65-69,0.0,synthetic_seed
AR,2023,other,non-hisp,70-74,0.0,synthetic_seed
AR,2023,other,non-hisp,75-79,0.0,synthetic_seed
AR,2023,other,non-hisp,80-84,0.0,synthetic_seed
AR,2023,other,non-hisp,85+,0.0,synthetic_seed
AR,2023,other,hisp,0-4,0.0,synthetic_seed
AR,2023,other,hisp,5-9,0.0,synthetic_seed
AR,2023,other,hisp,10-14,0.0,synthetic_seed
AR,2023,other,hisp,15-19,0.018113,synthetic_seed
AR,2023,other,hisp,20-24,0.078488,synthetic_seed
AR,2023,other,hisp,25-29,0.12075,synthetic_seed
AR,2023,other,hisp,30-34,0.12075,synthetic_seed
AR,2023,other,hisp,35-39,0.060375,synthetic_seed
AR,2023,other,hisp,40-44,0.01449,synthetic_seed
AR,2023,other,hisp,45-49,0.001208,synthetic_seed
AR,2023,other,hisp,50-54,0.0,synthetic_seed
AR,2023,other,hisp,55-59,0.0,synthetic_seed
AR,2023,other,hisp,60-64,0.0,synthetic_seed
AR,2023,other,hisp,65-69,0.0,synthetic_seed
AR,2023,other,hisp,70-74,0.0,synthetic_seed
AR,2023,other,hisp,75-79,0.0,synthetic_seed
AR,2023,other,hisp,80-84,0.0,synthetic_seed
AR,2023,other,hisp,85+,0.0,synthetic_seed
CA,2023,white,non-hisp,0-4,0.0,synthetic_seed
CA,2023,white,non-hisp,5-9,0.0,synthetic_seed
CA,2023,white,non-hisp,10-14,0.0,synthetic_seed
CA,2023,white,non-hisp,15-19,0.015,synthetic_seed
CA,2023,white,non-hisp,20-24,0.065,synthetic_seed
CA,2023,white,non-hisp,25-29,0.1,synthetic_seed
CA,2023,white,non-hisp,30-34,0.1,synthetic_seed
CA,2023,white,non-hisp,35-39,0.05,synthetic_seed
CA,2023,white,non-hisp,40-44,0.012,synthetic_seed
CA,2023,white,non-hisp,45-49,0.001,synthetic_seed
CA,2023,white,non-hisp,50-54,0.0,synthetic_seed
CA,2023,white,non-hisp,55-59,0.0,synthetic_seed
CA,2023,white,non-hisp,60-64,0.0,synthetic_seed
CA,2023,white,non-hisp,65-69,0.0,synthetic_seed
CA,2023,white,non-hisp,70-74,0.0,synthetic_seed
CA,2023,white,non-hisp,75-79,0.0,synthetic_seed
CA,2023,white,non-hisp,80-84,0.0,synthetic_seed
CA,2023,white,non-hisp,85+,0.0,synthetic_seed
CA,2023,white,hisp,0-4,0.0,synthetic_seed
CA,2023,white,hisp,5-9,0.0,synthetic_seed
CA,2023,white,hisp,10-14,0.0,synthetic_seed
CA,2023,white,hisp,15-19,0.01725,synthetic_seed
CA,2023,white,hisp,20-24,0.07475,synthetic_seed
CA,2023,white,hisp,25-29,0.115,synthetic_seed
CA,2023,white,hisp,30-34,0.115,synthetic_seed
CA,2023,white,hisp,35-39,0.0575,synthetic_seed
CA,2023,white,hisp,40-44,0.0138,synthetic_seed
CA,2023,white,hisp,45-49,0.00115,synthetic_seed
CA,2023,white,hisp,50-54,0.0,synthetic_seed
CA,2023,white,hisp,55-59,0.0,synthetic_seed
CA,2023,white,hisp,60-64,0.0,synthetic_seed
CA,2023,white,hisp,65-69,0.0,synthetic_seed
CA,2023,white,hisp,70-74,0.0,synthetic_seed
CA,2023,white,hisp,75-79,0.0,synthetic_seed
CA,2023,white,hisp,80-84,0.0,synthetic_seed
CA,2023,white,hisp,85+,0.0,synthetic_seed
CA,2023,black,non-hisp,0-4,0.0,synthetic_seed
CA,2023,black,non-hisp,5-9,0.0,synthetic_seed
CA,2023,black,non-hisp,10-14,0.0,synthetic_seed
CA,2023,black,non-hisp,15-19,0.015,synthetic_seed
CA,2023,black,non-hisp,20-24,0.065,synthetic_seed
CA,2023,black,non-hisp,25-29,0.1,synthetic_seed
CA,2023,black,non-hisp,30-34,0.1,synthetic_seed
CA,2023,black,non-hisp,35-39,0.05,synthetic_seed
CA,2023,black,non-hisp,40-44,0.012,synthetic_seed
CA,2023,black,non-hisp,45-49,0.001,synthetic_seed
CA,2023,black,non-hisp,50-54,0.0,synthetic_seed
CA,2023,black,non-hisp,55-59,0.0,synthetic_seed
CA,2023,black,non-hisp,60-64,0.0,synthetic_seed
CA,2023,black,non-hisp,65-69,0.0,synthetic_seed
CA,2023,black,non-hisp,70-74,0.0,synthetic_seed
CA,2023,black,non-hisp,75-79,0.0,synthetic_seed
CA,2023,black,non-hisp,80-84,0.0,synthetic_seed
CA,2023,black,non-hisp,85+,0.0,synthetic_seed
CA,2023,black,hisp,0-4,0.0,synthetic_seed
CA,2023,black,hisp,5-9,0.0,synthetic_seed
CA,2023,black,hisp,10-14,0.0,synthetic_seed
CA,2023,black,hisp,15-19,0.01725,synthetic_seed
CA,2023,black,hisp,20-24,0.07475,synthetic_seed
CA,2023,black,hisp,25-29,0.115,synthetic_seed
CA,2023,black,hisp,30-34,0.115,synthetic_seed
CA,2023,black,hisp,35-39,0.0575,synthetic_seed
CA,2023,black,hisp,40-44,0.0138,synthetic_seed
CA,2023,black,hisp,45-49,0.00115,synthetic_seed
CA,2023,black,hisp,50-54,0.0,synthetic_seed
CA,2023,black,hisp,55-59,0.0,synthetic_seed
CA,2023,black,hisp,60-64,0.0,synthetic_seed
CA,2023,black,hisp,65-69,0.0,synthetic_seed
CA,2023,black,hisp,70-74,0.0,synthetic_seed
CA,2023,black,hisp,75-79,0.0,synthetic_seed
CA,2023,black,hisp,80-84,0.0,synthetic_seed
CA,2023,black,hisp,85+,0.0,synthetic_seed
CA,2023,asian,non-hisp,0-4,0.0,synthetic_seed
CA,2023,asian,non-hisp,5-9,0.0,synthetic_seed
CA,2023,asian,non-hisp,10-14,0.0,synthetic_seed
CA,2023,asian,non-hisp,15-19,0.015,synthetic_seed
CA,2023,asian,non-hisp,20-24,0.065,synthetic_seed
CA,2023,asian,non-hisp,25-29,0.1,synthetic_seed
CA,2023,asian,non-hisp,30-34,0.1,synthetic_seed
CA,2023,asian,non-hisp,35-39,0.05,synthetic_seed
CA,2023,asian,non-hisp,40-44,0.012,synthetic_seed
CA,2023,asian,non-hisp,45-49,0.001,synthetic_seed
CA,2023,asian,non-hisp,50-54,0.0,synthetic_seed
CA,2023,asian,non-hisp,55-59,0.0,synthetic_seed
CA,2023,asian,non-hisp,60-64,0.0,synthetic_seed
CA,2023,asian,non-hisp,65-69,0.0,synthetic_seed
CA,2023,asian,non-hisp,70-74,0.0,synthetic_seed
CA,2023,asian,non-hisp,75-79,0.0,synthetic_seed
CA,2023,asian,non-hisp,80-84,0.0,synthetic_seed
CA,2023,asian,non-hisp,85+,0.0,synthetic_seed
CA,2023,asian,hisp,0-4,0.0,synthetic_seed
CA,2023,asian,hisp,5-9,0.0,synthetic_seed
CA,2023,asian,hisp,10-14,0.0,synthetic_seed
CA,2023,asian,hisp,15-19,0.01725,synthetic_seed
CA,2023,asian,hisp,20-24,0.07475,synthetic_seed
CA,2023,asian,hisp,25-29,0.115,synthetic_seed
CA,2023,asian,hisp,30-34,0.115,synthetic_seed
CA,2023,asian,hisp,35-39,0.0575,synthetic_seed
CA,2023,asian,hisp,40-44,0.0138,synthetic_seed
CA,2023,asian,hisp,45-49,0.00115,synthetic_seed
CA,2023,asian,hisp,50-54,0.0,synthetic_seed
CA,2023,asian,hisp,55-59,0.0,synthetic_seed
CA,2023,asian,hisp,60-64,0.0,synthetic_seed
CA,2023,asian,hisp,65-69,0.0,synthetic_seed
CA,2023,asian,hisp,70-74,0.0,synthetic_seed
CA,2023,asian,hisp,75-79,0.0,synthetic_seed
CA,2023,asian,hisp,80-84,0.0,synthetic_seed
CA,2023,asian,hisp,85+,0.0,synthetic_seed
CA,2023,other,non-hisp,0-4,0.0,synthetic_seed
CA,2023,other,non-hisp,5-9,0.0,synthetic_seed
CA,2023,other,non-hisp,10-14,0.0,synthetic_seed
CA,2023,other,non-hisp,15-19,0.0162,synthetic_seed
CA,2023,other,non-hisp,20-24,0.0702,synthetic_seed
CA,2023,other,non-hisp,25-29,0.108,synthetic_seed
CA,2023,other,non-hisp,30-34,0.108,synthetic_seed
CA,2023,other,non-hisp,35-39,0.054,synthetic_seed
CA,2023,other,non-hisp,40-44,0.01296,synthetic_seed
CA,2023,other,non-hisp,45-49,0.00108,synthetic_seed
CA,2023,other,non-hisp,50-54,0.0,synthetic_seed
CA,2023,other,non-hisp,55-59,0.0,synthetic_seed
CA,2023,other,non-hisp,60-64,0.0,synthetic_seed
CA,2023,other,non-hisp,65-69,0.0,synthetic_seed
CA,2023,other,non-hisp,70-74,0.0,synthetic_seed
CA,2023,other,non-hisp,75-79,0.0,synthetic_seed
CA,2023,other,non-hisp,80-84,0.0,synthetic_seed
CA,2023,other,non-hisp,85+,0.0,synthetic_seed
CA,2023,other,hisp,0-4,0.0,synthetic_seed
CA,2023,other,hisp,5-9,0.0,synthetic_seed
CA,2023,other,hisp,10-14,0.0,synthetic_seed
CA,2023,other,hisp,15-19,0.01725,synthetic_seed
CA,2023,other,hisp,20-24,0.07475,synthetic_seed
CA,2023,other,hisp,25-29,0.115,synthetic_seed
CA,2023,other,hisp,30-34,0.115,synthetic_seed
CA,2023,other,hisp,35-39,0.0575,synthetic_seed
CA,2023,other,hisp,40-44,0.0138,synthetic_seed
CA,2023,other,hisp,45-49,0.00115,synthetic_seed
CA,2023,other,hisp,50-54,0.0,synthetic_seed
CA,2023,other,hisp,55-59,0.0,synthetic_seed
CA,2023,other,hisp,60-64,0.0,synthetic_seed
CA,2023,other,hisp,65-69,0.0,synthetic_seed
CA,2023,other,hisp,70-74,0.0,synthetic_seed
CA,2023,other,hisp,75-79,0.0,synthetic_seed
CA,2023,other,hisp,80-84,0.0,synthetic_seed
CA,2023,other,hisp,85+,0.0,synthetic_seed
CO,2023,white,non-hisp,0-4,0.0,synthetic_seed
CO,2023,white,non-hisp,5-9,0.0,synthetic_seed
CO,2023,white,non-hisp,10-14,0.0,synthetic_seed
CO,2023,white,non-hisp,15-19,0.015,synthetic_seed
CO,2023,white,non-hisp,20-24,0.065,synthetic_seed
CO,2023,white,non-hisp,25-29,0.1,synthetic_seed
CO,2023,white,non-hisp,30-34,0.1,synthetic_seed
CO,2023,white,non-hisp,35-39,0.05,synthetic_seed
CO,2023,white,non-hisp,40-44,0.012,synthetic_seed
CO,2023,white,non-hisp,45-49,0.001,synthetic_seed
CO,2023,white,non-hisp,50-54,0.0,synthetic_seed
CO,2023,white,non-hisp,55-59,0.0,synthetic_seed
CO,2023,white,non-hisp,60-64,0.0,synthetic_seed
CO,2023,white,non-hisp,65-69,0.0,synthetic_seed
CO,2023,white,non-hisp,70-74,0.0,synthetic_seed
CO,2023,white,non-hisp,75-79,0.0,synthetic_seed
CO,2023,white,non-hisp,80-84,0.0,synthetic_seed
CO,2023,white,non-hisp,85+,0.0,synthetic_seed
CO,2023,white,hisp,0-4,0.0,synthetic_seed
CO,2023,white,hisp,5-9,0.0,synthetic_seed
CO,2023,white,hisp,10-14,0.0,synthetic_seed
CO,2023,white,hisp,15-19,0.01725,synthetic_seed
CO,2023,white,hisp,20-24,0.07475,synthetic_seed
CO,2023,white,hisp,25-29,0.115,synthetic_seed
CO,2023,white,hisp,30-34,0.115,synthetic_seed
CO,2023,white,hisp,35-39,0.0575,synthetic_seed
CO,2023,white,hisp,40-44,0.0138,synthetic_seed
CO,2023,white,hisp,45-49,0.00115,synthetic_seed
CO,2023,white,hisp,50-54,0.0,synthetic_seed
CO,2023,white,hisp,55-59,0.0,synthetic_seed
CO,2023,white,hisp,60-64,0.0,synthetic_seed
CO,2023,white,hisp,65-69,0.0,synthetic_seed
CO,2023,white,hisp,70-74,0.0,synthetic_seed
CO,2023,white,hisp,75-79,0.0,synthetic_seed
CO,2023,white,hisp,80-84,0.0,synthetic_seed
CO,2023,white,hisp,85+,0.0,synthetic_seed
CO,2023,black,non-hisp,0-4,0.0,synthetic_seed
CO,2023,black,non-hisp,5-9,0.0,synthetic_seed
CO,2023,black,non-hisp,10-14,0.0,synthetic_seed
CO,2023,black,non-hisp,15-19,0.015,synthetic_seed
CO,2023,black,non-hisp,20-24,0.065,synthetic_seed
CO,2023,black,non-hisp,25-29,0.1,synthetic_seed
CO,2023,black,non-hisp,30-34,0.1,synthetic_seed
CO,2023,black,non-hisp,35-39,0.05,synthetic_seed
CO,2023,black,non-hisp,40-44,0.012,synthetic_seed
CO,2023,black,non-hisp,45-49,0.001,synthetic_seed
CO,2023,black,non-hisp,50-54,0.0,synthetic_seed
CO,2023,black,non-hisp,55-59,0.0,synthetic_seed
CO,2023,black,non-hisp,60-64,0.0,synthetic_seed
CO,2023,black,non-hisp,65-69,0.0,synthetic_seed
CO,2023,black,non-hisp,70-74,0.0,synthetic_seed
CO,2023,black,non-hisp,75-79,0.0,synthetic_seed
CO,2023,black,non-hisp,80-84,0.0,synthetic_seed
CO,2023,black,non-hisp,85+,0.0,synthetic_seed
CO,2023,black,hisp,0-4,0.0,synthetic_seed
CO,2023,black,hisp,5-9,0.0,synthetic_seed
CO,2023,black,hisp,10-14,0.0,synthetic_seed
CO,2023,black,hisp,15-19,0.01725,synthetic_seed
CO,2023,black,hisp,20-24,0.07475,synthetic_seed
CO,2023,black,hisp,25-29,0.115,synthetic_seed
CO,2023,black,hisp,30-34,0.115,synthetic_seed
CO,2023,black,hisp,35-39,0.0575,synthetic_seed
CO,2023,black,hisp,40-44,0.0138,synthetic_seed
CO,2023,black,hisp,45-49,0.00115,synthetic_seed
CO,2023,black,hisp,50-54,0.0,synthetic_seed
CO,2023,black,hisp,55-59,0.0,synthetic_seed
CO,2023,black,hisp,60-64,0.0,synthetic_seed
CO,2023,black,hisp,65-69,0.0,synthetic_seed
CO,2023,black,hisp,70-74,0.0,synthetic_seed
CO,2023,black,hisp,75-79,0.0,synthetic_seed
CO,2023,black,hisp,80-84,0.0,synthetic_seed
CO,2023,black,hisp,85+,0.0,synthetic_seed
CO,2023,asian,non-hisp,0-4,0.0,synthetic_seed
CO,2023,asian,non-hisp,5-9,0.0,synthetic_seed
CO,2023,asian,non-hisp,10-14,0.0,synthetic_seed
CO,2023,asian,non-hisp,15-19,0.015,synthetic_seed
CO,2023,asian,non-hisp,20-24,0.065,synthetic_seed
CO,2023,asian,non-hisp,25-29,0.1,synthetic_seed
CO,2023,asian,non-hisp,30-34,0.1,synthetic_seed
CO,2023,asian,non-hisp,35-39,0.05,synthetic_seed
CO,2023,asian,non-hisp,40-44,0.012,synthetic_seed
CO,2023,asian,non-hisp,45-49,0.001,synthetic_seed
CO,2023,asian,non-hisp,50-54,0.0,synthetic_seed
CO,2023,asian,non-hisp,55-59,0.0,synthetic_seed
CO,2023,asian,non-hisp,60-64,0.0,synthetic_seed
CO,2023,asian,non-hisp,65-69,0.0,synthetic_seed
CO,2023,asian,non-hisp,70-74,0.0,synthetic_seed
CO,2023,asian,non-hisp,75-79,0.0,synthetic_seed
CO,2023,asian,non-hisp,80-84,0.0,synthetic_seed
CO,2023,asian,non-hisp,85+,0.0,synthetic_seed
CO,2023,asian,hisp,0-4,0.0,synthetic_seed
CO,2023,asian,hisp,5-9,0.0,synthetic_seed
CO,2023,asian,hisp,10-14,0.0,synthetic_seed
CO,2023,asian,hisp,15-19,0.01725,synthetic_seed
CO,2023,asian,hisp,20-24,0.07475,synthetic_seed
CO,2023,asian,hisp,25-29,0.115,synthetic_seed
CO,2023,asian,hisp,30-34,0.115,synthetic_seed
CO,2023,asian,hisp,35-39,0.0575,synthetic_seed
CO,2023,asian,hisp,40-44,0.0138,synthetic_seed
CO,2023,asian,hisp,45-49,0.00115,synthetic_seed
CO,2023,asian,hisp,50-54,0.0,synthetic_seed
CO,2023,asian,hisp,55-59,0.0,synthetic_seed
CO,2023,asian,hisp,60-64,0.0,synthetic_seed
CO,2023,asian,hisp,65-69,0.0,synthetic_seed
CO,2023,asian,hisp,70-74,0.0,synthetic_seed
CO,2023,asian,hisp,75-79,0.0,synthetic_seed
CO,2023,asian,hisp,80-84,0.0,synthetic_seed
CO,2023,asian,hisp,85+,0.0,synthetic_seed
CO,2023,other,non-hisp,0-4,0.0,synthetic_seed
CO,2023,other,non-hisp,5-9,0.0,synthetic_seed
CO,2023,other,non-hisp,10-14,0.0,synthetic_seed
CO,2023,other,non-hisp,15-19,0.0162,synthetic_seed
CO,2023,other,non-hisp,20-24,0.0702,synthetic_seed
CO,2023,other,non-hisp,25-29,0.108,synthetic_seed
CO,2023,other,non-hisp,30-34,0.108,synthetic_seed
CO,2023,other,non-hisp,35-39,0.054,synthetic_seed
CO,2023,other,non-hisp,40-44,0.01296,synthetic_seed
CO,2023,other,non-hisp,45-49,0.00108,synthetic_seed
CO,2023,other,non-hisp,50-54,0.0,synthetic_seed
CO,2023,other,non-hisp,55-59,0.0,synthetic_seed
CO,2023,other,non-hisp,60-64,0.0,synthetic_seed
CO,2023,other,non-hisp,65-69,0.0,synthetic_seed
CO,2023,other,non-hisp,70-74,0.0,synthetic_seed
CO,2023,other,non-hisp,75-79,0.0,synthetic_seed
CO,2023,other,non-hisp,80-84,0.0,synthetic_seed
CO,2023,other,non-hisp,85+,0.0,synthetic_seed
CO,2023,other,hisp,0-4,0.0,synthetic_seed
CO,2023,other,hisp,5-9,0.0,synthetic_seed
CO,2023,other,hisp,10-14,0.0,synthetic_seed
CO,2023,other,hisp,15-19,0.01725,synthetic_seed
CO,2023,other,hisp,20-24,0.07475,synthetic_seed
CO,2023,other,hisp,25-29,0.115,synthetic_seed
CO,2023,other,hisp,30-34,0.115,synthetic_seed
CO,2023,other,hisp,35-39,0.0575,synthetic_seed
CO,2023,other,hisp,40-44,0.0138,synthetic_seed
CO,2023,other,hisp,45-49,0.00115,synthetic_seed
CO,2023,other,hisp,50-54,0.0,synthetic_seed
CO,2023,other,hisp,55-59,0.0,synthetic_seed
CO,2023,other,hisp,60-64,0.0,synthetic_seed
CO,2023,other,hisp,65-69,0.0,synthetic_seed
CO,2023,other,hisp,70-74,0.0,synthetic_seed
CO,2023,other,hisp,75-79,0.0,synthetic_seed
CO,2023,other,hisp,80-84,0.0,synthetic_seed
CO,2023,other,hisp,85+,0.0,synthetic_seed
CT,2023,white,non-hisp,0-4,0.0,synthetic_seed
CT,2023,white,non-hisp,5-9,0.0,synthetic_seed
CT,2023,white,non-hisp,10-14,0.0,synthetic_seed
CT,2023,white,non-hisp,15-19,0.0138,synthetic_seed
CT,2023,white,non-hisp,20-24,0.0598,synthetic_seed
CT,2023,white,non-hisp,25-29,0.092,synthetic_seed
CT,2023,white,non-hisp,30-34,0.092,synthetic_seed
CT,2023,white,non-hisp,35-39,0.046,synthetic_seed
CT,2023,white,non-hisp,40-44,0.01104,synthetic_seed
CT,2023,white,non-hisp,45-49,0.00092,synthetic_seed
CT,2023,white,non-hisp,50-54,0.0,synthetic_seed
CT,2023,white,non-hisp,55-59,0.0,synthetic_seed
CT,2023,white,non-hisp,60-64,0.0,synthetic_seed
CT,2023,white,non-hisp,65-69,0.0,synthetic_seed
CT,2023,white,non-hisp,70-74,0.0,synthetic_seed
CT,2023,white,non-hisp,75-79,0.0,synthetic_seed
CT,2023,white,non-hisp,80-84,0.0,synthetic_seed
CT,2023,white,non-hisp,85+,0.0,synthetic_seed
CT,2023,white,hisp,0-4,0.0,synthetic_seed
CT,2023,white,hisp,5-9,0.0,synthetic_seed
CT,2023,white,hisp,10-14,0.0,synthetic_seed
CT,2023,white,hisp,15-19,0.01587,synthetic_seed
CT,2023,white,hisp,20-24,0.06877,synthetic_seed
CT,2023,white,hisp,25-29,0.1058,synthetic_seed
CT,2023,white,hisp,30-34,0.1058,synthetic_seed
CT,2023,white,hisp,35-39,0.0529,synthetic_seed
CT,2023,white,hisp,40-44,0.012696,synthetic_seed
CT,2023,white,hisp,45-49,0.001058,synthetic_seed
CT,2023,white,hisp,50-54,0.0,synthetic_seed
CT,2023,white,hisp,55-59,0.0,synthetic_seed
CT,2023,white,hisp,60-64,0.0,synthetic_seed
CT,2023,white,hisp,65-69,0.0,synthetic_seed
CT,2023,white,hisp,70-74,0.0,synthetic_seed
CT,2023,white,hisp,75-79,0.0,synthetic_seed
CT,2023,white,hisp,80-84,0.0,synthetic_seed
CT,2023,white,hisp,85+,0.0,synthetic_seed
CT,2023,black,non-hisp,0-4,0.0,synthetic_seed
CT,2023,black,non-hisp,5-9,0.0,synthetic_seed
CT,2023,black,non-hisp,10-14,0.0,synthetic_seed
CT,2023,black,non-hisp,15-19,0.0138,synthetic_seed
CT,2023,black,non-hisp,20-24,0.0598,synthetic_seed
CT,2023,black,non-hisp,25-29,0.092,synthetic_seed
CT,2023,black,non-hisp,30-34,0.092,synthetic_seed
CT,2023,black,non-hisp,35-39,0.046,synthetic_seed
CT,2023,black,non-hisp,40-44,0.01104,synthetic_seed
CT,2023,black,non-hisp,45-49,0.00092,synthetic_seed
CT,2023,black,non-hisp,50-54,0.0,synthetic_seed
CT,2023,black,non-hisp,55-59,0.0,synthetic_seed
CT,2023,black,non-hisp,60-64,0.0,synthetic_seed
CT,2023,black,non-hisp,65-69,0.0,synthetic_seed
CT,2023,black,non-hisp,70-74,0.0,synthetic_seed
CT,2023,black,non-hisp,75-79,0.0,synthetic_seed
CT,2023,black,non-hisp,80-84,0.0,synthetic_seed
CT,2023,black,non-hisp,85+,0.0,synthetic_seed
CT,2023,black,hisp,0-4,0.0,synthetic_seed
CT,2023,black,hisp,5-9,0.0,synthetic_seed
CT,2023,black,hisp,10-14,0.0,synthetic_seed
CT,2023,black,hisp,15-19,0.01587,synthetic_seed
CT,2023,black,hisp,20-24,0.06877,synthetic_seed
CT,2023,black,hisp,25-29,0.1058,synthetic_seed
CT,2023,black,hisp,30-34,0.1058,synthetic_seed
CT,2023,black,hisp,35-39,0.0529,synthetic_seed
CT,2023,black,hisp,40-44,0.012696,synthetic_seed
CT,2023,black,hisp,45-49,0.001058,synthetic_seed
CT,2023,black,hisp,50-54,0.0,synthetic_seed
CT,2023,black,hisp,55-59,0.0,synthetic_seed
CT,2023,black,hisp,60-64,0.0,synthetic_seed
CT,2023,black,hisp,65-69,0.0,synthetic_seed
CT,2023,black,hisp,70-74,0.0,synthetic_seed
CT,2023,black,hisp,75-79,0.0,synthetic_seed
CT,2023,black,hisp,80-84,0.0,synthetic_seed
CT,2023,black,hisp,85+,0.0,synthetic_seed
CT,2023,asian,non-hisp,0-4,0.0,synthetic_seed
CT,2023,asian,non-hisp,5-9,0.0,synthetic_seed
CT,2023,asian,non-hisp,10-14,0.0,synthetic_seed
CT,2023,asian,non-hisp,15-19,0.0138,synthetic_seed
CT,2023,asian,non-hisp,20-24,0.0598,synthetic_seed
CT,2023,asian,non-hisp,25-29,0.092,synthetic_seed
CT,2023,asian,non-hisp,30-34,0.092,synthetic_seed
CT,2023,asian,non-hisp,35-39,0.046,synthetic_seed
CT,2023,asian,non-hisp,40-44,0.01104,synthetic_seed
CT,2023,asian,non-hisp,45-49,0.00092,synthetic_seed
CT,2023,asian,non-hisp,50-54,0.0,synthetic_seed
CT,2023,asian,non-hisp,55-59,0.0,synthetic_seed
CT,2023,asian,non-hisp,60-64,0.0,synthetic_seed
CT,2023,asian,non-hisp,65-69,0.0,synthetic_seed
CT,2023,asian,non-hisp,70-74,0.0,synthetic_seed
CT,2023,asian,non-hisp,75-79,0.0,synthetic_seed
CT,2023,asian,non-hisp,80-84,0.0,synthetic_seed
CT,2023,asian,non-hisp,85+,0.0,synthetic_seed
CT,2023,asian,hisp,0-4,0.0,synthetic_seed
CT,2023,asian,hisp,5-9,0.0,synthetic_seed
CT,2023,asian,hisp,10-14,0.0,synthetic_seed
CT,2023,asian,hisp,15-19,0.01587,synthetic_seed
CT,2023,asian,hisp,20-24,0.06877,synthetic_seed
CT,2023,asian,hisp,25-29,0.1058,synthetic_seed
CT,2023,asian,hisp,30-34,0.1058,synthetic_seed
CT,2023,asian,hisp,35-39,0.0529,synthetic_seed
CT,2023,asian,hisp,40-44,0.012696,synthetic_seed
CT,2023,asian,hisp,45-49,0.001058,synthetic_seed
CT,2023,asian,hisp,50-54,0.0,synthetic_seed
CT,2023,asian,hisp,55-59,0.0,synthetic_seed
CT,2023,asian,hisp,60-64,0.0,synthetic_seed
CT,2023,asian,hisp,65-69,0.0,synthetic_seed
CT,2023,asian,hisp,70-74,0.0,synthetic_seed
CT,2023,asian,hisp,75-79,0.0,synthetic_seed
CT,2023,asian,hisp,80-84,0.0,synthetic_seed
CT,2023,asian,hisp,85+,0.0,synthetic_seed
CT,2023,other,non-hisp,0-4,0.0,synthetic_seed
CT,2023,other,non-hisp,5-9,0.0,synthetic_seed
CT,2023,other,non-hisp,10-14,0.0,synthetic_seed
CT,2023,other,non-hisp,15-19,0.014904,synthetic_seed
CT,2023,other,non-hisp,20-24,0.064584,synthetic_seed
CT,2023,other,non-hisp,25-29,0.09936,synthetic_seed
CT,2023,other,non-hisp,30-34,0.09936,synthetic_seed
CT,2023,other,non-hisp,35-39,0.04968,synthetic_seed
CT,2023,other,non-hisp,40-44,0.011923,synthetic_seed
CT,2023,other,non-hisp,45-49,0.000994,synthetic_seed
CT,2023,other,non-hisp,50-54,0.0,synthetic_seed
CT,2023,other,non-hisp,55-59,0.0,synthetic_seed
CT,2023,other,non-hisp,60-64,0.0,synthetic_seed
CT,2023,other,non-hisp,65-69,0.0,synthetic_seed
CT,2023,other,non-hisp,70-74,0.0,synthetic_seed
CT,2023,other,non-hisp,75-79,0.0,synthetic_seed
CT,2023,other,non-hisp,80-84,0.0,synthetic_seed
CT,2023,other,non-hisp,85+,0.0,synthetic_seed
CT,2023,other,hisp,0-4,0.0,synthetic_seed
CT,2023,other,hisp,5-9,0.0,synthetic_seed
CT,2023,other,hisp,10-14,0.0,synthetic_seed
CT,2023,other,hisp,15-19,0.01587,synthetic_seed
CT,2023,other,hisp,20-24,0.06877,synthetic_seed
CT,2023,other,hisp,25-29,0.1058,synthetic_seed
CT,2023,other,hisp,30-34,0.1058,synthetic_seed
CT,2023,other,hisp,35-39,0.0529,synthetic_seed
CT,2023,other,hisp,40-44,0.012696,synthetic_seed
CT,2023,other,hisp,45-49,0.001058,synthetic_seed
CT,2023,other,hisp,50-54,0.0,synthetic_seed
CT,2023,other,hisp,55-59,0.0,synthetic_seed
CT,2023,other,hisp,60-64,0.0,synthetic_seed
CT,2023,other,hisp,65-69,0.0,synthetic_seed
CT,2023,other,hisp,70-74,0.0,synthetic_seed
CT,2023,other,hisp,75-79,0.0,synthetic_seed
CT,2023,other,hisp,80-84,0.0,synthetic_seed
CT,2023,other,hisp,85+,0.0,synthetic_seed
DE,2023,white,non-hisp,0-4,0.0,synthetic_seed
DE,2023,white,non-hisp,5-9,0.0,synthetic_seed
DE,2023,white,non-hisp,10-14,0.0,synthetic_seed
DE,2023,white,non-hisp,15-19,0.01575,synthetic_seed
DE,2023,white,non-hisp,20-24,0.06825,synthetic_seed
DE,2023,white,non-hisp,25-29,0.105,synthetic_seed
DE,2023,white,non-hisp,30-34,0.105,synthetic_seed
DE,2023,white,non-hisp,35-39,0.0525,synthetic_seed
DE,2023,white,non-hisp,40-44,0.0126,synthetic_seed
DE,2023,white,non-hisp,45-49,0.00105,synthetic_seed
DE,2023,white,non-hisp,50-54,0.0,synthetic_seed
DE,2023,white,non-hisp,55-59,0.0,synthetic_seed
DE,2023,white,non-hisp,60-64,0.0,synthetic_seed
DE,2023,white,non-hisp,65-69,0.0,synthetic_seed
DE,2023,white,non-hisp,70-74,0.0,synthetic_seed
DE,2023,white,non-hisp,75-79,0.0,synthetic_seed
DE,2023,white,non-hisp,80-84,0.0,synthetic_seed
DE,2023,white,non-hisp,85+,0.0,synthetic_seed
DE,2023,white,hisp,0-4,0.0,synthetic_seed
DE,2023,white,hisp,5-9,0.0,synthetic_seed
DE,2023,white,hisp,10-14,0.0,synthetic_seed
DE,2023,white,hisp,15-19,0.018113,synthetic_seed
DE,2023,white,hisp,20-24,0.078488,synthetic_seed
DE,2023,white,hisp,25-29,0.12075,synthetic_seed
DE,2023,white,hisp,30-34,0.12075,synthetic_seed
DE,2023,white,hisp,35-39,0.060375,synthetic_seed
DE,2023,white,hisp,40-44,0.01449,synthetic_seed
DE,2023,white,hisp,45-49,0.001208,synthetic_seed
DE,2023,white,hisp,50-54,0.0,synthetic_seed
DE,2023,white,hisp,55-59,0.0,synthetic_seed
DE,2023,white,hisp,60-64,0.0,synthetic_seed
DE,2023,white,hisp,65-69,0.0,synthetic_seed
DE,2023,white,hisp,70-74,0.0,synthetic_seed
DE,2023,white,hisp,75-79,0.0,synthetic_seed
DE,2023,white,hisp,80-84,0.0,synthetic_seed
DE,2023,white,hisp,85+,0.0,synthetic_seed
DE,2023,black,non-hisp,0-4,0.0,synthetic_seed
DE,2023,black,non-hisp,5-9,0.0,synthetic_seed
DE,2023,black,non-hisp,10-14,0.0,synthetic_seed
DE,2023,black,non-hisp,15-19,0.01575,synthetic_seed
DE,2023,black,non-hisp,20-24,0.06825,synthetic_seed
DE,2023,black,non-hisp,25-29,0.105,synthetic_seed
DE,2023,black,non-hisp,30-34,0.105,synthetic_seed
DE,2023,black,non-hisp,35-39,0.0525,synthetic_seed
DE,2023,black,non-hisp,40-44,0.0126,synthetic_seed
DE,2023,black,non-hisp,45-49,0.00105,synthetic_seed
DE,2023,black,non-hisp,50-54,0.0,synthetic_seed
DE,2023,black,non-hisp,55-59,0.0,synthetic_seed
DE,2023,black,non-hisp,60-64,0.0,synthetic_seed
DE,2023,black,non-hisp,65-69,0.0,synthetic_seed
DE,2023,black,non-hisp,70-74,0.0,synthetic_seed
DE,2023,black,non-hisp,75-79,0.0,synthetic_seed
DE,2023,black,non-hisp,80-84,0.0,synthetic_seed
DE,2023,black,non-hisp,85+,0.0,synthetic_seed
DE,2023,black,hisp,0-4,0.0,synthetic_seed
DE,2023,black,hisp,5-9,0.0,synthetic_seed
DE,2023,black,hisp,10-14,0.0,synthetic_seed
DE,2023,black,hisp,15-19,0.018113,synthetic_seed
DE,2023,black,hisp,20-24,0.078488,synthetic_seed
DE,2023,black,hisp,25-29,0.12075,synthetic_seed
DE,2023,black,hisp,30-34,0.12075,synthetic_seed
DE,2023,black,hisp,35-39,0.060375,synthetic_seed
DE,2023,black,hisp,40-44,0.01449,synthetic_seed
DE,2023,black,hisp,45-49,0.001208,synthetic_seed
DE,2023,black,hisp,50-54,0.0,synthetic_seed
DE,2023,black,hisp,55-59,0.0,synthetic_seed
DE,2023,black,hisp,60-64,0.0,synthetic_seed
DE,2023,black,hisp,65-69,0.0,synthetic_seed
DE,2023,black,hisp,70-74,0.0,synthetic_seed
DE,2023,black,hisp,75-79,0.0,synthetic_seed
DE,2023,black,hisp,80-84,0.0,synthetic_seed
DE,2023,black,hisp,85+,0.0,synthetic_seed
DE,2023,asian,non-hisp,0-4,0.0,synthetic_seed
DE,2023,asian,non-hisp,5-9,0.0,synthetic_seed
DE,2023,asian,non-hisp,10-14,0.0,synthetic_seed
DE,2023,asian,non-hisp,15-19,0.01575,synthetic_seed
DE,2023,asian,non-hisp,20-24,0.06825,synthetic_seed
DE,2023,asian,non-hisp,25-29,0.105,synthetic_seed
DE,2023,asian,non-hisp,30-34,0.105,synthetic_seed
DE,2023,asian,non-hisp,35-39,0.0525,synthetic_seed
DE,2023,asian,non-hisp,40-44,0.0126,synthetic_seed
DE,2023,asian,non-hisp,45-49,0.00105,synthetic_seed
DE,2023,asian,non-hisp,50-54,0.0,synthetic_seed
DE,2023,asian,non-hisp,55-59,0.0,synthetic_seed
DE,2023,asian,non-hisp,60-64,0.0,synthetic_seed
DE,2023,asian,non-hisp,65-69,0.0,synthetic_seed
DE,2023,asian,non-hisp,70-74,0.0,synthetic_seed
DE,2023,asian,non-hisp,75-79,0.0,synthetic_seed
DE,2023,asian,non-hisp,80-84,0.0,synthetic_seed
DE,2023,asian,non-hisp,85+,0.0,synthetic_seed
DE,2023,asian,hisp,0-4,0.0,synthetic_seed
DE,2023,asian,hisp,5-9,0.0,synthetic_seed
DE,2023,asian,hisp,10-14,0.0,synthetic_seed
DE,2023,asian,hisp,15-19,0.018113,synthetic_seed
DE,2023,asian,hisp,20-24,0.078488,synthetic_seed
DE,2023,asian,hisp,25-29,0.12075,synthetic_seed
DE,2023,asian,hisp,30-34,0.12075,synthetic_seed
DE,2023,asian,hisp,35-39,0.060375,synthetic_seed
DE,2023,asian,hisp,40-44,0.01449,synthetic_seed
DE,2023,asian,hisp,45-49,0.001208,synthetic_seed
DE,2023,asian,hisp,50-54,0.0,synthetic_seed
DE,2023,asian,hisp,55-59,0.0,synthetic_seed
DE,2023,asian,hisp,60-64,0.0,synthetic_seed
DE,2023,asian,hisp,65-69,0.0,synthetic_seed
DE,2023,asian,hisp,70-74,0.0,synthetic_seed
DE,2023,asian,hisp,75-79,0.0,synthetic_seed
DE,2023,asian,hisp,80-84,0.0,synthetic_seed
DE,2023,asian,hisp,85+,0.0,synthetic_seed
DE,2023,other,non-hisp,0-4,0.0,synthetic_seed
DE,2023,other,non-hisp,5-9,0.0,synthetic_seed
DE,2023,other,non-hisp,10-14,0.0,synthetic_seed
DE,2023,other,non-hisp,15-19,0.01701,synthetic_seed
DE,2023,other,non-hisp,20-24,0.07371,synthetic_seed
DE,2023,other,non-hisp,25-29,0.1134,synthetic_seed
DE,2023,other,non-hisp,30-34,0.1134,synthetic_seed
DE,2023,other,non-hisp,35-39,0.0567,synthetic_seed
DE,2023,other,non-hisp,40-44,0.013608,synthetic_seed
DE,2023,other,non-hisp,45-49,0.001134,synthetic_seed
DE,2023,other,non-hisp,50-54,0.0,synthetic_seed
DE,2023,other,non-hisp,55-59,0.0,synthetic_seed
DE,2023,other,non-hisp,60-64,0.0,synthetic_seed
DE,2023,other,non-hisp,65-69,0.0,synthetic_seed
DE,2023,other,non-hisp,70-74,0.0,synthetic_seed
DE,2023,other,non-hisp,75-79,0.0,synthetic_seed
DE,2023,other,non-hisp,80-84,0.0,synthetic_seed
DE,2023,other,non-hisp,85+,0.0,synthetic_seed
DE,2023,other,hisp,0-4,0.0,synthetic_seed
DE,2023,other,hisp,5-9,0.0,synthetic_seed
DE,2023,other,hisp,10-14,0.0,synthetic_seed
DE,2023,other,hisp,15-19,0.018113,synthetic_seed
DE,2023,other,hisp,20-24,0.078488,synthetic_seed
DE,2023,other,hisp,25-29,0.12075,synthetic_seed
DE,2023,other,hisp,30-34,0.12075,synthetic_seed
DE,2023,other,hisp,35-39,0.060375,synthetic_seed
DE,2023,other,hisp,40-44,0.01449,synthetic_seed
DE,2023,other,hisp,45-49,0.001208,synthetic_seed
DE,2023,other,hisp,50-54,0.0,synthetic_seed
DE,2023,other,hisp,55-59,0.0,synthetic_seed
DE,2023,other,hisp,60-64,0.0,synthetic_seed
DE,2023,other,hisp,65-69,0.0,synthetic_seed
DE,2023,other,hisp,70-74,0.0,synthetic_seed
DE,2023,other,hisp,75-79,0.0,synthetic_seed
DE,2023,other,hisp,80-84,0.0,synthetic_seed
DE,2023,other,hisp,85+,0.0,synthetic_seed
DC,2023,white,non-hisp,0-4,0.0,synthetic_seed
DC,2023,white,non-hisp,5-9,0.0,synthetic_seed
DC,2023,white,non-hisp,10-14,0.0,synthetic_seed
DC,2023,white,non-hisp,15-19,0.01575,synthetic_seed
DC,2023,white,non-hisp,20-24,0.06825,synthetic_seed
DC,2023,white,non-hisp,25-29,0.105,synthetic_seed
DC,2023,white,non-hisp,30-34,0.105,synthetic_seed
DC,2023,white,non-hisp,35-39,0.0525,synthetic_seed
DC,2023,white,non-hisp,40-44,0.0126,synthetic_seed
DC,2023,white,non-hisp,45-49,0.00105,synthetic_seed
DC,2023,white,non-hisp,50-54,0.0,synthetic_seed
DC,2023,white,non-hisp,55-59,0.0,synthetic_seed
DC,2023,white,non-hisp,60-64,0.0,synthetic_seed
DC,2023,white,non-hisp,65-69,0.0,synthetic_seed
DC,2023,white,non-hisp,70-74,0.0,synthetic_seed
DC,2023,white,non-hisp,75-79,0.0,synthetic_seed
DC,2023,white,non-hisp,80-84,0.0,synthetic_seed
DC,2023,white,non-hisp,85+,0.0,synthetic_seed
DC,2023,white,hisp,0-4,0.0,synthetic_seed
DC,2023,white,hisp,5-9,0.0,synthetic_seed
DC,2023,white,hisp,10-14,0.0,synthetic_seed
DC,2023,white,hisp,15-19,0.018113,synthetic_seed
DC,2023,white,hisp,20-24,0.078488,synthetic_seed
DC,2023,white,hisp,25-29,0.12075,synthetic_seed
DC,2023,white,hisp,30-34,0.12075,synthetic_seed
DC,2023,white,hisp,35-39,0.060375,synthetic_seed
DC,2023,white,hisp,40-44,0.01449,synthetic_seed
DC,2023,white,hisp,45-49,0.001208,synthetic_seed
DC,2023,white,hisp,50-54,0.0,synthetic_seed
DC,2023,white,hisp,55-59,0.0,synthetic_seed
DC,2023,white,hisp,60-64,0.0,synthetic_seed
DC,2023,white,hisp,65-69,0.0,synthetic_seed
DC,2023,white,hisp,70-74,0.0,synthetic_seed
DC,2023,white,hisp,75-79,0.0,synthetic_seed
DC,2023,white,hisp,80-84,0.0,synthetic_seed
DC,2023,white,hisp,85+,0.0,synthetic_seed
DC,2023,black,non-hisp,0-4,0.0,synthetic_seed
DC,2023,black,non-hisp,5-9,0.0,synthetic_seed
DC,2023,black,non-hisp,10-14,0.0,synthetic_seed
DC,2023,black,non-hisp,15-19,0.01575,synthetic_seed
DC,2023,black,non-hisp,20-24,0.06825,synthetic_seed
DC,2023,black,non-hisp,25-29,0.105,synthetic_seed
DC,2023,black,non-hisp,30-34,0.105,synthetic_seed
DC,2023,black,non-hisp,35-39,0.0525,synthetic_seed
DC,2023,black,non-hisp,40-44,0.0126,synthetic_seed
DC,2023,black,non-hisp,45-49,0.00105,synthetic_seed
DC,2023,black,non-hisp,50-54,0.0,synthetic_seed
DC,2023,black,non-hisp,55-59,0.0,synthetic_seed
DC,2023,black,non-hisp,60-64,0.0,synthetic_seed
DC,2023,black,non-hisp,65-69,0.0,synthetic_seed
DC,2023,black,non-hisp,70-74,0.0,synthetic_seed
DC,2023,black,non-hisp,75-79,0.0,synthetic_seed
DC,2023,black,non-hisp,80-84,0.0,synthetic_seed
DC,2023,black,non-hisp,85+,0.0,synthetic_seed
DC,2023,black,hisp,0-4,0.0,synthetic_seed
DC,2023,black,hisp,5-9,0.0,synthetic_seed
DC,2023,black,hisp,10-14,0.0,synthetic_seed
DC,2023,black,hisp,15-19,0.018113,synthetic_seed
DC,2023,black,hisp,20-24,0.078488,synthetic_seed
DC,2023,black,hisp,25-29,0.12075,synthetic_seed
DC,2023,black,hisp,30-34,0.12075,synthetic_seed
DC,2023,black,hisp,35-39,0.060375,synthetic_seed
DC,2023,black,hisp,40-44,0.01449,synthetic_seed
DC,2023,black,hisp,45-49,0.001208,synthetic_seed
DC,2023,black,hisp,50-54,0.0,synthetic_seed
DC,2023,black,hisp,55-59,0.0,synthetic_seed
DC,2023,black,hisp,60-64,0.0,synthetic_seed
DC,2023,black,hisp,65-69,0.0,synthetic_seed
DC,2023,black,hisp,70-74,0.0,synthetic_seed
DC,2023,black,hisp,75-79,0.0,synthetic_seed
DC,2023,black,hisp,80-84,0.0,synthetic_seed
DC,2023,black,hisp,85+,0.0,synthetic_seed
DC,2023,asian,non-hisp,0-4,0.0,synthetic_seed
DC,2023,asian,non-hisp,5-9,0.0,synthetic_seed
DC,2023,asian,non-hisp,10-14,0.0,synthetic_seed
DC,2023,asian,non-hisp,15-19,0.01575,synthetic_seed
DC,2023,asian,non-hisp,20-24,0.06825,synthetic_seed
DC,2023,asian,non-hisp,25-29,0.105,synthetic_seed
DC,2023,asian,non-hisp,30-34,0.105,synthetic_seed
DC,2023,asian,non-hisp,35-39,0.0525,synthetic_seed
DC,2023,asian,non-hisp,40-44,0.0126,synthetic_seed
DC,2023,asian,non-hisp,45-49,0.00105,synthetic_seed
DC,2023,asian,non-hisp,50-54,0.0,synthetic_seed
DC,2023,asian,non-hisp,55-59,0.0,synthetic_seed
DC,2023,asian,non-hisp,60-64,0.0,synthetic_seed
DC,2023,asian,non-hisp,65-69,0.0,synthetic_seed
DC,2023,asian,non-hisp,70-74,0.0,synthetic_seed
DC,2023,asian,non-hisp,75-79,0.0,synthetic_seed
DC,2023,asian,non-hisp,80-84,0.0,synthetic_seed
DC,2023,asian,non-hisp,85+,0.0,synthetic_seed
DC,2023,asian,hisp,0-4,0.0,synthetic_seed
DC,2023,asian,hisp,5-9,0.0,synthetic_seed
DC,2023,asian,hisp,10-14,0.0,synthetic_seed
DC,2023,asian,hisp,15-19,0.018113,synthetic_seed
DC,2023,asian,hisp,20-24,0.078488,synthetic_seed
DC,2023,asian,hisp,25-29,0.12075,synthetic_seed
DC,2023,asian,hisp,30-34,0.12075,synthetic_seed
DC,2023,asian,hisp,35-39,0.060375,synthetic_seed
DC,2023,asian,hisp,40-44,0.01449,synthetic_seed
DC,2023,asian,hisp,45-49,0.001208,synthetic_seed
DC,2023,asian,hisp,50-54,0.0,synthetic_seed
DC,2023,asian,hisp,55-59,0.0,synthetic_seed
DC,2023,asian,hisp,60-64,0.0,synthetic_seed
DC,2023,asian,hisp,65-69,0.0,synthetic_seed
DC,2023,asian,hisp,70-74,0.0,synthetic_seed
DC,2023,asian,hisp,75-79,0.0,synthetic_seed
DC,2023,asian,hisp,80-84,0.0,synthetic_seed
DC,2023,asian,hisp,85+,0.0,synthetic_seed
DC,2023,other,non-hisp,0-4,0.0,synthetic_seed
DC,2023,other,non-hisp,5-9,0.0,synthetic_seed
DC,2023,other,non-hisp,10-14,0.0,synthetic_seed
DC,2023,other,non-hisp,15-19,0.01701,synthetic_seed
DC,2023,other,non-hisp,20-24,0.07371,synthetic_seed
DC,2023,other,non-hisp,25-29,0.1134,synthetic_seed
DC,2023,other,non-hisp,30-34,0.1134,synthetic_seed
DC,2023,other,non-hisp,35-39,0.0567,synthetic_seed
DC,2023,other,non-hisp,40-44,0.013608,synthetic_seed
DC,2023,other,non-hisp,45-49,0.001134,synthetic_seed
DC,2023,other,non-hisp,50-54,0.0,synthetic_seed
DC,2023,other,non-hisp,55-59,0.0,synthetic_seed
DC,2023,other,non-hisp,60-64,0.0,synthetic_seed
DC,2023,other,non-hisp,65-69,0.0,synthetic_seed
DC,2023,other,non-hisp,70-74,0.0,synthetic_seed
DC,2023,other,non-hisp,75-79,0.0,synthetic_seed
DC,2023,other,non-hisp,80-84,0.0,synthetic_seed
DC,2023,other,non-hisp,85+,0.0,synthetic_seed
DC,2023,other,hisp,0-4,0.0,synthetic_seed
DC,2023,other,hisp,5-9,0.0,synthetic_seed
DC,2023,other,hisp,10-14,0.0,synthetic_seed
DC,2023,other,hisp,15-19,0.018113,synthetic_seed
DC,2023,other,hisp,20-24,0.078488,synthetic_seed
DC,2023,other,hisp,25-29,0.12075,synthetic_seed
DC,2023,other,hisp,30-34,0.12075,synthetic_seed
DC,2023,other,hisp,35-39,0.060375,synthetic_seed
DC,2023,other,hisp,40-44,0.01449,synthetic_seed
DC,2023,other,hisp,45-49,0.001208,synthetic_seed
DC,2023,other,hisp,50-54,0.0,synthetic_seed
DC,2023,other,hisp,55-59,0.0,synthetic_seed
DC,2023,other,hisp,60-64,0.0,synthetic_seed
DC,2023,other,hisp,65-69,0.0,synthetic_seed
DC,2023,other,hisp,70-74,0.0,synthetic_seed
DC,2023,other,hisp,75-79,0.0,synthetic_seed
DC,2023,other,hisp,80-84,0.0,synthetic_seed
DC,2023,other,hisp,85+,0.0,synthetic_seed
FL,2023,white,non-hisp,0-4,0.0,synthetic_seed
FL,2023,white,non-hisp,5-9,0.0,synthetic_seed
FL,2023,white,non-hisp,10-14,0.0,synthetic_seed
FL,2023,white,non-hisp,15-19,0.01575,synthetic_seed
FL,2023,white,non-hisp,20-24,0.06825,synthetic_seed
FL,2023,white,non-hisp,25-29,0.105,synthetic_seed
FL,2023,white,non-hisp,30-34,0.105,synthetic_seed
FL,2023,white,non-hisp,35-39,0.0525,synthetic_seed
FL,2023,white,non-hisp,40-44,0.0126,synthetic_seed
FL,2023,white,non-hisp,45-49,0.00105,synthetic_seed
FL,2023,white,non-hisp,50-54,0.0,synthetic_seed
FL,2023,white,non-hisp,55-59,0.0,synthetic_seed
FL,2023,white,non-hisp,60-64,0.0,synthetic_seed
FL,2023,white,non-hisp,65-69,0.0,synthetic_seed
FL,2023,white,non-hisp,70-74,0.0,synthetic_seed
FL,2023,white,non-hisp,75-79,0.0,synthetic_seed
FL,2023,white,non-hisp,80-84,0.0,synthetic_seed
FL,2023,white,non-hisp,85+,0.0,synthetic_seed
FL,2023,white,hisp,0-4,0.0,synthetic_seed
FL,2023,white,hisp,5-9,0.0,synthetic_seed
FL,2023,white,hisp,10-14,0.0,synthetic_seed
FL,2023,white,hisp,15-19,0.018113,synthetic_seed
FL,2023,white,hisp,20-24,0.078488,synthetic_seed
FL,2023,white,hisp,25-29,0.12075,synthetic_seed
FL,2023,white,hisp,30-34,0.12075,synthetic_seed
FL,2023,white,hisp,35-39,0.060375,synthetic_seed
FL,2023,white,hisp,40-44,0.01449,synthetic_seed
FL,2023,white,hisp,45-49,0.001208,synthetic_seed
FL,2023,white,hisp,50-54,0.0,synthetic_seed
FL,2023,white,hisp,55-59,0.0,synthetic_seed
FL,2023,white,hisp,60-64,0.0,synthetic_seed
FL,2023,white,hisp,65-69,0.0,synthetic_seed
FL,2023,white,hisp,70-74,0.0,synthetic_seed
FL,2023,white,hisp,75-79,0.0,synthetic_seed
FL,2023,white,hisp,80-84,0.0,synthetic_seed
FL,2023,white,hisp,85+,0.0,synthetic_seed
FL,2023,black,non-hisp,0-4,0.0,synthetic_seed
FL,2023,black,non-hisp,5-9,0.0,synthetic_seed
FL,2023,black,non-hisp,10-14,0.0,synthetic_seed
FL,2023,black,non-hisp,15-19,0.01575,synthetic_seed
FL,2023,black,non-hisp,20-24,0.06825,synthetic_seed
FL,2023,black,non-hisp,25-29,0.105,synthetic_seed
FL,2023,black,non-hisp,30-34,0.105,synthetic_seed
FL,2023,black,non-hisp,35-39,0.0525,synthetic_seed
FL,2023,black,non-hisp,40-44,0.0126,synthetic_seed
FL,2023,black,non-hisp,45-49,0.00105,synthetic_seed
FL,2023,black,non-hisp,50-54,0.0,synthetic_seed
FL,2023,black,non-hisp,55-59,0.0,synthetic_seed
FL,2023,black,non-hisp,60-64,0.0,synthetic_seed
FL,2023,black,non-hisp,65-69,0.0,synthetic_seed
FL,2023,black,non-hisp,70-74,0.0,synthetic_seed
FL,2023,black,non-hisp,75-79,0.0,synthetic_seed
FL,2023,black,non-hisp,80-84,0.0,synthetic_seed
FL,2023,black,non-hisp,85+,0.0,synthetic_seed
FL,2023,black,hisp,0-4,0.0,synthetic_seed
FL,2023,black,hisp,5-9,0.0,synthetic_seed
FL,2023,black,hisp,10-14,0.0,synthetic_seed
FL,2023,black,hisp,15-19,0.018113,synthetic_seed
FL,2023,black,hisp,20-24,0.078488,synthetic_seed
FL,2023,black,hisp,25-29,0.12075,synthetic_seed
FL,2023,black,hisp,30-34,0.12075,synthetic_seed
FL,2023,black,hisp,35-39,0.060375,synthetic_seed
FL,2023,black,hisp,40-44,0.01449,synthetic_seed
FL,2023,black,hisp,45-49,0.001208,synthetic_seed
FL,2023,black,hisp,50-54,0.0,synthetic_seed
FL,2023,black,hisp,55-59,0.0,synthetic_seed
FL,2023,black,hisp,60-64,0.0,synthetic_seed
FL,2023,black,hisp,65-69,0.0,synthetic_seed
FL,2023,black,hisp,70-74,0.0,synthetic_seed
FL,2023,black,hisp,75-79,0.0,synthetic_seed
FL,2023,black,hisp,80-84,0.0,synthetic_seed
FL,2023,black,hisp,85+,0.0,synthetic_seed
FL,2023,asian,non-hisp,0-4,0.0,synthetic_seed
FL,2023,asian,non-hisp,5-9,0.0,synthetic_seed
FL,2023,asian,non-hisp,10-14,0.0,synthetic_seed
FL,2023,asian,non-hisp,15-19,0.01575,synthetic_seed
FL,2023,asian,non-hisp,20-24,0.06825,synthetic_seed
FL,2023,asian,non-hisp,25-29,0.105,synthetic_seed
FL,2023,asian,non-hisp,30-34,0.105,synthetic_seed
FL,2023,asian,non-hisp,35-39,0.0525,synthetic_seed
FL,2023,asian,non-hisp,40-44,0.0126,synthetic_seed
FL,2023,asian,non-hisp,45-49,0.00105,synthetic_seed
FL,2023,asian,non-hisp,50-54,0.0,synthetic_seed
FL,2023,asian,non-hisp,55-59,0.0,synthetic_seed
FL,2023,asian,non-hisp,60-64,0.0,synthetic_seed
FL,2023,asian,non-hisp,65-69,0.0,synthetic_seed
FL,2023,asian,non-hisp,70-74,0.0,synthetic_seed
FL,2023,asian,non-hisp,75-79,0.0,synthetic_seed
FL,2023,asian,non-hisp,80-84,0.0,synthetic_seed
FL,2023,asian,non-hisp,85+,0.0,synthetic_seed
FL,2023,asian,hisp,0-4,0.0,synthetic_seed
FL,2023,asian,hisp,5-9,0.0,synthetic_seed
FL,2023,asian,hisp,10-14,0.0,synthetic_seed
FL,2023,asian,hisp,15-19,0.018113,synthetic_seed
FL,2023,asian,hisp,20-24,0.078488,synthetic_seed
FL,2023,asian,hisp,25-29,0.12075,synthetic_seed
FL,2023,asian,hisp,30-34,0.12075,synthetic_seed
FL,2023,asian,hisp,35-39,0.060375,synthetic_seed
FL,2023,asian,hisp,40-44,0.01449,synthetic_seed
FL,2023,asian,hisp,45-49,0.001208,synthetic_seed
FL,2023,asian,hisp,50-54,0.0,synthetic_seed
FL,2023,asian,hisp,55-59,0.0,synthetic_seed
FL,2023,asian,hisp,60-64,0.0,synthetic_seed
FL,2023,asian,hisp,65-69,0.0,synthetic_seed
FL,2023,asian,hisp,70-74,0.0,synthetic_seed
FL,2023,asian,hisp,75-79,0.0,synthetic_seed
FL,2023,asian,hisp,80-84,0.0,synthetic_seed
FL,2023,asian,hisp,85+,0.0,synthetic_seed
FL,2023,other,non-hisp,0-4,0.0,synthetic_seed
FL,2023,other,non-hisp,5-9,0.0,synthetic_seed
FL,2023,other,non-hisp,10-14,0.0,synthetic_seed
FL,2023,other,non-hisp,15-19,0.01701,synthetic_seed
FL,2023,other,non-hisp,20-24,0.07371,synthetic_seed
FL,2023,other,non-hisp,25-29,0.1134,synthetic_seed
FL,2023,other,non-hisp,30-34,0.1134,synthetic_seed
FL,2023,other,non-hisp,35-39,0.0567,synthetic_seed
FL,2023,other,non-hisp,40-44,0.013608,synthetic_seed
FL,2023,other,non-hisp,45-49,0.001134,synthetic_seed
FL,2023,other,non-hisp,50-54,0.0,synthetic_seed
FL,2023,other,non-hisp,55-59,0.0,synthetic_seed
FL,2023,other,non-hisp,60-64,0.0,synthetic_seed
FL,2023,other,non-hisp,65-69,0.0,synthetic_seed
FL,2023,other,non-hisp,70-74,0.0,synthetic_seed
FL,2023,other,non-hisp,75-79,0.0,synthetic_seed
FL,2023,other,non-hisp,80-84,0.0,synthetic_seed
FL,2023,other,non-hisp,85+,0.0,synthetic_seed
FL,2023,other,hisp,0-4,0.0,synthetic_seed
FL,2023,other,hisp,5-9,0.0,synthetic_seed
FL,2023,other,hisp,10-14,0.0,synthetic_seed
FL,2023,other,hisp,15-19,0.018113,synthetic_seed
FL,2023,other,hisp,20-24,0.078488,synthetic_seed
FL,2023,other,hisp,25-29,0.12075,synthetic_seed
FL,2023,other,hisp,30-34,0.12075,synthetic_seed
FL,2023,other,hisp,35-39,0.060375,synthetic_seed
FL,2023,other,hisp,40-44,0.01449,synthetic_seed
FL,2023,other,hisp,45-49,0.001208,synthetic_seed
FL,2023,other,hisp,50-54,0.0,synthetic_seed
FL,2023,other,hisp,55-59,0.0,synthetic_seed
FL,2023,other,hisp,60-64,0.0,synthetic_seed
FL,2023,other,hisp,65-69,0.0,synthetic_seed
FL,2023,other,hisp,70-74,0.0,synthetic_seed
FL,2023,other,hisp,75-79,0.0,synthetic_seed
FL,2023,other,hisp,80-84,0.0,synthetic_seed
FL,2023,other,hisp,85+,0.0,synthetic_seed
GA,2023,white,non-hisp,0-4,0.0,synthetic_seed
GA,2023,white,non-hisp,5-9,0.0,synthetic_seed
GA,2023,white,non-hisp,10-14,0.0,synthetic_seed
GA,2023,white,non-hisp,15-19,0.01575,synthetic_seed
GA,2023,white,non-hisp,20-24,0.06825,synthetic_seed
GA,2023,white,non-hisp,25-29,0.105,synthetic_seed
GA,2023,white,non-hisp,30-34,0.105,synthetic_seed
GA,2023,white,non-hisp,35-39,0.0525,synthetic_seed
GA,2023,white,non-hisp,40-44,0.0126,synthetic_seed
GA,2023,white,non-hisp,45-49,0.00105,synthetic_seed
GA,2023,white,non-hisp,50-54,0.0,synthetic_seed
GA,2023,white,non-hisp,55-59,0.0,synthetic_seed
GA,2023,white,non-hisp,60-64,0.0,synthetic_seed
GA,2023,white,non-hisp,65-69,0.0,synthetic_seed
GA,2023,white,non-hisp,70-74,0.0,synthetic_seed
GA,2023,white,non-hisp,75-79,0.0,synthetic_seed
GA,2023,white,non-hisp,80-84,0.0,synthetic_seed
GA,2023,white,non-hisp,85+,0.0,synthetic_seed
GA,2023,white,hisp,0-4,0.0,synthetic_seed
GA,2023,white,hisp,5-9,0.0,synthetic_seed
GA,2023,white,hisp,10-14,0.0,synthetic_seed
GA,2023,white,hisp,15-19,0.018113,synthetic_seed
GA,2023,white,hisp,20-24,0.078488,synthetic_seed
GA,2023,white,hisp,25-29,0.12075,synthetic_seed
GA,2023,white,hisp,30-34,0.12075,synthetic_seed
GA,2023,white,hisp,35-39,0.060375,synthetic_seed
GA,2023,white,hisp,40-44,0.01449,synthetic_seed
GA,2023,white,hisp,45-49,0.001208,synthetic_seed
GA,2023,white,hisp,50-54,0.0,synthetic_seed
GA,2023,white,hisp,55-59,0.0,synthetic_seed
GA,2023,white,hisp,60-64,0.0,synthetic_seed
GA,2023,white,hisp,65-69,0.0,synthetic_seed
GA,2023,white,hisp,70-74,0.0,synthetic_seed
GA,2023,white,hisp,75-79,0.0,synthetic_seed
GA,2023,white,hisp,80-84,0.0,synthetic_seed
GA,2023,white,hisp,85+,0.0,synthetic_seed
GA,2023,black,non-hisp,0-4,0.0,synthetic_seed
GA,2023,black,non-hisp,5-9,0.0,synthetic_seed
GA,2023,black,non-hisp,10-14,0.0,synthetic_seed
GA,2023,black,non-hisp,15-19,0.01575,synthetic_seed
GA,2023,black,non-hisp,20-24,0.06825,synthetic_seed
GA,2023,black,non-hisp,25-29,0.105,synthetic_seed
GA,2023,black,non-hisp,30-34,0.105,synthetic_seed
GA,2023,black,non-hisp,35-39,0.0525,synthetic_seed
GA,2023,black,non-hisp,40-44,0.0126,synthetic_seed
GA,2023,black,non-hisp,45-49,0.00105,synthetic_seed
GA,2023,black,non-hisp,50-54,0.0,synthetic_seed
GA,2023,black,non-hisp,55-59,0.0,synthetic_seed
GA,2023,black,non-hisp,60-64,0.0,synthetic_seed
GA,2023,black,non-hisp,65-69,0.0,synthetic_seed
GA,2023,black,non-hisp,70-74,0.0,synthetic_seed
GA,2023,black,non-hisp,75-79,0.0,synthetic_seed
GA,2023,black,non-hisp,80-84,0.0,synthetic_seed
GA,2023,black,non-hisp,85+,0.0,synthetic_seed
GA,2023,black,hisp,0-4,0.0,synthetic_seed
GA,2023,black,hisp,5-9,0.0,synthetic_seed
GA,2023,black,hisp,10-14,0.0,synthetic_seed
GA,2023,black,hisp,15-19,0.018113,synthetic_seed
GA,2023,black,hisp,20-24,0.078488,synthetic_seed
GA,2023,black,hisp,25-29,0.12075,synthetic_seed
GA,2023,black,hisp,30-34,0.12075,synthetic_seed
GA,2023,black,hisp,35-39,0.060375,synthetic_seed
GA,2023,black,hisp,40-44,0.01449,synthetic_seed
GA,2023,black,hisp,45-49,0.001208,synthetic_seed
GA,2023,black,hisp,50-54,0.0,synthetic_seed
GA,2023,black,hisp,55-59,0.0,synthetic_seed
GA,2023,black,hisp,60-64,0.0,synthetic_seed
GA,2023,black,hisp,65-69,0.0,synthetic_seed
GA,2023,black,hisp,70-74,0.0,synthetic_seed
GA,2023,black,hisp,75-79,0.0,synthetic_seed
GA,2023,black,hisp,80-84,0.0,synthetic_seed
GA,2023,black,hisp,85+,0.0,synthetic_seed
GA,2023,asian,non-hisp,0-4,0.0,synthetic_seed
GA,2023,asian,non-hisp,5-9,0.0,synthetic_seed
GA,2023,asian,non-hisp,10-14,0.0,synthetic_seed
GA,2023,asian,non-hisp,15-19,0.01575,synthetic_seed
GA,2023,asian,non-hisp,20-24,0.06825,synthetic_seed
GA,2023,asian,non-hisp,25-29,0.105,synthetic_seed
GA,2023,asian,non-hisp,30-34,0.105,synthetic_seed
GA,2023,asian,non-hisp,35-39,0.0525,synthetic_seed
GA,2023,asian,non-hisp,40-44,0.0126,synthetic_seed
GA,2023,asian,non-hisp,45-49,0.00105,synthetic_seed
GA,2023,asian,non-hisp,50-54,0.0,synthetic_seed
GA,2023,asian,non-hisp,55-59,0.0,synthetic_seed
GA,2023,asian,non-hisp,60-64,0.0,synthetic_seed
GA,2023,asian,non-hisp,65-69,0.0,synthetic_seed
GA,2023,asian,non-hisp,70-74,0.0,synthetic_seed
GA,2023,asian,non-hisp,75-79,0.0,synthetic_seed
GA,2023,asian,non-hisp,80-84,0.0,synthetic_seed
GA,2023,asian,non-hisp,85+,0.0,synthetic_seed
GA,2023,asian,hisp,0-4,0.0,synthetic_seed
GA,2023,asian,hisp,5-9,0.0,synthetic_seed
GA,2023,asian,hisp,10-14,0.0,synthetic_seed
GA,2023,asian,hisp,15-19,0.018113,synthetic_seed
GA,2023,asian,hisp,20-24,0.078488,synthetic_seed
GA,2023,asian,hisp,25-29,0.12075,synthetic_seed
GA,2023,asian,hisp,30-34,0.12075,synthetic_seed
GA,2023,asian,hisp,35-39,0.060375,synthetic_seed
GA,2023,asian,hisp,40-44,0.01449,synthetic_seed
GA,2023,asian,hisp,45-49,0.001208,synthetic_seed
GA,2023,asian,hisp,50-54,0.0,synthetic_seed
GA,2023,asian,hisp,55-59,0.0,synthetic_seed
GA,2023,asian,hisp,60-64,0.0,synthetic_seed
GA,2023,asian,hisp,65-69,0.0,synthetic_seed
GA,2023,asian,hisp,70-74,0.0,synthetic_seed
GA,2023,asian,hisp,75-79,0.0,synthetic_seed
GA,2023,asian,hisp,80-84,0.0,synthetic_seed
GA,2023,asian,hisp,85+,0.0,synthetic_seed
GA,2023,other,non-hisp,0-4,0.0,synthetic_seed
GA,2023,other,non-hisp,5-9,0.0,synthetic_seed
GA,2023,other,non-hisp,10-14,0.0,synthetic_seed
GA,2023,other,non-hisp,15-19,0.01701,synthetic_seed
GA,2023,other,non-hisp,20-24,0.07371,synthetic_seed
GA,2023,other,non-hisp,25-29,0.1134,synthetic_seed
GA,2023,other,non-hisp,30-34,0.1134,synthetic_seed
GA,2023,other,non-hisp,35-39,0.0567,synthetic_seed
GA,2023,other,non-hisp,40-44,0.013608,synthetic_seed
GA,2023,other,non-hisp,45-49,0.001134,synthetic_seed
GA,2023,other,non-hisp,50-54,0.0,synthetic_seed
GA,2023,other,non-hisp,55-59,0.0,synthetic_seed
GA,2023,other,non-hisp,60-64,0.0,synthetic_seed
GA,2023,other,non-hisp,65-69,0.0,synthetic_seed
GA,2023,other,non-hisp,70-74,0.0,synthetic_seed
GA,2023,other,non-hisp,75-79,0.0,synthetic_seed
GA,2023,other,non-hisp,80-84,0.0,synthetic_seed
GA,2023,other,non-hisp,85+,0.0,synthetic_seed
GA,2023,other,hisp,0-4,0.0,synthetic_seed
GA,2023,other,hisp,5-9,0.0,synthetic_seed
GA,2023,other,hisp,10-14,0.0,synthetic_seed
GA,2023,other,hisp,15-19,0.018113,synthetic_seed
GA,2023,other,hisp,20-24,0.078488,synthetic_seed
GA,2023,other,hisp,25-29,0.12075,synthetic_seed
GA,2023,other,hisp,30-34,0.12075,synthetic_seed
GA,2023,other,hisp,35-39,0.060375,synthetic_seed
GA,2023,other,hisp,40-44,0.01449,synthetic_seed
GA,2023,other,hisp,45-49,0.001208,synthetic_seed
GA,2023,other,hisp,50-54,0.0,synthetic_seed
GA,2023,other,hisp,55-59,0.0,synthetic_seed
GA,2023,other,hisp,60-64,0.0,synthetic_seed
GA,2023,other,hisp,65-69,0.0,synthetic_seed
GA,2023,other,hisp,70-74,0.0,synthetic_seed
GA,2023,other,hisp,75-79,0.0,synthetic_seed
GA,2023,other,hisp,80-84,0.0,synthetic_seed
GA,2023,other,hisp,85+,0.0,synthetic_seed
HI,2023,white,non-hisp,0-4,0.0,synthetic_seed
HI,2023,white,non-hisp,5-9,0.0,synthetic_seed
HI,2023,white,non-hisp,10-14,0.0,synthetic_seed
HI,2023,white,non-hisp,15-19,0.015,synthetic_seed
HI,2023,white,non-hisp,20-24,0.065,synthetic_seed
HI,2023,white,non-hisp,25-29,0.1,synthetic_seed
HI,2023,white,non-hisp,30-34,0.1,synthetic_seed
HI,2023,white,non-hisp,35-39,0.05,synthetic_seed
HI,2023,white,non-hisp,40-44,0.012,synthetic_seed
HI,2023,white,non-hisp,45-49,0.001,synthetic_seed
HI,2023,white,non-hisp,50-54,0.0,synthetic_seed
HI,2023,white,non-hisp,55-59,0.0,synthetic_seed
HI,2023,white,non-hisp,60-64,0.0,synthetic_seed
HI,2023,white,non-hisp,65-69,0.0,synthetic_seed
HI,2023,white,non-hisp,70-74,0.0,synthetic_seed
HI,2023,white,non-hisp,75-79,0.0,synthetic_seed
HI,2023,white,non-hisp,80-84,0.0,synthetic_seed
HI,2023,white,non-hisp,85+,0.0,synthetic_seed
HI,2023,white,hisp,0-4,0.0,synthetic_seed
HI,2023,white,hisp,5-9,0.0,synthetic_seed
HI,2023,white,hisp,10-14,0.0,synthetic_seed
HI,2023,white,hisp,15-19,0.01725,synthetic_seed
HI,2023,white,hisp,20-24,0.07475,synthetic_seed
HI,2023,white,hisp,25-29,0.115,synthetic_seed
HI,2023,white,hisp,30-34,0.115,synthetic_seed
HI,2023,white,hisp,35-39,0.0575,synthetic_seed
HI,2023,white,hisp,40-44,0.0138,synthetic_seed
HI,2023,white,hisp,45-49,0.00115,synthetic_seed
HI,2023,white,hisp,50-54,0.0,synthetic_seed
HI,2023,white,hisp,55-59,0.0,synthetic_seed
HI,2023,white,hisp,60-64,0.0,synthetic_seed
HI,2023,white,hisp,65-69,0.0,synthetic_seed
HI,2023,white,hisp,70-74,0.0,synthetic_seed
HI,2023,white,hisp,75-79,0.0,synthetic_seed
HI,2023,white,hisp,80-84,0.0,synthetic_seed
HI,2023,white,hisp,85+,0.0,synthetic_seed
HI,2023,black,non-hisp,0-4,0.0,synthetic_seed
HI,2023,black,non-hisp,5-9,0.0,synthetic_seed
HI,2023,black,non-hisp,10-14,0.0,synthetic_seed
HI,2023,black,non-hisp,15-19,0.015,synthetic_seed
HI,2023,black,non-hisp,20-24,0.065,synthetic_seed
HI,2023,black,non-hisp,25-29,0.1,synthetic_seed
HI,2023,black,non-hisp,30-34,0.1,synthetic_seed
HI,2023,black,non-hisp,35-39,0.05,synthetic_seed
HI,2023,black,non-hisp,40-44,0.012,synthetic_seed
HI,2023,black,non-hisp,45-49,0.001,synthetic_seed
HI,2023,black,non-hisp,50-54,0.0,synthetic_seed
HI,2023,black,non-hisp,55-59,0.0,synthetic_seed
HI,2023,black,non-hisp,60-64,0.0,synthetic_seed
HI,2023,black,non-hisp,65-69,0.0,synthetic_seed
HI,2023,black,non-hisp,70-74,0.0,synthetic_seed
HI,2023,black,non-hisp,75-79,0.0,synthetic_seed
HI,2023,black,non-hisp,80-84,0.0,synthetic_seed
HI,2023,black,non-hisp,85+,0.0,synthetic_seed
HI,2023,black,hisp,0-4,0.0,synthetic_seed
HI,2023,black,hisp,5-9,0.0,synthetic_seed
HI,2023,black,hisp,10-14,0.0,synthetic_seed
HI,2023,black,hisp,15-19,0.01725,synthetic_seed
HI,2023,black,hisp,20-24,0.07475,synthetic_seed
HI,2023,black,hisp,25-29,0.115,synthetic_seed
HI,2023,black,hisp,30-34,0.115,synthetic_seed
HI,2023,black,hisp,35-39,0.0575,synthetic_seed
HI,2023,black,hisp,40-44,0.0138,synthetic_seed
HI,2023,black,hisp,45-49,0.00115,synthetic_seed
HI,2023,black,hisp,50-54,0.0,synthetic_seed
HI,2023,black,hisp,55-59,0.0,synthetic_seed
HI,2023,black,hisp,60-64,0.0,synthetic_seed
HI,2023,black,hisp,65-69,0.0,synthetic_seed
HI,2023,black,hisp,70-74,0.0,synthetic_seed
HI,2023,black,hisp,75-79,0.0,synthetic_seed
HI,2023,black,hisp,80-84,0.0,synthetic_seed
HI,2023,black,hisp,85+,0.0,synthetic_seed
HI,2023,asian,non-hisp,0-4,0.0,synthetic_seed
HI,2023,asian,non-hisp,5-9,0.0,synthetic_seed
HI,2023,asian,non-hisp,10-14,0.0,synthetic_seed
HI,2023,asian,non-hisp,15-19,0.015,synthetic_seed
HI,2023,asian,non-hisp,20-24,0.065,synthetic_seed
HI,2023,asian,non-hisp,25-29,0.1,synthetic_seed
HI,2023,asian,non-hisp,30-34,0.1,synthetic_seed
HI,2023,asian,non-hisp,35-39,0.05,synthetic_seed
HI,2023,asian,non-hisp,40-44,0.012,synthetic_seed
HI,2023,asian,non-hisp,45-49,0.001,synthetic_seed
HI,2023,asian,non-hisp,50-54,0.0,synthetic_seed
HI,2023,asian,non-hisp,55-59,0.0,synthetic_seed
HI,2023,asian,non-hisp,60-64,0.0,synthetic_seed
HI,2023,asian,non-hisp,65-69,0.0,synthetic_seed
HI,2023,asian,non-hisp,70-74,0.0,synthetic_seed
HI,2023,asian,non-hisp,75-79,0.0,synthetic_seed
HI,2023,asian,non-hisp,80-84,0.0,synthetic_seed
HI,2023,asian,non-hisp,85+,0.0,synthetic_seed
HI,2023,asian,hisp,0-4,0.0,synthetic_seed
HI,2023,asian,hisp,5-9,0.0,synthetic_seed
HI,2023,asian,hisp,10-14,0.0,synthetic_seed
HI,2023,asian,hisp,15-19,0.01725,synthetic_seed
HI,2023,asian,hisp,20-24,0.07475,synthetic_seed
HI,2023,asian,hisp,25-29,0.115,synthetic_seed
HI,2023,asian,hisp,30-34,0.115,synthetic_seed
HI,2023,asian,hisp,35-39,0.0575,synthetic_seed
HI,2023,asian,hisp,40-44,0.0138,synthetic_seed
HI,2023,asian,hisp,45-49,0.00115,synthetic_seed
HI,2023,asian,hisp,50-54,0.0,synthetic_seed
HI,2023,asian,hisp,55-59,0.0,synthetic_seed
HI,2023,asian,hisp,60-64,0.0,synthetic_seed
HI,2023,asian,hisp,65-69,0.0,synthetic_seed
HI,2023,asian,hisp,70-74,0.0,synthetic_seed
HI,2023,asian,hisp,75-79,0.0,synthetic_seed
HI,2023,asian,hisp,80-84,0.0,synthetic_seed
HI,2023,asian,hisp,85+,0.0,synthetic_seed
HI,2023,other,non-hisp,0-4,0.0,synthetic_seed
HI,2023,other,non-hisp,5-9,0.0,synthetic_seed
HI,2023,other,non-hisp,10-14,0.0,synthetic_seed
HI,2023,other,non-hisp,15-19,0.0162,synthetic_seed
HI,2023,other,non-hisp,20-24,0.0702,synthetic_seed
HI,2023,other,non-hisp,25-29,0.108,synthetic_seed
HI,2023,other,non-hisp,30-34,0.108,synthetic_seed
HI,2023,other,non-hisp,35-39,0.054,synthetic_seed
HI,2023,other,non-hisp,40-44,0.01296,synthetic_seed
HI,2023,other,non-hisp,45-49,0.00108,synthetic_seed
HI,2023,other,non-hisp,50-54,0.0,synthetic_seed
HI,2023,other,non-hisp,55-59,0.0,synthetic_seed
HI,2023,other,non-hisp,60-64,0.0,synthetic_seed
HI,2023,other,non-hisp,65-69,0.0,synthetic_seed
HI,2023,other,non-hisp,70-74,0.0,synthetic_seed
HI,2023,other,non-hisp,75-79,0.0,synthetic_seed
HI,2023,other,non-hisp,80-84,0.0,synthetic_seed
HI,2023,other,non-hisp,85+,0.0,synthetic_seed
HI,2023,other,hisp,0-4,0.0,synthetic_seed
HI,2023,other,hisp,5-9,0.0,synthetic_seed
HI,2023,other,hisp,10-14,0.0,synthetic_seed
HI,2023,other,hisp,15-19,0.01725,synthetic_seed
HI,2023,other,hisp,20-24,0.07475,synthetic_seed
HI,2023,other,hisp,25-29,0.115,synthetic_seed
HI,2023,other,hisp,30-34,0.115,synthetic_seed
HI,2023,other,hisp,35-39,0.0575,synthetic_seed
HI,2023,other,hisp,40-44,0.0138,synthetic_seed
HI,2023,other,hisp,45-49,0.00115,synthetic_seed
HI,2023,other,hisp,50-54,0.0,synthetic_seed
HI,2023,other,hisp,55-59,0.0,synthetic_seed
HI,2023,other,hisp,60-64,0.0,synthetic_seed
HI,2023,other,hisp,65-69,0.0,synthetic_seed
HI,2023,other,hisp,70-74,0.0,synthetic_seed
HI,2023,other,hisp,75-79,0.0,synthetic_seed
HI,2023,other,hisp,80-84,0.0,synthetic_seed
HI,2023,other,hisp,85+,0.0,synthetic_seed
ID,2023,white,non-hisp,0-4,0.0,synthetic_seed
ID,2023,white,non-hisp,5-9,0.0,synthetic_seed
ID,2023,white,non-hisp,10-14,0.0,synthetic_seed
ID,2023,white,non-hisp,15-19,0.015,synthetic_seed
ID,2023,white,non-hisp,20-24,0.065,synthetic_seed
ID,2023,white,non-hisp,25-29,0.1,synthetic_seed
ID,2023,white,non-hisp,30-34,0.1,synthetic_seed
ID,2023,white,non-hisp,35-39,0.05,synthetic_seed
ID,2023,white,non-hisp,40-44,0.012,synthetic_seed
ID,2023,white,non-hisp,45-49,0.001,synthetic_seed
ID,2023,white,non-hisp,50-54,0.0,synthetic_seed
ID,2023,white,non-hisp,55-59,0.0,synthetic_seed
ID,2023,white,non-hisp,60-64,0.0,synthetic_seed
ID,2023,white,non-hisp,65-69,0.0,synthetic_seed
ID,2023,white,non-hisp,70-74,0.0,synthetic_seed
ID,2023,white,non-hisp,75-79,0.0,synthetic_seed
ID,2023,white,non-hisp,80-84,0.0,synthetic_seed
ID,2023,white,non-hisp,85+,0.0,synthetic_seed
ID,2023,white,hisp,0-4,0.0,synthetic_seed
ID,2023,white,hisp,5-9,0.0,synthetic_seed
ID,2023,white,hisp,10-14,0.0,synthetic_seed
ID,2023,white,hisp,15-19,0.01725,synthetic_seed
ID,2023,white,hisp,20-24,0.07475,synthetic_seed
ID,2023,white,hisp,25-29,0.115,synthetic_seed
ID,2023,white,hisp,30-34,0.115,synthetic_seed
ID,2023,white,hisp,35-39,0.0575,synthetic_seed
ID,2023,white,hisp,40-44,0.0138,synthetic_seed
ID,2023,white,hisp,45-49,0.00115,synthetic_seed
ID,2023,white,hisp,50-54,0.0,synthetic_seed
ID,2023,white,hisp,55-59,0.0,synthetic_seed
ID,2023,white,hisp,60-64,0.0,synthetic_seed
ID,2023,white,hisp,65-69,0.0,synthetic_seed
ID,2023,white,hisp,70-74,0.0,synthetic_seed
ID,2023,white,hisp,75-79,0.0,synthetic_seed
ID,2023,white,hisp,80-84,0.0,synthetic_seed
ID,2023,white,hisp,85+,0.0,synthetic_seed
ID,2023,black,non-hisp,0-4,0.0,synthetic_seed
ID,2023,black,non-hisp,5-9,0.0,synthetic_seed
ID,2023,black,non-hisp,10-14,0.0,synthetic_seed
ID,2023,black,non-hisp,15-19,0.015,synthetic_seed
ID,2023,black,non-hisp,20-24,0.065,synthetic_seed
ID,2023,black,non-hisp,25-29,0.1,synthetic_seed
ID,2023,black,non-hisp,30-34,0.1,synthetic_seed
ID,2023,black,non-hisp,35-39,0.05,synthetic_seed
ID,2023,black,non-hisp,40-44,0.012,synthetic_seed
ID,2023,black,non-hisp,45-49,0.001,synthetic_seed
ID,2023,black,non-hisp,50-54,0.0,synthetic_seed
ID,2023,black,non-hisp,55-59,0.0,synthetic_seed
ID,2023,black,non-hisp,60-64,0.0,synthetic_seed
ID,2023,black,non-hisp,65-69,0.0,synthetic_seed
ID,2023,black,non-hisp,70-74,0.0,synthetic_seed
ID,2023,black,non-hisp,75-79,0.0,synthetic_seed
ID,2023,black,non-hisp,80-84,0.0,synthetic_seed
ID,2023,black,non-hisp,85+,0.0,synthetic_seed
ID,2023,black,hisp,0-4,0.0,synthetic_seed
ID,2023,black,hisp,5-9,0.0,synthetic_seed
ID,2023,black,hisp,10-14,0.0,synthetic_seed
ID,2023,black,hisp,15-19,0.01725,synthetic_seed
ID,2023,black,hisp,20-24,0.07475,synthetic_seed
ID,2023,black,hisp,25-29,0.115,synthetic_seed
ID,2023,black,hisp,30-34,0.115,synthetic_seed
ID,2023,black,hisp,35-39,0.0575,synthetic_seed
ID,2023,black,hisp,40-44,0.0138,synthetic_seed
ID,2023,black,hisp,45-49,0.00115,synthetic_seed
ID,2023,black,hisp,50-54,0.0,synthetic_seed
ID,2023,black,hisp,55-59,0.0,synthetic_seed
ID,2023,black,hisp,60-64,0.0,synthetic_seed
ID,2023,black,hisp,65-69,0.0,synthetic_seed
ID,2023,black,hisp,70-74,0.0,synthetic_seed
ID,2023,black,hisp,75-79,0.0,synthetic_seed
ID,2023,black,hisp,80-84,0.0,synthetic_seed
ID,2023,black,hisp,85+,0.0,synthetic_seed
ID,2023,asian,non-hisp,0-4,0.0,synthetic_seed
ID,2023,asian,non-hisp,5-9,0.0,synthetic_seed
ID,2023,asian,non-hisp,10-14,0.0,synthetic_seed
ID,2023,asian,non-hisp,15-19,0.015,synthetic_seed
ID,2023,asian,non-hisp,20-24,0.065,synthetic_seed
ID,2023,asian,non-hisp,25-29,0.1,synthetic_seed
ID,2023,asian,non-hisp,30-34,0.1,synthetic_seed
ID,2023,asian,non-hisp,35-39,0.05,synthetic_seed
ID,2023,asian,non-hisp,40-44,0.012,synthetic_seed
ID,2023,asian,non-hisp,45-49,0.001,synthetic_seed
ID,2023,asian,non-hisp,50-54,0.0,synthetic_seed
ID,2023,asian,non-hisp,55-59,0.0,synthetic_seed
ID,2023,asian,non-hisp,60-64,0.0,synthetic_seed
ID,2023,asian,non-hisp,65-69,0.0,synthetic_seed
ID,2023,asian,non-hisp,70-74,0.0,synthetic_seed
ID,2023,asian,non-hisp,75-79,0.0,synthetic_seed
ID,2023,asian,non-hisp,80-84,0.0,synthetic_seed
ID,2023,asian,non-hisp,85+,0.0,synthetic_seed
ID,2023,asian,hisp,0-4,0.0,synthetic_seed
ID,2023,asian,hisp,5-9,0.0,synthetic_seed
ID,2023,asian,hisp,10-14,0.0,synthetic_seed
ID,2023,asian,hisp,15-19,0.01725,synthetic_seed
ID,2023,asian,hisp,20-24,0.07475,synthetic_seed
ID,2023,asian,hisp,25-29,0.115,synthetic_seed
ID,2023,asian,hisp,30-34,0.115,synthetic_seed
ID,2023,asian,hisp,35-39,0.0575,synthetic_seed
ID,2023,asian,hisp,40-44,0.0138,synthetic_seed
ID,2023,asian,hisp,45-49,0.00115,synthetic_seed
ID,2023,asian,hisp,50-54,0.0,synthetic_seed
ID,2023,asian,hisp,55-59,0.0,synthetic_seed
ID,2023,asian,hisp,60-64,0.0,synthetic_seed
ID,2023,asian,hisp,65-69,0.0,synthetic_seed
ID,2023,asian,hisp,70-74,0.0,synthetic_seed
ID,2023,asian,hisp,75-79,0.0,synthetic_seed
ID,2023,asian,hisp,80-84,0.0,synthetic_seed
ID,2023,asian,hisp,85+,0.0,synthetic_seed
ID,2023,other,non-hisp,0-4,0.0,synthetic_seed
ID,2023,other,non-hisp,5-9,0.0,synthetic_seed
ID,2023,other,non-hisp,10-14,0.0,synthetic_seed
ID,2023,other,non-hisp,15-19,0.0162,synthetic_seed
ID,2023,other,non-hisp,20-24,0.0702,synthetic_seed
ID,2023,other,non-hisp,25-29,0.108,synthetic_seed
ID,2023,other,non-hisp,30-34,0.108,synthetic_seed
ID,2023,other,non-hisp,35-39,0.054,synthetic_seed
ID,2023,other,non-hisp,40-44,0.01296,synthetic_seed
ID,2023,other,non-hisp,45-49,0.00108,synthetic_seed
ID,2023,other,non-hisp,50-54,0.0,synthetic_seed
ID,2023,other,non-hisp,55-59,0.0,synthetic_seed
ID,2023,other,non-hisp,60-64,0.0,synthetic_seed
ID,2023,other,non-hisp,65-69,0.0,synthetic_seed
ID,2023,other,non-hisp,70-74,0.0,synthetic_seed
ID,2023,other,non-hisp,75-79,0.0,synthetic_seed
ID,2023,other,non-hisp,80-84,0.0,synthetic_seed
ID,2023,other,non-hisp,85+,0.0,synthetic_seed
ID,2023,other,hisp,0-4,0.0,synthetic_seed
ID,2023,other,hisp,5-9,0.0,synthetic_seed
ID,2023,other,hisp,10-14,0.0,synthetic_seed
ID,2023,other,hisp,15-19,0.01725,synthetic_seed
ID,2023,other,hisp,20-24,0.07475,synthetic_seed
ID,2023,other,hisp,25-29,0.115,synthetic_seed
ID,2023,other,hisp,30-34,0.115,synthetic_seed
ID,2023,other,hisp,35-39,0.0575,synthetic_seed
ID,2023,other,hisp,40-44,0.0138,synthetic_seed
ID,2023,other,hisp,45-49,0.00115,synthetic_seed
ID,2023,other,hisp,50-54,0.0,synthetic_seed
ID,2023,other,hisp,55-59,0.0,synthetic_seed
ID,2023,other,hisp,60-64,0.0,synthetic_seed
ID,2023,other,hisp,65-69,0.0,synthetic_seed
ID,2023,other,hisp,70-74,0.0,synthetic_seed
ID,2023,other,hisp,75-79,0.0,synthetic_seed
ID,2023,other,hisp,80-84,0.0,synthetic_seed
ID,2023,other,hisp,85+,0.0,synthetic_seed
IL,2023,white,non-hisp,0-4,0.0,synthetic_seed
IL,2023,white,non-hisp,5-9,0.0,synthetic_seed
IL,2023,white,non-hisp,10-14,0.0,synthetic_seed
IL,2023,white,non-hisp,15-19,0.0147,synthetic_seed
IL,2023,white,non-hisp,20-24,0.0637,synthetic_seed
IL,2023,white,non-hisp,25-29,0.098,synthetic_seed
IL,2023,white,non-hisp,30-34,0.098,synthetic_seed
IL,2023,white,non-hisp,35-39,0.049,synthetic_seed
IL,2023,white,non-hisp,40-44,0.01176,synthetic_seed
IL,2023,white,non-hisp,45-49,0.00098,synthetic_seed
IL,2023,white,non-hisp,50-54,0.0,synthetic_seed
IL,2023,white,non-hisp,55-59,0.0,synthetic_seed
IL,2023,white,non-hisp,60-64,0.0,synthetic_seed
IL,2023,white,non-hisp,65-69,0.0,synthetic_seed
IL,2023,white,non-hisp,70-74,0.0,synthetic_seed
IL,2023,white,non-hisp,75-79,0.0,synthetic_seed
IL,2023,white,non-hisp,80-84,0.0,synthetic_seed
IL,2023,white,non-hisp,85+,0.0,synthetic_seed
IL,2023,white,hisp,0-4,0.0,synthetic_seed
IL,2023,white,hisp,5-9,0.0,synthetic_seed
IL,2023,white,hisp,10-14,0.0,synthetic_seed
IL,2023,white,hisp,15-19,0.016905,synthetic_seed
IL,2023,white,hisp,20-24,0.073255,synthetic_seed
IL,2023,white,hisp,25-29,0.1127,synthetic_seed
IL,2023,white,hisp,30-34,0.1127,synthetic_seed
IL,2023,white,hisp,35-39,0.05635,synthetic_seed
IL,2023,white,hisp,40-44,0.013524,synthetic_seed
IL,2023,white,hisp,45-49,0.001127,synthetic_seed
IL,2023,white,hisp,50-54,0.0,synthetic_seed
IL,2023,white,hisp,55-59,0.0,synthetic_seed
IL,2023,white,hisp,60-64,0.0,synthetic_seed
IL,2023,white,hisp,65-69,0.0,synthetic_seed
IL,2023,white,hisp,70-74,0.0,synthetic_seed
IL,2023,white,hisp,75-79,0.0,synthetic_seed
IL,2023,white,hisp,80-84,0.0,synthetic_seed
IL,2023,white,hisp,85+,0.0,synthetic_seed
IL,2023,black,non-hisp,0-4,0.0,synthetic_seed
IL,2023,black,non-hisp,5-9,0.0,synthetic_seed
IL,2023,black,non-hisp,10-14,0.0,synthetic_seed
IL,2023,black,non-hisp,15-19,0.0147,synthetic_seed
IL,2023,black,non-hisp,20-24,0.0637,synthetic_seed
IL,2023,black,non-hisp,25-29,0.098,synthetic_seed
IL,2023,black,non-hisp,30-34,0.098,synthetic_seed
IL,2023,black,non-hisp,35-39,0.049,synthetic_seed
IL,2023,black,non-hisp,40-44,0.01176,synthetic_seed
IL,2023,black,non-hisp,45-49,0.00098,synthetic_seed
IL,2023,black,non-hisp,50-54,0.0,synthetic_seed
IL,2023,black,non-hisp,55-59,0.0,synthetic_seed
IL,2023,black,non-hisp,60-64,0.0,synthetic_seed
IL,2023,black,non-hisp,65-69,0.0,synthetic_seed
IL,2023,black,non-hisp,70-74,0.0,synthetic_seed
IL,2023,black,non-hisp,75-79,0.0,synthetic_seed
IL,2023,black,non-hisp,80-84,0.0,synthetic_seed
IL,2023,black,non-hisp,85+,0.0,synthetic_seed
IL,2023,black,hisp,0-4,0.0,synthetic_seed
IL,2023,black,hisp,5-9,0.0,synthetic_seed
IL,2023,black,hisp,10-14,0.0,synthetic_seed
IL,2023,black,hisp,15-19,0.016905,synthetic_seed
IL,2023,black,hisp,20-24,0.073255,synthetic_seed
IL,2023,black,hisp,25-29,0.1127,synthetic_seed
IL,2023,black,hisp,30-34,0.1127,synthetic_seed
IL,2023,black,hisp,35-39,0.05635,synthetic_seed
IL,2023,black,hisp,40-44,0.013524,synthetic_seed
IL,2023,black,hisp,45-49,0.001127,synthetic_seed
IL,2023,black,hisp,50-54,0.0,synthetic_seed
IL,2023,black,hisp,55-59,0.0,synthetic_seed
IL,2023,black,hisp,60-64,0.0,synthetic_seed
IL,2023,black,hisp,65-69,0.0,synthetic_seed
IL,2023,black,hisp,70-74,0.0,synthetic_seed
IL,2023,black,hisp,75-79,0.0,synthetic_seed
IL,2023,black,hisp,80-84,0.0,synthetic_seed
IL,2023,black,hisp,85+,0.0,synthetic_seed
IL,2023,asian,non-hisp,0-4,0.0,synthetic_seed
IL,2023,asian,non-hisp,5-9,0.0,synthetic_seed
IL,2023,asian,non-hisp,10-14,0.0,synthetic_seed
IL,2023,asian,non-hisp,15-19,0.0147,synthetic_seed
IL,2023,asian,non-hisp,20-24,0.0637,synthetic_seed
IL,2023,asian,non-hisp,25-29,0.098,synthetic_seed
IL,2023,asian,non-hisp,30-34,0.098,synthetic_seed
IL,2023,asian,non-hisp,35-39,0.049,synthetic_seed
IL,2023,asian,non-hisp,40-44,0.01176,synthetic_seed
IL,2023,asian,non-hisp,45-49,0.00098,synthetic_seed
IL,2023,asian,non-hisp,50-54,0.0,synthetic_seed
IL,2023,asian,non-hisp,55-59,0.0,synthetic_seed
IL,2023,asian,non-hisp,60-64,0.0,synthetic_seed
IL,2023,asian,non-hisp,65-69,0.0,synthetic_seed
IL,2023,asian,non-hisp,70-74,0.0,synthetic_seed
IL,2023,asian,non-hisp,75-79,0.0,synthetic_seed
IL,2023,asian,non-hisp,80-84,0.0,synthetic_seed
IL,2023,asian,non-hisp,85+,0.0,synthetic_seed
IL,2023,asian,hisp,0-4,0.0,synthetic_seed
IL,2023,asian,hisp,5-9,0.0,synthetic_seed
IL,2023,asian,hisp,10-14,0.0,synthetic_seed
IL,2023,asian,hisp,15-19,0.016905,synthetic_seed
IL,2023,asian,hisp,20-24,0.073255,synthetic_seed
IL,2023,asian,hisp,25-29,0.1127,synthetic_seed
IL,2023,asian,hisp,30-34,0.1127,synthetic_seed
IL,2023,asian,hisp,35-39,0.05635,synthetic_seed
IL,2023,asian,hisp,40-44,0.013524,synthetic_seed
IL,2023,asian,hisp,45-49,0.001127,synthetic_seed
IL,2023,asian,hisp,50-54,0.0,synthetic_seed
IL,2023,asian,hisp,55-59,0.0,synthetic_seed
IL,2023,asian,hisp,60-64,0.0,synthetic_seed
IL,2023,asian,hisp,65-69,0.0,synthetic_seed
IL,2023,asian,hisp,70-74,0.0,synthetic_seed
IL,2023,asian,hisp,75-79,0.0,synthetic_seed
IL,2023,asian,hisp,80-84,0.0,synthetic_seed
IL,2023,asian,hisp,85+,0.0,synthetic_seed
IL,2023,other,non-hisp,0-4,0.0,synthetic_seed
IL,2023,other,non-hisp,5-9,0.0,synthetic_seed
IL,2023,other,non-hisp,10-14,0.0,synthetic_seed
IL,2023,other,non-hisp,15-19,0.015876,synthetic_seed
IL,2023,other,non-hisp,20-24,0.068796,synthetic_seed
IL,2023,other,non-hisp,25-29,0.10584,synthetic_seed
IL,2023,other,non-hisp,30-34,0.10584,synthetic_seed
IL,2023,other,non-hisp,35-39,0.05292,synthetic_seed
IL,2023,other,non-hisp,40-44,0.012701,synthetic_seed
IL,2023,other,non-hisp,45-49,0.001058,synthetic_seed
IL,2023,other,non-hisp,50-54,0.0,synthetic_seed
IL,2023,other,non-hisp,55-59,0.0,synthetic_seed
IL,2023,other,non-hisp,60-64,0.0,synthetic_seed
IL,2023,other,non-hisp,65-69,0.0,synthetic_seed
IL,2023,other,non-hisp,70-74,0.0,synthetic_seed
IL,2023,other,non-hisp,75-79,0.0,synthetic_seed
IL,2023,other,non-hisp,80-84,0.0,synthetic_seed
IL,2023,other,non-hisp,85+,0.0,synthetic_seed
IL,2023,other,hisp,0-4,0.0,synthetic_seed
IL,2023,other,hisp,5-9,0.0,synthetic_seed
IL,2023,other,hisp,10-14,0.0,synthetic_seed
IL,2023,other,hisp,15-19,0.016905,synthetic_seed
IL,2023,other,hisp,20-24,0.073255,synthetic_seed
IL,2023,other,hisp,25-29,0.1127,synthetic_seed
IL,2023,other,hisp,30-34,0.1127,synthetic_seed
IL,2023,other,hisp,35-39,0.05635,synthetic_seed
IL,2023,other,hisp,40-44,0.013524,synthetic_seed
IL,2023,other,hisp,45-49,0.001127,synthetic_seed
IL,2023,other,hisp,50-54,0.0,synthetic_seed
IL,2023,other,hisp,55-59,0.0,synthetic_seed
IL,2023,other,hisp,60-64,0.0,synthetic_seed
IL,2023,other,hisp,65-69,0.0,synthetic_seed
IL,2023,other,hisp,70-74,0.0,synthetic_seed
IL,2023,other,hisp,75-79,0.0,synthetic_seed
IL,2023,other,hisp,80-84,0.0,synthetic_seed
IL,2023,other,hisp,85+,0.0,synthetic_seed
IN,2023,white,non-hisp,0-4,0.0,synthetic_seed
IN,2023,white,non-hisp,5-9,0.0,synthetic_seed
IN,2023,white,non-hisp,10-14,0.0,synthetic_seed
IN,2023,white,non-hisp,15-19,0.0147,synthetic_seed
IN,2023,white,non-hisp,20-24,0.0637,synthetic_seed
IN,2023,white,non-hisp,25-29,0.098,synthetic_seed
IN,2023,white,non-hisp,30-34,0.098,synthetic_seed
IN,2023,white,non-hisp,35-39,0.049,synthetic_seed
IN,2023,white,non-hisp,40-44,0.01176,synthetic_seed
IN,2023,white,non-hisp,45-49,0.00098,synthetic_seed
IN,2023,white,non-hisp,50-54,0.0,synthetic_seed
IN,2023,white,non-hisp,55-59,0.0,synthetic_seed
IN,2023,white,non-hisp,60-64,0.0,synthetic_seed
IN,2023,white,non-hisp,65-69,0.0,synthetic_seed
IN,2023,white,non-hisp,70-74,0.0,synthetic_seed
IN,2023,white,non-hisp,75-79,0.0,synthetic_seed
IN,2023,white,non-hisp,80-84,0.0,synthetic_seed
IN,2023,white,non-hisp,85+,0.0,synthetic_seed
IN,2023,white,hisp,0-4,0.0,synthetic_seed
IN,2023,white,hisp,5-9,0.0,synthetic_seed
IN,2023,white,hisp,10-14,0.0,synthetic_seed
IN,2023,white,hisp,15-19,0.016905,synthetic_seed
IN,2023,white,hisp,20-24,0.073255,synthetic_seed
IN,2023,white,hisp,25-29,0.1127,synthetic_seed
IN,2023,white,hisp,30-34,0.1127,synthetic_seed
IN,2023,white,hisp,35-39,0.05635,synthetic_seed
IN,2023,white,hisp,40-44,0.013524,synthetic_seed
IN,2023,white,hisp,45-49,0.001127,synthetic_seed
IN,2023,white,hisp,50-54,0.0,synthetic_seed
IN,2023,white,hisp,55-59,0.0,synthetic_seed
IN,2023,white,hisp,60-64,0.0,synthetic_seed
IN,2023,white,hisp,65-69,0.0,synthetic_seed
IN,2023,white,hisp,70-74,0.0,synthetic_seed
IN,2023,white,hisp,75-79,0.0,synthetic_seed
IN,2023,white,hisp,80-84,0.0,synthetic_seed
IN,2023,white,hisp,85+,0.0,synthetic_seed
IN,2023,black,non-hisp,0-4,0.0,synthetic_seed
IN,2023,black,non-hisp,5-9,0.0,synthetic_seed
IN,2023,black,non-hisp,10-14,0.0,synthetic_seed
IN,2023,black,non-hisp,15-19,0.0147,synthetic_seed
IN,2023,black,non-hisp,20-24,0.0637,synthetic_seed
IN,2023,black,non-hisp,25-29,0.098,synthetic_seed
IN,2023,black,non-hisp,30-34,0.098,synthetic_seed
IN,2023,black,non-hisp,35-39,0.049,synthetic_seed
IN,2023,black,non-hisp,40-44,0.01176,synthetic_seed
IN,2023,black,non-hisp,45-49,0.00098,synthetic_seed
IN,2023,black,non-hisp,50-54,0.0,synthetic_seed
IN,2023,black,non-hisp,55-59,0.0,synthetic_seed
IN,2023,black,non-hisp,60-64,0.0,synthetic_seed
IN,2023,black,non-hisp,65-69,0.0,synthetic_seed
IN,2023,black,non-hisp,70-74,0.0,synthetic_seed
IN,2023,black,non-hisp,75-79,0.0,synthetic_seed
IN,2023,black,non-hisp,80-84,0.0,synthetic_seed
IN,2023,black,non-hisp,85+,0.0,synthetic_seed
IN,2023,black,hisp,0-4,0.0,synthetic_seed
IN,2023,black,hisp,5-9,0.0,synthetic_seed
IN,2023,black,hisp,10-14,0.0,synthetic_seed
IN,2023,black,hisp,15-19,0.016905,synthetic_seed
IN,2023,black,hisp,20-24,0.073255,synthetic_seed
IN,2023,black,hisp,25-29,0.1127,synthetic_seed
IN,2023,black,hisp,30-34,0.1127,synthetic_seed
IN,2023,black,hisp,35-39,0.05635,synthetic_seed
IN,2023,black,hisp,40-44,0.013524,synthetic_seed
IN,2023,black,hisp,45-49,0.001127,synthetic_seed
IN,2023,black,hisp,50-54,0.0,synthetic_seed
IN,2023,black,hisp,55-59,0.0,synthetic_seed
IN,2023,black,hisp,60-64,0.0,synthetic_seed
IN,2023,black,hisp,65-69,0.0,synthetic_seed
IN,2023,black,hisp,70-74,0.0,synthetic_seed
IN,2023,black,hisp,75-79,0.0,synthetic_seed
IN,2023,black,hisp,80-84,0.0,synthetic_seed
IN,2023,black,hisp,85+,0.0,synthetic_seed
IN,2023,asian,non-hisp,0-4,0.0,synthetic_seed
IN,2023,asian,non-hisp,5-9,0.0,synthetic_seed
IN,2023,asian,non-hisp,10-14,0.0,synthetic_seed
IN,2023,asian,non-hisp,15-19,0.0147,synthetic_seed
IN,2023,asian,non-hisp,20-24,0.0637,synthetic_seed
IN,2023,asian,non-hisp,25-29,0.098,synthetic_seed
IN,2023,asian,non-hisp,30-34,0.098,synthetic_seed
IN,2023,asian,non-hisp,35-39,0.049,synthetic_seed
IN,2023,asian,non-hisp,40-44,0.01176,synthetic_seed
IN,2023,asian,non-hisp,45-49,0.00098,synthetic_seed
IN,2023,asian,non-hisp,50-54,0.0,synthetic_seed
IN,2023,asian,non-hisp,55-59,0.0,synthetic_seed
IN,2023,asian,non-hisp,60-64,0.0,synthetic_seed
IN,2023,asian,non-hisp,65-69,0.0,synthetic_seed
IN,2023,asian,non-hisp,70-74,0.0,synthetic_seed
IN,2023,asian,non-hisp,75-79,0.0,synthetic_seed
IN,2023,asian,non-hisp,80-84,0.0,synthetic_seed
IN,2023,asian,non-hisp,85+,0.0,synthetic_seed
IN,2023,asian,hisp,0-4,0.0,synthetic_seed
IN,2023,asian,hisp,5-9,0.0,synthetic_seed
IN,2023,asian,hisp,10-14,0.0,synthetic_seed
IN,2023,asian,hisp,15-19,0.016905,synthetic_seed
IN,2023,asian,hisp,20-24,0.073255,synthetic_seed
IN,2023,asian,hisp,25-29,0.1127,synthetic_seed
IN,2023,asian,hisp,30-34,0.1127,synthetic_seed
IN,2023,asian,hisp,35-39,0.05635,synthetic_seed
IN,2023,asian,hisp,40-44,0.013524,synthetic_seed
IN,2023,asian,hisp,45-49,0.001127,synthetic_seed
IN,2023,asian,hisp,50-54,0.0,synthetic_seed
IN,2023,asian,hisp,55-59,0.0,synthetic_seed
IN,2023,asian,hisp,60-64,0.0,synthetic_seed
IN,2023,asian,hisp,65-69,0.0,synthetic_seed
IN,2023,asian,hisp,70-74,0.0,synthetic_seed
IN,2023,asian,hisp,75-79,0.0,synthetic_seed
IN,2023,asian,hisp,80-84,0.0,synthetic_seed
IN,2023,asian,hisp,85+,0.0,synthetic_seed
IN,2023,other,non-hisp,0-4,0.0,synthetic_seed
IN,2023,other,non-hisp,5-9,0.0,synthetic_seed
IN,2023,other,non-hisp,10-14,0.0,synthetic_seed
IN,2023,other,non-hisp,15-19,0.015876,synthetic_seed
IN,2023,other,non-hisp,20-24,0.068796,synthetic_seed
IN,2023,other,non-hisp,25-29,0.10584,synthetic_seed
IN,2023,other,non-hisp,30-34,0.10584,synthetic_seed
IN,2023,other,non-hisp,35-39,0.05292,synthetic_seed
IN,2023,other,non-hisp,40-44,0.012701,synthetic_seed
IN,2023,other,non-hisp,45-49,0.001058,synthetic_seed
IN,2023,other,non-hisp,50-54,0.0,synthetic_seed
IN,2023,other,non-hisp,55-59,0.0,synthetic_seed
IN,2023,other,non-hisp,60-64,0.0,synthetic_seed
IN,2023,other,non-hisp,65-69,0.0,synthetic_seed
IN,2023,other,non-hisp,70-74,0.0,synthetic_seed
IN,2023,other,non-hisp,75-79,0.0,synthetic_seed
IN,2023,other,non-hisp,80-84,0.0,synthetic_seed
IN,2023,other,non-hisp,85+,0.0,synthetic_seed
IN,2023,other,hisp,0-4,0.0,synthetic_seed
IN,2023,other,hisp,5-9,0.0,synthetic_seed
IN,2023,other,hisp,10-14,0.0,synthetic_seed
IN,2023,other,hisp,15-19,0.016905,synthetic_seed
IN,2023,other,hisp,20-24,0.073255,synthetic_seed
IN,2023,other,hisp,25-29,0.1127,synthetic_seed
IN,2023,other,hisp,30-34,0.1127,synthetic_seed
IN,2023,other,hisp,35-39,0.05635,synthetic_seed
IN,2023,other,hisp,40-44,0.013524,synthetic_seed
IN,2023,other,hisp,45-49,0.001127,synthetic_seed
IN,2023,other,hisp,50-54,0.0,synthetic_seed
IN,2023,other,hisp,55-59,0.0,synthetic_seed
IN,2023,other,hisp,60-64,0.0,synthetic_seed
IN,2023,other,hisp,65-69,0.0,synthetic_seed
IN,2023,other,hisp,70-74,0.0,synthetic_seed
IN,2023,other,hisp,75-79,0.0,synthetic_seed
IN,2023,other,hisp,80-84,0.0,synthetic_seed
IN,2023,other,hisp,85+,0.0,synthetic_seed
IA,2023,white,non-hisp,0-4,0.0,synthetic_seed
IA,2023,white,non-hisp,5-9,0.0,synthetic_seed
IA,2023,white,non-hisp,10-14,0.0,synthetic_seed
IA,2023,white,non-hisp,15-19,0.0147,synthetic_seed
IA,2023,white,non-hisp,20-24,0.0637,synthetic_seed
IA,2023,white,non-hisp,25-29,0.098,synthetic_seed
IA,2023,white,non-hisp,30-34,0.098,synthetic_seed
IA,2023,white,non-hisp,35-39,0.049,synthetic_seed
IA,2023,white,non-hisp,40-44,0.01176,synthetic_seed
IA,2023,white,non-hisp,45-49,0.00098,synthetic_seed
IA,2023,white,non-hisp,50-54,0.0,synthetic_seed
IA,2023,white,non-hisp,55-59,0.0,synthetic_seed
IA,2023,white,non-hisp,60-64,0.0,synthetic_seed
IA,2023,white,non-hisp,65-69,0.0,synthetic_seed
IA,2023,white,non-hisp,70-74,0.0,synthetic_seed
IA,2023,white,non-hisp,75-79,0.0,synthetic_seed
IA,2023,white,non-hisp,80-84,0.0,synthetic_seed
IA,2023,white,non-hisp,85+,0.0,synthetic_seed
IA,2023,white,hisp,0-4,0.0,synthetic_seed
IA,2023,white,hisp,5-9,0.0,synthetic_seed
IA,2023,white,hisp,10-14,0.0,synthetic_seed
IA,2023,white,hisp,15-19,0.016905,synthetic_seed
IA,2023,white,hisp,20-24,0.073255,synthetic_seed
IA,2023,white,hisp,25-29,0.1127,synthetic_seed
IA,2023,white,hisp,30-34,0.1127,synthetic_seed
IA,2023,white,hisp,35-39,0.05635,synthetic_seed
IA,2023,white,hisp,40-44,0.013524,synthetic_seed
IA,2023,white,hisp,45-49,0.001127,synthetic_seed
IA,2023,white,hisp,50-54,0.0,synthetic_seed
IA,2023,white,hisp,55-59,0.0,synthetic_seed
IA,2023,white,hisp,60-64,0.0,synthetic_seed
IA,2023,white,hisp,65-69,0.0,synthetic_seed
IA,2023,white,hisp,70-74,0.0,synthetic_seed
IA,2023,white,hisp,75-79,0.0,synthetic_seed
IA,2023,white,hisp,80-84,0.0,synthetic_seed
IA,2023,white,hisp,85+,0.0,synthetic_seed
IA,2023,black,non-hisp,0-4,0.0,synthetic_seed
IA,2023,black,non-hisp,5-9,0.0,synthetic_seed
IA,2023,black,non-hisp,10-14,0.0,synthetic_seed
IA,2023,black,non-hisp,15-19,0.0147,synthetic_seed
IA,2023,black,non-hisp,20-24,0.0637,synthetic_seed
IA,2023,black,non-hisp,25-29,0.098,synthetic_seed
IA,2023,black,non-hisp,30-34,0.098,synthetic_seed
IA,2023,black,non-hisp,35-39,0.049,synthetic_seed
IA,2023,black,non-hisp,40-44,0.01176,synthetic_seed
IA,2023,black,non-hisp,45-49,0.00098,synthetic_seed
IA,2023,black,non-hisp,50-54,0.0,synthetic_seed
IA,2023,black,non-hisp,55-59,0.0,synthetic_seed
IA,2023,black,non-hisp,60-64,0.0,synthetic_seed
IA,2023,black,non-hisp,65-69,0.0,synthetic_seed
IA,2023,black,non-hisp,70-74,0.0,synthetic_seed
IA,2023,black,non-hisp,75-79,0.0,synthetic_seed
IA,2023,black,non-hisp,80-84,0.0,synthetic_seed
IA,2023,black,non-hisp,85+,0.0,synthetic_seed
IA,2023,black,hisp,0-4,0.0,synthetic_seed
IA,2023,black,hisp,5-9,0.0,synthetic_seed
IA,2023,black,hisp,10-14,0.0,synthetic_seed
IA,2023,black,hisp,15-19,0.016905,synthetic_seed
IA,2023,black,hisp,20-24,0.073255,synthetic_seed
IA,2023,black,hisp,25-29,0.1127,synthetic_seed
IA,2023,black,hisp,30-34,0.1127,synthetic_seed
IA,2023,black,hisp,35-39,0.05635,synthetic_seed
IA,2023,black,hisp,40-44,0.013524,synthetic_seed
IA,2023,black,hisp,45-49,0.001127,synthetic_seed
IA,2023,black,hisp,50-54,0.0,synthetic_seed
IA,2023,black,hisp,55-59,0.0,synthetic_seed
IA,2023,black,hisp,60-64,0.0,synthetic_seed
IA,2023,black,hisp,65-69,0.0,synthetic_seed
IA,2023,black,hisp,70-74,0.0,synthetic_seed
IA,2023,black,hisp,75-79,0.0,synthetic_seed
IA,2023,black,hisp,80-84,0.0,synthetic_seed
IA,2023,black,hisp,85+,0.0,synthetic_seed
IA,2023,asian,non-hisp,0-4,0.0,synthetic_seed
IA,2023,asian,non-hisp,5-9,0.0,synthetic_seed
IA,2023,asian,non-hisp,10-14,0.0,synthetic_seed
IA,2023,asian,non-hisp,15-19,0.0147,synthetic_seed
IA,2023,asian,non-hisp,20-24,0.0637,synthetic_seed
IA,2023,asian,non-hisp,25-29,0.098,synthetic_seed
IA,2023,asian,non-hisp,30-34,0.098,synthetic_seed
IA,2023,asian,non-hisp,35-39,0.049,synthetic_seed
IA,2023,asian,non-hisp,40-44,0.01176,synthetic_seed
IA,2023,asian,non-hisp,45-49,0.00098,synthetic_seed
IA,2023,asian,non-hisp,50-54,0.0,synthetic_seed
IA,2023,asian,non-hisp,55-59,0.0,synthetic_seed
IA,2023,asian,non-hisp,60-64,0.0,synthetic_seed
IA,2023,asian,non-hisp,65-69,0.0,synthetic_seed
IA,2023,asian,non-hisp,70-74,0.0,synthetic_seed
IA,2023,asian,non-hisp,75-79,0.0,synthetic_seed
IA,2023,asian,non-hisp,80-84,0.0,synthetic_seed
IA,2023,asian,non-hisp,85+,0.0,synthetic_seed
IA,2023,asian,hisp,0-4,0.0,synthetic_seed
IA,2023,asian,hisp,5-9,0.0,synthetic_seed
IA,2023,asian,hisp,10-14,0.0,synthetic_seed
IA,2023,asian,hisp,15-19,0.016905,synthetic_seed
IA,2023,asian,hisp,20-24,0.073255,synthetic_seed
IA,2023,asian,hisp,25-29,0.1127,synthetic_seed
IA,2023,asian,hisp,30-34,0.1127,synthetic_seed
IA,2023,asian,hisp,35-39,0.05635,synthetic_seed
IA,2023,asian,hisp,40-44,0.013524,synthetic_seed
IA,2023,asian,hisp,45-49,0.001127,synthetic_seed
IA,2023,asian,hisp,50-54,0.0,synthetic_seed
IA,2023,asian,hisp,55-59,0.0,synthetic_seed
IA,2023,asian,hisp,60-64,0.0,synthetic_seed
IA,2023,asian,hisp,65-69,0.0,synthetic_seed
IA,2023,asian,hisp,70-74,0.0,synthetic_seed
IA,2023,asian,hisp,75-79,0.0,synthetic_seed
IA,2023,asian,hisp,80-84,0.0,synthetic_seed
IA,2023,asian,hisp,85+,0.0,synthetic_seed
IA,2023,other,non-hisp,0-4,0.0,synthetic_seed
IA,2023,other,non-hisp,5-9,0.0,synthetic_seed
IA,2023,other,non-hisp,10-14,0.0,synthetic_seed
IA,2023,other,non-hisp,15-19,0.015876,synthetic_seed
IA,2023,other,non-hisp,20-24,0.068796,synthetic_seed
IA,2023,other,non-hisp,25-29,0.10584,synthetic_seed
IA,2023,other,non-hisp,30-34,0.10584,synthetic_seed
IA,2023,other,non-hisp,35-39,0.05292,synthetic_seed
IA,2023,other,non-hisp,40-44,0.012701,synthetic_seed
IA,2023,other,non-hisp,45-49,0.001058,synthetic_seed
IA,2023,other,non-hisp,50-54,0.0,synthetic_seed
IA,2023,other,non-hisp,55-59,0.0,synthetic_seed
IA,2023,other,non-hisp,60-64,0.0,synthetic_seed
IA,2023,other,non-hisp,65-69,0.0,synthetic_seed
IA,2023,other,non-hisp,70-74,0.0,synthetic_seed
IA,2023,other,non-hisp,75-79,0.0,synthetic_seed
IA,2023,other,non-hisp,80-84,0.0,synthetic_seed
IA,2023,other,non-hisp,85+,0.0,synthetic_seed
IA,2023,other,hisp,0-4,0.0,synthetic_seed
IA,2023,other,hisp,5-9,0.0,synthetic_seed
IA,2023,other,hisp,10-14,0.0,synthetic_seed
IA,2023,other,hisp,15-19,0.016905,synthetic_seed
IA,2023,other,hisp,20-24,0.073255,synthetic_seed
IA,2023,other,hisp,25-29,0.1127,synthetic_seed
IA,2023,other,hisp,30-34,0.1127,synthetic_seed
IA,2023,other,hisp,35-39,0.05635,synthetic_seed
IA,2023,other,hisp,40-44,0.013524,synthetic_seed
IA,2023,other,hisp,45-49,0.001127,synthetic_seed
IA,2023,other,hisp,50-54,0.0,synthetic_seed
IA,2023,other,hisp,55-59,0.0,synthetic_seed
IA,2023,other,hisp,60-64,0.0,synthetic_seed
IA,2023,other,hisp,65-69,0.0,synthetic_seed
IA,2023,other,hisp,70-74,0.0,synthetic_seed
IA,2023,other,hisp,75-79,0.0,synthetic_seed
IA,2023,other,hisp,80-84,0.0,synthetic_seed
IA,2023,other,hisp,85+,0.0,synthetic_seed
KS,2023,white,non-hisp,0-4,0.0,synthetic_seed
KS,2023,white,non-hisp,5-9,0.0,synthetic_seed
KS,2023,white,non-hisp,10-14,0.0,synthetic_seed
KS,2023,white,non-hisp,15-19,0.0147,synthetic_seed
KS,2023,white,non-hisp,20-24,0.0637,synthetic_seed
KS,2023,white,non-hisp,25-29,0.098,synthetic_seed
KS,2023,white,non-hisp,30-34,0.098,synthetic_seed
KS,2023,white,non-hisp,35-39,0.049,synthetic_seed
KS,2023,white,non-hisp,40-44,0.01176,synthetic_seed
KS,2023,white,non-hisp,45-49,0.00098,synthetic_seed
KS,2023,white,non-hisp,50-54,0.0,synthetic_seed
KS,2023,white,non-hisp,55-59,0.0,synthetic_seed
KS,2023,white,non-hisp,60-64,0.0,synthetic_seed
KS,2023,white,non-hisp,65-69,0.0,synthetic_seed
KS,2023,white,non-hisp,70-74,0.0,synthetic_seed
KS,2023,white,non-hisp,75-79,0.0,synthetic_seed
KS,2023,white,non-hisp,80-84,0.0,synthetic_seed
KS,2023,white,non-hisp,85+,0.0,synthetic_seed
KS,2023,white,hisp,0-4,0.0,synthetic_seed
KS,2023,white,hisp,5-9,0.0,synthetic_seed
KS,2023,white,hisp,10-14,0.0,synthetic_seed
KS,2023,white,hisp,15-19,0.016905,synthetic_seed
KS,2023,white,hisp,20-24,0.073255,synthetic_seed
KS,2023,white,hisp,25-29,0.1127,synthetic_seed
KS,2023,white,hisp,30-34,0.1127,synthetic_seed
KS,2023,white,hisp,35-39,0.05635,synthetic_seed
KS,2023,white,hisp,40-44,0.013524,synthetic_seed
KS,2023,white,hisp,45-49,0.001127,synthetic_seed
KS,2023,white,hisp,50-54,0.0,synthetic_seed
KS,2023,white,hisp,55-59,0.0,synthetic_seed
KS,2023,white,hisp,60-64,0.0,synthetic_seed
KS,2023,white,hisp,65-69,0.0,synthetic_seed
KS,2023,white,hisp,70-74,0.0,synthetic_seed
KS,2023,white,hisp,75-79,0.0,synthetic_seed
KS,2023,white,hisp,80-84,0.0,synthetic_seed
KS,2023,white,hisp,85+,0.0,synthetic_seed
KS,2023,black,non-hisp,0-4,0.0,synthetic_seed
KS,2023,black,non-hisp,5-9,0.0,synthetic_seed
KS,2023,black,non-hisp,10-14,0.0,synthetic_seed
KS,2023,black,non-hisp,15-19,0.0147,synthetic_seed
KS,2023,black,non-hisp,20-24,0.0637,synthetic_seed
KS,2023,black,non-hisp,25-29,0.098,synthetic_seed
KS,2023,black,non-hisp,30-34,0.098,synthetic_seed
KS,2023,black,non-hisp,35-39,0.049,synthetic_seed
KS,2023,black,non-hisp,40-44,0.01176,synthetic_seed
KS,2023,black,non-hisp,45-49,0.00098,synthetic_seed
KS,2023,black,non-hisp,50-54,0.0,synthetic_seed
KS,2023,black,non-hisp,55-59,0.0,synthetic_seed
KS,2023,black,non-hisp,60-64,0.0,synthetic_seed
KS,2023,black,non-hisp,65-69,0.0,synthetic_seed
KS,2023,black,non-hisp,70-74,0.0,synthetic_seed
KS,2023,black,non-hisp,75-79,0.0,synthetic_seed
KS,2023,black,non-hisp,80-84,0.0,synthetic_seed
KS,2023,black,non-hisp,85+,0.0,synthetic_seed
KS,2023,black,hisp,0-4,0.0,synthetic_seed
KS,2023,black,hisp,5-9,0.0,synthetic_seed
KS,2023,black,hisp,10-14,0.0,synthetic_seed
KS,2023,black,hisp,15-19,0.016905,synthetic_seed
KS,2023,black,hisp,20-24,0.073255,synthetic_seed
KS,2023,black,hisp,25-29,0.1127,synthetic_seed
KS,2023,black,hisp,30-34,0.1127,synthetic_seed
KS,2023,black,hisp,35-39,0.05635,synthetic_seed
KS,2023,black,hisp,40-44,0.013524,synthetic_seed
KS,2023,black,hisp,45-49,0.001127,synthetic_seed
KS,2023,black,hisp,50-54,0.0,synthetic_seed
KS,2023,black,hisp,55-59,0.0,synthetic_seed
KS,2023,black,hisp,60-64,0.0,synthetic_seed
KS,2023,black,hisp,65-69,0.0,synthetic_seed
KS,2023,black,hisp,70-74,0.0,synthetic_seed
KS,2023,black,hisp,75-79,0.0,synthetic_seed
KS,2023,black,hisp,80-84,0.0,synthetic_seed
KS,2023,black,hisp,85+,0.0,synthetic_seed
KS,2023,asian,non-hisp,0-4,0.0,synthetic_seed
KS,2023,asian,non-hisp,5-9,0.0,synthetic_seed
KS,2023,asian,non-hisp,10-14,0.0,synthetic_seed
KS,2023,asian,non-hisp,15-19,0.0147,synthetic_seed
KS,2023,asian,non-hisp,20-24,0.0637,synthetic_seed
KS,2023,asian,non-hisp,25-29,0.098,synthetic_seed
KS,2023,asian,non-hisp,30-34,0.098,synthetic_seed
KS,2023,asian,non-hisp,35-39,0.049,synthetic_seed
KS,2023,asian,non-hisp,40-44,0.01176,synthetic_seed
KS,2023,asian,non-hisp,45-49,0.00098,synthetic_seed
KS,2023,asian,non-hisp,50-54,0.0,synthetic_seed
KS,2023,asian,non-hisp,55-59,0.0,synthetic_seed
KS,2023,asian,non-hisp,60-64,0.0,synthetic_seed
KS,2023,asian,non-hisp,65-69,0.0,synthetic_seed
KS,2023,asian,non-hisp,70-74,0.0,synthetic_seed
KS,2023,asian,non-hisp,75-79,0.0,synthetic_seed
KS,2023,asian,non-hisp,80-84,0.0,synthetic_seed
KS,2023,asian,non-hisp,85+,0.0,synthetic_seed
KS,2023,asian,hisp,0-4,0.0,synthetic_seed
KS,2023,asian,hisp,5-9,0.0,synthetic_seed
KS,2023,asian,hisp,10-14,0.0,synthetic_seed
KS,2023,asian,hisp,15-19,0.016905,synthetic_seed
KS,2023,asian,hisp,20-24,0.073255,synthetic_seed
KS,2023,asian,hisp,25-29,0.1127,synthetic_seed
KS,2023,asian,hisp,30-34,0.1127,synthetic_seed
KS,2023,asian,hisp,35-39,0.05635,synthetic_seed
KS,2023,asian,hisp,40-44,0.013524,synthetic_seed
KS,2023,asian,hisp,45-49,0.001127,synthetic_seed
KS,2023,asian,hisp,50-54,0.0,synthetic_seed
KS,2023,asian,hisp,55-59,0.0,synthetic_seed
KS,2023,asian,hisp,60-64,0.0,synthetic_seed
KS,2023,asian,hisp,65-69,0.0,synthetic_seed
KS,2023,asian,hisp,70-74,0.0,synthetic_seed
KS,2023,asian,hisp,75-79,0.0,synthetic_seed
KS,2023,asian,hisp,80-84,0.0,synthetic_seed
KS,2023,asian,hisp,85+,0.0,synthetic_seed
KS,2023,other,non-hisp,0-4,0.0,synthetic_seed
KS,2023,other,non-hisp,5-9,0.0,synthetic_seed
KS,2023,other,non-hisp,10-14,0.0,synthetic_seed
KS,2023,other,non-hisp,15-19,0.015876,synthetic_seed
KS,2023,other,non-hisp,20-24,0.068796,synthetic_seed
KS,2023,other,non-hisp,25-29,0.10584,synthetic_seed
KS,2023,other,non-hisp,30-34,0.10584,synthetic_seed
KS,2023,other,non-hisp,35-39,0.05292,synthetic_seed
KS,2023,other,non-hisp,40-44,0.012701,synthetic_seed
KS,2023,other,non-hisp,45-49,0.001058,synthetic_seed
KS,2023,other,non-hisp,50-54,0.0,synthetic_seed
KS,2023,other,non-hisp,55-59,0.0,synthetic_seed
KS,2023,other,non-hisp,60-64,0.0,synthetic_seed
KS,2023,other,non-hisp,65-69,0.0,synthetic_seed
KS,2023,other,non-hisp,70-74,0.0,synthetic_seed
KS,2023,other,non-hisp,75-79,0.0,synthetic_seed
KS,2023,other,non-hisp,80-84,0.0,synthetic_seed
KS,2023,other,non-hisp,85+,0.0,synthetic_seed
KS,2023,other,hisp,0-4,0.0,synthetic_seed
KS,2023,other,hisp,5-9,0.0,synthetic_seed
KS,2023,other,hisp,10-14,0.0,synthetic_seed
KS,2023,other,hisp,15-19,0.016905,synthetic_seed
KS,2023,other,hisp,20-24,0.073255,synthetic_seed
KS,2023,other,hisp,25-29,0.1127,synthetic_seed
KS,2023,other,hisp,30-34,0.1127,synthetic_seed
KS,2023,other,hisp,35-39,0.05635,synthetic_seed
KS,2023,other,hisp,40-44,0.013524,synthetic_seed
KS,2023,other,hisp,45-49,0.001127,synthetic_seed
KS,2023,other,hisp,50-54,0.0,synthetic_seed
KS,2023,other,hisp,55-59,0.0,synthetic_seed
KS,2023,other,hisp,60-64,0.0,synthetic_seed
KS,2023,other,hisp,65-69,0.0,synthetic_seed
KS,2023,other,hisp,70-74,0.0,synthetic_seed
KS,2023,other,hisp,75-79,0.0,synthetic_seed
KS,2023,other,hisp,80-84,0.0,synthetic_seed
KS,2023,other,hisp,85+,0.0,synthetic_seed
KY,2023,white,non-hisp,0-4,0.0,synthetic_seed
KY,2023,white,non-hisp,5-9,0.0,synthetic_seed
KY,2023,white,non-hisp,10-14,0.0,synthetic_seed
KY,2023,white,non-hisp,15-19,0.01575,synthetic_seed
KY,2023,white,non-hisp,20-24,0.06825,synthetic_seed
KY,2023,white,non-hisp,25-29,0.105,synthetic_seed
KY,2023,white,non-hisp,30-34,0.105,synthetic_seed
KY,2023,white,non-hisp,35-39,0.0525,synthetic_seed
KY,2023,white,non-hisp,40-44,0.0126,synthetic_seed
KY,2023,white,non-hisp,45-49,0.00105,synthetic_seed
KY,2023,white,non-hisp,50-54,0.0,synthetic_seed
KY,2023,white,non-hisp,55-59,0.0,synthetic_seed
KY,2023,white,non-hisp,60-64,0.0,synthetic_seed
KY,2023,white,non-hisp,65-69,0.0,synthetic_seed
KY,2023,white,non-hisp,70-74,0.0,synthetic_seed
KY,2023,white,non-hisp,75-79,0.0,synthetic_seed
KY,2023,white,non-hisp,80-84,0.0,synthetic_seed
KY,2023,white,non-hisp,85+,0.0,synthetic_seed
KY,2023,white,hisp,0-4,0.0,synthetic_seed
KY,2023,white,hisp,5-9,0.0,synthetic_seed
KY,2023,white,hisp,10-14,0.0,synthetic_seed
KY,2023,white,hisp,15-19,0.018113,synthetic_seed
KY,2023,white,hisp,20-24,0.078488,synthetic_seed
KY,2023,white,hisp,25-29,0.12075,synthetic_seed
KY,2023,white,hisp,30-34,0.12075,synthetic_seed
KY,2023,white,hisp,35-39,0.060375,synthetic_seed
KY,2023,white,hisp,40-44,0.01449,synthetic_seed
KY,2023,white,hisp,45-49,0.001208,synthetic_seed
KY,2023,white,hisp,50-54,0.0,synthetic_seed
KY,2023,white,hisp,55-59,0.0,synthetic_seed
KY,2023,white,hisp,60-64,0.0,synthetic_seed
KY,2023,white,hisp,65-69,0.0,synthetic_seed
KY,2023,white,hisp,70-74,0.0,synthetic_seed
KY,2023,white,hisp,75-79,0.0,synthetic_seed
KY,2023,white,hisp,80-84,0.0,synthetic_seed
KY,2023,white,hisp,85+,0.0,synthetic_seed
KY,2023,black,non-hisp,0-4,0.0,synthetic_seed
KY,2023,black,non-hisp,5-9,0.0,synthetic_seed
KY,2023,black,non-hisp,10-14,0.0,synthetic_seed
KY,2023,black,non-hisp,15-19,0.01575,synthetic_seed
KY,2023,black,non-hisp,20-24,0.06825,synthetic_seed
KY,2023,black,non-hisp,25-29,0.105,synthetic_seed
KY,2023,black,non-hisp,30-34,0.105,synthetic_seed
KY,2023,black,non-hisp,35-39,0.0525,synthetic_seed
KY,2023,black,non-hisp,40-44,0.0126,synthetic_seed
KY,2023,black,non-hisp,45-49,0.00105,synthetic_seed
KY,2023,black,non-hisp,50-54,0.0,synthetic_seed
KY,2023,black,non-hisp,55-59,0.0,synthetic_seed
KY,2023,black,non-hisp,60-64,0.0,synthetic_seed
KY,2023,black,non-hisp,65-69,0.0,synthetic_seed
KY,2023,black,non-hisp,70-74,0.0,synthetic_seed
KY,2023,black,non-hisp,75-79,0.0,synthetic_seed
KY,2023,black,non-hisp,80-84,0.0,synthetic_seed
KY,2023,black,non-hisp,85+,0.0,synthetic_seed
KY,2023,black,hisp,0-4,0.0,synthetic_seed
KY,2023,black,hisp,5-9,0.0,synthetic_seed
KY,2023,black,hisp,10-14,0.0,synthetic_seed
KY,2023,black,hisp,15-19,0.018113,synthetic_seed
KY,2023,black,hisp,20-24,0.078488,synthetic_seed
KY,2023,black,hisp,25-29,0.12075,synthetic_seed
KY,2023,black,hisp,30-34,0.12075,synthetic_seed
KY,2023,black,hisp,35-39,0.060375,synthetic_seed
KY,2023,black,hisp,40-44,0.01449,synthetic_seed
KY,2023,black,hisp,45-49,0.001208,synthetic_seed
KY,2023,black,hisp,50-54,0.0,synthetic_seed
KY,2023,black,hisp,55-59,0.0,synthetic_seed
KY,2023,black,hisp,60-64,0.0,synthetic_seed
KY,2023,black,hisp,65-69,0.0,synthetic_seed
KY,2023,black,hisp,70-74,0.0,synthetic_seed
KY,2023,black,hisp,75-79,0.0,synthetic_seed
KY,2023,black,hisp,80-84,0.0,synthetic_seed
KY,2023,black,hisp,85+,0.0,synthetic_seed
KY,2023,asian,non-hisp,0-4,0.0,synthetic_seed
KY,2023,asian,non-hisp,5-9,0.0,synthetic_seed
KY,2023,asian,non-hisp,10-14,0.0,synthetic_seed
KY,2023,asian,non-hisp,15-19,0.01575,synthetic_seed
KY,2023,asian,non-hisp,20-24,0.06825,synthetic_seed
KY,2023,asian,non-hisp,25-29,0.105,synthetic_seed
KY,2023,asian,non-hisp,30-34,0.105,synthetic_seed
KY,2023,asian,non-hisp,35-39,0.0525,synthetic_seed
KY,2023,asian,non-hisp,40-44,0.0126,synthetic_seed
KY,2023,asian,non-hisp,45-49,0.00105,synthetic_seed
KY,2023,asian,non-hisp,50-54,0.0,synthetic_seed
KY,2023,asian,non-hisp,55-59,0.0,synthetic_seed
KY,2023,asian,non-hisp,60-64,0.0,synthetic_seed
KY,2023,asian,non-hisp,65-69,0.0,synthetic_seed
KY,2023,asian,non-hisp,70-74,0.0,synthetic_seed
KY,2023,asian,non-hisp,75-79,0.0,synthetic_seed
KY,2023,asian,non-hisp,80-84,0.0,synthetic_seed
KY,2023,asian,non-hisp,85+,0.0,synthetic_seed
KY,2023,asian,hisp,0-4,0.0,synthetic_seed
KY,2023,asian,hisp,5-9,0.0,synthetic_seed
KY,2023,asian,hisp,10-14,0.0,synthetic_seed
KY,2023,asian,hisp,15-19,0.018113,synthetic_seed
KY,2023,asian,hisp,20-24,0.078488,synthetic_seed
KY,2023,asian,hisp,25-29,0.12075,synthetic_seed
KY,2023,asian,hisp,30-34,0.12075,synthetic_seed
KY,2023,asian,hisp,35-39,0.060375,synthetic_seed
KY,2023,asian,hisp,40-44,0.01449,synthetic_seed
KY,2023,asian,hisp,45-49,0.001208,synthetic_seed
KY,2023,asian,hisp,50-54,0.0,synthetic_seed
KY,2023,asian,hisp,55-59,0.0,synthetic_seed
KY,2023,asian,hisp,60-64,0.0,synthetic_seed
KY,2023,asian,hisp,65-69,0.0,synthetic_seed
KY,2023,asian,hisp,70-74,0.0,synthetic_seed
KY,2023,asian,hisp,75-79,0.0,synthetic_seed
KY,2023,asian,hisp,80-84,0.0,synthetic_seed
KY,2023,asian,hisp,85+,0.0,synthetic_seed
KY,2023,other,non-hisp,0-4,0.0,synthetic_seed
KY,2023,other,non-hisp,5-9,0.0,synthetic_seed
KY,2023,other,non-hisp,10-14,0.0,synthetic_seed
KY,2023,other,non-hisp,15-19,0.01701,synthetic_seed
KY,2023,other,non-hisp,20-24,0.07371,synthetic_seed
KY,2023,other,non-hisp,25-29,0.1134,synthetic_seed
KY,2023,other,non-hisp,30-34,0.1134,synthetic_seed
KY,2023,other,non-hisp,35-39,0.0567,synthetic_seed
KY,2023,other,non-hisp,40-44,0.013608,synthetic_seed
KY,2023,other,non-hisp,45-49,0.001134,synthetic_seed
KY,2023,other,non-hisp,50-54,0.0,synthetic_seed
KY,2023,other,non-hisp,55-59,0.0,synthetic_seed
KY,2023,other,non-hisp,60-64,0.0,synthetic_seed
KY,2023,other,non-hisp,65-69,0.0,synthetic_seed
KY,2023,other,non-hisp,70-74,0.0,synthetic_seed
KY,2023,other,non-hisp,75-79,0.0,synthetic_seed
KY,2023,other,non-hisp,80-84,0.0,synthetic_seed
KY,2023,other,non-hisp,85+,0.0,synthetic_seed
KY,2023,other,hisp,0-4,0.0,synthetic_seed
KY,2023,other,hisp,5-9,0.0,synthetic_seed
KY,2023,other,hisp,10-14,0.0,synthetic_seed
KY,2023,other,hisp,15-19,0.018113,synthetic_seed
KY,2023,other,hisp,20-24,0.078488,synthetic_seed
KY,2023,other,hisp,25-29,0.12075,synthetic_seed
KY,2023,other,hisp,30-34,0.12075,synthetic_seed
KY,2023,other,hisp,35-39,0.060375,synthetic_seed
KY,2023,other,hisp,40-44,0.01449,synthetic_seed
KY,2023,other,hisp,45-49,0.001208,synthetic_seed
KY,2023,other,hisp,50-54,0.0,synthetic_seed
KY,2023,other,hisp,55-59,0.0,synthetic_seed
KY,2023,other,hisp,60-64,0.0,synthetic_seed
KY,2023,other,hisp,65-69,0.0,synthetic_seed
KY,2023,other,hisp,70-74,0.0,synthetic_seed
KY,2023,other,hisp,75-79,0.0,synthetic_seed
KY,2023,other,hisp,80-84,0.0,synthetic_seed
KY,2023,other,hisp,85+,0.0,synthetic_seed
LA,2023,white,non-hisp,0-4,0.0,synthetic_seed
LA,2023,white,non-hisp,5-9,0.0,synthetic_seed
LA,2023,white,non-hisp,10-14,0.0,synthetic_seed
LA,2023,white,non-hisp,15-19,0.01575,synthetic_seed
LA,2023,white,non-hisp,20-24,0.06825,synthetic_seed
LA,2023,white,non-hisp,25-29,0.105,synthetic_seed
LA,2023,white,non-hisp,30-34,0.105,synthetic_seed
LA,2023,white,non-hisp,35-39,0.0525,synthetic_seed
LA,2023,white,non-hisp,40-44,0.0126,synthetic_seed
LA,2023,white,non-hisp,45-49,0.00105,synthetic_seed
LA,2023,white,non-hisp,50-54,0.0,synthetic_seed
LA,2023,white,non-hisp,55-59,0.0,synthetic_seed
LA,2023,white,non-hisp,60-64,0.0,synthetic_seed
LA,2023,white,non-hisp,65-69,0.0,synthetic_seed
LA,2023,white,non-hisp,70-74,0.0,synthetic_seed
LA,2023,white,non-hisp,75-79,0.0,synthetic_seed
LA,2023,white,non-hisp,80-84,0.0,synthetic_seed
LA,2023,white,non-hisp,85+,0.0,synthetic_seed
LA,2023,white,hisp,0-4,0.0,synthetic_seed
LA,2023,white,hisp,5-9,0.0,synthetic_seed
LA,2023,white,hisp,10-14,0.0,synthetic_seed
LA,2023,white,hisp,15-19,0.018113,synthetic_seed
LA,2023,white,hisp,20-24,0.078488,synthetic_seed
LA,2023,white,hisp,25-29,0.12075,synthetic_seed
LA,2023,white,hisp,30-34,0.12075,synthetic_seed
LA,2023,white,hisp,35-39,0.060375,synthetic_seed
LA,2023,white,hisp,40-44,0.01449,synthetic_seed
LA,2023,white,hisp,45-49,0.001208,synthetic_seed
LA,2023,white,hisp,50-54,0.0,synthetic_seed
LA,2023,white,hisp,55-59,0.0,synthetic_seed
LA,2023,white,hisp,60-64,0.0,synthetic_seed
LA,2023,white,hisp,65-69,0.0,synthetic_seed
LA,2023,white,hisp,70-74,0.0,synthetic_seed
LA,2023,white,hisp,75-79,0.0,synthetic_seed
LA,2023,white,hisp,80-84,0.0,synthetic_seed
LA,2023,white,hisp,85+,0.0,synthetic_seed
LA,2023,black,non-hisp,0-4,0.0,synthetic_seed
LA,2023,black,non-hisp,5-9,0.0,synthetic_seed
LA,2023,black,non-hisp,10-14,0.0,synthetic_seed
LA,2023,black,non-hisp,15-19,0.01575,synthetic_seed
LA,2023,black,non-hisp,20-24,0.06825,synthetic_seed
LA,2023,black,non-hisp,25-29,0.105,synthetic_seed
LA,2023,black,non-hisp,30-34,0.105,synthetic_seed
LA,2023,black,non-hisp,35-39,0.0525,synthetic_seed
LA,2023,black,non-hisp,40-44,0.0126,synthetic_seed
LA,2023,black,non-hisp,45-49,0.00105,synthetic_seed
LA,2023,black,non-hisp,50-54,0.0,synthetic_seed
LA,2023,black,non-hisp,55-59,0.0,synthetic_seed
LA,2023,black,non-hisp,60-64,0.0,synthetic_seed
LA,2023,black,non-hisp,65-69,0.0,synthetic_seed
LA,2023,black,non-hisp,70-74,0.0,synthetic_seed
LA,2023,black,non-hisp,75-79,0.0,synthetic_seed
LA,2023,black,non-hisp,80-84,0.0,synthetic_seed
LA,2023,black,non-hisp,85+,0.0,synthetic_seed
LA,2023,black,hisp,0-4,0.0,synthetic_seed
LA,2023,black,hisp,5-9,0.0,synthetic_seed
LA,2023,black,hisp,10-14,0.0,synthetic_seed
LA,2023,black,hisp,15-19,0.018113,synthetic_seed
LA,2023,black,hisp,20-24,0.078488,synthetic_seed
LA,2023,black,hisp,25-29,0.12075,synthetic_seed
LA,2023,black,hisp,30-34,0.12075,synthetic_seed
LA,2023,black,hisp,35-39,0.060375,synthetic_seed
LA,2023,black,hisp,40-44,0.01449,synthetic_seed
LA,2023,black,hisp,45-49,0.001208,synthetic_seed
LA,2023,black,hisp,50-54,0.0,synthetic_seed
LA,2023,black,hisp,55-59,0.0,synthetic_seed
LA,2023,black,hisp,60-64,0.0,synthetic_seed
LA,2023,black,hisp,65-69,0.0,synthetic_seed
LA,2023,black,hisp,70-74,0.0,synthetic_seed
LA,2023,black,hisp,75-79,0.0,synthetic_seed
LA,2023,black,hisp,80-84,0.0,synthetic_seed
LA,2023,black,hisp,85+,0.0,synthetic_seed
LA,2023,asian,non-hisp,0-4,0.0,synthetic_seed
LA,2023,asian,non-hisp,5-9,0.0,synthetic_seed
LA,2023,asian,non-hisp,10-14,0.0,synthetic_seed
LA,2023,asian,non-hisp,15-19,0.01575,synthetic_seed
LA,2023,asian,non-hisp,20-24,0.06825,synthetic_seed
LA,2023,asian,non-hisp,25-29,0.105,synthetic_seed
LA,2023,asian,non-hisp,30-34,0.105,synthetic_seed
LA,2023,asian,non-hisp,35-39,0.0525,synthetic_seed
LA,2023,asian,non-hisp,40-44,0.0126,synthetic_seed
LA,2023,asian,non-hisp,45-49,0.00105,synthetic_seed
LA,2023,asian,non-hisp,50-54,0.0,synthetic_seed
LA,2023,asian,non-hisp,55-59,0.0,synthetic_seed
LA,2023,asian,non-hisp,60-64,0.0,synthetic_seed
LA,2023,asian,non-hisp,65-69,0.0,synthetic_seed
LA,2023,asian,non-hisp,70-74,0.0,synthetic_seed
LA,2023,asian,non-hisp,75-79,0.0,synthetic_seed
LA,2023,asian,non-hisp,80-84,0.0,synthetic_seed
LA,2023,asian,non-hisp,85+,0.0,synthetic_seed
LA,2023,asian,hisp,0-4,0.0,synthetic_seed
LA,2023,asian,hisp,5-9,0.0,synthetic_seed
LA,2023,asian,hisp,10-14,0.0,synthetic_seed
LA,2023,asian,hisp,15-19,0.018113,synthetic_seed
LA,2023,asian,hisp,20-24,0.078488,synthetic_seed
LA,2023,asian,hisp,25-29,0.12075,synthetic_seed
LA,2023,asian,hisp,30-34,0.12075,synthetic_seed
LA,2023,asian,hisp,35-39,0.060375,synthetic_seed
LA,2023,asian,hisp,40-44,0.01449,synthetic_seed
LA,2023,asian,hisp,45-49,0.001208,synthetic_seed
LA,2023,asian,hisp,50-54,0.0,synthetic_seed
LA,2023,asian,hisp,55-59,0.0,synthetic_seed
LA,2023,asian,hisp,60-64,0.0,synthetic_seed
LA,2023,asian,hisp,65-69,0.0,synthetic_seed
LA,2023,asian,hisp,70-74,0.0,synthetic_seed
LA,2023,asian,hisp,75-79,0.0,synthetic_seed
LA,2023,asian,hisp,80-84,0.0,synthetic_seed
LA,2023,asian,hisp,85+,0.0,synthetic_seed
LA,2023,other,non-hisp,0-4,0.0,synthetic_seed
LA,2023,other,non-hisp,5-9,0.0,synthetic_seed
LA,2023,other,non-hisp,10-14,0.0,synthetic_seed
LA,2023,other,non-hisp,15-19,0.01701,synthetic_seed
LA,2023,other,non-hisp,20-24,0.07371,synthetic_seed
LA,2023,other,non-hisp,25-29,0.1134,synthetic_seed
LA,2023,other,non-hisp,30-34,0.1134,synthetic_seed
LA,2023,other,non-hisp,35-39,0.0567,synthetic_seed
LA,2023,other,non-hisp,40-44,0.013608,synthetic_seed
LA,2023,other,non-hisp,45-49,0.001134,synthetic_seed
LA,2023,other,non-hisp,50-54,0.0,synthetic_seed
LA,2023,other,non-hisp,55-59,0.0,synthetic_seed
LA,2023,other,non-hisp,60-64,0.0,synthetic_seed
LA,2023,other,non-hisp,65-69,0.0,synthetic_seed
LA,2023,other,non-hisp,70-74,0.0,synthetic_seed
LA,2023,other,non-hisp,75-79,0.0,synthetic_seed
LA,2023,other,non-hisp,80-84,0.0,synthetic_seed
LA,2023,other,non-hisp,85+,0.0,synthetic_seed
LA,2023,other,hisp,0-4,0.0,synthetic_seed
LA,2023,other,hisp,5-9,0.0,synthetic_seed
LA,2023,other,hisp,10-14,0.0,synthetic_seed
LA,2023,other,hisp,15-19,0.018113,synthetic_seed
LA,2023,other,hisp,20-24,0.078488,synthetic_seed
LA,2023,other,hisp,25-29,0.12075,synthetic_seed
LA,2023,other,hisp,30-34,0.12075,synthetic_seed
LA,2023,other,hisp,35-39,0.060375,synthetic_seed
LA,2023,other,hisp,40-44,0.01449,synthetic_seed
LA,2023,other,hisp,45-49,0.001208,synthetic_seed
LA,2023,other,hisp,50-54,0.0,synthetic_seed
LA,2023,other,hisp,55-59,0.0,synthetic_seed
LA,2023,other,hisp,60-64,0.0,synthetic_seed
LA,2023,other,hisp,65-69,0.0,synthetic_seed
LA,2023,other,hisp,70-74,0.0,synthetic_seed
LA,2023,other,hisp,75-79,0.0,synthetic_seed
LA,2023,other,hisp,80-84,0.0,synthetic_seed
LA,2023,other,hisp,85+,0.0,synthetic_seed
ME,2023,white,non-hisp,0-4,0.0,synthetic_seed
ME,2023,white,non-hisp,5-9,0.0,synthetic_seed
ME,2023,white,non-hisp,10-14,0.0,synthetic_seed
ME,2023,white,non-hisp,15-19,0.0138,synthetic_seed
ME,2023,white,non-hisp,20-24,0.0598,synthetic_seed
ME,2023,white,non-hisp,25-29,0.092,synthetic_seed
ME,2023,white,non-hisp,30-34,0.092,synthetic_seed
ME,2023,white,non-hisp,35-39,0.046,synthetic_seed
ME,2023,white,non-hisp,40-44,0.01104,synthetic_seed
ME,2023,white,non-hisp,45-49,0.00092,synthetic_seed
ME,2023,white,non-hisp,50-54,0.0,synthetic_seed
ME,2023,white,non-hisp,55-59,0.0,synthetic_seed
ME,2023,white,non-hisp,60-64,0.0,synthetic_seed
ME,2023,white,non-hisp,65-69,0.0,synthetic_seed
ME,2023,white,non-hisp,70-74,0.0,synthetic_seed
ME,2023,white,non-hisp,75-79,0.0,synthetic_seed
ME,2023,white,non-hisp,80-84,0.0,synthetic_seed
ME,2023,white,non-hisp,85+,0.0,synthetic_seed
ME,2023,white,hisp,0-4,0.0,synthetic_seed
ME,2023,white,hisp,5-9,0.0,synthetic_seed
ME,2023,white,hisp,10-14,0.0,synthetic_seed
ME,2023,white,hisp,15-19,0.01587,synthetic_seed
ME,2023,white,hisp,20-24,0.06877,synthetic_seed
ME,2023,white,hisp,25-29,0.1058,synthetic_seed
ME,2023,white,hisp,30-34,0.1058,synthetic_seed
ME,2023,white,hisp,35-39,0.0529,synthetic_seed
ME,2023,white,hisp,40-44,0.012696,synthetic_seed
ME,2023,white,hisp,45-49,0.001058,synthetic_seed
ME,2023,white,hisp,50-54,0.0,synthetic_seed
ME,2023,white,hisp,55-59,0.0,synthetic_seed
ME,2023,white,hisp,60-64,0.0,synthetic_seed
ME,2023,white,hisp,65-69,0.0,synthetic_seed
ME,2023,white,hisp,70-74,0.0,synthetic_seed
ME,2023,white,hisp,75-79,0.0,synthetic_seed
ME,2023,white,hisp,80-84,0.0,synthetic_seed
ME,2023,white,hisp,85+,0.0,synthetic_seed
ME,2023,black,non-hisp,0-4,0.0,synthetic_seed
ME,2023,black,non-hisp,5-9,0.0,synthetic_seed
ME,2023,black,non-hisp,10-14,0.0,synthetic_seed
ME,2023,black,non-hisp,15-19,0.0138,synthetic_seed
ME,2023,black,non-hisp,20-24,0.0598,synthetic_seed
ME,2023,black,non-hisp,25-29,0.092,synthetic_seed
ME,2023,black,non-hisp,30-34,0.092,synthetic_seed
ME,2023,black,non-hisp,35-39,0.046,synthetic_seed
ME,2023,black,non-hisp,40-44,0.01104,synthetic_seed
ME,2023,black,non-hisp,45-49,0.00092,synthetic_seed
ME,2023,black,non-hisp,50-54,0.0,synthetic_seed
ME,2023,black,non-hisp,55-59,0.0,synthetic_seed
ME,2023,black,non-hisp,60-64,0.0,synthetic_seed
ME,2023,black,non-hisp,65-69,0.0,synthetic_seed
ME,2023,black,non-hisp,70-74,0.0,synthetic_seed
ME,2023,black,non-hisp,75-79,0.0,synthetic_seed
ME,2023,black,non-hisp,80-84,0.0,synthetic_seed
ME,2023,black,non-hisp,85+,0.0,synthetic_seed
ME,2023,black,hisp,0-4,0.0,synthetic_seed
ME,2023,black,hisp,5-9,0.0,synthetic_seed
ME,2023,black,hisp,10-14,0.0,synthetic_seed
ME,2023,black,hisp,15-19,0.01587,synthetic_seed
ME,2023,black,hisp,20-24,0.06877,synthetic_seed
ME,2023,black,hisp,25-29,0.1058,synthetic_seed
ME,2023,black,hisp,30-34,0.1058,synthetic_seed
ME,2023,black,hisp,35-39,0.0529,synthetic_seed
ME,2023,black,hisp,40-44,0.012696,synthetic_seed
ME,2023,black,hisp,45-49,0.001058,synthetic_seed
ME,2023,black,hisp,50-54,0.0,synthetic_seed
ME,2023,black,hisp,55-59,0.0,synthetic_seed
ME,2023,black,hisp,60-64,0.0,synthetic_seed
ME,2023,black,hisp,65-69,0.0,synthetic_seed
ME,2023,black,hisp,70-74,0.0,synthetic_seed
ME,2023,black,hisp,75-79,0.0,synthetic_seed
ME,2023,black,hisp,80-84,0.0,synthetic_seed
ME,2023,black,hisp,85+,0.0,synthetic_seed
ME,2023,asian,non-hisp,0-4,0.0,synthetic_seed
ME,2023,asian,non-hisp,5-9,0.0,synthetic_seed
ME,2023,asian,non-hisp,10-14,0.0,synthetic_seed
ME,2023,asian,non-hisp,15-19,0.0138,synthetic_seed
ME,2023,asian,non-hisp,20-24,0.0598,synthetic_seed
ME,2023,asian,non-hisp,25-29,0.092,synthetic_seed
ME,2023,asian,non-hisp,30-34,0.092,synthetic_seed
ME,2023,asian,non-hisp,35-39,0.046,synthetic_seed
ME,2023,asian,non-hisp,40-44,0.01104,synthetic_seed
ME,2023,asian,non-hisp,45-49,0.00092,synthetic_seed
ME,2023,asian,non-hisp,50-54,0.0,synthetic_seed
ME,2023,asian,non-hisp,55-59,0.0,synthetic_seed
ME,2023,asian,non-hisp,60-64,0.0,synthetic_seed
ME,2023,asian,non-hisp,65-69,0.0,synthetic_seed
ME,2023,asian,non-hisp,70-74,0.0,synthetic_seed
ME,2023,asian,non-hisp,75-79,0.0,synthetic_seed
ME,2023,asian,non-hisp,80-84,0.0,synthetic_seed
ME,2023,asian,non-hisp,85+,0.0,synthetic_seed
ME,2023,asian,hisp,0-4,0.0,synthetic_seed
ME,2023,asian,hisp,5-9,0.0,synthetic_seed
ME,2023,asian,hisp,10-14,0.0,synthetic_seed
ME,2023,asian,hisp,15-19,0.01587,synthetic_seed
ME,2023,asian,hisp,20-24,0.06877,synthetic_seed
ME,2023,asian,hisp,25-29,0.1058,synthetic_seed
ME,2023,asian,hisp,30-34,0.1058,synthetic_seed
ME,2023,asian,hisp,35-39,0.0529,synthetic_seed
ME,2023,asian,hisp,40-44,0.012696,synthetic_seed
ME,2023,asian,hisp,45-49,0.001058,synthetic_seed
ME,2023,asian,hisp,50-54,0.0,synthetic_seed
ME,2023,asian,hisp,55-59,0.0,synthetic_seed
ME,2023,asian,hisp,60-64,0.0,synthetic_seed
ME,2023,asian,hisp,65-69,0.0,synthetic_seed
ME,2023,asian,hisp,70-74,0.0,synthetic_seed
ME,2023,asian,hisp,75-79,0.0,synthetic_seed
ME,2023,asian,hisp,80-84,0.0,synthetic_seed
ME,2023,asian,hisp,85+,0.0,synthetic_seed
ME,2023,other,non-hisp,0-4,0.0,synthetic_seed
ME,2023,other,non-hisp,5-9,0.0,synthetic_seed
ME,2023,other,non-hisp,10-14,0.0,synthetic_seed
ME,2023,other,non-hisp,15-19,0.014904,synthetic_seed
ME,2023,other,non-hisp,20-24,0.064584,synthetic_seed
ME,2023,other,non-hisp,25-29,0.09936,synthetic_seed
ME,2023,other,non-hisp,30-34,0.09936,synthetic_seed
ME,2023,other,non-hisp,35-39,0.04968,synthetic_seed
ME,2023,other,non-hisp,40-44,0.011923,synthetic_seed
ME,2023,other,non-hisp,45-49,0.000994,synthetic_seed
ME,2023,other,non-hisp,50-54,0.0,synthetic_seed
ME,2023,other,non-hisp,55-59,0.0,synthetic_seed
ME,2023,other,non-hisp,60-64,0.0,synthetic_seed
ME,2023,other,non-hisp,65-69,0.0,synthetic_seed
ME,2023,other,non-hisp,70-74,0.0,synthetic_seed
ME,2023,other,non-hisp,75-79,0.0,synthetic_seed
ME,2023,other,non-hisp,80-84,0.0,synthetic_seed
ME,2023,other,non-hisp,85+,0.0,synthetic_seed
ME,2023,other,hisp,0-4,0.0,synthetic_seed
ME,2023,other,hisp,5-9,0.0,synthetic_seed
ME,2023,other,hisp,10-14,0.0,synthetic_seed
ME,2023,other,hisp,15-19,0.01587,synthetic_seed
ME,2023,other,hisp,20-24,0.06877,synthetic_seed
ME,2023,other,hisp,25-29,0.1058,synthetic_seed
ME,2023,other,hisp,30-34,0.1058,synthetic_seed
ME,2023,other,hisp,35-39,0.0529,synthetic_seed
ME,2023,other,hisp,40-44,0.012696,synthetic_seed
ME,2023,other,hisp,45-49,0.001058,synthetic_seed
ME,2023,other,hisp,50-54,0.0,synthetic_seed
ME,2023,other,hisp,55-59,0.0,synthetic_seed
ME,2023,other,hisp,60-64,0.0,synthetic_seed
ME,2023,other,hisp,65-69,0.0,synthetic_seed
ME,2023,other,hisp,70-74,0.0,synthetic_seed
ME,2023,other,hisp,75-79,0.0,synthetic_seed
ME,2023,other,hisp,80-84,0.0,synthetic_seed
ME,2023,other,hisp,85+,0.0,synthetic_seed
MD,2023,white,non-hisp,0-4,0.0,synthetic_seed
MD,2023,white,non-hisp,5-9,0.0,synthetic_seed
MD,2023,white,non-hisp,10-14,0.0,synthetic_seed
MD,2023,white,non-hisp,15-19,0.01575,synthetic_seed
MD,2023,white,non-hisp,20-24,0.06825,synthetic_seed
MD,2023,white,non-hisp,25-29,0.105,synthetic_seed
MD,2023,white,non-hisp,30-34,0.105,synthetic_seed
MD,2023,white,non-hisp,35-39,0.0525,synthetic_seed
MD,2023,white,non-hisp,40-44,0.0126,synthetic_seed
MD,2023,white,non-hisp,45-49,0.00105,synthetic_seed
MD,2023,white,non-hisp,50-54,0.0,synthetic_seed
MD,2023,white,non-hisp,55-59,0.0,synthetic_seed
MD,2023,white,non-hisp,60-64,0.0,synthetic_seed
MD,2023,white,non-hisp,65-69,0.0,synthetic_seed
MD,2023,white,non-hisp,70-74,0.0,synthetic_seed
MD,2023,white,non-hisp,75-79,0.0,synthetic_seed
MD,2023,white,non-hisp,80-84,0.0,synthetic_seed
MD,2023,white,non-hisp,85+,0.0,synthetic_seed
MD,2023,white,hisp,0-4,0.0,synthetic_seed
MD,2023,white,hisp,5-9,0.0,synthetic_seed
MD,2023,white,hisp,10-14,0.0,synthetic_seed
MD,2023,white,hisp,15-19,0.018113,synthetic_seed
MD,2023,white,hisp,20-24,0.078488,synthetic_seed
MD,2023,white,hisp,25-29,0.12075,synthetic_seed
MD,2023,white,hisp,30-34,0.12075,synthetic_seed
MD,2023,white,hisp,35-39,0.060375,synthetic_seed
MD,2023,white,hisp,40-44,0.01449,synthetic_seed
MD,2023,white,hisp,45-49,0.001208,synthetic_seed
MD,2023,white,hisp,50-54,0.0,synthetic_seed
MD,2023,white,hisp,55-59,0.0,synthetic_seed
MD,2023,white,hisp,60-64,0.0,synthetic_seed
MD,2023,white,hisp,65-69,0.0,synthetic_seed
MD,2023,white,hisp,70-74,0.0,synthetic_seed
MD,2023,white,hisp,75-79,0.0,synthetic_seed
MD,2023,white,hisp,80-84,0.0,synthetic_seed
MD,2023,white,hisp,85+,0.0,synthetic_seed
MD,2023,black,non-hisp,0-4,0.0,synthetic_seed
MD,2023,black,non-hisp,5-9,0.0,synthetic_seed
MD,2023,black,non-hisp,10-14,0.0,synthetic_seed
MD,2023,black,non-hisp,15-19,0.01575,synthetic_seed
MD,2023,black,non-hisp,20-24,0.06825,synthetic_seed
MD,2023,black,non-hisp,25-29,0.105,synthetic_seed
MD,2023,black,non-hisp,30-34,0.105,synthetic_seed
MD,2023,black,non-hisp,35-39,0.0525,synthetic_seed
MD,2023,black,non-hisp,40-44,0.0126,synthetic_seed
MD,2023,black,non-hisp,45-49,0.00105,synthetic_seed
MD,2023,black,non-hisp,50-54,0.0,synthetic_seed
MD,2023,black,non-hisp,55-59,0.0,synthetic_seed
MD,2023,black,non-hisp,60-64,0.0,synthetic_seed
MD,2023,black,non-hisp,65-69,0.0,synthetic_seed
MD,2023,black,non-hisp,70-74,0.0,synthetic_seed
MD,2023,black,non-hisp,75-79,0.0,synthetic_seed
MD,2023,black,non-hisp,80-84,0.0,synthetic_seed
MD,2023,black,non-hisp,85+,0.0,synthetic_seed
MD,2023,black,hisp,0-4,0.0,synthetic_seed
MD,2023,black,hisp,5-9,0.0,synthetic_seed
MD,2023,black,hisp,10-14,0.0,synthetic_seed
MD,2023,black,hisp,15-19,0.018113,synthetic_seed
MD,2023,black,hisp,20-24,0.078488,synthetic_seed
MD,2023,black,hisp,25-29,0.12075,synthetic_seed
MD,2023,black,hisp,30-34,0.12075,synthetic_seed
MD,2023,black,hisp,35-39,0.060375,synthetic_seed
MD,2023,black,hisp,40-44,0.01449,synthetic_seed
MD,2023,black,hisp,45-49,0.001208,synthetic_seed
MD,2023,black,hisp,50-54,0.0,synthetic_seed
MD,2023,black,hisp,55-59,0.0,synthetic_seed
MD,2023,black,hisp,60-64,0.0,synthetic_seed
MD,2023,black,hisp,65-69,0.0,synthetic_seed
MD,2023,black,hisp,70-74,0.0,synthetic_seed
MD,2023,black,hisp,75-79,0.0,synthetic_seed
MD,2023,black,hisp,80-84,0.0,synthetic_seed
MD,2023,black,hisp,85+,0.0,synthetic_seed
MD,2023,asian,non-hisp,0-4,0.0,synthetic_seed
MD,2023,asian,non-hisp,5-9,0.0,synthetic_seed
MD,2023,asian,non-hisp,10-14,0.0,synthetic_seed
MD,2023,asian,non-hisp,15-19,0.01575,synthetic_seed
MD,2023,asian,non-hisp,20-24,0.06825,synthetic_seed
MD,2023,asian,non-hisp,25-29,0.105,synthetic_seed
MD,2023,asian,non-hisp,30-34,0.105,synthetic_seed
MD,2023,asian,non-hisp,35-39,0.0525,synthetic_seed
MD,2023,asian,non-hisp,40-44,0.0126,synthetic_seed
MD,2023,asian,non-hisp,45-49,0.00105,synthetic_seed
MD,2023,asian,non-hisp,50-54,0.0,synthetic_seed
MD,2023,asian,non-hisp,55-59,0.0,synthetic_seed
MD,2023,asian,non-hisp,60-64,0.0,synthetic_seed
MD,2023,asian,non-hisp,65-69,0.0,synthetic_seed
MD,2023,asian,non-hisp,70-74,0.0,synthetic_seed
MD,2023,asian,non-hisp,75-79,0.0,synthetic_seed
MD,2023,asian,non-hisp,80-84,0.0,synthetic_seed
MD,2023,asian,non-hisp,85+,0.0,synthetic_seed
MD,2023,asian,hisp,0-4,0.0,synthetic_seed
MD,2023,asian,hisp,5-9,0.0,synthetic_seed
MD,2023,asian,hisp,10-14,0.0,synthetic_seed
MD,2023,asian,hisp,15-19,0.018113,synthetic_seed
MD,2023,asian,hisp,20-24,0.078488,synthetic_seed
MD,2023,asian,hisp,25-29,0.12075,synthetic_seed
MD,2023,asian,hisp,30-34,0.12075,synthetic_seed
MD,2023,asian,hisp,35-39,0.060375,synthetic_seed
MD,2023,asian,hisp,40-44,0.01449,synthetic_seed
MD,2023,asian,hisp,45-49,0.001208,synthetic_seed
MD,2023,asian,hisp,50-54,0.0,synthetic_seed
MD,2023,asian,hisp,55-59,0.0,synthetic_seed
MD,2023,asian,hisp,60-64,0.0,synthetic_seed
MD,2023,asian,hisp,65-69,0.0,synthetic_seed
MD,2023,asian,hisp,70-74,0.0,synthetic_seed
MD,2023,asian,hisp,75-79,0.0,synthetic_seed
MD,2023,asian,hisp,80-84,0.0,synthetic_seed
MD,2023,asian,hisp,85+,0.0,synthetic_seed
MD,2023,other,non-hisp,0-4,0.0,synthetic_seed
MD,2023,other,non-hisp,5-9,0.0,synthetic_seed
MD,2023,other,non-hisp,10-14,0.0,synthetic_seed
MD,2023,other,non-hisp,15-19,0.01701,synthetic_seed
MD,2023,other,non-hisp,20-24,0.07371,synthetic_seed
MD,2023,other,non-hisp,25-29,0.1134,synthetic_seed
MD,2023,other,non-hisp,30-34,0.1134,synthetic_seed
MD,2023,other,non-hisp,35-39,0.0567,synthetic_seed
MD,2023,other,non-hisp,40-44,0.013608,synthetic_seed
MD,2023,other,non-hisp,45-49,0.001134,synthetic_seed
MD,2023,other,non-hisp,50-54,0.0,synthetic_seed
MD,2023,other,non-hisp,55-59,0.0,synthetic_seed
MD,2023,other,non-hisp,60-64,0.0,synthetic_seed
MD,2023,other,non-hisp,65-69,0.0,synthetic_seed
MD,2023,other,non-hisp,70-74,0.0,synthetic_seed
MD,2023,other,non-hisp,75-79,0.0,synthetic_seed
MD,2023,other,non-hisp,80-84,0.0,synthetic_seed
MD,2023,other,non-hisp,85+,0.0,synthetic_seed
MD,2023,other,hisp,0-4,0.0,synthetic_seed
MD,2023,other,hisp,5-9,0.0,synthetic_seed
MD,2023,other,hisp,10-14,0.0,synthetic_seed
MD,2023,other,hisp,15-19,0.018113,synthetic_seed
MD,2023,other,hisp,20-24,0.078488,synthetic_seed
MD,2023,other,hisp,25-29,0.12075,synthetic_seed
MD,2023,other,hisp,30-34,0.12075,synthetic_seed
MD,2023,other,hisp,35-39,0.060375,synthetic_seed
MD,2023,other,hisp,40-44,0.01449,synthetic_seed
MD,2023,other,hisp,45-49,0.001208,synthetic_seed
MD,2023,other,hisp,50-54,0.0,synthetic_seed
MD,2023,other,hisp,55-59,0.0,synthetic_seed
MD,2023,other,hisp,60-64,0.0,synthetic_seed
MD,2023,other,hisp,65-69,0.0,synthetic_seed
MD,2023,other,hisp,70-74,0.0,synthetic_seed
MD,2023,other,hisp,75-79,0.0,synthetic_seed
MD,2023,other,hisp,80-84,0.0,synthetic_seed
MD,2023,other,hisp,85+,0.0,synthetic_seed
MA,2023,white,non-hisp,0-4,0.0,synthetic_seed
MA,2023,white,non-hisp,5-9,0.0,synthetic_seed
MA,2023,white,non-hisp,10-14,0.0,synthetic_seed
MA,2023,white,non-hisp,15-19,0.0138,synthetic_seed
MA,2023,white,non-hisp,20-24,0.0598,synthetic_seed
MA,2023,white,non-hisp,25-29,0.092,synthetic_seed
MA,2023,white,non-hisp,30-34,0.092,synthetic_seed
MA,2023,white,non-hisp,35-39,0.046,synthetic_seed
MA,2023,white,non-hisp,40-44,0.01104,synthetic_seed
MA,2023,white,non-hisp,45-49,0.00092,synthetic_seed
MA,2023,white,non-hisp,50-54,0.0,synthetic_seed
MA,2023,white,non-hisp,55-59,0.0,synthetic_seed
MA,2023,white,non-hisp,60-64,0.0,synthetic_seed
MA,2023,white,non-hisp,65-69,0.0,synthetic_seed
MA,2023,white,non-hisp,70-74,0.0,synthetic_seed
MA,2023,white,non-hisp,75-79,0.0,synthetic_seed
MA,2023,white,non-hisp,80-84,0.0,synthetic_seed
MA,2023,white,non-hisp,85+,0.0,synthetic_seed
MA,2023,white,hisp,0-4,0.0,synthetic_seed
MA,2023,white,hisp,5-9,0.0,synthetic_seed
MA,2023,white,hisp,10-14,0.0,synthetic_seed
MA,2023,white,hisp,15-19,0.01587,synthetic_seed
MA,2023,white,hisp,20-24,0.06877,synthetic_seed
MA,2023,white,hisp,25-29,0.1058,synthetic_seed
MA,2023,white,hisp,30-34,0.1058,synthetic_seed
MA,2023,white,hisp,35-39,0.0529,synthetic_seed
MA,2023,white,hisp,40-44,0.012696,synthetic_seed
MA,2023,white,hisp,45-49,0.001058,synthetic_seed
MA,2023,white,hisp,50-54,0.0,synthetic_seed
MA,2023,white,hisp,55-59,0.0,synthetic_seed
MA,2023,white,hisp,60-64,0.0,synthetic_seed
MA,2023,white,hisp,65-69,0.0,synthetic_seed
MA,2023,white,hisp,70-74,0.0,synthetic_seed
MA,2023,white,hisp,75-79,0.0,synthetic_seed
MA,2023,white,hisp,80-84,0.0,synthetic_seed
MA,2023,white,hisp,85+,0.0,synthetic_seed
MA,2023,black,non-hisp,0-4,0.0,synthetic_seed
MA,2023,black,non-hisp,5-9,0.0,synthetic_seed
MA,2023,black,non-hisp,10-14,0.0,synthetic_seed
MA,2023,black,non-hisp,15-19,0.0138,synthetic_seed
MA,2023,black,non-hisp,20-24,0.0598,synthetic_seed
MA,2023,black,non-hisp,25-29,0.092,synthetic_seed
MA,2023,black,non-hisp,30-34,0.092,synthetic_seed
MA,2023,black,non-hisp,35-39,0.046,synthetic_seed
MA,2023,black,non-hisp,40-44,0.01104,synthetic_seed
MA,2023,black,non-hisp,45-49,0.00092,synthetic_seed
MA,2023,black,non-hisp,50-54,0.0,synthetic_seed
MA,2023,black,non-hisp,55-59,0.0,synthetic_seed
MA,2023,black,non-hisp,60-64,0.0,synthetic_seed
MA,2023,black,non-hisp,65-69,0.0,synthetic_seed
MA,2023,black,non-hisp,70-74,0.0,synthetic_seed
MA,2023,black,non-hisp,75-79,0.0,synthetic_seed
MA,2023,black,non-hisp,80-84,0.0,synthetic_seed
MA,2023,black,non-hisp,85+,0.0,synthetic_seed
MA,2023,black,hisp,0-4,0.0,synthetic_seed
MA,2023,black,hisp,5-9,0.0,synthetic_seed
MA,2023,black,hisp,10-14,0.0,synthetic_seed
MA,2023,black,hisp,15-19,0.01587,synthetic_seed
MA,2023,black,hisp,20-24,0.06877,synthetic_seed
MA,2023,black,hisp,25-29,0.1058,synthetic_seed
MA,2023,black,hisp,30-34,0.1058,synthetic_seed
MA,2023,black,hisp,35-39,0.0529,synthetic_seed
MA,2023,black,hisp,40-44,0.012696,synthetic_seed
MA,2023,black,hisp,45-49,0.001058,synthetic_seed
MA,2023,black,hisp,50-54,0.0,synthetic_seed
MA,2023,black,hisp,55-59,0.0,synthetic_seed
MA,2023,black,hisp,60-64,0.0,synthetic_seed
MA,2023,black,hisp,65-69,0.0,synthetic_seed
MA,2023,black,hisp,70-74,0.0,synthetic_seed
MA,2023,black,hisp,75-79,0.0,synthetic_seed
MA,2023,black,hisp,80-84,0.0,synthetic_seed
MA,2023,black,hisp,85+,0.0,synthetic_seed
MA,2023,asian,non-hisp,0-4,0.0,synthetic_seed
MA,2023,asian,non-hisp,5-9,0.0,synthetic_seed
MA,2023,asian,non-hisp,10-14,0.0,synthetic_seed
MA,2023,asian,non-hisp,15-19,0.0138,synthetic_seed
MA,2023,asian,non-hisp,20-24,0.0598,synthetic_seed
MA,2023,asian,non-hisp,25-29,0.092,synthetic_seed
MA,2023,asian,non-hisp,30-34,0.092,synthetic_seed
MA,2023,asian,non-hisp,35-39,0.046,synthetic_seed
MA,2023,asian,non-hisp,40-44,0.01104,synthetic_seed
MA,2023,asian,non-hisp,45-49,0.00092,synthetic_seed
MA,2023,asian,non-hisp,50-54,0.0,synthetic_seed
MA,2023,asian,non-hisp,55-59,0.0,synthetic_seed
MA,2023,asian,non-hisp,60-64,0.0,synthetic_seed
MA,2023,asian,non-hisp,65-69,0.0,synthetic_seed
MA,2023,asian,non-hisp,70-74,0.0,synthetic_seed
MA,2023,asian,non-hisp,75-79,0.0,synthetic_seed
MA,2023,asian,non-hisp,80-84,0.0,synthetic_seed
MA,2023,asian,non-hisp,85+,0.0,synthetic_seed
MA,2023,asian,hisp,0-4,0.0,synthetic_seed
MA,2023,asian,hisp,5-9,0.0,synthetic_seed
MA,2023,asian,hisp,10-14,0.0,synthetic_seed
MA,2023,asian,hisp,15-19,0.01587,synthetic_seed
MA,2023,asian,hisp,20-24,0.06877,synthetic_seed
MA,2023,asian,hisp,25-29,0.1058,synthetic_seed
MA,2023,asian,hisp,30-34,0.1058,synthetic_seed
MA,2023,asian,hisp,35-39,0.0529,synthetic_seed
MA,2023,asian,hisp,40-44,0.012696,synthetic_seed
MA,2023,asian,hisp,45-49,0.001058,synthetic_seed
MA,2023,asian,hisp,50-54,0.0,synthetic_seed
MA,2023,asian,hisp,55-59,0.0,synthetic_seed
MA,2023,asian,hisp,60-64,0.0,synthetic_seed
MA,2023,asian,hisp,65-69,0.0,synthetic_seed
MA,2023,asian,hisp,70-74,0.0,synthetic_seed
MA,2023,asian,hisp,75-79,0.0,synthetic_seed
MA,2023,asian,hisp,80-84,0.0,synthetic_seed
MA,2023,asian,hisp,85+,0.0,synthetic_seed
MA,2023,other,non-hisp,0-4,0.0,synthetic_seed
MA,2023,other,non-hisp,5-9,0.0,synthetic_seed
MA,2023,other,non-hisp,10-14,0.0,synthetic_seed
MA,2023,other,non-hisp,15-19,0.014904,synthetic_seed
MA,2023,other,non-hisp,20-24,0.064584,synthetic_seed
MA,2023,other,non-hisp,25-29,0.09936,synthetic_seed
MA,2023,other,non-hisp,30-34,0.09936,synthetic_seed
MA,2023,other,non-hisp,35-39,0.04968,synthetic_seed
MA,2023,other,non-hisp,40-44,0.011923,synthetic_seed
MA,2023,other,non-hisp,45-49,0.000994,synthetic_seed
MA,2023,other,non-hisp,50-54,0.0,synthetic_seed
MA,2023,other,non-hisp,55-59,0.0,synthetic_seed
MA,2023,other,non-hisp,60-64,0.0,synthetic_seed
MA,2023,other,non-hisp,65-69,0.0,synthetic_seed
MA,2023,other,non-hisp,70-74,0.0,synthetic_seed
MA,2023,other,non-hisp,75-79,0.0,synthetic_seed
MA,2023,other,non-hisp,80-84,0.0,synthetic_seed
MA,2023,other,non-hisp,85+,0.0,synthetic_seed
MA,2023,other,hisp,0-4,0.0,synthetic_seed
MA,2023,other,hisp,5-9,0.0,synthetic_seed
MA,2023,other,hisp,10-14,0.0,synthetic_seed
MA,2023,other,hisp,15-19,0.01587,synthetic_seed
MA,2023,other,hisp,20-24,0.06877,synthetic_seed
MA,2023,other,hisp,25-29,0.1058,synthetic_seed
MA,2023,other,hisp,30-34,0.1058,synthetic_seed
MA,2023,other,hisp,35-39,0.0529,synthetic_seed
MA,2023,other,hisp,40-44,0.012696,synthetic_seed
MA,2023,other,hisp,45-49,0.001058,synthetic_seed
MA,2023,other,hisp,50-54,0.0,synthetic_seed
MA,2023,other,hisp,55-59,0.0,synthetic_seed
MA,2023,other,hisp,60-64,0.0,synthetic_seed
MA,2023,other,hisp,65-69,0.0,synthetic_seed
MA,2023,other,hisp,70-74,0.0,synthetic_seed
MA,2023,other,hisp,75-79,0.0,synthetic_seed
MA,2023,other,hisp,80-84,0.0,synthetic_seed
MA,2023,other,hisp,85+,0.0,synthetic_seed
MI,2023,white,non-hisp,0-4,0.0,synthetic_seed
MI,2023,white,non-hisp,5-9,0.0,synthetic_seed
MI,2023,white,non-hisp,10-14,0.0,synthetic_seed
MI,2023,white,non-hisp,15-19,0.0147,synthetic_seed
MI,2023,white,non-hisp,20-24,0.0637,synthetic_seed
MI,2023,white,non-hisp,25-29,0.098,synthetic_seed
MI,2023,white,non-hisp,30-34,0.098,synthetic_seed
MI,2023,white,non-hisp,35-39,0.049,synthetic_seed
MI,2023,white,non-hisp,40-44,0.01176,synthetic_seed
MI,2023,white,non-hisp,45-49,0.00098,synthetic_seed
MI,2023,white,non-hisp,50-54,0.0,synthetic_seed
MI,2023,white,non-hisp,55-59,0.0,synthetic_seed
MI,2023,white,non-hisp,60-64,0.0,synthetic_seed
MI,2023,white,non-hisp,65-69,0.0,synthetic_seed
MI,2023,white,non-hisp,70-74,0.0,synthetic_seed
MI,2023,white,non-hisp,75-79,0.0,synthetic_seed
MI,2023,white,non-hisp,80-84,0.0,synthetic_seed
MI,2023,white,non-hisp,85+,0.0,synthetic_seed
MI,2023,white,hisp,0-4,0.0,synthetic_seed
MI,2023,white,hisp,5-9,0.0,synthetic_seed
MI,2023,white,hisp,10-14,0.0,synthetic_seed
MI,2023,white,hisp,15-19,0.016905,synthetic_seed
MI,2023,white,hisp,20-24,0.073255,synthetic_seed
MI,2023,white,hisp,25-29,0.1127,synthetic_seed
MI,2023,white,hisp,30-34,0.1127,synthetic_seed
MI,2023,white,hisp,35-39,0.05635,synthetic_seed
MI,2023,white,hisp,40-44,0.013524,synthetic_seed
MI,2023,white,hisp,45-49,0.001127,synthetic_seed
MI,2023,white,hisp,50-54,0.0,synthetic_seed
MI,2023,white,hisp,55-59,0.0,synthetic_seed
MI,2023,white,hisp,60-64,0.0,synthetic_seed
MI,2023,white,hisp,65-69,0.0,synthetic_seed
MI,2023,white,hisp,70-74,0.0,synthetic_seed
MI,2023,white,hisp,75-79,0.0,synthetic_seed
MI,2023,white,hisp,80-84,0.0,synthetic_seed
MI,2023,white,hisp,85+,0.0,synthetic_seed
MI,2023,black,non-hisp,0-4,0.0,synthetic_seed
MI,2023,black,non-hisp,5-9,0.0,synthetic_seed
MI,2023,black,non-hisp,10-14,0.0,synthetic_seed
MI,2023,black,non-hisp,15-19,0.0147,synthetic_seed
MI,2023,black,non-hisp,20-24,0.0637,synthetic_seed
MI,2023,black,non-hisp,25-29,0.098,synthetic_seed
MI,2023,black,non-hisp,30-34,0.098,synthetic_seed
MI,2023,black,non-hisp,35-39,0.049,synthetic_seed
MI,2023,black,non-hisp,40-44,0.01176,synthetic_seed
MI,2023,black,non-hisp,45-49,0.00098,synthetic_seed
MI,2023,black,non-hisp,50-54,0.0,synthetic_seed
MI,2023,black,non-hisp,55-59,0.0,synthetic_seed
MI,2023,black,non-hisp,60-64,0.0,synthetic_seed
MI,2023,black,non-hisp,65-69,0.0,synthetic_seed
MI,2023,black,non-hisp,70-74,0.0,synthetic_seed
MI,2023,black,non-hisp,75-79,0.0,synthetic_seed
MI,2023,black,non-hisp,80-84,0.0,synthetic_seed
MI,2023,black,non-hisp,85+,0.0,synthetic_seed
MI,2023,black,hisp,0-4,0.0,synthetic_seed
MI,2023,black,hisp,5-9,0.0,synthetic_seed
MI,2023,black,hisp,10-14,0.0,synthetic_seed
MI,2023,black,hisp,15-19,0.016905,synthetic_seed
MI,2023,black,hisp,20-24,0.073255,synthetic_seed
MI,2023,black,hisp,25-29,0.1127,synthetic_seed
MI,2023,black,hisp,30-34,0.1127,synthetic_seed
MI,2023,black,hisp,35-39,0.05635,synthetic_seed
MI,2023,black,hisp,40-44,0.013524,synthetic_seed
MI,2023,black,hisp,45-49,0.001127,synthetic_seed
MI,2023,black,hisp,50-54,0.0,synthetic_seed
MI,2023,black,hisp,55-59,0.0,synthetic_seed
MI,2023,black,hisp,60-64,0.0,synthetic_seed
MI,2023,black,hisp,65-69,0.0,synthetic_seed
MI,2023,black,hisp,70-74,0.0,synthetic_seed
MI,2023,black,hisp,75-79,0.0,synthetic_seed
MI,2023,black,hisp,80-84,0.0,synthetic_seed
MI,2023,black,hisp,85+,0.0,synthetic_seed
MI,2023,asian,non-hisp,0-4,0.0,synthetic_seed
MI,2023,asian,non-hisp,5-9,0.0,synthetic_seed
MI,2023,asian,non-hisp,10-14,0.0,synthetic_seed
MI,2023,asian,non-hisp,15-19,0.0147,synthetic_seed
MI,2023,asian,non-hisp,20-24,0.0637,synthetic_seed
MI,2023,asian,non-hisp,25-29,0.098,synthetic_seed
MI,2023,asian,non-hisp,30-34,0.098,synthetic_seed
MI,2023,asian,non-hisp,35-39,0.049,synthetic_seed
MI,2023,asian,non-hisp,40-44,0.01176,synthetic_seed
MI,2023,asian,non-hisp,45-49,0.00098,synthetic_seed
MI,2023,asian,non-hisp,50-54,0.0,synthetic_seed
MI,2023,asian,non-hisp,55-59,0.0,synthetic_seed
MI,2023,asian,non-hisp,60-64,0.0,synthetic_seed
MI,2023,asian,non-hisp,65-69,0.0,synthetic_seed
MI,2023,asian,non-hisp,70-74,0.0,synthetic_seed
MI,2023,asian,non-hisp,75-79,0.0,synthetic_seed
MI,2023,asian,non-hisp,80-84,0.0,synthetic_seed
MI,2023,asian,non-hisp,85+,0.0,synthetic_seed
MI,2023,asian,hisp,0-4,0.0,synthetic_seed
MI,2023,asian,hisp,5-9,0.0,synthetic_seed
MI,2023,asian,hisp,10-14,0.0,synthetic_seed
MI,2023,asian,hisp,15-19,0.016905,synthetic_seed
MI,2023,asian,hisp,20-24,0.073255,synthetic_seed
MI,2023,asian,hisp,25-29,0.1127,synthetic_seed
MI,2023,asian,hisp,30-34,0.1127,synthetic_seed
MI,2023,asian,hisp,35-39,0.05635,synthetic_seed
MI,2023,asian,hisp,40-44,0.013524,synthetic_seed
MI,2023,asian,hisp,45-49,0.001127,synthetic_seed
MI,2023,asian,hisp,50-54,0.0,synthetic_seed
MI,2023,asian,hisp,55-59,0.0,synthetic_seed
MI,2023,asian,hisp,60-64,0.0,synthetic_seed
MI,2023,asian,hisp,65-69,0.0,synthetic_seed
MI,2023,asian,hisp,70-74,0.0,synthetic_seed
MI,2023,asian,hisp,75-79,0.0,synthetic_seed
MI,2023,asian,hisp,80-84,0.0,synthetic_seed
MI,2023,asian,hisp,85+,0.0,synthetic_seed
MI,2023,other,non-hisp,0-4,0.0,synthetic_seed
MI,2023,other,non-hisp,5-9,0.0,synthetic_seed
MI,2023,other,non-hisp,10-14,0.0,synthetic_seed
MI,2023,other,non-hisp,15-19,0.015876,synthetic_seed
MI,2023,other,non-hisp,20-24,0.068796,synthetic_seed
MI,2023,other,non-hisp,25-29,0.10584,synthetic_seed
MI,2023,other,non-hisp,30-34,0.10584,synthetic_seed
MI,2023,other,non-hisp,35-39,0.05292,synthetic_seed
MI,2023,other,non-hisp,40-44,0.012701,synthetic_seed
MI,2023,other,non-hisp,45-49,0.001058,synthetic_seed
MI,2023,other,non-hisp,50-54,0.0,synthetic_seed
MI,2023,other,non-hisp,55-59,0.0,synthetic_seed
MI,2023,other,non-hisp,60-64,0.0,synthetic_seed
MI,2023,other,non-hisp,65-69,0.0,synthetic_seed
MI,2023,other,non-hisp,70-74,0.0,synthetic_seed
MI,2023,other,non-hisp,75-79,0.0,synthetic_seed
MI,2023,other,non-hisp,80-84,0.0,synthetic_seed
MI,2023,other,non-hisp,85+,0.0,synthetic_seed
MI,2023,other,hisp,0-4,0.0,synthetic_seed
MI,2023,other,hisp,5-9,0.0,synthetic_seed
MI,2023,other,hisp,10-14,0.0,synthetic_seed
MI,2023,other,hisp,15-19,0.016905,synthetic_seed
MI,2023,other,hisp,20-24,0.073255,synthetic_seed
MI,2023,other,hisp,25-29,0.1127,synthetic_seed
MI,2023,other,hisp,30-34,0.1127,synthetic_seed
MI,2023,other,hisp,35-39,0.05635,synthetic_seed
MI,2023,other,hisp,40-44,0.013524,synthetic_seed
MI,2023,other,hisp,45-49,0.001127,synthetic_seed
MI,2023,other,hisp,50-54,0.0,synthetic_seed
MI,2023,other,hisp,55-59,0.0,synthetic_seed
MI,2023,other,hisp,60-64,0.0,synthetic_seed
MI,2023,other,hisp,65-69,0.0,synthetic_seed
MI,2023,other,hisp,70-74,0.0,synthetic_seed
MI,2023,other,hisp,75-79,0.0,synthetic_seed
MI,2023,other,hisp,80-84,0.0,synthetic_seed
MI,2023,other,hisp,85+,0.0,synthetic_seed
MN,2023,white,non-hisp,0-4,0.0,synthetic_seed
MN,2023,white,non-hisp,5-9,0.0,synthetic_seed
MN,2023,white,non-hisp,10-14,0.0,synthetic_seed
MN,2023,white,non-hisp,15-19,0.0147,synthetic_seed
MN,2023,white,non-hisp,20-24,0.0637,synthetic_seed
MN,2023,white,non-hisp,25-29,0.098,synthetic_seed
MN,2023,white,non-hisp,30-34,0.098,synthetic_seed
MN,2023,white,non-hisp,35-39,0.049,synthetic_seed
MN,2023,white,non-hisp,40-44,0.01176,synthetic_seed
MN,2023,white,non-hisp,45-49,0.00098,synthetic_seed
MN,2023,white,non-hisp,50-54,0.0,synthetic_seed
MN,2023,white,non-hisp,55-59,0.0,synthetic_seed
MN,2023,white,non-hisp,60-64,0.0,synthetic_seed
MN,2023,white,non-hisp,65-69,0.0,synthetic_seed
MN,2023,white,non-hisp,70-74,0.0,synthetic_seed
MN,2023,white,non-hisp,75-79,0.0,synthetic_seed
MN,2023,white,non-hisp,80-84,0.0,synthetic_seed
MN,2023,white,non-hisp,85+,0.0,synthetic_seed
MN,2023,white,hisp,0-4,0.0,synthetic_seed
MN,2023,white,hisp,5-9,0.0,synthetic_seed
MN,2023,white,hisp,10-14,0.0,synthetic_seed
MN,2023,white,hisp,15-19,0.016905,synthetic_seed
MN,2023,white,hisp,20-24,0.073255,synthetic_seed
MN,2023,white,hisp,25-29,0.1127,synthetic_seed
MN,2023,white,hisp,30-34,0.1127,synthetic_seed
MN,2023,white,hisp,35-39,0.05635,synthetic_seed
MN,2023,white,hisp,40-44,0.013524,synthetic_seed
MN,2023,white,hisp,45-49,0.001127,synthetic_seed
MN,2023,white,hisp,50-54,0.0,synthetic_seed
MN,2023,white,hisp,55-59,0.0,synthetic_seed
MN,2023,white,hisp,60-64,0.0,synthetic_seed
MN,2023,white,hisp,65-69,0.0,synthetic_seed
MN,2023,white,hisp,70-74,0.0,synthetic_seed
MN,2023,white,hisp,75-79,0.0,synthetic_seed
MN,2023,white,hisp,80-84,0.0,synthetic_seed
MN,2023,white,hisp,85+,0.0,synthetic_seed
MN,2023,black,non-hisp,0-4,0.0,synthetic_seed
MN,2023,black,non-hisp,5-9,0.0,synthetic_seed
MN,2023,black,non-hisp,10-14,0.0,synthetic_seed
MN,2023,black,non-hisp,15-19,0.0147,synthetic_seed
MN,2023,black,non-hisp,20-24,0.0637,synthetic_seed
MN,2023,black,non-hisp,25-29,0.098,synthetic_seed
MN,2023,black,non-hisp,30-34,0.098,synthetic_seed
MN,2023,black,non-hisp,35-39,0.049,synthetic_seed
MN,2023,black,non-hisp,40-44,0.01176,synthetic_seed
MN,2023,black,non-hisp,45-49,0.00098,synthetic_seed
MN,2023,black,non-hisp,50-54,0.0,synthetic_seed
MN,2023,black,non-hisp,55-59,0.0,synthetic_seed
MN,2023,black,non-hisp,60-64,0.0,synthetic_seed
MN,2023,black,non-hisp,65-69,0.0,synthetic_seed
MN,2023,black,non-hisp,70-74,0.0,synthetic_seed
MN,2023,black,non-hisp,75-79,0.0,synthetic_seed
MN,2023,black,non-hisp,80-84,0.0,synthetic_seed
MN,2023,black,non-hisp,85+,0.0,synthetic_seed
MN,2023,black,hisp,0-4,0.0,synthetic_seed
MN,2023,black,hisp,5-9,0.0,synthetic_seed
MN,2023,black,hisp,10-14,0.0,synthetic_seed
MN,2023,black,hisp,15-19,0.016905,synthetic_seed
MN,2023,black,hisp,20-24,0.073255,synthetic_seed
MN,2023,black,hisp,25-29,0.1127,synthetic_seed
MN,2023,black,hisp,30-34,0.1127,synthetic_seed
MN,2023,black,hisp,35-39,0.05635,synthetic_seed
MN,2023,black,hisp,40-44,0.013524,synthetic_seed
MN,2023,black,hisp,45-49,0.001127,synthetic_seed
MN,2023,black,hisp,50-54,0.0,synthetic_seed
MN,2023,black,hisp,55-59,0.0,synthetic_seed
MN,2023,black,hisp,60-64,0.0,synthetic_seed
MN,2023,black,hisp,65-69,0.0,synthetic_seed
MN,2023,black,hisp,70-74,0.0,synthetic_seed
MN,2023,black,hisp,75-79,0.0,synthetic_seed
MN,2023,black,hisp,80-84,0.0,synthetic_seed
MN,2023,black,hisp,85+,0.0,synthetic_seed
MN,2023,asian,non-hisp,0-4,0.0,synthetic_seed
MN,2023,asian,non-hisp,5-9,0.0,synthetic_seed
MN,2023,asian,non-hisp,10-14,0.0,synthetic_seed
MN,2023,asian,non-hisp,15-19,0.0147,synthetic_seed
MN,2023,asian,non-hisp,20-24,0.0637,synthetic_seed
MN,2023,asian,non-hisp,25-29,0.098,synthetic_seed
MN,2023,asian,non-hisp,30-34,0.098,synthetic_seed
MN,2023,asian,non-hisp,35-39,0.049,synthetic_seed
MN,2023,asian,non-hisp,40-44,0.01176,synthetic_seed
MN,2023,asian,non-hisp,45-49,0.00098,synthetic_seed
MN,2023,asian,non-hisp,50-54,0.0,synthetic_seed
MN,2023,asian,non-hisp,55-59,0.0,synthetic_seed
MN,2023,asian,non-hisp,60-64,0.0,synthetic_seed
MN,2023,asian,non-hisp,65-69,0.0,synthetic_seed
MN,2023,asian,non-hisp,70-74,0.0,synthetic_seed
MN,2023,asian,non-hisp,75-79,0.0,synthetic_seed
MN,2023,asian,non-hisp,80-84,0.0,synthetic_seed
MN,2023,asian,non-hisp,85+,0.0,synthetic_seed
MN,2023,asian,hisp,0-4,0.0,synthetic_seed
MN,2023,asian,hisp,5-9,0.0,synthetic_seed
MN,2023,asian,hisp,10-14,0.0,synthetic_seed
MN,2023,asian,hisp,15-19,0.016905,synthetic_seed
MN,2023,asian,hisp,20-24,0.073255,synthetic_seed
MN,2023,asian,hisp,25-29,0.1127,synthetic_seed
MN,2023,asian,hisp,30-34,0.1127,synthetic_seed
MN,2023,asian,hisp,35-39,0.05635,synthetic_seed
MN,2023,asian,hisp,40-44,0.013524,synthetic_seed
MN,2023,asian,hisp,45-49,0.001127,synthetic_seed
MN,2023,asian,hisp,50-54,0.0,synthetic_seed
MN,2023,asian,hisp,55-59,0.0,synthetic_seed
MN,2023,asian,hisp,60-64,0.0,synthetic_seed
MN,2023,asian,hisp,65-69,0.0,synthetic_seed
MN,2023,asian,hisp,70-74,0.0,synthetic_seed
MN,2023,asian,hisp,75-79,0.0,synthetic_seed
MN,2023,asian,hisp,80-84,0.0,synthetic_seed
MN,2023,asian,hisp,85+,0.0,synthetic_seed
MN,2023,other,non-hisp,0-4,0.0,synthetic_seed
MN,2023,other,non-hisp,5-9,0.0,synthetic_seed
MN,2023,other,non-hisp,10-14,0.0,synthetic_seed
MN,2023,other,non-hisp,15-19,0.015876,synthetic_seed
MN,2023,other,non-hisp,20-24,0.068796,synthetic_seed
MN,2023,other,non-hisp,25-29,0.10584,synthetic_seed
MN,2023,other,non-hisp,30-34,0.10584,synthetic_seed
MN,2023,other,non-hisp,35-39,0.05292,synthetic_seed
MN,2023,other,non-hisp,40-44,0.012701,synthetic_seed
MN,2023,other,non-hisp,45-49,0.001058,synthetic_seed
MN,2023,other,non-hisp,50-54,0.0,synthetic_seed
MN,2023,other,non-hisp,55-59,0.0,synthetic_seed
MN,2023,other,non-hisp,60-64,0.0,synthetic_seed
MN,2023,other,non-hisp,65-69,0.0,synthetic_seed
MN,2023,other,non-hisp,70-74,0.0,synthetic_seed
MN,2023,other,non-hisp,75-79,0.0,synthetic_seed
MN,2023,other,non-hisp,80-84,0.0,synthetic_seed
MN,2023,other,non-hisp,85+,0.0,synthetic_seed
MN,2023,other,hisp,0-4,0.0,synthetic_seed
MN,2023,other,hisp,5-9,0.0,synthetic_seed
MN,2023,other,hisp,10-14,0.0,synthetic_seed
MN,2023,other,hisp,15-19,0.016905,synthetic_seed
MN,2023,other,hisp,20-24,0.073255,synthetic_seed
MN,2023,other,hisp,25-29,0.1127,synthetic_seed
MN,2023,other,hisp,30-34,0.1127,synthetic_seed
MN,2023,other,hisp,35-39,0.05635,synthetic_seed
MN,2023,other,hisp,40-44,0.013524,synthetic_seed
MN,2023,other,hisp,45-49,0.001127,synthetic_seed
MN,2023,other,hisp,50-54,0.0,synthetic_seed
MN,2023,other,hisp,55-59,0.0,synthetic_seed
MN,2023,other,hisp,60-64,0.0,synthetic_seed
MN,2023,other,hisp,65-69,0.0,synthetic_seed
MN,2023,other,hisp,70-74,0.0,synthetic_seed
MN,2023,other,hisp,75-79,0.0,synthetic_seed
MN,2023,other,hisp,80-84,0.0,synthetic_seed
MN,2023,other,hisp,85+,0.0,synthetic_seed
MS,2023,white,non-hisp,0-4,0.0,synthetic_seed
MS,2023,white,non-hisp,5-9,0.0,synthetic_seed
MS,2023,white,non-hisp,10-14,0.0,synthetic_seed
MS,2023,white,non-hisp,15-19,0.01575,synthetic_seed
MS,2023,white,non-hisp,20-24,0.06825,synthetic_seed
MS,2023,white,non-hisp,25-29,0.105,synthetic_seed
MS,2023,white,non-hisp,30-34,0.105,synthetic_seed
MS,2023,white,non-hisp,35-39,0.0525,synthetic_seed
MS,2023,white,non-hisp,40-44,0.0126,synthetic_seed
MS,2023,white,non-hisp,45-49,0.00105,synthetic_seed
MS,2023,white,non-hisp,50-54,0.0,synthetic_seed
MS,2023,white,non-hisp,55-59,0.0,synthetic_seed
MS,2023,white,non-hisp,60-64,0.0,synthetic_seed
MS,2023,white,non-hisp,65-69,0.0,synthetic_seed
MS,2023,white,non-hisp,70-74,0.0,synthetic_seed
MS,2023,white,non-hisp,75-79,0.0,synthetic_seed
MS,2023,white,non-hisp,80-84,0.0,synthetic_seed
MS,2023,white,non-hisp,85+,0.0,synthetic_seed
MS,2023,white,hisp,0-4,0.0,synthetic_seed
MS,2023,white,hisp,5-9,0.0,synthetic_seed
MS,2023,white,hisp,10-14,0.0,synthetic_seed
MS,2023,white,hisp,15-19,0.018113,synthetic_seed
MS,2023,white,hisp,20-24,0.078488,synthetic_seed
MS,2023,white,hisp,25-29,0.12075,synthetic_seed
MS,2023,white,hisp,30-34,0.12075,synthetic_seed
MS,2023,white,hisp,35-39,0.060375,synthetic_seed
MS,2023,white,hisp,40-44,0.01449,synthetic_seed
MS,2023,white,hisp,45-49,0.001208,synthetic_seed
MS,2023,white,hisp,50-54,0.0,synthetic_seed
MS,2023,white,hisp,55-59,0.0,synthetic_seed
MS,2023,white,hisp,60-64,0.0,synthetic_seed
MS,2023,white,hisp,65-69,0.0,synthetic_seed
MS,2023,white,hisp,70-74,0.0,synthetic_seed
MS,2023,white,hisp,75-79,0.0,synthetic_seed
MS,2023,white,hisp,80-84,0.0,synthetic_seed
MS,2023,white,hisp,85+,0.0,synthetic_seed
MS,2023,black,non-hisp,0-4,0.0,synthetic_seed
MS,2023,black,non-hisp,5-9,0.0,synthetic_seed
MS,2023,black,non-hisp,10-14,0.0,synthetic_seed
MS,2023,black,non-hisp,15-19,0.01575,synthetic_seed
MS,2023,black,non-hisp,20-24,0.06825,synthetic_seed
MS,2023,black,non-hisp,25-29,0.105,synthetic_seed
MS,2023,black,non-hisp,30-34,0.105,synthetic_seed
MS,2023,black,non-hisp,35-39,0.0525,synthetic_seed
MS,2023,black,non-hisp,40-44,0.0126,synthetic_seed
MS,2023,black,non-hisp,45-49,0.00105,synthetic_seed
MS,2023,black,non-hisp,50-54,0.0,synthetic_seed
MS,2023,black,non-hisp,55-59,0.0,synthetic_seed
MS,2023,black,non-hisp,60-64,0.0,synthetic_seed
MS,2023,black,non-hisp,65-69,0.0,synthetic_seed
MS,2023,black,non-hisp,70-74,0.0,synthetic_seed
MS,2023,black,non-hisp,75-79,0.0,synthetic_seed
MS,2023,black,non-hisp,80-84,0.0,synthetic_seed
MS,2023,black,non-hisp,85+,0.0,synthetic_seed
MS,2023,black,hisp,0-4,0.0,synthetic_seed
MS,2023,black,hisp,5-9,0.0,synthetic_seed
MS,2023,black,hisp,10-14,0.0,synthetic_seed
MS,2023,black,hisp,15-19,0.018113,synthetic_seed
MS,2023,black,hisp,20-24,0.078488,synthetic_seed
MS,2023,black,hisp,25-29,0.12075,synthetic_seed
MS,2023,black,hisp,30-34,0.12075,synthetic_seed
MS,2023,black,hisp,35-39,0.060375,synthetic_seed
MS,2023,black,hisp,40-44,0.01449,synthetic_seed
MS,2023,black,hisp,45-49,0.001208,synthetic_seed
MS,2023,black,hisp,50-54,0.0,synthetic_seed
MS,2023,black,hisp,55-59,0.0,synthetic_seed
MS,2023,black,hisp,60-64,0.0,synthetic_seed
MS,2023,black,hisp,65-69,0.0,synthetic_seed
MS,2023,black,hisp,70-74,0.0,synthetic_seed
MS,2023,black,hisp,75-79,0.0,synthetic_seed
MS,2023,black,hisp,80-84,0.0,synthetic_seed
MS,2023,black,hisp,85+,0.0,synthetic_seed
MS,2023,asian,non-hisp,0-4,0.0,synthetic_seed
MS,2023,asian,non-hisp,5-9,0.0,synthetic_seed
MS,2023,asian,non-hisp,10-14,0.0,synthetic_seed
MS,2023,asian,non-hisp,15-19,0.01575,synthetic_seed
MS,2023,asian,non-hisp,20-24,0.06825,synthetic_seed
MS,2023,asian,non-hisp,25-29,0.105,synthetic_seed
MS,2023,asian,non-hisp,30-34,0.105,synthetic_seed
MS,2023,asian,non-hisp,35-39,0.0525,synthetic_seed
MS,2023,asian,non-hisp,40-44,0.0126,synthetic_seed
MS,2023,asian,non-hisp,45-49,0.00105,synthetic_seed
MS,2023,asian,non-hisp,50-54,0.0,synthetic_seed
MS,2023,asian,non-hisp,55-59,0.0,synthetic_seed
MS,2023,asian,non-hisp,60-64,0.0,synthetic_seed
MS,2023,asian,non-hisp,65-69,0.0,synthetic_seed
MS,2023,asian,non-hisp,70-74,0.0,synthetic_seed
MS,2023,asian,non-hisp,75-79,0.0,synthetic_seed
MS,2023,asian,non-hisp,80-84,0.0,synthetic_seed
MS,2023,asian,non-hisp,85+,0.0,synthetic_seed
MS,2023,asian,hisp,0-4,0.0,synthetic_seed
MS,2023,asian,hisp,5-9,0.0,synthetic_seed
MS,2023,asian,hisp,10-14,0.0,synthetic_seed
MS,2023,asian,hisp,15-19,0.018113,synthetic_seed
MS,2023,asian,hisp,20-24,0.078488,synthetic_seed
MS,2023,asian,hisp,25-29,0.12075,synthetic_seed
MS,2023,asian,hisp,30-34,0.12075,synthetic_seed
MS,2023,asian,hisp,35-39,0.060375,synthetic_seed
MS,2023,asian,hisp,40-44,0.01449,synthetic_seed
MS,2023,asian,hisp,45-49,0.001208,synthetic_seed
MS,2023,asian,hisp,50-54,0.0,synthetic_seed
MS,2023,asian,hisp,55-59,0.0,synthetic_seed
MS,2023,asian,hisp,60-64,0.0,synthetic_seed
MS,2023,asian,hisp,65-69,0.0,synthetic_seed
MS,2023,asian,hisp,70-74,0.0,synthetic_seed
MS,2023,asian,hisp,75-79,0.0,synthetic_seed
MS,2023,asian,hisp,80-84,0.0,synthetic_seed
MS,2023,asian,hisp,85+,0.0,synthetic_seed
MS,2023,other,non-hisp,0-4,0.0,synthetic_seed
MS,2023,other,non-hisp,5-9,0.0,synthetic_seed
MS,2023,other,non-hisp,10-14,0.0,synthetic_seed
MS,2023,other,non-hisp,15-19,0.01701,synthetic_seed
MS,2023,other,non-hisp,20-24,0.07371,synthetic_seed
MS,2023,other,non-hisp,25-29,0.1134,synthetic_seed
MS,2023,other,non-hisp,30-34,0.1134,synthetic_seed
MS,2023,other,non-hisp,35-39,0.0567,synthetic_seed
MS,2023,other,non-hisp,40-44,0.013608,synthetic_seed
MS,2023,other,non-hisp,45-49,0.001134,synthetic_seed
MS,2023,other,non-hisp,50-54,0.0,synthetic_seed
MS,2023,other,non-hisp,55-59,0.0,synthetic_seed
MS,2023,other,non-hisp,60-64,0.0,synthetic_seed
MS,2023,other,non-hisp,65-69,0.0,synthetic_seed
MS,2023,other,non-hisp,70-74,0.0,synthetic_seed
MS,2023,other,non-hisp,75-79,0.0,synthetic_seed
MS,2023,other,non-hisp,80-84,0.0,synthetic_seed
MS,2023,other,non-hisp,85+,0.0,synthetic_seed
MS,2023,other,hisp,0-4,0.0,synthetic_seed
MS,2023,other,hisp,5-9,0.0,synthetic_seed
MS,2023,other,hisp,10-14,0.0,synthetic_seed
MS,2023,other,hisp,15-19,0.018113,synthetic_seed
MS,2023,other,hisp,20-24,0.078488,synthetic_seed
MS,2023,other,hisp,25-29,0.12075,synthetic_seed
MS,2023,other,hisp,30-34,0.12075,synthetic_seed
MS,2023,other,hisp,35-39,0.060375,synthetic_seed
MS,2023,other,hisp,40-44,0.01449,synthetic_seed
MS,2023,other,hisp,45-49,0.001208,synthetic_seed
MS,2023,other,hisp,50-54,0.0,synthetic_seed
MS,2023,other,hisp,55-59,0.0,synthetic_seed
MS,2023,other,hisp,60-64,0.0,synthetic_seed
MS,2023,other,hisp,65-69,0.0,synthetic_seed
MS,2023,other,hisp,70-74,0.0,synthetic_seed
MS,2023,other,hisp,75-79,0.0,synthetic_seed
MS,2023,other,hisp,80-84,0.0,synthetic_seed
MS,2023,other,hisp,85+,0.0,synthetic_seed
MO,2023,white,non-hisp,0-4,0.0,synthetic_seed
MO,2023,white,non-hisp,5-9,0.0,synthetic_seed
MO,2023,white,non-hisp,10-14,0.0,synthetic_seed
MO,2023,white,non-hisp,15-19,0.0147,synthetic_seed
MO,2023,white,non-hisp,20-24,0.0637,synthetic_seed
MO,2023,white,non-hisp,25-29,0.098,synthetic_seed
MO,2023,white,non-hisp,30-34,0.098,synthetic_seed
MO,2023,white,non-hisp,35-39,0.049,synthetic_seed
MO,2023,white,non-hisp,40-44,0.01176,synthetic_seed
MO,2023,white,non-hisp,45-49,0.00098,synthetic_seed
MO,2023,white,non-hisp,50-54,0.0,synthetic_seed
MO,2023,white,non-hisp,55-59,0.0,synthetic_seed
MO,2023,white,non-hisp,60-64,0.0,synthetic_seed
MO,2023,white,non-hisp,65-69,0.0,synthetic_seed
MO,2023,white,non-hisp,70-74,0.0,synthetic_seed
MO,2023,white,non-hisp,75-79,0.0,synthetic_seed
MO,2023,white,non-hisp,80-84,0.0,synthetic_seed
MO,2023,white,non-hisp,85+,0.0,synthetic_seed
MO,2023,white,hisp,0-4,0.0,synthetic_seed
MO,2023,white,hisp,5-9,0.0,synthetic_seed
MO,2023,white,hisp,10-14,0.0,synthetic_seed
MO,2023,white,hisp,15-19,0.016905,synthetic_seed
MO,2023,white,hisp,20-24,0.073255,synthetic_seed
MO,2023,white,hisp,25-29,0.1127,synthetic_seed
MO,2023,white,hisp,30-34,0.1127,synthetic_seed
MO,2023,white,hisp,35-39,0.05635,synthetic_seed
MO,2023,white,hisp,40-44,0.013524,synthetic_seed
MO,2023,white,hisp,45-49,0.001127,synthetic_seed
MO,2023,white,hisp,50-54,0.0,synthetic_seed
MO,2023,white,hisp,55-59,0.0,synthetic_seed
MO,2023,white,hisp,60-64,0.0,synthetic_seed
MO,2023,white,hisp,65-69,0.0,synthetic_seed
MO,2023,white,hisp,70-74,0.0,synthetic_seed
MO,2023,white,hisp,75-79,0.0,synthetic_seed
MO,2023,white,hisp,80-84,0.0,synthetic_seed
MO,2023,white,hisp,85+,0.0,synthetic_seed
MO,2023,black,non-hisp,0-4,0.0,synthetic_seed
MO,2023,black,non-hisp,5-9,0.0,synthetic_seed
MO,2023,black,non-hisp,10-14,0.0,synthetic_seed
MO,2023,black,non-hisp,15-19,0.0147,synthetic_seed
MO,2023,black,non-hisp,20-24,0.0637,synthetic_seed
MO,2023,black,non-hisp,25-29,0.098,synthetic_seed
MO,2023,black,non-hisp,30-34,0.098,synthetic_seed
MO,2023,black,non-hisp,35-39,0.049,synthetic_seed
MO,2023,black,non-hisp,40-44,0.01176,synthetic_seed
MO,2023,black,non-hisp,45-49,0.00098,synthetic_seed
MO,2023,black,non-hisp,50-54,0.0,synthetic_seed
MO,2023,black,non-hisp,55-59,0.0,synthetic_seed
MO,2023,black,non-hisp,60-64,0.0,synthetic_seed
MO,2023,black,non-hisp,65-69,0.0,synthetic_seed
MO,2023,black,non-hisp,70-74,0.0,synthetic_seed
MO,2023,black,non-hisp,75-79,0.0,synthetic_seed
MO,2023,black,non-hisp,80-84,0.0,synthetic_seed
MO,2023,black,non-hisp,85+,0.0,synthetic_seed
MO,2023,black,hisp,0-4,0.0,synthetic_seed
MO,2023,black,hisp,5-9,0.0,synthetic_seed
MO,2023,black,hisp,10-14,0.0,synthetic_seed
MO,2023,black,hisp,15-19,0.016905,synthetic_seed
MO,2023,black,hisp,20-24,0.073255,synthetic_seed
MO,2023,black,hisp,25-29,0.1127,synthetic_seed
MO,2023,black,hisp,30-34,0.1127,synthetic_seed
MO,2023,black,hisp,35-39,0.05635,synthetic_seed
MO,2023,black,hisp,40-44,0.013524,synthetic_seed
MO,2023,black,hisp,45-49,0.001127,synthetic_seed
MO,2023,black,hisp,50-54,0.0,synthetic_seed
MO,2023,black,hisp,55-59,0.0,synthetic_seed
MO,2023,black,hisp,60-64,0.0,synthetic_seed
MO,2023,black,hisp,65-69,0.0,synthetic_seed
MO,2023,black,hisp,70-74,0.0,synthetic_seed
MO,2023,black,hisp,75-79,0.0,synthetic_seed
MO,2023,black,hisp,80-84,0.0,synthetic_seed
MO,2023,black,hisp,85+,0.0,synthetic_seed
MO,2023,asian,non-hisp,0-4,0.0,synthetic_seed
MO,2023,asian,non-hisp,5-9,0.0,synthetic_seed
MO,2023,asian,non-hisp,10-14,0.0,synthetic_seed
MO,2023,asian,non-hisp,15-19,0.0147,synthetic_seed
MO,2023,asian,non-hisp,20-24,0.0637,synthetic_seed
MO,2023,asian,non-hisp,25-29,0.098,synthetic_seed
MO,2023,asian,non-hisp,30-34,0.098,synthetic_seed
MO,2023,asian,non-hisp,35-39,0.049,synthetic_seed
MO,2023,asian,non-hisp,40-44,0.01176,synthetic_seed
MO,2023,asian,non-hisp,45-49,0.00098,synthetic_seed
MO,2023,asian,non-hisp,50-54,0.0,synthetic_seed
MO,2023,asian,non-hisp,55-59,0.0,synthetic_seed
MO,2023,asian,non-hisp,60-64,0.0,synthetic_seed
MO,2023,asian,non-hisp,65-69,0.0,synthetic_seed
MO,2023,asian,non-hisp,70-74,0.0,synthetic_seed
MO,2023,asian,non-hisp,75-79,0.0,synthetic_seed
MO,2023,asian,non-hisp,80-84,0.0,synthetic_seed
MO,2023,asian,non-hisp,85+,0.0,synthetic_seed
MO,2023,asian,hisp,0-4,0.0,synthetic_seed
MO,2023,asian,hisp,5-9,0.0,synthetic_seed
MO,2023,asian,hisp,10-14,0.0,synthetic_seed
MO,2023,asian,hisp,15-19,0.016905,synthetic_seed
MO,2023,asian,hisp,20-24,0.073255,synthetic_seed
MO,2023,asian,hisp,25-29,0.1127,synthetic_seed
MO,2023,asian,hisp,30-34,0.1127,synthetic_seed
MO,2023,asian,hisp,35-39,0.05635,synthetic_seed
MO,2023,asian,hisp,40-44,0.013524,synthetic_seed
MO,2023,asian,hisp,45-49,0.001127,synthetic_seed
MO,2023,asian,hisp,50-54,0.0,synthetic_seed
MO,2023,asian,hisp,55-59,0.0,synthetic_seed
MO,2023,asian,hisp,60-64,0.0,synthetic_seed
MO,2023,asian,hisp,65-69,0.0,synthetic_seed
MO,2023,asian,hisp,70-74,0.0,synthetic_seed
MO,2023,asian,hisp,75-79,0.0,synthetic_seed
MO,2023,asian,hisp,80-84,0.0,synthetic_seed
MO,2023,asian,hisp,85+,0.0,synthetic_seed
MO,2023,other,non-hisp,0-4,0.0,synthetic_seed
MO,2023,other,non-hisp,5-9,0.0,synthetic_seed
MO,2023,other,non-hisp,10-14,0.0,synthetic_seed
MO,2023,other,non-hisp,15-19,0.015876,synthetic_seed
MO,2023,other,non-hisp,20-24,0.068796,synthetic_seed
MO,2023,other,non-hisp,25-29,0.10584,synthetic_seed
MO,2023,other,non-hisp,30-34,0.10584,synthetic_seed
MO,2023,other,non-hisp,35-39,0.05292,synthetic_seed
MO,2023,other,non-hisp,40-44,0.012701,synthetic_seed
MO,2023,other,non-hisp,45-49,0.001058,synthetic_seed
MO,2023,other,non-hisp,50-54,0.0,synthetic_seed
MO,2023,other,non-hisp,55-59,0.0,synthetic_seed
MO,2023,other,non-hisp,60-64,0.0,synthetic_seed
MO,2023,other,non-hisp,65-69,0.0,synthetic_seed
MO,2023,other,non-hisp,70-74,0.0,synthetic_seed
MO,2023,other,non-hisp,75-79,0.0,synthetic_seed
MO,2023,other,non-hisp,80-84,0.0,synthetic_seed
MO,2023,other,non-hisp,85+,0.0,synthetic_seed
MO,2023,other,hisp,0-4,0.0,synthetic_seed
MO,2023,other,hisp,5-9,0.0,synthetic_seed
MO,2023,other,hisp,10-14,0.0,synthetic_seed
MO,2023,other,hisp,15-19,0.016905,synthetic_seed
MO,2023,other,hisp,20-24,0.073255,synthetic_seed
MO,2023,other,hisp,25-29,0.1127,synthetic_seed
MO,2023,other,hisp,30-34,0.1127,synthetic_seed
MO,2023,other,hisp,35-39,0.05635,synthetic_seed
MO,2023,other,hisp,40-44,0.013524,synthetic_seed
MO,2023,other,hisp,45-49,0.001127,synthetic_seed
MO,2023,other,hisp,50-54,0.0,synthetic_seed
MO,2023,other,hisp,55-59,0.0,synthetic_seed
MO,2023,other,hisp,60-64,0.0,synthetic_seed
MO,2023,other,hisp,65-69,0.0,synthetic_seed
MO,2023,other,hisp,70-74,0.0,synthetic_seed
MO,2023,other,hisp,75-79,0.0,synthetic_seed
MO,2023,other,hisp,80-84,0.0,synthetic_seed
MO,2023,other,hisp,85+,0.0,synthetic_seed
MT,2023,white,non-hisp,0-4,0.0,synthetic_seed
MT,2023,white,non-hisp,5-9,0.0,synthetic_seed
MT,2023,white,non-hisp,10-14,0.0,synthetic_seed
MT,2023,white,non-hisp,15-19,0.015,synthetic_seed
MT,2023,white,non-hisp,20-24,0.065,synthetic_seed
MT,2023,white,non-hisp,25-29,0.1,synthetic_seed
MT,2023,white,non-hisp,30-34,0.1,synthetic_seed
MT,2023,white,non-hisp,35-39,0.05,synthetic_seed
MT,2023,white,non-hisp,40-44,0.012,synthetic_seed
MT,2023,white,non-hisp,45-49,0.001,synthetic_seed
MT,2023,white,non-hisp,50-54,0.0,synthetic_seed
MT,2023,white,non-hisp,55-59,0.0,synthetic_seed
MT,2023,white,non-hisp,60-64,0.0,synthetic_seed
MT,2023,white,non-hisp,65-69,0.0,synthetic_seed
MT,2023,white,non-hisp,70-74,0.0,synthetic_seed
MT,2023,white,non-hisp,75-79,0.0,synthetic_seed
MT,2023,white,non-hisp,80-84,0.0,synthetic_seed
MT,2023,white,non-hisp,85+,0.0,synthetic_seed
MT,2023,white,hisp,0-4,0.0,synthetic_seed
MT,2023,white,hisp,5-9,0.0,synthetic_seed
MT,2023,white,hisp,10-14,0.0,synthetic_seed
MT,2023,white,hisp,15-19,0.01725,synthetic_seed
MT,2023,white,hisp,20-24,0.07475,synthetic_seed
MT,2023,white,hisp,25-29,0.115,synthetic_seed
MT,2023,white,hisp,30-34,0.115,synthetic_seed
MT,2023,white,hisp,35-39,0.0575,synthetic_seed
MT,2023,white,hisp,40-44,0.0138,synthetic_seed
MT,2023,white,hisp,45-49,0.00115,synthetic_seed
MT,2023,white,hisp,50-54,0.0,synthetic_seed
MT,2023,white,hisp,55-59,0.0,synthetic_seed
MT,2023,white,hisp,60-64,0.0,synthetic_seed
MT,2023,white,hisp,65-69,0.0,synthetic_seed
MT,2023,white,hisp,70-74,0.0,synthetic_seed
MT,2023,white,hisp,75-79,0.0,synthetic_seed
MT,2023,white,hisp,80-84,0.0,synthetic_seed
MT,2023,white,hisp,85+,0.0,synthetic_seed
MT,2023,black,non-hisp,0-4,0.0,synthetic_seed
MT,2023,black,non-hisp,5-9,0.0,synthetic_seed
MT,2023,black,non-hisp,10-14,0.0,synthetic_seed
MT,2023,black,non-hisp,15-19,0.015,synthetic_seed
MT,2023,black,non-hisp,20-24,0.065,synthetic_seed
MT,2023,black,non-hisp,25-29,0.1,synthetic_seed
MT,2023,black,non-hisp,30-34,0.1,synthetic_seed
MT,2023,black,non-hisp,35-39,0.05,synthetic_seed
MT,2023,black,non-hisp,40-44,0.012,synthetic_seed
MT,2023,black,non-hisp,45-49,0.001,synthetic_seed
MT,2023,black,non-hisp,50-54,0.0,synthetic_seed
MT,2023,black,non-hisp,55-59,0.0,synthetic_seed
MT,2023,black,non-hisp,60-64,0.0,synthetic_seed
MT,2023,black,non-hisp,65-69,0.0,synthetic_seed
MT,2023,black,non-hisp,70-74,0.0,synthetic_seed
MT,2023,black,non-hisp,75-79,0.0,synthetic_seed
MT,2023,black,non-hisp,80-84,0.0,synthetic_seed
MT,2023,black,non-hisp,85+,0.0,synthetic_seed
MT,2023,black,hisp,0-4,0.0,synthetic_seed
MT,2023,black,hisp,5-9,0.0,synthetic_seed
MT,2023,black,hisp,10-14,0.0,synthetic_seed
MT,2023,black,hisp,15-19,0.01725,synthetic_seed
MT,2023,black,hisp,20-24,0.07475,synthetic_seed
MT,2023,black,hisp,25-29,0.115,synthetic_seed
MT,2023,black,hisp,30-34,0.115,synthetic_seed
MT,2023,black,hisp,35-39,0.0575,synthetic_seed
MT,2023,black,hisp,40-44,0.0138,synthetic_seed
MT,2023,black,hisp,45-49,0.00115,synthetic_seed
MT,2023,black,hisp,50-54,0.0,synthetic_seed
MT,2023,black,hisp,55-59,0.0,synthetic_seed
MT,2023,black,hisp,60-64,0.0,synthetic_seed
MT,2023,black,hisp,65-69,0.0,synthetic_seed
MT,2023,black,hisp,70-74,0.0,synthetic_seed
MT,2023,black,hisp,75-79,0.0,synthetic_seed
MT,2023,black,hisp,80-84,0.0,synthetic_seed
MT,2023,black,hisp,85+,0.0,synthetic_seed
MT,2023,asian,non-hisp,0-4,0.0,synthetic_seed
MT,2023,asian,non-hisp,5-9,0.0,synthetic_seed
MT,2023,asian,non-hisp,10-14,0.0,synthetic_seed
MT,2023,asian,non-hisp,15-19,0.015,synthetic_seed
MT,2023,asian,non-hisp,20-24,0.065,synthetic_seed
MT,2023,asian,non-hisp,25-29,0.1,synthetic_seed
MT,2023,asian,non-hisp,30-34,0.1,synthetic_seed
MT,2023,asian,non-hisp,35-39,0.05,synthetic_seed
MT,2023,asian,non-hisp,40-44,0.012,synthetic_seed
MT,2023,asian,non-hisp,45-49,0.001,synthetic_seed
MT,2023,asian,non-hisp,50-54,0.0,synthetic_seed
MT,2023,asian,non-hisp,55-59,0.0,synthetic_seed
MT,2023,asian,non-hisp,60-64,0.0,synthetic_seed
MT,2023,asian,non-hisp,65-69,0.0,synthetic_seed
MT,2023,asian,non-hisp,70-74,0.0,synthetic_seed
MT,2023,asian,non-hisp,75-79,0.0,synthetic_seed
MT,2023,asian,non-hisp,80-84,0.0,synthetic_seed
MT,2023,asian,non-hisp,85+,0.0,synthetic_seed
MT,2023,asian,hisp,0-4,0.0,synthetic_seed
MT,2023,asian,hisp,5-9,0.0,synthetic_seed
MT,2023,asian,hisp,10-14,0.0,synthetic_seed
MT,2023,asian,hisp,15-19,0.01725,synthetic_seed
MT,2023,asian,hisp,20-24,0.07475,synthetic_seed
MT,2023,asian,hisp,25-29,0.115,synthetic_seed
MT,2023,asian,hisp,30-34,0.115,synthetic_seed
MT,2023,asian,hisp,35-39,0.0575,synthetic_seed
MT,2023,asian,hisp,40-44,0.0138,synthetic_seed
MT,2023,asian,hisp,45-49,0.00115,synthetic_seed
MT,2023,asian,hisp,50-54,0.0,synthetic_seed
MT,2023,asian,hisp,55-59,0.0,synthetic_seed
MT,2023,asian,hisp,60-64,0.0,synthetic_seed
MT,2023,asian,hisp,65-69,0.0,synthetic_seed
MT,2023,asian,hisp,70-74,0.0,synthetic_seed
MT,2023,asian,hisp,75-79,0.0,synthetic_seed
MT,2023,asian,hisp,80-84,0.0,synthetic_seed
MT,2023,asian,hisp,85+,0.0,synthetic_seed
MT,2023,other,non-hisp,0-4,0.0,synthetic_seed
MT,2023,other,non-hisp,5-9,0.0,synthetic_seed
MT,2023,other,non-hisp,10-14,0.0,synthetic_seed
MT,2023,other,non-hisp,15-19,0.0162,synthetic_seed
MT,2023,other,non-hisp,20-24,0.0702,synthetic_seed
MT,2023,other,non-hisp,25-29,0.108,synthetic_seed
MT,2023,other,non-hisp,30-34,0.108,synthetic_seed
MT,2023,other,non-hisp,35-39,0.054,synthetic_seed
MT,2023,other,non-hisp,40-44,0.01296,synthetic_seed
MT,2023,other,non-hisp,45-49,0.00108,synthetic_seed
MT,2023,other,non-hisp,50-54,0.0,synthetic_seed
MT,2023,other,non-hisp,55-59,0.0,synthetic_seed
MT,2023,other,non-hisp,60-64,0.0,synthetic_seed
MT,2023,other,non-hisp,65-69,0.0,synthetic_seed
MT,2023,other,non-hisp,70-74,0.0,synthetic_seed
MT,2023,other,non-hisp,75-79,0.0,synthetic_seed
MT,2023,other,non-hisp,80-84,0.0,synthetic_seed
MT,2023,other,non-hisp,85+,0.0,synthetic_seed
MT,2023,other,hisp,0-4,0.0,synthetic_seed
MT,2023,other,hisp,5-9,0.0,synthetic_seed
MT,2023,other,hisp,10-14,0.0,synthetic_seed
MT,2023,other,hisp,15-19,0.01725,synthetic_seed
MT,2023,other,hisp,20-24,0.07475,synthetic_seed
MT,2023,other,hisp,25-29,0.115,synthetic_seed
MT,2023,other,hisp,30-34,0.115,synthetic_seed
MT,2023,other,hisp,35-39,0.0575,synthetic_seed
MT,2023,other,hisp,40-44,0.0138,synthetic_seed
MT,2023,other,hisp,45-49,0.00115,synthetic_seed
MT,2023,other,hisp,50-54,0.0,synthetic_seed
MT,2023,other,hisp,55-59,0.0,synthetic_seed
MT,2023,other,hisp,60-64,0.0,synthetic_seed
MT,2023,other,hisp,65-69,0.0,synthetic_seed
MT,2023,other,hisp,70-74,0.0,synthetic_seed
MT,2023,other,hisp,75-79,0.0,synthetic_seed
MT,2023,other,hisp,80-84,0.0,synthetic_seed
MT,2023,other,hisp,85+,0.0,synthetic_seed
NE,2023,white,non-hisp,0-4,0.0,synthetic_seed
NE,2023,white,non-hisp,5-9,0.0,synthetic_seed
NE,2023,white,non-hisp,10-14,0.0,synthetic_seed
NE,2023,white,non-hisp,15-19,0.0147,synthetic_seed
NE,2023,white,non-hisp,20-24,0.0637,synthetic_seed
NE,2023,white,non-hisp,25-29,0.098,synthetic_seed
NE,2023,white,non-hisp,30-34,0.098,synthetic_seed
NE,2023,white,non-hisp,35-39,0.049,synthetic_seed
NE,2023,white,non-hisp,40-44,0.01176,synthetic_seed
NE,2023,white,non-hisp,45-49,0.00098,synthetic_seed
NE,2023,white,non-hisp,50-54,0.0,synthetic_seed
NE,2023,white,non-hisp,55-59,0.0,synthetic_seed
NE,2023,white,non-hisp,60-64,0.0,synthetic_seed
NE,2023,white,non-hisp,65-69,0.0,synthetic_seed
NE,2023,white,non-hisp,70-74,0.0,synthetic_seed
NE,2023,white,non-hisp,75-79,0.0,synthetic_seed
NE,2023,white,non-hisp,80-84,0.0,synthetic_seed
NE,2023,white,non-hisp,85+,0.0,synthetic_seed
NE,2023,white,hisp,0-4,0.0,synthetic_seed
NE,2023,white,hisp,5-9,0.0,synthetic_seed
NE,2023,white,hisp,10-14,0.0,synthetic_seed
NE,2023,white,hisp,15-19,0.016905,synthetic_seed
NE,2023,white,hisp,20-24,0.073255,synthetic_seed
NE,2023,white,hisp,25-29,0.1127,synthetic_seed
NE,2023,white,hisp,30-34,0.1127,synthetic_seed
NE,2023,white,hisp,35-39,0.05635,synthetic_seed
NE,2023,white,hisp,40-44,0.013524,synthetic_seed
NE,2023,white,hisp,45-49,0.001127,synthetic_seed
NE,2023,white,hisp,50-54,0.0,synthetic_seed
NE,2023,white,hisp,55-59,0.0,synthetic_seed
NE,2023,white,hisp,60-64,0.0,synthetic_seed
NE,2023,white,hisp,65-69,0.0,synthetic_seed
NE,2023,white,hisp,70-74,0.0,synthetic_seed
NE,2023,white,hisp,75-79,0.0,synthetic_seed
NE,2023,white,hisp,80-84,0.0,synthetic_seed
NE,2023,white,hisp,85+,0.0,synthetic_seed
NE,2023,black,non-hisp,0-4,0.0,synthetic_seed
NE,2023,black,non-hisp,5-9,0.0,synthetic_seed
NE,2023,black,non-hisp,10-14,0.0,synthetic_seed
NE,2023,black,non-hisp,15-19,0.0147,synthetic_seed
NE,2023,black,non-hisp,20-24,0.0637,synthetic_seed
NE,2023,black,non-hisp,25-29,0.098,synthetic_seed
NE,2023,black,non-hisp,30-34,0.098,synthetic_seed
NE,2023,black,non-hisp,35-39,0.049,synthetic_seed
NE,2023,black,non-hisp,40-44,0.01176,synthetic_seed
NE,2023,black,non-hisp,45-49,0.00098,synthetic_seed
NE,2023,black,non-hisp,50-54,0.0,synthetic_seed
NE,2023,black,non-hisp,55-59,0.0,synthetic_seed
NE,2023,black,non-hisp,60-64,0.0,synthetic_seed
NE,2023,black,non-hisp,65-69,0.0,synthetic_seed
NE,2023,black,non-hisp,70-74,0.0,synthetic_seed
NE,2023,black,non-hisp,75-79,0.0,synthetic_seed
NE,2023,black,non-hisp,80-84,0.0,synthetic_seed
NE,2023,black,non-hisp,85+,0.0,synthetic_seed
NE,2023,black,hisp,0-4,0.0,synthetic_seed
NE,2023,black,hisp,5-9,0.0,synthetic_seed
NE,2023,black,hisp,10-14,0.0,synthetic_seed
NE,2023,black,hisp,15-19,0.016905,synthetic_seed
NE,2023,black,hisp,20-24,0.073255,synthetic_seed
NE,2023,black,hisp,25-29,0.1127,synthetic_seed
NE,2023,black,hisp,30-34,0.1127,synthetic_seed
NE,2023,black,hisp,35-39,0.05635,synthetic_seed
NE,2023,black,hisp,40-44,0.013524,synthetic_seed
NE,2023,black,hisp,45-49,0.001127,synthetic_seed
NE,2023,black,hisp,50-54,0.0,synthetic_seed
NE,2023,black,hisp,55-59,0.0,synthetic_seed
NE,2023,black,hisp,60-64,0.0,synthetic_seed
NE,2023,black,hisp,65-69,0.0,synthetic_seed
NE,2023,black,hisp,70-74,0.0,synthetic_seed
NE,2023,black,hisp,75-79,0.0,synthetic_seed
NE,2023,black,hisp,80-84,0.0,synthetic_seed
NE,2023,black,hisp,85+,0.0,synthetic_seed
NE,2023,asian,non-hisp,0-4,0.0,synthetic_seed
NE,2023,asian,non-hisp,5-9,0.0,synthetic_seed
NE,2023,asian,non-hisp,10-14,0.0,synthetic_seed
NE,2023,asian,non-hisp,15-19,0.0147,synthetic_seed
NE,2023,asian,non-hisp,20-24,0.0637,synthetic_seed
NE,2023,asian,non-hisp,25-29,0.098,synthetic_seed
NE,2023,asian,non-hisp,30-34,0.098,synthetic_seed
NE,2023,asian,non-hisp,35-39,0.049,synthetic_seed
NE,2023,asian,non-hisp,40-44,0.01176,synthetic_seed
NE,2023,asian,non-hisp,45-49,0.00098,synthetic_seed
NE,2023,asian,non-hisp,50-54,0.0,synthetic_seed
NE,2023,asian,non-hisp,55-59,0.0,synthetic_seed
NE,2023,asian,non-hisp,60-64,0.0,synthetic_seed
NE,2023,asian,non-hisp,65-69,0.0,synthetic_seed
NE,2023,asian,non-hisp,70-74,0.0,synthetic_seed
NE,2023,asian,non-hisp,75-79,0.0,synthetic_seed
NE,2023,asian,non-hisp,80-84,0.0,synthetic_seed
NE,2023,asian,non-hisp,85+,0.0,synthetic_seed
NE,2023,asian,hisp,0-4,0.0,synthetic_seed
NE,2023,asian,hisp,5-9,0.0,synthetic_seed
NE,2023,asian,hisp,10-14,0.0,synthetic_seed
NE,2023,asian,hisp,15-19,0.016905,synthetic_seed
NE,2023,asian,hisp,20-24,0.073255,synthetic_seed
NE,2023,asian,hisp,25-29,0.1127,synthetic_seed
NE,2023,asian,hisp,30-34,0.1127,synthetic_seed
NE,2023,asian,hisp,35-39,0.05635,synthetic_seed
NE,2023,asian,hisp,40-44,0.013524,synthetic_seed
NE,2023,asian,hisp,45-49,0.001127,synthetic_seed
NE,2023,asian,hisp,50-54,0.0,synthetic_seed
NE,2023,asian,hisp,55-59,0.0,synthetic_seed
NE,2023,asian,hisp,60-64,0.0,synthetic_seed
NE,2023,asian,hisp,65-69,0.0,synthetic_seed
NE,2023,asian,hisp,70-74,0.0,synthetic_seed
NE,2023,asian,hisp,75-79,0.0,synthetic_seed
NE,2023,asian,hisp,80-84,0.0,synthetic_seed
NE,2023,asian,hisp,85+,0.0,synthetic_seed
NE,2023,other,non-hisp,0-4,0.0,synthetic_seed
NE,2023,other,non-hisp,5-9,0.0,synthetic_seed
NE,2023,other,non-hisp,10-14,0.0,synthetic_seed
NE,2023,other,non-hisp,15-19,0.015876,synthetic_seed
NE,2023,other,non-hisp,20-24,0.068796,synthetic_seed
NE,2023,other,non-hisp,25-29,0.10584,synthetic_seed
NE,2023,other,non-hisp,30-34,0.10584,synthetic_seed
NE,2023,other,non-hisp,35-39,0.05292,synthetic_seed
NE,2023,other,non-hisp,40-44,0.012701,synthetic_seed
NE,2023,other,non-hisp,45-49,0.001058,synthetic_seed
NE,2023,other,non-hisp,50-54,0.0,synthetic_seed
NE,2023,other,non-hisp,55-59,0.0,synthetic_seed
NE,2023,other,non-hisp,60-64,0.0,synthetic_seed
NE,2023,other,non-hisp,65-69,0.0,synthetic_seed
NE,2023,other,non-hisp,70-74,0.0,synthetic_seed
NE,2023,other,non-hisp,75-79,0.0,synthetic_seed
NE,2023,other,non-hisp,80-84,0.0,synthetic_seed
NE,2023,other,non-hisp,85+,0.0,synthetic_seed
NE,2023,other,hisp,0-4,0.0,synthetic_seed
NE,2023,other,hisp,5-9,0.0,synthetic_seed
NE,2023,other,hisp,10-14,0.0,synthetic_seed
NE,2023,other,hisp,15-19,0.016905,synthetic_seed
NE,2023,other,hisp,20-24,0.073255,synthetic_seed
NE,2023,other,hisp,25-29,0.1127,synthetic_seed
NE,2023,other,hisp,30-34,0.1127,synthetic_seed
NE,2023,other,hisp,35-39,0.05635,synthetic_seed
NE,2023,other,hisp,40-44,0.013524,synthetic_seed
NE,2023,other,hisp,45-49,0.001127,synthetic_seed
NE,2023,other,hisp,50-54,0.0,synthetic_seed
NE,2023,other,hisp,55-59,0.0,synthetic_seed
NE,2023,other,hisp,60-64,0.0,synthetic_seed
NE,2023,other,hisp,65-69,0.0,synthetic_seed
NE,2023,other,hisp,70-74,0.0,synthetic_seed
NE,2023,other,hisp,75-79,0.0,synthetic_seed
NE,2023,other,hisp,80-84,0.0,synthetic_seed
NE,2023,other,hisp,85+,0.0,synthetic_seed
NV,2023,white,non-hisp,0-4,0.0,synthetic_seed
NV,2023,white,non-hisp,5-9,0.0,synthetic_seed
NV,2023,white,non-hisp,10-14,0.0,synthetic_seed
NV,2023,white,non-hisp,15-19,0.015,synthetic_seed
NV,2023,white,non-hisp,20-24,0.065,synthetic_seed
NV,2023,white,non-hisp,25-29,0.1,synthetic_seed
NV,2023,white,non-hisp,30-34,0.1,synthetic_seed
NV,2023,white,non-hisp,35-39,0.05,synthetic_seed
NV,2023,white,non-hisp,40-44,0.012,synthetic_seed
NV,2023,white,non-hisp,45-49,0.001,synthetic_seed
NV,2023,white,non-hisp,50-54,0.0,synthetic_seed
NV,2023,white,non-hisp,55-59,0.0,synthetic_seed
NV,2023,white,non-hisp,60-64,0.0,synthetic_seed
NV,2023,white,non-hisp,65-69,0.0,synthetic_seed
NV,2023,white,non-hisp,70-74,0.0,synthetic_seed
NV,2023,white,non-hisp,75-79,0.0,synthetic_seed
NV,2023,white,non-hisp,80-84,0.0,synthetic_seed
NV,2023,white,non-hisp,85+,0.0,synthetic_seed
NV,2023,white,hisp,0-4,0.0,synthetic_seed
NV,2023,white,hisp,5-9,0.0,synthetic_seed
NV,2023,white,hisp,10-14,0.0,synthetic_seed
NV,2023,white,hisp,15-19,0.01725,synthetic_seed
NV,2023,white,hisp,20-24,0.07475,synthetic_seed
NV,2023,white,hisp,25-29,0.115,synthetic_seed
NV,2023,white,hisp,30-34,0.115,synthetic_seed
NV,2023,white,hisp,35-39,0.0575,synthetic_seed
NV,2023,white,hisp,40-44,0.0138,synthetic_seed
NV,2023,white,hisp,45-49,0.00115,synthetic_seed
NV,2023,white,hisp,50-54,0.0,synthetic_seed
NV,2023,white,hisp,55-59,0.0,synthetic_seed
NV,2023,white,hisp,60-64,0.0,synthetic_seed
NV,2023,white,hisp,65-69,0.0,synthetic_seed
NV,2023,white,hisp,70-74,0.0,synthetic_seed
NV,2023,white,hisp,75-79,0.0,synthetic_seed
NV,2023,white,hisp,80-84,0.0,synthetic_seed
NV,2023,white,hisp,85+,0.0,synthetic_seed
NV,2023,black,non-hisp,0-4,0.0,synthetic_seed
NV,2023,black,non-hisp,5-9,0.0,synthetic_seed
NV,2023,black,non-hisp,10-14,0.0,synthetic_seed
NV,2023,black,non-hisp,15-19,0.015,synthetic_seed
NV,2023,black,non-hisp,20-24,0.065,synthetic_seed
NV,2023,black,non-hisp,25-29,0.1,synthetic_seed
NV,2023,black,non-hisp,30-34,0.1,synthetic_seed
NV,2023,black,non-hisp,35-39,0.05,synthetic_seed
NV,2023,black,non-hisp,40-44,0.012,synthetic_seed
NV,2023,black,non-hisp,45-49,0.001,synthetic_seed
NV,2023,black,non-hisp,50-54,0.0,synthetic_seed
NV,2023,black,non-hisp,55-59,0.0,synthetic_seed
NV,2023,black,non-hisp,60-64,0.0,synthetic_seed
NV,2023,black,non-hisp,65-69,0.0,synthetic_seed
NV,2023,black,non-hisp,70-74,0.0,synthetic_seed
NV,2023,black,non-hisp,75-79,0.0,synthetic_seed
NV,2023,black,non-hisp,80-84,0.0,synthetic_seed
NV,2023,black,non-hisp,85+,0.0,synthetic_seed
NV,2023,black,hisp,0-4,0.0,synthetic_seed
NV,2023,black,hisp,5-9,0.0,synthetic_seed
NV,2023,black,hisp,10-14,0.0,synthetic_seed
NV,2023,black,hisp,15-19,0.01725,synthetic_seed
NV,2023,black,hisp,20-24,0.07475,synthetic_seed
NV,2023,black,hisp,25-29,0.115,synthetic_seed
NV,2023,black,hisp,30-34,0.115,synthetic_seed
NV,2023,black,hisp,35-39,0.0575,synthetic_seed
NV,2023,black,hisp,40-44,0.0138,synthetic_seed
NV,2023,black,hisp,45-49,0.00115,synthetic_seed
NV,2023,black,hisp,50-54,0.0,synthetic_seed
NV,2023,black,hisp,55-59,0.0,synthetic_seed
NV,2023,black,hisp,60-64,0.0,synthetic_seed
NV,2023,black,hisp,65-69,0.0,synthetic_seed
NV,2023,black,hisp,70-74,0.0,synthetic_seed
NV,2023,black,hisp,75-79,0.0,synthetic_seed
NV,2023,black,hisp,80-84,0.0,synthetic_seed
NV,2023,black,hisp,85+,0.0,synthetic_seed
NV,2023,asian,non-hisp,0-4,0.0,synthetic_seed
NV,2023,asian,non-hisp,5-9,0.0,synthetic_seed
NV,2023,asian,non-hisp,10-14,0.0,synthetic_seed
NV,2023,asian,non-hisp,15-19,0.015,synthetic_seed
NV,2023,asian,non-hisp,20-24,0.065,synthetic_seed
NV,2023,asian,non-hisp,25-29,0.1,synthetic_seed
NV,2023,asian,non-hisp,30-34,0.1,synthetic_seed
NV,2023,asian,non-hisp,35-39,0.05,synthetic_seed
NV,2023,asian,non-hisp,40-44,0.012,synthetic_seed
NV,2023,asian,non-hisp,45-49,0.001,synthetic_seed
NV,2023,asian,non-hisp,50-54,0.0,synthetic_seed
NV,2023,asian,non-hisp,55-59,0.0,synthetic_seed
NV,2023,asian,non-hisp,60-64,0.0,synthetic_seed
NV,2023,asian,non-hisp,65-69,0.0,synthetic_seed
NV,2023,asian,non-hisp,70-74,0.0,synthetic_seed
NV,2023,asian,non-hisp,75-79,0.0,synthetic_seed
NV,2023,asian,non-hisp,80-84,0.0,synthetic_seed
NV,2023,asian,non-hisp,85+,0.0,synthetic_seed
NV,2023,asian,hisp,0-4,0.0,synthetic_seed
NV,2023,asian,hisp,5-9,0.0,synthetic_seed
NV,2023,asian,hisp,10-14,0.0,synthetic_seed
NV,2023,asian,hisp,15-19,0.01725,synthetic_seed
NV,2023,asian,hisp,20-24,0.07475,synthetic_seed
NV,2023,asian,hisp,25-29,0.115,synthetic_seed
NV,2023,asian,hisp,30-34,0.115,synthetic_seed
NV,2023,asian,hisp,35-39,0.0575,synthetic_seed
NV,2023,asian,hisp,40-44,0.0138,synthetic_seed
NV,2023,asian,hisp,45-49,0.00115,synthetic_seed
NV,2023,asian,hisp,50-54,0.0,synthetic_seed
NV,2023,asian,hisp,55-59,0.0,synthetic_seed
NV,2023,asian,hisp,60-64,0.0,synthetic_seed
NV,2023,asian,hisp,65-69,0.0,synthetic_seed
NV,2023,asian,hisp,70-74,0.0,synthetic_seed
NV,2023,asian,hisp,75-79,0.0,synthetic_seed
NV,2023,asian,hisp,80-84,0.0,synthetic_seed
NV,2023,asian,hisp,85+,0.0,synthetic_seed
NV,2023,other,non-hisp,0-4,0.0,synthetic_seed
NV,2023,other,non-hisp,5-9,0.0,synthetic_seed
NV,2023,other,non-hisp,10-14,0.0,synthetic_seed
NV,2023,other,non-hisp,15-19,0.0162,synthetic_seed
NV,2023,other,non-hisp,20-24,0.0702,synthetic_seed
NV,2023,other,non-hisp,25-29,0.108,synthetic_seed
NV,2023,other,non-hisp,30-34,0.108,synthetic_seed
NV,2023,other,non-hisp,35-39,0.054,synthetic_seed
NV,2023,other,non-hisp,40-44,0.01296,synthetic_seed
NV,2023,other,non-hisp,45-49,0.00108,synthetic_seed
NV,2023,other,non-hisp,50-54,0.0,synthetic_seed
NV,2023,other,non-hisp,55-59,0.0,synthetic_seed
NV,2023,other,non-hisp,60-64,0.0,synthetic_seed
NV,2023,other,non-hisp,65-69,0.0,synthetic_seed
NV,2023,other,non-hisp,70-74,0.0,synthetic_seed
NV,2023,other,non-hisp,75-79,0.0,synthetic_seed
NV,2023,other,non-hisp,80-84,0.0,synthetic_seed
NV,2023,other,non-hisp,85+,0.0,synthetic_seed
NV,2023,other,hisp,0-4,0.0,synthetic_seed
NV,2023,other,hisp,5-9,0.0,synthetic_seed
NV,2023,other,hisp,10-14,0.0,synthetic_seed
NV,2023,other,hisp,15-19,0.01725,synthetic_seed
NV,2023,other,hisp,20-24,0.07475,synthetic_seed
NV,2023,other,hisp,25-29,0.115,synthetic_seed
NV,2023,other,hisp,30-34,0.115,synthetic_seed
NV,2023,other,hisp,35-39,0.0575,synthetic_seed
NV,2023,other,hisp,40-44,0.0138,synthetic_seed
NV,2023,other,hisp,45-49,0.00115,synthetic_seed
NV,2023,other,hisp,50-54,0.0,synthetic_seed
NV,2023,other,hisp,55-59,0.0,synthetic_seed
NV,2023,other,hisp,60-64,0.0,synthetic_seed
NV,2023,other,hisp,65-69,0.0,synthetic_seed
NV,2023,other,hisp,70-74,0.0,synthetic_seed
NV,2023,other,hisp,75-79,0.0,synthetic_seed
NV,2023,other,hisp,80-84,0.0,synthetic_seed
NV,2023,other,hisp,85+,0.0,synthetic_seed
NH,2023,white,non-hisp,0-4,0.0,synthetic_seed
NH,2023,white,non-hisp,5-9,0.0,synthetic_seed
NH,2023,white,non-hisp,10-14,0.0,synthetic_seed
NH,2023,white,non-hisp,15-19,0.0138,synthetic_seed
NH,2023,white,non-hisp,20-24,0.0598,synthetic_seed
NH,2023,white,non-hisp,25-29,0.092,synthetic_seed
NH,2023,white,non-hisp,30-34,0.092,synthetic_seed
NH,2023,white,non-hisp,35-39,0.046,synthetic_seed
NH,2023,white,non-hisp,40-44,0.01104,synthetic_seed
NH,2023,white,non-hisp,45-49,0.00092,synthetic_seed
NH,2023,white,non-hisp,50-54,0.0,synthetic_seed
NH,2023,white,non-hisp,55-59,0.0,synthetic_seed
NH,2023,white,non-hisp,60-64,0.0,synthetic_seed
NH,2023,white,non-hisp,65-69,0.0,synthetic_seed
NH,2023,white,non-hisp,70-74,0.0,synthetic_seed
NH,2023,white,non-hisp,75-79,0.0,synthetic_seed
NH,2023,white,non-hisp,80-84,0.0,synthetic_seed
NH,2023,white,non-hisp,85+,0.0,synthetic_seed
NH,2023,white,hisp,0-4,0.0,synthetic_seed
NH,2023,white,hisp,5-9,0.0,synthetic_seed
NH,2023,white,hisp,10-14,0.0,synthetic_seed
NH,2023,white,hisp,15-19,0.01587,synthetic_seed
NH,2023,white,hisp,20-24,0.06877,synthetic_seed
NH,2023,white,hisp,25-29,0.1058,synthetic_seed
NH,2023,white,hisp,30-34,0.1058,synthetic_seed
NH,2023,white,hisp,35-39,0.0529,synthetic_seed
NH,2023,white,hisp,40-44,0.012696,synthetic_seed
NH,2023,white,hisp,45-49,0.001058,synthetic_seed
NH,2023,white,hisp,50-54,0.0,synthetic_seed
NH,2023,white,hisp,55-59,0.0,synthetic_seed
NH,2023,white,hisp,60-64,0.0,synthetic_seed
NH,2023,white,hisp,65-69,0.0,synthetic_seed
NH,2023,white,hisp,70-74,0.0,synthetic_seed
NH,2023,white,hisp,75-79,0.0,synthetic_seed
NH,2023,white,hisp,80-84,0.0,synthetic_seed
NH,2023,white,hisp,85+,0.0,synthetic_seed
NH,2023,black,non-hisp,0-4,0.0,synthetic_seed
NH,2023,black,non-hisp,5-9,0.0,synthetic_seed
NH,2023,black,non-hisp,10-14,0.0,synthetic_seed
NH,2023,black,non-hisp,15-19,0.0138,synthetic_seed
NH,2023,black,non-hisp,20-24,0.0598,synthetic_seed
NH,2023,black,non-hisp,25-29,0.092,synthetic_seed
NH,2023,black,non-hisp,30-34,0.092,synthetic_seed
NH,2023,black,non-hisp,35-39,0.046,synthetic_seed
NH,2023,black,non-hisp,40-44,0.01104,synthetic_seed
NH,2023,black,non-hisp,45-49,0.00092,synthetic_seed
NH,2023,black,non-hisp,50-54,0.0,synthetic_seed
NH,2023,black,non-hisp,55-59,0.0,synthetic_seed
NH,2023,black,non-hisp,60-64,0.0,synthetic_seed
NH,2023,black,non-hisp,65-69,0.0,synthetic_seed
NH,2023,black,non-hisp,70-74,0.0,synthetic_seed
NH,2023,black,non-hisp,75-79,0.0,synthetic_seed
NH,2023,black,non-hisp,80-84,0.0,synthetic_seed
NH,2023,black,non-hisp,85+,0.0,synthetic_seed
NH,2023,black,hisp,0-4,0.0,synthetic_seed
NH,2023,black,hisp,5-9,0.0,synthetic_seed
NH,2023,black,hisp,10-14,0.0,synthetic_seed
NH,2023,black,hisp,15-19,0.01587,synthetic_seed
NH,2023,black,hisp,20-24,0.06877,synthetic_seed
NH,2023,black,hisp,25-29,0.1058,synthetic_seed
NH,2023,black,hisp,30-34,0.1058,synthetic_seed
NH,2023,black,hisp,35-39,0.0529,synthetic_seed
NH,2023,black,hisp,40-44,0.012696,synthetic_seed
NH,2023,black,hisp,45-49,0.001058,synthetic_seed
NH,2023,black,hisp,50-54,0.0,synthetic_seed
NH,2023,black,hisp,55-59,0.0,synthetic_seed
NH,2023,black,hisp,60-64,0.0,synthetic_seed
NH,2023,black,hisp,65-69,0.0,synthetic_seed
NH,2023,black,hisp,70-74,0.0,synthetic_seed
NH,2023,black,hisp,75-79,0.0,synthetic_seed
NH,2023,black,hisp,80-84,0.0,synthetic_seed
NH,2023,black,hisp,85+,0.0,synthetic_seed
NH,2023,asian,non-hisp,0-4,0.0,synthetic_seed
NH,2023,asian,non-hisp,5-9,0.0,synthetic_seed
NH,2023,asian,non-hisp,10-14,0.0,synthetic_seed
NH,2023,asian,non-hisp,15-19,0.0138,synthetic_seed
NH,2023,asian,non-hisp,20-24,0.0598,synthetic_seed
NH,2023,asian,non-hisp,25-29,0.092,synthetic_seed
NH,2023,asian,non-hisp,30-34,0.092,synthetic_seed
NH,2023,asian,non-hisp,35-39,0.046,synthetic_seed
NH,2023,asian,non-hisp,40-44,0.01104,synthetic_seed
NH,2023,asian,non-hisp,45-49,0.00092,synthetic_seed
NH,2023,asian,non-hisp,50-54,0.0,synthetic_seed
NH,2023,asian,non-hisp,55-59,0.0,synthetic_seed
NH,2023,asian,non-hisp,60-64,0.0,synthetic_seed
NH,2023,asian,non-hisp,65-69,0.0,synthetic_seed
NH,2023,asian,non-hisp,70-74,0.0,synthetic_seed
NH,2023,asian,non-hisp,75-79,0.0,synthetic_seed
NH,2023,asian,non-hisp,80-84,0.0,synthetic_seed
NH,2023,asian,non-hisp,85+,0.0,synthetic_seed
NH,2023,asian,hisp,0-4,0.0,synthetic_seed
NH,2023,asian,hisp,5-9,0.0,synthetic_seed
NH,2023,asian,hisp,10-14,0.0,synthetic_seed
NH,2023,asian,hisp,15-19,0.01587,synthetic_seed
NH,2023,asian,hisp,20-24,0.06877,synthetic_seed
NH,2023,asian,hisp,25-29,0.1058,synthetic_seed
NH,2023,asian,hisp,30-34,0.1058,synthetic_seed
NH,2023,asian,hisp,35-39,0.0529,synthetic_seed
NH,2023,asian,hisp,40-44,0.012696,synthetic_seed
NH,2023,asian,hisp,45-49,0.001058,synthetic_seed
NH,2023,asian,hisp,50-54,0.0,synthetic_seed
NH,2023,asian,hisp,55-59,0.0,synthetic_seed
NH,2023,asian,hisp,60-64,0.0,synthetic_seed
NH,2023,asian,hisp,65-69,0.0,synthetic_seed
NH,2023,asian,hisp,70-74,0.0,synthetic_seed
NH,2023,asian,hisp,75-79,0.0,synthetic_seed
NH,2023,asian,hisp,80-84,0.0,synthetic_seed
NH,2023,asian,hisp,85+,0.0,synthetic_seed
NH,2023,other,non-hisp,0-4,0.0,synthetic_seed
NH,2023,other,non-hisp,5-9,0.0,synthetic_seed
NH,2023,other,non-hisp,10-14,0.0,synthetic_seed
NH,2023,other,non-hisp,15-19,0.014904,synthetic_seed
NH,2023,other,non-hisp,20-24,0.064584,synthetic_seed
NH,2023,other,non-hisp,25-29,0.09936,synthetic_seed
NH,2023,other,non-hisp,30-34,0.09936,synthetic_seed
NH,2023,other,non-hisp,35-39,0.04968,synthetic_seed
NH,2023,other,non-hisp,40-44,0.011923,synthetic_seed
NH,2023,other,non-hisp,45-49,0.000994,synthetic_seed
NH,2023,other,non-hisp,50-54,0.0,synthetic_seed
NH,2023,other,non-hisp,55-59,0.0,synthetic_seed
NH,2023,other,non-hisp,60-64,0.0,synthetic_seed
NH,2023,other,non-hisp,65-69,0.0,synthetic_seed
NH,2023,other,non-hisp,70-74,0.0,synthetic_seed
NH,2023,other,non-hisp,75-79,0.0,synthetic_seed
NH,2023,other,non-hisp,80-84,0.0,synthetic_seed
NH,2023,other,non-hisp,85+,0.0,synthetic_seed
NH,2023,other,hisp,0-4,0.0,synthetic_seed
NH,2023,other,hisp,5-9,0.0,synthetic_seed
NH,2023,other,hisp,10-14,0.0,synthetic_seed
NH,2023,other,hisp,15-19,0.01587,synthetic_seed
NH,2023,other,hisp,20-24,0.06877,synthetic_seed
NH,2023,other,hisp,25-29,0.1058,synthetic_seed
NH,2023,other,hisp,30-34,0.1058,synthetic_seed
NH,2023,other,hisp,35-39,0.0529,synthetic_seed
NH,2023,other,hisp,40-44,0.012696,synthetic_seed
NH,2023,other,hisp,45-49,0.001058,synthetic_seed
NH,2023,other,hisp,50-54,0.0,synthetic_seed
NH,2023,other,hisp,55-59,0.0,synthetic_seed
NH,2023,other,hisp,60-64,0.0,synthetic_seed
NH,2023,other,hisp,65-69,0.0,synthetic_seed
NH,2023,other,hisp,70-74,0.0,synthetic_seed
NH,2023,other,hisp,75-79,0.0,synthetic_seed
NH,2023,other,hisp,80-84,0.0,synthetic_seed
NH,2023,other,hisp,85+,0.0,synthetic_seed
NJ,2023,white,non-hisp,0-4,0.0,synthetic_seed
NJ,2023,white,non-hisp,5-9,0.0,synthetic_seed
NJ,2023,white,non-hisp,10-14,0.0,synthetic_seed
NJ,2023,white,non-hisp,15-19,0.0138,synthetic_seed
NJ,2023,white,non-hisp,20-24,0.0598,synthetic_seed
NJ,2023,white,non-hisp,25-29,0.092,synthetic_seed
NJ,2023,white,non-hisp,30-34,0.092,synthetic_seed
NJ,2023,white,non-hisp,35-39,0.046,synthetic_seed
NJ,2023,white,non-hisp,40-44,0.01104,synthetic_seed
NJ,2023,white,non-hisp,45-49,0.00092,synthetic_seed
NJ,2023,white,non-hisp,50-54,0.0,synthetic_seed
NJ,2023,white,non-hisp,55-59,0.0,synthetic_seed
NJ,2023,white,non-hisp,60-64,0.0,synthetic_seed
NJ,2023,white,non-hisp,65-69,0.0,synthetic_seed
NJ,2023,white,non-hisp,70-74,0.0,synthetic_seed
NJ,2023,white,non-hisp,75-79,0.0,synthetic_seed
NJ,2023,white,non-hisp,80-84,0.0,synthetic_seed
NJ,2023,white,non-hisp,85+,0.0,synthetic_seed
NJ,2023,white,hisp,0-4,0.0,synthetic_seed
NJ,2023,white,hisp,5-9,0.0,synthetic_seed
NJ,2023,white,hisp,10-14,0.0,synthetic_seed
NJ,2023,white,hisp,15-19,0.01587,synthetic_seed
NJ,2023,white,hisp,20-24,0.06877,synthetic_seed
NJ,2023,white,hisp,25-29,0.1058,synthetic_seed
NJ,2023,white,hisp,30-34,0.1058,synthetic_seed
NJ,2023,white,hisp,35-39,0.0529,synthetic_seed
NJ,2023,white,hisp,40-44,0.012696,synthetic_seed
NJ,2023,white,hisp,45-49,0.001058,synthetic_seed
NJ,2023,white,hisp,50-54,0.0,synthetic_seed
NJ,2023,white,hisp,55-59,0.0,synthetic_seed
NJ,2023,white,hisp,60-64,0.0,synthetic_seed
NJ,2023,white,hisp,65-69,0.0,synthetic_seed
NJ,2023,white,hisp,70-74,0.0,synthetic_seed
NJ,2023,white,hisp,75-79,0.0,synthetic_seed
NJ,2023,white,hisp,80-84,0.0,synthetic_seed
NJ,2023,white,hisp,85+,0.0,synthetic_seed
NJ,2023,black,non-hisp,0-4,0.0,synthetic_seed
NJ,2023,black,non-hisp,5-9,0.0,synthetic_seed
NJ,2023,black,non-hisp,10-14,0.0,synthetic_seed
NJ,2023,black,non-hisp,15-19,0.0138,synthetic_seed
NJ,2023,black,non-hisp,20-24,0.0598,synthetic_seed
NJ,2023,black,non-hisp,25-29,0.092,synthetic_seed
NJ,2023,black,non-hisp,30-34,0.092,synthetic_seed
NJ,2023,black,non-hisp,35-39,0.046,synthetic_seed
NJ,2023,black,non-hisp,40-44,0.01104,synthetic_seed
NJ,2023,black,non-hisp,45-49,0.00092,synthetic_seed
NJ,2023,black,non-hisp,50-54,0.0,synthetic_seed
NJ,2023,black,non-hisp,55-59,0.0,synthetic_seed
NJ,2023,black,non-hisp,60-64,0.0,synthetic_seed
NJ,2023,black,non-hisp,65-69,0.0,synthetic_seed
NJ,2023,black,non-hisp,70-74,0.0,synthetic_seed
NJ,2023,black,non-hisp,75-79,0.0,synthetic_seed
NJ,2023,black,non-hisp,80-84,0.0,synthetic_seed
NJ,2023,black,non-hisp,85+,0.0,synthetic_seed
NJ,2023,black,hisp,0-4,0.0,synthetic_seed
NJ,2023,black,hisp,5-9,0.0,synthetic_seed
NJ,2023,black,hisp,10-14,0.0,synthetic_seed
NJ,2023,black,hisp,15-19,0.01587,synthetic_seed
NJ,2023,black,hisp,20-24,0.06877,synthetic_seed
NJ,2023,black,hisp,25-29,0.1058,synthetic_seed
NJ,2023,black,hisp,30-34,0.1058,synthetic_seed
NJ,2023,black,hisp,35-39,0.0529,synthetic_seed
NJ,2023,black,hisp,40-44,0.012696,synthetic_seed
NJ,2023,black,hisp,45-49,0.001058,synthetic_seed
NJ,2023,black,hisp,50-54,0.0,synthetic_seed
NJ,2023,black,hisp,55-59,0.0,synthetic_seed
NJ,2023,black,hisp,60-64,0.0,synthetic_seed
NJ,2023,black,hisp,65-69,0.0,synthetic_seed
NJ,2023,black,hisp,70-74,0.0,synthetic_seed
NJ,2023,black,hisp,75-79,0.0,synthetic_seed
NJ,2023,black,hisp,80-84,0.0,synthetic_seed
NJ,2023,black,hisp,85+,0.0,synthetic_seed
NJ,2023,asian,non-hisp,0-4,0.0,synthetic_seed
NJ,2023,asian,non-hisp,5-9,0.0,synthetic_seed
NJ,2023,asian,non-hisp,10-14,0.0,synthetic_seed
NJ,2023,asian,non-hisp,15-19,0.0138,synthetic_seed
NJ,2023,asian,non-hisp,20-24,0.0598,synthetic_seed
NJ,2023,asian,non-hisp,25-29,0.092,synthetic_seed
NJ,2023,asian,non-hisp,30-34,0.092,synthetic_seed
NJ,2023,asian,non-hisp,35-39,0.046,synthetic_seed
NJ,2023,asian,non-hisp,40-44,0.01104,synthetic_seed
NJ,2023,asian,non-hisp,45-49,0.00092,synthetic_seed
NJ,2023,asian,non-hisp,50-54,0.0,synthetic_seed
NJ,2023,asian,non-hisp,55-59,0.0,synthetic_seed
NJ,2023,asian,non-hisp,60-64,0.0,synthetic_seed
NJ,2023,asian,non-hisp,65-69,0.0,synthetic_seed
NJ,2023,asian,non-hisp,70-74,0.0,synthetic_seed
NJ,2023,asian,non-hisp,75-79,0.0,synthetic_seed
NJ,2023,asian,non-hisp,80-84,0.0,synthetic_seed
NJ,2023,asian,non-hisp,85+,0.0,synthetic_seed
NJ,2023,asian,hisp,0-4,0.0,synthetic_seed
NJ,2023,asian,hisp,5-9,0.0,synthetic_seed
NJ,2023,asian,hisp,10-14,0.0,synthetic_seed
NJ,2023,asian,hisp,15-19,0.01587,synthetic_seed
NJ,2023,asian,hisp,20-24,0.06877,synthetic_seed
NJ,2023,asian,hisp,25-29,0.1058,synthetic_seed
NJ,2023,asian,hisp,30-34,0.1058,synthetic_seed
NJ,2023,asian,hisp,35-39,0.0529,synthetic_seed
NJ,2023,asian,hisp,40-44,0.012696,synthetic_seed
NJ,2023,asian,hisp,45-49,0.001058,synthetic_seed
NJ,2023,asian,hisp,50-54,0.0,synthetic_seed
NJ,2023,asian,hisp,55-59,0.0,synthetic_seed
NJ,2023,asian,hisp,60-64,0.0,synthetic_seed
NJ,2023,asian,hisp,65-69,0.0,synthetic_seed
NJ,2023,asian,hisp,70-74,0.0,synthetic_seed
NJ,2023,asian,hisp,75-79,0.0,synthetic_seed
NJ,2023,asian,hisp,80-84,0.0,synthetic_seed
NJ,2023,asian,hisp,85+,0.0,synthetic_seed
NJ,2023,other,non-hisp,0-4,0.0,synthetic_seed
NJ,2023,other,non-hisp,5-9,0.0,synthetic_seed
NJ,2023,other,non-hisp,10-14,0.0,synthetic_seed
NJ,2023,other,non-hisp,15-19,0.014904,synthetic_seed
NJ,2023,other,non-hisp,20-24,0.064584,synthetic_seed
NJ,2023,other,non-hisp,25-29,0.09936,synthetic_seed
NJ,2023,other,non-hisp,30-34,0.09936,synthetic_seed
NJ,2023,other,non-hisp,35-39,0.04968,synthetic_seed
NJ,2023,other,non-hisp,40-44,0.011923,synthetic_seed
NJ,2023,other,non-hisp,45-49,0.000994,synthetic_seed
NJ,2023,other,non-hisp,50-54,0.0,synthetic_seed
NJ,2023,other,non-hisp,55-59,0.0,synthetic_seed
NJ,2023,other,non-hisp,60-64,0.0,synthetic_seed
NJ,2023,other,non-hisp,65-69,0.0,synthetic_seed
NJ,2023,other,non-hisp,70-74,0.0,synthetic_seed
NJ,2023,other,non-hisp,75-79,0.0,synthetic_seed
NJ,2023,other,non-hisp,80-84,0.0,synthetic_seed
NJ,2023,other,non-hisp,85+,0.0,synthetic_seed
NJ,2023,other,hisp,0-4,0.0,synthetic_seed
NJ,2023,other,hisp,5-9,0.0,synthetic_seed
NJ,2023,other,hisp,10-14,0.0,synthetic_seed
NJ,2023,other,hisp,15-19,0.01587,synthetic_seed
NJ,2023,other,hisp,20-24,0.06877,synthetic_seed
NJ,2023,other,hisp,25-29,0.1058,synthetic_seed
NJ,2023,other,hisp,30-34,0.1058,synthetic_seed
NJ,2023,other,hisp,35-39,0.0529,synthetic_seed
NJ,2023,other,hisp,40-44,0.012696,synthetic_seed
NJ,2023,other,hisp,45-49,0.001058,synthetic_seed
NJ,2023,other,hisp,50-54,0.0,synthetic_seed
NJ,2023,other,hisp,55-59,0.0,synthetic_seed
NJ,2023,other,hisp,60-64,0.0,synthetic_seed
NJ,2023,other,hisp,65-69,0.0,synthetic_seed
NJ,2023,other,hisp,70-74,0.0,synthetic_seed
NJ,2023,other,hisp,75-79,0.0,synthetic_seed
NJ,2023,other,hisp,80-84,0.0,synthetic_seed
NJ,2023,other,hisp,85+,0.0,synthetic_seed
NM,2023,white,non-hisp,0-4,0.0,synthetic_seed
NM,2023,white,non-hisp,5-9,0.0,synthetic_seed
NM,2023,white,non-hisp,10-14,0.0,synthetic_seed
NM,2023,white,non-hisp,15-19,0.015,synthetic_seed
NM,2023,white,non-hisp,20-24,0.065,synthetic_seed
NM,2023,white,non-hisp,25-29,0.1,synthetic_seed
NM,2023,white,non-hisp,30-34,0.1,synthetic_seed
NM,2023,white,non-hisp,35-39,0.05,synthetic_seed
NM,2023,white,non-hisp,40-44,0.012,synthetic_seed
NM,2023,white,non-hisp,45-49,0.001,synthetic_seed
NM,2023,white,non-hisp,50-54,0.0,synthetic_seed
NM,2023,white,non-hisp,55-59,0.0,synthetic_seed
NM,2023,white,non-hisp,60-64,0.0,synthetic_seed
NM,2023,white,non-hisp,65-69,0.0,synthetic_seed
NM,2023,white,non-hisp,70-74,0.0,synthetic_seed
NM,2023,white,non-hisp,75-79,0.0,synthetic_seed
NM,2023,white,non-hisp,80-84,0.0,synthetic_seed
NM,2023,white,non-hisp,85+,0.0,synthetic_seed
NM,2023,white,hisp,0-4,0.0,synthetic_seed
NM,2023,white,hisp,5-9,0.0,synthetic_seed
NM,2023,white,hisp,10-14,0.0,synthetic_seed
NM,2023,white,hisp,15-19,0.01725,synthetic_seed
NM,2023,white,hisp,20-24,0.07475,synthetic_seed
NM,2023,white,hisp,25-29,0.115,synthetic_seed
NM,2023,white,hisp,30-34,0.115,synthetic_seed
NM,2023,white,hisp,35-39,0.0575,synthetic_seed
NM,2023,white,hisp,40-44,0.0138,synthetic_seed
NM,2023,white,hisp,45-49,0.00115,synthetic_seed
NM,2023,white,hisp,50-54,0.0,synthetic_seed
NM,2023,white,hisp,55-59,0.0,synthetic_seed
NM,2023,white,hisp,60-64,0.0,synthetic_seed
NM,2023,white,hisp,65-69,0.0,synthetic_seed
NM,2023,white,hisp,70-74,0.0,synthetic_seed
NM,2023,white,hisp,75-79,0.0,synthetic_seed
NM,2023,white,hisp,80-84,0.0,synthetic_seed
NM,2023,white,hisp,85+,0.0,synthetic_seed
NM,2023,black,non-hisp,0-4,0.0,synthetic_seed
NM,2023,black,non-hisp,5-9,0.0,synthetic_seed
NM,2023,black,non-hisp,10-14,0.0,synthetic_seed
NM,2023,black,non-hisp,15-19,0.015,synthetic_seed
NM,2023,black,non-hisp,20-24,0.065,synthetic_seed
NM,2023,black,non-hisp,25-29,0.1,synthetic_seed
NM,2023,black,non-hisp,30-34,0.1,synthetic_seed
NM,2023,black,non-hisp,35-39,0.05,synthetic_seed
NM,2023,black,non-hisp,40-44,0.012,synthetic_seed
NM,2023,black,non-hisp,45-49,0.001,synthetic_seed
NM,2023,black,non-hisp,50-54,0.0,synthetic_seed
NM,2023,black,non-hisp,55-59,0.0,synthetic_seed
NM,2023,black,non-hisp,60-64,0.0,synthetic_seed
NM,2023,black,non-hisp,65-69,0.0,synthetic_seed
NM,2023,black,non-hisp,70-74,0.0,synthetic_seed
NM,2023,black,non-hisp,75-79,0.0,synthetic_seed
NM,2023,black,non-hisp,80-84,0.0,synthetic_seed
NM,2023,black,non-hisp,85+,0.0,synthetic_seed
NM,2023,black,hisp,0-4,0.0,synthetic_seed
NM,2023,black,hisp,5-9,0.0,synthetic_seed
NM,2023,black,hisp,10-14,0.0,synthetic_seed
NM,2023,black,hisp,15-19,0.01725,synthetic_seed
NM,2023,black,hisp,20-24,0.07475,synthetic_seed
NM,2023,black,hisp,25-29,0.115,synthetic_seed
NM,2023,black,hisp,30-34,0.115,synthetic_seed
NM,2023,black,hisp,35-39,0.0575,synthetic_seed
NM,2023,black,hisp,40-44,0.0138,synthetic_seed
NM,2023,black,hisp,45-49,0.00115,synthetic_seed
NM,2023,black,hisp,50-54,0.0,synthetic_seed
NM,2023,black,hisp,55-59,0.0,synthetic_seed
NM,2023,black,hisp,60-64,0.0,synthetic_seed
NM,2023,black,hisp,65-69,0.0,synthetic_seed
NM,2023,black,hisp,70-74,0.0,synthetic_seed
NM,2023,black,hisp,75-79,0.0,synthetic_seed
NM,2023,black,hisp,80-84,0.0,synthetic_seed
NM,2023,black,hisp,85+,0.0,synthetic_seed
NM,2023,asian,non-hisp,0-4,0.0,synthetic_seed
NM,2023,asian,non-hisp,5-9,0.0,synthetic_seed
NM,2023,asian,non-hisp,10-14,0.0,synthetic_seed
NM,2023,asian,non-hisp,15-19,0.015,synthetic_seed
NM,2023,asian,non-hisp,20-24,0.065,synthetic_seed
NM,2023,asian,non-hisp,25-29,0.1,synthetic_seed
NM,2023,asian,non-hisp,30-34,0.1,synthetic_seed
NM,2023,asian,non-hisp,35-39,0.05,synthetic_seed
NM,2023,asian,non-hisp,40-44,0.012,synthetic_seed
NM,2023,asian,non-hisp,45-49,0.001,synthetic_seed
NM,2023,asian,non-hisp,50-54,0.0,synthetic_seed
NM,2023,asian,non-hisp,55-59,0.0,synthetic_seed
NM,2023,asian,non-hisp,60-64,0.0,synthetic_seed
NM,2023,asian,non-hisp,65-69,0.0,synthetic_seed
NM,2023,asian,non-hisp,70-74,0.0,synthetic_seed
NM,2023,asian,non-hisp,75-79,0.0,synthetic_seed
NM,2023,asian,non-hisp,80-84,0.0,synthetic_seed
NM,2023,asian,non-hisp,85+,0.0,synthetic_seed
NM,2023,asian,hisp,0-4,0.0,synthetic_seed
NM,2023,asian,hisp,5-9,0.0,synthetic_seed
NM,2023,asian,hisp,10-14,0.0,synthetic_seed
NM,2023,asian,hisp,15-19,0.01725,synthetic_seed
NM,2023,asian,hisp,20-24,0.07475,synthetic_seed
NM,2023,asian,hisp,25-29,0.115,synthetic_seed
NM,2023,asian,hisp,30-34,0.115,synthetic_seed
NM,2023,asian,hisp,35-39,0.0575,synthetic_seed
NM,2023,asian,hisp,40-44,0.0138,synthetic_seed
NM,2023,asian,hisp,45-49,0.00115,synthetic_seed
NM,2023,asian,hisp,50-54,0.0,synthetic_seed
NM,2023,asian,hisp,55-59,0.0,synthetic_seed
NM,2023,asian,hisp,60-64,0.0,synthetic_seed
NM,2023,asian,hisp,65-69,0.0,synthetic_seed
NM,2023,asian,hisp,70-74,0.0,synthetic_seed
NM,2023,asian,hisp,75-79,0.0,synthetic_seed
NM,2023,asian,hisp,80-84,0.0,synthetic_seed
NM,2023,asian,hisp,85+,0.0,synthetic_seed
NM,2023,other,non-hisp,0-4,0.0,synthetic_seed
NM,2023,other,non-hisp,5-9,0.0,synthetic_seed
NM,2023,other,non-hisp,10-14,0.0,synthetic_seed
NM,2023,other,non-hisp,15-19,0.0162,synthetic_seed
NM,2023,other,non-hisp,20-24,0.0702,synthetic_seed
NM,2023,other,non-hisp,25-29,0.108,synthetic_seed
NM,2023,other,non-hisp,30-34,0.108,synthetic_seed
NM,2023,other,non-hisp,35-39,0.054,synthetic_seed
NM,2023,other,non-hisp,40-44,0.01296,synthetic_seed
NM,2023,other,non-hisp,45-49,0.00108,synthetic_seed
NM,2023,other,non-hisp,50-54,0.0,synthetic_seed
NM,2023,other,non-hisp,55-59,0.0,synthetic_seed
NM,2023,other,non-hisp,60-64,0.0,synthetic_seed
NM,2023,other,non-hisp,65-69,0.0,synthetic_seed
NM,2023,other,non-hisp,70-74,0.0,synthetic_seed
NM,2023,other,non-hisp,75-79,0.0,synthetic_seed
NM,2023,other,non-hisp,80-84,0.0,synthetic_seed
NM,2023,other,non-hisp,85+,0.0,synthetic_seed
NM,2023,other,hisp,0-4,0.0,synthetic_seed
NM,2023,other,hisp,5-9,0.0,synthetic_seed
NM,2023,other,hisp,10-14,0.0,synthetic_seed
NM,2023,other,hisp,15-19,0.01725,synthetic_seed
NM,2023,other,hisp,20-24,0.07475,synthetic_seed
NM,2023,other,hisp,25-29,0.115,synthetic_seed
NM,2023,other,hisp,30-34,0.115,synthetic_seed
NM,2023,other,hisp,35-39,0.0575,synthetic_seed
NM,2023,other,hisp,40-44,0.0138,synthetic_seed
NM,2023,other,hisp,45-49,0.00115,synthetic_seed
NM,2023,other,hisp,50-54,0.0,synthetic_seed
NM,2023,other,hisp,55-59,0.0,synthetic_seed
NM,2023,other,hisp,60-64,0.0,synthetic_seed
NM,2023,other,hisp,65-69,0.0,synthetic_seed
NM,2023,other,hisp,70-74,0.0,synthetic_seed
NM,2023,other,hisp,75-79,0.0,synthetic_seed
NM,2023,other,hisp,80-84,0.0,synthetic_seed
NM,2023,other,hisp,85+,0.0,synthetic_seed
NY,2023,white,non-hisp,0-4,0.0,synthetic_seed
NY,2023,white,non-hisp,5-9,0.0,synthetic_seed
NY,2023,white,non-hisp,10-14,0.0,synthetic_seed
NY,2023,white,non-hisp,15-19,0.0138,synthetic_seed
NY,2023,white,non-hisp,20-24,0.0598,synthetic_seed
NY,2023,white,non-hisp,25-29,0.092,synthetic_seed
NY,2023,white,non-hisp,30-34,0.092,synthetic_seed
NY,2023,white,non-hisp,35-39,0.046,synthetic_seed
NY,2023,white,non-hisp,40-44,0.01104,synthetic_seed
NY,2023,white,non-hisp,45-49,0.00092,synthetic_seed
NY,2023,white,non-hisp,50-54,0.0,synthetic_seed
NY,2023,white,non-hisp,55-59,0.0,synthetic_seed
NY,2023,white,non-hisp,60-64,0.0,synthetic_seed
NY,2023,white,non-hisp,65-69,0.0,synthetic_seed
NY,2023,white,non-hisp,70-74,0.0,synthetic_seed
NY,2023,white,non-hisp,75-79,0.0,synthetic_seed
NY,2023,white,non-hisp,80-84,0.0,synthetic_seed
NY,2023,white,non-hisp,85+,0.0,synthetic_seed
NY,2023,white,hisp,0-4,0.0,synthetic_seed
NY,2023,white,hisp,5-9,0.0,synthetic_seed
NY,2023,white,hisp,10-14,0.0,synthetic_seed
NY,2023,white,hisp,15-19,0.01587,synthetic_seed
NY,2023,white,hisp,20-24,0.06877,synthetic_seed
NY,2023,white,hisp,25-29,0.1058,synthetic_seed
NY,2023,white,hisp,30-34,0.1058,synthetic_seed
NY,2023,white,hisp,35-39,0.0529,synthetic_seed
NY,2023,white,hisp,40-44,0.012696,synthetic_seed
NY,2023,white,hisp,45-49,0.001058,synthetic_seed
NY,2023,white,hisp,50-54,0.0,synthetic_seed
NY,2023,white,hisp,55-59,0.0,synthetic_seed
NY,2023,white,hisp,60-64,0.0,synthetic_seed
NY,2023,white,hisp,65-69,0.0,synthetic_seed
NY,2023,white,hisp,70-74,0.0,synthetic_seed
NY,2023,white,hisp,75-79,0.0,synthetic_seed
NY,2023,white,hisp,80-84,0.0,synthetic_seed
NY,2023,white,hisp,85+,0.0,synthetic_seed
NY,2023,black,non-hisp,0-4,0.0,synthetic_seed
NY,2023,black,non-hisp,5-9,0.0,synthetic_seed
NY,2023,black,non-hisp,10-14,0.0,synthetic_seed
NY,2023,black,non-hisp,15-19,0.0138,synthetic_seed
NY,2023,black,non-hisp,20-24,0.0598,synthetic_seed
NY,2023,black,non-hisp,25-29,0.092,synthetic_seed
NY,2023,black,non-hisp,30-34,0.092,synthetic_seed
NY,2023,black,non-hisp,35-39,0.046,synthetic_seed
NY,2023,black,non-hisp,40-44,0.01104,synthetic_seed
NY,2023,black,non-hisp,45-49,0.00092,synthetic_seed
NY,2023,black,non-hisp,50-54,0.0,synthetic_seed
NY,2023,black,non-hisp,55-59,0.0,synthetic_seed
NY,2023,black,non-hisp,60-64,0.0,synthetic_seed
NY,2023,black,non-hisp,65-69,0.0,synthetic_seed
NY,2023,black,non-hisp,70-74,0.0,synthetic_seed
NY,2023,black,non-hisp,75-79,0.0,synthetic_seed
NY,2023,black,non-hisp,80-84,0.0,synthetic_seed
NY,2023,black,non-hisp,85+,0.0,synthetic_seed
NY,2023,black,hisp,0-4,0.0,synthetic_seed
NY,2023,black,hisp,5-9,0.0,synthetic_seed
NY,2023,black,hisp,10-14,0.0,synthetic_seed
NY,2023,black,hisp,15-19,0.01587,synthetic_seed
NY,2023,black,hisp,20-24,0.06877,synthetic_seed
NY,2023,black,hisp,25-29,0.1058,synthetic_seed
NY,2023,black,hisp,30-34,0.1058,synthetic_seed
NY,2023,black,hisp,35-39,0.0529,synthetic_seed
NY,2023,black,hisp,40-44,0.012696,synthetic_seed
NY,2023,black,hisp,45-49,0.001058,synthetic_seed
NY,2023,black,hisp,50-54,0.0,synthetic_seed
NY,2023,black,hisp,55-59,0.0,synthetic_seed
NY,2023,black,hisp,60-64,0.0,synthetic_seed
NY,2023,black,hisp,65-69,0.0,synthetic_seed
NY,2023,black,hisp,70-74,0.0,synthetic_seed
NY,2023,black,hisp,75-79,0.0,synthetic_seed
NY,2023,black,hisp,80-84,0.0,synthetic_seed
NY,2023,black,hisp,85+,0.0,synthetic_seed
NY,2023,asian,non-hisp,0-4,0.0,synthetic_seed
NY,2023,asian,non-hisp,5-9,0.0,synthetic_seed
NY,2023,asian,non-hisp,10-14,0.0,synthetic_seed
NY,2023,asian,non-hisp,15-19,0.0138,synthetic_seed
NY,2023,asian,non-hisp,20-24,0.0598,synthetic_seed
NY,2023,asian,non-hisp,25-29,0.092,synthetic_seed
NY,2023,asian,non-hisp,30-34,0.092,synthetic_seed
NY,2023,asian,non-hisp,35-39,0.046,synthetic_seed
NY,2023,asian,non-hisp,40-44,0.01104,synthetic_seed
NY,2023,asian,non-hisp,45-49,0.00092,synthetic_seed
NY,2023,asian,non-hisp,50-54,0.0,synthetic_seed
NY,2023,asian,non-hisp,55-59,0.0,synthetic_seed
NY,2023,asian,non-hisp,60-64,0.0,synthetic_seed
NY,2023,asian,non-hisp,65-69,0.0,synthetic_seed
NY,2023,asian,non-hisp,70-74,0.0,synthetic_seed
NY,2023,asian,non-hisp,75-79,0.0,synthetic_seed
NY,2023,asian,non-hisp,80-84,0.0,synthetic_seed
NY,2023,asian,non-hisp,85+,0.0,synthetic_seed
NY,2023,asian,hisp,0-4,0.0,synthetic_seed
NY,2023,asian,hisp,5-9,0.0,synthetic_seed
NY,2023,asian,hisp,10-14,0.0,synthetic_seed
NY,2023,asian,hisp,15-19,0.01587,synthetic_seed
NY,2023,asian,hisp,20-24,0.06877,synthetic_seed
NY,2023,asian,hisp,25-29,0.1058,synthetic_seed
NY,2023,asian,hisp,30-34,0.1058,synthetic_seed
NY,2023,asian,hisp,35-39,0.0529,synthetic_seed
NY,2023,asian,hisp,40-44,0.012696,synthetic_seed
NY,2023,asian,hisp,45-49,0.001058,synthetic_seed
NY,2023,asian,hisp,50-54,0.0,synthetic_seed
NY,2023,asian,hisp,55-59,0.0,synthetic_seed
NY,2023,asian,hisp,60-64,0.0,synthetic_seed
NY,2023,asian,hisp,65-69,0.0,synthetic_seed
NY,2023,asian,hisp,70-74,0.0,synthetic_seed
NY,2023,asian,hisp,75-79,0.0,synthetic_seed
NY,2023,asian,hisp,80-84,0.0,synthetic_seed
NY,2023,asian,hisp,85+,0.0,synthetic_seed
NY,2023,other,non-hisp,0-4,0.0,synthetic_seed
NY,2023,other,non-hisp,5-9,0.0,synthetic_seed
NY,2023,other,non-hisp,10-14,0.0,synthetic_seed
NY,2023,other,non-hisp,15-19,0.014904,synthetic_seed
NY,2023,other,non-hisp,20-24,0.064584,synthetic_seed
NY,2023,other,non-hisp,25-29,0.09936,synthetic_seed
NY,2023,other,non-hisp,30-34,0.09936,synthetic_seed
NY,2023,other,non-hisp,35-39,0.04968,synthetic_seed
NY,2023,other,non-hisp,40-44,0.011923,synthetic_seed
NY,2023,other,non-hisp,45-49,0.000994,synthetic_seed
NY,2023,other,non-hisp,50-54,0.0,synthetic_seed
NY,2023,other,non-hisp,55-59,0.0,synthetic_seed
NY,2023,other,non-hisp,60-64,0.0,synthetic_seed
NY,2023,other,non-hisp,65-69,0.0,synthetic_seed
NY,2023,other,non-hisp,70-74,0.0,synthetic_seed
NY,2023,other,non-hisp,75-79,0.0,synthetic_seed
NY,2023,other,non-hisp,80-84,0.0,synthetic_seed
NY,2023,other,non-hisp,85+,0.0,synthetic_seed
NY,2023,other,hisp,0-4,0.0,synthetic_seed
NY,2023,other,hisp,5-9,0.0,synthetic_seed
NY,2023,other,hisp,10-14,0.0,synthetic_seed
NY,2023,other,hisp,15-19,0.01587,synthetic_seed
NY,2023,other,hisp,20-24,0.06877,synthetic_seed
NY,2023,other,hisp,25-29,0.1058,synthetic_seed
NY,2023,other,hisp,30-34,0.1058,synthetic_seed
NY,2023,other,hisp,35-39,0.0529,synthetic_seed
NY,2023,other,hisp,40-44,0.012696,synthetic_seed
NY,2023,other,hisp,45-49,0.001058,synthetic_seed
NY,2023,other,hisp,50-54,0.0,synthetic_seed
NY,2023,other,hisp,55-59,0.0,synthetic_seed
NY,2023,other,hisp,60-64,0.0,synthetic_seed
NY,2023,other,hisp,65-69,0.0,synthetic_seed
NY,2023,other,hisp,70-74,0.0,synthetic_seed
NY,2023,other,hisp,75-79,0.0,synthetic_seed
NY,2023,other,hisp,80-84,0.0,synthetic_seed
NY,2023,other,hisp,85+,0.0,synthetic_seed
NC,2023,white,non-hisp,0-4,0.0,synthetic_seed
NC,2023,white,non-hisp,5-9,0.0,synthetic_seed
NC,2023,white,non-hisp,10-14,0.0,synthetic_seed
NC,2023,white,non-hisp,15-19,0.01575,synthetic_seed
NC,2023,white,non-hisp,20-24,0.06825,synthetic_seed
NC,2023,white,non-hisp,25-29,0.105,synthetic_seed
NC,2023,white,non-hisp,30-34,0.105,synthetic_seed
NC,2023,white,non-hisp,35-39,0.0525,synthetic_seed
NC,2023,white,non-hisp,40-44,0.0126,synthetic_seed
NC,2023,white,non-hisp,45-49,0.00105,synthetic_seed
NC,2023,white,non-hisp,50-54,0.0,synthetic_seed
NC,2023,white,non-hisp,55-59,0.0,synthetic_seed
NC,2023,white,non-hisp,60-64,0.0,synthetic_seed
NC,2023,white,non-hisp,65-69,0.0,synthetic_seed
NC,2023,white,non-hisp,70-74,0.0,synthetic_seed
NC,2023,white,non-hisp,75-79,0.0,synthetic_seed
NC,2023,white,non-hisp,80-84,0.0,synthetic_seed
NC,2023,white,non-hisp,85+,0.0,synthetic_seed
NC,2023,white,hisp,0-4,0.0,synthetic_seed
NC,2023,white,hisp,5-9,0.0,synthetic_seed
NC,2023,white,hisp,10-14,0.0,synthetic_seed
NC,2023,white,hisp,15-19,0.018113,synthetic_seed
NC,2023,white,hisp,20-24,0.078488,synthetic_seed
NC,2023,white,hisp,25-29,0.12075,synthetic_seed
NC,2023,white,hisp,30-34,0.12075,synthetic_seed
NC,2023,white,hisp,35-39,0.060375,synthetic_seed
NC,2023,white,hisp,40-44,0.01449,synthetic_seed
NC,2023,white,hisp,45-49,0.001208,synthetic_seed
NC,2023,white,hisp,50-54,0.0,synthetic_seed
NC,2023,white,hisp,55-59,0.0,synthetic_seed
NC,2023,white,hisp,60-64,0.0,synthetic_seed
NC,2023,white,hisp,65-69,0.0,synthetic_seed
NC,2023,white,hisp,70-74,0.0,synthetic_seed
NC,2023,white,hisp,75-79,0.0,synthetic_seed
NC,2023,white,hisp,80-84,0.0,synthetic_seed
NC,2023,white,hisp,85+,0.0,synthetic_seed
NC,2023,black,non-hisp,0-4,0.0,synthetic_seed
NC,2023,black,non-hisp,5-9,0.0,synthetic_seed
NC,2023,black,non-hisp,10-14,0.0,synthetic_seed
NC,2023,black,non-hisp,15-19,0.01575,synthetic_seed
NC,2023,black,non-hisp,20-24,0.06825,synthetic_seed
NC,2023,black,non-hisp,25-29,0.105,synthetic_seed
NC,2023,black,non-hisp,30-34,0.105,synthetic_seed
NC,2023,black,non-hisp,35-39,0.0525,synthetic_seed
NC,2023,black,non-hisp,40-44,0.0126,synthetic_seed
NC,2023,black,non-hisp,45-49,0.00105,synthetic_seed
NC,2023,black,non-hisp,50-54,0.0,synthetic_seed
NC,2023,black,non-hisp,55-59,0.0,synthetic_seed
NC,2023,black,non-hisp,60-64,0.0,synthetic_seed
NC,2023,black,non-hisp,65-69,0.0,synthetic_seed
NC,2023,black,non-hisp,70-74,0.0,synthetic_seed
NC,2023,black,non-hisp,75-79,0.0,synthetic_seed
NC,2023,black,non-hisp,80-84,0.0,synthetic_seed
NC,2023,black,non-hisp,85+,0.0,synthetic_seed
NC,2023,black,hisp,0-4,0.0,synthetic_seed
NC,2023,black,hisp,5-9,0.0,synthetic_seed
NC,2023,black,hisp,10-14,0.0,synthetic_seed
NC,2023,black,hisp,15-19,0.018113,synthetic_seed
NC,2023,black,hisp,20-24,0.078488,synthetic_seed
NC,2023,black,hisp,25-29,0.12075,synthetic_seed
NC,2023,black,hisp,30-34,0.12075,synthetic_seed
NC,2023,black,hisp,35-39,0.060375,synthetic_seed
NC,2023,black,hisp,40-44,0.01449,synthetic_seed
NC,2023,black,hisp,45-49,0.001208,synthetic_seed
NC,2023,black,hisp,50-54,0.0,synthetic_seed
NC,2023,black,hisp,55-59,0.0,synthetic_seed
NC,2023,black,hisp,60-64,0.0,synthetic_seed
NC,2023,black,hisp,65-69,0.0,synthetic_seed
NC,2023,black,hisp,70-74,0.0,synthetic_seed
NC,2023,black,hisp,75-79,0.0,synthetic_seed
NC,2023,black,hisp,80-84,0.0,synthetic_seed
NC,2023,black,hisp,85+,0.0,synthetic_seed
NC,2023,asian,non-hisp,0-4,0.0,synthetic_seed
NC,2023,asian,non-hisp,5-9,0.0,synthetic_seed
NC,2023,asian,non-hisp,10-14,0.0,synthetic_seed
NC,2023,asian,non-hisp,15-19,0.01575,synthetic_seed
NC,2023,asian,non-hisp,20-24,0.06825,synthetic_seed
NC,2023,asian,non-hisp,25-29,0.105,synthetic_seed
NC,2023,asian,non-hisp,30-34,0.105,synthetic_seed
NC,2023,asian,non-hisp,35-39,0.0525,synthetic_seed
NC,2023,asian,non-hisp,40-44,0.0126,synthetic_seed
NC,2023,asian,non-hisp,45-49,0.00105,synthetic_seed
NC,2023,asian,non-hisp,50-54,0.0,synthetic_seed
NC,2023,asian,non-hisp,55-59,0.0,synthetic_seed
NC,2023,asian,non-hisp,60-64,0.0,synthetic_seed
NC,2023,asian,non-hisp,65-69,0.0,synthetic_seed
NC,2023,asian,non-hisp,70-74,0.0,synthetic_seed
NC,2023,asian,non-hisp,75-79,0.0,synthetic_seed
NC,2023,asian,non-hisp,80-84,0.0,synthetic_seed
NC,2023,asian,non-hisp,85+,0.0,synthetic_seed
NC,2023,asian,hisp,0-4,0.0,synthetic_seed
NC,2023,asian,hisp,5-9,0.0,synthetic_seed
NC,2023,asian,hisp,10-14,0.0,synthetic_seed
NC,2023,asian,hisp,15-19,0.018113,synthetic_seed
NC,2023,asian,hisp,20-24,0.078488,synthetic_seed
NC,2023,asian,hisp,25-29,0.12075,synthetic_seed
NC,2023,asian,hisp,30-34,0.12075,synthetic_seed
NC,2023,asian,hisp,35-39,0.060375,synthetic_seed
NC,2023,asian,hisp,40-44,0.01449,synthetic_seed
NC,2023,asian,hisp,45-49,0.001208,synthetic_seed
NC,2023,asian,hisp,50-54,0.0,synthetic_seed
NC,2023,asian,hisp,55-59,0.0,synthetic_seed
NC,2023,asian,hisp,60-64,0.0,synthetic_seed
NC,2023,asian,hisp,65-69,0.0,synthetic_seed
NC,2023,asian,hisp,70-74,0.0,synthetic_seed
NC,2023,asian,hisp,75-79,0.0,synthetic_seed
NC,2023,asian,hisp,80-84,0.0,synthetic_seed
NC,2023,asian,hisp,85+,0.0,synthetic_seed
NC,2023,other,non-hisp,0-4,0.0,synthetic_seed
NC,2023,other,non-hisp,5-9,0.0,synthetic_seed
NC,2023,other,non-hisp,10-14,0.0,synthetic_seed
NC,2023,other,non-hisp,15-19,0.01701,synthetic_seed
NC,2023,other,non-hisp,20-24,0.07371,synthetic_seed
NC,2023,other,non-hisp,25-29,0.1134,synthetic_seed
NC,2023,other,non-hisp,30-34,0.1134,synthetic_seed
NC,2023,other,non-hisp,35-39,0.0567,synthetic_seed
NC,2023,other,non-hisp,40-44,0.013608,synthetic_seed
NC,2023,other,non-hisp,45-49,0.001134,synthetic_seed
NC,2023,other,non-hisp,50-54,0.0,synthetic_seed
NC,2023,other,non-hisp,55-59,0.0,synthetic_seed
NC,2023,other,non-hisp,60-64,0.0,synthetic_seed
NC,2023,other,non-hisp,65-69,0.0,synthetic_seed
NC,2023,other,non-hisp,70-74,0.0,synthetic_seed
NC,2023,other,non-hisp,75-79,0.0,synthetic_seed
NC,2023,other,non-hisp,80-84,0.0,synthetic_seed
NC,2023,other,non-hisp,85+,0.0,synthetic_seed
NC,2023,other,hisp,0-4,0.0,synthetic_seed
NC,2023,other,hisp,5-9,0.0,synthetic_seed
NC,2023,other,hisp,10-14,0.0,synthetic_seed
NC,2023,other,hisp,15-19,0.018113,synthetic_seed
NC,2023,other,hisp,20-24,0.078488,synthetic_seed
NC,2023,other,hisp,25-29,0.12075,synthetic_seed
NC,2023,other,hisp,30-34,0.12075,synthetic_seed
NC,2023,other,hisp,35-39,0.060375,synthetic_seed
NC,2023,other,hisp,40-44,0.01449,synthetic_seed
NC,2023,other,hisp,45-49,0.001208,synthetic_seed
NC,2023,other,hisp,50-54,0.0,synthetic_seed
NC,2023,other,hisp,55-59,0.0,synthetic_seed
NC,2023,other,hisp,60-64,0.0,synthetic_seed
NC,2023,other,hisp,65-69,0.0,synthetic_seed
NC,2023,other,hisp,70-74,0.0,synthetic_seed
NC,2023,other,hisp,75-79,0.0,synthetic_seed
NC,2023,other,hisp,80-84,0.0,synthetic_seed
NC,2023,other,hisp,85+,0.0,synthetic_seed
ND,2023,white,non-hisp,0-4,0.0,synthetic_seed
ND,2023,white,non-hisp,5-9,0.0,synthetic_seed
ND,2023,white,non-hisp,10-14,0.0,synthetic_seed
ND,2023,white,non-hisp,15-19,0.0147,synthetic_seed
ND,2023,white,non-hisp,20-24,0.0637,synthetic_seed
ND,2023,white,non-hisp,25-29,0.098,synthetic_seed
ND,2023,white,non-hisp,30-34,0.098,synthetic_seed
ND,2023,white,non-hisp,35-39,0.049,synthetic_seed
ND,2023,white,non-hisp,40-44,0.01176,synthetic_seed
ND,2023,white,non-hisp,45-49,0.00098,synthetic_seed
ND,2023,white,non-hisp,50-54,0.0,synthetic_seed
ND,2023,white,non-hisp,55-59,0.0,synthetic_seed
ND,2023,white,non-hisp,60-64,0.0,synthetic_seed
ND,2023,white,non-hisp,65-69,0.0,synthetic_seed
ND,2023,white,non-hisp,70-74,0.0,synthetic_seed
ND,2023,white,non-hisp,75-79,0.0,synthetic_seed
ND,2023,white,non-hisp,80-84,0.0,synthetic_seed
ND,2023,white,non-hisp,85+,0.0,synthetic_seed
ND,2023,white,hisp,0-4,0.0,synthetic_seed
ND,2023,white,hisp,5-9,0.0,synthetic_seed
ND,2023,white,hisp,10-14,0.0,synthetic_seed
ND,2023,white,hisp,15-19,0.016905,synthetic_seed
ND,2023,white,hisp,20-24,0.073255,synthetic_seed
ND,2023,white,hisp,25-29,0.1127,synthetic_seed
ND,2023,white,hisp,30-34,0.1127,synthetic_seed
ND,2023,white,hisp,35-39,0.05635,synthetic_seed
ND,2023,white,hisp,40-44,0.013524,synthetic_seed
ND,2023,white,hisp,45-49,0.001127,synthetic_seed
ND,2023,white,hisp,50-54,0.0,synthetic_seed
ND,2023,white,hisp,55-59,0.0,synthetic_seed
ND,2023,white,hisp,60-64,0.0,synthetic_seed
ND,2023,white,hisp,65-69,0.0,synthetic_seed
ND,2023,white,hisp,70-74,0.0,synthetic_seed
ND,2023,white,hisp,75-79,0.0,synthetic_seed
ND,2023,white,hisp,80-84,0.0,synthetic_seed
ND,2023,white,hisp,85+,0.0,synthetic_seed
ND,2023,black,non-hisp,0-4,0.0,synthetic_seed
ND,2023,black,non-hisp,5-9,0.0,synthetic_seed
ND,2023,black,non-hisp,10-14,0.0,synthetic_seed
ND,2023,black,non-hisp,15-19,0.0147,synthetic_seed
ND,2023,black,non-hisp,20-24,0.0637,synthetic_seed
ND,2023,black,non-hisp,25-29,0.098,synthetic_seed
ND,2023,black,non-hisp,30-34,0.098,synthetic_seed
ND,2023,black,non-hisp,35-39,0.049,synthetic_seed
ND,2023,black,non-hisp,40-44,0.01176,synthetic_seed
ND,2023,black,non-hisp,45-49,0.00098,synthetic_seed
ND,2023,black,non-hisp,50-54,0.0,synthetic_seed
ND,2023,black,non-hisp,55-59,0.0,synthetic_seed
ND,2023,black,non-hisp,60-64,0.0,synthetic_seed
ND,2023,black,non-hisp,65-69,0.0,synthetic_seed
ND,2023,black,non-hisp,70-74,0.0,synthetic_seed
ND,2023,black,non-hisp,75-79,0.0,synthetic_seed
ND,2023,black,non-hisp,80-84,0.0,synthetic_seed
ND,2023,black,non-hisp,85+,0.0,synthetic_seed
ND,2023,black,hisp,0-4,0.0,synthetic_seed
ND,2023,black,hisp,5-9,0.0,synthetic_seed
ND,2023,black,hisp,10-14,0.0,synthetic_seed
ND,2023,black,hisp,15-19,0.016905,synthetic_seed
ND,2023,black,hisp,20-24,0.073255,synthetic_seed
ND,2023,black,hisp,25-29,0.1127,synthetic_seed
ND,2023,black,hisp,30-34,0.1127,synthetic_seed
ND,2023,black,hisp,35-39,0.05635,synthetic_seed
ND,2023,black,hisp,40-44,0.013524,synthetic_seed
ND,2023,black,hisp,45-49,0.001127,synthetic_seed
ND,2023,black,hisp,50-54,0.0,synthetic_seed
ND,2023,black,hisp,55-59,0.0,synthetic_seed
ND,2023,black,hisp,60-64,0.0,synthetic_seed
ND,2023,black,hisp,65-69,0.0,synthetic_seed
ND,2023,black,hisp,70-74,0.0,synthetic_seed
ND,2023,black,hisp,75-79,0.0,synthetic_seed
ND,2023,black,hisp,80-84,0.0,synthetic_seed
ND,2023,black,hisp,85+,0.0,synthetic_seed
ND,2023,asian,non-hisp,0-4,0.0,synthetic_seed
ND,2023,asian,non-hisp,5-9,0.0,synthetic_seed
ND,2023,asian,non-hisp,10-14,0.0,synthetic_seed
ND,2023,asian,non-hisp,15-19,0.0147,synthetic_seed
ND,2023,asian,non-hisp,20-24,0.0637,synthetic_seed
ND,2023,asian,non-hisp,25-29,0.098,synthetic_seed
ND,2023,asian,non-hisp,30-34,0.098,synthetic_seed
ND,2023,asian,non-hisp,35-39,0.049,synthetic_seed
ND,2023,asian,non-hisp,40-44,0.01176,synthetic_seed
ND,2023,asian,non-hisp,45-49,0.00098,synthetic_seed
ND,2023,asian,non-hisp,50-54,0.0,synthetic_seed
ND,2023,asian,non-hisp,55-59,0.0,synthetic_seed
ND,2023,asian,non-hisp,60-64,0.0,synthetic_seed
ND,2023,asian,non-hisp,65-69,0.0,synthetic_seed
ND,2023,asian,non-hisp,70-74,0.0,synthetic_seed
ND,2023,asian,non-hisp,75-79,0.0,synthetic_seed
ND,2023,asian,non-hisp,80-84,0.0,synthetic_seed
ND,2023,asian,non-hisp,85+,0.0,synthetic_seed
ND,2023,asian,hisp,0-4,0.0,synthetic_seed
ND,2023,asian,hisp,5-9,0.0,synthetic_seed
ND,2023,asian,hisp,10-14,0.0,synthetic_seed
ND,2023,asian,hisp,15-19,0.016905,synthetic_seed
ND,2023,asian,hisp,20-24,0.073255,synthetic_seed
ND,2023,asian,hisp,25-29,0.1127,synthetic_seed
ND,2023,asian,hisp,30-34,0.1127,synthetic_seed
ND,2023,asian,hisp,35-39,0.05635,synthetic_seed
ND,2023,asian,hisp,40-44,0.013524,synthetic_seed
ND,2023,asian,hisp,45-49,0.001127,synthetic_seed
ND,2023,asian,hisp,50-54,0.0,synthetic_seed
ND,2023,asian,hisp,55-59,0.0,synthetic_seed
ND,2023,asian,hisp,60-64,0.0,synthetic_seed
ND,2023,asian,hisp,65-69,0.0,synthetic_seed
ND,2023,asian,hisp,70-74,0.0,synthetic_seed
ND,2023,asian,hisp,75-79,0.0,synthetic_seed
ND,2023,asian,hisp,80-84,0.0,synthetic_seed
ND,2023,asian,hisp,85+,0.0,synthetic_seed
ND,2023,other,non-hisp,0-4,0.0,synthetic_seed
ND,2023,other,non-hisp,5-9,0.0,synthetic_seed
ND,2023,other,non-hisp,10-14,0.0,synthetic_seed
ND,2023,other,non-hisp,15-19,0.015876,synthetic_seed
ND,2023,other,non-hisp,20-24,0.068796,synthetic_seed
ND,2023,other,non-hisp,25-29,0.10584,synthetic_seed
ND,2023,other,non-hisp,30-34,0.10584,synthetic_seed
ND,2023,other,non-hisp,35-39,0.05292,synthetic_seed
ND,2023,other,non-hisp,40-44,0.012701,synthetic_seed
ND,2023,other,non-hisp,45-49,0.001058,synthetic_seed
ND,2023,other,non-hisp,50-54,0.0,synthetic_seed
ND,2023,other,non-hisp,55-59,0.0,synthetic_seed
ND,2023,other,non-hisp,60-64,0.0,synthetic_seed
ND,2023,other,non-hisp,65-69,0.0,synthetic_seed
ND,2023,other,non-hisp,70-74,0.0,synthetic_seed
ND,2023,other,non-hisp,75-79,0.0,synthetic_seed
ND,2023,other,non-hisp,80-84,0.0,synthetic_seed
ND,2023,other,non-hisp,85+,0.0,synthetic_seed
ND,2023,other,hisp,0-4,0.0,synthetic_seed
ND,2023,other,hisp,5-9,0.0,synthetic_seed
ND,2023,other,hisp,10-14,0.0,synthetic_seed
ND,2023,other,hisp,15-19,0.016905,synthetic_seed
ND,2023,other,hisp,20-24,0.073255,synthetic_seed
ND,2023,other,hisp,25-29,0.1127,synthetic_seed
ND,2023,other,hisp,30-34,0.1127,synthetic_seed
ND,2023,other,hisp,35-39,0.05635,synthetic_seed
ND,2023,other,hisp,40-44,0.013524,synthetic_seed
ND,2023,other,hisp,45-49,0.001127,synthetic_seed
ND,2023,other,hisp,50-54,0.0,synthetic_seed
ND,2023,other,hisp,55-59,0.0,synthetic_seed
ND,2023,other,hisp,60-64,0.0,synthetic_seed
ND,2023,other,hisp,65-69,0.0,synthetic_seed
ND,2023,other,hisp,70-74,0.0,synthetic_seed
ND,2023,other,hisp,75-79,0.0,synthetic_seed
ND,2023,other,hisp,80-84,0.0,synthetic_seed
ND,2023,other,hisp,85+,0.0,synthetic_seed
OH,2023,white,non-hisp,0-4,0.0,synthetic_seed
OH,2023,white,non-hisp,5-9,0.0,synthetic_seed
OH,2023,white,non-hisp,10-14,0.0,synthetic_seed
OH,2023,white,non-hisp,15-19,0.0147,synthetic_seed
OH,2023,white,non-hisp,20-24,0.0637,synthetic_seed
OH,2023,white,non-hisp,25-29,0.098,synthetic_seed
OH,2023,white,non-hisp,30-34,0.098,synthetic_seed
OH,2023,white,non-hisp,35-39,0.049,synthetic_seed
OH,2023,white,non-hisp,40-44,0.01176,synthetic_seed
OH,2023,white,non-hisp,45-49,0.00098,synthetic_seed
OH,2023,white,non-hisp,50-54,0.0,synthetic_seed
OH,2023,white,non-hisp,55-59,0.0,synthetic_seed
OH,2023,white,non-hisp,60-64,0.0,synthetic_seed
OH,2023,white,non-hisp,65-69,0.0,synthetic_seed
OH,2023,white,non-hisp,70-74,0.0,synthetic_seed
OH,2023,white,non-hisp,75-79,0.0,synthetic_seed
OH,2023,white,non-hisp,80-84,0.0,synthetic_seed
OH,2023,white,non-hisp,85+,0.0,synthetic_seed
OH,2023,white,hisp,0-4,0.0,synthetic_seed
OH,2023,white,hisp,5-9,0.0,synthetic_seed
OH,2023,white,hisp,10-14,0.0,synthetic_seed
OH,2023,white,hisp,15-19,0.016905,synthetic_seed
OH,2023,white,hisp,20-24,0.073255,synthetic_seed
OH,2023,white,hisp,25-29,0.1127,synthetic_seed
OH,2023,white,hisp,30-34,0.1127,synthetic_seed
OH,2023,white,hisp,35-39,0.05635,synthetic_seed
OH,2023,white,hisp,40-44,0.013524,synthetic_seed
OH,2023,white,hisp,45-49,0.001127,synthetic_seed
OH,2023,white,hisp,50-54,0.0,synthetic_seed
OH,2023,white,hisp,55-59,0.0,synthetic_seed
OH,2023,white,hisp,60-64,0.0,synthetic_seed
OH,2023,white,hisp,65-69,0.0,synthetic_seed
OH,2023,white,hisp,70-74,0.0,synthetic_seed
OH,2023,white,hisp,75-79,0.0,synthetic_seed
OH,2023,white,hisp,80-84,0.0,synthetic_seed
OH,2023,white,hisp,85+,0.0,synthetic_seed
OH,2023,black,non-hisp,0-4,0.0,synthetic_seed
OH,2023,black,non-hisp,5-9,0.0,synthetic_seed
OH,2023,black,non-hisp,10-14,0.0,synthetic_seed
OH,2023,black,non-hisp,15-19,0.0147,synthetic_seed
OH,2023,black,non-hisp,20-24,0.0637,synthetic_seed
OH,2023,black,non-hisp,25-29,0.098,synthetic_seed
OH,2023,black,non-hisp,30-34,0.098,synthetic_seed
OH,2023,black,non-hisp,35-39,0.049,synthetic_seed
OH,2023,black,non-hisp,40-44,0.01176,synthetic_seed
OH,2023,black,non-hisp,45-49,0.00098,synthetic_seed
OH,2023,black,non-hisp,50-54,0.0,synthetic_seed
OH,2023,black,non-hisp,55-59,0.0,synthetic_seed
OH,2023,black,non-hisp,60-64,0.0,synthetic_seed
OH,2023,black,non-hisp,65-69,0.0,synthetic_seed
OH,2023,black,non-hisp,70-74,0.0,synthetic_seed
OH,2023,black,non-hisp,75-79,0.0,synthetic_seed
OH,2023,black,non-hisp,80-84,0.0,synthetic_seed
OH,2023,black,non-hisp,85+,0.0,synthetic_seed
OH,2023,black,hisp,0-4,0.0,synthetic_seed
OH,2023,black,hisp,5-9,0.0,synthetic_seed
OH,2023,black,hisp,10-14,0.0,synthetic_seed
OH,2023,black,hisp,15-19,0.016905,synthetic_seed
OH,2023,black,hisp,20-24,0.073255,synthetic_seed
OH,2023,black,hisp,25-29,0.1127,synthetic_seed
OH,2023,black,hisp,30-34,0.1127,synthetic_seed
OH,2023,black,hisp,35-39,0.05635,synthetic_seed
OH,2023,black,hisp,40-44,0.013524,synthetic_seed
OH,2023,black,hisp,45-49,0.001127,synthetic_seed
OH,2023,black,hisp,50-54,0.0,synthetic_seed
OH,2023,black,hisp,55-59,0.0,synthetic_seed
OH,2023,black,hisp,60-64,0.0,synthetic_seed
OH,2023,black,hisp,65-69,0.0,synthetic_seed
OH,2023,black,hisp,70-74,0.0,synthetic_seed
OH,2023,black,hisp,75-79,0.0,synthetic_seed
OH,2023,black,hisp,80-84,0.0,synthetic_seed
OH,2023,black,hisp,85+,0.0,synthetic_seed
OH,2023,asian,non-hisp,0-4,0.0,synthetic_seed
OH,2023,asian,non-hisp,5-9,0.0,synthetic_seed
OH,2023,asian,non-hisp,10-14,0.0,synthetic_seed
OH,2023,asian,non-hisp,15-19,0.0147,synthetic_seed
OH,2023,asian,non-hisp,20-24,0.0637,synthetic_seed
OH,2023,asian,non-hisp,25-29,0.098,synthetic_seed
OH,2023,asian,non-hisp,30-34,0.098,synthetic_seed
OH,2023,asian,non-hisp,35-39,0.049,synthetic_seed
OH,2023,asian,non-hisp,40-44,0.01176,synthetic_seed
OH,2023,asian,non-hisp,45-49,0.00098,synthetic_seed
OH,2023,asian,non-hisp,50-54,0.0,synthetic_seed
OH,2023,asian,non-hisp,55-59,0.0,synthetic_seed
OH,2023,asian,non-hisp,60-64,0.0,synthetic_seed
OH,2023,asian,non-hisp,65-69,0.0,synthetic_seed
OH,2023,asian,non-hisp,70-74,0.0,synthetic_seed
OH,2023,asian,non-hisp,75-79,0.0,synthetic_seed
OH,2023,asian,non-hisp,80-84,0.0,synthetic_seed
OH,2023,asian,non-hisp,85+,0.0,synthetic_seed
OH,2023,asian,hisp,0-4,0.0,synthetic_seed
OH,2023,asian,hisp,5-9,0.0,synthetic_seed
OH,2023,asian,hisp,10-14,0.0,synthetic_seed
OH,2023,asian,hisp,15-19,0.016905,synthetic_seed
OH,2023,asian,hisp,20-24,0.073255,synthetic_seed
OH,2023,asian,hisp,25-29,0.1127,synthetic_seed
OH,2023,asian,hisp,30-34,0.1127,synthetic_seed
OH,2023,asian,hisp,35-39,0.05635,synthetic_seed
OH,2023,asian,hisp,40-44,0.013524,synthetic_seed
OH,2023,asian,hisp,45-49,0.001127,synthetic_seed
OH,2023,asian,hisp,50-54,0.0,synthetic_seed
OH,2023,asian,hisp,55-59,0.0,synthetic_seed
OH,2023,asian,hisp,60-64,0.0,synthetic_seed
OH,2023,asian,hisp,65-69,0.0,synthetic_seed
OH,2023,asian,hisp,70-74,0.0,synthetic_seed
OH,2023,asian,hisp,75-79,0.0,synthetic_seed
OH,2023,asian,hisp,80-84,0.0,synthetic_seed
OH,2023,asian,hisp,85+,0.0,synthetic_seed
OH,2023,other,non-hisp,0-4,0.0,synthetic_seed
OH,2023,other,non-hisp,5-9,0.0,synthetic_seed
OH,2023,other,non-hisp,10-14,0.0,synthetic_seed
OH,2023,other,non-hisp,15-19,0.015876,synthetic_seed
OH,2023,other,non-hisp,20-24,0.068796,synthetic_seed
OH,2023,other,non-hisp,25-29,0.10584,synthetic_seed
OH,2023,other,non-hisp,30-34,0.10584,synthetic_seed
OH,2023,other,non-hisp,35-39,0.05292,synthetic_seed
OH,2023,other,non-hisp,40-44,0.012701,synthetic_seed
OH,2023,other,non-hisp,45-49,0.001058,synthetic_seed
OH,2023,other,non-hisp,50-54,0.0,synthetic_seed
OH,2023,other,non-hisp,55-59,0.0,synthetic_seed
OH,2023,other,non-hisp,60-64,0.0,synthetic_seed
OH,2023,other,non-hisp,65-69,0.0,synthetic_seed
OH,2023,other,non-hisp,70-74,0.0,synthetic_seed
OH,2023,other,non-hisp,75-79,0.0,synthetic_seed
OH,2023,other,non-hisp,80-84,0.0,synthetic_seed
OH,2023,other,non-hisp,85+,0.0,synthetic_seed
OH,2023,other,hisp,0-4,0.0,synthetic_seed
OH,2023,other,hisp,5-9,0.0,synthetic_seed
OH,2023,other,hisp,10-14,0.0,synthetic_seed
OH,2023,other,hisp,15-19,0.016905,synthetic_seed
OH,2023,other,hisp,20-24,0.073255,synthetic_seed
OH,2023,other,hisp,25-29,0.1127,synthetic_seed
OH,2023,other,hisp,30-34,0.1127,synthetic_seed
OH,2023,other,hisp,35-39,0.05635,synthetic_seed
OH,2023,other,hisp,40-44,0.013524,synthetic_seed
OH,2023,other,hisp,45-49,0.001127,synthetic_seed
OH,2023,other,hisp,50-54,0.0,synthetic_seed
OH,2023,other,hisp,55-59,0.0,synthetic_seed
OH,2023,other,hisp,60-64,0.0,synthetic_seed
OH,2023,other,hisp,65-69,0.0,synthetic_seed
OH,2023,other,hisp,70-74,0.0,synthetic_seed
OH,2023,other,hisp,75-79,0.0,synthetic_seed
OH,2023,other,hisp,80-84,0.0,synthetic_seed
OH,2023,other,hisp,85+,0.0,synthetic_seed
OK,2023,white,non-hisp,0-4,0.0,synthetic_seed
OK,2023,white,non-hisp,5-9,0.0,synthetic_seed
OK,2023,white,non-hisp,10-14,0.0,synthetic_seed
OK,2023,white,non-hisp,15-19,0.01575,synthetic_seed
OK,2023,white,non-hisp,20-24,0.06825,synthetic_seed
OK,2023,white,non-hisp,25-29,0.105,synthetic_seed
OK,2023,white,non-hisp,30-34,0.105,synthetic_seed
OK,2023,white,non-hisp,35-39,0.0525,synthetic_seed
OK,2023,white,non-hisp,40-44,0.0126,synthetic_seed
OK,2023,white,non-hisp,45-49,0.00105,synthetic_seed
OK,2023,white,non-hisp,50-54,0.0,synthetic_seed
OK,2023,white,non-hisp,55-59,0.0,synthetic_seed
OK,2023,white,non-hisp,60-64,0.0,synthetic_seed
OK,2023,white,non-hisp,65-69,0.0,synthetic_seed
OK,2023,white,non-hisp,70-74,0.0,synthetic_seed
OK,2023,white,non-hisp,75-79,0.0,synthetic_seed
OK,2023,white,non-hisp,80-84,0.0,synthetic_seed
OK,2023,white,non-hisp,85+,0.0,synthetic_seed
OK,2023,white,hisp,0-4,0.0,synthetic_seed
OK,2023,white,hisp,5-9,0.0,synthetic_seed
OK,2023,white,hisp,10-14,0.0,synthetic_seed
OK,2023,white,hisp,15-19,0.018113,synthetic_seed
OK,2023,white,hisp,20-24,0.078488,synthetic_seed
OK,2023,white,hisp,25-29,0.12075,synthetic_seed
OK,2023,white,hisp,30-34,0.12075,synthetic_seed
OK,2023,white,hisp,35-39,0.060375,synthetic_seed
OK,2023,white,hisp,40-44,0.01449,synthetic_seed
OK,2023,white,hisp,45-49,0.001208,synthetic_seed
OK,2023,white,hisp,50-54,0.0,synthetic_seed
OK,2023,white,hisp,55-59,0.0,synthetic_seed
OK,2023,white,hisp,60-64,0.0,synthetic_seed
OK,2023,white,hisp,65-69,0.0,synthetic_seed
OK,2023,white,hisp,70-74,0.0,synthetic_seed
OK,2023,white,hisp,75-79,0.0,synthetic_seed
OK,2023,white,hisp,80-84,0.0,synthetic_seed
OK,2023,white,hisp,85+,0.0,synthetic_seed
OK,2023,black,non-hisp,0-4,0.0,synthetic_seed
OK,2023,black,non-hisp,5-9,0.0,synthetic_seed
OK,2023,black,non-hisp,10-14,0.0,synthetic_seed
OK,2023,black,non-hisp,15-19,0.01575,synthetic_seed
OK,2023,black,non-hisp,20-24,0.06825,synthetic_seed
OK,2023,black,non-hisp,25-29,0.105,synthetic_seed
OK,2023,black,non-hisp,30-34,0.105,synthetic_seed
OK,2023,black,non-hisp,35-39,0.0525,synthetic_seed
OK,2023,black,non-hisp,40-44,0.0126,synthetic_seed
OK,2023,black,non-hisp,45-49,0.00105,synthetic_seed
OK,2023,black,non-hisp,50-54,0.0,synthetic_seed
OK,2023,black,non-hisp,55-59,0.0,synthetic_seed
OK,2023,black,non-hisp,60-64,0.0,synthetic_seed
OK,2023,black,non-hisp,65-69,0.0,synthetic_seed
OK,2023,black,non-hisp,70-74,0.0,synthetic_seed
OK,2023,black,non-hisp,75-79,0.0,synthetic_seed
OK,2023,black,non-hisp,80-84,0.0,synthetic_seed
OK,2023,black,non-hisp,85+,0.0,synthetic_seed
OK,2023,black,hisp,0-4,0.0,synthetic_seed
OK,2023,black,hisp,5-9,0.0,synthetic_seed
OK,2023,black,hisp,10-14,0.0,synthetic_seed
OK,2023,black,hisp,15-19,0.018113,synthetic_seed
OK,2023,black,hisp,20-24,0.078488,synthetic_seed
OK,2023,black,hisp,25-29,0.12075,synthetic_seed
OK,2023,black,hisp,30-34,0.12075,synthetic_seed
OK,2023,black,hisp,35-39,0.060375,synthetic_seed
OK,2023,black,hisp,40-44,0.01449,synthetic_seed
OK,2023,black,hisp,45-49,0.001208,synthetic_seed
OK,2023,black,hisp,50-54,0.0,synthetic_seed
OK,2023,black,hisp,55-59,0.0,synthetic_seed
OK,2023,black,hisp,60-64,0.0,synthetic_seed
OK,2023,black,hisp,65-69,0.0,synthetic_seed
OK,2023,black,hisp,70-74,0.0,synthetic_seed
OK,2023,black,hisp,75-79,0.0,synthetic_seed
OK,2023,black,hisp,80-84,0.0,synthetic_seed
OK,2023,black,hisp,85+,0.0,synthetic_seed
OK,2023,asian,non-hisp,0-4,0.0,synthetic_seed
OK,2023,asian,non-hisp,5-9,0.0,synthetic_seed
OK,2023,asian,non-hisp,10-14,0.0,synthetic_seed
OK,2023,asian,non-hisp,15-19,0.01575,synthetic_seed
OK,2023,asian,non-hisp,20-24,0.06825,synthetic_seed
OK,2023,asian,non-hisp,25-29,0.105,synthetic_seed
OK,2023,asian,non-hisp,30-34,0.105,synthetic_seed
OK,2023,asian,non-hisp,35-39,0.0525,synthetic_seed
OK,2023,asian,non-hisp,40-44,0.0126,synthetic_seed
OK,2023,asian,non-hisp,45-49,0.00105,synthetic_seed
OK,2023,asian,non-hisp,50-54,0.0,synthetic_seed
OK,2023,asian,non-hisp,55-59,0.0,synthetic_seed
OK,2023,asian,non-hisp,60-64,0.0,synthetic_seed
OK,2023,asian,non-hisp,65-69,0.0,synthetic_seed
OK,2023,asian,non-hisp,70-74,0.0,synthetic_seed
OK,2023,asian,non-hisp,75-79,0.0,synthetic_seed
OK,2023,asian,non-hisp,80-84,0.0,synthetic_seed
OK,2023,asian,non-hisp,85+,0.0,synthetic_seed
OK,2023,asian,hisp,0-4,0.0,synthetic_seed
OK,2023,asian,hisp,5-9,0.0,synthetic_seed
OK,2023,asian,hisp,10-14,0.0,synthetic_seed
OK,2023,asian,hisp,15-19,0.018113,synthetic_seed
OK,2023,asian,hisp,20-24,0.078488,synthetic_seed
OK,2023,asian,hisp,25-29,0.12075,synthetic_seed
OK,2023,asian,hisp,30-34,0.12075,synthetic_seed
OK,2023,asian,hisp,35-39,0.060375,synthetic_seed
OK,2023,asian,hisp,40-44,0.01449,synthetic_seed
OK,2023,asian,hisp,45-49,0.001208,synthetic_seed
OK,2023,asian,hisp,50-54,0.0,synthetic_seed
OK,2023,asian,hisp,55-59,0.0,synthetic_seed
OK,2023,asian,hisp,60-64,0.0,synthetic_seed
OK,2023,asian,hisp,65-69,0.0,synthetic_seed
OK,2023,asian,hisp,70-74,0.0,synthetic_seed
OK,2023,asian,hisp,75-79,0.0,synthetic_seed
OK,2023,asian,hisp,80-84,0.0,synthetic_seed
OK,2023,asian,hisp,85+,0.0,synthetic_seed
OK,2023,other,non-hisp,0-4,0.0,synthetic_seed
OK,2023,other,non-hisp,5-9,0.0,synthetic_seed
OK,2023,other,non-hisp,10-14,0.0,synthetic_seed
OK,2023,other,non-hisp,15-19,0.01701,synthetic_seed
OK,2023,other,non-hisp,20-24,0.07371,synthetic_seed
OK,2023,other,non-hisp,25-29,0.1134,synthetic_seed
OK,2023,other,non-hisp,30-34,0.1134,synthetic_seed
OK,2023,other,non-hisp,35-39,0.0567,synthetic_seed
OK,2023,other,non-hisp,40-44,0.013608,synthetic_seed
OK,2023,other,non-hisp,45-49,0.001134,synthetic_seed
OK,2023,other,non-hisp,50-54,0.0,synthetic_seed
OK,2023,other,non-hisp,55-59,0.0,synthetic_seed
OK,2023,other,non-hisp,60-64,0.0,synthetic_seed
OK,2023,other,non-hisp,65-69,0.0,synthetic_seed
OK,2023,other,non-hisp,70-74,0.0,synthetic_seed
OK,2023,other,non-hisp,75-79,0.0,synthetic_seed
OK,2023,other,non-hisp,80-84,0.0,synthetic_seed
OK,2023,other,non-hisp,85+,0.0,synthetic_seed
OK,2023,other,hisp,0-4,0.0,synthetic_seed
OK,2023,other,hisp,5-9,0.0,synthetic_seed
OK,2023,other,hisp,10-14,0.0,synthetic_seed
OK,2023,other,hisp,15-19,0.018113,synthetic_seed
OK,2023,other,hisp,20-24,0.078488,synthetic_seed
OK,2023,other,hisp,25-29,0.12075,synthetic_seed
OK,2023,other,hisp,30-34,0.12075,synthetic_seed
OK,2023,other,hisp,35-39,0.060375,synthetic_seed
OK,2023,other,hisp,40-44,0.01449,synthetic_seed
OK,2023,other,hisp,45-49,0.001208,synthetic_seed
OK,2023,other,hisp,50-54,0.0,synthetic_seed
OK,2023,other,hisp,55-59,0.0,synthetic_seed
OK,2023,other,hisp,60-64,0.0,synthetic_seed
OK,2023,other,hisp,65-69,0.0,synthetic_seed
OK,2023,other,hisp,70-74,0.0,synthetic_seed
OK,2023,other,hisp,75-79,0.0,synthetic_seed
OK,2023,other,hisp,80-84,0.0,synthetic_seed
OK,2023,other,hisp,85+,0.0,synthetic_seed
OR,2023,white,non-hisp,0-4,0.0,synthetic_seed
OR,2023,white,non-hisp,5-9,0.0,synthetic_seed
OR,2023,white,non-hisp,10-14,0.0,synthetic_seed
OR,2023,white,non-hisp,15-19,0.015,synthetic_seed
OR,2023,white,non-hisp,20-24,0.065,synthetic_seed
OR,2023,white,non-hisp,25-29,0.1,synthetic_seed
OR,2023,white,non-hisp,30-34,0.1,synthetic_seed
OR,2023,white,non-hisp,35-39,0.05,synthetic_seed
OR,2023,white,non-hisp,40-44,0.012,synthetic_seed
OR,2023,white,non-hisp,45-49,0.001,synthetic_seed
OR,2023,white,non-hisp,50-54,0.0,synthetic_seed
OR,2023,white,non-hisp,55-59,0.0,synthetic_seed
OR,2023,white,non-hisp,60-64,0.0,synthetic_seed
OR,2023,white,non-hisp,65-69,0.0,synthetic_seed
OR,2023,white,non-hisp,70-74,0.0,synthetic_seed
OR,2023,white,non-hisp,75-79,0.0,synthetic_seed
OR,2023,white,non-hisp,80-84,0.0,synthetic_seed
OR,2023,white,non-hisp,85+,0.0,synthetic_seed
OR,2023,white,hisp,0-4,0.0,synthetic_seed
OR,2023,white,hisp,5-9,0.0,synthetic_seed
OR,2023,white,hisp,10-14,0.0,synthetic_seed
OR,2023,white,hisp,15-19,0.01725,synthetic_seed
OR,2023,white,hisp,20-24,0.07475,synthetic_seed
OR,2023,white,hisp,25-29,0.115,synthetic_seed
OR,2023,white,hisp,30-34,0.115,synthetic_seed
OR,2023,white,hisp,35-39,0.0575,synthetic_seed
OR,2023,white,hisp,40-44,0.0138,synthetic_seed
OR,2023,white,hisp,45-49,0.00115,synthetic_seed
OR,2023,white,hisp,50-54,0.0,synthetic_seed
OR,2023,white,hisp,55-59,0.0,synthetic_seed
OR,2023,white,hisp,60-64,0.0,synthetic_seed
OR,2023,white,hisp,65-69,0.0,synthetic_seed
OR,2023,white,hisp,70-74,0.0,synthetic_seed
OR,2023,white,hisp,75-79,0.0,synthetic_seed
OR,2023,white,hisp,80-84,0.0,synthetic_seed
OR,2023,white,hisp,85+,0.0,synthetic_seed
OR,2023,black,non-hisp,0-4,0.0,synthetic_seed
OR,2023,black,non-hisp,5-9,0.0,synthetic_seed
OR,2023,black,non-hisp,10-14,0.0,synthetic_seed
OR,2023,black,non-hisp,15-19,0.015,synthetic_seed
OR,2023,black,non-hisp,20-24,0.065,synthetic_seed
OR,2023,black,non-hisp,25-29,0.1,synthetic_seed
OR,2023,black,non-hisp,30-34,0.1,synthetic_seed
OR,2023,black,non-hisp,35-39,0.05,synthetic_seed
OR,2023,black,non-hisp,40-44,0.012,synthetic_seed
OR,2023,black,non-hisp,45-49,0.001,synthetic_seed
OR,2023,black,non-hisp,50-54,0.0,synthetic_seed
OR,2023,black,non-hisp,55-59,0.0,synthetic_seed
OR,2023,black,non-hisp,60-64,0.0,synthetic_seed
OR,2023,black,non-hisp,65-69,0.0,synthetic_seed
OR,2023,black,non-hisp,70-74,0.0,synthetic_seed
OR,2023,black,non-hisp,75-79,0.0,synthetic_seed
OR,2023,black,non-hisp,80-84,0.0,synthetic_seed
OR,2023,black,non-hisp,85+,0.0,synthetic_seed
OR,2023,black,hisp,0-4,0.0,synthetic_seed
OR,2023,black,hisp,5-9,0.0,synthetic_seed
OR,2023,black,hisp,10-14,0.0,synthetic_seed
OR,2023,black,hisp,15-19,0.01725,synthetic_seed
OR,2023,black,hisp,20-24,0.07475,synthetic_seed
OR,2023,black,hisp,25-29,0.115,synthetic_seed
OR,2023,black,hisp,30-34,0.115,synthetic_seed
OR,2023,black,hisp,35-39,0.0575,synthetic_seed
OR,2023,black,hisp,40-44,0.0138,synthetic_seed
OR,2023,black,hisp,45-49,0.00115,synthetic_seed
OR,2023,black,hisp,50-54,0.0,synthetic_seed
OR,2023,black,hisp,55-59,0.0,synthetic_seed
OR,2023,black,hisp,60-64,0.0,synthetic_seed
OR,2023,black,hisp,65-69,0.0,synthetic_seed
OR,2023,black,hisp,70-74,0.0,synthetic_seed
OR,2023,black,hisp,75-79,0.0,synthetic_seed
OR,2023,black,hisp,80-84,0.0,synthetic_seed
OR,2023,black,hisp,85+,0.0,synthetic_seed
OR,2023,asian,non-hisp,0-4,0.0,synthetic_seed
OR,2023,asian,non-hisp,5-9,0.0,synthetic_seed
OR,2023,asian,non-hisp,10-14,0.0,synthetic_seed
OR,2023,asian,non-hisp,15-19,0.015,synthetic_seed
OR,2023,asian,non-hisp,20-24,0.065,synthetic_seed
OR,2023,asian,non-hisp,25-29,0.1,synthetic_seed
OR,2023,asian,non-hisp,30-34,0.1,synthetic_seed
OR,2023,asian,non-hisp,35-39,0.05,synthetic_seed
OR,2023,asian,non-hisp,40-44,0.012,synthetic_seed
OR,2023,asian,non-hisp,45-49,0.001,synthetic_seed
OR,2023,asian,non-hisp,50-54,0.0,synthetic_seed
OR,2023,asian,non-hisp,55-59,0.0,synthetic_seed
OR,2023,asian,non-hisp,60-64,0.0,synthetic_seed
OR,2023,asian,non-hisp,65-69,0.0,synthetic_seed
OR,2023,asian,non-hisp,70-74,0.0,synthetic_seed
OR,2023,asian,non-hisp,75-79,0.0,synthetic_seed
OR,2023,asian,non-hisp,80-84,0.0,synthetic_seed
OR,2023,asian,non-hisp,85+,0.0,synthetic_seed
OR,2023,asian,hisp,0-4,0.0,synthetic_seed
OR,2023,asian,hisp,5-9,0.0,synthetic_seed
OR,2023,asian,hisp,10-14,0.0,synthetic_seed
OR,2023,asian,hisp,15-19,0.01725,synthetic_seed
OR,2023,asian,hisp,20-24,0.07475,synthetic_seed
OR,2023,asian,hisp,25-29,0.115,synthetic_seed
OR,2023,asian,hisp,30-34,0.115,synthetic_seed
OR,2023,asian,hisp,35-39,0.0575,synthetic_seed
OR,2023,asian,hisp,40-44,0.0138,synthetic_seed
OR,2023,asian,hisp,45-49,0.00115,synthetic_seed
OR,2023,asian,hisp,50-54,0.0,synthetic_seed
OR,2023,asian,hisp,55-59,0.0,synthetic_seed
OR,2023,asian,hisp,60-64,0.0,synthetic_seed
OR,2023,asian,hisp,65-69,0.0,synthetic_seed
OR,2023,asian,hisp,70-74,0.0,synthetic_seed
OR,2023,asian,hisp,75-79,0.0,synthetic_seed
OR,2023,asian,hisp,80-84,0.0,synthetic_seed
OR,2023,asian,hisp,85+,0.0,synthetic_seed
OR,2023,other,non-hisp,0-4,0.0,synthetic_seed
OR,2023,other,non-hisp,5-9,0.0,synthetic_seed
OR,2023,other,non-hisp,10-14,0.0,synthetic_seed
OR,2023,other,non-hisp,15-19,0.0162,synthetic_seed
OR,2023,other,non-hisp,20-24,0.0702,synthetic_seed
OR,2023,other,non-hisp,25-29,0.108,synthetic_seed
OR,2023,other,non-hisp,30-34,0.108,synthetic_seed
OR,2023,other,non-hisp,35-39,0.054,synthetic_seed
OR,2023,other,non-hisp,40-44,0.01296,synthetic_seed
OR,2023,other,non-hisp,45-49,0.00108,synthetic_seed
OR,2023,other,non-hisp,50-54,0.0,synthetic_seed
OR,2023,other,non-hisp,55-59,0.0,synthetic_seed
OR,2023,other,non-hisp,60-64,0.0,synthetic_seed
OR,2023,other,non-hisp,65-69,0.0,synthetic_seed
OR,2023,other,non-hisp,70-74,0.0,synthetic_seed
OR,2023,other,non-hisp,75-79,0.0,synthetic_seed
OR,2023,other,non-hisp,80-84,0.0,synthetic_seed
OR,2023,other,non-hisp,85+,0.0,synthetic_seed
OR,2023,other,hisp,0-4,0.0,synthetic_seed
OR,2023,other,hisp,5-9,0.0,synthetic_seed
OR,2023,other,hisp,10-14,0.0,synthetic_seed
OR,2023,other,hisp,15-19,0.01725,synthetic_seed
OR,2023,other,hisp,20-24,0.07475,synthetic_seed
OR,2023,other,hisp,25-29,0.115,synthetic_seed
OR,2023,other,hisp,30-34,0.115,synthetic_seed
OR,2023,other,hisp,35-39,0.0575,synthetic_seed
OR,2023,other,hisp,40-44,0.0138,synthetic_seed
OR,2023,other,hisp,45-49,0.00115,synthetic_seed
OR,2023,other,hisp,50-54,0.0,synthetic_seed
OR,2023,other,hisp,55-59,0.0,synthetic_seed
OR,2023,other,hisp,60-64,0.0,synthetic_seed
OR,2023,other,hisp,65-69,0.0,synthetic_seed
OR,2023,other,hisp,70-74,0.0,synthetic_seed
OR,2023,other,hisp,75-79,0.0,synthetic_seed
OR,2023,other,hisp,80-84,0.0,synthetic_seed
OR,2023,other,hisp,85+,0.0,synthetic_seed
PA,2023,white,non-hisp,0-4,0.0,synthetic_seed
PA,2023,white,non-hisp,5-9,0.0,synthetic_seed
PA,2023,white,non-hisp,10-14,0.0,synthetic_seed
PA,2023,white,non-hisp,15-19,0.0138,synthetic_seed
PA,2023,white,non-hisp,20-24,0.0598,synthetic_seed
PA,2023,white,non-hisp,25-29,0.092,synthetic_seed
PA,2023,white,non-hisp,30-34,0.092,synthetic_seed
PA,2023,white,non-hisp,35-39,0.046,synthetic_seed
PA,2023,white,non-hisp,40-44,0.01104,synthetic_seed
PA,2023,white,non-hisp,45-49,0.00092,synthetic_seed
PA,2023,white,non-hisp,50-54,0.0,synthetic_seed
PA,2023,white,non-hisp,55-59,0.0,synthetic_seed
PA,2023,white,non-hisp,60-64,0.0,synthetic_seed
PA,2023,white,non-hisp,65-69,0.0,synthetic_seed
PA,2023,white,non-hisp,70-74,0.0,synthetic_seed
PA,2023,white,non-hisp,75-79,0.0,synthetic_seed
PA,2023,white,non-hisp,80-84,0.0,synthetic_seed
PA,2023,white,non-hisp,85+,0.0,synthetic_seed
PA,2023,white,hisp,0-4,0.0,synthetic_seed
PA,2023,white,hisp,5-9,0.0,synthetic_seed
PA,2023,white,hisp,10-14,0.0,synthetic_seed
PA,2023,white,hisp,15-19,0.01587,synthetic_seed
PA,2023,white,hisp,20-24,0.06877,synthetic_seed
PA,2023,white,hisp,25-29,0.1058,synthetic_seed
PA,2023,white,hisp,30-34,0.1058,synthetic_seed
PA,2023,white,hisp,35-39,0.0529,synthetic_seed
PA,2023,white,hisp,40-44,0.012696,synthetic_seed
PA,2023,white,hisp,45-49,0.001058,synthetic_seed
PA,2023,white,hisp,50-54,0.0,synthetic_seed
PA,2023,white,hisp,55-59,0.0,synthetic_seed
PA,2023,white,hisp,60-64,0.0,synthetic_seed
PA,2023,white,hisp,65-69,0.0,synthetic_seed
PA,2023,white,hisp,70-74,0.0,synthetic_seed
PA,2023,white,hisp,75-79,0.0,synthetic_seed
PA,2023,white,hisp,80-84,0.0,synthetic_seed
PA,2023,white,hisp,85+,0.0,synthetic_seed
PA,2023,black,non-hisp,0-4,0.0,synthetic_seed
PA,2023,black,non-hisp,5-9,0.0,synthetic_seed
PA,2023,black,non-hisp,10-14,0.0,synthetic_seed
PA,2023,black,non-hisp,15-19,0.0138,synthetic_seed
PA,2023,black,non-hisp,20-24,0.0598,synthetic_seed
PA,2023,black,non-hisp,25-29,0.092,synthetic_seed
PA,2023,black,non-hisp,30-34,0.092,synthetic_seed
PA,2023,black,non-hisp,35-39,0.046,synthetic_seed
PA,2023,black,non-hisp,40-44,0.01104,synthetic_seed
PA,2023,black,non-hisp,45-49,0.00092,synthetic_seed
PA,2023,black,non-hisp,50-54,0.0,synthetic_seed
PA,2023,black,non-hisp,55-59,0.0,synthetic_seed
PA,2023,black,non-hisp,60-64,0.0,synthetic_seed
PA,2023,black,non-hisp,65-69,0.0,synthetic_seed
PA,2023,black,non-hisp,70-74,0.0,synthetic_seed
PA,2023,black,non-hisp,75-79,0.0,synthetic_seed
PA,2023,black,non-hisp,80-84,0.0,synthetic_seed
PA,2023,black,non-hisp,85+,0.0,synthetic_seed
PA,2023,black,hisp,0-4,0.0,synthetic_seed
PA,2023,black,hisp,5-9,0.0,synthetic_seed
PA,2023,black,hisp,10-14,0.0,synthetic_seed
PA,2023,black,hisp,15-19,0.01587,synthetic_seed
PA,2023,black,hisp,20-24,0.06877,synthetic_seed
PA,2023,black,hisp,25-29,0.1058,synthetic_seed
PA,2023,black,hisp,30-34,0.1058,synthetic_seed
PA,2023,black,hisp,35-39,0.0529,synthetic_seed
PA,2023,black,hisp,40-44,0.012696,synthetic_seed
PA,2023,black,hisp,45-49,0.001058,synthetic_seed
PA,2023,black,hisp,50-54,0.0,synthetic_seed
PA,2023,black,hisp,55-59,0.0,synthetic_seed
PA,2023,black,hisp,60-64,0.0,synthetic_seed
PA,2023,black,hisp,65-69,0.0,synthetic_seed
PA,2023,black,hisp,70-74,0.0,synthetic_seed
PA,2023,black,hisp,75-79,0.0,synthetic_seed
PA,2023,black,hisp,80-84,0.0,synthetic_seed
PA,2023,black,hisp,85+,0.0,synthetic_seed
PA,2023,asian,non-hisp,0-4,0.0,synthetic_seed
PA,2023,asian,non-hisp,5-9,0.0,synthetic_seed
PA,2023,asian,non-hisp,10-14,0.0,synthetic_seed
PA,2023,asian,non-hisp,15-19,0.0138,synthetic_seed
PA,2023,asian,non-hisp,20-24,0.0598,synthetic_seed
PA,2023,asian,non-hisp,25-29,0.092,synthetic_seed
PA,2023,asian,non-hisp,30-34,0.092,synthetic_seed
PA,2023,asian,non-hisp,35-39,0.046,synthetic_seed
PA,2023,asian,non-hisp,40-44,0.01104,synthetic_seed
PA,2023,asian,non-hisp,45-49,0.00092,synthetic_seed
PA,2023,asian,non-hisp,50-54,0.0,synthetic_seed
PA,2023,asian,non-hisp,55-59,0.0,synthetic_seed
PA,2023,asian,non-hisp,60-64,0.0,synthetic_seed
PA,2023,asian,non-hisp,65-69,0.0,synthetic_seed
PA,2023,asian,non-hisp,70-74,0.0,synthetic_seed
PA,2023,asian,non-hisp,75-79,0.0,synthetic_seed
PA,2023,asian,non-hisp,80-84,0.0,synthetic_seed
PA,2023,asian,non-hisp,85+,0.0,synthetic_seed
PA,2023,asian,hisp,0-4,0.0,synthetic_seed
PA,2023,asian,hisp,5-9,0.0,synthetic_seed
PA,2023,asian,hisp,10-14,0.0,synthetic_seed
PA,2023,asian,hisp,15-19,0.01587,synthetic_seed
PA,2023,asian,hisp,20-24,0.06877,synthetic_seed
PA,2023,asian,hisp,25-29,0.1058,synthetic_seed
PA,2023,asian,hisp,30-34,0.1058,synthetic_seed
PA,2023,asian,hisp,35-39,0.0529,synthetic_seed
PA,2023,asian,hisp,40-44,0.012696,synthetic_seed
PA,2023,asian,hisp,45-49,0.001058,synthetic_seed
PA,2023,asian,hisp,50-54,0.0,synthetic_seed
PA,2023,asian,hisp,55-59,0.0,synthetic_seed
PA,2023,asian,hisp,60-64,0.0,synthetic_seed
PA,2023,asian,hisp,65-69,0.0,synthetic_seed
PA,2023,asian,hisp,70-74,0.0,synthetic_seed
PA,2023,asian,hisp,75-79,0.0,synthetic_seed
PA,2023,asian,hisp,80-84,0.0,synthetic_seed
PA,2023,asian,hisp,85+,0.0,synthetic_seed
PA,2023,other,non-hisp,0-4,0.0,synthetic_seed
PA,2023,other,non-hisp,5-9,0.0,synthetic_seed
PA,2023,other,non-hisp,10-14,0.0,synthetic_seed
PA,2023,other,non-hisp,15-19,0.014904,synthetic_seed
PA,2023,other,non-hisp,20-24,0.064584,synthetic_seed
PA,2023,other,non-hisp,25-29,0.09936,synthetic_seed
PA,2023,other,non-hisp,30-34,0.09936,synthetic_seed
PA,2023,other,non-hisp,35-39,0.04968,synthetic_seed
PA,2023,other,non-hisp,40-44,0.011923,synthetic_seed
PA,2023,other,non-hisp,45-49,0.000994,synthetic_seed
PA,2023,other,non-hisp,50-54,0.0,synthetic_seed
PA,2023,other,non-hisp,55-59,0.0,synthetic_seed
PA,2023,other,non-hisp,60-64,0.0,synthetic_seed
PA,2023,other,non-hisp,65-69,0.0,synthetic_seed
PA,2023,other,non-hisp,70-74,0.0,synthetic_seed
PA,2023,other,non-hisp,75-79,0.0,synthetic_seed
PA,2023,other,non-hisp,80-84,0.0,synthetic_seed
PA,2023,other,non-hisp,85+,0.0,synthetic_seed
PA,2023,other,hisp,0-4,0.0,synthetic_seed
PA,2023,other,hisp,5-9,0.0,synthetic_seed
PA,2023,other,hisp,10-14,0.0,synthetic_seed
PA,2023,other,hisp,15-19,0.01587,synthetic_seed
PA,2023,other,hisp,20-24,0.06877,synthetic_seed
PA,2023,other,hisp,25-29,0.1058,synthetic_seed
PA,2023,other,hisp,30-34,0.1058,synthetic_seed
PA,2023,other,hisp,35-39,0.0529,synthetic_seed
PA,2023,other,hisp,40-44,0.012696,synthetic_seed
PA,2023,other,hisp,45-49,0.001058,synthetic_seed
PA,2023,other,hisp,50-54,0.0,synthetic_seed
PA,2023,other,hisp,55-59,0.0,synthetic_seed
PA,2023,other,hisp,60-64,0.0,synthetic_seed
PA,2023,other,hisp,65-69,0.0,synthetic_seed
PA,2023,other,hisp,70-74,0.0,synthetic_seed
PA,2023,other,hisp,75-79,0.0,synthetic_seed
PA,2023,other,hisp,80-84,0.0,synthetic_seed
PA,2023,other,hisp,85+,0.0,synthetic_seed
RI,2023,white,non-hisp,0-4,0.0,synthetic_seed
RI,2023,white,non-hisp,5-9,0.0,synthetic_seed
RI,2023,white,non-hisp,10-14,0.0,synthetic_seed
RI,2023,white,non-hisp,15-19,0.0138,synthetic_seed
RI,2023,white,non-hisp,20-24,0.0598,synthetic_seed
RI,2023,white,non-hisp,25-29,0.092,synthetic_seed
RI,2023,white,non-hisp,30-34,0.092,synthetic_seed
RI,2023,white,non-hisp,35-39,0.046,synthetic_seed
RI,2023,white,non-hisp,40-44,0.01104,synthetic_seed
RI,2023,white,non-hisp,45-49,0.00092,synthetic_seed
RI,2023,white,non-hisp,50-54,0.0,synthetic_seed
RI,2023,white,non-hisp,55-59,0.0,synthetic_seed
RI,2023,white,non-hisp,60-64,0.0,synthetic_seed
RI,2023,white,non-hisp,65-69,0.0,synthetic_seed
RI,2023,white,non-hisp,70-74,0.0,synthetic_seed
RI,2023,white,non-hisp,75-79,0.0,synthetic_seed
RI,2023,white,non-hisp,80-84,0.0,synthetic_seed
RI,2023,white,non-hisp,85+,0.0,synthetic_seed
RI,2023,white,hisp,0-4,0.0,synthetic_seed
RI,2023,white,hisp,5-9,0.0,synthetic_seed
RI,2023,white,hisp,10-14,0.0,synthetic_seed
RI,2023,white,hisp,15-19,0.01587,synthetic_seed
RI,2023,white,hisp,20-24,0.06877,synthetic_seed
RI,2023,white,hisp,25-29,0.1058,synthetic_seed
RI,2023,white,hisp,30-34,0.1058,synthetic_seed
RI,2023,white,hisp,35-39,0.0529,synthetic_seed
RI,2023,white,hisp,40-44,0.012696,synthetic_seed
RI,2023,white,hisp,45-49,0.001058,synthetic_seed
RI,2023,white,hisp,50-54,0.0,synthetic_seed
RI,2023,white,hisp,55-59,0.0,synthetic_seed
RI,2023,white,hisp,60-64,0.0,synthetic_seed
RI,2023,white,hisp,65-69,0.0,synthetic_seed
RI,2023,white,hisp,70-74,0.0,synthetic_seed
RI,2023,white,hisp,75-79,0.0,synthetic_seed
RI,2023,white,hisp,80-84,0.0,synthetic_seed
RI,2023,white,hisp,85+,0.0,synthetic_seed
RI,2023,black,non-hisp,0-4,0.0,synthetic_seed
RI,2023,black,non-hisp,5-9,0.0,synthetic_seed
RI,2023,black,non-hisp,10-14,0.0,synthetic_seed
RI,2023,black,non-hisp,15-19,0.0138,synthetic_seed
RI,2023,black,non-hisp,20-24,0.0598,synthetic_seed
RI,2023,black,non-hisp,25-29,0.092,synthetic_seed
RI,2023,black,non-hisp,30-34,0.092,synthetic_seed
RI,2023,black,non-hisp,35-39,0.046,synthetic_seed
RI,2023,black,non-hisp,40-44,0.01104,synthetic_seed
RI,2023,black,non-hisp,45-49,0.00092,synthetic_seed
RI,2023,black,non-hisp,50-54,0.0,synthetic_seed
RI,2023,black,non-hisp,55-59,0.0,synthetic_seed
RI,2023,black,non-hisp,60-64,0.0,synthetic_seed
RI,2023,black,non-hisp,65-69,0.0,synthetic_seed
RI,2023,black,non-hisp,70-74,0.0,synthetic_seed
RI,2023,black,non-hisp,75-79,0.0,synthetic_seed
RI,2023,black,non-hisp,80-84,0.0,synthetic_seed
RI,2023,black,non-hisp,85+,0.0,synthetic_seed
RI,2023,black,hisp,0-4,0.0,synthetic_seed
RI,2023,black,hisp,5-9,0.0,synthetic_seed
RI,2023,black,hisp,10-14,0.0,synthetic_seed
RI,2023,black,hisp,15-19,0.01587,synthetic_seed
RI,2023,black,hisp,20-24,0.06877,synthetic_seed
RI,2023,black,hisp,25-29,0.1058,synthetic_seed
RI,2023,black,hisp,30-34,0.1058,synthetic_seed
RI,2023,black,hisp,35-39,0.0529,synthetic_seed
RI,2023,black,hisp,40-44,0.012696,synthetic_seed
RI,2023,black,hisp,45-49,0.001058,synthetic_seed
RI,2023,black,hisp,50-54,0.0,synthetic_seed
RI,2023,black,hisp,55-59,0.0,synthetic_seed
RI,2023,black,hisp,60-64,0.0,synthetic_seed
RI,2023,black,hisp,65-69,0.0,synthetic_seed
RI,2023,black,hisp,70-74,0.0,synthetic_seed
RI,2023,black,hisp,75-79,0.0,synthetic_seed
RI,2023,black,hisp,80-84,0.0,synthetic_seed
RI,2023,black,hisp,85+,0.0,synthetic_seed
RI,2023,asian,non-hisp,0-4,0.0,synthetic_seed
RI,2023,asian,non-hisp,5-9,0.0,synthetic_seed
RI,2023,asian,non-hisp,10-14,0.0,synthetic_seed
RI,2023,asian,non-hisp,15-19,0.0138,synthetic_seed
RI,2023,asian,non-hisp,20-24,0.0598,synthetic_seed
RI,2023,asian,non-hisp,25-29,0.092,synthetic_seed
RI,2023,asian,non-hisp,30-34,0.092,synthetic_seed
RI,2023,asian,non-hisp,35-39,0.046,synthetic_seed
RI,2023,asian,non-hisp,40-44,0.01104,synthetic_seed
RI,2023,asian,non-hisp,45-49,0.00092,synthetic_seed
RI,2023,asian,non-hisp,50-54,0.0,synthetic_seed
RI,2023,asian,non-hisp,55-59,0.0,synthetic_seed
RI,2023,asian,non-hisp,60-64,0.0,synthetic_seed
RI,2023,asian,non-hisp,65-69,0.0,synthetic_seed
RI,2023,asian,non-hisp,70-74,0.0,synthetic_seed
RI,2023,asian,non-hisp,75-79,0.0,synthetic_seed
RI,2023,asian,non-hisp,80-84,0.0,synthetic_seed
RI,2023,asian,non-hisp,85+,0.0,synthetic_seed
RI,2023,asian,hisp,0-4,0.0,synthetic_seed
RI,2023,asian,hisp,5-9,0.0,synthetic_seed
RI,2023,asian,hisp,10-14,0.0,synthetic_seed
RI,2023,asian,hisp,15-19,0.01587,synthetic_seed
RI,2023,asian,hisp,20-24,0.06877,synthetic_seed
RI,2023,asian,hisp,25-29,0.1058,synthetic_seed
RI,2023,asian,hisp,30-34,0.1058,synthetic_seed
RI,2023,asian,hisp,35-39,0.0529,synthetic_seed
RI,2023,asian,hisp,40-44,0.012696,synthetic_seed
RI,2023,asian,hisp,45-49,0.001058,synthetic_seed
RI,2023,asian,hisp,50-54,0.0,synthetic_seed
RI,2023,asian,hisp,55-59,0.0,synthetic_seed
RI,2023,asian,hisp,60-64,0.0,synthetic_seed
RI,2023,asian,hisp,65-69,0.0,synthetic_seed
RI,2023,asian,hisp,70-74,0.0,synthetic_seed
RI,2023,asian,hisp,75-79,0.0,synthetic_seed
RI,2023,asian,hisp,80-84,0.0,synthetic_seed
RI,2023,asian,hisp,85+,0.0,synthetic_seed
RI,2023,other,non-hisp,0-4,0.0,synthetic_seed
RI,2023,other,non-hisp,5-9,0.0,synthetic_seed
RI,2023,other,non-hisp,10-14,0.0,synthetic_seed
RI,2023,other,non-hisp,15-19,0.014904,synthetic_seed
RI,2023,other,non-hisp,20-24,0.064584,synthetic_seed
RI,2023,other,non-hisp,25-29,0.09936,synthetic_seed
RI,2023,other,non-hisp,30-34,0.09936,synthetic_seed
RI,2023,other,non-hisp,35-39,0.04968,synthetic_seed
RI,2023,other,non-hisp,40-44,0.011923,synthetic_seed
RI,2023,other,non-hisp,45-49,0.000994,synthetic_seed
RI,2023,other,non-hisp,50-54,0.0,synthetic_seed
RI,2023,other,non-hisp,55-59,0.0,synthetic_seed
RI,2023,other,non-hisp,60-64,0.0,synthetic_seed
RI,2023,other,non-hisp,65-69,0.0,synthetic_seed
RI,2023,other,non-hisp,70-74,0.0,synthetic_seed
RI,2023,other,non-hisp,75-79,0.0,synthetic_seed
RI,2023,other,non-hisp,80-84,0.0,synthetic_seed
RI,2023,other,non-hisp,85+,0.0,synthetic_seed
RI,2023,other,hisp,0-4,0.0,synthetic_seed
RI,2023,other,hisp,5-9,0.0,synthetic_seed
RI,2023,other,hisp,10-14,0.0,synthetic_seed
RI,2023,other,hisp,15-19,0.01587,synthetic_seed
RI,2023,other,hisp,20-24,0.06877,synthetic_seed
RI,2023,other,hisp,25-29,0.1058,synthetic_seed
RI,2023,other,hisp,30-34,0.1058,synthetic_seed
RI,2023,other,hisp,35-39,0.0529,synthetic_seed
RI,2023,other,hisp,40-44,0.012696,synthetic_seed
RI,2023,other,hisp,45-49,0.001058,synthetic_seed
RI,2023,other,hisp,50-54,0.0,synthetic_seed
RI,2023,other,hisp,55-59,0.0,synthetic_seed
RI,2023,other,hisp,60-64,0.0,synthetic_seed
RI,2023,other,hisp,65-69,0.0,synthetic_seed
RI,2023,other,hisp,70-74,0.0,synthetic_seed
RI,2023,other,hisp,75-79,0.0,synthetic_seed
RI,2023,other,hisp,80-84,0.0,synthetic_seed
RI,2023,other,hisp,85+,0.0,synthetic_seed
SC,2023,white,non-hisp,0-4,0.0,synthetic_seed
SC,2023,white,non-hisp,5-9,0.0,synthetic_seed
SC,2023,white,non-hisp,10-14,0.0,synthetic_seed
SC,2023,white,non-hisp,15-19,0.01575,synthetic_seed
SC,2023,white,non-hisp,20-24,0.06825,synthetic_seed
SC,2023,white,non-hisp,25-29,0.105,synthetic_seed
SC,2023,white,non-hisp,30-34,0.105,synthetic_seed
SC,2023,white,non-hisp,35-39,0.0525,synthetic_seed
SC,2023,white,non-hisp,40-44,0.0126,synthetic_seed
SC,2023,white,non-hisp,45-49,0.00105,synthetic_seed
SC,2023,white,non-hisp,50-54,0.0,synthetic_seed
SC,2023,white,non-hisp,55-59,0.0,synthetic_seed
SC,2023,white,non-hisp,60-64,0.0,synthetic_seed
SC,2023,white,non-hisp,65-69,0.0,synthetic_seed
SC,2023,white,non-hisp,70-74,0.0,synthetic_seed
SC,2023,white,non-hisp,75-79,0.0,synthetic_seed
SC,2023,white,non-hisp,80-84,0.0,synthetic_seed
SC,2023,white,non-hisp,85+,0.0,synthetic_seed
SC,2023,white,hisp,0-4,0.0,synthetic_seed
SC,2023,white,hisp,5-9,0.0,synthetic_seed
SC,2023,white,hisp,10-14,0.0,synthetic_seed
SC,2023,white,hisp,15-19,0.018113,synthetic_seed
SC,2023,white,hisp,20-24,0.078488,synthetic_seed
SC,2023,white,hisp,25-29,0.12075,synthetic_seed
SC,2023,white,hisp,30-34,0.12075,synthetic_seed
SC,2023,white,hisp,35-39,0.060375,synthetic_seed
SC,2023,white,hisp,40-44,0.01449,synthetic_seed
SC,2023,white,hisp,45-49,0.001208,synthetic_seed
SC,2023,white,hisp,50-54,0.0,synthetic_seed
SC,2023,white,hisp,55-59,0.0,synthetic_seed
SC,2023,white,hisp,60-64,0.0,synthetic_seed
SC,2023,white,hisp,65-69,0.0,synthetic_seed
SC,2023,white,hisp,70-74,0.0,synthetic_seed
SC,2023,white,hisp,75-79,0.0,synthetic_seed
SC,2023,white,hisp,80-84,0.0,synthetic_seed
SC,2023,white,hisp,85+,0.0,synthetic_seed
SC,2023,black,non-hisp,0-4,0.0,synthetic_seed
SC,2023,black,non-hisp,5-9,0.0,synthetic_seed
SC,2023,black,non-hisp,10-14,0.0,synthetic_seed
SC,2023,black,non-hisp,15-19,0.01575,synthetic_seed
SC,2023,black,non-hisp,20-24,0.06825,synthetic_seed
SC,2023,black,non-hisp,25-29,0.105,synthetic_seed
SC,2023,black,non-hisp,30-34,0.105,synthetic_seed
SC,2023,black,non-hisp,35-39,0.0525,synthetic_seed
SC,2023,black,non-hisp,40-44,0.0126,synthetic_seed
SC,2023,black,non-hisp,45-49,0.00105,synthetic_seed
SC,2023,black,non-hisp,50-54,0.0,synthetic_seed
SC,2023,black,non-hisp,55-59,0.0,synthetic_seed
SC,2023,black,non-hisp,60-64,0.0,synthetic_seed
SC,2023,black,non-hisp,65-69,0.0,synthetic_seed
SC,2023,black,non-hisp,70-74,0.0,synthetic_seed
SC,2023,black,non-hisp,75-79,0.0,synthetic_seed
SC,2023,black,non-hisp,80-84,0.0,synthetic_seed
SC,2023,black,non-hisp,85+,0.0,synthetic_seed
SC,2023,black,hisp,0-4,0.0,synthetic_seed
SC,2023,black,hisp,5-9,0.0,synthetic_seed
SC,2023,black,hisp,10-14,0.0,synthetic_seed
SC,2023,black,hisp,15-19,0.018113,synthetic_seed
SC,2023,black,hisp,20-24,0.078488,synthetic_seed
SC,2023,black,hisp,25-29,0.12075,synthetic_seed
SC,2023,black,hisp,30-34,0.12075,synthetic_seed
SC,2023,black,hisp,35-39,0.060375,synthetic_seed
SC,2023,black,hisp,40-44,0.01449,synthetic_seed
SC,2023,black,hisp,45-49,0.001208,synthetic_seed
SC,2023,black,hisp,50-54,0.0,synthetic_seed
SC,2023,black,hisp,55-59,0.0,synthetic_seed
SC,2023,black,hisp,60-64,0.0,synthetic_seed
SC,2023,black,hisp,65-69,0.0,synthetic_seed
SC,2023,black,hisp,70-74,0.0,synthetic_seed
SC,2023,black,hisp,75-79,0.0,synthetic_seed
SC,2023,black,hisp,80-84,0.0,synthetic_seed
SC,2023,black,hisp,85+,0.0,synthetic_seed
SC,2023,asian,non-hisp,0-4,0.0,synthetic_seed
SC,2023,asian,non-hisp,5-9,0.0,synthetic_seed
SC,2023,asian,non-hisp,10-14,0.0,synthetic_seed
SC,2023,asian,non-hisp,15-19,0.01575,synthetic_seed
SC,2023,asian,non-hisp,20-24,0.06825,synthetic_seed
SC,2023,asian,non-hisp,25-29,0.105,synthetic_seed
SC,2023,asian,non-hisp,30-34,0.105,synthetic_seed
SC,2023,asian,non-hisp,35-39,0.0525,synthetic_seed
SC,2023,asian,non-hisp,40-44,0.0126,synthetic_seed
SC,2023,asian,non-hisp,45-49,0.00105,synthetic_seed
SC,2023,asian,non-hisp,50-54,0.0,synthetic_seed
SC,2023,asian,non-hisp,55-59,0.0,synthetic_seed
SC,2023,asian,non-hisp,60-64,0.0,synthetic_seed
SC,2023,asian,non-hisp,65-69,0.0,synthetic_seed
SC,2023,asian,non-hisp,70-74,0.0,synthetic_seed
SC,2023,asian,non-hisp,75-79,0.0,synthetic_seed
SC,2023,asian,non-hisp,80-84,0.0,synthetic_seed
SC,2023,asian,non-hisp,85+,0.0,synthetic_seed
SC,2023,asian,hisp,0-4,0.0,synthetic_seed
SC,2023,asian,hisp,5-9,0.0,synthetic_seed
SC,2023,asian,hisp,10-14,0.0,synthetic_seed
SC,2023,asian,hisp,15-19,0.018113,synthetic_seed
SC,2023,asian,hisp,20-24,0.078488,synthetic_seed
SC,2023,asian,hisp,25-29,0.12075,synthetic_seed
SC,2023,asian,hisp,30-34,0.12075,synthetic_seed
SC,2023,asian,hisp,35-39,0.060375,synthetic_seed
SC,2023,asian,hisp,40-44,0.01449,synthetic_seed
SC,2023,asian,hisp,45-49,0.001208,synthetic_seed
SC,2023,asian,hisp,50-54,0.0,synthetic_seed
SC,2023,asian,hisp,55-59,0.0,synthetic_seed
SC,2023,asian,hisp,60-64,0.0,synthetic_seed
SC,2023,asian,hisp,65-69,0.0,synthetic_seed
SC,2023,asian,hisp,70-74,0.0,synthetic_seed
SC,2023,asian,hisp,75-79,0.0,synthetic_seed
SC,2023,asian,hisp,80-84,0.0,synthetic_seed
SC,2023,asian,hisp,85+,0.0,synthetic_seed
SC,2023,other,non-hisp,0-4,0.0,synthetic_seed
SC,2023,other,non-hisp,5-9,0.0,synthetic_seed
SC,2023,other,non-hisp,10-14,0.0,synthetic_seed
SC,2023,other,non-hisp,15-19,0.01701,synthetic_seed
SC,2023,other,non-hisp,20-24,0.07371,synthetic_seed
SC,2023,other,non-hisp,25-29,0.1134,synthetic_seed
SC,2023,other,non-hisp,30-34,0.1134,synthetic_seed
SC,2023,other,non-hisp,35-39,0.0567,synthetic_seed
SC,2023,other,non-hisp,40-44,0.013608,synthetic_seed
SC,2023,other,non-hisp,45-49,0.001134,synthetic_seed
SC,2023,other,non-hisp,50-54,0.0,synthetic_seed
SC,2023,other,non-hisp,55-59,0.0,synthetic_seed
SC,2023,other,non-hisp,60-64,0.0,synthetic_seed
SC,2023,other,non-hisp,65-69,0.0,synthetic_seed
SC,2023,other,non-hisp,70-74,0.0,synthetic_seed
SC,2023,other,non-hisp,75-79,0.0,synthetic_seed
SC,2023,other,non-hisp,80-84,0.0,synthetic_seed
SC,2023,other,non-hisp,85+,0.0,synthetic_seed
SC,2023,other,hisp,0-4,0.0,synthetic_seed
SC,2023,other,hisp,5-9,0.0,synthetic_seed
SC,2023,other,hisp,10-14,0.0,synthetic_seed
SC,2023,other,hisp,15-19,0.018113,synthetic_seed
SC,2023,other,hisp,20-24,0.078488,synthetic_seed
SC,2023,other,hisp,25-29,0.12075,synthetic_seed
SC,2023,other,hisp,30-34,0.12075,synthetic_seed
SC,2023,other,hisp,35-39,0.060375,synthetic_seed
SC,2023,other,hisp,40-44,0.01449,synthetic_seed
SC,2023,other,hisp,45-49,0.001208,synthetic_seed
SC,2023,other,hisp,50-54,0.0,synthetic_seed
SC,2023,other,hisp,55-59,0.0,synthetic_seed
SC,2023,other,hisp,60-64,0.0,synthetic_seed
SC,2023,other,hisp,65-69,0.0,synthetic_seed
SC,2023,other,hisp,70-74,0.0,synthetic_seed
SC,2023,other,hisp,75-79,0.0,synthetic_seed
SC,2023,other,hisp,80-84,0.0,synthetic_seed
SC,2023,other,hisp,85+,0.0,synthetic_seed
SD,2023,white,non-hisp,0-4,0.0,synthetic_seed
SD,2023,white,non-hisp,5-9,0.0,synthetic_seed
SD,2023,white,non-hisp,10-14,0.0,synthetic_seed
SD,2023,white,non-hisp,15-19,0.0147,synthetic_seed
SD,2023,white,non-hisp,20-24,0.0637,synthetic_seed
SD,2023,white,non-hisp,25-29,0.098,synthetic_seed
SD,2023,white,non-hisp,30-34,0.098,synthetic_seed
SD,2023,white,non-hisp,35-39,0.049,synthetic_seed
SD,2023,white,non-hisp,40-44,0.01176,synthetic_seed
SD,2023,white,non-hisp,45-49,0.00098,synthetic_seed
SD,2023,white,non-hisp,50-54,0.0,synthetic_seed
SD,2023,white,non-hisp,55-59,0.0,synthetic_seed
SD,2023,white,non-hisp,60-64,0.0,synthetic_seed
SD,2023,white,non-hisp,65-69,0.0,synthetic_seed
SD,2023,white,non-hisp,70-74,0.0,synthetic_seed
SD,2023,white,non-hisp,75-79,0.0,synthetic_seed
SD,2023,white,non-hisp,80-84,0.0,synthetic_seed
SD,2023,white,non-hisp,85+,0.0,synthetic_seed
SD,2023,white,hisp,0-4,0.0,synthetic_seed
SD,2023,white,hisp,5-9,0.0,synthetic_seed
SD,2023,white,hisp,10-14,0.0,synthetic_seed
SD,2023,white,hisp,15-19,0.016905,synthetic_seed
SD,2023,white,hisp,20-24,0.073255,synthetic_seed
SD,2023,white,hisp,25-29,0.1127,synthetic_seed
SD,2023,white,hisp,30-34,0.1127,synthetic_seed
SD,2023,white,hisp,35-39,0.05635,synthetic_seed
SD,2023,white,hisp,40-44,0.013524,synthetic_seed
SD,2023,white,hisp,45-49,0.001127,synthetic_seed
SD,2023,white,hisp,50-54,0.0,synthetic_seed
SD,2023,white,hisp,55-59,0.0,synthetic_seed
SD,2023,white,hisp,60-64,0.0,synthetic_seed
SD,2023,white,hisp,65-69,0.0,synthetic_seed
SD,2023,white,hisp,70-74,0.0,synthetic_seed
SD,2023,white,hisp,75-79,0.0,synthetic_seed
SD,2023,white,hisp,80-84,0.0,synthetic_seed
SD,2023,white,hisp,85+,0.0,synthetic_seed
SD,2023,black,non-hisp,0-4,0.0,synthetic_seed
SD,2023,black,non-hisp,5-9,0.0,synthetic_seed
SD,2023,black,non-hisp,10-14,0.0,synthetic_seed
SD,2023,black,non-hisp,15-19,0.0147,synthetic_seed
SD,2023,black,non-hisp,20-24,0.0637,synthetic_seed
SD,2023,black,non-hisp,25-29,0.098,synthetic_seed
SD,2023,black,non-hisp,30-34,0.098,synthetic_seed
SD,2023,black,non-hisp,35-39,0.049,synthetic_seed
SD,2023,black,non-hisp,40-44,0.01176,synthetic_seed
SD,2023,black,non-hisp,45-49,0.00098,synthetic_seed
SD,2023,black,non-hisp,50-54,0.0,synthetic_seed
SD,2023,black,non-hisp,55-59,0.0,synthetic_seed
SD,2023,black,non-hisp,60-64,0.0,synthetic_seed
SD,2023,black,non-hisp,65-69,0.0,synthetic_seed
SD,2023,black,non-hisp,70-74,0.0,synthetic_seed
SD,2023,black,non-hisp,75-79,0.0,synthetic_seed
SD,2023,black,non-hisp,80-84,0.0,synthetic_seed
SD,2023,black,non-hisp,85+,0.0,synthetic_seed
SD,2023,black,hisp,0-4,0.0,synthetic_seed
SD,2023,black,hisp,5-9,0.0,synthetic_seed
SD,2023,black,hisp,10-14,0.0,synthetic_seed
SD,2023,black,hisp,15-19,0.016905,synthetic_seed
SD,2023,black,hisp,20-24,0.073255,synthetic_seed
SD,2023,black,hisp,25-29,0.1127,synthetic_seed
SD,2023,black,hisp,30-34,0.1127,synthetic_seed
SD,2023,black,hisp,35-39,0.05635,synthetic_seed
SD,2023,black,hisp,40-44,0.013524,synthetic_seed
SD,2023,black,hisp,45-49,0.001127,synthetic_seed
SD,2023,black,hisp,50-54,0.0,synthetic_seed
SD,2023,black,hisp,55-59,0.0,synthetic_seed
SD,2023,black,hisp,60-64,0.0,synthetic_seed
SD,2023,black,hisp,65-69,0.0,synthetic_seed
SD,2023,black,hisp,70-74,0.0,synthetic_seed
SD,2023,black,hisp,75-79,0.0,synthetic_seed
SD,2023,black,hisp,80-84,0.0,synthetic_seed
SD,2023,black,hisp,85+,0.0,synthetic_seed
SD,2023,asian,non-hisp,0-4,0.0,synthetic_seed
SD,2023,asian,non-hisp,5-9,0.0,synthetic_seed
SD,2023,asian,non-hisp,10-14,0.0,synthetic_seed
SD,2023,asian,non-hisp,15-19,0.0147,synthetic_seed
SD,2023,asian,non-hisp,20-24,0.0637,synthetic_seed
SD,2023,asian,non-hisp,25-29,0.098,synthetic_seed
SD,2023,asian,non-hisp,30-34,0.098,synthetic_seed
SD,2023,asian,non-hisp,35-39,0.049,synthetic_seed
SD,2023,asian,non-hisp,40-44,0.01176,synthetic_seed
SD,2023,asian,non-hisp,45-49,0.00098,synthetic_seed
SD,2023,asian,non-hisp,50-54,0.0,synthetic_seed
SD,2023,asian,non-hisp,55-59,0.0,synthetic_seed
SD,2023,asian,non-hisp,60-64,0.0,synthetic_seed
SD,2023,asian,non-hisp,65-69,0.0,synthetic_seed
SD,2023,asian,non-hisp,70-74,0.0,synthetic_seed
SD,2023,asian,non-hisp,75-79,0.0,synthetic_seed
SD,2023,asian,non-hisp,80-84,0.0,synthetic_seed
SD,2023,asian,non-hisp,85+,0.0,synthetic_seed
SD,2023,asian,hisp,0-4,0.0,synthetic_seed
SD,2023,asian,hisp,5-9,0.0,synthetic_seed
SD,2023,asian,hisp,10-14,0.0,synthetic_seed
SD,2023,asian,hisp,15-19,0.016905,synthetic_seed
SD,2023,asian,hisp,20-24,0.073255,synthetic_seed
SD,2023,asian,hisp,25-29,0.1127,synthetic_seed
SD,2023,asian,hisp,30-34,0.1127,synthetic_seed
SD,2023,asian,hisp,35-39,0.05635,synthetic_seed
SD,2023,asian,hisp,40-44,0.013524,synthetic_seed
SD,2023,asian,hisp,45-49,0.001127,synthetic_seed
SD,2023,asian,hisp,50-54,0.0,synthetic_seed
SD,2023,asian,hisp,55-59,0.0,synthetic_seed
SD,2023,asian,hisp,60-64,0.0,synthetic_seed
SD,2023,asian,hisp,65-69,0.0,synthetic_seed
SD,2023,asian,hisp,70-74,0.0,synthetic_seed
SD,2023,asian,hisp,75-79,0.0,synthetic_seed
SD,2023,asian,hisp,80-84,0.0,synthetic_seed
SD,2023,asian,hisp,85+,0.0,synthetic_seed
SD,2023,other,non-hisp,0-4,0.0,synthetic_seed
SD,2023,other,non-hisp,5-9,0.0,synthetic_seed
SD,2023,other,non-hisp,10-14,0.0,synthetic_seed
SD,2023,other,non-hisp,15-19,0.015876,synthetic_seed
SD,2023,other,non-hisp,20-24,0.068796,synthetic_seed
SD,2023,other,non-hisp,25-29,0.10584,synthetic_seed
SD,2023,other,non-hisp,30-34,0.10584,synthetic_seed
SD,2023,other,non-hisp,35-39,0.05292,synthetic_seed
SD,2023,other,non-hisp,40-44,0.012701,synthetic_seed
SD,2023,other,non-hisp,45-49,0.001058,synthetic_seed
SD,2023,other,non-hisp,50-54,0.0,synthetic_seed
SD,2023,other,non-hisp,55-59,0.0,synthetic_seed
SD,2023,other,non-hisp,60-64,0.0,synthetic_seed
SD,2023,other,non-hisp,65-69,0.0,synthetic_seed
SD,2023,other,non-hisp,70-74,0.0,synthetic_seed
SD,2023,other,non-hisp,75-79,0.0,synthetic_seed
SD,2023,other,non-hisp,80-84,0.0,synthetic_seed
SD,2023,other,non-hisp,85+,0.0,synthetic_seed
SD,2023,other,hisp,0-4,0.0,synthetic_seed
SD,2023,other,hisp,5-9,0.0,synthetic_seed
SD,2023,other,hisp,10-14,0.0,synthetic_seed
SD,2023,other,hisp,15-19,0.016905,synthetic_seed
SD,2023,other,hisp,20-24,0.073255,synthetic_seed
SD,2023,other,hisp,25-29,0.1127,synthetic_seed
SD,2023,other,hisp,30-34,0.1127,synthetic_seed
SD,2023,other,hisp,35-39,0.05635,synthetic_seed
SD,2023,other,hisp,40-44,0.013524,synthetic_seed
SD,2023,other,hisp,45-49,0.001127,synthetic_seed
SD,2023,other,hisp,50-54,0.0,synthetic_seed
SD,2023,other,hisp,55-59,0.0,synthetic_seed
SD,2023,other,hisp,60-64,0.0,synthetic_seed
SD,2023,other,hisp,65-69,0.0,synthetic_seed
SD,2023,other,hisp,70-74,0.0,synthetic_seed
SD,2023,other,hisp,75-79,0.0,synthetic_seed
SD,2023,other,hisp,80-84,0.0,synthetic_seed
SD,2023,other,hisp,85+,0.0,synthetic_seed
TN,2023,white,non-hisp,0-4,0.0,synthetic_seed
TN,2023,white,non-hisp,5-9,0.0,synthetic_seed
TN,2023,white,non-hisp,10-14,0.0,synthetic_seed
TN,2023,white,non-hisp,15-19,0.01575,synthetic_seed
TN,2023,white,non-hisp,20-24,0.06825,synthetic_seed
TN,2023,white,non-hisp,25-29,0.105,synthetic_seed
TN,2023,white,non-hisp,30-34,0.105,synthetic_seed
TN,2023,white,non-hisp,35-39,0.0525,synthetic_seed
TN,2023,white,non-hisp,40-44,0.0126,synthetic_seed
TN,2023,white,non-hisp,45-49,0.00105,synthetic_seed
TN,2023,white,non-hisp,50-54,0.0,synthetic_seed
TN,2023,white,non-hisp,55-59,0.0,synthetic_seed
TN,2023,white,non-hisp,60-64,0.0,synthetic_seed
TN,2023,white,non-hisp,65-69,0.0,synthetic_seed
TN,2023,white,non-hisp,70-74,0.0,synthetic_seed
TN,2023,white,non-hisp,75-79,0.0,synthetic_seed
TN,2023,white,non-hisp,80-84,0.0,synthetic_seed
TN,2023,white,non-hisp,85+,0.0,synthetic_seed
TN,2023,white,hisp,0-4,0.0,synthetic_seed
TN,2023,white,hisp,5-9,0.0,synthetic_seed
TN,2023,white,hisp,10-14,0.0,synthetic_seed
TN,2023,white,hisp,15-19,0.018113,synthetic_seed
TN,2023,white,hisp,20-24,0.078488,synthetic_seed
TN,2023,white,hisp,25-29,0.12075,synthetic_seed
TN,2023,white,hisp,30-34,0.12075,synthetic_seed
TN,2023,white,hisp,35-39,0.060375,synthetic_seed
TN,2023,white,hisp,40-44,0.01449,synthetic_seed
TN,2023,white,hisp,45-49,0.001208,synthetic_seed
TN,2023,white,hisp,50-54,0.0,synthetic_seed
TN,2023,white,hisp,55-59,0.0,synthetic_seed
TN,2023,white,hisp,60-64,0.0,synthetic_seed
TN,2023,white,hisp,65-69,0.0,synthetic_seed
TN,2023,white,hisp,70-74,0.0,synthetic_seed
TN,2023,white,hisp,75-79,0.0,synthetic_seed
TN,2023,white,hisp,80-84,0.0,synthetic_seed
TN,2023,white,hisp,85+,0.0,synthetic_seed
TN,2023,black,non-hisp,0-4,0.0,synthetic_seed
TN,2023,black,non-hisp,5-9,0.0,synthetic_seed
TN,2023,black,non-hisp,10-14,0.0,synthetic_seed
TN,2023,black,non-hisp,15-19,0.01575,synthetic_seed
TN,2023,black,non-hisp,20-24,0.06825,synthetic_seed
TN,2023,black,non-hisp,25-29,0.105,synthetic_seed
TN,2023,black,non-hisp,30-34,0.105,synthetic_seed
TN,2023,black,non-hisp,35-39,0.0525,synthetic_seed
TN,2023,black,non-hisp,40-44,0.0126,synthetic_seed
TN,2023,black,non-hisp,45-49,0.00105,synthetic_seed
TN,2023,black,non-hisp,50-54,0.0,synthetic_seed
TN,2023,black,non-hisp,55-59,0.0,synthetic_seed
TN,2023,black,non-hisp,60-64,0.0,synthetic_seed
TN,2023,black,non-hisp,65-69,0.0,synthetic_seed
TN,2023,black,non-hisp,70-74,0.0,synthetic_seed
TN,2023,black,non-hisp,75-79,0.0,synthetic_seed
TN,2023,black,non-hisp,80-84,0.0,synthetic_seed
TN,2023,black,non-hisp,85+,0.0,synthetic_seed
TN,2023,black,hisp,0-4,0.0,synthetic_seed
TN,2023,black,hisp,5-9,0.0,synthetic_seed
TN,2023,black,hisp,10-14,0.0,synthetic_seed
TN,2023,black,hisp,15-19,0.018113,synthetic_seed
TN,2023,black,hisp,20-24,0.078488,synthetic_seed
TN,2023,black,hisp,25-29,0.12075,synthetic_seed
TN,2023,black,hisp,30-34,0.12075,synthetic_seed
TN,2023,black,hisp,35-39,0.060375,synthetic_seed
TN,2023,black,hisp,40-44,0.01449,synthetic_seed
TN,2023,black,hisp,45-49,0.001208,synthetic_seed
TN,2023,black,hisp,50-54,0.0,synthetic_seed
TN,2023,black,hisp,55-59,0.0,synthetic_seed
TN,2023,black,hisp,60-64,0.0,synthetic_seed
TN,2023,black,hisp,65-69,0.0,synthetic_seed
TN,2023,black,hisp,70-74,0.0,synthetic_seed
TN,2023,black,hisp,75-79,0.0,synthetic_seed
TN,2023,black,hisp,80-84,0.0,synthetic_seed
TN,2023,black,hisp,85+,0.0,synthetic_seed
TN,2023,asian,non-hisp,0-4,0.0,synthetic_seed
TN,2023,asian,non-hisp,5-9,0.0,synthetic_seed
TN,2023,asian,non-hisp,10-14,0.0,synthetic_seed
TN,2023,asian,non-hisp,15-19,0.01575,synthetic_seed
TN,2023,asian,non-hisp,20-24,0.06825,synthetic_seed
TN,2023,asian,non-hisp,25-29,0.105,synthetic_seed
TN,2023,asian,non-hisp,30-34,0.105,synthetic_seed
TN,2023,asian,non-hisp,35-39,0.0525,synthetic_seed
TN,2023,asian,non-hisp,40-44,0.0126,synthetic_seed
TN,2023,asian,non-hisp,45-49,0.00105,synthetic_seed
TN,2023,asian,non-hisp,50-54,0.0,synthetic_seed
TN,2023,asian,non-hisp,55-59,0.0,synthetic_seed
TN,2023,asian,non-hisp,60-64,0.0,synthetic_seed
TN,2023,asian,non-hisp,65-69,0.0,synthetic_seed
TN,2023,asian,non-hisp,70-74,0.0,synthetic_seed
TN,2023,asian,non-hisp,75-79,0.0,synthetic_seed
TN,2023,asian,non-hisp,80-84,0.0,synthetic_seed
TN,2023,asian,non-hisp,85+,0.0,synthetic_seed
TN,2023,asian,hisp,0-4,0.0,synthetic_seed
TN,2023,asian,hisp,5-9,0.0,synthetic_seed
TN,2023,asian,hisp,10-14,0.0,synthetic_seed
TN,2023,asian,hisp,15-19,0.018113,synthetic_seed
TN,2023,asian,hisp,20-24,0.078488,synthetic_seed
TN,2023,asian,hisp,25-29,0.12075,synthetic_seed
TN,2023,asian,hisp,30-34,0.12075,synthetic_seed
TN,2023,asian,hisp,35-39,0.060375,synthetic_seed
TN,2023,asian,hisp,40-44,0.01449,synthetic_seed
TN,2023,asian,hisp,45-49,0.001208,synthetic_seed
TN,2023,asian,hisp,50-54,0.0,synthetic_seed
TN,2023,asian,hisp,55-59,0.0,synthetic_seed
TN,2023,asian,hisp,60-64,0.0,synthetic_seed
TN,2023,asian,hisp,65-69,0.0,synthetic_seed
TN,2023,asian,hisp,70-74,0.0,synthetic_seed
TN,2023,asian,hisp,75-79,0.0,synthetic_seed
TN,2023,asian,hisp,80-84,0.0,synthetic_seed
TN,2023,asian,hisp,85+,0.0,synthetic_seed
TN,2023,other,non-hisp,0-4,0.0,synthetic_seed
TN,2023,other,non-hisp,5-9,0.0,synthetic_seed
TN,2023,other,non-hisp,10-14,0.0,synthetic_seed
TN,2023,other,non-hisp,15-19,0.01701,synthetic_seed
TN,2023,other,non-hisp,20-24,0.07371,synthetic_seed
TN,2023,other,non-hisp,25-29,0.1134,synthetic_seed
TN,2023,other,non-hisp,30-34,0.1134,synthetic_seed
TN,2023,other,non-hisp,35-39,0.0567,synthetic_seed
TN,2023,other,non-hisp,40-44,0.013608,synthetic_seed
TN,2023,other,non-hisp,45-49,0.001134,synthetic_seed
TN,2023,other,non-hisp,50-54,0.0,synthetic_seed
TN,2023,other,non-hisp,55-59,0.0,synthetic_seed
TN,2023,other,non-hisp,60-64,0.0,synthetic_seed
TN,2023,other,non-hisp,65-69,0.0,synthetic_seed
TN,2023,other,non-hisp,70-74,0.0,synthetic_seed
TN,2023,other,non-hisp,75-79,0.0,synthetic_seed
TN,2023,other,non-hisp,80-84,0.0,synthetic_seed
TN,2023,other,non-hisp,85+,0.0,synthetic_seed
TN,2023,other,hisp,0-4,0.0,synthetic_seed
TN,2023,other,hisp,5-9,0.0,synthetic_seed
TN,2023,other,hisp,10-14,0.0,synthetic_seed
TN,2023,other,hisp,15-19,0.018113,synthetic_seed
TN,2023,other,hisp,20-24,0.078488,synthetic_seed
TN,2023,other,hisp,25-29,0.12075,synthetic_seed
TN,2023,other,hisp,30-34,0.12075,synthetic_seed
TN,2023,other,hisp,35-39,0.060375,synthetic_seed
TN,2023,other,hisp,40-44,0.01449,synthetic_seed
TN,2023,other,hisp,45-49,0.001208,synthetic_seed
TN,2023,other,hisp,50-54,0.0,synthetic_seed
TN,2023,other,hisp,55-59,0.0,synthetic_seed
TN,2023,other,hisp,60-64,0.0,synthetic_seed
TN,2023,other,hisp,65-69,0.0,synthetic_seed
TN,2023,other,hisp,70-74,0.0,synthetic_seed
TN,2023,other,hisp,75-79,0.0,synthetic_seed
TN,2023,other,hisp,80-84,0.0,synthetic_seed
TN,2023,other,hisp,85+,0.0,synthetic_seed
TX,2023,white,non-hisp,0-4,0.0,synthetic_seed
TX,2023,white,non-hisp,5-9,0.0,synthetic_seed
TX,2023,white,non-hisp,10-14,0.0,synthetic_seed
TX,2023,white,non-hisp,15-19,0.01575,synthetic_seed
TX,2023,white,non-hisp,20-24,0.06825,synthetic_seed
TX,2023,white,non-hisp,25-29,0.105,synthetic_seed
TX,2023,white,non-hisp,30-34,0.105,synthetic_seed
TX,2023,white,non-hisp,35-39,0.0525,synthetic_seed
TX,2023,white,non-hisp,40-44,0.0126,synthetic_seed
TX,2023,white,non-hisp,45-49,0.00105,synthetic_seed
TX,2023,white,non-hisp,50-54,0.0,synthetic_seed
TX,2023,white,non-hisp,55-59,0.0,synthetic_seed
TX,2023,white,non-hisp,60-64,0.0,synthetic_seed
TX,2023,white,non-hisp,65-69,0.0,synthetic_seed
TX,2023,white,non-hisp,70-74,0.0,synthetic_seed
TX,2023,white,non-hisp,75-79,0.0,synthetic_seed
TX,2023,white,non-hisp,80-84,0.0,synthetic_seed
TX,2023,white,non-hisp,85+,0.0,synthetic_seed
TX,2023,white,hisp,0-4,0.0,synthetic_seed
TX,2023,white,hisp,5-9,0.0,synthetic_seed
TX,2023,white,hisp,10-14,0.0,synthetic_seed
TX,2023,white,hisp,15-19,0.018113,synthetic_seed
TX,2023,white,hisp,20-24,0.078488,synthetic_seed
TX,2023,white,hisp,25-29,0.12075,synthetic_seed
TX,2023,white,hisp,30-34,0.12075,synthetic_seed
TX,2023,white,hisp,35-39,0.060375,synthetic_seed
TX,2023,white,hisp,40-44,0.01449,synthetic_seed
TX,2023,white,hisp,45-49,0.001208,synthetic_seed
TX,2023,white,hisp,50-54,0.0,synthetic_seed
TX,2023,white,hisp,55-59,0.0,synthetic_seed
TX,2023,white,hisp,60-64,0.0,synthetic_seed
TX,2023,white,hisp,65-69,0.0,synthetic_seed
TX,2023,white,hisp,70-74,0.0,synthetic_seed
TX,2023,white,hisp,75-79,0.0,synthetic_seed
TX,2023,white,hisp,80-84,0.0,synthetic_seed
TX,2023,white,hisp,85+,0.0,synthetic_seed
TX,2023,black,non-hisp,0-4,0.0,synthetic_seed
TX,2023,black,non-hisp,5-9,0.0,synthetic_seed
TX,2023,black,non-hisp,10-14,0.0,synthetic_seed
TX,2023,black,non-hisp,15-19,0.01575,synthetic_seed
TX,2023,black,non-hisp,20-24,0.06825,synthetic_seed
TX,2023,black,non-hisp,25-29,0.105,synthetic_seed
TX,2023,black,non-hisp,30-34,0.105,synthetic_seed
TX,2023,black,non-hisp,35-39,0.0525,synthetic_seed
TX,2023,black,non-hisp,40-44,0.0126,synthetic_seed
TX,2023,black,non-hisp,45-49,0.00105,synthetic_seed
TX,2023,black,non-hisp,50-54,0.0,synthetic_seed
TX,2023,black,non-hisp,55-59,0.0,synthetic_seed
TX,2023,black,non-hisp,60-64,0.0,synthetic_seed
TX,2023,black,non-hisp,65-69,0.0,synthetic_seed
TX,2023,black,non-hisp,70-74,0.0,synthetic_seed
TX,2023,black,non-hisp,75-79,0.0,synthetic_seed
TX,2023,black,non-hisp,80-84,0.0,synthetic_seed
TX,2023,black,non-hisp,85+,0.0,synthetic_seed
TX,2023,black,hisp,0-4,0.0,synthetic_seed
TX,2023,black,hisp,5-9,0.0,synthetic_seed
TX,2023,black,hisp,10-14,0.0,synthetic_seed
TX,2023,black,hisp,15-19,0.018113,synthetic_seed
TX,2023,black,hisp,20-24,0.078488,synthetic_seed
TX,2023,black,hisp,25-29,0.12075,synthetic_seed
TX,2023,black,hisp,30-34,0.12075,synthetic_seed
TX,2023,black,hisp,35-39,0.060375,synthetic_seed
TX,2023,black,hisp,40-44,0.01449,synthetic_seed
TX,2023,black,hisp,45-49,0.001208,synthetic_seed
TX,2023,black,hisp,50-54,0.0,synthetic_seed
TX,2023,black,hisp,55-59,0.0,synthetic_seed
TX,2023,black,hisp,60-64,0.0,synthetic_seed
TX,2023,black,hisp,65-69,0.0,synthetic_seed
TX,2023,black,hisp,70-74,0.0,synthetic_seed
TX,2023,black,hisp,75-79,0.0,synthetic_seed
TX,2023,black,hisp,80-84,0.0,synthetic_seed
TX,2023,black,hisp,85+,0.0,synthetic_seed
TX,2023,asian,non-hisp,0-4,0.0,synthetic_seed
TX,2023,asian,non-hisp,5-9,0.0,synthetic_seed
TX,2023,asian,non-hisp,10-14,0.0,synthetic_seed
TX,2023,asian,non-hisp,15-19,0.01575,synthetic_seed
TX,2023,asian,non-hisp,20-24,0.06825,synthetic_seed
TX,2023,asian,non-hisp,25-29,0.105,synthetic_seed
TX,2023,asian,non-hisp,30-34,0.105,synthetic_seed
TX,2023,asian,non-hisp,35-39,0.0525,synthetic_seed
TX,2023,asian,non-hisp,40-44,0.0126,synthetic_seed
TX,2023,asian,non-hisp,45-49,0.00105,synthetic_seed
TX,2023,asian,non-hisp,50-54,0.0,synthetic_seed
TX,2023,asian,non-hisp,55-59,0.0,synthetic_seed
TX,2023,asian,non-hisp,60-64,0.0,synthetic_seed
TX,2023,asian,non-hisp,65-69,0.0,synthetic_seed
TX,2023,asian,non-hisp,70-74,0.0,synthetic_seed
TX,2023,asian,non-hisp,75-79,0.0,synthetic_seed
TX,2023,asian,non-hisp,80-84,0.0,synthetic_seed
TX,2023,asian,non-hisp,85+,0.0,synthetic_seed
TX,2023,asian,hisp,0-4,0.0,synthetic_seed
TX,2023,asian,hisp,5-9,0.0,synthetic_seed
TX,2023,asian,hisp,10-14,0.0,synthetic_seed
TX,2023,asian,hisp,15-19,0.018113,synthetic_seed
TX,2023,asian,hisp,20-24,0.078488,synthetic_seed
TX,2023,asian,hisp,25-29,0.12075,synthetic_seed
TX,2023,asian,hisp,30-34,0.12075,synthetic_seed
TX,2023,asian,hisp,35-39,0.060375,synthetic_seed
TX,2023,asian,hisp,40-44,0.01449,synthetic_seed
TX,2023,asian,hisp,45-49,0.001208,synthetic_seed
TX,2023,asian,hisp,50-54,0.0,synthetic_seed
TX,2023,asian,hisp,55-59,0.0,synthetic_seed
TX,2023,asian,hisp,60-64,0.0,synthetic_seed
TX,2023,asian,hisp,65-69,0.0,synthetic_seed
TX,2023,asian,hisp,70-74,0.0,synthetic_seed
TX,2023,asian,hisp,75-79,0.0,synthetic_seed
TX,2023,asian,hisp,80-84,0.0,synthetic_seed
TX,2023,asian,hisp,85+,0.0,synthetic_seed
TX,2023,other,non-hisp,0-4,0.0,synthetic_seed
TX,2023,other,non-hisp,5-9,0.0,synthetic_seed
TX,2023,other,non-hisp,10-14,0.0,synthetic_seed
TX,2023,other,non-hisp,15-19,0.01701,synthetic_seed
TX,2023,other,non-hisp,20-24,0.07371,synthetic_seed
TX,2023,other,non-hisp,25-29,0.1134,synthetic_seed
TX,2023,other,non-hisp,30-34,0.1134,synthetic_seed
TX,2023,other,non-hisp,35-39,0.0567,synthetic_seed
TX,2023,other,non-hisp,40-44,0.013608,synthetic_seed
TX,2023,other,non-hisp,45-49,0.001134,synthetic_seed
TX,2023,other,non-hisp,50-54,0.0,synthetic_seed
TX,2023,other,non-hisp,55-59,0.0,synthetic_seed
TX,2023,other,non-hisp,60-64,0.0,synthetic_seed
TX,2023,other,non-hisp,65-69,0.0,synthetic_seed
TX,2023,other,non-hisp,70-74,0.0,synthetic_seed
TX,2023,other,non-hisp,75-79,0.0,synthetic_seed
TX,2023,other,non-hisp,80-84,0.0,synthetic_seed
TX,2023,other,non-hisp,85+,0.0,synthetic_seed
TX,2023,other,hisp,0-4,0.0,synthetic_seed
TX,2023,other,hisp,5-9,0.0,synthetic_seed
TX,2023,other,hisp,10-14,0.0,synthetic_seed
TX,2023,other,hisp,15-19,0.018113,synthetic_seed
TX,2023,other,hisp,20-24,0.078488,synthetic_seed
TX,2023,other,hisp,25-29,0.12075,synthetic_seed
TX,2023,other,hisp,30-34,0.12075,synthetic_seed
TX,2023,other,hisp,35-39,0.060375,synthetic_seed
TX,2023,other,hisp,40-44,0.01449,synthetic_seed
TX,2023,other,hisp,45-49,0.001208,synthetic_seed
TX,2023,other,hisp,50-54,0.0,synthetic_seed
TX,2023,other,hisp,55-59,0.0,synthetic_seed
TX,2023,other,hisp,60-64,0.0,synthetic_seed
TX,2023,other,hisp,65-69,0.0,synthetic_seed
TX,2023,other,hisp,70-74,0.0,synthetic_seed
TX,2023,other,hisp,75-79,0.0,synthetic_seed
TX,2023,other,hisp,80-84,0.0,synthetic_seed
TX,2023,other,hisp,85+,0.0,synthetic_seed
UT,2023,white,non-hisp,0-4,0.0,synthetic_seed
UT,2023,white,non-hisp,5-9,0.0,synthetic_seed
UT,2023,white,non-hisp,10-14,0.0,synthetic_seed
UT,2023,white,non-hisp,15-19,0.015,synthetic_seed
UT,2023,white,non-hisp,20-24,0.065,synthetic_seed
UT,2023,white,non-hisp,25-29,0.1,synthetic_seed
UT,2023,white,non-hisp,30-34,0.1,synthetic_seed
UT,2023,white,non-hisp,35-39,0.05,synthetic_seed
UT,2023,white,non-hisp,40-44,0.012,synthetic_seed
UT,2023,white,non-hisp,45-49,0.001,synthetic_seed
UT,2023,white,non-hisp,50-54,0.0,synthetic_seed
UT,2023,white,non-hisp,55-59,0.0,synthetic_seed
UT,2023,white,non-hisp,60-64,0.0,synthetic_seed
UT,2023,white,non-hisp,65-69,0.0,synthetic_seed
UT,2023,white,non-hisp,70-74,0.0,synthetic_seed
UT,2023,white,non-hisp,75-79,0.0,synthetic_seed
UT,2023,white,non-hisp,80-84,0.0,synthetic_seed
UT,2023,white,non-hisp,85+,0.0,synthetic_seed
UT,2023,white,hisp,0-4,0.0,synthetic_seed
UT,2023,white,hisp,5-9,0.0,synthetic_seed
UT,2023,white,hisp,10-14,0.0,synthetic_seed
UT,2023,white,hisp,15-19,0.01725,synthetic_seed
UT,2023,white,hisp,20-24,0.07475,synthetic_seed
UT,2023,white,hisp,25-29,0.115,synthetic_seed
UT,2023,white,hisp,30-34,0.115,synthetic_seed
UT,2023,white,hisp,35-39,0.0575,synthetic_seed
UT,2023,white,hisp,40-44,0.0138,synthetic_seed
UT,2023,white,hisp,45-49,0.00115,synthetic_seed
UT,2023,white,hisp,50-54,0.0,synthetic_seed
UT,2023,white,hisp,55-59,0.0,synthetic_seed
UT,2023,white,hisp,60-64,0.0,synthetic_seed
UT,2023,white,hisp,65-69,0.0,synthetic_seed
UT,2023,white,hisp,70-74,0.0,synthetic_seed
UT,2023,white,hisp,75-79,0.0,synthetic_seed
UT,2023,white,hisp,80-84,0.0,synthetic_seed
UT,2023,white,hisp,85+,0.0,synthetic_seed
UT,2023,black,non-hisp,0-4,0.0,synthetic_seed
UT,2023,black,non-hisp,5-9,0.0,synthetic_seed
UT,2023,black,non-hisp,10-14,0.0,synthetic_seed
UT,2023,black,non-hisp,15-19,0.015,synthetic_seed
UT,2023,black,non-hisp,20-24,0.065,synthetic_seed
UT,2023,black,non-hisp,25-29,0.1,synthetic_seed
UT,2023,black,non-hisp,30-34,0.1,synthetic_seed
UT,2023,black,non-hisp,35-39,0.05,synthetic_seed
UT,2023,black,non-hisp,40-44,0.012,synthetic_seed
UT,2023,black,non-hisp,45-49,0.001,synthetic_seed
UT,2023,black,non-hisp,50-54,0.0,synthetic_seed
UT,2023,black,non-hisp,55-59,0.0,synthetic_seed
UT,2023,black,non-hisp,60-64,0.0,synthetic_seed
UT,2023,black,non-hisp,65-69,0.0,synthetic_seed
UT,2023,black,non-hisp,70-74,0.0,synthetic_seed
UT,2023,black,non-hisp,75-79,0.0,synthetic_seed
UT,2023,black,non-hisp,80-84,0.0,synthetic_seed
UT,2023,black,non-hisp,85+,0.0,synthetic_seed
UT,2023,black,hisp,0-4,0.0,synthetic_seed
UT,2023,black,hisp,5-9,0.0,synthetic_seed
UT,2023,black,hisp,10-14,0.0,synthetic_seed
UT,2023,black,hisp,15-19,0.01725,synthetic_seed
UT,2023,black,hisp,20-24,0.07475,synthetic_seed
UT,2023,black,hisp,25-29,0.115,synthetic_seed
UT,2023,black,hisp,30-34,0.115,synthetic_seed
UT,2023,black,hisp,35-39,0.0575,synthetic_seed
UT,2023,black,hisp,40-44,0.0138,synthetic_seed
UT,2023,black,hisp,45-49,0.00115,synthetic_seed
UT,2023,black,hisp,50-54,0.0,synthetic_seed
UT,2023,black,hisp,55-59,0.0,synthetic_seed
UT,2023,black,hisp,60-64,0.0,synthetic_seed
UT,2023,black,hisp,65-69,0.0,synthetic_seed
UT,2023,black,hisp,70-74,0.0,synthetic_seed
UT,2023,black,hisp,75-79,0.0,synthetic_seed
UT,2023,black,hisp,80-84,0.0,synthetic_seed
UT,2023,black,hisp,85+,0.0,synthetic_seed
UT,2023,asian,non-hisp,0-4,0.0,synthetic_seed
UT,2023,asian,non-hisp,5-9,0.0,synthetic_seed
UT,2023,asian,non-hisp,10-14,0.0,synthetic_seed
UT,2023,asian,non-hisp,15-19,0.015,synthetic_seed
UT,2023,asian,non-hisp,20-24,0.065,synthetic_seed
UT,2023,asian,non-hisp,25-29,0.1,synthetic_seed
UT,2023,asian,non-hisp,30-34,0.1,synthetic_seed
UT,2023,asian,non-hisp,35-39,0.05,synthetic_seed
UT,2023,asian,non-hisp,40-44,0.012,synthetic_seed
UT,2023,asian,non-hisp,45-49,0.001,synthetic_seed
UT,2023,asian,non-hisp,50-54,0.0,synthetic_seed
UT,2023,asian,non-hisp,55-59,0.0,synthetic_seed
UT,2023,asian,non-hisp,60-64,0.0,synthetic_seed
UT,2023,asian,non-hisp,65-69,0.0,synthetic_seed
UT,2023,asian,non-hisp,70-74,0.0,synthetic_seed
UT,2023,asian,non-hisp,75-79,0.0,synthetic_seed
UT,2023,asian,non-hisp,80-84,0.0,synthetic_seed
UT,2023,asian,non-hisp,85+,0.0,synthetic_seed
UT,2023,asian,hisp,0-4,0.0,synthetic_seed
UT,2023,asian,hisp,5-9,0.0,synthetic_seed
UT,2023,asian,hisp,10-14,0.0,synthetic_seed
UT,2023,asian,hisp,15-19,0.01725,synthetic_seed
UT,2023,asian,hisp,20-24,0.07475,synthetic_seed
UT,2023,asian,hisp,25-29,0.115,synthetic_seed
UT,2023,asian,hisp,30-34,0.115,synthetic_seed
UT,2023,asian,hisp,35-39,0.0575,synthetic_seed
UT,2023,asian,hisp,40-44,0.0138,synthetic_seed
UT,2023,asian,hisp,45-49,0.00115,synthetic_seed
UT,2023,asian,hisp,50-54,0.0,synthetic_seed
UT,2023,asian,hisp,55-59,0.0,synthetic_seed
UT,2023,asian,hisp,60-64,0.0,synthetic_seed
UT,2023,asian,hisp,65-69,0.0,synthetic_seed
UT,2023,asian,hisp,70-74,0.0,synthetic_seed
UT,2023,asian,hisp,75-79,0.0,synthetic_seed
UT,2023,asian,hisp,80-84,0.0,synthetic_seed
UT,2023,asian,hisp,85+,0.0,synthetic_seed
UT,2023,other,non-hisp,0-4,0.0,synthetic_seed
UT,2023,other,non-hisp,5-9,0.0,synthetic_seed
UT,2023,other,non-hisp,10-14,0.0,synthetic_seed
UT,2023,other,non-hisp,15-19,0.0162,synthetic_seed
UT,2023,other,non-hisp,20-24,0.0702,synthetic_seed
UT,2023,other,non-hisp,25-29,0.108,synthetic_seed
UT,2023,other,non-hisp,30-34,0.108,synthetic_seed
UT,2023,other,non-hisp,35-39,0.054,synthetic_seed
UT,2023,other,non-hisp,40-44,0.01296,synthetic_seed
UT,2023,other,non-hisp,45-49,0.00108,synthetic_seed
UT,2023,other,non-hisp,50-54,0.0,synthetic_seed
UT,2023,other,non-hisp,55-59,0.0,synthetic_seed
UT,2023,other,non-hisp,60-64,0.0,synthetic_seed
UT,2023,other,non-hisp,65-69,0.0,synthetic_seed
UT,2023,other,non-hisp,70-74,0.0,synthetic_seed
UT,2023,other,non-hisp,75-79,0.0,synthetic_seed
UT,2023,other,non-hisp,80-84,0.0,synthetic_seed
UT,2023,other,non-hisp,85+,0.0,synthetic_seed
UT,2023,other,hisp,0-4,0.0,synthetic_seed
UT,2023,other,hisp,5-9,0.0,synthetic_seed
UT,2023,other,hisp,10-14,0.0,synthetic_seed
UT,2023,other,hisp,15-19,0.01725,synthetic_seed
UT,2023,other,hisp,20-24,0.07475,synthetic_seed
UT,2023,other,hisp,25-29,0.115,synthetic_seed
UT,2023,other,hisp,30-34,0.115,synthetic_seed
UT,2023,other,hisp,35-39,0.0575,synthetic_seed
UT,2023,other,hisp,40-44,0.0138,synthetic_seed
UT,2023,other,hisp,45-49,0.00115,synthetic_seed
UT,2023,other,hisp,50-54,0.0,synthetic_seed
UT,2023,other,hisp,55-59,0.0,synthetic_seed
UT,2023,other,hisp,60-64,0.0,synthetic_seed
UT,2023,other,hisp,65-69,0.0,synthetic_seed
UT,2023,other,hisp,70-74,0.0,synthetic_seed
UT,2023,other,hisp,75-79,0.0,synthetic_seed
UT,2023,other,hisp,80-84,0.0,synthetic_seed
UT,2023,other,hisp,85+,0.0,synthetic_seed
VT,2023,white,non-hisp,0-4,0.0,synthetic_seed
VT,2023,white,non-hisp,5-9,0.0,synthetic_seed
VT,2023,white,non-hisp,10-14,0.0,synthetic_seed
VT,2023,white,non-hisp,15-19,0.0138,synthetic_seed
VT,2023,white,non-hisp,20-24,0.0598,synthetic_seed
VT,2023,white,non-hisp,25-29,0.092,synthetic_seed
VT,2023,white,non-hisp,30-34,0.092,synthetic_seed
VT,2023,white,non-hisp,35-39,0.046,synthetic_seed
VT,2023,white,non-hisp,40-44,0.01104,synthetic_seed
VT,2023,white,non-hisp,45-49,0.00092,synthetic_seed
VT,2023,white,non-hisp,50-54,0.0,synthetic_seed
VT,2023,white,non-hisp,55-59,0.0,synthetic_seed
VT,2023,white,non-hisp,60-64,0.0,synthetic_seed
VT,2023,white,non-hisp,65-69,0.0,synthetic_seed
VT,2023,white,non-hisp,70-74,0.0,synthetic_seed
VT,2023,white,non-hisp,75-79,0.0,synthetic_seed
VT,2023,white,non-hisp,80-84,0.0,synthetic_seed
VT,2023,white,non-hisp,85+,0.0,synthetic_seed
VT,2023,white,hisp,0-4,0.0,synthetic_seed
VT,2023,white,hisp,5-9,0.0,synthetic_seed
VT,2023,white,hisp,10-14,0.0,synthetic_seed
VT,2023,white,hisp,15-19,0.01587,synthetic_seed
VT,2023,white,hisp,20-24,0.06877,synthetic_seed
VT,2023,white,hisp,25-29,0.1058,synthetic_seed
VT,2023,white,hisp,30-34,0.1058,synthetic_seed
VT,2023,white,hisp,35-39,0.0529,synthetic_seed
VT,2023,white,hisp,40-44,0.012696,synthetic_seed
VT,2023,white,hisp,45-49,0.001058,synthetic_seed
VT,2023,white,hisp,50-54,0.0,synthetic_seed
VT,2023,white,hisp,55-59,0.0,synthetic_seed
VT,2023,white,hisp,60-64,0.0,synthetic_seed
VT,2023,white,hisp,65-69,0.0,synthetic_seed
VT,2023,white,hisp,70-74,0.0,synthetic_seed
VT,2023,white,hisp,75-79,0.0,synthetic_seed
VT,2023,white,hisp,80-84,0.0,synthetic_seed
VT,2023,white,hisp,85+,0.0,synthetic_seed
VT,2023,black,non-hisp,0-4,0.0,synthetic_seed
VT,2023,black,non-hisp,5-9,0.0,synthetic_seed
VT,2023,black,non-hisp,10-14,0.0,synthetic_seed
VT,2023,black,non-hisp,15-19,0.0138,synthetic_seed
VT,2023,black,non-hisp,20-24,0.0598,synthetic_seed
VT,2023,black,non-hisp,25-29,0.092,synthetic_seed
VT,2023,black,non-hisp,30-34,0.092,synthetic_seed
VT,2023,black,non-hisp,35-39,0.046,synthetic_seed
VT,2023,black,non-hisp,40-44,0.01104,synthetic_seed
VT,2023,black,non-hisp,45-49,0.00092,synthetic_seed
VT,2023,black,non-hisp,50-54,0.0,synthetic_seed
VT,2023,black,non-hisp,55-59,0.0,synthetic_seed
VT,2023,black,non-hisp,60-64,0.0,synthetic_seed
VT,2023,black,non-hisp,65-69,0.0,synthetic_seed
VT,2023,black,non-hisp,70-74,0.0,synthetic_seed
VT,2023,black,non-hisp,75-79,0.0,synthetic_seed
VT,2023,black,non-hisp,80-84,0.0,synthetic_seed
VT,2023,black,non-hisp,85+,0.0,synthetic_seed
VT,2023,black,hisp,0-4,0.0,synthetic_seed
VT,2023,black,hisp,5-9,0.0,synthetic_seed
VT,2023,black,hisp,10-14,0.0,synthetic_seed
VT,2023,black,hisp,15-19,0.01587,synthetic_seed
VT,2023,black,hisp,20-24,0.06877,synthetic_seed
VT,2023,black,hisp,25-29,0.1058,synthetic_seed
VT,2023,black,hisp,30-34,0.1058,synthetic_seed
VT,2023,black,hisp,35-39,0.0529,synthetic_seed
VT,2023,black,hisp,40-44,0.012696,synthetic_seed
VT,2023,black,hisp,45-49,0.001058,synthetic_seed
VT,2023,black,hisp,50-54,0.0,synthetic_seed
VT,2023,black,hisp,55-59,0.0,synthetic_seed
VT,2023,black,hisp,60-64,0.0,synthetic_seed
VT,2023,black,hisp,65-69,0.0,synthetic_seed
VT,2023,black,hisp,70-74,0.0,synthetic_seed
VT,2023,black,hisp,75-79,0.0,synthetic_seed
VT,2023,black,hisp,80-84,0.0,synthetic_seed
VT,2023,black,hisp,85+,0.0,synthetic_seed
VT,2023,asian,non-hisp,0-4,0.0,synthetic_seed
VT,2023,asian,non-hisp,5-9,0.0,synthetic_seed
VT,2023,asian,non-hisp,10-14,0.0,synthetic_seed
VT,2023,asian,non-hisp,15-19,0.0138,synthetic_seed
VT,2023,asian,non-hisp,20-24,0.0598,synthetic_seed
VT,2023,asian,non-hisp,25-29,0.092,synthetic_seed
VT,2023,asian,non-hisp,30-34,0.092,synthetic_seed
VT,2023,asian,non-hisp,35-39,0.046,synthetic_seed
VT,2023,asian,non-hisp,40-44,0.01104,synthetic_seed
VT,2023,asian,non-hisp,45-49,0.00092,synthetic_seed
VT,2023,asian,non-hisp,50-54,0.0,synthetic_seed
VT,2023,asian,non-hisp,55-59,0.0,synthetic_seed
VT,2023,asian,non-hisp,60-64,0.0,synthetic_seed
VT,2023,asian,non-hisp,65-69,0.0,synthetic_seed
VT,2023,asian,non-hisp,70-74,0.0,synthetic_seed
VT,2023,asian,non-hisp,75-79,0.0,synthetic_seed
VT,2023,asian,non-hisp,80-84,0.0,synthetic_seed
VT,2023,asian,non-hisp,85+,0.0,synthetic_seed
VT,2023,asian,hisp,0-4,0.0,synthetic_seed
VT,2023,asian,hisp,5-9,0.0,synthetic_seed
VT,2023,asian,hisp,10-14,0.0,synthetic_seed
VT,2023,asian,hisp,15-19,0.01587,synthetic_seed
VT,2023,asian,hisp,20-24,0.06877,synthetic_seed
VT,2023,asian,hisp,25-29,0.1058,synthetic_seed
VT,2023,asian,hisp,30-34,0.1058,synthetic_seed
VT,2023,asian,hisp,35-39,0.0529,synthetic_seed
VT,2023,asian,hisp,40-44,0.012696,synthetic_seed
VT,2023,asian,hisp,45-49,0.001058,synthetic_seed
VT,2023,asian,hisp,50-54,0.0,synthetic_seed
VT,2023,asian,hisp,55-59,0.0,synthetic_seed
VT,2023,asian,hisp,60-64,0.0,synthetic_seed
VT,2023,asian,hisp,65-69,0.0,synthetic_seed
VT,2023,asian,hisp,70-74,0.0,synthetic_seed
VT,2023,asian,hisp,75-79,0.0,synthetic_seed
VT,2023,asian,hisp,80-84,0.0,synthetic_seed
VT,2023,asian,hisp,85+,0.0,synthetic_seed
VT,2023,other,non-hisp,0-4,0.0,synthetic_seed
VT,2023,other,non-hisp,5-9,0.0,synthetic_seed
VT,2023,other,non-hisp,10-14,0.0,synthetic_seed
VT,2023,other,non-hisp,15-19,0.014904,synthetic_seed
VT,2023,other,non-hisp,20-24,0.064584,synthetic_seed
VT,2023,other,non-hisp,25-29,0.09936,synthetic_seed
VT,2023,other,non-hisp,30-34,0.09936,synthetic_seed
VT,2023,other,non-hisp,35-39,0.04968,synthetic_seed
VT,2023,other,non-hisp,40-44,0.011923,synthetic_seed
VT,2023,other,non-hisp,45-49,0.000994,synthetic_seed
VT,2023,other,non-hisp,50-54,0.0,synthetic_seed
VT,2023,other,non-hisp,55-59,0.0,synthetic_seed
VT,2023,other,non-hisp,60-64,0.0,synthetic_seed
VT,2023,other,non-hisp,65-69,0.0,synthetic_seed
VT,2023,other,non-hisp,70-74,0.0,synthetic_seed
VT,2023,other,non-hisp,75-79,0.0,synthetic_seed
VT,2023,other,non-hisp,80-84,0.0,synthetic_seed
VT,2023,other,non-hisp,85+,0.0,synthetic_seed
VT,2023,other,hisp,0-4,0.0,synthetic_seed
VT,2023,other,hisp,5-9,0.0,synthetic_seed
VT,2023,other,hisp,10-14,0.0,synthetic_seed
VT,2023,other,hisp,15-19,0.01587,synthetic_seed
VT,2023,other,hisp,20-24,0.06877,synthetic_seed
VT,2023,other,hisp,25-29,0.1058,synthetic_seed
VT,2023,other,hisp,30-34,0.1058,synthetic_seed
VT,2023,other,hisp,35-39,0.0529,synthetic_seed
VT,2023,other,hisp,40-44,0.012696,synthetic_seed
VT,2023,other,hisp,45-49,0.001058,synthetic_seed
VT,2023,other,hisp,50-54,0.0,synthetic_seed
VT,2023,other,hisp,55-59,0.0,synthetic_seed
VT,2023,other,hisp,60-64,0.0,synthetic_seed
VT,2023,other,hisp,65-69,0.0,synthetic_seed
VT,2023,other,hisp,70-74,0.0,synthetic_seed
VT,2023,other,hisp,75-79,0.0,synthetic_seed
VT,2023,other,hisp,80-84,0.0,synthetic_seed
VT,2023,other,hisp,85+,0.0,synthetic_seed
VA,2023,white,non-hisp,0-4,0.0,synthetic_seed
VA,2023,white,non-hisp,5-9,0.0,synthetic_seed
VA,2023,white,non-hisp,10-14,0.0,synthetic_seed
VA,2023,white,non-hisp,15-19,0.01575,synthetic_seed
VA,2023,white,non-hisp,20-24,0.06825,synthetic_seed
VA,2023,white,non-hisp,25-29,0.105,synthetic_seed
VA,2023,white,non-hisp,30-34,0.105,synthetic_seed
VA,2023,white,non-hisp,35-39,0.0525,synthetic_seed
VA,2023,white,non-hisp,40-44,0.0126,synthetic_seed
VA,2023,white,non-hisp,45-49,0.00105,synthetic_seed
VA,2023,white,non-hisp,50-54,0.0,synthetic_seed
VA,2023,white,non-hisp,55-59,0.0,synthetic_seed
VA,2023,white,non-hisp,60-64,0.0,synthetic_seed
VA,2023,white,non-hisp,65-69,0.0,synthetic_seed
VA,2023,white,non-hisp,70-74,0.0,synthetic_seed
VA,2023,white,non-hisp,75-79,0.0,synthetic_seed
VA,2023,white,non-hisp,80-84,0.0,synthetic_seed
VA,2023,white,non-hisp,85+,0.0,synthetic_seed
VA,2023,white,hisp,0-4,0.0,synthetic_seed
VA,2023,white,hisp,5-9,0.0,synthetic_seed
VA,2023,white,hisp,10-14,0.0,synthetic_seed
VA,2023,white,hisp,15-19,0.018113,synthetic_seed
VA,2023,white,hisp,20-24,0.078488,synthetic_seed
VA,2023,white,hisp,25-29,0.12075,synthetic_seed
VA,2023,white,hisp,30-34,0.12075,synthetic_seed
VA,2023,white,hisp,35-39,0.060375,synthetic_seed
VA,2023,white,hisp,40-44,0.01449,synthetic_seed
VA,2023,white,hisp,45-49,0.001208,synthetic_seed
VA,2023,white,hisp,50-54,0.0,synthetic_seed
VA,2023,white,hisp,55-59,0.0,synthetic_seed
VA,2023,white,hisp,60-64,0.0,synthetic_seed
VA,2023,white,hisp,65-69,0.0,synthetic_seed
VA,2023,white,hisp,70-74,0.0,synthetic_seed
VA,2023,white,hisp,75-79,0.0,synthetic_seed
VA,2023,white,hisp,80-84,0.0,synthetic_seed
VA,2023,white,hisp,85+,0.0,synthetic_seed
VA,2023,black,non-hisp,0-4,0.0,synthetic_seed
VA,2023,black,non-hisp,5-9,0.0,synthetic_seed
VA,2023,black,non-hisp,10-14,0.0,synthetic_seed
VA,2023,black,non-hisp,15-19,0.01575,synthetic_seed
VA,2023,black,non-hisp,20-24,0.06825,synthetic_seed
VA,2023,black,non-hisp,25-29,0.105,synthetic_seed
VA,2023,black,non-hisp,30-34,0.105,synthetic_seed
VA,2023,black,non-hisp,35-39,0.0525,synthetic_seed
VA,2023,black,non-hisp,40-44,0.0126,synthetic_seed
VA,2023,black,non-hisp,45-49,0.00105,synthetic_seed
VA,2023,black,non-hisp,50-54,0.0,synthetic_seed
VA,2023,black,non-hisp,55-59,0.0,synthetic_seed
VA,2023,black,non-hisp,60-64,0.0,synthetic_seed
VA,2023,black,non-hisp,65-69,0.0,synthetic_seed
VA,2023,black,non-hisp,70-74,0.0,synthetic_seed
VA,2023,black,non-hisp,75-79,0.0,synthetic_seed
VA,2023,black,non-hisp,80-84,0.0,synthetic_seed
VA,2023,black,non-hisp,85+,0.0,synthetic_seed
VA,2023,black,hisp,0-4,0.0,synthetic_seed
VA,2023,black,hisp,5-9,0.0,synthetic_seed
VA,2023,black,hisp,10-14,0.0,synthetic_seed
VA,2023,black,hisp,15-19,0.018113,synthetic_seed
VA,2023,black,hisp,20-24,0.078488,synthetic_seed
VA,2023,black,hisp,25-29,0.12075,synthetic_seed
VA,2023,black,hisp,30-34,0.12075,synthetic_seed
VA,2023,black,hisp,35-39,0.060375,synthetic_seed
VA,2023,black,hisp,40-44,0.01449,synthetic_seed
VA,2023,black,hisp,45-49,0.001208,synthetic_seed
VA,2023,black,hisp,50-54,0.0,synthetic_seed
VA,2023,black,hisp,55-59,0.0,synthetic_seed
VA,2023,black,hisp,60-64,0.0,synthetic_seed
VA,2023,black,hisp,65-69,0.0,synthetic_seed
VA,2023,black,hisp,70-74,0.0,synthetic_seed
VA,2023,black,hisp,75-79,0.0,synthetic_seed
VA,2023,black,hisp,80-84,0.0,synthetic_seed
VA,2023,black,hisp,85+,0.0,synthetic_seed
VA,2023,asian,non-hisp,0-4,0.0,synthetic_seed
VA,2023,asian,non-hisp,5-9,0.0,synthetic_seed
VA,2023,asian,non-hisp,10-14,0.0,synthetic_seed
VA,2023,asian,non-hisp,15-19,0.01575,synthetic_seed
VA,2023,asian,non-hisp,20-24,0.06825,synthetic_seed
VA,2023,asian,non-hisp,25-29,0.105,synthetic_seed
VA,2023,asian,non-hisp,30-34,0.105,synthetic_seed
VA,2023,asian,non-hisp,35-39,0.0525,synthetic_seed
VA,2023,asian,non-hisp,40-44,0.0126,synthetic_seed
VA,2023,asian,non-hisp,45-49,0.00105,synthetic_seed
VA,2023,asian,non-hisp,50-54,0.0,synthetic_seed
VA,2023,asian,non-hisp,55-59,0.0,synthetic_seed
VA,2023,asian,non-hisp,60-64,0.0,synthetic_seed
VA,2023,asian,non-hisp,65-69,0.0,synthetic_seed
VA,2023,asian,non-hisp,70-74,0.0,synthetic_seed
VA,2023,asian,non-hisp,75-79,0.0,synthetic_seed
VA,2023,asian,non-hisp,80-84,0.0,synthetic_seed
VA,2023,asian,non-hisp,85+,0.0,synthetic_seed
VA,2023,asian,hisp,0-4,0.0,synthetic_seed
VA,2023,asian,hisp,5-9,0.0,synthetic_seed
VA,2023,asian,hisp,10-14,0.0,synthetic_seed
VA,2023,asian,hisp,15-19,0.018113,synthetic_seed
VA,2023,asian,hisp,20-24,0.078488,synthetic_seed
VA,2023,asian,hisp,25-29,0.12075,synthetic_seed
VA,2023,asian,hisp,30-34,0.12075,synthetic_seed
VA,2023,asian,hisp,35-39,0.060375,synthetic_seed
VA,2023,asian,hisp,40-44,0.01449,synthetic_seed
VA,2023,asian,hisp,45-49,0.001208,synthetic_seed
VA,2023,asian,hisp,50-54,0.0,synthetic_seed
VA,2023,asian,hisp,55-59,0.0,synthetic_seed
VA,2023,asian,hisp,60-64,0.0,synthetic_seed
VA,2023,asian,hisp,65-69,0.0,synthetic_seed
VA,2023,asian,hisp,70-74,0.0,synthetic_seed
VA,2023,asian,hisp,75-79,0.0,synthetic_seed
VA,2023,asian,hisp,80-84,0.0,synthetic_seed
VA,2023,asian,hisp,85+,0.0,synthetic_seed
VA,2023,other,non-hisp,0-4,0.0,synthetic_seed
VA,2023,other,non-hisp,5-9,0.0,synthetic_seed
VA,2023,other,non-hisp,10-14,0.0,synthetic_seed
VA,2023,other,non-hisp,15-19,0.01701,synthetic_seed
VA,2023,other,non-hisp,20-24,0.07371,synthetic_seed
VA,2023,other,non-hisp,25-29,0.1134,synthetic_seed
VA,2023,other,non-hisp,30-34,0.1134,synthetic_seed
VA,2023,other,non-hisp,35-39,0.0567,synthetic_seed
VA,2023,other,non-hisp,40-44,0.013608,synthetic_seed
VA,2023,other,non-hisp,45-49,0.001134,synthetic_seed
VA,2023,other,non-hisp,50-54,0.0,synthetic_seed
VA,2023,other,non-hisp,55-59,0.0,synthetic_seed
VA,2023,other,non-hisp,60-64,0.0,synthetic_seed
VA,2023,other,non-hisp,65-69,0.0,synthetic_seed
VA,2023,other,non-hisp,70-74,0.0,synthetic_seed
VA,2023,other,non-hisp,75-79,0.0,synthetic_seed
VA,2023,other,non-hisp,80-84,0.0,synthetic_seed
VA,2023,other,non-hisp,85+,0.0,synthetic_seed
VA,2023,other,hisp,0-4,0.0,synthetic_seed
VA,2023,other,hisp,5-9,0.0,synthetic_seed
VA,2023,other,hisp,10-14,0.0,synthetic_seed
VA,2023,other,hisp,15-19,0.018113,synthetic_seed
VA,2023,other,hisp,20-24,0.078488,synthetic_seed
VA,2023,other,hisp,25-29,0.12075,synthetic_seed
VA,2023,other,hisp,30-34,0.12075,synthetic_seed
VA,2023,other,hisp,35-39,0.060375,synthetic_seed
VA,2023,other,hisp,40-44,0.01449,synthetic_seed
VA,2023,other,hisp,45-49,0.001208,synthetic_seed
VA,2023,other,hisp,50-54,0.0,synthetic_seed
VA,2023,other,hisp,55-59,0.0,synthetic_seed
VA,2023,other,hisp,60-64,0.0,synthetic_seed
VA,2023,other,hisp,65-69,0.0,synthetic_seed
VA,2023,other,hisp,70-74,0.0,synthetic_seed
VA,2023,other,hisp,75-79,0.0,synthetic_seed
VA,2023,other,hisp,80-84,0.0,synthetic_seed
VA,2023,other,hisp,85+,0.0,synthetic_seed
WA,2023,white,non-hisp,0-4,0.0,synthetic_seed
WA,2023,white,non-hisp,5-9,0.0,synthetic_seed
WA,2023,white,non-hisp,10-14,0.0,synthetic_seed
WA,2023,white,non-hisp,15-19,0.015,synthetic_seed
WA,2023,white,non-hisp,20-24,0.065,synthetic_seed
WA,2023,white,non-hisp,25-29,0.1,synthetic_seed
WA,2023,white,non-hisp,30-34,0.1,synthetic_seed
WA,2023,white,non-hisp,35-39,0.05,synthetic_seed
WA,2023,white,non-hisp,40-44,0.012,synthetic_seed
WA,2023,white,non-hisp,45-49,0.001,synthetic_seed
WA,2023,white,non-hisp,50-54,0.0,synthetic_seed
WA,2023,white,non-hisp,55-59,0.0,synthetic_seed
WA,2023,white,non-hisp,60-64,0.0,synthetic_seed
WA,2023,white,non-hisp,65-69,0.0,synthetic_seed
WA,2023,white,non-hisp,70-74,0.0,synthetic_seed
WA,2023,white,non-hisp,75-79,0.0,synthetic_seed
WA,2023,white,non-hisp,80-84,0.0,synthetic_seed
WA,2023,white,non-hisp,85+,0.0,synthetic_seed
WA,2023,white,hisp,0-4,0.0,synthetic_seed
WA,2023,white,hisp,5-9,0.0,synthetic_seed
WA,2023,white,hisp,10-14,0.0,synthetic_seed
WA,2023,white,hisp,15-19,0.01725,synthetic_seed
WA,2023,white,hisp,20-24,0.07475,synthetic_seed
WA,2023,white,hisp,25-29,0.115,synthetic_seed
WA,2023,white,hisp,30-34,0.115,synthetic_seed
WA,2023,white,hisp,35-39,0.0575,synthetic_seed
WA,2023,white,hisp,40-44,0.0138,synthetic_seed
WA,2023,white,hisp,45-49,0.00115,synthetic_seed
WA,2023,white,hisp,50-54,0.0,synthetic_seed
WA,2023,white,hisp,55-59,0.0,synthetic_seed
WA,2023,white,hisp,60-64,0.0,synthetic_seed
WA,2023,white,hisp,65-69,0.0,synthetic_seed
WA,2023,white,hisp,70-74,0.0,synthetic_seed
WA,2023,white,hisp,75-79,0.0,synthetic_seed
WA,2023,white,hisp,80-84,0.0,synthetic_seed
WA,2023,white,hisp,85+,0.0,synthetic_seed
WA,2023,black,non-hisp,0-4,0.0,synthetic_seed
WA,2023,black,non-hisp,5-9,0.0,synthetic_seed
WA,2023,black,non-hisp,10-14,0.0,synthetic_seed
WA,2023,black,non-hisp,15-19,0.015,synthetic_seed
WA,2023,black,non-hisp,20-24,0.065,synthetic_seed
WA,2023,black,non-hisp,25-29,0.1,synthetic_seed
WA,2023,black,non-hisp,30-34,0.1,synthetic_seed
WA,2023,black,non-hisp,35-39,0.05,synthetic_seed
WA,2023,black,non-hisp,40-44,0.012,synthetic_seed
WA,2023,black,non-hisp,45-49,0.001,synthetic_seed
WA,2023,black,non-hisp,50-54,0.0,synthetic_seed
WA,2023,black,non-hisp,55-59,0.0,synthetic_seed
WA,2023,black,non-hisp,60-64,0.0,synthetic_seed
WA,2023,black,non-hisp,65-69,0.0,synthetic_seed
WA,2023,black,non-hisp,70-74,0.0,synthetic_seed
WA,2023,black,non-hisp,75-79,0.0,synthetic_seed
WA,2023,black,non-hisp,80-84,0.0,synthetic_seed
WA,2023,black,non-hisp,85+,0.0,synthetic_seed
WA,2023,black,hisp,0-4,0.0,synthetic_seed
WA,2023,black,hisp,5-9,0.0,synthetic_seed
WA,2023,black,hisp,10-14,0.0,synthetic_seed
WA,2023,black,hisp,15-19,0.01725,synthetic_seed
WA,2023,black,hisp,20-24,0.07475,synthetic_seed
WA,2023,black,hisp,25-29,0.115,synthetic_seed
WA,2023,black,hisp,30-34,0.115,synthetic_seed
WA,2023,black,hisp,35-39,0.0575,synthetic_seed
WA,2023,black,hisp,40-44,0.0138,synthetic_seed
WA,2023,black,hisp,45-49,0.00115,synthetic_seed
WA,2023,black,hisp,50-54,0.0,synthetic_seed
WA,2023,black,hisp,55-59,0.0,synthetic_seed
WA,2023,black,hisp,60-64,0.0,synthetic_seed
WA,2023,black,hisp,65-69,0.0,synthetic_seed
WA,2023,black,hisp,70-74,0.0,synthetic_seed
WA,2023,black,hisp,75-79,0.0,synthetic_seed
WA,2023,black,hisp,80-84,0.0,synthetic_seed
WA,2023,black,hisp,85+,0.0,synthetic_seed
WA,2023,asian,non-hisp,0-4,0.0,synthetic_seed
WA,2023,asian,non-hisp,5-9,0.0,synthetic_seed
WA,2023,asian,non-hisp,10-14,0.0,synthetic_seed
WA,2023,asian,non-hisp,15-19,0.015,synthetic_seed
WA,2023,asian,non-hisp,20-24,0.065,synthetic_seed
WA,2023,asian,non-hisp,25-29,0.1,synthetic_seed
WA,2023,asian,non-hisp,30-34,0.1,synthetic_seed
WA,2023,asian,non-hisp,35-39,0.05,synthetic_seed
WA,2023,asian,non-hisp,40-44,0.012,synthetic_seed
WA,2023,asian,non-hisp,45-49,0.001,synthetic_seed
WA,2023,asian,non-hisp,50-54,0.0,synthetic_seed
WA,2023,asian,non-hisp,55-59,0.0,synthetic_seed
WA,2023,asian,non-hisp,60-64,0.0,synthetic_seed
WA,2023,asian,non-hisp,65-69,0.0,synthetic_seed
WA,2023,asian,non-hisp,70-74,0.0,synthetic_seed
WA,2023,asian,non-hisp,75-79,0.0,synthetic_seed
WA,2023,asian,non-hisp,80-84,0.0,synthetic_seed
WA,2023,asian,non-hisp,85+,0.0,synthetic_seed
WA,2023,asian,hisp,0-4,0.0,synthetic_seed
WA,2023,asian,hisp,5-9,0.0,synthetic_seed
WA,2023,asian,hisp,10-14,0.0,synthetic_seed
WA,2023,asian,hisp,15-19,0.01725,synthetic_seed
WA,2023,asian,hisp,20-24,0.07475,synthetic_seed
WA,2023,asian,hisp,25-29,0.115,synthetic_seed
WA,2023,asian,hisp,30-34,0.115,synthetic_seed
WA,2023,asian,hisp,35-39,0.0575,synthetic_seed
WA,2023,asian,hisp,40-44,0.0138,synthetic_seed
WA,2023,asian,hisp,45-49,0.00115,synthetic_seed
WA,2023,asian,hisp,50-54,0.0,synthetic_seed
WA,2023,asian,hisp,55-59,0.0,synthetic_seed
WA,2023,asian,hisp,60-64,0.0,synthetic_seed
WA,2023,asian,hisp,65-69,0.0,synthetic_seed
WA,2023,asian,hisp,70-74,0.0,synthetic_seed
WA,2023,asian,hisp,75-79,0.0,synthetic_seed
WA,2023,asian,hisp,80-84,0.0,synthetic_seed
WA,2023,asian,hisp,85+,0.0,synthetic_seed
WA,2023,other,non-hisp,0-4,0.0,synthetic_seed
WA,2023,other,non-hisp,5-9,0.0,synthetic_seed
WA,2023,other,non-hisp,10-14,0.0,synthetic_seed
WA,2023,other,non-hisp,15-19,0.0162,synthetic_seed
WA,2023,other,non-hisp,20-24,0.0702,synthetic_seed
WA,2023,other,non-hisp,25-29,0.108,synthetic_seed
WA,2023,other,non-hisp,30-34,0.108,synthetic_seed
WA,2023,other,non-hisp,35-39,0.054,synthetic_seed
WA,2023,other,non-hisp,40-44,0.01296,synthetic_seed
WA,2023,other,non-hisp,45-49,0.00108,synthetic_seed
WA,2023,other,non-hisp,50-54,0.0,synthetic_seed
WA,2023,other,non-hisp,55-59,0.0,synthetic_seed
WA,2023,other,non-hisp,60-64,0.0,synthetic_seed
WA,2023,other,non-hisp,65-69,0.0,synthetic_seed
WA,2023,other,non-hisp,70-74,0.0,synthetic_seed
WA,2023,other,non-hisp,75-79,0.0,synthetic_seed
WA,2023,other,non-hisp,80-84,0.0,synthetic_seed
WA,2023,other,non-hisp,85+,0.0,synthetic_seed
WA,2023,other,hisp,0-4,0.0,synthetic_seed
WA,2023,other,hisp,5-9,0.0,synthetic_seed
WA,2023,other,hisp,10-14,0.0,synthetic_seed
WA,2023,other,hisp,15-19,0.01725,synthetic_seed
WA,2023,other,hisp,20-24,0.07475,synthetic_seed
WA,2023,other,hisp,25-29,0.115,synthetic_seed
WA,2023,other,hisp,30-34,0.115,synthetic_seed
WA,2023,other,hisp,35-39,0.0575,synthetic_seed
WA,2023,other,hisp,40-44,0.0138,synthetic_seed
WA,2023,other,hisp,45-49,0.00115,synthetic_seed
WA,2023,other,hisp,50-54,0.0,synthetic_seed
WA,2023,other,hisp,55-59,0.0,synthetic_seed
WA,2023,other,hisp,60-64,0.0,synthetic_seed
WA,2023,other,hisp,65-69,0.0,synthetic_seed
WA,2023,other,hisp,70-74,0.0,synthetic_seed
WA,2023,other,hisp,75-79,0.0,synthetic_seed
WA,2023,other,hisp,80-84,0.0,synthetic_seed
WA,2023,other,hisp,85+,0.0,synthetic_seed
WV,2023,white,non-hisp,0-4,0.0,synthetic_seed
WV,2023,white,non-hisp,5-9,0.0,synthetic_seed
WV,2023,white,non-hisp,10-14,0.0,synthetic_seed
WV,2023,white,non-hisp,15-19,0.01575,synthetic_seed
WV,2023,white,non-hisp,20-24,0.06825,synthetic_seed
WV,2023,white,non-hisp,25-29,0.105,synthetic_seed
WV,2023,white,non-hisp,30-34,0.105,synthetic_seed
WV,2023,white,non-hisp,35-39,0.0525,synthetic_seed
WV,2023,white,non-hisp,40-44,0.0126,synthetic_seed
WV,2023,white,non-hisp,45-49,0.00105,synthetic_seed
WV,2023,white,non-hisp,50-54,0.0,synthetic_seed
WV,2023,white,non-hisp,55-59,0.0,synthetic_seed
WV,2023,white,non-hisp,60-64,0.0,synthetic_seed
WV,2023,white,non-hisp,65-69,0.0,synthetic_seed
WV,2023,white,non-hisp,70-74,0.0,synthetic_seed
WV,2023,white,non-hisp,75-79,0.0,synthetic_seed
WV,2023,white,non-hisp,80-84,0.0,synthetic_seed
WV,2023,white,non-hisp,85+,0.0,synthetic_seed
WV,2023,white,hisp,0-4,0.0,synthetic_seed
WV,2023,white,hisp,5-9,0.0,synthetic_seed
WV,2023,white,hisp,10-14,0.0,synthetic_seed
WV,2023,white,hisp,15-19,0.018113,synthetic_seed
WV,2023,white,hisp,20-24,0.078488,synthetic_seed
WV,2023,white,hisp,25-29,0.12075,synthetic_seed
WV,2023,white,hisp,30-34,0.12075,synthetic_seed
WV,2023,white,hisp,35-39,0.060375,synthetic_seed
WV,2023,white,hisp,40-44,0.01449,synthetic_seed
WV,2023,white,hisp,45-49,0.001208,synthetic_seed
WV,2023,white,hisp,50-54,0.0,synthetic_seed
WV,2023,white,hisp,55-59,0.0,synthetic_seed
WV,2023,white,hisp,60-64,0.0,synthetic_seed
WV,2023,white,hisp,65-69,0.0,synthetic_seed
WV,2023,white,hisp,70-74,0.0,synthetic_seed
WV,2023,white,hisp,75-79,0.0,synthetic_seed
WV,2023,white,hisp,80-84,0.0,synthetic_seed
WV,2023,white,hisp,85+,0.0,synthetic_seed
WV,2023,black,non-hisp,0-4,0.0,synthetic_seed
WV,2023,black,non-hisp,5-9,0.0,synthetic_seed
WV,2023,black,non-hisp,10-14,0.0,synthetic_seed
WV,2023,black,non-hisp,15-19,0.01575,synthetic_seed
WV,2023,black,non-hisp,20-24,0.06825,synthetic_seed
WV,2023,black,non-hisp,25-29,0.105,synthetic_seed
WV,2023,black,non-hisp,30-34,0.105,synthetic_seed
WV,2023,black,non-hisp,35-39,0.0525,synthetic_seed
WV,2023,black,non-hisp,40-44,0.0126,synthetic_seed
WV,2023,black,non-hisp,45-49,0.00105,synthetic_seed
WV,2023,black,non-hisp,50-54,0.0,synthetic_seed
WV,2023,black,non-hisp,55-59,0.0,synthetic_seed
WV,2023,black,non-hisp,60-64,0.0,synthetic_seed
WV,2023,black,non-hisp,65-69,0.0,synthetic_seed
WV,2023,black,non-hisp,70-74,0.0,synthetic_seed
WV,2023,black,non-hisp,75-79,0.0,synthetic_seed
WV,2023,black,non-hisp,80-84,0.0,synthetic_seed
WV,2023,black,non-hisp,85+,0.0,synthetic_seed
WV,2023,black,hisp,0-4,0.0,synthetic_seed
WV,2023,black,hisp,5-9,0.0,synthetic_seed
WV,2023,black,hisp,10-14,0.0,synthetic_seed
WV,2023,black,hisp,15-19,0.018113,synthetic_seed
WV,2023,black,hisp,20-24,0.078488,synthetic_seed
WV,2023,black,hisp,25-29,0.12075,synthetic_seed
WV,2023,black,hisp,30-34,0.12075,synthetic_seed
WV,2023,black,hisp,35-39,0.060375,synthetic_seed
WV,2023,black,hisp,40-44,0.01449,synthetic_seed
WV,2023,black,hisp,45-49,0.001208,synthetic_seed
WV,2023,black,hisp,50-54,0.0,synthetic_seed
WV,2023,black,hisp,55-59,0.0,synthetic_seed
WV,2023,black,hisp,60-64,0.0,synthetic_seed
WV,2023,black,hisp,65-69,0.0,synthetic_seed
WV,2023,black,hisp,70-74,0.0,synthetic_seed
WV,2023,black,hisp,75-79,0.0,synthetic_seed
WV,2023,black,hisp,80-84,0.0,synthetic_seed
WV,2023,black,hisp,85+,0.0,synthetic_seed
WV,2023,asian,non-hisp,0-4,0.0,synthetic_seed
WV,2023,asian,non-hisp,5-9,0.0,synthetic_seed
WV,2023,asian,non-hisp,10-14,0.0,synthetic_seed
WV,2023,asian,non-hisp,15-19,0.01575,synthetic_seed
WV,2023,asian,non-hisp,20-24,0.06825,synthetic_seed
WV,2023,asian,non-hisp,25-29,0.105,synthetic_seed
WV,2023,asian,non-hisp,30-34,0.105,synthetic_seed
WV,2023,asian,non-hisp,35-39,0.0525,synthetic_seed
WV,2023,asian,non-hisp,40-44,0.0126,synthetic_seed
WV,2023,asian,non-hisp,45-49,0.00105,synthetic_seed
WV,2023,asian,non-hisp,50-54,0.0,synthetic_seed
WV,2023,asian,non-hisp,55-59,0.0,synthetic_seed
WV,2023,asian,non-hisp,60-64,0.0,synthetic_seed
WV,2023,asian,non-hisp,65-69,0.0,synthetic_seed
WV,2023,asian,non-hisp,70-74,0.0,synthetic_seed
WV,2023,asian,non-hisp,75-79,0.0,synthetic_seed
WV,2023,asian,non-hisp,80-84,0.0,synthetic_seed
WV,2023,asian,non-hisp,85+,0.0,synthetic_seed
WV,2023,asian,hisp,0-4,0.0,synthetic_seed
WV,2023,asian,hisp,5-9,0.0,synthetic_seed
WV,2023,asian,hisp,10-14,0.0,synthetic_seed
WV,2023,asian,hisp,15-19,0.018113,synthetic_seed
WV,2023,asian,hisp,20-24,0.078488,synthetic_seed
WV,2023,asian,hisp,25-29,0.12075,synthetic_seed
WV,2023,asian,hisp,30-34,0.12075,synthetic_seed
WV,2023,asian,hisp,35-39,0.060375,synthetic_seed
WV,2023,asian,hisp,40-44,0.01449,synthetic_seed
WV,2023,asian,hisp,45-49,0.001208,synthetic_seed
WV,2023,asian,hisp,50-54,0.0,synthetic_seed
WV,2023,asian,hisp,55-59,0.0,synthetic_seed
WV,2023,asian,hisp,60-64,0.0,synthetic_seed
WV,2023,asian,hisp,65-69,0.0,synthetic_seed
WV,2023,asian,hisp,70-74,0.0,synthetic_seed
WV,2023,asian,hisp,75-79,0.0,synthetic_seed
WV,2023,asian,hisp,80-84,0.0,synthetic_seed
WV,2023,asian,hisp,85+,0.0,synthetic_seed
WV,2023,other,non-hisp,0-4,0.0,synthetic_seed
WV,2023,other,non-hisp,5-9,0.0,synthetic_seed
WV,2023,other,non-hisp,10-14,0.0,synthetic_seed
WV,2023,other,non-hisp,15-19,0.01701,synthetic_seed
WV,2023,other,non-hisp,20-24,0.07371,synthetic_seed
WV,2023,other,non-hisp,25-29,0.1134,synthetic_seed
WV,2023,other,non-hisp,30-34,0.1134,synthetic_seed
WV,2023,other,non-hisp,35-39,0.0567,synthetic_seed
WV,2023,other,non-hisp,40-44,0.013608,synthetic_seed
WV,2023,other,non-hisp,45-49,0.001134,synthetic_seed
WV,2023,other,non-hisp,50-54,0.0,synthetic_seed
WV,2023,other,non-hisp,55-59,0.0,synthetic_seed
WV,2023,other,non-hisp,60-64,0.0,synthetic_seed
WV,2023,other,non-hisp,65-69,0.0,synthetic_seed
WV,2023,other,non-hisp,70-74,0.0,synthetic_seed
WV,2023,other,non-hisp,75-79,0.0,synthetic_seed
WV,2023,other,non-hisp,80-84,0.0,synthetic_seed
WV,2023,other,non-hisp,85+,0.0,synthetic_seed
WV,2023,other,hisp,0-4,0.0,synthetic_seed
WV,2023,other,hisp,5-9,0.0,synthetic_seed
WV,2023,other,hisp,10-14,0.0,synthetic_seed
WV,2023,other,hisp,15-19,0.018113,synthetic_seed
WV,2023,other,hisp,20-24,0.078488,synthetic_seed
WV,2023,other,hisp,25-29,0.12075,synthetic_seed
WV,2023,other,hisp,30-34,0.12075,synthetic_seed
WV,2023,other,hisp,35-39,0.060375,synthetic_seed
WV,2023,other,hisp,40-44,0.01449,synthetic_seed
WV,2023,other,hisp,45-49,0.001208,synthetic_seed
WV,2023,other,hisp,50-54,0.0,synthetic_seed
WV,2023,other,hisp,55-59,0.0,synthetic_seed
WV,2023,other,hisp,60-64,0.0,synthetic_seed
WV,2023,other,hisp,65-69,0.0,synthetic_seed
WV,2023,other,hisp,70-74,0.0,synthetic_seed
WV,2023,other,hisp,75-79,0.0,synthetic_seed
WV,2023,other,hisp,80-84,0.0,synthetic_seed
WV,2023,other,hisp,85+,0.0,synthetic_seed
WI,2023,white,non-hisp,0-4,0.0,synthetic_seed
WI,2023,white,non-hisp,5-9,0.0,synthetic_seed
WI,2023,white,non-hisp,10-14,0.0,synthetic_seed
WI,2023,white,non-hisp,15-19,0.0147,synthetic_seed
WI,2023,white,non-hisp,20-24,0.0637,synthetic_seed
WI,2023,white,non-hisp,25-29,0.098,synthetic_seed
WI,2023,white,non-hisp,30-34,0.098,synthetic_seed
WI,2023,white,non-hisp,35-39,0.049,synthetic_seed
WI,2023,white,non-hisp,40-44,0.01176,synthetic_seed
WI,2023,white,non-hisp,45-49,0.00098,synthetic_seed
WI,2023,white,non-hisp,50-54,0.0,synthetic_seed
WI,2023,white,non-hisp,55-59,0.0,synthetic_seed
WI,2023,white,non-hisp,60-64,0.0,synthetic_seed
WI,2023,white,non-hisp,65-69,0.0,synthetic_seed
WI,2023,white,non-hisp,70-74,0.0,synthetic_seed
WI,2023,white,non-hisp,75-79,0.0,synthetic_seed
WI,2023,white,non-hisp,80-84,0.0,synthetic_seed
WI,2023,white,non-hisp,85+,0.0,synthetic_seed
WI,2023,white,hisp,0-4,0.0,synthetic_seed
WI,2023,white,hisp,5-9,0.0,synthetic_seed
WI,2023,white,hisp,10-14,0.0,synthetic_seed
WI,2023,white,hisp,15-19,0.016905,synthetic_seed
WI,2023,white,hisp,20-24,0.073255,synthetic_seed
WI,2023,white,hisp,25-29,0.1127,synthetic_seed
WI,2023,white,hisp,30-34,0.1127,synthetic_seed
WI,2023,white,hisp,35-39,0.05635,synthetic_seed
WI,2023,white,hisp,40-44,0.013524,synthetic_seed
WI,2023,white,hisp,45-49,0.001127,synthetic_seed
WI,2023,white,hisp,50-54,0.0,synthetic_seed
WI,2023,white,hisp,55-59,0.0,synthetic_seed
WI,2023,white,hisp,60-64,0.0,synthetic_seed
WI,2023,white,hisp,65-69,0.0,synthetic_seed
WI,2023,white,hisp,70-74,0.0,synthetic_seed
WI,2023,white,hisp,75-79,0.0,synthetic_seed
WI,2023,white,hisp,80-84,0.0,synthetic_seed
WI,2023,white,hisp,85+,0.0,synthetic_seed
WI,2023,black,non-hisp,0-4,0.0,synthetic_seed
WI,2023,black,non-hisp,5-9,0.0,synthetic_seed
WI,2023,black,non-hisp,10-14,0.0,synthetic_seed
WI,2023,black,non-hisp,15-19,0.0147,synthetic_seed
WI,2023,black,non-hisp,20-24,0.0637,synthetic_seed
WI,2023,black,non-hisp,25-29,0.098,synthetic_seed
WI,2023,black,non-hisp,30-34,0.098,synthetic_seed
WI,2023,black,non-hisp,35-39,0.049,synthetic_seed
WI,2023,black,non-hisp,40-44,0.01176,synthetic_seed
WI,2023,black,non-hisp,45-49,0.00098,synthetic_seed
WI,2023,black,non-hisp,50-54,0.0,synthetic_seed
WI,2023,black,non-hisp,55-59,0.0,synthetic_seed
WI,2023,black,non-hisp,60-64,0.0,synthetic_seed
WI,2023,black,non-hisp,65-69,0.0,synthetic_seed
WI,2023,black,non-hisp,70-74,0.0,synthetic_seed
WI,2023,black,non-hisp,75-79,0.0,synthetic_seed
WI,2023,black,non-hisp,80-84,0.0,synthetic_seed
WI,2023,black,non-hisp,85+,0.0,synthetic_seed
WI,2023,black,hisp,0-4,0.0,synthetic_seed
WI,2023,black,hisp,5-9,0.0,synthetic_seed
WI,2023,black,hisp,10-14,0.0,synthetic_seed
WI,2023,black,hisp,15-19,0.016905,synthetic_seed
WI,2023,black,hisp,20-24,0.073255,synthetic_seed
WI,2023,black,hisp,25-29,0.1127,synthetic_seed
WI,2023,black,hisp,30-34,0.1127,synthetic_seed
WI,2023,black,hisp,35-39,0.05635,synthetic_seed
WI,2023,black,hisp,40-44,0.013524,synthetic_seed
WI,2023,black,hisp,45-49,0.001127,synthetic_seed
WI,2023,black,hisp,50-54,0.0,synthetic_seed
WI,2023,black,hisp,55-59,0.0,synthetic_seed
WI,2023,black,hisp,60-64,0.0,synthetic_seed
WI,2023,black,hisp,65-69,0.0,synthetic_seed
WI,2023,black,hisp,70-74,0.0,synthetic_seed
WI,2023,black,hisp,75-79,0.0,synthetic_seed
WI,2023,black,hisp,80-84,0.0,synthetic_seed
WI,2023,black,hisp,85+,0.0,synthetic_seed
WI,2023,asian,non-hisp,0-4,0.0,synthetic_seed
WI,2023,asian,non-hisp,5-9,0.0,synthetic_seed
WI,2023,asian,non-hisp,10-14,0.0,synthetic_seed
WI,2023,asian,non-hisp,15-19,0.0147,synthetic_seed
WI,2023,asian,non-hisp,20-24,0.0637,synthetic_seed
WI,2023,asian,non-hisp,25-29,0.098,synthetic_seed
WI,2023,asian,non-hisp,30-34,0.098,synthetic_seed
WI,2023,asian,non-hisp,35-39,0.049,synthetic_seed
WI,2023,asian,non-hisp,40-44,0.01176,synthetic_seed
WI,2023,asian,non-hisp,45-49,0.00098,synthetic_seed
WI,2023,asian,non-hisp,50-54,0.0,synthetic_seed
WI,2023,asian,non-hisp,55-59,0.0,synthetic_seed
WI,2023,asian,non-hisp,60-64,0.0,synthetic_seed
WI,2023,asian,non-hisp,65-69,0.0,synthetic_seed
WI,2023,asian,non-hisp,70-74,0.0,synthetic_seed
WI,2023,asian,non-hisp,75-79,0.0,synthetic_seed
WI,2023,asian,non-hisp,80-84,0.0,synthetic_seed
WI,2023,asian,non-hisp,85+,0.0,synthetic_seed
WI,2023,asian,hisp,0-4,0.0,synthetic_seed
WI,2023,asian,hisp,5-9,0.0,synthetic_seed
WI,2023,asian,hisp,10-14,0.0,synthetic_seed
WI,2023,asian,hisp,15-19,0.016905,synthetic_seed
WI,2023,asian,hisp,20-24,0.073255,synthetic_seed
WI,2023,asian,hisp,25-29,0.1127,synthetic_seed
WI,2023,asian,hisp,30-34,0.1127,synthetic_seed
WI,2023,asian,hisp,35-39,0.05635,synthetic_seed
WI,2023,asian,hisp,40-44,0.013524,synthetic_seed
WI,2023,asian,hisp,45-49,0.001127,synthetic_seed
WI,2023,asian,hisp,50-54,0.0,synthetic_seed
WI,2023,asian,hisp,55-59,0.0,synthetic_seed
WI,2023,asian,hisp,60-64,0.0,synthetic_seed
WI,2023,asian,hisp,65-69,0.0,synthetic_seed
WI,2023,asian,hisp,70-74,0.0,synthetic_seed
WI,2023,asian,hisp,75-79,0.0,synthetic_seed
WI,2023,asian,hisp,80-84,0.0,synthetic_seed
WI,2023,asian,hisp,85+,0.0,synthetic_seed
WI,2023,other,non-hisp,0-4,0.0,synthetic_seed
WI,2023,other,non-hisp,5-9,0.0,synthetic_seed
WI,2023,other,non-hisp,10-14,0.0,synthetic_seed
WI,2023,other,non-hisp,15-19,0.015876,synthetic_seed
WI,2023,other,non-hisp,20-24,0.068796,synthetic_seed
WI,2023,other,non-hisp,25-29,0.10584,synthetic_seed
WI,2023,other,non-hisp,30-34,0.10584,synthetic_seed
WI,2023,other,non-hisp,35-39,0.05292,synthetic_seed
WI,2023,other,non-hisp,40-44,0.012701,synthetic_seed
WI,2023,other,non-hisp,45-49,0.001058,synthetic_seed
WI,2023,other,non-hisp,50-54,0.0,synthetic_seed
WI,2023,other,non-hisp,55-59,0.0,synthetic_seed
WI,2023,other,non-hisp,60-64,0.0,synthetic_seed
WI,2023,other,non-hisp,65-69,0.0,synthetic_seed
WI,2023,other,non-hisp,70-74,0.0,synthetic_seed
WI,2023,other,non-hisp,75-79,0.0,synthetic_seed
WI,2023,other,non-hisp,80-84,0.0,synthetic_seed
WI,2023,other,non-hisp,85+,0.0,synthetic_seed
WI,2023,other,hisp,0-4,0.0,synthetic_seed
WI,2023,other,hisp,5-9,0.0,synthetic_seed
WI,2023,other,hisp,10-14,0.0,synthetic_seed
WI,2023,other,hisp,15-19,0.016905,synthetic_seed
WI,2023,other,hisp,20-24,0.073255,synthetic_seed
WI,2023,other,hisp,25-29,0.1127,synthetic_seed
WI,2023,other,hisp,30-34,0.1127,synthetic_seed
WI,2023,other,hisp,35-39,0.05635,synthetic_seed
WI,2023,other,hisp,40-44,0.013524,synthetic_seed
WI,2023,other,hisp,45-49,0.001127,synthetic_seed
WI,2023,other,hisp,50-54,0.0,synthetic_seed
WI,2023,other,hisp,55-59,0.0,synthetic_seed
WI,2023,other,hisp,60-64,0.0,synthetic_seed
WI,2023,other,hisp,65-69,0.0,synthetic_seed
WI,2023,other,hisp,70-74,0.0,synthetic_seed
WI,2023,other,hisp,75-79,0.0,synthetic_seed
WI,2023,other,hisp,80-84,0.0,synthetic_seed
WI,2023,other,hisp,85+,0.0,synthetic_seed
WY,2023,white,non-hisp,0-4,0.0,synthetic_seed
WY,2023,white,non-hisp,5-9,0.0,synthetic_seed
WY,2023,white,non-hisp,10-14,0.0,synthetic_seed
WY,2023,white,non-hisp,15-19,0.015,synthetic_seed
WY,2023,white,non-hisp,20-24,0.065,synthetic_seed
WY,2023,white,non-hisp,25-29,0.1,synthetic_seed
WY,2023,white,non-hisp,30-34,0.1,synthetic_seed
WY,2023,white,non-hisp,35-39,0.05,synthetic_seed
WY,2023,white,non-hisp,40-44,0.012,synthetic_seed
WY,2023,white,non-hisp,45-49,0.001,synthetic_seed
WY,2023,white,non-hisp,50-54,0.0,synthetic_seed
WY,2023,white,non-hisp,55-59,0.0,synthetic_seed
WY,2023,white,non-hisp,60-64,0.0,synthetic_seed
WY,2023,white,non-hisp,65-69,0.0,synthetic_seed
WY,2023,white,non-hisp,70-74,0.0,synthetic_seed
WY,2023,white,non-hisp,75-79,0.0,synthetic_seed
WY,2023,white,non-hisp,80-84,0.0,synthetic_seed
WY,2023,white,non-hisp,85+,0.0,synthetic_seed
WY,2023,white,hisp,0-4,0.0,synthetic_seed
WY,2023,white,hisp,5-9,0.0,synthetic_seed
WY,2023,white,hisp,10-14,0.0,synthetic_seed
WY,2023,white,hisp,15-19,0.01725,synthetic_seed
WY,2023,white,hisp,20-24,0.07475,synthetic_seed
WY,2023,white,hisp,25-29,0.115,synthetic_seed
WY,2023,white,hisp,30-34,0.115,synthetic_seed
WY,2023,white,hisp,35-39,0.0575,synthetic_seed
WY,2023,white,hisp,40-44,0.0138,synthetic_seed
WY,2023,white,hisp,45-49,0.00115,synthetic_seed
WY,2023,white,hisp,50-54,0.0,synthetic_seed
WY,2023,white,hisp,55-59,0.0,synthetic_seed
WY,2023,white,hisp,60-64,0.0,synthetic_seed
WY,2023,white,hisp,65-69,0.0,synthetic_seed
WY,2023,white,hisp,70-74,0.0,synthetic_seed
WY,2023,white,hisp,75-79,0.0,synthetic_seed
WY,2023,white,hisp,80-84,0.0,synthetic_seed
WY,2023,white,hisp,85+,0.0,synthetic_seed
WY,2023,black,non-hisp,0-4,0.0,synthetic_seed
WY,2023,black,non-hisp,5-9,0.0,synthetic_seed
WY,2023,black,non-hisp,10-14,0.0,synthetic_seed
WY,2023,black,non-hisp,15-19,0.015,synthetic_seed
WY,2023,black,non-hisp,20-24,0.065,synthetic_seed
WY,2023,black,non-hisp,25-29,0.1,synthetic_seed
WY,2023,black,non-hisp,30-34,0.1,synthetic_seed
WY,2023,black,non-hisp,35-39,0.05,synthetic_seed
WY,2023,black,non-hisp,40-44,0.012,synthetic_seed
WY,2023,black,non-hisp,45-49,0.001,synthetic_seed
WY,2023,black,non-hisp,50-54,0.0,synthetic_seed
WY,2023,black,non-hisp,55-59,0.0,synthetic_seed
WY,2023,black,non-hisp,60-64,0.0,synthetic_seed
WY,2023,black,non-hisp,65-69,0.0,synthetic_seed
WY,2023,black,non-hisp,70-74,0.0,synthetic_seed
WY,2023,black,non-hisp,75-79,0.0,synthetic_seed
WY,2023,black,non-hisp,80-84,0.0,synthetic_seed
WY,2023,black,non-hisp,85+,0.0,synthetic_seed
WY,2023,black,hisp,0-4,0.0,synthetic_seed
WY,2023,black,hisp,5-9,0.0,synthetic_seed
WY,2023,black,hisp,10-14,0.0,synthetic_seed
WY,2023,black,hisp,15-19,0.01725,synthetic_seed
WY,2023,black,hisp,20-24,0.07475,synthetic_seed
WY,2023,black,hisp,25-29,0.115,synthetic_seed
WY,2023,black,hisp,30-34,0.115,synthetic_seed
WY,2023,black,hisp,35-39,0.0575,synthetic_seed
WY,2023,black,hisp,40-44,0.0138,synthetic_seed
WY,2023,black,hisp,45-49,0.00115,synthetic_seed
WY,2023,black,hisp,50-54,0.0,synthetic_seed
WY,2023,black,hisp,55-59,0.0,synthetic_seed
WY,2023,black,hisp,60-64,0.0,synthetic_seed
WY,2023,black,hisp,65-69,0.0,synthetic_seed
WY,2023,black,hisp,70-74,0.0,synthetic_seed
WY,2023,black,hisp,75-79,0.0,synthetic_seed
WY,2023,black,hisp,80-84,0.0,synthetic_seed
WY,2023,black,hisp,85+,0.0,synthetic_seed
WY,2023,asian,non-hisp,0-4,0.0,synthetic_seed
WY,2023,asian,non-hisp,5-9,0.0,synthetic_seed
WY,2023,asian,non-hisp,10-14,0.0,synthetic_seed
WY,2023,asian,non-hisp,15-19,0.015,synthetic_seed
WY,2023,asian,non-hisp,20-24,0.065,synthetic_seed
WY,2023,asian,non-hisp,25-29,0.1,synthetic_seed
WY,2023,asian,non-hisp,30-34,0.1,synthetic_seed
WY,2023,asian,non-hisp,35-39,0.05,synthetic_seed
WY,2023,asian,non-hisp,40-44,0.012,synthetic_seed
WY,2023,asian,non-hisp,45-49,0.001,synthetic_seed
WY,2023,asian,non-hisp,50-54,0.0,synthetic_seed
WY,2023,asian,non-hisp,55-59,0.0,synthetic_seed
WY,2023,asian,non-hisp,60-64,0.0,synthetic_seed
WY,2023,asian,non-hisp,65-69,0.0,synthetic_seed
WY,2023,asian,non-hisp,70-74,0.0,synthetic_seed
WY,2023,asian,non-hisp,75-79,0.0,synthetic_seed
WY,2023,asian,non-hisp,80-84,0.0,synthetic_seed
WY,2023,asian,non-hisp,85+,0.0,synthetic_seed
WY,2023,asian,hisp,0-4,0.0,synthetic_seed
WY,2023,asian,hisp,5-9,0.0,synthetic_seed
WY,2023,asian,hisp,10-14,0.0,synthetic_seed
WY,2023,asian,hisp,15-19,0.01725,synthetic_seed
WY,2023,asian,hisp,20-24,0.07475,synthetic_seed
WY,2023,asian,hisp,25-29,0.115,synthetic_seed
WY,2023,asian,hisp,30-34,0.115,synthetic_seed
WY,2023,asian,hisp,35-39,0.0575,synthetic_seed
WY,2023,asian,hisp,40-44,0.0138,synthetic_seed
WY,2023,asian,hisp,45-49,0.00115,synthetic_seed
WY,2023,asian,hisp,50-54,0.0,synthetic_seed
WY,2023,asian,hisp,55-59,0.0,synthetic_seed
WY,2023,asian,hisp,60-64,0.0,synthetic_seed
WY,2023,asian,hisp,65-69,0.0,synthetic_seed
WY,2023,asian,hisp,70-74,0.0,synthetic_seed
WY,2023,asian,hisp,75-79,0.0,synthetic_seed
WY,2023,asian,hisp,80-84,0.0,synthetic_seed
WY,2023,asian,hisp,85+,0.0,synthetic_seed
WY,2023,other,non-hisp,0-4,0.0,synthetic_seed
WY,2023,other,non-hisp,5-9,0.0,synthetic_seed
WY,2023,other,non-hisp,10-14,0.0,synthetic_seed
WY,2023,other,non-hisp,15-19,0.0162,synthetic_seed
WY,2023,other,non-hisp,20-24,0.0702,synthetic_seed
WY,2023,other,non-hisp,25-29,0.108,synthetic_seed
WY,2023,other,non-hisp,30-34,0.108,synthetic_seed
WY,2023,other,non-hisp,35-39,0.054,synthetic_seed
WY,2023,other,non-hisp,40-44,0.01296,synthetic_seed
WY,2023,other,non-hisp,45-49,0.00108,synthetic_seed
WY,2023,other,non-hisp,50-54,0.0,synthetic_seed
WY,2023,other,non-hisp,55-59,0.0,synthetic_seed
WY,2023,other,non-hisp,60-64,0.0,synthetic_seed
WY,2023,other,non-hisp,65-69,0.0,synthetic_seed
WY,2023,other,non-hisp,70-74,0.0,synthetic_seed
WY,2023,other,non-hisp,75-79,0.0,synthetic_seed
WY,2023,other,non-hisp,80-84,0.0,synthetic_seed
WY,2023,other,non-hisp,85+,0.0,synthetic_seed
WY,2023,other,hisp,0-4,0.0,synthetic_seed
WY,2023,other,hisp,5-9,0.0,synthetic_seed
WY,2023,other,hisp,10-14,0.0,synthetic_seed
WY,2023,other,hisp,15-19,0.01725,synthetic_seed
WY,2023,other,hisp,20-24,0.07475,synthetic_seed
WY,2023,other,hisp,25-29,0.115,synthetic_seed
WY,2023,other,hisp,30-34,0.115,synthetic_seed
WY,2023,other,hisp,35-39,0.0575,synthetic_seed
WY,2023,other,hisp,40-44,0.0138,synthetic_seed
WY,2023,other,hisp,45-49,0.00115,synthetic_seed
WY,2023,other,hisp,50-54,0.0,synthetic_seed
WY,2023,other,hisp,55-59,0.0,synthetic_seed
WY,2023,other,hisp,60-64,0.0,synthetic_seed
WY,2023,other,hisp,65-69,0.0,synthetic_seed
WY,2023,other,hisp,70-74,0.0,synthetic_seed
WY,2023,other,hisp,75-79,0.0,synthetic_seed
WY,2023,other,hisp,80-84,0.0,synthetic_seed
WY,2023,other,hisp,85+,0.0,synthetic_seed
