state_code,year,race,origin,sex,age_group,lfpr,source
AL,2023,white,non-hisp,m,0-4,0.0,synthetic_seed
AL,2023,white,non-hisp,f,0-4,0.0,synthetic_seed
AL,2023,white,non-hisp,m,5-9,0.0,synthetic_seed
AL,2023,white,non-hisp,f,5-9,0.0,synthetic_seed
AL,2023,white,non-hisp,m,10-14,0.0,synthetic_seed
AL,2023,white,non-hisp,f,10-14,0.0,synthetic_seed
AL,2023,white,non-hisp,m,15-19,0.3573,synthetic_seed
AL,2023,white,non-hisp,f,15-19,0.3175,synthetic_seed
AL,2023,white,non-hisp,m,20-24,0.7627,synthetic_seed
AL,2023,white,non-hisp,f,20-24,0.6859,synthetic_seed
AL,2023,white,non-hisp,m,25-29,0.8629,synthetic_seed
AL,2023,white,non-hisp,f,25-29,0.759,synthetic_seed
AL,2023,white,non-hisp,m,30-34,0.9346,synthetic_seed
AL,2023,white,non-hisp,f,30-34,0.7267,synthetic_seed
AL,2023,white,non-hisp,m,35-39,0.9057,synthetic_seed
AL,2023,white,non-hisp,f,35-39,0.7311,synthetic_seed
AL,2023,white,non-hisp,m,40-44,0.9241,synthetic_seed
AL,2023,white,non-hisp,f,40-44,0.7621,synthetic_seed
AL,2023,white,non-hisp,m,45-49,0.8586,synthetic_seed
AL,2023,white,non-hisp,f,45-49,0.7461,synthetic_seed
AL,2023,white,non-hisp,m,50-54,0.8253,synthetic_seed
AL,2023,white,non-hisp,f,50-54,0.7599,synthetic_seed
AL,2023,white,non-hisp,m,55-59,0.737,synthetic_seed
AL,2023,white,non-hisp,f,55-59,0.655,synthetic_seed
AL,2023,white,non-hisp,m,60-64,0.6102,synthetic_seed
AL,2023,white,non-hisp,f,60-64,0.4856,synthetic_seed
AL,2023,white,non-hisp,m,65-69,0.3861,synthetic_seed
AL,2023,white,non-hisp,f,65-69,0.2862,synthetic_seed
AL,2023,white,non-hisp,m,70-74,0.2291,synthetic_seed
AL,2023,white,non-hisp,f,70-74,0.1465,synthetic_seed
AL,2023,white,non-hisp,m,75-79,0.1182,synthetic_seed
AL,2023,white,non-hisp,f,75-79,0.0699,synthetic_seed
AL,2023,white,non-hisp,m,80-84,0.0608,synthetic_seed
AL,2023,white,non-hisp,f,80-84,0.0296,synthetic_seed
AL,2023,white,non-hisp,m,85+,0.0189,synthetic_seed
AL,2023,white,non-hisp,f,85+,0.0099,synthetic_seed
AL,2023,white,hisp,m,0-4,0.0,synthetic_seed
AL,2023,white,hisp,f,0-4,0.0,synthetic_seed
AL,2023,white,hisp,m,5-9,0.0,synthetic_seed
AL,2023,white,hisp,f,5-9,0.0,synthetic_seed
AL,2023,white,hisp,m,10-14,0.0,synthetic_seed
AL,2023,white,hisp,f,10-14,0.0,synthetic_seed
AL,2023,white,hisp,m,15-19,0.3657,synthetic_seed
AL,2023,white,hisp,f,15-19,0.3173,synthetic_seed
AL,2023,white,hisp,m,20-24,0.7609,synthetic_seed
AL,2023,white,hisp,f,20-24,0.7081,synthetic_seed
AL,2023,white,hisp,m,25-29,0.8877,synthetic_seed
AL,2023,white,hisp,f,25-29,0.7653,synthetic_seed
AL,2023,white,hisp,m,30-34,0.9227,synthetic_seed
AL,2023,white,hisp,f,30-34,0.7191,synthetic_seed
AL,2023,white,hisp,m,35-39,0.9025,synthetic_seed
AL,2023,white,hisp,f,35-39,0.741,synthetic_seed
AL,2023,white,hisp,m,40-44,0.9034,synthetic_seed
AL,2023,white,hisp,f,40-44,0.7472,synthetic_seed
AL,2023,white,hisp,m,45-49,0.8905,synthetic_seed
AL,2023,white,hisp,f,45-49,0.7635,synthetic_seed
AL,2023,white,hisp,m,50-54,0.8175,synthetic_seed
AL,2023,white,hisp,f,50-54,0.7304,synthetic_seed
AL,2023,white,hisp,m,55-59,0.7245,synthetic_seed
AL,2023,white,hisp,f,55-59,0.6492,synthetic_seed
AL,2023,white,hisp,m,60-64,0.603,synthetic_seed
AL,2023,white,hisp,f,60-64,0.4887,synthetic_seed
AL,2023,white,hisp,m,65-69,0.3714,synthetic_seed
AL,2023,white,hisp,f,65-69,0.2749,synthetic_seed
AL,2023,white,hisp,m,70-74,0.2276,synthetic_seed
AL,2023,white,hisp,f,70-74,0.1523,synthetic_seed
AL,2023,white,hisp,m,75-79,0.1216,synthetic_seed
AL,2023,white,hisp,f,75-79,0.0707,synthetic_seed
AL,2023,white,hisp,m,80-84,0.0599,synthetic_seed
AL,2023,white,hisp,f,80-84,0.0299,synthetic_seed
AL,2023,white,hisp,m,85+,0.0206,synthetic_seed
AL,2023,white,hisp,f,85+,0.01,synthetic_seed
AL,2023,black,non-hisp,m,0-4,0.0,synthetic_seed
AL,2023,black,non-hisp,f,0-4,0.0,synthetic_seed
AL,2023,black,non-hisp,m,5-9,0.0,synthetic_seed
AL,2023,black,non-hisp,f,5-9,0.0,synthetic_seed
AL,2023,black,non-hisp,m,10-14,0.0,synthetic_seed
AL,2023,black,non-hisp,f,10-14,0.0,synthetic_seed
AL,2023,black,non-hisp,m,15-19,0.3616,synthetic_seed
AL,2023,black,non-hisp,f,15-19,0.3124,synthetic_seed
AL,2023,black,non-hisp,m,20-24,0.7442,synthetic_seed
AL,2023,black,non-hisp,f,20-24,0.7157,synthetic_seed
AL,2023,black,non-hisp,m,25-29,0.8792,synthetic_seed
AL,2023,black,non-hisp,f,25-29,0.7324,synthetic_seed
AL,2023,black,non-hisp,m,30-34,0.8696,synthetic_seed
AL,2023,black,non-hisp,f,30-34,0.7195,synthetic_seed
AL,2023,black,non-hisp,m,35-39,0.863,synthetic_seed
AL,2023,black,non-hisp,f,35-39,0.7062,synthetic_seed
AL,2023,black,non-hisp,m,40-44,0.8494,synthetic_seed
AL,2023,black,non-hisp,f,40-44,0.7232,synthetic_seed
AL,2023,black,non-hisp,m,45-49,0.8541,synthetic_seed
AL,2023,black,non-hisp,f,45-49,0.7679,synthetic_seed
AL,2023,black,non-hisp,m,50-54,0.7821,synthetic_seed
AL,2023,black,non-hisp,f,50-54,0.7417,synthetic_seed
AL,2023,black,non-hisp,m,55-59,0.74,synthetic_seed
AL,2023,black,non-hisp,f,55-59,0.6195,synthetic_seed
AL,2023,black,non-hisp,m,60-64,0.5789,synthetic_seed
AL,2023,black,non-hisp,f,60-64,0.4885,synthetic_seed
AL,2023,black,non-hisp,m,65-69,0.371,synthetic_seed
AL,2023,black,non-hisp,f,65-69,0.2762,synthetic_seed
AL,2023,black,non-hisp,m,70-74,0.2231,synthetic_seed
AL,2023,black,non-hisp,f,70-74,0.1421,synthetic_seed
AL,2023,black,non-hisp,m,75-79,0.1157,synthetic_seed
AL,2023,black,non-hisp,f,75-79,0.0693,synthetic_seed
AL,2023,black,non-hisp,m,80-84,0.0566,synthetic_seed
AL,2023,black,non-hisp,f,80-84,0.0287,synthetic_seed
AL,2023,black,non-hisp,m,85+,0.0188,synthetic_seed
AL,2023,black,non-hisp,f,85+,0.0095,synthetic_seed
AL,2023,black,hisp,m,0-4,0.0,synthetic_seed
AL,2023,black,hisp,f,0-4,0.0,synthetic_seed
AL,2023,black,hisp,m,5-9,0.0,synthetic_seed
AL,2023,black,hisp,f,5-9,0.0,synthetic_seed
AL,2023,black,hisp,m,10-14,0.0,synthetic_seed
AL,2023,black,hisp,f,10-14,0.0,synthetic_seed
AL,2023,black,hisp,m,15-19,0.3493,synthetic_seed
AL,2023,black,hisp,f,15-19,0.3077,synthetic_seed
AL,2023,black,hisp,m,20-24,0.7196,synthetic_seed
AL,2023,black,hisp,f,20-24,0.6685,synthetic_seed
AL,2023,black,hisp,m,25-29,0.8439,synthetic_seed
AL,2023,black,hisp,f,25-29,0.699,synthetic_seed
AL,2023,black,hisp,m,30-34,0.9032,synthetic_seed
AL,2023,black,hisp,f,30-34,0.6957,synthetic_seed
AL,2023,black,hisp,m,35-39,0.8682,synthetic_seed
AL,2023,black,hisp,f,35-39,0.6984,synthetic_seed
AL,2023,black,hisp,m,40-44,0.8526,synthetic_seed
AL,2023,black,hisp,f,40-44,0.7367,synthetic_seed
AL,2023,black,hisp,m,45-49,0.8321,synthetic_seed
AL,2023,black,hisp,f,45-49,0.7272,synthetic_seed
AL,2023,black,hisp,m,50-54,0.8063,synthetic_seed
AL,2023,black,hisp,f,50-54,0.7014,synthetic_seed
AL,2023,black,hisp,m,55-59,0.7413,synthetic_seed
AL,2023,black,hisp,f,55-59,0.632,synthetic_seed
AL,2023,black,hisp,m,60-64,0.574,synthetic_seed
AL,2023,black,hisp,f,60-64,0.5123,synthetic_seed
AL,2023,black,hisp,m,65-69,0.3622,synthetic_seed
AL,2023,black,hisp,f,65-69,0.2661,synthetic_seed
AL,2023,black,hisp,m,70-74,0.2244,synthetic_seed
AL,2023,black,hisp,f,70-74,0.1495,synthetic_seed
AL,2023,black,hisp,m,75-79,0.1156,synthetic_seed
AL,2023,black,hisp,f,75-79,0.0691,synthetic_seed
AL,2023,black,hisp,m,80-84,0.0565,synthetic_seed
AL,2023,black,hisp,f,80-84,0.0293,synthetic_seed
AL,2023,black,hisp,m,85+,0.0189,synthetic_seed
AL,2023,black,hisp,f,85+,0.0094,synthetic_seed
AL,2023,asian,non-hisp,m,0-4,0.0,synthetic_seed
AL,2023,asian,non-hisp,f,0-4,0.0,synthetic_seed
AL,2023,asian,non-hisp,m,5-9,0.0,synthetic_seed
AL,2023,asian,non-hisp,f,5-9,0.0,synthetic_seed
AL,2023,asian,non-hisp,m,10-14,0.0,synthetic_seed
AL,2023,asian,non-hisp,f,10-14,0.0,synthetic_seed
AL,2023,asian,non-hisp,m,15-19,0.3654,synthetic_seed
AL,2023,asian,non-hisp,f,15-19,0.3345,synthetic_seed
AL,2023,asian,non-hisp,m,20-24,0.7608,synthetic_seed
AL,2023,asian,non-hisp,f,20-24,0.7292,synthetic_seed
AL,2023,asian,non-hisp,m,25-29,0.8855,synthetic_seed
AL,2023,asian,non-hisp,f,25-29,0.7525,synthetic_seed
AL,2023,asian,non-hisp,m,30-34,0.9375,synthetic_seed
AL,2023,asian,non-hisp,f,30-34,0.7288,synthetic_seed
AL,2023,asian,non-hisp,m,35-39,0.9461,synthetic_seed
AL,2023,asian,non-hisp,f,35-39,0.7334,synthetic_seed
AL,2023,asian,non-hisp,m,40-44,0.8952,synthetic_seed
AL,2023,asian,non-hisp,f,40-44,0.8102,synthetic_seed
AL,2023,asian,non-hisp,m,45-49,0.8509,synthetic_seed
AL,2023,asian,non-hisp,f,45-49,0.7902,synthetic_seed
AL,2023,asian,non-hisp,m,50-54,0.8319,synthetic_seed
AL,2023,asian,non-hisp,f,50-54,0.7377,synthetic_seed
AL,2023,asian,non-hisp,m,55-59,0.7609,synthetic_seed
AL,2023,asian,non-hisp,f,55-59,0.6814,synthetic_seed
AL,2023,asian,non-hisp,m,60-64,0.5881,synthetic_seed
AL,2023,asian,non-hisp,f,60-64,0.5274,synthetic_seed
AL,2023,asian,non-hisp,m,65-69,0.3905,synthetic_seed
AL,2023,asian,non-hisp,f,65-69,0.2884,synthetic_seed
AL,2023,asian,non-hisp,m,70-74,0.2351,synthetic_seed
AL,2023,asian,non-hisp,f,70-74,0.1537,synthetic_seed
AL,2023,asian,non-hisp,m,75-79,0.1247,synthetic_seed
AL,2023,asian,non-hisp,f,75-79,0.0691,synthetic_seed
AL,2023,asian,non-hisp,m,80-84,0.0617,synthetic_seed
AL,2023,asian,non-hisp,f,80-84,0.0305,synthetic_seed
AL,2023,asian,non-hisp,m,85+,0.0201,synthetic_seed
AL,2023,asian,non-hisp,f,85+,0.0098,synthetic_seed
AL,2023,asian,hisp,m,0-4,0.0,synthetic_seed
AL,2023,asian,hisp,f,0-4,0.0,synthetic_seed
AL,2023,asian,hisp,m,5-9,0.0,synthetic_seed
AL,2023,asian,hisp,f,5-9,0.0,synthetic_seed
AL,2023,asian,hisp,m,10-14,0.0,synthetic_seed
AL,2023,asian,hisp,f,10-14,0.0,synthetic_seed
AL,2023,asian,hisp,m,15-19,0.3697,synthetic_seed
AL,2023,asian,hisp,f,15-19,0.3213,synthetic_seed
AL,2023,asian,hisp,m,20-24,0.7488,synthetic_seed
AL,2023,asian,hisp,f,20-24,0.7007,synthetic_seed
AL,2023,asian,hisp,m,25-29,0.8863,synthetic_seed
AL,2023,asian,hisp,f,25-29,0.7733,synthetic_seed
AL,2023,asian,hisp,m,30-34,0.9318,synthetic_seed
AL,2023,asian,hisp,f,30-34,0.737,synthetic_seed
AL,2023,asian,hisp,m,35-39,0.9364,synthetic_seed
AL,2023,asian,hisp,f,35-39,0.7671,synthetic_seed
AL,2023,asian,hisp,m,40-44,0.9313,synthetic_seed
AL,2023,asian,hisp,f,40-44,0.7957,synthetic_seed
AL,2023,asian,hisp,m,45-49,0.8575,synthetic_seed
AL,2023,asian,hisp,f,45-49,0.7779,synthetic_seed
AL,2023,asian,hisp,m,50-54,0.8167,synthetic_seed
AL,2023,asian,hisp,f,50-54,0.7625,synthetic_seed
AL,2023,asian,hisp,m,55-59,0.7549,synthetic_seed
AL,2023,asian,hisp,f,55-59,0.6351,synthetic_seed
AL,2023,asian,hisp,m,60-64,0.6143,synthetic_seed
AL,2023,asian,hisp,f,60-64,0.5211,synthetic_seed
AL,2023,asian,hisp,m,65-69,0.3977,synthetic_seed
AL,2023,asian,hisp,f,65-69,0.2884,synthetic_seed
AL,2023,asian,hisp,m,70-74,0.2361,synthetic_seed
AL,2023,asian,hisp,f,70-74,0.1484,synthetic_seed
AL,2023,asian,hisp,m,75-79,0.123,synthetic_seed
AL,2023,asian,hisp,f,75-79,0.0691,synthetic_seed
AL,2023,asian,hisp,m,80-84,0.0628,synthetic_seed
AL,2023,asian,hisp,f,80-84,0.0311,synthetic_seed
AL,2023,asian,hisp,m,85+,0.0209,synthetic_seed
AL,2023,asian,hisp,f,85+,0.0105,synthetic_seed
AL,2023,other,non-hisp,m,0-4,0.0,synthetic_seed
AL,2023,other,non-hisp,f,0-4,0.0,synthetic_seed
AL,2023,other,non-hisp,m,5-9,0.0,synthetic_seed
AL,2023,other,non-hisp,f,5-9,0.0,synthetic_seed
AL,2023,other,non-hisp,m,10-14,0.0,synthetic_seed
AL,2023,other,non-hisp,f,10-14,0.0,synthetic_seed
AL,2023,other,non-hisp,m,15-19,0.3569,synthetic_seed
AL,2023,other,non-hisp,f,15-19,0.3279,synthetic_seed
AL,2023,other,non-hisp,m,20-24,0.7443,synthetic_seed
AL,2023,other,non-hisp,f,20-24,0.7243,synthetic_seed
AL,2023,other,non-hisp,m,25-29,0.895,synthetic_seed
AL,2023,other,non-hisp,f,25-29,0.7577,synthetic_seed
AL,2023,other,non-hisp,m,30-34,0.9036,synthetic_seed
AL,2023,other,non-hisp,f,30-34,0.7243,synthetic_seed
AL,2023,other,non-hisp,m,35-39,0.9099,synthetic_seed
AL,2023,other,non-hisp,f,35-39,0.7399,synthetic_seed
AL,2023,other,non-hisp,m,40-44,0.8859,synthetic_seed
AL,2023,other,non-hisp,f,40-44,0.7489,synthetic_seed
AL,2023,other,non-hisp,m,45-49,0.8534,synthetic_seed
AL,2023,other,non-hisp,f,45-49,0.7787,synthetic_seed
AL,2023,other,non-hisp,m,50-54,0.8562,synthetic_seed
AL,2023,other,non-hisp,f,50-54,0.7426,synthetic_seed
AL,2023,other,non-hisp,m,55-59,0.7369,synthetic_seed
AL,2023,other,non-hisp,f,55-59,0.6261,synthetic_seed
AL,2023,other,non-hisp,m,60-64,0.6049,synthetic_seed
AL,2023,other,non-hisp,f,60-64,0.4972,synthetic_seed
AL,2023,other,non-hisp,m,65-69,0.3839,synthetic_seed
AL,2023,other,non-hisp,f,65-69,0.276,synthetic_seed
AL,2023,other,non-hisp,m,70-74,0.2283,synthetic_seed
AL,2023,other,non-hisp,f,70-74,0.1462,synthetic_seed
AL,2023,other,non-hisp,m,75-79,0.1196,synthetic_seed
AL,2023,other,non-hisp,f,75-79,0.0703,synthetic_seed
AL,2023,other,non-hisp,m,80-84,0.0607,synthetic_seed
AL,2023,other,non-hisp,f,80-84,0.03,synthetic_seed
AL,2023,other,non-hisp,m,85+,0.0198,synthetic_seed
AL,2023,other,non-hisp,f,85+,0.0101,synthetic_seed
AL,2023,other,hisp,m,0-4,0.0,synthetic_seed
AL,2023,other,hisp,f,0-4,0.0,synthetic_seed
AL,2023,other,hisp,m,5-9,0.0,synthetic_seed
AL,2023,other,hisp,f,5-9,0.0,synthetic_seed
AL,2023,other,hisp,m,10-14,0.0,synthetic_seed
AL,2023,other,hisp,f,10-14,0.0,synthetic_seed
AL,2023,other,hisp,m,15-19,0.3572,synthetic_seed
AL,2023,other,hisp,f,15-19,0.3117,synthetic_seed
AL,2023,other,hisp,m,20-24,0.7481,synthetic_seed
AL,2023,other,hisp,f,20-24,0.6893,synthetic_seed
AL,2023,other,hisp,m,25-29,0.8938,synthetic_seed
AL,2023,other,hisp,f,25-29,0.7356,synthetic_seed
AL,2023,other,hisp,m,30-34,0.9149,synthetic_seed
AL,2023,other,hisp,f,30-34,0.7361,synthetic_seed
AL,2023,other,hisp,m,35-39,0.897,synthetic_seed
AL,2023,other,hisp,f,35-39,0.7634,synthetic_seed
AL,2023,other,hisp,m,40-44,0.9155,synthetic_seed
AL,2023,other,hisp,f,40-44,0.76,synthetic_seed
AL,2023,other,hisp,m,45-49,0.8565,synthetic_seed
AL,2023,other,hisp,f,45-49,0.7464,synthetic_seed
AL,2023,other,hisp,m,50-54,0.8434,synthetic_seed
AL,2023,other,hisp,f,50-54,0.7536,synthetic_seed
AL,2023,other,hisp,m,55-59,0.7526,synthetic_seed
AL,2023,other,hisp,f,55-59,0.6445,synthetic_seed
AL,2023,other,hisp,m,60-64,0.6,synthetic_seed
AL,2023,other,hisp,f,60-64,0.493,synthetic_seed
AL,2023,other,hisp,m,65-69,0.3871,synthetic_seed
AL,2023,other,hisp,f,65-69,0.269,synthetic_seed
AL,2023,other,hisp,m,70-74,0.2385,synthetic_seed
AL,2023,other,hisp,f,70-74,0.1532,synthetic_seed
AL,2023,other,hisp,m,75-79,0.1184,synthetic_seed
AL,2023,other,hisp,f,75-79,0.0701,synthetic_seed
AL,2023,other,hisp,m,80-84,0.0587,synthetic_seed
AL,2023,other,hisp,f,80-84,0.0306,synthetic_seed
AL,2023,other,hisp,m,85+,0.0198,synthetic_seed
AL,2023,other,hisp,f,85+,0.01,synthetic_seed
AK,2023,white,non-hisp,m,0-4,0.0,synthetic_seed
AK,2023,white,non-hisp,f,0-4,0.0,synthetic_seed
AK,2023,white,non-hisp,m,5-9,0.0,synthetic_seed
AK,2023,white,non-hisp,f,5-9,0.0,synthetic_seed
AK,2023,white,non-hisp,m,10-14,0.0,synthetic_seed
AK,2023,white,non-hisp,f,10-14,0.0,synthetic_seed
AK,2023,white,non-hisp,m,15-19,0.3667,synthetic_seed
AK,2023,white,non-hisp,f,15-19,0.314,synthetic_seed
AK,2023,white,non-hisp,m,20-24,0.7495,synthetic_seed
AK,2023,white,non-hisp,f,20-24,0.72,synthetic_seed
AK,2023,white,non-hisp,m,25-29,0.8687,synthetic_seed
AK,2023,white,non-hisp,f,25-29,0.7107,synthetic_seed
AK,2023,white,non-hisp,m,30-34,0.9136,synthetic_seed
AK,2023,white,non-hisp,f,30-34,0.7471,synthetic_seed
AK,2023,white,non-hisp,m,35-39,0.8986,synthetic_seed
AK,2023,white,non-hisp,f,35-39,0.7338,synthetic_seed
AK,2023,white,non-hisp,m,40-44,0.9089,synthetic_seed
AK,2023,white,non-hisp,f,40-44,0.7832,synthetic_seed
AK,2023,white,non-hisp,m,45-49,0.8593,synthetic_seed
AK,2023,white,non-hisp,f,45-49,0.7588,synthetic_seed
AK,2023,white,non-hisp,m,50-54,0.8045,synthetic_seed
AK,2023,white,non-hisp,f,50-54,0.7587,synthetic_seed
AK,2023,white,non-hisp,m,55-59,0.7632,synthetic_seed
AK,2023,white,non-hisp,f,55-59,0.6609,synthetic_seed
AK,2023,white,non-hisp,m,60-64,0.6023,synthetic_seed
AK,2023,white,non-hisp,f,60-64,0.4861,synthetic_seed
AK,2023,white,non-hisp,m,65-69,0.3625,synthetic_seed
AK,2023,white,non-hisp,f,65-69,0.284,synthetic_seed
AK,2023,white,non-hisp,m,70-74,0.2385,synthetic_seed
AK,2023,white,non-hisp,f,70-74,0.1482,synthetic_seed
AK,2023,white,non-hisp,m,75-79,0.1228,synthetic_seed
AK,2023,white,non-hisp,f,75-79,0.0716,synthetic_seed
AK,2023,white,non-hisp,m,80-84,0.0601,synthetic_seed
AK,2023,white,non-hisp,f,80-84,0.031,synthetic_seed
AK,2023,white,non-hisp,m,85+,0.0207,synthetic_seed
AK,2023,white,non-hisp,f,85+,0.0097,synthetic_seed
AK,2023,white,hisp,m,0-4,0.0,synthetic_seed
AK,2023,white,hisp,f,0-4,0.0,synthetic_seed
AK,2023,white,hisp,m,5-9,0.0,synthetic_seed
AK,2023,white,hisp,f,5-9,0.0,synthetic_seed
AK,2023,white,hisp,m,10-14,0.0,synthetic_seed
AK,2023,white,hisp,f,10-14,0.0,synthetic_seed
AK,2023,white,hisp,m,15-19,0.3602,synthetic_seed
AK,2023,white,hisp,f,15-19,0.3136,synthetic_seed
AK,2023,white,hisp,m,20-24,0.7486,synthetic_seed
AK,2023,white,hisp,f,20-24,0.7188,synthetic_seed
AK,2023,white,hisp,m,25-29,0.8837,synthetic_seed
AK,2023,white,hisp,f,25-29,0.7513,synthetic_seed
AK,2023,white,hisp,m,30-34,0.9119,synthetic_seed
AK,2023,white,hisp,f,30-34,0.7004,synthetic_seed
AK,2023,white,hisp,m,35-39,0.9167,synthetic_seed
AK,2023,white,hisp,f,35-39,0.7467,synthetic_seed
AK,2023,white,hisp,m,40-44,0.9065,synthetic_seed
AK,2023,white,hisp,f,40-44,0.7561,synthetic_seed
AK,2023,white,hisp,m,45-49,0.8565,synthetic_seed
AK,2023,white,hisp,f,45-49,0.768,synthetic_seed
AK,2023,white,hisp,m,50-54,0.8354,synthetic_seed
AK,2023,white,hisp,f,50-54,0.738,synthetic_seed
AK,2023,white,hisp,m,55-59,0.7317,synthetic_seed
AK,2023,white,hisp,f,55-59,0.6507,synthetic_seed
AK,2023,white,hisp,m,60-64,0.5946,synthetic_seed
AK,2023,white,hisp,f,60-64,0.4962,synthetic_seed
AK,2023,white,hisp,m,65-69,0.3912,synthetic_seed
AK,2023,white,hisp,f,65-69,0.2915,synthetic_seed
AK,2023,white,hisp,m,70-74,0.2288,synthetic_seed
AK,2023,white,hisp,f,70-74,0.1517,synthetic_seed
AK,2023,white,hisp,m,75-79,0.1205,synthetic_seed
AK,2023,white,hisp,f,75-79,0.0711,synthetic_seed
AK,2023,white,hisp,m,80-84,0.0599,synthetic_seed
AK,2023,white,hisp,f,80-84,0.0298,synthetic_seed
AK,2023,white,hisp,m,85+,0.02,synthetic_seed
AK,2023,white,hisp,f,85+,0.0101,synthetic_seed
AK,2023,black,non-hisp,m,0-4,0.0,synthetic_seed
AK,2023,black,non-hisp,f,0-4,0.0,synthetic_seed
AK,2023,black,non-hisp,m,5-9,0.0,synthetic_seed
AK,2023,black,non-hisp,f,5-9,0.0,synthetic_seed
AK,2023,black,non-hisp,m,10-14,0.0,synthetic_seed
AK,2023,black,non-hisp,f,10-14,0.0,synthetic_seed
AK,2023,black,non-hisp,m,15-19,0.3401,synthetic_seed
AK,2023,black,non-hisp,f,15-19,0.3149,synthetic_seed
AK,2023,black,non-hisp,m,20-24,0.7398,synthetic_seed
AK,2023,black,non-hisp,f,20-24,0.6571,synthetic_seed
AK,2023,black,non-hisp,m,25-29,0.8468,synthetic_seed
AK,2023,black,non-hisp,f,25-29,0.7214,synthetic_seed
AK,2023,black,non-hisp,m,30-34,0.8673,synthetic_seed
AK,2023,black,non-hisp,f,30-34,0.7389,synthetic_seed
AK,2023,black,non-hisp,m,35-39,0.8881,synthetic_seed
AK,2023,black,non-hisp,f,35-39,0.7166,synthetic_seed
AK,2023,black,non-hisp,m,40-44,0.8474,synthetic_seed
AK,2023,black,non-hisp,f,40-44,0.7409,synthetic_seed
AK,2023,black,non-hisp,m,45-49,0.8821,synthetic_seed
AK,2023,black,non-hisp,f,45-49,0.7362,synthetic_seed
AK,2023,black,non-hisp,m,50-54,0.823,synthetic_seed
AK,2023,black,non-hisp,f,50-54,0.7364,synthetic_seed
AK,2023,black,non-hisp,m,55-59,0.7346,synthetic_seed
AK,2023,black,non-hisp,f,55-59,0.6301,synthetic_seed
AK,2023,black,non-hisp,m,60-64,0.5977,synthetic_seed
AK,2023,black,non-hisp,f,60-64,0.4794,synthetic_seed
AK,2023,black,non-hisp,m,65-69,0.3568,synthetic_seed
AK,2023,black,non-hisp,f,65-69,0.264,synthetic_seed
AK,2023,black,non-hisp,m,70-74,0.2245,synthetic_seed
AK,2023,black,non-hisp,f,70-74,0.1456,synthetic_seed
AK,2023,black,non-hisp,m,75-79,0.1169,synthetic_seed
AK,2023,black,non-hisp,f,75-79,0.0679,synthetic_seed
AK,2023,black,non-hisp,m,80-84,0.0579,synthetic_seed
AK,2023,black,non-hisp,f,80-84,0.03,synthetic_seed
AK,2023,black,non-hisp,m,85+,0.0193,synthetic_seed
AK,2023,black,non-hisp,f,85+,0.0098,synthetic_seed
AK,2023,black,hisp,m,0-4,0.0,synthetic_seed
AK,2023,black,hisp,f,0-4,0.0,synthetic_seed
AK,2023,black,hisp,m,5-9,0.0,synthetic_seed
AK,2023,black,hisp,f,5-9,0.0,synthetic_seed
AK,2023,black,hisp,m,10-14,0.0,synthetic_seed
AK,2023,black,hisp,f,10-14,0.0,synthetic_seed
AK,2023,black,hisp,m,15-19,0.3462,synthetic_seed
AK,2023,black,hisp,f,15-19,0.3144,synthetic_seed
AK,2023,black,hisp,m,20-24,0.7519,synthetic_seed
AK,2023,black,hisp,f,20-24,0.6797,synthetic_seed
AK,2023,black,hisp,m,25-29,0.8719,synthetic_seed
AK,2023,black,hisp,f,25-29,0.7233,synthetic_seed
AK,2023,black,hisp,m,30-34,0.8601,synthetic_seed
AK,2023,black,hisp,f,30-34,0.6841,synthetic_seed
AK,2023,black,hisp,m,35-39,0.8451,synthetic_seed
AK,2023,black,hisp,f,35-39,0.7128,synthetic_seed
AK,2023,black,hisp,m,40-44,0.8687,synthetic_seed
AK,2023,black,hisp,f,40-44,0.7463,synthetic_seed
AK,2023,black,hisp,m,45-49,0.8373,synthetic_seed
AK,2023,black,hisp,f,45-49,0.7473,synthetic_seed
AK,2023,black,hisp,m,50-54,0.8348,synthetic_seed
AK,2023,black,hisp,f,50-54,0.6995,synthetic_seed
AK,2023,black,hisp,m,55-59,0.6917,synthetic_seed
AK,2023,black,hisp,f,55-59,0.6137,synthetic_seed
AK,2023,black,hisp,m,60-64,0.5793,synthetic_seed
AK,2023,black,hisp,f,60-64,0.4787,synthetic_seed
AK,2023,black,hisp,m,65-69,0.3691,synthetic_seed
AK,2023,black,hisp,f,65-69,0.2668,synthetic_seed
AK,2023,black,hisp,m,70-74,0.2194,synthetic_seed
AK,2023,black,hisp,f,70-74,0.1483,synthetic_seed
AK,2023,black,hisp,m,75-79,0.1129,synthetic_seed
AK,2023,black,hisp,f,75-79,0.0669,synthetic_seed
AK,2023,black,hisp,m,80-84,0.0583,synthetic_seed
AK,2023,black,hisp,f,80-84,0.0299,synthetic_seed
AK,2023,black,hisp,m,85+,0.0193,synthetic_seed
AK,2023,black,hisp,f,85+,0.0097,synthetic_seed
AK,2023,asian,non-hisp,m,0-4,0.0,synthetic_seed
AK,2023,asian,non-hisp,f,0-4,0.0,synthetic_seed
AK,2023,asian,non-hisp,m,5-9,0.0,synthetic_seed
AK,2023,asian,non-hisp,f,5-9,0.0,synthetic_seed
AK,2023,asian,non-hisp,m,10-14,0.0,synthetic_seed
AK,2023,asian,non-hisp,f,10-14,0.0,synthetic_seed
AK,2023,asian,non-hisp,m,15-19,0.3638,synthetic_seed
AK,2023,asian,non-hisp,f,15-19,0.3242,synthetic_seed
AK,2023,asian,non-hisp,m,20-24,0.7344,synthetic_seed
AK,2023,asian,non-hisp,f,20-24,0.716,synthetic_seed
AK,2023,asian,non-hisp,m,25-29,0.9092,synthetic_seed
AK,2023,asian,non-hisp,f,25-29,0.7639,synthetic_seed
AK,2023,asian,non-hisp,m,30-34,0.9099,synthetic_seed
AK,2023,asian,non-hisp,f,30-34,0.764,synthetic_seed
AK,2023,asian,non-hisp,m,35-39,0.927,synthetic_seed
AK,2023,asian,non-hisp,f,35-39,0.7604,synthetic_seed
AK,2023,asian,non-hisp,m,40-44,0.9488,synthetic_seed
AK,2023,asian,non-hisp,f,40-44,0.7925,synthetic_seed
AK,2023,asian,non-hisp,m,45-49,0.9053,synthetic_seed
AK,2023,asian,non-hisp,f,45-49,0.8031,synthetic_seed
AK,2023,asian,non-hisp,m,50-54,0.852,synthetic_seed
AK,2023,asian,non-hisp,f,50-54,0.7531,synthetic_seed
AK,2023,asian,non-hisp,m,55-59,0.7735,synthetic_seed
AK,2023,asian,non-hisp,f,55-59,0.6749,synthetic_seed
AK,2023,asian,non-hisp,m,60-64,0.6039,synthetic_seed
AK,2023,asian,non-hisp,f,60-64,0.5187,synthetic_seed
AK,2023,asian,non-hisp,m,65-69,0.3796,synthetic_seed
AK,2023,asian,non-hisp,f,65-69,0.2817,synthetic_seed
AK,2023,asian,non-hisp,m,70-74,0.2396,synthetic_seed
AK,2023,asian,non-hisp,f,70-74,0.148,synthetic_seed
AK,2023,asian,non-hisp,m,75-79,0.121,synthetic_seed
AK,2023,asian,non-hisp,f,75-79,0.074,synthetic_seed
AK,2023,asian,non-hisp,m,80-84,0.062,synthetic_seed
AK,2023,asian,non-hisp,f,80-84,0.031,synthetic_seed
AK,2023,asian,non-hisp,m,85+,0.0207,synthetic_seed
AK,2023,asian,non-hisp,f,85+,0.01,synthetic_seed
AK,2023,asian,hisp,m,0-4,0.0,synthetic_seed
AK,2023,asian,hisp,f,0-4,0.0,synthetic_seed
AK,2023,asian,hisp,m,5-9,0.0,synthetic_seed
AK,2023,asian,hisp,f,5-9,0.0,synthetic_seed
AK,2023,asian,hisp,m,10-14,0.0,synthetic_seed
AK,2023,asian,hisp,f,10-14,0.0,synthetic_seed
AK,2023,asian,hisp,m,15-19,0.3589,synthetic_seed
AK,2023,asian,hisp,f,15-19,0.3153,synthetic_seed
AK,2023,asian,hisp,m,20-24,0.778,synthetic_seed
AK,2023,asian,hisp,f,20-24,0.7064,synthetic_seed
AK,2023,asian,hisp,m,25-29,0.9179,synthetic_seed
AK,2023,asian,hisp,f,25-29,0.7481,synthetic_seed
AK,2023,asian,hisp,m,30-34,0.9068,synthetic_seed
AK,2023,asian,hisp,f,30-34,0.7322,synthetic_seed
AK,2023,asian,hisp,m,35-39,0.9219,synthetic_seed
AK,2023,asian,hisp,f,35-39,0.7654,synthetic_seed
AK,2023,asian,hisp,m,40-44,0.8888,synthetic_seed
AK,2023,asian,hisp,f,40-44,0.8091,synthetic_seed
AK,2023,asian,hisp,m,45-49,0.8808,synthetic_seed
AK,2023,asian,hisp,f,45-49,0.7891,synthetic_seed
AK,2023,asian,hisp,m,50-54,0.8696,synthetic_seed
AK,2023,asian,hisp,f,50-54,0.7571,synthetic_seed
AK,2023,asian,hisp,m,55-59,0.7475,synthetic_seed
AK,2023,asian,hisp,f,55-59,0.6554,synthetic_seed
AK,2023,asian,hisp,m,60-64,0.6177,synthetic_seed
AK,2023,asian,hisp,f,60-64,0.5032,synthetic_seed
AK,2023,asian,hisp,m,65-69,0.3837,synthetic_seed
AK,2023,asian,hisp,f,65-69,0.2875,synthetic_seed
AK,2023,asian,hisp,m,70-74,0.2393,synthetic_seed
AK,2023,asian,hisp,f,70-74,0.1497,synthetic_seed
AK,2023,asian,hisp,m,75-79,0.1197,synthetic_seed
AK,2023,asian,hisp,f,75-79,0.071,synthetic_seed
AK,2023,asian,hisp,m,80-84,0.0594,synthetic_seed
AK,2023,asian,hisp,f,80-84,0.0309,synthetic_seed
AK,2023,asian,hisp,m,85+,0.0205,synthetic_seed
AK,2023,asian,hisp,f,85+,0.0104,synthetic_seed
AK,2023,other,non-hisp,m,0-4,0.0,synthetic_seed
AK,2023,other,non-hisp,f,0-4,0.0,synthetic_seed
AK,2023,other,non-hisp,m,5-9,0.0,synthetic_seed
AK,2023,other,non-hisp,f,5-9,0.0,synthetic_seed
AK,2023,other,non-hisp,m,10-14,0.0,synthetic_seed
AK,2023,other,non-hisp,f,10-14,0.0,synthetic_seed
AK,2023,other,non-hisp,m,15-19,0.3642,synthetic_seed
AK,2023,other,non-hisp,f,15-19,0.324,synthetic_seed
AK,2023,other,non-hisp,m,20-24,0.7303,synthetic_seed
AK,2023,other,non-hisp,f,20-24,0.7318,synthetic_seed
AK,2023,other,non-hisp,m,25-29,0.8736,synthetic_seed
AK,2023,other,non-hisp,f,25-29,0.7713,synthetic_seed
AK,2023,other,non-hisp,m,30-34,0.8898,synthetic_seed
AK,2023,other,non-hisp,f,30-34,0.736,synthetic_seed
AK,2023,other,non-hisp,m,35-39,0.8889,synthetic_seed
AK,2023,other,non-hisp,f,35-39,0.7534,synthetic_seed
AK,2023,other,non-hisp,m,40-44,0.9113,synthetic_seed
AK,2023,other,non-hisp,f,40-44,0.762,synthetic_seed
AK,2023,other,non-hisp,m,45-49,0.8319,synthetic_seed
AK,2023,other,non-hisp,f,45-49,0.7778,synthetic_seed
AK,2023,other,non-hisp,m,50-54,0.8263,synthetic_seed
AK,2023,other,non-hisp,f,50-54,0.7012,synthetic_seed
AK,2023,other,non-hisp,m,55-59,0.7249,synthetic_seed
AK,2023,other,non-hisp,f,55-59,0.6408,synthetic_seed
AK,2023,other,non-hisp,m,60-64,0.6196,synthetic_seed
AK,2023,other,non-hisp,f,60-64,0.5043,synthetic_seed
AK,2023,other,non-hisp,m,65-69,0.3772,synthetic_seed
AK,2023,other,non-hisp,f,65-69,0.2711,synthetic_seed
AK,2023,other,non-hisp,m,70-74,0.2315,synthetic_seed
AK,2023,other,non-hisp,f,70-74,0.1508,synthetic_seed
AK,2023,other,non-hisp,m,75-79,0.1193,synthetic_seed
AK,2023,other,non-hisp,f,75-79,0.0702,synthetic_seed
AK,2023,other,non-hisp,m,80-84,0.0594,synthetic_seed
AK,2023,other,non-hisp,f,80-84,0.0304,synthetic_seed
AK,2023,other,non-hisp,m,85+,0.02,synthetic_seed
AK,2023,other,non-hisp,f,85+,0.0098,synthetic_seed
AK,2023,other,hisp,m,0-4,0.0,synthetic_seed
AK,2023,other,hisp,f,0-4,0.0,synthetic_seed
AK,2023,other,hisp,m,5-9,0.0,synthetic_seed
AK,2023,other,hisp,f,5-9,0.0,synthetic_seed
AK,2023,other,hisp,m,10-14,0.0,synthetic_seed
AK,2023,other,hisp,f,10-14,0.0,synthetic_seed
AK,2023,other,hisp,m,15-19,0.3629,synthetic_seed
AK,2023,other,hisp,f,15-19,0.3166,synthetic_seed
AK,2023,other,hisp,m,20-24,0.7639,synthetic_seed
AK,2023,other,hisp,f,20-24,0.7065,synthetic_seed
AK,2023,other,hisp,m,25-29,0.897,synthetic_seed
AK,2023,other,hisp,f,25-29,0.7678,synthetic_seed
AK,2023,other,hisp,m,30-34,0.911,synthetic_seed
AK,2023,other,hisp,f,30-34,0.7466,synthetic_seed
AK,2023,other,hisp,m,35-39,0.8973,synthetic_seed
AK,2023,other,hisp,f,35-39,0.731,synthetic_seed
AK,2023,other,hisp,m,40-44,0.9298,synthetic_seed
AK,2023,other,hisp,f,40-44,0.7758,synthetic_seed
AK,2023,other,hisp,m,45-49,0.8875,synthetic_seed
AK,2023,other,hisp,f,45-49,0.7646,synthetic_seed
AK,2023,other,hisp,m,50-54,0.7995,synthetic_seed
AK,2023,other,hisp,f,50-54,0.7253,synthetic_seed
AK,2023,other,hisp,m,55-59,0.7418,synthetic_seed
AK,2023,other,hisp,f,55-59,0.6586,synthetic_seed
AK,2023,other,hisp,m,60-64,0.6082,synthetic_seed
AK,2023,other,hisp,f,60-64,0.5051,synthetic_seed
AK,2023,other,hisp,m,65-69,0.3853,synthetic_seed
AK,2023,other,hisp,f,65-69,0.2795,synthetic_seed
AK,2023,other,hisp,m,70-74,0.2342,synthetic_seed
AK,2023,other,hisp,f,70-74,0.1432,synthetic_seed
AK,2023,other,hisp,m,75-79,0.1216,synthetic_seed
AK,2023,other,hisp,f,75-79,0.0705,synthetic_seed
AK,2023,other,hisp,m,80-84,0.0607,synthetic_seed
AK,2023,other,hisp,f,80-84,0.0297,synthetic_seed
AK,2023,other,hisp,m,85+,0.0209,synthetic_seed
AK,2023,other,hisp,f,85+,0.0098,synthetic_seed
AZ,2023,white,non-hisp,m,0-4,0.0,synthetic_seed
AZ,2023,white,non-hisp,f,0-4,0.0,synthetic_seed
AZ,2023,white,non-hisp,m,5-9,0.0,synthetic_seed
AZ,2023,white,non-hisp,f,5-9,0.0,synthetic_seed
AZ,2023,white,non-hisp,m,10-14,0.0,synthetic_seed
AZ,2023,white,non-hisp,f,10-14,0.0,synthetic_seed
AZ,2023,white,non-hisp,m,15-19,0.3589,synthetic_seed
AZ,2023,white,non-hisp,f,15-19,0.3186,synthetic_seed
AZ,2023,white,non-hisp,m,20-24,0.7025,synthetic_seed
AZ,2023,white,non-hisp,f,20-24,0.6917,synthetic_seed
AZ,2023,white,non-hisp,m,25-29,0.8494,synthetic_seed
AZ,2023,white,non-hisp,f,25-29,0.7631,synthetic_seed
AZ,2023,white,non-hisp,m,30-34,0.919,synthetic_seed
AZ,2023,white,non-hisp,f,30-34,0.7395,synthetic_seed
AZ,2023,white,non-hisp,m,35-39,0.9534,synthetic_seed
AZ,2023,white,non-hisp,f,35-39,0.7283,synthetic_seed
AZ,2023,white,non-hisp,m,40-44,0.8961,synthetic_seed
AZ,2023,white,non-hisp,f,40-44,0.7627,synthetic_seed
AZ,2023,white,non-hisp,m,45-49,0.8699,synthetic_seed
AZ,2023,white,non-hisp,f,45-49,0.7839,synthetic_seed
AZ,2023,white,non-hisp,m,50-54,0.8689,synthetic_seed
AZ,2023,white,non-hisp,f,50-54,0.741,synthetic_seed
AZ,2023,white,non-hisp,m,55-59,0.7556,synthetic_seed
AZ,2023,white,non-hisp,f,55-59,0.6474,synthetic_seed
AZ,2023,white,non-hisp,m,60-64,0.5882,synthetic_seed
AZ,2023,white,non-hisp,f,60-64,0.5196,synthetic_seed
AZ,2023,white,non-hisp,m,65-69,0.3741,synthetic_seed
AZ,2023,white,non-hisp,f,65-69,0.2787,synthetic_seed
AZ,2023,white,non-hisp,m,70-74,0.2307,synthetic_seed
AZ,2023,white,non-hisp,f,70-74,0.1517,synthetic_seed
AZ,2023,white,non-hisp,m,75-79,0.1141,synthetic_seed
AZ,2023,white,non-hisp,f,75-79,0.0691,synthetic_seed
AZ,2023,white,non-hisp,m,80-84,0.0584,synthetic_seed
AZ,2023,white,non-hisp,f,80-84,0.0304,synthetic_seed
AZ,2023,white,non-hisp,m,85+,0.0198,synthetic_seed
AZ,2023,white,non-hisp,f,85+,0.0099,synthetic_seed
AZ,2023,white,hisp,m,0-4,0.0,synthetic_seed
AZ,2023,white,hisp,f,0-4,0.0,synthetic_seed
AZ,2023,white,hisp,m,5-9,0.0,synthetic_seed
AZ,2023,white,hisp,f,5-9,0.0,synthetic_seed
AZ,2023,white,hisp,m,10-14,0.0,synthetic_seed
AZ,2023,white,hisp,f,10-14,0.0,synthetic_seed
AZ,2023,white,hisp,m,15-19,0.3544,synthetic_seed
AZ,2023,white,hisp,f,15-19,0.3263,synthetic_seed
AZ,2023,white,hisp,m,20-24,0.7719,synthetic_seed
AZ,2023,white,hisp,f,20-24,0.6949,synthetic_seed
AZ,2023,white,hisp,m,25-29,0.8747,synthetic_seed
AZ,2023,white,hisp,f,25-29,0.7582,synthetic_seed
AZ,2023,white,hisp,m,30-34,0.8919,synthetic_seed
AZ,2023,white,hisp,f,30-34,0.7562,synthetic_seed
AZ,2023,white,hisp,m,35-39,0.9151,synthetic_seed
AZ,2023,white,hisp,f,35-39,0.731,synthetic_seed
AZ,2023,white,hisp,m,40-44,0.9153,synthetic_seed
AZ,2023,white,hisp,f,40-44,0.7534,synthetic_seed
AZ,2023,white,hisp,m,45-49,0.8875,synthetic_seed
AZ,2023,white,hisp,f,45-49,0.7649,synthetic_seed
AZ,2023,white,hisp,m,50-54,0.8331,synthetic_seed
AZ,2023,white,hisp,f,50-54,0.7334,synthetic_seed
AZ,2023,white,hisp,m,55-59,0.7694,synthetic_seed
AZ,2023,white,hisp,f,55-59,0.6606,synthetic_seed
AZ,2023,white,hisp,m,60-64,0.6039,synthetic_seed
AZ,2023,white,hisp,f,60-64,0.5115,synthetic_seed
AZ,2023,white,hisp,m,65-69,0.3922,synthetic_seed
AZ,2023,white,hisp,f,65-69,0.2829,synthetic_seed
AZ,2023,white,hisp,m,70-74,0.2281,synthetic_seed
AZ,2023,white,hisp,f,70-74,0.1454,synthetic_seed
AZ,2023,white,hisp,m,75-79,0.1203,synthetic_seed
AZ,2023,white,hisp,f,75-79,0.0711,synthetic_seed
AZ,2023,white,hisp,m,80-84,0.0601,synthetic_seed
AZ,2023,white,hisp,f,80-84,0.0296,synthetic_seed
AZ,2023,white,hisp,m,85+,0.0195,synthetic_seed
AZ,2023,white,hisp,f,85+,0.0098,synthetic_seed
AZ,2023,black,non-hisp,m,0-4,0.0,synthetic_seed
AZ,2023,black,non-hisp,f,0-4,0.0,synthetic_seed
AZ,2023,black,non-hisp,m,5-9,0.0,synthetic_seed
AZ,2023,black,non-hisp,f,5-9,0.0,synthetic_seed
AZ,2023,black,non-hisp,m,10-14,0.0,synthetic_seed
AZ,2023,black,non-hisp,f,10-14,0.0,synthetic_seed
AZ,2023,black,non-hisp,m,15-19,0.349,synthetic_seed
AZ,2023,black,non-hisp,f,15-19,0.3088,synthetic_seed
AZ,2023,black,non-hisp,m,20-24,0.7507,synthetic_seed
AZ,2023,black,non-hisp,f,20-24,0.6829,synthetic_seed
AZ,2023,black,non-hisp,m,25-29,0.852,synthetic_seed
AZ,2023,black,non-hisp,f,25-29,0.7397,synthetic_seed
AZ,2023,black,non-hisp,m,30-34,0.8477,synthetic_seed
AZ,2023,black,non-hisp,f,30-34,0.7299,synthetic_seed
AZ,2023,black,non-hisp,m,35-39,0.8878,synthetic_seed
AZ,2023,black,non-hisp,f,35-39,0.7332,synthetic_seed
AZ,2023,black,non-hisp,m,40-44,0.8724,synthetic_seed
AZ,2023,black,non-hisp,f,40-44,0.7415,synthetic_seed
AZ,2023,black,non-hisp,m,45-49,0.8222,synthetic_seed
AZ,2023,black,non-hisp,f,45-49,0.7385,synthetic_seed
AZ,2023,black,non-hisp,m,50-54,0.7871,synthetic_seed
AZ,2023,black,non-hisp,f,50-54,0.7375,synthetic_seed
AZ,2023,black,non-hisp,m,55-59,0.7258,synthetic_seed
AZ,2023,black,non-hisp,f,55-59,0.627,synthetic_seed
AZ,2023,black,non-hisp,m,60-64,0.5801,synthetic_seed
AZ,2023,black,non-hisp,f,60-64,0.5046,synthetic_seed
AZ,2023,black,non-hisp,m,65-69,0.3799,synthetic_seed
AZ,2023,black,non-hisp,f,65-69,0.278,synthetic_seed
AZ,2023,black,non-hisp,m,70-74,0.2198,synthetic_seed
AZ,2023,black,non-hisp,f,70-74,0.1481,synthetic_seed
AZ,2023,black,non-hisp,m,75-79,0.1191,synthetic_seed
AZ,2023,black,non-hisp,f,75-79,0.0673,synthetic_seed
AZ,2023,black,non-hisp,m,80-84,0.0569,synthetic_seed
AZ,2023,black,non-hisp,f,80-84,0.0291,synthetic_seed
AZ,2023,black,non-hisp,m,85+,0.0198,synthetic_seed
AZ,2023,black,non-hisp,f,85+,0.0097,synthetic_seed
AZ,2023,black,hisp,m,0-4,0.0,synthetic_seed
AZ,2023,black,hisp,f,0-4,0.0,synthetic_seed
AZ,2023,black,hisp,m,5-9,0.0,synthetic_seed
AZ,2023,black,hisp,f,5-9,0.0,synthetic_seed
AZ,2023,black,hisp,m,10-14,0.0,synthetic_seed
AZ,2023,black,hisp,f,10-14,0.0,synthetic_seed
AZ,2023,black,hisp,m,15-19,0.3388,synthetic_seed
AZ,2023,black,hisp,f,15-19,0.3089,synthetic_seed
AZ,2023,black,hisp,m,20-24,0.7426,synthetic_seed
AZ,2023,black,hisp,f,20-24,0.6627,synthetic_seed
AZ,2023,black,hisp,m,25-29,0.8576,synthetic_seed
AZ,2023,black,hisp,f,25-29,0.7115,synthetic_seed
AZ,2023,black,hisp,m,30-34,0.8594,synthetic_seed
AZ,2023,black,hisp,f,30-34,0.7041,synthetic_seed
AZ,2023,black,hisp,m,35-39,0.8971,synthetic_seed
AZ,2023,black,hisp,f,35-39,0.7136,synthetic_seed
AZ,2023,black,hisp,m,40-44,0.8437,synthetic_seed
AZ,2023,black,hisp,f,40-44,0.7227,synthetic_seed
AZ,2023,black,hisp,m,45-49,0.8499,synthetic_seed
AZ,2023,black,hisp,f,45-49,0.7382,synthetic_seed
AZ,2023,black,hisp,m,50-54,0.824,synthetic_seed
AZ,2023,black,hisp,f,50-54,0.716,synthetic_seed
AZ,2023,black,hisp,m,55-59,0.7589,synthetic_seed
AZ,2023,black,hisp,f,55-59,0.6366,synthetic_seed
AZ,2023,black,hisp,m,60-64,0.6016,synthetic_seed
AZ,2023,black,hisp,f,60-64,0.4871,synthetic_seed
AZ,2023,black,hisp,m,65-69,0.3684,synthetic_seed
AZ,2023,black,hisp,f,65-69,0.263,synthetic_seed
AZ,2023,black,hisp,m,70-74,0.2224,synthetic_seed
AZ,2023,black,hisp,f,70-74,0.1415,synthetic_seed
AZ,2023,black,hisp,m,75-79,0.1166,synthetic_seed
AZ,2023,black,hisp,f,75-79,0.0667,synthetic_seed
AZ,2023,black,hisp,m,80-84,0.0591,synthetic_seed
AZ,2023,black,hisp,f,80-84,0.0291,synthetic_seed
AZ,2023,black,hisp,m,85+,0.019,synthetic_seed
AZ,2023,black,hisp,f,85+,0.0098,synthetic_seed
AZ,2023,asian,non-hisp,m,0-4,0.0,synthetic_seed
AZ,2023,asian,non-hisp,f,0-4,0.0,synthetic_seed
AZ,2023,asian,non-hisp,m,5-9,0.0,synthetic_seed
AZ,2023,asian,non-hisp,f,5-9,0.0,synthetic_seed
AZ,2023,asian,non-hisp,m,10-14,0.0,synthetic_seed
AZ,2023,asian,non-hisp,f,10-14,0.0,synthetic_seed
AZ,2023,asian,non-hisp,m,15-19,0.3822,synthetic_seed
AZ,2023,asian,non-hisp,f,15-19,0.3287,synthetic_seed
AZ,2023,asian,non-hisp,m,20-24,0.7659,synthetic_seed
AZ,2023,asian,non-hisp,f,20-24,0.703,synthetic_seed
AZ,2023,asian,non-hisp,m,25-29,0.8867,synthetic_seed
AZ,2023,asian,non-hisp,f,25-29,0.7712,synthetic_seed
AZ,2023,asian,non-hisp,m,30-34,0.9448,synthetic_seed
AZ,2023,asian,non-hisp,f,30-34,0.7444,synthetic_seed
AZ,2023,asian,non-hisp,m,35-39,0.9385,synthetic_seed
AZ,2023,asian,non-hisp,f,35-39,0.7592,synthetic_seed
AZ,2023,asian,non-hisp,m,40-44,0.9308,synthetic_seed
AZ,2023,asian,non-hisp,f,40-44,0.7788,synthetic_seed
AZ,2023,asian,non-hisp,m,45-49,0.8566,synthetic_seed
AZ,2023,asian,non-hisp,f,45-49,0.7871,synthetic_seed
AZ,2023,asian,non-hisp,m,50-54,0.8493,synthetic_seed
AZ,2023,asian,non-hisp,f,50-54,0.7649,synthetic_seed
AZ,2023,asian,non-hisp,m,55-59,0.7484,synthetic_seed
AZ,2023,asian,non-hisp,f,55-59,0.6467,synthetic_seed
AZ,2023,asian,non-hisp,m,60-64,0.5912,synthetic_seed
AZ,2023,asian,non-hisp,f,60-64,0.5185,synthetic_seed
AZ,2023,asian,non-hisp,m,65-69,0.385,synthetic_seed
AZ,2023,asian,non-hisp,f,65-69,0.2827,synthetic_seed
AZ,2023,asian,non-hisp,m,70-74,0.2401,synthetic_seed
AZ,2023,asian,non-hisp,f,70-74,0.1531,synthetic_seed
AZ,2023,asian,non-hisp,m,75-79,0.1224,synthetic_seed
AZ,2023,asian,non-hisp,f,75-79,0.072,synthetic_seed
AZ,2023,asian,non-hisp,m,80-84,0.0613,synthetic_seed
AZ,2023,asian,non-hisp,f,80-84,0.031,synthetic_seed
AZ,2023,asian,non-hisp,m,85+,0.0199,synthetic_seed
AZ,2023,asian,non-hisp,f,85+,0.0102,synthetic_seed
AZ,2023,asian,hisp,m,0-4,0.0,synthetic_seed
AZ,2023,asian,hisp,f,0-4,0.0,synthetic_seed
AZ,2023,asian,hisp,m,5-9,0.0,synthetic_seed
AZ,2023,asian,hisp,f,5-9,0.0,synthetic_seed
AZ,2023,asian,hisp,m,10-14,0.0,synthetic_seed
AZ,2023,asian,hisp,f,10-14,0.0,synthetic_seed
AZ,2023,asian,hisp,m,15-19,0.3744,synthetic_seed
AZ,2023,asian,hisp,f,15-19,0.3266,synthetic_seed
AZ,2023,asian,hisp,m,20-24,0.7594,synthetic_seed
AZ,2023,asian,hisp,f,20-24,0.717,synthetic_seed
AZ,2023,asian,hisp,m,25-29,0.8871,synthetic_seed
AZ,2023,asian,hisp,f,25-29,0.7669,synthetic_seed
AZ,2023,asian,hisp,m,30-34,0.909,synthetic_seed
AZ,2023,asian,hisp,f,30-34,0.7624,synthetic_seed
AZ,2023,asian,hisp,m,35-39,0.9352,synthetic_seed
AZ,2023,asian,hisp,f,35-39,0.7807,synthetic_seed
AZ,2023,asian,hisp,m,40-44,0.9368,synthetic_seed
AZ,2023,asian,hisp,f,40-44,0.7878,synthetic_seed
AZ,2023,asian,hisp,m,45-49,0.8811,synthetic_seed
AZ,2023,asian,hisp,f,45-49,0.7839,synthetic_seed
AZ,2023,asian,hisp,m,50-54,0.8503,synthetic_seed
AZ,2023,asian,hisp,f,50-54,0.7701,synthetic_seed
AZ,2023,asian,hisp,m,55-59,0.7477,synthetic_seed
AZ,2023,asian,hisp,f,55-59,0.6691,synthetic_seed
AZ,2023,asian,hisp,m,60-64,0.5978,synthetic_seed
AZ,2023,asian,hisp,f,60-64,0.4907,synthetic_seed
AZ,2023,asian,hisp,m,65-69,0.3909,synthetic_seed
AZ,2023,asian,hisp,f,65-69,0.285,synthetic_seed
AZ,2023,asian,hisp,m,70-74,0.2342,synthetic_seed
AZ,2023,asian,hisp,f,70-74,0.1551,synthetic_seed
AZ,2023,asian,hisp,m,75-79,0.1219,synthetic_seed
AZ,2023,asian,hisp,f,75-79,0.0727,synthetic_seed
AZ,2023,asian,hisp,m,80-84,0.0609,synthetic_seed
AZ,2023,asian,hisp,f,80-84,0.0305,synthetic_seed
AZ,2023,asian,hisp,m,85+,0.0202,synthetic_seed
AZ,2023,asian,hisp,f,85+,0.0099,synthetic_seed
AZ,2023,other,non-hisp,m,0-4,0.0,synthetic_seed
AZ,2023,other,non-hisp,f,0-4,0.0,synthetic_seed
AZ,2023,other,non-hisp,m,5-9,0.0,synthetic_seed
AZ,2023,other,non-hisp,f,5-9,0.0,synthetic_seed
AZ,2023,other,non-hisp,m,10-14,0.0,synthetic_seed
AZ,2023,other,non-hisp,f,10-14,0.0,synthetic_seed
AZ,2023,other,non-hisp,m,15-19,0.3602,synthetic_seed
AZ,2023,other,non-hisp,f,15-19,0.3218,synthetic_seed
AZ,2023,other,non-hisp,m,20-24,0.7358,synthetic_seed
AZ,2023,other,non-hisp,f,20-24,0.6946,synthetic_seed
AZ,2023,other,non-hisp,m,25-29,0.8689,synthetic_seed
AZ,2023,other,non-hisp,f,25-29,0.7303,synthetic_seed
AZ,2023,other,non-hisp,m,30-34,0.9281,synthetic_seed
AZ,2023,other,non-hisp,f,30-34,0.7333,synthetic_seed
AZ,2023,other,non-hisp,m,35-39,0.9388,synthetic_seed
AZ,2023,other,non-hisp,f,35-39,0.7373,synthetic_seed
AZ,2023,other,non-hisp,m,40-44,0.8884,synthetic_seed
AZ,2023,other,non-hisp,f,40-44,0.7595,synthetic_seed
AZ,2023,other,non-hisp,m,45-49,0.8792,synthetic_seed
AZ,2023,other,non-hisp,f,45-49,0.7775,synthetic_seed
AZ,2023,other,non-hisp,m,50-54,0.8235,synthetic_seed
AZ,2023,other,non-hisp,f,50-54,0.7258,synthetic_seed
AZ,2023,other,non-hisp,m,55-59,0.7459,synthetic_seed
AZ,2023,other,non-hisp,f,55-59,0.6307,synthetic_seed
AZ,2023,other,non-hisp,m,60-64,0.5704,synthetic_seed
AZ,2023,other,non-hisp,f,60-64,0.485,synthetic_seed
AZ,2023,other,non-hisp,m,65-69,0.3751,synthetic_seed
AZ,2023,other,non-hisp,f,65-69,0.2881,synthetic_seed
AZ,2023,other,non-hisp,m,70-74,0.2246,synthetic_seed
AZ,2023,other,non-hisp,f,70-74,0.1487,synthetic_seed
AZ,2023,other,non-hisp,m,75-79,0.1155,synthetic_seed
AZ,2023,other,non-hisp,f,75-79,0.0712,synthetic_seed
AZ,2023,other,non-hisp,m,80-84,0.0612,synthetic_seed
AZ,2023,other,non-hisp,f,80-84,0.0305,synthetic_seed
AZ,2023,other,non-hisp,m,85+,0.02,synthetic_seed
AZ,2023,other,non-hisp,f,85+,0.01,synthetic_seed
AZ,2023,other,hisp,m,0-4,0.0,synthetic_seed
AZ,2023,other,hisp,f,0-4,0.0,synthetic_seed
AZ,2023,other,hisp,m,5-9,0.0,synthetic_seed
AZ,2023,other,hisp,f,5-9,0.0,synthetic_seed
AZ,2023,other,hisp,m,10-14,0.0,synthetic_seed
AZ,2023,other,hisp,f,10-14,0.0,synthetic_seed
AZ,2023,other,hisp,m,15-19,0.3598,synthetic_seed
AZ,2023,other,hisp,f,15-19,0.3103,synthetic_seed
AZ,2023,other,hisp,m,20-24,0.7393,synthetic_seed
AZ,2023,other,hisp,f,20-24,0.6899,synthetic_seed
AZ,2023,other,hisp,m,25-29,0.8668,synthetic_seed
AZ,2023,other,hisp,f,25-29,0.7392,synthetic_seed
AZ,2023,other,hisp,m,30-34,0.8769,synthetic_seed
AZ,2023,other,hisp,f,30-34,0.7136,synthetic_seed
AZ,2023,other,hisp,m,35-39,0.8848,synthetic_seed
AZ,2023,other,hisp,f,35-39,0.7027,synthetic_seed
AZ,2023,other,hisp,m,40-44,0.8983,synthetic_seed
AZ,2023,other,hisp,f,40-44,0.7803,synthetic_seed
AZ,2023,other,hisp,m,45-49,0.8601,synthetic_seed
AZ,2023,other,hisp,f,45-49,0.7644,synthetic_seed
AZ,2023,other,hisp,m,50-54,0.8431,synthetic_seed
AZ,2023,other,hisp,f,50-54,0.7465,synthetic_seed
AZ,2023,other,hisp,m,55-59,0.761,synthetic_seed
AZ,2023,other,hisp,f,55-59,0.6433,synthetic_seed
AZ,2023,other,hisp,m,60-64,0.5929,synthetic_seed
AZ,2023,other,hisp,f,60-64,0.4886,synthetic_seed
AZ,2023,other,hisp,m,65-69,0.3682,synthetic_seed
AZ,2023,other,hisp,f,65-69,0.2861,synthetic_seed
AZ,2023,other,hisp,m,70-74,0.2271,synthetic_seed
AZ,2023,other,hisp,f,70-74,0.1515,synthetic_seed
AZ,2023,other,hisp,m,75-79,0.1226,synthetic_seed
AZ,2023,other,hisp,f,75-79,0.0723,synthetic_seed
AZ,2023,other,hisp,m,80-84,0.0589,synthetic_seed
AZ,2023,other,hisp,f,80-84,0.0303,synthetic_seed
AZ,2023,other,hisp,m,85+,0.0198,synthetic_seed
AZ,2023,other,hisp,f,85+,0.01,synthetic_seed
AR,2023,white,non-hisp,m,0-4,0.0,synthetic_seed
AR,2023,white,non-hisp,f,0-4,0.0,synthetic_seed
AR,2023,white,non-hisp,m,5-9,0.0,synthetic_seed
AR,2023,white,non-hisp,f,5-9,0.0,synthetic_seed
AR,2023,white,non-hisp,m,10-14,0.0,synthetic_seed
AR,2023,white,non-hisp,f,10-14,0.0,synthetic_seed
AR,2023,white,non-hisp,m,15-19,0.3466,synthetic_seed
AR,2023,white,non-hisp,f,15-19,0.317,synthetic_seed
AR,2023,white,non-hisp,m,20-24,0.7533,synthetic_seed
AR,2023,white,non-hisp,f,20-24,0.6833,synthetic_seed
AR,2023,white,non-hisp,m,25-29,0.8821,synthetic_seed
AR,2023,white,non-hisp,f,25-29,0.7318,synthetic_seed
AR,2023,white,non-hisp,m,30-34,0.9364,synthetic_seed
AR,2023,white,non-hisp,f,30-34,0.7139,synthetic_seed
AR,2023,white,non-hisp,m,35-39,0.9156,synthetic_seed
AR,2023,white,non-hisp,f,35-39,0.7585,synthetic_seed
AR,2023,white,non-hisp,m,40-44,0.8751,synthetic_seed
AR,2023,white,non-hisp,f,40-44,0.7666,synthetic_seed
AR,2023,white,non-hisp,m,45-49,0.8792,synthetic_seed
AR,2023,white,non-hisp,f,45-49,0.7774,synthetic_seed
AR,2023,white,non-hisp,m,50-54,0.8505,synthetic_seed
AR,2023,white,non-hisp,f,50-54,0.7223,synthetic_seed
AR,2023,white,non-hisp,m,55-59,0.7354,synthetic_seed
AR,2023,white,non-hisp,f,55-59,0.6284,synthetic_seed
AR,2023,white,non-hisp,m,60-64,0.5822,synthetic_seed
AR,2023,white,non-hisp,f,60-64,0.4991,synthetic_seed
AR,2023,white,non-hisp,m,65-69,0.3841,synthetic_seed
AR,2023,white,non-hisp,f,65-69,0.2796,synthetic_seed
AR,2023,white,non-hisp,m,70-74,0.2247,synthetic_seed
AR,2023,white,non-hisp,f,70-74,0.1496,synthetic_seed
AR,2023,white,non-hisp,m,75-79,0.1212,synthetic_seed
AR,2023,white,non-hisp,f,75-79,0.0684,synthetic_seed
AR,2023,white,non-hisp,m,80-84,0.0608,synthetic_seed
AR,2023,white,non-hisp,f,80-84,0.0303,synthetic_seed
AR,2023,white,non-hisp,m,85+,0.0199,synthetic_seed
AR,2023,white,non-hisp,f,85+,0.0098,synthetic_seed
AR,2023,white,hisp,m,0-4,0.0,synthetic_seed
AR,2023,white,hisp,f,0-4,0.0,synthetic_seed
AR,2023,white,hisp,m,5-9,0.0,synthetic_seed
AR,2023,white,hisp,f,5-9,0.0,synthetic_seed
AR,2023,white,hisp,m,10-14,0.0,synthetic_seed
AR,2023,white,hisp,f,10-14,0.0,synthetic_seed
AR,2023,white,hisp,m,15-19,0.3562,synthetic_seed
AR,2023,white,hisp,f,15-19,0.323,synthetic_seed
AR,2023,white,hisp,m,20-24,0.7538,synthetic_seed
AR,2023,white,hisp,f,20-24,0.7244,synthetic_seed
AR,2023,white,hisp,m,25-29,0.8555,synthetic_seed
AR,2023,white,hisp,f,25-29,0.7187,synthetic_seed
AR,2023,white,hisp,m,30-34,0.898,synthetic_seed
AR,2023,white,hisp,f,30-34,0.7266,synthetic_seed
AR,2023,white,hisp,m,35-39,0.9178,synthetic_seed
AR,2023,white,hisp,f,35-39,0.7365,synthetic_seed
AR,2023,white,hisp,m,40-44,0.9122,synthetic_seed
AR,2023,white,hisp,f,40-44,0.7891,synthetic_seed
AR,2023,white,hisp,m,45-49,0.8787,synthetic_seed
AR,2023,white,hisp,f,45-49,0.7453,synthetic_seed
AR,2023,white,hisp,m,50-54,0.8124,synthetic_seed
AR,2023,white,hisp,f,50-54,0.7306,synthetic_seed
AR,2023,white,hisp,m,55-59,0.7625,synthetic_seed
AR,2023,white,hisp,f,55-59,0.6216,synthetic_seed
AR,2023,white,hisp,m,60-64,0.6155,synthetic_seed
AR,2023,white,hisp,f,60-64,0.5105,synthetic_seed
AR,2023,white,hisp,m,65-69,0.363,synthetic_seed
AR,2023,white,hisp,f,65-69,0.2798,synthetic_seed
AR,2023,white,hisp,m,70-74,0.2292,synthetic_seed
AR,2023,white,hisp,f,70-74,0.1512,synthetic_seed
AR,2023,white,hisp,m,75-79,0.122,synthetic_seed
AR,2023,white,hisp,f,75-79,0.0702,synthetic_seed
AR,2023,white,hisp,m,80-84,0.0583,synthetic_seed
AR,2023,white,hisp,f,80-84,0.0296,synthetic_seed
AR,2023,white,hisp,m,85+,0.0205,synthetic_seed
AR,2023,white,hisp,f,85+,0.0102,synthetic_seed
AR,2023,black,non-hisp,m,0-4,0.0,synthetic_seed
AR,2023,black,non-hisp,f,0-4,0.0,synthetic_seed
AR,2023,black,non-hisp,m,5-9,0.0,synthetic_seed
AR,2023,black,non-hisp,f,5-9,0.0,synthetic_seed
AR,2023,black,non-hisp,m,10-14,0.0,synthetic_seed
AR,2023,black,non-hisp,f,10-14,0.0,synthetic_seed
AR,2023,black,non-hisp,m,15-19,0.3623,synthetic_seed
AR,2023,black,non-hisp,f,15-19,0.2998,synthetic_seed
AR,2023,black,non-hisp,m,20-24,0.7379,synthetic_seed
AR,2023,black,non-hisp,f,20-24,0.6914,synthetic_seed
AR,2023,black,non-hisp,m,25-29,0.8393,synthetic_seed
AR,2023,black,non-hisp,f,25-29,0.7343,synthetic_seed
AR,2023,black,non-hisp,m,30-34,0.887,synthetic_seed
AR,2023,black,non-hisp,f,30-34,0.6864,synthetic_seed
AR,2023,black,non-hisp,m,35-39,0.8769,synthetic_seed
AR,2023,black,non-hisp,f,35-39,0.7092,synthetic_seed
AR,2023,black,non-hisp,m,40-44,0.8772,synthetic_seed
AR,2023,black,non-hisp,f,40-44,0.7433,synthetic_seed
AR,2023,black,non-hisp,m,45-49,0.8475,synthetic_seed
AR,2023,black,non-hisp,f,45-49,0.7565,synthetic_seed
AR,2023,black,non-hisp,m,50-54,0.8049,synthetic_seed
AR,2023,black,non-hisp,f,50-54,0.7136,synthetic_seed
AR,2023,black,non-hisp,m,55-59,0.7352,synthetic_seed
AR,2023,black,non-hisp,f,55-59,0.6328,synthetic_seed
AR,2023,black,non-hisp,m,60-64,0.5854,synthetic_seed
AR,2023,black,non-hisp,f,60-64,0.4976,synthetic_seed
AR,2023,black,non-hisp,m,65-69,0.3791,synthetic_seed
AR,2023,black,non-hisp,f,65-69,0.2731,synthetic_seed
AR,2023,black,non-hisp,m,70-74,0.2259,synthetic_seed
AR,2023,black,non-hisp,f,70-74,0.1473,synthetic_seed
AR,2023,black,non-hisp,m,75-79,0.116,synthetic_seed
AR,2023,black,non-hisp,f,75-79,0.07,synthetic_seed
AR,2023,black,non-hisp,m,80-84,0.0601,synthetic_seed
AR,2023,black,non-hisp,f,80-84,0.0293,synthetic_seed
AR,2023,black,non-hisp,m,85+,0.0192,synthetic_seed
AR,2023,black,non-hisp,f,85+,0.0099,synthetic_seed
AR,2023,black,hisp,m,0-4,0.0,synthetic_seed
AR,2023,black,hisp,f,0-4,0.0,synthetic_seed
AR,2023,black,hisp,m,5-9,0.0,synthetic_seed
AR,2023,black,hisp,f,5-9,0.0,synthetic_seed
AR,2023,black,hisp,m,10-14,0.0,synthetic_seed
AR,2023,black,hisp,f,10-14,0.0,synthetic_seed
AR,2023,black,hisp,m,15-19,0.3559,synthetic_seed
AR,2023,black,hisp,f,15-19,0.306,synthetic_seed
AR,2023,black,hisp,m,20-24,0.7661,synthetic_seed
AR,2023,black,hisp,f,20-24,0.6745,synthetic_seed
AR,2023,black,hisp,m,25-29,0.8457,synthetic_seed
AR,2023,black,hisp,f,25-29,0.7233,synthetic_seed
AR,2023,black,hisp,m,30-34,0.8838,synthetic_seed
AR,2023,black,hisp,f,30-34,0.6988,synthetic_seed
AR,2023,black,hisp,m,35-39,0.8918,synthetic_seed
AR,2023,black,hisp,f,35-39,0.7174,synthetic_seed
AR,2023,black,hisp,m,40-44,0.8735,synthetic_seed
AR,2023,black,hisp,f,40-44,0.7477,synthetic_seed
AR,2023,black,hisp,m,45-49,0.8501,synthetic_seed
AR,2023,black,hisp,f,45-49,0.7599,synthetic_seed
AR,2023,black,hisp,m,50-54,0.8016,synthetic_seed
AR,2023,black,hisp,f,50-54,0.7155,synthetic_seed
AR,2023,black,hisp,m,55-59,0.7322,synthetic_seed
AR,2023,black,hisp,f,55-59,0.6227,synthetic_seed
AR,2023,black,hisp,m,60-64,0.6013,synthetic_seed
AR,2023,black,hisp,f,60-64,0.4937,synthetic_seed
AR,2023,black,hisp,m,65-69,0.3732,synthetic_seed
AR,2023,black,hisp,f,65-69,0.2724,synthetic_seed
AR,2023,black,hisp,m,70-74,0.2253,synthetic_seed
AR,2023,black,hisp,f,70-74,0.1411,synthetic_seed
AR,2023,black,hisp,m,75-79,0.1177,synthetic_seed
AR,2023,black,hisp,f,75-79,0.0678,synthetic_seed
AR,2023,black,hisp,m,80-84,0.0577,synthetic_seed
AR,2023,black,hisp,f,80-84,0.0292,synthetic_seed
AR,2023,black,hisp,m,85+,0.0194,synthetic_seed
AR,2023,black,hisp,f,85+,0.0103,synthetic_seed
AR,2023,asian,non-hisp,m,0-4,0.0,synthetic_seed
AR,2023,asian,non-hisp,f,0-4,0.0,synthetic_seed
AR,2023,asian,non-hisp,m,5-9,0.0,synthetic_seed
AR,2023,asian,non-hisp,f,5-9,0.0,synthetic_seed
AR,2023,asian,non-hisp,m,10-14,0.0,synthetic_seed
AR,2023,asian,non-hisp,f,10-14,0.0,synthetic_seed
AR,2023,asian,non-hisp,m,15-19,0.3829,synthetic_seed
AR,2023,asian,non-hisp,f,15-19,0.3338,synthetic_seed
AR,2023,asian,non-hisp,m,20-24,0.7337,synthetic_seed
AR,2023,asian,non-hisp,f,20-24,0.7109,synthetic_seed
AR,2023,asian,non-hisp,m,25-29,0.9033,synthetic_seed
AR,2023,asian,non-hisp,f,25-29,0.7581,synthetic_seed
AR,2023,asian,non-hisp,m,30-34,0.9402,synthetic_seed
AR,2023,asian,non-hisp,f,30-34,0.7145,synthetic_seed
AR,2023,asian,non-hisp,m,35-39,0.9203,synthetic_seed
AR,2023,asian,non-hisp,f,35-39,0.7424,synthetic_seed
AR,2023,asian,non-hisp,m,40-44,0.9177,synthetic_seed
AR,2023,asian,non-hisp,f,40-44,0.775,synthetic_seed
AR,2023,asian,non-hisp,m,45-49,0.8525,synthetic_seed
AR,2023,asian,non-hisp,f,45-49,0.8,synthetic_seed
AR,2023,asian,non-hisp,m,50-54,0.8483,synthetic_seed
AR,2023,asian,non-hisp,f,50-54,0.7501,synthetic_seed
AR,2023,asian,non-hisp,m,55-59,0.7538,synthetic_seed
AR,2023,asian,non-hisp,f,55-59,0.6841,synthetic_seed
AR,2023,asian,non-hisp,m,60-64,0.6215,synthetic_seed
AR,2023,asian,non-hisp,f,60-64,0.5238,synthetic_seed
AR,2023,asian,non-hisp,m,65-69,0.3736,synthetic_seed
AR,2023,asian,non-hisp,f,65-69,0.2835,synthetic_seed
AR,2023,asian,non-hisp,m,70-74,0.233,synthetic_seed
AR,2023,asian,non-hisp,f,70-74,0.1525,synthetic_seed
AR,2023,asian,non-hisp,m,75-79,0.1242,synthetic_seed
AR,2023,asian,non-hisp,f,75-79,0.0736,synthetic_seed
AR,2023,asian,non-hisp,m,80-84,0.061,synthetic_seed
AR,2023,asian,non-hisp,f,80-84,0.0298,synthetic_seed
AR,2023,asian,non-hisp,m,85+,0.0203,synthetic_seed
AR,2023,asian,non-hisp,f,85+,0.0102,synthetic_seed
AR,2023,asian,hisp,m,0-4,0.0,synthetic_seed
AR,2023,asian,hisp,f,0-4,0.0,synthetic_seed
AR,2023,asian,hisp,m,5-9,0.0,synthetic_seed
AR,2023,asian,hisp,f,5-9,0.0,synthetic_seed
AR,2023,asian,hisp,m,10-14,0.0,synthetic_seed
AR,2023,asian,hisp,f,10-14,0.0,synthetic_seed
AR,2023,asian,hisp,m,15-19,0.3626,synthetic_seed
AR,2023,asian,hisp,f,15-19,0.3287,synthetic_seed
AR,2023,asian,hisp,m,20-24,0.7487,synthetic_seed
AR,2023,asian,hisp,f,20-24,0.7224,synthetic_seed
AR,2023,asian,hisp,m,25-29,0.934,synthetic_seed
AR,2023,asian,hisp,f,25-29,0.7236,synthetic_seed
AR,2023,asian,hisp,m,30-34,0.9074,synthetic_seed
AR,2023,asian,hisp,f,30-34,0.7322,synthetic_seed
AR,2023,asian,hisp,m,35-39,0.921,synthetic_seed
AR,2023,asian,hisp,f,35-39,0.7688,synthetic_seed
AR,2023,asian,hisp,m,40-44,0.9341,synthetic_seed
AR,2023,asian,hisp,f,40-44,0.763,synthetic_seed
AR,2023,asian,hisp,m,45-49,0.8921,synthetic_seed
AR,2023,asian,hisp,f,45-49,0.7499,synthetic_seed
AR,2023,asian,hisp,m,50-54,0.8423,synthetic_seed
AR,2023,asian,hisp,f,50-54,0.7328,synthetic_seed
AR,2023,asian,hisp,m,55-59,0.7764,synthetic_seed
AR,2023,asian,hisp,f,55-59,0.6801,synthetic_seed
AR,2023,asian,hisp,m,60-64,0.6247,synthetic_seed
AR,2023,asian,hisp,f,60-64,0.5295,synthetic_seed
AR,2023,asian,hisp,m,65-69,0.3968,synthetic_seed
AR,2023,asian,hisp,f,65-69,0.2909,synthetic_seed
AR,2023,asian,hisp,m,70-74,0.2352,synthetic_seed
AR,2023,asian,hisp,f,70-74,0.1528,synthetic_seed
AR,2023,asian,hisp,m,75-79,0.1223,synthetic_seed
AR,2023,asian,hisp,f,75-79,0.0717,synthetic_seed
AR,2023,asian,hisp,m,80-84,0.0611,synthetic_seed
AR,2023,asian,hisp,f,80-84,0.0309,synthetic_seed
AR,2023,asian,hisp,m,85+,0.02,synthetic_seed
AR,2023,asian,hisp,f,85+,0.0101,synthetic_seed
AR,2023,other,non-hisp,m,0-4,0.0,synthetic_seed
AR,2023,other,non-hisp,f,0-4,0.0,synthetic_seed
AR,2023,other,non-hisp,m,5-9,0.0,synthetic_seed
AR,2023,other,non-hisp,f,5-9,0.0,synthetic_seed
AR,2023,other,non-hisp,m,10-14,0.0,synthetic_seed
AR,2023,other,non-hisp,f,10-14,0.0,synthetic_seed
AR,2023,other,non-hisp,m,15-19,0.3494,synthetic_seed
AR,2023,other,non-hisp,f,15-19,0.3197,synthetic_seed
AR,2023,other,non-hisp,m,20-24,0.7477,synthetic_seed
AR,2023,other,non-hisp,f,20-24,0.6951,synthetic_seed
AR,2023,other,non-hisp,m,25-29,0.8679,synthetic_seed
AR,2023,other,non-hisp,f,25-29,0.7894,synthetic_seed
AR,2023,other,non-hisp,m,30-34,0.9145,synthetic_seed
AR,2023,other,non-hisp,f,30-34,0.7234,synthetic_seed
AR,2023,other,non-hisp,m,35-39,0.9017,synthetic_seed
AR,2023,other,non-hisp,f,35-39,0.7359,synthetic_seed
AR,2023,other,non-hisp,m,40-44,0.8679,synthetic_seed
AR,2023,other,non-hisp,f,40-44,0.768,synthetic_seed
AR,2023,other,non-hisp,m,45-49,0.8586,synthetic_seed
AR,2023,other,non-hisp,f,45-49,0.775,synthetic_seed
AR,2023,other,non-hisp,m,50-54,0.8414,synthetic_seed
AR,2023,other,non-hisp,f,50-54,0.7484,synthetic_seed
AR,2023,other,non-hisp,m,55-59,0.7406,synthetic_seed
AR,2023,other,non-hisp,f,55-59,0.6332,synthetic_seed
AR,2023,other,non-hisp,m,60-64,0.6089,synthetic_seed
AR,2023,other,non-hisp,f,60-64,0.4998,synthetic_seed
AR,2023,other,non-hisp,m,65-69,0.3806,synthetic_seed
AR,2023,other,non-hisp,f,65-69,0.2679,synthetic_seed
AR,2023,other,non-hisp,m,70-74,0.2279,synthetic_seed
AR,2023,other,non-hisp,f,70-74,0.1461,synthetic_seed
AR,2023,other,non-hisp,m,75-79,0.1185,synthetic_seed
AR,2023,other,non-hisp,f,75-79,0.0709,synthetic_seed
AR,2023,other,non-hisp,m,80-84,0.0614,synthetic_seed
AR,2023,other,non-hisp,f,80-84,0.0302,synthetic_seed
AR,2023,other,non-hisp,m,85+,0.0199,synthetic_seed
AR,2023,other,non-hisp,f,85+,0.0102,synthetic_seed
AR,2023,other,hisp,m,0-4,0.0,synthetic_seed
AR,2023,other,hisp,f,0-4,0.0,synthetic_seed
AR,2023,other,hisp,m,5-9,0.0,synthetic_seed
AR,2023,other,hisp,f,5-9,0.0,synthetic_seed
AR,2023,other,hisp,m,10-14,0.0,synthetic_seed
AR,2023,other,hisp,f,10-14,0.0,synthetic_seed
AR,2023,other,hisp,m,15-19,0.354,synthetic_seed
AR,2023,other,hisp,f,15-19,0.3231,synthetic_seed
AR,2023,other,hisp,m,20-24,0.7437,synthetic_seed
AR,2023,other,hisp,f,20-24,0.6617,synthetic_seed
AR,2023,other,hisp,m,25-29,0.9084,synthetic_seed
AR,2023,other,hisp,f,25-29,0.7417,synthetic_seed
AR,2023,other,hisp,m,30-34,0.9354,synthetic_seed
AR,2023,other,hisp,f,30-34,0.7267,synthetic_seed
AR,2023,other,hisp,m,35-39,0.9238,synthetic_seed
AR,2023,other,hisp,f,35-39,0.7223,synthetic_seed
AR,2023,other,hisp,m,40-44,0.8964,synthetic_seed
AR,2023,other,hisp,f,40-44,0.7736,synthetic_seed
AR,2023,other,hisp,m,45-49,0.859,synthetic_seed
AR,2023,other,hisp,f,45-49,0.7835,synthetic_seed
AR,2023,other,hisp,m,50-54,0.8125,synthetic_seed
AR,2023,other,hisp,f,50-54,0.7318,synthetic_seed
AR,2023,other,hisp,m,55-59,0.7649,synthetic_seed
AR,2023,other,hisp,f,55-59,0.6618,synthetic_seed
AR,2023,other,hisp,m,60-64,0.5912,synthetic_seed
AR,2023,other,hisp,f,60-64,0.5019,synthetic_seed
AR,2023,other,hisp,m,65-69,0.3783,synthetic_seed
AR,2023,other,hisp,f,65-69,0.2854,synthetic_seed
AR,2023,other,hisp,m,70-74,0.229,synthetic_seed
AR,2023,other,hisp,f,70-74,0.1474,synthetic_seed
AR,2023,other,hisp,m,75-79,0.1211,synthetic_seed
AR,2023,other,hisp,f,75-79,0.0717,synthetic_seed
AR,2023,other,hisp,m,80-84,0.0599,synthetic_seed
AR,2023,other,hisp,f,80-84,0.0296,synthetic_seed
AR,2023,other,hisp,m,85+,0.0196,synthetic_seed
AR,2023,other,hisp,f,85+,0.0104,synthetic_seed
CA,2023,white,non-hisp,m,0-4,0.0,synthetic_seed
CA,2023,white,non-hisp,f,0-4,0.0,synthetic_seed
CA,2023,white,non-hisp,m,5-9,0.0,synthetic_seed
CA,2023,white,non-hisp,f,5-9,0.0,synthetic_seed
CA,2023,white,non-hisp,m,10-14,0.0,synthetic_seed
CA,2023,white,non-hisp,f,10-14,0.0,synthetic_seed
CA,2023,white,non-hisp,m,15-19,0.3626,synthetic_seed
CA,2023,white,non-hisp,f,15-19,0.3148,synthetic_seed
CA,2023,white,non-hisp,m,20-24,0.732,synthetic_seed
CA,2023,white,non-hisp,f,20-24,0.6933,synthetic_seed
CA,2023,white,non-hisp,m,25-29,0.8316,synthetic_seed
CA,2023,white,non-hisp,f,25-29,0.7483,synthetic_seed
CA,2023,white,non-hisp,m,30-34,0.869,synthetic_seed
CA,2023,white,non-hisp,f,30-34,0.7291,synthetic_seed
CA,2023,white,non-hisp,m,35-39,0.9209,synthetic_seed
CA,2023,white,non-hisp,f,35-39,0.7457,synthetic_seed
CA,2023,white,non-hisp,m,40-44,0.8925,synthetic_seed
CA,2023,white,non-hisp,f,40-44,0.7616,synthetic_seed
CA,2023,white,non-hisp,m,45-49,0.8401,synthetic_seed
CA,2023,white,non-hisp,f,45-49,0.7564,synthetic_seed
CA,2023,white,non-hisp,m,50-54,0.8478,synthetic_seed
CA,2023,white,non-hisp,f,50-54,0.7794,synthetic_seed
CA,2023,white,non-hisp,m,55-59,0.7616,synthetic_seed
CA,2023,white,non-hisp,f,55-59,0.6286,synthetic_seed
CA,2023,white,non-hisp,m,60-64,0.5972,synthetic_seed
CA,2023,white,non-hisp,f,60-64,0.485,synthetic_seed
CA,2023,white,non-hisp,m,65-69,0.3711,synthetic_seed
CA,2023,white,non-hisp,f,65-69,0.2753,synthetic_seed
CA,2023,white,non-hisp,m,70-74,0.2295,synthetic_seed
CA,2023,white,non-hisp,f,70-74,0.1472,synthetic_seed
CA,2023,white,non-hisp,m,75-79,0.1226,synthetic_seed
CA,2023,white,non-hisp,f,75-79,0.0692,synthetic_seed
CA,2023,white,non-hisp,m,80-84,0.0607,synthetic_seed
CA,2023,white,non-hisp,f,80-84,0.0295,synthetic_seed
CA,2023,white,non-hisp,m,85+,0.0195,synthetic_seed
CA,2023,white,non-hisp,f,85+,0.0099,synthetic_seed
CA,2023,white,hisp,m,0-4,0.0,synthetic_seed
CA,2023,white,hisp,f,0-4,0.0,synthetic_seed
CA,2023,white,hisp,m,5-9,0.0,synthetic_seed
CA,2023,white,hisp,f,5-9,0.0,synthetic_seed
CA,2023,white,hisp,m,10-14,0.0,synthetic_seed
CA,2023,white,hisp,f,10-14,0.0,synthetic_seed
CA,2023,white,hisp,m,15-19,0.3528,synthetic_seed
CA,2023,white,hisp,f,15-19,0.3306,synthetic_seed
CA,2023,white,hisp,m,20-24,0.7509,synthetic_seed
CA,2023,white,hisp,f,20-24,0.6911,synthetic_seed
CA,2023,white,hisp,m,25-29,0.8552,synthetic_seed
CA,2023,white,hisp,f,25-29,0.7779,synthetic_seed
CA,2023,white,hisp,m,30-34,0.9056,synthetic_seed
CA,2023,white,hisp,f,30-34,0.7332,synthetic_seed
CA,2023,white,hisp,m,35-39,0.8923,synthetic_seed
CA,2023,white,hisp,f,35-39,0.7345,synthetic_seed
CA,2023,white,hisp,m,40-44,0.9056,synthetic_seed
CA,2023,white,hisp,f,40-44,0.7841,synthetic_seed
CA,2023,white,hisp,m,45-49,0.8879,synthetic_seed
CA,2023,white,hisp,f,45-49,0.7445,synthetic_seed
CA,2023,white,hisp,m,50-54,0.851,synthetic_seed
CA,2023,white,hisp,f,50-54,0.7571,synthetic_seed
CA,2023,white,hisp,m,55-59,0.7526,synthetic_seed
CA,2023,white,hisp,f,55-59,0.6465,synthetic_seed
CA,2023,white,hisp,m,60-64,0.601,synthetic_seed
CA,2023,white,hisp,f,60-64,0.502,synthetic_seed
CA,2023,white,hisp,m,65-69,0.364,synthetic_seed
CA,2023,white,hisp,f,65-69,0.2815,synthetic_seed
CA,2023,white,hisp,m,70-74,0.2313,synthetic_seed
CA,2023,white,hisp,f,70-74,0.147,synthetic_seed
CA,2023,white,hisp,m,75-79,0.1223,synthetic_seed
CA,2023,white,hisp,f,75-79,0.0688,synthetic_seed
CA,2023,white,hisp,m,80-84,0.0604,synthetic_seed
CA,2023,white,hisp,f,80-84,0.0298,synthetic_seed
CA,2023,white,hisp,m,85+,0.0198,synthetic_seed
CA,2023,white,hisp,f,85+,0.0098,synthetic_seed
CA,2023,black,non-hisp,m,0-4,0.0,synthetic_seed
CA,2023,black,non-hisp,f,0-4,0.0,synthetic_seed
CA,2023,black,non-hisp,m,5-9,0.0,synthetic_seed
CA,2023,black,non-hisp,f,5-9,0.0,synthetic_seed
CA,2023,black,non-hisp,m,10-14,0.0,synthetic_seed
CA,2023,black,non-hisp,f,10-14,0.0,synthetic_seed
CA,2023,black,non-hisp,m,15-19,0.3526,synthetic_seed
CA,2023,black,non-hisp,f,15-19,0.307,synthetic_seed
CA,2023,black,non-hisp,m,20-24,0.7465,synthetic_seed
CA,2023,black,non-hisp,f,20-24,0.6653,synthetic_seed
CA,2023,black,non-hisp,m,25-29,0.8535,synthetic_seed
CA,2023,black,non-hisp,f,25-29,0.7309,synthetic_seed
CA,2023,black,non-hisp,m,30-34,0.8735,synthetic_seed
CA,2023,black,non-hisp,f,30-34,0.6968,synthetic_seed
CA,2023,black,non-hisp,m,35-39,0.8709,synthetic_seed
CA,2023,black,non-hisp,f,35-39,0.7249,synthetic_seed
CA,2023,black,non-hisp,m,40-44,0.8261,synthetic_seed
CA,2023,black,non-hisp,f,40-44,0.7605,synthetic_seed
CA,2023,black,non-hisp,m,45-49,0.8126,synthetic_seed
CA,2023,black,non-hisp,f,45-49,0.75,synthetic_seed
CA,2023,black,non-hisp,m,50-54,0.8352,synthetic_seed
CA,2023,black,non-hisp,f,50-54,0.7414,synthetic_seed
CA,2023,black,non-hisp,m,55-59,0.7256,synthetic_seed
CA,2023,black,non-hisp,f,55-59,0.6411,synthetic_seed
CA,2023,black,non-hisp,m,60-64,0.6009,synthetic_seed
CA,2023,black,non-hisp,f,60-64,0.4961,synthetic_seed
CA,2023,black,non-hisp,m,65-69,0.3814,synthetic_seed
CA,2023,black,non-hisp,f,65-69,0.2751,synthetic_seed
CA,2023,black,non-hisp,m,70-74,0.2284,synthetic_seed
CA,2023,black,non-hisp,f,70-74,0.1457,synthetic_seed
CA,2023,black,non-hisp,m,75-79,0.1138,synthetic_seed
CA,2023,black,non-hisp,f,75-79,0.0666,synthetic_seed
CA,2023,black,non-hisp,m,80-84,0.0584,synthetic_seed
CA,2023,black,non-hisp,f,80-84,0.0291,synthetic_seed
CA,2023,black,non-hisp,m,85+,0.0193,synthetic_seed
CA,2023,black,non-hisp,f,85+,0.0101,synthetic_seed
CA,2023,black,hisp,m,0-4,0.0,synthetic_seed
CA,2023,black,hisp,f,0-4,0.0,synthetic_seed
CA,2023,black,hisp,m,5-9,0.0,synthetic_seed
CA,2023,black,hisp,f,5-9,0.0,synthetic_seed
CA,2023,black,hisp,m,10-14,0.0,synthetic_seed
CA,2023,black,hisp,f,10-14,0.0,synthetic_seed
CA,2023,black,hisp,m,15-19,0.3547,synthetic_seed
CA,2023,black,hisp,f,15-19,0.3136,synthetic_seed
CA,2023,black,hisp,m,20-24,0.7299,synthetic_seed
CA,2023,black,hisp,f,20-24,0.6754,synthetic_seed
CA,2023,black,hisp,m,25-29,0.8651,synthetic_seed
CA,2023,black,hisp,f,25-29,0.703,synthetic_seed
CA,2023,black,hisp,m,30-34,0.8827,synthetic_seed
CA,2023,black,hisp,f,30-34,0.728,synthetic_seed
CA,2023,black,hisp,m,35-39,0.8701,synthetic_seed
CA,2023,black,hisp,f,35-39,0.7179,synthetic_seed
CA,2023,black,hisp,m,40-44,0.8745,synthetic_seed
CA,2023,black,hisp,f,40-44,0.7602,synthetic_seed
CA,2023,black,hisp,m,45-49,0.8609,synthetic_seed
CA,2023,black,hisp,f,45-49,0.7533,synthetic_seed
CA,2023,black,hisp,m,50-54,0.8284,synthetic_seed
CA,2023,black,hisp,f,50-54,0.7289,synthetic_seed
CA,2023,black,hisp,m,55-59,0.7383,synthetic_seed
CA,2023,black,hisp,f,55-59,0.6153,synthetic_seed
CA,2023,black,hisp,m,60-64,0.583,synthetic_seed
CA,2023,black,hisp,f,60-64,0.4716,synthetic_seed
CA,2023,black,hisp,m,65-69,0.3655,synthetic_seed
CA,2023,black,hisp,f,65-69,0.2737,synthetic_seed
CA,2023,black,hisp,m,70-74,0.221,synthetic_seed
CA,2023,black,hisp,f,70-74,0.1459,synthetic_seed
CA,2023,black,hisp,m,75-79,0.1148,synthetic_seed
CA,2023,black,hisp,f,75-79,0.0681,synthetic_seed
CA,2023,black,hisp,m,80-84,0.0568,synthetic_seed
CA,2023,black,hisp,f,80-84,0.0288,synthetic_seed
CA,2023,black,hisp,m,85+,0.0199,synthetic_seed
CA,2023,black,hisp,f,85+,0.0098,synthetic_seed
CA,2023,asian,non-hisp,m,0-4,0.0,synthetic_seed
CA,2023,asian,non-hisp,f,0-4,0.0,synthetic_seed
CA,2023,asian,non-hisp,m,5-9,0.0,synthetic_seed
CA,2023,asian,non-hisp,f,5-9,0.0,synthetic_seed
CA,2023,asian,non-hisp,m,10-14,0.0,synthetic_seed
CA,2023,asian,non-hisp,f,10-14,0.0,synthetic_seed
CA,2023,asian,non-hisp,m,15-19,0.3558,synthetic_seed
CA,2023,asian,non-hisp,f,15-19,0.3196,synthetic_seed
CA,2023,asian,non-hisp,m,20-24,0.754,synthetic_seed
CA,2023,asian,non-hisp,f,20-24,0.6854,synthetic_seed
CA,2023,asian,non-hisp,m,25-29,0.9381,synthetic_seed
CA,2023,asian,non-hisp,f,25-29,0.7695,synthetic_seed
CA,2023,asian,non-hisp,m,30-34,0.9147,synthetic_seed
CA,2023,asian,non-hisp,f,30-34,0.744,synthetic_seed
CA,2023,asian,non-hisp,m,35-39,0.9453,synthetic_seed
CA,2023,asian,non-hisp,f,35-39,0.7577,synthetic_seed
CA,2023,asian,non-hisp,m,40-44,0.9053,synthetic_seed
CA,2023,asian,non-hisp,f,40-44,0.7934,synthetic_seed
CA,2023,asian,non-hisp,m,45-49,0.9049,synthetic_seed
CA,2023,asian,non-hisp,f,45-49,0.7668,synthetic_seed
CA,2023,asian,non-hisp,m,50-54,0.8512,synthetic_seed
CA,2023,asian,non-hisp,f,50-54,0.7722,synthetic_seed
CA,2023,asian,non-hisp,m,55-59,0.7848,synthetic_seed
CA,2023,asian,non-hisp,f,55-59,0.6669,synthetic_seed
CA,2023,asian,non-hisp,m,60-64,0.5908,synthetic_seed
CA,2023,asian,non-hisp,f,60-64,0.5356,synthetic_seed
CA,2023,asian,non-hisp,m,65-69,0.3979,synthetic_seed
CA,2023,asian,non-hisp,f,65-69,0.2881,synthetic_seed
CA,2023,asian,non-hisp,m,70-74,0.2343,synthetic_seed
CA,2023,asian,non-hisp,f,70-74,0.1542,synthetic_seed
CA,2023,asian,non-hisp,m,75-79,0.1233,synthetic_seed
CA,2023,asian,non-hisp,f,75-79,0.0701,synthetic_seed
CA,2023,asian,non-hisp,m,80-84,0.0605,synthetic_seed
CA,2023,asian,non-hisp,f,80-84,0.0312,synthetic_seed
CA,2023,asian,non-hisp,m,85+,0.0198,synthetic_seed
CA,2023,asian,non-hisp,f,85+,0.0103,synthetic_seed
CA,2023,asian,hisp,m,0-4,0.0,synthetic_seed
CA,2023,asian,hisp,f,0-4,0.0,synthetic_seed
CA,2023,asian,hisp,m,5-9,0.0,synthetic_seed
CA,2023,asian,hisp,f,5-9,0.0,synthetic_seed
CA,2023,asian,hisp,m,10-14,0.0,synthetic_seed
CA,2023,asian,hisp,f,10-14,0.0,synthetic_seed
CA,2023,asian,hisp,m,15-19,0.3672,synthetic_seed
CA,2023,asian,hisp,f,15-19,0.3267,synthetic_seed
CA,2023,asian,hisp,m,20-24,0.7645,synthetic_seed
CA,2023,asian,hisp,f,20-24,0.691,synthetic_seed
CA,2023,asian,hisp,m,25-29,0.9234,synthetic_seed
CA,2023,asian,hisp,f,25-29,0.7613,synthetic_seed
CA,2023,asian,hisp,m,30-34,0.9032,synthetic_seed
CA,2023,asian,hisp,f,30-34,0.7412,synthetic_seed
CA,2023,asian,hisp,m,35-39,0.9009,synthetic_seed
CA,2023,asian,hisp,f,35-39,0.7574,synthetic_seed
CA,2023,asian,hisp,m,40-44,0.9141,synthetic_seed
CA,2023,asian,hisp,f,40-44,0.7803,synthetic_seed
CA,2023,asian,hisp,m,45-49,0.8903,synthetic_seed
CA,2023,asian,hisp,f,45-49,0.7812,synthetic_seed
CA,2023,asian,hisp,m,50-54,0.8495,synthetic_seed
CA,2023,asian,hisp,f,50-54,0.7603,synthetic_seed
CA,2023,asian,hisp,m,55-59,0.7828,synthetic_seed
CA,2023,asian,hisp,f,55-59,0.6667,synthetic_seed
CA,2023,asian,hisp,m,60-64,0.6041,synthetic_seed
CA,2023,asian,hisp,f,60-64,0.5077,synthetic_seed
CA,2023,asian,hisp,m,65-69,0.3828,synthetic_seed
CA,2023,asian,hisp,f,65-69,0.2894,synthetic_seed
CA,2023,asian,hisp,m,70-74,0.2342,synthetic_seed
CA,2023,asian,hisp,f,70-74,0.1508,synthetic_seed
CA,2023,asian,hisp,m,75-79,0.1222,synthetic_seed
CA,2023,asian,hisp,f,75-79,0.0726,synthetic_seed
CA,2023,asian,hisp,m,80-84,0.0603,synthetic_seed
CA,2023,asian,hisp,f,80-84,0.0308,synthetic_seed
CA,2023,asian,hisp,m,85+,0.0204,synthetic_seed
CA,2023,asian,hisp,f,85+,0.0103,synthetic_seed
CA,2023,other,non-hisp,m,0-4,0.0,synthetic_seed
CA,2023,other,non-hisp,f,0-4,0.0,synthetic_seed
CA,2023,other,non-hisp,m,5-9,0.0,synthetic_seed
CA,2023,other,non-hisp,f,5-9,0.0,synthetic_seed
CA,2023,other,non-hisp,m,10-14,0.0,synthetic_seed
CA,2023,other,non-hisp,f,10-14,0.0,synthetic_seed
CA,2023,other,non-hisp,m,15-19,0.3636,synthetic_seed
CA,2023,other,non-hisp,f,15-19,0.3184,synthetic_seed
CA,2023,other,non-hisp,m,20-24,0.7586,synthetic_seed
CA,2023,other,non-hisp,f,20-24,0.7111,synthetic_seed
CA,2023,other,non-hisp,m,25-29,0.8708,synthetic_seed
CA,2023,other,non-hisp,f,25-29,0.7571,synthetic_seed
CA,2023,other,non-hisp,m,30-34,0.8775,synthetic_seed
CA,2023,other,non-hisp,f,30-34,0.7234,synthetic_seed
CA,2023,other,non-hisp,m,35-39,0.8979,synthetic_seed
CA,2023,other,non-hisp,f,35-39,0.7572,synthetic_seed
CA,2023,other,non-hisp,m,40-44,0.913,synthetic_seed
CA,2023,other,non-hisp,f,40-44,0.7545,synthetic_seed
CA,2023,other,non-hisp,m,45-49,0.8817,synthetic_seed
CA,2023,other,non-hisp,f,45-49,0.7579,synthetic_seed
CA,2023,other,non-hisp,m,50-54,0.8229,synthetic_seed
CA,2023,other,non-hisp,f,50-54,0.73,synthetic_seed
CA,2023,other,non-hisp,m,55-59,0.7603,synthetic_seed
CA,2023,other,non-hisp,f,55-59,0.6598,synthetic_seed
CA,2023,other,non-hisp,m,60-64,0.6083,synthetic_seed
CA,2023,other,non-hisp,f,60-64,0.4949,synthetic_seed
CA,2023,other,non-hisp,m,65-69,0.3836,synthetic_seed
CA,2023,other,non-hisp,f,65-69,0.2684,synthetic_seed
CA,2023,other,non-hisp,m,70-74,0.232,synthetic_seed
CA,2023,other,non-hisp,f,70-74,0.1533,synthetic_seed
CA,2023,other,non-hisp,m,75-79,0.1161,synthetic_seed
CA,2023,other,non-hisp,f,75-79,0.0688,synthetic_seed
CA,2023,other,non-hisp,m,80-84,0.0598,synthetic_seed
CA,2023,other,non-hisp,f,80-84,0.0302,synthetic_seed
CA,2023,other,non-hisp,m,85+,0.0198,synthetic_seed
CA,2023,other,non-hisp,f,85+,0.0104,synthetic_seed
CA,2023,other,hisp,m,0-4,0.0,synthetic_seed
CA,2023,other,hisp,f,0-4,0.0,synthetic_seed
CA,2023,other,hisp,m,5-9,0.0,synthetic_seed
CA,2023,other,hisp,f,5-9,0.0,synthetic_seed
CA,2023,other,hisp,m,10-14,0.0,synthetic_seed
CA,2023,other,hisp,f,10-14,0.0,synthetic_seed
CA,2023,other,hisp,m,15-19,0.3663,synthetic_seed
CA,2023,other,hisp,f,15-19,0.3122,synthetic_seed
CA,2023,other,hisp,m,20-24,0.7554,synthetic_seed
CA,2023,other,hisp,f,20-24,0.6915,synthetic_seed
CA,2023,other,hisp,m,25-29,0.8681,synthetic_seed
CA,2023,other,hisp,f,25-29,0.7648,synthetic_seed
CA,2023,other,hisp,m,30-34,0.9125,synthetic_seed
CA,2023,other,hisp,f,30-34,0.7246,synthetic_seed
CA,2023,other,hisp,m,35-39,0.9015,synthetic_seed
CA,2023,other,hisp,f,35-39,0.7348,synthetic_seed
CA,2023,other,hisp,m,40-44,0.896,synthetic_seed
CA,2023,other,hisp,f,40-44,0.7795,synthetic_seed
CA,2023,other,hisp,m,45-49,0.8801,synthetic_seed
CA,2023,other,hisp,f,45-49,0.7464,synthetic_seed
CA,2023,other,hisp,m,50-54,0.8112,synthetic_seed
CA,2023,other,hisp,f,50-54,0.7251,synthetic_seed
CA,2023,other,hisp,m,55-59,0.7313,synthetic_seed
CA,2023,other,hisp,f,55-59,0.6544,synthetic_seed
CA,2023,other,hisp,m,60-64,0.6181,synthetic_seed
CA,2023,other,hisp,f,60-64,0.5065,synthetic_seed
CA,2023,other,hisp,m,65-69,0.3778,synthetic_seed
CA,2023,other,hisp,f,65-69,0.2742,synthetic_seed
CA,2023,other,hisp,m,70-74,0.2296,synthetic_seed
CA,2023,other,hisp,f,70-74,0.1479,synthetic_seed
CA,2023,other,hisp,m,75-79,0.1277,synthetic_seed
CA,2023,other,hisp,f,75-79,0.0703,synthetic_seed
CA,2023,other,hisp,m,80-84,0.0595,synthetic_seed
CA,2023,other,hisp,f,80-84,0.0298,synthetic_seed
CA,2023,other,hisp,m,85+,0.0199,synthetic_seed
CA,2023,other,hisp,f,85+,0.0099,synthetic_seed
CO,2023,white,non-hisp,m,0-4,0.0,synthetic_seed
CO,2023,white,non-hisp,f,0-4,0.0,synthetic_seed
CO,2023,white,non-hisp,m,5-9,0.0,synthetic_seed
CO,2023,white,non-hisp,f,5-9,0.0,synthetic_seed
CO,2023,white,non-hisp,m,10-14,0.0,synthetic_seed
CO,2023,white,non-hisp,f,10-14,0.0,synthetic_seed
CO,2023,white,non-hisp,m,15-19,0.3572,synthetic_seed
CO,2023,white,non-hisp,f,15-19,0.3114,synthetic_seed
CO,2023,white,non-hisp,m,20-24,0.7945,synthetic_seed
CO,2023,white,non-hisp,f,20-24,0.6961,synthetic_seed
CO,2023,white,non-hisp,m,25-29,0.8957,synthetic_seed
CO,2023,white,non-hisp,f,25-29,0.7239,synthetic_seed
CO,2023,white,non-hisp,m,30-34,0.8707,synthetic_seed
CO,2023,white,non-hisp,f,30-34,0.7139,synthetic_seed
CO,2023,white,non-hisp,m,35-39,0.9131,synthetic_seed
CO,2023,white,non-hisp,f,35-39,0.7479,synthetic_seed
CO,2023,white,non-hisp,m,40-44,0.9054,synthetic_seed
CO,2023,white,non-hisp,f,40-44,0.7841,synthetic_seed
CO,2023,white,non-hisp,m,45-49,0.8748,synthetic_seed
CO,2023,white,non-hisp,f,45-49,0.757,synthetic_seed
CO,2023,white,non-hisp,m,50-54,0.8368,synthetic_seed
CO,2023,white,non-hisp,f,50-54,0.7494,synthetic_seed
CO,2023,white,non-hisp,m,55-59,0.7473,synthetic_seed
CO,2023,white,non-hisp,f,55-59,0.6642,synthetic_seed
CO,2023,white,non-hisp,m,60-64,0.5875,synthetic_seed
CO,2023,white,non-hisp,f,60-64,0.5111,synthetic_seed
CO,2023,white,non-hisp,m,65-69,0.3793,synthetic_seed
CO,2023,white,non-hisp,f,65-69,0.2757,synthetic_seed
CO,2023,white,non-hisp,m,70-74,0.2332,synthetic_seed
CO,2023,white,non-hisp,f,70-74,0.1493,synthetic_seed
CO,2023,white,non-hisp,m,75-79,0.1217,synthetic_seed
CO,2023,white,non-hisp,f,75-79,0.0695,synthetic_seed
CO,2023,white,non-hisp,m,80-84,0.0595,synthetic_seed
CO,2023,white,non-hisp,f,80-84,0.0305,synthetic_seed
CO,2023,white,non-hisp,m,85+,0.0202,synthetic_seed
CO,2023,white,non-hisp,f,85+,0.0099,synthetic_seed
CO,2023,white,hisp,m,0-4,0.0,synthetic_seed
CO,2023,white,hisp,f,0-4,0.0,synthetic_seed
CO,2023,white,hisp,m,5-9,0.0,synthetic_seed
CO,2023,white,hisp,f,5-9,0.0,synthetic_seed
CO,2023,white,hisp,m,10-14,0.0,synthetic_seed
CO,2023,white,hisp,f,10-14,0.0,synthetic_seed
CO,2023,white,hisp,m,15-19,0.3626,synthetic_seed
CO,2023,white,hisp,f,15-19,0.3195,synthetic_seed
CO,2023,white,hisp,m,20-24,0.7382,synthetic_seed
CO,2023,white,hisp,f,20-24,0.7067,synthetic_seed
CO,2023,white,hisp,m,25-29,0.8751,synthetic_seed
CO,2023,white,hisp,f,25-29,0.7633,synthetic_seed
CO,2023,white,hisp,m,30-34,0.9281,synthetic_seed
CO,2023,white,hisp,f,30-34,0.7414,synthetic_seed
CO,2023,white,hisp,m,35-39,0.8946,synthetic_seed
CO,2023,white,hisp,f,35-39,0.7251,synthetic_seed
CO,2023,white,hisp,m,40-44,0.9087,synthetic_seed
CO,2023,white,hisp,f,40-44,0.7746,synthetic_seed
CO,2023,white,hisp,m,45-49,0.8537,synthetic_seed
CO,2023,white,hisp,f,45-49,0.7823,synthetic_seed
CO,2023,white,hisp,m,50-54,0.8495,synthetic_seed
CO,2023,white,hisp,f,50-54,0.7551,synthetic_seed
CO,2023,white,hisp,m,55-59,0.7455,synthetic_seed
CO,2023,white,hisp,f,55-59,0.6481,synthetic_seed
CO,2023,white,hisp,m,60-64,0.6099,synthetic_seed
CO,2023,white,hisp,f,60-64,0.5129,synthetic_seed
CO,2023,white,hisp,m,65-69,0.3651,synthetic_seed
CO,2023,white,hisp,f,65-69,0.2841,synthetic_seed
CO,2023,white,hisp,m,70-74,0.2282,synthetic_seed
CO,2023,white,hisp,f,70-74,0.1539,synthetic_seed
CO,2023,white,hisp,m,75-79,0.119,synthetic_seed
CO,2023,white,hisp,f,75-79,0.0695,synthetic_seed
CO,2023,white,hisp,m,80-84,0.0592,synthetic_seed
CO,2023,white,hisp,f,80-84,0.031,synthetic_seed
CO,2023,white,hisp,m,85+,0.02,synthetic_seed
CO,2023,white,hisp,f,85+,0.0097,synthetic_seed
CO,2023,black,non-hisp,m,0-4,0.0,synthetic_seed
CO,2023,black,non-hisp,f,0-4,0.0,synthetic_seed
CO,2023,black,non-hisp,m,5-9,0.0,synthetic_seed
CO,2023,black,non-hisp,f,5-9,0.0,synthetic_seed
CO,2023,black,non-hisp,m,10-14,0.0,synthetic_seed
CO,2023,black,non-hisp,f,10-14,0.0,synthetic_seed
CO,2023,black,non-hisp,m,15-19,0.3589,synthetic_seed
CO,2023,black,non-hisp,f,15-19,0.3211,synthetic_seed
CO,2023,black,non-hisp,m,20-24,0.7361,synthetic_seed
CO,2023,black,non-hisp,f,20-24,0.6914,synthetic_seed
CO,2023,black,non-hisp,m,25-29,0.8796,synthetic_seed
CO,2023,black,non-hisp,f,25-29,0.7377,synthetic_seed
CO,2023,black,non-hisp,m,30-34,0.8808,synthetic_seed
CO,2023,black,non-hisp,f,30-34,0.7154,synthetic_seed
CO,2023,black,non-hisp,m,35-39,0.8846,synthetic_seed
CO,2023,black,non-hisp,f,35-39,0.7137,synthetic_seed
CO,2023,black,non-hisp,m,40-44,0.8672,synthetic_seed
CO,2023,black,non-hisp,f,40-44,0.7648,synthetic_seed
CO,2023,black,non-hisp,m,45-49,0.8327,synthetic_seed
CO,2023,black,non-hisp,f,45-49,0.7461,synthetic_seed
CO,2023,black,non-hisp,m,50-54,0.8129,synthetic_seed
CO,2023,black,non-hisp,f,50-54,0.7048,synthetic_seed
CO,2023,black,non-hisp,m,55-59,0.708,synthetic_seed
CO,2023,black,non-hisp,f,55-59,0.6172,synthetic_seed
CO,2023,black,non-hisp,m,60-64,0.5815,synthetic_seed
CO,2023,black,non-hisp,f,60-64,0.4779,synthetic_seed
CO,2023,black,non-hisp,m,65-69,0.3666,synthetic_seed
CO,2023,black,non-hisp,f,65-69,0.2757,synthetic_seed
CO,2023,black,non-hisp,m,70-74,0.223,synthetic_seed
CO,2023,black,non-hisp,f,70-74,0.1481,synthetic_seed
CO,2023,black,non-hisp,m,75-79,0.119,synthetic_seed
CO,2023,black,non-hisp,f,75-79,0.0685,synthetic_seed
CO,2023,black,non-hisp,m,80-84,0.0587,synthetic_seed
CO,2023,black,non-hisp,f,80-84,0.0288,synthetic_seed
CO,2023,black,non-hisp,m,85+,0.0193,synthetic_seed
CO,2023,black,non-hisp,f,85+,0.0095,synthetic_seed
CO,2023,black,hisp,m,0-4,0.0,synthetic_seed
CO,2023,black,hisp,f,0-4,0.0,synthetic_seed
CO,2023,black,hisp,m,5-9,0.0,synthetic_seed
CO,2023,black,hisp,f,5-9,0.0,synthetic_seed
CO,2023,black,hisp,m,10-14,0.0,synthetic_seed
CO,2023,black,hisp,f,10-14,0.0,synthetic_seed
CO,2023,black,hisp,m,15-19,0.3509,synthetic_seed
CO,2023,black,hisp,f,15-19,0.3123,synthetic_seed
CO,2023,black,hisp,m,20-24,0.6948,synthetic_seed
CO,2023,black,hisp,f,20-24,0.6828,synthetic_seed
CO,2023,black,hisp,m,25-29,0.8667,synthetic_seed
CO,2023,black,hisp,f,25-29,0.7333,synthetic_seed
CO,2023,black,hisp,m,30-34,0.881,synthetic_seed
CO,2023,black,hisp,f,30-34,0.6897,synthetic_seed
CO,2023,black,hisp,m,35-39,0.8798,synthetic_seed
CO,2023,black,hisp,f,35-39,0.7087,synthetic_seed
CO,2023,black,hisp,m,40-44,0.8923,synthetic_seed
CO,2023,black,hisp,f,40-44,0.7524,synthetic_seed
CO,2023,black,hisp,m,45-49,0.8412,synthetic_seed
CO,2023,black,hisp,f,45-49,0.7404,synthetic_seed
CO,2023,black,hisp,m,50-54,0.7984,synthetic_seed
CO,2023,black,hisp,f,50-54,0.705,synthetic_seed
CO,2023,black,hisp,m,55-59,0.735,synthetic_seed
CO,2023,black,hisp,f,55-59,0.6198,synthetic_seed
CO,2023,black,hisp,m,60-64,0.5804,synthetic_seed
CO,2023,black,hisp,f,60-64,0.4771,synthetic_seed
CO,2023,black,hisp,m,65-69,0.3789,synthetic_seed
CO,2023,black,hisp,f,65-69,0.266,synthetic_seed
CO,2023,black,hisp,m,70-74,0.2197,synthetic_seed
CO,2023,black,hisp,f,70-74,0.1422,synthetic_seed
CO,2023,black,hisp,m,75-79,0.1194,synthetic_seed
CO,2023,black,hisp,f,75-79,0.0702,synthetic_seed
CO,2023,black,hisp,m,80-84,0.0592,synthetic_seed
CO,2023,black,hisp,f,80-84,0.0292,synthetic_seed
CO,2023,black,hisp,m,85+,0.0191,synthetic_seed
CO,2023,black,hisp,f,85+,0.0099,synthetic_seed
CO,2023,asian,non-hisp,m,0-4,0.0,synthetic_seed
CO,2023,asian,non-hisp,f,0-4,0.0,synthetic_seed
CO,2023,asian,non-hisp,m,5-9,0.0,synthetic_seed
CO,2023,asian,non-hisp,f,5-9,0.0,synthetic_seed
CO,2023,asian,non-hisp,m,10-14,0.0,synthetic_seed
CO,2023,asian,non-hisp,f,10-14,0.0,synthetic_seed
CO,2023,asian,non-hisp,m,15-19,0.3582,synthetic_seed
CO,2023,asian,non-hisp,f,15-19,0.3251,synthetic_seed
CO,2023,asian,non-hisp,m,20-24,0.7667,synthetic_seed
CO,2023,asian,non-hisp,f,20-24,0.6981,synthetic_seed
CO,2023,asian,non-hisp,m,25-29,0.9078,synthetic_seed
CO,2023,asian,non-hisp,f,25-29,0.7686,synthetic_seed
CO,2023,asian,non-hisp,m,30-34,0.8967,synthetic_seed
CO,2023,asian,non-hisp,f,30-34,0.7584,synthetic_seed
CO,2023,asian,non-hisp,m,35-39,0.9513,synthetic_seed
CO,2023,asian,non-hisp,f,35-39,0.7776,synthetic_seed
CO,2023,asian,non-hisp,m,40-44,0.9192,synthetic_seed
CO,2023,asian,non-hisp,f,40-44,0.7821,synthetic_seed
CO,2023,asian,non-hisp,m,45-49,0.8622,synthetic_seed
CO,2023,asian,non-hisp,f,45-49,0.7937,synthetic_seed
CO,2023,asian,non-hisp,m,50-54,0.827,synthetic_seed
CO,2023,asian,non-hisp,f,50-54,0.783,synthetic_seed
CO,2023,asian,non-hisp,m,55-59,0.7705,synthetic_seed
CO,2023,asian,non-hisp,f,55-59,0.6603,synthetic_seed
CO,2023,asian,non-hisp,m,60-64,0.6073,synthetic_seed
CO,2023,asian,non-hisp,f,60-64,0.5051,synthetic_seed
CO,2023,asian,non-hisp,m,65-69,0.3866,synthetic_seed
CO,2023,asian,non-hisp,f,65-69,0.2893,synthetic_seed
CO,2023,asian,non-hisp,m,70-74,0.2351,synthetic_seed
CO,2023,asian,non-hisp,f,70-74,0.1519,synthetic_seed
CO,2023,asian,non-hisp,m,75-79,0.1234,synthetic_seed
CO,2023,asian,non-hisp,f,75-79,0.0721,synthetic_seed
CO,2023,asian,non-hisp,m,80-84,0.0617,synthetic_seed
CO,2023,asian,non-hisp,f,80-84,0.0306,synthetic_seed
CO,2023,asian,non-hisp,m,85+,0.02,synthetic_seed
CO,2023,asian,non-hisp,f,85+,0.0103,synthetic_seed
CO,2023,asian,hisp,m,0-4,0.0,synthetic_seed
CO,2023,asian,hisp,f,0-4,0.0,synthetic_seed
CO,2023,asian,hisp,m,5-9,0.0,synthetic_seed
CO,2023,asian,hisp,f,5-9,0.0,synthetic_seed
CO,2023,asian,hisp,m,10-14,0.0,synthetic_seed
CO,2023,asian,hisp,f,10-14,0.0,synthetic_seed
CO,2023,asian,hisp,m,15-19,0.3702,synthetic_seed
CO,2023,asian,hisp,f,15-19,0.3162,synthetic_seed
CO,2023,asian,hisp,m,20-24,0.7561,synthetic_seed
CO,2023,asian,hisp,f,20-24,0.7221,synthetic_seed
CO,2023,asian,hisp,m,25-29,0.9088,synthetic_seed
CO,2023,asian,hisp,f,25-29,0.7743,synthetic_seed
CO,2023,asian,hisp,m,30-34,0.9364,synthetic_seed
CO,2023,asian,hisp,f,30-34,0.7652,synthetic_seed
CO,2023,asian,hisp,m,35-39,0.947,synthetic_seed
CO,2023,asian,hisp,f,35-39,0.7467,synthetic_seed
CO,2023,asian,hisp,m,40-44,0.8956,synthetic_seed
CO,2023,asian,hisp,f,40-44,0.7545,synthetic_seed
CO,2023,asian,hisp,m,45-49,0.8888,synthetic_seed
CO,2023,asian,hisp,f,45-49,0.7796,synthetic_seed
CO,2023,asian,hisp,m,50-54,0.8528,synthetic_seed
CO,2023,asian,hisp,f,50-54,0.7649,synthetic_seed
CO,2023,asian,hisp,m,55-59,0.7547,synthetic_seed
CO,2023,asian,hisp,f,55-59,0.6609,synthetic_seed
CO,2023,asian,hisp,m,60-64,0.6129,synthetic_seed
CO,2023,asian,hisp,f,60-64,0.5163,synthetic_seed
CO,2023,asian,hisp,m,65-69,0.3806,synthetic_seed
CO,2023,asian,hisp,f,65-69,0.2939,synthetic_seed
CO,2023,asian,hisp,m,70-74,0.2296,synthetic_seed
CO,2023,asian,hisp,f,70-74,0.1544,synthetic_seed
CO,2023,asian,hisp,m,75-79,0.1234,synthetic_seed
CO,2023,asian,hisp,f,75-79,0.0734,synthetic_seed
CO,2023,asian,hisp,m,80-84,0.0611,synthetic_seed
CO,2023,asian,hisp,f,80-84,0.0302,synthetic_seed
CO,2023,asian,hisp,m,85+,0.0201,synthetic_seed
CO,2023,asian,hisp,f,85+,0.0103,synthetic_seed
CO,2023,other,non-hisp,m,0-4,0.0,synthetic_seed
CO,2023,other,non-hisp,f,0-4,0.0,synthetic_seed
CO,2023,other,non-hisp,m,5-9,0.0,synthetic_seed
CO,2023,other,non-hisp,f,5-9,0.0,synthetic_seed
CO,2023,other,non-hisp,m,10-14,0.0,synthetic_seed
CO,2023,other,non-hisp,f,10-14,0.0,synthetic_seed
CO,2023,other,non-hisp,m,15-19,0.365,synthetic_seed
CO,2023,other,non-hisp,f,15-19,0.3176,synthetic_seed
CO,2023,other,non-hisp,m,20-24,0.7568,synthetic_seed
CO,2023,other,non-hisp,f,20-24,0.697,synthetic_seed
CO,2023,other,non-hisp,m,25-29,0.8862,synthetic_seed
CO,2023,other,non-hisp,f,25-29,0.7438,synthetic_seed
CO,2023,other,non-hisp,m,30-34,0.8797,synthetic_seed
CO,2023,other,non-hisp,f,30-34,0.7258,synthetic_seed
CO,2023,other,non-hisp,m,35-39,0.9201,synthetic_seed
CO,2023,other,non-hisp,f,35-39,0.7515,synthetic_seed
CO,2023,other,non-hisp,m,40-44,0.8925,synthetic_seed
CO,2023,other,non-hisp,f,40-44,0.77,synthetic_seed
CO,2023,other,non-hisp,m,45-49,0.8908,synthetic_seed
CO,2023,other,non-hisp,f,45-49,0.7621,synthetic_seed
CO,2023,other,non-hisp,m,50-54,0.8342,synthetic_seed
CO,2023,other,non-hisp,f,50-54,0.7344,synthetic_seed
CO,2023,other,non-hisp,m,55-59,0.7565,synthetic_seed
CO,2023,other,non-hisp,f,55-59,0.6495,synthetic_seed
CO,2023,other,non-hisp,m,60-64,0.5817,synthetic_seed
CO,2023,other,non-hisp,f,60-64,0.492,synthetic_seed
CO,2023,other,non-hisp,m,65-69,0.3851,synthetic_seed
CO,2023,other,non-hisp,f,65-69,0.2805,synthetic_seed
CO,2023,other,non-hisp,m,70-74,0.2297,synthetic_seed
CO,2023,other,non-hisp,f,70-74,0.1505,synthetic_seed
CO,2023,other,non-hisp,m,75-79,0.119,synthetic_seed
CO,2023,other,non-hisp,f,75-79,0.0694,synthetic_seed
CO,2023,other,non-hisp,m,80-84,0.0592,synthetic_seed
CO,2023,other,non-hisp,f,80-84,0.0294,synthetic_seed
CO,2023,other,non-hisp,m,85+,0.02,synthetic_seed
CO,2023,other,non-hisp,f,85+,0.0101,synthetic_seed
CO,2023,other,hisp,m,0-4,0.0,synthetic_seed
CO,2023,other,hisp,f,0-4,0.0,synthetic_seed
CO,2023,other,hisp,m,5-9,0.0,synthetic_seed
CO,2023,other,hisp,f,5-9,0.0,synthetic_seed
CO,2023,other,hisp,m,10-14,0.0,synthetic_seed
CO,2023,other,hisp,f,10-14,0.0,synthetic_seed
CO,2023,other,hisp,m,15-19,0.3685,synthetic_seed
CO,2023,other,hisp,f,15-19,0.3277,synthetic_seed
CO,2023,other,hisp,m,20-24,0.7705,synthetic_seed
CO,2023,other,hisp,f,20-24,0.6962,synthetic_seed
CO,2023,other,hisp,m,25-29,0.8953,synthetic_seed
CO,2023,other,hisp,f,25-29,0.753,synthetic_seed
CO,2023,other,hisp,m,30-34,0.9078,synthetic_seed
CO,2023,other,hisp,f,30-34,0.7374,synthetic_seed
CO,2023,other,hisp,m,35-39,0.9429,synthetic_seed
CO,2023,other,hisp,f,35-39,0.7366,synthetic_seed
CO,2023,other,hisp,m,40-44,0.8658,synthetic_seed
CO,2023,other,hisp,f,40-44,0.7466,synthetic_seed
CO,2023,other,hisp,m,45-49,0.8917,synthetic_seed
CO,2023,other,hisp,f,45-49,0.7542,synthetic_seed
CO,2023,other,hisp,m,50-54,0.8329,synthetic_seed
CO,2023,other,hisp,f,50-54,0.7757,synthetic_seed
CO,2023,other,hisp,m,55-59,0.7688,synthetic_seed
CO,2023,other,hisp,f,55-59,0.6554,synthetic_seed
CO,2023,other,hisp,m,60-64,0.5943,synthetic_seed
CO,2023,other,hisp,f,60-64,0.5076,synthetic_seed
CO,2023,other,hisp,m,65-69,0.3765,synthetic_seed
CO,2023,other,hisp,f,65-69,0.2751,synthetic_seed
CO,2023,other,hisp,m,70-74,0.2248,synthetic_seed
CO,2023,other,hisp,f,70-74,0.1531,synthetic_seed
CO,2023,other,hisp,m,75-79,0.1176,synthetic_seed
CO,2023,other,hisp,f,75-79,0.071,synthetic_seed
CO,2023,other,hisp,m,80-84,0.0595,synthetic_seed
CO,2023,other,hisp,f,80-84,0.0298,synthetic_seed
CO,2023,other,hisp,m,85+,0.0195,synthetic_seed
CO,2023,other,hisp,f,85+,0.01,synthetic_seed
CT,2023,white,non-hisp,m,0-4,0.0,synthetic_seed
CT,2023,white,non-hisp,f,0-4,0.0,synthetic_seed
CT,2023,white,non-hisp,m,5-9,0.0,synthetic_seed
CT,2023,white,non-hisp,f,5-9,0.0,synthetic_seed
CT,2023,white,non-hisp,m,10-14,0.0,synthetic_seed
CT,2023,white,non-hisp,f,10-14,0.0,synthetic_seed
CT,2023,white,non-hisp,m,15-19,0.3672,synthetic_seed
CT,2023,white,non-hisp,f,15-19,0.3359,synthetic_seed
CT,2023,white,non-hisp,m,20-24,0.7546,synthetic_seed
CT,2023,white,non-hisp,f,20-24,0.694,synthetic_seed
CT,2023,white,non-hisp,m,25-29,0.9108,synthetic_seed
CT,2023,white,non-hisp,f,25-29,0.7501,synthetic_seed
CT,2023,white,non-hisp,m,30-34,0.8773,synthetic_seed
CT,2023,white,non-hisp,f,30-34,0.7264,synthetic_seed
CT,2023,white,non-hisp,m,35-39,0.9195,synthetic_seed
CT,2023,white,non-hisp,f,35-39,0.7227,synthetic_seed
CT,2023,white,non-hisp,m,40-44,0.9181,synthetic_seed
CT,2023,white,non-hisp,f,40-44,0.7589,synthetic_seed
CT,2023,white,non-hisp,m,45-49,0.8553,synthetic_seed
CT,2023,white,non-hisp,f,45-49,0.7563,synthetic_seed
CT,2023,white,non-hisp,m,50-54,0.8131,synthetic_seed
CT,2023,white,non-hisp,f,50-54,0.7337,synthetic_seed
CT,2023,white,non-hisp,m,55-59,0.7319,synthetic_seed
CT,2023,white,non-hisp,f,55-59,0.6501,synthetic_seed
CT,2023,white,non-hisp,m,60-64,0.5996,synthetic_seed
CT,2023,white,non-hisp,f,60-64,0.4977,synthetic_seed
CT,2023,white,non-hisp,m,65-69,0.3778,synthetic_seed
CT,2023,white,non-hisp,f,65-69,0.2777,synthetic_seed
CT,2023,white,non-hisp,m,70-74,0.2331,synthetic_seed
CT,2023,white,non-hisp,f,70-74,0.1512,synthetic_seed
CT,2023,white,non-hisp,m,75-79,0.1182,synthetic_seed
CT,2023,white,non-hisp,f,75-79,0.0697,synthetic_seed
CT,2023,white,non-hisp,m,80-84,0.0618,synthetic_seed
CT,2023,white,non-hisp,f,80-84,0.0302,synthetic_seed
CT,2023,white,non-hisp,m,85+,0.0195,synthetic_seed
CT,2023,white,non-hisp,f,85+,0.0098,synthetic_seed
CT,2023,white,hisp,m,0-4,0.0,synthetic_seed
CT,2023,white,hisp,f,0-4,0.0,synthetic_seed
CT,2023,white,hisp,m,5-9,0.0,synthetic_seed
CT,2023,white,hisp,f,5-9,0.0,synthetic_seed
CT,2023,white,hisp,m,10-14,0.0,synthetic_seed
CT,2023,white,hisp,f,10-14,0.0,synthetic_seed
CT,2023,white,hisp,m,15-19,0.348,synthetic_seed
CT,2023,white,hisp,f,15-19,0.307,synthetic_seed
CT,2023,white,hisp,m,20-24,0.7457,synthetic_seed
CT,2023,white,hisp,f,20-24,0.6984,synthetic_seed
CT,2023,white,hisp,m,25-29,0.8747,synthetic_seed
CT,2023,white,hisp,f,25-29,0.7436,synthetic_seed
CT,2023,white,hisp,m,30-34,0.9185,synthetic_seed
CT,2023,white,hisp,f,30-34,0.7283,synthetic_seed
CT,2023,white,hisp,m,35-39,0.9367,synthetic_seed
CT,2023,white,hisp,f,35-39,0.7399,synthetic_seed
CT,2023,white,hisp,m,40-44,0.8826,synthetic_seed
CT,2023,white,hisp,f,40-44,0.7723,synthetic_seed
CT,2023,white,hisp,m,45-49,0.8686,synthetic_seed
CT,2023,white,hisp,f,45-49,0.7757,synthetic_seed
CT,2023,white,hisp,m,50-54,0.8002,synthetic_seed
CT,2023,white,hisp,f,50-54,0.7355,synthetic_seed
CT,2023,white,hisp,m,55-59,0.7686,synthetic_seed
CT,2023,white,hisp,f,55-59,0.6605,synthetic_seed
CT,2023,white,hisp,m,60-64,0.5848,synthetic_seed
CT,2023,white,hisp,f,60-64,0.4929,synthetic_seed
CT,2023,white,hisp,m,65-69,0.3828,synthetic_seed
CT,2023,white,hisp,f,65-69,0.2743,synthetic_seed
CT,2023,white,hisp,m,70-74,0.2302,synthetic_seed
CT,2023,white,hisp,f,70-74,0.1525,synthetic_seed
CT,2023,white,hisp,m,75-79,0.1218,synthetic_seed
CT,2023,white,hisp,f,75-79,0.0711,synthetic_seed
CT,2023,white,hisp,m,80-84,0.0604,synthetic_seed
CT,2023,white,hisp,f,80-84,0.0294,synthetic_seed
CT,2023,white,hisp,m,85+,0.0203,synthetic_seed
CT,2023,white,hisp,f,85+,0.0099,synthetic_seed
CT,2023,black,non-hisp,m,0-4,0.0,synthetic_seed
CT,2023,black,non-hisp,f,0-4,0.0,synthetic_seed
CT,2023,black,non-hisp,m,5-9,0.0,synthetic_seed
CT,2023,black,non-hisp,f,5-9,0.0,synthetic_seed
CT,2023,black,non-hisp,m,10-14,0.0,synthetic_seed
CT,2023,black,non-hisp,f,10-14,0.0,synthetic_seed
CT,2023,black,non-hisp,m,15-19,0.3557,synthetic_seed
CT,2023,black,non-hisp,f,15-19,0.3056,synthetic_seed
CT,2023,black,non-hisp,m,20-24,0.7279,synthetic_seed
CT,2023,black,non-hisp,f,20-24,0.6785,synthetic_seed
CT,2023,black,non-hisp,m,25-29,0.8414,synthetic_seed
CT,2023,black,non-hisp,f,25-29,0.7282,synthetic_seed
CT,2023,black,non-hisp,m,30-34,0.8636,synthetic_seed
CT,2023,black,non-hisp,f,30-34,0.6866,synthetic_seed
CT,2023,black,non-hisp,m,35-39,0.8437,synthetic_seed
CT,2023,black,non-hisp,f,35-39,0.7108,synthetic_seed
CT,2023,black,non-hisp,m,40-44,0.8556,synthetic_seed
CT,2023,black,non-hisp,f,40-44,0.7279,synthetic_seed
CT,2023,black,non-hisp,m,45-49,0.8458,synthetic_seed
CT,2023,black,non-hisp,f,45-49,0.7191,synthetic_seed
CT,2023,black,non-hisp,m,50-54,0.8122,synthetic_seed
CT,2023,black,non-hisp,f,50-54,0.7165,synthetic_seed
CT,2023,black,non-hisp,m,55-59,0.7401,synthetic_seed
CT,2023,black,non-hisp,f,55-59,0.6421,synthetic_seed
CT,2023,black,non-hisp,m,60-64,0.5779,synthetic_seed
CT,2023,black,non-hisp,f,60-64,0.4908,synthetic_seed
CT,2023,black,non-hisp,m,65-69,0.3686,synthetic_seed
CT,2023,black,non-hisp,f,65-69,0.2698,synthetic_seed
CT,2023,black,non-hisp,m,70-74,0.2321,synthetic_seed
CT,2023,black,non-hisp,f,70-74,0.1395,synthetic_seed
CT,2023,black,non-hisp,m,75-79,0.1162,synthetic_seed
CT,2023,black,non-hisp,f,75-79,0.0677,synthetic_seed
CT,2023,black,non-hisp,m,80-84,0.0579,synthetic_seed
CT,2023,black,non-hisp,f,80-84,0.0293,synthetic_seed
CT,2023,black,non-hisp,m,85+,0.0192,synthetic_seed
CT,2023,black,non-hisp,f,85+,0.0096,synthetic_seed
CT,2023,black,hisp,m,0-4,0.0,synthetic_seed
CT,2023,black,hisp,f,0-4,0.0,synthetic_seed
CT,2023,black,hisp,m,5-9,0.0,synthetic_seed
CT,2023,black,hisp,f,5-9,0.0,synthetic_seed
CT,2023,black,hisp,m,10-14,0.0,synthetic_seed
CT,2023,black,hisp,f,10-14,0.0,synthetic_seed
CT,2023,black,hisp,m,15-19,0.3518,synthetic_seed
CT,2023,black,hisp,f,15-19,0.3101,synthetic_seed
CT,2023,black,hisp,m,20-24,0.7228,synthetic_seed
CT,2023,black,hisp,f,20-24,0.6425,synthetic_seed
CT,2023,black,hisp,m,25-29,0.8328,synthetic_seed
CT,2023,black,hisp,f,25-29,0.7354,synthetic_seed
CT,2023,black,hisp,m,30-34,0.867,synthetic_seed
CT,2023,black,hisp,f,30-34,0.6926,synthetic_seed
CT,2023,black,hisp,m,35-39,0.8703,synthetic_seed
CT,2023,black,hisp,f,35-39,0.7288,synthetic_seed
CT,2023,black,hisp,m,40-44,0.8767,synthetic_seed
CT,2023,black,hisp,f,40-44,0.7307,synthetic_seed
CT,2023,black,hisp,m,45-49,0.8487,synthetic_seed
CT,2023,black,hisp,f,45-49,0.7343,synthetic_seed
CT,2023,black,hisp,m,50-54,0.8221,synthetic_seed
CT,2023,black,hisp,f,50-54,0.6886,synthetic_seed
CT,2023,black,hisp,m,55-59,0.7562,synthetic_seed
CT,2023,black,hisp,f,55-59,0.6213,synthetic_seed
CT,2023,black,hisp,m,60-64,0.5849,synthetic_seed
CT,2023,black,hisp,f,60-64,0.4961,synthetic_seed
CT,2023,black,hisp,m,65-69,0.3807,synthetic_seed
CT,2023,black,hisp,f,65-69,0.263,synthetic_seed
CT,2023,black,hisp,m,70-74,0.2144,synthetic_seed
CT,2023,black,hisp,f,70-74,0.1447,synthetic_seed
CT,2023,black,hisp,m,75-79,0.1198,synthetic_seed
CT,2023,black,hisp,f,75-79,0.0659,synthetic_seed
CT,2023,black,hisp,m,80-84,0.0599,synthetic_seed
CT,2023,black,hisp,f,80-84,0.0298,synthetic_seed
CT,2023,black,hisp,m,85+,0.0191,synthetic_seed
CT,2023,black,hisp,f,85+,0.0096,synthetic_seed
CT,2023,asian,non-hisp,m,0-4,0.0,synthetic_seed
CT,2023,asian,non-hisp,f,0-4,0.0,synthetic_seed
CT,2023,asian,non-hisp,m,5-9,0.0,synthetic_seed
CT,2023,asian,non-hisp,f,5-9,0.0,synthetic_seed
CT,2023,asian,non-hisp,m,10-14,0.0,synthetic_seed
CT,2023,asian,non-hisp,f,10-14,0.0,synthetic_seed
CT,2023,asian,non-hisp,m,15-19,0.3599,synthetic_seed
CT,2023,asian,non-hisp,f,15-19,0.3335,synthetic_seed
CT,2023,asian,non-hisp,m,20-24,0.7853,synthetic_seed
CT,2023,asian,non-hisp,f,20-24,0.7283,synthetic_seed
CT,2023,asian,non-hisp,m,25-29,0.8791,synthetic_seed
CT,2023,asian,non-hisp,f,25-29,0.7582,synthetic_seed
CT,2023,asian,non-hisp,m,30-34,0.9379,synthetic_seed
CT,2023,asian,non-hisp,f,30-34,0.726,synthetic_seed
CT,2023,asian,non-hisp,m,35-39,0.9237,synthetic_seed
CT,2023,asian,non-hisp,f,35-39,0.7576,synthetic_seed
CT,2023,asian,non-hisp,m,40-44,0.9423,synthetic_seed
CT,2023,asian,non-hisp,f,40-44,0.8098,synthetic_seed
CT,2023,asian,non-hisp,m,45-49,0.8745,synthetic_seed
CT,2023,asian,non-hisp,f,45-49,0.7766,synthetic_seed
CT,2023,asian,non-hisp,m,50-54,0.826,synthetic_seed
CT,2023,asian,non-hisp,f,50-54,0.7361,synthetic_seed
CT,2023,asian,non-hisp,m,55-59,0.7487,synthetic_seed
CT,2023,asian,non-hisp,f,55-59,0.6542,synthetic_seed
CT,2023,asian,non-hisp,m,60-64,0.5915,synthetic_seed
CT,2023,asian,non-hisp,f,60-64,0.5173,synthetic_seed
CT,2023,asian,non-hisp,m,65-69,0.3804,synthetic_seed
CT,2023,asian,non-hisp,f,65-69,0.2882,synthetic_seed
CT,2023,asian,non-hisp,m,70-74,0.2344,synthetic_seed
CT,2023,asian,non-hisp,f,70-74,0.1503,synthetic_seed
CT,2023,asian,non-hisp,m,75-79,0.1263,synthetic_seed
CT,2023,asian,non-hisp,f,75-79,0.0727,synthetic_seed
CT,2023,asian,non-hisp,m,80-84,0.0603,synthetic_seed
CT,2023,asian,non-hisp,f,80-84,0.0304,synthetic_seed
CT,2023,asian,non-hisp,m,85+,0.0201,synthetic_seed
CT,2023,asian,non-hisp,f,85+,0.0105,synthetic_seed
CT,2023,asian,hisp,m,0-4,0.0,synthetic_seed
CT,2023,asian,hisp,f,0-4,0.0,synthetic_seed
CT,2023,asian,hisp,m,5-9,0.0,synthetic_seed
CT,2023,asian,hisp,f,5-9,0.0,synthetic_seed
CT,2023,asian,hisp,m,10-14,0.0,synthetic_seed
CT,2023,asian,hisp,f,10-14,0.0,synthetic_seed
CT,2023,asian,hisp,m,15-19,0.3606,synthetic_seed
CT,2023,asian,hisp,f,15-19,0.3345,synthetic_seed
CT,2023,asian,hisp,m,20-24,0.7624,synthetic_seed
CT,2023,asian,hisp,f,20-24,0.7236,synthetic_seed
CT,2023,asian,hisp,m,25-29,0.9115,synthetic_seed
CT,2023,asian,hisp,f,25-29,0.7381,synthetic_seed
CT,2023,asian,hisp,m,30-34,0.9493,synthetic_seed
CT,2023,asian,hisp,f,30-34,0.7492,synthetic_seed
CT,2023,asian,hisp,m,35-39,0.9071,synthetic_seed
CT,2023,asian,hisp,f,35-39,0.7764,synthetic_seed
CT,2023,asian,hisp,m,40-44,0.9217,synthetic_seed
CT,2023,asian,hisp,f,40-44,0.7867,synthetic_seed
CT,2023,asian,hisp,m,45-49,0.877,synthetic_seed
CT,2023,asian,hisp,f,45-49,0.7886,synthetic_seed
CT,2023,asian,hisp,m,50-54,0.8394,synthetic_seed
CT,2023,asian,hisp,f,50-54,0.7632,synthetic_seed
CT,2023,asian,hisp,m,55-59,0.7592,synthetic_seed
CT,2023,asian,hisp,f,55-59,0.6913,synthetic_seed
CT,2023,asian,hisp,m,60-64,0.6111,synthetic_seed
CT,2023,asian,hisp,f,60-64,0.4963,synthetic_seed
CT,2023,asian,hisp,m,65-69,0.3922,synthetic_seed
CT,2023,asian,hisp,f,65-69,0.292,synthetic_seed
CT,2023,asian,hisp,m,70-74,0.2408,synthetic_seed
CT,2023,asian,hisp,f,70-74,0.1468,synthetic_seed
CT,2023,asian,hisp,m,75-79,0.122,synthetic_seed
CT,2023,asian,hisp,f,75-79,0.0706,synthetic_seed
CT,2023,asian,hisp,m,80-84,0.0597,synthetic_seed
CT,2023,asian,hisp,f,80-84,0.0292,synthetic_seed
CT,2023,asian,hisp,m,85+,0.0208,synthetic_seed
CT,2023,asian,hisp,f,85+,0.0105,synthetic_seed
CT,2023,other,non-hisp,m,0-4,0.0,synthetic_seed
CT,2023,other,non-hisp,f,0-4,0.0,synthetic_seed
CT,2023,other,non-hisp,m,5-9,0.0,synthetic_seed
CT,2023,other,non-hisp,f,5-9,0.0,synthetic_seed
CT,2023,other,non-hisp,m,10-14,0.0,synthetic_seed
CT,2023,other,non-hisp,f,10-14,0.0,synthetic_seed
CT,2023,other,non-hisp,m,15-19,0.3599,synthetic_seed
CT,2023,other,non-hisp,f,15-19,0.3308,synthetic_seed
CT,2023,other,non-hisp,m,20-24,0.7444,synthetic_seed
CT,2023,other,non-hisp,f,20-24,0.707,synthetic_seed
CT,2023,other,non-hisp,m,25-29,0.9093,synthetic_seed
CT,2023,other,non-hisp,f,25-29,0.7628,synthetic_seed
CT,2023,other,non-hisp,m,30-34,0.8747,synthetic_seed
CT,2023,other,non-hisp,f,30-34,0.7275,synthetic_seed
CT,2023,other,non-hisp,m,35-39,0.893,synthetic_seed
CT,2023,other,non-hisp,f,35-39,0.7441,synthetic_seed
CT,2023,other,non-hisp,m,40-44,0.8898,synthetic_seed
CT,2023,other,non-hisp,f,40-44,0.7539,synthetic_seed
CT,2023,other,non-hisp,m,45-49,0.8516,synthetic_seed
CT,2023,other,non-hisp,f,45-49,0.7707,synthetic_seed
CT,2023,other,non-hisp,m,50-54,0.814,synthetic_seed
CT,2023,other,non-hisp,f,50-54,0.7233,synthetic_seed
CT,2023,other,non-hisp,m,55-59,0.7919,synthetic_seed
CT,2023,other,non-hisp,f,55-59,0.6501,synthetic_seed
CT,2023,other,non-hisp,m,60-64,0.6023,synthetic_seed
CT,2023,other,non-hisp,f,60-64,0.4956,synthetic_seed
CT,2023,other,non-hisp,m,65-69,0.3674,synthetic_seed
CT,2023,other,non-hisp,f,65-69,0.2806,synthetic_seed
CT,2023,other,non-hisp,m,70-74,0.2256,synthetic_seed
CT,2023,other,non-hisp,f,70-74,0.1549,synthetic_seed
CT,2023,other,non-hisp,m,75-79,0.1164,synthetic_seed
CT,2023,other,non-hisp,f,75-79,0.0701,synthetic_seed
CT,2023,other,non-hisp,m,80-84,0.0618,synthetic_seed
CT,2023,other,non-hisp,f,80-84,0.0301,synthetic_seed
CT,2023,other,non-hisp,m,85+,0.0195,synthetic_seed
CT,2023,other,non-hisp,f,85+,0.01,synthetic_seed
CT,2023,other,hisp,m,0-4,0.0,synthetic_seed
CT,2023,other,hisp,f,0-4,0.0,synthetic_seed
CT,2023,other,hisp,m,5-9,0.0,synthetic_seed
CT,2023,other,hisp,f,5-9,0.0,synthetic_seed
CT,2023,other,hisp,m,10-14,0.0,synthetic_seed
CT,2023,other,hisp,f,10-14,0.0,synthetic_seed
CT,2023,other,hisp,m,15-19,0.3559,synthetic_seed
CT,2023,other,hisp,f,15-19,0.3137,synthetic_seed
CT,2023,other,hisp,m,20-24,0.7198,synthetic_seed
CT,2023,other,hisp,f,20-24,0.6903,synthetic_seed
CT,2023,other,hisp,m,25-29,0.9022,synthetic_seed
CT,2023,other,hisp,f,25-29,0.7807,synthetic_seed
CT,2023,other,hisp,m,30-34,0.9006,synthetic_seed
CT,2023,other,hisp,f,30-34,0.7232,synthetic_seed
CT,2023,other,hisp,m,35-39,0.8958,synthetic_seed
CT,2023,other,hisp,f,35-39,0.7543,synthetic_seed
CT,2023,other,hisp,m,40-44,0.9153,synthetic_seed
CT,2023,other,hisp,f,40-44,0.7833,synthetic_seed
CT,2023,other,hisp,m,45-49,0.848,synthetic_seed
CT,2023,other,hisp,f,45-49,0.7698,synthetic_seed
CT,2023,other,hisp,m,50-54,0.817,synthetic_seed
CT,2023,other,hisp,f,50-54,0.7412,synthetic_seed
CT,2023,other,hisp,m,55-59,0.7469,synthetic_seed
CT,2023,other,hisp,f,55-59,0.6708,synthetic_seed
CT,2023,other,hisp,m,60-64,0.5855,synthetic_seed
CT,2023,other,hisp,f,60-64,0.492,synthetic_seed
CT,2023,other,hisp,m,65-69,0.384,synthetic_seed
CT,2023,other,hisp,f,65-69,0.2819,synthetic_seed
CT,2023,other,hisp,m,70-74,0.2304,synthetic_seed
CT,2023,other,hisp,f,70-74,0.1541,synthetic_seed
CT,2023,other,hisp,m,75-79,0.123,synthetic_seed
CT,2023,other,hisp,f,75-79,0.0689,synthetic_seed
CT,2023,other,hisp,m,80-84,0.0609,synthetic_seed
CT,2023,other,hisp,f,80-84,0.0298,synthetic_seed
CT,2023,other,hisp,m,85+,0.02,synthetic_seed
CT,2023,other,hisp,f,85+,0.0101,synthetic_seed
DE,2023,white,non-hisp,m,0-4,0.0,synthetic_seed
DE,2023,white,non-hisp,f,0-4,0.0,synthetic_seed
DE,2023,white,non-hisp,m,5-9,0.0,synthetic_seed
DE,2023,white,non-hisp,f,5-9,0.0,synthetic_seed
DE,2023,white,non-hisp,m,10-14,0.0,synthetic_seed
DE,2023,white,non-hisp,f,10-14,0.0,synthetic_seed
DE,2023,white,non-hisp,m,15-19,0.3732,synthetic_seed
DE,2023,white,non-hisp,f,15-19,0.3157,synthetic_seed
DE,2023,white,non-hisp,m,20-24,0.7256,synthetic_seed
DE,2023,white,non-hisp,f,20-24,0.7093,synthetic_seed
DE,2023,white,non-hisp,m,25-29,0.8894,synthetic_seed
DE,2023,white,non-hisp,f,25-29,0.7637,synthetic_seed
DE,2023,white,non-hisp,m,30-34,0.902,synthetic_seed
DE,2023,white,non-hisp,f,30-34,0.747,synthetic_seed
DE,2023,white,non-hisp,m,35-39,0.9289,synthetic_seed
DE,2023,white,non-hisp,f,35-39,0.7313,synthetic_seed
DE,2023,white,non-hisp,m,40-44,0.9217,synthetic_seed
DE,2023,white,non-hisp,f,40-44,0.7808,synthetic_seed
DE,2023,white,non-hisp,m,45-49,0.8968,synthetic_seed
DE,2023,white,non-hisp,f,45-49,0.7614,synthetic_seed
DE,2023,white,non-hisp,m,50-54,0.8359,synthetic_seed
DE,2023,white,non-hisp,f,50-54,0.7525,synthetic_seed
DE,2023,white,non-hisp,m,55-59,0.743,synthetic_seed
DE,2023,white,non-hisp,f,55-59,0.6503,synthetic_seed
DE,2023,white,non-hisp,m,60-64,0.5891,synthetic_seed
DE,2023,white,non-hisp,f,60-64,0.517,synthetic_seed
DE,2023,white,non-hisp,m,65-69,0.4016,synthetic_seed
DE,2023,white,non-hisp,f,65-69,0.2807,synthetic_seed
DE,2023,white,non-hisp,m,70-74,0.229,synthetic_seed
DE,2023,white,non-hisp,f,70-74,0.1473,synthetic_seed
DE,2023,white,non-hisp,m,75-79,0.1214,synthetic_seed
DE,2023,white,non-hisp,f,75-79,0.0698,synthetic_seed
DE,2023,white,non-hisp,m,80-84,0.059,synthetic_seed
DE,2023,white,non-hisp,f,80-84,0.0291,synthetic_seed
DE,2023,white,non-hisp,m,85+,0.0207,synthetic_seed
DE,2023,white,non-hisp,f,85+,0.0099,synthetic_seed
DE,2023,white,hisp,m,0-4,0.0,synthetic_seed
DE,2023,white,hisp,f,0-4,0.0,synthetic_seed
DE,2023,white,hisp,m,5-9,0.0,synthetic_seed
DE,2023,white,hisp,f,5-9,0.0,synthetic_seed
DE,2023,white,hisp,m,10-14,0.0,synthetic_seed
DE,2023,white,hisp,f,10-14,0.0,synthetic_seed
DE,2023,white,hisp,m,15-19,0.3607,synthetic_seed
DE,2023,white,hisp,f,15-19,0.3187,synthetic_seed
DE,2023,white,hisp,m,20-24,0.762,synthetic_seed
DE,2023,white,hisp,f,20-24,0.6988,synthetic_seed
DE,2023,white,hisp,m,25-29,0.875,synthetic_seed
DE,2023,white,hisp,f,25-29,0.7511,synthetic_seed
DE,2023,white,hisp,m,30-34,0.9052,synthetic_seed
DE,2023,white,hisp,f,30-34,0.7305,synthetic_seed
DE,2023,white,hisp,m,35-39,0.8811,synthetic_seed
DE,2023,white,hisp,f,35-39,0.7545,synthetic_seed
DE,2023,white,hisp,m,40-44,0.8922,synthetic_seed
DE,2023,white,hisp,f,40-44,0.7803,synthetic_seed
DE,2023,white,hisp,m,45-49,0.8791,synthetic_seed
DE,2023,white,hisp,f,45-49,0.8051,synthetic_seed
DE,2023,white,hisp,m,50-54,0.8525,synthetic_seed
DE,2023,white,hisp,f,50-54,0.7351,synthetic_seed
DE,2023,white,hisp,m,55-59,0.7453,synthetic_seed
DE,2023,white,hisp,f,55-59,0.6362,synthetic_seed
DE,2023,white,hisp,m,60-64,0.6079,synthetic_seed
DE,2023,white,hisp,f,60-64,0.496,synthetic_seed
DE,2023,white,hisp,m,65-69,0.373,synthetic_seed
DE,2023,white,hisp,f,65-69,0.2811,synthetic_seed
DE,2023,white,hisp,m,70-74,0.2264,synthetic_seed
DE,2023,white,hisp,f,70-74,0.1545,synthetic_seed
DE,2023,white,hisp,m,75-79,0.1186,synthetic_seed
DE,2023,white,hisp,f,75-79,0.0692,synthetic_seed
DE,2023,white,hisp,m,80-84,0.0599,synthetic_seed
DE,2023,white,hisp,f,80-84,0.0311,synthetic_seed
DE,2023,white,hisp,m,85+,0.02,synthetic_seed
DE,2023,white,hisp,f,85+,0.0099,synthetic_seed
DE,2023,black,non-hisp,m,0-4,0.0,synthetic_seed
DE,2023,black,non-hisp,f,0-4,0.0,synthetic_seed
DE,2023,black,non-hisp,m,5-9,0.0,synthetic_seed
DE,2023,black,non-hisp,f,5-9,0.0,synthetic_seed
DE,2023,black,non-hisp,m,10-14,0.0,synthetic_seed
DE,2023,black,non-hisp,f,10-14,0.0,synthetic_seed
DE,2023,black,non-hisp,m,15-19,0.3565,synthetic_seed
DE,2023,black,non-hisp,f,15-19,0.3111,synthetic_seed
DE,2023,black,non-hisp,m,20-24,0.7479,synthetic_seed
DE,2023,black,non-hisp,f,20-24,0.679,synthetic_seed
DE,2023,black,non-hisp,m,25-29,0.8642,synthetic_seed
DE,2023,black,non-hisp,f,25-29,0.7285,synthetic_seed
DE,2023,black,non-hisp,m,30-34,0.8708,synthetic_seed
DE,2023,black,non-hisp,f,30-34,0.7019,synthetic_seed
DE,2023,black,non-hisp,m,35-39,0.8779,synthetic_seed
DE,2023,black,non-hisp,f,35-39,0.7098,synthetic_seed
DE,2023,black,non-hisp,m,40-44,0.855,synthetic_seed
DE,2023,black,non-hisp,f,40-44,0.7492,synthetic_seed
DE,2023,black,non-hisp,m,45-49,0.8642,synthetic_seed
DE,2023,black,non-hisp,f,45-49,0.7507,synthetic_seed
DE,2023,black,non-hisp,m,50-54,0.8107,synthetic_seed
DE,2023,black,non-hisp,f,50-54,0.7145,synthetic_seed
DE,2023,black,non-hisp,m,55-59,0.711,synthetic_seed
DE,2023,black,non-hisp,f,55-59,0.6304,synthetic_seed
DE,2023,black,non-hisp,m,60-64,0.5879,synthetic_seed
DE,2023,black,non-hisp,f,60-64,0.4971,synthetic_seed
DE,2023,black,non-hisp,m,65-69,0.3846,synthetic_seed
DE,2023,black,non-hisp,f,65-69,0.2718,synthetic_seed
DE,2023,black,non-hisp,m,70-74,0.2254,synthetic_seed
DE,2023,black,non-hisp,f,70-74,0.1449,synthetic_seed
DE,2023,black,non-hisp,m,75-79,0.1202,synthetic_seed
DE,2023,black,non-hisp,f,75-79,0.072,synthetic_seed
DE,2023,black,non-hisp,m,80-84,0.0593,synthetic_seed
DE,2023,black,non-hisp,f,80-84,0.0292,synthetic_seed
DE,2023,black,non-hisp,m,85+,0.0193,synthetic_seed
DE,2023,black,non-hisp,f,85+,0.0094,synthetic_seed
DE,2023,black,hisp,m,0-4,0.0,synthetic_seed
DE,2023,black,hisp,f,0-4,0.0,synthetic_seed
DE,2023,black,hisp,m,5-9,0.0,synthetic_seed
DE,2023,black,hisp,f,5-9,0.0,synthetic_seed
DE,2023,black,hisp,m,10-14,0.0,synthetic_seed
DE,2023,black,hisp,f,10-14,0.0,synthetic_seed
DE,2023,black,hisp,m,15-19,0.3493,synthetic_seed
DE,2023,black,hisp,f,15-19,0.301,synthetic_seed
DE,2023,black,hisp,m,20-24,0.7129,synthetic_seed
DE,2023,black,hisp,f,20-24,0.6795,synthetic_seed
DE,2023,black,hisp,m,25-29,0.8547,synthetic_seed
DE,2023,black,hisp,f,25-29,0.7013,synthetic_seed
DE,2023,black,hisp,m,30-34,0.8909,synthetic_seed
DE,2023,black,hisp,f,30-34,0.7121,synthetic_seed
DE,2023,black,hisp,m,35-39,0.8902,synthetic_seed
DE,2023,black,hisp,f,35-39,0.7002,synthetic_seed
DE,2023,black,hisp,m,40-44,0.8519,synthetic_seed
DE,2023,black,hisp,f,40-44,0.7244,synthetic_seed
DE,2023,black,hisp,m,45-49,0.8033,synthetic_seed
DE,2023,black,hisp,f,45-49,0.7007,synthetic_seed
DE,2023,black,hisp,m,50-54,0.8544,synthetic_seed
DE,2023,black,hisp,f,50-54,0.7005,synthetic_seed
DE,2023,black,hisp,m,55-59,0.7361,synthetic_seed
DE,2023,black,hisp,f,55-59,0.6315,synthetic_seed
DE,2023,black,hisp,m,60-64,0.5783,synthetic_seed
DE,2023,black,hisp,f,60-64,0.4923,synthetic_seed
DE,2023,black,hisp,m,65-69,0.3653,synthetic_seed
DE,2023,black,hisp,f,65-69,0.2828,synthetic_seed
DE,2023,black,hisp,m,70-74,0.2274,synthetic_seed
DE,2023,black,hisp,f,70-74,0.1449,synthetic_seed
DE,2023,black,hisp,m,75-79,0.1148,synthetic_seed
DE,2023,black,hisp,f,75-79,0.0695,synthetic_seed
DE,2023,black,hisp,m,80-84,0.0589,synthetic_seed
DE,2023,black,hisp,f,80-84,0.0301,synthetic_seed
DE,2023,black,hisp,m,85+,0.0191,synthetic_seed
DE,2023,black,hisp,f,85+,0.0097,synthetic_seed
DE,2023,asian,non-hisp,m,0-4,0.0,synthetic_seed
DE,2023,asian,non-hisp,f,0-4,0.0,synthetic_seed
DE,2023,asian,non-hisp,m,5-9,0.0,synthetic_seed
DE,2023,asian,non-hisp,f,5-9,0.0,synthetic_seed
DE,2023,asian,non-hisp,m,10-14,0.0,synthetic_seed
DE,2023,asian,non-hisp,f,10-14,0.0,synthetic_seed
DE,2023,asian,non-hisp,m,15-19,0.3745,synthetic_seed
DE,2023,asian,non-hisp,f,15-19,0.3089,synthetic_seed
DE,2023,asian,non-hisp,m,20-24,0.7637,synthetic_seed
DE,2023,asian,non-hisp,f,20-24,0.7259,synthetic_seed
DE,2023,asian,non-hisp,m,25-29,0.9154,synthetic_seed
DE,2023,asian,non-hisp,f,25-29,0.7834,synthetic_seed
DE,2023,asian,non-hisp,m,30-34,0.9145,synthetic_seed
DE,2023,asian,non-hisp,f,30-34,0.7427,synthetic_seed
DE,2023,asian,non-hisp,m,35-39,0.9337,synthetic_seed
DE,2023,asian,non-hisp,f,35-39,0.7693,synthetic_seed
DE,2023,asian,non-hisp,m,40-44,0.8811,synthetic_seed
DE,2023,asian,non-hisp,f,40-44,0.7976,synthetic_seed
DE,2023,asian,non-hisp,m,45-49,0.903,synthetic_seed
DE,2023,asian,non-hisp,f,45-49,0.776,synthetic_seed
DE,2023,asian,non-hisp,m,50-54,0.8902,synthetic_seed
DE,2023,asian,non-hisp,f,50-54,0.7447,synthetic_seed
DE,2023,asian,non-hisp,m,55-59,0.771,synthetic_seed
DE,2023,asian,non-hisp,f,55-59,0.6765,synthetic_seed
DE,2023,asian,non-hisp,m,60-64,0.6327,synthetic_seed
DE,2023,asian,non-hisp,f,60-64,0.5262,synthetic_seed
DE,2023,asian,non-hisp,m,65-69,0.3939,synthetic_seed
DE,2023,asian,non-hisp,f,65-69,0.2843,synthetic_seed
DE,2023,asian,non-hisp,m,70-74,0.2358,synthetic_seed
DE,2023,asian,non-hisp,f,70-74,0.1574,synthetic_seed
DE,2023,asian,non-hisp,m,75-79,0.1255,synthetic_seed
DE,2023,asian,non-hisp,f,75-79,0.0713,synthetic_seed
DE,2023,asian,non-hisp,m,80-84,0.0595,synthetic_seed
DE,2023,asian,non-hisp,f,80-84,0.0314,synthetic_seed
DE,2023,asian,non-hisp,m,85+,0.0208,synthetic_seed
DE,2023,asian,non-hisp,f,85+,0.0103,synthetic_seed
DE,2023,asian,hisp,m,0-4,0.0,synthetic_seed
DE,2023,asian,hisp,f,0-4,0.0,synthetic_seed
DE,2023,asian,hisp,m,5-9,0.0,synthetic_seed
DE,2023,asian,hisp,f,5-9,0.0,synthetic_seed
DE,2023,asian,hisp,m,10-14,0.0,synthetic_seed
DE,2023,asian,hisp,f,10-14,0.0,synthetic_seed
DE,2023,asian,hisp,m,15-19,0.3698,synthetic_seed
DE,2023,asian,hisp,f,15-19,0.3326,synthetic_seed
DE,2023,asian,hisp,m,20-24,0.7456,synthetic_seed
DE,2023,asian,hisp,f,20-24,0.7145,synthetic_seed
DE,2023,asian,hisp,m,25-29,0.9056,synthetic_seed
DE,2023,asian,hisp,f,25-29,0.7656,synthetic_seed
DE,2023,asian,hisp,m,30-34,0.9223,synthetic_seed
DE,2023,asian,hisp,f,30-34,0.7356,synthetic_seed
DE,2023,asian,hisp,m,35-39,0.9349,synthetic_seed
DE,2023,asian,hisp,f,35-39,0.719,synthetic_seed
DE,2023,asian,hisp,m,40-44,0.9247,synthetic_seed
DE,2023,asian,hisp,f,40-44,0.7805,synthetic_seed
DE,2023,asian,hisp,m,45-49,0.8891,synthetic_seed
DE,2023,asian,hisp,f,45-49,0.8003,synthetic_seed
DE,2023,asian,hisp,m,50-54,0.8473,synthetic_seed
DE,2023,asian,hisp,f,50-54,0.7372,synthetic_seed
DE,2023,asian,hisp,m,55-59,0.7385,synthetic_seed
DE,2023,asian,hisp,f,55-59,0.674,synthetic_seed
DE,2023,asian,hisp,m,60-64,0.6174,synthetic_seed
DE,2023,asian,hisp,f,60-64,0.4992,synthetic_seed
DE,2023,asian,hisp,m,65-69,0.3758,synthetic_seed
DE,2023,asian,hisp,f,65-69,0.2884,synthetic_seed
DE,2023,asian,hisp,m,70-74,0.2335,synthetic_seed
DE,2023,asian,hisp,f,70-74,0.1542,synthetic_seed
DE,2023,asian,hisp,m,75-79,0.1203,synthetic_seed
DE,2023,asian,hisp,f,75-79,0.0712,synthetic_seed
DE,2023,asian,hisp,m,80-84,0.0619,synthetic_seed
DE,2023,asian,hisp,f,80-84,0.0313,synthetic_seed
DE,2023,asian,hisp,m,85+,0.0208,synthetic_seed
DE,2023,asian,hisp,f,85+,0.0103,synthetic_seed
DE,2023,other,non-hisp,m,0-4,0.0,synthetic_seed
DE,2023,other,non-hisp,f,0-4,0.0,synthetic_seed
DE,2023,other,non-hisp,m,5-9,0.0,synthetic_seed
DE,2023,other,non-hisp,f,5-9,0.0,synthetic_seed
DE,2023,other,non-hisp,m,10-14,0.0,synthetic_seed
DE,2023,other,non-hisp,f,10-14,0.0,synthetic_seed
DE,2023,other,non-hisp,m,15-19,0.3664,synthetic_seed
DE,2023,other,non-hisp,f,15-19,0.3224,synthetic_seed
DE,2023,other,non-hisp,m,20-24,0.7765,synthetic_seed
DE,2023,other,non-hisp,f,20-24,0.7118,synthetic_seed
DE,2023,other,non-hisp,m,25-29,0.9021,synthetic_seed
DE,2023,other,non-hisp,f,25-29,0.768,synthetic_seed
DE,2023,other,non-hisp,m,30-34,0.9134,synthetic_seed
DE,2023,other,non-hisp,f,30-34,0.7267,synthetic_seed
DE,2023,other,non-hisp,m,35-39,0.9405,synthetic_seed
DE,2023,other,non-hisp,f,35-39,0.7548,synthetic_seed
DE,2023,other,non-hisp,m,40-44,0.8773,synthetic_seed
DE,2023,other,non-hisp,f,40-44,0.7594,synthetic_seed
DE,2023,other,non-hisp,m,45-49,0.8807,synthetic_seed
DE,2023,other,non-hisp,f,45-49,0.7899,synthetic_seed
DE,2023,other,non-hisp,m,50-54,0.8312,synthetic_seed
DE,2023,other,non-hisp,f,50-54,0.7424,synthetic_seed
DE,2023,other,non-hisp,m,55-59,0.7624,synthetic_seed
DE,2023,other,non-hisp,f,55-59,0.6602,synthetic_seed
DE,2023,other,non-hisp,m,60-64,0.5917,synthetic_seed
DE,2023,other,non-hisp,f,60-64,0.5015,synthetic_seed
DE,2023,other,non-hisp,m,65-69,0.3752,synthetic_seed
DE,2023,other,non-hisp,f,65-69,0.2824,synthetic_seed
DE,2023,other,non-hisp,m,70-74,0.2351,synthetic_seed
DE,2023,other,non-hisp,f,70-74,0.1476,synthetic_seed
DE,2023,other,non-hisp,m,75-79,0.1153,synthetic_seed
DE,2023,other,non-hisp,f,75-79,0.0692,synthetic_seed
DE,2023,other,non-hisp,m,80-84,0.062,synthetic_seed
DE,2023,other,non-hisp,f,80-84,0.0294,synthetic_seed
DE,2023,other,non-hisp,m,85+,0.02,synthetic_seed
DE,2023,other,non-hisp,f,85+,0.0099,synthetic_seed
DE,2023,other,hisp,m,0-4,0.0,synthetic_seed
DE,2023,other,hisp,f,0-4,0.0,synthetic_seed
DE,2023,other,hisp,m,5-9,0.0,synthetic_seed
DE,2023,other,hisp,f,5-9,0.0,synthetic_seed
DE,2023,other,hisp,m,10-14,0.0,synthetic_seed
DE,2023,other,hisp,f,10-14,0.0,synthetic_seed
DE,2023,other,hisp,m,15-19,0.3627,synthetic_seed
DE,2023,other,hisp,f,15-19,0.3209,synthetic_seed
DE,2023,other,hisp,m,20-24,0.7452,synthetic_seed
DE,2023,other,hisp,f,20-24,0.6989,synthetic_seed
DE,2023,other,hisp,m,25-29,0.8788,synthetic_seed
DE,2023,other,hisp,f,25-29,0.761,synthetic_seed
DE,2023,other,hisp,m,30-34,0.9352,synthetic_seed
DE,2023,other,hisp,f,30-34,0.7405,synthetic_seed
DE,2023,other,hisp,m,35-39,0.9134,synthetic_seed
DE,2023,other,hisp,f,35-39,0.7528,synthetic_seed
DE,2023,other,hisp,m,40-44,0.8994,synthetic_seed
DE,2023,other,hisp,f,40-44,0.765,synthetic_seed
DE,2023,other,hisp,m,45-49,0.8625,synthetic_seed
DE,2023,other,hisp,f,45-49,0.7692,synthetic_seed
DE,2023,other,hisp,m,50-54,0.8111,synthetic_seed
DE,2023,other,hisp,f,50-54,0.7391,synthetic_seed
DE,2023,other,hisp,m,55-59,0.7324,synthetic_seed
DE,2023,other,hisp,f,55-59,0.6536,synthetic_seed
DE,2023,other,hisp,m,60-64,0.5901,synthetic_seed
DE,2023,other,hisp,f,60-64,0.5093,synthetic_seed
DE,2023,other,hisp,m,65-69,0.3798,synthetic_seed
DE,2023,other,hisp,f,65-69,0.281,synthetic_seed
DE,2023,other,hisp,m,70-74,0.2301,synthetic_seed
DE,2023,other,hisp,f,70-74,0.1539,synthetic_seed
DE,2023,other,hisp,m,75-79,0.1255,synthetic_seed
DE,2023,other,hisp,f,75-79,0.069,synthetic_seed
DE,2023,other,hisp,m,80-84,0.0591,synthetic_seed
DE,2023,other,hisp,f,80-84,0.0289,synthetic_seed
DE,2023,other,hisp,m,85+,0.0204,synthetic_seed
DE,2023,other,hisp,f,85+,0.0101,synthetic_seed
DC,2023,white,non-hisp,m,0-4,0.0,synthetic_seed
DC,2023,white,non-hisp,f,0-4,0.0,synthetic_seed
DC,2023,white,non-hisp,m,5-9,0.0,synthetic_seed
DC,2023,white,non-hisp,f,5-9,0.0,synthetic_seed
DC,2023,white,non-hisp,m,10-14,0.0,synthetic_seed
DC,2023,white,non-hisp,f,10-14,0.0,synthetic_seed
DC,2023,white,non-hisp,m,15-19,0.3552,synthetic_seed
DC,2023,white,non-hisp,f,15-19,0.3208,synthetic_seed
DC,2023,white,non-hisp,m,20-24,0.7488,synthetic_seed
DC,2023,white,non-hisp,f,20-24,0.7045,synthetic_seed
DC,2023,white,non-hisp,m,25-29,0.902,synthetic_seed
DC,2023,white,non-hisp,f,25-29,0.7607,synthetic_seed
DC,2023,white,non-hisp,m,30-34,0.865,synthetic_seed
DC,2023,white,non-hisp,f,30-34,0.7203,synthetic_seed
DC,2023,white,non-hisp,m,35-39,0.9086,synthetic_seed
DC,2023,white,non-hisp,f,35-39,0.7497,synthetic_seed
DC,2023,white,non-hisp,m,40-44,0.8726,synthetic_seed
DC,2023,white,non-hisp,f,40-44,0.793,synthetic_seed
DC,2023,white,non-hisp,m,45-49,0.8718,synthetic_seed
DC,2023,white,non-hisp,f,45-49,0.7485,synthetic_seed
DC,2023,white,non-hisp,m,50-54,0.8429,synthetic_seed
DC,2023,white,non-hisp,f,50-54,0.7464,synthetic_seed
DC,2023,white,non-hisp,m,55-59,0.695,synthetic_seed
DC,2023,white,non-hisp,f,55-59,0.6457,synthetic_seed
DC,2023,white,non-hisp,m,60-64,0.6119,synthetic_seed
DC,2023,white,non-hisp,f,60-64,0.4985,synthetic_seed
DC,2023,white,non-hisp,m,65-69,0.3705,synthetic_seed
DC,2023,white,non-hisp,f,65-69,0.288,synthetic_seed
DC,2023,white,non-hisp,m,70-74,0.2311,synthetic_seed
DC,2023,white,non-hisp,f,70-74,0.1521,synthetic_seed
DC,2023,white,non-hisp,m,75-79,0.1195,synthetic_seed
DC,2023,white,non-hisp,f,75-79,0.0711,synthetic_seed
DC,2023,white,non-hisp,m,80-84,0.0592,synthetic_seed
DC,2023,white,non-hisp,f,80-84,0.0296,synthetic_seed
DC,2023,white,non-hisp,m,85+,0.0204,synthetic_seed
DC,2023,white,non-hisp,f,85+,0.01,synthetic_seed
DC,2023,white,hisp,m,0-4,0.0,synthetic_seed
DC,2023,white,hisp,f,0-4,0.0,synthetic_seed
DC,2023,white,hisp,m,5-9,0.0,synthetic_seed
DC,2023,white,hisp,f,5-9,0.0,synthetic_seed
DC,2023,white,hisp,m,10-14,0.0,synthetic_seed
DC,2023,white,hisp,f,10-14,0.0,synthetic_seed
DC,2023,white,hisp,m,15-19,0.3676,synthetic_seed
DC,2023,white,hisp,f,15-19,0.3186,synthetic_seed
DC,2023,white,hisp,m,20-24,0.7422,synthetic_seed
DC,2023,white,hisp,f,20-24,0.7049,synthetic_seed
DC,2023,white,hisp,m,25-29,0.8752,synthetic_seed
DC,2023,white,hisp,f,25-29,0.7486,synthetic_seed
DC,2023,white,hisp,m,30-34,0.8885,synthetic_seed
DC,2023,white,hisp,f,30-34,0.7517,synthetic_seed
DC,2023,white,hisp,m,35-39,0.9169,synthetic_seed
DC,2023,white,hisp,f,35-39,0.7428,synthetic_seed
DC,2023,white,hisp,m,40-44,0.9051,synthetic_seed
DC,2023,white,hisp,f,40-44,0.7684,synthetic_seed
DC,2023,white,hisp,m,45-49,0.8812,synthetic_seed
DC,2023,white,hisp,f,45-49,0.7715,synthetic_seed
DC,2023,white,hisp,m,50-54,0.8191,synthetic_seed
DC,2023,white,hisp,f,50-54,0.729,synthetic_seed
DC,2023,white,hisp,m,55-59,0.7536,synthetic_seed
DC,2023,white,hisp,f,55-59,0.6533,synthetic_seed
DC,2023,white,hisp,m,60-64,0.612,synthetic_seed
DC,2023,white,hisp,f,60-64,0.5022,synthetic_seed
DC,2023,white,hisp,m,65-69,0.3829,synthetic_seed
DC,2023,white,hisp,f,65-69,0.2795,synthetic_seed
DC,2023,white,hisp,m,70-74,0.2335,synthetic_seed
DC,2023,white,hisp,f,70-74,0.1571,synthetic_seed
DC,2023,white,hisp,m,75-79,0.122,synthetic_seed
DC,2023,white,hisp,f,75-79,0.0694,synthetic_seed
DC,2023,white,hisp,m,80-84,0.0599,synthetic_seed
DC,2023,white,hisp,f,80-84,0.0303,synthetic_seed
DC,2023,white,hisp,m,85+,0.0194,synthetic_seed
DC,2023,white,hisp,f,85+,0.01,synthetic_seed
DC,2023,black,non-hisp,m,0-4,0.0,synthetic_seed
DC,2023,black,non-hisp,f,0-4,0.0,synthetic_seed
DC,2023,black,non-hisp,m,5-9,0.0,synthetic_seed
DC,2023,black,non-hisp,f,5-9,0.0,synthetic_seed
DC,2023,black,non-hisp,m,10-14,0.0,synthetic_seed
DC,2023,black,non-hisp,f,10-14,0.0,synthetic_seed
DC,2023,black,non-hisp,m,15-19,0.3398,synthetic_seed
DC,2023,black,non-hisp,f,15-19,0.3047,synthetic_seed
DC,2023,black,non-hisp,m,20-24,0.7288,synthetic_seed
DC,2023,black,non-hisp,f,20-24,0.677,synthetic_seed
DC,2023,black,non-hisp,m,25-29,0.862,synthetic_seed
DC,2023,black,non-hisp,f,25-29,0.7375,synthetic_seed
DC,2023,black,non-hisp,m,30-34,0.8902,synthetic_seed
DC,2023,black,non-hisp,f,30-34,0.7017,synthetic_seed
DC,2023,black,non-hisp,m,35-39,0.8895,synthetic_seed
DC,2023,black,non-hisp,f,35-39,0.7337,synthetic_seed
DC,2023,black,non-hisp,m,40-44,0.8677,synthetic_seed
DC,2023,black,non-hisp,f,40-44,0.7594,synthetic_seed
DC,2023,black,non-hisp,m,45-49,0.8335,synthetic_seed
DC,2023,black,non-hisp,f,45-49,0.7456,synthetic_seed
DC,2023,black,non-hisp,m,50-54,0.8156,synthetic_seed
DC,2023,black,non-hisp,f,50-54,0.7452,synthetic_seed
DC,2023,black,non-hisp,m,55-59,0.7026,synthetic_seed
DC,2023,black,non-hisp,f,55-59,0.6455,synthetic_seed
DC,2023,black,non-hisp,m,60-64,0.5701,synthetic_seed
DC,2023,black,non-hisp,f,60-64,0.4796,synthetic_seed
DC,2023,black,non-hisp,m,65-69,0.3682,synthetic_seed
DC,2023,black,non-hisp,f,65-69,0.2642,synthetic_seed
DC,2023,black,non-hisp,m,70-74,0.2209,synthetic_seed
DC,2023,black,non-hisp,f,70-74,0.1461,synthetic_seed
DC,2023,black,non-hisp,m,75-79,0.1133,synthetic_seed
DC,2023,black,non-hisp,f,75-79,0.0674,synthetic_seed
DC,2023,black,non-hisp,m,80-84,0.0574,synthetic_seed
DC,2023,black,non-hisp,f,80-84,0.0283,synthetic_seed
DC,2023,black,non-hisp,m,85+,0.0202,synthetic_seed
DC,2023,black,non-hisp,f,85+,0.0097,synthetic_seed
DC,2023,black,hisp,m,0-4,0.0,synthetic_seed
DC,2023,black,hisp,f,0-4,0.0,synthetic_seed
DC,2023,black,hisp,m,5-9,0.0,synthetic_seed
DC,2023,black,hisp,f,5-9,0.0,synthetic_seed
DC,2023,black,hisp,m,10-14,0.0,synthetic_seed
DC,2023,black,hisp,f,10-14,0.0,synthetic_seed
DC,2023,black,hisp,m,15-19,0.338,synthetic_seed
DC,2023,black,hisp,f,15-19,0.3086,synthetic_seed
DC,2023,black,hisp,m,20-24,0.7177,synthetic_seed
DC,2023,black,hisp,f,20-24,0.6803,synthetic_seed
DC,2023,black,hisp,m,25-29,0.8528,synthetic_seed
DC,2023,black,hisp,f,25-29,0.7252,synthetic_seed
DC,2023,black,hisp,m,30-34,0.875,synthetic_seed
DC,2023,black,hisp,f,30-34,0.7024,synthetic_seed
DC,2023,black,hisp,m,35-39,0.9093,synthetic_seed
DC,2023,black,hisp,f,35-39,0.7239,synthetic_seed
DC,2023,black,hisp,m,40-44,0.862,synthetic_seed
DC,2023,black,hisp,f,40-44,0.7552,synthetic_seed
DC,2023,black,hisp,m,45-49,0.8414,synthetic_seed
DC,2023,black,hisp,f,45-49,0.7385,synthetic_seed
DC,2023,black,hisp,m,50-54,0.8064,synthetic_seed
DC,2023,black,hisp,f,50-54,0.7064,synthetic_seed
DC,2023,black,hisp,m,55-59,0.6987,synthetic_seed
DC,2023,black,hisp,f,55-59,0.6221,synthetic_seed
DC,2023,black,hisp,m,60-64,0.5813,synthetic_seed
DC,2023,black,hisp,f,60-64,0.4986,synthetic_seed
DC,2023,black,hisp,m,65-69,0.3636,synthetic_seed
DC,2023,black,hisp,f,65-69,0.2787,synthetic_seed
DC,2023,black,hisp,m,70-74,0.2224,synthetic_seed
DC,2023,black,hisp,f,70-74,0.1431,synthetic_seed
DC,2023,black,hisp,m,75-79,0.1145,synthetic_seed
DC,2023,black,hisp,f,75-79,0.0708,synthetic_seed
DC,2023,black,hisp,m,80-84,0.057,synthetic_seed
DC,2023,black,hisp,f,80-84,0.0287,synthetic_seed
DC,2023,black,hisp,m,85+,0.0194,synthetic_seed
DC,2023,black,hisp,f,85+,0.0095,synthetic_seed
DC,2023,asian,non-hisp,m,0-4,0.0,synthetic_seed
DC,2023,asian,non-hisp,f,0-4,0.0,synthetic_seed
DC,2023,asian,non-hisp,m,5-9,0.0,synthetic_seed
DC,2023,asian,non-hisp,f,5-9,0.0,synthetic_seed
DC,2023,asian,non-hisp,m,10-14,0.0,synthetic_seed
DC,2023,asian,non-hisp,f,10-14,0.0,synthetic_seed
DC,2023,asian,non-hisp,m,15-19,0.3717,synthetic_seed
DC,2023,asian,non-hisp,f,15-19,0.3305,synthetic_seed
DC,2023,asian,non-hisp,m,20-24,0.7618,synthetic_seed
DC,2023,asian,non-hisp,f,20-24,0.7059,synthetic_seed
DC,2023,asian,non-hisp,m,25-29,0.8925,synthetic_seed
DC,2023,asian,non-hisp,f,25-29,0.7688,synthetic_seed
DC,2023,asian,non-hisp,m,30-34,0.948,synthetic_seed
DC,2023,asian,non-hisp,f,30-34,0.7273,synthetic_seed
DC,2023,asian,non-hisp,m,35-39,0.946,synthetic_seed
DC,2023,asian,non-hisp,f,35-39,0.7417,synthetic_seed
DC,2023,asian,non-hisp,m,40-44,0.9233,synthetic_seed
DC,2023,asian,non-hisp,f,40-44,0.7796,synthetic_seed
DC,2023,asian,non-hisp,m,45-49,0.8913,synthetic_seed
DC,2023,asian,non-hisp,f,45-49,0.7756,synthetic_seed
DC,2023,asian,non-hisp,m,50-54,0.8516,synthetic_seed
DC,2023,asian,non-hisp,f,50-54,0.7504,synthetic_seed
DC,2023,asian,non-hisp,m,55-59,0.7713,synthetic_seed
DC,2023,asian,non-hisp,f,55-59,0.6522,synthetic_seed
DC,2023,asian,non-hisp,m,60-64,0.5995,synthetic_seed
DC,2023,asian,non-hisp,f,60-64,0.5083,synthetic_seed
DC,2023,asian,non-hisp,m,65-69,0.3886,synthetic_seed
DC,2023,asian,non-hisp,f,65-69,0.2875,synthetic_seed
DC,2023,asian,non-hisp,m,70-74,0.229,synthetic_seed
DC,2023,asian,non-hisp,f,70-74,0.1523,synthetic_seed
DC,2023,asian,non-hisp,m,75-79,0.1214,synthetic_seed
DC,2023,asian,non-hisp,f,75-79,0.0729,synthetic_seed
DC,2023,asian,non-hisp,m,80-84,0.0603,synthetic_seed
DC,2023,asian,non-hisp,f,80-84,0.0297,synthetic_seed
DC,2023,asian,non-hisp,m,85+,0.0206,synthetic_seed
DC,2023,asian,non-hisp,f,85+,0.0102,synthetic_seed
DC,2023,asian,hisp,m,0-4,0.0,synthetic_seed
DC,2023,asian,hisp,f,0-4,0.0,synthetic_seed
DC,2023,asian,hisp,m,5-9,0.0,synthetic_seed
DC,2023,asian,hisp,f,5-9,0.0,synthetic_seed
DC,2023,asian,hisp,m,10-14,0.0,synthetic_seed
DC,2023,asian,hisp,f,10-14,0.0,synthetic_seed
DC,2023,asian,hisp,m,15-19,0.3756,synthetic_seed
DC,2023,asian,hisp,f,15-19,0.3205,synthetic_seed
DC,2023,asian,hisp,m,20-24,0.7656,synthetic_seed
DC,2023,asian,hisp,f,20-24,0.7052,synthetic_seed
DC,2023,asian,hisp,m,25-29,0.8759,synthetic_seed
DC,2023,asian,hisp,f,25-29,0.7649,synthetic_seed
DC,2023,asian,hisp,m,30-34,0.9146,synthetic_seed
DC,2023,asian,hisp,f,30-34,0.7548,synthetic_seed
DC,2023,asian,hisp,m,35-39,0.9076,synthetic_seed
DC,2023,asian,hisp,f,35-39,0.7643,synthetic_seed
DC,2023,asian,hisp,m,40-44,0.9151,synthetic_seed
DC,2023,asian,hisp,f,40-44,0.7998,synthetic_seed
DC,2023,asian,hisp,m,45-49,0.8727,synthetic_seed
DC,2023,asian,hisp,f,45-49,0.7803,synthetic_seed
DC,2023,asian,hisp,m,50-54,0.8747,synthetic_seed
DC,2023,asian,hisp,f,50-54,0.7609,synthetic_seed
DC,2023,asian,hisp,m,55-59,0.7764,synthetic_seed
DC,2023,asian,hisp,f,55-59,0.6687,synthetic_seed
DC,2023,asian,hisp,m,60-64,0.6168,synthetic_seed
DC,2023,asian,hisp,f,60-64,0.523,synthetic_seed
DC,2023,asian,hisp,m,65-69,0.3956,synthetic_seed
DC,2023,asian,hisp,f,65-69,0.2751,synthetic_seed
DC,2023,asian,hisp,m,70-74,0.2333,synthetic_seed
DC,2023,asian,hisp,f,70-74,0.1454,synthetic_seed
DC,2023,asian,hisp,m,75-79,0.1234,synthetic_seed
DC,2023,asian,hisp,f,75-79,0.0714,synthetic_seed
DC,2023,asian,hisp,m,80-84,0.0616,synthetic_seed
DC,2023,asian,hisp,f,80-84,0.0318,synthetic_seed
DC,2023,asian,hisp,m,85+,0.0207,synthetic_seed
DC,2023,asian,hisp,f,85+,0.0104,synthetic_seed
DC,2023,other,non-hisp,m,0-4,0.0,synthetic_seed
DC,2023,other,non-hisp,f,0-4,0.0,synthetic_seed
DC,2023,other,non-hisp,m,5-9,0.0,synthetic_seed
DC,2023,other,non-hisp,f,5-9,0.0,synthetic_seed
DC,2023,other,non-hisp,m,10-14,0.0,synthetic_seed
DC,2023,other,non-hisp,f,10-14,0.0,synthetic_seed
DC,2023,other,non-hisp,m,15-19,0.3555,synthetic_seed
DC,2023,other,non-hisp,f,15-19,0.3225,synthetic_seed
DC,2023,other,non-hisp,m,20-24,0.7503,synthetic_seed
DC,2023,other,non-hisp,f,20-24,0.694,synthetic_seed
DC,2023,other,non-hisp,m,25-29,0.8691,synthetic_seed
DC,2023,other,non-hisp,f,25-29,0.7604,synthetic_seed
DC,2023,other,non-hisp,m,30-34,0.9296,synthetic_seed
DC,2023,other,non-hisp,f,30-34,0.7307,synthetic_seed
DC,2023,other,non-hisp,m,35-39,0.903,synthetic_seed
DC,2023,other,non-hisp,f,35-39,0.7398,synthetic_seed
DC,2023,other,non-hisp,m,40-44,0.9183,synthetic_seed
DC,2023,other,non-hisp,f,40-44,0.7818,synthetic_seed
DC,2023,other,non-hisp,m,45-49,0.8697,synthetic_seed
DC,2023,other,non-hisp,f,45-49,0.7545,synthetic_seed
DC,2023,other,non-hisp,m,50-54,0.8299,synthetic_seed
DC,2023,other,non-hisp,f,50-54,0.7465,synthetic_seed
DC,2023,other,non-hisp,m,55-59,0.7598,synthetic_seed
DC,2023,other,non-hisp,f,55-59,0.6573,synthetic_seed
DC,2023,other,non-hisp,m,60-64,0.5945,synthetic_seed
DC,2023,other,non-hisp,f,60-64,0.5012,synthetic_seed
DC,2023,other,non-hisp,m,65-69,0.3853,synthetic_seed
DC,2023,other,non-hisp,f,65-69,0.2851,synthetic_seed
DC,2023,other,non-hisp,m,70-74,0.2351,synthetic_seed
DC,2023,other,non-hisp,f,70-74,0.1482,synthetic_seed
DC,2023,other,non-hisp,m,75-79,0.1225,synthetic_seed
DC,2023,other,non-hisp,f,75-79,0.0709,synthetic_seed
DC,2023,other,non-hisp,m,80-84,0.0587,synthetic_seed
DC,2023,other,non-hisp,f,80-84,0.0298,synthetic_seed
DC,2023,other,non-hisp,m,85+,0.02,synthetic_seed
DC,2023,other,non-hisp,f,85+,0.0101,synthetic_seed
DC,2023,other,hisp,m,0-4,0.0,synthetic_seed
DC,2023,other,hisp,f,0-4,0.0,synthetic_seed
DC,2023,other,hisp,m,5-9,0.0,synthetic_seed
DC,2023,other,hisp,f,5-9,0.0,synthetic_seed
DC,2023,other,hisp,m,10-14,0.0,synthetic_seed
DC,2023,other,hisp,f,10-14,0.0,synthetic_seed
DC,2023,other,hisp,m,15-19,0.3469,synthetic_seed
DC,2023,other,hisp,f,15-19,0.3212,synthetic_seed
DC,2023,other,hisp,m,20-24,0.7372,synthetic_seed
DC,2023,other,hisp,f,20-24,0.6972,synthetic_seed
DC,2023,other,hisp,m,25-29,0.8665,synthetic_seed
DC,2023,other,hisp,f,25-29,0.7374,synthetic_seed
DC,2023,other,hisp,m,30-34,0.9316,synthetic_seed
DC,2023,other,hisp,f,30-34,0.7312,synthetic_seed
DC,2023,other,hisp,m,35-39,0.8779,synthetic_seed
DC,2023,other,hisp,f,35-39,0.7382,synthetic_seed
DC,2023,other,hisp,m,40-44,0.9208,synthetic_seed
DC,2023,other,hisp,f,40-44,0.7795,synthetic_seed
DC,2023,other,hisp,m,45-49,0.8686,synthetic_seed
DC,2023,other,hisp,f,45-49,0.773,synthetic_seed
DC,2023,other,hisp,m,50-54,0.8422,synthetic_seed
DC,2023,other,hisp,f,50-54,0.724,synthetic_seed
DC,2023,other,hisp,m,55-59,0.7392,synthetic_seed
DC,2023,other,hisp,f,55-59,0.6418,synthetic_seed
DC,2023,other,hisp,m,60-64,0.6085,synthetic_seed
DC,2023,other,hisp,f,60-64,0.5065,synthetic_seed
DC,2023,other,hisp,m,65-69,0.3786,synthetic_seed
DC,2023,other,hisp,f,65-69,0.2856,synthetic_seed
DC,2023,other,hisp,m,70-74,0.2201,synthetic_seed
DC,2023,other,hisp,f,70-74,0.1463,synthetic_seed
DC,2023,other,hisp,m,75-79,0.1182,synthetic_seed
DC,2023,other,hisp,f,75-79,0.0682,synthetic_seed
DC,2023,other,hisp,m,80-84,0.059,synthetic_seed
DC,2023,other,hisp,f,80-84,0.0297,synthetic_seed
DC,2023,other,hisp,m,85+,0.0198,synthetic_seed
DC,2023,other,hisp,f,85+,0.0098,synthetic_seed
FL,2023,white,non-hisp,m,0-4,0.0,synthetic_seed
FL,2023,white,non-hisp,f,0-4,0.0,synthetic_seed
FL,2023,white,non-hisp,m,5-9,0.0,synthetic_seed
FL,2023,white,non-hisp,f,5-9,0.0,synthetic_seed
FL,2023,white,non-hisp,m,10-14,0.0,synthetic_seed
FL,2023,white,non-hisp,f,10-14,0.0,synthetic_seed
FL,2023,white,non-hisp,m,15-19,0.3488,synthetic_seed
FL,2023,white,non-hisp,f,15-19,0.3301,synthetic_seed
FL,2023,white,non-hisp,m,20-24,0.7731,synthetic_seed
FL,2023,white,non-hisp,f,20-24,0.6811,synthetic_seed
FL,2023,white,non-hisp,m,25-29,0.8819,synthetic_seed
FL,2023,white,non-hisp,f,25-29,0.749,synthetic_seed
FL,2023,white,non-hisp,m,30-34,0.925,synthetic_seed
FL,2023,white,non-hisp,f,30-34,0.7299,synthetic_seed
FL,2023,white,non-hisp,m,35-39,0.9256,synthetic_seed
FL,2023,white,non-hisp,f,35-39,0.759,synthetic_seed
FL,2023,white,non-hisp,m,40-44,0.8884,synthetic_seed
FL,2023,white,non-hisp,f,40-44,0.8092,synthetic_seed
FL,2023,white,non-hisp,m,45-49,0.8583,synthetic_seed
FL,2023,white,non-hisp,f,45-49,0.7808,synthetic_seed
FL,2023,white,non-hisp,m,50-54,0.8653,synthetic_seed
FL,2023,white,non-hisp,f,50-54,0.7541,synthetic_seed
FL,2023,white,non-hisp,m,55-59,0.7615,synthetic_seed
FL,2023,white,non-hisp,f,55-59,0.669,synthetic_seed
FL,2023,white,non-hisp,m,60-64,0.6033,synthetic_seed
FL,2023,white,non-hisp,f,60-64,0.5029,synthetic_seed
FL,2023,white,non-hisp,m,65-69,0.3852,synthetic_seed
FL,2023,white,non-hisp,f,65-69,0.2806,synthetic_seed
FL,2023,white,non-hisp,m,70-74,0.2267,synthetic_seed
FL,2023,white,non-hisp,f,70-74,0.153,synthetic_seed
FL,2023,white,non-hisp,m,75-79,0.1199,synthetic_seed
FL,2023,white,non-hisp,f,75-79,0.0688,synthetic_seed
FL,2023,white,non-hisp,m,80-84,0.0606,synthetic_seed
FL,2023,white,non-hisp,f,80-84,0.0298,synthetic_seed
FL,2023,white,non-hisp,m,85+,0.0209,synthetic_seed
FL,2023,white,non-hisp,f,85+,0.0101,synthetic_seed
FL,2023,white,hisp,m,0-4,0.0,synthetic_seed
FL,2023,white,hisp,f,0-4,0.0,synthetic_seed
FL,2023,white,hisp,m,5-9,0.0,synthetic_seed
FL,2023,white,hisp,f,5-9,0.0,synthetic_seed
FL,2023,white,hisp,m,10-14,0.0,synthetic_seed
FL,2023,white,hisp,f,10-14,0.0,synthetic_seed
FL,2023,white,hisp,m,15-19,0.3539,synthetic_seed
FL,2023,white,hisp,f,15-19,0.3132,synthetic_seed
FL,2023,white,hisp,m,20-24,0.7394,synthetic_seed
FL,2023,white,hisp,f,20-24,0.7208,synthetic_seed
FL,2023,white,hisp,m,25-29,0.8973,synthetic_seed
FL,2023,white,hisp,f,25-29,0.7651,synthetic_seed
FL,2023,white,hisp,m,30-34,0.9396,synthetic_seed
FL,2023,white,hisp,f,30-34,0.7236,synthetic_seed
FL,2023,white,hisp,m,35-39,0.8782,synthetic_seed
FL,2023,white,hisp,f,35-39,0.7315,synthetic_seed
FL,2023,white,hisp,m,40-44,0.8945,synthetic_seed
FL,2023,white,hisp,f,40-44,0.804,synthetic_seed
FL,2023,white,hisp,m,45-49,0.8215,synthetic_seed
FL,2023,white,hisp,f,45-49,0.7544,synthetic_seed
FL,2023,white,hisp,m,50-54,0.8162,synthetic_seed
FL,2023,white,hisp,f,50-54,0.7733,synthetic_seed
FL,2023,white,hisp,m,55-59,0.7368,synthetic_seed
FL,2023,white,hisp,f,55-59,0.6611,synthetic_seed
FL,2023,white,hisp,m,60-64,0.5987,synthetic_seed
FL,2023,white,hisp,f,60-64,0.5133,synthetic_seed
FL,2023,white,hisp,m,65-69,0.3947,synthetic_seed
FL,2023,white,hisp,f,65-69,0.2769,synthetic_seed
FL,2023,white,hisp,m,70-74,0.2266,synthetic_seed
FL,2023,white,hisp,f,70-74,0.1545,synthetic_seed
FL,2023,white,hisp,m,75-79,0.1219,synthetic_seed
FL,2023,white,hisp,f,75-79,0.0727,synthetic_seed
FL,2023,white,hisp,m,80-84,0.0598,synthetic_seed
FL,2023,white,hisp,f,80-84,0.0294,synthetic_seed
FL,2023,white,hisp,m,85+,0.0196,synthetic_seed
FL,2023,white,hisp,f,85+,0.0101,synthetic_seed
FL,2023,black,non-hisp,m,0-4,0.0,synthetic_seed
FL,2023,black,non-hisp,f,0-4,0.0,synthetic_seed
FL,2023,black,non-hisp,m,5-9,0.0,synthetic_seed
FL,2023,black,non-hisp,f,5-9,0.0,synthetic_seed
FL,2023,black,non-hisp,m,10-14,0.0,synthetic_seed
FL,2023,black,non-hisp,f,10-14,0.0,synthetic_seed
FL,2023,black,non-hisp,m,15-19,0.3527,synthetic_seed
FL,2023,black,non-hisp,f,15-19,0.32,synthetic_seed
FL,2023,black,non-hisp,m,20-24,0.7333,synthetic_seed
FL,2023,black,non-hisp,f,20-24,0.6635,synthetic_seed
FL,2023,black,non-hisp,m,25-29,0.8822,synthetic_seed
FL,2023,black,non-hisp,f,25-29,0.7317,synthetic_seed
FL,2023,black,non-hisp,m,30-34,0.9024,synthetic_seed
FL,2023,black,non-hisp,f,30-34,0.6995,synthetic_seed
FL,2023,black,non-hisp,m,35-39,0.8883,synthetic_seed
FL,2023,black,non-hisp,f,35-39,0.7208,synthetic_seed
FL,2023,black,non-hisp,m,40-44,0.9353,synthetic_seed
FL,2023,black,non-hisp,f,40-44,0.7677,synthetic_seed
FL,2023,black,non-hisp,m,45-49,0.8241,synthetic_seed
FL,2023,black,non-hisp,f,45-49,0.7632,synthetic_seed
FL,2023,black,non-hisp,m,50-54,0.8207,synthetic_seed
FL,2023,black,non-hisp,f,50-54,0.7267,synthetic_seed
FL,2023,black,non-hisp,m,55-59,0.7329,synthetic_seed
FL,2023,black,non-hisp,f,55-59,0.6398,synthetic_seed
FL,2023,black,non-hisp,m,60-64,0.5868,synthetic_seed
FL,2023,black,non-hisp,f,60-64,0.4803,synthetic_seed
FL,2023,black,non-hisp,m,65-69,0.3579,synthetic_seed
FL,2023,black,non-hisp,f,65-69,0.2726,synthetic_seed
FL,2023,black,non-hisp,m,70-74,0.2196,synthetic_seed
FL,2023,black,non-hisp,f,70-74,0.1445,synthetic_seed
FL,2023,black,non-hisp,m,75-79,0.1144,synthetic_seed
FL,2023,black,non-hisp,f,75-79,0.0677,synthetic_seed
FL,2023,black,non-hisp,m,80-84,0.0565,synthetic_seed
FL,2023,black,non-hisp,f,80-84,0.03,synthetic_seed
FL,2023,black,non-hisp,m,85+,0.0187,synthetic_seed
FL,2023,black,non-hisp,f,85+,0.0099,synthetic_seed
FL,2023,black,hisp,m,0-4,0.0,synthetic_seed
FL,2023,black,hisp,f,0-4,0.0,synthetic_seed
FL,2023,black,hisp,m,5-9,0.0,synthetic_seed
FL,2023,black,hisp,f,5-9,0.0,synthetic_seed
FL,2023,black,hisp,m,10-14,0.0,synthetic_seed
FL,2023,black,hisp,f,10-14,0.0,synthetic_seed
FL,2023,black,hisp,m,15-19,0.3432,synthetic_seed
FL,2023,black,hisp,f,15-19,0.3113,synthetic_seed
FL,2023,black,hisp,m,20-24,0.7295,synthetic_seed
FL,2023,black,hisp,f,20-24,0.6492,synthetic_seed
FL,2023,black,hisp,m,25-29,0.8712,synthetic_seed
FL,2023,black,hisp,f,25-29,0.7262,synthetic_seed
FL,2023,black,hisp,m,30-34,0.9169,synthetic_seed
FL,2023,black,hisp,f,30-34,0.6944,synthetic_seed
FL,2023,black,hisp,m,35-39,0.8751,synthetic_seed
FL,2023,black,hisp,f,35-39,0.7171,synthetic_seed
FL,2023,black,hisp,m,40-44,0.8852,synthetic_seed
FL,2023,black,hisp,f,40-44,0.7479,synthetic_seed
FL,2023,black,hisp,m,45-49,0.8407,synthetic_seed
FL,2023,black,hisp,f,45-49,0.7759,synthetic_seed
FL,2023,black,hisp,m,50-54,0.8081,synthetic_seed
FL,2023,black,hisp,f,50-54,0.7411,synthetic_seed
FL,2023,black,hisp,m,55-59,0.7378,synthetic_seed
FL,2023,black,hisp,f,55-59,0.6517,synthetic_seed
FL,2023,black,hisp,m,60-64,0.5964,synthetic_seed
FL,2023,black,hisp,f,60-64,0.4815,synthetic_seed
FL,2023,black,hisp,m,65-69,0.3546,synthetic_seed
FL,2023,black,hisp,f,65-69,0.2705,synthetic_seed
FL,2023,black,hisp,m,70-74,0.2231,synthetic_seed
FL,2023,black,hisp,f,70-74,0.1423,synthetic_seed
FL,2023,black,hisp,m,75-79,0.1178,synthetic_seed
FL,2023,black,hisp,f,75-79,0.0669,synthetic_seed
FL,2023,black,hisp,m,80-84,0.0583,synthetic_seed
FL,2023,black,hisp,f,80-84,0.0285,synthetic_seed
FL,2023,black,hisp,m,85+,0.0195,synthetic_seed
FL,2023,black,hisp,f,85+,0.01,synthetic_seed
FL,2023,asian,non-hisp,m,0-4,0.0,synthetic_seed
FL,2023,asian,non-hisp,f,0-4,0.0,synthetic_seed
FL,2023,asian,non-hisp,m,5-9,0.0,synthetic_seed
FL,2023,asian,non-hisp,f,5-9,0.0,synthetic_seed
FL,2023,asian,non-hisp,m,10-14,0.0,synthetic_seed
FL,2023,asian,non-hisp,f,10-14,0.0,synthetic_seed
FL,2023,asian,non-hisp,m,15-19,0.3618,synthetic_seed
FL,2023,asian,non-hisp,f,15-19,0.3141,synthetic_seed
FL,2023,asian,non-hisp,m,20-24,0.7595,synthetic_seed
FL,2023,asian,non-hisp,f,20-24,0.7103,synthetic_seed
FL,2023,asian,non-hisp,m,25-29,0.928,synthetic_seed
FL,2023,asian,non-hisp,f,25-29,0.7572,synthetic_seed
FL,2023,asian,non-hisp,m,30-34,0.9496,synthetic_seed
FL,2023,asian,non-hisp,f,30-34,0.7717,synthetic_seed
FL,2023,asian,non-hisp,m,35-39,0.9413,synthetic_seed
FL,2023,asian,non-hisp,f,35-39,0.7431,synthetic_seed
FL,2023,asian,non-hisp,m,40-44,0.945,synthetic_seed
FL,2023,asian,non-hisp,f,40-44,0.7933,synthetic_seed
FL,2023,asian,non-hisp,m,45-49,0.9028,synthetic_seed
FL,2023,asian,non-hisp,f,45-49,0.7951,synthetic_seed
FL,2023,asian,non-hisp,m,50-54,0.8515,synthetic_seed
FL,2023,asian,non-hisp,f,50-54,0.7446,synthetic_seed
FL,2023,asian,non-hisp,m,55-59,0.7491,synthetic_seed
FL,2023,asian,non-hisp,f,55-59,0.6642,synthetic_seed
FL,2023,asian,non-hisp,m,60-64,0.604,synthetic_seed
FL,2023,asian,non-hisp,f,60-64,0.513,synthetic_seed
FL,2023,asian,non-hisp,m,65-69,0.3886,synthetic_seed
FL,2023,asian,non-hisp,f,65-69,0.2905,synthetic_seed
FL,2023,asian,non-hisp,m,70-74,0.2406,synthetic_seed
FL,2023,asian,non-hisp,f,70-74,0.1553,synthetic_seed
FL,2023,asian,non-hisp,m,75-79,0.1262,synthetic_seed
FL,2023,asian,non-hisp,f,75-79,0.0724,synthetic_seed
FL,2023,asian,non-hisp,m,80-84,0.0614,synthetic_seed
FL,2023,asian,non-hisp,f,80-84,0.0308,synthetic_seed
FL,2023,asian,non-hisp,m,85+,0.0202,synthetic_seed
FL,2023,asian,non-hisp,f,85+,0.0103,synthetic_seed
FL,2023,asian,hisp,m,0-4,0.0,synthetic_seed
FL,2023,asian,hisp,f,0-4,0.0,synthetic_seed
FL,2023,asian,hisp,m,5-9,0.0,synthetic_seed
FL,2023,asian,hisp,f,5-9,0.0,synthetic_seed
FL,2023,asian,hisp,m,10-14,0.0,synthetic_seed
FL,2023,asian,hisp,f,10-14,0.0,synthetic_seed
FL,2023,asian,hisp,m,15-19,0.3906,synthetic_seed
FL,2023,asian,hisp,f,15-19,0.3281,synthetic_seed
FL,2023,asian,hisp,m,20-24,0.7842,synthetic_seed
FL,2023,asian,hisp,f,20-24,0.7032,synthetic_seed
FL,2023,asian,hisp,m,25-29,0.8869,synthetic_seed
FL,2023,asian,hisp,f,25-29,0.7836,synthetic_seed
FL,2023,asian,hisp,m,30-34,0.9159,synthetic_seed
FL,2023,asian,hisp,f,30-34,0.7333,synthetic_seed
FL,2023,asian,hisp,m,35-39,0.9196,synthetic_seed
FL,2023,asian,hisp,f,35-39,0.7792,synthetic_seed
FL,2023,asian,hisp,m,40-44,0.9262,synthetic_seed
FL,2023,asian,hisp,f,40-44,0.8119,synthetic_seed
FL,2023,asian,hisp,m,45-49,0.8787,synthetic_seed
FL,2023,asian,hisp,f,45-49,0.7951,synthetic_seed
FL,2023,asian,hisp,m,50-54,0.8716,synthetic_seed
FL,2023,asian,hisp,f,50-54,0.7456,synthetic_seed
FL,2023,asian,hisp,m,55-59,0.7621,synthetic_seed
FL,2023,asian,hisp,f,55-59,0.6669,synthetic_seed
FL,2023,asian,hisp,m,60-64,0.6098,synthetic_seed
FL,2023,asian,hisp,f,60-64,0.509,synthetic_seed
FL,2023,asian,hisp,m,65-69,0.3935,synthetic_seed
FL,2023,asian,hisp,f,65-69,0.2892,synthetic_seed
FL,2023,asian,hisp,m,70-74,0.2428,synthetic_seed
FL,2023,asian,hisp,f,70-74,0.1526,synthetic_seed
FL,2023,asian,hisp,m,75-79,0.1205,synthetic_seed
FL,2023,asian,hisp,f,75-79,0.0735,synthetic_seed
FL,2023,asian,hisp,m,80-84,0.062,synthetic_seed
FL,2023,asian,hisp,f,80-84,0.0304,synthetic_seed
FL,2023,asian,hisp,m,85+,0.0207,synthetic_seed
FL,2023,asian,hisp,f,85+,0.0101,synthetic_seed
FL,2023,other,non-hisp,m,0-4,0.0,synthetic_seed
FL,2023,other,non-hisp,f,0-4,0.0,synthetic_seed
FL,2023,other,non-hisp,m,5-9,0.0,synthetic_seed
FL,2023,other,non-hisp,f,5-9,0.0,synthetic_seed
FL,2023,other,non-hisp,m,10-14,0.0,synthetic_seed
FL,2023,other,non-hisp,f,10-14,0.0,synthetic_seed
FL,2023,other,non-hisp,m,15-19,0.3617,synthetic_seed
FL,2023,other,non-hisp,f,15-19,0.312,synthetic_seed
FL,2023,other,non-hisp,m,20-24,0.7689,synthetic_seed
FL,2023,other,non-hisp,f,20-24,0.6963,synthetic_seed
FL,2023,other,non-hisp,m,25-29,0.8557,synthetic_seed
FL,2023,other,non-hisp,f,25-29,0.77,synthetic_seed
FL,2023,other,non-hisp,m,30-34,0.8964,synthetic_seed
FL,2023,other,non-hisp,f,30-34,0.7321,synthetic_seed
FL,2023,other,non-hisp,m,35-39,0.9234,synthetic_seed
FL,2023,other,non-hisp,f,35-39,0.7476,synthetic_seed
FL,2023,other,non-hisp,m,40-44,0.9067,synthetic_seed
FL,2023,other,non-hisp,f,40-44,0.7871,synthetic_seed
FL,2023,other,non-hisp,m,45-49,0.8785,synthetic_seed
FL,2023,other,non-hisp,f,45-49,0.7777,synthetic_seed
FL,2023,other,non-hisp,m,50-54,0.7986,synthetic_seed
FL,2023,other,non-hisp,f,50-54,0.7499,synthetic_seed
FL,2023,other,non-hisp,m,55-59,0.7355,synthetic_seed
FL,2023,other,non-hisp,f,55-59,0.6513,synthetic_seed
FL,2023,other,non-hisp,m,60-64,0.6182,synthetic_seed
FL,2023,other,non-hisp,f,60-64,0.509,synthetic_seed
FL,2023,other,non-hisp,m,65-69,0.3833,synthetic_seed
FL,2023,other,non-hisp,f,65-69,0.2722,synthetic_seed
FL,2023,other,non-hisp,m,70-74,0.2207,synthetic_seed
FL,2023,other,non-hisp,f,70-74,0.1499,synthetic_seed
FL,2023,other,non-hisp,m,75-79,0.1188,synthetic_seed
FL,2023,other,non-hisp,f,75-79,0.071,synthetic_seed
FL,2023,other,non-hisp,m,80-84,0.0602,synthetic_seed
FL,2023,other,non-hisp,f,80-84,0.0313,synthetic_seed
FL,2023,other,non-hisp,m,85+,0.0202,synthetic_seed
FL,2023,other,non-hisp,f,85+,0.0098,synthetic_seed
FL,2023,other,hisp,m,0-4,0.0,synthetic_seed
FL,2023,other,hisp,f,0-4,0.0,synthetic_seed
FL,2023,other,hisp,m,5-9,0.0,synthetic_seed
FL,2023,other,hisp,f,5-9,0.0,synthetic_seed
FL,2023,other,hisp,m,10-14,0.0,synthetic_seed
FL,2023,other,hisp,f,10-14,0.0,synthetic_seed
FL,2023,other,hisp,m,15-19,0.3618,synthetic_seed
FL,2023,other,hisp,f,15-19,0.3147,synthetic_seed
FL,2023,other,hisp,m,20-24,0.7274,synthetic_seed
FL,2023,other,hisp,f,20-24,0.7025,synthetic_seed
FL,2023,other,hisp,m,25-29,0.8794,synthetic_seed
FL,2023,other,hisp,f,25-29,0.7565,synthetic_seed
FL,2023,other,hisp,m,30-34,0.947,synthetic_seed
FL,2023,other,hisp,f,30-34,0.7437,synthetic_seed
FL,2023,other,hisp,m,35-39,0.8838,synthetic_seed
FL,2023,other,hisp,f,35-39,0.761,synthetic_seed
FL,2023,other,hisp,m,40-44,0.9106,synthetic_seed
FL,2023,other,hisp,f,40-44,0.7762,synthetic_seed
FL,2023,other,hisp,m,45-49,0.8604,synthetic_seed
FL,2023,other,hisp,f,45-49,0.7381,synthetic_seed
FL,2023,other,hisp,m,50-54,0.824,synthetic_seed
FL,2023,other,hisp,f,50-54,0.7806,synthetic_seed
FL,2023,other,hisp,m,55-59,0.7561,synthetic_seed
FL,2023,other,hisp,f,55-59,0.64,synthetic_seed
FL,2023,other,hisp,m,60-64,0.5938,synthetic_seed
FL,2023,other,hisp,f,60-64,0.5114,synthetic_seed
FL,2023,other,hisp,m,65-69,0.3806,synthetic_seed
FL,2023,other,hisp,f,65-69,0.2762,synthetic_seed
FL,2023,other,hisp,m,70-74,0.23,synthetic_seed
FL,2023,other,hisp,f,70-74,0.1497,synthetic_seed
FL,2023,other,hisp,m,75-79,0.1193,synthetic_seed
FL,2023,other,hisp,f,75-79,0.074,synthetic_seed
FL,2023,other,hisp,m,80-84,0.0605,synthetic_seed
FL,2023,other,hisp,f,80-84,0.0311,synthetic_seed
FL,2023,other,hisp,m,85+,0.0192,synthetic_seed
FL,2023,other,hisp,f,85+,0.0102,synthetic_seed
GA,2023,white,non-hisp,m,0-4,0.0,synthetic_seed
GA,2023,white,non-hisp,f,0-4,0.0,synthetic_seed
GA,2023,white,non-hisp,m,5-9,0.0,synthetic_seed
GA,2023,white,non-hisp,f,5-9,0.0,synthetic_seed
GA,2023,white,non-hisp,m,10-14,0.0,synthetic_seed
GA,2023,white,non-hisp,f,10-14,0.0,synthetic_seed
GA,2023,white,non-hisp,m,15-19,0.3713,synthetic_seed
GA,2023,white,non-hisp,f,15-19,0.3306,synthetic_seed
GA,2023,white,non-hisp,m,20-24,0.7444,synthetic_seed
GA,2023,white,non-hisp,f,20-24,0.679,synthetic_seed
GA,2023,white,non-hisp,m,25-29,0.8793,synthetic_seed
GA,2023,white,non-hisp,f,25-29,0.733,synthetic_seed
GA,2023,white,non-hisp,m,30-34,0.9062,synthetic_seed
GA,2023,white,non-hisp,f,30-34,0.7076,synthetic_seed
GA,2023,white,non-hisp,m,35-39,0.9163,synthetic_seed
GA,2023,white,non-hisp,f,35-39,0.7525,synthetic_seed
GA,2023,white,non-hisp,m,40-44,0.9093,synthetic_seed
GA,2023,white,non-hisp,f,40-44,0.7954,synthetic_seed
GA,2023,white,non-hisp,m,45-49,0.8614,synthetic_seed
GA,2023,white,non-hisp,f,45-49,0.766,synthetic_seed
GA,2023,white,non-hisp,m,50-54,0.8255,synthetic_seed
GA,2023,white,non-hisp,f,50-54,0.7255,synthetic_seed
GA,2023,white,non-hisp,m,55-59,0.7504,synthetic_seed
GA,2023,white,non-hisp,f,55-59,0.6466,synthetic_seed
GA,2023,white,non-hisp,m,60-64,0.6127,synthetic_seed
GA,2023,white,non-hisp,f,60-64,0.5081,synthetic_seed
GA,2023,white,non-hisp,m,65-69,0.3816,synthetic_seed
GA,2023,white,non-hisp,f,65-69,0.2793,synthetic_seed
GA,2023,white,non-hisp,m,70-74,0.2322,synthetic_seed
GA,2023,white,non-hisp,f,70-74,0.148,synthetic_seed
GA,2023,white,non-hisp,m,75-79,0.1219,synthetic_seed
GA,2023,white,non-hisp,f,75-79,0.0713,synthetic_seed
GA,2023,white,non-hisp,m,80-84,0.0591,synthetic_seed
GA,2023,white,non-hisp,f,80-84,0.0294,synthetic_seed
GA,2023,white,non-hisp,m,85+,0.02,synthetic_seed
GA,2023,white,non-hisp,f,85+,0.0102,synthetic_seed
GA,2023,white,hisp,m,0-4,0.0,synthetic_seed
GA,2023,white,hisp,f,0-4,0.0,synthetic_seed
GA,2023,white,hisp,m,5-9,0.0,synthetic_seed
GA,2023,white,hisp,f,5-9,0.0,synthetic_seed
GA,2023,white,hisp,m,10-14,0.0,synthetic_seed
GA,2023,white,hisp,f,10-14,0.0,synthetic_seed
GA,2023,white,hisp,m,15-19,0.3629,synthetic_seed
GA,2023,white,hisp,f,15-19,0.3247,synthetic_seed
GA,2023,white,hisp,m,20-24,0.7498,synthetic_seed
GA,2023,white,hisp,f,20-24,0.7093,synthetic_seed
GA,2023,white,hisp,m,25-29,0.9022,synthetic_seed
GA,2023,white,hisp,f,25-29,0.7546,synthetic_seed
GA,2023,white,hisp,m,30-34,0.9128,synthetic_seed
GA,2023,white,hisp,f,30-34,0.7494,synthetic_seed
GA,2023,white,hisp,m,35-39,0.8971,synthetic_seed
GA,2023,white,hisp,f,35-39,0.7421,synthetic_seed
GA,2023,white,hisp,m,40-44,0.9109,synthetic_seed
GA,2023,white,hisp,f,40-44,0.7648,synthetic_seed
GA,2023,white,hisp,m,45-49,0.8509,synthetic_seed
GA,2023,white,hisp,f,45-49,0.7676,synthetic_seed
GA,2023,white,hisp,m,50-54,0.8509,synthetic_seed
GA,2023,white,hisp,f,50-54,0.7683,synthetic_seed
GA,2023,white,hisp,m,55-59,0.7357,synthetic_seed
GA,2023,white,hisp,f,55-59,0.6494,synthetic_seed
GA,2023,white,hisp,m,60-64,0.5969,synthetic_seed
GA,2023,white,hisp,f,60-64,0.4904,synthetic_seed
GA,2023,white,hisp,m,65-69,0.386,synthetic_seed
GA,2023,white,hisp,f,65-69,0.277,synthetic_seed
GA,2023,white,hisp,m,70-74,0.2283,synthetic_seed
GA,2023,white,hisp,f,70-74,0.1557,synthetic_seed
GA,2023,white,hisp,m,75-79,0.1168,synthetic_seed
GA,2023,white,hisp,f,75-79,0.0703,synthetic_seed
GA,2023,white,hisp,m,80-84,0.0627,synthetic_seed
GA,2023,white,hisp,f,80-84,0.0303,synthetic_seed
GA,2023,white,hisp,m,85+,0.0201,synthetic_seed
GA,2023,white,hisp,f,85+,0.0101,synthetic_seed
GA,2023,black,non-hisp,m,0-4,0.0,synthetic_seed
GA,2023,black,non-hisp,f,0-4,0.0,synthetic_seed
GA,2023,black,non-hisp,m,5-9,0.0,synthetic_seed
GA,2023,black,non-hisp,f,5-9,0.0,synthetic_seed
GA,2023,black,non-hisp,m,10-14,0.0,synthetic_seed
GA,2023,black,non-hisp,f,10-14,0.0,synthetic_seed
GA,2023,black,non-hisp,m,15-19,0.3454,synthetic_seed
GA,2023,black,non-hisp,f,15-19,0.3159,synthetic_seed
GA,2023,black,non-hisp,m,20-24,0.711,synthetic_seed
GA,2023,black,non-hisp,f,20-24,0.6743,synthetic_seed
GA,2023,black,non-hisp,m,25-29,0.825,synthetic_seed
GA,2023,black,non-hisp,f,25-29,0.734,synthetic_seed
GA,2023,black,non-hisp,m,30-34,0.868,synthetic_seed
GA,2023,black,non-hisp,f,30-34,0.7103,synthetic_seed
GA,2023,black,non-hisp,m,35-39,0.8713,synthetic_seed
GA,2023,black,non-hisp,f,35-39,0.7471,synthetic_seed
GA,2023,black,non-hisp,m,40-44,0.8418,synthetic_seed
GA,2023,black,non-hisp,f,40-44,0.7239,synthetic_seed
GA,2023,black,non-hisp,m,45-49,0.8493,synthetic_seed
GA,2023,black,non-hisp,f,45-49,0.7612,synthetic_seed
GA,2023,black,non-hisp,m,50-54,0.7935,synthetic_seed
GA,2023,black,non-hisp,f,50-54,0.7087,synthetic_seed
GA,2023,black,non-hisp,m,55-59,0.7258,synthetic_seed
GA,2023,black,non-hisp,f,55-59,0.6336,synthetic_seed
GA,2023,black,non-hisp,m,60-64,0.5758,synthetic_seed
GA,2023,black,non-hisp,f,60-64,0.4665,synthetic_seed
GA,2023,black,non-hisp,m,65-69,0.364,synthetic_seed
GA,2023,black,non-hisp,f,65-69,0.2739,synthetic_seed
GA,2023,black,non-hisp,m,70-74,0.2269,synthetic_seed
GA,2023,black,non-hisp,f,70-74,0.1452,synthetic_seed
GA,2023,black,non-hisp,m,75-79,0.117,synthetic_seed
GA,2023,black,non-hisp,f,75-79,0.0693,synthetic_seed
GA,2023,black,non-hisp,m,80-84,0.0571,synthetic_seed
GA,2023,black,non-hisp,f,80-84,0.0303,synthetic_seed
GA,2023,black,non-hisp,m,85+,0.0199,synthetic_seed
GA,2023,black,non-hisp,f,85+,0.0096,synthetic_seed
GA,2023,black,hisp,m,0-4,0.0,synthetic_seed
GA,2023,black,hisp,f,0-4,0.0,synthetic_seed
GA,2023,black,hisp,m,5-9,0.0,synthetic_seed
GA,2023,black,hisp,f,5-9,0.0,synthetic_seed
GA,2023,black,hisp,m,10-14,0.0,synthetic_seed
GA,2023,black,hisp,f,10-14,0.0,synthetic_seed
GA,2023,black,hisp,m,15-19,0.3354,synthetic_seed
GA,2023,black,hisp,f,15-19,0.3192,synthetic_seed
GA,2023,black,hisp,m,20-24,0.7352,synthetic_seed
GA,2023,black,hisp,f,20-24,0.68,synthetic_seed
GA,2023,black,hisp,m,25-29,0.8633,synthetic_seed
GA,2023,black,hisp,f,25-29,0.7373,synthetic_seed
GA,2023,black,hisp,m,30-34,0.8682,synthetic_seed
GA,2023,black,hisp,f,30-34,0.7292,synthetic_seed
GA,2023,black,hisp,m,35-39,0.8311,synthetic_seed
GA,2023,black,hisp,f,35-39,0.7351,synthetic_seed
GA,2023,black,hisp,m,40-44,0.8939,synthetic_seed
GA,2023,black,hisp,f,40-44,0.7429,synthetic_seed
GA,2023,black,hisp,m,45-49,0.8481,synthetic_seed
GA,2023,black,hisp,f,45-49,0.7619,synthetic_seed
GA,2023,black,hisp,m,50-54,0.8029,synthetic_seed
GA,2023,black,hisp,f,50-54,0.7181,synthetic_seed
GA,2023,black,hisp,m,55-59,0.7218,synthetic_seed
GA,2023,black,hisp,f,55-59,0.6281,synthetic_seed
GA,2023,black,hisp,m,60-64,0.5756,synthetic_seed
GA,2023,black,hisp,f,60-64,0.4801,synthetic_seed
GA,2023,black,hisp,m,65-69,0.3688,synthetic_seed
GA,2023,black,hisp,f,65-69,0.2634,synthetic_seed
GA,2023,black,hisp,m,70-74,0.221,synthetic_seed
GA,2023,black,hisp,f,70-74,0.1447,synthetic_seed
GA,2023,black,hisp,m,75-79,0.1152,synthetic_seed
GA,2023,black,hisp,f,75-79,0.0676,synthetic_seed
GA,2023,black,hisp,m,80-84,0.0561,synthetic_seed
GA,2023,black,hisp,f,80-84,0.0287,synthetic_seed
GA,2023,black,hisp,m,85+,0.0194,synthetic_seed
GA,2023,black,hisp,f,85+,0.0098,synthetic_seed
GA,2023,asian,non-hisp,m,0-4,0.0,synthetic_seed
GA,2023,asian,non-hisp,f,0-4,0.0,synthetic_seed
GA,2023,asian,non-hisp,m,5-9,0.0,synthetic_seed
GA,2023,asian,non-hisp,f,5-9,0.0,synthetic_seed
GA,2023,asian,non-hisp,m,10-14,0.0,synthetic_seed
GA,2023,asian,non-hisp,f,10-14,0.0,synthetic_seed
GA,2023,asian,non-hisp,m,15-19,0.3713,synthetic_seed
GA,2023,asian,non-hisp,f,15-19,0.3168,synthetic_seed
GA,2023,asian,non-hisp,m,20-24,0.7397,synthetic_seed
GA,2023,asian,non-hisp,f,20-24,0.6895,synthetic_seed
GA,2023,asian,non-hisp,m,25-29,0.9115,synthetic_seed
GA,2023,asian,non-hisp,f,25-29,0.7669,synthetic_seed
GA,2023,asian,non-hisp,m,30-34,0.922,synthetic_seed
GA,2023,asian,non-hisp,f,30-34,0.7226,synthetic_seed
GA,2023,asian,non-hisp,m,35-39,0.9302,synthetic_seed
GA,2023,asian,non-hisp,f,35-39,0.7483,synthetic_seed
GA,2023,asian,non-hisp,m,40-44,0.9132,synthetic_seed
GA,2023,asian,non-hisp,f,40-44,0.7384,synthetic_seed
GA,2023,asian,non-hisp,m,45-49,0.8494,synthetic_seed
GA,2023,asian,non-hisp,f,45-49,0.7701,synthetic_seed
GA,2023,asian,non-hisp,m,50-54,0.865,synthetic_seed
GA,2023,asian,non-hisp,f,50-54,0.7702,synthetic_seed
GA,2023,asian,non-hisp,m,55-59,0.7662,synthetic_seed
GA,2023,asian,non-hisp,f,55-59,0.6685,synthetic_seed
GA,2023,asian,non-hisp,m,60-64,0.6041,synthetic_seed
GA,2023,asian,non-hisp,f,60-64,0.5011,synthetic_seed
GA,2023,asian,non-hisp,m,65-69,0.378,synthetic_seed
GA,2023,asian,non-hisp,f,65-69,0.2815,synthetic_seed
GA,2023,asian,non-hisp,m,70-74,0.24,synthetic_seed
GA,2023,asian,non-hisp,f,70-74,0.1562,synthetic_seed
GA,2023,asian,non-hisp,m,75-79,0.1205,synthetic_seed
GA,2023,asian,non-hisp,f,75-79,0.0723,synthetic_seed
GA,2023,asian,non-hisp,m,80-84,0.0604,synthetic_seed
GA,2023,asian,non-hisp,f,80-84,0.0308,synthetic_seed
GA,2023,asian,non-hisp,m,85+,0.0202,synthetic_seed
GA,2023,asian,non-hisp,f,85+,0.0104,synthetic_seed
GA,2023,asian,hisp,m,0-4,0.0,synthetic_seed
GA,2023,asian,hisp,f,0-4,0.0,synthetic_seed
GA,2023,asian,hisp,m,5-9,0.0,synthetic_seed
GA,2023,asian,hisp,f,5-9,0.0,synthetic_seed
GA,2023,asian,hisp,m,10-14,0.0,synthetic_seed
GA,2023,asian,hisp,f,10-14,0.0,synthetic_seed
GA,2023,asian,hisp,m,15-19,0.3729,synthetic_seed
GA,2023,asian,hisp,f,15-19,0.3291,synthetic_seed
GA,2023,asian,hisp,m,20-24,0.7823,synthetic_seed
GA,2023,asian,hisp,f,20-24,0.7034,synthetic_seed
GA,2023,asian,hisp,m,25-29,0.8636,synthetic_seed
GA,2023,asian,hisp,f,25-29,0.7537,synthetic_seed
GA,2023,asian,hisp,m,30-34,0.9417,synthetic_seed
GA,2023,asian,hisp,f,30-34,0.7196,synthetic_seed
GA,2023,asian,hisp,m,35-39,0.9563,synthetic_seed
GA,2023,asian,hisp,f,35-39,0.7614,synthetic_seed
GA,2023,asian,hisp,m,40-44,0.934,synthetic_seed
GA,2023,asian,hisp,f,40-44,0.7916,synthetic_seed
GA,2023,asian,hisp,m,45-49,0.8969,synthetic_seed
GA,2023,asian,hisp,f,45-49,0.7969,synthetic_seed
GA,2023,asian,hisp,m,50-54,0.8153,synthetic_seed
GA,2023,asian,hisp,f,50-54,0.7821,synthetic_seed
GA,2023,asian,hisp,m,55-59,0.7662,synthetic_seed
GA,2023,asian,hisp,f,55-59,0.6678,synthetic_seed
GA,2023,asian,hisp,m,60-64,0.6366,synthetic_seed
GA,2023,asian,hisp,f,60-64,0.5271,synthetic_seed
GA,2023,asian,hisp,m,65-69,0.3966,synthetic_seed
GA,2023,asian,hisp,f,65-69,0.2844,synthetic_seed
GA,2023,asian,hisp,m,70-74,0.2301,synthetic_seed
GA,2023,asian,hisp,f,70-74,0.1547,synthetic_seed
GA,2023,asian,hisp,m,75-79,0.122,synthetic_seed
GA,2023,asian,hisp,f,75-79,0.0689,synthetic_seed
GA,2023,asian,hisp,m,80-84,0.0604,synthetic_seed
GA,2023,asian,hisp,f,80-84,0.0302,synthetic_seed
GA,2023,asian,hisp,m,85+,0.0206,synthetic_seed
GA,2023,asian,hisp,f,85+,0.01,synthetic_seed
GA,2023,other,non-hisp,m,0-4,0.0,synthetic_seed
GA,2023,other,non-hisp,f,0-4,0.0,synthetic_seed
GA,2023,other,non-hisp,m,5-9,0.0,synthetic_seed
GA,2023,other,non-hisp,f,5-9,0.0,synthetic_seed
GA,2023,other,non-hisp,m,10-14,0.0,synthetic_seed
GA,2023,other,non-hisp,f,10-14,0.0,synthetic_seed
GA,2023,other,non-hisp,m,15-19,0.3712,synthetic_seed
GA,2023,other,non-hisp,f,15-19,0.3259,synthetic_seed
GA,2023,other,non-hisp,m,20-24,0.7627,synthetic_seed
GA,2023,other,non-hisp,f,20-24,0.7076,synthetic_seed
GA,2023,other,non-hisp,m,25-29,0.8647,synthetic_seed
GA,2023,other,non-hisp,f,25-29,0.7445,synthetic_seed
GA,2023,other,non-hisp,m,30-34,0.9138,synthetic_seed
GA,2023,other,non-hisp,f,30-34,0.7399,synthetic_seed
GA,2023,other,non-hisp,m,35-39,0.939,synthetic_seed
GA,2023,other,non-hisp,f,35-39,0.7327,synthetic_seed
GA,2023,other,non-hisp,m,40-44,0.9154,synthetic_seed
GA,2023,other,non-hisp,f,40-44,0.7612,synthetic_seed
GA,2023,other,non-hisp,m,45-49,0.8928,synthetic_seed
GA,2023,other,non-hisp,f,45-49,0.7601,synthetic_seed
GA,2023,other,non-hisp,m,50-54,0.8376,synthetic_seed
GA,2023,other,non-hisp,f,50-54,0.7581,synthetic_seed
GA,2023,other,non-hisp,m,55-59,0.7435,synthetic_seed
GA,2023,other,non-hisp,f,55-59,0.6651,synthetic_seed
GA,2023,other,non-hisp,m,60-64,0.5987,synthetic_seed
GA,2023,other,non-hisp,f,60-64,0.4967,synthetic_seed
GA,2023,other,non-hisp,m,65-69,0.386,synthetic_seed
GA,2023,other,non-hisp,f,65-69,0.2763,synthetic_seed
GA,2023,other,non-hisp,m,70-74,0.2287,synthetic_seed
GA,2023,other,non-hisp,f,70-74,0.1458,synthetic_seed
GA,2023,other,non-hisp,m,75-79,0.1176,synthetic_seed
GA,2023,other,non-hisp,f,75-79,0.0698,synthetic_seed
GA,2023,other,non-hisp,m,80-84,0.0626,synthetic_seed
GA,2023,other,non-hisp,f,80-84,0.0302,synthetic_seed
GA,2023,other,non-hisp,m,85+,0.0205,synthetic_seed
GA,2023,other,non-hisp,f,85+,0.0098,synthetic_seed
GA,2023,other,hisp,m,0-4,0.0,synthetic_seed
GA,2023,other,hisp,f,0-4,0.0,synthetic_seed
GA,2023,other,hisp,m,5-9,0.0,synthetic_seed
GA,2023,other,hisp,f,5-9,0.0,synthetic_seed
GA,2023,other,hisp,m,10-14,0.0,synthetic_seed
GA,2023,other,hisp,f,10-14,0.0,synthetic_seed
GA,2023,other,hisp,m,15-19,0.3493,synthetic_seed
GA,2023,other,hisp,f,15-19,0.3199,synthetic_seed
GA,2023,other,hisp,m,20-24,0.728,synthetic_seed
GA,2023,other,hisp,f,20-24,0.6984,synthetic_seed
GA,2023,other,hisp,m,25-29,0.8737,synthetic_seed
GA,2023,other,hisp,f,25-29,0.7694,synthetic_seed
GA,2023,other,hisp,m,30-34,0.9294,synthetic_seed
GA,2023,other,hisp,f,30-34,0.7219,synthetic_seed
GA,2023,other,hisp,m,35-39,0.9376,synthetic_seed
GA,2023,other,hisp,f,35-39,0.7411,synthetic_seed
GA,2023,other,hisp,m,40-44,0.8938,synthetic_seed
GA,2023,other,hisp,f,40-44,0.7819,synthetic_seed
GA,2023,other,hisp,m,45-49,0.8617,synthetic_seed
GA,2023,other,hisp,f,45-49,0.7576,synthetic_seed
GA,2023,other,hisp,m,50-54,0.7966,synthetic_seed
GA,2023,other,hisp,f,50-54,0.7395,synthetic_seed
GA,2023,other,hisp,m,55-59,0.7562,synthetic_seed
GA,2023,other,hisp,f,55-59,0.643,synthetic_seed
GA,2023,other,hisp,m,60-64,0.6071,synthetic_seed
GA,2023,other,hisp,f,60-64,0.5107,synthetic_seed
GA,2023,other,hisp,m,65-69,0.3808,synthetic_seed
GA,2023,other,hisp,f,65-69,0.2786,synthetic_seed
GA,2023,other,hisp,m,70-74,0.2296,synthetic_seed
GA,2023,other,hisp,f,70-74,0.1541,synthetic_seed
GA,2023,other,hisp,m,75-79,0.1205,synthetic_seed
GA,2023,other,hisp,f,75-79,0.0692,synthetic_seed
GA,2023,other,hisp,m,80-84,0.0602,synthetic_seed
GA,2023,other,hisp,f,80-84,0.0302,synthetic_seed
GA,2023,other,hisp,m,85+,0.0198,synthetic_seed
GA,2023,other,hisp,f,85+,0.0101,synthetic_seed
HI,2023,white,non-hisp,m,0-4,0.0,synthetic_seed
HI,2023,white,non-hisp,f,0-4,0.0,synthetic_seed
HI,2023,white,non-hisp,m,5-9,0.0,synthetic_seed
HI,2023,white,non-hisp,f,5-9,0.0,synthetic_seed
HI,2023,white,non-hisp,m,10-14,0.0,synthetic_seed
HI,2023,white,non-hisp,f,10-14,0.0,synthetic_seed
HI,2023,white,non-hisp,m,15-19,0.3535,synthetic_seed
HI,2023,white,non-hisp,f,15-19,0.3155,synthetic_seed
HI,2023,white,non-hisp,m,20-24,0.775,synthetic_seed
HI,2023,white,non-hisp,f,20-24,0.6832,synthetic_seed
HI,2023,white,non-hisp,m,25-29,0.8633,synthetic_seed
HI,2023,white,non-hisp,f,25-29,0.7447,synthetic_seed
HI,2023,white,non-hisp,m,30-34,0.9276,synthetic_seed
HI,2023,white,non-hisp,f,30-34,0.7082,synthetic_seed
HI,2023,white,non-hisp,m,35-39,0.9381,synthetic_seed
HI,2023,white,non-hisp,f,35-39,0.7265,synthetic_seed
HI,2023,white,non-hisp,m,40-44,0.919,synthetic_seed
HI,2023,white,non-hisp,f,40-44,0.7661,synthetic_seed
HI,2023,white,non-hisp,m,45-49,0.8766,synthetic_seed
HI,2023,white,non-hisp,f,45-49,0.743,synthetic_seed
HI,2023,white,non-hisp,m,50-54,0.8383,synthetic_seed
HI,2023,white,non-hisp,f,50-54,0.7505,synthetic_seed
HI,2023,white,non-hisp,m,55-59,0.7709,synthetic_seed
HI,2023,white,non-hisp,f,55-59,0.6477,synthetic_seed
HI,2023,white,non-hisp,m,60-64,0.6061,synthetic_seed
HI,2023,white,non-hisp,f,60-64,0.5076,synthetic_seed
HI,2023,white,non-hisp,m,65-69,0.3868,synthetic_seed
HI,2023,white,non-hisp,f,65-69,0.2833,synthetic_seed
HI,2023,white,non-hisp,m,70-74,0.232,synthetic_seed
HI,2023,white,non-hisp,f,70-74,0.1519,synthetic_seed
HI,2023,white,non-hisp,m,75-79,0.123,synthetic_seed
HI,2023,white,non-hisp,f,75-79,0.0704,synthetic_seed
HI,2023,white,non-hisp,m,80-84,0.0605,synthetic_seed
HI,2023,white,non-hisp,f,80-84,0.0294,synthetic_seed
HI,2023,white,non-hisp,m,85+,0.02,synthetic_seed
HI,2023,white,non-hisp,f,85+,0.01,synthetic_seed
HI,2023,white,hisp,m,0-4,0.0,synthetic_seed
HI,2023,white,hisp,f,0-4,0.0,synthetic_seed
HI,2023,white,hisp,m,5-9,0.0,synthetic_seed
HI,2023,white,hisp,f,5-9,0.0,synthetic_seed
HI,2023,white,hisp,m,10-14,0.0,synthetic_seed
HI,2023,white,hisp,f,10-14,0.0,synthetic_seed
HI,2023,white,hisp,m,15-19,0.3574,synthetic_seed
HI,2023,white,hisp,f,15-19,0.3208,synthetic_seed
HI,2023,white,hisp,m,20-24,0.7786,synthetic_seed
HI,2023,white,hisp,f,20-24,0.6988,synthetic_seed
HI,2023,white,hisp,m,25-29,0.8749,synthetic_seed
HI,2023,white,hisp,f,25-29,0.7722,synthetic_seed
HI,2023,white,hisp,m,30-34,0.9187,synthetic_seed
HI,2023,white,hisp,f,30-34,0.7154,synthetic_seed
HI,2023,white,hisp,m,35-39,0.8784,synthetic_seed
HI,2023,white,hisp,f,35-39,0.7638,synthetic_seed
HI,2023,white,hisp,m,40-44,0.8918,synthetic_seed
HI,2023,white,hisp,f,40-44,0.7706,synthetic_seed
HI,2023,white,hisp,m,45-49,0.8731,synthetic_seed
HI,2023,white,hisp,f,45-49,0.7678,synthetic_seed
HI,2023,white,hisp,m,50-54,0.8267,synthetic_seed
HI,2023,white,hisp,f,50-54,0.7548,synthetic_seed
HI,2023,white,hisp,m,55-59,0.7335,synthetic_seed
HI,2023,white,hisp,f,55-59,0.656,synthetic_seed
HI,2023,white,hisp,m,60-64,0.5841,synthetic_seed
HI,2023,white,hisp,f,60-64,0.4979,synthetic_seed
HI,2023,white,hisp,m,65-69,0.3804,synthetic_seed
HI,2023,white,hisp,f,65-69,0.2808,synthetic_seed
HI,2023,white,hisp,m,70-74,0.2273,synthetic_seed
HI,2023,white,hisp,f,70-74,0.1541,synthetic_seed
HI,2023,white,hisp,m,75-79,0.1195,synthetic_seed
HI,2023,white,hisp,f,75-79,0.0688,synthetic_seed
HI,2023,white,hisp,m,80-84,0.0596,synthetic_seed
HI,2023,white,hisp,f,80-84,0.0293,synthetic_seed
HI,2023,white,hisp,m,85+,0.0201,synthetic_seed
HI,2023,white,hisp,f,85+,0.0101,synthetic_seed
HI,2023,black,non-hisp,m,0-4,0.0,synthetic_seed
HI,2023,black,non-hisp,f,0-4,0.0,synthetic_seed
HI,2023,black,non-hisp,m,5-9,0.0,synthetic_seed
HI,2023,black,non-hisp,f,5-9,0.0,synthetic_seed
HI,2023,black,non-hisp,m,10-14,0.0,synthetic_seed
HI,2023,black,non-hisp,f,10-14,0.0,synthetic_seed
HI,2023,black,non-hisp,m,15-19,0.3468,synthetic_seed
HI,2023,black,non-hisp,f,15-19,0.3074,synthetic_seed
HI,2023,black,non-hisp,m,20-24,0.7274,synthetic_seed
HI,2023,black,non-hisp,f,20-24,0.6567,synthetic_seed
HI,2023,black,non-hisp,m,25-29,0.8483,synthetic_seed
HI,2023,black,non-hisp,f,25-29,0.7454,synthetic_seed
HI,2023,black,non-hisp,m,30-34,0.8791,synthetic_seed
HI,2023,black,non-hisp,f,30-34,0.724,synthetic_seed
HI,2023,black,non-hisp,m,35-39,0.8684,synthetic_seed
HI,2023,black,non-hisp,f,35-39,0.7379,synthetic_seed
HI,2023,black,non-hisp,m,40-44,0.848,synthetic_seed
HI,2023,black,non-hisp,f,40-44,0.7321,synthetic_seed
HI,2023,black,non-hisp,m,45-49,0.8604,synthetic_seed
HI,2023,black,non-hisp,f,45-49,0.7418,synthetic_seed
HI,2023,black,non-hisp,m,50-54,0.8142,synthetic_seed
HI,2023,black,non-hisp,f,50-54,0.7252,synthetic_seed
HI,2023,black,non-hisp,m,55-59,0.7368,synthetic_seed
HI,2023,black,non-hisp,f,55-59,0.6336,synthetic_seed
HI,2023,black,non-hisp,m,60-64,0.5638,synthetic_seed
HI,2023,black,non-hisp,f,60-64,0.4821,synthetic_seed
HI,2023,black,non-hisp,m,65-69,0.3579,synthetic_seed
HI,2023,black,non-hisp,f,65-69,0.2803,synthetic_seed
HI,2023,black,non-hisp,m,70-74,0.2191,synthetic_seed
HI,2023,black,non-hisp,f,70-74,0.1497,synthetic_seed
HI,2023,black,non-hisp,m,75-79,0.1172,synthetic_seed
HI,2023,black,non-hisp,f,75-79,0.0697,synthetic_seed
HI,2023,black,non-hisp,m,80-84,0.0582,synthetic_seed
HI,2023,black,non-hisp,f,80-84,0.0285,synthetic_seed
HI,2023,black,non-hisp,m,85+,0.0194,synthetic_seed
HI,2023,black,non-hisp,f,85+,0.0098,synthetic_seed
HI,2023,black,hisp,m,0-4,0.0,synthetic_seed
HI,2023,black,hisp,f,0-4,0.0,synthetic_seed
HI,2023,black,hisp,m,5-9,0.0,synthetic_seed
HI,2023,black,hisp,f,5-9,0.0,synthetic_seed
HI,2023,black,hisp,m,10-14,0.0,synthetic_seed
HI,2023,black,hisp,f,10-14,0.0,synthetic_seed
HI,2023,black,hisp,m,15-19,0.3483,synthetic_seed
HI,2023,black,hisp,f,15-19,0.3014,synthetic_seed
HI,2023,black,hisp,m,20-24,0.7416,synthetic_seed
HI,2023,black,hisp,f,20-24,0.6766,synthetic_seed
HI,2023,black,hisp,m,25-29,0.8955,synthetic_seed
HI,2023,black,hisp,f,25-29,0.7479,synthetic_seed
HI,2023,black,hisp,m,30-34,0.8666,synthetic_seed
HI,2023,black,hisp,f,30-34,0.7091,synthetic_seed
HI,2023,black,hisp,m,35-39,0.8774,synthetic_seed
HI,2023,black,hisp,f,35-39,0.7554,synthetic_seed
HI,2023,black,hisp,m,40-44,0.8621,synthetic_seed
HI,2023,black,hisp,f,40-44,0.7483,synthetic_seed
HI,2023,black,hisp,m,45-49,0.8397,synthetic_seed
HI,2023,black,hisp,f,45-49,0.7307,synthetic_seed
HI,2023,black,hisp,m,50-54,0.7977,synthetic_seed
HI,2023,black,hisp,f,50-54,0.7108,synthetic_seed
HI,2023,black,hisp,m,55-59,0.7456,synthetic_seed
HI,2023,black,hisp,f,55-59,0.6188,synthetic_seed
HI,2023,black,hisp,m,60-64,0.5813,synthetic_seed
HI,2023,black,hisp,f,60-64,0.4991,synthetic_seed
HI,2023,black,hisp,m,65-69,0.376,synthetic_seed
HI,2023,black,hisp,f,65-69,0.2749,synthetic_seed
HI,2023,black,hisp,m,70-74,0.2192,synthetic_seed
HI,2023,black,hisp,f,70-74,0.1496,synthetic_seed
HI,2023,black,hisp,m,75-79,0.1183,synthetic_seed
HI,2023,black,hisp,f,75-79,0.0665,synthetic_seed
HI,2023,black,hisp,m,80-84,0.0587,synthetic_seed
HI,2023,black,hisp,f,80-84,0.0293,synthetic_seed
HI,2023,black,hisp,m,85+,0.0196,synthetic_seed
HI,2023,black,hisp,f,85+,0.0095,synthetic_seed
HI,2023,asian,non-hisp,m,0-4,0.0,synthetic_seed
HI,2023,asian,non-hisp,f,0-4,0.0,synthetic_seed
HI,2023,asian,non-hisp,m,5-9,0.0,synthetic_seed
HI,2023,asian,non-hisp,f,5-9,0.0,synthetic_seed
HI,2023,asian,non-hisp,m,10-14,0.0,synthetic_seed
HI,2023,asian,non-hisp,f,10-14,0.0,synthetic_seed
HI,2023,asian,non-hisp,m,15-19,0.3624,synthetic_seed
HI,2023,asian,non-hisp,f,15-19,0.3373,synthetic_seed
HI,2023,asian,non-hisp,m,20-24,0.7769,synthetic_seed
HI,2023,asian,non-hisp,f,20-24,0.7003,synthetic_seed
HI,2023,asian,non-hisp,m,25-29,0.9187,synthetic_seed
HI,2023,asian,non-hisp,f,25-29,0.7564,synthetic_seed
HI,2023,asian,non-hisp,m,30-34,0.9292,synthetic_seed
HI,2023,asian,non-hisp,f,30-34,0.7462,synthetic_seed
HI,2023,asian,non-hisp,m,35-39,0.9421,synthetic_seed
HI,2023,asian,non-hisp,f,35-39,0.7413,synthetic_seed
HI,2023,asian,non-hisp,m,40-44,0.8776,synthetic_seed
HI,2023,asian,non-hisp,f,40-44,0.8012,synthetic_seed
HI,2023,asian,non-hisp,m,45-49,0.887,synthetic_seed
HI,2023,asian,non-hisp,f,45-49,0.7661,synthetic_seed
HI,2023,asian,non-hisp,m,50-54,0.8659,synthetic_seed
HI,2023,asian,non-hisp,f,50-54,0.7528,synthetic_seed
HI,2023,asian,non-hisp,m,55-59,0.7729,synthetic_seed
HI,2023,asian,non-hisp,f,55-59,0.6708,synthetic_seed
HI,2023,asian,non-hisp,m,60-64,0.6089,synthetic_seed
HI,2023,asian,non-hisp,f,60-64,0.5123,synthetic_seed
HI,2023,asian,non-hisp,m,65-69,0.3829,synthetic_seed
HI,2023,asian,non-hisp,f,65-69,0.2812,synthetic_seed
HI,2023,asian,non-hisp,m,70-74,0.2277,synthetic_seed
HI,2023,asian,non-hisp,f,70-74,0.1516,synthetic_seed
HI,2023,asian,non-hisp,m,75-79,0.1226,synthetic_seed
HI,2023,asian,non-hisp,f,75-79,0.0735,synthetic_seed
HI,2023,asian,non-hisp,m,80-84,0.0613,synthetic_seed
HI,2023,asian,non-hisp,f,80-84,0.0302,synthetic_seed
HI,2023,asian,non-hisp,m,85+,0.0194,synthetic_seed
HI,2023,asian,non-hisp,f,85+,0.0101,synthetic_seed
HI,2023,asian,hisp,m,0-4,0.0,synthetic_seed
HI,2023,asian,hisp,f,0-4,0.0,synthetic_seed
HI,2023,asian,hisp,m,5-9,0.0,synthetic_seed
HI,2023,asian,hisp,f,5-9,0.0,synthetic_seed
HI,2023,asian,hisp,m,10-14,0.0,synthetic_seed
HI,2023,asian,hisp,f,10-14,0.0,synthetic_seed
HI,2023,asian,hisp,m,15-19,0.3719,synthetic_seed
HI,2023,asian,hisp,f,15-19,0.317,synthetic_seed
HI,2023,asian,hisp,m,20-24,0.7956,synthetic_seed
HI,2023,asian,hisp,f,20-24,0.7107,synthetic_seed
HI,2023,asian,hisp,m,25-29,0.9186,synthetic_seed
HI,2023,asian,hisp,f,25-29,0.7647,synthetic_seed
HI,2023,asian,hisp,m,30-34,0.9412,synthetic_seed
HI,2023,asian,hisp,f,30-34,0.7508,synthetic_seed
HI,2023,asian,hisp,m,35-39,0.9398,synthetic_seed
HI,2023,asian,hisp,f,35-39,0.7621,synthetic_seed
HI,2023,asian,hisp,m,40-44,0.9475,synthetic_seed
HI,2023,asian,hisp,f,40-44,0.7757,synthetic_seed
HI,2023,asian,hisp,m,45-49,0.8705,synthetic_seed
HI,2023,asian,hisp,f,45-49,0.7936,synthetic_seed
HI,2023,asian,hisp,m,50-54,0.8114,synthetic_seed
HI,2023,asian,hisp,f,50-54,0.7659,synthetic_seed
HI,2023,asian,hisp,m,55-59,0.7598,synthetic_seed
HI,2023,asian,hisp,f,55-59,0.6916,synthetic_seed
HI,2023,asian,hisp,m,60-64,0.6019,synthetic_seed
HI,2023,asian,hisp,f,60-64,0.5109,synthetic_seed
HI,2023,asian,hisp,m,65-69,0.384,synthetic_seed
HI,2023,asian,hisp,f,65-69,0.2857,synthetic_seed
HI,2023,asian,hisp,m,70-74,0.2424,synthetic_seed
HI,2023,asian,hisp,f,70-74,0.1499,synthetic_seed
HI,2023,asian,hisp,m,75-79,0.1191,synthetic_seed
HI,2023,asian,hisp,f,75-79,0.0724,synthetic_seed
HI,2023,asian,hisp,m,80-84,0.0627,synthetic_seed
HI,2023,asian,hisp,f,80-84,0.0305,synthetic_seed
HI,2023,asian,hisp,m,85+,0.0209,synthetic_seed
HI,2023,asian,hisp,f,85+,0.0098,synthetic_seed
HI,2023,other,non-hisp,m,0-4,0.0,synthetic_seed
HI,2023,other,non-hisp,f,0-4,0.0,synthetic_seed
HI,2023,other,non-hisp,m,5-9,0.0,synthetic_seed
HI,2023,other,non-hisp,f,5-9,0.0,synthetic_seed
HI,2023,other,non-hisp,m,10-14,0.0,synthetic_seed
HI,2023,other,non-hisp,f,10-14,0.0,synthetic_seed
HI,2023,other,non-hisp,m,15-19,0.3627,synthetic_seed
HI,2023,other,non-hisp,f,15-19,0.3172,synthetic_seed
HI,2023,other,non-hisp,m,20-24,0.7368,synthetic_seed
HI,2023,other,non-hisp,f,20-24,0.6994,synthetic_seed
HI,2023,other,non-hisp,m,25-29,0.8683,synthetic_seed
HI,2023,other,non-hisp,f,25-29,0.7644,synthetic_seed
HI,2023,other,non-hisp,m,30-34,0.8987,synthetic_seed
HI,2023,other,non-hisp,f,30-34,0.7393,synthetic_seed
HI,2023,other,non-hisp,m,35-39,0.9026,synthetic_seed
HI,2023,other,non-hisp,f,35-39,0.7515,synthetic_seed
HI,2023,other,non-hisp,m,40-44,0.9246,synthetic_seed
HI,2023,other,non-hisp,f,40-44,0.7805,synthetic_seed
HI,2023,other,non-hisp,m,45-49,0.8482,synthetic_seed
HI,2023,other,non-hisp,f,45-49,0.7576,synthetic_seed
HI,2023,other,non-hisp,m,50-54,0.85,synthetic_seed
HI,2023,other,non-hisp,f,50-54,0.7664,synthetic_seed
HI,2023,other,non-hisp,m,55-59,0.7649,synthetic_seed
HI,2023,other,non-hisp,f,55-59,0.6502,synthetic_seed
HI,2023,other,non-hisp,m,60-64,0.5932,synthetic_seed
HI,2023,other,non-hisp,f,60-64,0.5107,synthetic_seed
HI,2023,other,non-hisp,m,65-69,0.389,synthetic_seed
HI,2023,other,non-hisp,f,65-69,0.2866,synthetic_seed
HI,2023,other,non-hisp,m,70-74,0.2286,synthetic_seed
HI,2023,other,non-hisp,f,70-74,0.1489,synthetic_seed
HI,2023,other,non-hisp,m,75-79,0.1201,synthetic_seed
HI,2023,other,non-hisp,f,75-79,0.0685,synthetic_seed
HI,2023,other,non-hisp,m,80-84,0.0582,synthetic_seed
HI,2023,other,non-hisp,f,80-84,0.0301,synthetic_seed
HI,2023,other,non-hisp,m,85+,0.0203,synthetic_seed
HI,2023,other,non-hisp,f,85+,0.0098,synthetic_seed
HI,2023,other,hisp,m,0-4,0.0,synthetic_seed
HI,2023,other,hisp,f,0-4,0.0,synthetic_seed
HI,2023,other,hisp,m,5-9,0.0,synthetic_seed
HI,2023,other,hisp,f,5-9,0.0,synthetic_seed
HI,2023,other,hisp,m,10-14,0.0,synthetic_seed
HI,2023,other,hisp,f,10-14,0.0,synthetic_seed
HI,2023,other,hisp,m,15-19,0.353,synthetic_seed
HI,2023,other,hisp,f,15-19,0.3205,synthetic_seed
HI,2023,other,hisp,m,20-24,0.7602,synthetic_seed
HI,2023,other,hisp,f,20-24,0.7105,synthetic_seed
HI,2023,other,hisp,m,25-29,0.8504,synthetic_seed
HI,2023,other,hisp,f,25-29,0.7353,synthetic_seed
HI,2023,other,hisp,m,30-34,0.9198,synthetic_seed
HI,2023,other,hisp,f,30-34,0.7263,synthetic_seed
HI,2023,other,hisp,m,35-39,0.9316,synthetic_seed
HI,2023,other,hisp,f,35-39,0.7337,synthetic_seed
HI,2023,other,hisp,m,40-44,0.8726,synthetic_seed
HI,2023,other,hisp,f,40-44,0.793,synthetic_seed
HI,2023,other,hisp,m,45-49,0.8579,synthetic_seed
HI,2023,other,hisp,f,45-49,0.7849,synthetic_seed
HI,2023,other,hisp,m,50-54,0.8377,synthetic_seed
HI,2023,other,hisp,f,50-54,0.756,synthetic_seed
HI,2023,other,hisp,m,55-59,0.7511,synthetic_seed
HI,2023,other,hisp,f,55-59,0.6464,synthetic_seed
HI,2023,other,hisp,m,60-64,0.5982,synthetic_seed
HI,2023,other,hisp,f,60-64,0.5114,synthetic_seed
HI,2023,other,hisp,m,65-69,0.3753,synthetic_seed
HI,2023,other,hisp,f,65-69,0.2828,synthetic_seed
HI,2023,other,hisp,m,70-74,0.231,synthetic_seed
HI,2023,other,hisp,f,70-74,0.1478,synthetic_seed
HI,2023,other,hisp,m,75-79,0.1185,synthetic_seed
HI,2023,other,hisp,f,75-79,0.07,synthetic_seed
HI,2023,other,hisp,m,80-84,0.0588,synthetic_seed
HI,2023,other,hisp,f,80-84,0.03,synthetic_seed
HI,2023,other,hisp,m,85+,0.0204,synthetic_seed
HI,2023,other,hisp,f,85+,0.0099,synthetic_seed
ID,2023,white,non-hisp,m,0-4,0.0,synthetic_seed
ID,2023,white,non-hisp,f,0-4,0.0,synthetic_seed
ID,2023,white,non-hisp,m,5-9,0.0,synthetic_seed
ID,2023,white,non-hisp,f,5-9,0.0,synthetic_seed
ID,2023,white,non-hisp,m,10-14,0.0,synthetic_seed
ID,2023,white,non-hisp,f,10-14,0.0,synthetic_seed
ID,2023,white,non-hisp,m,15-19,0.3652,synthetic_seed
ID,2023,white,non-hisp,f,15-19,0.3207,synthetic_seed
ID,2023,white,non-hisp,m,20-24,0.7323,synthetic_seed
ID,2023,white,non-hisp,f,20-24,0.704,synthetic_seed
ID,2023,white,non-hisp,m,25-29,0.871,synthetic_seed
ID,2023,white,non-hisp,f,25-29,0.7389,synthetic_seed
ID,2023,white,non-hisp,m,30-34,0.9392,synthetic_seed
ID,2023,white,non-hisp,f,30-34,0.7318,synthetic_seed
ID,2023,white,non-hisp,m,35-39,0.8925,synthetic_seed
ID,2023,white,non-hisp,f,35-39,0.7781,synthetic_seed
ID,2023,white,non-hisp,m,40-44,0.8809,synthetic_seed
ID,2023,white,non-hisp,f,40-44,0.7582,synthetic_seed
ID,2023,white,non-hisp,m,45-49,0.8808,synthetic_seed
ID,2023,white,non-hisp,f,45-49,0.7617,synthetic_seed
ID,2023,white,non-hisp,m,50-54,0.7956,synthetic_seed
ID,2023,white,non-hisp,f,50-54,0.7268,synthetic_seed
ID,2023,white,non-hisp,m,55-59,0.7508,synthetic_seed
ID,2023,white,non-hisp,f,55-59,0.6721,synthetic_seed
ID,2023,white,non-hisp,m,60-64,0.6159,synthetic_seed
ID,2023,white,non-hisp,f,60-64,0.4908,synthetic_seed
ID,2023,white,non-hisp,m,65-69,0.3858,synthetic_seed
ID,2023,white,non-hisp,f,65-69,0.284,synthetic_seed
ID,2023,white,non-hisp,m,70-74,0.2362,synthetic_seed
ID,2023,white,non-hisp,f,70-74,0.1512,synthetic_seed
ID,2023,white,non-hisp,m,75-79,0.1175,synthetic_seed
ID,2023,white,non-hisp,f,75-79,0.0689,synthetic_seed
ID,2023,white,non-hisp,m,80-84,0.0583,synthetic_seed
ID,2023,white,non-hisp,f,80-84,0.0296,synthetic_seed
ID,2023,white,non-hisp,m,85+,0.0199,synthetic_seed
ID,2023,white,non-hisp,f,85+,0.0102,synthetic_seed
ID,2023,white,hisp,m,0-4,0.0,synthetic_seed
ID,2023,white,hisp,f,0-4,0.0,synthetic_seed
ID,2023,white,hisp,m,5-9,0.0,synthetic_seed
ID,2023,white,hisp,f,5-9,0.0,synthetic_seed
ID,2023,white,hisp,m,10-14,0.0,synthetic_seed
ID,2023,white,hisp,f,10-14,0.0,synthetic_seed
ID,2023,white,hisp,m,15-19,0.3698,synthetic_seed
ID,2023,white,hisp,f,15-19,0.3128,synthetic_seed
ID,2023,white,hisp,m,20-24,0.7448,synthetic_seed
ID,2023,white,hisp,f,20-24,0.7089,synthetic_seed
ID,2023,white,hisp,m,25-29,0.87,synthetic_seed
ID,2023,white,hisp,f,25-29,0.7547,synthetic_seed
ID,2023,white,hisp,m,30-34,0.8913,synthetic_seed
ID,2023,white,hisp,f,30-34,0.7309,synthetic_seed
ID,2023,white,hisp,m,35-39,0.9047,synthetic_seed
ID,2023,white,hisp,f,35-39,0.7455,synthetic_seed
ID,2023,white,hisp,m,40-44,0.9079,synthetic_seed
ID,2023,white,hisp,f,40-44,0.7566,synthetic_seed
ID,2023,white,hisp,m,45-49,0.883,synthetic_seed
ID,2023,white,hisp,f,45-49,0.7849,synthetic_seed
ID,2023,white,hisp,m,50-54,0.8323,synthetic_seed
ID,2023,white,hisp,f,50-54,0.7318,synthetic_seed
ID,2023,white,hisp,m,55-59,0.7237,synthetic_seed
ID,2023,white,hisp,f,55-59,0.6713,synthetic_seed
ID,2023,white,hisp,m,60-64,0.6047,synthetic_seed
ID,2023,white,hisp,f,60-64,0.49,synthetic_seed
ID,2023,white,hisp,m,65-69,0.3683,synthetic_seed
ID,2023,white,hisp,f,65-69,0.2762,synthetic_seed
ID,2023,white,hisp,m,70-74,0.2366,synthetic_seed
ID,2023,white,hisp,f,70-74,0.1508,synthetic_seed
ID,2023,white,hisp,m,75-79,0.1199,synthetic_seed
ID,2023,white,hisp,f,75-79,0.0708,synthetic_seed
ID,2023,white,hisp,m,80-84,0.0617,synthetic_seed
ID,2023,white,hisp,f,80-84,0.0315,synthetic_seed
ID,2023,white,hisp,m,85+,0.0201,synthetic_seed
ID,2023,white,hisp,f,85+,0.0101,synthetic_seed
ID,2023,black,non-hisp,m,0-4,0.0,synthetic_seed
ID,2023,black,non-hisp,f,0-4,0.0,synthetic_seed
ID,2023,black,non-hisp,m,5-9,0.0,synthetic_seed
ID,2023,black,non-hisp,f,5-9,0.0,synthetic_seed
ID,2023,black,non-hisp,m,10-14,0.0,synthetic_seed
ID,2023,black,non-hisp,f,10-14,0.0,synthetic_seed
ID,2023,black,non-hisp,m,15-19,0.3442,synthetic_seed
ID,2023,black,non-hisp,f,15-19,0.3116,synthetic_seed
ID,2023,black,non-hisp,m,20-24,0.7333,synthetic_seed
ID,2023,black,non-hisp,f,20-24,0.6948,synthetic_seed
ID,2023,black,non-hisp,m,25-29,0.8307,synthetic_seed
ID,2023,black,non-hisp,f,25-29,0.7171,synthetic_seed
ID,2023,black,non-hisp,m,30-34,0.9024,synthetic_seed
ID,2023,black,non-hisp,f,30-34,0.6956,synthetic_seed
ID,2023,black,non-hisp,m,35-39,0.8694,synthetic_seed
ID,2023,black,non-hisp,f,35-39,0.704,synthetic_seed
ID,2023,black,non-hisp,m,40-44,0.8885,synthetic_seed
ID,2023,black,non-hisp,f,40-44,0.7335,synthetic_seed
ID,2023,black,non-hisp,m,45-49,0.8558,synthetic_seed
ID,2023,black,non-hisp,f,45-49,0.7463,synthetic_seed
ID,2023,black,non-hisp,m,50-54,0.8151,synthetic_seed
ID,2023,black,non-hisp,f,50-54,0.7315,synthetic_seed
ID,2023,black,non-hisp,m,55-59,0.7289,synthetic_seed
ID,2023,black,non-hisp,f,55-59,0.6206,synthetic_seed
ID,2023,black,non-hisp,m,60-64,0.5963,synthetic_seed
ID,2023,black,non-hisp,f,60-64,0.4868,synthetic_seed
ID,2023,black,non-hisp,m,65-69,0.383,synthetic_seed
ID,2023,black,non-hisp,f,65-69,0.2669,synthetic_seed
ID,2023,black,non-hisp,m,70-74,0.2249,synthetic_seed
ID,2023,black,non-hisp,f,70-74,0.1467,synthetic_seed
ID,2023,black,non-hisp,m,75-79,0.1117,synthetic_seed
ID,2023,black,non-hisp,f,75-79,0.0677,synthetic_seed
ID,2023,black,non-hisp,m,80-84,0.0583,synthetic_seed
ID,2023,black,non-hisp,f,80-84,0.0287,synthetic_seed
ID,2023,black,non-hisp,m,85+,0.0194,synthetic_seed
ID,2023,black,non-hisp,f,85+,0.0097,synthetic_seed
ID,2023,black,hisp,m,0-4,0.0,synthetic_seed
ID,2023,black,hisp,f,0-4,0.0,synthetic_seed
ID,2023,black,hisp,m,5-9,0.0,synthetic_seed
ID,2023,black,hisp,f,5-9,0.0,synthetic_seed
ID,2023,black,hisp,m,10-14,0.0,synthetic_seed
ID,2023,black,hisp,f,10-14,0.0,synthetic_seed
ID,2023,black,hisp,m,15-19,0.345,synthetic_seed
ID,2023,black,hisp,f,15-19,0.3151,synthetic_seed
ID,2023,black,hisp,m,20-24,0.7312,synthetic_seed
ID,2023,black,hisp,f,20-24,0.6607,synthetic_seed
ID,2023,black,hisp,m,25-29,0.8321,synthetic_seed
ID,2023,black,hisp,f,25-29,0.7424,synthetic_seed
ID,2023,black,hisp,m,30-34,0.8938,synthetic_seed
ID,2023,black,hisp,f,30-34,0.7056,synthetic_seed
ID,2023,black,hisp,m,35-39,0.8806,synthetic_seed
ID,2023,black,hisp,f,35-39,0.722,synthetic_seed
ID,2023,black,hisp,m,40-44,0.8764,synthetic_seed
ID,2023,black,hisp,f,40-44,0.728,synthetic_seed
ID,2023,black,hisp,m,45-49,0.8382,synthetic_seed
ID,2023,black,hisp,f,45-49,0.7115,synthetic_seed
ID,2023,black,hisp,m,50-54,0.7918,synthetic_seed
ID,2023,black,hisp,f,50-54,0.7144,synthetic_seed
ID,2023,black,hisp,m,55-59,0.7526,synthetic_seed
ID,2023,black,hisp,f,55-59,0.6309,synthetic_seed
ID,2023,black,hisp,m,60-64,0.5806,synthetic_seed
ID,2023,black,hisp,f,60-64,0.4846,synthetic_seed
ID,2023,black,hisp,m,65-69,0.3593,synthetic_seed
ID,2023,black,hisp,f,65-69,0.2702,synthetic_seed
ID,2023,black,hisp,m,70-74,0.2187,synthetic_seed
ID,2023,black,hisp,f,70-74,0.1461,synthetic_seed
ID,2023,black,hisp,m,75-79,0.1146,synthetic_seed
ID,2023,black,hisp,f,75-79,0.0675,synthetic_seed
ID,2023,black,hisp,m,80-84,0.0591,synthetic_seed
ID,2023,black,hisp,f,80-84,0.0294,synthetic_seed
ID,2023,black,hisp,m,85+,0.0194,synthetic_seed
ID,2023,black,hisp,f,85+,0.0099,synthetic_seed
ID,2023,asian,non-hisp,m,0-4,0.0,synthetic_seed
ID,2023,asian,non-hisp,f,0-4,0.0,synthetic_seed
ID,2023,asian,non-hisp,m,5-9,0.0,synthetic_seed
ID,2023,asian,non-hisp,f,5-9,0.0,synthetic_seed
ID,2023,asian,non-hisp,m,10-14,0.0,synthetic_seed
ID,2023,asian,non-hisp,f,10-14,0.0,synthetic_seed
ID,2023,asian,non-hisp,m,15-19,0.3666,synthetic_seed
ID,2023,asian,non-hisp,f,15-19,0.3325,synthetic_seed
ID,2023,asian,non-hisp,m,20-24,0.7529,synthetic_seed
ID,2023,asian,non-hisp,f,20-24,0.716,synthetic_seed
ID,2023,asian,non-hisp,m,25-29,0.8766,synthetic_seed
ID,2023,asian,non-hisp,f,25-29,0.7689,synthetic_seed
ID,2023,asian,non-hisp,m,30-34,0.9025,synthetic_seed
ID,2023,asian,non-hisp,f,30-34,0.7497,synthetic_seed
ID,2023,asian,non-hisp,m,35-39,0.9196,synthetic_seed
ID,2023,asian,non-hisp,f,35-39,0.7408,synthetic_seed
ID,2023,asian,non-hisp,m,40-44,0.946,synthetic_seed
ID,2023,asian,non-hisp,f,40-44,0.8032,synthetic_seed
ID,2023,asian,non-hisp,m,45-49,0.883,synthetic_seed
ID,2023,asian,non-hisp,f,45-49,0.7951,synthetic_seed
ID,2023,asian,non-hisp,m,50-54,0.8562,synthetic_seed
ID,2023,asian,non-hisp,f,50-54,0.7716,synthetic_seed
ID,2023,asian,non-hisp,m,55-59,0.7633,synthetic_seed
ID,2023,asian,non-hisp,f,55-59,0.6854,synthetic_seed
ID,2023,asian,non-hisp,m,60-64,0.6329,synthetic_seed
ID,2023,asian,non-hisp,f,60-64,0.5086,synthetic_seed
ID,2023,asian,non-hisp,m,65-69,0.3892,synthetic_seed
ID,2023,asian,non-hisp,f,65-69,0.2887,synthetic_seed
ID,2023,asian,non-hisp,m,70-74,0.2366,synthetic_seed
ID,2023,asian,non-hisp,f,70-74,0.1447,synthetic_seed
ID,2023,asian,non-hisp,m,75-79,0.1221,synthetic_seed
ID,2023,asian,non-hisp,f,75-79,0.0691,synthetic_seed
ID,2023,asian,non-hisp,m,80-84,0.0602,synthetic_seed
ID,2023,asian,non-hisp,f,80-84,0.0298,synthetic_seed
ID,2023,asian,non-hisp,m,85+,0.0202,synthetic_seed
ID,2023,asian,non-hisp,f,85+,0.0104,synthetic_seed
ID,2023,asian,hisp,m,0-4,0.0,synthetic_seed
ID,2023,asian,hisp,f,0-4,0.0,synthetic_seed
ID,2023,asian,hisp,m,5-9,0.0,synthetic_seed
ID,2023,asian,hisp,f,5-9,0.0,synthetic_seed
ID,2023,asian,hisp,m,10-14,0.0,synthetic_seed
ID,2023,asian,hisp,f,10-14,0.0,synthetic_seed
ID,2023,asian,hisp,m,15-19,0.3651,synthetic_seed
ID,2023,asian,hisp,f,15-19,0.3192,synthetic_seed
ID,2023,asian,hisp,m,20-24,0.765,synthetic_seed
ID,2023,asian,hisp,f,20-24,0.7397,synthetic_seed
ID,2023,asian,hisp,m,25-29,0.8717,synthetic_seed
ID,2023,asian,hisp,f,25-29,0.7748,synthetic_seed
ID,2023,asian,hisp,m,30-34,0.9284,synthetic_seed
ID,2023,asian,hisp,f,30-34,0.7328,synthetic_seed
ID,2023,asian,hisp,m,35-39,0.9358,synthetic_seed
ID,2023,asian,hisp,f,35-39,0.7574,synthetic_seed
ID,2023,asian,hisp,m,40-44,0.9351,synthetic_seed
ID,2023,asian,hisp,f,40-44,0.8036,synthetic_seed
ID,2023,asian,hisp,m,45-49,0.9079,synthetic_seed
ID,2023,asian,hisp,f,45-49,0.767,synthetic_seed
ID,2023,asian,hisp,m,50-54,0.8494,synthetic_seed
ID,2023,asian,hisp,f,50-54,0.757,synthetic_seed
ID,2023,asian,hisp,m,55-59,0.7586,synthetic_seed
ID,2023,asian,hisp,f,55-59,0.6929,synthetic_seed
ID,2023,asian,hisp,m,60-64,0.5929,synthetic_seed
ID,2023,asian,hisp,f,60-64,0.5073,synthetic_seed
ID,2023,asian,hisp,m,65-69,0.3823,synthetic_seed
ID,2023,asian,hisp,f,65-69,0.2852,synthetic_seed
ID,2023,asian,hisp,m,70-74,0.2487,synthetic_seed
ID,2023,asian,hisp,f,70-74,0.1534,synthetic_seed
ID,2023,asian,hisp,m,75-79,0.1253,synthetic_seed
ID,2023,asian,hisp,f,75-79,0.069,synthetic_seed
ID,2023,asian,hisp,m,80-84,0.061,synthetic_seed
ID,2023,asian,hisp,f,80-84,0.0301,synthetic_seed
ID,2023,asian,hisp,m,85+,0.0207,synthetic_seed
ID,2023,asian,hisp,f,85+,0.0105,synthetic_seed
ID,2023,other,non-hisp,m,0-4,0.0,synthetic_seed
ID,2023,other,non-hisp,f,0-4,0.0,synthetic_seed
ID,2023,other,non-hisp,m,5-9,0.0,synthetic_seed
ID,2023,other,non-hisp,f,5-9,0.0,synthetic_seed
ID,2023,other,non-hisp,m,10-14,0.0,synthetic_seed
ID,2023,other,non-hisp,f,10-14,0.0,synthetic_seed
ID,2023,other,non-hisp,m,15-19,0.364,synthetic_seed
ID,2023,other,non-hisp,f,15-19,0.3171,synthetic_seed
ID,2023,other,non-hisp,m,20-24,0.7476,synthetic_seed
ID,2023,other,non-hisp,f,20-24,0.693,synthetic_seed
ID,2023,other,non-hisp,m,25-29,0.8896,synthetic_seed
ID,2023,other,non-hisp,f,25-29,0.7288,synthetic_seed
ID,2023,other,non-hisp,m,30-34,0.9268,synthetic_seed
ID,2023,other,non-hisp,f,30-34,0.7327,synthetic_seed
ID,2023,other,non-hisp,m,35-39,0.8996,synthetic_seed
ID,2023,other,non-hisp,f,35-39,0.7274,synthetic_seed
ID,2023,other,non-hisp,m,40-44,0.9178,synthetic_seed
ID,2023,other,non-hisp,f,40-44,0.7621,synthetic_seed
ID,2023,other,non-hisp,m,45-49,0.8822,synthetic_seed
ID,2023,other,non-hisp,f,45-49,0.7563,synthetic_seed
ID,2023,other,non-hisp,m,50-54,0.8141,synthetic_seed
ID,2023,other,non-hisp,f,50-54,0.726,synthetic_seed
ID,2023,other,non-hisp,m,55-59,0.7428,synthetic_seed
ID,2023,other,non-hisp,f,55-59,0.6397,synthetic_seed
ID,2023,other,non-hisp,m,60-64,0.6001,synthetic_seed
ID,2023,other,non-hisp,f,60-64,0.5164,synthetic_seed
ID,2023,other,non-hisp,m,65-69,0.3777,synthetic_seed
ID,2023,other,non-hisp,f,65-69,0.2899,synthetic_seed
ID,2023,other,non-hisp,m,70-74,0.2299,synthetic_seed
ID,2023,other,non-hisp,f,70-74,0.1524,synthetic_seed
ID,2023,other,non-hisp,m,75-79,0.1192,synthetic_seed
ID,2023,other,non-hisp,f,75-79,0.0673,synthetic_seed
ID,2023,other,non-hisp,m,80-84,0.0602,synthetic_seed
ID,2023,other,non-hisp,f,80-84,0.03,synthetic_seed
ID,2023,other,non-hisp,m,85+,0.0203,synthetic_seed
ID,2023,other,non-hisp,f,85+,0.0099,synthetic_seed
ID,2023,other,hisp,m,0-4,0.0,synthetic_seed
ID,2023,other,hisp,f,0-4,0.0,synthetic_seed
ID,2023,other,hisp,m,5-9,0.0,synthetic_seed
ID,2023,other,hisp,f,5-9,0.0,synthetic_seed
ID,2023,other,hisp,m,10-14,0.0,synthetic_seed
ID,2023,other,hisp,f,10-14,0.0,synthetic_seed
ID,2023,other,hisp,m,15-19,0.3627,synthetic_seed
ID,2023,other,hisp,f,15-19,0.3164,synthetic_seed
ID,2023,other,hisp,m,20-24,0.7748,synthetic_seed
ID,2023,other,hisp,f,20-24,0.6946,synthetic_seed
ID,2023,other,hisp,m,25-29,0.8698,synthetic_seed
ID,2023,other,hisp,f,25-29,0.7622,synthetic_seed
ID,2023,other,hisp,m,30-34,0.9027,synthetic_seed
ID,2023,other,hisp,f,30-34,0.6949,synthetic_seed
ID,2023,other,hisp,m,35-39,0.9145,synthetic_seed
ID,2023,other,hisp,f,35-39,0.7282,synthetic_seed
ID,2023,other,hisp,m,40-44,0.9203,synthetic_seed
ID,2023,other,hisp,f,40-44,0.7676,synthetic_seed
ID,2023,other,hisp,m,45-49,0.8509,synthetic_seed
ID,2023,other,hisp,f,45-49,0.7801,synthetic_seed
ID,2023,other,hisp,m,50-54,0.8295,synthetic_seed
ID,2023,other,hisp,f,50-54,0.7135,synthetic_seed
ID,2023,other,hisp,m,55-59,0.7629,synthetic_seed
ID,2023,other,hisp,f,55-59,0.6497,synthetic_seed
ID,2023,other,hisp,m,60-64,0.6064,synthetic_seed
ID,2023,other,hisp,f,60-64,0.5064,synthetic_seed
ID,2023,other,hisp,m,65-69,0.3744,synthetic_seed
ID,2023,other,hisp,f,65-69,0.2748,synthetic_seed
ID,2023,other,hisp,m,70-74,0.2327,synthetic_seed
ID,2023,other,hisp,f,70-74,0.1502,synthetic_seed
ID,2023,other,hisp,m,75-79,0.1242,synthetic_seed
ID,2023,other,hisp,f,75-79,0.0715,synthetic_seed
ID,2023,other,hisp,m,80-84,0.0612,synthetic_seed
ID,2023,other,hisp,f,80-84,0.0315,synthetic_seed
ID,2023,other,hisp,m,85+,0.0198,synthetic_seed
ID,2023,other,hisp,f,85+,0.0101,synthetic_seed
IL,2023,white,non-hisp,m,0-4,0.0,synthetic_seed
IL,2023,white,non-hisp,f,0-4,0.0,synthetic_seed
IL,2023,white,non-hisp,m,5-9,0.0,synthetic_seed
IL,2023,white,non-hisp,f,5-9,0.0,synthetic_seed
IL,2023,white,non-hisp,m,10-14,0.0,synthetic_seed
IL,2023,white,non-hisp,f,10-14,0.0,synthetic_seed
IL,2023,white,non-hisp,m,15-19,0.3529,synthetic_seed
IL,2023,white,non-hisp,f,15-19,0.3202,synthetic_seed
IL,2023,white,non-hisp,m,20-24,0.7398,synthetic_seed
IL,2023,white,non-hisp,f,20-24,0.7143,synthetic_seed
IL,2023,white,non-hisp,m,25-29,0.8933,synthetic_seed
IL,2023,white,non-hisp,f,25-29,0.7583,synthetic_seed
IL,2023,white,non-hisp,m,30-34,0.9077,synthetic_seed
IL,2023,white,non-hisp,f,30-34,0.7398,synthetic_seed
IL,2023,white,non-hisp,m,35-39,0.9254,synthetic_seed
IL,2023,white,non-hisp,f,35-39,0.7474,synthetic_seed
IL,2023,white,non-hisp,m,40-44,0.8857,synthetic_seed
IL,2023,white,non-hisp,f,40-44,0.7739,synthetic_seed
IL,2023,white,non-hisp,m,45-49,0.8713,synthetic_seed
IL,2023,white,non-hisp,f,45-49,0.7469,synthetic_seed
IL,2023,white,non-hisp,m,50-54,0.7971,synthetic_seed
IL,2023,white,non-hisp,f,50-54,0.744,synthetic_seed
IL,2023,white,non-hisp,m,55-59,0.7805,synthetic_seed
IL,2023,white,non-hisp,f,55-59,0.6485,synthetic_seed
IL,2023,white,non-hisp,m,60-64,0.6016,synthetic_seed
IL,2023,white,non-hisp,f,60-64,0.4919,synthetic_seed
IL,2023,white,non-hisp,m,65-69,0.3894,synthetic_seed
IL,2023,white,non-hisp,f,65-69,0.2753,synthetic_seed
IL,2023,white,non-hisp,m,70-74,0.2345,synthetic_seed
IL,2023,white,non-hisp,f,70-74,0.1489,synthetic_seed
IL,2023,white,non-hisp,m,75-79,0.1189,synthetic_seed
IL,2023,white,non-hisp,f,75-79,0.0705,synthetic_seed
IL,2023,white,non-hisp,m,80-84,0.0609,synthetic_seed
IL,2023,white,non-hisp,f,80-84,0.0297,synthetic_seed
IL,2023,white,non-hisp,m,85+,0.0203,synthetic_seed
IL,2023,white,non-hisp,f,85+,0.0099,synthetic_seed
IL,2023,white,hisp,m,0-4,0.0,synthetic_seed
IL,2023,white,hisp,f,0-4,0.0,synthetic_seed
IL,2023,white,hisp,m,5-9,0.0,synthetic_seed
IL,2023,white,hisp,f,5-9,0.0,synthetic_seed
IL,2023,white,hisp,m,10-14,0.0,synthetic_seed
IL,2023,white,hisp,f,10-14,0.0,synthetic_seed
IL,2023,white,hisp,m,15-19,0.3562,synthetic_seed
IL,2023,white,hisp,f,15-19,0.3185,synthetic_seed
IL,2023,white,hisp,m,20-24,0.7404,synthetic_seed
IL,2023,white,hisp,f,20-24,0.7009,synthetic_seed
IL,2023,white,hisp,m,25-29,0.8744,synthetic_seed
IL,2023,white,hisp,f,25-29,0.7343,synthetic_seed
IL,2023,white,hisp,m,30-34,0.9285,synthetic_seed
IL,2023,white,hisp,f,30-34,0.7212,synthetic_seed
IL,2023,white,hisp,m,35-39,0.8941,synthetic_seed
IL,2023,white,hisp,f,35-39,0.7027,synthetic_seed
IL,2023,white,hisp,m,40-44,0.8962,synthetic_seed
IL,2023,white,hisp,f,40-44,0.7896,synthetic_seed
IL,2023,white,hisp,m,45-49,0.8579,synthetic_seed
IL,2023,white,hisp,f,45-49,0.7816,synthetic_seed
IL,2023,white,hisp,m,50-54,0.8292,synthetic_seed
IL,2023,white,hisp,f,50-54,0.7252,synthetic_seed
IL,2023,white,hisp,m,55-59,0.7606,synthetic_seed
IL,2023,white,hisp,f,55-59,0.6438,synthetic_seed
IL,2023,white,hisp,m,60-64,0.6155,synthetic_seed
IL,2023,white,hisp,f,60-64,0.5078,synthetic_seed
IL,2023,white,hisp,m,65-69,0.3779,synthetic_seed
IL,2023,white,hisp,f,65-69,0.2755,synthetic_seed
IL,2023,white,hisp,m,70-74,0.2299,synthetic_seed
IL,2023,white,hisp,f,70-74,0.1527,synthetic_seed
IL,2023,white,hisp,m,75-79,0.1247,synthetic_seed
IL,2023,white,hisp,f,75-79,0.0716,synthetic_seed
IL,2023,white,hisp,m,80-84,0.0603,synthetic_seed
IL,2023,white,hisp,f,80-84,0.0296,synthetic_seed
IL,2023,white,hisp,m,85+,0.0201,synthetic_seed
IL,2023,white,hisp,f,85+,0.0096,synthetic_seed
IL,2023,black,non-hisp,m,0-4,0.0,synthetic_seed
IL,2023,black,non-hisp,f,0-4,0.0,synthetic_seed
IL,2023,black,non-hisp,m,5-9,0.0,synthetic_seed
IL,2023,black,non-hisp,f,5-9,0.0,synthetic_seed
IL,2023,black,non-hisp,m,10-14,0.0,synthetic_seed
IL,2023,black,non-hisp,f,10-14,0.0,synthetic_seed
IL,2023,black,non-hisp,m,15-19,0.3483,synthetic_seed
IL,2023,black,non-hisp,f,15-19,0.3158,synthetic_seed
IL,2023,black,non-hisp,m,20-24,0.7087,synthetic_seed
IL,2023,black,non-hisp,f,20-24,0.6632,synthetic_seed
IL,2023,black,non-hisp,m,25-29,0.8527,synthetic_seed
IL,2023,black,non-hisp,f,25-29,0.7297,synthetic_seed
IL,2023,black,non-hisp,m,30-34,0.9051,synthetic_seed
IL,2023,black,non-hisp,f,30-34,0.6945,synthetic_seed
IL,2023,black,non-hisp,m,35-39,0.8767,synthetic_seed
IL,2023,black,non-hisp,f,35-39,0.7538,synthetic_seed
IL,2023,black,non-hisp,m,40-44,0.8586,synthetic_seed
IL,2023,black,non-hisp,f,40-44,0.7713,synthetic_seed
IL,2023,black,non-hisp,m,45-49,0.8418,synthetic_seed
IL,2023,black,non-hisp,f,45-49,0.7967,synthetic_seed
IL,2023,black,non-hisp,m,50-54,0.7965,synthetic_seed
IL,2023,black,non-hisp,f,50-54,0.7232,synthetic_seed
IL,2023,black,non-hisp,m,55-59,0.7373,synthetic_seed
IL,2023,black,non-hisp,f,55-59,0.6326,synthetic_seed
IL,2023,black,non-hisp,m,60-64,0.5754,synthetic_seed
IL,2023,black,non-hisp,f,60-64,0.4849,synthetic_seed
IL,2023,black,non-hisp,m,65-69,0.3685,synthetic_seed
IL,2023,black,non-hisp,f,65-69,0.2761,synthetic_seed
IL,2023,black,non-hisp,m,70-74,0.2208,synthetic_seed
IL,2023,black,non-hisp,f,70-74,0.1425,synthetic_seed
IL,2023,black,non-hisp,m,75-79,0.117,synthetic_seed
IL,2023,black,non-hisp,f,75-79,0.0713,synthetic_seed
IL,2023,black,non-hisp,m,80-84,0.059,synthetic_seed
IL,2023,black,non-hisp,f,80-84,0.0288,synthetic_seed
IL,2023,black,non-hisp,m,85+,0.0195,synthetic_seed
IL,2023,black,non-hisp,f,85+,0.01,synthetic_seed
IL,2023,black,hisp,m,0-4,0.0,synthetic_seed
IL,2023,black,hisp,f,0-4,0.0,synthetic_seed
IL,2023,black,hisp,m,5-9,0.0,synthetic_seed
IL,2023,black,hisp,f,5-9,0.0,synthetic_seed
IL,2023,black,hisp,m,10-14,0.0,synthetic_seed
IL,2023,black,hisp,f,10-14,0.0,synthetic_seed
IL,2023,black,hisp,m,15-19,0.3471,synthetic_seed
IL,2023,black,hisp,f,15-19,0.3164,synthetic_seed
IL,2023,black,hisp,m,20-24,0.735,synthetic_seed
IL,2023,black,hisp,f,20-24,0.6994,synthetic_seed
IL,2023,black,hisp,m,25-29,0.8624,synthetic_seed
IL,2023,black,hisp,f,25-29,0.7132,synthetic_seed
IL,2023,black,hisp,m,30-34,0.8964,synthetic_seed
IL,2023,black,hisp,f,30-34,0.6886,synthetic_seed
IL,2023,black,hisp,m,35-39,0.8876,synthetic_seed
IL,2023,black,hisp,f,35-39,0.7177,synthetic_seed
IL,2023,black,hisp,m,40-44,0.8979,synthetic_seed
IL,2023,black,hisp,f,40-44,0.7469,synthetic_seed
IL,2023,black,hisp,m,45-49,0.8198,synthetic_seed
IL,2023,black,hisp,f,45-49,0.7538,synthetic_seed
IL,2023,black,hisp,m,50-54,0.8034,synthetic_seed
IL,2023,black,hisp,f,50-54,0.7304,synthetic_seed
IL,2023,black,hisp,m,55-59,0.7418,synthetic_seed
IL,2023,black,hisp,f,55-59,0.6375,synthetic_seed
IL,2023,black,hisp,m,60-64,0.5807,synthetic_seed
IL,2023,black,hisp,f,60-64,0.4796,synthetic_seed
IL,2023,black,hisp,m,65-69,0.3616,synthetic_seed
IL,2023,black,hisp,f,65-69,0.2739,synthetic_seed
IL,2023,black,hisp,m,70-74,0.2297,synthetic_seed
IL,2023,black,hisp,f,70-74,0.1433,synthetic_seed
IL,2023,black,hisp,m,75-79,0.1193,synthetic_seed
IL,2023,black,hisp,f,75-79,0.0687,synthetic_seed
IL,2023,black,hisp,m,80-84,0.0563,synthetic_seed
IL,2023,black,hisp,f,80-84,0.0293,synthetic_seed
IL,2023,black,hisp,m,85+,0.0195,synthetic_seed
IL,2023,black,hisp,f,85+,0.0098,synthetic_seed
IL,2023,asian,non-hisp,m,0-4,0.0,synthetic_seed
IL,2023,asian,non-hisp,f,0-4,0.0,synthetic_seed
IL,2023,asian,non-hisp,m,5-9,0.0,synthetic_seed
IL,2023,asian,non-hisp,f,5-9,0.0,synthetic_seed
IL,2023,asian,non-hisp,m,10-14,0.0,synthetic_seed
IL,2023,asian,non-hisp,f,10-14,0.0,synthetic_seed
IL,2023,asian,non-hisp,m,15-19,0.3697,synthetic_seed
IL,2023,asian,non-hisp,f,15-19,0.3232,synthetic_seed
IL,2023,asian,non-hisp,m,20-24,0.7615,synthetic_seed
IL,2023,asian,non-hisp,f,20-24,0.7082,synthetic_seed
IL,2023,asian,non-hisp,m,25-29,0.9226,synthetic_seed
IL,2023,asian,non-hisp,f,25-29,0.7681,synthetic_seed
IL,2023,asian,non-hisp,m,30-34,0.9138,synthetic_seed
IL,2023,asian,non-hisp,f,30-34,0.7642,synthetic_seed
IL,2023,asian,non-hisp,m,35-39,0.9468,synthetic_seed
IL,2023,asian,non-hisp,f,35-39,0.7519,synthetic_seed
IL,2023,asian,non-hisp,m,40-44,0.929,synthetic_seed
IL,2023,asian,non-hisp,f,40-44,0.7701,synthetic_seed
IL,2023,asian,non-hisp,m,45-49,0.8884,synthetic_seed
IL,2023,asian,non-hisp,f,45-49,0.7904,synthetic_seed
IL,2023,asian,non-hisp,m,50-54,0.8382,synthetic_seed
IL,2023,asian,non-hisp,f,50-54,0.7673,synthetic_seed
IL,2023,asian,non-hisp,m,55-59,0.7614,synthetic_seed
IL,2023,asian,non-hisp,f,55-59,0.6734,synthetic_seed
IL,2023,asian,non-hisp,m,60-64,0.6073,synthetic_seed
IL,2023,asian,non-hisp,f,60-64,0.5232,synthetic_seed
IL,2023,asian,non-hisp,m,65-69,0.3812,synthetic_seed
IL,2023,asian,non-hisp,f,65-69,0.2794,synthetic_seed
IL,2023,asian,non-hisp,m,70-74,0.23,synthetic_seed
IL,2023,asian,non-hisp,f,70-74,0.1532,synthetic_seed
IL,2023,asian,non-hisp,m,75-79,0.1212,synthetic_seed
IL,2023,asian,non-hisp,f,75-79,0.0729,synthetic_seed
IL,2023,asian,non-hisp,m,80-84,0.061,synthetic_seed
IL,2023,asian,non-hisp,f,80-84,0.0307,synthetic_seed
IL,2023,asian,non-hisp,m,85+,0.0207,synthetic_seed
IL,2023,asian,non-hisp,f,85+,0.0103,synthetic_seed
IL,2023,asian,hisp,m,0-4,0.0,synthetic_seed
IL,2023,asian,hisp,f,0-4,0.0,synthetic_seed
IL,2023,asian,hisp,m,5-9,0.0,synthetic_seed
IL,2023,asian,hisp,f,5-9,0.0,synthetic_seed
IL,2023,asian,hisp,m,10-14,0.0,synthetic_seed
IL,2023,asian,hisp,f,10-14,0.0,synthetic_seed
IL,2023,asian,hisp,m,15-19,0.3773,synthetic_seed
IL,2023,asian,hisp,f,15-19,0.3147,synthetic_seed
IL,2023,asian,hisp,m,20-24,0.806,synthetic_seed
IL,2023,asian,hisp,f,20-24,0.707,synthetic_seed
IL,2023,asian,hisp,m,25-29,0.8719,synthetic_seed
IL,2023,asian,hisp,f,25-29,0.7349,synthetic_seed
IL,2023,asian,hisp,m,30-34,0.9872,synthetic_seed
IL,2023,asian,hisp,f,30-34,0.7454,synthetic_seed
IL,2023,asian,hisp,m,35-39,0.9364,synthetic_seed
IL,2023,asian,hisp,f,35-39,0.7719,synthetic_seed
IL,2023,asian,hisp,m,40-44,0.9369,synthetic_seed
IL,2023,asian,hisp,f,40-44,0.7667,synthetic_seed
IL,2023,asian,hisp,m,45-49,0.8867,synthetic_seed
IL,2023,asian,hisp,f,45-49,0.7854,synthetic_seed
IL,2023,asian,hisp,m,50-54,0.8263,synthetic_seed
IL,2023,asian,hisp,f,50-54,0.7809,synthetic_seed
IL,2023,asian,hisp,m,55-59,0.7707,synthetic_seed
IL,2023,asian,hisp,f,55-59,0.6606,synthetic_seed
IL,2023,asian,hisp,m,60-64,0.6205,synthetic_seed
IL,2023,asian,hisp,f,60-64,0.5112,synthetic_seed
IL,2023,asian,hisp,m,65-69,0.3779,synthetic_seed
IL,2023,asian,hisp,f,65-69,0.287,synthetic_seed
IL,2023,asian,hisp,m,70-74,0.2339,synthetic_seed
IL,2023,asian,hisp,f,70-74,0.1541,synthetic_seed
IL,2023,asian,hisp,m,75-79,0.1192,synthetic_seed
IL,2023,asian,hisp,f,75-79,0.0711,synthetic_seed
IL,2023,asian,hisp,m,80-84,0.06,synthetic_seed
IL,2023,asian,hisp,f,80-84,0.03,synthetic_seed
IL,2023,asian,hisp,m,85+,0.0212,synthetic_seed
IL,2023,asian,hisp,f,85+,0.0102,synthetic_seed
IL,2023,other,non-hisp,m,0-4,0.0,synthetic_seed
IL,2023,other,non-hisp,f,0-4,0.0,synthetic_seed
IL,2023,other,non-hisp,m,5-9,0.0,synthetic_seed
IL,2023,other,non-hisp,f,5-9,0.0,synthetic_seed
IL,2023,other,non-hisp,m,10-14,0.0,synthetic_seed
IL,2023,other,non-hisp,f,10-14,0.0,synthetic_seed
IL,2023,other,non-hisp,m,15-19,0.3626,synthetic_seed
IL,2023,other,non-hisp,f,15-19,0.3177,synthetic_seed
IL,2023,other,non-hisp,m,20-24,0.7389,synthetic_seed
IL,2023,other,non-hisp,f,20-24,0.7112,synthetic_seed
IL,2023,other,non-hisp,m,25-29,0.8893,synthetic_seed
IL,2023,other,non-hisp,f,25-29,0.7637,synthetic_seed
IL,2023,other,non-hisp,m,30-34,0.9076,synthetic_seed
IL,2023,other,non-hisp,f,30-34,0.746,synthetic_seed
IL,2023,other,non-hisp,m,35-39,0.8979,synthetic_seed
IL,2023,other,non-hisp,f,35-39,0.7372,synthetic_seed
IL,2023,other,non-hisp,m,40-44,0.8728,synthetic_seed
IL,2023,other,non-hisp,f,40-44,0.7666,synthetic_seed
IL,2023,other,non-hisp,m,45-49,0.8863,synthetic_seed
IL,2023,other,non-hisp,f,45-49,0.7674,synthetic_seed
IL,2023,other,non-hisp,m,50-54,0.8025,synthetic_seed
IL,2023,other,non-hisp,f,50-54,0.7136,synthetic_seed
IL,2023,other,non-hisp,m,55-59,0.756,synthetic_seed
IL,2023,other,non-hisp,f,55-59,0.6414,synthetic_seed
IL,2023,other,non-hisp,m,60-64,0.5988,synthetic_seed
IL,2023,other,non-hisp,f,60-64,0.5096,synthetic_seed
IL,2023,other,non-hisp,m,65-69,0.3803,synthetic_seed
IL,2023,other,non-hisp,f,65-69,0.2859,synthetic_seed
IL,2023,other,non-hisp,m,70-74,0.2257,synthetic_seed
IL,2023,other,non-hisp,f,70-74,0.1514,synthetic_seed
IL,2023,other,non-hisp,m,75-79,0.1197,synthetic_seed
IL,2023,other,non-hisp,f,75-79,0.0715,synthetic_seed
IL,2023,other,non-hisp,m,80-84,0.0612,synthetic_seed
IL,2023,other,non-hisp,f,80-84,0.0312,synthetic_seed
IL,2023,other,non-hisp,m,85+,0.0202,synthetic_seed
IL,2023,other,non-hisp,f,85+,0.0102,synthetic_seed
IL,2023,other,hisp,m,0-4,0.0,synthetic_seed
IL,2023,other,hisp,f,0-4,0.0,synthetic_seed
IL,2023,other,hisp,m,5-9,0.0,synthetic_seed
IL,2023,other,hisp,f,5-9,0.0,synthetic_seed
IL,2023,other,hisp,m,10-14,0.0,synthetic_seed
IL,2023,other,hisp,f,10-14,0.0,synthetic_seed
IL,2023,other,hisp,m,15-19,0.3598,synthetic_seed
IL,2023,other,hisp,f,15-19,0.3229,synthetic_seed
IL,2023,other,hisp,m,20-24,0.7523,synthetic_seed
IL,2023,other,hisp,f,20-24,0.7037,synthetic_seed
IL,2023,other,hisp,m,25-29,0.8592,synthetic_seed
IL,2023,other,hisp,f,25-29,0.769,synthetic_seed
IL,2023,other,hisp,m,30-34,0.8925,synthetic_seed
IL,2023,other,hisp,f,30-34,0.7305,synthetic_seed
IL,2023,other,hisp,m,35-39,0.9127,synthetic_seed
IL,2023,other,hisp,f,35-39,0.7356,synthetic_seed
IL,2023,other,hisp,m,40-44,0.9177,synthetic_seed
IL,2023,other,hisp,f,40-44,0.7553,synthetic_seed
IL,2023,other,hisp,m,45-49,0.8831,synthetic_seed
IL,2023,other,hisp,f,45-49,0.7693,synthetic_seed
IL,2023,other,hisp,m,50-54,0.8179,synthetic_seed
IL,2023,other,hisp,f,50-54,0.7629,synthetic_seed
IL,2023,other,hisp,m,55-59,0.76,synthetic_seed
IL,2023,other,hisp,f,55-59,0.6466,synthetic_seed
IL,2023,other,hisp,m,60-64,0.6005,synthetic_seed
IL,2023,other,hisp,f,60-64,0.5148,synthetic_seed
IL,2023,other,hisp,m,65-69,0.3859,synthetic_seed
IL,2023,other,hisp,f,65-69,0.2789,synthetic_seed
IL,2023,other,hisp,m,70-74,0.2333,synthetic_seed
IL,2023,other,hisp,f,70-74,0.1554,synthetic_seed
IL,2023,other,hisp,m,75-79,0.1197,synthetic_seed
IL,2023,other,hisp,f,75-79,0.0704,synthetic_seed
IL,2023,other,hisp,m,80-84,0.0597,synthetic_seed
IL,2023,other,hisp,f,80-84,0.0299,synthetic_seed
IL,2023,other,hisp,m,85+,0.0197,synthetic_seed
IL,2023,other,hisp,f,85+,0.0099,synthetic_seed
IN,2023,white,non-hisp,m,0-4,0.0,synthetic_seed
IN,2023,white,non-hisp,f,0-4,0.0,synthetic_seed
IN,2023,white,non-hisp,m,5-9,0.0,synthetic_seed
IN,2023,white,non-hisp,f,5-9,0.0,synthetic_seed
IN,2023,white,non-hisp,m,10-14,0.0,synthetic_seed
IN,2023,white,non-hisp,f,10-14,0.0,synthetic_seed
IN,2023,white,non-hisp,m,15-19,0.3594,synthetic_seed
IN,2023,white,non-hisp,f,15-19,0.3093,synthetic_seed
IN,2023,white,non-hisp,m,20-24,0.761,synthetic_seed
IN,2023,white,non-hisp,f,20-24,0.7056,synthetic_seed
IN,2023,white,non-hisp,m,25-29,0.8674,synthetic_seed
IN,2023,white,non-hisp,f,25-29,0.7224,synthetic_seed
IN,2023,white,non-hisp,m,30-34,0.8958,synthetic_seed
IN,2023,white,non-hisp,f,30-34,0.7371,synthetic_seed
IN,2023,white,non-hisp,m,35-39,0.9305,synthetic_seed
IN,2023,white,non-hisp,f,35-39,0.7284,synthetic_seed
IN,2023,white,non-hisp,m,40-44,0.9013,synthetic_seed
IN,2023,white,non-hisp,f,40-44,0.7768,synthetic_seed
IN,2023,white,non-hisp,m,45-49,0.8888,synthetic_seed
IN,2023,white,non-hisp,f,45-49,0.7887,synthetic_seed
IN,2023,white,non-hisp,m,50-54,0.843,synthetic_seed
IN,2023,white,non-hisp,f,50-54,0.7256,synthetic_seed
IN,2023,white,non-hisp,m,55-59,0.745,synthetic_seed
IN,2023,white,non-hisp,f,55-59,0.6458,synthetic_seed
IN,2023,white,non-hisp,m,60-64,0.6164,synthetic_seed
IN,2023,white,non-hisp,f,60-64,0.4929,synthetic_seed
IN,2023,white,non-hisp,m,65-69,0.3861,synthetic_seed
IN,2023,white,non-hisp,f,65-69,0.2794,synthetic_seed
IN,2023,white,non-hisp,m,70-74,0.2183,synthetic_seed
IN,2023,white,non-hisp,f,70-74,0.1509,synthetic_seed
IN,2023,white,non-hisp,m,75-79,0.1199,synthetic_seed
IN,2023,white,non-hisp,f,75-79,0.0714,synthetic_seed
IN,2023,white,non-hisp,m,80-84,0.0597,synthetic_seed
IN,2023,white,non-hisp,f,80-84,0.0307,synthetic_seed
IN,2023,white,non-hisp,m,85+,0.0204,synthetic_seed
IN,2023,white,non-hisp,f,85+,0.01,synthetic_seed
IN,2023,white,hisp,m,0-4,0.0,synthetic_seed
IN,2023,white,hisp,f,0-4,0.0,synthetic_seed
IN,2023,white,hisp,m,5-9,0.0,synthetic_seed
IN,2023,white,hisp,f,5-9,0.0,synthetic_seed
IN,2023,white,hisp,m,10-14,0.0,synthetic_seed
IN,2023,white,hisp,f,10-14,0.0,synthetic_seed
IN,2023,white,hisp,m,15-19,0.3431,synthetic_seed
IN,2023,white,hisp,f,15-19,0.327,synthetic_seed
IN,2023,white,hisp,m,20-24,0.7735,synthetic_seed
IN,2023,white,hisp,f,20-24,0.6946,synthetic_seed
IN,2023,white,hisp,m,25-29,0.8779,synthetic_seed
IN,2023,white,hisp,f,25-29,0.74,synthetic_seed
IN,2023,white,hisp,m,30-34,0.9103,synthetic_seed
IN,2023,white,hisp,f,30-34,0.7217,synthetic_seed
IN,2023,white,hisp,m,35-39,0.9166,synthetic_seed
IN,2023,white,hisp,f,35-39,0.7232,synthetic_seed
IN,2023,white,hisp,m,40-44,0.8677,synthetic_seed
IN,2023,white,hisp,f,40-44,0.7801,synthetic_seed
IN,2023,white,hisp,m,45-49,0.8545,synthetic_seed
IN,2023,white,hisp,f,45-49,0.7942,synthetic_seed
IN,2023,white,hisp,m,50-54,0.8437,synthetic_seed
IN,2023,white,hisp,f,50-54,0.7277,synthetic_seed
IN,2023,white,hisp,m,55-59,0.7593,synthetic_seed
IN,2023,white,hisp,f,55-59,0.6556,synthetic_seed
IN,2023,white,hisp,m,60-64,0.5797,synthetic_seed
IN,2023,white,hisp,f,60-64,0.4998,synthetic_seed
IN,2023,white,hisp,m,65-69,0.3752,synthetic_seed
IN,2023,white,hisp,f,65-69,0.2726,synthetic_seed
IN,2023,white,hisp,m,70-74,0.2379,synthetic_seed
IN,2023,white,hisp,f,70-74,0.1484,synthetic_seed
IN,2023,white,hisp,m,75-79,0.1178,synthetic_seed
IN,2023,white,hisp,f,75-79,0.0716,synthetic_seed
IN,2023,white,hisp,m,80-84,0.0592,synthetic_seed
IN,2023,white,hisp,f,80-84,0.0311,synthetic_seed
IN,2023,white,hisp,m,85+,0.0201,synthetic_seed
IN,2023,white,hisp,f,85+,0.01,synthetic_seed
IN,2023,black,non-hisp,m,0-4,0.0,synthetic_seed
IN,2023,black,non-hisp,f,0-4,0.0,synthetic_seed
IN,2023,black,non-hisp,m,5-9,0.0,synthetic_seed
IN,2023,black,non-hisp,f,5-9,0.0,synthetic_seed
IN,2023,black,non-hisp,m,10-14,0.0,synthetic_seed
IN,2023,black,non-hisp,f,10-14,0.0,synthetic_seed
IN,2023,black,non-hisp,m,15-19,0.3481,synthetic_seed
IN,2023,black,non-hisp,f,15-19,0.3176,synthetic_seed
IN,2023,black,non-hisp,m,20-24,0.7203,synthetic_seed
IN,2023,black,non-hisp,f,20-24,0.6542,synthetic_seed
IN,2023,black,non-hisp,m,25-29,0.8479,synthetic_seed
IN,2023,black,non-hisp,f,25-29,0.7164,synthetic_seed
IN,2023,black,non-hisp,m,30-34,0.8947,synthetic_seed
IN,2023,black,non-hisp,f,30-34,0.7193,synthetic_seed
IN,2023,black,non-hisp,m,35-39,0.862,synthetic_seed
IN,2023,black,non-hisp,f,35-39,0.7404,synthetic_seed
IN,2023,black,non-hisp,m,40-44,0.8934,synthetic_seed
IN,2023,black,non-hisp,f,40-44,0.7406,synthetic_seed
IN,2023,black,non-hisp,m,45-49,0.8692,synthetic_seed
IN,2023,black,non-hisp,f,45-49,0.7769,synthetic_seed
IN,2023,black,non-hisp,m,50-54,0.8243,synthetic_seed
IN,2023,black,non-hisp,f,50-54,0.7212,synthetic_seed
IN,2023,black,non-hisp,m,55-59,0.7281,synthetic_seed
IN,2023,black,non-hisp,f,55-59,0.6341,synthetic_seed
IN,2023,black,non-hisp,m,60-64,0.5575,synthetic_seed
IN,2023,black,non-hisp,f,60-64,0.4908,synthetic_seed
IN,2023,black,non-hisp,m,65-69,0.3668,synthetic_seed
IN,2023,black,non-hisp,f,65-69,0.2717,synthetic_seed
IN,2023,black,non-hisp,m,70-74,0.2227,synthetic_seed
IN,2023,black,non-hisp,f,70-74,0.1409,synthetic_seed
IN,2023,black,non-hisp,m,75-79,0.1108,synthetic_seed
IN,2023,black,non-hisp,f,75-79,0.0661,synthetic_seed
IN,2023,black,non-hisp,m,80-84,0.0595,synthetic_seed
IN,2023,black,non-hisp,f,80-84,0.029,synthetic_seed
IN,2023,black,non-hisp,m,85+,0.0184,synthetic_seed
IN,2023,black,non-hisp,f,85+,0.0101,synthetic_seed
IN,2023,black,hisp,m,0-4,0.0,synthetic_seed
IN,2023,black,hisp,f,0-4,0.0,synthetic_seed
IN,2023,black,hisp,m,5-9,0.0,synthetic_seed
IN,2023,black,hisp,f,5-9,0.0,synthetic_seed
IN,2023,black,hisp,m,10-14,0.0,synthetic_seed
IN,2023,black,hisp,f,10-14,0.0,synthetic_seed
IN,2023,black,hisp,m,15-19,0.3383,synthetic_seed
IN,2023,black,hisp,f,15-19,0.3045,synthetic_seed
IN,2023,black,hisp,m,20-24,0.746,synthetic_seed
IN,2023,black,hisp,f,20-24,0.6934,synthetic_seed
IN,2023,black,hisp,m,25-29,0.8772,synthetic_seed
IN,2023,black,hisp,f,25-29,0.7086,synthetic_seed
IN,2023,black,hisp,m,30-34,0.9008,synthetic_seed
IN,2023,black,hisp,f,30-34,0.7036,synthetic_seed
IN,2023,black,hisp,m,35-39,0.9209,synthetic_seed
IN,2023,black,hisp,f,35-39,0.7212,synthetic_seed
IN,2023,black,hisp,m,40-44,0.9068,synthetic_seed
IN,2023,black,hisp,f,40-44,0.7411,synthetic_seed
IN,2023,black,hisp,m,45-49,0.8154,synthetic_seed
IN,2023,black,hisp,f,45-49,0.7598,synthetic_seed
IN,2023,black,hisp,m,50-54,0.7789,synthetic_seed
IN,2023,black,hisp,f,50-54,0.7185,synthetic_seed
IN,2023,black,hisp,m,55-59,0.7236,synthetic_seed
IN,2023,black,hisp,f,55-59,0.6339,synthetic_seed
IN,2023,black,hisp,m,60-64,0.5834,synthetic_seed
IN,2023,black,hisp,f,60-64,0.4924,synthetic_seed
IN,2023,black,hisp,m,65-69,0.3685,synthetic_seed
IN,2023,black,hisp,f,65-69,0.2704,synthetic_seed
IN,2023,black,hisp,m,70-74,0.2205,synthetic_seed
IN,2023,black,hisp,f,70-74,0.1479,synthetic_seed
IN,2023,black,hisp,m,75-79,0.1157,synthetic_seed
IN,2023,black,hisp,f,75-79,0.0671,synthetic_seed
IN,2023,black,hisp,m,80-84,0.0586,synthetic_seed
IN,2023,black,hisp,f,80-84,0.0296,synthetic_seed
IN,2023,black,hisp,m,85+,0.0198,synthetic_seed
IN,2023,black,hisp,f,85+,0.0097,synthetic_seed
IN,2023,asian,non-hisp,m,0-4,0.0,synthetic_seed
IN,2023,asian,non-hisp,f,0-4,0.0,synthetic_seed
IN,2023,asian,non-hisp,m,5-9,0.0,synthetic_seed
IN,2023,asian,non-hisp,f,5-9,0.0,synthetic_seed
IN,2023,asian,non-hisp,m,10-14,0.0,synthetic_seed
IN,2023,asian,non-hisp,f,10-14,0.0,synthetic_seed
IN,2023,asian,non-hisp,m,15-19,0.3675,synthetic_seed
IN,2023,asian,non-hisp,f,15-19,0.3306,synthetic_seed
IN,2023,asian,non-hisp,m,20-24,0.7626,synthetic_seed
IN,2023,asian,non-hisp,f,20-24,0.7004,synthetic_seed
IN,2023,asian,non-hisp,m,25-29,0.9273,synthetic_seed
IN,2023,asian,non-hisp,f,25-29,0.7607,synthetic_seed
IN,2023,asian,non-hisp,m,30-34,0.9619,synthetic_seed
IN,2023,asian,non-hisp,f,30-34,0.7542,synthetic_seed
IN,2023,asian,non-hisp,m,35-39,0.9015,synthetic_seed
IN,2023,asian,non-hisp,f,35-39,0.7692,synthetic_seed
IN,2023,asian,non-hisp,m,40-44,0.8978,synthetic_seed
IN,2023,asian,non-hisp,f,40-44,0.7597,synthetic_seed
IN,2023,asian,non-hisp,m,45-49,0.8777,synthetic_seed
IN,2023,asian,non-hisp,f,45-49,0.785,synthetic_seed
IN,2023,asian,non-hisp,m,50-54,0.8598,synthetic_seed
IN,2023,asian,non-hisp,f,50-54,0.7675,synthetic_seed
IN,2023,asian,non-hisp,m,55-59,0.7631,synthetic_seed
IN,2023,asian,non-hisp,f,55-59,0.6633,synthetic_seed
IN,2023,asian,non-hisp,m,60-64,0.6099,synthetic_seed
IN,2023,asian,non-hisp,f,60-64,0.5098,synthetic_seed
IN,2023,asian,non-hisp,m,65-69,0.3886,synthetic_seed
IN,2023,asian,non-hisp,f,65-69,0.293,synthetic_seed
IN,2023,asian,non-hisp,m,70-74,0.2253,synthetic_seed
IN,2023,asian,non-hisp,f,70-74,0.1491,synthetic_seed
IN,2023,asian,non-hisp,m,75-79,0.1251,synthetic_seed
IN,2023,asian,non-hisp,f,75-79,0.0705,synthetic_seed
IN,2023,asian,non-hisp,m,80-84,0.0615,synthetic_seed
IN,2023,asian,non-hisp,f,80-84,0.0319,synthetic_seed
IN,2023,asian,non-hisp,m,85+,0.0203,synthetic_seed
IN,2023,asian,non-hisp,f,85+,0.0104,synthetic_seed
IN,2023,asian,hisp,m,0-4,0.0,synthetic_seed
IN,2023,asian,hisp,f,0-4,0.0,synthetic_seed
IN,2023,asian,hisp,m,5-9,0.0,synthetic_seed
IN,2023,asian,hisp,f,5-9,0.0,synthetic_seed
IN,2023,asian,hisp,m,10-14,0.0,synthetic_seed
IN,2023,asian,hisp,f,10-14,0.0,synthetic_seed
IN,2023,asian,hisp,m,15-19,0.3637,synthetic_seed
IN,2023,asian,hisp,f,15-19,0.3322,synthetic_seed
IN,2023,asian,hisp,m,20-24,0.7836,synthetic_seed
IN,2023,asian,hisp,f,20-24,0.7346,synthetic_seed
IN,2023,asian,hisp,m,25-29,0.928,synthetic_seed
IN,2023,asian,hisp,f,25-29,0.7363,synthetic_seed
IN,2023,asian,hisp,m,30-34,0.9061,synthetic_seed
IN,2023,asian,hisp,f,30-34,0.7568,synthetic_seed
IN,2023,asian,hisp,m,35-39,0.8938,synthetic_seed
IN,2023,asian,hisp,f,35-39,0.7619,synthetic_seed
IN,2023,asian,hisp,m,40-44,0.9037,synthetic_seed
IN,2023,asian,hisp,f,40-44,0.762,synthetic_seed
IN,2023,asian,hisp,m,45-49,0.8801,synthetic_seed
IN,2023,asian,hisp,f,45-49,0.7992,synthetic_seed
IN,2023,asian,hisp,m,50-54,0.8148,synthetic_seed
IN,2023,asian,hisp,f,50-54,0.7696,synthetic_seed
IN,2023,asian,hisp,m,55-59,0.7476,synthetic_seed
IN,2023,asian,hisp,f,55-59,0.6513,synthetic_seed
IN,2023,asian,hisp,m,60-64,0.6265,synthetic_seed
IN,2023,asian,hisp,f,60-64,0.5155,synthetic_seed
IN,2023,asian,hisp,m,65-69,0.3913,synthetic_seed
IN,2023,asian,hisp,f,65-69,0.2885,synthetic_seed
IN,2023,asian,hisp,m,70-74,0.2314,synthetic_seed
IN,2023,asian,hisp,f,70-74,0.154,synthetic_seed
IN,2023,asian,hisp,m,75-79,0.1248,synthetic_seed
IN,2023,asian,hisp,f,75-79,0.0717,synthetic_seed
IN,2023,asian,hisp,m,80-84,0.0605,synthetic_seed
IN,2023,asian,hisp,f,80-84,0.0303,synthetic_seed
IN,2023,asian,hisp,m,85+,0.02,synthetic_seed
IN,2023,asian,hisp,f,85+,0.0097,synthetic_seed
IN,2023,other,non-hisp,m,0-4,0.0,synthetic_seed
IN,2023,other,non-hisp,f,0-4,0.0,synthetic_seed
IN,2023,other,non-hisp,m,5-9,0.0,synthetic_seed
IN,2023,other,non-hisp,f,5-9,0.0,synthetic_seed
IN,2023,other,non-hisp,m,10-14,0.0,synthetic_seed
IN,2023,other,non-hisp,f,10-14,0.0,synthetic_seed
IN,2023,other,non-hisp,m,15-19,0.3687,synthetic_seed
IN,2023,other,non-hisp,f,15-19,0.3242,synthetic_seed
IN,2023,other,non-hisp,m,20-24,0.7498,synthetic_seed
IN,2023,other,non-hisp,f,20-24,0.7062,synthetic_seed
IN,2023,other,non-hisp,m,25-29,0.9073,synthetic_seed
IN,2023,other,non-hisp,f,25-29,0.7687,synthetic_seed
IN,2023,other,non-hisp,m,30-34,0.8878,synthetic_seed
IN,2023,other,non-hisp,f,30-34,0.7331,synthetic_seed
IN,2023,other,non-hisp,m,35-39,0.8914,synthetic_seed
IN,2023,other,non-hisp,f,35-39,0.7322,synthetic_seed
IN,2023,other,non-hisp,m,40-44,0.9401,synthetic_seed
IN,2023,other,non-hisp,f,40-44,0.7654,synthetic_seed
IN,2023,other,non-hisp,m,45-49,0.8845,synthetic_seed
IN,2023,other,non-hisp,f,45-49,0.7377,synthetic_seed
IN,2023,other,non-hisp,m,50-54,0.8219,synthetic_seed
IN,2023,other,non-hisp,f,50-54,0.7321,synthetic_seed
IN,2023,other,non-hisp,m,55-59,0.7465,synthetic_seed
IN,2023,other,non-hisp,f,55-59,0.6331,synthetic_seed
IN,2023,other,non-hisp,m,60-64,0.6191,synthetic_seed
IN,2023,other,non-hisp,f,60-64,0.4892,synthetic_seed
IN,2023,other,non-hisp,m,65-69,0.3841,synthetic_seed
IN,2023,other,non-hisp,f,65-69,0.2866,synthetic_seed
IN,2023,other,non-hisp,m,70-74,0.234,synthetic_seed
IN,2023,other,non-hisp,f,70-74,0.148,synthetic_seed
IN,2023,other,non-hisp,m,75-79,0.1184,synthetic_seed
IN,2023,other,non-hisp,f,75-79,0.0708,synthetic_seed
IN,2023,other,non-hisp,m,80-84,0.0592,synthetic_seed
IN,2023,other,non-hisp,f,80-84,0.0295,synthetic_seed
IN,2023,other,non-hisp,m,85+,0.0204,synthetic_seed
IN,2023,other,non-hisp,f,85+,0.01,synthetic_seed
IN,2023,other,hisp,m,0-4,0.0,synthetic_seed
IN,2023,other,hisp,f,0-4,0.0,synthetic_seed
IN,2023,other,hisp,m,5-9,0.0,synthetic_seed
IN,2023,other,hisp,f,5-9,0.0,synthetic_seed
IN,2023,other,hisp,m,10-14,0.0,synthetic_seed
IN,2023,other,hisp,f,10-14,0.0,synthetic_seed
IN,2023,other,hisp,m,15-19,0.3434,synthetic_seed
IN,2023,other,hisp,f,15-19,0.3138,synthetic_seed
IN,2023,other,hisp,m,20-24,0.7637,synthetic_seed
IN,2023,other,hisp,f,20-24,0.6803,synthetic_seed
IN,2023,other,hisp,m,25-29,0.883,synthetic_seed
IN,2023,other,hisp,f,25-29,0.7267,synthetic_seed
IN,2023,other,hisp,m,30-34,0.9267,synthetic_seed
IN,2023,other,hisp,f,30-34,0.736,synthetic_seed
IN,2023,other,hisp,m,35-39,0.856,synthetic_seed
IN,2023,other,hisp,f,35-39,0.7152,synthetic_seed
IN,2023,other,hisp,m,40-44,0.8857,synthetic_seed
IN,2023,other,hisp,f,40-44,0.7599,synthetic_seed
IN,2023,other,hisp,m,45-49,0.843,synthetic_seed
IN,2023,other,hisp,f,45-49,0.7822,synthetic_seed
IN,2023,other,hisp,m,50-54,0.8145,synthetic_seed
IN,2023,other,hisp,f,50-54,0.7358,synthetic_seed
IN,2023,other,hisp,m,55-59,0.7297,synthetic_seed
IN,2023,other,hisp,f,55-59,0.6107,synthetic_seed
IN,2023,other,hisp,m,60-64,0.5996,synthetic_seed
IN,2023,other,hisp,f,60-64,0.4949,synthetic_seed
IN,2023,other,hisp,m,65-69,0.3785,synthetic_seed
IN,2023,other,hisp,f,65-69,0.2784,synthetic_seed
IN,2023,other,hisp,m,70-74,0.2329,synthetic_seed
IN,2023,other,hisp,f,70-74,0.1473,synthetic_seed
IN,2023,other,hisp,m,75-79,0.125,synthetic_seed
IN,2023,other,hisp,f,75-79,0.0721,synthetic_seed
IN,2023,other,hisp,m,80-84,0.0581,synthetic_seed
IN,2023,other,hisp,f,80-84,0.0302,synthetic_seed
IN,2023,other,hisp,m,85+,0.0207,synthetic_seed
IN,2023,other,hisp,f,85+,0.0098,synthetic_seed
IA,2023,white,non-hisp,m,0-4,0.0,synthetic_seed
IA,2023,white,non-hisp,f,0-4,0.0,synthetic_seed
IA,2023,white,non-hisp,m,5-9,0.0,synthetic_seed
IA,2023,white,non-hisp,f,5-9,0.0,synthetic_seed
IA,2023,white,non-hisp,m,10-14,0.0,synthetic_seed
IA,2023,white,non-hisp,f,10-14,0.0,synthetic_seed
IA,2023,white,non-hisp,m,15-19,0.3588,synthetic_seed
IA,2023,white,non-hisp,f,15-19,0.314,synthetic_seed
IA,2023,white,non-hisp,m,20-24,0.7465,synthetic_seed
IA,2023,white,non-hisp,f,20-24,0.6969,synthetic_seed
IA,2023,white,non-hisp,m,25-29,0.8648,synthetic_seed
IA,2023,white,non-hisp,f,25-29,0.7261,synthetic_seed
IA,2023,white,non-hisp,m,30-34,0.9287,synthetic_seed
IA,2023,white,non-hisp,f,30-34,0.7382,synthetic_seed
IA,2023,white,non-hisp,m,35-39,0.9159,synthetic_seed
IA,2023,white,non-hisp,f,35-39,0.7238,synthetic_seed
IA,2023,white,non-hisp,m,40-44,0.8732,synthetic_seed
IA,2023,white,non-hisp,f,40-44,0.7742,synthetic_seed
IA,2023,white,non-hisp,m,45-49,0.854,synthetic_seed
IA,2023,white,non-hisp,f,45-49,0.7491,synthetic_seed
IA,2023,white,non-hisp,m,50-54,0.8343,synthetic_seed
IA,2023,white,non-hisp,f,50-54,0.7295,synthetic_seed
IA,2023,white,non-hisp,m,55-59,0.7524,synthetic_seed
IA,2023,white,non-hisp,f,55-59,0.6495,synthetic_seed
IA,2023,white,non-hisp,m,60-64,0.6008,synthetic_seed
IA,2023,white,non-hisp,f,60-64,0.5076,synthetic_seed
IA,2023,white,non-hisp,m,65-69,0.384,synthetic_seed
IA,2023,white,non-hisp,f,65-69,0.2844,synthetic_seed
IA,2023,white,non-hisp,m,70-74,0.225,synthetic_seed
IA,2023,white,non-hisp,f,70-74,0.1489,synthetic_seed
IA,2023,white,non-hisp,m,75-79,0.123,synthetic_seed
IA,2023,white,non-hisp,f,75-79,0.0706,synthetic_seed
IA,2023,white,non-hisp,m,80-84,0.0615,synthetic_seed
IA,2023,white,non-hisp,f,80-84,0.0303,synthetic_seed
IA,2023,white,non-hisp,m,85+,0.0203,synthetic_seed
IA,2023,white,non-hisp,f,85+,0.0102,synthetic_seed
IA,2023,white,hisp,m,0-4,0.0,synthetic_seed
IA,2023,white,hisp,f,0-4,0.0,synthetic_seed
IA,2023,white,hisp,m,5-9,0.0,synthetic_seed
IA,2023,white,hisp,f,5-9,0.0,synthetic_seed
IA,2023,white,hisp,m,10-14,0.0,synthetic_seed
IA,2023,white,hisp,f,10-14,0.0,synthetic_seed
IA,2023,white,hisp,m,15-19,0.3577,synthetic_seed
IA,2023,white,hisp,f,15-19,0.316,synthetic_seed
IA,2023,white,hisp,m,20-24,0.7366,synthetic_seed
IA,2023,white,hisp,f,20-24,0.704,synthetic_seed
IA,2023,white,hisp,m,25-29,0.893,synthetic_seed
IA,2023,white,hisp,f,25-29,0.7768,synthetic_seed
IA,2023,white,hisp,m,30-34,0.8894,synthetic_seed
IA,2023,white,hisp,f,30-34,0.7439,synthetic_seed
IA,2023,white,hisp,m,35-39,0.8835,synthetic_seed
IA,2023,white,hisp,f,35-39,0.7121,synthetic_seed
IA,2023,white,hisp,m,40-44,0.9047,synthetic_seed
IA,2023,white,hisp,f,40-44,0.7523,synthetic_seed
IA,2023,white,hisp,m,45-49,0.8751,synthetic_seed
IA,2023,white,hisp,f,45-49,0.8146,synthetic_seed
IA,2023,white,hisp,m,50-54,0.8504,synthetic_seed
IA,2023,white,hisp,f,50-54,0.7089,synthetic_seed
IA,2023,white,hisp,m,55-59,0.7374,synthetic_seed
IA,2023,white,hisp,f,55-59,0.6389,synthetic_seed
IA,2023,white,hisp,m,60-64,0.6017,synthetic_seed
IA,2023,white,hisp,f,60-64,0.5061,synthetic_seed
IA,2023,white,hisp,m,65-69,0.3727,synthetic_seed
IA,2023,white,hisp,f,65-69,0.2793,synthetic_seed
IA,2023,white,hisp,m,70-74,0.2237,synthetic_seed
IA,2023,white,hisp,f,70-74,0.1521,synthetic_seed
IA,2023,white,hisp,m,75-79,0.1206,synthetic_seed
IA,2023,white,hisp,f,75-79,0.0691,synthetic_seed
IA,2023,white,hisp,m,80-84,0.0595,synthetic_seed
IA,2023,white,hisp,f,80-84,0.0297,synthetic_seed
IA,2023,white,hisp,m,85+,0.0194,synthetic_seed
IA,2023,white,hisp,f,85+,0.0102,synthetic_seed
IA,2023,black,non-hisp,m,0-4,0.0,synthetic_seed
IA,2023,black,non-hisp,f,0-4,0.0,synthetic_seed
IA,2023,black,non-hisp,m,5-9,0.0,synthetic_seed
IA,2023,black,non-hisp,f,5-9,0.0,synthetic_seed
IA,2023,black,non-hisp,m,10-14,0.0,synthetic_seed
IA,2023,black,non-hisp,f,10-14,0.0,synthetic_seed
IA,2023,black,non-hisp,m,15-19,0.3442,synthetic_seed
IA,2023,black,non-hisp,f,15-19,0.3062,synthetic_seed
IA,2023,black,non-hisp,m,20-24,0.7277,synthetic_seed
IA,2023,black,non-hisp,f,20-24,0.6828,synthetic_seed
IA,2023,black,non-hisp,m,25-29,0.8646,synthetic_seed
IA,2023,black,non-hisp,f,25-29,0.7088,synthetic_seed
IA,2023,black,non-hisp,m,30-34,0.915,synthetic_seed
IA,2023,black,non-hisp,f,30-34,0.6959,synthetic_seed
IA,2023,black,non-hisp,m,35-39,0.8828,synthetic_seed
IA,2023,black,non-hisp,f,35-39,0.7255,synthetic_seed
IA,2023,black,non-hisp,m,40-44,0.8393,synthetic_seed
IA,2023,black,non-hisp,f,40-44,0.745,synthetic_seed
IA,2023,black,non-hisp,m,45-49,0.8363,synthetic_seed
IA,2023,black,non-hisp,f,45-49,0.7298,synthetic_seed
IA,2023,black,non-hisp,m,50-54,0.8327,synthetic_seed
IA,2023,black,non-hisp,f,50-54,0.7125,synthetic_seed
IA,2023,black,non-hisp,m,55-59,0.7012,synthetic_seed
IA,2023,black,non-hisp,f,55-59,0.636,synthetic_seed
IA,2023,black,non-hisp,m,60-64,0.5747,synthetic_seed
IA,2023,black,non-hisp,f,60-64,0.4856,synthetic_seed
IA,2023,black,non-hisp,m,65-69,0.3739,synthetic_seed
IA,2023,black,non-hisp,f,65-69,0.266,synthetic_seed
IA,2023,black,non-hisp,m,70-74,0.2216,synthetic_seed
IA,2023,black,non-hisp,f,70-74,0.148,synthetic_seed
IA,2023,black,non-hisp,m,75-79,0.1159,synthetic_seed
IA,2023,black,non-hisp,f,75-79,0.0696,synthetic_seed
IA,2023,black,non-hisp,m,80-84,0.0587,synthetic_seed
IA,2023,black,non-hisp,f,80-84,0.0294,synthetic_seed
IA,2023,black,non-hisp,m,85+,0.0198,synthetic_seed
IA,2023,black,non-hisp,f,85+,0.0098,synthetic_seed
IA,2023,black,hisp,m,0-4,0.0,synthetic_seed
IA,2023,black,hisp,f,0-4,0.0,synthetic_seed
IA,2023,black,hisp,m,5-9,0.0,synthetic_seed
IA,2023,black,hisp,f,5-9,0.0,synthetic_seed
IA,2023,black,hisp,m,10-14,0.0,synthetic_seed
IA,2023,black,hisp,f,10-14,0.0,synthetic_seed
IA,2023,black,hisp,m,15-19,0.3406,synthetic_seed
IA,2023,black,hisp,f,15-19,0.3337,synthetic_seed
IA,2023,black,hisp,m,20-24,0.7163,synthetic_seed
IA,2023,black,hisp,f,20-24,0.6945,synthetic_seed
IA,2023,black,hisp,m,25-29,0.8579,synthetic_seed
IA,2023,black,hisp,f,25-29,0.7582,synthetic_seed
IA,2023,black,hisp,m,30-34,0.8722,synthetic_seed
IA,2023,black,hisp,f,30-34,0.6959,synthetic_seed
IA,2023,black,hisp,m,35-39,0.8803,synthetic_seed
IA,2023,black,hisp,f,35-39,0.7281,synthetic_seed
IA,2023,black,hisp,m,40-44,0.856,synthetic_seed
IA,2023,black,hisp,f,40-44,0.7451,synthetic_seed
IA,2023,black,hisp,m,45-49,0.8384,synthetic_seed
IA,2023,black,hisp,f,45-49,0.7503,synthetic_seed
IA,2023,black,hisp,m,50-54,0.8026,synthetic_seed
IA,2023,black,hisp,f,50-54,0.745,synthetic_seed
IA,2023,black,hisp,m,55-59,0.7327,synthetic_seed
IA,2023,black,hisp,f,55-59,0.6229,synthetic_seed
IA,2023,black,hisp,m,60-64,0.5582,synthetic_seed
IA,2023,black,hisp,f,60-64,0.4711,synthetic_seed
IA,2023,black,hisp,m,65-69,0.365,synthetic_seed
IA,2023,black,hisp,f,65-69,0.269,synthetic_seed
IA,2023,black,hisp,m,70-74,0.2209,synthetic_seed
IA,2023,black,hisp,f,70-74,0.1463,synthetic_seed
IA,2023,black,hisp,m,75-79,0.1166,synthetic_seed
IA,2023,black,hisp,f,75-79,0.0672,synthetic_seed
IA,2023,black,hisp,m,80-84,0.0567,synthetic_seed
IA,2023,black,hisp,f,80-84,0.0283,synthetic_seed
IA,2023,black,hisp,m,85+,0.0201,synthetic_seed
IA,2023,black,hisp,f,85+,0.0096,synthetic_seed
IA,2023,asian,non-hisp,m,0-4,0.0,synthetic_seed
IA,2023,asian,non-hisp,f,0-4,0.0,synthetic_seed
IA,2023,asian,non-hisp,m,5-9,0.0,synthetic_seed
IA,2023,asian,non-hisp,f,5-9,0.0,synthetic_seed
IA,2023,asian,non-hisp,m,10-14,0.0,synthetic_seed
IA,2023,asian,non-hisp,f,10-14,0.0,synthetic_seed
IA,2023,asian,non-hisp,m,15-19,0.3813,synthetic_seed
IA,2023,asian,non-hisp,f,15-19,0.3227,synthetic_seed
IA,2023,asian,non-hisp,m,20-24,0.7859,synthetic_seed
IA,2023,asian,non-hisp,f,20-24,0.703,synthetic_seed
IA,2023,asian,non-hisp,m,25-29,0.9133,synthetic_seed
IA,2023,asian,non-hisp,f,25-29,0.7669,synthetic_seed
IA,2023,asian,non-hisp,m,30-34,0.9217,synthetic_seed
IA,2023,asian,non-hisp,f,30-34,0.7704,synthetic_seed
IA,2023,asian,non-hisp,m,35-39,0.9329,synthetic_seed
IA,2023,asian,non-hisp,f,35-39,0.7498,synthetic_seed
IA,2023,asian,non-hisp,m,40-44,0.9075,synthetic_seed
IA,2023,asian,non-hisp,f,40-44,0.7744,synthetic_seed
IA,2023,asian,non-hisp,m,45-49,0.8645,synthetic_seed
IA,2023,asian,non-hisp,f,45-49,0.8139,synthetic_seed
IA,2023,asian,non-hisp,m,50-54,0.826,synthetic_seed
IA,2023,asian,non-hisp,f,50-54,0.7588,synthetic_seed
IA,2023,asian,non-hisp,m,55-59,0.7661,synthetic_seed
IA,2023,asian,non-hisp,f,55-59,0.64,synthetic_seed
IA,2023,asian,non-hisp,m,60-64,0.6268,synthetic_seed
IA,2023,asian,non-hisp,f,60-64,0.5233,synthetic_seed
IA,2023,asian,non-hisp,m,65-69,0.3904,synthetic_seed
IA,2023,asian,non-hisp,f,65-69,0.2821,synthetic_seed
IA,2023,asian,non-hisp,m,70-74,0.23,synthetic_seed
IA,2023,asian,non-hisp,f,70-74,0.1502,synthetic_seed
IA,2023,asian,non-hisp,m,75-79,0.1164,synthetic_seed
IA,2023,asian,non-hisp,f,75-79,0.0707,synthetic_seed
IA,2023,asian,non-hisp,m,80-84,0.0589,synthetic_seed
IA,2023,asian,non-hisp,f,80-84,0.0306,synthetic_seed
IA,2023,asian,non-hisp,m,85+,0.0206,synthetic_seed
IA,2023,asian,non-hisp,f,85+,0.0101,synthetic_seed
IA,2023,asian,hisp,m,0-4,0.0,synthetic_seed
IA,2023,asian,hisp,f,0-4,0.0,synthetic_seed
IA,2023,asian,hisp,m,5-9,0.0,synthetic_seed
IA,2023,asian,hisp,f,5-9,0.0,synthetic_seed
IA,2023,asian,hisp,m,10-14,0.0,synthetic_seed
IA,2023,asian,hisp,f,10-14,0.0,synthetic_seed
IA,2023,asian,hisp,m,15-19,0.3632,synthetic_seed
IA,2023,asian,hisp,f,15-19,0.3292,synthetic_seed
IA,2023,asian,hisp,m,20-24,0.794,synthetic_seed
IA,2023,asian,hisp,f,20-24,0.7202,synthetic_seed
IA,2023,asian,hisp,m,25-29,0.9088,synthetic_seed
IA,2023,asian,hisp,f,25-29,0.784,synthetic_seed
IA,2023,asian,hisp,m,30-34,0.9397,synthetic_seed
IA,2023,asian,hisp,f,30-34,0.7039,synthetic_seed
IA,2023,asian,hisp,m,35-39,0.9144,synthetic_seed
IA,2023,asian,hisp,f,35-39,0.7405,synthetic_seed
IA,2023,asian,hisp,m,40-44,0.8934,synthetic_seed
IA,2023,asian,hisp,f,40-44,0.7877,synthetic_seed
IA,2023,asian,hisp,m,45-49,0.8758,synthetic_seed
IA,2023,asian,hisp,f,45-49,0.7742,synthetic_seed
IA,2023,asian,hisp,m,50-54,0.8353,synthetic_seed
IA,2023,asian,hisp,f,50-54,0.7292,synthetic_seed
IA,2023,asian,hisp,m,55-59,0.7836,synthetic_seed
IA,2023,asian,hisp,f,55-59,0.6773,synthetic_seed
IA,2023,asian,hisp,m,60-64,0.6219,synthetic_seed
IA,2023,asian,hisp,f,60-64,0.505,synthetic_seed
IA,2023,asian,hisp,m,65-69,0.3886,synthetic_seed
IA,2023,asian,hisp,f,65-69,0.2827,synthetic_seed
IA,2023,asian,hisp,m,70-74,0.2279,synthetic_seed
IA,2023,asian,hisp,f,70-74,0.156,synthetic_seed
IA,2023,asian,hisp,m,75-79,0.1231,synthetic_seed
IA,2023,asian,hisp,f,75-79,0.0713,synthetic_seed
IA,2023,asian,hisp,m,80-84,0.0613,synthetic_seed
IA,2023,asian,hisp,f,80-84,0.0306,synthetic_seed
IA,2023,asian,hisp,m,85+,0.0204,synthetic_seed
IA,2023,asian,hisp,f,85+,0.0103,synthetic_seed
IA,2023,other,non-hisp,m,0-4,0.0,synthetic_seed
IA,2023,other,non-hisp,f,0-4,0.0,synthetic_seed
IA,2023,other,non-hisp,m,5-9,0.0,synthetic_seed
IA,2023,other,non-hisp,f,5-9,0.0,synthetic_seed
IA,2023,other,non-hisp,m,10-14,0.0,synthetic_seed
IA,2023,other,non-hisp,f,10-14,0.0,synthetic_seed
IA,2023,other,non-hisp,m,15-19,0.3625,synthetic_seed
IA,2023,other,non-hisp,f,15-19,0.3208,synthetic_seed
IA,2023,other,non-hisp,m,20-24,0.7492,synthetic_seed
IA,2023,other,non-hisp,f,20-24,0.6655,synthetic_seed
IA,2023,other,non-hisp,m,25-29,0.8724,synthetic_seed
IA,2023,other,non-hisp,f,25-29,0.7439,synthetic_seed
IA,2023,other,non-hisp,m,30-34,0.9083,synthetic_seed
IA,2023,other,non-hisp,f,30-34,0.7114,synthetic_seed
IA,2023,other,non-hisp,m,35-39,0.9046,synthetic_seed
IA,2023,other,non-hisp,f,35-39,0.7315,synthetic_seed
IA,2023,other,non-hisp,m,40-44,0.8738,synthetic_seed
IA,2023,other,non-hisp,f,40-44,0.7694,synthetic_seed
IA,2023,other,non-hisp,m,45-49,0.8798,synthetic_seed
IA,2023,other,non-hisp,f,45-49,0.7857,synthetic_seed
IA,2023,other,non-hisp,m,50-54,0.8179,synthetic_seed
IA,2023,other,non-hisp,f,50-54,0.7496,synthetic_seed
IA,2023,other,non-hisp,m,55-59,0.7682,synthetic_seed
IA,2023,other,non-hisp,f,55-59,0.6437,synthetic_seed
IA,2023,other,non-hisp,m,60-64,0.6133,synthetic_seed
IA,2023,other,non-hisp,f,60-64,0.4976,synthetic_seed
IA,2023,other,non-hisp,m,65-69,0.3812,synthetic_seed
IA,2023,other,non-hisp,f,65-69,0.2781,synthetic_seed
IA,2023,other,non-hisp,m,70-74,0.2367,synthetic_seed
IA,2023,other,non-hisp,f,70-74,0.1518,synthetic_seed
IA,2023,other,non-hisp,m,75-79,0.121,synthetic_seed
IA,2023,other,non-hisp,f,75-79,0.0695,synthetic_seed
IA,2023,other,non-hisp,m,80-84,0.063,synthetic_seed
IA,2023,other,non-hisp,f,80-84,0.0301,synthetic_seed
IA,2023,other,non-hisp,m,85+,0.0199,synthetic_seed
IA,2023,other,non-hisp,f,85+,0.0095,synthetic_seed
IA,2023,other,hisp,m,0-4,0.0,synthetic_seed
IA,2023,other,hisp,f,0-4,0.0,synthetic_seed
IA,2023,other,hisp,m,5-9,0.0,synthetic_seed
IA,2023,other,hisp,f,5-9,0.0,synthetic_seed
IA,2023,other,hisp,m,10-14,0.0,synthetic_seed
IA,2023,other,hisp,f,10-14,0.0,synthetic_seed
IA,2023,other,hisp,m,15-19,0.3623,synthetic_seed
IA,2023,other,hisp,f,15-19,0.3267,synthetic_seed
IA,2023,other,hisp,m,20-24,0.7228,synthetic_seed
IA,2023,other,hisp,f,20-24,0.6928,synthetic_seed
IA,2023,other,hisp,m,25-29,0.8739,synthetic_seed
IA,2023,other,hisp,f,25-29,0.7639,synthetic_seed
IA,2023,other,hisp,m,30-34,0.9184,synthetic_seed
IA,2023,other,hisp,f,30-34,0.7294,synthetic_seed
IA,2023,other,hisp,m,35-39,0.9233,synthetic_seed
IA,2023,other,hisp,f,35-39,0.7398,synthetic_seed
IA,2023,other,hisp,m,40-44,0.8937,synthetic_seed
IA,2023,other,hisp,f,40-44,0.7696,synthetic_seed
IA,2023,other,hisp,m,45-49,0.8431,synthetic_seed
IA,2023,other,hisp,f,45-49,0.7873,synthetic_seed
IA,2023,other,hisp,m,50-54,0.8317,synthetic_seed
IA,2023,other,hisp,f,50-54,0.7407,synthetic_seed
IA,2023,other,hisp,m,55-59,0.741,synthetic_seed
IA,2023,other,hisp,f,55-59,0.6733,synthetic_seed
IA,2023,other,hisp,m,60-64,0.6128,synthetic_seed
IA,2023,other,hisp,f,60-64,0.5016,synthetic_seed
IA,2023,other,hisp,m,65-69,0.3758,synthetic_seed
IA,2023,other,hisp,f,65-69,0.2792,synthetic_seed
IA,2023,other,hisp,m,70-74,0.2286,synthetic_seed
IA,2023,other,hisp,f,70-74,0.1478,synthetic_seed
IA,2023,other,hisp,m,75-79,0.124,synthetic_seed
IA,2023,other,hisp,f,75-79,0.0706,synthetic_seed
IA,2023,other,hisp,m,80-84,0.0612,synthetic_seed
IA,2023,other,hisp,f,80-84,0.0295,synthetic_seed
IA,2023,other,hisp,m,85+,0.0193,synthetic_seed
IA,2023,other,hisp,f,85+,0.0101,synthetic_seed
KS,2023,white,non-hisp,m,0-4,0.0,synthetic_seed
KS,2023,white,non-hisp,f,0-4,0.0,synthetic_seed
KS,2023,white,non-hisp,m,5-9,0.0,synthetic_seed
KS,2023,white,non-hisp,f,5-9,0.0,synthetic_seed
KS,2023,white,non-hisp,m,10-14,0.0,synthetic_seed
KS,2023,white,non-hisp,f,10-14,0.0,synthetic_seed
KS,2023,white,non-hisp,m,15-19,0.3608,synthetic_seed
KS,2023,white,non-hisp,f,15-19,0.3189,synthetic_seed
KS,2023,white,non-hisp,m,20-24,0.7476,synthetic_seed
KS,2023,white,non-hisp,f,20-24,0.7359,synthetic_seed
KS,2023,white,non-hisp,m,25-29,0.8795,synthetic_seed
KS,2023,white,non-hisp,f,25-29,0.7422,synthetic_seed
KS,2023,white,non-hisp,m,30-34,0.9222,synthetic_seed
KS,2023,white,non-hisp,f,30-34,0.7193,synthetic_seed
KS,2023,white,non-hisp,m,35-39,0.915,synthetic_seed
KS,2023,white,non-hisp,f,35-39,0.763,synthetic_seed
KS,2023,white,non-hisp,m,40-44,0.8983,synthetic_seed
KS,2023,white,non-hisp,f,40-44,0.7771,synthetic_seed
KS,2023,white,non-hisp,m,45-49,0.8621,synthetic_seed
KS,2023,white,non-hisp,f,45-49,0.7412,synthetic_seed
KS,2023,white,non-hisp,m,50-54,0.847,synthetic_seed
KS,2023,white,non-hisp,f,50-54,0.7565,synthetic_seed
KS,2023,white,non-hisp,m,55-59,0.7545,synthetic_seed
KS,2023,white,non-hisp,f,55-59,0.6671,synthetic_seed
KS,2023,white,non-hisp,m,60-64,0.5929,synthetic_seed
KS,2023,white,non-hisp,f,60-64,0.4908,synthetic_seed
KS,2023,white,non-hisp,m,65-69,0.3808,synthetic_seed
KS,2023,white,non-hisp,f,65-69,0.2796,synthetic_seed
KS,2023,white,non-hisp,m,70-74,0.234,synthetic_seed
KS,2023,white,non-hisp,f,70-74,0.1534,synthetic_seed
KS,2023,white,non-hisp,m,75-79,0.1225,synthetic_seed
KS,2023,white,non-hisp,f,75-79,0.0685,synthetic_seed
KS,2023,white,non-hisp,m,80-84,0.0614,synthetic_seed
KS,2023,white,non-hisp,f,80-84,0.0303,synthetic_seed
KS,2023,white,non-hisp,m,85+,0.0198,synthetic_seed
KS,2023,white,non-hisp,f,85+,0.01,synthetic_seed
KS,2023,white,hisp,m,0-4,0.0,synthetic_seed
KS,2023,white,hisp,f,0-4,0.0,synthetic_seed
KS,2023,white,hisp,m,5-9,0.0,synthetic_seed
KS,2023,white,hisp,f,5-9,0.0,synthetic_seed
KS,2023,white,hisp,m,10-14,0.0,synthetic_seed
KS,2023,white,hisp,f,10-14,0.0,synthetic_seed
KS,2023,white,hisp,m,15-19,0.3532,synthetic_seed
KS,2023,white,hisp,f,15-19,0.3056,synthetic_seed
KS,2023,white,hisp,m,20-24,0.7344,synthetic_seed
KS,2023,white,hisp,f,20-24,0.7058,synthetic_seed
KS,2023,white,hisp,m,25-29,0.8601,synthetic_seed
KS,2023,white,hisp,f,25-29,0.7408,synthetic_seed
KS,2023,white,hisp,m,30-34,0.8942,synthetic_seed
KS,2023,white,hisp,f,30-34,0.7172,synthetic_seed
KS,2023,white,hisp,m,35-39,0.922,synthetic_seed
KS,2023,white,hisp,f,35-39,0.7187,synthetic_seed
KS,2023,white,hisp,m,40-44,0.9062,synthetic_seed
KS,2023,white,hisp,f,40-44,0.7619,synthetic_seed
KS,2023,white,hisp,m,45-49,0.8638,synthetic_seed
KS,2023,white,hisp,f,45-49,0.7337,synthetic_seed
KS,2023,white,hisp,m,50-54,0.832,synthetic_seed
KS,2023,white,hisp,f,50-54,0.737,synthetic_seed
KS,2023,white,hisp,m,55-59,0.7332,synthetic_seed
KS,2023,white,hisp,f,55-59,0.6444,synthetic_seed
KS,2023,white,hisp,m,60-64,0.5805,synthetic_seed
KS,2023,white,hisp,f,60-64,0.5075,synthetic_seed
KS,2023,white,hisp,m,65-69,0.399,synthetic_seed
KS,2023,white,hisp,f,65-69,0.2801,synthetic_seed
KS,2023,white,hisp,m,70-74,0.2275,synthetic_seed
KS,2023,white,hisp,f,70-74,0.151,synthetic_seed
KS,2023,white,hisp,m,75-79,0.1224,synthetic_seed
KS,2023,white,hisp,f,75-79,0.0691,synthetic_seed
KS,2023,white,hisp,m,80-84,0.0592,synthetic_seed
KS,2023,white,hisp,f,80-84,0.0281,synthetic_seed
KS,2023,white,hisp,m,85+,0.0199,synthetic_seed
KS,2023,white,hisp,f,85+,0.0099,synthetic_seed
KS,2023,black,non-hisp,m,0-4,0.0,synthetic_seed
KS,2023,black,non-hisp,f,0-4,0.0,synthetic_seed
KS,2023,black,non-hisp,m,5-9,0.0,synthetic_seed
KS,2023,black,non-hisp,f,5-9,0.0,synthetic_seed
KS,2023,black,non-hisp,m,10-14,0.0,synthetic_seed
KS,2023,black,non-hisp,f,10-14,0.0,synthetic_seed
KS,2023,black,non-hisp,m,15-19,0.3519,synthetic_seed
KS,2023,black,non-hisp,f,15-19,0.3187,synthetic_seed
KS,2023,black,non-hisp,m,20-24,0.7298,synthetic_seed
KS,2023,black,non-hisp,f,20-24,0.6734,synthetic_seed
KS,2023,black,non-hisp,m,25-29,0.8614,synthetic_seed
KS,2023,black,non-hisp,f,25-29,0.7572,synthetic_seed
KS,2023,black,non-hisp,m,30-34,0.8638,synthetic_seed
KS,2023,black,non-hisp,f,30-34,0.7153,synthetic_seed
KS,2023,black,non-hisp,m,35-39,0.8505,synthetic_seed
KS,2023,black,non-hisp,f,35-39,0.7318,synthetic_seed
KS,2023,black,non-hisp,m,40-44,0.8904,synthetic_seed
KS,2023,black,non-hisp,f,40-44,0.7499,synthetic_seed
KS,2023,black,non-hisp,m,45-49,0.8514,synthetic_seed
KS,2023,black,non-hisp,f,45-49,0.7496,synthetic_seed
KS,2023,black,non-hisp,m,50-54,0.7852,synthetic_seed
KS,2023,black,non-hisp,f,50-54,0.7366,synthetic_seed
KS,2023,black,non-hisp,m,55-59,0.7582,synthetic_seed
KS,2023,black,non-hisp,f,55-59,0.6331,synthetic_seed
KS,2023,black,non-hisp,m,60-64,0.5836,synthetic_seed
KS,2023,black,non-hisp,f,60-64,0.4989,synthetic_seed
KS,2023,black,non-hisp,m,65-69,0.3697,synthetic_seed
KS,2023,black,non-hisp,f,65-69,0.2749,synthetic_seed
KS,2023,black,non-hisp,m,70-74,0.2232,synthetic_seed
KS,2023,black,non-hisp,f,70-74,0.1464,synthetic_seed
KS,2023,black,non-hisp,m,75-79,0.1178,synthetic_seed
KS,2023,black,non-hisp,f,75-79,0.0705,synthetic_seed
KS,2023,black,non-hisp,m,80-84,0.0589,synthetic_seed
KS,2023,black,non-hisp,f,80-84,0.0292,synthetic_seed
KS,2023,black,non-hisp,m,85+,0.0195,synthetic_seed
KS,2023,black,non-hisp,f,85+,0.0098,synthetic_seed
KS,2023,black,hisp,m,0-4,0.0,synthetic_seed
KS,2023,black,hisp,f,0-4,0.0,synthetic_seed
KS,2023,black,hisp,m,5-9,0.0,synthetic_seed
KS,2023,black,hisp,f,5-9,0.0,synthetic_seed
KS,2023,black,hisp,m,10-14,0.0,synthetic_seed
KS,2023,black,hisp,f,10-14,0.0,synthetic_seed
KS,2023,black,hisp,m,15-19,0.3611,synthetic_seed
KS,2023,black,hisp,f,15-19,0.319,synthetic_seed
KS,2023,black,hisp,m,20-24,0.7092,synthetic_seed
KS,2023,black,hisp,f,20-24,0.6694,synthetic_seed
KS,2023,black,hisp,m,25-29,0.8446,synthetic_seed
KS,2023,black,hisp,f,25-29,0.722,synthetic_seed
KS,2023,black,hisp,m,30-34,0.8798,synthetic_seed
KS,2023,black,hisp,f,30-34,0.714,synthetic_seed
KS,2023,black,hisp,m,35-39,0.8779,synthetic_seed
KS,2023,black,hisp,f,35-39,0.6868,synthetic_seed
KS,2023,black,hisp,m,40-44,0.8729,synthetic_seed
KS,2023,black,hisp,f,40-44,0.7585,synthetic_seed
KS,2023,black,hisp,m,45-49,0.843,synthetic_seed
KS,2023,black,hisp,f,45-49,0.7655,synthetic_seed
KS,2023,black,hisp,m,50-54,0.8073,synthetic_seed
KS,2023,black,hisp,f,50-54,0.7264,synthetic_seed
KS,2023,black,hisp,m,55-59,0.7226,synthetic_seed
KS,2023,black,hisp,f,55-59,0.6413,synthetic_seed
KS,2023,black,hisp,m,60-64,0.5912,synthetic_seed
KS,2023,black,hisp,f,60-64,0.4938,synthetic_seed
KS,2023,black,hisp,m,65-69,0.3642,synthetic_seed
KS,2023,black,hisp,f,65-69,0.2724,synthetic_seed
KS,2023,black,hisp,m,70-74,0.2182,synthetic_seed
KS,2023,black,hisp,f,70-74,0.146,synthetic_seed
KS,2023,black,hisp,m,75-79,0.117,synthetic_seed
KS,2023,black,hisp,f,75-79,0.0675,synthetic_seed
KS,2023,black,hisp,m,80-84,0.0593,synthetic_seed
KS,2023,black,hisp,f,80-84,0.0286,synthetic_seed
KS,2023,black,hisp,m,85+,0.0194,synthetic_seed
KS,2023,black,hisp,f,85+,0.0095,synthetic_seed
KS,2023,asian,non-hisp,m,0-4,0.0,synthetic_seed
KS,2023,asian,non-hisp,f,0-4,0.0,synthetic_seed
KS,2023,asian,non-hisp,m,5-9,0.0,synthetic_seed
KS,2023,asian,non-hisp,f,5-9,0.0,synthetic_seed
KS,2023,asian,non-hisp,m,10-14,0.0,synthetic_seed
KS,2023,asian,non-hisp,f,10-14,0.0,synthetic_seed
KS,2023,asian,non-hisp,m,15-19,0.3494,synthetic_seed
KS,2023,asian,non-hisp,f,15-19,0.3187,synthetic_seed
KS,2023,asian,non-hisp,m,20-24,0.7534,synthetic_seed
KS,2023,asian,non-hisp,f,20-24,0.7143,synthetic_seed
KS,2023,asian,non-hisp,m,25-29,0.905,synthetic_seed
KS,2023,asian,non-hisp,f,25-29,0.7808,synthetic_seed
KS,2023,asian,non-hisp,m,30-34,0.9174,synthetic_seed
KS,2023,asian,non-hisp,f,30-34,0.7496,synthetic_seed
KS,2023,asian,non-hisp,m,35-39,0.9276,synthetic_seed
KS,2023,asian,non-hisp,f,35-39,0.7545,synthetic_seed
KS,2023,asian,non-hisp,m,40-44,0.885,synthetic_seed
KS,2023,asian,non-hisp,f,40-44,0.7908,synthetic_seed
KS,2023,asian,non-hisp,m,45-49,0.8908,synthetic_seed
KS,2023,asian,non-hisp,f,45-49,0.7715,synthetic_seed
KS,2023,asian,non-hisp,m,50-54,0.8638,synthetic_seed
KS,2023,asian,non-hisp,f,50-54,0.7644,synthetic_seed
KS,2023,asian,non-hisp,m,55-59,0.7728,synthetic_seed
KS,2023,asian,non-hisp,f,55-59,0.6531,synthetic_seed
KS,2023,asian,non-hisp,m,60-64,0.6177,synthetic_seed
KS,2023,asian,non-hisp,f,60-64,0.4999,synthetic_seed
KS,2023,asian,non-hisp,m,65-69,0.3898,synthetic_seed
KS,2023,asian,non-hisp,f,65-69,0.2853,synthetic_seed
KS,2023,asian,non-hisp,m,70-74,0.241,synthetic_seed
KS,2023,asian,non-hisp,f,70-74,0.1584,synthetic_seed
KS,2023,asian,non-hisp,m,75-79,0.1218,synthetic_seed
KS,2023,asian,non-hisp,f,75-79,0.073,synthetic_seed
KS,2023,asian,non-hisp,m,80-84,0.0616,synthetic_seed
KS,2023,asian,non-hisp,f,80-84,0.0307,synthetic_seed
KS,2023,asian,non-hisp,m,85+,0.02,synthetic_seed
KS,2023,asian,non-hisp,f,85+,0.0103,synthetic_seed
KS,2023,asian,hisp,m,0-4,0.0,synthetic_seed
KS,2023,asian,hisp,f,0-4,0.0,synthetic_seed
KS,2023,asian,hisp,m,5-9,0.0,synthetic_seed
KS,2023,asian,hisp,f,5-9,0.0,synthetic_seed
KS,2023,asian,hisp,m,10-14,0.0,synthetic_seed
KS,2023,asian,hisp,f,10-14,0.0,synthetic_seed
KS,2023,asian,hisp,m,15-19,0.3697,synthetic_seed
KS,2023,asian,hisp,f,15-19,0.3296,synthetic_seed
KS,2023,asian,hisp,m,20-24,0.7521,synthetic_seed
KS,2023,asian,hisp,f,20-24,0.7211,synthetic_seed
KS,2023,asian,hisp,m,25-29,0.9101,synthetic_seed
KS,2023,asian,hisp,f,25-29,0.7944,synthetic_seed
KS,2023,asian,hisp,m,30-34,0.9482,synthetic_seed
KS,2023,asian,hisp,f,30-34,0.7082,synthetic_seed
KS,2023,asian,hisp,m,35-39,0.8979,synthetic_seed
KS,2023,asian,hisp,f,35-39,0.7629,synthetic_seed
KS,2023,asian,hisp,m,40-44,0.9309,synthetic_seed
KS,2023,asian,hisp,f,40-44,0.8108,synthetic_seed
KS,2023,asian,hisp,m,45-49,0.909,synthetic_seed
KS,2023,asian,hisp,f,45-49,0.7732,synthetic_seed
KS,2023,asian,hisp,m,50-54,0.8584,synthetic_seed
KS,2023,asian,hisp,f,50-54,0.7299,synthetic_seed
KS,2023,asian,hisp,m,55-59,0.7374,synthetic_seed
KS,2023,asian,hisp,f,55-59,0.6628,synthetic_seed
KS,2023,asian,hisp,m,60-64,0.6123,synthetic_seed
KS,2023,asian,hisp,f,60-64,0.5115,synthetic_seed
KS,2023,asian,hisp,m,65-69,0.3766,synthetic_seed
KS,2023,asian,hisp,f,65-69,0.2748,synthetic_seed
KS,2023,asian,hisp,m,70-74,0.2278,synthetic_seed
KS,2023,asian,hisp,f,70-74,0.1529,synthetic_seed
KS,2023,asian,hisp,m,75-79,0.1219,synthetic_seed
KS,2023,asian,hisp,f,75-79,0.0683,synthetic_seed
KS,2023,asian,hisp,m,80-84,0.0597,synthetic_seed
KS,2023,asian,hisp,f,80-84,0.0296,synthetic_seed
KS,2023,asian,hisp,m,85+,0.0206,synthetic_seed
KS,2023,asian,hisp,f,85+,0.0101,synthetic_seed
KS,2023,other,non-hisp,m,0-4,0.0,synthetic_seed
KS,2023,other,non-hisp,f,0-4,0.0,synthetic_seed
KS,2023,other,non-hisp,m,5-9,0.0,synthetic_seed
KS,2023,other,non-hisp,f,5-9,0.0,synthetic_seed
KS,2023,other,non-hisp,m,10-14,0.0,synthetic_seed
KS,2023,other,non-hisp,f,10-14,0.0,synthetic_seed
KS,2023,other,non-hisp,m,15-19,0.3484,synthetic_seed
KS,2023,other,non-hisp,f,15-19,0.3261,synthetic_seed
KS,2023,other,non-hisp,m,20-24,0.7552,synthetic_seed
KS,2023,other,non-hisp,f,20-24,0.7019,synthetic_seed
KS,2023,other,non-hisp,m,25-29,0.8662,synthetic_seed
KS,2023,other,non-hisp,f,25-29,0.7572,synthetic_seed
KS,2023,other,non-hisp,m,30-34,0.8984,synthetic_seed
KS,2023,other,non-hisp,f,30-34,0.7253,synthetic_seed
KS,2023,other,non-hisp,m,35-39,0.9219,synthetic_seed
KS,2023,other,non-hisp,f,35-39,0.7252,synthetic_seed
KS,2023,other,non-hisp,m,40-44,0.8952,synthetic_seed
KS,2023,other,non-hisp,f,40-44,0.7736,synthetic_seed
KS,2023,other,non-hisp,m,45-49,0.871,synthetic_seed
KS,2023,other,non-hisp,f,45-49,0.7675,synthetic_seed
KS,2023,other,non-hisp,m,50-54,0.8162,synthetic_seed
KS,2023,other,non-hisp,f,50-54,0.746,synthetic_seed
KS,2023,other,non-hisp,m,55-59,0.7459,synthetic_seed
KS,2023,other,non-hisp,f,55-59,0.6466,synthetic_seed
KS,2023,other,non-hisp,m,60-64,0.6193,synthetic_seed
KS,2023,other,non-hisp,f,60-64,0.4935,synthetic_seed
KS,2023,other,non-hisp,m,65-69,0.3737,synthetic_seed
KS,2023,other,non-hisp,f,65-69,0.2725,synthetic_seed
KS,2023,other,non-hisp,m,70-74,0.2281,synthetic_seed
KS,2023,other,non-hisp,f,70-74,0.1466,synthetic_seed
KS,2023,other,non-hisp,m,75-79,0.1243,synthetic_seed
KS,2023,other,non-hisp,f,75-79,0.0695,synthetic_seed
KS,2023,other,non-hisp,m,80-84,0.0614,synthetic_seed
KS,2023,other,non-hisp,f,80-84,0.0305,synthetic_seed
KS,2023,other,non-hisp,m,85+,0.0201,synthetic_seed
KS,2023,other,non-hisp,f,85+,0.0099,synthetic_seed
KS,2023,other,hisp,m,0-4,0.0,synthetic_seed
KS,2023,other,hisp,f,0-4,0.0,synthetic_seed
KS,2023,other,hisp,m,5-9,0.0,synthetic_seed
KS,2023,other,hisp,f,5-9,0.0,synthetic_seed
KS,2023,other,hisp,m,10-14,0.0,synthetic_seed
KS,2023,other,hisp,f,10-14,0.0,synthetic_seed
KS,2023,other,hisp,m,15-19,0.352,synthetic_seed
KS,2023,other,hisp,f,15-19,0.3268,synthetic_seed
KS,2023,other,hisp,m,20-24,0.77,synthetic_seed
KS,2023,other,hisp,f,20-24,0.6832,synthetic_seed
KS,2023,other,hisp,m,25-29,0.8654,synthetic_seed
KS,2023,other,hisp,f,25-29,0.7483,synthetic_seed
KS,2023,other,hisp,m,30-34,0.9302,synthetic_seed
KS,2023,other,hisp,f,30-34,0.7199,synthetic_seed
KS,2023,other,hisp,m,35-39,0.9703,synthetic_seed
KS,2023,other,hisp,f,35-39,0.7516,synthetic_seed
KS,2023,other,hisp,m,40-44,0.9206,synthetic_seed
KS,2023,other,hisp,f,40-44,0.7619,synthetic_seed
KS,2023,other,hisp,m,45-49,0.9069,synthetic_seed
KS,2023,other,hisp,f,45-49,0.7923,synthetic_seed
KS,2023,other,hisp,m,50-54,0.8124,synthetic_seed
KS,2023,other,hisp,f,50-54,0.7388,synthetic_seed
KS,2023,other,hisp,m,55-59,0.7322,synthetic_seed
KS,2023,other,hisp,f,55-59,0.6522,synthetic_seed
KS,2023,other,hisp,m,60-64,0.6008,synthetic_seed
KS,2023,other,hisp,f,60-64,0.4831,synthetic_seed
KS,2023,other,hisp,m,65-69,0.3716,synthetic_seed
KS,2023,other,hisp,f,65-69,0.2902,synthetic_seed
KS,2023,other,hisp,m,70-74,0.2298,synthetic_seed
KS,2023,other,hisp,f,70-74,0.1485,synthetic_seed
KS,2023,other,hisp,m,75-79,0.1164,synthetic_seed
KS,2023,other,hisp,f,75-79,0.0689,synthetic_seed
KS,2023,other,hisp,m,80-84,0.0582,synthetic_seed
KS,2023,other,hisp,f,80-84,0.0308,synthetic_seed
KS,2023,other,hisp,m,85+,0.0199,synthetic_seed
KS,2023,other,hisp,f,85+,0.0103,synthetic_seed
KY,2023,white,non-hisp,m,0-4,0.0,synthetic_seed
KY,2023,white,non-hisp,f,0-4,0.0,synthetic_seed
KY,2023,white,non-hisp,m,5-9,0.0,synthetic_seed
KY,2023,white,non-hisp,f,5-9,0.0,synthetic_seed
KY,2023,white,non-hisp,m,10-14,0.0,synthetic_seed
KY,2023,white,non-hisp,f,10-14,0.0,synthetic_seed
KY,2023,white,non-hisp,m,15-19,0.3585,synthetic_seed
KY,2023,white,non-hisp,f,15-19,0.329,synthetic_seed
KY,2023,white,non-hisp,m,20-24,0.7424,synthetic_seed
KY,2023,white,non-hisp,f,20-24,0.7081,synthetic_seed
KY,2023,white,non-hisp,m,25-29,0.8524,synthetic_seed
KY,2023,white,non-hisp,f,25-29,0.7463,synthetic_seed
KY,2023,white,non-hisp,m,30-34,0.8978,synthetic_seed
KY,2023,white,non-hisp,f,30-34,0.7695,synthetic_seed
KY,2023,white,non-hisp,m,35-39,0.8839,synthetic_seed
KY,2023,white,non-hisp,f,35-39,0.7172,synthetic_seed
KY,2023,white,non-hisp,m,40-44,0.8865,synthetic_seed
KY,2023,white,non-hisp,f,40-44,0.7692,synthetic_seed
KY,2023,white,non-hisp,m,45-49,0.8515,synthetic_seed
KY,2023,white,non-hisp,f,45-49,0.7777,synthetic_seed
KY,2023,white,non-hisp,m,50-54,0.8158,synthetic_seed
KY,2023,white,non-hisp,f,50-54,0.763,synthetic_seed
KY,2023,white,non-hisp,m,55-59,0.7281,synthetic_seed
KY,2023,white,non-hisp,f,55-59,0.6488,synthetic_seed
KY,2023,white,non-hisp,m,60-64,0.5897,synthetic_seed
KY,2023,white,non-hisp,f,60-64,0.5055,synthetic_seed
KY,2023,white,non-hisp,m,65-69,0.38,synthetic_seed
KY,2023,white,non-hisp,f,65-69,0.2792,synthetic_seed
KY,2023,white,non-hisp,m,70-74,0.2258,synthetic_seed
KY,2023,white,non-hisp,f,70-74,0.1518,synthetic_seed
KY,2023,white,non-hisp,m,75-79,0.1166,synthetic_seed
KY,2023,white,non-hisp,f,75-79,0.0701,synthetic_seed
KY,2023,white,non-hisp,m,80-84,0.0602,synthetic_seed
KY,2023,white,non-hisp,f,80-84,0.0297,synthetic_seed
KY,2023,white,non-hisp,m,85+,0.0197,synthetic_seed
KY,2023,white,non-hisp,f,85+,0.0101,synthetic_seed
KY,2023,white,hisp,m,0-4,0.0,synthetic_seed
KY,2023,white,hisp,f,0-4,0.0,synthetic_seed
KY,2023,white,hisp,m,5-9,0.0,synthetic_seed
KY,2023,white,hisp,f,5-9,0.0,synthetic_seed
KY,2023,white,hisp,m,10-14,0.0,synthetic_seed
KY,2023,white,hisp,f,10-14,0.0,synthetic_seed
KY,2023,white,hisp,m,15-19,0.3549,synthetic_seed
KY,2023,white,hisp,f,15-19,0.3233,synthetic_seed
KY,2023,white,hisp,m,20-24,0.7783,synthetic_seed
KY,2023,white,hisp,f,20-24,0.6833,synthetic_seed
KY,2023,white,hisp,m,25-29,0.8685,synthetic_seed
KY,2023,white,hisp,f,25-29,0.7564,synthetic_seed
KY,2023,white,hisp,m,30-34,0.906,synthetic_seed
KY,2023,white,hisp,f,30-34,0.729,synthetic_seed
KY,2023,white,hisp,m,35-39,0.9338,synthetic_seed
KY,2023,white,hisp,f,35-39,0.7405,synthetic_seed
KY,2023,white,hisp,m,40-44,0.9047,synthetic_seed
KY,2023,white,hisp,f,40-44,0.762,synthetic_seed
KY,2023,white,hisp,m,45-49,0.8417,synthetic_seed
KY,2023,white,hisp,f,45-49,0.7801,synthetic_seed
KY,2023,white,hisp,m,50-54,0.8197,synthetic_seed
KY,2023,white,hisp,f,50-54,0.7258,synthetic_seed
KY,2023,white,hisp,m,55-59,0.762,synthetic_seed
KY,2023,white,hisp,f,55-59,0.6201,synthetic_seed
KY,2023,white,hisp,m,60-64,0.5907,synthetic_seed
KY,2023,white,hisp,f,60-64,0.4908,synthetic_seed
KY,2023,white,hisp,m,65-69,0.3691,synthetic_seed
KY,2023,white,hisp,f,65-69,0.2846,synthetic_seed
KY,2023,white,hisp,m,70-74,0.2322,synthetic_seed
KY,2023,white,hisp,f,70-74,0.1532,synthetic_seed
KY,2023,white,hisp,m,75-79,0.1179,synthetic_seed
KY,2023,white,hisp,f,75-79,0.0716,synthetic_seed
KY,2023,white,hisp,m,80-84,0.0613,synthetic_seed
KY,2023,white,hisp,f,80-84,0.0295,synthetic_seed
KY,2023,white,hisp,m,85+,0.0201,synthetic_seed
KY,2023,white,hisp,f,85+,0.01,synthetic_seed
KY,2023,black,non-hisp,m,0-4,0.0,synthetic_seed
KY,2023,black,non-hisp,f,0-4,0.0,synthetic_seed
KY,2023,black,non-hisp,m,5-9,0.0,synthetic_seed
KY,2023,black,non-hisp,f,5-9,0.0,synthetic_seed
KY,2023,black,non-hisp,m,10-14,0.0,synthetic_seed
KY,2023,black,non-hisp,f,10-14,0.0,synthetic_seed
KY,2023,black,non-hisp,m,15-19,0.3503,synthetic_seed
KY,2023,black,non-hisp,f,15-19,0.2979,synthetic_seed
KY,2023,black,non-hisp,m,20-24,0.7412,synthetic_seed
KY,2023,black,non-hisp,f,20-24,0.6865,synthetic_seed
KY,2023,black,non-hisp,m,25-29,0.8698,synthetic_seed
KY,2023,black,non-hisp,f,25-29,0.7497,synthetic_seed
KY,2023,black,non-hisp,m,30-34,0.9069,synthetic_seed
KY,2023,black,non-hisp,f,30-34,0.714,synthetic_seed
KY,2023,black,non-hisp,m,35-39,0.8747,synthetic_seed
KY,2023,black,non-hisp,f,35-39,0.7098,synthetic_seed
KY,2023,black,non-hisp,m,40-44,0.8735,synthetic_seed
KY,2023,black,non-hisp,f,40-44,0.7377,synthetic_seed
KY,2023,black,non-hisp,m,45-49,0.844,synthetic_seed
KY,2023,black,non-hisp,f,45-49,0.7371,synthetic_seed
KY,2023,black,non-hisp,m,50-54,0.8167,synthetic_seed
KY,2023,black,non-hisp,f,50-54,0.7065,synthetic_seed
KY,2023,black,non-hisp,m,55-59,0.7092,synthetic_seed
KY,2023,black,non-hisp,f,55-59,0.6446,synthetic_seed
KY,2023,black,non-hisp,m,60-64,0.5823,synthetic_seed
KY,2023,black,non-hisp,f,60-64,0.4809,synthetic_seed
KY,2023,black,non-hisp,m,65-69,0.3611,synthetic_seed
KY,2023,black,non-hisp,f,65-69,0.2662,synthetic_seed
KY,2023,black,non-hisp,m,70-74,0.2308,synthetic_seed
KY,2023,black,non-hisp,f,70-74,0.1493,synthetic_seed
KY,2023,black,non-hisp,m,75-79,0.1153,synthetic_seed
KY,2023,black,non-hisp,f,75-79,0.0693,synthetic_seed
KY,2023,black,non-hisp,m,80-84,0.0569,synthetic_seed
KY,2023,black,non-hisp,f,80-84,0.029,synthetic_seed
KY,2023,black,non-hisp,m,85+,0.0197,synthetic_seed
KY,2023,black,non-hisp,f,85+,0.0096,synthetic_seed
KY,2023,black,hisp,m,0-4,0.0,synthetic_seed
KY,2023,black,hisp,f,0-4,0.0,synthetic_seed
KY,2023,black,hisp,m,5-9,0.0,synthetic_seed
KY,2023,black,hisp,f,5-9,0.0,synthetic_seed
KY,2023,black,hisp,m,10-14,0.0,synthetic_seed
KY,2023,black,hisp,f,10-14,0.0,synthetic_seed
KY,2023,black,hisp,m,15-19,0.3488,synthetic_seed
KY,2023,black,hisp,f,15-19,0.3042,synthetic_seed
KY,2023,black,hisp,m,20-24,0.7337,synthetic_seed
KY,2023,black,hisp,f,20-24,0.6512,synthetic_seed
KY,2023,black,hisp,m,25-29,0.8536,synthetic_seed
KY,2023,black,hisp,f,25-29,0.7464,synthetic_seed
KY,2023,black,hisp,m,30-34,0.8676,synthetic_seed
KY,2023,black,hisp,f,30-34,0.7125,synthetic_seed
KY,2023,black,hisp,m,35-39,0.9034,synthetic_seed
KY,2023,black,hisp,f,35-39,0.7271,synthetic_seed
KY,2023,black,hisp,m,40-44,0.8724,synthetic_seed
KY,2023,black,hisp,f,40-44,0.7492,synthetic_seed
KY,2023,black,hisp,m,45-49,0.8395,synthetic_seed
KY,2023,black,hisp,f,45-49,0.7637,synthetic_seed
KY,2023,black,hisp,m,50-54,0.7995,synthetic_seed
KY,2023,black,hisp,f,50-54,0.7363,synthetic_seed
KY,2023,black,hisp,m,55-59,0.7364,synthetic_seed
KY,2023,black,hisp,f,55-59,0.6213,synthetic_seed
KY,2023,black,hisp,m,60-64,0.5807,synthetic_seed
KY,2023,black,hisp,f,60-64,0.4779,synthetic_seed
KY,2023,black,hisp,m,65-69,0.3633,synthetic_seed
KY,2023,black,hisp,f,65-69,0.2782,synthetic_seed
KY,2023,black,hisp,m,70-74,0.2279,synthetic_seed
KY,2023,black,hisp,f,70-74,0.1425,synthetic_seed
KY,2023,black,hisp,m,75-79,0.1177,synthetic_seed
KY,2023,black,hisp,f,75-79,0.0696,synthetic_seed
KY,2023,black,hisp,m,80-84,0.0603,synthetic_seed
KY,2023,black,hisp,f,80-84,0.0295,synthetic_seed
KY,2023,black,hisp,m,85+,0.0193,synthetic_seed
KY,2023,black,hisp,f,85+,0.0097,synthetic_seed
KY,2023,asian,non-hisp,m,0-4,0.0,synthetic_seed
KY,2023,asian,non-hisp,f,0-4,0.0,synthetic_seed
KY,2023,asian,non-hisp,m,5-9,0.0,synthetic_seed
KY,2023,asian,non-hisp,f,5-9,0.0,synthetic_seed
KY,2023,asian,non-hisp,m,10-14,0.0,synthetic_seed
KY,2023,asian,non-hisp,f,10-14,0.0,synthetic_seed
KY,2023,asian,non-hisp,m,15-19,0.3812,synthetic_seed
KY,2023,asian,non-hisp,f,15-19,0.3266,synthetic_seed
KY,2023,asian,non-hisp,m,20-24,0.7647,synthetic_seed
KY,2023,asian,non-hisp,f,20-24,0.6979,synthetic_seed
KY,2023,asian,non-hisp,m,25-29,0.9262,synthetic_seed
KY,2023,asian,non-hisp,f,25-29,0.7373,synthetic_seed
KY,2023,asian,non-hisp,m,30-34,0.9449,synthetic_seed
KY,2023,asian,non-hisp,f,30-34,0.748,synthetic_seed
KY,2023,asian,non-hisp,m,35-39,0.9154,synthetic_seed
KY,2023,asian,non-hisp,f,35-39,0.7445,synthetic_seed
KY,2023,asian,non-hisp,m,40-44,0.9341,synthetic_seed
KY,2023,asian,non-hisp,f,40-44,0.7782,synthetic_seed
KY,2023,asian,non-hisp,m,45-49,0.8459,synthetic_seed
KY,2023,asian,non-hisp,f,45-49,0.7725,synthetic_seed
KY,2023,asian,non-hisp,m,50-54,0.8686,synthetic_seed
KY,2023,asian,non-hisp,f,50-54,0.7654,synthetic_seed
KY,2023,asian,non-hisp,m,55-59,0.8014,synthetic_seed
KY,2023,asian,non-hisp,f,55-59,0.6606,synthetic_seed
KY,2023,asian,non-hisp,m,60-64,0.5957,synthetic_seed
KY,2023,asian,non-hisp,f,60-64,0.4996,synthetic_seed
KY,2023,asian,non-hisp,m,65-69,0.3788,synthetic_seed
KY,2023,asian,non-hisp,f,65-69,0.2766,synthetic_seed
KY,2023,asian,non-hisp,m,70-74,0.2397,synthetic_seed
KY,2023,asian,non-hisp,f,70-74,0.1492,synthetic_seed
KY,2023,asian,non-hisp,m,75-79,0.123,synthetic_seed
KY,2023,asian,non-hisp,f,75-79,0.0716,synthetic_seed
KY,2023,asian,non-hisp,m,80-84,0.0637,synthetic_seed
KY,2023,asian,non-hisp,f,80-84,0.03,synthetic_seed
KY,2023,asian,non-hisp,m,85+,0.0204,synthetic_seed
KY,2023,asian,non-hisp,f,85+,0.0103,synthetic_seed
KY,2023,asian,hisp,m,0-4,0.0,synthetic_seed
KY,2023,asian,hisp,f,0-4,0.0,synthetic_seed
KY,2023,asian,hisp,m,5-9,0.0,synthetic_seed
KY,2023,asian,hisp,f,5-9,0.0,synthetic_seed
KY,2023,asian,hisp,m,10-14,0.0,synthetic_seed
KY,2023,asian,hisp,f,10-14,0.0,synthetic_seed
KY,2023,asian,hisp,m,15-19,0.372,synthetic_seed
KY,2023,asian,hisp,f,15-19,0.3239,synthetic_seed
KY,2023,asian,hisp,m,20-24,0.7649,synthetic_seed
KY,2023,asian,hisp,f,20-24,0.7136,synthetic_seed
KY,2023,asian,hisp,m,25-29,0.8824,synthetic_seed
KY,2023,asian,hisp,f,25-29,0.7732,synthetic_seed
KY,2023,asian,hisp,m,30-34,0.9297,synthetic_seed
KY,2023,asian,hisp,f,30-34,0.7513,synthetic_seed
KY,2023,asian,hisp,m,35-39,0.9587,synthetic_seed
KY,2023,asian,hisp,f,35-39,0.7517,synthetic_seed
KY,2023,asian,hisp,m,40-44,0.9286,synthetic_seed
KY,2023,asian,hisp,f,40-44,0.7813,synthetic_seed
KY,2023,asian,hisp,m,45-49,0.8931,synthetic_seed
KY,2023,asian,hisp,f,45-49,0.8112,synthetic_seed
KY,2023,asian,hisp,m,50-54,0.8355,synthetic_seed
KY,2023,asian,hisp,f,50-54,0.7371,synthetic_seed
KY,2023,asian,hisp,m,55-59,0.7709,synthetic_seed
KY,2023,asian,hisp,f,55-59,0.6746,synthetic_seed
KY,2023,asian,hisp,m,60-64,0.6098,synthetic_seed
KY,2023,asian,hisp,f,60-64,0.5235,synthetic_seed
KY,2023,asian,hisp,m,65-69,0.3874,synthetic_seed
KY,2023,asian,hisp,f,65-69,0.286,synthetic_seed
KY,2023,asian,hisp,m,70-74,0.2313,synthetic_seed
KY,2023,asian,hisp,f,70-74,0.1498,synthetic_seed
KY,2023,asian,hisp,m,75-79,0.1183,synthetic_seed
KY,2023,asian,hisp,f,75-79,0.0718,synthetic_seed
KY,2023,asian,hisp,m,80-84,0.0623,synthetic_seed
KY,2023,asian,hisp,f,80-84,0.0304,synthetic_seed
KY,2023,asian,hisp,m,85+,0.0201,synthetic_seed
KY,2023,asian,hisp,f,85+,0.0103,synthetic_seed
KY,2023,other,non-hisp,m,0-4,0.0,synthetic_seed
KY,2023,other,non-hisp,f,0-4,0.0,synthetic_seed
KY,2023,other,non-hisp,m,5-9,0.0,synthetic_seed
KY,2023,other,non-hisp,f,5-9,0.0,synthetic_seed
KY,2023,other,non-hisp,m,10-14,0.0,synthetic_seed
KY,2023,other,non-hisp,f,10-14,0.0,synthetic_seed
KY,2023,other,non-hisp,m,15-19,0.3636,synthetic_seed
KY,2023,other,non-hisp,f,15-19,0.3303,synthetic_seed
KY,2023,other,non-hisp,m,20-24,0.7694,synthetic_seed
KY,2023,other,non-hisp,f,20-24,0.6943,synthetic_seed
KY,2023,other,non-hisp,m,25-29,0.9011,synthetic_seed
KY,2023,other,non-hisp,f,25-29,0.7179,synthetic_seed
KY,2023,other,non-hisp,m,30-34,0.8967,synthetic_seed
KY,2023,other,non-hisp,f,30-34,0.7309,synthetic_seed
KY,2023,other,non-hisp,m,35-39,0.947,synthetic_seed
KY,2023,other,non-hisp,f,35-39,0.7413,synthetic_seed
KY,2023,other,non-hisp,m,40-44,0.9055,synthetic_seed
KY,2023,other,non-hisp,f,40-44,0.7583,synthetic_seed
KY,2023,other,non-hisp,m,45-49,0.8909,synthetic_seed
KY,2023,other,non-hisp,f,45-49,0.7706,synthetic_seed
KY,2023,other,non-hisp,m,50-54,0.8125,synthetic_seed
KY,2023,other,non-hisp,f,50-54,0.7261,synthetic_seed
KY,2023,other,non-hisp,m,55-59,0.763,synthetic_seed
KY,2023,other,non-hisp,f,55-59,0.6681,synthetic_seed
KY,2023,other,non-hisp,m,60-64,0.6061,synthetic_seed
KY,2023,other,non-hisp,f,60-64,0.4968,synthetic_seed
KY,2023,other,non-hisp,m,65-69,0.3738,synthetic_seed
KY,2023,other,non-hisp,f,65-69,0.2834,synthetic_seed
KY,2023,other,non-hisp,m,70-74,0.2251,synthetic_seed
KY,2023,other,non-hisp,f,70-74,0.151,synthetic_seed
KY,2023,other,non-hisp,m,75-79,0.1195,synthetic_seed
KY,2023,other,non-hisp,f,75-79,0.0715,synthetic_seed
KY,2023,other,non-hisp,m,80-84,0.0587,synthetic_seed
KY,2023,other,non-hisp,f,80-84,0.0291,synthetic_seed
KY,2023,other,non-hisp,m,85+,0.0209,synthetic_seed
KY,2023,other,non-hisp,f,85+,0.0105,synthetic_seed
KY,2023,other,hisp,m,0-4,0.0,synthetic_seed
KY,2023,other,hisp,f,0-4,0.0,synthetic_seed
KY,2023,other,hisp,m,5-9,0.0,synthetic_seed
KY,2023,other,hisp,f,5-9,0.0,synthetic_seed
KY,2023,other,hisp,m,10-14,0.0,synthetic_seed
KY,2023,other,hisp,f,10-14,0.0,synthetic_seed
KY,2023,other,hisp,m,15-19,0.3632,synthetic_seed
KY,2023,other,hisp,f,15-19,0.3266,synthetic_seed
KY,2023,other,hisp,m,20-24,0.7536,synthetic_seed
KY,2023,other,hisp,f,20-24,0.7117,synthetic_seed
KY,2023,other,hisp,m,25-29,0.8719,synthetic_seed
KY,2023,other,hisp,f,25-29,0.7423,synthetic_seed
KY,2023,other,hisp,m,30-34,0.9021,synthetic_seed
KY,2023,other,hisp,f,30-34,0.7272,synthetic_seed
KY,2023,other,hisp,m,35-39,0.9356,synthetic_seed
KY,2023,other,hisp,f,35-39,0.7297,synthetic_seed
KY,2023,other,hisp,m,40-44,0.9028,synthetic_seed
KY,2023,other,hisp,f,40-44,0.7735,synthetic_seed
KY,2023,other,hisp,m,45-49,0.8617,synthetic_seed
KY,2023,other,hisp,f,45-49,0.7789,synthetic_seed
KY,2023,other,hisp,m,50-54,0.825,synthetic_seed
KY,2023,other,hisp,f,50-54,0.7294,synthetic_seed
KY,2023,other,hisp,m,55-59,0.7379,synthetic_seed
KY,2023,other,hisp,f,55-59,0.6301,synthetic_seed
KY,2023,other,hisp,m,60-64,0.6046,synthetic_seed
KY,2023,other,hisp,f,60-64,0.4872,synthetic_seed
KY,2023,other,hisp,m,65-69,0.379,synthetic_seed
KY,2023,other,hisp,f,65-69,0.2904,synthetic_seed
KY,2023,other,hisp,m,70-74,0.2356,synthetic_seed
KY,2023,other,hisp,f,70-74,0.1493,synthetic_seed
KY,2023,other,hisp,m,75-79,0.1224,synthetic_seed
KY,2023,other,hisp,f,75-79,0.0691,synthetic_seed
KY,2023,other,hisp,m,80-84,0.0606,synthetic_seed
KY,2023,other,hisp,f,80-84,0.0293,synthetic_seed
KY,2023,other,hisp,m,85+,0.02,synthetic_seed
KY,2023,other,hisp,f,85+,0.01,synthetic_seed
LA,2023,white,non-hisp,m,0-4,0.0,synthetic_seed
LA,2023,white,non-hisp,f,0-4,0.0,synthetic_seed
LA,2023,white,non-hisp,m,5-9,0.0,synthetic_seed
LA,2023,white,non-hisp,f,5-9,0.0,synthetic_seed
LA,2023,white,non-hisp,m,10-14,0.0,synthetic_seed
LA,2023,white,non-hisp,f,10-14,0.0,synthetic_seed
LA,2023,white,non-hisp,m,15-19,0.3555,synthetic_seed
LA,2023,white,non-hisp,f,15-19,0.3199,synthetic_seed
LA,2023,white,non-hisp,m,20-24,0.7647,synthetic_seed
LA,2023,white,non-hisp,f,20-24,0.7127,synthetic_seed
LA,2023,white,non-hisp,m,25-29,0.9044,synthetic_seed
LA,2023,white,non-hisp,f,25-29,0.7594,synthetic_seed
LA,2023,white,non-hisp,m,30-34,0.9158,synthetic_seed
LA,2023,white,non-hisp,f,30-34,0.7119,synthetic_seed
LA,2023,white,non-hisp,m,35-39,0.929,synthetic_seed
LA,2023,white,non-hisp,f,35-39,0.7394,synthetic_seed
LA,2023,white,non-hisp,m,40-44,0.922,synthetic_seed
LA,2023,white,non-hisp,f,40-44,0.7776,synthetic_seed
LA,2023,white,non-hisp,m,45-49,0.8636,synthetic_seed
LA,2023,white,non-hisp,f,45-49,0.8066,synthetic_seed
LA,2023,white,non-hisp,m,50-54,0.8122,synthetic_seed
LA,2023,white,non-hisp,f,50-54,0.736,synthetic_seed
LA,2023,white,non-hisp,m,55-59,0.747,synthetic_seed
LA,2023,white,non-hisp,f,55-59,0.6748,synthetic_seed
LA,2023,white,non-hisp,m,60-64,0.6212,synthetic_seed
LA,2023,white,non-hisp,f,60-64,0.4925,synthetic_seed
LA,2023,white,non-hisp,m,65-69,0.3795,synthetic_seed
LA,2023,white,non-hisp,f,65-69,0.285,synthetic_seed
LA,2023,white,non-hisp,m,70-74,0.2343,synthetic_seed
LA,2023,white,non-hisp,f,70-74,0.1542,synthetic_seed
LA,2023,white,non-hisp,m,75-79,0.1154,synthetic_seed
LA,2023,white,non-hisp,f,75-79,0.068,synthetic_seed
LA,2023,white,non-hisp,m,80-84,0.0626,synthetic_seed
LA,2023,white,non-hisp,f,80-84,0.029,synthetic_seed
LA,2023,white,non-hisp,m,85+,0.02,synthetic_seed
LA,2023,white,non-hisp,f,85+,0.0098,synthetic_seed
LA,2023,white,hisp,m,0-4,0.0,synthetic_seed
LA,2023,white,hisp,f,0-4,0.0,synthetic_seed
LA,2023,white,hisp,m,5-9,0.0,synthetic_seed
LA,2023,white,hisp,f,5-9,0.0,synthetic_seed
LA,2023,white,hisp,m,10-14,0.0,synthetic_seed
LA,2023,white,hisp,f,10-14,0.0,synthetic_seed
LA,2023,white,hisp,m,15-19,0.3618,synthetic_seed
LA,2023,white,hisp,f,15-19,0.3186,synthetic_seed
LA,2023,white,hisp,m,20-24,0.7297,synthetic_seed
LA,2023,white,hisp,f,20-24,0.6957,synthetic_seed
LA,2023,white,hisp,m,25-29,0.8756,synthetic_seed
LA,2023,white,hisp,f,25-29,0.7814,synthetic_seed
LA,2023,white,hisp,m,30-34,0.9201,synthetic_seed
LA,2023,white,hisp,f,30-34,0.7383,synthetic_seed
LA,2023,white,hisp,m,35-39,0.9108,synthetic_seed
LA,2023,white,hisp,f,35-39,0.7083,synthetic_seed
LA,2023,white,hisp,m,40-44,0.9184,synthetic_seed
LA,2023,white,hisp,f,40-44,0.7726,synthetic_seed
LA,2023,white,hisp,m,45-49,0.8689,synthetic_seed
LA,2023,white,hisp,f,45-49,0.7519,synthetic_seed
LA,2023,white,hisp,m,50-54,0.8355,synthetic_seed
LA,2023,white,hisp,f,50-54,0.7332,synthetic_seed
LA,2023,white,hisp,m,55-59,0.7544,synthetic_seed
LA,2023,white,hisp,f,55-59,0.6287,synthetic_seed
LA,2023,white,hisp,m,60-64,0.5994,synthetic_seed
LA,2023,white,hisp,f,60-64,0.5031,synthetic_seed
LA,2023,white,hisp,m,65-69,0.3862,synthetic_seed
LA,2023,white,hisp,f,65-69,0.2753,synthetic_seed
LA,2023,white,hisp,m,70-74,0.2276,synthetic_seed
LA,2023,white,hisp,f,70-74,0.151,synthetic_seed
LA,2023,white,hisp,m,75-79,0.119,synthetic_seed
LA,2023,white,hisp,f,75-79,0.07,synthetic_seed
LA,2023,white,hisp,m,80-84,0.0598,synthetic_seed
LA,2023,white,hisp,f,80-84,0.0295,synthetic_seed
LA,2023,white,hisp,m,85+,0.0201,synthetic_seed
LA,2023,white,hisp,f,85+,0.0099,synthetic_seed
LA,2023,black,non-hisp,m,0-4,0.0,synthetic_seed
LA,2023,black,non-hisp,f,0-4,0.0,synthetic_seed
LA,2023,black,non-hisp,m,5-9,0.0,synthetic_seed
LA,2023,black,non-hisp,f,5-9,0.0,synthetic_seed
LA,2023,black,non-hisp,m,10-14,0.0,synthetic_seed
LA,2023,black,non-hisp,f,10-14,0.0,synthetic_seed
LA,2023,black,non-hisp,m,15-19,0.3489,synthetic_seed
LA,2023,black,non-hisp,f,15-19,0.3129,synthetic_seed
LA,2023,black,non-hisp,m,20-24,0.7263,synthetic_seed
LA,2023,black,non-hisp,f,20-24,0.6756,synthetic_seed
LA,2023,black,non-hisp,m,25-29,0.8667,synthetic_seed
LA,2023,black,non-hisp,f,25-29,0.7284,synthetic_seed
LA,2023,black,non-hisp,m,30-34,0.8879,synthetic_seed
LA,2023,black,non-hisp,f,30-34,0.6983,synthetic_seed
LA,2023,black,non-hisp,m,35-39,0.8522,synthetic_seed
LA,2023,black,non-hisp,f,35-39,0.7013,synthetic_seed
LA,2023,black,non-hisp,m,40-44,0.8506,synthetic_seed
LA,2023,black,non-hisp,f,40-44,0.7534,synthetic_seed
LA,2023,black,non-hisp,m,45-49,0.8333,synthetic_seed
LA,2023,black,non-hisp,f,45-49,0.7346,synthetic_seed
LA,2023,black,non-hisp,m,50-54,0.8463,synthetic_seed
LA,2023,black,non-hisp,f,50-54,0.7267,synthetic_seed
LA,2023,black,non-hisp,m,55-59,0.7257,synthetic_seed
LA,2023,black,non-hisp,f,55-59,0.5944,synthetic_seed
LA,2023,black,non-hisp,m,60-64,0.5764,synthetic_seed
LA,2023,black,non-hisp,f,60-64,0.4728,synthetic_seed
LA,2023,black,non-hisp,m,65-69,0.3722,synthetic_seed
LA,2023,black,non-hisp,f,65-69,0.2685,synthetic_seed
LA,2023,black,non-hisp,m,70-74,0.2179,synthetic_seed
LA,2023,black,non-hisp,f,70-74,0.1466,synthetic_seed
LA,2023,black,non-hisp,m,75-79,0.1207,synthetic_seed
LA,2023,black,non-hisp,f,75-79,0.0686,synthetic_seed
LA,2023,black,non-hisp,m,80-84,0.0589,synthetic_seed
LA,2023,black,non-hisp,f,80-84,0.0286,synthetic_seed
LA,2023,black,non-hisp,m,85+,0.0195,synthetic_seed
LA,2023,black,non-hisp,f,85+,0.0098,synthetic_seed
LA,2023,black,hisp,m,0-4,0.0,synthetic_seed
LA,2023,black,hisp,f,0-4,0.0,synthetic_seed
LA,2023,black,hisp,m,5-9,0.0,synthetic_seed
LA,2023,black,hisp,f,5-9,0.0,synthetic_seed
LA,2023,black,hisp,m,10-14,0.0,synthetic_seed
LA,2023,black,hisp,f,10-14,0.0,synthetic_seed
LA,2023,black,hisp,m,15-19,0.346,synthetic_seed
LA,2023,black,hisp,f,15-19,0.3193,synthetic_seed
LA,2023,black,hisp,m,20-24,0.7571,synthetic_seed
LA,2023,black,hisp,f,20-24,0.6721,synthetic_seed
LA,2023,black,hisp,m,25-29,0.8381,synthetic_seed
LA,2023,black,hisp,f,25-29,0.7331,synthetic_seed
LA,2023,black,hisp,m,30-34,0.8765,synthetic_seed
LA,2023,black,hisp,f,30-34,0.7231,synthetic_seed
LA,2023,black,hisp,m,35-39,0.8866,synthetic_seed
LA,2023,black,hisp,f,35-39,0.7166,synthetic_seed
LA,2023,black,hisp,m,40-44,0.8765,synthetic_seed
LA,2023,black,hisp,f,40-44,0.7576,synthetic_seed
LA,2023,black,hisp,m,45-49,0.8185,synthetic_seed
LA,2023,black,hisp,f,45-49,0.7603,synthetic_seed
LA,2023,black,hisp,m,50-54,0.7898,synthetic_seed
LA,2023,black,hisp,f,50-54,0.7303,synthetic_seed
LA,2023,black,hisp,m,55-59,0.7466,synthetic_seed
LA,2023,black,hisp,f,55-59,0.6398,synthetic_seed
LA,2023,black,hisp,m,60-64,0.5793,synthetic_seed
LA,2023,black,hisp,f,60-64,0.4688,synthetic_seed
LA,2023,black,hisp,m,65-69,0.3682,synthetic_seed
LA,2023,black,hisp,f,65-69,0.2653,synthetic_seed
LA,2023,black,hisp,m,70-74,0.2215,synthetic_seed
LA,2023,black,hisp,f,70-74,0.1433,synthetic_seed
LA,2023,black,hisp,m,75-79,0.1153,synthetic_seed
LA,2023,black,hisp,f,75-79,0.0679,synthetic_seed
LA,2023,black,hisp,m,80-84,0.0582,synthetic_seed
LA,2023,black,hisp,f,80-84,0.0296,synthetic_seed
LA,2023,black,hisp,m,85+,0.0194,synthetic_seed
LA,2023,black,hisp,f,85+,0.0098,synthetic_seed
LA,2023,asian,non-hisp,m,0-4,0.0,synthetic_seed
LA,2023,asian,non-hisp,f,0-4,0.0,synthetic_seed
LA,2023,asian,non-hisp,m,5-9,0.0,synthetic_seed
LA,2023,asian,non-hisp,f,5-9,0.0,synthetic_seed
LA,2023,asian,non-hisp,m,10-14,0.0,synthetic_seed
LA,2023,asian,non-hisp,f,10-14,0.0,synthetic_seed
LA,2023,asian,non-hisp,m,15-19,0.3742,synthetic_seed
LA,2023,asian,non-hisp,f,15-19,0.3357,synthetic_seed
LA,2023,asian,non-hisp,m,20-24,0.7617,synthetic_seed
LA,2023,asian,non-hisp,f,20-24,0.7262,synthetic_seed
LA,2023,asian,non-hisp,m,25-29,0.9195,synthetic_seed
LA,2023,asian,non-hisp,f,25-29,0.7574,synthetic_seed
LA,2023,asian,non-hisp,m,30-34,0.9629,synthetic_seed
LA,2023,asian,non-hisp,f,30-34,0.7312,synthetic_seed
LA,2023,asian,non-hisp,m,35-39,0.9317,synthetic_seed
LA,2023,asian,non-hisp,f,35-39,0.7541,synthetic_seed
LA,2023,asian,non-hisp,m,40-44,0.915,synthetic_seed
LA,2023,asian,non-hisp,f,40-44,0.7795,synthetic_seed
LA,2023,asian,non-hisp,m,45-49,0.8679,synthetic_seed
LA,2023,asian,non-hisp,f,45-49,0.7665,synthetic_seed
LA,2023,asian,non-hisp,m,50-54,0.8768,synthetic_seed
LA,2023,asian,non-hisp,f,50-54,0.7693,synthetic_seed
LA,2023,asian,non-hisp,m,55-59,0.7813,synthetic_seed
LA,2023,asian,non-hisp,f,55-59,0.6799,synthetic_seed
LA,2023,asian,non-hisp,m,60-64,0.6268,synthetic_seed
LA,2023,asian,non-hisp,f,60-64,0.5087,synthetic_seed
LA,2023,asian,non-hisp,m,65-69,0.3843,synthetic_seed
LA,2023,asian,non-hisp,f,65-69,0.2803,synthetic_seed
LA,2023,asian,non-hisp,m,70-74,0.237,synthetic_seed
LA,2023,asian,non-hisp,f,70-74,0.1478,synthetic_seed
LA,2023,asian,non-hisp,m,75-79,0.1209,synthetic_seed
LA,2023,asian,non-hisp,f,75-79,0.0701,synthetic_seed
LA,2023,asian,non-hisp,m,80-84,0.0618,synthetic_seed
LA,2023,asian,non-hisp,f,80-84,0.0314,synthetic_seed
LA,2023,asian,non-hisp,m,85+,0.0202,synthetic_seed
LA,2023,asian,non-hisp,f,85+,0.0102,synthetic_seed
LA,2023,asian,hisp,m,0-4,0.0,synthetic_seed
LA,2023,asian,hisp,f,0-4,0.0,synthetic_seed
LA,2023,asian,hisp,m,5-9,0.0,synthetic_seed
LA,2023,asian,hisp,f,5-9,0.0,synthetic_seed
LA,2023,asian,hisp,m,10-14,0.0,synthetic_seed
LA,2023,asian,hisp,f,10-14,0.0,synthetic_seed
LA,2023,asian,hisp,m,15-19,0.3649,synthetic_seed
LA,2023,asian,hisp,f,15-19,0.3157,synthetic_seed
LA,2023,asian,hisp,m,20-24,0.7512,synthetic_seed
LA,2023,asian,hisp,f,20-24,0.7147,synthetic_seed
LA,2023,asian,hisp,m,25-29,0.889,synthetic_seed
LA,2023,asian,hisp,f,25-29,0.753,synthetic_seed
LA,2023,asian,hisp,m,30-34,0.8999,synthetic_seed
LA,2023,asian,hisp,f,30-34,0.7599,synthetic_seed
LA,2023,asian,hisp,m,35-39,0.9501,synthetic_seed
LA,2023,asian,hisp,f,35-39,0.7495,synthetic_seed
LA,2023,asian,hisp,m,40-44,0.9084,synthetic_seed
LA,2023,asian,hisp,f,40-44,0.7993,synthetic_seed
LA,2023,asian,hisp,m,45-49,0.9109,synthetic_seed
LA,2023,asian,hisp,f,45-49,0.7735,synthetic_seed
LA,2023,asian,hisp,m,50-54,0.8554,synthetic_seed
LA,2023,asian,hisp,f,50-54,0.7374,synthetic_seed
LA,2023,asian,hisp,m,55-59,0.7493,synthetic_seed
LA,2023,asian,hisp,f,55-59,0.643,synthetic_seed
LA,2023,asian,hisp,m,60-64,0.6121,synthetic_seed
LA,2023,asian,hisp,f,60-64,0.522,synthetic_seed
LA,2023,asian,hisp,m,65-69,0.4022,synthetic_seed
LA,2023,asian,hisp,f,65-69,0.2815,synthetic_seed
LA,2023,asian,hisp,m,70-74,0.2346,synthetic_seed
LA,2023,asian,hisp,f,70-74,0.1543,synthetic_seed
LA,2023,asian,hisp,m,75-79,0.1201,synthetic_seed
LA,2023,asian,hisp,f,75-79,0.0748,synthetic_seed
LA,2023,asian,hisp,m,80-84,0.0603,synthetic_seed
LA,2023,asian,hisp,f,80-84,0.0315,synthetic_seed
LA,2023,asian,hisp,m,85+,0.0206,synthetic_seed
LA,2023,asian,hisp,f,85+,0.0098,synthetic_seed
LA,2023,other,non-hisp,m,0-4,0.0,synthetic_seed
LA,2023,other,non-hisp,f,0-4,0.0,synthetic_seed
LA,2023,other,non-hisp,m,5-9,0.0,synthetic_seed
LA,2023,other,non-hisp,f,5-9,0.0,synthetic_seed
LA,2023,other,non-hisp,m,10-14,0.0,synthetic_seed
LA,2023,other,non-hisp,f,10-14,0.0,synthetic_seed
LA,2023,other,non-hisp,m,15-19,0.3634,synthetic_seed
LA,2023,other,non-hisp,f,15-19,0.319,synthetic_seed
LA,2023,other,non-hisp,m,20-24,0.7694,synthetic_seed
LA,2023,other,non-hisp,f,20-24,0.6993,synthetic_seed
LA,2023,other,non-hisp,m,25-29,0.8729,synthetic_seed
LA,2023,other,non-hisp,f,25-29,0.7574,synthetic_seed
LA,2023,other,non-hisp,m,30-34,0.9116,synthetic_seed
LA,2023,other,non-hisp,f,30-34,0.7387,synthetic_seed
LA,2023,other,non-hisp,m,35-39,0.877,synthetic_seed
LA,2023,other,non-hisp,f,35-39,0.7459,synthetic_seed
LA,2023,other,non-hisp,m,40-44,0.9223,synthetic_seed
LA,2023,other,non-hisp,f,40-44,0.7641,synthetic_seed
LA,2023,other,non-hisp,m,45-49,0.8788,synthetic_seed
LA,2023,other,non-hisp,f,45-49,0.7527,synthetic_seed
LA,2023,other,non-hisp,m,50-54,0.8278,synthetic_seed
LA,2023,other,non-hisp,f,50-54,0.7352,synthetic_seed
LA,2023,other,non-hisp,m,55-59,0.7386,synthetic_seed
LA,2023,other,non-hisp,f,55-59,0.6452,synthetic_seed
LA,2023,other,non-hisp,m,60-64,0.5909,synthetic_seed
LA,2023,other,non-hisp,f,60-64,0.5043,synthetic_seed
LA,2023,other,non-hisp,m,65-69,0.3907,synthetic_seed
LA,2023,other,non-hisp,f,65-69,0.2722,synthetic_seed
LA,2023,other,non-hisp,m,70-74,0.2257,synthetic_seed
LA,2023,other,non-hisp,f,70-74,0.1504,synthetic_seed
LA,2023,other,non-hisp,m,75-79,0.1226,synthetic_seed
LA,2023,other,non-hisp,f,75-79,0.0678,synthetic_seed
LA,2023,other,non-hisp,m,80-84,0.0598,synthetic_seed
LA,2023,other,non-hisp,f,80-84,0.0297,synthetic_seed
LA,2023,other,non-hisp,m,85+,0.0202,synthetic_seed
LA,2023,other,non-hisp,f,85+,0.0102,synthetic_seed
LA,2023,other,hisp,m,0-4,0.0,synthetic_seed
LA,2023,other,hisp,f,0-4,0.0,synthetic_seed
LA,2023,other,hisp,m,5-9,0.0,synthetic_seed
LA,2023,other,hisp,f,5-9,0.0,synthetic_seed
LA,2023,other,hisp,m,10-14,0.0,synthetic_seed
LA,2023,other,hisp,f,10-14,0.0,synthetic_seed
LA,2023,other,hisp,m,15-19,0.3554,synthetic_seed
LA,2023,other,hisp,f,15-19,0.3218,synthetic_seed
LA,2023,other,hisp,m,20-24,0.7469,synthetic_seed
LA,2023,other,hisp,f,20-24,0.7108,synthetic_seed
LA,2023,other,hisp,m,25-29,0.8794,synthetic_seed
LA,2023,other,hisp,f,25-29,0.7276,synthetic_seed
LA,2023,other,hisp,m,30-34,0.9034,synthetic_seed
LA,2023,other,hisp,f,30-34,0.727,synthetic_seed
LA,2023,other,hisp,m,35-39,0.8968,synthetic_seed
LA,2023,other,hisp,f,35-39,0.7459,synthetic_seed
LA,2023,other,hisp,m,40-44,0.855,synthetic_seed
LA,2023,other,hisp,f,40-44,0.7741,synthetic_seed
LA,2023,other,hisp,m,45-49,0.8703,synthetic_seed
LA,2023,other,hisp,f,45-49,0.743,synthetic_seed
LA,2023,other,hisp,m,50-54,0.8335,synthetic_seed
LA,2023,other,hisp,f,50-54,0.7174,synthetic_seed
LA,2023,other,hisp,m,55-59,0.7501,synthetic_seed
LA,2023,other,hisp,f,55-59,0.6404,synthetic_seed
LA,2023,other,hisp,m,60-64,0.6102,synthetic_seed
LA,2023,other,hisp,f,60-64,0.4881,synthetic_seed
LA,2023,other,hisp,m,65-69,0.3887,synthetic_seed
LA,2023,other,hisp,f,65-69,0.2752,synthetic_seed
LA,2023,other,hisp,m,70-74,0.2354,synthetic_seed
LA,2023,other,hisp,f,70-74,0.1554,synthetic_seed
LA,2023,other,hisp,m,75-79,0.1211,synthetic_seed
LA,2023,other,hisp,f,75-79,0.0694,synthetic_seed
LA,2023,other,hisp,m,80-84,0.0585,synthetic_seed
LA,2023,other,hisp,f,80-84,0.0308,synthetic_seed
LA,2023,other,hisp,m,85+,0.02,synthetic_seed
LA,2023,other,hisp,f,85+,0.0101,synthetic_seed
ME,2023,white,non-hisp,m,0-4,0.0,synthetic_seed
ME,2023,white,non-hisp,f,0-4,0.0,synthetic_seed
ME,2023,white,non-hisp,m,5-9,0.0,synthetic_seed
ME,2023,white,non-hisp,f,5-9,0.0,synthetic_seed
ME,2023,white,non-hisp,m,10-14,0.0,synthetic_seed
ME,2023,white,non-hisp,f,10-14,0.0,synthetic_seed
ME,2023,white,non-hisp,m,15-19,0.3699,synthetic_seed
ME,2023,white,non-hisp,f,15-19,0.3072,synthetic_seed
ME,2023,white,non-hisp,m,20-24,0.7437,synthetic_seed
ME,2023,white,non-hisp,f,20-24,0.696,synthetic_seed
ME,2023,white,non-hisp,m,25-29,0.8791,synthetic_seed
ME,2023,white,non-hisp,f,25-29,0.7712,synthetic_seed
ME,2023,white,non-hisp,m,30-34,0.9115,synthetic_seed
ME,2023,white,non-hisp,f,30-34,0.7377,synthetic_seed
ME,2023,white,non-hisp,m,35-39,0.9304,synthetic_seed
ME,2023,white,non-hisp,f,35-39,0.7365,synthetic_seed
ME,2023,white,non-hisp,m,40-44,0.8885,synthetic_seed
ME,2023,white,non-hisp,f,40-44,0.7738,synthetic_seed
ME,2023,white,non-hisp,m,45-49,0.8385,synthetic_seed
ME,2023,white,non-hisp,f,45-49,0.7588,synthetic_seed
ME,2023,white,non-hisp,m,50-54,0.8308,synthetic_seed
ME,2023,white,non-hisp,f,50-54,0.7699,synthetic_seed
ME,2023,white,non-hisp,m,55-59,0.7691,synthetic_seed
ME,2023,white,non-hisp,f,55-59,0.645,synthetic_seed
ME,2023,white,non-hisp,m,60-64,0.6075,synthetic_seed
ME,2023,white,non-hisp,f,60-64,0.5128,synthetic_seed
ME,2023,white,non-hisp,m,65-69,0.3874,synthetic_seed
ME,2023,white,non-hisp,f,65-69,0.2728,synthetic_seed
ME,2023,white,non-hisp,m,70-74,0.2267,synthetic_seed
ME,2023,white,non-hisp,f,70-74,0.1526,synthetic_seed
ME,2023,white,non-hisp,m,75-79,0.1197,synthetic_seed
ME,2023,white,non-hisp,f,75-79,0.0674,synthetic_seed
ME,2023,white,non-hisp,m,80-84,0.059,synthetic_seed
ME,2023,white,non-hisp,f,80-84,0.0304,synthetic_seed
ME,2023,white,non-hisp,m,85+,0.0197,synthetic_seed
ME,2023,white,non-hisp,f,85+,0.01,synthetic_seed
ME,2023,white,hisp,m,0-4,0.0,synthetic_seed
ME,2023,white,hisp,f,0-4,0.0,synthetic_seed
ME,2023,white,hisp,m,5-9,0.0,synthetic_seed
ME,2023,white,hisp,f,5-9,0.0,synthetic_seed
ME,2023,white,hisp,m,10-14,0.0,synthetic_seed
ME,2023,white,hisp,f,10-14,0.0,synthetic_seed
ME,2023,white,hisp,m,15-19,0.345,synthetic_seed
ME,2023,white,hisp,f,15-19,0.3177,synthetic_seed
ME,2023,white,hisp,m,20-24,0.7673,synthetic_seed
ME,2023,white,hisp,f,20-24,0.7207,synthetic_seed
ME,2023,white,hisp,m,25-29,0.8533,synthetic_seed
ME,2023,white,hisp,f,25-29,0.7567,synthetic_seed
ME,2023,white,hisp,m,30-34,0.9423,synthetic_seed
ME,2023,white,hisp,f,30-34,0.7362,synthetic_seed
ME,2023,white,hisp,m,35-39,0.9053,synthetic_seed
ME,2023,white,hisp,f,35-39,0.7478,synthetic_seed
ME,2023,white,hisp,m,40-44,0.9064,synthetic_seed
ME,2023,white,hisp,f,40-44,0.7566,synthetic_seed
ME,2023,white,hisp,m,45-49,0.8897,synthetic_seed
ME,2023,white,hisp,f,45-49,0.7618,synthetic_seed
ME,2023,white,hisp,m,50-54,0.8487,synthetic_seed
ME,2023,white,hisp,f,50-54,0.7694,synthetic_seed
ME,2023,white,hisp,m,55-59,0.7208,synthetic_seed
ME,2023,white,hisp,f,55-59,0.6421,synthetic_seed
ME,2023,white,hisp,m,60-64,0.6062,synthetic_seed
ME,2023,white,hisp,f,60-64,0.5164,synthetic_seed
ME,2023,white,hisp,m,65-69,0.3627,synthetic_seed
ME,2023,white,hisp,f,65-69,0.2884,synthetic_seed
ME,2023,white,hisp,m,70-74,0.2335,synthetic_seed
ME,2023,white,hisp,f,70-74,0.1569,synthetic_seed
ME,2023,white,hisp,m,75-79,0.1204,synthetic_seed
ME,2023,white,hisp,f,75-79,0.0712,synthetic_seed
ME,2023,white,hisp,m,80-84,0.0594,synthetic_seed
ME,2023,white,hisp,f,80-84,0.0294,synthetic_seed
ME,2023,white,hisp,m,85+,0.021,synthetic_seed
ME,2023,white,hisp,f,85+,0.0102,synthetic_seed
ME,2023,black,non-hisp,m,0-4,0.0,synthetic_seed
ME,2023,black,non-hisp,f,0-4,0.0,synthetic_seed
ME,2023,black,non-hisp,m,5-9,0.0,synthetic_seed
ME,2023,black,non-hisp,f,5-9,0.0,synthetic_seed
ME,2023,black,non-hisp,m,10-14,0.0,synthetic_seed
ME,2023,black,non-hisp,f,10-14,0.0,synthetic_seed
ME,2023,black,non-hisp,m,15-19,0.3463,synthetic_seed
ME,2023,black,non-hisp,f,15-19,0.3034,synthetic_seed
ME,2023,black,non-hisp,m,20-24,0.7211,synthetic_seed
ME,2023,black,non-hisp,f,20-24,0.6781,synthetic_seed
ME,2023,black,non-hisp,m,25-29,0.8727,synthetic_seed
ME,2023,black,non-hisp,f,25-29,0.7197,synthetic_seed
ME,2023,black,non-hisp,m,30-34,0.8871,synthetic_seed
ME,2023,black,non-hisp,f,30-34,0.7127,synthetic_seed
ME,2023,black,non-hisp,m,35-39,0.8915,synthetic_seed
ME,2023,black,non-hisp,f,35-39,0.7377,synthetic_seed
ME,2023,black,non-hisp,m,40-44,0.8637,synthetic_seed
ME,2023,black,non-hisp,f,40-44,0.7506,synthetic_seed
ME,2023,black,non-hisp,m,45-49,0.8874,synthetic_seed
ME,2023,black,non-hisp,f,45-49,0.7491,synthetic_seed
ME,2023,black,non-hisp,m,50-54,0.8029,synthetic_seed
ME,2023,black,non-hisp,f,50-54,0.7006,synthetic_seed
ME,2023,black,non-hisp,m,55-59,0.7208,synthetic_seed
ME,2023,black,non-hisp,f,55-59,0.6388,synthetic_seed
ME,2023,black,non-hisp,m,60-64,0.5799,synthetic_seed
ME,2023,black,non-hisp,f,60-64,0.4835,synthetic_seed
ME,2023,black,non-hisp,m,65-69,0.3642,synthetic_seed
ME,2023,black,non-hisp,f,65-69,0.273,synthetic_seed
ME,2023,black,non-hisp,m,70-74,0.2186,synthetic_seed
ME,2023,black,non-hisp,f,70-74,0.1427,synthetic_seed
ME,2023,black,non-hisp,m,75-79,0.1146,synthetic_seed
ME,2023,black,non-hisp,f,75-79,0.0685,synthetic_seed
ME,2023,black,non-hisp,m,80-84,0.0593,synthetic_seed
ME,2023,black,non-hisp,f,80-84,0.0297,synthetic_seed
ME,2023,black,non-hisp,m,85+,0.0198,synthetic_seed
ME,2023,black,non-hisp,f,85+,0.0096,synthetic_seed
ME,2023,black,hisp,m,0-4,0.0,synthetic_seed
ME,2023,black,hisp,f,0-4,0.0,synthetic_seed
ME,2023,black,hisp,m,5-9,0.0,synthetic_seed
ME,2023,black,hisp,f,5-9,0.0,synthetic_seed
ME,2023,black,hisp,m,10-14,0.0,synthetic_seed
ME,2023,black,hisp,f,10-14,0.0,synthetic_seed
ME,2023,black,hisp,m,15-19,0.3617,synthetic_seed
ME,2023,black,hisp,f,15-19,0.3101,synthetic_seed
ME,2023,black,hisp,m,20-24,0.7287,synthetic_seed
ME,2023,black,hisp,f,20-24,0.6778,synthetic_seed
ME,2023,black,hisp,m,25-29,0.8899,synthetic_seed
ME,2023,black,hisp,f,25-29,0.7188,synthetic_seed
ME,2023,black,hisp,m,30-34,0.911,synthetic_seed
ME,2023,black,hisp,f,30-34,0.7072,synthetic_seed
ME,2023,black,hisp,m,35-39,0.8728,synthetic_seed
ME,2023,black,hisp,f,35-39,0.6943,synthetic_seed
ME,2023,black,hisp,m,40-44,0.8727,synthetic_seed
ME,2023,black,hisp,f,40-44,0.739,synthetic_seed
ME,2023,black,hisp,m,45-49,0.8302,synthetic_seed
ME,2023,black,hisp,f,45-49,0.7496,synthetic_seed
ME,2023,black,hisp,m,50-54,0.8071,synthetic_seed
ME,2023,black,hisp,f,50-54,0.7146,synthetic_seed
ME,2023,black,hisp,m,55-59,0.7281,synthetic_seed
ME,2023,black,hisp,f,55-59,0.628,synthetic_seed
ME,2023,black,hisp,m,60-64,0.5834,synthetic_seed
ME,2023,black,hisp,f,60-64,0.4782,synthetic_seed
ME,2023,black,hisp,m,65-69,0.3615,synthetic_seed
ME,2023,black,hisp,f,65-69,0.2686,synthetic_seed
ME,2023,black,hisp,m,70-74,0.2239,synthetic_seed
ME,2023,black,hisp,f,70-74,0.1391,synthetic_seed
ME,2023,black,hisp,m,75-79,0.1149,synthetic_seed
ME,2023,black,hisp,f,75-79,0.067,synthetic_seed
ME,2023,black,hisp,m,80-84,0.0568,synthetic_seed
ME,2023,black,hisp,f,80-84,0.0299,synthetic_seed
ME,2023,black,hisp,m,85+,0.0187,synthetic_seed
ME,2023,black,hisp,f,85+,0.0096,synthetic_seed
ME,2023,asian,non-hisp,m,0-4,0.0,synthetic_seed
ME,2023,asian,non-hisp,f,0-4,0.0,synthetic_seed
ME,2023,asian,non-hisp,m,5-9,0.0,synthetic_seed
ME,2023,asian,non-hisp,f,5-9,0.0,synthetic_seed
ME,2023,asian,non-hisp,m,10-14,0.0,synthetic_seed
ME,2023,asian,non-hisp,f,10-14,0.0,synthetic_seed
ME,2023,asian,non-hisp,m,15-19,0.3674,synthetic_seed
ME,2023,asian,non-hisp,f,15-19,0.3259,synthetic_seed
ME,2023,asian,non-hisp,m,20-24,0.7892,synthetic_seed
ME,2023,asian,non-hisp,f,20-24,0.7209,synthetic_seed
ME,2023,asian,non-hisp,m,25-29,0.8799,synthetic_seed
ME,2023,asian,non-hisp,f,25-29,0.7462,synthetic_seed
ME,2023,asian,non-hisp,m,30-34,0.9217,synthetic_seed
ME,2023,asian,non-hisp,f,30-34,0.7303,synthetic_seed
ME,2023,asian,non-hisp,m,35-39,0.9002,synthetic_seed
ME,2023,asian,non-hisp,f,35-39,0.7682,synthetic_seed
ME,2023,asian,non-hisp,m,40-44,0.8841,synthetic_seed
ME,2023,asian,non-hisp,f,40-44,0.7956,synthetic_seed
ME,2023,asian,non-hisp,m,45-49,0.9073,synthetic_seed
ME,2023,asian,non-hisp,f,45-49,0.7806,synthetic_seed
ME,2023,asian,non-hisp,m,50-54,0.8681,synthetic_seed
ME,2023,asian,non-hisp,f,50-54,0.761,synthetic_seed
ME,2023,asian,non-hisp,m,55-59,0.7743,synthetic_seed
ME,2023,asian,non-hisp,f,55-59,0.6768,synthetic_seed
ME,2023,asian,non-hisp,m,60-64,0.6213,synthetic_seed
ME,2023,asian,non-hisp,f,60-64,0.5208,synthetic_seed
ME,2023,asian,non-hisp,m,65-69,0.4009,synthetic_seed
ME,2023,asian,non-hisp,f,65-69,0.2829,synthetic_seed
ME,2023,asian,non-hisp,m,70-74,0.2371,synthetic_seed
ME,2023,asian,non-hisp,f,70-74,0.1534,synthetic_seed
ME,2023,asian,non-hisp,m,75-79,0.1217,synthetic_seed
ME,2023,asian,non-hisp,f,75-79,0.0715,synthetic_seed
ME,2023,asian,non-hisp,m,80-84,0.0621,synthetic_seed
ME,2023,asian,non-hisp,f,80-84,0.0306,synthetic_seed
ME,2023,asian,non-hisp,m,85+,0.0205,synthetic_seed
ME,2023,asian,non-hisp,f,85+,0.01,synthetic_seed
ME,2023,asian,hisp,m,0-4,0.0,synthetic_seed
ME,2023,asian,hisp,f,0-4,0.0,synthetic_seed
ME,2023,asian,hisp,m,5-9,0.0,synthetic_seed
ME,2023,asian,hisp,f,5-9,0.0,synthetic_seed
ME,2023,asian,hisp,m,10-14,0.0,synthetic_seed
ME,2023,asian,hisp,f,10-14,0.0,synthetic_seed
ME,2023,asian,hisp,m,15-19,0.3716,synthetic_seed
ME,2023,asian,hisp,f,15-19,0.3266,synthetic_seed
ME,2023,asian,hisp,m,20-24,0.757,synthetic_seed
ME,2023,asian,hisp,f,20-24,0.74,synthetic_seed
ME,2023,asian,hisp,m,25-29,0.8818,synthetic_seed
ME,2023,asian,hisp,f,25-29,0.7666,synthetic_seed
ME,2023,asian,hisp,m,30-34,0.9351,synthetic_seed
ME,2023,asian,hisp,f,30-34,0.7605,synthetic_seed
ME,2023,asian,hisp,m,35-39,0.9239,synthetic_seed
ME,2023,asian,hisp,f,35-39,0.75,synthetic_seed
ME,2023,asian,hisp,m,40-44,0.93,synthetic_seed
ME,2023,asian,hisp,f,40-44,0.7722,synthetic_seed
ME,2023,asian,hisp,m,45-49,0.8909,synthetic_seed
ME,2023,asian,hisp,f,45-49,0.7931,synthetic_seed
ME,2023,asian,hisp,m,50-54,0.8635,synthetic_seed
ME,2023,asian,hisp,f,50-54,0.775,synthetic_seed
ME,2023,asian,hisp,m,55-59,0.7923,synthetic_seed
ME,2023,asian,hisp,f,55-59,0.6735,synthetic_seed
ME,2023,asian,hisp,m,60-64,0.6258,synthetic_seed
ME,2023,asian,hisp,f,60-64,0.507,synthetic_seed
ME,2023,asian,hisp,m,65-69,0.3766,synthetic_seed
ME,2023,asian,hisp,f,65-69,0.2842,synthetic_seed
ME,2023,asian,hisp,m,70-74,0.2309,synthetic_seed
ME,2023,asian,hisp,f,70-74,0.1497,synthetic_seed
ME,2023,asian,hisp,m,75-79,0.1232,synthetic_seed
ME,2023,asian,hisp,f,75-79,0.0709,synthetic_seed
ME,2023,asian,hisp,m,80-84,0.0625,synthetic_seed
ME,2023,asian,hisp,f,80-84,0.0307,synthetic_seed
ME,2023,asian,hisp,m,85+,0.0208,synthetic_seed
ME,2023,asian,hisp,f,85+,0.0103,synthetic_seed
ME,2023,other,non-hisp,m,0-4,0.0,synthetic_seed
ME,2023,other,non-hisp,f,0-4,0.0,synthetic_seed
ME,2023,other,non-hisp,m,5-9,0.0,synthetic_seed
ME,2023,other,non-hisp,f,5-9,0.0,synthetic_seed
ME,2023,other,non-hisp,m,10-14,0.0,synthetic_seed
ME,2023,other,non-hisp,f,10-14,0.0,synthetic_seed
ME,2023,other,non-hisp,m,15-19,0.36,synthetic_seed
ME,2023,other,non-hisp,f,15-19,0.3324,synthetic_seed
ME,2023,other,non-hisp,m,20-24,0.7306,synthetic_seed
ME,2023,other,non-hisp,f,20-24,0.6757,synthetic_seed
ME,2023,other,non-hisp,m,25-29,0.9002,synthetic_seed
ME,2023,other,non-hisp,f,25-29,0.7888,synthetic_seed
ME,2023,other,non-hisp,m,30-34,0.8976,synthetic_seed
ME,2023,other,non-hisp,f,30-34,0.739,synthetic_seed
ME,2023,other,non-hisp,m,35-39,0.9133,synthetic_seed
ME,2023,other,non-hisp,f,35-39,0.7093,synthetic_seed
ME,2023,other,non-hisp,m,40-44,0.8774,synthetic_seed
ME,2023,other,non-hisp,f,40-44,0.7643,synthetic_seed
ME,2023,other,non-hisp,m,45-49,0.8631,synthetic_seed
ME,2023,other,non-hisp,f,45-49,0.7414,synthetic_seed
ME,2023,other,non-hisp,m,50-54,0.8336,synthetic_seed
ME,2023,other,non-hisp,f,50-54,0.7315,synthetic_seed
ME,2023,other,non-hisp,m,55-59,0.7617,synthetic_seed
ME,2023,other,non-hisp,f,55-59,0.6478,synthetic_seed
ME,2023,other,non-hisp,m,60-64,0.6179,synthetic_seed
ME,2023,other,non-hisp,f,60-64,0.5039,synthetic_seed
ME,2023,other,non-hisp,m,65-69,0.391,synthetic_seed
ME,2023,other,non-hisp,f,65-69,0.2863,synthetic_seed
ME,2023,other,non-hisp,m,70-74,0.2291,synthetic_seed
ME,2023,other,non-hisp,f,70-74,0.149,synthetic_seed
ME,2023,other,non-hisp,m,75-79,0.1215,synthetic_seed
ME,2023,other,non-hisp,f,75-79,0.0703,synthetic_seed
ME,2023,other,non-hisp,m,80-84,0.06,synthetic_seed
ME,2023,other,non-hisp,f,80-84,0.03,synthetic_seed
ME,2023,other,non-hisp,m,85+,0.0199,synthetic_seed
ME,2023,other,non-hisp,f,85+,0.0103,synthetic_seed
ME,2023,other,hisp,m,0-4,0.0,synthetic_seed
ME,2023,other,hisp,f,0-4,0.0,synthetic_seed
ME,2023,other,hisp,m,5-9,0.0,synthetic_seed
ME,2023,other,hisp,f,5-9,0.0,synthetic_seed
ME,2023,other,hisp,m,10-14,0.0,synthetic_seed
ME,2023,other,hisp,f,10-14,0.0,synthetic_seed
ME,2023,other,hisp,m,15-19,0.346,synthetic_seed
ME,2023,other,hisp,f,15-19,0.3212,synthetic_seed
ME,2023,other,hisp,m,20-24,0.7541,synthetic_seed
ME,2023,other,hisp,f,20-24,0.7026,synthetic_seed
ME,2023,other,hisp,m,25-29,0.8557,synthetic_seed
ME,2023,other,hisp,f,25-29,0.7423,synthetic_seed
ME,2023,other,hisp,m,30-34,0.904,synthetic_seed
ME,2023,other,hisp,f,30-34,0.7035,synthetic_seed
ME,2023,other,hisp,m,35-39,0.9638,synthetic_seed
ME,2023,other,hisp,f,35-39,0.7443,synthetic_seed
ME,2023,other,hisp,m,40-44,0.9085,synthetic_seed
ME,2023,other,hisp,f,40-44,0.7695,synthetic_seed
ME,2023,other,hisp,m,45-49,0.8678,synthetic_seed
ME,2023,other,hisp,f,45-49,0.7529,synthetic_seed
ME,2023,other,hisp,m,50-54,0.8412,synthetic_seed
ME,2023,other,hisp,f,50-54,0.7263,synthetic_seed
ME,2023,other,hisp,m,55-59,0.7207,synthetic_seed
ME,2023,other,hisp,f,55-59,0.6577,synthetic_seed
ME,2023,other,hisp,m,60-64,0.5794,synthetic_seed
ME,2023,other,hisp,f,60-64,0.5136,synthetic_seed
ME,2023,other,hisp,m,65-69,0.3833,synthetic_seed
ME,2023,other,hisp,f,65-69,0.2845,synthetic_seed
ME,2023,other,hisp,m,70-74,0.2267,synthetic_seed
ME,2023,other,hisp,f,70-74,0.1509,synthetic_seed
ME,2023,other,hisp,m,75-79,0.1234,synthetic_seed
ME,2023,other,hisp,f,75-79,0.0712,synthetic_seed
ME,2023,other,hisp,m,80-84,0.0592,synthetic_seed
ME,2023,other,hisp,f,80-84,0.0286,synthetic_seed
ME,2023,other,hisp,m,85+,0.0188,synthetic_seed
ME,2023,other,hisp,f,85+,0.0099,synthetic_seed
MD,2023,white,non-hisp,m,0-4,0.0,synthetic_seed
MD,2023,white,non-hisp,f,0-4,0.0,synthetic_seed
MD,2023,white,non-hisp,m,5-9,0.0,synthetic_seed
MD,2023,white,non-hisp,f,5-9,0.0,synthetic_seed
MD,2023,white,non-hisp,m,10-14,0.0,synthetic_seed
MD,2023,white,non-hisp,f,10-14,0.0,synthetic_seed
MD,2023,white,non-hisp,m,15-19,0.3463,synthetic_seed
MD,2023,white,non-hisp,f,15-19,0.3182,synthetic_seed
MD,2023,white,non-hisp,m,20-24,0.7288,synthetic_seed
MD,2023,white,non-hisp,f,20-24,0.6924,synthetic_seed
MD,2023,white,non-hisp,m,25-29,0.8832,synthetic_seed
MD,2023,white,non-hisp,f,25-29,0.7703,synthetic_seed
MD,2023,white,non-hisp,m,30-34,0.9251,synthetic_seed
MD,2023,white,non-hisp,f,30-34,0.7189,synthetic_seed
MD,2023,white,non-hisp,m,35-39,0.9302,synthetic_seed
MD,2023,white,non-hisp,f,35-39,0.7018,synthetic_seed
MD,2023,white,non-hisp,m,40-44,0.8836,synthetic_seed
MD,2023,white,non-hisp,f,40-44,0.75,synthetic_seed
MD,2023,white,non-hisp,m,45-49,0.8273,synthetic_seed
MD,2023,white,non-hisp,f,45-49,0.7363,synthetic_seed
MD,2023,white,non-hisp,m,50-54,0.8463,synthetic_seed
MD,2023,white,non-hisp,f,50-54,0.7562,synthetic_seed
MD,2023,white,non-hisp,m,55-59,0.7613,synthetic_seed
MD,2023,white,non-hisp,f,55-59,0.6615,synthetic_seed
MD,2023,white,non-hisp,m,60-64,0.5943,synthetic_seed
MD,2023,white,non-hisp,f,60-64,0.4831,synthetic_seed
MD,2023,white,non-hisp,m,65-69,0.3809,synthetic_seed
MD,2023,white,non-hisp,f,65-69,0.2755,synthetic_seed
MD,2023,white,non-hisp,m,70-74,0.2285,synthetic_seed
MD,2023,white,non-hisp,f,70-74,0.155,synthetic_seed
MD,2023,white,non-hisp,m,75-79,0.1209,synthetic_seed
MD,2023,white,non-hisp,f,75-79,0.071,synthetic_seed
MD,2023,white,non-hisp,m,80-84,0.0604,synthetic_seed
MD,2023,white,non-hisp,f,80-84,0.0307,synthetic_seed
MD,2023,white,non-hisp,m,85+,0.0204,synthetic_seed
MD,2023,white,non-hisp,f,85+,0.0101,synthetic_seed
MD,2023,white,hisp,m,0-4,0.0,synthetic_seed
MD,2023,white,hisp,f,0-4,0.0,synthetic_seed
MD,2023,white,hisp,m,5-9,0.0,synthetic_seed
MD,2023,white,hisp,f,5-9,0.0,synthetic_seed
MD,2023,white,hisp,m,10-14,0.0,synthetic_seed
MD,2023,white,hisp,f,10-14,0.0,synthetic_seed
MD,2023,white,hisp,m,15-19,0.3656,synthetic_seed
MD,2023,white,hisp,f,15-19,0.3169,synthetic_seed
MD,2023,white,hisp,m,20-24,0.7571,synthetic_seed
MD,2023,white,hisp,f,20-24,0.7069,synthetic_seed
MD,2023,white,hisp,m,25-29,0.9143,synthetic_seed
MD,2023,white,hisp,f,25-29,0.76,synthetic_seed
MD,2023,white,hisp,m,30-34,0.9086,synthetic_seed
MD,2023,white,hisp,f,30-34,0.7351,synthetic_seed
MD,2023,white,hisp,m,35-39,0.915,synthetic_seed
MD,2023,white,hisp,f,35-39,0.7326,synthetic_seed
MD,2023,white,hisp,m,40-44,0.9256,synthetic_seed
MD,2023,white,hisp,f,40-44,0.8042,synthetic_seed
MD,2023,white,hisp,m,45-49,0.8976,synthetic_seed
MD,2023,white,hisp,f,45-49,0.7778,synthetic_seed
MD,2023,white,hisp,m,50-54,0.8252,synthetic_seed
MD,2023,white,hisp,f,50-54,0.7273,synthetic_seed
MD,2023,white,hisp,m,55-59,0.7609,synthetic_seed
MD,2023,white,hisp,f,55-59,0.6352,synthetic_seed
MD,2023,white,hisp,m,60-64,0.5975,synthetic_seed
MD,2023,white,hisp,f,60-64,0.501,synthetic_seed
MD,2023,white,hisp,m,65-69,0.3682,synthetic_seed
MD,2023,white,hisp,f,65-69,0.2766,synthetic_seed
MD,2023,white,hisp,m,70-74,0.2289,synthetic_seed
MD,2023,white,hisp,f,70-74,0.1492,synthetic_seed
MD,2023,white,hisp,m,75-79,0.1213,synthetic_seed
MD,2023,white,hisp,f,75-79,0.0657,synthetic_seed
MD,2023,white,hisp,m,80-84,0.0595,synthetic_seed
MD,2023,white,hisp,f,80-84,0.0297,synthetic_seed
MD,2023,white,hisp,m,85+,0.0197,synthetic_seed
MD,2023,white,hisp,f,85+,0.01,synthetic_seed
MD,2023,black,non-hisp,m,0-4,0.0,synthetic_seed
MD,2023,black,non-hisp,f,0-4,0.0,synthetic_seed
MD,2023,black,non-hisp,m,5-9,0.0,synthetic_seed
MD,2023,black,non-hisp,f,5-9,0.0,synthetic_seed
MD,2023,black,non-hisp,m,10-14,0.0,synthetic_seed
MD,2023,black,non-hisp,f,10-14,0.0,synthetic_seed
MD,2023,black,non-hisp,m,15-19,0.3564,synthetic_seed
MD,2023,black,non-hisp,f,15-19,0.3115,synthetic_seed
MD,2023,black,non-hisp,m,20-24,0.7436,synthetic_seed
MD,2023,black,non-hisp,f,20-24,0.6995,synthetic_seed
MD,2023,black,non-hisp,m,25-29,0.8515,synthetic_seed
MD,2023,black,non-hisp,f,25-29,0.7345,synthetic_seed
MD,2023,black,non-hisp,m,30-34,0.9064,synthetic_seed
MD,2023,black,non-hisp,f,30-34,0.7291,synthetic_seed
MD,2023,black,non-hisp,m,35-39,0.8764,synthetic_seed
MD,2023,black,non-hisp,f,35-39,0.7095,synthetic_seed
MD,2023,black,non-hisp,m,40-44,0.8998,synthetic_seed
MD,2023,black,non-hisp,f,40-44,0.7605,synthetic_seed
MD,2023,black,non-hisp,m,45-49,0.8606,synthetic_seed
MD,2023,black,non-hisp,f,45-49,0.7426,synthetic_seed
MD,2023,black,non-hisp,m,50-54,0.8151,synthetic_seed
MD,2023,black,non-hisp,f,50-54,0.6982,synthetic_seed
MD,2023,black,non-hisp,m,55-59,0.7255,synthetic_seed
MD,2023,black,non-hisp,f,55-59,0.6551,synthetic_seed
MD,2023,black,non-hisp,m,60-64,0.6004,synthetic_seed
MD,2023,black,non-hisp,f,60-64,0.4881,synthetic_seed
MD,2023,black,non-hisp,m,65-69,0.3672,synthetic_seed
MD,2023,black,non-hisp,f,65-69,0.2722,synthetic_seed
MD,2023,black,non-hisp,m,70-74,0.2203,synthetic_seed
MD,2023,black,non-hisp,f,70-74,0.1408,synthetic_seed
MD,2023,black,non-hisp,m,75-79,0.1127,synthetic_seed
MD,2023,black,non-hisp,f,75-79,0.0685,synthetic_seed
MD,2023,black,non-hisp,m,80-84,0.0591,synthetic_seed
MD,2023,black,non-hisp,f,80-84,0.0291,synthetic_seed
MD,2023,black,non-hisp,m,85+,0.0193,synthetic_seed
MD,2023,black,non-hisp,f,85+,0.0098,synthetic_seed
MD,2023,black,hisp,m,0-4,0.0,synthetic_seed
MD,2023,black,hisp,f,0-4,0.0,synthetic_seed
MD,2023,black,hisp,m,5-9,0.0,synthetic_seed
MD,2023,black,hisp,f,5-9,0.0,synthetic_seed
MD,2023,black,hisp,m,10-14,0.0,synthetic_seed
MD,2023,black,hisp,f,10-14,0.0,synthetic_seed
MD,2023,black,hisp,m,15-19,0.3435,synthetic_seed
MD,2023,black,hisp,f,15-19,0.3132,synthetic_seed
MD,2023,black,hisp,m,20-24,0.7249,synthetic_seed
MD,2023,black,hisp,f,20-24,0.6911,synthetic_seed
MD,2023,black,hisp,m,25-29,0.8668,synthetic_seed
MD,2023,black,hisp,f,25-29,0.7115,synthetic_seed
MD,2023,black,hisp,m,30-34,0.9013,synthetic_seed
MD,2023,black,hisp,f,30-34,0.7119,synthetic_seed
MD,2023,black,hisp,m,35-39,0.8472,synthetic_seed
MD,2023,black,hisp,f,35-39,0.7416,synthetic_seed
MD,2023,black,hisp,m,40-44,0.8606,synthetic_seed
MD,2023,black,hisp,f,40-44,0.7223,synthetic_seed
MD,2023,black,hisp,m,45-49,0.8487,synthetic_seed
MD,2023,black,hisp,f,45-49,0.727,synthetic_seed
MD,2023,black,hisp,m,50-54,0.7946,synthetic_seed
MD,2023,black,hisp,f,50-54,0.7234,synthetic_seed
MD,2023,black,hisp,m,55-59,0.7165,synthetic_seed
MD,2023,black,hisp,f,55-59,0.6236,synthetic_seed
MD,2023,black,hisp,m,60-64,0.5687,synthetic_seed
MD,2023,black,hisp,f,60-64,0.4925,synthetic_seed
MD,2023,black,hisp,m,65-69,0.3783,synthetic_seed
MD,2023,black,hisp,f,65-69,0.2703,synthetic_seed
MD,2023,black,hisp,m,70-74,0.2177,synthetic_seed
MD,2023,black,hisp,f,70-74,0.143,synthetic_seed
MD,2023,black,hisp,m,75-79,0.1162,synthetic_seed
MD,2023,black,hisp,f,75-79,0.0665,synthetic_seed
MD,2023,black,hisp,m,80-84,0.0575,synthetic_seed
MD,2023,black,hisp,f,80-84,0.0287,synthetic_seed
MD,2023,black,hisp,m,85+,0.0194,synthetic_seed
MD,2023,black,hisp,f,85+,0.0097,synthetic_seed
MD,2023,asian,non-hisp,m,0-4,0.0,synthetic_seed
MD,2023,asian,non-hisp,f,0-4,0.0,synthetic_seed
MD,2023,asian,non-hisp,m,5-9,0.0,synthetic_seed
MD,2023,asian,non-hisp,f,5-9,0.0,synthetic_seed
MD,2023,asian,non-hisp,m,10-14,0.0,synthetic_seed
MD,2023,asian,non-hisp,f,10-14,0.0,synthetic_seed
MD,2023,asian,non-hisp,m,15-19,0.3829,synthetic_seed
MD,2023,asian,non-hisp,f,15-19,0.3254,synthetic_seed
MD,2023,asian,non-hisp,m,20-24,0.7559,synthetic_seed
MD,2023,asian,non-hisp,f,20-24,0.6852,synthetic_seed
MD,2023,asian,non-hisp,m,25-29,0.9142,synthetic_seed
MD,2023,asian,non-hisp,f,25-29,0.7738,synthetic_seed
MD,2023,asian,non-hisp,m,30-34,0.9016,synthetic_seed
MD,2023,asian,non-hisp,f,30-34,0.7461,synthetic_seed
MD,2023,asian,non-hisp,m,35-39,0.9303,synthetic_seed
MD,2023,asian,non-hisp,f,35-39,0.741,synthetic_seed
MD,2023,asian,non-hisp,m,40-44,0.9045,synthetic_seed
MD,2023,asian,non-hisp,f,40-44,0.7766,synthetic_seed
MD,2023,asian,non-hisp,m,45-49,0.8719,synthetic_seed
MD,2023,asian,non-hisp,f,45-49,0.8035,synthetic_seed
MD,2023,asian,non-hisp,m,50-54,0.834,synthetic_seed
MD,2023,asian,non-hisp,f,50-54,0.7695,synthetic_seed
MD,2023,asian,non-hisp,m,55-59,0.7695,synthetic_seed
MD,2023,asian,non-hisp,f,55-59,0.6618,synthetic_seed
MD,2023,asian,non-hisp,m,60-64,0.6445,synthetic_seed
MD,2023,asian,non-hisp,f,60-64,0.5242,synthetic_seed
MD,2023,asian,non-hisp,m,65-69,0.3856,synthetic_seed
MD,2023,asian,non-hisp,f,65-69,0.2845,synthetic_seed
MD,2023,asian,non-hisp,m,70-74,0.2388,synthetic_seed
MD,2023,asian,non-hisp,f,70-74,0.1518,synthetic_seed
MD,2023,asian,non-hisp,m,75-79,0.1238,synthetic_seed
MD,2023,asian,non-hisp,f,75-79,0.0706,synthetic_seed
MD,2023,asian,non-hisp,m,80-84,0.0615,synthetic_seed
MD,2023,asian,non-hisp,f,80-84,0.0302,synthetic_seed
MD,2023,asian,non-hisp,m,85+,0.02,synthetic_seed
MD,2023,asian,non-hisp,f,85+,0.0101,synthetic_seed
MD,2023,asian,hisp,m,0-4,0.0,synthetic_seed
MD,2023,asian,hisp,f,0-4,0.0,synthetic_seed
MD,2023,asian,hisp,m,5-9,0.0,synthetic_seed
MD,2023,asian,hisp,f,5-9,0.0,synthetic_seed
MD,2023,asian,hisp,m,10-14,0.0,synthetic_seed
MD,2023,asian,hisp,f,10-14,0.0,synthetic_seed
MD,2023,asian,hisp,m,15-19,0.3695,synthetic_seed
MD,2023,asian,hisp,f,15-19,0.3201,synthetic_seed
MD,2023,asian,hisp,m,20-24,0.7574,synthetic_seed
MD,2023,asian,hisp,f,20-24,0.722,synthetic_seed
MD,2023,asian,hisp,m,25-29,0.874,synthetic_seed
MD,2023,asian,hisp,f,25-29,0.7855,synthetic_seed
MD,2023,asian,hisp,m,30-34,0.9288,synthetic_seed
MD,2023,asian,hisp,f,30-34,0.7649,synthetic_seed
MD,2023,asian,hisp,m,35-39,0.9117,synthetic_seed
MD,2023,asian,hisp,f,35-39,0.7499,synthetic_seed
MD,2023,asian,hisp,m,40-44,0.9162,synthetic_seed
MD,2023,asian,hisp,f,40-44,0.7661,synthetic_seed
MD,2023,asian,hisp,m,45-49,0.8971,synthetic_seed
MD,2023,asian,hisp,f,45-49,0.7755,synthetic_seed
MD,2023,asian,hisp,m,50-54,0.878,synthetic_seed
MD,2023,asian,hisp,f,50-54,0.7444,synthetic_seed
MD,2023,asian,hisp,m,55-59,0.7652,synthetic_seed
MD,2023,asian,hisp,f,55-59,0.6508,synthetic_seed
MD,2023,asian,hisp,m,60-64,0.6163,synthetic_seed
MD,2023,asian,hisp,f,60-64,0.5197,synthetic_seed
MD,2023,asian,hisp,m,65-69,0.3955,synthetic_seed
MD,2023,asian,hisp,f,65-69,0.2858,synthetic_seed
MD,2023,asian,hisp,m,70-74,0.2425,synthetic_seed
MD,2023,asian,hisp,f,70-74,0.1536,synthetic_seed
MD,2023,asian,hisp,m,75-79,0.1253,synthetic_seed
MD,2023,asian,hisp,f,75-79,0.0696,synthetic_seed
MD,2023,asian,hisp,m,80-84,0.0592,synthetic_seed
MD,2023,asian,hisp,f,80-84,0.0302,synthetic_seed
MD,2023,asian,hisp,m,85+,0.0198,synthetic_seed
MD,2023,asian,hisp,f,85+,0.0099,synthetic_seed
MD,2023,other,non-hisp,m,0-4,0.0,synthetic_seed
MD,2023,other,non-hisp,f,0-4,0.0,synthetic_seed
MD,2023,other,non-hisp,m,5-9,0.0,synthetic_seed
MD,2023,other,non-hisp,f,5-9,0.0,synthetic_seed
MD,2023,other,non-hisp,m,10-14,0.0,synthetic_seed
MD,2023,other,non-hisp,f,10-14,0.0,synthetic_seed
MD,2023,other,non-hisp,m,15-19,0.3608,synthetic_seed
MD,2023,other,non-hisp,f,15-19,0.329,synthetic_seed
MD,2023,other,non-hisp,m,20-24,0.7228,synthetic_seed
MD,2023,other,non-hisp,f,20-24,0.6873,synthetic_seed
MD,2023,other,non-hisp,m,25-29,0.8929,synthetic_seed
MD,2023,other,non-hisp,f,25-29,0.7529,synthetic_seed
MD,2023,other,non-hisp,m,30-34,0.8928,synthetic_seed
MD,2023,other,non-hisp,f,30-34,0.735,synthetic_seed
MD,2023,other,non-hisp,m,35-39,0.887,synthetic_seed
MD,2023,other,non-hisp,f,35-39,0.7451,synthetic_seed
MD,2023,other,non-hisp,m,40-44,0.9077,synthetic_seed
MD,2023,other,non-hisp,f,40-44,0.769,synthetic_seed
MD,2023,other,non-hisp,m,45-49,0.8681,synthetic_seed
MD,2023,other,non-hisp,f,45-49,0.7806,synthetic_seed
MD,2023,other,non-hisp,m,50-54,0.8415,synthetic_seed
MD,2023,other,non-hisp,f,50-54,0.745,synthetic_seed
MD,2023,other,non-hisp,m,55-59,0.7726,synthetic_seed
MD,2023,other,non-hisp,f,55-59,0.6393,synthetic_seed
MD,2023,other,non-hisp,m,60-64,0.5902,synthetic_seed
MD,2023,other,non-hisp,f,60-64,0.5006,synthetic_seed
MD,2023,other,non-hisp,m,65-69,0.391,synthetic_seed
MD,2023,other,non-hisp,f,65-69,0.284,synthetic_seed
MD,2023,other,non-hisp,m,70-74,0.2311,synthetic_seed
MD,2023,other,non-hisp,f,70-74,0.1505,synthetic_seed
MD,2023,other,non-hisp,m,75-79,0.1225,synthetic_seed
MD,2023,other,non-hisp,f,75-79,0.0719,synthetic_seed
MD,2023,other,non-hisp,m,80-84,0.0594,synthetic_seed
MD,2023,other,non-hisp,f,80-84,0.0309,synthetic_seed
MD,2023,other,non-hisp,m,85+,0.0207,synthetic_seed
MD,2023,other,non-hisp,f,85+,0.0098,synthetic_seed
MD,2023,other,hisp,m,0-4,0.0,synthetic_seed
MD,2023,other,hisp,f,0-4,0.0,synthetic_seed
MD,2023,other,hisp,m,5-9,0.0,synthetic_seed
MD,2023,other,hisp,f,5-9,0.0,synthetic_seed
MD,2023,other,hisp,m,10-14,0.0,synthetic_seed
MD,2023,other,hisp,f,10-14,0.0,synthetic_seed
MD,2023,other,hisp,m,15-19,0.3645,synthetic_seed
MD,2023,other,hisp,f,15-19,0.3179,synthetic_seed
MD,2023,other,hisp,m,20-24,0.7686,synthetic_seed
MD,2023,other,hisp,f,20-24,0.6994,synthetic_seed
MD,2023,other,hisp,m,25-29,0.876,synthetic_seed
MD,2023,other,hisp,f,25-29,0.7738,synthetic_seed
MD,2023,other,hisp,m,30-34,0.8986,synthetic_seed
MD,2023,other,hisp,f,30-34,0.7366,synthetic_seed
MD,2023,other,hisp,m,35-39,0.917,synthetic_seed
MD,2023,other,hisp,f,35-39,0.7495,synthetic_seed
MD,2023,other,hisp,m,40-44,0.895,synthetic_seed
MD,2023,other,hisp,f,40-44,0.7996,synthetic_seed
MD,2023,other,hisp,m,45-49,0.86,synthetic_seed
MD,2023,other,hisp,f,45-49,0.7389,synthetic_seed
MD,2023,other,hisp,m,50-54,0.8382,synthetic_seed
MD,2023,other,hisp,f,50-54,0.7496,synthetic_seed
MD,2023,other,hisp,m,55-59,0.7542,synthetic_seed
MD,2023,other,hisp,f,55-59,0.6596,synthetic_seed
MD,2023,other,hisp,m,60-64,0.5988,synthetic_seed
MD,2023,other,hisp,f,60-64,0.5027,synthetic_seed
MD,2023,other,hisp,m,65-69,0.3827,synthetic_seed
MD,2023,other,hisp,f,65-69,0.2867,synthetic_seed
MD,2023,other,hisp,m,70-74,0.2336,synthetic_seed
MD,2023,other,hisp,f,70-74,0.1531,synthetic_seed
MD,2023,other,hisp,m,75-79,0.1188,synthetic_seed
MD,2023,other,hisp,f,75-79,0.0707,synthetic_seed
MD,2023,other,hisp,m,80-84,0.0614,synthetic_seed
MD,2023,other,hisp,f,80-84,0.0316,synthetic_seed
MD,2023,other,hisp,m,85+,0.0197,synthetic_seed
MD,2023,other,hisp,f,85+,0.0098,synthetic_seed
MA,2023,white,non-hisp,m,0-4,0.0,synthetic_seed
MA,2023,white,non-hisp,f,0-4,0.0,synthetic_seed
MA,2023,white,non-hisp,m,5-9,0.0,synthetic_seed
MA,2023,white,non-hisp,f,5-9,0.0,synthetic_seed
MA,2023,white,non-hisp,m,10-14,0.0,synthetic_seed
MA,2023,white,non-hisp,f,10-14,0.0,synthetic_seed
MA,2023,white,non-hisp,m,15-19,0.3494,synthetic_seed
MA,2023,white,non-hisp,f,15-19,0.322,synthetic_seed
MA,2023,white,non-hisp,m,20-24,0.7363,synthetic_seed
MA,2023,white,non-hisp,f,20-24,0.6944,synthetic_seed
MA,2023,white,non-hisp,m,25-29,0.8855,synthetic_seed
MA,2023,white,non-hisp,f,25-29,0.7685,synthetic_seed
MA,2023,white,non-hisp,m,30-34,0.9367,synthetic_seed
MA,2023,white,non-hisp,f,30-34,0.7226,synthetic_seed
MA,2023,white,non-hisp,m,35-39,0.8979,synthetic_seed
MA,2023,white,non-hisp,f,35-39,0.725,synthetic_seed
MA,2023,white,non-hisp,m,40-44,0.9261,synthetic_seed
MA,2023,white,non-hisp,f,40-44,0.772,synthetic_seed
MA,2023,white,non-hisp,m,45-49,0.8652,synthetic_seed
MA,2023,white,non-hisp,f,45-49,0.7949,synthetic_seed
MA,2023,white,non-hisp,m,50-54,0.8066,synthetic_seed
MA,2023,white,non-hisp,f,50-54,0.7456,synthetic_seed
MA,2023,white,non-hisp,m,55-59,0.7561,synthetic_seed
MA,2023,white,non-hisp,f,55-59,0.6475,synthetic_seed
MA,2023,white,non-hisp,m,60-64,0.6004,synthetic_seed
MA,2023,white,non-hisp,f,60-64,0.4899,synthetic_seed
MA,2023,white,non-hisp,m,65-69,0.3704,synthetic_seed
MA,2023,white,non-hisp,f,65-69,0.2732,synthetic_seed
MA,2023,white,non-hisp,m,70-74,0.2395,synthetic_seed
MA,2023,white,non-hisp,f,70-74,0.1511,synthetic_seed
MA,2023,white,non-hisp,m,75-79,0.1206,synthetic_seed
MA,2023,white,non-hisp,f,75-79,0.0718,synthetic_seed
MA,2023,white,non-hisp,m,80-84,0.058,synthetic_seed
MA,2023,white,non-hisp,f,80-84,0.0295,synthetic_seed
MA,2023,white,non-hisp,m,85+,0.0204,synthetic_seed
MA,2023,white,non-hisp,f,85+,0.01,synthetic_seed
MA,2023,white,hisp,m,0-4,0.0,synthetic_seed
MA,2023,white,hisp,f,0-4,0.0,synthetic_seed
MA,2023,white,hisp,m,5-9,0.0,synthetic_seed
MA,2023,white,hisp,f,5-9,0.0,synthetic_seed
MA,2023,white,hisp,m,10-14,0.0,synthetic_seed
MA,2023,white,hisp,f,10-14,0.0,synthetic_seed
MA,2023,white,hisp,m,15-19,0.3442,synthetic_seed
MA,2023,white,hisp,f,15-19,0.3303,synthetic_seed
MA,2023,white,hisp,m,20-24,0.7345,synthetic_seed
MA,2023,white,hisp,f,20-24,0.6979,synthetic_seed
MA,2023,white,hisp,m,25-29,0.8553,synthetic_seed
MA,2023,white,hisp,f,25-29,0.7535,synthetic_seed
MA,2023,white,hisp,m,30-34,0.8952,synthetic_seed
MA,2023,white,hisp,f,30-34,0.7209,synthetic_seed
MA,2023,white,hisp,m,35-39,0.9093,synthetic_seed
MA,2023,white,hisp,f,35-39,0.738,synthetic_seed
MA,2023,white,hisp,m,40-44,0.8775,synthetic_seed
MA,2023,white,hisp,f,40-44,0.7767,synthetic_seed
MA,2023,white,hisp,m,45-49,0.8657,synthetic_seed
MA,2023,white,hisp,f,45-49,0.777,synthetic_seed
MA,2023,white,hisp,m,50-54,0.8318,synthetic_seed
MA,2023,white,hisp,f,50-54,0.7137,synthetic_seed
MA,2023,white,hisp,m,55-59,0.7779,synthetic_seed
MA,2023,white,hisp,f,55-59,0.6557,synthetic_seed
MA,2023,white,hisp,m,60-64,0.5773,synthetic_seed
MA,2023,white,hisp,f,60-64,0.4982,synthetic_seed
MA,2023,white,hisp,m,65-69,0.3875,synthetic_seed
MA,2023,white,hisp,f,65-69,0.2698,synthetic_seed
MA,2023,white,hisp,m,70-74,0.2259,synthetic_seed
MA,2023,white,hisp,f,70-74,0.1456,synthetic_seed
MA,2023,white,hisp,m,75-79,0.1169,synthetic_seed
MA,2023,white,hisp,f,75-79,0.0687,synthetic_seed
MA,2023,white,hisp,m,80-84,0.0594,synthetic_seed
MA,2023,white,hisp,f,80-84,0.0292,synthetic_seed
MA,2023,white,hisp,m,85+,0.02,synthetic_seed
MA,2023,white,hisp,f,85+,0.0096,synthetic_seed
MA,2023,black,non-hisp,m,0-4,0.0,synthetic_seed
MA,2023,black,non-hisp,f,0-4,0.0,synthetic_seed
MA,2023,black,non-hisp,m,5-9,0.0,synthetic_seed
MA,2023,black,non-hisp,f,5-9,0.0,synthetic_seed
MA,2023,black,non-hisp,m,10-14,0.0,synthetic_seed
MA,2023,black,non-hisp,f,10-14,0.0,synthetic_seed
MA,2023,black,non-hisp,m,15-19,0.3434,synthetic_seed
MA,2023,black,non-hisp,f,15-19,0.3012,synthetic_seed
MA,2023,black,non-hisp,m,20-24,0.7421,synthetic_seed
MA,2023,black,non-hisp,f,20-24,0.6934,synthetic_seed
MA,2023,black,non-hisp,m,25-29,0.8575,synthetic_seed
MA,2023,black,non-hisp,f,25-29,0.7239,synthetic_seed
MA,2023,black,non-hisp,m,30-34,0.9129,synthetic_seed
MA,2023,black,non-hisp,f,30-34,0.6963,synthetic_seed
MA,2023,black,non-hisp,m,35-39,0.8843,synthetic_seed
MA,2023,black,non-hisp,f,35-39,0.7102,synthetic_seed
MA,2023,black,non-hisp,m,40-44,0.8707,synthetic_seed
MA,2023,black,non-hisp,f,40-44,0.732,synthetic_seed
MA,2023,black,non-hisp,m,45-49,0.8551,synthetic_seed
MA,2023,black,non-hisp,f,45-49,0.7678,synthetic_seed
MA,2023,black,non-hisp,m,50-54,0.8196,synthetic_seed
MA,2023,black,non-hisp,f,50-54,0.734,synthetic_seed
MA,2023,black,non-hisp,m,55-59,0.7444,synthetic_seed
MA,2023,black,non-hisp,f,55-59,0.6534,synthetic_seed
MA,2023,black,non-hisp,m,60-64,0.5999,synthetic_seed
MA,2023,black,non-hisp,f,60-64,0.4654,synthetic_seed
MA,2023,black,non-hisp,m,65-69,0.3652,synthetic_seed
MA,2023,black,non-hisp,f,65-69,0.2646,synthetic_seed
MA,2023,black,non-hisp,m,70-74,0.2276,synthetic_seed
MA,2023,black,non-hisp,f,70-74,0.1454,synthetic_seed
MA,2023,black,non-hisp,m,75-79,0.1176,synthetic_seed
MA,2023,black,non-hisp,f,75-79,0.0672,synthetic_seed
MA,2023,black,non-hisp,m,80-84,0.0575,synthetic_seed
MA,2023,black,non-hisp,f,80-84,0.0294,synthetic_seed
MA,2023,black,non-hisp,m,85+,0.0196,synthetic_seed
MA,2023,black,non-hisp,f,85+,0.0093,synthetic_seed
MA,2023,black,hisp,m,0-4,0.0,synthetic_seed
MA,2023,black,hisp,f,0-4,0.0,synthetic_seed
MA,2023,black,hisp,m,5-9,0.0,synthetic_seed
MA,2023,black,hisp,f,5-9,0.0,synthetic_seed
MA,2023,black,hisp,m,10-14,0.0,synthetic_seed
MA,2023,black,hisp,f,10-14,0.0,synthetic_seed
MA,2023,black,hisp,m,15-19,0.3517,synthetic_seed
MA,2023,black,hisp,f,15-19,0.305,synthetic_seed
MA,2023,black,hisp,m,20-24,0.7199,synthetic_seed
MA,2023,black,hisp,f,20-24,0.6686,synthetic_seed
MA,2023,black,hisp,m,25-29,0.855,synthetic_seed
MA,2023,black,hisp,f,25-29,0.7326,synthetic_seed
MA,2023,black,hisp,m,30-34,0.9145,synthetic_seed
MA,2023,black,hisp,f,30-34,0.7294,synthetic_seed
MA,2023,black,hisp,m,35-39,0.8933,synthetic_seed
MA,2023,black,hisp,f,35-39,0.7224,synthetic_seed
MA,2023,black,hisp,m,40-44,0.8999,synthetic_seed
MA,2023,black,hisp,f,40-44,0.7424,synthetic_seed
MA,2023,black,hisp,m,45-49,0.8638,synthetic_seed
MA,2023,black,hisp,f,45-49,0.7385,synthetic_seed
MA,2023,black,hisp,m,50-54,0.801,synthetic_seed
MA,2023,black,hisp,f,50-54,0.7014,synthetic_seed
MA,2023,black,hisp,m,55-59,0.7314,synthetic_seed
MA,2023,black,hisp,f,55-59,0.6195,synthetic_seed
MA,2023,black,hisp,m,60-64,0.5916,synthetic_seed
MA,2023,black,hisp,f,60-64,0.4881,synthetic_seed
MA,2023,black,hisp,m,65-69,0.362,synthetic_seed
MA,2023,black,hisp,f,65-69,0.2753,synthetic_seed
MA,2023,black,hisp,m,70-74,0.2212,synthetic_seed
MA,2023,black,hisp,f,70-74,0.1456,synthetic_seed
MA,2023,black,hisp,m,75-79,0.1184,synthetic_seed
MA,2023,black,hisp,f,75-79,0.0669,synthetic_seed
MA,2023,black,hisp,m,80-84,0.0586,synthetic_seed
MA,2023,black,hisp,f,80-84,0.0294,synthetic_seed
MA,2023,black,hisp,m,85+,0.0194,synthetic_seed
MA,2023,black,hisp,f,85+,0.0098,synthetic_seed
MA,2023,asian,non-hisp,m,0-4,0.0,synthetic_seed
MA,2023,asian,non-hisp,f,0-4,0.0,synthetic_seed
MA,2023,asian,non-hisp,m,5-9,0.0,synthetic_seed
MA,2023,asian,non-hisp,f,5-9,0.0,synthetic_seed
MA,2023,asian,non-hisp,m,10-14,0.0,synthetic_seed
MA,2023,asian,non-hisp,f,10-14,0.0,synthetic_seed
MA,2023,asian,non-hisp,m,15-19,0.3641,synthetic_seed
MA,2023,asian,non-hisp,f,15-19,0.3276,synthetic_seed
MA,2023,asian,non-hisp,m,20-24,0.7838,synthetic_seed
MA,2023,asian,non-hisp,f,20-24,0.7007,synthetic_seed
MA,2023,asian,non-hisp,m,25-29,0.9178,synthetic_seed
MA,2023,asian,non-hisp,f,25-29,0.7783,synthetic_seed
MA,2023,asian,non-hisp,m,30-34,0.8937,synthetic_seed
MA,2023,asian,non-hisp,f,30-34,0.7384,synthetic_seed
MA,2023,asian,non-hisp,m,35-39,0.9162,synthetic_seed
MA,2023,asian,non-hisp,f,35-39,0.7829,synthetic_seed
MA,2023,asian,non-hisp,m,40-44,0.9268,synthetic_seed
MA,2023,asian,non-hisp,f,40-44,0.8026,synthetic_seed
MA,2023,asian,non-hisp,m,45-49,0.8895,synthetic_seed
MA,2023,asian,non-hisp,f,45-49,0.7937,synthetic_seed
MA,2023,asian,non-hisp,m,50-54,0.8285,synthetic_seed
MA,2023,asian,non-hisp,f,50-54,0.7263,synthetic_seed
MA,2023,asian,non-hisp,m,55-59,0.7697,synthetic_seed
MA,2023,asian,non-hisp,f,55-59,0.6649,synthetic_seed
MA,2023,asian,non-hisp,m,60-64,0.6133,synthetic_seed
MA,2023,asian,non-hisp,f,60-64,0.5061,synthetic_seed
MA,2023,asian,non-hisp,m,65-69,0.3707,synthetic_seed
MA,2023,asian,non-hisp,f,65-69,0.2848,synthetic_seed
MA,2023,asian,non-hisp,m,70-74,0.2356,synthetic_seed
MA,2023,asian,non-hisp,f,70-74,0.1576,synthetic_seed
MA,2023,asian,non-hisp,m,75-79,0.125,synthetic_seed
MA,2023,asian,non-hisp,f,75-79,0.0722,synthetic_seed
MA,2023,asian,non-hisp,m,80-84,0.0609,synthetic_seed
MA,2023,asian,non-hisp,f,80-84,0.0312,synthetic_seed
MA,2023,asian,non-hisp,m,85+,0.0203,synthetic_seed
MA,2023,asian,non-hisp,f,85+,0.01,synthetic_seed
MA,2023,asian,hisp,m,0-4,0.0,synthetic_seed
MA,2023,asian,hisp,f,0-4,0.0,synthetic_seed
MA,2023,asian,hisp,m,5-9,0.0,synthetic_seed
MA,2023,asian,hisp,f,5-9,0.0,synthetic_seed
MA,2023,asian,hisp,m,10-14,0.0,synthetic_seed
MA,2023,asian,hisp,f,10-14,0.0,synthetic_seed
MA,2023,asian,hisp,m,15-19,0.3531,synthetic_seed
MA,2023,asian,hisp,f,15-19,0.3295,synthetic_seed
MA,2023,asian,hisp,m,20-24,0.7806,synthetic_seed
MA,2023,asian,hisp,f,20-24,0.7104,synthetic_seed
MA,2023,asian,hisp,m,25-29,0.89,synthetic_seed
MA,2023,asian,hisp,f,25-29,0.7749,synthetic_seed
MA,2023,asian,hisp,m,30-34,0.8908,synthetic_seed
MA,2023,asian,hisp,f,30-34,0.7608,synthetic_seed
MA,2023,asian,hisp,m,35-39,0.9172,synthetic_seed
MA,2023,asian,hisp,f,35-39,0.7612,synthetic_seed
MA,2023,asian,hisp,m,40-44,0.92,synthetic_seed
MA,2023,asian,hisp,f,40-44,0.8181,synthetic_seed
MA,2023,asian,hisp,m,45-49,0.9056,synthetic_seed
MA,2023,asian,hisp,f,45-49,0.7794,synthetic_seed
MA,2023,asian,hisp,m,50-54,0.828,synthetic_seed
MA,2023,asian,hisp,f,50-54,0.7674,synthetic_seed
MA,2023,asian,hisp,m,55-59,0.7794,synthetic_seed
MA,2023,asian,hisp,f,55-59,0.6901,synthetic_seed
MA,2023,asian,hisp,m,60-64,0.6079,synthetic_seed
MA,2023,asian,hisp,f,60-64,0.504,synthetic_seed
MA,2023,asian,hisp,m,65-69,0.3892,synthetic_seed
MA,2023,asian,hisp,f,65-69,0.2882,synthetic_seed
MA,2023,asian,hisp,m,70-74,0.2358,synthetic_seed
MA,2023,asian,hisp,f,70-74,0.1505,synthetic_seed
MA,2023,asian,hisp,m,75-79,0.1202,synthetic_seed
MA,2023,asian,hisp,f,75-79,0.0701,synthetic_seed
MA,2023,asian,hisp,m,80-84,0.062,synthetic_seed
MA,2023,asian,hisp,f,80-84,0.0321,synthetic_seed
MA,2023,asian,hisp,m,85+,0.0208,synthetic_seed
MA,2023,asian,hisp,f,85+,0.0103,synthetic_seed
MA,2023,other,non-hisp,m,0-4,0.0,synthetic_seed
MA,2023,other,non-hisp,f,0-4,0.0,synthetic_seed
MA,2023,other,non-hisp,m,5-9,0.0,synthetic_seed
MA,2023,other,non-hisp,f,5-9,0.0,synthetic_seed
MA,2023,other,non-hisp,m,10-14,0.0,synthetic_seed
MA,2023,other,non-hisp,f,10-14,0.0,synthetic_seed
MA,2023,other,non-hisp,m,15-19,0.376,synthetic_seed
MA,2023,other,non-hisp,f,15-19,0.3187,synthetic_seed
MA,2023,other,non-hisp,m,20-24,0.7173,synthetic_seed
MA,2023,other,non-hisp,f,20-24,0.6736,synthetic_seed
MA,2023,other,non-hisp,m,25-29,0.8975,synthetic_seed
MA,2023,other,non-hisp,f,25-29,0.7388,synthetic_seed
MA,2023,other,non-hisp,m,30-34,0.9093,synthetic_seed
MA,2023,other,non-hisp,f,30-34,0.7323,synthetic_seed
MA,2023,other,non-hisp,m,35-39,0.8914,synthetic_seed
MA,2023,other,non-hisp,f,35-39,0.7134,synthetic_seed
MA,2023,other,non-hisp,m,40-44,0.9223,synthetic_seed
MA,2023,other,non-hisp,f,40-44,0.7895,synthetic_seed
MA,2023,other,non-hisp,m,45-49,0.8847,synthetic_seed
MA,2023,other,non-hisp,f,45-49,0.7909,synthetic_seed
MA,2023,other,non-hisp,m,50-54,0.8345,synthetic_seed
MA,2023,other,non-hisp,f,50-54,0.7421,synthetic_seed
MA,2023,other,non-hisp,m,55-59,0.7589,synthetic_seed
MA,2023,other,non-hisp,f,55-59,0.6483,synthetic_seed
MA,2023,other,non-hisp,m,60-64,0.6301,synthetic_seed
MA,2023,other,non-hisp,f,60-64,0.521,synthetic_seed
MA,2023,other,non-hisp,m,65-69,0.3801,synthetic_seed
MA,2023,other,non-hisp,f,65-69,0.2769,synthetic_seed
MA,2023,other,non-hisp,m,70-74,0.2311,synthetic_seed
MA,2023,other,non-hisp,f,70-74,0.1516,synthetic_seed
MA,2023,other,non-hisp,m,75-79,0.1196,synthetic_seed
MA,2023,other,non-hisp,f,75-79,0.0708,synthetic_seed
MA,2023,other,non-hisp,m,80-84,0.0607,synthetic_seed
MA,2023,other,non-hisp,f,80-84,0.0301,synthetic_seed
MA,2023,other,non-hisp,m,85+,0.0195,synthetic_seed
MA,2023,other,non-hisp,f,85+,0.0102,synthetic_seed
MA,2023,other,hisp,m,0-4,0.0,synthetic_seed
MA,2023,other,hisp,f,0-4,0.0,synthetic_seed
MA,2023,other,hisp,m,5-9,0.0,synthetic_seed
MA,2023,other,hisp,f,5-9,0.0,synthetic_seed
MA,2023,other,hisp,m,10-14,0.0,synthetic_seed
MA,2023,other,hisp,f,10-14,0.0,synthetic_seed
MA,2023,other,hisp,m,15-19,0.3667,synthetic_seed
MA,2023,other,hisp,f,15-19,0.3253,synthetic_seed
MA,2023,other,hisp,m,20-24,0.7298,synthetic_seed
MA,2023,other,hisp,f,20-24,0.6799,synthetic_seed
MA,2023,other,hisp,m,25-29,0.8649,synthetic_seed
MA,2023,other,hisp,f,25-29,0.752,synthetic_seed
MA,2023,other,hisp,m,30-34,0.928,synthetic_seed
MA,2023,other,hisp,f,30-34,0.7146,synthetic_seed
MA,2023,other,hisp,m,35-39,0.9219,synthetic_seed
MA,2023,other,hisp,f,35-39,0.7151,synthetic_seed
MA,2023,other,hisp,m,40-44,0.9128,synthetic_seed
MA,2023,other,hisp,f,40-44,0.766,synthetic_seed
MA,2023,other,hisp,m,45-49,0.8449,synthetic_seed
MA,2023,other,hisp,f,45-49,0.7501,synthetic_seed
MA,2023,other,hisp,m,50-54,0.8237,synthetic_seed
MA,2023,other,hisp,f,50-54,0.734,synthetic_seed
MA,2023,other,hisp,m,55-59,0.7409,synthetic_seed
MA,2023,other,hisp,f,55-59,0.6499,synthetic_seed
MA,2023,other,hisp,m,60-64,0.6091,synthetic_seed
MA,2023,other,hisp,f,60-64,0.5153,synthetic_seed
MA,2023,other,hisp,m,65-69,0.373,synthetic_seed
MA,2023,other,hisp,f,65-69,0.2819,synthetic_seed
MA,2023,other,hisp,m,70-74,0.2315,synthetic_seed
MA,2023,other,hisp,f,70-74,0.1545,synthetic_seed
MA,2023,other,hisp,m,75-79,0.1185,synthetic_seed
MA,2023,other,hisp,f,75-79,0.0701,synthetic_seed
MA,2023,other,hisp,m,80-84,0.0591,synthetic_seed
MA,2023,other,hisp,f,80-84,0.0306,synthetic_seed
MA,2023,other,hisp,m,85+,0.0196,synthetic_seed
MA,2023,other,hisp,f,85+,0.0101,synthetic_seed
MI,2023,white,non-hisp,m,0-4,0.0,synthetic_seed
MI,2023,white,non-hisp,f,0-4,0.0,synthetic_seed
MI,2023,white,non-hisp,m,5-9,0.0,synthetic_seed
MI,2023,white,non-hisp,f,5-9,0.0,synthetic_seed
MI,2023,white,non-hisp,m,10-14,0.0,synthetic_seed
MI,2023,white,non-hisp,f,10-14,0.0,synthetic_seed
MI,2023,white,non-hisp,m,15-19,0.3468,synthetic_seed
MI,2023,white,non-hisp,f,15-19,0.3206,synthetic_seed
MI,2023,white,non-hisp,m,20-24,0.779,synthetic_seed
MI,2023,white,non-hisp,f,20-24,0.7117,synthetic_seed
MI,2023,white,non-hisp,m,25-29,0.8867,synthetic_seed
MI,2023,white,non-hisp,f,25-29,0.7447,synthetic_seed
MI,2023,white,non-hisp,m,30-34,0.9109,synthetic_seed
MI,2023,white,non-hisp,f,30-34,0.7076,synthetic_seed
MI,2023,white,non-hisp,m,35-39,0.9376,synthetic_seed
MI,2023,white,non-hisp,f,35-39,0.7229,synthetic_seed
MI,2023,white,non-hisp,m,40-44,0.9016,synthetic_seed
MI,2023,white,non-hisp,f,40-44,0.7704,synthetic_seed
MI,2023,white,non-hisp,m,45-49,0.8481,synthetic_seed
MI,2023,white,non-hisp,f,45-49,0.7698,synthetic_seed
MI,2023,white,non-hisp,m,50-54,0.8286,synthetic_seed
MI,2023,white,non-hisp,f,50-54,0.7513,synthetic_seed
MI,2023,white,non-hisp,m,55-59,0.7543,synthetic_seed
MI,2023,white,non-hisp,f,55-59,0.6484,synthetic_seed
MI,2023,white,non-hisp,m,60-64,0.6087,synthetic_seed
MI,2023,white,non-hisp,f,60-64,0.5136,synthetic_seed
MI,2023,white,non-hisp,m,65-69,0.3786,synthetic_seed
MI,2023,white,non-hisp,f,65-69,0.2788,synthetic_seed
MI,2023,white,non-hisp,m,70-74,0.2285,synthetic_seed
MI,2023,white,non-hisp,f,70-74,0.1536,synthetic_seed
MI,2023,white,non-hisp,m,75-79,0.1219,synthetic_seed
MI,2023,white,non-hisp,f,75-79,0.0711,synthetic_seed
MI,2023,white,non-hisp,m,80-84,0.0575,synthetic_seed
MI,2023,white,non-hisp,f,80-84,0.0296,synthetic_seed
MI,2023,white,non-hisp,m,85+,0.0199,synthetic_seed
MI,2023,white,non-hisp,f,85+,0.0099,synthetic_seed
MI,2023,white,hisp,m,0-4,0.0,synthetic_seed
MI,2023,white,hisp,f,0-4,0.0,synthetic_seed
MI,2023,white,hisp,m,5-9,0.0,synthetic_seed
MI,2023,white,hisp,f,5-9,0.0,synthetic_seed
MI,2023,white,hisp,m,10-14,0.0,synthetic_seed
MI,2023,white,hisp,f,10-14,0.0,synthetic_seed
MI,2023,white,hisp,m,15-19,0.3621,synthetic_seed
MI,2023,white,hisp,f,15-19,0.3124,synthetic_seed
MI,2023,white,hisp,m,20-24,0.7631,synthetic_seed
MI,2023,white,hisp,f,20-24,0.6904,synthetic_seed
MI,2023,white,hisp,m,25-29,0.885,synthetic_seed
MI,2023,white,hisp,f,25-29,0.755,synthetic_seed
MI,2023,white,hisp,m,30-34,0.917,synthetic_seed
MI,2023,white,hisp,f,30-34,0.7177,synthetic_seed
MI,2023,white,hisp,m,35-39,0.9145,synthetic_seed
MI,2023,white,hisp,f,35-39,0.7399,synthetic_seed
MI,2023,white,hisp,m,40-44,0.9239,synthetic_seed
MI,2023,white,hisp,f,40-44,0.7619,synthetic_seed
MI,2023,white,hisp,m,45-49,0.8426,synthetic_seed
MI,2023,white,hisp,f,45-49,0.7672,synthetic_seed
MI,2023,white,hisp,m,50-54,0.8342,synthetic_seed
MI,2023,white,hisp,f,50-54,0.7435,synthetic_seed
MI,2023,white,hisp,m,55-59,0.7563,synthetic_seed
MI,2023,white,hisp,f,55-59,0.6298,synthetic_seed
MI,2023,white,hisp,m,60-64,0.5776,synthetic_seed
MI,2023,white,hisp,f,60-64,0.4998,synthetic_seed
MI,2023,white,hisp,m,65-69,0.3753,synthetic_seed
MI,2023,white,hisp,f,65-69,0.2742,synthetic_seed
MI,2023,white,hisp,m,70-74,0.2243,synthetic_seed
MI,2023,white,hisp,f,70-74,0.1468,synthetic_seed
MI,2023,white,hisp,m,75-79,0.1182,synthetic_seed
MI,2023,white,hisp,f,75-79,0.0706,synthetic_seed
MI,2023,white,hisp,m,80-84,0.0588,synthetic_seed
MI,2023,white,hisp,f,80-84,0.0305,synthetic_seed
MI,2023,white,hisp,m,85+,0.0201,synthetic_seed
MI,2023,white,hisp,f,85+,0.0099,synthetic_seed
MI,2023,black,non-hisp,m,0-4,0.0,synthetic_seed
MI,2023,black,non-hisp,f,0-4,0.0,synthetic_seed
MI,2023,black,non-hisp,m,5-9,0.0,synthetic_seed
MI,2023,black,non-hisp,f,5-9,0.0,synthetic_seed
MI,2023,black,non-hisp,m,10-14,0.0,synthetic_seed
MI,2023,black,non-hisp,f,10-14,0.0,synthetic_seed
MI,2023,black,non-hisp,m,15-19,0.3548,synthetic_seed
MI,2023,black,non-hisp,f,15-19,0.3093,synthetic_seed
MI,2023,black,non-hisp,m,20-24,0.7158,synthetic_seed
MI,2023,black,non-hisp,f,20-24,0.6752,synthetic_seed
MI,2023,black,non-hisp,m,25-29,0.8363,synthetic_seed
MI,2023,black,non-hisp,f,25-29,0.7364,synthetic_seed
MI,2023,black,non-hisp,m,30-34,0.8826,synthetic_seed
MI,2023,black,non-hisp,f,30-34,0.7167,synthetic_seed
MI,2023,black,non-hisp,m,35-39,0.8837,synthetic_seed
MI,2023,black,non-hisp,f,35-39,0.73,synthetic_seed
MI,2023,black,non-hisp,m,40-44,0.8752,synthetic_seed
MI,2023,black,non-hisp,f,40-44,0.7525,synthetic_seed
MI,2023,black,non-hisp,m,45-49,0.8285,synthetic_seed
MI,2023,black,non-hisp,f,45-49,0.7378,synthetic_seed
MI,2023,black,non-hisp,m,50-54,0.8187,synthetic_seed
MI,2023,black,non-hisp,f,50-54,0.7185,synthetic_seed
MI,2023,black,non-hisp,m,55-59,0.7376,synthetic_seed
MI,2023,black,non-hisp,f,55-59,0.6238,synthetic_seed
MI,2023,black,non-hisp,m,60-64,0.5707,synthetic_seed
MI,2023,black,non-hisp,f,60-64,0.4969,synthetic_seed
MI,2023,black,non-hisp,m,65-69,0.3705,synthetic_seed
MI,2023,black,non-hisp,f,65-69,0.2714,synthetic_seed
MI,2023,black,non-hisp,m,70-74,0.2225,synthetic_seed
MI,2023,black,non-hisp,f,70-74,0.1423,synthetic_seed
MI,2023,black,non-hisp,m,75-79,0.1158,synthetic_seed
MI,2023,black,non-hisp,f,75-79,0.0686,synthetic_seed
MI,2023,black,non-hisp,m,80-84,0.0585,synthetic_seed
MI,2023,black,non-hisp,f,80-84,0.0286,synthetic_seed
MI,2023,black,non-hisp,m,85+,0.0191,synthetic_seed
MI,2023,black,non-hisp,f,85+,0.0101,synthetic_seed
MI,2023,black,hisp,m,0-4,0.0,synthetic_seed
MI,2023,black,hisp,f,0-4,0.0,synthetic_seed
MI,2023,black,hisp,m,5-9,0.0,synthetic_seed
MI,2023,black,hisp,f,5-9,0.0,synthetic_seed
MI,2023,black,hisp,m,10-14,0.0,synthetic_seed
MI,2023,black,hisp,f,10-14,0.0,synthetic_seed
MI,2023,black,hisp,m,15-19,0.3465,synthetic_seed
MI,2023,black,hisp,f,15-19,0.3165,synthetic_seed
MI,2023,black,hisp,m,20-24,0.7026,synthetic_seed
MI,2023,black,hisp,f,20-24,0.6686,synthetic_seed
MI,2023,black,hisp,m,25-29,0.8965,synthetic_seed
MI,2023,black,hisp,f,25-29,0.7246,synthetic_seed
MI,2023,black,hisp,m,30-34,0.9012,synthetic_seed
MI,2023,black,hisp,f,30-34,0.6936,synthetic_seed
MI,2023,black,hisp,m,35-39,0.8594,synthetic_seed
MI,2023,black,hisp,f,35-39,0.7314,synthetic_seed
MI,2023,black,hisp,m,40-44,0.8648,synthetic_seed
MI,2023,black,hisp,f,40-44,0.7115,synthetic_seed
MI,2023,black,hisp,m,45-49,0.8417,synthetic_seed
MI,2023,black,hisp,f,45-49,0.7537,synthetic_seed
MI,2023,black,hisp,m,50-54,0.789,synthetic_seed
MI,2023,black,hisp,f,50-54,0.7092,synthetic_seed
MI,2023,black,hisp,m,55-59,0.7258,synthetic_seed
MI,2023,black,hisp,f,55-59,0.6254,synthetic_seed
MI,2023,black,hisp,m,60-64,0.5758,synthetic_seed
MI,2023,black,hisp,f,60-64,0.4911,synthetic_seed
MI,2023,black,hisp,m,65-69,0.3692,synthetic_seed
MI,2023,black,hisp,f,65-69,0.2773,synthetic_seed
MI,2023,black,hisp,m,70-74,0.2266,synthetic_seed
MI,2023,black,hisp,f,70-74,0.1479,synthetic_seed
MI,2023,black,hisp,m,75-79,0.1178,synthetic_seed
MI,2023,black,hisp,f,75-79,0.0673,synthetic_seed
MI,2023,black,hisp,m,80-84,0.0579,synthetic_seed
MI,2023,black,hisp,f,80-84,0.0285,synthetic_seed
MI,2023,black,hisp,m,85+,0.0194,synthetic_seed
MI,2023,black,hisp,f,85+,0.0098,synthetic_seed
MI,2023,asian,non-hisp,m,0-4,0.0,synthetic_seed
MI,2023,asian,non-hisp,f,0-4,0.0,synthetic_seed
MI,2023,asian,non-hisp,m,5-9,0.0,synthetic_seed
MI,2023,asian,non-hisp,f,5-9,0.0,synthetic_seed
MI,2023,asian,non-hisp,m,10-14,0.0,synthetic_seed
MI,2023,asian,non-hisp,f,10-14,0.0,synthetic_seed
MI,2023,asian,non-hisp,m,15-19,0.3671,synthetic_seed
MI,2023,asian,non-hisp,f,15-19,0.3201,synthetic_seed
MI,2023,asian,non-hisp,m,20-24,0.7815,synthetic_seed
MI,2023,asian,non-hisp,f,20-24,0.7091,synthetic_seed
MI,2023,asian,non-hisp,m,25-29,0.8803,synthetic_seed
MI,2023,asian,non-hisp,f,25-29,0.7707,synthetic_seed
MI,2023,asian,non-hisp,m,30-34,0.9273,synthetic_seed
MI,2023,asian,non-hisp,f,30-34,0.7365,synthetic_seed
MI,2023,asian,non-hisp,m,35-39,0.9212,synthetic_seed
MI,2023,asian,non-hisp,f,35-39,0.7953,synthetic_seed
MI,2023,asian,non-hisp,m,40-44,0.9211,synthetic_seed
MI,2023,asian,non-hisp,f,40-44,0.7933,synthetic_seed
MI,2023,asian,non-hisp,m,45-49,0.8889,synthetic_seed
MI,2023,asian,non-hisp,f,45-49,0.7823,synthetic_seed
MI,2023,asian,non-hisp,m,50-54,0.8439,synthetic_seed
MI,2023,asian,non-hisp,f,50-54,0.7435,synthetic_seed
MI,2023,asian,non-hisp,m,55-59,0.7508,synthetic_seed
MI,2023,asian,non-hisp,f,55-59,0.6497,synthetic_seed
MI,2023,asian,non-hisp,m,60-64,0.5895,synthetic_seed
MI,2023,asian,non-hisp,f,60-64,0.5105,synthetic_seed
MI,2023,asian,non-hisp,m,65-69,0.3805,synthetic_seed
MI,2023,asian,non-hisp,f,65-69,0.2968,synthetic_seed
MI,2023,asian,non-hisp,m,70-74,0.2358,synthetic_seed
MI,2023,asian,non-hisp,f,70-74,0.1546,synthetic_seed
MI,2023,asian,non-hisp,m,75-79,0.1292,synthetic_seed
MI,2023,asian,non-hisp,f,75-79,0.0734,synthetic_seed
MI,2023,asian,non-hisp,m,80-84,0.0625,synthetic_seed
MI,2023,asian,non-hisp,f,80-84,0.0312,synthetic_seed
MI,2023,asian,non-hisp,m,85+,0.0215,synthetic_seed
MI,2023,asian,non-hisp,f,85+,0.0102,synthetic_seed
MI,2023,asian,hisp,m,0-4,0.0,synthetic_seed
MI,2023,asian,hisp,f,0-4,0.0,synthetic_seed
MI,2023,asian,hisp,m,5-9,0.0,synthetic_seed
MI,2023,asian,hisp,f,5-9,0.0,synthetic_seed
MI,2023,asian,hisp,m,10-14,0.0,synthetic_seed
MI,2023,asian,hisp,f,10-14,0.0,synthetic_seed
MI,2023,asian,hisp,m,15-19,0.3662,synthetic_seed
MI,2023,asian,hisp,f,15-19,0.329,synthetic_seed
MI,2023,asian,hisp,m,20-24,0.7333,synthetic_seed
MI,2023,asian,hisp,f,20-24,0.7248,synthetic_seed
MI,2023,asian,hisp,m,25-29,0.9283,synthetic_seed
MI,2023,asian,hisp,f,25-29,0.7534,synthetic_seed
MI,2023,asian,hisp,m,30-34,0.9118,synthetic_seed
MI,2023,asian,hisp,f,30-34,0.7455,synthetic_seed
MI,2023,asian,hisp,m,35-39,0.8928,synthetic_seed
MI,2023,asian,hisp,f,35-39,0.7594,synthetic_seed
MI,2023,asian,hisp,m,40-44,0.9456,synthetic_seed
MI,2023,asian,hisp,f,40-44,0.7935,synthetic_seed
MI,2023,asian,hisp,m,45-49,0.8899,synthetic_seed
MI,2023,asian,hisp,f,45-49,0.7843,synthetic_seed
MI,2023,asian,hisp,m,50-54,0.8388,synthetic_seed
MI,2023,asian,hisp,f,50-54,0.756,synthetic_seed
MI,2023,asian,hisp,m,55-59,0.7487,synthetic_seed
MI,2023,asian,hisp,f,55-59,0.6811,synthetic_seed
MI,2023,asian,hisp,m,60-64,0.5912,synthetic_seed
MI,2023,asian,hisp,f,60-64,0.5144,synthetic_seed
MI,2023,asian,hisp,m,65-69,0.3839,synthetic_seed
MI,2023,asian,hisp,f,65-69,0.2744,synthetic_seed
MI,2023,asian,hisp,m,70-74,0.2369,synthetic_seed
MI,2023,asian,hisp,f,70-74,0.1562,synthetic_seed
MI,2023,asian,hisp,m,75-79,0.1235,synthetic_seed
MI,2023,asian,hisp,f,75-79,0.0703,synthetic_seed
MI,2023,asian,hisp,m,80-84,0.0616,synthetic_seed
MI,2023,asian,hisp,f,80-84,0.0314,synthetic_seed
MI,2023,asian,hisp,m,85+,0.021,synthetic_seed
MI,2023,asian,hisp,f,85+,0.0099,synthetic_seed
MI,2023,other,non-hisp,m,0-4,0.0,synthetic_seed
MI,2023,other,non-hisp,f,0-4,0.0,synthetic_seed
MI,2023,other,non-hisp,m,5-9,0.0,synthetic_seed
MI,2023,other,non-hisp,f,5-9,0.0,synthetic_seed
MI,2023,other,non-hisp,m,10-14,0.0,synthetic_seed
MI,2023,other,non-hisp,f,10-14,0.0,synthetic_seed
MI,2023,other,non-hisp,m,15-19,0.3512,synthetic_seed
MI,2023,other,non-hisp,f,15-19,0.3122,synthetic_seed
MI,2023,other,non-hisp,m,20-24,0.7364,synthetic_seed
MI,2023,other,non-hisp,f,20-24,0.691,synthetic_seed
MI,2023,other,non-hisp,m,25-29,0.8537,synthetic_seed
MI,2023,other,non-hisp,f,25-29,0.7873,synthetic_seed
MI,2023,other,non-hisp,m,30-34,0.9214,synthetic_seed
MI,2023,other,non-hisp,f,30-34,0.7384,synthetic_seed
MI,2023,other,non-hisp,m,35-39,0.9022,synthetic_seed
MI,2023,other,non-hisp,f,35-39,0.7442,synthetic_seed
MI,2023,other,non-hisp,m,40-44,0.8925,synthetic_seed
MI,2023,other,non-hisp,f,40-44,0.7667,synthetic_seed
MI,2023,other,non-hisp,m,45-49,0.8675,synthetic_seed
MI,2023,other,non-hisp,f,45-49,0.7991,synthetic_seed
MI,2023,other,non-hisp,m,50-54,0.7873,synthetic_seed
MI,2023,other,non-hisp,f,50-54,0.7316,synthetic_seed
MI,2023,other,non-hisp,m,55-59,0.7309,synthetic_seed
MI,2023,other,non-hisp,f,55-59,0.6661,synthetic_seed
MI,2023,other,non-hisp,m,60-64,0.5963,synthetic_seed
MI,2023,other,non-hisp,f,60-64,0.4948,synthetic_seed
MI,2023,other,non-hisp,m,65-69,0.384,synthetic_seed
MI,2023,other,non-hisp,f,65-69,0.2801,synthetic_seed
MI,2023,other,non-hisp,m,70-74,0.2245,synthetic_seed
MI,2023,other,non-hisp,f,70-74,0.1524,synthetic_seed
MI,2023,other,non-hisp,m,75-79,0.1203,synthetic_seed
MI,2023,other,non-hisp,f,75-79,0.0728,synthetic_seed
MI,2023,other,non-hisp,m,80-84,0.0603,synthetic_seed
MI,2023,other,non-hisp,f,80-84,0.0301,synthetic_seed
MI,2023,other,non-hisp,m,85+,0.0202,synthetic_seed
MI,2023,other,non-hisp,f,85+,0.01,synthetic_seed
MI,2023,other,hisp,m,0-4,0.0,synthetic_seed
MI,2023,other,hisp,f,0-4,0.0,synthetic_seed
MI,2023,other,hisp,m,5-9,0.0,synthetic_seed
MI,2023,other,hisp,f,5-9,0.0,synthetic_seed
MI,2023,other,hisp,m,10-14,0.0,synthetic_seed
MI,2023,other,hisp,f,10-14,0.0,synthetic_seed
MI,2023,other,hisp,m,15-19,0.364,synthetic_seed
MI,2023,other,hisp,f,15-19,0.3231,synthetic_seed
MI,2023,other,hisp,m,20-24,0.7531,synthetic_seed
MI,2023,other,hisp,f,20-24,0.7081,synthetic_seed
MI,2023,other,hisp,m,25-29,0.9067,synthetic_seed
MI,2023,other,hisp,f,25-29,0.7635,synthetic_seed
MI,2023,other,hisp,m,30-34,0.9325,synthetic_seed
MI,2023,other,hisp,f,30-34,0.739,synthetic_seed
MI,2023,other,hisp,m,35-39,0.9273,synthetic_seed
MI,2023,other,hisp,f,35-39,0.7422,synthetic_seed
MI,2023,other,hisp,m,40-44,0.9183,synthetic_seed
MI,2023,other,hisp,f,40-44,0.7836,synthetic_seed
MI,2023,other,hisp,m,45-49,0.8917,synthetic_seed
MI,2023,other,hisp,f,45-49,0.7736,synthetic_seed
MI,2023,other,hisp,m,50-54,0.8363,synthetic_seed
MI,2023,other,hisp,f,50-54,0.7375,synthetic_seed
MI,2023,other,hisp,m,55-59,0.7687,synthetic_seed
MI,2023,other,hisp,f,55-59,0.6621,synthetic_seed
MI,2023,other,hisp,m,60-64,0.5911,synthetic_seed
MI,2023,other,hisp,f,60-64,0.4934,synthetic_seed
MI,2023,other,hisp,m,65-69,0.3914,synthetic_seed
MI,2023,other,hisp,f,65-69,0.2859,synthetic_seed
MI,2023,other,hisp,m,70-74,0.2372,synthetic_seed
MI,2023,other,hisp,f,70-74,0.1505,synthetic_seed
MI,2023,other,hisp,m,75-79,0.1207,synthetic_seed
MI,2023,other,hisp,f,75-79,0.0684,synthetic_seed
MI,2023,other,hisp,m,80-84,0.0607,synthetic_seed
MI,2023,other,hisp,f,80-84,0.03,synthetic_seed
MI,2023,other,hisp,m,85+,0.0202,synthetic_seed
MI,2023,other,hisp,f,85+,0.0099,synthetic_seed
MN,2023,white,non-hisp,m,0-4,0.0,synthetic_seed
MN,2023,white,non-hisp,f,0-4,0.0,synthetic_seed
MN,2023,white,non-hisp,m,5-9,0.0,synthetic_seed
MN,2023,white,non-hisp,f,5-9,0.0,synthetic_seed
MN,2023,white,non-hisp,m,10-14,0.0,synthetic_seed
MN,2023,white,non-hisp,f,10-14,0.0,synthetic_seed
MN,2023,white,non-hisp,m,15-19,0.35,synthetic_seed
MN,2023,white,non-hisp,f,15-19,0.3192,synthetic_seed
MN,2023,white,non-hisp,m,20-24,0.7528,synthetic_seed
MN,2023,white,non-hisp,f,20-24,0.6983,synthetic_seed
MN,2023,white,non-hisp,m,25-29,0.8889,synthetic_seed
MN,2023,white,non-hisp,f,25-29,0.765,synthetic_seed
MN,2023,white,non-hisp,m,30-34,0.9037,synthetic_seed
MN,2023,white,non-hisp,f,30-34,0.7364,synthetic_seed
MN,2023,white,non-hisp,m,35-39,0.9054,synthetic_seed
MN,2023,white,non-hisp,f,35-39,0.7336,synthetic_seed
MN,2023,white,non-hisp,m,40-44,0.8972,synthetic_seed
MN,2023,white,non-hisp,f,40-44,0.8008,synthetic_seed
MN,2023,white,non-hisp,m,45-49,0.8523,synthetic_seed
MN,2023,white,non-hisp,f,45-49,0.7659,synthetic_seed
MN,2023,white,non-hisp,m,50-54,0.8221,synthetic_seed
MN,2023,white,non-hisp,f,50-54,0.7125,synthetic_seed
MN,2023,white,non-hisp,m,55-59,0.7694,synthetic_seed
MN,2023,white,non-hisp,f,55-59,0.6341,synthetic_seed
MN,2023,white,non-hisp,m,60-64,0.5993,synthetic_seed
MN,2023,white,non-hisp,f,60-64,0.4977,synthetic_seed
MN,2023,white,non-hisp,m,65-69,0.372,synthetic_seed
MN,2023,white,non-hisp,f,65-69,0.2759,synthetic_seed
MN,2023,white,non-hisp,m,70-74,0.2312,synthetic_seed
MN,2023,white,non-hisp,f,70-74,0.1504,synthetic_seed
MN,2023,white,non-hisp,m,75-79,0.1194,synthetic_seed
MN,2023,white,non-hisp,f,75-79,0.0687,synthetic_seed
MN,2023,white,non-hisp,m,80-84,0.0623,synthetic_seed
MN,2023,white,non-hisp,f,80-84,0.0297,synthetic_seed
MN,2023,white,non-hisp,m,85+,0.0203,synthetic_seed
MN,2023,white,non-hisp,f,85+,0.0103,synthetic_seed
MN,2023,white,hisp,m,0-4,0.0,synthetic_seed
MN,2023,white,hisp,f,0-4,0.0,synthetic_seed
MN,2023,white,hisp,m,5-9,0.0,synthetic_seed
MN,2023,white,hisp,f,5-9,0.0,synthetic_seed
MN,2023,white,hisp,m,10-14,0.0,synthetic_seed
MN,2023,white,hisp,f,10-14,0.0,synthetic_seed
MN,2023,white,hisp,m,15-19,0.3642,synthetic_seed
MN,2023,white,hisp,f,15-19,0.3229,synthetic_seed
MN,2023,white,hisp,m,20-24,0.7418,synthetic_seed
MN,2023,white,hisp,f,20-24,0.6969,synthetic_seed
MN,2023,white,hisp,m,25-29,0.8761,synthetic_seed
MN,2023,white,hisp,f,25-29,0.7797,synthetic_seed
MN,2023,white,hisp,m,30-34,0.9007,synthetic_seed
MN,2023,white,hisp,f,30-34,0.7388,synthetic_seed
MN,2023,white,hisp,m,35-39,0.9334,synthetic_seed
MN,2023,white,hisp,f,35-39,0.7489,synthetic_seed
MN,2023,white,hisp,m,40-44,0.8881,synthetic_seed
MN,2023,white,hisp,f,40-44,0.81,synthetic_seed
MN,2023,white,hisp,m,45-49,0.8617,synthetic_seed
MN,2023,white,hisp,f,45-49,0.7646,synthetic_seed
MN,2023,white,hisp,m,50-54,0.8652,synthetic_seed
MN,2023,white,hisp,f,50-54,0.73,synthetic_seed
MN,2023,white,hisp,m,55-59,0.7537,synthetic_seed
MN,2023,white,hisp,f,55-59,0.6453,synthetic_seed
MN,2023,white,hisp,m,60-64,0.6175,synthetic_seed
MN,2023,white,hisp,f,60-64,0.5164,synthetic_seed
MN,2023,white,hisp,m,65-69,0.3832,synthetic_seed
MN,2023,white,hisp,f,65-69,0.2731,synthetic_seed
MN,2023,white,hisp,m,70-74,0.2351,synthetic_seed
MN,2023,white,hisp,f,70-74,0.1529,synthetic_seed
MN,2023,white,hisp,m,75-79,0.1208,synthetic_seed
MN,2023,white,hisp,f,75-79,0.0702,synthetic_seed
MN,2023,white,hisp,m,80-84,0.0615,synthetic_seed
MN,2023,white,hisp,f,80-84,0.0288,synthetic_seed
MN,2023,white,hisp,m,85+,0.0204,synthetic_seed
MN,2023,white,hisp,f,85+,0.0098,synthetic_seed
MN,2023,black,non-hisp,m,0-4,0.0,synthetic_seed
MN,2023,black,non-hisp,f,0-4,0.0,synthetic_seed
MN,2023,black,non-hisp,m,5-9,0.0,synthetic_seed
MN,2023,black,non-hisp,f,5-9,0.0,synthetic_seed
MN,2023,black,non-hisp,m,10-14,0.0,synthetic_seed
MN,2023,black,non-hisp,f,10-14,0.0,synthetic_seed
MN,2023,black,non-hisp,m,15-19,0.3456,synthetic_seed
MN,2023,black,non-hisp,f,15-19,0.3098,synthetic_seed
MN,2023,black,non-hisp,m,20-24,0.7235,synthetic_seed
MN,2023,black,non-hisp,f,20-24,0.6645,synthetic_seed
MN,2023,black,non-hisp,m,25-29,0.852,synthetic_seed
MN,2023,black,non-hisp,f,25-29,0.7075,synthetic_seed
MN,2023,black,non-hisp,m,30-34,0.9044,synthetic_seed
MN,2023,black,non-hisp,f,30-34,0.7101,synthetic_seed
MN,2023,black,non-hisp,m,35-39,0.899,synthetic_seed
MN,2023,black,non-hisp,f,35-39,0.7225,synthetic_seed
MN,2023,black,non-hisp,m,40-44,0.8556,synthetic_seed
MN,2023,black,non-hisp,f,40-44,0.728,synthetic_seed
MN,2023,black,non-hisp,m,45-49,0.8426,synthetic_seed
MN,2023,black,non-hisp,f,45-49,0.7115,synthetic_seed
MN,2023,black,non-hisp,m,50-54,0.8373,synthetic_seed
MN,2023,black,non-hisp,f,50-54,0.7364,synthetic_seed
MN,2023,black,non-hisp,m,55-59,0.744,synthetic_seed
MN,2023,black,non-hisp,f,55-59,0.6381,synthetic_seed
MN,2023,black,non-hisp,m,60-64,0.5791,synthetic_seed
MN,2023,black,non-hisp,f,60-64,0.495,synthetic_seed
MN,2023,black,non-hisp,m,65-69,0.364,synthetic_seed
MN,2023,black,non-hisp,f,65-69,0.2688,synthetic_seed
MN,2023,black,non-hisp,m,70-74,0.228,synthetic_seed
MN,2023,black,non-hisp,f,70-74,0.1495,synthetic_seed
MN,2023,black,non-hisp,m,75-79,0.1158,synthetic_seed
MN,2023,black,non-hisp,f,75-79,0.0693,synthetic_seed
MN,2023,black,non-hisp,m,80-84,0.0581,synthetic_seed
MN,2023,black,non-hisp,f,80-84,0.0294,synthetic_seed
MN,2023,black,non-hisp,m,85+,0.0191,synthetic_seed
MN,2023,black,non-hisp,f,85+,0.0095,synthetic_seed
MN,2023,black,hisp,m,0-4,0.0,synthetic_seed
MN,2023,black,hisp,f,0-4,0.0,synthetic_seed
MN,2023,black,hisp,m,5-9,0.0,synthetic_seed
MN,2023,black,hisp,f,5-9,0.0,synthetic_seed
MN,2023,black,hisp,m,10-14,0.0,synthetic_seed
MN,2023,black,hisp,f,10-14,0.0,synthetic_seed
MN,2023,black,hisp,m,15-19,0.3539,synthetic_seed
MN,2023,black,hisp,f,15-19,0.3168,synthetic_seed
MN,2023,black,hisp,m,20-24,0.7456,synthetic_seed
MN,2023,black,hisp,f,20-24,0.6749,synthetic_seed
MN,2023,black,hisp,m,25-29,0.8485,synthetic_seed
MN,2023,black,hisp,f,25-29,0.7373,synthetic_seed
MN,2023,black,hisp,m,30-34,0.8774,synthetic_seed
MN,2023,black,hisp,f,30-34,0.7323,synthetic_seed
MN,2023,black,hisp,m,35-39,0.8736,synthetic_seed
MN,2023,black,hisp,f,35-39,0.7221,synthetic_seed
MN,2023,black,hisp,m,40-44,0.8776,synthetic_seed
MN,2023,black,hisp,f,40-44,0.7384,synthetic_seed
MN,2023,black,hisp,m,45-49,0.828,synthetic_seed
MN,2023,black,hisp,f,45-49,0.7167,synthetic_seed
MN,2023,black,hisp,m,50-54,0.7875,synthetic_seed
MN,2023,black,hisp,f,50-54,0.7232,synthetic_seed
MN,2023,black,hisp,m,55-59,0.7323,synthetic_seed
MN,2023,black,hisp,f,55-59,0.6353,synthetic_seed
MN,2023,black,hisp,m,60-64,0.5652,synthetic_seed
MN,2023,black,hisp,f,60-64,0.4823,synthetic_seed
MN,2023,black,hisp,m,65-69,0.3513,synthetic_seed
MN,2023,black,hisp,f,65-69,0.2743,synthetic_seed
MN,2023,black,hisp,m,70-74,0.2225,synthetic_seed
MN,2023,black,hisp,f,70-74,0.1439,synthetic_seed
MN,2023,black,hisp,m,75-79,0.1141,synthetic_seed
MN,2023,black,hisp,f,75-79,0.0701,synthetic_seed
MN,2023,black,hisp,m,80-84,0.0597,synthetic_seed
MN,2023,black,hisp,f,80-84,0.0288,synthetic_seed
MN,2023,black,hisp,m,85+,0.0198,synthetic_seed
MN,2023,black,hisp,f,85+,0.0099,synthetic_seed
MN,2023,asian,non-hisp,m,0-4,0.0,synthetic_seed
MN,2023,asian,non-hisp,f,0-4,0.0,synthetic_seed
MN,2023,asian,non-hisp,m,5-9,0.0,synthetic_seed
MN,2023,asian,non-hisp,f,5-9,0.0,synthetic_seed
MN,2023,asian,non-hisp,m,10-14,0.0,synthetic_seed
MN,2023,asian,non-hisp,f,10-14,0.0,synthetic_seed
MN,2023,asian,non-hisp,m,15-19,0.363,synthetic_seed
MN,2023,asian,non-hisp,f,15-19,0.3204,synthetic_seed
MN,2023,asian,non-hisp,m,20-24,0.7571,synthetic_seed
MN,2023,asian,non-hisp,f,20-24,0.7271,synthetic_seed
MN,2023,asian,non-hisp,m,25-29,0.8898,synthetic_seed
MN,2023,asian,non-hisp,f,25-29,0.7814,synthetic_seed
MN,2023,asian,non-hisp,m,30-34,0.9378,synthetic_seed
MN,2023,asian,non-hisp,f,30-34,0.7521,synthetic_seed
MN,2023,asian,non-hisp,m,35-39,0.9517,synthetic_seed
MN,2023,asian,non-hisp,f,35-39,0.7285,synthetic_seed
MN,2023,asian,non-hisp,m,40-44,0.937,synthetic_seed
MN,2023,asian,non-hisp,f,40-44,0.7925,synthetic_seed
MN,2023,asian,non-hisp,m,45-49,0.8862,synthetic_seed
MN,2023,asian,non-hisp,f,45-49,0.7578,synthetic_seed
MN,2023,asian,non-hisp,m,50-54,0.8787,synthetic_seed
MN,2023,asian,non-hisp,f,50-54,0.748,synthetic_seed
MN,2023,asian,non-hisp,m,55-59,0.7893,synthetic_seed
MN,2023,asian,non-hisp,f,55-59,0.652,synthetic_seed
MN,2023,asian,non-hisp,m,60-64,0.6282,synthetic_seed
MN,2023,asian,non-hisp,f,60-64,0.5198,synthetic_seed
MN,2023,asian,non-hisp,m,65-69,0.3909,synthetic_seed
MN,2023,asian,non-hisp,f,65-69,0.284,synthetic_seed
MN,2023,asian,non-hisp,m,70-74,0.2346,synthetic_seed
MN,2023,asian,non-hisp,f,70-74,0.1542,synthetic_seed
MN,2023,asian,non-hisp,m,75-79,0.1205,synthetic_seed
MN,2023,asian,non-hisp,f,75-79,0.0694,synthetic_seed
MN,2023,asian,non-hisp,m,80-84,0.0622,synthetic_seed
MN,2023,asian,non-hisp,f,80-84,0.0309,synthetic_seed
MN,2023,asian,non-hisp,m,85+,0.0202,synthetic_seed
MN,2023,asian,non-hisp,f,85+,0.01,synthetic_seed
MN,2023,asian,hisp,m,0-4,0.0,synthetic_seed
MN,2023,asian,hisp,f,0-4,0.0,synthetic_seed
MN,2023,asian,hisp,m,5-9,0.0,synthetic_seed
MN,2023,asian,hisp,f,5-9,0.0,synthetic_seed
MN,2023,asian,hisp,m,10-14,0.0,synthetic_seed
MN,2023,asian,hisp,f,10-14,0.0,synthetic_seed
MN,2023,asian,hisp,m,15-19,0.3648,synthetic_seed
MN,2023,asian,hisp,f,15-19,0.3107,synthetic_seed
MN,2023,asian,hisp,m,20-24,0.746,synthetic_seed
MN,2023,asian,hisp,f,20-24,0.7088,synthetic_seed
MN,2023,asian,hisp,m,25-29,0.9178,synthetic_seed
MN,2023,asian,hisp,f,25-29,0.7875,synthetic_seed
MN,2023,asian,hisp,m,30-34,0.922,synthetic_seed
MN,2023,asian,hisp,f,30-34,0.7332,synthetic_seed
MN,2023,asian,hisp,m,35-39,0.9207,synthetic_seed
MN,2023,asian,hisp,f,35-39,0.7877,synthetic_seed
MN,2023,asian,hisp,m,40-44,0.8794,synthetic_seed
MN,2023,asian,hisp,f,40-44,0.7916,synthetic_seed
MN,2023,asian,hisp,m,45-49,0.8715,synthetic_seed
MN,2023,asian,hisp,f,45-49,0.7996,synthetic_seed
MN,2023,asian,hisp,m,50-54,0.857,synthetic_seed
MN,2023,asian,hisp,f,50-54,0.7421,synthetic_seed
MN,2023,asian,hisp,m,55-59,0.7762,synthetic_seed
MN,2023,asian,hisp,f,55-59,0.6665,synthetic_seed
MN,2023,asian,hisp,m,60-64,0.5935,synthetic_seed
MN,2023,asian,hisp,f,60-64,0.512,synthetic_seed
MN,2023,asian,hisp,m,65-69,0.3865,synthetic_seed
MN,2023,asian,hisp,f,65-69,0.286,synthetic_seed
MN,2023,asian,hisp,m,70-74,0.2387,synthetic_seed
MN,2023,asian,hisp,f,70-74,0.1497,synthetic_seed
MN,2023,asian,hisp,m,75-79,0.1208,synthetic_seed
MN,2023,asian,hisp,f,75-79,0.0707,synthetic_seed
MN,2023,asian,hisp,m,80-84,0.063,synthetic_seed
MN,2023,asian,hisp,f,80-84,0.0305,synthetic_seed
MN,2023,asian,hisp,m,85+,0.0206,synthetic_seed
MN,2023,asian,hisp,f,85+,0.0101,synthetic_seed
MN,2023,other,non-hisp,m,0-4,0.0,synthetic_seed
MN,2023,other,non-hisp,f,0-4,0.0,synthetic_seed
MN,2023,other,non-hisp,m,5-9,0.0,synthetic_seed
MN,2023,other,non-hisp,f,5-9,0.0,synthetic_seed
MN,2023,other,non-hisp,m,10-14,0.0,synthetic_seed
MN,2023,other,non-hisp,f,10-14,0.0,synthetic_seed
MN,2023,other,non-hisp,m,15-19,0.3693,synthetic_seed
MN,2023,other,non-hisp,f,15-19,0.3258,synthetic_seed
MN,2023,other,non-hisp,m,20-24,0.7495,synthetic_seed
MN,2023,other,non-hisp,f,20-24,0.7057,synthetic_seed
MN,2023,other,non-hisp,m,25-29,0.8941,synthetic_seed
MN,2023,other,non-hisp,f,25-29,0.7522,synthetic_seed
MN,2023,other,non-hisp,m,30-34,0.9003,synthetic_seed
MN,2023,other,non-hisp,f,30-34,0.7432,synthetic_seed
MN,2023,other,non-hisp,m,35-39,0.9127,synthetic_seed
MN,2023,other,non-hisp,f,35-39,0.7481,synthetic_seed
MN,2023,other,non-hisp,m,40-44,0.8895,synthetic_seed
MN,2023,other,non-hisp,f,40-44,0.7567,synthetic_seed
MN,2023,other,non-hisp,m,45-49,0.8261,synthetic_seed
MN,2023,other,non-hisp,f,45-49,0.7944,synthetic_seed
MN,2023,other,non-hisp,m,50-54,0.8092,synthetic_seed
MN,2023,other,non-hisp,f,50-54,0.745,synthetic_seed
MN,2023,other,non-hisp,m,55-59,0.7424,synthetic_seed
MN,2023,other,non-hisp,f,55-59,0.6568,synthetic_seed
MN,2023,other,non-hisp,m,60-64,0.6007,synthetic_seed
MN,2023,other,non-hisp,f,60-64,0.5124,synthetic_seed
MN,2023,other,non-hisp,m,65-69,0.3928,synthetic_seed
MN,2023,other,non-hisp,f,65-69,0.2742,synthetic_seed
MN,2023,other,non-hisp,m,70-74,0.2279,synthetic_seed
MN,2023,other,non-hisp,f,70-74,0.1554,synthetic_seed
MN,2023,other,non-hisp,m,75-79,0.1202,synthetic_seed
MN,2023,other,non-hisp,f,75-79,0.0708,synthetic_seed
MN,2023,other,non-hisp,m,80-84,0.0596,synthetic_seed
MN,2023,other,non-hisp,f,80-84,0.0308,synthetic_seed
MN,2023,other,non-hisp,m,85+,0.0197,synthetic_seed
MN,2023,other,non-hisp,f,85+,0.01,synthetic_seed
MN,2023,other,hisp,m,0-4,0.0,synthetic_seed
MN,2023,other,hisp,f,0-4,0.0,synthetic_seed
MN,2023,other,hisp,m,5-9,0.0,synthetic_seed
MN,2023,other,hisp,f,5-9,0.0,synthetic_seed
MN,2023,other,hisp,m,10-14,0.0,synthetic_seed
MN,2023,other,hisp,f,10-14,0.0,synthetic_seed
MN,2023,other,hisp,m,15-19,0.3638,synthetic_seed
MN,2023,other,hisp,f,15-19,0.3208,synthetic_seed
MN,2023,other,hisp,m,20-24,0.7265,synthetic_seed
MN,2023,other,hisp,f,20-24,0.7039,synthetic_seed
MN,2023,other,hisp,m,25-29,0.8936,synthetic_seed
MN,2023,other,hisp,f,25-29,0.7507,synthetic_seed
MN,2023,other,hisp,m,30-34,0.893,synthetic_seed
MN,2023,other,hisp,f,30-34,0.7322,synthetic_seed
MN,2023,other,hisp,m,35-39,0.8882,synthetic_seed
MN,2023,other,hisp,f,35-39,0.7255,synthetic_seed
MN,2023,other,hisp,m,40-44,0.8852,synthetic_seed
MN,2023,other,hisp,f,40-44,0.7777,synthetic_seed
MN,2023,other,hisp,m,45-49,0.889,synthetic_seed
MN,2023,other,hisp,f,45-49,0.7534,synthetic_seed
MN,2023,other,hisp,m,50-54,0.8171,synthetic_seed
MN,2023,other,hisp,f,50-54,0.7365,synthetic_seed
MN,2023,other,hisp,m,55-59,0.7665,synthetic_seed
MN,2023,other,hisp,f,55-59,0.6287,synthetic_seed
MN,2023,other,hisp,m,60-64,0.612,synthetic_seed
MN,2023,other,hisp,f,60-64,0.4933,synthetic_seed
MN,2023,other,hisp,m,65-69,0.3844,synthetic_seed
MN,2023,other,hisp,f,65-69,0.2834,synthetic_seed
MN,2023,other,hisp,m,70-74,0.2242,synthetic_seed
MN,2023,other,hisp,f,70-74,0.1464,synthetic_seed
MN,2023,other,hisp,m,75-79,0.1202,synthetic_seed
MN,2023,other,hisp,f,75-79,0.0692,synthetic_seed
MN,2023,other,hisp,m,80-84,0.061,synthetic_seed
MN,2023,other,hisp,f,80-84,0.0307,synthetic_seed
MN,2023,other,hisp,m,85+,0.0201,synthetic_seed
MN,2023,other,hisp,f,85+,0.0101,synthetic_seed
MS,2023,white,non-hisp,m,0-4,0.0,synthetic_seed
MS,2023,white,non-hisp,f,0-4,0.0,synthetic_seed
MS,2023,white,non-hisp,m,5-9,0.0,synthetic_seed
MS,2023,white,non-hisp,f,5-9,0.0,synthetic_seed
MS,2023,white,non-hisp,m,10-14,0.0,synthetic_seed
MS,2023,white,non-hisp,f,10-14,0.0,synthetic_seed
MS,2023,white,non-hisp,m,15-19,0.3669,synthetic_seed
MS,2023,white,non-hisp,f,15-19,0.3177,synthetic_seed
MS,2023,white,non-hisp,m,20-24,0.7489,synthetic_seed
MS,2023,white,non-hisp,f,20-24,0.7021,synthetic_seed
MS,2023,white,non-hisp,m,25-29,0.8694,synthetic_seed
MS,2023,white,non-hisp,f,25-29,0.7419,synthetic_seed
MS,2023,white,non-hisp,m,30-34,0.9228,synthetic_seed
MS,2023,white,non-hisp,f,30-34,0.7558,synthetic_seed
MS,2023,white,non-hisp,m,35-39,0.9361,synthetic_seed
MS,2023,white,non-hisp,f,35-39,0.7523,synthetic_seed
MS,2023,white,non-hisp,m,40-44,0.9208,synthetic_seed
MS,2023,white,non-hisp,f,40-44,0.7976,synthetic_seed
MS,2023,white,non-hisp,m,45-49,0.8755,synthetic_seed
MS,2023,white,non-hisp,f,45-49,0.7903,synthetic_seed
MS,2023,white,non-hisp,m,50-54,0.8288,synthetic_seed
MS,2023,white,non-hisp,f,50-54,0.7625,synthetic_seed
MS,2023,white,non-hisp,m,55-59,0.7778,synthetic_seed
MS,2023,white,non-hisp,f,55-59,0.6478,synthetic_seed
MS,2023,white,non-hisp,m,60-64,0.5921,synthetic_seed
MS,2023,white,non-hisp,f,60-64,0.5078,synthetic_seed
MS,2023,white,non-hisp,m,65-69,0.379,synthetic_seed
MS,2023,white,non-hisp,f,65-69,0.2865,synthetic_seed
MS,2023,white,non-hisp,m,70-74,0.2292,synthetic_seed
MS,2023,white,non-hisp,f,70-74,0.1493,synthetic_seed
MS,2023,white,non-hisp,m,75-79,0.1224,synthetic_seed
MS,2023,white,non-hisp,f,75-79,0.0678,synthetic_seed
MS,2023,white,non-hisp,m,80-84,0.0602,synthetic_seed
MS,2023,white,non-hisp,f,80-84,0.0298,synthetic_seed
MS,2023,white,non-hisp,m,85+,0.0198,synthetic_seed
MS,2023,white,non-hisp,f,85+,0.0101,synthetic_seed
MS,2023,white,hisp,m,0-4,0.0,synthetic_seed
MS,2023,white,hisp,f,0-4,0.0,synthetic_seed
MS,2023,white,hisp,m,5-9,0.0,synthetic_seed
MS,2023,white,hisp,f,5-9,0.0,synthetic_seed
MS,2023,white,hisp,m,10-14,0.0,synthetic_seed
MS,2023,white,hisp,f,10-14,0.0,synthetic_seed
MS,2023,white,hisp,m,15-19,0.3679,synthetic_seed
MS,2023,white,hisp,f,15-19,0.3214,synthetic_seed
MS,2023,white,hisp,m,20-24,0.7395,synthetic_seed
MS,2023,white,hisp,f,20-24,0.6915,synthetic_seed
MS,2023,white,hisp,m,25-29,0.8681,synthetic_seed
MS,2023,white,hisp,f,25-29,0.7453,synthetic_seed
MS,2023,white,hisp,m,30-34,0.9216,synthetic_seed
MS,2023,white,hisp,f,30-34,0.7319,synthetic_seed
MS,2023,white,hisp,m,35-39,0.8864,synthetic_seed
MS,2023,white,hisp,f,35-39,0.7405,synthetic_seed
MS,2023,white,hisp,m,40-44,0.8787,synthetic_seed
MS,2023,white,hisp,f,40-44,0.7669,synthetic_seed
MS,2023,white,hisp,m,45-49,0.8766,synthetic_seed
MS,2023,white,hisp,f,45-49,0.7589,synthetic_seed
MS,2023,white,hisp,m,50-54,0.839,synthetic_seed
MS,2023,white,hisp,f,50-54,0.755,synthetic_seed
MS,2023,white,hisp,m,55-59,0.6932,synthetic_seed
MS,2023,white,hisp,f,55-59,0.6404,synthetic_seed
MS,2023,white,hisp,m,60-64,0.5951,synthetic_seed
MS,2023,white,hisp,f,60-64,0.4974,synthetic_seed
MS,2023,white,hisp,m,65-69,0.375,synthetic_seed
MS,2023,white,hisp,f,65-69,0.2865,synthetic_seed
MS,2023,white,hisp,m,70-74,0.2344,synthetic_seed
MS,2023,white,hisp,f,70-74,0.1486,synthetic_seed
MS,2023,white,hisp,m,75-79,0.1155,synthetic_seed
MS,2023,white,hisp,f,75-79,0.0701,synthetic_seed
MS,2023,white,hisp,m,80-84,0.058,synthetic_seed
MS,2023,white,hisp,f,80-84,0.0299,synthetic_seed
MS,2023,white,hisp,m,85+,0.0198,synthetic_seed
MS,2023,white,hisp,f,85+,0.0096,synthetic_seed
MS,2023,black,non-hisp,m,0-4,0.0,synthetic_seed
MS,2023,black,non-hisp,f,0-4,0.0,synthetic_seed
MS,2023,black,non-hisp,m,5-9,0.0,synthetic_seed
MS,2023,black,non-hisp,f,5-9,0.0,synthetic_seed
MS,2023,black,non-hisp,m,10-14,0.0,synthetic_seed
MS,2023,black,non-hisp,f,10-14,0.0,synthetic_seed
MS,2023,black,non-hisp,m,15-19,0.3513,synthetic_seed
MS,2023,black,non-hisp,f,15-19,0.3102,synthetic_seed
MS,2023,black,non-hisp,m,20-24,0.7289,synthetic_seed
MS,2023,black,non-hisp,f,20-24,0.6959,synthetic_seed
MS,2023,black,non-hisp,m,25-29,0.8666,synthetic_seed
MS,2023,black,non-hisp,f,25-29,0.7147,synthetic_seed
MS,2023,black,non-hisp,m,30-34,0.8793,synthetic_seed
MS,2023,black,non-hisp,f,30-34,0.7055,synthetic_seed
MS,2023,black,non-hisp,m,35-39,0.8834,synthetic_seed
MS,2023,black,non-hisp,f,35-39,0.7207,synthetic_seed
MS,2023,black,non-hisp,m,40-44,0.8633,synthetic_seed
MS,2023,black,non-hisp,f,40-44,0.763,synthetic_seed
MS,2023,black,non-hisp,m,45-49,0.8254,synthetic_seed
MS,2023,black,non-hisp,f,45-49,0.7402,synthetic_seed
MS,2023,black,non-hisp,m,50-54,0.7829,synthetic_seed
MS,2023,black,non-hisp,f,50-54,0.6887,synthetic_seed
MS,2023,black,non-hisp,m,55-59,0.7397,synthetic_seed
MS,2023,black,non-hisp,f,55-59,0.6161,synthetic_seed
MS,2023,black,non-hisp,m,60-64,0.5859,synthetic_seed
MS,2023,black,non-hisp,f,60-64,0.4864,synthetic_seed
MS,2023,black,non-hisp,m,65-69,0.3703,synthetic_seed
MS,2023,black,non-hisp,f,65-69,0.2696,synthetic_seed
MS,2023,black,non-hisp,m,70-74,0.2275,synthetic_seed
MS,2023,black,non-hisp,f,70-74,0.1447,synthetic_seed
MS,2023,black,non-hisp,m,75-79,0.1157,synthetic_seed
MS,2023,black,non-hisp,f,75-79,0.0664,synthetic_seed
MS,2023,black,non-hisp,m,80-84,0.0594,synthetic_seed
MS,2023,black,non-hisp,f,80-84,0.0283,synthetic_seed
MS,2023,black,non-hisp,m,85+,0.0191,synthetic_seed
MS,2023,black,non-hisp,f,85+,0.0099,synthetic_seed
MS,2023,black,hisp,m,0-4,0.0,synthetic_seed
MS,2023,black,hisp,f,0-4,0.0,synthetic_seed
MS,2023,black,hisp,m,5-9,0.0,synthetic_seed
MS,2023,black,hisp,f,5-9,0.0,synthetic_seed
MS,2023,black,hisp,m,10-14,0.0,synthetic_seed
MS,2023,black,hisp,f,10-14,0.0,synthetic_seed
MS,2023,black,hisp,m,15-19,0.3541,synthetic_seed
MS,2023,black,hisp,f,15-19,0.3075,synthetic_seed
MS,2023,black,hisp,m,20-24,0.7428,synthetic_seed
MS,2023,black,hisp,f,20-24,0.6903,synthetic_seed
MS,2023,black,hisp,m,25-29,0.858,synthetic_seed
MS,2023,black,hisp,f,25-29,0.7351,synthetic_seed
MS,2023,black,hisp,m,30-34,0.8791,synthetic_seed
MS,2023,black,hisp,f,30-34,0.7042,synthetic_seed
MS,2023,black,hisp,m,35-39,0.8942,synthetic_seed
MS,2023,black,hisp,f,35-39,0.714,synthetic_seed
MS,2023,black,hisp,m,40-44,0.8418,synthetic_seed
MS,2023,black,hisp,f,40-44,0.7579,synthetic_seed
MS,2023,black,hisp,m,45-49,0.8558,synthetic_seed
MS,2023,black,hisp,f,45-49,0.7475,synthetic_seed
MS,2023,black,hisp,m,50-54,0.8098,synthetic_seed
MS,2023,black,hisp,f,50-54,0.7253,synthetic_seed
MS,2023,black,hisp,m,55-59,0.7385,synthetic_seed
MS,2023,black,hisp,f,55-59,0.6423,synthetic_seed
MS,2023,black,hisp,m,60-64,0.5914,synthetic_seed
MS,2023,black,hisp,f,60-64,0.4779,synthetic_seed
MS,2023,black,hisp,m,65-69,0.3663,synthetic_seed
MS,2023,black,hisp,f,65-69,0.2734,synthetic_seed
MS,2023,black,hisp,m,70-74,0.2186,synthetic_seed
MS,2023,black,hisp,f,70-74,0.1467,synthetic_seed
MS,2023,black,hisp,m,75-79,0.1132,synthetic_seed
MS,2023,black,hisp,f,75-79,0.067,synthetic_seed
MS,2023,black,hisp,m,80-84,0.0584,synthetic_seed
MS,2023,black,hisp,f,80-84,0.0291,synthetic_seed
MS,2023,black,hisp,m,85+,0.0189,synthetic_seed
MS,2023,black,hisp,f,85+,0.0096,synthetic_seed
MS,2023,asian,non-hisp,m,0-4,0.0,synthetic_seed
MS,2023,asian,non-hisp,f,0-4,0.0,synthetic_seed
MS,2023,asian,non-hisp,m,5-9,0.0,synthetic_seed
MS,2023,asian,non-hisp,f,5-9,0.0,synthetic_seed
MS,2023,asian,non-hisp,m,10-14,0.0,synthetic_seed
MS,2023,asian,non-hisp,f,10-14,0.0,synthetic_seed
MS,2023,asian,non-hisp,m,15-19,0.3689,synthetic_seed
MS,2023,asian,non-hisp,f,15-19,0.3323,synthetic_seed
MS,2023,asian,non-hisp,m,20-24,0.7488,synthetic_seed
MS,2023,asian,non-hisp,f,20-24,0.7343,synthetic_seed
MS,2023,asian,non-hisp,m,25-29,0.9131,synthetic_seed
MS,2023,asian,non-hisp,f,25-29,0.7647,synthetic_seed
MS,2023,asian,non-hisp,m,30-34,0.9125,synthetic_seed
MS,2023,asian,non-hisp,f,30-34,0.7542,synthetic_seed
MS,2023,asian,non-hisp,m,35-39,0.97,synthetic_seed
MS,2023,asian,non-hisp,f,35-39,0.7607,synthetic_seed
MS,2023,asian,non-hisp,m,40-44,0.9126,synthetic_seed
MS,2023,asian,non-hisp,f,40-44,0.7514,synthetic_seed
MS,2023,asian,non-hisp,m,45-49,0.8998,synthetic_seed
MS,2023,asian,non-hisp,f,45-49,0.783,synthetic_seed
MS,2023,asian,non-hisp,m,50-54,0.8428,synthetic_seed
MS,2023,asian,non-hisp,f,50-54,0.7452,synthetic_seed
MS,2023,asian,non-hisp,m,55-59,0.7556,synthetic_seed
MS,2023,asian,non-hisp,f,55-59,0.6784,synthetic_seed
MS,2023,asian,non-hisp,m,60-64,0.5932,synthetic_seed
MS,2023,asian,non-hisp,f,60-64,0.5141,synthetic_seed
MS,2023,asian,non-hisp,m,65-69,0.4043,synthetic_seed
MS,2023,asian,non-hisp,f,65-69,0.2931,synthetic_seed
MS,2023,asian,non-hisp,m,70-74,0.2386,synthetic_seed
MS,2023,asian,non-hisp,f,70-74,0.1543,synthetic_seed
MS,2023,asian,non-hisp,m,75-79,0.123,synthetic_seed
MS,2023,asian,non-hisp,f,75-79,0.0699,synthetic_seed
MS,2023,asian,non-hisp,m,80-84,0.061,synthetic_seed
MS,2023,asian,non-hisp,f,80-84,0.0313,synthetic_seed
MS,2023,asian,non-hisp,m,85+,0.0207,synthetic_seed
MS,2023,asian,non-hisp,f,85+,0.01,synthetic_seed
MS,2023,asian,hisp,m,0-4,0.0,synthetic_seed
MS,2023,asian,hisp,f,0-4,0.0,synthetic_seed
MS,2023,asian,hisp,m,5-9,0.0,synthetic_seed
MS,2023,asian,hisp,f,5-9,0.0,synthetic_seed
MS,2023,asian,hisp,m,10-14,0.0,synthetic_seed
MS,2023,asian,hisp,f,10-14,0.0,synthetic_seed
MS,2023,asian,hisp,m,15-19,0.3696,synthetic_seed
MS,2023,asian,hisp,f,15-19,0.3383,synthetic_seed
MS,2023,asian,hisp,m,20-24,0.7673,synthetic_seed
MS,2023,asian,hisp,f,20-24,0.6831,synthetic_seed
MS,2023,asian,hisp,m,25-29,0.8971,synthetic_seed
MS,2023,asian,hisp,f,25-29,0.7682,synthetic_seed
MS,2023,asian,hisp,m,30-34,0.9256,synthetic_seed
MS,2023,asian,hisp,f,30-34,0.7115,synthetic_seed
MS,2023,asian,hisp,m,35-39,0.9316,synthetic_seed
MS,2023,asian,hisp,f,35-39,0.7365,synthetic_seed
MS,2023,asian,hisp,m,40-44,0.9094,synthetic_seed
MS,2023,asian,hisp,f,40-44,0.7913,synthetic_seed
MS,2023,asian,hisp,m,45-49,0.8786,synthetic_seed
MS,2023,asian,hisp,f,45-49,0.7622,synthetic_seed
MS,2023,asian,hisp,m,50-54,0.8064,synthetic_seed
MS,2023,asian,hisp,f,50-54,0.7206,synthetic_seed
MS,2023,asian,hisp,m,55-59,0.7656,synthetic_seed
MS,2023,asian,hisp,f,55-59,0.6547,synthetic_seed
MS,2023,asian,hisp,m,60-64,0.6142,synthetic_seed
MS,2023,asian,hisp,f,60-64,0.5124,synthetic_seed
MS,2023,asian,hisp,m,65-69,0.4012,synthetic_seed
MS,2023,asian,hisp,f,65-69,0.2775,synthetic_seed
MS,2023,asian,hisp,m,70-74,0.2347,synthetic_seed
MS,2023,asian,hisp,f,70-74,0.1556,synthetic_seed
MS,2023,asian,hisp,m,75-79,0.1218,synthetic_seed
MS,2023,asian,hisp,f,75-79,0.0709,synthetic_seed
MS,2023,asian,hisp,m,80-84,0.0616,synthetic_seed
MS,2023,asian,hisp,f,80-84,0.0303,synthetic_seed
MS,2023,asian,hisp,m,85+,0.0207,synthetic_seed
MS,2023,asian,hisp,f,85+,0.01,synthetic_seed
MS,2023,other,non-hisp,m,0-4,0.0,synthetic_seed
MS,2023,other,non-hisp,f,0-4,0.0,synthetic_seed
MS,2023,other,non-hisp,m,5-9,0.0,synthetic_seed
MS,2023,other,non-hisp,f,5-9,0.0,synthetic_seed
MS,2023,other,non-hisp,m,10-14,0.0,synthetic_seed
MS,2023,other,non-hisp,f,10-14,0.0,synthetic_seed
MS,2023,other,non-hisp,m,15-19,0.3546,synthetic_seed
MS,2023,other,non-hisp,f,15-19,0.3284,synthetic_seed
MS,2023,other,non-hisp,m,20-24,0.7425,synthetic_seed
MS,2023,other,non-hisp,f,20-24,0.6899,synthetic_seed
MS,2023,other,non-hisp,m,25-29,0.8858,synthetic_seed
MS,2023,other,non-hisp,f,25-29,0.7456,synthetic_seed
MS,2023,other,non-hisp,m,30-34,0.9483,synthetic_seed
MS,2023,other,non-hisp,f,30-34,0.7658,synthetic_seed
MS,2023,other,non-hisp,m,35-39,0.8917,synthetic_seed
MS,2023,other,non-hisp,f,35-39,0.7298,synthetic_seed
MS,2023,other,non-hisp,m,40-44,0.898,synthetic_seed
MS,2023,other,non-hisp,f,40-44,0.7767,synthetic_seed
MS,2023,other,non-hisp,m,45-49,0.8716,synthetic_seed
MS,2023,other,non-hisp,f,45-49,0.7678,synthetic_seed
MS,2023,other,non-hisp,m,50-54,0.835,synthetic_seed
MS,2023,other,non-hisp,f,50-54,0.7378,synthetic_seed
MS,2023,other,non-hisp,m,55-59,0.7433,synthetic_seed
MS,2023,other,non-hisp,f,55-59,0.6551,synthetic_seed
MS,2023,other,non-hisp,m,60-64,0.5935,synthetic_seed
MS,2023,other,non-hisp,f,60-64,0.5165,synthetic_seed
MS,2023,other,non-hisp,m,65-69,0.3745,synthetic_seed
MS,2023,other,non-hisp,f,65-69,0.2859,synthetic_seed
MS,2023,other,non-hisp,m,70-74,0.232,synthetic_seed
MS,2023,other,non-hisp,f,70-74,0.1505,synthetic_seed
MS,2023,other,non-hisp,m,75-79,0.1202,synthetic_seed
MS,2023,other,non-hisp,f,75-79,0.0674,synthetic_seed
MS,2023,other,non-hisp,m,80-84,0.0595,synthetic_seed
MS,2023,other,non-hisp,f,80-84,0.0294,synthetic_seed
MS,2023,other,non-hisp,m,85+,0.0199,synthetic_seed
MS,2023,other,non-hisp,f,85+,0.0101,synthetic_seed
MS,2023,other,hisp,m,0-4,0.0,synthetic_seed
MS,2023,other,hisp,f,0-4,0.0,synthetic_seed
MS,2023,other,hisp,m,5-9,0.0,synthetic_seed
MS,2023,other,hisp,f,5-9,0.0,synthetic_seed
MS,2023,other,hisp,m,10-14,0.0,synthetic_seed
MS,2023,other,hisp,f,10-14,0.0,synthetic_seed
MS,2023,other,hisp,m,15-19,0.3614,synthetic_seed
MS,2023,other,hisp,f,15-19,0.3168,synthetic_seed
MS,2023,other,hisp,m,20-24,0.7463,synthetic_seed
MS,2023,other,hisp,f,20-24,0.6916,synthetic_seed
MS,2023,other,hisp,m,25-29,0.8684,synthetic_seed
MS,2023,other,hisp,f,25-29,0.7367,synthetic_seed
MS,2023,other,hisp,m,30-34,0.9314,synthetic_seed
MS,2023,other,hisp,f,30-34,0.7347,synthetic_seed
MS,2023,other,hisp,m,35-39,0.9027,synthetic_seed
MS,2023,other,hisp,f,35-39,0.747,synthetic_seed
MS,2023,other,hisp,m,40-44,0.905,synthetic_seed
MS,2023,other,hisp,f,40-44,0.774,synthetic_seed
MS,2023,other,hisp,m,45-49,0.8531,synthetic_seed
MS,2023,other,hisp,f,45-49,0.7514,synthetic_seed
MS,2023,other,hisp,m,50-54,0.8329,synthetic_seed
MS,2023,other,hisp,f,50-54,0.7221,synthetic_seed
MS,2023,other,hisp,m,55-59,0.7531,synthetic_seed
MS,2023,other,hisp,f,55-59,0.6409,synthetic_seed
MS,2023,other,hisp,m,60-64,0.6017,synthetic_seed
MS,2023,other,hisp,f,60-64,0.4875,synthetic_seed
MS,2023,other,hisp,m,65-69,0.3785,synthetic_seed
MS,2023,other,hisp,f,65-69,0.2806,synthetic_seed
MS,2023,other,hisp,m,70-74,0.2232,synthetic_seed
MS,2023,other,hisp,f,70-74,0.1577,synthetic_seed
MS,2023,other,hisp,m,75-79,0.1172,synthetic_seed
MS,2023,other,hisp,f,75-79,0.0691,synthetic_seed
MS,2023,other,hisp,m,80-84,0.0596,synthetic_seed
MS,2023,other,hisp,f,80-84,0.0305,synthetic_seed
MS,2023,other,hisp,m,85+,0.0203,synthetic_seed
MS,2023,other,hisp,f,85+,0.0102,synthetic_seed
MO,2023,white,non-hisp,m,0-4,0.0,synthetic_seed
MO,2023,white,non-hisp,f,0-4,0.0,synthetic_seed
MO,2023,white,non-hisp,m,5-9,0.0,synthetic_seed
MO,2023,white,non-hisp,f,5-9,0.0,synthetic_seed
MO,2023,white,non-hisp,m,10-14,0.0,synthetic_seed
MO,2023,white,non-hisp,f,10-14,0.0,synthetic_seed
MO,2023,white,non-hisp,m,15-19,0.3663,synthetic_seed
MO,2023,white,non-hisp,f,15-19,0.3119,synthetic_seed
MO,2023,white,non-hisp,m,20-24,0.7761,synthetic_seed
MO,2023,white,non-hisp,f,20-24,0.7208,synthetic_seed
MO,2023,white,non-hisp,m,25-29,0.871,synthetic_seed
MO,2023,white,non-hisp,f,25-29,0.7454,synthetic_seed
MO,2023,white,non-hisp,m,30-34,0.874,synthetic_seed
MO,2023,white,non-hisp,f,30-34,0.7589,synthetic_seed
MO,2023,white,non-hisp,m,35-39,0.9356,synthetic_seed
MO,2023,white,non-hisp,f,35-39,0.7504,synthetic_seed
MO,2023,white,non-hisp,m,40-44,0.8755,synthetic_seed
MO,2023,white,non-hisp,f,40-44,0.7488,synthetic_seed
MO,2023,white,non-hisp,m,45-49,0.8484,synthetic_seed
MO,2023,white,non-hisp,f,45-49,0.7841,synthetic_seed
MO,2023,white,non-hisp,m,50-54,0.8077,synthetic_seed
MO,2023,white,non-hisp,f,50-54,0.7585,synthetic_seed
MO,2023,white,non-hisp,m,55-59,0.7436,synthetic_seed
MO,2023,white,non-hisp,f,55-59,0.6653,synthetic_seed
MO,2023,white,non-hisp,m,60-64,0.5795,synthetic_seed
MO,2023,white,non-hisp,f,60-64,0.4875,synthetic_seed
MO,2023,white,non-hisp,m,65-69,0.3956,synthetic_seed
MO,2023,white,non-hisp,f,65-69,0.2837,synthetic_seed
MO,2023,white,non-hisp,m,70-74,0.2242,synthetic_seed
MO,2023,white,non-hisp,f,70-74,0.1505,synthetic_seed
MO,2023,white,non-hisp,m,75-79,0.1175,synthetic_seed
MO,2023,white,non-hisp,f,75-79,0.0677,synthetic_seed
MO,2023,white,non-hisp,m,80-84,0.0615,synthetic_seed
MO,2023,white,non-hisp,f,80-84,0.0302,synthetic_seed
MO,2023,white,non-hisp,m,85+,0.0199,synthetic_seed
MO,2023,white,non-hisp,f,85+,0.0102,synthetic_seed
MO,2023,white,hisp,m,0-4,0.0,synthetic_seed
MO,2023,white,hisp,f,0-4,0.0,synthetic_seed
MO,2023,white,hisp,m,5-9,0.0,synthetic_seed
MO,2023,white,hisp,f,5-9,0.0,synthetic_seed
MO,2023,white,hisp,m,10-14,0.0,synthetic_seed
MO,2023,white,hisp,f,10-14,0.0,synthetic_seed
MO,2023,white,hisp,m,15-19,0.3552,synthetic_seed
MO,2023,white,hisp,f,15-19,0.3279,synthetic_seed
MO,2023,white,hisp,m,20-24,0.7661,synthetic_seed
MO,2023,white,hisp,f,20-24,0.7012,synthetic_seed
MO,2023,white,hisp,m,25-29,0.8604,synthetic_seed
MO,2023,white,hisp,f,25-29,0.7492,synthetic_seed
MO,2023,white,hisp,m,30-34,0.9047,synthetic_seed
MO,2023,white,hisp,f,30-34,0.7218,synthetic_seed
MO,2023,white,hisp,m,35-39,0.9221,synthetic_seed
MO,2023,white,hisp,f,35-39,0.7424,synthetic_seed
MO,2023,white,hisp,m,40-44,0.8698,synthetic_seed
MO,2023,white,hisp,f,40-44,0.7811,synthetic_seed
MO,2023,white,hisp,m,45-49,0.8547,synthetic_seed
MO,2023,white,hisp,f,45-49,0.7933,synthetic_seed
MO,2023,white,hisp,m,50-54,0.8242,synthetic_seed
MO,2023,white,hisp,f,50-54,0.723,synthetic_seed
MO,2023,white,hisp,m,55-59,0.7613,synthetic_seed
MO,2023,white,hisp,f,55-59,0.6443,synthetic_seed
MO,2023,white,hisp,m,60-64,0.6093,synthetic_seed
MO,2023,white,hisp,f,60-64,0.5041,synthetic_seed
MO,2023,white,hisp,m,65-69,0.3694,synthetic_seed
MO,2023,white,hisp,f,65-69,0.2819,synthetic_seed
MO,2023,white,hisp,m,70-74,0.2299,synthetic_seed
MO,2023,white,hisp,f,70-74,0.1533,synthetic_seed
MO,2023,white,hisp,m,75-79,0.1203,synthetic_seed
MO,2023,white,hisp,f,75-79,0.068,synthetic_seed
MO,2023,white,hisp,m,80-84,0.0593,synthetic_seed
MO,2023,white,hisp,f,80-84,0.0299,synthetic_seed
MO,2023,white,hisp,m,85+,0.0202,synthetic_seed
MO,2023,white,hisp,f,85+,0.0102,synthetic_seed
MO,2023,black,non-hisp,m,0-4,0.0,synthetic_seed
MO,2023,black,non-hisp,f,0-4,0.0,synthetic_seed
MO,2023,black,non-hisp,m,5-9,0.0,synthetic_seed
MO,2023,black,non-hisp,f,5-9,0.0,synthetic_seed
MO,2023,black,non-hisp,m,10-14,0.0,synthetic_seed
MO,2023,black,non-hisp,f,10-14,0.0,synthetic_seed
MO,2023,black,non-hisp,m,15-19,0.351,synthetic_seed
MO,2023,black,non-hisp,f,15-19,0.3133,synthetic_seed
MO,2023,black,non-hisp,m,20-24,0.7374,synthetic_seed
MO,2023,black,non-hisp,f,20-24,0.6983,synthetic_seed
MO,2023,black,non-hisp,m,25-29,0.8487,synthetic_seed
MO,2023,black,non-hisp,f,25-29,0.7431,synthetic_seed
MO,2023,black,non-hisp,m,30-34,0.8799,synthetic_seed
MO,2023,black,non-hisp,f,30-34,0.6966,synthetic_seed
MO,2023,black,non-hisp,m,35-39,0.8803,synthetic_seed
MO,2023,black,non-hisp,f,35-39,0.6943,synthetic_seed
MO,2023,black,non-hisp,m,40-44,0.855,synthetic_seed
MO,2023,black,non-hisp,f,40-44,0.7404,synthetic_seed
MO,2023,black,non-hisp,m,45-49,0.8618,synthetic_seed
MO,2023,black,non-hisp,f,45-49,0.7454,synthetic_seed
MO,2023,black,non-hisp,m,50-54,0.8235,synthetic_seed
MO,2023,black,non-hisp,f,50-54,0.7218,synthetic_seed
MO,2023,black,non-hisp,m,55-59,0.7269,synthetic_seed
MO,2023,black,non-hisp,f,55-59,0.6243,synthetic_seed
MO,2023,black,non-hisp,m,60-64,0.5698,synthetic_seed
MO,2023,black,non-hisp,f,60-64,0.4916,synthetic_seed
MO,2023,black,non-hisp,m,65-69,0.3757,synthetic_seed
MO,2023,black,non-hisp,f,65-69,0.2748,synthetic_seed
MO,2023,black,non-hisp,m,70-74,0.2253,synthetic_seed
MO,2023,black,non-hisp,f,70-74,0.1456,synthetic_seed
MO,2023,black,non-hisp,m,75-79,0.1193,synthetic_seed
MO,2023,black,non-hisp,f,75-79,0.064,synthetic_seed
MO,2023,black,non-hisp,m,80-84,0.0594,synthetic_seed
MO,2023,black,non-hisp,f,80-84,0.029,synthetic_seed
MO,2023,black,non-hisp,m,85+,0.0194,synthetic_seed
MO,2023,black,non-hisp,f,85+,0.0098,synthetic_seed
MO,2023,black,hisp,m,0-4,0.0,synthetic_seed
MO,2023,black,hisp,f,0-4,0.0,synthetic_seed
MO,2023,black,hisp,m,5-9,0.0,synthetic_seed
MO,2023,black,hisp,f,5-9,0.0,synthetic_seed
MO,2023,black,hisp,m,10-14,0.0,synthetic_seed
MO,2023,black,hisp,f,10-14,0.0,synthetic_seed
MO,2023,black,hisp,m,15-19,0.3599,synthetic_seed
MO,2023,black,hisp,f,15-19,0.319,synthetic_seed
MO,2023,black,hisp,m,20-24,0.7038,synthetic_seed
MO,2023,black,hisp,f,20-24,0.6831,synthetic_seed
MO,2023,black,hisp,m,25-29,0.8672,synthetic_seed
MO,2023,black,hisp,f,25-29,0.7394,synthetic_seed
MO,2023,black,hisp,m,30-34,0.8937,synthetic_seed
MO,2023,black,hisp,f,30-34,0.7386,synthetic_seed
MO,2023,black,hisp,m,35-39,0.8471,synthetic_seed
MO,2023,black,hisp,f,35-39,0.7264,synthetic_seed
MO,2023,black,hisp,m,40-44,0.8747,synthetic_seed
MO,2023,black,hisp,f,40-44,0.7339,synthetic_seed
MO,2023,black,hisp,m,45-49,0.8174,synthetic_seed
MO,2023,black,hisp,f,45-49,0.737,synthetic_seed
MO,2023,black,hisp,m,50-54,0.8105,synthetic_seed
MO,2023,black,hisp,f,50-54,0.7053,synthetic_seed
MO,2023,black,hisp,m,55-59,0.7354,synthetic_seed
MO,2023,black,hisp,f,55-59,0.6321,synthetic_seed
MO,2023,black,hisp,m,60-64,0.5833,synthetic_seed
MO,2023,black,hisp,f,60-64,0.4735,synthetic_seed
MO,2023,black,hisp,m,65-69,0.3579,synthetic_seed
MO,2023,black,hisp,f,65-69,0.274,synthetic_seed
MO,2023,black,hisp,m,70-74,0.2215,synthetic_seed
MO,2023,black,hisp,f,70-74,0.1499,synthetic_seed
MO,2023,black,hisp,m,75-79,0.1155,synthetic_seed
MO,2023,black,hisp,f,75-79,0.068,synthetic_seed
MO,2023,black,hisp,m,80-84,0.0554,synthetic_seed
MO,2023,black,hisp,f,80-84,0.028,synthetic_seed
MO,2023,black,hisp,m,85+,0.0191,synthetic_seed
MO,2023,black,hisp,f,85+,0.0097,synthetic_seed
MO,2023,asian,non-hisp,m,0-4,0.0,synthetic_seed
MO,2023,asian,non-hisp,f,0-4,0.0,synthetic_seed
MO,2023,asian,non-hisp,m,5-9,0.0,synthetic_seed
MO,2023,asian,non-hisp,f,5-9,0.0,synthetic_seed
MO,2023,asian,non-hisp,m,10-14,0.0,synthetic_seed
MO,2023,asian,non-hisp,f,10-14,0.0,synthetic_seed
MO,2023,asian,non-hisp,m,15-19,0.3764,synthetic_seed
MO,2023,asian,non-hisp,f,15-19,0.3081,synthetic_seed
MO,2023,asian,non-hisp,m,20-24,0.7702,synthetic_seed
MO,2023,asian,non-hisp,f,20-24,0.7057,synthetic_seed
MO,2023,asian,non-hisp,m,25-29,0.8884,synthetic_seed
MO,2023,asian,non-hisp,f,25-29,0.7342,synthetic_seed
MO,2023,asian,non-hisp,m,30-34,0.9249,synthetic_seed
MO,2023,asian,non-hisp,f,30-34,0.7193,synthetic_seed
MO,2023,asian,non-hisp,m,35-39,0.8941,synthetic_seed
MO,2023,asian,non-hisp,f,35-39,0.7621,synthetic_seed
MO,2023,asian,non-hisp,m,40-44,0.9416,synthetic_seed
MO,2023,asian,non-hisp,f,40-44,0.7802,synthetic_seed
MO,2023,asian,non-hisp,m,45-49,0.893,synthetic_seed
MO,2023,asian,non-hisp,f,45-49,0.785,synthetic_seed
MO,2023,asian,non-hisp,m,50-54,0.8673,synthetic_seed
MO,2023,asian,non-hisp,f,50-54,0.7465,synthetic_seed
MO,2023,asian,non-hisp,m,55-59,0.7894,synthetic_seed
MO,2023,asian,non-hisp,f,55-59,0.677,synthetic_seed
MO,2023,asian,non-hisp,m,60-64,0.6222,synthetic_seed
MO,2023,asian,non-hisp,f,60-64,0.5205,synthetic_seed
MO,2023,asian,non-hisp,m,65-69,0.3858,synthetic_seed
MO,2023,asian,non-hisp,f,65-69,0.2874,synthetic_seed
MO,2023,asian,non-hisp,m,70-74,0.229,synthetic_seed
MO,2023,asian,non-hisp,f,70-74,0.1451,synthetic_seed
MO,2023,asian,non-hisp,m,75-79,0.1238,synthetic_seed
MO,2023,asian,non-hisp,f,75-79,0.0724,synthetic_seed
MO,2023,asian,non-hisp,m,80-84,0.0619,synthetic_seed
MO,2023,asian,non-hisp,f,80-84,0.0294,synthetic_seed
MO,2023,asian,non-hisp,m,85+,0.0208,synthetic_seed
MO,2023,asian,non-hisp,f,85+,0.0097,synthetic_seed
MO,2023,asian,hisp,m,0-4,0.0,synthetic_seed
MO,2023,asian,hisp,f,0-4,0.0,synthetic_seed
MO,2023,asian,hisp,m,5-9,0.0,synthetic_seed
MO,2023,asian,hisp,f,5-9,0.0,synthetic_seed
MO,2023,asian,hisp,m,10-14,0.0,synthetic_seed
MO,2023,asian,hisp,f,10-14,0.0,synthetic_seed
MO,2023,asian,hisp,m,15-19,0.3506,synthetic_seed
MO,2023,asian,hisp,f,15-19,0.3207,synthetic_seed
MO,2023,asian,hisp,m,20-24,0.7477,synthetic_seed
MO,2023,asian,hisp,f,20-24,0.7178,synthetic_seed
MO,2023,asian,hisp,m,25-29,0.9084,synthetic_seed
MO,2023,asian,hisp,f,25-29,0.7614,synthetic_seed
MO,2023,asian,hisp,m,30-34,0.9282,synthetic_seed
MO,2023,asian,hisp,f,30-34,0.738,synthetic_seed
MO,2023,asian,hisp,m,35-39,0.9363,synthetic_seed
MO,2023,asian,hisp,f,35-39,0.739,synthetic_seed
MO,2023,asian,hisp,m,40-44,0.8926,synthetic_seed
MO,2023,asian,hisp,f,40-44,0.7364,synthetic_seed
MO,2023,asian,hisp,m,45-49,0.8746,synthetic_seed
MO,2023,asian,hisp,f,45-49,0.7746,synthetic_seed
MO,2023,asian,hisp,m,50-54,0.8352,synthetic_seed
MO,2023,asian,hisp,f,50-54,0.7625,synthetic_seed
MO,2023,asian,hisp,m,55-59,0.76,synthetic_seed
MO,2023,asian,hisp,f,55-59,0.6669,synthetic_seed
MO,2023,asian,hisp,m,60-64,0.616,synthetic_seed
MO,2023,asian,hisp,f,60-64,0.5202,synthetic_seed
MO,2023,asian,hisp,m,65-69,0.3877,synthetic_seed
MO,2023,asian,hisp,f,65-69,0.2925,synthetic_seed
MO,2023,asian,hisp,m,70-74,0.2339,synthetic_seed
MO,2023,asian,hisp,f,70-74,0.1597,synthetic_seed
MO,2023,asian,hisp,m,75-79,0.1234,synthetic_seed
MO,2023,asian,hisp,f,75-79,0.0738,synthetic_seed
MO,2023,asian,hisp,m,80-84,0.0612,synthetic_seed
MO,2023,asian,hisp,f,80-84,0.0301,synthetic_seed
MO,2023,asian,hisp,m,85+,0.0216,synthetic_seed
MO,2023,asian,hisp,f,85+,0.0101,synthetic_seed
MO,2023,other,non-hisp,m,0-4,0.0,synthetic_seed
MO,2023,other,non-hisp,f,0-4,0.0,synthetic_seed
MO,2023,other,non-hisp,m,5-9,0.0,synthetic_seed
MO,2023,other,non-hisp,f,5-9,0.0,synthetic_seed
MO,2023,other,non-hisp,m,10-14,0.0,synthetic_seed
MO,2023,other,non-hisp,f,10-14,0.0,synthetic_seed
MO,2023,other,non-hisp,m,15-19,0.3566,synthetic_seed
MO,2023,other,non-hisp,f,15-19,0.319,synthetic_seed
MO,2023,other,non-hisp,m,20-24,0.7625,synthetic_seed
MO,2023,other,non-hisp,f,20-24,0.7077,synthetic_seed
MO,2023,other,non-hisp,m,25-29,0.8781,synthetic_seed
MO,2023,other,non-hisp,f,25-29,0.7548,synthetic_seed
MO,2023,other,non-hisp,m,30-34,0.899,synthetic_seed
MO,2023,other,non-hisp,f,30-34,0.7127,synthetic_seed
MO,2023,other,non-hisp,m,35-39,0.8996,synthetic_seed
MO,2023,other,non-hisp,f,35-39,0.7176,synthetic_seed
MO,2023,other,non-hisp,m,40-44,0.8763,synthetic_seed
MO,2023,other,non-hisp,f,40-44,0.7506,synthetic_seed
MO,2023,other,non-hisp,m,45-49,0.8617,synthetic_seed
MO,2023,other,non-hisp,f,45-49,0.7772,synthetic_seed
MO,2023,other,non-hisp,m,50-54,0.8333,synthetic_seed
MO,2023,other,non-hisp,f,50-54,0.7018,synthetic_seed
MO,2023,other,non-hisp,m,55-59,0.7066,synthetic_seed
MO,2023,other,non-hisp,f,55-59,0.6449,synthetic_seed
MO,2023,other,non-hisp,m,60-64,0.5918,synthetic_seed
MO,2023,other,non-hisp,f,60-64,0.4987,synthetic_seed
MO,2023,other,non-hisp,m,65-69,0.3823,synthetic_seed
MO,2023,other,non-hisp,f,65-69,0.2809,synthetic_seed
MO,2023,other,non-hisp,m,70-74,0.2376,synthetic_seed
MO,2023,other,non-hisp,f,70-74,0.1561,synthetic_seed
MO,2023,other,non-hisp,m,75-79,0.1168,synthetic_seed
MO,2023,other,non-hisp,f,75-79,0.0712,synthetic_seed
MO,2023,other,non-hisp,m,80-84,0.0591,synthetic_seed
MO,2023,other,non-hisp,f,80-84,0.0296,synthetic_seed
MO,2023,other,non-hisp,m,85+,0.0196,synthetic_seed
MO,2023,other,non-hisp,f,85+,0.0101,synthetic_seed
MO,2023,other,hisp,m,0-4,0.0,synthetic_seed
MO,2023,other,hisp,f,0-4,0.0,synthetic_seed
MO,2023,other,hisp,m,5-9,0.0,synthetic_seed
MO,2023,other,hisp,f,5-9,0.0,synthetic_seed
MO,2023,other,hisp,m,10-14,0.0,synthetic_seed
MO,2023,other,hisp,f,10-14,0.0,synthetic_seed
MO,2023,other,hisp,m,15-19,0.3556,synthetic_seed
MO,2023,other,hisp,f,15-19,0.3136,synthetic_seed
MO,2023,other,hisp,m,20-24,0.7646,synthetic_seed
MO,2023,other,hisp,f,20-24,0.715,synthetic_seed
MO,2023,other,hisp,m,25-29,0.8997,synthetic_seed
MO,2023,other,hisp,f,25-29,0.7569,synthetic_seed
MO,2023,other,hisp,m,30-34,0.9025,synthetic_seed
MO,2023,other,hisp,f,30-34,0.722,synthetic_seed
MO,2023,other,hisp,m,35-39,0.9297,synthetic_seed
MO,2023,other,hisp,f,35-39,0.7518,synthetic_seed
MO,2023,other,hisp,m,40-44,0.9121,synthetic_seed
MO,2023,other,hisp,f,40-44,0.7905,synthetic_seed
MO,2023,other,hisp,m,45-49,0.88,synthetic_seed
MO,2023,other,hisp,f,45-49,0.7673,synthetic_seed
MO,2023,other,hisp,m,50-54,0.8213,synthetic_seed
MO,2023,other,hisp,f,50-54,0.7376,synthetic_seed
MO,2023,other,hisp,m,55-59,0.7568,synthetic_seed
MO,2023,other,hisp,f,55-59,0.6565,synthetic_seed
MO,2023,other,hisp,m,60-64,0.6025,synthetic_seed
MO,2023,other,hisp,f,60-64,0.4921,synthetic_seed
MO,2023,other,hisp,m,65-69,0.391,synthetic_seed
MO,2023,other,hisp,f,65-69,0.2727,synthetic_seed
MO,2023,other,hisp,m,70-74,0.2354,synthetic_seed
MO,2023,other,hisp,f,70-74,0.1489,synthetic_seed
MO,2023,other,hisp,m,75-79,0.1214,synthetic_seed
MO,2023,other,hisp,f,75-79,0.0715,synthetic_seed
MO,2023,other,hisp,m,80-84,0.0608,synthetic_seed
MO,2023,other,hisp,f,80-84,0.0298,synthetic_seed
MO,2023,other,hisp,m,85+,0.02,synthetic_seed
MO,2023,other,hisp,f,85+,0.01,synthetic_seed
MT,2023,white,non-hisp,m,0-4,0.0,synthetic_seed
MT,2023,white,non-hisp,f,0-4,0.0,synthetic_seed
MT,2023,white,non-hisp,m,5-9,0.0,synthetic_seed
MT,2023,white,non-hisp,f,5-9,0.0,synthetic_seed
MT,2023,white,non-hisp,m,10-14,0.0,synthetic_seed
MT,2023,white,non-hisp,f,10-14,0.0,synthetic_seed
MT,2023,white,non-hisp,m,15-19,0.3663,synthetic_seed
MT,2023,white,non-hisp,f,15-19,0.3144,synthetic_seed
MT,2023,white,non-hisp,m,20-24,0.7688,synthetic_seed
MT,2023,white,non-hisp,f,20-24,0.6905,synthetic_seed
MT,2023,white,non-hisp,m,25-29,0.8693,synthetic_seed
MT,2023,white,non-hisp,f,25-29,0.7459,synthetic_seed
MT,2023,white,non-hisp,m,30-34,0.8985,synthetic_seed
MT,2023,white,non-hisp,f,30-34,0.7456,synthetic_seed
MT,2023,white,non-hisp,m,35-39,0.9152,synthetic_seed
MT,2023,white,non-hisp,f,35-39,0.7325,synthetic_seed
MT,2023,white,non-hisp,m,40-44,0.9267,synthetic_seed
MT,2023,white,non-hisp,f,40-44,0.7702,synthetic_seed
MT,2023,white,non-hisp,m,45-49,0.8557,synthetic_seed
MT,2023,white,non-hisp,f,45-49,0.7761,synthetic_seed
MT,2023,white,non-hisp,m,50-54,0.789,synthetic_seed
MT,2023,white,non-hisp,f,50-54,0.7125,synthetic_seed
MT,2023,white,non-hisp,m,55-59,0.7481,synthetic_seed
MT,2023,white,non-hisp,f,55-59,0.6731,synthetic_seed
MT,2023,white,non-hisp,m,60-64,0.619,synthetic_seed
MT,2023,white,non-hisp,f,60-64,0.5135,synthetic_seed
MT,2023,white,non-hisp,m,65-69,0.3855,synthetic_seed
MT,2023,white,non-hisp,f,65-69,0.2743,synthetic_seed
MT,2023,white,non-hisp,m,70-74,0.234,synthetic_seed
MT,2023,white,non-hisp,f,70-74,0.152,synthetic_seed
MT,2023,white,non-hisp,m,75-79,0.1163,synthetic_seed
MT,2023,white,non-hisp,f,75-79,0.0695,synthetic_seed
MT,2023,white,non-hisp,m,80-84,0.061,synthetic_seed
MT,2023,white,non-hisp,f,80-84,0.0295,synthetic_seed
MT,2023,white,non-hisp,m,85+,0.0199,synthetic_seed
MT,2023,white,non-hisp,f,85+,0.01,synthetic_seed
MT,2023,white,hisp,m,0-4,0.0,synthetic_seed
MT,2023,white,hisp,f,0-4,0.0,synthetic_seed
MT,2023,white,hisp,m,5-9,0.0,synthetic_seed
MT,2023,white,hisp,f,5-9,0.0,synthetic_seed
MT,2023,white,hisp,m,10-14,0.0,synthetic_seed
MT,2023,white,hisp,f,10-14,0.0,synthetic_seed
MT,2023,white,hisp,m,15-19,0.359,synthetic_seed
MT,2023,white,hisp,f,15-19,0.3206,synthetic_seed
MT,2023,white,hisp,m,20-24,0.7381,synthetic_seed
MT,2023,white,hisp,f,20-24,0.6979,synthetic_seed
MT,2023,white,hisp,m,25-29,0.877,synthetic_seed
MT,2023,white,hisp,f,25-29,0.7628,synthetic_seed
MT,2023,white,hisp,m,30-34,0.9315,synthetic_seed
MT,2023,white,hisp,f,30-34,0.7342,synthetic_seed
MT,2023,white,hisp,m,35-39,0.8731,synthetic_seed
MT,2023,white,hisp,f,35-39,0.7105,synthetic_seed
MT,2023,white,hisp,m,40-44,0.9029,synthetic_seed
MT,2023,white,hisp,f,40-44,0.7855,synthetic_seed
MT,2023,white,hisp,m,45-49,0.8598,synthetic_seed
MT,2023,white,hisp,f,45-49,0.7548,synthetic_seed
MT,2023,white,hisp,m,50-54,0.8319,synthetic_seed
MT,2023,white,hisp,f,50-54,0.7237,synthetic_seed
MT,2023,white,hisp,m,55-59,0.7382,synthetic_seed
MT,2023,white,hisp,f,55-59,0.6559,synthetic_seed
MT,2023,white,hisp,m,60-64,0.612,synthetic_seed
MT,2023,white,hisp,f,60-64,0.498,synthetic_seed
MT,2023,white,hisp,m,65-69,0.3783,synthetic_seed
MT,2023,white,hisp,f,65-69,0.286,synthetic_seed
MT,2023,white,hisp,m,70-74,0.2306,synthetic_seed
MT,2023,white,hisp,f,70-74,0.1468,synthetic_seed
MT,2023,white,hisp,m,75-79,0.1206,synthetic_seed
MT,2023,white,hisp,f,75-79,0.0701,synthetic_seed
MT,2023,white,hisp,m,80-84,0.0615,synthetic_seed
MT,2023,white,hisp,f,80-84,0.0298,synthetic_seed
MT,2023,white,hisp,m,85+,0.0206,synthetic_seed
MT,2023,white,hisp,f,85+,0.01,synthetic_seed
MT,2023,black,non-hisp,m,0-4,0.0,synthetic_seed
MT,2023,black,non-hisp,f,0-4,0.0,synthetic_seed
MT,2023,black,non-hisp,m,5-9,0.0,synthetic_seed
MT,2023,black,non-hisp,f,5-9,0.0,synthetic_seed
MT,2023,black,non-hisp,m,10-14,0.0,synthetic_seed
MT,2023,black,non-hisp,f,10-14,0.0,synthetic_seed
MT,2023,black,non-hisp,m,15-19,0.3549,synthetic_seed
MT,2023,black,non-hisp,f,15-19,0.3011,synthetic_seed
MT,2023,black,non-hisp,m,20-24,0.7547,synthetic_seed
MT,2023,black,non-hisp,f,20-24,0.6623,synthetic_seed
MT,2023,black,non-hisp,m,25-29,0.8911,synthetic_seed
MT,2023,black,non-hisp,f,25-29,0.7214,synthetic_seed
MT,2023,black,non-hisp,m,30-34,0.893,synthetic_seed
MT,2023,black,non-hisp,f,30-34,0.7037,synthetic_seed
MT,2023,black,non-hisp,m,35-39,0.8728,synthetic_seed
MT,2023,black,non-hisp,f,35-39,0.7114,synthetic_seed
MT,2023,black,non-hisp,m,40-44,0.8954,synthetic_seed
MT,2023,black,non-hisp,f,40-44,0.7558,synthetic_seed
MT,2023,black,non-hisp,m,45-49,0.8336,synthetic_seed
MT,2023,black,non-hisp,f,45-49,0.7309,synthetic_seed
MT,2023,black,non-hisp,m,50-54,0.8118,synthetic_seed
MT,2023,black,non-hisp,f,50-54,0.7175,synthetic_seed
MT,2023,black,non-hisp,m,55-59,0.7253,synthetic_seed
MT,2023,black,non-hisp,f,55-59,0.6174,synthetic_seed
MT,2023,black,non-hisp,m,60-64,0.585,synthetic_seed
MT,2023,black,non-hisp,f,60-64,0.51,synthetic_seed
MT,2023,black,non-hisp,m,65-69,0.3558,synthetic_seed
MT,2023,black,non-hisp,f,65-69,0.2691,synthetic_seed
MT,2023,black,non-hisp,m,70-74,0.2231,synthetic_seed
MT,2023,black,non-hisp,f,70-74,0.1429,synthetic_seed
MT,2023,black,non-hisp,m,75-79,0.1146,synthetic_seed
MT,2023,black,non-hisp,f,75-79,0.0691,synthetic_seed
MT,2023,black,non-hisp,m,80-84,0.0585,synthetic_seed
MT,2023,black,non-hisp,f,80-84,0.0308,synthetic_seed
MT,2023,black,non-hisp,m,85+,0.0194,synthetic_seed
MT,2023,black,non-hisp,f,85+,0.01,synthetic_seed
MT,2023,black,hisp,m,0-4,0.0,synthetic_seed
MT,2023,black,hisp,f,0-4,0.0,synthetic_seed
MT,2023,black,hisp,m,5-9,0.0,synthetic_seed
MT,2023,black,hisp,f,5-9,0.0,synthetic_seed
MT,2023,black,hisp,m,10-14,0.0,synthetic_seed
MT,2023,black,hisp,f,10-14,0.0,synthetic_seed
MT,2023,black,hisp,m,15-19,0.3569,synthetic_seed
MT,2023,black,hisp,f,15-19,0.2997,synthetic_seed
MT,2023,black,hisp,m,20-24,0.72,synthetic_seed
MT,2023,black,hisp,f,20-24,0.6717,synthetic_seed
MT,2023,black,hisp,m,25-29,0.89,synthetic_seed
MT,2023,black,hisp,f,25-29,0.733,synthetic_seed
MT,2023,black,hisp,m,30-34,0.8799,synthetic_seed
MT,2023,black,hisp,f,30-34,0.7221,synthetic_seed
MT,2023,black,hisp,m,35-39,0.882,synthetic_seed
MT,2023,black,hisp,f,35-39,0.7095,synthetic_seed
MT,2023,black,hisp,m,40-44,0.8531,synthetic_seed
MT,2023,black,hisp,f,40-44,0.7314,synthetic_seed
MT,2023,black,hisp,m,45-49,0.8384,synthetic_seed
MT,2023,black,hisp,f,45-49,0.7423,synthetic_seed
MT,2023,black,hisp,m,50-54,0.8033,synthetic_seed
MT,2023,black,hisp,f,50-54,0.7142,synthetic_seed
MT,2023,black,hisp,m,55-59,0.7269,synthetic_seed
MT,2023,black,hisp,f,55-59,0.6235,synthetic_seed
MT,2023,black,hisp,m,60-64,0.5693,synthetic_seed
MT,2023,black,hisp,f,60-64,0.4771,synthetic_seed
MT,2023,black,hisp,m,65-69,0.3641,synthetic_seed
MT,2023,black,hisp,f,65-69,0.2654,synthetic_seed
MT,2023,black,hisp,m,70-74,0.2257,synthetic_seed
MT,2023,black,hisp,f,70-74,0.1471,synthetic_seed
MT,2023,black,hisp,m,75-79,0.1142,synthetic_seed
MT,2023,black,hisp,f,75-79,0.0677,synthetic_seed
MT,2023,black,hisp,m,80-84,0.0581,synthetic_seed
MT,2023,black,hisp,f,80-84,0.0292,synthetic_seed
MT,2023,black,hisp,m,85+,0.0191,synthetic_seed
MT,2023,black,hisp,f,85+,0.0099,synthetic_seed
MT,2023,asian,non-hisp,m,0-4,0.0,synthetic_seed
MT,2023,asian,non-hisp,f,0-4,0.0,synthetic_seed
MT,2023,asian,non-hisp,m,5-9,0.0,synthetic_seed
MT,2023,asian,non-hisp,f,5-9,0.0,synthetic_seed
MT,2023,asian,non-hisp,m,10-14,0.0,synthetic_seed
MT,2023,asian,non-hisp,f,10-14,0.0,synthetic_seed
MT,2023,asian,non-hisp,m,15-19,0.3737,synthetic_seed
MT,2023,asian,non-hisp,f,15-19,0.3401,synthetic_seed
MT,2023,asian,non-hisp,m,20-24,0.8007,synthetic_seed
MT,2023,asian,non-hisp,f,20-24,0.7203,synthetic_seed
MT,2023,asian,non-hisp,m,25-29,0.8576,synthetic_seed
MT,2023,asian,non-hisp,f,25-29,0.7779,synthetic_seed
MT,2023,asian,non-hisp,m,30-34,0.9341,synthetic_seed
MT,2023,asian,non-hisp,f,30-34,0.738,synthetic_seed
MT,2023,asian,non-hisp,m,35-39,0.9119,synthetic_seed
MT,2023,asian,non-hisp,f,35-39,0.7429,synthetic_seed
MT,2023,asian,non-hisp,m,40-44,0.9256,synthetic_seed
MT,2023,asian,non-hisp,f,40-44,0.7957,synthetic_seed
MT,2023,asian,non-hisp,m,45-49,0.9106,synthetic_seed
MT,2023,asian,non-hisp,f,45-49,0.7804,synthetic_seed
MT,2023,asian,non-hisp,m,50-54,0.8497,synthetic_seed
MT,2023,asian,non-hisp,f,50-54,0.7525,synthetic_seed
MT,2023,asian,non-hisp,m,55-59,0.7677,synthetic_seed
MT,2023,asian,non-hisp,f,55-59,0.643,synthetic_seed
MT,2023,asian,non-hisp,m,60-64,0.6162,synthetic_seed
MT,2023,asian,non-hisp,f,60-64,0.4982,synthetic_seed
MT,2023,asian,non-hisp,m,65-69,0.3762,synthetic_seed
MT,2023,asian,non-hisp,f,65-69,0.2807,synthetic_seed
MT,2023,asian,non-hisp,m,70-74,0.2292,synthetic_seed
MT,2023,asian,non-hisp,f,70-74,0.1594,synthetic_seed
MT,2023,asian,non-hisp,m,75-79,0.1217,synthetic_seed
MT,2023,asian,non-hisp,f,75-79,0.0703,synthetic_seed
MT,2023,asian,non-hisp,m,80-84,0.0613,synthetic_seed
MT,2023,asian,non-hisp,f,80-84,0.0314,synthetic_seed
MT,2023,asian,non-hisp,m,85+,0.0204,synthetic_seed
MT,2023,asian,non-hisp,f,85+,0.0102,synthetic_seed
MT,2023,asian,hisp,m,0-4,0.0,synthetic_seed
MT,2023,asian,hisp,f,0-4,0.0,synthetic_seed
MT,2023,asian,hisp,m,5-9,0.0,synthetic_seed
MT,2023,asian,hisp,f,5-9,0.0,synthetic_seed
MT,2023,asian,hisp,m,10-14,0.0,synthetic_seed
MT,2023,asian,hisp,f,10-14,0.0,synthetic_seed
MT,2023,asian,hisp,m,15-19,0.3709,synthetic_seed
MT,2023,asian,hisp,f,15-19,0.3153,synthetic_seed
MT,2023,asian,hisp,m,20-24,0.7578,synthetic_seed
MT,2023,asian,hisp,f,20-24,0.7203,synthetic_seed
MT,2023,asian,hisp,m,25-29,0.8916,synthetic_seed
MT,2023,asian,hisp,f,25-29,0.7644,synthetic_seed
MT,2023,asian,hisp,m,30-34,0.9672,synthetic_seed
MT,2023,asian,hisp,f,30-34,0.7307,synthetic_seed
MT,2023,asian,hisp,m,35-39,0.9202,synthetic_seed
MT,2023,asian,hisp,f,35-39,0.7841,synthetic_seed
MT,2023,asian,hisp,m,40-44,0.936,synthetic_seed
MT,2023,asian,hisp,f,40-44,0.7989,synthetic_seed
MT,2023,asian,hisp,m,45-49,0.8659,synthetic_seed
MT,2023,asian,hisp,f,45-49,0.8001,synthetic_seed
MT,2023,asian,hisp,m,50-54,0.8273,synthetic_seed
MT,2023,asian,hisp,f,50-54,0.7668,synthetic_seed
MT,2023,asian,hisp,m,55-59,0.7564,synthetic_seed
MT,2023,asian,hisp,f,55-59,0.6376,synthetic_seed
MT,2023,asian,hisp,m,60-64,0.6106,synthetic_seed
MT,2023,asian,hisp,f,60-64,0.5138,synthetic_seed
MT,2023,asian,hisp,m,65-69,0.4004,synthetic_seed
MT,2023,asian,hisp,f,65-69,0.2844,synthetic_seed
MT,2023,asian,hisp,m,70-74,0.2329,synthetic_seed
MT,2023,asian,hisp,f,70-74,0.1535,synthetic_seed
MT,2023,asian,hisp,m,75-79,0.1218,synthetic_seed
MT,2023,asian,hisp,f,75-79,0.0724,synthetic_seed
MT,2023,asian,hisp,m,80-84,0.0618,synthetic_seed
MT,2023,asian,hisp,f,80-84,0.0298,synthetic_seed
MT,2023,asian,hisp,m,85+,0.0202,synthetic_seed
MT,2023,asian,hisp,f,85+,0.01,synthetic_seed
MT,2023,other,non-hisp,m,0-4,0.0,synthetic_seed
MT,2023,other,non-hisp,f,0-4,0.0,synthetic_seed
MT,2023,other,non-hisp,m,5-9,0.0,synthetic_seed
MT,2023,other,non-hisp,f,5-9,0.0,synthetic_seed
MT,2023,other,non-hisp,m,10-14,0.0,synthetic_seed
MT,2023,other,non-hisp,f,10-14,0.0,synthetic_seed
MT,2023,other,non-hisp,m,15-19,0.3637,synthetic_seed
MT,2023,other,non-hisp,f,15-19,0.3249,synthetic_seed
MT,2023,other,non-hisp,m,20-24,0.7371,synthetic_seed
MT,2023,other,non-hisp,f,20-24,0.7092,synthetic_seed
MT,2023,other,non-hisp,m,25-29,0.8515,synthetic_seed
MT,2023,other,non-hisp,f,25-29,0.7492,synthetic_seed
MT,2023,other,non-hisp,m,30-34,0.9173,synthetic_seed
MT,2023,other,non-hisp,f,30-34,0.7253,synthetic_seed
MT,2023,other,non-hisp,m,35-39,0.9451,synthetic_seed
MT,2023,other,non-hisp,f,35-39,0.7355,synthetic_seed
MT,2023,other,non-hisp,m,40-44,0.8919,synthetic_seed
MT,2023,other,non-hisp,f,40-44,0.7691,synthetic_seed
MT,2023,other,non-hisp,m,45-49,0.8559,synthetic_seed
MT,2023,other,non-hisp,f,45-49,0.7959,synthetic_seed
MT,2023,other,non-hisp,m,50-54,0.849,synthetic_seed
MT,2023,other,non-hisp,f,50-54,0.7238,synthetic_seed
MT,2023,other,non-hisp,m,55-59,0.7104,synthetic_seed
MT,2023,other,non-hisp,f,55-59,0.6414,synthetic_seed
MT,2023,other,non-hisp,m,60-64,0.5956,synthetic_seed
MT,2023,other,non-hisp,f,60-64,0.5089,synthetic_seed
MT,2023,other,non-hisp,m,65-69,0.3945,synthetic_seed
MT,2023,other,non-hisp,f,65-69,0.2795,synthetic_seed
MT,2023,other,non-hisp,m,70-74,0.231,synthetic_seed
MT,2023,other,non-hisp,f,70-74,0.1507,synthetic_seed
MT,2023,other,non-hisp,m,75-79,0.1236,synthetic_seed
MT,2023,other,non-hisp,f,75-79,0.068,synthetic_seed
MT,2023,other,non-hisp,m,80-84,0.0593,synthetic_seed
MT,2023,other,non-hisp,f,80-84,0.0289,synthetic_seed
MT,2023,other,non-hisp,m,85+,0.0201,synthetic_seed
MT,2023,other,non-hisp,f,85+,0.0101,synthetic_seed
MT,2023,other,hisp,m,0-4,0.0,synthetic_seed
MT,2023,other,hisp,f,0-4,0.0,synthetic_seed
MT,2023,other,hisp,m,5-9,0.0,synthetic_seed
MT,2023,other,hisp,f,5-9,0.0,synthetic_seed
MT,2023,other,hisp,m,10-14,0.0,synthetic_seed
MT,2023,other,hisp,f,10-14,0.0,synthetic_seed
MT,2023,other,hisp,m,15-19,0.3659,synthetic_seed
MT,2023,other,hisp,f,15-19,0.3192,synthetic_seed
MT,2023,other,hisp,m,20-24,0.753,synthetic_seed
MT,2023,other,hisp,f,20-24,0.6855,synthetic_seed
MT,2023,other,hisp,m,25-29,0.8912,synthetic_seed
MT,2023,other,hisp,f,25-29,0.7521,synthetic_seed
MT,2023,other,hisp,m,30-34,0.8912,synthetic_seed
MT,2023,other,hisp,f,30-34,0.7611,synthetic_seed
MT,2023,other,hisp,m,35-39,0.8933,synthetic_seed
MT,2023,other,hisp,f,35-39,0.7294,synthetic_seed
MT,2023,other,hisp,m,40-44,0.8836,synthetic_seed
MT,2023,other,hisp,f,40-44,0.777,synthetic_seed
MT,2023,other,hisp,m,45-49,0.8678,synthetic_seed
MT,2023,other,hisp,f,45-49,0.7545,synthetic_seed
MT,2023,other,hisp,m,50-54,0.8176,synthetic_seed
MT,2023,other,hisp,f,50-54,0.7209,synthetic_seed
MT,2023,other,hisp,m,55-59,0.7614,synthetic_seed
MT,2023,other,hisp,f,55-59,0.6417,synthetic_seed
MT,2023,other,hisp,m,60-64,0.6103,synthetic_seed
MT,2023,other,hisp,f,60-64,0.4938,synthetic_seed
MT,2023,other,hisp,m,65-69,0.3625,synthetic_seed
MT,2023,other,hisp,f,65-69,0.2894,synthetic_seed
MT,2023,other,hisp,m,70-74,0.2305,synthetic_seed
MT,2023,other,hisp,f,70-74,0.1553,synthetic_seed
MT,2023,other,hisp,m,75-79,0.1199,synthetic_seed
MT,2023,other,hisp,f,75-79,0.0698,synthetic_seed
MT,2023,other,hisp,m,80-84,0.059,synthetic_seed
MT,2023,other,hisp,f,80-84,0.0306,synthetic_seed
MT,2023,other,hisp,m,85+,0.0196,synthetic_seed
MT,2023,other,hisp,f,85+,0.0097,synthetic_seed
NE,2023,white,non-hisp,m,0-4,0.0,synthetic_seed
NE,2023,white,non-hisp,f,0-4,0.0,synthetic_seed
NE,2023,white,non-hisp,m,5-9,0.0,synthetic_seed
NE,2023,white,non-hisp,f,5-9,0.0,synthetic_seed
NE,2023,white,non-hisp,m,10-14,0.0,synthetic_seed
NE,2023,white,non-hisp,f,10-14,0.0,synthetic_seed
NE,2023,white,non-hisp,m,15-19,0.3748,synthetic_seed
NE,2023,white,non-hisp,f,15-19,0.3101,synthetic_seed
NE,2023,white,non-hisp,m,20-24,0.759,synthetic_seed
NE,2023,white,non-hisp,f,20-24,0.7105,synthetic_seed
NE,2023,white,non-hisp,m,25-29,0.8778,synthetic_seed
NE,2023,white,non-hisp,f,25-29,0.7608,synthetic_seed
NE,2023,white,non-hisp,m,30-34,0.934,synthetic_seed
NE,2023,white,non-hisp,f,30-34,0.7309,synthetic_seed
NE,2023,white,non-hisp,m,35-39,0.9095,synthetic_seed
NE,2023,white,non-hisp,f,35-39,0.7571,synthetic_seed
NE,2023,white,non-hisp,m,40-44,0.8674,synthetic_seed
NE,2023,white,non-hisp,f,40-44,0.7504,synthetic_seed
NE,2023,white,non-hisp,m,45-49,0.8615,synthetic_seed
NE,2023,white,non-hisp,f,45-49,0.7975,synthetic_seed
NE,2023,white,non-hisp,m,50-54,0.8347,synthetic_seed
NE,2023,white,non-hisp,f,50-54,0.7338,synthetic_seed
NE,2023,white,non-hisp,m,55-59,0.755,synthetic_seed
NE,2023,white,non-hisp,f,55-59,0.6473,synthetic_seed
NE,2023,white,non-hisp,m,60-64,0.5789,synthetic_seed
NE,2023,white,non-hisp,f,60-64,0.5072,synthetic_seed
NE,2023,white,non-hisp,m,65-69,0.3758,synthetic_seed
NE,2023,white,non-hisp,f,65-69,0.2761,synthetic_seed
NE,2023,white,non-hisp,m,70-74,0.2313,synthetic_seed
NE,2023,white,non-hisp,f,70-74,0.1465,synthetic_seed
NE,2023,white,non-hisp,m,75-79,0.1207,synthetic_seed
NE,2023,white,non-hisp,f,75-79,0.0692,synthetic_seed
NE,2023,white,non-hisp,m,80-84,0.0589,synthetic_seed
NE,2023,white,non-hisp,f,80-84,0.0309,synthetic_seed
NE,2023,white,non-hisp,m,85+,0.0202,synthetic_seed
NE,2023,white,non-hisp,f,85+,0.01,synthetic_seed
NE,2023,white,hisp,m,0-4,0.0,synthetic_seed
NE,2023,white,hisp,f,0-4,0.0,synthetic_seed
NE,2023,white,hisp,m,5-9,0.0,synthetic_seed
NE,2023,white,hisp,f,5-9,0.0,synthetic_seed
NE,2023,white,hisp,m,10-14,0.0,synthetic_seed
NE,2023,white,hisp,f,10-14,0.0,synthetic_seed
NE,2023,white,hisp,m,15-19,0.3607,synthetic_seed
NE,2023,white,hisp,f,15-19,0.3228,synthetic_seed
NE,2023,white,hisp,m,20-24,0.7636,synthetic_seed
NE,2023,white,hisp,f,20-24,0.694,synthetic_seed
NE,2023,white,hisp,m,25-29,0.862,synthetic_seed
NE,2023,white,hisp,f,25-29,0.7437,synthetic_seed
NE,2023,white,hisp,m,30-34,0.8916,synthetic_seed
NE,2023,white,hisp,f,30-34,0.7404,synthetic_seed
NE,2023,white,hisp,m,35-39,0.9189,synthetic_seed
NE,2023,white,hisp,f,35-39,0.7307,synthetic_seed
NE,2023,white,hisp,m,40-44,0.8933,synthetic_seed
NE,2023,white,hisp,f,40-44,0.7542,synthetic_seed
NE,2023,white,hisp,m,45-49,0.8982,synthetic_seed
NE,2023,white,hisp,f,45-49,0.8007,synthetic_seed
NE,2023,white,hisp,m,50-54,0.8274,synthetic_seed
NE,2023,white,hisp,f,50-54,0.7563,synthetic_seed
NE,2023,white,hisp,m,55-59,0.7558,synthetic_seed
NE,2023,white,hisp,f,55-59,0.6574,synthetic_seed
NE,2023,white,hisp,m,60-64,0.6031,synthetic_seed
NE,2023,white,hisp,f,60-64,0.507,synthetic_seed
NE,2023,white,hisp,m,65-69,0.3848,synthetic_seed
NE,2023,white,hisp,f,65-69,0.2832,synthetic_seed
NE,2023,white,hisp,m,70-74,0.2294,synthetic_seed
NE,2023,white,hisp,f,70-74,0.1433,synthetic_seed
NE,2023,white,hisp,m,75-79,0.1168,synthetic_seed
NE,2023,white,hisp,f,75-79,0.0697,synthetic_seed
NE,2023,white,hisp,m,80-84,0.0618,synthetic_seed
NE,2023,white,hisp,f,80-84,0.0299,synthetic_seed
NE,2023,white,hisp,m,85+,0.0204,synthetic_seed
NE,2023,white,hisp,f,85+,0.0101,synthetic_seed
NE,2023,black,non-hisp,m,0-4,0.0,synthetic_seed
NE,2023,black,non-hisp,f,0-4,0.0,synthetic_seed
NE,2023,black,non-hisp,m,5-9,0.0,synthetic_seed
NE,2023,black,non-hisp,f,5-9,0.0,synthetic_seed
NE,2023,black,non-hisp,m,10-14,0.0,synthetic_seed
NE,2023,black,non-hisp,f,10-14,0.0,synthetic_seed
NE,2023,black,non-hisp,m,15-19,0.349,synthetic_seed
NE,2023,black,non-hisp,f,15-19,0.315,synthetic_seed
NE,2023,black,non-hisp,m,20-24,0.7207,synthetic_seed
NE,2023,black,non-hisp,f,20-24,0.6935,synthetic_seed
NE,2023,black,non-hisp,m,25-29,0.8662,synthetic_seed
NE,2023,black,non-hisp,f,25-29,0.7306,synthetic_seed
NE,2023,black,non-hisp,m,30-34,0.8663,synthetic_seed
NE,2023,black,non-hisp,f,30-34,0.7067,synthetic_seed
NE,2023,black,non-hisp,m,35-39,0.8451,synthetic_seed
NE,2023,black,non-hisp,f,35-39,0.7088,synthetic_seed
NE,2023,black,non-hisp,m,40-44,0.8561,synthetic_seed
NE,2023,black,non-hisp,f,40-44,0.7414,synthetic_seed
NE,2023,black,non-hisp,m,45-49,0.8508,synthetic_seed
NE,2023,black,non-hisp,f,45-49,0.7442,synthetic_seed
NE,2023,black,non-hisp,m,50-54,0.8221,synthetic_seed
NE,2023,black,non-hisp,f,50-54,0.733,synthetic_seed
NE,2023,black,non-hisp,m,55-59,0.7317,synthetic_seed
NE,2023,black,non-hisp,f,55-59,0.6326,synthetic_seed
NE,2023,black,non-hisp,m,60-64,0.5535,synthetic_seed
NE,2023,black,non-hisp,f,60-64,0.493,synthetic_seed
NE,2023,black,non-hisp,m,65-69,0.3722,synthetic_seed
NE,2023,black,non-hisp,f,65-69,0.2724,synthetic_seed
NE,2023,black,non-hisp,m,70-74,0.2306,synthetic_seed
NE,2023,black,non-hisp,f,70-74,0.1484,synthetic_seed
NE,2023,black,non-hisp,m,75-79,0.1176,synthetic_seed
NE,2023,black,non-hisp,f,75-79,0.065,synthetic_seed
NE,2023,black,non-hisp,m,80-84,0.0562,synthetic_seed
NE,2023,black,non-hisp,f,80-84,0.03,synthetic_seed
NE,2023,black,non-hisp,m,85+,0.019,synthetic_seed
NE,2023,black,non-hisp,f,85+,0.0098,synthetic_seed
NE,2023,black,hisp,m,0-4,0.0,synthetic_seed
NE,2023,black,hisp,f,0-4,0.0,synthetic_seed
NE,2023,black,hisp,m,5-9,0.0,synthetic_seed
NE,2023,black,hisp,f,5-9,0.0,synthetic_seed
NE,2023,black,hisp,m,10-14,0.0,synthetic_seed
NE,2023,black,hisp,f,10-14,0.0,synthetic_seed
NE,2023,black,hisp,m,15-19,0.3422,synthetic_seed
NE,2023,black,hisp,f,15-19,0.3152,synthetic_seed
NE,2023,black,hisp,m,20-24,0.7293,synthetic_seed
NE,2023,black,hisp,f,20-24,0.6956,synthetic_seed
NE,2023,black,hisp,m,25-29,0.8461,synthetic_seed
NE,2023,black,hisp,f,25-29,0.7697,synthetic_seed
NE,2023,black,hisp,m,30-34,0.8672,synthetic_seed
NE,2023,black,hisp,f,30-34,0.7132,synthetic_seed
NE,2023,black,hisp,m,35-39,0.8814,synthetic_seed
NE,2023,black,hisp,f,35-39,0.735,synthetic_seed
NE,2023,black,hisp,m,40-44,0.846,synthetic_seed
NE,2023,black,hisp,f,40-44,0.7252,synthetic_seed
NE,2023,black,hisp,m,45-49,0.8727,synthetic_seed
NE,2023,black,hisp,f,45-49,0.7461,synthetic_seed
NE,2023,black,hisp,m,50-54,0.7635,synthetic_seed
NE,2023,black,hisp,f,50-54,0.7099,synthetic_seed
NE,2023,black,hisp,m,55-59,0.7272,synthetic_seed
NE,2023,black,hisp,f,55-59,0.6547,synthetic_seed
NE,2023,black,hisp,m,60-64,0.5644,synthetic_seed
NE,2023,black,hisp,f,60-64,0.5092,synthetic_seed
NE,2023,black,hisp,m,65-69,0.3706,synthetic_seed
NE,2023,black,hisp,f,65-69,0.2709,synthetic_seed
NE,2023,black,hisp,m,70-74,0.2214,synthetic_seed
NE,2023,black,hisp,f,70-74,0.1419,synthetic_seed
NE,2023,black,hisp,m,75-79,0.1124,synthetic_seed
NE,2023,black,hisp,f,75-79,0.0681,synthetic_seed
NE,2023,black,hisp,m,80-84,0.0577,synthetic_seed
NE,2023,black,hisp,f,80-84,0.0282,synthetic_seed
NE,2023,black,hisp,m,85+,0.0201,synthetic_seed
NE,2023,black,hisp,f,85+,0.0096,synthetic_seed
NE,2023,asian,non-hisp,m,0-4,0.0,synthetic_seed
NE,2023,asian,non-hisp,f,0-4,0.0,synthetic_seed
NE,2023,asian,non-hisp,m,5-9,0.0,synthetic_seed
NE,2023,asian,non-hisp,f,5-9,0.0,synthetic_seed
NE,2023,asian,non-hisp,m,10-14,0.0,synthetic_seed
NE,2023,asian,non-hisp,f,10-14,0.0,synthetic_seed
NE,2023,asian,non-hisp,m,15-19,0.3661,synthetic_seed
NE,2023,asian,non-hisp,f,15-19,0.3238,synthetic_seed
NE,2023,asian,non-hisp,m,20-24,0.7498,synthetic_seed
NE,2023,asian,non-hisp,f,20-24,0.7146,synthetic_seed
NE,2023,asian,non-hisp,m,25-29,0.8934,synthetic_seed
NE,2023,asian,non-hisp,f,25-29,0.7386,synthetic_seed
NE,2023,asian,non-hisp,m,30-34,0.9367,synthetic_seed
NE,2023,asian,non-hisp,f,30-34,0.7658,synthetic_seed
NE,2023,asian,non-hisp,m,35-39,0.9454,synthetic_seed
NE,2023,asian,non-hisp,f,35-39,0.7216,synthetic_seed
NE,2023,asian,non-hisp,m,40-44,0.9144,synthetic_seed
NE,2023,asian,non-hisp,f,40-44,0.7611,synthetic_seed
NE,2023,asian,non-hisp,m,45-49,0.8965,synthetic_seed
NE,2023,asian,non-hisp,f,45-49,0.7645,synthetic_seed
NE,2023,asian,non-hisp,m,50-54,0.8649,synthetic_seed
NE,2023,asian,non-hisp,f,50-54,0.7694,synthetic_seed
NE,2023,asian,non-hisp,m,55-59,0.7373,synthetic_seed
NE,2023,asian,non-hisp,f,55-59,0.6479,synthetic_seed
NE,2023,asian,non-hisp,m,60-64,0.6288,synthetic_seed
NE,2023,asian,non-hisp,f,60-64,0.5163,synthetic_seed
NE,2023,asian,non-hisp,m,65-69,0.3978,synthetic_seed
NE,2023,asian,non-hisp,f,65-69,0.281,synthetic_seed
NE,2023,asian,non-hisp,m,70-74,0.2375,synthetic_seed
NE,2023,asian,non-hisp,f,70-74,0.1555,synthetic_seed
NE,2023,asian,non-hisp,m,75-79,0.1239,synthetic_seed
NE,2023,asian,non-hisp,f,75-79,0.0685,synthetic_seed
NE,2023,asian,non-hisp,m,80-84,0.0616,synthetic_seed
NE,2023,asian,non-hisp,f,80-84,0.0299,synthetic_seed
NE,2023,asian,non-hisp,m,85+,0.0201,synthetic_seed
NE,2023,asian,non-hisp,f,85+,0.0105,synthetic_seed
NE,2023,asian,hisp,m,0-4,0.0,synthetic_seed
NE,2023,asian,hisp,f,0-4,0.0,synthetic_seed
NE,2023,asian,hisp,m,5-9,0.0,synthetic_seed
NE,2023,asian,hisp,f,5-9,0.0,synthetic_seed
NE,2023,asian,hisp,m,10-14,0.0,synthetic_seed
NE,2023,asian,hisp,f,10-14,0.0,synthetic_seed
NE,2023,asian,hisp,m,15-19,0.3749,synthetic_seed
NE,2023,asian,hisp,f,15-19,0.3343,synthetic_seed
NE,2023,asian,hisp,m,20-24,0.7752,synthetic_seed
NE,2023,asian,hisp,f,20-24,0.7403,synthetic_seed
NE,2023,asian,hisp,m,25-29,0.8936,synthetic_seed
NE,2023,asian,hisp,f,25-29,0.7368,synthetic_seed
NE,2023,asian,hisp,m,30-34,0.9293,synthetic_seed
NE,2023,asian,hisp,f,30-34,0.732,synthetic_seed
NE,2023,asian,hisp,m,35-39,0.9316,synthetic_seed
NE,2023,asian,hisp,f,35-39,0.7774,synthetic_seed
NE,2023,asian,hisp,m,40-44,0.9181,synthetic_seed
NE,2023,asian,hisp,f,40-44,0.788,synthetic_seed
NE,2023,asian,hisp,m,45-49,0.8742,synthetic_seed
NE,2023,asian,hisp,f,45-49,0.7598,synthetic_seed
NE,2023,asian,hisp,m,50-54,0.8483,synthetic_seed
NE,2023,asian,hisp,f,50-54,0.7416,synthetic_seed
NE,2023,asian,hisp,m,55-59,0.7678,synthetic_seed
NE,2023,asian,hisp,f,55-59,0.6491,synthetic_seed
NE,2023,asian,hisp,m,60-64,0.623,synthetic_seed
NE,2023,asian,hisp,f,60-64,0.5103,synthetic_seed
NE,2023,asian,hisp,m,65-69,0.3917,synthetic_seed
NE,2023,asian,hisp,f,65-69,0.2891,synthetic_seed
NE,2023,asian,hisp,m,70-74,0.2362,synthetic_seed
NE,2023,asian,hisp,f,70-74,0.1563,synthetic_seed
NE,2023,asian,hisp,m,75-79,0.1262,synthetic_seed
NE,2023,asian,hisp,f,75-79,0.072,synthetic_seed
NE,2023,asian,hisp,m,80-84,0.06,synthetic_seed
NE,2023,asian,hisp,f,80-84,0.0298,synthetic_seed
NE,2023,asian,hisp,m,85+,0.0209,synthetic_seed
NE,2023,asian,hisp,f,85+,0.0102,synthetic_seed
NE,2023,other,non-hisp,m,0-4,0.0,synthetic_seed
NE,2023,other,non-hisp,f,0-4,0.0,synthetic_seed
NE,2023,other,non-hisp,m,5-9,0.0,synthetic_seed
NE,2023,other,non-hisp,f,5-9,0.0,synthetic_seed
NE,2023,other,non-hisp,m,10-14,0.0,synthetic_seed
NE,2023,other,non-hisp,f,10-14,0.0,synthetic_seed
NE,2023,other,non-hisp,m,15-19,0.3551,synthetic_seed
NE,2023,other,non-hisp,f,15-19,0.3186,synthetic_seed
NE,2023,other,non-hisp,m,20-24,0.7614,synthetic_seed
NE,2023,other,non-hisp,f,20-24,0.6909,synthetic_seed
NE,2023,other,non-hisp,m,25-29,0.8722,synthetic_seed
NE,2023,other,non-hisp,f,25-29,0.7447,synthetic_seed
NE,2023,other,non-hisp,m,30-34,0.8956,synthetic_seed
NE,2023,other,non-hisp,f,30-34,0.7299,synthetic_seed
NE,2023,other,non-hisp,m,35-39,0.8882,synthetic_seed
NE,2023,other,non-hisp,f,35-39,0.7555,synthetic_seed
NE,2023,other,non-hisp,m,40-44,0.91,synthetic_seed
NE,2023,other,non-hisp,f,40-44,0.7653,synthetic_seed
NE,2023,other,non-hisp,m,45-49,0.9004,synthetic_seed
NE,2023,other,non-hisp,f,45-49,0.7513,synthetic_seed
NE,2023,other,non-hisp,m,50-54,0.8324,synthetic_seed
NE,2023,other,non-hisp,f,50-54,0.7592,synthetic_seed
NE,2023,other,non-hisp,m,55-59,0.7457,synthetic_seed
NE,2023,other,non-hisp,f,55-59,0.6661,synthetic_seed
NE,2023,other,non-hisp,m,60-64,0.5985,synthetic_seed
NE,2023,other,non-hisp,f,60-64,0.5046,synthetic_seed
NE,2023,other,non-hisp,m,65-69,0.3843,synthetic_seed
NE,2023,other,non-hisp,f,65-69,0.2806,synthetic_seed
NE,2023,other,non-hisp,m,70-74,0.2279,synthetic_seed
NE,2023,other,non-hisp,f,70-74,0.15,synthetic_seed
NE,2023,other,non-hisp,m,75-79,0.1203,synthetic_seed
NE,2023,other,non-hisp,f,75-79,0.0734,synthetic_seed
NE,2023,other,non-hisp,m,80-84,0.0608,synthetic_seed
NE,2023,other,non-hisp,f,80-84,0.0308,synthetic_seed
NE,2023,other,non-hisp,m,85+,0.0201,synthetic_seed
NE,2023,other,non-hisp,f,85+,0.0096,synthetic_seed
NE,2023,other,hisp,m,0-4,0.0,synthetic_seed
NE,2023,other,hisp,f,0-4,0.0,synthetic_seed
NE,2023,other,hisp,m,5-9,0.0,synthetic_seed
NE,2023,other,hisp,f,5-9,0.0,synthetic_seed
NE,2023,other,hisp,m,10-14,0.0,synthetic_seed
NE,2023,other,hisp,f,10-14,0.0,synthetic_seed
NE,2023,other,hisp,m,15-19,0.3577,synthetic_seed
NE,2023,other,hisp,f,15-19,0.327,synthetic_seed
NE,2023,other,hisp,m,20-24,0.7878,synthetic_seed
NE,2023,other,hisp,f,20-24,0.7008,synthetic_seed
NE,2023,other,hisp,m,25-29,0.889,synthetic_seed
NE,2023,other,hisp,f,25-29,0.7383,synthetic_seed
NE,2023,other,hisp,m,30-34,0.9346,synthetic_seed
NE,2023,other,hisp,f,30-34,0.7368,synthetic_seed
NE,2023,other,hisp,m,35-39,0.9147,synthetic_seed
NE,2023,other,hisp,f,35-39,0.7418,synthetic_seed
NE,2023,other,hisp,m,40-44,0.8941,synthetic_seed
NE,2023,other,hisp,f,40-44,0.7785,synthetic_seed
NE,2023,other,hisp,m,45-49,0.8815,synthetic_seed
NE,2023,other,hisp,f,45-49,0.7542,synthetic_seed
NE,2023,other,hisp,m,50-54,0.847,synthetic_seed
NE,2023,other,hisp,f,50-54,0.7114,synthetic_seed
NE,2023,other,hisp,m,55-59,0.7446,synthetic_seed
NE,2023,other,hisp,f,55-59,0.6574,synthetic_seed
NE,2023,other,hisp,m,60-64,0.5998,synthetic_seed
NE,2023,other,hisp,f,60-64,0.5101,synthetic_seed
NE,2023,other,hisp,m,65-69,0.3863,synthetic_seed
NE,2023,other,hisp,f,65-69,0.2903,synthetic_seed
NE,2023,other,hisp,m,70-74,0.2246,synthetic_seed
NE,2023,other,hisp,f,70-74,0.1447,synthetic_seed
NE,2023,other,hisp,m,75-79,0.1186,synthetic_seed
NE,2023,other,hisp,f,75-79,0.0705,synthetic_seed
NE,2023,other,hisp,m,80-84,0.059,synthetic_seed
NE,2023,other,hisp,f,80-84,0.0294,synthetic_seed
NE,2023,other,hisp,m,85+,0.0206,synthetic_seed
NE,2023,other,hisp,f,85+,0.0104,synthetic_seed
NV,2023,white,non-hisp,m,0-4,0.0,synthetic_seed
NV,2023,white,non-hisp,f,0-4,0.0,synthetic_seed
NV,2023,white,non-hisp,m,5-9,0.0,synthetic_seed
NV,2023,white,non-hisp,f,5-9,0.0,synthetic_seed
NV,2023,white,non-hisp,m,10-14,0.0,synthetic_seed
NV,2023,white,non-hisp,f,10-14,0.0,synthetic_seed
NV,2023,white,non-hisp,m,15-19,0.3541,synthetic_seed
NV,2023,white,non-hisp,f,15-19,0.3283,synthetic_seed
NV,2023,white,non-hisp,m,20-24,0.7653,synthetic_seed
NV,2023,white,non-hisp,f,20-24,0.7089,synthetic_seed
NV,2023,white,non-hisp,m,25-29,0.9068,synthetic_seed
NV,2023,white,non-hisp,f,25-29,0.7474,synthetic_seed
NV,2023,white,non-hisp,m,30-34,0.8916,synthetic_seed
NV,2023,white,non-hisp,f,30-34,0.7425,synthetic_seed
NV,2023,white,non-hisp,m,35-39,0.8815,synthetic_seed
NV,2023,white,non-hisp,f,35-39,0.7276,synthetic_seed
NV,2023,white,non-hisp,m,40-44,0.928,synthetic_seed
NV,2023,white,non-hisp,f,40-44,0.7479,synthetic_seed
NV,2023,white,non-hisp,m,45-49,0.8809,synthetic_seed
NV,2023,white,non-hisp,f,45-49,0.7722,synthetic_seed
NV,2023,white,non-hisp,m,50-54,0.8618,synthetic_seed
NV,2023,white,non-hisp,f,50-54,0.7297,synthetic_seed
NV,2023,white,non-hisp,m,55-59,0.7485,synthetic_seed
NV,2023,white,non-hisp,f,55-59,0.66,synthetic_seed
NV,2023,white,non-hisp,m,60-64,0.6102,synthetic_seed
NV,2023,white,non-hisp,f,60-64,0.5216,synthetic_seed
NV,2023,white,non-hisp,m,65-69,0.3713,synthetic_seed
NV,2023,white,non-hisp,f,65-69,0.2743,synthetic_seed
NV,2023,white,non-hisp,m,70-74,0.2329,synthetic_seed
NV,2023,white,non-hisp,f,70-74,0.1529,synthetic_seed
NV,2023,white,non-hisp,m,75-79,0.119,synthetic_seed
NV,2023,white,non-hisp,f,75-79,0.0686,synthetic_seed
NV,2023,white,non-hisp,m,80-84,0.059,synthetic_seed
NV,2023,white,non-hisp,f,80-84,0.0297,synthetic_seed
NV,2023,white,non-hisp,m,85+,0.0201,synthetic_seed
NV,2023,white,non-hisp,f,85+,0.0099,synthetic_seed
NV,2023,white,hisp,m,0-4,0.0,synthetic_seed
NV,2023,white,hisp,f,0-4,0.0,synthetic_seed
NV,2023,white,hisp,m,5-9,0.0,synthetic_seed
NV,2023,white,hisp,f,5-9,0.0,synthetic_seed
NV,2023,white,hisp,m,10-14,0.0,synthetic_seed
NV,2023,white,hisp,f,10-14,0.0,synthetic_seed
NV,2023,white,hisp,m,15-19,0.3576,synthetic_seed
NV,2023,white,hisp,f,15-19,0.3189,synthetic_seed
NV,2023,white,hisp,m,20-24,0.7266,synthetic_seed
NV,2023,white,hisp,f,20-24,0.7034,synthetic_seed
NV,2023,white,hisp,m,25-29,0.9098,synthetic_seed
NV,2023,white,hisp,f,25-29,0.7501,synthetic_seed
NV,2023,white,hisp,m,30-34,0.924,synthetic_seed
NV,2023,white,hisp,f,30-34,0.7333,synthetic_seed
NV,2023,white,hisp,m,35-39,0.9137,synthetic_seed
NV,2023,white,hisp,f,35-39,0.7529,synthetic_seed
NV,2023,white,hisp,m,40-44,0.9106,synthetic_seed
NV,2023,white,hisp,f,40-44,0.7525,synthetic_seed
NV,2023,white,hisp,m,45-49,0.8965,synthetic_seed
NV,2023,white,hisp,f,45-49,0.8117,synthetic_seed
NV,2023,white,hisp,m,50-54,0.8356,synthetic_seed
NV,2023,white,hisp,f,50-54,0.7822,synthetic_seed
NV,2023,white,hisp,m,55-59,0.7492,synthetic_seed
NV,2023,white,hisp,f,55-59,0.6489,synthetic_seed
NV,2023,white,hisp,m,60-64,0.6166,synthetic_seed
NV,2023,white,hisp,f,60-64,0.4895,synthetic_seed
NV,2023,white,hisp,m,65-69,0.3851,synthetic_seed
NV,2023,white,hisp,f,65-69,0.2803,synthetic_seed
NV,2023,white,hisp,m,70-74,0.2304,synthetic_seed
NV,2023,white,hisp,f,70-74,0.1515,synthetic_seed
NV,2023,white,hisp,m,75-79,0.1192,synthetic_seed
NV,2023,white,hisp,f,75-79,0.071,synthetic_seed
NV,2023,white,hisp,m,80-84,0.0592,synthetic_seed
NV,2023,white,hisp,f,80-84,0.0293,synthetic_seed
NV,2023,white,hisp,m,85+,0.0206,synthetic_seed
NV,2023,white,hisp,f,85+,0.0103,synthetic_seed
NV,2023,black,non-hisp,m,0-4,0.0,synthetic_seed
NV,2023,black,non-hisp,f,0-4,0.0,synthetic_seed
NV,2023,black,non-hisp,m,5-9,0.0,synthetic_seed
NV,2023,black,non-hisp,f,5-9,0.0,synthetic_seed
NV,2023,black,non-hisp,m,10-14,0.0,synthetic_seed
NV,2023,black,non-hisp,f,10-14,0.0,synthetic_seed
NV,2023,black,non-hisp,m,15-19,0.3439,synthetic_seed
NV,2023,black,non-hisp,f,15-19,0.2995,synthetic_seed
NV,2023,black,non-hisp,m,20-24,0.7175,synthetic_seed
NV,2023,black,non-hisp,f,20-24,0.6808,synthetic_seed
NV,2023,black,non-hisp,m,25-29,0.8614,synthetic_seed
NV,2023,black,non-hisp,f,25-29,0.7384,synthetic_seed
NV,2023,black,non-hisp,m,30-34,0.8785,synthetic_seed
NV,2023,black,non-hisp,f,30-34,0.7152,synthetic_seed
NV,2023,black,non-hisp,m,35-39,0.8524,synthetic_seed
NV,2023,black,non-hisp,f,35-39,0.7242,synthetic_seed
NV,2023,black,non-hisp,m,40-44,0.8694,synthetic_seed
NV,2023,black,non-hisp,f,40-44,0.7714,synthetic_seed
NV,2023,black,non-hisp,m,45-49,0.8441,synthetic_seed
NV,2023,black,non-hisp,f,45-49,0.7517,synthetic_seed
NV,2023,black,non-hisp,m,50-54,0.8051,synthetic_seed
NV,2023,black,non-hisp,f,50-54,0.7199,synthetic_seed
NV,2023,black,non-hisp,m,55-59,0.7613,synthetic_seed
NV,2023,black,non-hisp,f,55-59,0.6392,synthetic_seed
NV,2023,black,non-hisp,m,60-64,0.5938,synthetic_seed
NV,2023,black,non-hisp,f,60-64,0.4886,synthetic_seed
NV,2023,black,non-hisp,m,65-69,0.3754,synthetic_seed
NV,2023,black,non-hisp,f,65-69,0.272,synthetic_seed
NV,2023,black,non-hisp,m,70-74,0.2252,synthetic_seed
NV,2023,black,non-hisp,f,70-74,0.1454,synthetic_seed
NV,2023,black,non-hisp,m,75-79,0.1166,synthetic_seed
NV,2023,black,non-hisp,f,75-79,0.0678,synthetic_seed
NV,2023,black,non-hisp,m,80-84,0.0586,synthetic_seed
NV,2023,black,non-hisp,f,80-84,0.0289,synthetic_seed
NV,2023,black,non-hisp,m,85+,0.0191,synthetic_seed
NV,2023,black,non-hisp,f,85+,0.0096,synthetic_seed
NV,2023,black,hisp,m,0-4,0.0,synthetic_seed
NV,2023,black,hisp,f,0-4,0.0,synthetic_seed
NV,2023,black,hisp,m,5-9,0.0,synthetic_seed
NV,2023,black,hisp,f,5-9,0.0,synthetic_seed
NV,2023,black,hisp,m,10-14,0.0,synthetic_seed
NV,2023,black,hisp,f,10-14,0.0,synthetic_seed
NV,2023,black,hisp,m,15-19,0.3572,synthetic_seed
NV,2023,black,hisp,f,15-19,0.3164,synthetic_seed
NV,2023,black,hisp,m,20-24,0.7389,synthetic_seed
NV,2023,black,hisp,f,20-24,0.6805,synthetic_seed
NV,2023,black,hisp,m,25-29,0.8518,synthetic_seed
NV,2023,black,hisp,f,25-29,0.7449,synthetic_seed
NV,2023,black,hisp,m,30-34,0.8808,synthetic_seed
NV,2023,black,hisp,f,30-34,0.708,synthetic_seed
NV,2023,black,hisp,m,35-39,0.893,synthetic_seed
NV,2023,black,hisp,f,35-39,0.739,synthetic_seed
NV,2023,black,hisp,m,40-44,0.884,synthetic_seed
NV,2023,black,hisp,f,40-44,0.7553,synthetic_seed
NV,2023,black,hisp,m,45-49,0.7954,synthetic_seed
NV,2023,black,hisp,f,45-49,0.744,synthetic_seed
NV,2023,black,hisp,m,50-54,0.8192,synthetic_seed
NV,2023,black,hisp,f,50-54,0.7156,synthetic_seed
NV,2023,black,hisp,m,55-59,0.7039,synthetic_seed
NV,2023,black,hisp,f,55-59,0.6426,synthetic_seed
NV,2023,black,hisp,m,60-64,0.5889,synthetic_seed
NV,2023,black,hisp,f,60-64,0.4796,synthetic_seed
NV,2023,black,hisp,m,65-69,0.3707,synthetic_seed
NV,2023,black,hisp,f,65-69,0.2705,synthetic_seed
NV,2023,black,hisp,m,70-74,0.2229,synthetic_seed
NV,2023,black,hisp,f,70-74,0.1436,synthetic_seed
NV,2023,black,hisp,m,75-79,0.113,synthetic_seed
NV,2023,black,hisp,f,75-79,0.0697,synthetic_seed
NV,2023,black,hisp,m,80-84,0.0567,synthetic_seed
NV,2023,black,hisp,f,80-84,0.0292,synthetic_seed
NV,2023,black,hisp,m,85+,0.0189,synthetic_seed
NV,2023,black,hisp,f,85+,0.0098,synthetic_seed
NV,2023,asian,non-hisp,m,0-4,0.0,synthetic_seed
NV,2023,asian,non-hisp,f,0-4,0.0,synthetic_seed
NV,2023,asian,non-hisp,m,5-9,0.0,synthetic_seed
NV,2023,asian,non-hisp,f,5-9,0.0,synthetic_seed
NV,2023,asian,non-hisp,m,10-14,0.0,synthetic_seed
NV,2023,asian,non-hisp,f,10-14,0.0,synthetic_seed
NV,2023,asian,non-hisp,m,15-19,0.3731,synthetic_seed
NV,2023,asian,non-hisp,f,15-19,0.3327,synthetic_seed
NV,2023,asian,non-hisp,m,20-24,0.7962,synthetic_seed
NV,2023,asian,non-hisp,f,20-24,0.7042,synthetic_seed
NV,2023,asian,non-hisp,m,25-29,0.9122,synthetic_seed
NV,2023,asian,non-hisp,f,25-29,0.7669,synthetic_seed
NV,2023,asian,non-hisp,m,30-34,0.9268,synthetic_seed
NV,2023,asian,non-hisp,f,30-34,0.7494,synthetic_seed
NV,2023,asian,non-hisp,m,35-39,0.9129,synthetic_seed
NV,2023,asian,non-hisp,f,35-39,0.741,synthetic_seed
NV,2023,asian,non-hisp,m,40-44,0.9112,synthetic_seed
NV,2023,asian,non-hisp,f,40-44,0.7773,synthetic_seed
NV,2023,asian,non-hisp,m,45-49,0.894,synthetic_seed
NV,2023,asian,non-hisp,f,45-49,0.7838,synthetic_seed
NV,2023,asian,non-hisp,m,50-54,0.8513,synthetic_seed
NV,2023,asian,non-hisp,f,50-54,0.7487,synthetic_seed
NV,2023,asian,non-hisp,m,55-59,0.7436,synthetic_seed
NV,2023,asian,non-hisp,f,55-59,0.6632,synthetic_seed
NV,2023,asian,non-hisp,m,60-64,0.5881,synthetic_seed
NV,2023,asian,non-hisp,f,60-64,0.5256,synthetic_seed
NV,2023,asian,non-hisp,m,65-69,0.391,synthetic_seed
NV,2023,asian,non-hisp,f,65-69,0.2877,synthetic_seed
NV,2023,asian,non-hisp,m,70-74,0.2275,synthetic_seed
NV,2023,asian,non-hisp,f,70-74,0.1515,synthetic_seed
NV,2023,asian,non-hisp,m,75-79,0.1204,synthetic_seed
NV,2023,asian,non-hisp,f,75-79,0.0715,synthetic_seed
NV,2023,asian,non-hisp,m,80-84,0.0607,synthetic_seed
NV,2023,asian,non-hisp,f,80-84,0.0298,synthetic_seed
NV,2023,asian,non-hisp,m,85+,0.0198,synthetic_seed
NV,2023,asian,non-hisp,f,85+,0.0102,synthetic_seed
NV,2023,asian,hisp,m,0-4,0.0,synthetic_seed
NV,2023,asian,hisp,f,0-4,0.0,synthetic_seed
NV,2023,asian,hisp,m,5-9,0.0,synthetic_seed
NV,2023,asian,hisp,f,5-9,0.0,synthetic_seed
NV,2023,asian,hisp,m,10-14,0.0,synthetic_seed
NV,2023,asian,hisp,f,10-14,0.0,synthetic_seed
NV,2023,asian,hisp,m,15-19,0.3695,synthetic_seed
NV,2023,asian,hisp,f,15-19,0.328,synthetic_seed
NV,2023,asian,hisp,m,20-24,0.7838,synthetic_seed
NV,2023,asian,hisp,f,20-24,0.7288,synthetic_seed
NV,2023,asian,hisp,m,25-29,0.8931,synthetic_seed
NV,2023,asian,hisp,f,25-29,0.7642,synthetic_seed
NV,2023,asian,hisp,m,30-34,0.9302,synthetic_seed
NV,2023,asian,hisp,f,30-34,0.7454,synthetic_seed
NV,2023,asian,hisp,m,35-39,0.9393,synthetic_seed
NV,2023,asian,hisp,f,35-39,0.7707,synthetic_seed
NV,2023,asian,hisp,m,40-44,0.9055,synthetic_seed
NV,2023,asian,hisp,f,40-44,0.7778,synthetic_seed
NV,2023,asian,hisp,m,45-49,0.8882,synthetic_seed
NV,2023,asian,hisp,f,45-49,0.7964,synthetic_seed
NV,2023,asian,hisp,m,50-54,0.8719,synthetic_seed
NV,2023,asian,hisp,f,50-54,0.7576,synthetic_seed
NV,2023,asian,hisp,m,55-59,0.7627,synthetic_seed
NV,2023,asian,hisp,f,55-59,0.6649,synthetic_seed
NV,2023,asian,hisp,m,60-64,0.6106,synthetic_seed
NV,2023,asian,hisp,f,60-64,0.5067,synthetic_seed
NV,2023,asian,hisp,m,65-69,0.3892,synthetic_seed
NV,2023,asian,hisp,f,65-69,0.2887,synthetic_seed
NV,2023,asian,hisp,m,70-74,0.2341,synthetic_seed
NV,2023,asian,hisp,f,70-74,0.154,synthetic_seed
NV,2023,asian,hisp,m,75-79,0.1213,synthetic_seed
NV,2023,asian,hisp,f,75-79,0.0712,synthetic_seed
NV,2023,asian,hisp,m,80-84,0.0624,synthetic_seed
NV,2023,asian,hisp,f,80-84,0.0304,synthetic_seed
NV,2023,asian,hisp,m,85+,0.02,synthetic_seed
NV,2023,asian,hisp,f,85+,0.0101,synthetic_seed
NV,2023,other,non-hisp,m,0-4,0.0,synthetic_seed
NV,2023,other,non-hisp,f,0-4,0.0,synthetic_seed
NV,2023,other,non-hisp,m,5-9,0.0,synthetic_seed
NV,2023,other,non-hisp,f,5-9,0.0,synthetic_seed
NV,2023,other,non-hisp,m,10-14,0.0,synthetic_seed
NV,2023,other,non-hisp,f,10-14,0.0,synthetic_seed
NV,2023,other,non-hisp,m,15-19,0.357,synthetic_seed
NV,2023,other,non-hisp,f,15-19,0.3175,synthetic_seed
NV,2023,other,non-hisp,m,20-24,0.7402,synthetic_seed
NV,2023,other,non-hisp,f,20-24,0.694,synthetic_seed
NV,2023,other,non-hisp,m,25-29,0.9099,synthetic_seed
NV,2023,other,non-hisp,f,25-29,0.7402,synthetic_seed
NV,2023,other,non-hisp,m,30-34,0.9087,synthetic_seed
NV,2023,other,non-hisp,f,30-34,0.6973,synthetic_seed
NV,2023,other,non-hisp,m,35-39,0.8941,synthetic_seed
NV,2023,other,non-hisp,f,35-39,0.732,synthetic_seed
NV,2023,other,non-hisp,m,40-44,0.888,synthetic_seed
NV,2023,other,non-hisp,f,40-44,0.7423,synthetic_seed
NV,2023,other,non-hisp,m,45-49,0.8759,synthetic_seed
NV,2023,other,non-hisp,f,45-49,0.752,synthetic_seed
NV,2023,other,non-hisp,m,50-54,0.8479,synthetic_seed
NV,2023,other,non-hisp,f,50-54,0.7639,synthetic_seed
NV,2023,other,non-hisp,m,55-59,0.7427,synthetic_seed
NV,2023,other,non-hisp,f,55-59,0.6442,synthetic_seed
NV,2023,other,non-hisp,m,60-64,0.5893,synthetic_seed
NV,2023,other,non-hisp,f,60-64,0.5034,synthetic_seed
NV,2023,other,non-hisp,m,65-69,0.3859,synthetic_seed
NV,2023,other,non-hisp,f,65-69,0.2798,synthetic_seed
NV,2023,other,non-hisp,m,70-74,0.2353,synthetic_seed
NV,2023,other,non-hisp,f,70-74,0.1466,synthetic_seed
NV,2023,other,non-hisp,m,75-79,0.1234,synthetic_seed
NV,2023,other,non-hisp,f,75-79,0.0684,synthetic_seed
NV,2023,other,non-hisp,m,80-84,0.0593,synthetic_seed
NV,2023,other,non-hisp,f,80-84,0.03,synthetic_seed
NV,2023,other,non-hisp,m,85+,0.0205,synthetic_seed
NV,2023,other,non-hisp,f,85+,0.0099,synthetic_seed
NV,2023,other,hisp,m,0-4,0.0,synthetic_seed
NV,2023,other,hisp,f,0-4,0.0,synthetic_seed
NV,2023,other,hisp,m,5-9,0.0,synthetic_seed
NV,2023,other,hisp,f,5-9,0.0,synthetic_seed
NV,2023,other,hisp,m,10-14,0.0,synthetic_seed
NV,2023,other,hisp,f,10-14,0.0,synthetic_seed
NV,2023,other,hisp,m,15-19,0.3637,synthetic_seed
NV,2023,other,hisp,f,15-19,0.3284,synthetic_seed
NV,2023,other,hisp,m,20-24,0.7192,synthetic_seed
NV,2023,other,hisp,f,20-24,0.6899,synthetic_seed
NV,2023,other,hisp,m,25-29,0.8983,synthetic_seed
NV,2023,other,hisp,f,25-29,0.7459,synthetic_seed
NV,2023,other,hisp,m,30-34,0.8824,synthetic_seed
NV,2023,other,hisp,f,30-34,0.7303,synthetic_seed
NV,2023,other,hisp,m,35-39,0.8682,synthetic_seed
NV,2023,other,hisp,f,35-39,0.7347,synthetic_seed
NV,2023,other,hisp,m,40-44,0.9374,synthetic_seed
NV,2023,other,hisp,f,40-44,0.7617,synthetic_seed
NV,2023,other,hisp,m,45-49,0.843,synthetic_seed
NV,2023,other,hisp,f,45-49,0.7802,synthetic_seed
NV,2023,other,hisp,m,50-54,0.8302,synthetic_seed
NV,2023,other,hisp,f,50-54,0.7211,synthetic_seed
NV,2023,other,hisp,m,55-59,0.7389,synthetic_seed
NV,2023,other,hisp,f,55-59,0.6325,synthetic_seed
NV,2023,other,hisp,m,60-64,0.5984,synthetic_seed
NV,2023,other,hisp,f,60-64,0.4992,synthetic_seed
NV,2023,other,hisp,m,65-69,0.3793,synthetic_seed
NV,2023,other,hisp,f,65-69,0.2853,synthetic_seed
NV,2023,other,hisp,m,70-74,0.2311,synthetic_seed
NV,2023,other,hisp,f,70-74,0.148,synthetic_seed
NV,2023,other,hisp,m,75-79,0.1166,synthetic_seed
NV,2023,other,hisp,f,75-79,0.0697,synthetic_seed
NV,2023,other,hisp,m,80-84,0.0594,synthetic_seed
NV,2023,other,hisp,f,80-84,0.031,synthetic_seed
NV,2023,other,hisp,m,85+,0.0196,synthetic_seed
NV,2023,other,hisp,f,85+,0.0099,synthetic_seed
NH,2023,white,non-hisp,m,0-4,0.0,synthetic_seed
NH,2023,white,non-hisp,f,0-4,0.0,synthetic_seed
NH,2023,white,non-hisp,m,5-9,0.0,synthetic_seed
NH,2023,white,non-hisp,f,5-9,0.0,synthetic_seed
NH,2023,white,non-hisp,m,10-14,0.0,synthetic_seed
NH,2023,white,non-hisp,f,10-14,0.0,synthetic_seed
NH,2023,white,non-hisp,m,15-19,0.3666,synthetic_seed
NH,2023,white,non-hisp,f,15-19,0.3125,synthetic_seed
NH,2023,white,non-hisp,m,20-24,0.7477,synthetic_seed
NH,2023,white,non-hisp,f,20-24,0.6953,synthetic_seed
NH,2023,white,non-hisp,m,25-29,0.8867,synthetic_seed
NH,2023,white,non-hisp,f,25-29,0.7696,synthetic_seed
NH,2023,white,non-hisp,m,30-34,0.9016,synthetic_seed
NH,2023,white,non-hisp,f,30-34,0.7242,synthetic_seed
NH,2023,white,non-hisp,m,35-39,0.8731,synthetic_seed
NH,2023,white,non-hisp,f,35-39,0.7436,synthetic_seed
NH,2023,white,non-hisp,m,40-44,0.9459,synthetic_seed
NH,2023,white,non-hisp,f,40-44,0.7684,synthetic_seed
NH,2023,white,non-hisp,m,45-49,0.8918,synthetic_seed
NH,2023,white,non-hisp,f,45-49,0.7631,synthetic_seed
NH,2023,white,non-hisp,m,50-54,0.8316,synthetic_seed
NH,2023,white,non-hisp,f,50-54,0.7182,synthetic_seed
NH,2023,white,non-hisp,m,55-59,0.7492,synthetic_seed
NH,2023,white,non-hisp,f,55-59,0.6355,synthetic_seed
NH,2023,white,non-hisp,m,60-64,0.6065,synthetic_seed
NH,2023,white,non-hisp,f,60-64,0.4947,synthetic_seed
NH,2023,white,non-hisp,m,65-69,0.3939,synthetic_seed
NH,2023,white,non-hisp,f,65-69,0.2808,synthetic_seed
NH,2023,white,non-hisp,m,70-74,0.2229,synthetic_seed
NH,2023,white,non-hisp,f,70-74,0.153,synthetic_seed
NH,2023,white,non-hisp,m,75-79,0.1178,synthetic_seed
NH,2023,white,non-hisp,f,75-79,0.07,synthetic_seed
NH,2023,white,non-hisp,m,80-84,0.0598,synthetic_seed
NH,2023,white,non-hisp,f,80-84,0.031,synthetic_seed
NH,2023,white,non-hisp,m,85+,0.0196,synthetic_seed
NH,2023,white,non-hisp,f,85+,0.0097,synthetic_seed
NH,2023,white,hisp,m,0-4,0.0,synthetic_seed
NH,2023,white,hisp,f,0-4,0.0,synthetic_seed
NH,2023,white,hisp,m,5-9,0.0,synthetic_seed
NH,2023,white,hisp,f,5-9,0.0,synthetic_seed
NH,2023,white,hisp,m,10-14,0.0,synthetic_seed
NH,2023,white,hisp,f,10-14,0.0,synthetic_seed
NH,2023,white,hisp,m,15-19,0.3681,synthetic_seed
NH,2023,white,hisp,f,15-19,0.3211,synthetic_seed
NH,2023,white,hisp,m,20-24,0.7481,synthetic_seed
NH,2023,white,hisp,f,20-24,0.6903,synthetic_seed
NH,2023,white,hisp,m,25-29,0.9101,synthetic_seed
NH,2023,white,hisp,f,25-29,0.7495,synthetic_seed
NH,2023,white,hisp,m,30-34,0.894,synthetic_seed
NH,2023,white,hisp,f,30-34,0.7266,synthetic_seed
NH,2023,white,hisp,m,35-39,0.9276,synthetic_seed
NH,2023,white,hisp,f,35-39,0.7442,synthetic_seed
NH,2023,white,hisp,m,40-44,0.8876,synthetic_seed
NH,2023,white,hisp,f,40-44,0.7808,synthetic_seed
NH,2023,white,hisp,m,45-49,0.8642,synthetic_seed
NH,2023,white,hisp,f,45-49,0.7417,synthetic_seed
NH,2023,white,hisp,m,50-54,0.8368,synthetic_seed
NH,2023,white,hisp,f,50-54,0.7095,synthetic_seed
NH,2023,white,hisp,m,55-59,0.7644,synthetic_seed
NH,2023,white,hisp,f,55-59,0.6345,synthetic_seed
NH,2023,white,hisp,m,60-64,0.6115,synthetic_seed
NH,2023,white,hisp,f,60-64,0.4988,synthetic_seed
NH,2023,white,hisp,m,65-69,0.3753,synthetic_seed
NH,2023,white,hisp,f,65-69,0.2862,synthetic_seed
NH,2023,white,hisp,m,70-74,0.2355,synthetic_seed
NH,2023,white,hisp,f,70-74,0.1496,synthetic_seed
NH,2023,white,hisp,m,75-79,0.1199,synthetic_seed
NH,2023,white,hisp,f,75-79,0.0693,synthetic_seed
NH,2023,white,hisp,m,80-84,0.0602,synthetic_seed
NH,2023,white,hisp,f,80-84,0.0295,synthetic_seed
NH,2023,white,hisp,m,85+,0.0195,synthetic_seed
NH,2023,white,hisp,f,85+,0.0103,synthetic_seed
NH,2023,black,non-hisp,m,0-4,0.0,synthetic_seed
NH,2023,black,non-hisp,f,0-4,0.0,synthetic_seed
NH,2023,black,non-hisp,m,5-9,0.0,synthetic_seed
NH,2023,black,non-hisp,f,5-9,0.0,synthetic_seed
NH,2023,black,non-hisp,m,10-14,0.0,synthetic_seed
NH,2023,black,non-hisp,f,10-14,0.0,synthetic_seed
NH,2023,black,non-hisp,m,15-19,0.3381,synthetic_seed
NH,2023,black,non-hisp,f,15-19,0.3161,synthetic_seed
NH,2023,black,non-hisp,m,20-24,0.7495,synthetic_seed
NH,2023,black,non-hisp,f,20-24,0.6923,synthetic_seed
NH,2023,black,non-hisp,m,25-29,0.8409,synthetic_seed
NH,2023,black,non-hisp,f,25-29,0.7348,synthetic_seed
NH,2023,black,non-hisp,m,30-34,0.8945,synthetic_seed
NH,2023,black,non-hisp,f,30-34,0.7012,synthetic_seed
NH,2023,black,non-hisp,m,35-39,0.8891,synthetic_seed
NH,2023,black,non-hisp,f,35-39,0.7226,synthetic_seed
NH,2023,black,non-hisp,m,40-44,0.8551,synthetic_seed
NH,2023,black,non-hisp,f,40-44,0.746,synthetic_seed
NH,2023,black,non-hisp,m,45-49,0.8435,synthetic_seed
NH,2023,black,non-hisp,f,45-49,0.7814,synthetic_seed
NH,2023,black,non-hisp,m,50-54,0.8202,synthetic_seed
NH,2023,black,non-hisp,f,50-54,0.7119,synthetic_seed
NH,2023,black,non-hisp,m,55-59,0.7324,synthetic_seed
NH,2023,black,non-hisp,f,55-59,0.6491,synthetic_seed
NH,2023,black,non-hisp,m,60-64,0.571,synthetic_seed
NH,2023,black,non-hisp,f,60-64,0.4862,synthetic_seed
NH,2023,black,non-hisp,m,65-69,0.3689,synthetic_seed
NH,2023,black,non-hisp,f,65-69,0.2729,synthetic_seed
NH,2023,black,non-hisp,m,70-74,0.2296,synthetic_seed
NH,2023,black,non-hisp,f,70-74,0.1481,synthetic_seed
NH,2023,black,non-hisp,m,75-79,0.1182,synthetic_seed
NH,2023,black,non-hisp,f,75-79,0.0679,synthetic_seed
NH,2023,black,non-hisp,m,80-84,0.0558,synthetic_seed
NH,2023,black,non-hisp,f,80-84,0.0296,synthetic_seed
NH,2023,black,non-hisp,m,85+,0.0197,synthetic_seed
NH,2023,black,non-hisp,f,85+,0.0097,synthetic_seed
NH,2023,black,hisp,m,0-4,0.0,synthetic_seed
NH,2023,black,hisp,f,0-4,0.0,synthetic_seed
NH,2023,black,hisp,m,5-9,0.0,synthetic_seed
NH,2023,black,hisp,f,5-9,0.0,synthetic_seed
NH,2023,black,hisp,m,10-14,0.0,synthetic_seed
NH,2023,black,hisp,f,10-14,0.0,synthetic_seed
NH,2023,black,hisp,m,15-19,0.342,synthetic_seed
NH,2023,black,hisp,f,15-19,0.3098,synthetic_seed
NH,2023,black,hisp,m,20-24,0.7295,synthetic_seed
NH,2023,black,hisp,f,20-24,0.6839,synthetic_seed
NH,2023,black,hisp,m,25-29,0.8626,synthetic_seed
NH,2023,black,hisp,f,25-29,0.7265,synthetic_seed
NH,2023,black,hisp,m,30-34,0.8719,synthetic_seed
NH,2023,black,hisp,f,30-34,0.7025,synthetic_seed
NH,2023,black,hisp,m,35-39,0.8615,synthetic_seed
NH,2023,black,hisp,f,35-39,0.7151,synthetic_seed
NH,2023,black,hisp,m,40-44,0.8592,synthetic_seed
NH,2023,black,hisp,f,40-44,0.7399,synthetic_seed
NH,2023,black,hisp,m,45-49,0.8338,synthetic_seed
NH,2023,black,hisp,f,45-49,0.7394,synthetic_seed
NH,2023,black,hisp,m,50-54,0.8211,synthetic_seed
NH,2023,black,hisp,f,50-54,0.7093,synthetic_seed
NH,2023,black,hisp,m,55-59,0.7042,synthetic_seed
NH,2023,black,hisp,f,55-59,0.6165,synthetic_seed
NH,2023,black,hisp,m,60-64,0.578,synthetic_seed
NH,2023,black,hisp,f,60-64,0.4943,synthetic_seed
NH,2023,black,hisp,m,65-69,0.3768,synthetic_seed
NH,2023,black,hisp,f,65-69,0.2681,synthetic_seed
NH,2023,black,hisp,m,70-74,0.2308,synthetic_seed
NH,2023,black,hisp,f,70-74,0.1384,synthetic_seed
NH,2023,black,hisp,m,75-79,0.1177,synthetic_seed
NH,2023,black,hisp,f,75-79,0.066,synthetic_seed
NH,2023,black,hisp,m,80-84,0.0583,synthetic_seed
NH,2023,black,hisp,f,80-84,0.0275,synthetic_seed
NH,2023,black,hisp,m,85+,0.0187,synthetic_seed
NH,2023,black,hisp,f,85+,0.0094,synthetic_seed
NH,2023,asian,non-hisp,m,0-4,0.0,synthetic_seed
NH,2023,asian,non-hisp,f,0-4,0.0,synthetic_seed
NH,2023,asian,non-hisp,m,5-9,0.0,synthetic_seed
NH,2023,asian,non-hisp,f,5-9,0.0,synthetic_seed
NH,2023,asian,non-hisp,m,10-14,0.0,synthetic_seed
NH,2023,asian,non-hisp,f,10-14,0.0,synthetic_seed
NH,2023,asian,non-hisp,m,15-19,0.3628,synthetic_seed
NH,2023,asian,non-hisp,f,15-19,0.3284,synthetic_seed
NH,2023,asian,non-hisp,m,20-24,0.7296,synthetic_seed
NH,2023,asian,non-hisp,f,20-24,0.7012,synthetic_seed
NH,2023,asian,non-hisp,m,25-29,0.8798,synthetic_seed
NH,2023,asian,non-hisp,f,25-29,0.7511,synthetic_seed
NH,2023,asian,non-hisp,m,30-34,0.9608,synthetic_seed
NH,2023,asian,non-hisp,f,30-34,0.7537,synthetic_seed
NH,2023,asian,non-hisp,m,35-39,0.9096,synthetic_seed
NH,2023,asian,non-hisp,f,35-39,0.75,synthetic_seed
NH,2023,asian,non-hisp,m,40-44,0.9044,synthetic_seed
NH,2023,asian,non-hisp,f,40-44,0.8163,synthetic_seed
NH,2023,asian,non-hisp,m,45-49,0.9014,synthetic_seed
NH,2023,asian,non-hisp,f,45-49,0.7839,synthetic_seed
NH,2023,asian,non-hisp,m,50-54,0.8275,synthetic_seed
NH,2023,asian,non-hisp,f,50-54,0.7387,synthetic_seed
NH,2023,asian,non-hisp,m,55-59,0.7738,synthetic_seed
NH,2023,asian,non-hisp,f,55-59,0.6644,synthetic_seed
NH,2023,asian,non-hisp,m,60-64,0.6412,synthetic_seed
NH,2023,asian,non-hisp,f,60-64,0.5134,synthetic_seed
NH,2023,asian,non-hisp,m,65-69,0.3745,synthetic_seed
NH,2023,asian,non-hisp,f,65-69,0.2971,synthetic_seed
NH,2023,asian,non-hisp,m,70-74,0.2313,synthetic_seed
NH,2023,asian,non-hisp,f,70-74,0.1593,synthetic_seed
NH,2023,asian,non-hisp,m,75-79,0.1213,synthetic_seed
NH,2023,asian,non-hisp,f,75-79,0.0708,synthetic_seed
NH,2023,asian,non-hisp,m,80-84,0.0606,synthetic_seed
NH,2023,asian,non-hisp,f,80-84,0.0301,synthetic_seed
NH,2023,asian,non-hisp,m,85+,0.0206,synthetic_seed
NH,2023,asian,non-hisp,f,85+,0.0102,synthetic_seed
NH,2023,asian,hisp,m,0-4,0.0,synthetic_seed
NH,2023,asian,hisp,f,0-4,0.0,synthetic_seed
NH,2023,asian,hisp,m,5-9,0.0,synthetic_seed
NH,2023,asian,hisp,f,5-9,0.0,synthetic_seed
NH,2023,asian,hisp,m,10-14,0.0,synthetic_seed
NH,2023,asian,hisp,f,10-14,0.0,synthetic_seed
NH,2023,asian,hisp,m,15-19,0.384,synthetic_seed
NH,2023,asian,hisp,f,15-19,0.3229,synthetic_seed
NH,2023,asian,hisp,m,20-24,0.7746,synthetic_seed
NH,2023,asian,hisp,f,20-24,0.7004,synthetic_seed
NH,2023,asian,hisp,m,25-29,0.9186,synthetic_seed
NH,2023,asian,hisp,f,25-29,0.7608,synthetic_seed
NH,2023,asian,hisp,m,30-34,0.9175,synthetic_seed
NH,2023,asian,hisp,f,30-34,0.7223,synthetic_seed
NH,2023,asian,hisp,m,35-39,0.9382,synthetic_seed
NH,2023,asian,hisp,f,35-39,0.7684,synthetic_seed
NH,2023,asian,hisp,m,40-44,0.9185,synthetic_seed
NH,2023,asian,hisp,f,40-44,0.7818,synthetic_seed
NH,2023,asian,hisp,m,45-49,0.8886,synthetic_seed
NH,2023,asian,hisp,f,45-49,0.7734,synthetic_seed
NH,2023,asian,hisp,m,50-54,0.8218,synthetic_seed
NH,2023,asian,hisp,f,50-54,0.7466,synthetic_seed
NH,2023,asian,hisp,m,55-59,0.7835,synthetic_seed
NH,2023,asian,hisp,f,55-59,0.6993,synthetic_seed
NH,2023,asian,hisp,m,60-64,0.6007,synthetic_seed
NH,2023,asian,hisp,f,60-64,0.5085,synthetic_seed
NH,2023,asian,hisp,m,65-69,0.3869,synthetic_seed
NH,2023,asian,hisp,f,65-69,0.2882,synthetic_seed
NH,2023,asian,hisp,m,70-74,0.2286,synthetic_seed
NH,2023,asian,hisp,f,70-74,0.1487,synthetic_seed
NH,2023,asian,hisp,m,75-79,0.1227,synthetic_seed
NH,2023,asian,hisp,f,75-79,0.0739,synthetic_seed
NH,2023,asian,hisp,m,80-84,0.0607,synthetic_seed
NH,2023,asian,hisp,f,80-84,0.0307,synthetic_seed
NH,2023,asian,hisp,m,85+,0.0208,synthetic_seed
NH,2023,asian,hisp,f,85+,0.0099,synthetic_seed
NH,2023,other,non-hisp,m,0-4,0.0,synthetic_seed
NH,2023,other,non-hisp,f,0-4,0.0,synthetic_seed
NH,2023,other,non-hisp,m,5-9,0.0,synthetic_seed
NH,2023,other,non-hisp,f,5-9,0.0,synthetic_seed
NH,2023,other,non-hisp,m,10-14,0.0,synthetic_seed
NH,2023,other,non-hisp,f,10-14,0.0,synthetic_seed
NH,2023,other,non-hisp,m,15-19,0.3616,synthetic_seed
NH,2023,other,non-hisp,f,15-19,0.3177,synthetic_seed
NH,2023,other,non-hisp,m,20-24,0.7597,synthetic_seed
NH,2023,other,non-hisp,f,20-24,0.7052,synthetic_seed
NH,2023,other,non-hisp,m,25-29,0.8452,synthetic_seed
NH,2023,other,non-hisp,f,25-29,0.7222,synthetic_seed
NH,2023,other,non-hisp,m,30-34,0.9028,synthetic_seed
NH,2023,other,non-hisp,f,30-34,0.7167,synthetic_seed
NH,2023,other,non-hisp,m,35-39,0.9164,synthetic_seed
NH,2023,other,non-hisp,f,35-39,0.7447,synthetic_seed
NH,2023,other,non-hisp,m,40-44,0.9221,synthetic_seed
NH,2023,other,non-hisp,f,40-44,0.7736,synthetic_seed
NH,2023,other,non-hisp,m,45-49,0.8897,synthetic_seed
NH,2023,other,non-hisp,f,45-49,0.764,synthetic_seed
NH,2023,other,non-hisp,m,50-54,0.8507,synthetic_seed
NH,2023,other,non-hisp,f,50-54,0.7239,synthetic_seed
NH,2023,other,non-hisp,m,55-59,0.7661,synthetic_seed
NH,2023,other,non-hisp,f,55-59,0.6307,synthetic_seed
NH,2023,other,non-hisp,m,60-64,0.5892,synthetic_seed
NH,2023,other,non-hisp,f,60-64,0.4862,synthetic_seed
NH,2023,other,non-hisp,m,65-69,0.3897,synthetic_seed
NH,2023,other,non-hisp,f,65-69,0.2857,synthetic_seed
NH,2023,other,non-hisp,m,70-74,0.2336,synthetic_seed
NH,2023,other,non-hisp,f,70-74,0.1523,synthetic_seed
NH,2023,other,non-hisp,m,75-79,0.1196,synthetic_seed
NH,2023,other,non-hisp,f,75-79,0.0711,synthetic_seed
NH,2023,other,non-hisp,m,80-84,0.0626,synthetic_seed
NH,2023,other,non-hisp,f,80-84,0.0299,synthetic_seed
NH,2023,other,non-hisp,m,85+,0.0196,synthetic_seed
NH,2023,other,non-hisp,f,85+,0.0099,synthetic_seed
NH,2023,other,hisp,m,0-4,0.0,synthetic_seed
NH,2023,other,hisp,f,0-4,0.0,synthetic_seed
NH,2023,other,hisp,m,5-9,0.0,synthetic_seed
NH,2023,other,hisp,f,5-9,0.0,synthetic_seed
NH,2023,other,hisp,m,10-14,0.0,synthetic_seed
NH,2023,other,hisp,f,10-14,0.0,synthetic_seed
NH,2023,other,hisp,m,15-19,0.3434,synthetic_seed
NH,2023,other,hisp,f,15-19,0.3198,synthetic_seed
NH,2023,other,hisp,m,20-24,0.7637,synthetic_seed
NH,2023,other,hisp,f,20-24,0.6863,synthetic_seed
NH,2023,other,hisp,m,25-29,0.8741,synthetic_seed
NH,2023,other,hisp,f,25-29,0.7573,synthetic_seed
NH,2023,other,hisp,m,30-34,0.9161,synthetic_seed
NH,2023,other,hisp,f,30-34,0.724,synthetic_seed
NH,2023,other,hisp,m,35-39,0.8959,synthetic_seed
NH,2023,other,hisp,f,35-39,0.7451,synthetic_seed
NH,2023,other,hisp,m,40-44,0.8946,synthetic_seed
NH,2023,other,hisp,f,40-44,0.7667,synthetic_seed
NH,2023,other,hisp,m,45-49,0.8332,synthetic_seed
NH,2023,other,hisp,f,45-49,0.7807,synthetic_seed
NH,2023,other,hisp,m,50-54,0.8285,synthetic_seed
NH,2023,other,hisp,f,50-54,0.7407,synthetic_seed
NH,2023,other,hisp,m,55-59,0.7264,synthetic_seed
NH,2023,other,hisp,f,55-59,0.651,synthetic_seed
NH,2023,other,hisp,m,60-64,0.5971,synthetic_seed
NH,2023,other,hisp,f,60-64,0.5166,synthetic_seed
NH,2023,other,hisp,m,65-69,0.3726,synthetic_seed
NH,2023,other,hisp,f,65-69,0.283,synthetic_seed
NH,2023,other,hisp,m,70-74,0.2235,synthetic_seed
NH,2023,other,hisp,f,70-74,0.1509,synthetic_seed
NH,2023,other,hisp,m,75-79,0.1195,synthetic_seed
NH,2023,other,hisp,f,75-79,0.0694,synthetic_seed
NH,2023,other,hisp,m,80-84,0.0602,synthetic_seed
NH,2023,other,hisp,f,80-84,0.0294,synthetic_seed
NH,2023,other,hisp,m,85+,0.0207,synthetic_seed
NH,2023,other,hisp,f,85+,0.0102,synthetic_seed
NJ,2023,white,non-hisp,m,0-4,0.0,synthetic_seed
NJ,2023,white,non-hisp,f,0-4,0.0,synthetic_seed
NJ,2023,white,non-hisp,m,5-9,0.0,synthetic_seed
NJ,2023,white,non-hisp,f,5-9,0.0,synthetic_seed
NJ,2023,white,non-hisp,m,10-14,0.0,synthetic_seed
NJ,2023,white,non-hisp,f,10-14,0.0,synthetic_seed
NJ,2023,white,non-hisp,m,15-19,0.3642,synthetic_seed
NJ,2023,white,non-hisp,f,15-19,0.312,synthetic_seed
NJ,2023,white,non-hisp,m,20-24,0.7489,synthetic_seed
NJ,2023,white,non-hisp,f,20-24,0.6845,synthetic_seed
NJ,2023,white,non-hisp,m,25-29,0.8801,synthetic_seed
NJ,2023,white,non-hisp,f,25-29,0.74,synthetic_seed
NJ,2023,white,non-hisp,m,30-34,0.9281,synthetic_seed
NJ,2023,white,non-hisp,f,30-34,0.7339,synthetic_seed
NJ,2023,white,non-hisp,m,35-39,0.9081,synthetic_seed
NJ,2023,white,non-hisp,f,35-39,0.7443,synthetic_seed
NJ,2023,white,non-hisp,m,40-44,0.9288,synthetic_seed
NJ,2023,white,non-hisp,f,40-44,0.772,synthetic_seed
NJ,2023,white,non-hisp,m,45-49,0.875,synthetic_seed
NJ,2023,white,non-hisp,f,45-49,0.7889,synthetic_seed
NJ,2023,white,non-hisp,m,50-54,0.8351,synthetic_seed
NJ,2023,white,non-hisp,f,50-54,0.7515,synthetic_seed
NJ,2023,white,non-hisp,m,55-59,0.7438,synthetic_seed
NJ,2023,white,non-hisp,f,55-59,0.65,synthetic_seed
NJ,2023,white,non-hisp,m,60-64,0.5965,synthetic_seed
NJ,2023,white,non-hisp,f,60-64,0.4961,synthetic_seed
NJ,2023,white,non-hisp,m,65-69,0.3935,synthetic_seed
NJ,2023,white,non-hisp,f,65-69,0.2865,synthetic_seed
NJ,2023,white,non-hisp,m,70-74,0.2367,synthetic_seed
NJ,2023,white,non-hisp,f,70-74,0.156,synthetic_seed
NJ,2023,white,non-hisp,m,75-79,0.1179,synthetic_seed
NJ,2023,white,non-hisp,f,75-79,0.0707,synthetic_seed
NJ,2023,white,non-hisp,m,80-84,0.0613,synthetic_seed
NJ,2023,white,non-hisp,f,80-84,0.0299,synthetic_seed
NJ,2023,white,non-hisp,m,85+,0.0202,synthetic_seed
NJ,2023,white,non-hisp,f,85+,0.0102,synthetic_seed
NJ,2023,white,hisp,m,0-4,0.0,synthetic_seed
NJ,2023,white,hisp,f,0-4,0.0,synthetic_seed
NJ,2023,white,hisp,m,5-9,0.0,synthetic_seed
NJ,2023,white,hisp,f,5-9,0.0,synthetic_seed
NJ,2023,white,hisp,m,10-14,0.0,synthetic_seed
NJ,2023,white,hisp,f,10-14,0.0,synthetic_seed
NJ,2023,white,hisp,m,15-19,0.362,synthetic_seed
NJ,2023,white,hisp,f,15-19,0.313,synthetic_seed
NJ,2023,white,hisp,m,20-24,0.7725,synthetic_seed
NJ,2023,white,hisp,f,20-24,0.705,synthetic_seed
NJ,2023,white,hisp,m,25-29,0.8805,synthetic_seed
NJ,2023,white,hisp,f,25-29,0.7668,synthetic_seed
NJ,2023,white,hisp,m,30-34,0.8983,synthetic_seed
NJ,2023,white,hisp,f,30-34,0.7585,synthetic_seed
NJ,2023,white,hisp,m,35-39,0.928,synthetic_seed
NJ,2023,white,hisp,f,35-39,0.7399,synthetic_seed
NJ,2023,white,hisp,m,40-44,0.8777,synthetic_seed
NJ,2023,white,hisp,f,40-44,0.7443,synthetic_seed
NJ,2023,white,hisp,m,45-49,0.8668,synthetic_seed
NJ,2023,white,hisp,f,45-49,0.7784,synthetic_seed
NJ,2023,white,hisp,m,50-54,0.8147,synthetic_seed
NJ,2023,white,hisp,f,50-54,0.7467,synthetic_seed
NJ,2023,white,hisp,m,55-59,0.7545,synthetic_seed
NJ,2023,white,hisp,f,55-59,0.6554,synthetic_seed
NJ,2023,white,hisp,m,60-64,0.605,synthetic_seed
NJ,2023,white,hisp,f,60-64,0.4962,synthetic_seed
NJ,2023,white,hisp,m,65-69,0.3878,synthetic_seed
NJ,2023,white,hisp,f,65-69,0.281,synthetic_seed
NJ,2023,white,hisp,m,70-74,0.2272,synthetic_seed
NJ,2023,white,hisp,f,70-74,0.1501,synthetic_seed
NJ,2023,white,hisp,m,75-79,0.1202,synthetic_seed
NJ,2023,white,hisp,f,75-79,0.0685,synthetic_seed
NJ,2023,white,hisp,m,80-84,0.0586,synthetic_seed
NJ,2023,white,hisp,f,80-84,0.0309,synthetic_seed
NJ,2023,white,hisp,m,85+,0.0202,synthetic_seed
NJ,2023,white,hisp,f,85+,0.01,synthetic_seed
NJ,2023,black,non-hisp,m,0-4,0.0,synthetic_seed
NJ,2023,black,non-hisp,f,0-4,0.0,synthetic_seed
NJ,2023,black,non-hisp,m,5-9,0.0,synthetic_seed
NJ,2023,black,non-hisp,f,5-9,0.0,synthetic_seed
NJ,2023,black,non-hisp,m,10-14,0.0,synthetic_seed
NJ,2023,black,non-hisp,f,10-14,0.0,synthetic_seed
NJ,2023,black,non-hisp,m,15-19,0.3475,synthetic_seed
NJ,2023,black,non-hisp,f,15-19,0.303,synthetic_seed
NJ,2023,black,non-hisp,m,20-24,0.7268,synthetic_seed
NJ,2023,black,non-hisp,f,20-24,0.6934,synthetic_seed
NJ,2023,black,non-hisp,m,25-29,0.8518,synthetic_seed
NJ,2023,black,non-hisp,f,25-29,0.711,synthetic_seed
NJ,2023,black,non-hisp,m,30-34,0.9111,synthetic_seed
NJ,2023,black,non-hisp,f,30-34,0.7064,synthetic_seed
NJ,2023,black,non-hisp,m,35-39,0.8914,synthetic_seed
NJ,2023,black,non-hisp,f,35-39,0.7078,synthetic_seed
NJ,2023,black,non-hisp,m,40-44,0.8727,synthetic_seed
NJ,2023,black,non-hisp,f,40-44,0.7318,synthetic_seed
NJ,2023,black,non-hisp,m,45-49,0.8133,synthetic_seed
NJ,2023,black,non-hisp,f,45-49,0.7372,synthetic_seed
NJ,2023,black,non-hisp,m,50-54,0.802,synthetic_seed
NJ,2023,black,non-hisp,f,50-54,0.7366,synthetic_seed
NJ,2023,black,non-hisp,m,55-59,0.7293,synthetic_seed
NJ,2023,black,non-hisp,f,55-59,0.6158,synthetic_seed
NJ,2023,black,non-hisp,m,60-64,0.5538,synthetic_seed
NJ,2023,black,non-hisp,f,60-64,0.4837,synthetic_seed
NJ,2023,black,non-hisp,m,65-69,0.3781,synthetic_seed
NJ,2023,black,non-hisp,f,65-69,0.2845,synthetic_seed
NJ,2023,black,non-hisp,m,70-74,0.227,synthetic_seed
NJ,2023,black,non-hisp,f,70-74,0.1416,synthetic_seed
NJ,2023,black,non-hisp,m,75-79,0.1151,synthetic_seed
NJ,2023,black,non-hisp,f,75-79,0.0676,synthetic_seed
NJ,2023,black,non-hisp,m,80-84,0.06,synthetic_seed
NJ,2023,black,non-hisp,f,80-84,0.0288,synthetic_seed
NJ,2023,black,non-hisp,m,85+,0.0195,synthetic_seed
NJ,2023,black,non-hisp,f,85+,0.01,synthetic_seed
NJ,2023,black,hisp,m,0-4,0.0,synthetic_seed
NJ,2023,black,hisp,f,0-4,0.0,synthetic_seed
NJ,2023,black,hisp,m,5-9,0.0,synthetic_seed
NJ,2023,black,hisp,f,5-9,0.0,synthetic_seed
NJ,2023,black,hisp,m,10-14,0.0,synthetic_seed
NJ,2023,black,hisp,f,10-14,0.0,synthetic_seed
NJ,2023,black,hisp,m,15-19,0.3552,synthetic_seed
NJ,2023,black,hisp,f,15-19,0.3062,synthetic_seed
NJ,2023,black,hisp,m,20-24,0.7144,synthetic_seed
NJ,2023,black,hisp,f,20-24,0.6925,synthetic_seed
NJ,2023,black,hisp,m,25-29,0.8111,synthetic_seed
NJ,2023,black,hisp,f,25-29,0.7143,synthetic_seed
NJ,2023,black,hisp,m,30-34,0.8562,synthetic_seed
NJ,2023,black,hisp,f,30-34,0.6958,synthetic_seed
NJ,2023,black,hisp,m,35-39,0.8843,synthetic_seed
NJ,2023,black,hisp,f,35-39,0.7244,synthetic_seed
NJ,2023,black,hisp,m,40-44,0.8645,synthetic_seed
NJ,2023,black,hisp,f,40-44,0.7522,synthetic_seed
NJ,2023,black,hisp,m,45-49,0.8593,synthetic_seed
NJ,2023,black,hisp,f,45-49,0.7593,synthetic_seed
NJ,2023,black,hisp,m,50-54,0.8216,synthetic_seed
NJ,2023,black,hisp,f,50-54,0.7046,synthetic_seed
NJ,2023,black,hisp,m,55-59,0.7531,synthetic_seed
NJ,2023,black,hisp,f,55-59,0.6314,synthetic_seed
NJ,2023,black,hisp,m,60-64,0.5812,synthetic_seed
NJ,2023,black,hisp,f,60-64,0.4929,synthetic_seed
NJ,2023,black,hisp,m,65-69,0.3635,synthetic_seed
NJ,2023,black,hisp,f,65-69,0.2777,synthetic_seed
NJ,2023,black,hisp,m,70-74,0.2351,synthetic_seed
NJ,2023,black,hisp,f,70-74,0.1478,synthetic_seed
NJ,2023,black,hisp,m,75-79,0.1172,synthetic_seed
NJ,2023,black,hisp,f,75-79,0.0679,synthetic_seed
NJ,2023,black,hisp,m,80-84,0.0588,synthetic_seed
NJ,2023,black,hisp,f,80-84,0.03,synthetic_seed
NJ,2023,black,hisp,m,85+,0.0195,synthetic_seed
NJ,2023,black,hisp,f,85+,0.0096,synthetic_seed
NJ,2023,asian,non-hisp,m,0-4,0.0,synthetic_seed
NJ,2023,asian,non-hisp,f,0-4,0.0,synthetic_seed
NJ,2023,asian,non-hisp,m,5-9,0.0,synthetic_seed
NJ,2023,asian,non-hisp,f,5-9,0.0,synthetic_seed
NJ,2023,asian,non-hisp,m,10-14,0.0,synthetic_seed
NJ,2023,asian,non-hisp,f,10-14,0.0,synthetic_seed
NJ,2023,asian,non-hisp,m,15-19,0.3596,synthetic_seed
NJ,2023,asian,non-hisp,f,15-19,0.3162,synthetic_seed
NJ,2023,asian,non-hisp,m,20-24,0.774,synthetic_seed
NJ,2023,asian,non-hisp,f,20-24,0.701,synthetic_seed
NJ,2023,asian,non-hisp,m,25-29,0.8585,synthetic_seed
NJ,2023,asian,non-hisp,f,25-29,0.7855,synthetic_seed
NJ,2023,asian,non-hisp,m,30-34,0.9148,synthetic_seed
NJ,2023,asian,non-hisp,f,30-34,0.7444,synthetic_seed
NJ,2023,asian,non-hisp,m,35-39,0.923,synthetic_seed
NJ,2023,asian,non-hisp,f,35-39,0.7487,synthetic_seed
NJ,2023,asian,non-hisp,m,40-44,0.8772,synthetic_seed
NJ,2023,asian,non-hisp,f,40-44,0.7548,synthetic_seed
NJ,2023,asian,non-hisp,m,45-49,0.9087,synthetic_seed
NJ,2023,asian,non-hisp,f,45-49,0.791,synthetic_seed
NJ,2023,asian,non-hisp,m,50-54,0.8353,synthetic_seed
NJ,2023,asian,non-hisp,f,50-54,0.7583,synthetic_seed
NJ,2023,asian,non-hisp,m,55-59,0.7452,synthetic_seed
NJ,2023,asian,non-hisp,f,55-59,0.6616,synthetic_seed
NJ,2023,asian,non-hisp,m,60-64,0.5989,synthetic_seed
NJ,2023,asian,non-hisp,f,60-64,0.5311,synthetic_seed
NJ,2023,asian,non-hisp,m,65-69,0.3903,synthetic_seed
NJ,2023,asian,non-hisp,f,65-69,0.2846,synthetic_seed
NJ,2023,asian,non-hisp,m,70-74,0.2298,synthetic_seed
NJ,2023,asian,non-hisp,f,70-74,0.1614,synthetic_seed
NJ,2023,asian,non-hisp,m,75-79,0.1259,synthetic_seed
NJ,2023,asian,non-hisp,f,75-79,0.0733,synthetic_seed
NJ,2023,asian,non-hisp,m,80-84,0.0633,synthetic_seed
NJ,2023,asian,non-hisp,f,80-84,0.031,synthetic_seed
NJ,2023,asian,non-hisp,m,85+,0.0207,synthetic_seed
NJ,2023,asian,non-hisp,f,85+,0.01,synthetic_seed
NJ,2023,asian,hisp,m,0-4,0.0,synthetic_seed
NJ,2023,asian,hisp,f,0-4,0.0,synthetic_seed
NJ,2023,asian,hisp,m,5-9,0.0,synthetic_seed
NJ,2023,asian,hisp,f,5-9,0.0,synthetic_seed
NJ,2023,asian,hisp,m,10-14,0.0,synthetic_seed
NJ,2023,asian,hisp,f,10-14,0.0,synthetic_seed
NJ,2023,asian,hisp,m,15-19,0.363,synthetic_seed
NJ,2023,asian,hisp,f,15-19,0.3219,synthetic_seed
NJ,2023,asian,hisp,m,20-24,0.7805,synthetic_seed
NJ,2023,asian,hisp,f,20-24,0.7026,synthetic_seed
NJ,2023,asian,hisp,m,25-29,0.8936,synthetic_seed
NJ,2023,asian,hisp,f,25-29,0.7747,synthetic_seed
NJ,2023,asian,hisp,m,30-34,0.9237,synthetic_seed
NJ,2023,asian,hisp,f,30-34,0.754,synthetic_seed
NJ,2023,asian,hisp,m,35-39,0.9407,synthetic_seed
NJ,2023,asian,hisp,f,35-39,0.7394,synthetic_seed
NJ,2023,asian,hisp,m,40-44,0.8751,synthetic_seed
NJ,2023,asian,hisp,f,40-44,0.7887,synthetic_seed
NJ,2023,asian,hisp,m,45-49,0.8914,synthetic_seed
NJ,2023,asian,hisp,f,45-49,0.7774,synthetic_seed
NJ,2023,asian,hisp,m,50-54,0.8488,synthetic_seed
NJ,2023,asian,hisp,f,50-54,0.7718,synthetic_seed
NJ,2023,asian,hisp,m,55-59,0.7787,synthetic_seed
NJ,2023,asian,hisp,f,55-59,0.6512,synthetic_seed
NJ,2023,asian,hisp,m,60-64,0.5984,synthetic_seed
NJ,2023,asian,hisp,f,60-64,0.501,synthetic_seed
NJ,2023,asian,hisp,m,65-69,0.3872,synthetic_seed
NJ,2023,asian,hisp,f,65-69,0.2811,synthetic_seed
NJ,2023,asian,hisp,m,70-74,0.2291,synthetic_seed
NJ,2023,asian,hisp,f,70-74,0.1534,synthetic_seed
NJ,2023,asian,hisp,m,75-79,0.1212,synthetic_seed
NJ,2023,asian,hisp,f,75-79,0.0708,synthetic_seed
NJ,2023,asian,hisp,m,80-84,0.0611,synthetic_seed
NJ,2023,asian,hisp,f,80-84,0.0313,synthetic_seed
NJ,2023,asian,hisp,m,85+,0.0204,synthetic_seed
NJ,2023,asian,hisp,f,85+,0.0104,synthetic_seed
NJ,2023,other,non-hisp,m,0-4,0.0,synthetic_seed
NJ,2023,other,non-hisp,f,0-4,0.0,synthetic_seed
NJ,2023,other,non-hisp,m,5-9,0.0,synthetic_seed
NJ,2023,other,non-hisp,f,5-9,0.0,synthetic_seed
NJ,2023,other,non-hisp,m,10-14,0.0,synthetic_seed
NJ,2023,other,non-hisp,f,10-14,0.0,synthetic_seed
NJ,2023,other,non-hisp,m,15-19,0.3632,synthetic_seed
NJ,2023,other,non-hisp,f,15-19,0.3202,synthetic_seed
NJ,2023,other,non-hisp,m,20-24,0.7522,synthetic_seed
NJ,2023,other,non-hisp,f,20-24,0.7115,synthetic_seed
NJ,2023,other,non-hisp,m,25-29,0.896,synthetic_seed
NJ,2023,other,non-hisp,f,25-29,0.7338,synthetic_seed
NJ,2023,other,non-hisp,m,30-34,0.9132,synthetic_seed
NJ,2023,other,non-hisp,f,30-34,0.7175,synthetic_seed
NJ,2023,other,non-hisp,m,35-39,0.8912,synthetic_seed
NJ,2023,other,non-hisp,f,35-39,0.7376,synthetic_seed
NJ,2023,other,non-hisp,m,40-44,0.9168,synthetic_seed
NJ,2023,other,non-hisp,f,40-44,0.7836,synthetic_seed
NJ,2023,other,non-hisp,m,45-49,0.8524,synthetic_seed
NJ,2023,other,non-hisp,f,45-49,0.7706,synthetic_seed
NJ,2023,other,non-hisp,m,50-54,0.8532,synthetic_seed
NJ,2023,other,non-hisp,f,50-54,0.7173,synthetic_seed
NJ,2023,other,non-hisp,m,55-59,0.7481,synthetic_seed
NJ,2023,other,non-hisp,f,55-59,0.6422,synthetic_seed
NJ,2023,other,non-hisp,m,60-64,0.5937,synthetic_seed
NJ,2023,other,non-hisp,f,60-64,0.4955,synthetic_seed
NJ,2023,other,non-hisp,m,65-69,0.386,synthetic_seed
NJ,2023,other,non-hisp,f,65-69,0.284,synthetic_seed
NJ,2023,other,non-hisp,m,70-74,0.2316,synthetic_seed
NJ,2023,other,non-hisp,f,70-74,0.1525,synthetic_seed
NJ,2023,other,non-hisp,m,75-79,0.1186,synthetic_seed
NJ,2023,other,non-hisp,f,75-79,0.0695,synthetic_seed
NJ,2023,other,non-hisp,m,80-84,0.0611,synthetic_seed
NJ,2023,other,non-hisp,f,80-84,0.0299,synthetic_seed
NJ,2023,other,non-hisp,m,85+,0.02,synthetic_seed
NJ,2023,other,non-hisp,f,85+,0.0101,synthetic_seed
NJ,2023,other,hisp,m,0-4,0.0,synthetic_seed
NJ,2023,other,hisp,f,0-4,0.0,synthetic_seed
NJ,2023,other,hisp,m,5-9,0.0,synthetic_seed
NJ,2023,other,hisp,f,5-9,0.0,synthetic_seed
NJ,2023,other,hisp,m,10-14,0.0,synthetic_seed
NJ,2023,other,hisp,f,10-14,0.0,synthetic_seed
NJ,2023,other,hisp,m,15-19,0.3705,synthetic_seed
NJ,2023,other,hisp,f,15-19,0.327,synthetic_seed
NJ,2023,other,hisp,m,20-24,0.7513,synthetic_seed
NJ,2023,other,hisp,f,20-24,0.6924,synthetic_seed
NJ,2023,other,hisp,m,25-29,0.8704,synthetic_seed
NJ,2023,other,hisp,f,25-29,0.7506,synthetic_seed
NJ,2023,other,hisp,m,30-34,0.915,synthetic_seed
NJ,2023,other,hisp,f,30-34,0.7215,synthetic_seed
NJ,2023,other,hisp,m,35-39,0.8907,synthetic_seed
NJ,2023,other,hisp,f,35-39,0.7415,synthetic_seed
NJ,2023,other,hisp,m,40-44,0.8984,synthetic_seed
NJ,2023,other,hisp,f,40-44,0.7592,synthetic_seed
NJ,2023,other,hisp,m,45-49,0.878,synthetic_seed
NJ,2023,other,hisp,f,45-49,0.752,synthetic_seed
NJ,2023,other,hisp,m,50-54,0.8328,synthetic_seed
NJ,2023,other,hisp,f,50-54,0.732,synthetic_seed
NJ,2023,other,hisp,m,55-59,0.7272,synthetic_seed
NJ,2023,other,hisp,f,55-59,0.6561,synthetic_seed
NJ,2023,other,hisp,m,60-64,0.6106,synthetic_seed
NJ,2023,other,hisp,f,60-64,0.5168,synthetic_seed
NJ,2023,other,hisp,m,65-69,0.3685,synthetic_seed
NJ,2023,other,hisp,f,65-69,0.2821,synthetic_seed
NJ,2023,other,hisp,m,70-74,0.226,synthetic_seed
NJ,2023,other,hisp,f,70-74,0.1476,synthetic_seed
NJ,2023,other,hisp,m,75-79,0.1185,synthetic_seed
NJ,2023,other,hisp,f,75-79,0.0682,synthetic_seed
NJ,2023,other,hisp,m,80-84,0.0622,synthetic_seed
NJ,2023,other,hisp,f,80-84,0.0298,synthetic_seed
NJ,2023,other,hisp,m,85+,0.0203,synthetic_seed
NJ,2023,other,hisp,f,85+,0.0102,synthetic_seed
NM,2023,white,non-hisp,m,0-4,0.0,synthetic_seed
NM,2023,white,non-hisp,f,0-4,0.0,synthetic_seed
NM,2023,white,non-hisp,m,5-9,0.0,synthetic_seed
NM,2023,white,non-hisp,f,5-9,0.0,synthetic_seed
NM,2023,white,non-hisp,m,10-14,0.0,synthetic_seed
NM,2023,white,non-hisp,f,10-14,0.0,synthetic_seed
NM,2023,white,non-hisp,m,15-19,0.3615,synthetic_seed
NM,2023,white,non-hisp,f,15-19,0.3182,synthetic_seed
NM,2023,white,non-hisp,m,20-24,0.7495,synthetic_seed
NM,2023,white,non-hisp,f,20-24,0.6845,synthetic_seed
NM,2023,white,non-hisp,m,25-29,0.872,synthetic_seed
NM,2023,white,non-hisp,f,25-29,0.7424,synthetic_seed
NM,2023,white,non-hisp,m,30-34,0.8819,synthetic_seed
NM,2023,white,non-hisp,f,30-34,0.7456,synthetic_seed
NM,2023,white,non-hisp,m,35-39,0.9333,synthetic_seed
NM,2023,white,non-hisp,f,35-39,0.7188,synthetic_seed
NM,2023,white,non-hisp,m,40-44,0.9064,synthetic_seed
NM,2023,white,non-hisp,f,40-44,0.7534,synthetic_seed
NM,2023,white,non-hisp,m,45-49,0.8541,synthetic_seed
NM,2023,white,non-hisp,f,45-49,0.776,synthetic_seed
NM,2023,white,non-hisp,m,50-54,0.8362,synthetic_seed
NM,2023,white,non-hisp,f,50-54,0.7359,synthetic_seed
NM,2023,white,non-hisp,m,55-59,0.7732,synthetic_seed
NM,2023,white,non-hisp,f,55-59,0.6579,synthetic_seed
NM,2023,white,non-hisp,m,60-64,0.5979,synthetic_seed
NM,2023,white,non-hisp,f,60-64,0.4979,synthetic_seed
NM,2023,white,non-hisp,m,65-69,0.3749,synthetic_seed
NM,2023,white,non-hisp,f,65-69,0.2933,synthetic_seed
NM,2023,white,non-hisp,m,70-74,0.2394,synthetic_seed
NM,2023,white,non-hisp,f,70-74,0.1476,synthetic_seed
NM,2023,white,non-hisp,m,75-79,0.1223,synthetic_seed
NM,2023,white,non-hisp,f,75-79,0.0715,synthetic_seed
NM,2023,white,non-hisp,m,80-84,0.0611,synthetic_seed
NM,2023,white,non-hisp,f,80-84,0.03,synthetic_seed
NM,2023,white,non-hisp,m,85+,0.0194,synthetic_seed
NM,2023,white,non-hisp,f,85+,0.01,synthetic_seed
NM,2023,white,hisp,m,0-4,0.0,synthetic_seed
NM,2023,white,hisp,f,0-4,0.0,synthetic_seed
NM,2023,white,hisp,m,5-9,0.0,synthetic_seed
NM,2023,white,hisp,f,5-9,0.0,synthetic_seed
NM,2023,white,hisp,m,10-14,0.0,synthetic_seed
NM,2023,white,hisp,f,10-14,0.0,synthetic_seed
NM,2023,white,hisp,m,15-19,0.3529,synthetic_seed
NM,2023,white,hisp,f,15-19,0.3255,synthetic_seed
NM,2023,white,hisp,m,20-24,0.7206,synthetic_seed
NM,2023,white,hisp,f,20-24,0.7133,synthetic_seed
NM,2023,white,hisp,m,25-29,0.8925,synthetic_seed
NM,2023,white,hisp,f,25-29,0.7704,synthetic_seed
NM,2023,white,hisp,m,30-34,0.9067,synthetic_seed
NM,2023,white,hisp,f,30-34,0.7477,synthetic_seed
NM,2023,white,hisp,m,35-39,0.8939,synthetic_seed
NM,2023,white,hisp,f,35-39,0.7391,synthetic_seed
NM,2023,white,hisp,m,40-44,0.8852,synthetic_seed
NM,2023,white,hisp,f,40-44,0.7756,synthetic_seed
NM,2023,white,hisp,m,45-49,0.8663,synthetic_seed
NM,2023,white,hisp,f,45-49,0.7778,synthetic_seed
NM,2023,white,hisp,m,50-54,0.8413,synthetic_seed
NM,2023,white,hisp,f,50-54,0.7201,synthetic_seed
NM,2023,white,hisp,m,55-59,0.7458,synthetic_seed
NM,2023,white,hisp,f,55-59,0.6485,synthetic_seed
NM,2023,white,hisp,m,60-64,0.6012,synthetic_seed
NM,2023,white,hisp,f,60-64,0.5239,synthetic_seed
NM,2023,white,hisp,m,65-69,0.3781,synthetic_seed
NM,2023,white,hisp,f,65-69,0.2804,synthetic_seed
NM,2023,white,hisp,m,70-74,0.2292,synthetic_seed
NM,2023,white,hisp,f,70-74,0.1555,synthetic_seed
NM,2023,white,hisp,m,75-79,0.1209,synthetic_seed
NM,2023,white,hisp,f,75-79,0.0673,synthetic_seed
NM,2023,white,hisp,m,80-84,0.0598,synthetic_seed
NM,2023,white,hisp,f,80-84,0.0295,synthetic_seed
NM,2023,white,hisp,m,85+,0.0205,synthetic_seed
NM,2023,white,hisp,f,85+,0.01,synthetic_seed
NM,2023,black,non-hisp,m,0-4,0.0,synthetic_seed
NM,2023,black,non-hisp,f,0-4,0.0,synthetic_seed
NM,2023,black,non-hisp,m,5-9,0.0,synthetic_seed
NM,2023,black,non-hisp,f,5-9,0.0,synthetic_seed
NM,2023,black,non-hisp,m,10-14,0.0,synthetic_seed
NM,2023,black,non-hisp,f,10-14,0.0,synthetic_seed
NM,2023,black,non-hisp,m,15-19,0.3634,synthetic_seed
NM,2023,black,non-hisp,f,15-19,0.3082,synthetic_seed
NM,2023,black,non-hisp,m,20-24,0.7111,synthetic_seed
NM,2023,black,non-hisp,f,20-24,0.6799,synthetic_seed
NM,2023,black,non-hisp,m,25-29,0.8304,synthetic_seed
NM,2023,black,non-hisp,f,25-29,0.6956,synthetic_seed
NM,2023,black,non-hisp,m,30-34,0.8707,synthetic_seed
NM,2023,black,non-hisp,f,30-34,0.7153,synthetic_seed
NM,2023,black,non-hisp,m,35-39,0.875,synthetic_seed
NM,2023,black,non-hisp,f,35-39,0.7191,synthetic_seed
NM,2023,black,non-hisp,m,40-44,0.8636,synthetic_seed
NM,2023,black,non-hisp,f,40-44,0.7375,synthetic_seed
NM,2023,black,non-hisp,m,45-49,0.8344,synthetic_seed
NM,2023,black,non-hisp,f,45-49,0.7412,synthetic_seed
NM,2023,black,non-hisp,m,50-54,0.8181,synthetic_seed
NM,2023,black,non-hisp,f,50-54,0.7212,synthetic_seed
NM,2023,black,non-hisp,m,55-59,0.7164,synthetic_seed
NM,2023,black,non-hisp,f,55-59,0.64,synthetic_seed
NM,2023,black,non-hisp,m,60-64,0.5551,synthetic_seed
NM,2023,black,non-hisp,f,60-64,0.4632,synthetic_seed
NM,2023,black,non-hisp,m,65-69,0.3644,synthetic_seed
NM,2023,black,non-hisp,f,65-69,0.2776,synthetic_seed
NM,2023,black,non-hisp,m,70-74,0.2248,synthetic_seed
NM,2023,black,non-hisp,f,70-74,0.1431,synthetic_seed
NM,2023,black,non-hisp,m,75-79,0.1126,synthetic_seed
NM,2023,black,non-hisp,f,75-79,0.066,synthetic_seed
NM,2023,black,non-hisp,m,80-84,0.059,synthetic_seed
NM,2023,black,non-hisp,f,80-84,0.0282,synthetic_seed
NM,2023,black,non-hisp,m,85+,0.0195,synthetic_seed
NM,2023,black,non-hisp,f,85+,0.0099,synthetic_seed
NM,2023,black,hisp,m,0-4,0.0,synthetic_seed
NM,2023,black,hisp,f,0-4,0.0,synthetic_seed
NM,2023,black,hisp,m,5-9,0.0,synthetic_seed
NM,2023,black,hisp,f,5-9,0.0,synthetic_seed
NM,2023,black,hisp,m,10-14,0.0,synthetic_seed
NM,2023,black,hisp,f,10-14,0.0,synthetic_seed
NM,2023,black,hisp,m,15-19,0.3513,synthetic_seed
NM,2023,black,hisp,f,15-19,0.3069,synthetic_seed
NM,2023,black,hisp,m,20-24,0.7311,synthetic_seed
NM,2023,black,hisp,f,20-24,0.6719,synthetic_seed
NM,2023,black,hisp,m,25-29,0.8578,synthetic_seed
NM,2023,black,hisp,f,25-29,0.7377,synthetic_seed
NM,2023,black,hisp,m,30-34,0.8811,synthetic_seed
NM,2023,black,hisp,f,30-34,0.7123,synthetic_seed
NM,2023,black,hisp,m,35-39,0.8721,synthetic_seed
NM,2023,black,hisp,f,35-39,0.6891,synthetic_seed
NM,2023,black,hisp,m,40-44,0.861,synthetic_seed
NM,2023,black,hisp,f,40-44,0.7685,synthetic_seed
NM,2023,black,hisp,m,45-49,0.8606,synthetic_seed
NM,2023,black,hisp,f,45-49,0.7436,synthetic_seed
NM,2023,black,hisp,m,50-54,0.7824,synthetic_seed
NM,2023,black,hisp,f,50-54,0.741,synthetic_seed
NM,2023,black,hisp,m,55-59,0.7266,synthetic_seed
NM,2023,black,hisp,f,55-59,0.6448,synthetic_seed
NM,2023,black,hisp,m,60-64,0.5883,synthetic_seed
NM,2023,black,hisp,f,60-64,0.4758,synthetic_seed
NM,2023,black,hisp,m,65-69,0.3654,synthetic_seed
NM,2023,black,hisp,f,65-69,0.2782,synthetic_seed
NM,2023,black,hisp,m,70-74,0.2212,synthetic_seed
NM,2023,black,hisp,f,70-74,0.1403,synthetic_seed
NM,2023,black,hisp,m,75-79,0.1149,synthetic_seed
NM,2023,black,hisp,f,75-79,0.0697,synthetic_seed
NM,2023,black,hisp,m,80-84,0.0582,synthetic_seed
NM,2023,black,hisp,f,80-84,0.0283,synthetic_seed
NM,2023,black,hisp,m,85+,0.0191,synthetic_seed
NM,2023,black,hisp,f,85+,0.01,synthetic_seed
NM,2023,asian,non-hisp,m,0-4,0.0,synthetic_seed
NM,2023,asian,non-hisp,f,0-4,0.0,synthetic_seed
NM,2023,asian,non-hisp,m,5-9,0.0,synthetic_seed
NM,2023,asian,non-hisp,f,5-9,0.0,synthetic_seed
NM,2023,asian,non-hisp,m,10-14,0.0,synthetic_seed
NM,2023,asian,non-hisp,f,10-14,0.0,synthetic_seed
NM,2023,asian,non-hisp,m,15-19,0.3674,synthetic_seed
NM,2023,asian,non-hisp,f,15-19,0.3168,synthetic_seed
NM,2023,asian,non-hisp,m,20-24,0.7701,synthetic_seed
NM,2023,asian,non-hisp,f,20-24,0.7162,synthetic_seed
NM,2023,asian,non-hisp,m,25-29,0.9348,synthetic_seed
NM,2023,asian,non-hisp,f,25-29,0.7596,synthetic_seed
NM,2023,asian,non-hisp,m,30-34,0.9025,synthetic_seed
NM,2023,asian,non-hisp,f,30-34,0.7385,synthetic_seed
NM,2023,asian,non-hisp,m,35-39,0.942,synthetic_seed
NM,2023,asian,non-hisp,f,35-39,0.7726,synthetic_seed
NM,2023,asian,non-hisp,m,40-44,0.9088,synthetic_seed
NM,2023,asian,non-hisp,f,40-44,0.792,synthetic_seed
NM,2023,asian,non-hisp,m,45-49,0.8934,synthetic_seed
NM,2023,asian,non-hisp,f,45-49,0.8338,synthetic_seed
NM,2023,asian,non-hisp,m,50-54,0.8571,synthetic_seed
NM,2023,asian,non-hisp,f,50-54,0.7633,synthetic_seed
NM,2023,asian,non-hisp,m,55-59,0.7608,synthetic_seed
NM,2023,asian,non-hisp,f,55-59,0.6644,synthetic_seed
NM,2023,asian,non-hisp,m,60-64,0.6069,synthetic_seed
NM,2023,asian,non-hisp,f,60-64,0.5108,synthetic_seed
NM,2023,asian,non-hisp,m,65-69,0.3876,synthetic_seed
NM,2023,asian,non-hisp,f,65-69,0.2871,synthetic_seed
NM,2023,asian,non-hisp,m,70-74,0.2384,synthetic_seed
NM,2023,asian,non-hisp,f,70-74,0.1482,synthetic_seed
NM,2023,asian,non-hisp,m,75-79,0.1181,synthetic_seed
NM,2023,asian,non-hisp,f,75-79,0.071,synthetic_seed
NM,2023,asian,non-hisp,m,80-84,0.0605,synthetic_seed
NM,2023,asian,non-hisp,f,80-84,0.0319,synthetic_seed
NM,2023,asian,non-hisp,m,85+,0.02,synthetic_seed
NM,2023,asian,non-hisp,f,85+,0.0101,synthetic_seed
NM,2023,asian,hisp,m,0-4,0.0,synthetic_seed
NM,2023,asian,hisp,f,0-4,0.0,synthetic_seed
NM,2023,asian,hisp,m,5-9,0.0,synthetic_seed
NM,2023,asian,hisp,f,5-9,0.0,synthetic_seed
NM,2023,asian,hisp,m,10-14,0.0,synthetic_seed
NM,2023,asian,hisp,f,10-14,0.0,synthetic_seed
NM,2023,asian,hisp,m,15-19,0.3621,synthetic_seed
NM,2023,asian,hisp,f,15-19,0.3235,synthetic_seed
NM,2023,asian,hisp,m,20-24,0.764,synthetic_seed
NM,2023,asian,hisp,f,20-24,0.6981,synthetic_seed
NM,2023,asian,hisp,m,25-29,0.9014,synthetic_seed
NM,2023,asian,hisp,f,25-29,0.7288,synthetic_seed
NM,2023,asian,hisp,m,30-34,0.8974,synthetic_seed
NM,2023,asian,hisp,f,30-34,0.7339,synthetic_seed
NM,2023,asian,hisp,m,35-39,0.9335,synthetic_seed
NM,2023,asian,hisp,f,35-39,0.722,synthetic_seed
NM,2023,asian,hisp,m,40-44,0.927,synthetic_seed
NM,2023,asian,hisp,f,40-44,0.8044,synthetic_seed
NM,2023,asian,hisp,m,45-49,0.8901,synthetic_seed
NM,2023,asian,hisp,f,45-49,0.7741,synthetic_seed
NM,2023,asian,hisp,m,50-54,0.8354,synthetic_seed
NM,2023,asian,hisp,f,50-54,0.7428,synthetic_seed
NM,2023,asian,hisp,m,55-59,0.7713,synthetic_seed
NM,2023,asian,hisp,f,55-59,0.6807,synthetic_seed
NM,2023,asian,hisp,m,60-64,0.6159,synthetic_seed
NM,2023,asian,hisp,f,60-64,0.5076,synthetic_seed
NM,2023,asian,hisp,m,65-69,0.3823,synthetic_seed
NM,2023,asian,hisp,f,65-69,0.2798,synthetic_seed
NM,2023,asian,hisp,m,70-74,0.2348,synthetic_seed
NM,2023,asian,hisp,f,70-74,0.1545,synthetic_seed
NM,2023,asian,hisp,m,75-79,0.1206,synthetic_seed
NM,2023,asian,hisp,f,75-79,0.0712,synthetic_seed
NM,2023,asian,hisp,m,80-84,0.0627,synthetic_seed
NM,2023,asian,hisp,f,80-84,0.0299,synthetic_seed
NM,2023,asian,hisp,m,85+,0.0199,synthetic_seed
NM,2023,asian,hisp,f,85+,0.0104,synthetic_seed
NM,2023,other,non-hisp,m,0-4,0.0,synthetic_seed
NM,2023,other,non-hisp,f,0-4,0.0,synthetic_seed
NM,2023,other,non-hisp,m,5-9,0.0,synthetic_seed
NM,2023,other,non-hisp,f,5-9,0.0,synthetic_seed
NM,2023,other,non-hisp,m,10-14,0.0,synthetic_seed
NM,2023,other,non-hisp,f,10-14,0.0,synthetic_seed
NM,2023,other,non-hisp,m,15-19,0.3669,synthetic_seed
NM,2023,other,non-hisp,f,15-19,0.3199,synthetic_seed
NM,2023,other,non-hisp,m,20-24,0.7744,synthetic_seed
NM,2023,other,non-hisp,f,20-24,0.7122,synthetic_seed
NM,2023,other,non-hisp,m,25-29,0.8893,synthetic_seed
NM,2023,other,non-hisp,f,25-29,0.7486,synthetic_seed
NM,2023,other,non-hisp,m,30-34,0.9067,synthetic_seed
NM,2023,other,non-hisp,f,30-34,0.7177,synthetic_seed
NM,2023,other,non-hisp,m,35-39,0.9062,synthetic_seed
NM,2023,other,non-hisp,f,35-39,0.747,synthetic_seed
NM,2023,other,non-hisp,m,40-44,0.9274,synthetic_seed
NM,2023,other,non-hisp,f,40-44,0.7578,synthetic_seed
NM,2023,other,non-hisp,m,45-49,0.8851,synthetic_seed
NM,2023,other,non-hisp,f,45-49,0.8017,synthetic_seed
NM,2023,other,non-hisp,m,50-54,0.8436,synthetic_seed
NM,2023,other,non-hisp,f,50-54,0.7626,synthetic_seed
NM,2023,other,non-hisp,m,55-59,0.7468,synthetic_seed
NM,2023,other,non-hisp,f,55-59,0.6561,synthetic_seed
NM,2023,other,non-hisp,m,60-64,0.6167,synthetic_seed
NM,2023,other,non-hisp,f,60-64,0.506,synthetic_seed
NM,2023,other,non-hisp,m,65-69,0.3714,synthetic_seed
NM,2023,other,non-hisp,f,65-69,0.2868,synthetic_seed
NM,2023,other,non-hisp,m,70-74,0.2249,synthetic_seed
NM,2023,other,non-hisp,f,70-74,0.1507,synthetic_seed
NM,2023,other,non-hisp,m,75-79,0.1165,synthetic_seed
NM,2023,other,non-hisp,f,75-79,0.0689,synthetic_seed
NM,2023,other,non-hisp,m,80-84,0.0603,synthetic_seed
NM,2023,other,non-hisp,f,80-84,0.0297,synthetic_seed
NM,2023,other,non-hisp,m,85+,0.0209,synthetic_seed
NM,2023,other,non-hisp,f,85+,0.0103,synthetic_seed
NM,2023,other,hisp,m,0-4,0.0,synthetic_seed
NM,2023,other,hisp,f,0-4,0.0,synthetic_seed
NM,2023,other,hisp,m,5-9,0.0,synthetic_seed
NM,2023,other,hisp,f,5-9,0.0,synthetic_seed
NM,2023,other,hisp,m,10-14,0.0,synthetic_seed
NM,2023,other,hisp,f,10-14,0.0,synthetic_seed
NM,2023,other,hisp,m,15-19,0.3608,synthetic_seed
NM,2023,other,hisp,f,15-19,0.323,synthetic_seed
NM,2023,other,hisp,m,20-24,0.7674,synthetic_seed
NM,2023,other,hisp,f,20-24,0.6996,synthetic_seed
NM,2023,other,hisp,m,25-29,0.8704,synthetic_seed
NM,2023,other,hisp,f,25-29,0.7617,synthetic_seed
NM,2023,other,hisp,m,30-34,0.8925,synthetic_seed
NM,2023,other,hisp,f,30-34,0.7115,synthetic_seed
NM,2023,other,hisp,m,35-39,0.9311,synthetic_seed
NM,2023,other,hisp,f,35-39,0.7386,synthetic_seed
NM,2023,other,hisp,m,40-44,0.9075,synthetic_seed
NM,2023,other,hisp,f,40-44,0.7594,synthetic_seed
NM,2023,other,hisp,m,45-49,0.868,synthetic_seed
NM,2023,other,hisp,f,45-49,0.7735,synthetic_seed
NM,2023,other,hisp,m,50-54,0.8552,synthetic_seed
NM,2023,other,hisp,f,50-54,0.7405,synthetic_seed
NM,2023,other,hisp,m,55-59,0.7575,synthetic_seed
NM,2023,other,hisp,f,55-59,0.6445,synthetic_seed
NM,2023,other,hisp,m,60-64,0.6239,synthetic_seed
NM,2023,other,hisp,f,60-64,0.4981,synthetic_seed
NM,2023,other,hisp,m,65-69,0.3698,synthetic_seed
NM,2023,other,hisp,f,65-69,0.2724,synthetic_seed
NM,2023,other,hisp,m,70-74,0.2288,synthetic_seed
NM,2023,other,hisp,f,70-74,0.1482,synthetic_seed
NM,2023,other,hisp,m,75-79,0.1212,synthetic_seed
NM,2023,other,hisp,f,75-79,0.0713,synthetic_seed
NM,2023,other,hisp,m,80-84,0.0615,synthetic_seed
NM,2023,other,hisp,f,80-84,0.0298,synthetic_seed
NM,2023,other,hisp,m,85+,0.0196,synthetic_seed
NM,2023,other,hisp,f,85+,0.01,synthetic_seed
NY,2023,white,non-hisp,m,0-4,0.0,synthetic_seed
NY,2023,white,non-hisp,f,0-4,0.0,synthetic_seed
NY,2023,white,non-hisp,m,5-9,0.0,synthetic_seed
NY,2023,white,non-hisp,f,5-9,0.0,synthetic_seed
NY,2023,white,non-hisp,m,10-14,0.0,synthetic_seed
NY,2023,white,non-hisp,f,10-14,0.0,synthetic_seed
NY,2023,white,non-hisp,m,15-19,0.3662,synthetic_seed
NY,2023,white,non-hisp,f,15-19,0.3254,synthetic_seed
NY,2023,white,non-hisp,m,20-24,0.7457,synthetic_seed
NY,2023,white,non-hisp,f,20-24,0.7032,synthetic_seed
NY,2023,white,non-hisp,m,25-29,0.8835,synthetic_seed
NY,2023,white,non-hisp,f,25-29,0.7441,synthetic_seed
NY,2023,white,non-hisp,m,30-34,0.9094,synthetic_seed
NY,2023,white,non-hisp,f,30-34,0.7346,synthetic_seed
NY,2023,white,non-hisp,m,35-39,0.889,synthetic_seed
NY,2023,white,non-hisp,f,35-39,0.7536,synthetic_seed
NY,2023,white,non-hisp,m,40-44,0.945,synthetic_seed
NY,2023,white,non-hisp,f,40-44,0.7513,synthetic_seed
NY,2023,white,non-hisp,m,45-49,0.8543,synthetic_seed
NY,2023,white,non-hisp,f,45-49,0.7908,synthetic_seed
NY,2023,white,non-hisp,m,50-54,0.8546,synthetic_seed
NY,2023,white,non-hisp,f,50-54,0.729,synthetic_seed
NY,2023,white,non-hisp,m,55-59,0.7465,synthetic_seed
NY,2023,white,non-hisp,f,55-59,0.6552,synthetic_seed
NY,2023,white,non-hisp,m,60-64,0.6261,synthetic_seed
NY,2023,white,non-hisp,f,60-64,0.5164,synthetic_seed
NY,2023,white,non-hisp,m,65-69,0.3802,synthetic_seed
NY,2023,white,non-hisp,f,65-69,0.2783,synthetic_seed
NY,2023,white,non-hisp,m,70-74,0.2245,synthetic_seed
NY,2023,white,non-hisp,f,70-74,0.1533,synthetic_seed
NY,2023,white,non-hisp,m,75-79,0.1233,synthetic_seed
NY,2023,white,non-hisp,f,75-79,0.0722,synthetic_seed
NY,2023,white,non-hisp,m,80-84,0.0615,synthetic_seed
NY,2023,white,non-hisp,f,80-84,0.0299,synthetic_seed
NY,2023,white,non-hisp,m,85+,0.0195,synthetic_seed
NY,2023,white,non-hisp,f,85+,0.0104,synthetic_seed
NY,2023,white,hisp,m,0-4,0.0,synthetic_seed
NY,2023,white,hisp,f,0-4,0.0,synthetic_seed
NY,2023,white,hisp,m,5-9,0.0,synthetic_seed
NY,2023,white,hisp,f,5-9,0.0,synthetic_seed
NY,2023,white,hisp,m,10-14,0.0,synthetic_seed
NY,2023,white,hisp,f,10-14,0.0,synthetic_seed
NY,2023,white,hisp,m,15-19,0.3595,synthetic_seed
NY,2023,white,hisp,f,15-19,0.3124,synthetic_seed
NY,2023,white,hisp,m,20-24,0.7653,synthetic_seed
NY,2023,white,hisp,f,20-24,0.7238,synthetic_seed
NY,2023,white,hisp,m,25-29,0.8998,synthetic_seed
NY,2023,white,hisp,f,25-29,0.7461,synthetic_seed
NY,2023,white,hisp,m,30-34,0.8941,synthetic_seed
NY,2023,white,hisp,f,30-34,0.7353,synthetic_seed
NY,2023,white,hisp,m,35-39,0.8915,synthetic_seed
NY,2023,white,hisp,f,35-39,0.7288,synthetic_seed
NY,2023,white,hisp,m,40-44,0.9262,synthetic_seed
NY,2023,white,hisp,f,40-44,0.7624,synthetic_seed
NY,2023,white,hisp,m,45-49,0.8684,synthetic_seed
NY,2023,white,hisp,f,45-49,0.7631,synthetic_seed
NY,2023,white,hisp,m,50-54,0.8291,synthetic_seed
NY,2023,white,hisp,f,50-54,0.7404,synthetic_seed
NY,2023,white,hisp,m,55-59,0.7496,synthetic_seed
NY,2023,white,hisp,f,55-59,0.652,synthetic_seed
NY,2023,white,hisp,m,60-64,0.6,synthetic_seed
NY,2023,white,hisp,f,60-64,0.4914,synthetic_seed
NY,2023,white,hisp,m,65-69,0.3829,synthetic_seed
NY,2023,white,hisp,f,65-69,0.2746,synthetic_seed
NY,2023,white,hisp,m,70-74,0.2322,synthetic_seed
NY,2023,white,hisp,f,70-74,0.1471,synthetic_seed
NY,2023,white,hisp,m,75-79,0.1211,synthetic_seed
NY,2023,white,hisp,f,75-79,0.0701,synthetic_seed
NY,2023,white,hisp,m,80-84,0.0591,synthetic_seed
NY,2023,white,hisp,f,80-84,0.0308,synthetic_seed
NY,2023,white,hisp,m,85+,0.0209,synthetic_seed
NY,2023,white,hisp,f,85+,0.0099,synthetic_seed
NY,2023,black,non-hisp,m,0-4,0.0,synthetic_seed
NY,2023,black,non-hisp,f,0-4,0.0,synthetic_seed
NY,2023,black,non-hisp,m,5-9,0.0,synthetic_seed
NY,2023,black,non-hisp,f,5-9,0.0,synthetic_seed
NY,2023,black,non-hisp,m,10-14,0.0,synthetic_seed
NY,2023,black,non-hisp,f,10-14,0.0,synthetic_seed
NY,2023,black,non-hisp,m,15-19,0.3418,synthetic_seed
NY,2023,black,non-hisp,f,15-19,0.3113,synthetic_seed
NY,2023,black,non-hisp,m,20-24,0.7301,synthetic_seed
NY,2023,black,non-hisp,f,20-24,0.6697,synthetic_seed
NY,2023,black,non-hisp,m,25-29,0.835,synthetic_seed
NY,2023,black,non-hisp,f,25-29,0.728,synthetic_seed
NY,2023,black,non-hisp,m,30-34,0.8789,synthetic_seed
NY,2023,black,non-hisp,f,30-34,0.7128,synthetic_seed
NY,2023,black,non-hisp,m,35-39,0.8732,synthetic_seed
NY,2023,black,non-hisp,f,35-39,0.7151,synthetic_seed
NY,2023,black,non-hisp,m,40-44,0.8797,synthetic_seed
NY,2023,black,non-hisp,f,40-44,0.7436,synthetic_seed
NY,2023,black,non-hisp,m,45-49,0.8369,synthetic_seed
NY,2023,black,non-hisp,f,45-49,0.7522,synthetic_seed
NY,2023,black,non-hisp,m,50-54,0.808,synthetic_seed
NY,2023,black,non-hisp,f,50-54,0.7224,synthetic_seed
NY,2023,black,non-hisp,m,55-59,0.7219,synthetic_seed
NY,2023,black,non-hisp,f,55-59,0.6273,synthetic_seed
NY,2023,black,non-hisp,m,60-64,0.5842,synthetic_seed
NY,2023,black,non-hisp,f,60-64,0.4956,synthetic_seed
NY,2023,black,non-hisp,m,65-69,0.3697,synthetic_seed
NY,2023,black,non-hisp,f,65-69,0.2744,synthetic_seed
NY,2023,black,non-hisp,m,70-74,0.2248,synthetic_seed
NY,2023,black,non-hisp,f,70-74,0.1466,synthetic_seed
NY,2023,black,non-hisp,m,75-79,0.1166,synthetic_seed
NY,2023,black,non-hisp,f,75-79,0.0689,synthetic_seed
NY,2023,black,non-hisp,m,80-84,0.0578,synthetic_seed
NY,2023,black,non-hisp,f,80-84,0.0285,synthetic_seed
NY,2023,black,non-hisp,m,85+,0.0193,synthetic_seed
NY,2023,black,non-hisp,f,85+,0.0099,synthetic_seed
NY,2023,black,hisp,m,0-4,0.0,synthetic_seed
NY,2023,black,hisp,f,0-4,0.0,synthetic_seed
NY,2023,black,hisp,m,5-9,0.0,synthetic_seed
NY,2023,black,hisp,f,5-9,0.0,synthetic_seed
NY,2023,black,hisp,m,10-14,0.0,synthetic_seed
NY,2023,black,hisp,f,10-14,0.0,synthetic_seed
NY,2023,black,hisp,m,15-19,0.3423,synthetic_seed
NY,2023,black,hisp,f,15-19,0.3171,synthetic_seed
NY,2023,black,hisp,m,20-24,0.7336,synthetic_seed
NY,2023,black,hisp,f,20-24,0.6639,synthetic_seed
NY,2023,black,hisp,m,25-29,0.834,synthetic_seed
NY,2023,black,hisp,f,25-29,0.7214,synthetic_seed
NY,2023,black,hisp,m,30-34,0.9014,synthetic_seed
NY,2023,black,hisp,f,30-34,0.7192,synthetic_seed
NY,2023,black,hisp,m,35-39,0.8404,synthetic_seed
NY,2023,black,hisp,f,35-39,0.7061,synthetic_seed
NY,2023,black,hisp,m,40-44,0.889,synthetic_seed
NY,2023,black,hisp,f,40-44,0.743,synthetic_seed
NY,2023,black,hisp,m,45-49,0.8329,synthetic_seed
NY,2023,black,hisp,f,45-49,0.737,synthetic_seed
NY,2023,black,hisp,m,50-54,0.7957,synthetic_seed
NY,2023,black,hisp,f,50-54,0.7071,synthetic_seed
NY,2023,black,hisp,m,55-59,0.7447,synthetic_seed
NY,2023,black,hisp,f,55-59,0.6286,synthetic_seed
NY,2023,black,hisp,m,60-64,0.5701,synthetic_seed
NY,2023,black,hisp,f,60-64,0.4918,synthetic_seed
NY,2023,black,hisp,m,65-69,0.3699,synthetic_seed
NY,2023,black,hisp,f,65-69,0.272,synthetic_seed
NY,2023,black,hisp,m,70-74,0.2204,synthetic_seed
NY,2023,black,hisp,f,70-74,0.1412,synthetic_seed
NY,2023,black,hisp,m,75-79,0.1159,synthetic_seed
NY,2023,black,hisp,f,75-79,0.0669,synthetic_seed
NY,2023,black,hisp,m,80-84,0.0584,synthetic_seed
NY,2023,black,hisp,f,80-84,0.0293,synthetic_seed
NY,2023,black,hisp,m,85+,0.0196,synthetic_seed
NY,2023,black,hisp,f,85+,0.0096,synthetic_seed
NY,2023,asian,non-hisp,m,0-4,0.0,synthetic_seed
NY,2023,asian,non-hisp,f,0-4,0.0,synthetic_seed
NY,2023,asian,non-hisp,m,5-9,0.0,synthetic_seed
NY,2023,asian,non-hisp,f,5-9,0.0,synthetic_seed
NY,2023,asian,non-hisp,m,10-14,0.0,synthetic_seed
NY,2023,asian,non-hisp,f,10-14,0.0,synthetic_seed
NY,2023,asian,non-hisp,m,15-19,0.3598,synthetic_seed
NY,2023,asian,non-hisp,f,15-19,0.3331,synthetic_seed
NY,2023,asian,non-hisp,m,20-24,0.7663,synthetic_seed
NY,2023,asian,non-hisp,f,20-24,0.7168,synthetic_seed
NY,2023,asian,non-hisp,m,25-29,0.9068,synthetic_seed
NY,2023,asian,non-hisp,f,25-29,0.7637,synthetic_seed
NY,2023,asian,non-hisp,m,30-34,0.9759,synthetic_seed
NY,2023,asian,non-hisp,f,30-34,0.7368,synthetic_seed
NY,2023,asian,non-hisp,m,35-39,0.9178,synthetic_seed
NY,2023,asian,non-hisp,f,35-39,0.7627,synthetic_seed
NY,2023,asian,non-hisp,m,40-44,0.8697,synthetic_seed
NY,2023,asian,non-hisp,f,40-44,0.7483,synthetic_seed
NY,2023,asian,non-hisp,m,45-49,0.8852,synthetic_seed
NY,2023,asian,non-hisp,f,45-49,0.7953,synthetic_seed
NY,2023,asian,non-hisp,m,50-54,0.8236,synthetic_seed
NY,2023,asian,non-hisp,f,50-54,0.7352,synthetic_seed
NY,2023,asian,non-hisp,m,55-59,0.7847,synthetic_seed
NY,2023,asian,non-hisp,f,55-59,0.6572,synthetic_seed
NY,2023,asian,non-hisp,m,60-64,0.6109,synthetic_seed
NY,2023,asian,non-hisp,f,60-64,0.5092,synthetic_seed
NY,2023,asian,non-hisp,m,65-69,0.3758,synthetic_seed
NY,2023,asian,non-hisp,f,65-69,0.2767,synthetic_seed
NY,2023,asian,non-hisp,m,70-74,0.2379,synthetic_seed
NY,2023,asian,non-hisp,f,70-74,0.1578,synthetic_seed
NY,2023,asian,non-hisp,m,75-79,0.1209,synthetic_seed
NY,2023,asian,non-hisp,f,75-79,0.074,synthetic_seed
NY,2023,asian,non-hisp,m,80-84,0.0584,synthetic_seed
NY,2023,asian,non-hisp,f,80-84,0.0303,synthetic_seed
NY,2023,asian,non-hisp,m,85+,0.0207,synthetic_seed
NY,2023,asian,non-hisp,f,85+,0.0104,synthetic_seed
NY,2023,asian,hisp,m,0-4,0.0,synthetic_seed
NY,2023,asian,hisp,f,0-4,0.0,synthetic_seed
NY,2023,asian,hisp,m,5-9,0.0,synthetic_seed
NY,2023,asian,hisp,f,5-9,0.0,synthetic_seed
NY,2023,asian,hisp,m,10-14,0.0,synthetic_seed
NY,2023,asian,hisp,f,10-14,0.0,synthetic_seed
NY,2023,asian,hisp,m,15-19,0.3653,synthetic_seed
NY,2023,asian,hisp,f,15-19,0.3251,synthetic_seed
NY,2023,asian,hisp,m,20-24,0.7532,synthetic_seed
NY,2023,asian,hisp,f,20-24,0.7106,synthetic_seed
NY,2023,asian,hisp,m,25-29,0.8932,synthetic_seed
NY,2023,asian,hisp,f,25-29,0.755,synthetic_seed
NY,2023,asian,hisp,m,30-34,0.9668,synthetic_seed
NY,2023,asian,hisp,f,30-34,0.7213,synthetic_seed
NY,2023,asian,hisp,m,35-39,0.9398,synthetic_seed
NY,2023,asian,hisp,f,35-39,0.7513,synthetic_seed
NY,2023,asian,hisp,m,40-44,0.9207,synthetic_seed
NY,2023,asian,hisp,f,40-44,0.8026,synthetic_seed
NY,2023,asian,hisp,m,45-49,0.867,synthetic_seed
NY,2023,asian,hisp,f,45-49,0.7541,synthetic_seed
NY,2023,asian,hisp,m,50-54,0.8436,synthetic_seed
NY,2023,asian,hisp,f,50-54,0.7774,synthetic_seed
NY,2023,asian,hisp,m,55-59,0.7546,synthetic_seed
NY,2023,asian,hisp,f,55-59,0.6508,synthetic_seed
NY,2023,asian,hisp,m,60-64,0.6149,synthetic_seed
NY,2023,asian,hisp,f,60-64,0.5042,synthetic_seed
NY,2023,asian,hisp,m,65-69,0.3851,synthetic_seed
NY,2023,asian,hisp,f,65-69,0.289,synthetic_seed
NY,2023,asian,hisp,m,70-74,0.2345,synthetic_seed
NY,2023,asian,hisp,f,70-74,0.1512,synthetic_seed
NY,2023,asian,hisp,m,75-79,0.1233,synthetic_seed
NY,2023,asian,hisp,f,75-79,0.0694,synthetic_seed
NY,2023,asian,hisp,m,80-84,0.0621,synthetic_seed
NY,2023,asian,hisp,f,80-84,0.0304,synthetic_seed
NY,2023,asian,hisp,m,85+,0.0202,synthetic_seed
NY,2023,asian,hisp,f,85+,0.0101,synthetic_seed
NY,2023,other,non-hisp,m,0-4,0.0,synthetic_seed
NY,2023,other,non-hisp,f,0-4,0.0,synthetic_seed
NY,2023,other,non-hisp,m,5-9,0.0,synthetic_seed
NY,2023,other,non-hisp,f,5-9,0.0,synthetic_seed
NY,2023,other,non-hisp,m,10-14,0.0,synthetic_seed
NY,2023,other,non-hisp,f,10-14,0.0,synthetic_seed
NY,2023,other,non-hisp,m,15-19,0.3501,synthetic_seed
NY,2023,other,non-hisp,f,15-19,0.3265,synthetic_seed
NY,2023,other,non-hisp,m,20-24,0.7657,synthetic_seed
NY,2023,other,non-hisp,f,20-24,0.6951,synthetic_seed
NY,2023,other,non-hisp,m,25-29,0.9085,synthetic_seed
NY,2023,other,non-hisp,f,25-29,0.7421,synthetic_seed
NY,2023,other,non-hisp,m,30-34,0.9262,synthetic_seed
NY,2023,other,non-hisp,f,30-34,0.7515,synthetic_seed
NY,2023,other,non-hisp,m,35-39,0.9027,synthetic_seed
NY,2023,other,non-hisp,f,35-39,0.735,synthetic_seed
NY,2023,other,non-hisp,m,40-44,0.9029,synthetic_seed
NY,2023,other,non-hisp,f,40-44,0.7635,synthetic_seed
NY,2023,other,non-hisp,m,45-49,0.877,synthetic_seed
NY,2023,other,non-hisp,f,45-49,0.7603,synthetic_seed
NY,2023,other,non-hisp,m,50-54,0.8119,synthetic_seed
NY,2023,other,non-hisp,f,50-54,0.747,synthetic_seed
NY,2023,other,non-hisp,m,55-59,0.756,synthetic_seed
NY,2023,other,non-hisp,f,55-59,0.6594,synthetic_seed
NY,2023,other,non-hisp,m,60-64,0.5722,synthetic_seed
NY,2023,other,non-hisp,f,60-64,0.4987,synthetic_seed
NY,2023,other,non-hisp,m,65-69,0.3751,synthetic_seed
NY,2023,other,non-hisp,f,65-69,0.2822,synthetic_seed
NY,2023,other,non-hisp,m,70-74,0.227,synthetic_seed
NY,2023,other,non-hisp,f,70-74,0.155,synthetic_seed
NY,2023,other,non-hisp,m,75-79,0.1205,synthetic_seed
NY,2023,other,non-hisp,f,75-79,0.0708,synthetic_seed
NY,2023,other,non-hisp,m,80-84,0.0606,synthetic_seed
NY,2023,other,non-hisp,f,80-84,0.0305,synthetic_seed
NY,2023,other,non-hisp,m,85+,0.0201,synthetic_seed
NY,2023,other,non-hisp,f,85+,0.0098,synthetic_seed
NY,2023,other,hisp,m,0-4,0.0,synthetic_seed
NY,2023,other,hisp,f,0-4,0.0,synthetic_seed
NY,2023,other,hisp,m,5-9,0.0,synthetic_seed
NY,2023,other,hisp,f,5-9,0.0,synthetic_seed
NY,2023,other,hisp,m,10-14,0.0,synthetic_seed
NY,2023,other,hisp,f,10-14,0.0,synthetic_seed
NY,2023,other,hisp,m,15-19,0.3714,synthetic_seed
NY,2023,other,hisp,f,15-19,0.3096,synthetic_seed
NY,2023,other,hisp,m,20-24,0.7618,synthetic_seed
NY,2023,other,hisp,f,20-24,0.6992,synthetic_seed
NY,2023,other,hisp,m,25-29,0.8925,synthetic_seed
NY,2023,other,hisp,f,25-29,0.7513,synthetic_seed
NY,2023,other,hisp,m,30-34,0.9246,synthetic_seed
NY,2023,other,hisp,f,30-34,0.7347,synthetic_seed
NY,2023,other,hisp,m,35-39,0.8491,synthetic_seed
NY,2023,other,hisp,f,35-39,0.761,synthetic_seed
NY,2023,other,hisp,m,40-44,0.856,synthetic_seed
NY,2023,other,hisp,f,40-44,0.7785,synthetic_seed
NY,2023,other,hisp,m,45-49,0.874,synthetic_seed
NY,2023,other,hisp,f,45-49,0.7564,synthetic_seed
NY,2023,other,hisp,m,50-54,0.8194,synthetic_seed
NY,2023,other,hisp,f,50-54,0.7414,synthetic_seed
NY,2023,other,hisp,m,55-59,0.7584,synthetic_seed
NY,2023,other,hisp,f,55-59,0.644,synthetic_seed
NY,2023,other,hisp,m,60-64,0.6146,synthetic_seed
NY,2023,other,hisp,f,60-64,0.5111,synthetic_seed
NY,2023,other,hisp,m,65-69,0.3724,synthetic_seed
NY,2023,other,hisp,f,65-69,0.2772,synthetic_seed
NY,2023,other,hisp,m,70-74,0.2285,synthetic_seed
NY,2023,other,hisp,f,70-74,0.1543,synthetic_seed
NY,2023,other,hisp,m,75-79,0.1164,synthetic_seed
NY,2023,other,hisp,f,75-79,0.0723,synthetic_seed
NY,2023,other,hisp,m,80-84,0.0629,synthetic_seed
NY,2023,other,hisp,f,80-84,0.0302,synthetic_seed
NY,2023,other,hisp,m,85+,0.0201,synthetic_seed
NY,2023,other,hisp,f,85+,0.0097,synthetic_seed
NC,2023,white,non-hisp,m,0-4,0.0,synthetic_seed
NC,2023,white,non-hisp,f,0-4,0.0,synthetic_seed
NC,2023,white,non-hisp,m,5-9,0.0,synthetic_seed
NC,2023,white,non-hisp,f,5-9,0.0,synthetic_seed
NC,2023,white,non-hisp,m,10-14,0.0,synthetic_seed
NC,2023,white,non-hisp,f,10-14,0.0,synthetic_seed
NC,2023,white,non-hisp,m,15-19,0.3533,synthetic_seed
NC,2023,white,non-hisp,f,15-19,0.324,synthetic_seed
NC,2023,white,non-hisp,m,20-24,0.7766,synthetic_seed
NC,2023,white,non-hisp,f,20-24,0.7185,synthetic_seed
NC,2023,white,non-hisp,m,25-29,0.8987,synthetic_seed
NC,2023,white,non-hisp,f,25-29,0.7588,synthetic_seed
NC,2023,white,non-hisp,m,30-34,0.8871,synthetic_seed
NC,2023,white,non-hisp,f,30-34,0.7093,synthetic_seed
NC,2023,white,non-hisp,m,35-39,0.8552,synthetic_seed
NC,2023,white,non-hisp,f,35-39,0.7458,synthetic_seed
NC,2023,white,non-hisp,m,40-44,0.8606,synthetic_seed
NC,2023,white,non-hisp,f,40-44,0.7959,synthetic_seed
NC,2023,white,non-hisp,m,45-49,0.8743,synthetic_seed
NC,2023,white,non-hisp,f,45-49,0.7839,synthetic_seed
NC,2023,white,non-hisp,m,50-54,0.8057,synthetic_seed
NC,2023,white,non-hisp,f,50-54,0.7348,synthetic_seed
NC,2023,white,non-hisp,m,55-59,0.7436,synthetic_seed
NC,2023,white,non-hisp,f,55-59,0.6556,synthetic_seed
NC,2023,white,non-hisp,m,60-64,0.6253,synthetic_seed
NC,2023,white,non-hisp,f,60-64,0.486,synthetic_seed
NC,2023,white,non-hisp,m,65-69,0.3787,synthetic_seed
NC,2023,white,non-hisp,f,65-69,0.2683,synthetic_seed
NC,2023,white,non-hisp,m,70-74,0.2261,synthetic_seed
NC,2023,white,non-hisp,f,70-74,0.1491,synthetic_seed
NC,2023,white,non-hisp,m,75-79,0.1166,synthetic_seed
NC,2023,white,non-hisp,f,75-79,0.0694,synthetic_seed
NC,2023,white,non-hisp,m,80-84,0.0599,synthetic_seed
NC,2023,white,non-hisp,f,80-84,0.03,synthetic_seed
NC,2023,white,non-hisp,m,85+,0.0206,synthetic_seed
NC,2023,white,non-hisp,f,85+,0.0103,synthetic_seed
NC,2023,white,hisp,m,0-4,0.0,synthetic_seed
NC,2023,white,hisp,f,0-4,0.0,synthetic_seed
NC,2023,white,hisp,m,5-9,0.0,synthetic_seed
NC,2023,white,hisp,f,5-9,0.0,synthetic_seed
NC,2023,white,hisp,m,10-14,0.0,synthetic_seed
NC,2023,white,hisp,f,10-14,0.0,synthetic_seed
NC,2023,white,hisp,m,15-19,0.349,synthetic_seed
NC,2023,white,hisp,f,15-19,0.3113,synthetic_seed
NC,2023,white,hisp,m,20-24,0.7516,synthetic_seed
NC,2023,white,hisp,f,20-24,0.7087,synthetic_seed
NC,2023,white,hisp,m,25-29,0.8665,synthetic_seed
NC,2023,white,hisp,f,25-29,0.735,synthetic_seed
NC,2023,white,hisp,m,30-34,0.9132,synthetic_seed
NC,2023,white,hisp,f,30-34,0.7219,synthetic_seed
NC,2023,white,hisp,m,35-39,0.9255,synthetic_seed
NC,2023,white,hisp,f,35-39,0.7674,synthetic_seed
NC,2023,white,hisp,m,40-44,0.8964,synthetic_seed
NC,2023,white,hisp,f,40-44,0.7765,synthetic_seed
NC,2023,white,hisp,m,45-49,0.8795,synthetic_seed
NC,2023,white,hisp,f,45-49,0.7696,synthetic_seed
NC,2023,white,hisp,m,50-54,0.8247,synthetic_seed
NC,2023,white,hisp,f,50-54,0.7169,synthetic_seed
NC,2023,white,hisp,m,55-59,0.7478,synthetic_seed
NC,2023,white,hisp,f,55-59,0.6502,synthetic_seed
NC,2023,white,hisp,m,60-64,0.6148,synthetic_seed
NC,2023,white,hisp,f,60-64,0.5137,synthetic_seed
NC,2023,white,hisp,m,65-69,0.3871,synthetic_seed
NC,2023,white,hisp,f,65-69,0.2836,synthetic_seed
NC,2023,white,hisp,m,70-74,0.2296,synthetic_seed
NC,2023,white,hisp,f,70-74,0.155,synthetic_seed
NC,2023,white,hisp,m,75-79,0.1218,synthetic_seed
NC,2023,white,hisp,f,75-79,0.0699,synthetic_seed
NC,2023,white,hisp,m,80-84,0.0611,synthetic_seed
NC,2023,white,hisp,f,80-84,0.0297,synthetic_seed
NC,2023,white,hisp,m,85+,0.0204,synthetic_seed
NC,2023,white,hisp,f,85+,0.0102,synthetic_seed
NC,2023,black,non-hisp,m,0-4,0.0,synthetic_seed
NC,2023,black,non-hisp,f,0-4,0.0,synthetic_seed
NC,2023,black,non-hisp,m,5-9,0.0,synthetic_seed
NC,2023,black,non-hisp,f,5-9,0.0,synthetic_seed
NC,2023,black,non-hisp,m,10-14,0.0,synthetic_seed
NC,2023,black,non-hisp,f,10-14,0.0,synthetic_seed
NC,2023,black,non-hisp,m,15-19,0.3398,synthetic_seed
NC,2023,black,non-hisp,f,15-19,0.3188,synthetic_seed
NC,2023,black,non-hisp,m,20-24,0.7038,synthetic_seed
NC,2023,black,non-hisp,f,20-24,0.6707,synthetic_seed
NC,2023,black,non-hisp,m,25-29,0.8832,synthetic_seed
NC,2023,black,non-hisp,f,25-29,0.711,synthetic_seed
NC,2023,black,non-hisp,m,30-34,0.8992,synthetic_seed
NC,2023,black,non-hisp,f,30-34,0.7079,synthetic_seed
NC,2023,black,non-hisp,m,35-39,0.8994,synthetic_seed
NC,2023,black,non-hisp,f,35-39,0.7027,synthetic_seed
NC,2023,black,non-hisp,m,40-44,0.8628,synthetic_seed
NC,2023,black,non-hisp,f,40-44,0.7577,synthetic_seed
NC,2023,black,non-hisp,m,45-49,0.8734,synthetic_seed
NC,2023,black,non-hisp,f,45-49,0.7398,synthetic_seed
NC,2023,black,non-hisp,m,50-54,0.8109,synthetic_seed
NC,2023,black,non-hisp,f,50-54,0.7288,synthetic_seed
NC,2023,black,non-hisp,m,55-59,0.7198,synthetic_seed
NC,2023,black,non-hisp,f,55-59,0.6242,synthetic_seed
NC,2023,black,non-hisp,m,60-64,0.5937,synthetic_seed
NC,2023,black,non-hisp,f,60-64,0.4885,synthetic_seed
NC,2023,black,non-hisp,m,65-69,0.3642,synthetic_seed
NC,2023,black,non-hisp,f,65-69,0.2663,synthetic_seed
NC,2023,black,non-hisp,m,70-74,0.2275,synthetic_seed
NC,2023,black,non-hisp,f,70-74,0.1458,synthetic_seed
NC,2023,black,non-hisp,m,75-79,0.1145,synthetic_seed
NC,2023,black,non-hisp,f,75-79,0.0675,synthetic_seed
NC,2023,black,non-hisp,m,80-84,0.0576,synthetic_seed
NC,2023,black,non-hisp,f,80-84,0.0294,synthetic_seed
NC,2023,black,non-hisp,m,85+,0.0199,synthetic_seed
NC,2023,black,non-hisp,f,85+,0.0097,synthetic_seed
NC,2023,black,hisp,m,0-4,0.0,synthetic_seed
NC,2023,black,hisp,f,0-4,0.0,synthetic_seed
NC,2023,black,hisp,m,5-9,0.0,synthetic_seed
NC,2023,black,hisp,f,5-9,0.0,synthetic_seed
NC,2023,black,hisp,m,10-14,0.0,synthetic_seed
NC,2023,black,hisp,f,10-14,0.0,synthetic_seed
NC,2023,black,hisp,m,15-19,0.3506,synthetic_seed
NC,2023,black,hisp,f,15-19,0.3142,synthetic_seed
NC,2023,black,hisp,m,20-24,0.7345,synthetic_seed
NC,2023,black,hisp,f,20-24,0.6711,synthetic_seed
NC,2023,black,hisp,m,25-29,0.8697,synthetic_seed
NC,2023,black,hisp,f,25-29,0.7359,synthetic_seed
NC,2023,black,hisp,m,30-34,0.8591,synthetic_seed
NC,2023,black,hisp,f,30-34,0.731,synthetic_seed
NC,2023,black,hisp,m,35-39,0.8841,synthetic_seed
NC,2023,black,hisp,f,35-39,0.7262,synthetic_seed
NC,2023,black,hisp,m,40-44,0.8519,synthetic_seed
NC,2023,black,hisp,f,40-44,0.7278,synthetic_seed
NC,2023,black,hisp,m,45-49,0.8373,synthetic_seed
NC,2023,black,hisp,f,45-49,0.7436,synthetic_seed
NC,2023,black,hisp,m,50-54,0.8016,synthetic_seed
NC,2023,black,hisp,f,50-54,0.7015,synthetic_seed
NC,2023,black,hisp,m,55-59,0.7366,synthetic_seed
NC,2023,black,hisp,f,55-59,0.6423,synthetic_seed
NC,2023,black,hisp,m,60-64,0.5875,synthetic_seed
NC,2023,black,hisp,f,60-64,0.4933,synthetic_seed
NC,2023,black,hisp,m,65-69,0.3815,synthetic_seed
NC,2023,black,hisp,f,65-69,0.2699,synthetic_seed
NC,2023,black,hisp,m,70-74,0.2234,synthetic_seed
NC,2023,black,hisp,f,70-74,0.1422,synthetic_seed
NC,2023,black,hisp,m,75-79,0.118,synthetic_seed
NC,2023,black,hisp,f,75-79,0.0677,synthetic_seed
NC,2023,black,hisp,m,80-84,0.058,synthetic_seed
NC,2023,black,hisp,f,80-84,0.0298,synthetic_seed
NC,2023,black,hisp,m,85+,0.0198,synthetic_seed
NC,2023,black,hisp,f,85+,0.0098,synthetic_seed
NC,2023,asian,non-hisp,m,0-4,0.0,synthetic_seed
NC,2023,asian,non-hisp,f,0-4,0.0,synthetic_seed
NC,2023,asian,non-hisp,m,5-9,0.0,synthetic_seed
NC,2023,asian,non-hisp,f,5-9,0.0,synthetic_seed
NC,2023,asian,non-hisp,m,10-14,0.0,synthetic_seed
NC,2023,asian,non-hisp,f,10-14,0.0,synthetic_seed
NC,2023,asian,non-hisp,m,15-19,0.3557,synthetic_seed
NC,2023,asian,non-hisp,f,15-19,0.3277,synthetic_seed
NC,2023,asian,non-hisp,m,20-24,0.7716,synthetic_seed
NC,2023,asian,non-hisp,f,20-24,0.7098,synthetic_seed
NC,2023,asian,non-hisp,m,25-29,0.8966,synthetic_seed
NC,2023,asian,non-hisp,f,25-29,0.7582,synthetic_seed
NC,2023,asian,non-hisp,m,30-34,0.933,synthetic_seed
NC,2023,asian,non-hisp,f,30-34,0.774,synthetic_seed
NC,2023,asian,non-hisp,m,35-39,0.9072,synthetic_seed
NC,2023,asian,non-hisp,f,35-39,0.7654,synthetic_seed
NC,2023,asian,non-hisp,m,40-44,0.9204,synthetic_seed
NC,2023,asian,non-hisp,f,40-44,0.7928,synthetic_seed
NC,2023,asian,non-hisp,m,45-49,0.8806,synthetic_seed
NC,2023,asian,non-hisp,f,45-49,0.7849,synthetic_seed
NC,2023,asian,non-hisp,m,50-54,0.8563,synthetic_seed
NC,2023,asian,non-hisp,f,50-54,0.7336,synthetic_seed
NC,2023,asian,non-hisp,m,55-59,0.7653,synthetic_seed
NC,2023,asian,non-hisp,f,55-59,0.6534,synthetic_seed
NC,2023,asian,non-hisp,m,60-64,0.6073,synthetic_seed
NC,2023,asian,non-hisp,f,60-64,0.515,synthetic_seed
NC,2023,asian,non-hisp,m,65-69,0.3771,synthetic_seed
NC,2023,asian,non-hisp,f,65-69,0.2856,synthetic_seed
NC,2023,asian,non-hisp,m,70-74,0.236,synthetic_seed
NC,2023,asian,non-hisp,f,70-74,0.1521,synthetic_seed
NC,2023,asian,non-hisp,m,75-79,0.1204,synthetic_seed
NC,2023,asian,non-hisp,f,75-79,0.0698,synthetic_seed
NC,2023,asian,non-hisp,m,80-84,0.0604,synthetic_seed
NC,2023,asian,non-hisp,f,80-84,0.0301,synthetic_seed
NC,2023,asian,non-hisp,m,85+,0.0208,synthetic_seed
NC,2023,asian,non-hisp,f,85+,0.0105,synthetic_seed
NC,2023,asian,hisp,m,0-4,0.0,synthetic_seed
NC,2023,asian,hisp,f,0-4,0.0,synthetic_seed
NC,2023,asian,hisp,m,5-9,0.0,synthetic_seed
NC,2023,asian,hisp,f,5-9,0.0,synthetic_seed
NC,2023,asian,hisp,m,10-14,0.0,synthetic_seed
NC,2023,asian,hisp,f,10-14,0.0,synthetic_seed
NC,2023,asian,hisp,m,15-19,0.3884,synthetic_seed
NC,2023,asian,hisp,f,15-19,0.3215,synthetic_seed
NC,2023,asian,hisp,m,20-24,0.7589,synthetic_seed
NC,2023,asian,hisp,f,20-24,0.7051,synthetic_seed
NC,2023,asian,hisp,m,25-29,0.8783,synthetic_seed
NC,2023,asian,hisp,f,25-29,0.79,synthetic_seed
NC,2023,asian,hisp,m,30-34,0.9093,synthetic_seed
NC,2023,asian,hisp,f,30-34,0.7581,synthetic_seed
NC,2023,asian,hisp,m,35-39,0.9012,synthetic_seed
NC,2023,asian,hisp,f,35-39,0.7352,synthetic_seed
NC,2023,asian,hisp,m,40-44,0.8921,synthetic_seed
NC,2023,asian,hisp,f,40-44,0.7542,synthetic_seed
NC,2023,asian,hisp,m,45-49,0.9362,synthetic_seed
NC,2023,asian,hisp,f,45-49,0.7577,synthetic_seed
NC,2023,asian,hisp,m,50-54,0.8623,synthetic_seed
NC,2023,asian,hisp,f,50-54,0.7278,synthetic_seed
NC,2023,asian,hisp,m,55-59,0.7657,synthetic_seed
NC,2023,asian,hisp,f,55-59,0.6711,synthetic_seed
NC,2023,asian,hisp,m,60-64,0.6088,synthetic_seed
NC,2023,asian,hisp,f,60-64,0.5125,synthetic_seed
NC,2023,asian,hisp,m,65-69,0.3899,synthetic_seed
NC,2023,asian,hisp,f,65-69,0.2864,synthetic_seed
NC,2023,asian,hisp,m,70-74,0.2395,synthetic_seed
NC,2023,asian,hisp,f,70-74,0.1546,synthetic_seed
NC,2023,asian,hisp,m,75-79,0.1189,synthetic_seed
NC,2023,asian,hisp,f,75-79,0.0737,synthetic_seed
NC,2023,asian,hisp,m,80-84,0.061,synthetic_seed
NC,2023,asian,hisp,f,80-84,0.0291,synthetic_seed
NC,2023,asian,hisp,m,85+,0.0204,synthetic_seed
NC,2023,asian,hisp,f,85+,0.01,synthetic_seed
NC,2023,other,non-hisp,m,0-4,0.0,synthetic_seed
NC,2023,other,non-hisp,f,0-4,0.0,synthetic_seed
NC,2023,other,non-hisp,m,5-9,0.0,synthetic_seed
NC,2023,other,non-hisp,f,5-9,0.0,synthetic_seed
NC,2023,other,non-hisp,m,10-14,0.0,synthetic_seed
NC,2023,other,non-hisp,f,10-14,0.0,synthetic_seed
NC,2023,other,non-hisp,m,15-19,0.357,synthetic_seed
NC,2023,other,non-hisp,f,15-19,0.3241,synthetic_seed
NC,2023,other,non-hisp,m,20-24,0.7582,synthetic_seed
NC,2023,other,non-hisp,f,20-24,0.7079,synthetic_seed
NC,2023,other,non-hisp,m,25-29,0.8729,synthetic_seed
NC,2023,other,non-hisp,f,25-29,0.7734,synthetic_seed
NC,2023,other,non-hisp,m,30-34,0.9405,synthetic_seed
NC,2023,other,non-hisp,f,30-34,0.7245,synthetic_seed
NC,2023,other,non-hisp,m,35-39,0.8962,synthetic_seed
NC,2023,other,non-hisp,f,35-39,0.7274,synthetic_seed
NC,2023,other,non-hisp,m,40-44,0.8891,synthetic_seed
NC,2023,other,non-hisp,f,40-44,0.7666,synthetic_seed
NC,2023,other,non-hisp,m,45-49,0.8792,synthetic_seed
NC,2023,other,non-hisp,f,45-49,0.7572,synthetic_seed
NC,2023,other,non-hisp,m,50-54,0.8185,synthetic_seed
NC,2023,other,non-hisp,f,50-54,0.7305,synthetic_seed
NC,2023,other,non-hisp,m,55-59,0.7537,synthetic_seed
NC,2023,other,non-hisp,f,55-59,0.6635,synthetic_seed
NC,2023,other,non-hisp,m,60-64,0.6221,synthetic_seed
NC,2023,other,non-hisp,f,60-64,0.5088,synthetic_seed
NC,2023,other,non-hisp,m,65-69,0.3671,synthetic_seed
NC,2023,other,non-hisp,f,65-69,0.2855,synthetic_seed
NC,2023,other,non-hisp,m,70-74,0.2329,synthetic_seed
NC,2023,other,non-hisp,f,70-74,0.1451,synthetic_seed
NC,2023,other,non-hisp,m,75-79,0.1186,synthetic_seed
NC,2023,other,non-hisp,f,75-79,0.0722,synthetic_seed
NC,2023,other,non-hisp,m,80-84,0.0596,synthetic_seed
NC,2023,other,non-hisp,f,80-84,0.0296,synthetic_seed
NC,2023,other,non-hisp,m,85+,0.02,synthetic_seed
NC,2023,other,non-hisp,f,85+,0.0102,synthetic_seed
NC,2023,other,hisp,m,0-4,0.0,synthetic_seed
NC,2023,other,hisp,f,0-4,0.0,synthetic_seed
NC,2023,other,hisp,m,5-9,0.0,synthetic_seed
NC,2023,other,hisp,f,5-9,0.0,synthetic_seed
NC,2023,other,hisp,m,10-14,0.0,synthetic_seed
NC,2023,other,hisp,f,10-14,0.0,synthetic_seed
NC,2023,other,hisp,m,15-19,0.3448,synthetic_seed
NC,2023,other,hisp,f,15-19,0.3145,synthetic_seed
NC,2023,other,hisp,m,20-24,0.7664,synthetic_seed
NC,2023,other,hisp,f,20-24,0.7038,synthetic_seed
NC,2023,other,hisp,m,25-29,0.8575,synthetic_seed
NC,2023,other,hisp,f,25-29,0.7474,synthetic_seed
NC,2023,other,hisp,m,30-34,0.9266,synthetic_seed
NC,2023,other,hisp,f,30-34,0.7525,synthetic_seed
NC,2023,other,hisp,m,35-39,0.8863,synthetic_seed
NC,2023,other,hisp,f,35-39,0.7226,synthetic_seed
NC,2023,other,hisp,m,40-44,0.8947,synthetic_seed
NC,2023,other,hisp,f,40-44,0.758,synthetic_seed
NC,2023,other,hisp,m,45-49,0.8628,synthetic_seed
NC,2023,other,hisp,f,45-49,0.7614,synthetic_seed
NC,2023,other,hisp,m,50-54,0.8337,synthetic_seed
NC,2023,other,hisp,f,50-54,0.7397,synthetic_seed
NC,2023,other,hisp,m,55-59,0.7719,synthetic_seed
NC,2023,other,hisp,f,55-59,0.6534,synthetic_seed
NC,2023,other,hisp,m,60-64,0.61,synthetic_seed
NC,2023,other,hisp,f,60-64,0.5338,synthetic_seed
NC,2023,other,hisp,m,65-69,0.3771,synthetic_seed
NC,2023,other,hisp,f,65-69,0.2823,synthetic_seed
NC,2023,other,hisp,m,70-74,0.226,synthetic_seed
NC,2023,other,hisp,f,70-74,0.1534,synthetic_seed
NC,2023,other,hisp,m,75-79,0.1198,synthetic_seed
NC,2023,other,hisp,f,75-79,0.0701,synthetic_seed
NC,2023,other,hisp,m,80-84,0.0592,synthetic_seed
NC,2023,other,hisp,f,80-84,0.0306,synthetic_seed
NC,2023,other,hisp,m,85+,0.0205,synthetic_seed
NC,2023,other,hisp,f,85+,0.0102,synthetic_seed
ND,2023,white,non-hisp,m,0-4,0.0,synthetic_seed
ND,2023,white,non-hisp,f,0-4,0.0,synthetic_seed
ND,2023,white,non-hisp,m,5-9,0.0,synthetic_seed
ND,2023,white,non-hisp,f,5-9,0.0,synthetic_seed
ND,2023,white,non-hisp,m,10-14,0.0,synthetic_seed
ND,2023,white,non-hisp,f,10-14,0.0,synthetic_seed
ND,2023,white,non-hisp,m,15-19,0.3593,synthetic_seed
ND,2023,white,non-hisp,f,15-19,0.3221,synthetic_seed
ND,2023,white,non-hisp,m,20-24,0.7633,synthetic_seed
ND,2023,white,non-hisp,f,20-24,0.6954,synthetic_seed
ND,2023,white,non-hisp,m,25-29,0.8589,synthetic_seed
ND,2023,white,non-hisp,f,25-29,0.7506,synthetic_seed
ND,2023,white,non-hisp,m,30-34,0.8959,synthetic_seed
ND,2023,white,non-hisp,f,30-34,0.733,synthetic_seed
ND,2023,white,non-hisp,m,35-39,0.9528,synthetic_seed
ND,2023,white,non-hisp,f,35-39,0.7423,synthetic_seed
ND,2023,white,non-hisp,m,40-44,0.8955,synthetic_seed
ND,2023,white,non-hisp,f,40-44,0.7516,synthetic_seed
ND,2023,white,non-hisp,m,45-49,0.87,synthetic_seed
ND,2023,white,non-hisp,f,45-49,0.7634,synthetic_seed
ND,2023,white,non-hisp,m,50-54,0.851,synthetic_seed
ND,2023,white,non-hisp,f,50-54,0.7319,synthetic_seed
ND,2023,white,non-hisp,m,55-59,0.7581,synthetic_seed
ND,2023,white,non-hisp,f,55-59,0.6425,synthetic_seed
ND,2023,white,non-hisp,m,60-64,0.5932,synthetic_seed
ND,2023,white,non-hisp,f,60-64,0.5051,synthetic_seed
ND,2023,white,non-hisp,m,65-69,0.3726,synthetic_seed
ND,2023,white,non-hisp,f,65-69,0.2797,synthetic_seed
ND,2023,white,non-hisp,m,70-74,0.2271,synthetic_seed
ND,2023,white,non-hisp,f,70-74,0.1493,synthetic_seed
ND,2023,white,non-hisp,m,75-79,0.1212,synthetic_seed
ND,2023,white,non-hisp,f,75-79,0.0687,synthetic_seed
ND,2023,white,non-hisp,m,80-84,0.0595,synthetic_seed
ND,2023,white,non-hisp,f,80-84,0.03,synthetic_seed
ND,2023,white,non-hisp,m,85+,0.0197,synthetic_seed
ND,2023,white,non-hisp,f,85+,0.0098,synthetic_seed
ND,2023,white,hisp,m,0-4,0.0,synthetic_seed
ND,2023,white,hisp,f,0-4,0.0,synthetic_seed
ND,2023,white,hisp,m,5-9,0.0,synthetic_seed
ND,2023,white,hisp,f,5-9,0.0,synthetic_seed
ND,2023,white,hisp,m,10-14,0.0,synthetic_seed
ND,2023,white,hisp,f,10-14,0.0,synthetic_seed
ND,2023,white,hisp,m,15-19,0.3604,synthetic_seed
ND,2023,white,hisp,f,15-19,0.3173,synthetic_seed
ND,2023,white,hisp,m,20-24,0.7779,synthetic_seed
ND,2023,white,hisp,f,20-24,0.7042,synthetic_seed
ND,2023,white,hisp,m,25-29,0.8931,synthetic_seed
ND,2023,white,hisp,f,25-29,0.7573,synthetic_seed
ND,2023,white,hisp,m,30-34,0.9285,synthetic_seed
ND,2023,white,hisp,f,30-34,0.7342,synthetic_seed
ND,2023,white,hisp,m,35-39,0.9178,synthetic_seed
ND,2023,white,hisp,f,35-39,0.7734,synthetic_seed
ND,2023,white,hisp,m,40-44,0.8999,synthetic_seed
ND,2023,white,hisp,f,40-44,0.7401,synthetic_seed
ND,2023,white,hisp,m,45-49,0.8521,synthetic_seed
ND,2023,white,hisp,f,45-49,0.7932,synthetic_seed
ND,2023,white,hisp,m,50-54,0.8352,synthetic_seed
ND,2023,white,hisp,f,50-54,0.7478,synthetic_seed
ND,2023,white,hisp,m,55-59,0.7566,synthetic_seed
ND,2023,white,hisp,f,55-59,0.6675,synthetic_seed
ND,2023,white,hisp,m,60-64,0.5964,synthetic_seed
ND,2023,white,hisp,f,60-64,0.5034,synthetic_seed
ND,2023,white,hisp,m,65-69,0.3782,synthetic_seed
ND,2023,white,hisp,f,65-69,0.2796,synthetic_seed
ND,2023,white,hisp,m,70-74,0.2403,synthetic_seed
ND,2023,white,hisp,f,70-74,0.1523,synthetic_seed
ND,2023,white,hisp,m,75-79,0.1228,synthetic_seed
ND,2023,white,hisp,f,75-79,0.0703,synthetic_seed
ND,2023,white,hisp,m,80-84,0.0593,synthetic_seed
ND,2023,white,hisp,f,80-84,0.0296,synthetic_seed
ND,2023,white,hisp,m,85+,0.0202,synthetic_seed
ND,2023,white,hisp,f,85+,0.0097,synthetic_seed
ND,2023,black,non-hisp,m,0-4,0.0,synthetic_seed
ND,2023,black,non-hisp,f,0-4,0.0,synthetic_seed
ND,2023,black,non-hisp,m,5-9,0.0,synthetic_seed
ND,2023,black,non-hisp,f,5-9,0.0,synthetic_seed
ND,2023,black,non-hisp,m,10-14,0.0,synthetic_seed
ND,2023,black,non-hisp,f,10-14,0.0,synthetic_seed
ND,2023,black,non-hisp,m,15-19,0.3521,synthetic_seed
ND,2023,black,non-hisp,f,15-19,0.3133,synthetic_seed
ND,2023,black,non-hisp,m,20-24,0.7187,synthetic_seed
ND,2023,black,non-hisp,f,20-24,0.664,synthetic_seed
ND,2023,black,non-hisp,m,25-29,0.8766,synthetic_seed
ND,2023,black,non-hisp,f,25-29,0.73,synthetic_seed
ND,2023,black,non-hisp,m,30-34,0.8974,synthetic_seed
ND,2023,black,non-hisp,f,30-34,0.731,synthetic_seed
ND,2023,black,non-hisp,m,35-39,0.8742,synthetic_seed
ND,2023,black,non-hisp,f,35-39,0.7088,synthetic_seed
ND,2023,black,non-hisp,m,40-44,0.8653,synthetic_seed
ND,2023,black,non-hisp,f,40-44,0.7245,synthetic_seed
ND,2023,black,non-hisp,m,45-49,0.8509,synthetic_seed
ND,2023,black,non-hisp,f,45-49,0.7543,synthetic_seed
ND,2023,black,non-hisp,m,50-54,0.7943,synthetic_seed
ND,2023,black,non-hisp,f,50-54,0.717,synthetic_seed
ND,2023,black,non-hisp,m,55-59,0.7258,synthetic_seed
ND,2023,black,non-hisp,f,55-59,0.6317,synthetic_seed
ND,2023,black,non-hisp,m,60-64,0.5753,synthetic_seed
ND,2023,black,non-hisp,f,60-64,0.486,synthetic_seed
ND,2023,black,non-hisp,m,65-69,0.3624,synthetic_seed
ND,2023,black,non-hisp,f,65-69,0.2742,synthetic_seed
ND,2023,black,non-hisp,m,70-74,0.2176,synthetic_seed
ND,2023,black,non-hisp,f,70-74,0.1461,synthetic_seed
ND,2023,black,non-hisp,m,75-79,0.1165,synthetic_seed
ND,2023,black,non-hisp,f,75-79,0.0676,synthetic_seed
ND,2023,black,non-hisp,m,80-84,0.0594,synthetic_seed
ND,2023,black,non-hisp,f,80-84,0.0287,synthetic_seed
ND,2023,black,non-hisp,m,85+,0.019,synthetic_seed
ND,2023,black,non-hisp,f,85+,0.0097,synthetic_seed
ND,2023,black,hisp,m,0-4,0.0,synthetic_seed
ND,2023,black,hisp,f,0-4,0.0,synthetic_seed
ND,2023,black,hisp,m,5-9,0.0,synthetic_seed
ND,2023,black,hisp,f,5-9,0.0,synthetic_seed
ND,2023,black,hisp,m,10-14,0.0,synthetic_seed
ND,2023,black,hisp,f,10-14,0.0,synthetic_seed
ND,2023,black,hisp,m,15-19,0.3397,synthetic_seed
ND,2023,black,hisp,f,15-19,0.3142,synthetic_seed
ND,2023,black,hisp,m,20-24,0.7286,synthetic_seed
ND,2023,black,hisp,f,20-24,0.6773,synthetic_seed
ND,2023,black,hisp,m,25-29,0.863,synthetic_seed
ND,2023,black,hisp,f,25-29,0.7572,synthetic_seed
ND,2023,black,hisp,m,30-34,0.8922,synthetic_seed
ND,2023,black,hisp,f,30-34,0.7177,synthetic_seed
ND,2023,black,hisp,m,35-39,0.8674,synthetic_seed
ND,2023,black,hisp,f,35-39,0.7294,synthetic_seed
ND,2023,black,hisp,m,40-44,0.875,synthetic_seed
ND,2023,black,hisp,f,40-44,0.733,synthetic_seed
ND,2023,black,hisp,m,45-49,0.8473,synthetic_seed
ND,2023,black,hisp,f,45-49,0.7603,synthetic_seed
ND,2023,black,hisp,m,50-54,0.8081,synthetic_seed
ND,2023,black,hisp,f,50-54,0.7449,synthetic_seed
ND,2023,black,hisp,m,55-59,0.7,synthetic_seed
ND,2023,black,hisp,f,55-59,0.6175,synthetic_seed
ND,2023,black,hisp,m,60-64,0.6023,synthetic_seed
ND,2023,black,hisp,f,60-64,0.487,synthetic_seed
ND,2023,black,hisp,m,65-69,0.3699,synthetic_seed
ND,2023,black,hisp,f,65-69,0.273,synthetic_seed
ND,2023,black,hisp,m,70-74,0.223,synthetic_seed
ND,2023,black,hisp,f,70-74,0.1486,synthetic_seed
ND,2023,black,hisp,m,75-79,0.1179,synthetic_seed
ND,2023,black,hisp,f,75-79,0.0661,synthetic_seed
ND,2023,black,hisp,m,80-84,0.0578,synthetic_seed
ND,2023,black,hisp,f,80-84,0.0281,synthetic_seed
ND,2023,black,hisp,m,85+,0.0199,synthetic_seed
ND,2023,black,hisp,f,85+,0.0096,synthetic_seed
ND,2023,asian,non-hisp,m,0-4,0.0,synthetic_seed
ND,2023,asian,non-hisp,f,0-4,0.0,synthetic_seed
ND,2023,asian,non-hisp,m,5-9,0.0,synthetic_seed
ND,2023,asian,non-hisp,f,5-9,0.0,synthetic_seed
ND,2023,asian,non-hisp,m,10-14,0.0,synthetic_seed
ND,2023,asian,non-hisp,f,10-14,0.0,synthetic_seed
ND,2023,asian,non-hisp,m,15-19,0.3634,synthetic_seed
ND,2023,asian,non-hisp,f,15-19,0.3344,synthetic_seed
ND,2023,asian,non-hisp,m,20-24,0.7669,synthetic_seed
ND,2023,asian,non-hisp,f,20-24,0.7004,synthetic_seed
ND,2023,asian,non-hisp,m,25-29,0.8962,synthetic_seed
ND,2023,asian,non-hisp,f,25-29,0.7531,synthetic_seed
ND,2023,asian,non-hisp,m,30-34,0.9231,synthetic_seed
ND,2023,asian,non-hisp,f,30-34,0.7395,synthetic_seed
ND,2023,asian,non-hisp,m,35-39,0.9072,synthetic_seed
ND,2023,asian,non-hisp,f,35-39,0.778,synthetic_seed
ND,2023,asian,non-hisp,m,40-44,0.909,synthetic_seed
ND,2023,asian,non-hisp,f,40-44,0.7965,synthetic_seed
ND,2023,asian,non-hisp,m,45-49,0.8533,synthetic_seed
ND,2023,asian,non-hisp,f,45-49,0.7826,synthetic_seed
ND,2023,asian,non-hisp,m,50-54,0.8457,synthetic_seed
ND,2023,asian,non-hisp,f,50-54,0.7657,synthetic_seed
ND,2023,asian,non-hisp,m,55-59,0.7334,synthetic_seed
ND,2023,asian,non-hisp,f,55-59,0.6567,synthetic_seed
ND,2023,asian,non-hisp,m,60-64,0.633,synthetic_seed
ND,2023,asian,non-hisp,f,60-64,0.5067,synthetic_seed
ND,2023,asian,non-hisp,m,65-69,0.391,synthetic_seed
ND,2023,asian,non-hisp,f,65-69,0.2866,synthetic_seed
ND,2023,asian,non-hisp,m,70-74,0.2336,synthetic_seed
ND,2023,asian,non-hisp,f,70-74,0.149,synthetic_seed
ND,2023,asian,non-hisp,m,75-79,0.1168,synthetic_seed
ND,2023,asian,non-hisp,f,75-79,0.0714,synthetic_seed
ND,2023,asian,non-hisp,m,80-84,0.0621,synthetic_seed
ND,2023,asian,non-hisp,f,80-84,0.0301,synthetic_seed
ND,2023,asian,non-hisp,m,85+,0.0202,synthetic_seed
ND,2023,asian,non-hisp,f,85+,0.01,synthetic_seed
ND,2023,asian,hisp,m,0-4,0.0,synthetic_seed
ND,2023,asian,hisp,f,0-4,0.0,synthetic_seed
ND,2023,asian,hisp,m,5-9,0.0,synthetic_seed
ND,2023,asian,hisp,f,5-9,0.0,synthetic_seed
ND,2023,asian,hisp,m,10-14,0.0,synthetic_seed
ND,2023,asian,hisp,f,10-14,0.0,synthetic_seed
ND,2023,asian,hisp,m,15-19,0.368,synthetic_seed
ND,2023,asian,hisp,f,15-19,0.3214,synthetic_seed
ND,2023,asian,hisp,m,20-24,0.7617,synthetic_seed
ND,2023,asian,hisp,f,20-24,0.6983,synthetic_seed
ND,2023,asian,hisp,m,25-29,0.8706,synthetic_seed
ND,2023,asian,hisp,f,25-29,0.7705,synthetic_seed
ND,2023,asian,hisp,m,30-34,0.8904,synthetic_seed
ND,2023,asian,hisp,f,30-34,0.74,synthetic_seed
ND,2023,asian,hisp,m,35-39,0.9145,synthetic_seed
ND,2023,asian,hisp,f,35-39,0.7303,synthetic_seed
ND,2023,asian,hisp,m,40-44,0.8888,synthetic_seed
ND,2023,asian,hisp,f,40-44,0.7825,synthetic_seed
ND,2023,asian,hisp,m,45-49,0.8906,synthetic_seed
ND,2023,asian,hisp,f,45-49,0.7799,synthetic_seed
ND,2023,asian,hisp,m,50-54,0.8468,synthetic_seed
ND,2023,asian,hisp,f,50-54,0.7582,synthetic_seed
ND,2023,asian,hisp,m,55-59,0.7802,synthetic_seed
ND,2023,asian,hisp,f,55-59,0.6763,synthetic_seed
ND,2023,asian,hisp,m,60-64,0.6226,synthetic_seed
ND,2023,asian,hisp,f,60-64,0.5041,synthetic_seed
ND,2023,asian,hisp,m,65-69,0.3905,synthetic_seed
ND,2023,asian,hisp,f,65-69,0.2757,synthetic_seed
ND,2023,asian,hisp,m,70-74,0.2391,synthetic_seed
ND,2023,asian,hisp,f,70-74,0.1427,synthetic_seed
ND,2023,asian,hisp,m,75-79,0.126,synthetic_seed
ND,2023,asian,hisp,f,75-79,0.0725,synthetic_seed
ND,2023,asian,hisp,m,80-84,0.0623,synthetic_seed
ND,2023,asian,hisp,f,80-84,0.0307,synthetic_seed
ND,2023,asian,hisp,m,85+,0.0201,synthetic_seed
ND,2023,asian,hisp,f,85+,0.0105,synthetic_seed
ND,2023,other,non-hisp,m,0-4,0.0,synthetic_seed
ND,2023,other,non-hisp,f,0-4,0.0,synthetic_seed
ND,2023,other,non-hisp,m,5-9,0.0,synthetic_seed
ND,2023,other,non-hisp,f,5-9,0.0,synthetic_seed
ND,2023,other,non-hisp,m,10-14,0.0,synthetic_seed
ND,2023,other,non-hisp,f,10-14,0.0,synthetic_seed
ND,2023,other,non-hisp,m,15-19,0.3631,synthetic_seed
ND,2023,other,non-hisp,f,15-19,0.3268,synthetic_seed
ND,2023,other,non-hisp,m,20-24,0.7473,synthetic_seed
ND,2023,other,non-hisp,f,20-24,0.7005,synthetic_seed
ND,2023,other,non-hisp,m,25-29,0.8904,synthetic_seed
ND,2023,other,non-hisp,f,25-29,0.7118,synthetic_seed
ND,2023,other,non-hisp,m,30-34,0.865,synthetic_seed
ND,2023,other,non-hisp,f,30-34,0.7285,synthetic_seed
ND,2023,other,non-hisp,m,35-39,0.9253,synthetic_seed
ND,2023,other,non-hisp,f,35-39,0.7296,synthetic_seed
ND,2023,other,non-hisp,m,40-44,0.9284,synthetic_seed
ND,2023,other,non-hisp,f,40-44,0.763,synthetic_seed
ND,2023,other,non-hisp,m,45-49,0.8652,synthetic_seed
ND,2023,other,non-hisp,f,45-49,0.7649,synthetic_seed
ND,2023,other,non-hisp,m,50-54,0.8472,synthetic_seed
ND,2023,other,non-hisp,f,50-54,0.765,synthetic_seed
ND,2023,other,non-hisp,m,55-59,0.7862,synthetic_seed
ND,2023,other,non-hisp,f,55-59,0.6662,synthetic_seed
ND,2023,other,non-hisp,m,60-64,0.5821,synthetic_seed
ND,2023,other,non-hisp,f,60-64,0.5121,synthetic_seed
ND,2023,other,non-hisp,m,65-69,0.3734,synthetic_seed
ND,2023,other,non-hisp,f,65-69,0.2781,synthetic_seed
ND,2023,other,non-hisp,m,70-74,0.2287,synthetic_seed
ND,2023,other,non-hisp,f,70-74,0.1486,synthetic_seed
ND,2023,other,non-hisp,m,75-79,0.1214,synthetic_seed
ND,2023,other,non-hisp,f,75-79,0.0705,synthetic_seed
ND,2023,other,non-hisp,m,80-84,0.0597,synthetic_seed
ND,2023,other,non-hisp,f,80-84,0.0299,synthetic_seed
ND,2023,other,non-hisp,m,85+,0.0204,synthetic_seed
ND,2023,other,non-hisp,f,85+,0.0097,synthetic_seed
ND,2023,other,hisp,m,0-4,0.0,synthetic_seed
ND,2023,other,hisp,f,0-4,0.0,synthetic_seed
ND,2023,other,hisp,m,5-9,0.0,synthetic_seed
ND,2023,other,hisp,f,5-9,0.0,synthetic_seed
ND,2023,other,hisp,m,10-14,0.0,synthetic_seed
ND,2023,other,hisp,f,10-14,0.0,synthetic_seed
ND,2023,other,hisp,m,15-19,0.3698,synthetic_seed
ND,2023,other,hisp,f,15-19,0.3147,synthetic_seed
ND,2023,other,hisp,m,20-24,0.7652,synthetic_seed
ND,2023,other,hisp,f,20-24,0.7116,synthetic_seed
ND,2023,other,hisp,m,25-29,0.9094,synthetic_seed
ND,2023,other,hisp,f,25-29,0.7546,synthetic_seed
ND,2023,other,hisp,m,30-34,0.9018,synthetic_seed
ND,2023,other,hisp,f,30-34,0.7309,synthetic_seed
ND,2023,other,hisp,m,35-39,0.9084,synthetic_seed
ND,2023,other,hisp,f,35-39,0.7172,synthetic_seed
ND,2023,other,hisp,m,40-44,0.9022,synthetic_seed
ND,2023,other,hisp,f,40-44,0.7714,synthetic_seed
ND,2023,other,hisp,m,45-49,0.875,synthetic_seed
ND,2023,other,hisp,f,45-49,0.7639,synthetic_seed
ND,2023,other,hisp,m,50-54,0.8359,synthetic_seed
ND,2023,other,hisp,f,50-54,0.7473,synthetic_seed
ND,2023,other,hisp,m,55-59,0.7381,synthetic_seed
ND,2023,other,hisp,f,55-59,0.6649,synthetic_seed
ND,2023,other,hisp,m,60-64,0.5815,synthetic_seed
ND,2023,other,hisp,f,60-64,0.4902,synthetic_seed
ND,2023,other,hisp,m,65-69,0.3897,synthetic_seed
ND,2023,other,hisp,f,65-69,0.2776,synthetic_seed
ND,2023,other,hisp,m,70-74,0.2366,synthetic_seed
ND,2023,other,hisp,f,70-74,0.1494,synthetic_seed
ND,2023,other,hisp,m,75-79,0.121,synthetic_seed
ND,2023,other,hisp,f,75-79,0.0699,synthetic_seed
ND,2023,other,hisp,m,80-84,0.0589,synthetic_seed
ND,2023,other,hisp,f,80-84,0.0298,synthetic_seed
ND,2023,other,hisp,m,85+,0.0205,synthetic_seed
ND,2023,other,hisp,f,85+,0.0103,synthetic_seed
OH,2023,white,non-hisp,m,0-4,0.0,synthetic_seed
OH,2023,white,non-hisp,f,0-4,0.0,synthetic_seed
OH,2023,white,non-hisp,m,5-9,0.0,synthetic_seed
OH,2023,white,non-hisp,f,5-9,0.0,synthetic_seed
OH,2023,white,non-hisp,m,10-14,0.0,synthetic_seed
OH,2023,white,non-hisp,f,10-14,0.0,synthetic_seed
OH,2023,white,non-hisp,m,15-19,0.3617,synthetic_seed
OH,2023,white,non-hisp,f,15-19,0.3169,synthetic_seed
OH,2023,white,non-hisp,m,20-24,0.7721,synthetic_seed
OH,2023,white,non-hisp,f,20-24,0.7132,synthetic_seed
OH,2023,white,non-hisp,m,25-29,0.884,synthetic_seed
OH,2023,white,non-hisp,f,25-29,0.7532,synthetic_seed
OH,2023,white,non-hisp,m,30-34,0.9053,synthetic_seed
OH,2023,white,non-hisp,f,30-34,0.742,synthetic_seed
OH,2023,white,non-hisp,m,35-39,0.8858,synthetic_seed
OH,2023,white,non-hisp,f,35-39,0.7572,synthetic_seed
OH,2023,white,non-hisp,m,40-44,0.9098,synthetic_seed
OH,2023,white,non-hisp,f,40-44,0.7512,synthetic_seed
OH,2023,white,non-hisp,m,45-49,0.869,synthetic_seed
OH,2023,white,non-hisp,f,45-49,0.7735,synthetic_seed
OH,2023,white,non-hisp,m,50-54,0.8481,synthetic_seed
OH,2023,white,non-hisp,f,50-54,0.768,synthetic_seed
OH,2023,white,non-hisp,m,55-59,0.7444,synthetic_seed
OH,2023,white,non-hisp,f,55-59,0.6425,synthetic_seed
OH,2023,white,non-hisp,m,60-64,0.592,synthetic_seed
OH,2023,white,non-hisp,f,60-64,0.4998,synthetic_seed
OH,2023,white,non-hisp,m,65-69,0.3892,synthetic_seed
OH,2023,white,non-hisp,f,65-69,0.2743,synthetic_seed
OH,2023,white,non-hisp,m,70-74,0.2426,synthetic_seed
OH,2023,white,non-hisp,f,70-74,0.1516,synthetic_seed
OH,2023,white,non-hisp,m,75-79,0.1191,synthetic_seed
OH,2023,white,non-hisp,f,75-79,0.0704,synthetic_seed
OH,2023,white,non-hisp,m,80-84,0.0592,synthetic_seed
OH,2023,white,non-hisp,f,80-84,0.03,synthetic_seed
OH,2023,white,non-hisp,m,85+,0.0201,synthetic_seed
OH,2023,white,non-hisp,f,85+,0.01,synthetic_seed
OH,2023,white,hisp,m,0-4,0.0,synthetic_seed
OH,2023,white,hisp,f,0-4,0.0,synthetic_seed
OH,2023,white,hisp,m,5-9,0.0,synthetic_seed
OH,2023,white,hisp,f,5-9,0.0,synthetic_seed
OH,2023,white,hisp,m,10-14,0.0,synthetic_seed
OH,2023,white,hisp,f,10-14,0.0,synthetic_seed
OH,2023,white,hisp,m,15-19,0.3624,synthetic_seed
OH,2023,white,hisp,f,15-19,0.3231,synthetic_seed
OH,2023,white,hisp,m,20-24,0.7441,synthetic_seed
OH,2023,white,hisp,f,20-24,0.6935,synthetic_seed
OH,2023,white,hisp,m,25-29,0.8632,synthetic_seed
OH,2023,white,hisp,f,25-29,0.7547,synthetic_seed
OH,2023,white,hisp,m,30-34,0.9058,synthetic_seed
OH,2023,white,hisp,f,30-34,0.7194,synthetic_seed
OH,2023,white,hisp,m,35-39,0.9374,synthetic_seed
OH,2023,white,hisp,f,35-39,0.7409,synthetic_seed
OH,2023,white,hisp,m,40-44,0.9003,synthetic_seed
OH,2023,white,hisp,f,40-44,0.781,synthetic_seed
OH,2023,white,hisp,m,45-49,0.8796,synthetic_seed
OH,2023,white,hisp,f,45-49,0.7566,synthetic_seed
OH,2023,white,hisp,m,50-54,0.82,synthetic_seed
OH,2023,white,hisp,f,50-54,0.7517,synthetic_seed
OH,2023,white,hisp,m,55-59,0.7487,synthetic_seed
OH,2023,white,hisp,f,55-59,0.6531,synthetic_seed
OH,2023,white,hisp,m,60-64,0.5857,synthetic_seed
OH,2023,white,hisp,f,60-64,0.4842,synthetic_seed
OH,2023,white,hisp,m,65-69,0.3708,synthetic_seed
OH,2023,white,hisp,f,65-69,0.2767,synthetic_seed
OH,2023,white,hisp,m,70-74,0.2288,synthetic_seed
OH,2023,white,hisp,f,70-74,0.1521,synthetic_seed
OH,2023,white,hisp,m,75-79,0.1214,synthetic_seed
OH,2023,white,hisp,f,75-79,0.0729,synthetic_seed
OH,2023,white,hisp,m,80-84,0.0595,synthetic_seed
OH,2023,white,hisp,f,80-84,0.0308,synthetic_seed
OH,2023,white,hisp,m,85+,0.0206,synthetic_seed
OH,2023,white,hisp,f,85+,0.01,synthetic_seed
OH,2023,black,non-hisp,m,0-4,0.0,synthetic_seed
OH,2023,black,non-hisp,f,0-4,0.0,synthetic_seed
OH,2023,black,non-hisp,m,5-9,0.0,synthetic_seed
OH,2023,black,non-hisp,f,5-9,0.0,synthetic_seed
OH,2023,black,non-hisp,m,10-14,0.0,synthetic_seed
OH,2023,black,non-hisp,f,10-14,0.0,synthetic_seed
OH,2023,black,non-hisp,m,15-19,0.3368,synthetic_seed
OH,2023,black,non-hisp,f,15-19,0.3038,synthetic_seed
OH,2023,black,non-hisp,m,20-24,0.7203,synthetic_seed
OH,2023,black,non-hisp,f,20-24,0.6937,synthetic_seed
OH,2023,black,non-hisp,m,25-29,0.8412,synthetic_seed
OH,2023,black,non-hisp,f,25-29,0.7353,synthetic_seed
OH,2023,black,non-hisp,m,30-34,0.8813,synthetic_seed
OH,2023,black,non-hisp,f,30-34,0.7092,synthetic_seed
OH,2023,black,non-hisp,m,35-39,0.9011,synthetic_seed
OH,2023,black,non-hisp,f,35-39,0.7446,synthetic_seed
OH,2023,black,non-hisp,m,40-44,0.8607,synthetic_seed
OH,2023,black,non-hisp,f,40-44,0.7548,synthetic_seed
OH,2023,black,non-hisp,m,45-49,0.8572,synthetic_seed
OH,2023,black,non-hisp,f,45-49,0.7349,synthetic_seed
OH,2023,black,non-hisp,m,50-54,0.8106,synthetic_seed
OH,2023,black,non-hisp,f,50-54,0.7319,synthetic_seed
OH,2023,black,non-hisp,m,55-59,0.7324,synthetic_seed
OH,2023,black,non-hisp,f,55-59,0.62,synthetic_seed
OH,2023,black,non-hisp,m,60-64,0.568,synthetic_seed
OH,2023,black,non-hisp,f,60-64,0.4912,synthetic_seed
OH,2023,black,non-hisp,m,65-69,0.3773,synthetic_seed
OH,2023,black,non-hisp,f,65-69,0.2742,synthetic_seed
OH,2023,black,non-hisp,m,70-74,0.2243,synthetic_seed
OH,2023,black,non-hisp,f,70-74,0.146,synthetic_seed
OH,2023,black,non-hisp,m,75-79,0.1164,synthetic_seed
OH,2023,black,non-hisp,f,75-79,0.0692,synthetic_seed
OH,2023,black,non-hisp,m,80-84,0.058,synthetic_seed
OH,2023,black,non-hisp,f,80-84,0.0293,synthetic_seed
OH,2023,black,non-hisp,m,85+,0.0195,synthetic_seed
OH,2023,black,non-hisp,f,85+,0.0098,synthetic_seed
OH,2023,black,hisp,m,0-4,0.0,synthetic_seed
OH,2023,black,hisp,f,0-4,0.0,synthetic_seed
OH,2023,black,hisp,m,5-9,0.0,synthetic_seed
OH,2023,black,hisp,f,5-9,0.0,synthetic_seed
OH,2023,black,hisp,m,10-14,0.0,synthetic_seed
OH,2023,black,hisp,f,10-14,0.0,synthetic_seed
OH,2023,black,hisp,m,15-19,0.3526,synthetic_seed
OH,2023,black,hisp,f,15-19,0.3122,synthetic_seed
OH,2023,black,hisp,m,20-24,0.7326,synthetic_seed
OH,2023,black,hisp,f,20-24,0.6839,synthetic_seed
OH,2023,black,hisp,m,25-29,0.8345,synthetic_seed
OH,2023,black,hisp,f,25-29,0.7243,synthetic_seed
OH,2023,black,hisp,m,30-34,0.9177,synthetic_seed
OH,2023,black,hisp,f,30-34,0.7163,synthetic_seed
OH,2023,black,hisp,m,35-39,0.8776,synthetic_seed
OH,2023,black,hisp,f,35-39,0.7192,synthetic_seed
OH,2023,black,hisp,m,40-44,0.884,synthetic_seed
OH,2023,black,hisp,f,40-44,0.7424,synthetic_seed
OH,2023,black,hisp,m,45-49,0.84,synthetic_seed
OH,2023,black,hisp,f,45-49,0.7594,synthetic_seed
OH,2023,black,hisp,m,50-54,0.797,synthetic_seed
OH,2023,black,hisp,f,50-54,0.7072,synthetic_seed
OH,2023,black,hisp,m,55-59,0.7143,synthetic_seed
OH,2023,black,hisp,f,55-59,0.6447,synthetic_seed
OH,2023,black,hisp,m,60-64,0.5797,synthetic_seed
OH,2023,black,hisp,f,60-64,0.4891,synthetic_seed
OH,2023,black,hisp,m,65-69,0.3595,synthetic_seed
OH,2023,black,hisp,f,65-69,0.2707,synthetic_seed
OH,2023,black,hisp,m,70-74,0.2186,synthetic_seed
OH,2023,black,hisp,f,70-74,0.1457,synthetic_seed
OH,2023,black,hisp,m,75-79,0.1184,synthetic_seed
OH,2023,black,hisp,f,75-79,0.0666,synthetic_seed
OH,2023,black,hisp,m,80-84,0.0591,synthetic_seed
OH,2023,black,hisp,f,80-84,0.0288,synthetic_seed
OH,2023,black,hisp,m,85+,0.0196,synthetic_seed
OH,2023,black,hisp,f,85+,0.0098,synthetic_seed
OH,2023,asian,non-hisp,m,0-4,0.0,synthetic_seed
OH,2023,asian,non-hisp,f,0-4,0.0,synthetic_seed
OH,2023,asian,non-hisp,m,5-9,0.0,synthetic_seed
OH,2023,asian,non-hisp,f,5-9,0.0,synthetic_seed
OH,2023,asian,non-hisp,m,10-14,0.0,synthetic_seed
OH,2023,asian,non-hisp,f,10-14,0.0,synthetic_seed
OH,2023,asian,non-hisp,m,15-19,0.3635,synthetic_seed
OH,2023,asian,non-hisp,f,15-19,0.3313,synthetic_seed
OH,2023,asian,non-hisp,m,20-24,0.7587,synthetic_seed
OH,2023,asian,non-hisp,f,20-24,0.7155,synthetic_seed
OH,2023,asian,non-hisp,m,25-29,0.9268,synthetic_seed
OH,2023,asian,non-hisp,f,25-29,0.7851,synthetic_seed
OH,2023,asian,non-hisp,m,30-34,0.9493,synthetic_seed
OH,2023,asian,non-hisp,f,30-34,0.7255,synthetic_seed
OH,2023,asian,non-hisp,m,35-39,0.9175,synthetic_seed
OH,2023,asian,non-hisp,f,35-39,0.7889,synthetic_seed
OH,2023,asian,non-hisp,m,40-44,0.906,synthetic_seed
OH,2023,asian,non-hisp,f,40-44,0.7708,synthetic_seed
OH,2023,asian,non-hisp,m,45-49,0.8942,synthetic_seed
OH,2023,asian,non-hisp,f,45-49,0.76,synthetic_seed
OH,2023,asian,non-hisp,m,50-54,0.8132,synthetic_seed
OH,2023,asian,non-hisp,f,50-54,0.7295,synthetic_seed
OH,2023,asian,non-hisp,m,55-59,0.7497,synthetic_seed
OH,2023,asian,non-hisp,f,55-59,0.6742,synthetic_seed
OH,2023,asian,non-hisp,m,60-64,0.5982,synthetic_seed
OH,2023,asian,non-hisp,f,60-64,0.5153,synthetic_seed
OH,2023,asian,non-hisp,m,65-69,0.3667,synthetic_seed
OH,2023,asian,non-hisp,f,65-69,0.2901,synthetic_seed
OH,2023,asian,non-hisp,m,70-74,0.2249,synthetic_seed
OH,2023,asian,non-hisp,f,70-74,0.1571,synthetic_seed
OH,2023,asian,non-hisp,m,75-79,0.1215,synthetic_seed
OH,2023,asian,non-hisp,f,75-79,0.0719,synthetic_seed
OH,2023,asian,non-hisp,m,80-84,0.0602,synthetic_seed
OH,2023,asian,non-hisp,f,80-84,0.0315,synthetic_seed
OH,2023,asian,non-hisp,m,85+,0.0208,synthetic_seed
OH,2023,asian,non-hisp,f,85+,0.0104,synthetic_seed
OH,2023,asian,hisp,m,0-4,0.0,synthetic_seed
OH,2023,asian,hisp,f,0-4,0.0,synthetic_seed
OH,2023,asian,hisp,m,5-9,0.0,synthetic_seed
OH,2023,asian,hisp,f,5-9,0.0,synthetic_seed
OH,2023,asian,hisp,m,10-14,0.0,synthetic_seed
OH,2023,asian,hisp,f,10-14,0.0,synthetic_seed
OH,2023,asian,hisp,m,15-19,0.3615,synthetic_seed
OH,2023,asian,hisp,f,15-19,0.3214,synthetic_seed
OH,2023,asian,hisp,m,20-24,0.7737,synthetic_seed
OH,2023,asian,hisp,f,20-24,0.7292,synthetic_seed
OH,2023,asian,hisp,m,25-29,0.9013,synthetic_seed
OH,2023,asian,hisp,f,25-29,0.7851,synthetic_seed
OH,2023,asian,hisp,m,30-34,0.9445,synthetic_seed
OH,2023,asian,hisp,f,30-34,0.7464,synthetic_seed
OH,2023,asian,hisp,m,35-39,0.9267,synthetic_seed
OH,2023,asian,hisp,f,35-39,0.752,synthetic_seed
OH,2023,asian,hisp,m,40-44,0.9035,synthetic_seed
OH,2023,asian,hisp,f,40-44,0.7633,synthetic_seed
OH,2023,asian,hisp,m,45-49,0.9052,synthetic_seed
OH,2023,asian,hisp,f,45-49,0.7874,synthetic_seed
OH,2023,asian,hisp,m,50-54,0.8035,synthetic_seed
OH,2023,asian,hisp,f,50-54,0.7265,synthetic_seed
OH,2023,asian,hisp,m,55-59,0.7899,synthetic_seed
OH,2023,asian,hisp,f,55-59,0.6541,synthetic_seed
OH,2023,asian,hisp,m,60-64,0.6114,synthetic_seed
OH,2023,asian,hisp,f,60-64,0.5063,synthetic_seed
OH,2023,asian,hisp,m,65-69,0.3824,synthetic_seed
OH,2023,asian,hisp,f,65-69,0.2877,synthetic_seed
OH,2023,asian,hisp,m,70-74,0.2414,synthetic_seed
OH,2023,asian,hisp,f,70-74,0.1543,synthetic_seed
OH,2023,asian,hisp,m,75-79,0.1216,synthetic_seed
OH,2023,asian,hisp,f,75-79,0.0691,synthetic_seed
OH,2023,asian,hisp,m,80-84,0.0602,synthetic_seed
OH,2023,asian,hisp,f,80-84,0.0315,synthetic_seed
OH,2023,asian,hisp,m,85+,0.0202,synthetic_seed
OH,2023,asian,hisp,f,85+,0.01,synthetic_seed
OH,2023,other,non-hisp,m,0-4,0.0,synthetic_seed
OH,2023,other,non-hisp,f,0-4,0.0,synthetic_seed
OH,2023,other,non-hisp,m,5-9,0.0,synthetic_seed
OH,2023,other,non-hisp,f,5-9,0.0,synthetic_seed
OH,2023,other,non-hisp,m,10-14,0.0,synthetic_seed
OH,2023,other,non-hisp,f,10-14,0.0,synthetic_seed
OH,2023,other,non-hisp,m,15-19,0.3595,synthetic_seed
OH,2023,other,non-hisp,f,15-19,0.3282,synthetic_seed
OH,2023,other,non-hisp,m,20-24,0.7485,synthetic_seed
OH,2023,other,non-hisp,f,20-24,0.6856,synthetic_seed
OH,2023,other,non-hisp,m,25-29,0.8743,synthetic_seed
OH,2023,other,non-hisp,f,25-29,0.7478,synthetic_seed
OH,2023,other,non-hisp,m,30-34,0.9175,synthetic_seed
OH,2023,other,non-hisp,f,30-34,0.7182,synthetic_seed
OH,2023,other,non-hisp,m,35-39,0.9119,synthetic_seed
OH,2023,other,non-hisp,f,35-39,0.7424,synthetic_seed
OH,2023,other,non-hisp,m,40-44,0.8826,synthetic_seed
OH,2023,other,non-hisp,f,40-44,0.7916,synthetic_seed
OH,2023,other,non-hisp,m,45-49,0.8677,synthetic_seed
OH,2023,other,non-hisp,f,45-49,0.7658,synthetic_seed
OH,2023,other,non-hisp,m,50-54,0.8286,synthetic_seed
OH,2023,other,non-hisp,f,50-54,0.7369,synthetic_seed
OH,2023,other,non-hisp,m,55-59,0.756,synthetic_seed
OH,2023,other,non-hisp,f,55-59,0.6409,synthetic_seed
OH,2023,other,non-hisp,m,60-64,0.6156,synthetic_seed
OH,2023,other,non-hisp,f,60-64,0.5096,synthetic_seed
OH,2023,other,non-hisp,m,65-69,0.3916,synthetic_seed
OH,2023,other,non-hisp,f,65-69,0.2783,synthetic_seed
OH,2023,other,non-hisp,m,70-74,0.2341,synthetic_seed
OH,2023,other,non-hisp,f,70-74,0.1537,synthetic_seed
OH,2023,other,non-hisp,m,75-79,0.1196,synthetic_seed
OH,2023,other,non-hisp,f,75-79,0.0728,synthetic_seed
OH,2023,other,non-hisp,m,80-84,0.0599,synthetic_seed
OH,2023,other,non-hisp,f,80-84,0.0301,synthetic_seed
OH,2023,other,non-hisp,m,85+,0.0199,synthetic_seed
OH,2023,other,non-hisp,f,85+,0.01,synthetic_seed
OH,2023,other,hisp,m,0-4,0.0,synthetic_seed
OH,2023,other,hisp,f,0-4,0.0,synthetic_seed
OH,2023,other,hisp,m,5-9,0.0,synthetic_seed
OH,2023,other,hisp,f,5-9,0.0,synthetic_seed
OH,2023,other,hisp,m,10-14,0.0,synthetic_seed
OH,2023,other,hisp,f,10-14,0.0,synthetic_seed
OH,2023,other,hisp,m,15-19,0.35,synthetic_seed
OH,2023,other,hisp,f,15-19,0.3303,synthetic_seed
OH,2023,other,hisp,m,20-24,0.7362,synthetic_seed
OH,2023,other,hisp,f,20-24,0.714,synthetic_seed
OH,2023,other,hisp,m,25-29,0.858,synthetic_seed
OH,2023,other,hisp,f,25-29,0.765,synthetic_seed
OH,2023,other,hisp,m,30-34,0.9379,synthetic_seed
OH,2023,other,hisp,f,30-34,0.7055,synthetic_seed
OH,2023,other,hisp,m,35-39,0.8791,synthetic_seed
OH,2023,other,hisp,f,35-39,0.748,synthetic_seed
OH,2023,other,hisp,m,40-44,0.8909,synthetic_seed
OH,2023,other,hisp,f,40-44,0.7763,synthetic_seed
OH,2023,other,hisp,m,45-49,0.8601,synthetic_seed
OH,2023,other,hisp,f,45-49,0.7753,synthetic_seed
OH,2023,other,hisp,m,50-54,0.8012,synthetic_seed
OH,2023,other,hisp,f,50-54,0.718,synthetic_seed
OH,2023,other,hisp,m,55-59,0.7646,synthetic_seed
OH,2023,other,hisp,f,55-59,0.642,synthetic_seed
OH,2023,other,hisp,m,60-64,0.6142,synthetic_seed
OH,2023,other,hisp,f,60-64,0.5183,synthetic_seed
OH,2023,other,hisp,m,65-69,0.3894,synthetic_seed
OH,2023,other,hisp,f,65-69,0.2796,synthetic_seed
OH,2023,other,hisp,m,70-74,0.231,synthetic_seed
OH,2023,other,hisp,f,70-74,0.1454,synthetic_seed
OH,2023,other,hisp,m,75-79,0.1203,synthetic_seed
OH,2023,other,hisp,f,75-79,0.0693,synthetic_seed
OH,2023,other,hisp,m,80-84,0.0608,synthetic_seed
OH,2023,other,hisp,f,80-84,0.0298,synthetic_seed
OH,2023,other,hisp,m,85+,0.0204,synthetic_seed
OH,2023,other,hisp,f,85+,0.0099,synthetic_seed
OK,2023,white,non-hisp,m,0-4,0.0,synthetic_seed
OK,2023,white,non-hisp,f,0-4,0.0,synthetic_seed
OK,2023,white,non-hisp,m,5-9,0.0,synthetic_seed
OK,2023,white,non-hisp,f,5-9,0.0,synthetic_seed
OK,2023,white,non-hisp,m,10-14,0.0,synthetic_seed
OK,2023,white,non-hisp,f,10-14,0.0,synthetic_seed
OK,2023,white,non-hisp,m,15-19,0.3528,synthetic_seed
OK,2023,white,non-hisp,f,15-19,0.3096,synthetic_seed
OK,2023,white,non-hisp,m,20-24,0.7372,synthetic_seed
OK,2023,white,non-hisp,f,20-24,0.7053,synthetic_seed
OK,2023,white,non-hisp,m,25-29,0.8707,synthetic_seed
OK,2023,white,non-hisp,f,25-29,0.7531,synthetic_seed
OK,2023,white,non-hisp,m,30-34,0.9357,synthetic_seed
OK,2023,white,non-hisp,f,30-34,0.7267,synthetic_seed
OK,2023,white,non-hisp,m,35-39,0.9378,synthetic_seed
OK,2023,white,non-hisp,f,35-39,0.7419,synthetic_seed
OK,2023,white,non-hisp,m,40-44,0.8968,synthetic_seed
OK,2023,white,non-hisp,f,40-44,0.7517,synthetic_seed
OK,2023,white,non-hisp,m,45-49,0.8791,synthetic_seed
OK,2023,white,non-hisp,f,45-49,0.7571,synthetic_seed
OK,2023,white,non-hisp,m,50-54,0.8502,synthetic_seed
OK,2023,white,non-hisp,f,50-54,0.7337,synthetic_seed
OK,2023,white,non-hisp,m,55-59,0.7598,synthetic_seed
OK,2023,white,non-hisp,f,55-59,0.6373,synthetic_seed
OK,2023,white,non-hisp,m,60-64,0.5961,synthetic_seed
OK,2023,white,non-hisp,f,60-64,0.5097,synthetic_seed
OK,2023,white,non-hisp,m,65-69,0.3956,synthetic_seed
OK,2023,white,non-hisp,f,65-69,0.2788,synthetic_seed
OK,2023,white,non-hisp,m,70-74,0.2242,synthetic_seed
OK,2023,white,non-hisp,f,70-74,0.156,synthetic_seed
OK,2023,white,non-hisp,m,75-79,0.1226,synthetic_seed
OK,2023,white,non-hisp,f,75-79,0.0694,synthetic_seed
OK,2023,white,non-hisp,m,80-84,0.0604,synthetic_seed
OK,2023,white,non-hisp,f,80-84,0.0299,synthetic_seed
OK,2023,white,non-hisp,m,85+,0.0202,synthetic_seed
OK,2023,white,non-hisp,f,85+,0.0101,synthetic_seed
OK,2023,white,hisp,m,0-4,0.0,synthetic_seed
OK,2023,white,hisp,f,0-4,0.0,synthetic_seed
OK,2023,white,hisp,m,5-9,0.0,synthetic_seed
OK,2023,white,hisp,f,5-9,0.0,synthetic_seed
OK,2023,white,hisp,m,10-14,0.0,synthetic_seed
OK,2023,white,hisp,f,10-14,0.0,synthetic_seed
OK,2023,white,hisp,m,15-19,0.3458,synthetic_seed
OK,2023,white,hisp,f,15-19,0.32,synthetic_seed
OK,2023,white,hisp,m,20-24,0.7806,synthetic_seed
OK,2023,white,hisp,f,20-24,0.7183,synthetic_seed
OK,2023,white,hisp,m,25-29,0.8462,synthetic_seed
OK,2023,white,hisp,f,25-29,0.7676,synthetic_seed
OK,2023,white,hisp,m,30-34,0.8978,synthetic_seed
OK,2023,white,hisp,f,30-34,0.7531,synthetic_seed
OK,2023,white,hisp,m,35-39,0.9117,synthetic_seed
OK,2023,white,hisp,f,35-39,0.7424,synthetic_seed
OK,2023,white,hisp,m,40-44,0.9283,synthetic_seed
OK,2023,white,hisp,f,40-44,0.7683,synthetic_seed
OK,2023,white,hisp,m,45-49,0.8893,synthetic_seed
OK,2023,white,hisp,f,45-49,0.7747,synthetic_seed
OK,2023,white,hisp,m,50-54,0.8362,synthetic_seed
OK,2023,white,hisp,f,50-54,0.74,synthetic_seed
OK,2023,white,hisp,m,55-59,0.7405,synthetic_seed
OK,2023,white,hisp,f,55-59,0.6392,synthetic_seed
OK,2023,white,hisp,m,60-64,0.6148,synthetic_seed
OK,2023,white,hisp,f,60-64,0.5195,synthetic_seed
OK,2023,white,hisp,m,65-69,0.39,synthetic_seed
OK,2023,white,hisp,f,65-69,0.2891,synthetic_seed
OK,2023,white,hisp,m,70-74,0.2278,synthetic_seed
OK,2023,white,hisp,f,70-74,0.1566,synthetic_seed
OK,2023,white,hisp,m,75-79,0.1186,synthetic_seed
OK,2023,white,hisp,f,75-79,0.0675,synthetic_seed
OK,2023,white,hisp,m,80-84,0.0585,synthetic_seed
OK,2023,white,hisp,f,80-84,0.0298,synthetic_seed
OK,2023,white,hisp,m,85+,0.0205,synthetic_seed
OK,2023,white,hisp,f,85+,0.0103,synthetic_seed
OK,2023,black,non-hisp,m,0-4,0.0,synthetic_seed
OK,2023,black,non-hisp,f,0-4,0.0,synthetic_seed
OK,2023,black,non-hisp,m,5-9,0.0,synthetic_seed
OK,2023,black,non-hisp,f,5-9,0.0,synthetic_seed
OK,2023,black,non-hisp,m,10-14,0.0,synthetic_seed
OK,2023,black,non-hisp,f,10-14,0.0,synthetic_seed
OK,2023,black,non-hisp,m,15-19,0.3562,synthetic_seed
OK,2023,black,non-hisp,f,15-19,0.3146,synthetic_seed
OK,2023,black,non-hisp,m,20-24,0.7124,synthetic_seed
OK,2023,black,non-hisp,f,20-24,0.6862,synthetic_seed
OK,2023,black,non-hisp,m,25-29,0.8404,synthetic_seed
OK,2023,black,non-hisp,f,25-29,0.7192,synthetic_seed
OK,2023,black,non-hisp,m,30-34,0.882,synthetic_seed
OK,2023,black,non-hisp,f,30-34,0.7099,synthetic_seed
OK,2023,black,non-hisp,m,35-39,0.8667,synthetic_seed
OK,2023,black,non-hisp,f,35-39,0.7109,synthetic_seed
OK,2023,black,non-hisp,m,40-44,0.8637,synthetic_seed
OK,2023,black,non-hisp,f,40-44,0.75,synthetic_seed
OK,2023,black,non-hisp,m,45-49,0.8426,synthetic_seed
OK,2023,black,non-hisp,f,45-49,0.7497,synthetic_seed
OK,2023,black,non-hisp,m,50-54,0.8131,synthetic_seed
OK,2023,black,non-hisp,f,50-54,0.711,synthetic_seed
OK,2023,black,non-hisp,m,55-59,0.7296,synthetic_seed
OK,2023,black,non-hisp,f,55-59,0.6407,synthetic_seed
OK,2023,black,non-hisp,m,60-64,0.5655,synthetic_seed
OK,2023,black,non-hisp,f,60-64,0.4778,synthetic_seed
OK,2023,black,non-hisp,m,65-69,0.3611,synthetic_seed
OK,2023,black,non-hisp,f,65-69,0.2744,synthetic_seed
OK,2023,black,non-hisp,m,70-74,0.2232,synthetic_seed
OK,2023,black,non-hisp,f,70-74,0.1449,synthetic_seed
OK,2023,black,non-hisp,m,75-79,0.118,synthetic_seed
OK,2023,black,non-hisp,f,75-79,0.0687,synthetic_seed
OK,2023,black,non-hisp,m,80-84,0.0554,synthetic_seed
OK,2023,black,non-hisp,f,80-84,0.0293,synthetic_seed
OK,2023,black,non-hisp,m,85+,0.0192,synthetic_seed
OK,2023,black,non-hisp,f,85+,0.0093,synthetic_seed
OK,2023,black,hisp,m,0-4,0.0,synthetic_seed
OK,2023,black,hisp,f,0-4,0.0,synthetic_seed
OK,2023,black,hisp,m,5-9,0.0,synthetic_seed
OK,2023,black,hisp,f,5-9,0.0,synthetic_seed
OK,2023,black,hisp,m,10-14,0.0,synthetic_seed
OK,2023,black,hisp,f,10-14,0.0,synthetic_seed
OK,2023,black,hisp,m,15-19,0.3392,synthetic_seed
OK,2023,black,hisp,f,15-19,0.3184,synthetic_seed
OK,2023,black,hisp,m,20-24,0.7107,synthetic_seed
OK,2023,black,hisp,f,20-24,0.704,synthetic_seed
OK,2023,black,hisp,m,25-29,0.8366,synthetic_seed
OK,2023,black,hisp,f,25-29,0.7261,synthetic_seed
OK,2023,black,hisp,m,30-34,0.8775,synthetic_seed
OK,2023,black,hisp,f,30-34,0.7271,synthetic_seed
OK,2023,black,hisp,m,35-39,0.8956,synthetic_seed
OK,2023,black,hisp,f,35-39,0.7288,synthetic_seed
OK,2023,black,hisp,m,40-44,0.8691,synthetic_seed
OK,2023,black,hisp,f,40-44,0.7243,synthetic_seed
OK,2023,black,hisp,m,45-49,0.8447,synthetic_seed
OK,2023,black,hisp,f,45-49,0.7514,synthetic_seed
OK,2023,black,hisp,m,50-54,0.8068,synthetic_seed
OK,2023,black,hisp,f,50-54,0.724,synthetic_seed
OK,2023,black,hisp,m,55-59,0.753,synthetic_seed
OK,2023,black,hisp,f,55-59,0.6255,synthetic_seed
OK,2023,black,hisp,m,60-64,0.58,synthetic_seed
OK,2023,black,hisp,f,60-64,0.5018,synthetic_seed
OK,2023,black,hisp,m,65-69,0.3638,synthetic_seed
OK,2023,black,hisp,f,65-69,0.2651,synthetic_seed
OK,2023,black,hisp,m,70-74,0.2172,synthetic_seed
OK,2023,black,hisp,f,70-74,0.1431,synthetic_seed
OK,2023,black,hisp,m,75-79,0.1196,synthetic_seed
OK,2023,black,hisp,f,75-79,0.0685,synthetic_seed
OK,2023,black,hisp,m,80-84,0.0592,synthetic_seed
OK,2023,black,hisp,f,80-84,0.0297,synthetic_seed
OK,2023,black,hisp,m,85+,0.0193,synthetic_seed
OK,2023,black,hisp,f,85+,0.0096,synthetic_seed
OK,2023,asian,non-hisp,m,0-4,0.0,synthetic_seed
OK,2023,asian,non-hisp,f,0-4,0.0,synthetic_seed
OK,2023,asian,non-hisp,m,5-9,0.0,synthetic_seed
OK,2023,asian,non-hisp,f,5-9,0.0,synthetic_seed
OK,2023,asian,non-hisp,m,10-14,0.0,synthetic_seed
OK,2023,asian,non-hisp,f,10-14,0.0,synthetic_seed
OK,2023,asian,non-hisp,m,15-19,0.3814,synthetic_seed
OK,2023,asian,non-hisp,f,15-19,0.3335,synthetic_seed
OK,2023,asian,non-hisp,m,20-24,0.8006,synthetic_seed
OK,2023,asian,non-hisp,f,20-24,0.7193,synthetic_seed
OK,2023,asian,non-hisp,m,25-29,0.9414,synthetic_seed
OK,2023,asian,non-hisp,f,25-29,0.7724,synthetic_seed
OK,2023,asian,non-hisp,m,30-34,0.9263,synthetic_seed
OK,2023,asian,non-hisp,f,30-34,0.7417,synthetic_seed
OK,2023,asian,non-hisp,m,35-39,0.9426,synthetic_seed
OK,2023,asian,non-hisp,f,35-39,0.7385,synthetic_seed
OK,2023,asian,non-hisp,m,40-44,0.9393,synthetic_seed
OK,2023,asian,non-hisp,f,40-44,0.7931,synthetic_seed
OK,2023,asian,non-hisp,m,45-49,0.9001,synthetic_seed
OK,2023,asian,non-hisp,f,45-49,0.7755,synthetic_seed
OK,2023,asian,non-hisp,m,50-54,0.8344,synthetic_seed
OK,2023,asian,non-hisp,f,50-54,0.7547,synthetic_seed
OK,2023,asian,non-hisp,m,55-59,0.7489,synthetic_seed
OK,2023,asian,non-hisp,f,55-59,0.6673,synthetic_seed
OK,2023,asian,non-hisp,m,60-64,0.6124,synthetic_seed
OK,2023,asian,non-hisp,f,60-64,0.5108,synthetic_seed
OK,2023,asian,non-hisp,m,65-69,0.399,synthetic_seed
OK,2023,asian,non-hisp,f,65-69,0.2775,synthetic_seed
OK,2023,asian,non-hisp,m,70-74,0.2361,synthetic_seed
OK,2023,asian,non-hisp,f,70-74,0.1517,synthetic_seed
OK,2023,asian,non-hisp,m,75-79,0.1201,synthetic_seed
OK,2023,asian,non-hisp,f,75-79,0.0693,synthetic_seed
OK,2023,asian,non-hisp,m,80-84,0.058,synthetic_seed
OK,2023,asian,non-hisp,f,80-84,0.0307,synthetic_seed
OK,2023,asian,non-hisp,m,85+,0.0207,synthetic_seed
OK,2023,asian,non-hisp,f,85+,0.01,synthetic_seed
OK,2023,asian,hisp,m,0-4,0.0,synthetic_seed
OK,2023,asian,hisp,f,0-4,0.0,synthetic_seed
OK,2023,asian,hisp,m,5-9,0.0,synthetic_seed
OK,2023,asian,hisp,f,5-9,0.0,synthetic_seed
OK,2023,asian,hisp,m,10-14,0.0,synthetic_seed
OK,2023,asian,hisp,f,10-14,0.0,synthetic_seed
OK,2023,asian,hisp,m,15-19,0.3707,synthetic_seed
OK,2023,asian,hisp,f,15-19,0.3068,synthetic_seed
OK,2023,asian,hisp,m,20-24,0.7697,synthetic_seed
OK,2023,asian,hisp,f,20-24,0.7282,synthetic_seed
OK,2023,asian,hisp,m,25-29,0.8985,synthetic_seed
OK,2023,asian,hisp,f,25-29,0.7542,synthetic_seed
OK,2023,asian,hisp,m,30-34,0.8859,synthetic_seed
OK,2023,asian,hisp,f,30-34,0.7178,synthetic_seed
OK,2023,asian,hisp,m,35-39,0.9218,synthetic_seed
OK,2023,asian,hisp,f,35-39,0.7463,synthetic_seed
OK,2023,asian,hisp,m,40-44,0.9233,synthetic_seed
OK,2023,asian,hisp,f,40-44,0.7728,synthetic_seed
OK,2023,asian,hisp,m,45-49,0.8822,synthetic_seed
OK,2023,asian,hisp,f,45-49,0.7981,synthetic_seed
OK,2023,asian,hisp,m,50-54,0.8586,synthetic_seed
OK,2023,asian,hisp,f,50-54,0.7624,synthetic_seed
OK,2023,asian,hisp,m,55-59,0.7578,synthetic_seed
OK,2023,asian,hisp,f,55-59,0.6714,synthetic_seed
OK,2023,asian,hisp,m,60-64,0.6242,synthetic_seed
OK,2023,asian,hisp,f,60-64,0.5178,synthetic_seed
OK,2023,asian,hisp,m,65-69,0.4051,synthetic_seed
OK,2023,asian,hisp,f,65-69,0.2745,synthetic_seed
OK,2023,asian,hisp,m,70-74,0.2361,synthetic_seed
OK,2023,asian,hisp,f,70-74,0.1552,synthetic_seed
OK,2023,asian,hisp,m,75-79,0.1208,synthetic_seed
OK,2023,asian,hisp,f,75-79,0.0715,synthetic_seed
OK,2023,asian,hisp,m,80-84,0.0623,synthetic_seed
OK,2023,asian,hisp,f,80-84,0.0297,synthetic_seed
OK,2023,asian,hisp,m,85+,0.0209,synthetic_seed
OK,2023,asian,hisp,f,85+,0.0108,synthetic_seed
OK,2023,other,non-hisp,m,0-4,0.0,synthetic_seed
OK,2023,other,non-hisp,f,0-4,0.0,synthetic_seed
OK,2023,other,non-hisp,m,5-9,0.0,synthetic_seed
OK,2023,other,non-hisp,f,5-9,0.0,synthetic_seed
OK,2023,other,non-hisp,m,10-14,0.0,synthetic_seed
OK,2023,other,non-hisp,f,10-14,0.0,synthetic_seed
OK,2023,other,non-hisp,m,15-19,0.3721,synthetic_seed
OK,2023,other,non-hisp,f,15-19,0.3157,synthetic_seed
OK,2023,other,non-hisp,m,20-24,0.7507,synthetic_seed
OK,2023,other,non-hisp,f,20-24,0.7071,synthetic_seed
OK,2023,other,non-hisp,m,25-29,0.8871,synthetic_seed
OK,2023,other,non-hisp,f,25-29,0.7544,synthetic_seed
OK,2023,other,non-hisp,m,30-34,0.9063,synthetic_seed
OK,2023,other,non-hisp,f,30-34,0.7378,synthetic_seed
OK,2023,other,non-hisp,m,35-39,0.8963,synthetic_seed
OK,2023,other,non-hisp,f,35-39,0.7344,synthetic_seed
OK,2023,other,non-hisp,m,40-44,0.8703,synthetic_seed
OK,2023,other,non-hisp,f,40-44,0.7645,synthetic_seed
OK,2023,other,non-hisp,m,45-49,0.8821,synthetic_seed
OK,2023,other,non-hisp,f,45-49,0.7763,synthetic_seed
OK,2023,other,non-hisp,m,50-54,0.8281,synthetic_seed
OK,2023,other,non-hisp,f,50-54,0.7297,synthetic_seed
OK,2023,other,non-hisp,m,55-59,0.7572,synthetic_seed
OK,2023,other,non-hisp,f,55-59,0.6576,synthetic_seed
OK,2023,other,non-hisp,m,60-64,0.5992,synthetic_seed
OK,2023,other,non-hisp,f,60-64,0.4935,synthetic_seed
OK,2023,other,non-hisp,m,65-69,0.3732,synthetic_seed
OK,2023,other,non-hisp,f,65-69,0.2786,synthetic_seed
OK,2023,other,non-hisp,m,70-74,0.2341,synthetic_seed
OK,2023,other,non-hisp,f,70-74,0.153,synthetic_seed
OK,2023,other,non-hisp,m,75-79,0.1161,synthetic_seed
OK,2023,other,non-hisp,f,75-79,0.0676,synthetic_seed
OK,2023,other,non-hisp,m,80-84,0.06,synthetic_seed
OK,2023,other,non-hisp,f,80-84,0.0299,synthetic_seed
OK,2023,other,non-hisp,m,85+,0.0199,synthetic_seed
OK,2023,other,non-hisp,f,85+,0.0097,synthetic_seed
OK,2023,other,hisp,m,0-4,0.0,synthetic_seed
OK,2023,other,hisp,f,0-4,0.0,synthetic_seed
OK,2023,other,hisp,m,5-9,0.0,synthetic_seed
OK,2023,other,hisp,f,5-9,0.0,synthetic_seed
OK,2023,other,hisp,m,10-14,0.0,synthetic_seed
OK,2023,other,hisp,f,10-14,0.0,synthetic_seed
OK,2023,other,hisp,m,15-19,0.3601,synthetic_seed
OK,2023,other,hisp,f,15-19,0.3261,synthetic_seed
OK,2023,other,hisp,m,20-24,0.7449,synthetic_seed
OK,2023,other,hisp,f,20-24,0.6825,synthetic_seed
OK,2023,other,hisp,m,25-29,0.8358,synthetic_seed
OK,2023,other,hisp,f,25-29,0.7564,synthetic_seed
OK,2023,other,hisp,m,30-34,0.9008,synthetic_seed
OK,2023,other,hisp,f,30-34,0.7317,synthetic_seed
OK,2023,other,hisp,m,35-39,0.8776,synthetic_seed
OK,2023,other,hisp,f,35-39,0.7489,synthetic_seed
OK,2023,other,hisp,m,40-44,0.88,synthetic_seed
OK,2023,other,hisp,f,40-44,0.7685,synthetic_seed
OK,2023,other,hisp,m,45-49,0.8878,synthetic_seed
OK,2023,other,hisp,f,45-49,0.7933,synthetic_seed
OK,2023,other,hisp,m,50-54,0.8253,synthetic_seed
OK,2023,other,hisp,f,50-54,0.7417,synthetic_seed
OK,2023,other,hisp,m,55-59,0.7623,synthetic_seed
OK,2023,other,hisp,f,55-59,0.6645,synthetic_seed
OK,2023,other,hisp,m,60-64,0.5976,synthetic_seed
OK,2023,other,hisp,f,60-64,0.5079,synthetic_seed
OK,2023,other,hisp,m,65-69,0.3767,synthetic_seed
OK,2023,other,hisp,f,65-69,0.2725,synthetic_seed
OK,2023,other,hisp,m,70-74,0.2319,synthetic_seed
OK,2023,other,hisp,f,70-74,0.1493,synthetic_seed
OK,2023,other,hisp,m,75-79,0.1215,synthetic_seed
OK,2023,other,hisp,f,75-79,0.0682,synthetic_seed
OK,2023,other,hisp,m,80-84,0.0591,synthetic_seed
OK,2023,other,hisp,f,80-84,0.0309,synthetic_seed
OK,2023,other,hisp,m,85+,0.0204,synthetic_seed
OK,2023,other,hisp,f,85+,0.0097,synthetic_seed
OR,2023,white,non-hisp,m,0-4,0.0,synthetic_seed
OR,2023,white,non-hisp,f,0-4,0.0,synthetic_seed
OR,2023,white,non-hisp,m,5-9,0.0,synthetic_seed
OR,2023,white,non-hisp,f,5-9,0.0,synthetic_seed
OR,2023,white,non-hisp,m,10-14,0.0,synthetic_seed
OR,2023,white,non-hisp,f,10-14,0.0,synthetic_seed
OR,2023,white,non-hisp,m,15-19,0.3631,synthetic_seed
OR,2023,white,non-hisp,f,15-19,0.3183,synthetic_seed
OR,2023,white,non-hisp,m,20-24,0.7689,synthetic_seed
OR,2023,white,non-hisp,f,20-24,0.6969,synthetic_seed
OR,2023,white,non-hisp,m,25-29,0.8808,synthetic_seed
OR,2023,white,non-hisp,f,25-29,0.7552,synthetic_seed
OR,2023,white,non-hisp,m,30-34,0.9178,synthetic_seed
OR,2023,white,non-hisp,f,30-34,0.7151,synthetic_seed
OR,2023,white,non-hisp,m,35-39,0.9083,synthetic_seed
OR,2023,white,non-hisp,f,35-39,0.7487,synthetic_seed
OR,2023,white,non-hisp,m,40-44,0.8902,synthetic_seed
OR,2023,white,non-hisp,f,40-44,0.7722,synthetic_seed
OR,2023,white,non-hisp,m,45-49,0.8713,synthetic_seed
OR,2023,white,non-hisp,f,45-49,0.7872,synthetic_seed
OR,2023,white,non-hisp,m,50-54,0.8405,synthetic_seed
OR,2023,white,non-hisp,f,50-54,0.7329,synthetic_seed
OR,2023,white,non-hisp,m,55-59,0.7478,synthetic_seed
OR,2023,white,non-hisp,f,55-59,0.6449,synthetic_seed
OR,2023,white,non-hisp,m,60-64,0.6065,synthetic_seed
OR,2023,white,non-hisp,f,60-64,0.4915,synthetic_seed
OR,2023,white,non-hisp,m,65-69,0.3587,synthetic_seed
OR,2023,white,non-hisp,f,65-69,0.2646,synthetic_seed
OR,2023,white,non-hisp,m,70-74,0.2246,synthetic_seed
OR,2023,white,non-hisp,f,70-74,0.1491,synthetic_seed
OR,2023,white,non-hisp,m,75-79,0.1184,synthetic_seed
OR,2023,white,non-hisp,f,75-79,0.0718,synthetic_seed
OR,2023,white,non-hisp,m,80-84,0.0614,synthetic_seed
OR,2023,white,non-hisp,f,80-84,0.0305,synthetic_seed
OR,2023,white,non-hisp,m,85+,0.02,synthetic_seed
OR,2023,white,non-hisp,f,85+,0.0098,synthetic_seed
OR,2023,white,hisp,m,0-4,0.0,synthetic_seed
OR,2023,white,hisp,f,0-4,0.0,synthetic_seed
OR,2023,white,hisp,m,5-9,0.0,synthetic_seed
OR,2023,white,hisp,f,5-9,0.0,synthetic_seed
OR,2023,white,hisp,m,10-14,0.0,synthetic_seed
OR,2023,white,hisp,f,10-14,0.0,synthetic_seed
OR,2023,white,hisp,m,15-19,0.3554,synthetic_seed
OR,2023,white,hisp,f,15-19,0.3208,synthetic_seed
OR,2023,white,hisp,m,20-24,0.7282,synthetic_seed
OR,2023,white,hisp,f,20-24,0.6909,synthetic_seed
OR,2023,white,hisp,m,25-29,0.8677,synthetic_seed
OR,2023,white,hisp,f,25-29,0.7327,synthetic_seed
OR,2023,white,hisp,m,30-34,0.9209,synthetic_seed
OR,2023,white,hisp,f,30-34,0.709,synthetic_seed
OR,2023,white,hisp,m,35-39,0.8806,synthetic_seed
OR,2023,white,hisp,f,35-39,0.7411,synthetic_seed
OR,2023,white,hisp,m,40-44,0.8786,synthetic_seed
OR,2023,white,hisp,f,40-44,0.7834,synthetic_seed
OR,2023,white,hisp,m,45-49,0.8616,synthetic_seed
OR,2023,white,hisp,f,45-49,0.8081,synthetic_seed
OR,2023,white,hisp,m,50-54,0.826,synthetic_seed
OR,2023,white,hisp,f,50-54,0.7113,synthetic_seed
OR,2023,white,hisp,m,55-59,0.7427,synthetic_seed
OR,2023,white,hisp,f,55-59,0.6559,synthetic_seed
OR,2023,white,hisp,m,60-64,0.5839,synthetic_seed
OR,2023,white,hisp,f,60-64,0.5098,synthetic_seed
OR,2023,white,hisp,m,65-69,0.3852,synthetic_seed
OR,2023,white,hisp,f,65-69,0.2788,synthetic_seed
OR,2023,white,hisp,m,70-74,0.2342,synthetic_seed
OR,2023,white,hisp,f,70-74,0.1523,synthetic_seed
OR,2023,white,hisp,m,75-79,0.115,synthetic_seed
OR,2023,white,hisp,f,75-79,0.0696,synthetic_seed
OR,2023,white,hisp,m,80-84,0.0601,synthetic_seed
OR,2023,white,hisp,f,80-84,0.0305,synthetic_seed
OR,2023,white,hisp,m,85+,0.0195,synthetic_seed
OR,2023,white,hisp,f,85+,0.0098,synthetic_seed
OR,2023,black,non-hisp,m,0-4,0.0,synthetic_seed
OR,2023,black,non-hisp,f,0-4,0.0,synthetic_seed
OR,2023,black,non-hisp,m,5-9,0.0,synthetic_seed
OR,2023,black,non-hisp,f,5-9,0.0,synthetic_seed
OR,2023,black,non-hisp,m,10-14,0.0,synthetic_seed
OR,2023,black,non-hisp,f,10-14,0.0,synthetic_seed
OR,2023,black,non-hisp,m,15-19,0.3615,synthetic_seed
OR,2023,black,non-hisp,f,15-19,0.3183,synthetic_seed
OR,2023,black,non-hisp,m,20-24,0.7314,synthetic_seed
OR,2023,black,non-hisp,f,20-24,0.6808,synthetic_seed
OR,2023,black,non-hisp,m,25-29,0.8787,synthetic_seed
OR,2023,black,non-hisp,f,25-29,0.722,synthetic_seed
OR,2023,black,non-hisp,m,30-34,0.8502,synthetic_seed
OR,2023,black,non-hisp,f,30-34,0.7231,synthetic_seed
OR,2023,black,non-hisp,m,35-39,0.89,synthetic_seed
OR,2023,black,non-hisp,f,35-39,0.7286,synthetic_seed
OR,2023,black,non-hisp,m,40-44,0.8466,synthetic_seed
OR,2023,black,non-hisp,f,40-44,0.7661,synthetic_seed
OR,2023,black,non-hisp,m,45-49,0.8624,synthetic_seed
OR,2023,black,non-hisp,f,45-49,0.7442,synthetic_seed
OR,2023,black,non-hisp,m,50-54,0.8144,synthetic_seed
OR,2023,black,non-hisp,f,50-54,0.706,synthetic_seed
OR,2023,black,non-hisp,m,55-59,0.7416,synthetic_seed
OR,2023,black,non-hisp,f,55-59,0.6533,synthetic_seed
OR,2023,black,non-hisp,m,60-64,0.5706,synthetic_seed
OR,2023,black,non-hisp,f,60-64,0.4846,synthetic_seed
OR,2023,black,non-hisp,m,65-69,0.3707,synthetic_seed
OR,2023,black,non-hisp,f,65-69,0.2725,synthetic_seed
OR,2023,black,non-hisp,m,70-74,0.2243,synthetic_seed
OR,2023,black,non-hisp,f,70-74,0.144,synthetic_seed
OR,2023,black,non-hisp,m,75-79,0.1182,synthetic_seed
OR,2023,black,non-hisp,f,75-79,0.0683,synthetic_seed
OR,2023,black,non-hisp,m,80-84,0.0581,synthetic_seed
OR,2023,black,non-hisp,f,80-84,0.0296,synthetic_seed
OR,2023,black,non-hisp,m,85+,0.0195,synthetic_seed
OR,2023,black,non-hisp,f,85+,0.01,synthetic_seed
OR,2023,black,hisp,m,0-4,0.0,synthetic_seed
OR,2023,black,hisp,f,0-4,0.0,synthetic_seed
OR,2023,black,hisp,m,5-9,0.0,synthetic_seed
OR,2023,black,hisp,f,5-9,0.0,synthetic_seed
OR,2023,black,hisp,m,10-14,0.0,synthetic_seed
OR,2023,black,hisp,f,10-14,0.0,synthetic_seed
OR,2023,black,hisp,m,15-19,0.3471,synthetic_seed
OR,2023,black,hisp,f,15-19,0.3105,synthetic_seed
OR,2023,black,hisp,m,20-24,0.7522,synthetic_seed
OR,2023,black,hisp,f,20-24,0.6941,synthetic_seed
OR,2023,black,hisp,m,25-29,0.8657,synthetic_seed
OR,2023,black,hisp,f,25-29,0.7363,synthetic_seed
OR,2023,black,hisp,m,30-34,0.8787,synthetic_seed
OR,2023,black,hisp,f,30-34,0.732,synthetic_seed
OR,2023,black,hisp,m,35-39,0.8655,synthetic_seed
OR,2023,black,hisp,f,35-39,0.6917,synthetic_seed
OR,2023,black,hisp,m,40-44,0.8723,synthetic_seed
OR,2023,black,hisp,f,40-44,0.7699,synthetic_seed
OR,2023,black,hisp,m,45-49,0.8493,synthetic_seed
OR,2023,black,hisp,f,45-49,0.741,synthetic_seed
OR,2023,black,hisp,m,50-54,0.7802,synthetic_seed
OR,2023,black,hisp,f,50-54,0.7157,synthetic_seed
OR,2023,black,hisp,m,55-59,0.7173,synthetic_seed
OR,2023,black,hisp,f,55-59,0.6309,synthetic_seed
OR,2023,black,hisp,m,60-64,0.5978,synthetic_seed
OR,2023,black,hisp,f,60-64,0.4791,synthetic_seed
OR,2023,black,hisp,m,65-69,0.3622,synthetic_seed
OR,2023,black,hisp,f,65-69,0.2762,synthetic_seed
OR,2023,black,hisp,m,70-74,0.2241,synthetic_seed
OR,2023,black,hisp,f,70-74,0.1492,synthetic_seed
OR,2023,black,hisp,m,75-79,0.1182,synthetic_seed
OR,2023,black,hisp,f,75-79,0.0676,synthetic_seed
OR,2023,black,hisp,m,80-84,0.0578,synthetic_seed
OR,2023,black,hisp,f,80-84,0.0294,synthetic_seed
OR,2023,black,hisp,m,85+,0.0194,synthetic_seed
OR,2023,black,hisp,f,85+,0.0097,synthetic_seed
OR,2023,asian,non-hisp,m,0-4,0.0,synthetic_seed
OR,2023,asian,non-hisp,f,0-4,0.0,synthetic_seed
OR,2023,asian,non-hisp,m,5-9,0.0,synthetic_seed
OR,2023,asian,non-hisp,f,5-9,0.0,synthetic_seed
OR,2023,asian,non-hisp,m,10-14,0.0,synthetic_seed
OR,2023,asian,non-hisp,f,10-14,0.0,synthetic_seed
OR,2023,asian,non-hisp,m,15-19,0.3761,synthetic_seed
OR,2023,asian,non-hisp,f,15-19,0.3323,synthetic_seed
OR,2023,asian,non-hisp,m,20-24,0.7445,synthetic_seed
OR,2023,asian,non-hisp,f,20-24,0.6982,synthetic_seed
OR,2023,asian,non-hisp,m,25-29,0.8864,synthetic_seed
OR,2023,asian,non-hisp,f,25-29,0.7649,synthetic_seed
OR,2023,asian,non-hisp,m,30-34,0.907,synthetic_seed
OR,2023,asian,non-hisp,f,30-34,0.7329,synthetic_seed
OR,2023,asian,non-hisp,m,35-39,0.9555,synthetic_seed
OR,2023,asian,non-hisp,f,35-39,0.7499,synthetic_seed
OR,2023,asian,non-hisp,m,40-44,0.9522,synthetic_seed
OR,2023,asian,non-hisp,f,40-44,0.7863,synthetic_seed
OR,2023,asian,non-hisp,m,45-49,0.8568,synthetic_seed
OR,2023,asian,non-hisp,f,45-49,0.7882,synthetic_seed
OR,2023,asian,non-hisp,m,50-54,0.8537,synthetic_seed
OR,2023,asian,non-hisp,f,50-54,0.7506,synthetic_seed
OR,2023,asian,non-hisp,m,55-59,0.7554,synthetic_seed
OR,2023,asian,non-hisp,f,55-59,0.6578,synthetic_seed
OR,2023,asian,non-hisp,m,60-64,0.624,synthetic_seed
OR,2023,asian,non-hisp,f,60-64,0.4973,synthetic_seed
OR,2023,asian,non-hisp,m,65-69,0.379,synthetic_seed
OR,2023,asian,non-hisp,f,65-69,0.2878,synthetic_seed
OR,2023,asian,non-hisp,m,70-74,0.2359,synthetic_seed
OR,2023,asian,non-hisp,f,70-74,0.1545,synthetic_seed
OR,2023,asian,non-hisp,m,75-79,0.1246,synthetic_seed
OR,2023,asian,non-hisp,f,75-79,0.0694,synthetic_seed
OR,2023,asian,non-hisp,m,80-84,0.063,synthetic_seed
OR,2023,asian,non-hisp,f,80-84,0.03,synthetic_seed
OR,2023,asian,non-hisp,m,85+,0.021,synthetic_seed
OR,2023,asian,non-hisp,f,85+,0.0104,synthetic_seed
OR,2023,asian,hisp,m,0-4,0.0,synthetic_seed
OR,2023,asian,hisp,f,0-4,0.0,synthetic_seed
OR,2023,asian,hisp,m,5-9,0.0,synthetic_seed
OR,2023,asian,hisp,f,5-9,0.0,synthetic_seed
OR,2023,asian,hisp,m,10-14,0.0,synthetic_seed
OR,2023,asian,hisp,f,10-14,0.0,synthetic_seed
OR,2023,asian,hisp,m,15-19,0.3795,synthetic_seed
OR,2023,asian,hisp,f,15-19,0.3243,synthetic_seed
OR,2023,asian,hisp,m,20-24,0.7535,synthetic_seed
OR,2023,asian,hisp,f,20-24,0.727,synthetic_seed
OR,2023,asian,hisp,m,25-29,0.8819,synthetic_seed
OR,2023,asian,hisp,f,25-29,0.7551,synthetic_seed
OR,2023,asian,hisp,m,30-34,0.9438,synthetic_seed
OR,2023,asian,hisp,f,30-34,0.7495,synthetic_seed
OR,2023,asian,hisp,m,35-39,0.927,synthetic_seed
OR,2023,asian,hisp,f,35-39,0.7584,synthetic_seed
OR,2023,asian,hisp,m,40-44,0.8912,synthetic_seed
OR,2023,asian,hisp,f,40-44,0.7643,synthetic_seed
OR,2023,asian,hisp,m,45-49,0.8794,synthetic_seed
OR,2023,asian,hisp,f,45-49,0.7895,synthetic_seed
OR,2023,asian,hisp,m,50-54,0.8476,synthetic_seed
OR,2023,asian,hisp,f,50-54,0.7476,synthetic_seed
OR,2023,asian,hisp,m,55-59,0.7819,synthetic_seed
OR,2023,asian,hisp,f,55-59,0.6705,synthetic_seed
OR,2023,asian,hisp,m,60-64,0.6107,synthetic_seed
OR,2023,asian,hisp,f,60-64,0.5257,synthetic_seed
OR,2023,asian,hisp,m,65-69,0.378,synthetic_seed
OR,2023,asian,hisp,f,65-69,0.286,synthetic_seed
OR,2023,asian,hisp,m,70-74,0.2421,synthetic_seed
OR,2023,asian,hisp,f,70-74,0.15,synthetic_seed
OR,2023,asian,hisp,m,75-79,0.1229,synthetic_seed
OR,2023,asian,hisp,f,75-79,0.0721,synthetic_seed
OR,2023,asian,hisp,m,80-84,0.0597,synthetic_seed
OR,2023,asian,hisp,f,80-84,0.0303,synthetic_seed
OR,2023,asian,hisp,m,85+,0.0205,synthetic_seed
OR,2023,asian,hisp,f,85+,0.0101,synthetic_seed
OR,2023,other,non-hisp,m,0-4,0.0,synthetic_seed
OR,2023,other,non-hisp,f,0-4,0.0,synthetic_seed
OR,2023,other,non-hisp,m,5-9,0.0,synthetic_seed
OR,2023,other,non-hisp,f,5-9,0.0,synthetic_seed
OR,2023,other,non-hisp,m,10-14,0.0,synthetic_seed
OR,2023,other,non-hisp,f,10-14,0.0,synthetic_seed
OR,2023,other,non-hisp,m,15-19,0.3599,synthetic_seed
OR,2023,other,non-hisp,f,15-19,0.3209,synthetic_seed
OR,2023,other,non-hisp,m,20-24,0.7447,synthetic_seed
OR,2023,other,non-hisp,f,20-24,0.7129,synthetic_seed
OR,2023,other,non-hisp,m,25-29,0.8785,synthetic_seed
OR,2023,other,non-hisp,f,25-29,0.746,synthetic_seed
OR,2023,other,non-hisp,m,30-34,0.9148,synthetic_seed
OR,2023,other,non-hisp,f,30-34,0.7439,synthetic_seed
OR,2023,other,non-hisp,m,35-39,0.8962,synthetic_seed
OR,2023,other,non-hisp,f,35-39,0.7561,synthetic_seed
OR,2023,other,non-hisp,m,40-44,0.8971,synthetic_seed
OR,2023,other,non-hisp,f,40-44,0.7873,synthetic_seed
OR,2023,other,non-hisp,m,45-49,0.8454,synthetic_seed
OR,2023,other,non-hisp,f,45-49,0.7464,synthetic_seed
OR,2023,other,non-hisp,m,50-54,0.8412,synthetic_seed
OR,2023,other,non-hisp,f,50-54,0.7498,synthetic_seed
OR,2023,other,non-hisp,m,55-59,0.7648,synthetic_seed
OR,2023,other,non-hisp,f,55-59,0.648,synthetic_seed
OR,2023,other,non-hisp,m,60-64,0.5948,synthetic_seed
OR,2023,other,non-hisp,f,60-64,0.4965,synthetic_seed
OR,2023,other,non-hisp,m,65-69,0.3712,synthetic_seed
OR,2023,other,non-hisp,f,65-69,0.2754,synthetic_seed
OR,2023,other,non-hisp,m,70-74,0.2253,synthetic_seed
OR,2023,other,non-hisp,f,70-74,0.1506,synthetic_seed
OR,2023,other,non-hisp,m,75-79,0.1213,synthetic_seed
OR,2023,other,non-hisp,f,75-79,0.0702,synthetic_seed
OR,2023,other,non-hisp,m,80-84,0.061,synthetic_seed
OR,2023,other,non-hisp,f,80-84,0.0303,synthetic_seed
OR,2023,other,non-hisp,m,85+,0.0194,synthetic_seed
OR,2023,other,non-hisp,f,85+,0.01,synthetic_seed
OR,2023,other,hisp,m,0-4,0.0,synthetic_seed
OR,2023,other,hisp,f,0-4,0.0,synthetic_seed
OR,2023,other,hisp,m,5-9,0.0,synthetic_seed
OR,2023,other,hisp,f,5-9,0.0,synthetic_seed
OR,2023,other,hisp,m,10-14,0.0,synthetic_seed
OR,2023,other,hisp,f,10-14,0.0,synthetic_seed
OR,2023,other,hisp,m,15-19,0.353,synthetic_seed
OR,2023,other,hisp,f,15-19,0.3373,synthetic_seed
OR,2023,other,hisp,m,20-24,0.7552,synthetic_seed
OR,2023,other,hisp,f,20-24,0.6886,synthetic_seed
OR,2023,other,hisp,m,25-29,0.8852,synthetic_seed
OR,2023,other,hisp,f,25-29,0.7336,synthetic_seed
OR,2023,other,hisp,m,30-34,0.91,synthetic_seed
OR,2023,other,hisp,f,30-34,0.7374,synthetic_seed
OR,2023,other,hisp,m,35-39,0.8792,synthetic_seed
OR,2023,other,hisp,f,35-39,0.7341,synthetic_seed
OR,2023,other,hisp,m,40-44,0.8908,synthetic_seed
OR,2023,other,hisp,f,40-44,0.7946,synthetic_seed
OR,2023,other,hisp,m,45-49,0.8616,synthetic_seed
OR,2023,other,hisp,f,45-49,0.7791,synthetic_seed
OR,2023,other,hisp,m,50-54,0.8131,synthetic_seed
OR,2023,other,hisp,f,50-54,0.7265,synthetic_seed
OR,2023,other,hisp,m,55-59,0.7417,synthetic_seed
OR,2023,other,hisp,f,55-59,0.6541,synthetic_seed
OR,2023,other,hisp,m,60-64,0.61,synthetic_seed
OR,2023,other,hisp,f,60-64,0.4961,synthetic_seed
OR,2023,other,hisp,m,65-69,0.3813,synthetic_seed
OR,2023,other,hisp,f,65-69,0.2743,synthetic_seed
OR,2023,other,hisp,m,70-74,0.2363,synthetic_seed
OR,2023,other,hisp,f,70-74,0.1529,synthetic_seed
OR,2023,other,hisp,m,75-79,0.1255,synthetic_seed
OR,2023,other,hisp,f,75-79,0.0684,synthetic_seed
OR,2023,other,hisp,m,80-84,0.0607,synthetic_seed
OR,2023,other,hisp,f,80-84,0.0291,synthetic_seed
OR,2023,other,hisp,m,85+,0.0201,synthetic_seed
OR,2023,other,hisp,f,85+,0.0098,synthetic_seed
PA,2023,white,non-hisp,m,0-4,0.0,synthetic_seed
PA,2023,white,non-hisp,f,0-4,0.0,synthetic_seed
PA,2023,white,non-hisp,m,5-9,0.0,synthetic_seed
PA,2023,white,non-hisp,f,5-9,0.0,synthetic_seed
PA,2023,white,non-hisp,m,10-14,0.0,synthetic_seed
PA,2023,white,non-hisp,f,10-14,0.0,synthetic_seed
PA,2023,white,non-hisp,m,15-19,0.3766,synthetic_seed
PA,2023,white,non-hisp,f,15-19,0.3166,synthetic_seed
PA,2023,white,non-hisp,m,20-24,0.769,synthetic_seed
PA,2023,white,non-hisp,f,20-24,0.7072,synthetic_seed
PA,2023,white,non-hisp,m,25-29,0.8831,synthetic_seed
PA,2023,white,non-hisp,f,25-29,0.7778,synthetic_seed
PA,2023,white,non-hisp,m,30-34,0.9279,synthetic_seed
PA,2023,white,non-hisp,f,30-34,0.7157,synthetic_seed
PA,2023,white,non-hisp,m,35-39,0.9177,synthetic_seed
PA,2023,white,non-hisp,f,35-39,0.7342,synthetic_seed
PA,2023,white,non-hisp,m,40-44,0.9048,synthetic_seed
PA,2023,white,non-hisp,f,40-44,0.7624,synthetic_seed
PA,2023,white,non-hisp,m,45-49,0.8674,synthetic_seed
PA,2023,white,non-hisp,f,45-49,0.7706,synthetic_seed
PA,2023,white,non-hisp,m,50-54,0.8603,synthetic_seed
PA,2023,white,non-hisp,f,50-54,0.7674,synthetic_seed
PA,2023,white,non-hisp,m,55-59,0.7426,synthetic_seed
PA,2023,white,non-hisp,f,55-59,0.628,synthetic_seed
PA,2023,white,non-hisp,m,60-64,0.6028,synthetic_seed
PA,2023,white,non-hisp,f,60-64,0.5035,synthetic_seed
PA,2023,white,non-hisp,m,65-69,0.3782,synthetic_seed
PA,2023,white,non-hisp,f,65-69,0.279,synthetic_seed
PA,2023,white,non-hisp,m,70-74,0.2364,synthetic_seed
PA,2023,white,non-hisp,f,70-74,0.1512,synthetic_seed
PA,2023,white,non-hisp,m,75-79,0.1169,synthetic_seed
PA,2023,white,non-hisp,f,75-79,0.068,synthetic_seed
PA,2023,white,non-hisp,m,80-84,0.0605,synthetic_seed
PA,2023,white,non-hisp,f,80-84,0.0298,synthetic_seed
PA,2023,white,non-hisp,m,85+,0.02,synthetic_seed
PA,2023,white,non-hisp,f,85+,0.0101,synthetic_seed
PA,2023,white,hisp,m,0-4,0.0,synthetic_seed
PA,2023,white,hisp,f,0-4,0.0,synthetic_seed
PA,2023,white,hisp,m,5-9,0.0,synthetic_seed
PA,2023,white,hisp,f,5-9,0.0,synthetic_seed
PA,2023,white,hisp,m,10-14,0.0,synthetic_seed
PA,2023,white,hisp,f,10-14,0.0,synthetic_seed
PA,2023,white,hisp,m,15-19,0.35,synthetic_seed
PA,2023,white,hisp,f,15-19,0.3255,synthetic_seed
PA,2023,white,hisp,m,20-24,0.7483,synthetic_seed
PA,2023,white,hisp,f,20-24,0.6935,synthetic_seed
PA,2023,white,hisp,m,25-29,0.8877,synthetic_seed
PA,2023,white,hisp,f,25-29,0.7489,synthetic_seed
PA,2023,white,hisp,m,30-34,0.8815,synthetic_seed
PA,2023,white,hisp,f,30-34,0.7214,synthetic_seed
PA,2023,white,hisp,m,35-39,0.9092,synthetic_seed
PA,2023,white,hisp,f,35-39,0.7514,synthetic_seed
PA,2023,white,hisp,m,40-44,0.9079,synthetic_seed
PA,2023,white,hisp,f,40-44,0.7597,synthetic_seed
PA,2023,white,hisp,m,45-49,0.8557,synthetic_seed
PA,2023,white,hisp,f,45-49,0.7594,synthetic_seed
PA,2023,white,hisp,m,50-54,0.8566,synthetic_seed
PA,2023,white,hisp,f,50-54,0.7388,synthetic_seed
PA,2023,white,hisp,m,55-59,0.7577,synthetic_seed
PA,2023,white,hisp,f,55-59,0.6589,synthetic_seed
PA,2023,white,hisp,m,60-64,0.5881,synthetic_seed
PA,2023,white,hisp,f,60-64,0.5049,synthetic_seed
PA,2023,white,hisp,m,65-69,0.3899,synthetic_seed
PA,2023,white,hisp,f,65-69,0.2776,synthetic_seed
PA,2023,white,hisp,m,70-74,0.2342,synthetic_seed
PA,2023,white,hisp,f,70-74,0.1474,synthetic_seed
PA,2023,white,hisp,m,75-79,0.1194,synthetic_seed
PA,2023,white,hisp,f,75-79,0.0725,synthetic_seed
PA,2023,white,hisp,m,80-84,0.0609,synthetic_seed
PA,2023,white,hisp,f,80-84,0.0297,synthetic_seed
PA,2023,white,hisp,m,85+,0.0201,synthetic_seed
PA,2023,white,hisp,f,85+,0.0103,synthetic_seed
PA,2023,black,non-hisp,m,0-4,0.0,synthetic_seed
PA,2023,black,non-hisp,f,0-4,0.0,synthetic_seed
PA,2023,black,non-hisp,m,5-9,0.0,synthetic_seed
PA,2023,black,non-hisp,f,5-9,0.0,synthetic_seed
PA,2023,black,non-hisp,m,10-14,0.0,synthetic_seed
PA,2023,black,non-hisp,f,10-14,0.0,synthetic_seed
PA,2023,black,non-hisp,m,15-19,0.3502,synthetic_seed
PA,2023,black,non-hisp,f,15-19,0.3066,synthetic_seed
PA,2023,black,non-hisp,m,20-24,0.7107,synthetic_seed
PA,2023,black,non-hisp,f,20-24,0.6867,synthetic_seed
PA,2023,black,non-hisp,m,25-29,0.8473,synthetic_seed
PA,2023,black,non-hisp,f,25-29,0.7271,synthetic_seed
PA,2023,black,non-hisp,m,30-34,0.8783,synthetic_seed
PA,2023,black,non-hisp,f,30-34,0.6928,synthetic_seed
PA,2023,black,non-hisp,m,35-39,0.841,synthetic_seed
PA,2023,black,non-hisp,f,35-39,0.7316,synthetic_seed
PA,2023,black,non-hisp,m,40-44,0.8744,synthetic_seed
PA,2023,black,non-hisp,f,40-44,0.7467,synthetic_seed
PA,2023,black,non-hisp,m,45-49,0.8456,synthetic_seed
PA,2023,black,non-hisp,f,45-49,0.7435,synthetic_seed
PA,2023,black,non-hisp,m,50-54,0.792,synthetic_seed
PA,2023,black,non-hisp,f,50-54,0.7057,synthetic_seed
PA,2023,black,non-hisp,m,55-59,0.7494,synthetic_seed
PA,2023,black,non-hisp,f,55-59,0.6158,synthetic_seed
PA,2023,black,non-hisp,m,60-64,0.5823,synthetic_seed
PA,2023,black,non-hisp,f,60-64,0.4998,synthetic_seed
PA,2023,black,non-hisp,m,65-69,0.3578,synthetic_seed
PA,2023,black,non-hisp,f,65-69,0.2761,synthetic_seed
PA,2023,black,non-hisp,m,70-74,0.2259,synthetic_seed
PA,2023,black,non-hisp,f,70-74,0.1482,synthetic_seed
PA,2023,black,non-hisp,m,75-79,0.1219,synthetic_seed
PA,2023,black,non-hisp,f,75-79,0.0671,synthetic_seed
PA,2023,black,non-hisp,m,80-84,0.0589,synthetic_seed
PA,2023,black,non-hisp,f,80-84,0.0281,synthetic_seed
PA,2023,black,non-hisp,m,85+,0.0185,synthetic_seed
PA,2023,black,non-hisp,f,85+,0.0096,synthetic_seed
PA,2023,black,hisp,m,0-4,0.0,synthetic_seed
PA,2023,black,hisp,f,0-4,0.0,synthetic_seed
PA,2023,black,hisp,m,5-9,0.0,synthetic_seed
PA,2023,black,hisp,f,5-9,0.0,synthetic_seed
PA,2023,black,hisp,m,10-14,0.0,synthetic_seed
PA,2023,black,hisp,f,10-14,0.0,synthetic_seed
PA,2023,black,hisp,m,15-19,0.3503,synthetic_seed
PA,2023,black,hisp,f,15-19,0.3096,synthetic_seed
PA,2023,black,hisp,m,20-24,0.7438,synthetic_seed
PA,2023,black,hisp,f,20-24,0.6787,synthetic_seed
PA,2023,black,hisp,m,25-29,0.8413,synthetic_seed
PA,2023,black,hisp,f,25-29,0.7325,synthetic_seed
PA,2023,black,hisp,m,30-34,0.8786,synthetic_seed
PA,2023,black,hisp,f,30-34,0.7356,synthetic_seed
PA,2023,black,hisp,m,35-39,0.8516,synthetic_seed
PA,2023,black,hisp,f,35-39,0.7126,synthetic_seed
PA,2023,black,hisp,m,40-44,0.8889,synthetic_seed
PA,2023,black,hisp,f,40-44,0.7656,synthetic_seed
PA,2023,black,hisp,m,45-49,0.8561,synthetic_seed
PA,2023,black,hisp,f,45-49,0.7204,synthetic_seed
PA,2023,black,hisp,m,50-54,0.7647,synthetic_seed
PA,2023,black,hisp,f,50-54,0.7173,synthetic_seed
PA,2023,black,hisp,m,55-59,0.7177,synthetic_seed
PA,2023,black,hisp,f,55-59,0.6193,synthetic_seed
PA,2023,black,hisp,m,60-64,0.5816,synthetic_seed
PA,2023,black,hisp,f,60-64,0.4754,synthetic_seed
PA,2023,black,hisp,m,65-69,0.3601,synthetic_seed
PA,2023,black,hisp,f,65-69,0.2693,synthetic_seed
PA,2023,black,hisp,m,70-74,0.2227,synthetic_seed
PA,2023,black,hisp,f,70-74,0.1452,synthetic_seed
PA,2023,black,hisp,m,75-79,0.1157,synthetic_seed
PA,2023,black,hisp,f,75-79,0.0682,synthetic_seed
PA,2023,black,hisp,m,80-84,0.0594,synthetic_seed
PA,2023,black,hisp,f,80-84,0.0294,synthetic_seed
PA,2023,black,hisp,m,85+,0.0193,synthetic_seed
PA,2023,black,hisp,f,85+,0.0094,synthetic_seed
PA,2023,asian,non-hisp,m,0-4,0.0,synthetic_seed
PA,2023,asian,non-hisp,f,0-4,0.0,synthetic_seed
PA,2023,asian,non-hisp,m,5-9,0.0,synthetic_seed
PA,2023,asian,non-hisp,f,5-9,0.0,synthetic_seed
PA,2023,asian,non-hisp,m,10-14,0.0,synthetic_seed
PA,2023,asian,non-hisp,f,10-14,0.0,synthetic_seed
PA,2023,asian,non-hisp,m,15-19,0.3655,synthetic_seed
PA,2023,asian,non-hisp,f,15-19,0.3164,synthetic_seed
PA,2023,asian,non-hisp,m,20-24,0.7612,synthetic_seed
PA,2023,asian,non-hisp,f,20-24,0.7335,synthetic_seed
PA,2023,asian,non-hisp,m,25-29,0.9138,synthetic_seed
PA,2023,asian,non-hisp,f,25-29,0.7631,synthetic_seed
PA,2023,asian,non-hisp,m,30-34,0.9037,synthetic_seed
PA,2023,asian,non-hisp,f,30-34,0.7446,synthetic_seed
PA,2023,asian,non-hisp,m,35-39,0.9191,synthetic_seed
PA,2023,asian,non-hisp,f,35-39,0.7507,synthetic_seed
PA,2023,asian,non-hisp,m,40-44,0.8903,synthetic_seed
PA,2023,asian,non-hisp,f,40-44,0.7793,synthetic_seed
PA,2023,asian,non-hisp,m,45-49,0.8961,synthetic_seed
PA,2023,asian,non-hisp,f,45-49,0.7795,synthetic_seed
PA,2023,asian,non-hisp,m,50-54,0.8453,synthetic_seed
PA,2023,asian,non-hisp,f,50-54,0.7641,synthetic_seed
PA,2023,asian,non-hisp,m,55-59,0.7613,synthetic_seed
PA,2023,asian,non-hisp,f,55-59,0.6623,synthetic_seed
PA,2023,asian,non-hisp,m,60-64,0.6156,synthetic_seed
PA,2023,asian,non-hisp,f,60-64,0.4948,synthetic_seed
PA,2023,asian,non-hisp,m,65-69,0.3919,synthetic_seed
PA,2023,asian,non-hisp,f,65-69,0.2938,synthetic_seed
PA,2023,asian,non-hisp,m,70-74,0.2307,synthetic_seed
PA,2023,asian,non-hisp,f,70-74,0.1495,synthetic_seed
PA,2023,asian,non-hisp,m,75-79,0.1233,synthetic_seed
PA,2023,asian,non-hisp,f,75-79,0.0731,synthetic_seed
PA,2023,asian,non-hisp,m,80-84,0.061,synthetic_seed
PA,2023,asian,non-hisp,f,80-84,0.0301,synthetic_seed
PA,2023,asian,non-hisp,m,85+,0.0209,synthetic_seed
PA,2023,asian,non-hisp,f,85+,0.0099,synthetic_seed
PA,2023,asian,hisp,m,0-4,0.0,synthetic_seed
PA,2023,asian,hisp,f,0-4,0.0,synthetic_seed
PA,2023,asian,hisp,m,5-9,0.0,synthetic_seed
PA,2023,asian,hisp,f,5-9,0.0,synthetic_seed
PA,2023,asian,hisp,m,10-14,0.0,synthetic_seed
PA,2023,asian,hisp,f,10-14,0.0,synthetic_seed
PA,2023,asian,hisp,m,15-19,0.3711,synthetic_seed
PA,2023,asian,hisp,f,15-19,0.3367,synthetic_seed
PA,2023,asian,hisp,m,20-24,0.7375,synthetic_seed
PA,2023,asian,hisp,f,20-24,0.7293,synthetic_seed
PA,2023,asian,hisp,m,25-29,0.9258,synthetic_seed
PA,2023,asian,hisp,f,25-29,0.763,synthetic_seed
PA,2023,asian,hisp,m,30-34,0.9424,synthetic_seed
PA,2023,asian,hisp,f,30-34,0.7553,synthetic_seed
PA,2023,asian,hisp,m,35-39,0.9405,synthetic_seed
PA,2023,asian,hisp,f,35-39,0.7531,synthetic_seed
PA,2023,asian,hisp,m,40-44,0.9248,synthetic_seed
PA,2023,asian,hisp,f,40-44,0.7642,synthetic_seed
PA,2023,asian,hisp,m,45-49,0.8867,synthetic_seed
PA,2023,asian,hisp,f,45-49,0.796,synthetic_seed
PA,2023,asian,hisp,m,50-54,0.8514,synthetic_seed
PA,2023,asian,hisp,f,50-54,0.7379,synthetic_seed
PA,2023,asian,hisp,m,55-59,0.7798,synthetic_seed
PA,2023,asian,hisp,f,55-59,0.6613,synthetic_seed
PA,2023,asian,hisp,m,60-64,0.6174,synthetic_seed
PA,2023,asian,hisp,f,60-64,0.5177,synthetic_seed
PA,2023,asian,hisp,m,65-69,0.3973,synthetic_seed
PA,2023,asian,hisp,f,65-69,0.2891,synthetic_seed
PA,2023,asian,hisp,m,70-74,0.2342,synthetic_seed
PA,2023,asian,hisp,f,70-74,0.1533,synthetic_seed
PA,2023,asian,hisp,m,75-79,0.1206,synthetic_seed
PA,2023,asian,hisp,f,75-79,0.0713,synthetic_seed
PA,2023,asian,hisp,m,80-84,0.0592,synthetic_seed
PA,2023,asian,hisp,f,80-84,0.0314,synthetic_seed
PA,2023,asian,hisp,m,85+,0.0206,synthetic_seed
PA,2023,asian,hisp,f,85+,0.0101,synthetic_seed
PA,2023,other,non-hisp,m,0-4,0.0,synthetic_seed
PA,2023,other,non-hisp,f,0-4,0.0,synthetic_seed
PA,2023,other,non-hisp,m,5-9,0.0,synthetic_seed
PA,2023,other,non-hisp,f,5-9,0.0,synthetic_seed
PA,2023,other,non-hisp,m,10-14,0.0,synthetic_seed
PA,2023,other,non-hisp,f,10-14,0.0,synthetic_seed
PA,2023,other,non-hisp,m,15-19,0.3468,synthetic_seed
PA,2023,other,non-hisp,f,15-19,0.3111,synthetic_seed
PA,2023,other,non-hisp,m,20-24,0.7676,synthetic_seed
PA,2023,other,non-hisp,f,20-24,0.7078,synthetic_seed
PA,2023,other,non-hisp,m,25-29,0.8846,synthetic_seed
PA,2023,other,non-hisp,f,25-29,0.7319,synthetic_seed
PA,2023,other,non-hisp,m,30-34,0.889,synthetic_seed
PA,2023,other,non-hisp,f,30-34,0.7438,synthetic_seed
PA,2023,other,non-hisp,m,35-39,0.939,synthetic_seed
PA,2023,other,non-hisp,f,35-39,0.7151,synthetic_seed
PA,2023,other,non-hisp,m,40-44,0.9304,synthetic_seed
PA,2023,other,non-hisp,f,40-44,0.7715,synthetic_seed
PA,2023,other,non-hisp,m,45-49,0.9167,synthetic_seed
PA,2023,other,non-hisp,f,45-49,0.7855,synthetic_seed
PA,2023,other,non-hisp,m,50-54,0.8326,synthetic_seed
PA,2023,other,non-hisp,f,50-54,0.7577,synthetic_seed
PA,2023,other,non-hisp,m,55-59,0.7692,synthetic_seed
PA,2023,other,non-hisp,f,55-59,0.6753,synthetic_seed
PA,2023,other,non-hisp,m,60-64,0.5971,synthetic_seed
PA,2023,other,non-hisp,f,60-64,0.5007,synthetic_seed
PA,2023,other,non-hisp,m,65-69,0.3852,synthetic_seed
PA,2023,other,non-hisp,f,65-69,0.2731,synthetic_seed
PA,2023,other,non-hisp,m,70-74,0.223,synthetic_seed
PA,2023,other,non-hisp,f,70-74,0.155,synthetic_seed
PA,2023,other,non-hisp,m,75-79,0.1206,synthetic_seed
PA,2023,other,non-hisp,f,75-79,0.0695,synthetic_seed
PA,2023,other,non-hisp,m,80-84,0.06,synthetic_seed
PA,2023,other,non-hisp,f,80-84,0.0303,synthetic_seed
PA,2023,other,non-hisp,m,85+,0.0207,synthetic_seed
PA,2023,other,non-hisp,f,85+,0.0099,synthetic_seed
PA,2023,other,hisp,m,0-4,0.0,synthetic_seed
PA,2023,other,hisp,f,0-4,0.0,synthetic_seed
PA,2023,other,hisp,m,5-9,0.0,synthetic_seed
PA,2023,other,hisp,f,5-9,0.0,synthetic_seed
PA,2023,other,hisp,m,10-14,0.0,synthetic_seed
PA,2023,other,hisp,f,10-14,0.0,synthetic_seed
PA,2023,other,hisp,m,15-19,0.3713,synthetic_seed
PA,2023,other,hisp,f,15-19,0.3121,synthetic_seed
PA,2023,other,hisp,m,20-24,0.7664,synthetic_seed
PA,2023,other,hisp,f,20-24,0.705,synthetic_seed
PA,2023,other,hisp,m,25-29,0.8869,synthetic_seed
PA,2023,other,hisp,f,25-29,0.7584,synthetic_seed
PA,2023,other,hisp,m,30-34,0.8967,synthetic_seed
PA,2023,other,hisp,f,30-34,0.7287,synthetic_seed
PA,2023,other,hisp,m,35-39,0.9062,synthetic_seed
PA,2023,other,hisp,f,35-39,0.7419,synthetic_seed
PA,2023,other,hisp,m,40-44,0.9387,synthetic_seed
PA,2023,other,hisp,f,40-44,0.7575,synthetic_seed
PA,2023,other,hisp,m,45-49,0.8744,synthetic_seed
PA,2023,other,hisp,f,45-49,0.7615,synthetic_seed
PA,2023,other,hisp,m,50-54,0.8087,synthetic_seed
PA,2023,other,hisp,f,50-54,0.7444,synthetic_seed
PA,2023,other,hisp,m,55-59,0.782,synthetic_seed
PA,2023,other,hisp,f,55-59,0.6525,synthetic_seed
PA,2023,other,hisp,m,60-64,0.5974,synthetic_seed
PA,2023,other,hisp,f,60-64,0.4909,synthetic_seed
PA,2023,other,hisp,m,65-69,0.3785,synthetic_seed
PA,2023,other,hisp,f,65-69,0.2745,synthetic_seed
PA,2023,other,hisp,m,70-74,0.2306,synthetic_seed
PA,2023,other,hisp,f,70-74,0.1473,synthetic_seed
PA,2023,other,hisp,m,75-79,0.1224,synthetic_seed
PA,2023,other,hisp,f,75-79,0.069,synthetic_seed
PA,2023,other,hisp,m,80-84,0.0591,synthetic_seed
PA,2023,other,hisp,f,80-84,0.0305,synthetic_seed
PA,2023,other,hisp,m,85+,0.02,synthetic_seed
PA,2023,other,hisp,f,85+,0.0101,synthetic_seed
RI,2023,white,non-hisp,m,0-4,0.0,synthetic_seed
RI,2023,white,non-hisp,f,0-4,0.0,synthetic_seed
RI,2023,white,non-hisp,m,5-9,0.0,synthetic_seed
RI,2023,white,non-hisp,f,5-9,0.0,synthetic_seed
RI,2023,white,non-hisp,m,10-14,0.0,synthetic_seed
RI,2023,white,non-hisp,f,10-14,0.0,synthetic_seed
RI,2023,white,non-hisp,m,15-19,0.3668,synthetic_seed
RI,2023,white,non-hisp,f,15-19,0.3185,synthetic_seed
RI,2023,white,non-hisp,m,20-24,0.7783,synthetic_seed
RI,2023,white,non-hisp,f,20-24,0.7112,synthetic_seed
RI,2023,white,non-hisp,m,25-29,0.9025,synthetic_seed
RI,2023,white,non-hisp,f,25-29,0.7408,synthetic_seed
RI,2023,white,non-hisp,m,30-34,0.8755,synthetic_seed
RI,2023,white,non-hisp,f,30-34,0.7133,synthetic_seed
RI,2023,white,non-hisp,m,35-39,0.8826,synthetic_seed
RI,2023,white,non-hisp,f,35-39,0.7488,synthetic_seed
RI,2023,white,non-hisp,m,40-44,0.9138,synthetic_seed
RI,2023,white,non-hisp,f,40-44,0.7868,synthetic_seed
RI,2023,white,non-hisp,m,45-49,0.8911,synthetic_seed
RI,2023,white,non-hisp,f,45-49,0.7538,synthetic_seed
RI,2023,white,non-hisp,m,50-54,0.8421,synthetic_seed
RI,2023,white,non-hisp,f,50-54,0.7431,synthetic_seed
RI,2023,white,non-hisp,m,55-59,0.7346,synthetic_seed
RI,2023,white,non-hisp,f,55-59,0.639,synthetic_seed
RI,2023,white,non-hisp,m,60-64,0.5962,synthetic_seed
RI,2023,white,non-hisp,f,60-64,0.5103,synthetic_seed
RI,2023,white,non-hisp,m,65-69,0.3797,synthetic_seed
RI,2023,white,non-hisp,f,65-69,0.2895,synthetic_seed
RI,2023,white,non-hisp,m,70-74,0.219,synthetic_seed
RI,2023,white,non-hisp,f,70-74,0.1504,synthetic_seed
RI,2023,white,non-hisp,m,75-79,0.1217,synthetic_seed
RI,2023,white,non-hisp,f,75-79,0.0705,synthetic_seed
RI,2023,white,non-hisp,m,80-84,0.0586,synthetic_seed
RI,2023,white,non-hisp,f,80-84,0.0299,synthetic_seed
RI,2023,white,non-hisp,m,85+,0.0202,synthetic_seed
RI,2023,white,non-hisp,f,85+,0.0104,synthetic_seed
RI,2023,white,hisp,m,0-4,0.0,synthetic_seed
RI,2023,white,hisp,f,0-4,0.0,synthetic_seed
RI,2023,white,hisp,m,5-9,0.0,synthetic_seed
RI,2023,white,hisp,f,5-9,0.0,synthetic_seed
RI,2023,white,hisp,m,10-14,0.0,synthetic_seed
RI,2023,white,hisp,f,10-14,0.0,synthetic_seed
RI,2023,white,hisp,m,15-19,0.362,synthetic_seed
RI,2023,white,hisp,f,15-19,0.3208,synthetic_seed
RI,2023,white,hisp,m,20-24,0.7785,synthetic_seed
RI,2023,white,hisp,f,20-24,0.6894,synthetic_seed
RI,2023,white,hisp,m,25-29,0.8935,synthetic_seed
RI,2023,white,hisp,f,25-29,0.7725,synthetic_seed
RI,2023,white,hisp,m,30-34,0.8775,synthetic_seed
RI,2023,white,hisp,f,30-34,0.7047,synthetic_seed
RI,2023,white,hisp,m,35-39,0.9192,synthetic_seed
RI,2023,white,hisp,f,35-39,0.736,synthetic_seed
RI,2023,white,hisp,m,40-44,0.8966,synthetic_seed
RI,2023,white,hisp,f,40-44,0.7642,synthetic_seed
RI,2023,white,hisp,m,45-49,0.8459,synthetic_seed
RI,2023,white,hisp,f,45-49,0.7744,synthetic_seed
RI,2023,white,hisp,m,50-54,0.8389,synthetic_seed
RI,2023,white,hisp,f,50-54,0.712,synthetic_seed
RI,2023,white,hisp,m,55-59,0.7468,synthetic_seed
RI,2023,white,hisp,f,55-59,0.6448,synthetic_seed
RI,2023,white,hisp,m,60-64,0.6096,synthetic_seed
RI,2023,white,hisp,f,60-64,0.493,synthetic_seed
RI,2023,white,hisp,m,65-69,0.3817,synthetic_seed
RI,2023,white,hisp,f,65-69,0.2788,synthetic_seed
RI,2023,white,hisp,m,70-74,0.2266,synthetic_seed
RI,2023,white,hisp,f,70-74,0.1496,synthetic_seed
RI,2023,white,hisp,m,75-79,0.1174,synthetic_seed
RI,2023,white,hisp,f,75-79,0.0683,synthetic_seed
RI,2023,white,hisp,m,80-84,0.0604,synthetic_seed
RI,2023,white,hisp,f,80-84,0.0298,synthetic_seed
RI,2023,white,hisp,m,85+,0.0195,synthetic_seed
RI,2023,white,hisp,f,85+,0.0099,synthetic_seed
RI,2023,black,non-hisp,m,0-4,0.0,synthetic_seed
RI,2023,black,non-hisp,f,0-4,0.0,synthetic_seed
RI,2023,black,non-hisp,m,5-9,0.0,synthetic_seed
RI,2023,black,non-hisp,f,5-9,0.0,synthetic_seed
RI,2023,black,non-hisp,m,10-14,0.0,synthetic_seed
RI,2023,black,non-hisp,f,10-14,0.0,synthetic_seed
RI,2023,black,non-hisp,m,15-19,0.3403,synthetic_seed
RI,2023,black,non-hisp,f,15-19,0.3215,synthetic_seed
RI,2023,black,non-hisp,m,20-24,0.7272,synthetic_seed
RI,2023,black,non-hisp,f,20-24,0.6598,synthetic_seed
RI,2023,black,non-hisp,m,25-29,0.8384,synthetic_seed
RI,2023,black,non-hisp,f,25-29,0.7235,synthetic_seed
RI,2023,black,non-hisp,m,30-34,0.8774,synthetic_seed
RI,2023,black,non-hisp,f,30-34,0.6899,synthetic_seed
RI,2023,black,non-hisp,m,35-39,0.8627,synthetic_seed
RI,2023,black,non-hisp,f,35-39,0.7119,synthetic_seed
RI,2023,black,non-hisp,m,40-44,0.8593,synthetic_seed
RI,2023,black,non-hisp,f,40-44,0.7919,synthetic_seed
RI,2023,black,non-hisp,m,45-49,0.8415,synthetic_seed
RI,2023,black,non-hisp,f,45-49,0.7371,synthetic_seed
RI,2023,black,non-hisp,m,50-54,0.8075,synthetic_seed
RI,2023,black,non-hisp,f,50-54,0.7307,synthetic_seed
RI,2023,black,non-hisp,m,55-59,0.699,synthetic_seed
RI,2023,black,non-hisp,f,55-59,0.6454,synthetic_seed
RI,2023,black,non-hisp,m,60-64,0.5892,synthetic_seed
RI,2023,black,non-hisp,f,60-64,0.4756,synthetic_seed
RI,2023,black,non-hisp,m,65-69,0.3755,synthetic_seed
RI,2023,black,non-hisp,f,65-69,0.2739,synthetic_seed
RI,2023,black,non-hisp,m,70-74,0.2207,synthetic_seed
RI,2023,black,non-hisp,f,70-74,0.1415,synthetic_seed
RI,2023,black,non-hisp,m,75-79,0.1165,synthetic_seed
RI,2023,black,non-hisp,f,75-79,0.0686,synthetic_seed
RI,2023,black,non-hisp,m,80-84,0.0589,synthetic_seed
RI,2023,black,non-hisp,f,80-84,0.0291,synthetic_seed
RI,2023,black,non-hisp,m,85+,0.0195,synthetic_seed
RI,2023,black,non-hisp,f,85+,0.0097,synthetic_seed
RI,2023,black,hisp,m,0-4,0.0,synthetic_seed
RI,2023,black,hisp,f,0-4,0.0,synthetic_seed
RI,2023,black,hisp,m,5-9,0.0,synthetic_seed
RI,2023,black,hisp,f,5-9,0.0,synthetic_seed
RI,2023,black,hisp,m,10-14,0.0,synthetic_seed
RI,2023,black,hisp,f,10-14,0.0,synthetic_seed
RI,2023,black,hisp,m,15-19,0.3493,synthetic_seed
RI,2023,black,hisp,f,15-19,0.3128,synthetic_seed
RI,2023,black,hisp,m,20-24,0.7137,synthetic_seed
RI,2023,black,hisp,f,20-24,0.6696,synthetic_seed
RI,2023,black,hisp,m,25-29,0.8287,synthetic_seed
RI,2023,black,hisp,f,25-29,0.7328,synthetic_seed
RI,2023,black,hisp,m,30-34,0.8967,synthetic_seed
RI,2023,black,hisp,f,30-34,0.7114,synthetic_seed
RI,2023,black,hisp,m,35-39,0.8842,synthetic_seed
RI,2023,black,hisp,f,35-39,0.7118,synthetic_seed
RI,2023,black,hisp,m,40-44,0.8779,synthetic_seed
RI,2023,black,hisp,f,40-44,0.7246,synthetic_seed
RI,2023,black,hisp,m,45-49,0.8401,synthetic_seed
RI,2023,black,hisp,f,45-49,0.7227,synthetic_seed
RI,2023,black,hisp,m,50-54,0.8124,synthetic_seed
RI,2023,black,hisp,f,50-54,0.7247,synthetic_seed
RI,2023,black,hisp,m,55-59,0.7294,synthetic_seed
RI,2023,black,hisp,f,55-59,0.6059,synthetic_seed
RI,2023,black,hisp,m,60-64,0.6021,synthetic_seed
RI,2023,black,hisp,f,60-64,0.4987,synthetic_seed
RI,2023,black,hisp,m,65-69,0.3526,synthetic_seed
RI,2023,black,hisp,f,65-69,0.2718,synthetic_seed
RI,2023,black,hisp,m,70-74,0.2208,synthetic_seed
RI,2023,black,hisp,f,70-74,0.1463,synthetic_seed
RI,2023,black,hisp,m,75-79,0.1137,synthetic_seed
RI,2023,black,hisp,f,75-79,0.0711,synthetic_seed
RI,2023,black,hisp,m,80-84,0.0607,synthetic_seed
RI,2023,black,hisp,f,80-84,0.0283,synthetic_seed
RI,2023,black,hisp,m,85+,0.02,synthetic_seed
RI,2023,black,hisp,f,85+,0.0096,synthetic_seed
RI,2023,asian,non-hisp,m,0-4,0.0,synthetic_seed
RI,2023,asian,non-hisp,f,0-4,0.0,synthetic_seed
RI,2023,asian,non-hisp,m,5-9,0.0,synthetic_seed
RI,2023,asian,non-hisp,f,5-9,0.0,synthetic_seed
RI,2023,asian,non-hisp,m,10-14,0.0,synthetic_seed
RI,2023,asian,non-hisp,f,10-14,0.0,synthetic_seed
RI,2023,asian,non-hisp,m,15-19,0.3767,synthetic_seed
RI,2023,asian,non-hisp,f,15-19,0.3328,synthetic_seed
RI,2023,asian,non-hisp,m,20-24,0.7511,synthetic_seed
RI,2023,asian,non-hisp,f,20-24,0.7222,synthetic_seed
RI,2023,asian,non-hisp,m,25-29,0.9216,synthetic_seed
RI,2023,asian,non-hisp,f,25-29,0.7258,synthetic_seed
RI,2023,asian,non-hisp,m,30-34,0.9079,synthetic_seed
RI,2023,asian,non-hisp,f,30-34,0.734,synthetic_seed
RI,2023,asian,non-hisp,m,35-39,0.9271,synthetic_seed
RI,2023,asian,non-hisp,f,35-39,0.7367,synthetic_seed
RI,2023,asian,non-hisp,m,40-44,0.9125,synthetic_seed
RI,2023,asian,non-hisp,f,40-44,0.7698,synthetic_seed
RI,2023,asian,non-hisp,m,45-49,0.8718,synthetic_seed
RI,2023,asian,non-hisp,f,45-49,0.7747,synthetic_seed
RI,2023,asian,non-hisp,m,50-54,0.8155,synthetic_seed
RI,2023,asian,non-hisp,f,50-54,0.7599,synthetic_seed
RI,2023,asian,non-hisp,m,55-59,0.762,synthetic_seed
RI,2023,asian,non-hisp,f,55-59,0.648,synthetic_seed
RI,2023,asian,non-hisp,m,60-64,0.6183,synthetic_seed
RI,2023,asian,non-hisp,f,60-64,0.5253,synthetic_seed
RI,2023,asian,non-hisp,m,65-69,0.375,synthetic_seed
RI,2023,asian,non-hisp,f,65-69,0.2959,synthetic_seed
RI,2023,asian,non-hisp,m,70-74,0.2337,synthetic_seed
RI,2023,asian,non-hisp,f,70-74,0.1515,synthetic_seed
RI,2023,asian,non-hisp,m,75-79,0.1222,synthetic_seed
RI,2023,asian,non-hisp,f,75-79,0.07,synthetic_seed
RI,2023,asian,non-hisp,m,80-84,0.0606,synthetic_seed
RI,2023,asian,non-hisp,f,80-84,0.0309,synthetic_seed
RI,2023,asian,non-hisp,m,85+,0.0214,synthetic_seed
RI,2023,asian,non-hisp,f,85+,0.0099,synthetic_seed
RI,2023,asian,hisp,m,0-4,0.0,synthetic_seed
RI,2023,asian,hisp,f,0-4,0.0,synthetic_seed
RI,2023,asian,hisp,m,5-9,0.0,synthetic_seed
RI,2023,asian,hisp,f,5-9,0.0,synthetic_seed
RI,2023,asian,hisp,m,10-14,0.0,synthetic_seed
RI,2023,asian,hisp,f,10-14,0.0,synthetic_seed
RI,2023,asian,hisp,m,15-19,0.3561,synthetic_seed
RI,2023,asian,hisp,f,15-19,0.3272,synthetic_seed
RI,2023,asian,hisp,m,20-24,0.7593,synthetic_seed
RI,2023,asian,hisp,f,20-24,0.7228,synthetic_seed
RI,2023,asian,hisp,m,25-29,0.9066,synthetic_seed
RI,2023,asian,hisp,f,25-29,0.7454,synthetic_seed
RI,2023,asian,hisp,m,30-34,0.9271,synthetic_seed
RI,2023,asian,hisp,f,30-34,0.7581,synthetic_seed
RI,2023,asian,hisp,m,35-39,0.9198,synthetic_seed
RI,2023,asian,hisp,f,35-39,0.7487,synthetic_seed
RI,2023,asian,hisp,m,40-44,0.9323,synthetic_seed
RI,2023,asian,hisp,f,40-44,0.8215,synthetic_seed
RI,2023,asian,hisp,m,45-49,0.8803,synthetic_seed
RI,2023,asian,hisp,f,45-49,0.7775,synthetic_seed
RI,2023,asian,hisp,m,50-54,0.8552,synthetic_seed
RI,2023,asian,hisp,f,50-54,0.7442,synthetic_seed
RI,2023,asian,hisp,m,55-59,0.7423,synthetic_seed
RI,2023,asian,hisp,f,55-59,0.6571,synthetic_seed
RI,2023,asian,hisp,m,60-64,0.618,synthetic_seed
RI,2023,asian,hisp,f,60-64,0.5078,synthetic_seed
RI,2023,asian,hisp,m,65-69,0.3812,synthetic_seed
RI,2023,asian,hisp,f,65-69,0.2829,synthetic_seed
RI,2023,asian,hisp,m,70-74,0.2335,synthetic_seed
RI,2023,asian,hisp,f,70-74,0.1501,synthetic_seed
RI,2023,asian,hisp,m,75-79,0.1233,synthetic_seed
RI,2023,asian,hisp,f,75-79,0.0726,synthetic_seed
RI,2023,asian,hisp,m,80-84,0.0618,synthetic_seed
RI,2023,asian,hisp,f,80-84,0.0308,synthetic_seed
RI,2023,asian,hisp,m,85+,0.0206,synthetic_seed
RI,2023,asian,hisp,f,85+,0.0105,synthetic_seed
RI,2023,other,non-hisp,m,0-4,0.0,synthetic_seed
RI,2023,other,non-hisp,f,0-4,0.0,synthetic_seed
RI,2023,other,non-hisp,m,5-9,0.0,synthetic_seed
RI,2023,other,non-hisp,f,5-9,0.0,synthetic_seed
RI,2023,other,non-hisp,m,10-14,0.0,synthetic_seed
RI,2023,other,non-hisp,f,10-14,0.0,synthetic_seed
RI,2023,other,non-hisp,m,15-19,0.3491,synthetic_seed
RI,2023,other,non-hisp,f,15-19,0.3191,synthetic_seed
RI,2023,other,non-hisp,m,20-24,0.7183,synthetic_seed
RI,2023,other,non-hisp,f,20-24,0.6967,synthetic_seed
RI,2023,other,non-hisp,m,25-29,0.8933,synthetic_seed
RI,2023,other,non-hisp,f,25-29,0.7237,synthetic_seed
RI,2023,other,non-hisp,m,30-34,0.8994,synthetic_seed
RI,2023,other,non-hisp,f,30-34,0.7194,synthetic_seed
RI,2023,other,non-hisp,m,35-39,0.8925,synthetic_seed
RI,2023,other,non-hisp,f,35-39,0.7033,synthetic_seed
RI,2023,other,non-hisp,m,40-44,0.9022,synthetic_seed
RI,2023,other,non-hisp,f,40-44,0.7659,synthetic_seed
RI,2023,other,non-hisp,m,45-49,0.8744,synthetic_seed
RI,2023,other,non-hisp,f,45-49,0.7824,synthetic_seed
RI,2023,other,non-hisp,m,50-54,0.8554,synthetic_seed
RI,2023,other,non-hisp,f,50-54,0.7454,synthetic_seed
RI,2023,other,non-hisp,m,55-59,0.7786,synthetic_seed
RI,2023,other,non-hisp,f,55-59,0.6539,synthetic_seed
RI,2023,other,non-hisp,m,60-64,0.5982,synthetic_seed
RI,2023,other,non-hisp,f,60-64,0.4989,synthetic_seed
RI,2023,other,non-hisp,m,65-69,0.3652,synthetic_seed
RI,2023,other,non-hisp,f,65-69,0.2816,synthetic_seed
RI,2023,other,non-hisp,m,70-74,0.2247,synthetic_seed
RI,2023,other,non-hisp,f,70-74,0.1615,synthetic_seed
RI,2023,other,non-hisp,m,75-79,0.1186,synthetic_seed
RI,2023,other,non-hisp,f,75-79,0.0686,synthetic_seed
RI,2023,other,non-hisp,m,80-84,0.0598,synthetic_seed
RI,2023,other,non-hisp,f,80-84,0.0309,synthetic_seed
RI,2023,other,non-hisp,m,85+,0.02,synthetic_seed
RI,2023,other,non-hisp,f,85+,0.0099,synthetic_seed
RI,2023,other,hisp,m,0-4,0.0,synthetic_seed
RI,2023,other,hisp,f,0-4,0.0,synthetic_seed
RI,2023,other,hisp,m,5-9,0.0,synthetic_seed
RI,2023,other,hisp,f,5-9,0.0,synthetic_seed
RI,2023,other,hisp,m,10-14,0.0,synthetic_seed
RI,2023,other,hisp,f,10-14,0.0,synthetic_seed
RI,2023,other,hisp,m,15-19,0.344,synthetic_seed
RI,2023,other,hisp,f,15-19,0.3206,synthetic_seed
RI,2023,other,hisp,m,20-24,0.781,synthetic_seed
RI,2023,other,hisp,f,20-24,0.6946,synthetic_seed
RI,2023,other,hisp,m,25-29,0.9011,synthetic_seed
RI,2023,other,hisp,f,25-29,0.7415,synthetic_seed
RI,2023,other,hisp,m,30-34,0.9158,synthetic_seed
RI,2023,other,hisp,f,30-34,0.7294,synthetic_seed
RI,2023,other,hisp,m,35-39,0.9354,synthetic_seed
RI,2023,other,hisp,f,35-39,0.7413,synthetic_seed
RI,2023,other,hisp,m,40-44,0.9195,synthetic_seed
RI,2023,other,hisp,f,40-44,0.7928,synthetic_seed
RI,2023,other,hisp,m,45-49,0.875,synthetic_seed
RI,2023,other,hisp,f,45-49,0.7625,synthetic_seed
RI,2023,other,hisp,m,50-54,0.8237,synthetic_seed
RI,2023,other,hisp,f,50-54,0.711,synthetic_seed
RI,2023,other,hisp,m,55-59,0.7497,synthetic_seed
RI,2023,other,hisp,f,55-59,0.6413,synthetic_seed
RI,2023,other,hisp,m,60-64,0.5924,synthetic_seed
RI,2023,other,hisp,f,60-64,0.5019,synthetic_seed
RI,2023,other,hisp,m,65-69,0.3939,synthetic_seed
RI,2023,other,hisp,f,65-69,0.2781,synthetic_seed
RI,2023,other,hisp,m,70-74,0.225,synthetic_seed
RI,2023,other,hisp,f,70-74,0.1511,synthetic_seed
RI,2023,other,hisp,m,75-79,0.1225,synthetic_seed
RI,2023,other,hisp,f,75-79,0.0701,synthetic_seed
RI,2023,other,hisp,m,80-84,0.0609,synthetic_seed
RI,2023,other,hisp,f,80-84,0.0293,synthetic_seed
RI,2023,other,hisp,m,85+,0.0204,synthetic_seed
RI,2023,other,hisp,f,85+,0.0102,synthetic_seed
SC,2023,white,non-hisp,m,0-4,0.0,synthetic_seed
SC,2023,white,non-hisp,f,0-4,0.0,synthetic_seed
SC,2023,white,non-hisp,m,5-9,0.0,synthetic_seed
SC,2023,white,non-hisp,f,5-9,0.0,synthetic_seed
SC,2023,white,non-hisp,m,10-14,0.0,synthetic_seed
SC,2023,white,non-hisp,f,10-14,0.0,synthetic_seed
SC,2023,white,non-hisp,m,15-19,0.3624,synthetic_seed
SC,2023,white,non-hisp,f,15-19,0.3049,synthetic_seed
SC,2023,white,non-hisp,m,20-24,0.768,synthetic_seed
SC,2023,white,non-hisp,f,20-24,0.7306,synthetic_seed
SC,2023,white,non-hisp,m,25-29,0.8744,synthetic_seed
SC,2023,white,non-hisp,f,25-29,0.7668,synthetic_seed
SC,2023,white,non-hisp,m,30-34,0.8981,synthetic_seed
SC,2023,white,non-hisp,f,30-34,0.7294,synthetic_seed
SC,2023,white,non-hisp,m,35-39,0.9251,synthetic_seed
SC,2023,white,non-hisp,f,35-39,0.7398,synthetic_seed
SC,2023,white,non-hisp,m,40-44,0.9307,synthetic_seed
SC,2023,white,non-hisp,f,40-44,0.7394,synthetic_seed
SC,2023,white,non-hisp,m,45-49,0.8493,synthetic_seed
SC,2023,white,non-hisp,f,45-49,0.7645,synthetic_seed
SC,2023,white,non-hisp,m,50-54,0.8564,synthetic_seed
SC,2023,white,non-hisp,f,50-54,0.7233,synthetic_seed
SC,2023,white,non-hisp,m,55-59,0.7632,synthetic_seed
SC,2023,white,non-hisp,f,55-59,0.6349,synthetic_seed
SC,2023,white,non-hisp,m,60-64,0.5889,synthetic_seed
SC,2023,white,non-hisp,f,60-64,0.5019,synthetic_seed
SC,2023,white,non-hisp,m,65-69,0.3787,synthetic_seed
SC,2023,white,non-hisp,f,65-69,0.2794,synthetic_seed
SC,2023,white,non-hisp,m,70-74,0.2301,synthetic_seed
SC,2023,white,non-hisp,f,70-74,0.1471,synthetic_seed
SC,2023,white,non-hisp,m,75-79,0.1161,synthetic_seed
SC,2023,white,non-hisp,f,75-79,0.0701,synthetic_seed
SC,2023,white,non-hisp,m,80-84,0.062,synthetic_seed
SC,2023,white,non-hisp,f,80-84,0.0291,synthetic_seed
SC,2023,white,non-hisp,m,85+,0.0196,synthetic_seed
SC,2023,white,non-hisp,f,85+,0.0101,synthetic_seed
SC,2023,white,hisp,m,0-4,0.0,synthetic_seed
SC,2023,white,hisp,f,0-4,0.0,synthetic_seed
SC,2023,white,hisp,m,5-9,0.0,synthetic_seed
SC,2023,white,hisp,f,5-9,0.0,synthetic_seed
SC,2023,white,hisp,m,10-14,0.0,synthetic_seed
SC,2023,white,hisp,f,10-14,0.0,synthetic_seed
SC,2023,white,hisp,m,15-19,0.364,synthetic_seed
SC,2023,white,hisp,f,15-19,0.3289,synthetic_seed
SC,2023,white,hisp,m,20-24,0.7739,synthetic_seed
SC,2023,white,hisp,f,20-24,0.7094,synthetic_seed
SC,2023,white,hisp,m,25-29,0.8895,synthetic_seed
SC,2023,white,hisp,f,25-29,0.7643,synthetic_seed
SC,2023,white,hisp,m,30-34,0.9035,synthetic_seed
SC,2023,white,hisp,f,30-34,0.7559,synthetic_seed
SC,2023,white,hisp,m,35-39,0.9398,synthetic_seed
SC,2023,white,hisp,f,35-39,0.7237,synthetic_seed
SC,2023,white,hisp,m,40-44,0.9122,synthetic_seed
SC,2023,white,hisp,f,40-44,0.7895,synthetic_seed
SC,2023,white,hisp,m,45-49,0.8729,synthetic_seed
SC,2023,white,hisp,f,45-49,0.808,synthetic_seed
SC,2023,white,hisp,m,50-54,0.8609,synthetic_seed
SC,2023,white,hisp,f,50-54,0.7538,synthetic_seed
SC,2023,white,hisp,m,55-59,0.7531,synthetic_seed
SC,2023,white,hisp,f,55-59,0.6519,synthetic_seed
SC,2023,white,hisp,m,60-64,0.5993,synthetic_seed
SC,2023,white,hisp,f,60-64,0.5053,synthetic_seed
SC,2023,white,hisp,m,65-69,0.378,synthetic_seed
SC,2023,white,hisp,f,65-69,0.2872,synthetic_seed
SC,2023,white,hisp,m,70-74,0.2376,synthetic_seed
SC,2023,white,hisp,f,70-74,0.1499,synthetic_seed
SC,2023,white,hisp,m,75-79,0.12,synthetic_seed
SC,2023,white,hisp,f,75-79,0.0693,synthetic_seed
SC,2023,white,hisp,m,80-84,0.0594,synthetic_seed
SC,2023,white,hisp,f,80-84,0.0295,synthetic_seed
SC,2023,white,hisp,m,85+,0.0193,synthetic_seed
SC,2023,white,hisp,f,85+,0.0101,synthetic_seed
SC,2023,black,non-hisp,m,0-4,0.0,synthetic_seed
SC,2023,black,non-hisp,f,0-4,0.0,synthetic_seed
SC,2023,black,non-hisp,m,5-9,0.0,synthetic_seed
SC,2023,black,non-hisp,f,5-9,0.0,synthetic_seed
SC,2023,black,non-hisp,m,10-14,0.0,synthetic_seed
SC,2023,black,non-hisp,f,10-14,0.0,synthetic_seed
SC,2023,black,non-hisp,m,15-19,0.3599,synthetic_seed
SC,2023,black,non-hisp,f,15-19,0.311,synthetic_seed
SC,2023,black,non-hisp,m,20-24,0.7094,synthetic_seed
SC,2023,black,non-hisp,f,20-24,0.6857,synthetic_seed
SC,2023,black,non-hisp,m,25-29,0.8406,synthetic_seed
SC,2023,black,non-hisp,f,25-29,0.7219,synthetic_seed
SC,2023,black,non-hisp,m,30-34,0.8792,synthetic_seed
SC,2023,black,non-hisp,f,30-34,0.6996,synthetic_seed
SC,2023,black,non-hisp,m,35-39,0.8894,synthetic_seed
SC,2023,black,non-hisp,f,35-39,0.7003,synthetic_seed
SC,2023,black,non-hisp,m,40-44,0.8584,synthetic_seed
SC,2023,black,non-hisp,f,40-44,0.7646,synthetic_seed
SC,2023,black,non-hisp,m,45-49,0.8426,synthetic_seed
SC,2023,black,non-hisp,f,45-49,0.7184,synthetic_seed
SC,2023,black,non-hisp,m,50-54,0.7939,synthetic_seed
SC,2023,black,non-hisp,f,50-54,0.7274,synthetic_seed
SC,2023,black,non-hisp,m,55-59,0.7391,synthetic_seed
SC,2023,black,non-hisp,f,55-59,0.6379,synthetic_seed
SC,2023,black,non-hisp,m,60-64,0.5785,synthetic_seed
SC,2023,black,non-hisp,f,60-64,0.4731,synthetic_seed
SC,2023,black,non-hisp,m,65-69,0.3682,synthetic_seed
SC,2023,black,non-hisp,f,65-69,0.2721,synthetic_seed
SC,2023,black,non-hisp,m,70-74,0.2202,synthetic_seed
SC,2023,black,non-hisp,f,70-74,0.1466,synthetic_seed
SC,2023,black,non-hisp,m,75-79,0.1155,synthetic_seed
SC,2023,black,non-hisp,f,75-79,0.0686,synthetic_seed
SC,2023,black,non-hisp,m,80-84,0.0571,synthetic_seed
SC,2023,black,non-hisp,f,80-84,0.0284,synthetic_seed
SC,2023,black,non-hisp,m,85+,0.0194,synthetic_seed
SC,2023,black,non-hisp,f,85+,0.0101,synthetic_seed
SC,2023,black,hisp,m,0-4,0.0,synthetic_seed
SC,2023,black,hisp,f,0-4,0.0,synthetic_seed
SC,2023,black,hisp,m,5-9,0.0,synthetic_seed
SC,2023,black,hisp,f,5-9,0.0,synthetic_seed
SC,2023,black,hisp,m,10-14,0.0,synthetic_seed
SC,2023,black,hisp,f,10-14,0.0,synthetic_seed
SC,2023,black,hisp,m,15-19,0.3481,synthetic_seed
SC,2023,black,hisp,f,15-19,0.3108,synthetic_seed
SC,2023,black,hisp,m,20-24,0.7185,synthetic_seed
SC,2023,black,hisp,f,20-24,0.6706,synthetic_seed
SC,2023,black,hisp,m,25-29,0.8726,synthetic_seed
SC,2023,black,hisp,f,25-29,0.7039,synthetic_seed
SC,2023,black,hisp,m,30-34,0.9182,synthetic_seed
SC,2023,black,hisp,f,30-34,0.6857,synthetic_seed
SC,2023,black,hisp,m,35-39,0.8722,synthetic_seed
SC,2023,black,hisp,f,35-39,0.7448,synthetic_seed
SC,2023,black,hisp,m,40-44,0.8446,synthetic_seed
SC,2023,black,hisp,f,40-44,0.7437,synthetic_seed
SC,2023,black,hisp,m,45-49,0.8297,synthetic_seed
SC,2023,black,hisp,f,45-49,0.7292,synthetic_seed
SC,2023,black,hisp,m,50-54,0.8229,synthetic_seed
SC,2023,black,hisp,f,50-54,0.697,synthetic_seed
SC,2023,black,hisp,m,55-59,0.7308,synthetic_seed
SC,2023,black,hisp,f,55-59,0.6472,synthetic_seed
SC,2023,black,hisp,m,60-64,0.568,synthetic_seed
SC,2023,black,hisp,f,60-64,0.4868,synthetic_seed
SC,2023,black,hisp,m,65-69,0.3544,synthetic_seed
SC,2023,black,hisp,f,65-69,0.2688,synthetic_seed
SC,2023,black,hisp,m,70-74,0.2334,synthetic_seed
SC,2023,black,hisp,f,70-74,0.1429,synthetic_seed
SC,2023,black,hisp,m,75-79,0.118,synthetic_seed
SC,2023,black,hisp,f,75-79,0.0672,synthetic_seed
SC,2023,black,hisp,m,80-84,0.0565,synthetic_seed
SC,2023,black,hisp,f,80-84,0.0301,synthetic_seed
SC,2023,black,hisp,m,85+,0.0191,synthetic_seed
SC,2023,black,hisp,f,85+,0.0096,synthetic_seed
SC,2023,asian,non-hisp,m,0-4,0.0,synthetic_seed
SC,2023,asian,non-hisp,f,0-4,0.0,synthetic_seed
SC,2023,asian,non-hisp,m,5-9,0.0,synthetic_seed
SC,2023,asian,non-hisp,f,5-9,0.0,synthetic_seed
SC,2023,asian,non-hisp,m,10-14,0.0,synthetic_seed
SC,2023,asian,non-hisp,f,10-14,0.0,synthetic_seed
SC,2023,asian,non-hisp,m,15-19,0.3712,synthetic_seed
SC,2023,asian,non-hisp,f,15-19,0.3246,synthetic_seed
SC,2023,asian,non-hisp,m,20-24,0.7353,synthetic_seed
SC,2023,asian,non-hisp,f,20-24,0.7183,synthetic_seed
SC,2023,asian,non-hisp,m,25-29,0.8695,synthetic_seed
SC,2023,asian,non-hisp,f,25-29,0.7726,synthetic_seed
SC,2023,asian,non-hisp,m,30-34,0.9326,synthetic_seed
SC,2023,asian,non-hisp,f,30-34,0.7361,synthetic_seed
SC,2023,asian,non-hisp,m,35-39,0.9242,synthetic_seed
SC,2023,asian,non-hisp,f,35-39,0.7299,synthetic_seed
SC,2023,asian,non-hisp,m,40-44,0.9073,synthetic_seed
SC,2023,asian,non-hisp,f,40-44,0.7617,synthetic_seed
SC,2023,asian,non-hisp,m,45-49,0.8977,synthetic_seed
SC,2023,asian,non-hisp,f,45-49,0.7938,synthetic_seed
SC,2023,asian,non-hisp,m,50-54,0.8362,synthetic_seed
SC,2023,asian,non-hisp,f,50-54,0.7394,synthetic_seed
SC,2023,asian,non-hisp,m,55-59,0.7638,synthetic_seed
SC,2023,asian,non-hisp,f,55-59,0.6632,synthetic_seed
SC,2023,asian,non-hisp,m,60-64,0.6057,synthetic_seed
SC,2023,asian,non-hisp,f,60-64,0.5065,synthetic_seed
SC,2023,asian,non-hisp,m,65-69,0.4052,synthetic_seed
SC,2023,asian,non-hisp,f,65-69,0.2825,synthetic_seed
SC,2023,asian,non-hisp,m,70-74,0.2406,synthetic_seed
SC,2023,asian,non-hisp,f,70-74,0.1579,synthetic_seed
SC,2023,asian,non-hisp,m,75-79,0.121,synthetic_seed
SC,2023,asian,non-hisp,f,75-79,0.0727,synthetic_seed
SC,2023,asian,non-hisp,m,80-84,0.0626,synthetic_seed
SC,2023,asian,non-hisp,f,80-84,0.031,synthetic_seed
SC,2023,asian,non-hisp,m,85+,0.0202,synthetic_seed
SC,2023,asian,non-hisp,f,85+,0.0103,synthetic_seed
SC,2023,asian,hisp,m,0-4,0.0,synthetic_seed
SC,2023,asian,hisp,f,0-4,0.0,synthetic_seed
SC,2023,asian,hisp,m,5-9,0.0,synthetic_seed
SC,2023,asian,hisp,f,5-9,0.0,synthetic_seed
SC,2023,asian,hisp,m,10-14,0.0,synthetic_seed
SC,2023,asian,hisp,f,10-14,0.0,synthetic_seed
SC,2023,asian,hisp,m,15-19,0.3727,synthetic_seed
SC,2023,asian,hisp,f,15-19,0.3389,synthetic_seed
SC,2023,asian,hisp,m,20-24,0.7534,synthetic_seed
SC,2023,asian,hisp,f,20-24,0.7154,synthetic_seed
SC,2023,asian,hisp,m,25-29,0.8994,synthetic_seed
SC,2023,asian,hisp,f,25-29,0.7702,synthetic_seed
SC,2023,asian,hisp,m,30-34,0.8998,synthetic_seed
SC,2023,asian,hisp,f,30-34,0.7555,synthetic_seed
SC,2023,asian,hisp,m,35-39,0.9154,synthetic_seed
SC,2023,asian,hisp,f,35-39,0.7766,synthetic_seed
SC,2023,asian,hisp,m,40-44,0.9091,synthetic_seed
SC,2023,asian,hisp,f,40-44,0.7803,synthetic_seed
SC,2023,asian,hisp,m,45-49,0.9007,synthetic_seed
SC,2023,asian,hisp,f,45-49,0.7926,synthetic_seed
SC,2023,asian,hisp,m,50-54,0.8719,synthetic_seed
SC,2023,asian,hisp,f,50-54,0.7363,synthetic_seed
SC,2023,asian,hisp,m,55-59,0.7863,synthetic_seed
SC,2023,asian,hisp,f,55-59,0.6601,synthetic_seed
SC,2023,asian,hisp,m,60-64,0.5954,synthetic_seed
SC,2023,asian,hisp,f,60-64,0.5085,synthetic_seed
SC,2023,asian,hisp,m,65-69,0.3971,synthetic_seed
SC,2023,asian,hisp,f,65-69,0.2848,synthetic_seed
SC,2023,asian,hisp,m,70-74,0.2421,synthetic_seed
SC,2023,asian,hisp,f,70-74,0.1486,synthetic_seed
SC,2023,asian,hisp,m,75-79,0.1194,synthetic_seed
SC,2023,asian,hisp,f,75-79,0.0716,synthetic_seed
SC,2023,asian,hisp,m,80-84,0.0627,synthetic_seed
SC,2023,asian,hisp,f,80-84,0.0309,synthetic_seed
SC,2023,asian,hisp,m,85+,0.0205,synthetic_seed
SC,2023,asian,hisp,f,85+,0.0102,synthetic_seed
SC,2023,other,non-hisp,m,0-4,0.0,synthetic_seed
SC,2023,other,non-hisp,f,0-4,0.0,synthetic_seed
SC,2023,other,non-hisp,m,5-9,0.0,synthetic_seed
SC,2023,other,non-hisp,f,5-9,0.0,synthetic_seed
SC,2023,other,non-hisp,m,10-14,0.0,synthetic_seed
SC,2023,other,non-hisp,f,10-14,0.0,synthetic_seed
SC,2023,other,non-hisp,m,15-19,0.3667,synthetic_seed
SC,2023,other,non-hisp,f,15-19,0.3329,synthetic_seed
SC,2023,other,non-hisp,m,20-24,0.7724,synthetic_seed
SC,2023,other,non-hisp,f,20-24,0.7047,synthetic_seed
SC,2023,other,non-hisp,m,25-29,0.8581,synthetic_seed
SC,2023,other,non-hisp,f,25-29,0.7331,synthetic_seed
SC,2023,other,non-hisp,m,30-34,0.9248,synthetic_seed
SC,2023,other,non-hisp,f,30-34,0.7258,synthetic_seed
SC,2023,other,non-hisp,m,35-39,0.8907,synthetic_seed
SC,2023,other,non-hisp,f,35-39,0.7111,synthetic_seed
SC,2023,other,non-hisp,m,40-44,0.9042,synthetic_seed
SC,2023,other,non-hisp,f,40-44,0.7454,synthetic_seed
SC,2023,other,non-hisp,m,45-49,0.8744,synthetic_seed
SC,2023,other,non-hisp,f,45-49,0.7793,synthetic_seed
SC,2023,other,non-hisp,m,50-54,0.8187,synthetic_seed
SC,2023,other,non-hisp,f,50-54,0.7422,synthetic_seed
SC,2023,other,non-hisp,m,55-59,0.7406,synthetic_seed
SC,2023,other,non-hisp,f,55-59,0.6504,synthetic_seed
SC,2023,other,non-hisp,m,60-64,0.6066,synthetic_seed
SC,2023,other,non-hisp,f,60-64,0.4993,synthetic_seed
SC,2023,other,non-hisp,m,65-69,0.3874,synthetic_seed
SC,2023,other,non-hisp,f,65-69,0.2838,synthetic_seed
SC,2023,other,non-hisp,m,70-74,0.227,synthetic_seed
SC,2023,other,non-hisp,f,70-74,0.1558,synthetic_seed
SC,2023,other,non-hisp,m,75-79,0.1245,synthetic_seed
SC,2023,other,non-hisp,f,75-79,0.0699,synthetic_seed
SC,2023,other,non-hisp,m,80-84,0.0593,synthetic_seed
SC,2023,other,non-hisp,f,80-84,0.0299,synthetic_seed
SC,2023,other,non-hisp,m,85+,0.0195,synthetic_seed
SC,2023,other,non-hisp,f,85+,0.0097,synthetic_seed
SC,2023,other,hisp,m,0-4,0.0,synthetic_seed
SC,2023,other,hisp,f,0-4,0.0,synthetic_seed
SC,2023,other,hisp,m,5-9,0.0,synthetic_seed
SC,2023,other,hisp,f,5-9,0.0,synthetic_seed
SC,2023,other,hisp,m,10-14,0.0,synthetic_seed
SC,2023,other,hisp,f,10-14,0.0,synthetic_seed
SC,2023,other,hisp,m,15-19,0.3582,synthetic_seed
SC,2023,other,hisp,f,15-19,0.3104,synthetic_seed
SC,2023,other,hisp,m,20-24,0.7392,synthetic_seed
SC,2023,other,hisp,f,20-24,0.701,synthetic_seed
SC,2023,other,hisp,m,25-29,0.8813,synthetic_seed
SC,2023,other,hisp,f,25-29,0.7584,synthetic_seed
SC,2023,other,hisp,m,30-34,0.9128,synthetic_seed
SC,2023,other,hisp,f,30-34,0.7281,synthetic_seed
SC,2023,other,hisp,m,35-39,0.9352,synthetic_seed
SC,2023,other,hisp,f,35-39,0.7258,synthetic_seed
SC,2023,other,hisp,m,40-44,0.8913,synthetic_seed
SC,2023,other,hisp,f,40-44,0.766,synthetic_seed
SC,2023,other,hisp,m,45-49,0.8697,synthetic_seed
SC,2023,other,hisp,f,45-49,0.7861,synthetic_seed
SC,2023,other,hisp,m,50-54,0.8273,synthetic_seed
SC,2023,other,hisp,f,50-54,0.7341,synthetic_seed
SC,2023,other,hisp,m,55-59,0.7776,synthetic_seed
SC,2023,other,hisp,f,55-59,0.6436,synthetic_seed
SC,2023,other,hisp,m,60-64,0.6039,synthetic_seed
SC,2023,other,hisp,f,60-64,0.499,synthetic_seed
SC,2023,other,hisp,m,65-69,0.3847,synthetic_seed
SC,2023,other,hisp,f,65-69,0.2816,synthetic_seed
SC,2023,other,hisp,m,70-74,0.2299,synthetic_seed
SC,2023,other,hisp,f,70-74,0.1466,synthetic_seed
SC,2023,other,hisp,m,75-79,0.1186,synthetic_seed
SC,2023,other,hisp,f,75-79,0.0673,synthetic_seed
SC,2023,other,hisp,m,80-84,0.0603,synthetic_seed
SC,2023,other,hisp,f,80-84,0.0303,synthetic_seed
SC,2023,other,hisp,m,85+,0.0201,synthetic_seed
SC,2023,other,hisp,f,85+,0.0101,synthetic_seed
SD,2023,white,non-hisp,m,0-4,0.0,synthetic_seed
SD,2023,white,non-hisp,f,0-4,0.0,synthetic_seed
SD,2023,white,non-hisp,m,5-9,0.0,synthetic_seed
SD,2023,white,non-hisp,f,5-9,0.0,synthetic_seed
SD,2023,white,non-hisp,m,10-14,0.0,synthetic_seed
SD,2023,white,non-hisp,f,10-14,0.0,synthetic_seed
SD,2023,white,non-hisp,m,15-19,0.3539,synthetic_seed
SD,2023,white,non-hisp,f,15-19,0.3215,synthetic_seed
SD,2023,white,non-hisp,m,20-24,0.7761,synthetic_seed
SD,2023,white,non-hisp,f,20-24,0.6904,synthetic_seed
SD,2023,white,non-hisp,m,25-29,0.8709,synthetic_seed
SD,2023,white,non-hisp,f,25-29,0.7609,synthetic_seed
SD,2023,white,non-hisp,m,30-34,0.933,synthetic_seed
SD,2023,white,non-hisp,f,30-34,0.7291,synthetic_seed
SD,2023,white,non-hisp,m,35-39,0.8998,synthetic_seed
SD,2023,white,non-hisp,f,35-39,0.7463,synthetic_seed
SD,2023,white,non-hisp,m,40-44,0.8801,synthetic_seed
SD,2023,white,non-hisp,f,40-44,0.8065,synthetic_seed
SD,2023,white,non-hisp,m,45-49,0.9096,synthetic_seed
SD,2023,white,non-hisp,f,45-49,0.7943,synthetic_seed
SD,2023,white,non-hisp,m,50-54,0.8564,synthetic_seed
SD,2023,white,non-hisp,f,50-54,0.7422,synthetic_seed
SD,2023,white,non-hisp,m,55-59,0.7307,synthetic_seed
SD,2023,white,non-hisp,f,55-59,0.6452,synthetic_seed
SD,2023,white,non-hisp,m,60-64,0.5933,synthetic_seed
SD,2023,white,non-hisp,f,60-64,0.4919,synthetic_seed
SD,2023,white,non-hisp,m,65-69,0.3754,synthetic_seed
SD,2023,white,non-hisp,f,65-69,0.277,synthetic_seed
SD,2023,white,non-hisp,m,70-74,0.2287,synthetic_seed
SD,2023,white,non-hisp,f,70-74,0.1487,synthetic_seed
SD,2023,white,non-hisp,m,75-79,0.1209,synthetic_seed
SD,2023,white,non-hisp,f,75-79,0.072,synthetic_seed
SD,2023,white,non-hisp,m,80-84,0.0596,synthetic_seed
SD,2023,white,non-hisp,f,80-84,0.0297,synthetic_seed
SD,2023,white,non-hisp,m,85+,0.0205,synthetic_seed
SD,2023,white,non-hisp,f,85+,0.0102,synthetic_seed
SD,2023,white,hisp,m,0-4,0.0,synthetic_seed
SD,2023,white,hisp,f,0-4,0.0,synthetic_seed
SD,2023,white,hisp,m,5-9,0.0,synthetic_seed
SD,2023,white,hisp,f,5-9,0.0,synthetic_seed
SD,2023,white,hisp,m,10-14,0.0,synthetic_seed
SD,2023,white,hisp,f,10-14,0.0,synthetic_seed
SD,2023,white,hisp,m,15-19,0.3614,synthetic_seed
SD,2023,white,hisp,f,15-19,0.3179,synthetic_seed
SD,2023,white,hisp,m,20-24,0.7619,synthetic_seed
SD,2023,white,hisp,f,20-24,0.7091,synthetic_seed
SD,2023,white,hisp,m,25-29,0.8746,synthetic_seed
SD,2023,white,hisp,f,25-29,0.764,synthetic_seed
SD,2023,white,hisp,m,30-34,0.9161,synthetic_seed
SD,2023,white,hisp,f,30-34,0.7446,synthetic_seed
SD,2023,white,hisp,m,35-39,0.9021,synthetic_seed
SD,2023,white,hisp,f,35-39,0.7352,synthetic_seed
SD,2023,white,hisp,m,40-44,0.8885,synthetic_seed
SD,2023,white,hisp,f,40-44,0.7741,synthetic_seed
SD,2023,white,hisp,m,45-49,0.8884,synthetic_seed
SD,2023,white,hisp,f,45-49,0.767,synthetic_seed
SD,2023,white,hisp,m,50-54,0.8117,synthetic_seed
SD,2023,white,hisp,f,50-54,0.7253,synthetic_seed
SD,2023,white,hisp,m,55-59,0.7683,synthetic_seed
SD,2023,white,hisp,f,55-59,0.6807,synthetic_seed
SD,2023,white,hisp,m,60-64,0.5998,synthetic_seed
SD,2023,white,hisp,f,60-64,0.5086,synthetic_seed
SD,2023,white,hisp,m,65-69,0.3783,synthetic_seed
SD,2023,white,hisp,f,65-69,0.2884,synthetic_seed
SD,2023,white,hisp,m,70-74,0.2313,synthetic_seed
SD,2023,white,hisp,f,70-74,0.1443,synthetic_seed
SD,2023,white,hisp,m,75-79,0.1196,synthetic_seed
SD,2023,white,hisp,f,75-79,0.0697,synthetic_seed
SD,2023,white,hisp,m,80-84,0.0597,synthetic_seed
SD,2023,white,hisp,f,80-84,0.0289,synthetic_seed
SD,2023,white,hisp,m,85+,0.0207,synthetic_seed
SD,2023,white,hisp,f,85+,0.0099,synthetic_seed
SD,2023,black,non-hisp,m,0-4,0.0,synthetic_seed
SD,2023,black,non-hisp,f,0-4,0.0,synthetic_seed
SD,2023,black,non-hisp,m,5-9,0.0,synthetic_seed
SD,2023,black,non-hisp,f,5-9,0.0,synthetic_seed
SD,2023,black,non-hisp,m,10-14,0.0,synthetic_seed
SD,2023,black,non-hisp,f,10-14,0.0,synthetic_seed
SD,2023,black,non-hisp,m,15-19,0.3613,synthetic_seed
SD,2023,black,non-hisp,f,15-19,0.3219,synthetic_seed
SD,2023,black,non-hisp,m,20-24,0.7382,synthetic_seed
SD,2023,black,non-hisp,f,20-24,0.6717,synthetic_seed
SD,2023,black,non-hisp,m,25-29,0.8839,synthetic_seed
SD,2023,black,non-hisp,f,25-29,0.7731,synthetic_seed
SD,2023,black,non-hisp,m,30-34,0.8807,synthetic_seed
SD,2023,black,non-hisp,f,30-34,0.6872,synthetic_seed
SD,2023,black,non-hisp,m,35-39,0.8707,synthetic_seed
SD,2023,black,non-hisp,f,35-39,0.6923,synthetic_seed
SD,2023,black,non-hisp,m,40-44,0.8769,synthetic_seed
SD,2023,black,non-hisp,f,40-44,0.7603,synthetic_seed
SD,2023,black,non-hisp,m,45-49,0.8539,synthetic_seed
SD,2023,black,non-hisp,f,45-49,0.745,synthetic_seed
SD,2023,black,non-hisp,m,50-54,0.7978,synthetic_seed
SD,2023,black,non-hisp,f,50-54,0.7188,synthetic_seed
SD,2023,black,non-hisp,m,55-59,0.7361,synthetic_seed
SD,2023,black,non-hisp,f,55-59,0.6264,synthetic_seed
SD,2023,black,non-hisp,m,60-64,0.5825,synthetic_seed
SD,2023,black,non-hisp,f,60-64,0.484,synthetic_seed
SD,2023,black,non-hisp,m,65-69,0.3716,synthetic_seed
SD,2023,black,non-hisp,f,65-69,0.268,synthetic_seed
SD,2023,black,non-hisp,m,70-74,0.2252,synthetic_seed
SD,2023,black,non-hisp,f,70-74,0.1437,synthetic_seed
SD,2023,black,non-hisp,m,75-79,0.1171,synthetic_seed
SD,2023,black,non-hisp,f,75-79,0.0677,synthetic_seed
SD,2023,black,non-hisp,m,80-84,0.0576,synthetic_seed
SD,2023,black,non-hisp,f,80-84,0.0292,synthetic_seed
SD,2023,black,non-hisp,m,85+,0.0193,synthetic_seed
SD,2023,black,non-hisp,f,85+,0.01,synthetic_seed
SD,2023,black,hisp,m,0-4,0.0,synthetic_seed
SD,2023,black,hisp,f,0-4,0.0,synthetic_seed
SD,2023,black,hisp,m,5-9,0.0,synthetic_seed
SD,2023,black,hisp,f,5-9,0.0,synthetic_seed
SD,2023,black,hisp,m,10-14,0.0,synthetic_seed
SD,2023,black,hisp,f,10-14,0.0,synthetic_seed
SD,2023,black,hisp,m,15-19,0.3464,synthetic_seed
SD,2023,black,hisp,f,15-19,0.3069,synthetic_seed
SD,2023,black,hisp,m,20-24,0.7466,synthetic_seed
SD,2023,black,hisp,f,20-24,0.6696,synthetic_seed
SD,2023,black,hisp,m,25-29,0.8002,synthetic_seed
SD,2023,black,hisp,f,25-29,0.7467,synthetic_seed
SD,2023,black,hisp,m,30-34,0.8948,synthetic_seed
SD,2023,black,hisp,f,30-34,0.714,synthetic_seed
SD,2023,black,hisp,m,35-39,0.9029,synthetic_seed
SD,2023,black,hisp,f,35-39,0.7163,synthetic_seed
SD,2023,black,hisp,m,40-44,0.8749,synthetic_seed
SD,2023,black,hisp,f,40-44,0.7533,synthetic_seed
SD,2023,black,hisp,m,45-49,0.8529,synthetic_seed
SD,2023,black,hisp,f,45-49,0.7769,synthetic_seed
SD,2023,black,hisp,m,50-54,0.8028,synthetic_seed
SD,2023,black,hisp,f,50-54,0.7347,synthetic_seed
SD,2023,black,hisp,m,55-59,0.7191,synthetic_seed
SD,2023,black,hisp,f,55-59,0.6374,synthetic_seed
SD,2023,black,hisp,m,60-64,0.5661,synthetic_seed
SD,2023,black,hisp,f,60-64,0.5072,synthetic_seed
SD,2023,black,hisp,m,65-69,0.3596,synthetic_seed
SD,2023,black,hisp,f,65-69,0.2748,synthetic_seed
SD,2023,black,hisp,m,70-74,0.2301,synthetic_seed
SD,2023,black,hisp,f,70-74,0.1466,synthetic_seed
SD,2023,black,hisp,m,75-79,0.1145,synthetic_seed
SD,2023,black,hisp,f,75-79,0.0709,synthetic_seed
SD,2023,black,hisp,m,80-84,0.056,synthetic_seed
SD,2023,black,hisp,f,80-84,0.0298,synthetic_seed
SD,2023,black,hisp,m,85+,0.0189,synthetic_seed
SD,2023,black,hisp,f,85+,0.0097,synthetic_seed
SD,2023,asian,non-hisp,m,0-4,0.0,synthetic_seed
SD,2023,asian,non-hisp,f,0-4,0.0,synthetic_seed
SD,2023,asian,non-hisp,m,5-9,0.0,synthetic_seed
SD,2023,asian,non-hisp,f,5-9,0.0,synthetic_seed
SD,2023,asian,non-hisp,m,10-14,0.0,synthetic_seed
SD,2023,asian,non-hisp,f,10-14,0.0,synthetic_seed
SD,2023,asian,non-hisp,m,15-19,0.3746,synthetic_seed
SD,2023,asian,non-hisp,f,15-19,0.3198,synthetic_seed
SD,2023,asian,non-hisp,m,20-24,0.7425,synthetic_seed
SD,2023,asian,non-hisp,f,20-24,0.6939,synthetic_seed
SD,2023,asian,non-hisp,m,25-29,0.8768,synthetic_seed
SD,2023,asian,non-hisp,f,25-29,0.7508,synthetic_seed
SD,2023,asian,non-hisp,m,30-34,0.9254,synthetic_seed
SD,2023,asian,non-hisp,f,30-34,0.7234,synthetic_seed
SD,2023,asian,non-hisp,m,35-39,0.9249,synthetic_seed
SD,2023,asian,non-hisp,f,35-39,0.7601,synthetic_seed
SD,2023,asian,non-hisp,m,40-44,0.9144,synthetic_seed
SD,2023,asian,non-hisp,f,40-44,0.7993,synthetic_seed
SD,2023,asian,non-hisp,m,45-49,0.9127,synthetic_seed
SD,2023,asian,non-hisp,f,45-49,0.7862,synthetic_seed
SD,2023,asian,non-hisp,m,50-54,0.8686,synthetic_seed
SD,2023,asian,non-hisp,f,50-54,0.7553,synthetic_seed
SD,2023,asian,non-hisp,m,55-59,0.7349,synthetic_seed
SD,2023,asian,non-hisp,f,55-59,0.6454,synthetic_seed
SD,2023,asian,non-hisp,m,60-64,0.6219,synthetic_seed
SD,2023,asian,non-hisp,f,60-64,0.5243,synthetic_seed
SD,2023,asian,non-hisp,m,65-69,0.3931,synthetic_seed
SD,2023,asian,non-hisp,f,65-69,0.2933,synthetic_seed
SD,2023,asian,non-hisp,m,70-74,0.2385,synthetic_seed
SD,2023,asian,non-hisp,f,70-74,0.1547,synthetic_seed
SD,2023,asian,non-hisp,m,75-79,0.1225,synthetic_seed
SD,2023,asian,non-hisp,f,75-79,0.0727,synthetic_seed
SD,2023,asian,non-hisp,m,80-84,0.0613,synthetic_seed
SD,2023,asian,non-hisp,f,80-84,0.0303,synthetic_seed
SD,2023,asian,non-hisp,m,85+,0.0196,synthetic_seed
SD,2023,asian,non-hisp,f,85+,0.0098,synthetic_seed
SD,2023,asian,hisp,m,0-4,0.0,synthetic_seed
SD,2023,asian,hisp,f,0-4,0.0,synthetic_seed
SD,2023,asian,hisp,m,5-9,0.0,synthetic_seed
SD,2023,asian,hisp,f,5-9,0.0,synthetic_seed
SD,2023,asian,hisp,m,10-14,0.0,synthetic_seed
SD,2023,asian,hisp,f,10-14,0.0,synthetic_seed
SD,2023,asian,hisp,m,15-19,0.3584,synthetic_seed
SD,2023,asian,hisp,f,15-19,0.3312,synthetic_seed
SD,2023,asian,hisp,m,20-24,0.7543,synthetic_seed
SD,2023,asian,hisp,f,20-24,0.7347,synthetic_seed
SD,2023,asian,hisp,m,25-29,0.8959,synthetic_seed
SD,2023,asian,hisp,f,25-29,0.7602,synthetic_seed
SD,2023,asian,hisp,m,30-34,0.9225,synthetic_seed
SD,2023,asian,hisp,f,30-34,0.7358,synthetic_seed
SD,2023,asian,hisp,m,35-39,0.9478,synthetic_seed
SD,2023,asian,hisp,f,35-39,0.7544,synthetic_seed
SD,2023,asian,hisp,m,40-44,0.9255,synthetic_seed
SD,2023,asian,hisp,f,40-44,0.8047,synthetic_seed
SD,2023,asian,hisp,m,45-49,0.8842,synthetic_seed
SD,2023,asian,hisp,f,45-49,0.7784,synthetic_seed
SD,2023,asian,hisp,m,50-54,0.8359,synthetic_seed
SD,2023,asian,hisp,f,50-54,0.7459,synthetic_seed
SD,2023,asian,hisp,m,55-59,0.7814,synthetic_seed
SD,2023,asian,hisp,f,55-59,0.6538,synthetic_seed
SD,2023,asian,hisp,m,60-64,0.6159,synthetic_seed
SD,2023,asian,hisp,f,60-64,0.5091,synthetic_seed
SD,2023,asian,hisp,m,65-69,0.395,synthetic_seed
SD,2023,asian,hisp,f,65-69,0.2798,synthetic_seed
SD,2023,asian,hisp,m,70-74,0.2319,synthetic_seed
SD,2023,asian,hisp,f,70-74,0.1565,synthetic_seed
SD,2023,asian,hisp,m,75-79,0.1305,synthetic_seed
SD,2023,asian,hisp,f,75-79,0.0722,synthetic_seed
SD,2023,asian,hisp,m,80-84,0.0599,synthetic_seed
SD,2023,asian,hisp,f,80-84,0.0318,synthetic_seed
SD,2023,asian,hisp,m,85+,0.0209,synthetic_seed
SD,2023,asian,hisp,f,85+,0.0102,synthetic_seed
SD,2023,other,non-hisp,m,0-4,0.0,synthetic_seed
SD,2023,other,non-hisp,f,0-4,0.0,synthetic_seed
SD,2023,other,non-hisp,m,5-9,0.0,synthetic_seed
SD,2023,other,non-hisp,f,5-9,0.0,synthetic_seed
SD,2023,other,non-hisp,m,10-14,0.0,synthetic_seed
SD,2023,other,non-hisp,f,10-14,0.0,synthetic_seed
SD,2023,other,non-hisp,m,15-19,0.3503,synthetic_seed
SD,2023,other,non-hisp,f,15-19,0.3198,synthetic_seed
SD,2023,other,non-hisp,m,20-24,0.75,synthetic_seed
SD,2023,other,non-hisp,f,20-24,0.6893,synthetic_seed
SD,2023,other,non-hisp,m,25-29,0.9059,synthetic_seed
SD,2023,other,non-hisp,f,25-29,0.7294,synthetic_seed
SD,2023,other,non-hisp,m,30-34,0.8982,synthetic_seed
SD,2023,other,non-hisp,f,30-34,0.7346,synthetic_seed
SD,2023,other,non-hisp,m,35-39,0.9265,synthetic_seed
SD,2023,other,non-hisp,f,35-39,0.7453,synthetic_seed
SD,2023,other,non-hisp,m,40-44,0.8551,synthetic_seed
SD,2023,other,non-hisp,f,40-44,0.7777,synthetic_seed
SD,2023,other,non-hisp,m,45-49,0.8558,synthetic_seed
SD,2023,other,non-hisp,f,45-49,0.7592,synthetic_seed
SD,2023,other,non-hisp,m,50-54,0.8055,synthetic_seed
SD,2023,other,non-hisp,f,50-54,0.7509,synthetic_seed
SD,2023,other,non-hisp,m,55-59,0.7466,synthetic_seed
SD,2023,other,non-hisp,f,55-59,0.6433,synthetic_seed
SD,2023,other,non-hisp,m,60-64,0.6137,synthetic_seed
SD,2023,other,non-hisp,f,60-64,0.5168,synthetic_seed
SD,2023,other,non-hisp,m,65-69,0.3821,synthetic_seed
SD,2023,other,non-hisp,f,65-69,0.2706,synthetic_seed
SD,2023,other,non-hisp,m,70-74,0.2232,synthetic_seed
SD,2023,other,non-hisp,f,70-74,0.1475,synthetic_seed
SD,2023,other,non-hisp,m,75-79,0.1174,synthetic_seed
SD,2023,other,non-hisp,f,75-79,0.0677,synthetic_seed
SD,2023,other,non-hisp,m,80-84,0.0613,synthetic_seed
SD,2023,other,non-hisp,f,80-84,0.0296,synthetic_seed
SD,2023,other,non-hisp,m,85+,0.0192,synthetic_seed
SD,2023,other,non-hisp,f,85+,0.0102,synthetic_seed
SD,2023,other,hisp,m,0-4,0.0,synthetic_seed
SD,2023,other,hisp,f,0-4,0.0,synthetic_seed
SD,2023,other,hisp,m,5-9,0.0,synthetic_seed
SD,2023,other,hisp,f,5-9,0.0,synthetic_seed
SD,2023,other,hisp,m,10-14,0.0,synthetic_seed
SD,2023,other,hisp,f,10-14,0.0,synthetic_seed
SD,2023,other,hisp,m,15-19,0.3691,synthetic_seed
SD,2023,other,hisp,f,15-19,0.3186,synthetic_seed
SD,2023,other,hisp,m,20-24,0.7319,synthetic_seed
SD,2023,other,hisp,f,20-24,0.6997,synthetic_seed
SD,2023,other,hisp,m,25-29,0.8839,synthetic_seed
SD,2023,other,hisp,f,25-29,0.765,synthetic_seed
SD,2023,other,hisp,m,30-34,0.907,synthetic_seed
SD,2023,other,hisp,f,30-34,0.7408,synthetic_seed
SD,2023,other,hisp,m,35-39,0.8698,synthetic_seed
SD,2023,other,hisp,f,35-39,0.733,synthetic_seed
SD,2023,other,hisp,m,40-44,0.8822,synthetic_seed
SD,2023,other,hisp,f,40-44,0.7806,synthetic_seed
SD,2023,other,hisp,m,45-49,0.8995,synthetic_seed
SD,2023,other,hisp,f,45-49,0.7795,synthetic_seed
SD,2023,other,hisp,m,50-54,0.7987,synthetic_seed
SD,2023,other,hisp,f,50-54,0.7444,synthetic_seed
SD,2023,other,hisp,m,55-59,0.7591,synthetic_seed
SD,2023,other,hisp,f,55-59,0.6716,synthetic_seed
SD,2023,other,hisp,m,60-64,0.5982,synthetic_seed
SD,2023,other,hisp,f,60-64,0.5115,synthetic_seed
SD,2023,other,hisp,m,65-69,0.3695,synthetic_seed
SD,2023,other,hisp,f,65-69,0.2858,synthetic_seed
SD,2023,other,hisp,m,70-74,0.2403,synthetic_seed
SD,2023,other,hisp,f,70-74,0.1485,synthetic_seed
SD,2023,other,hisp,m,75-79,0.1181,synthetic_seed
SD,2023,other,hisp,f,75-79,0.0681,synthetic_seed
SD,2023,other,hisp,m,80-84,0.0606,synthetic_seed
SD,2023,other,hisp,f,80-84,0.0297,synthetic_seed
SD,2023,other,hisp,m,85+,0.0201,synthetic_seed
SD,2023,other,hisp,f,85+,0.0097,synthetic_seed
TN,2023,white,non-hisp,m,0-4,0.0,synthetic_seed
TN,2023,white,non-hisp,f,0-4,0.0,synthetic_seed
TN,2023,white,non-hisp,m,5-9,0.0,synthetic_seed
TN,2023,white,non-hisp,f,5-9,0.0,synthetic_seed
TN,2023,white,non-hisp,m,10-14,0.0,synthetic_seed
TN,2023,white,non-hisp,f,10-14,0.0,synthetic_seed
TN,2023,white,non-hisp,m,15-19,0.3617,synthetic_seed
TN,2023,white,non-hisp,f,15-19,0.3233,synthetic_seed
TN,2023,white,non-hisp,m,20-24,0.7519,synthetic_seed
TN,2023,white,non-hisp,f,20-24,0.7041,synthetic_seed
TN,2023,white,non-hisp,m,25-29,0.8932,synthetic_seed
TN,2023,white,non-hisp,f,25-29,0.7471,synthetic_seed
TN,2023,white,non-hisp,m,30-34,0.8962,synthetic_seed
TN,2023,white,non-hisp,f,30-34,0.7402,synthetic_seed
TN,2023,white,non-hisp,m,35-39,0.8893,synthetic_seed
TN,2023,white,non-hisp,f,35-39,0.7523,synthetic_seed
TN,2023,white,non-hisp,m,40-44,0.9174,synthetic_seed
TN,2023,white,non-hisp,f,40-44,0.7589,synthetic_seed
TN,2023,white,non-hisp,m,45-49,0.864,synthetic_seed
TN,2023,white,non-hisp,f,45-49,0.7649,synthetic_seed
TN,2023,white,non-hisp,m,50-54,0.8429,synthetic_seed
TN,2023,white,non-hisp,f,50-54,0.7212,synthetic_seed
TN,2023,white,non-hisp,m,55-59,0.7567,synthetic_seed
TN,2023,white,non-hisp,f,55-59,0.6431,synthetic_seed
TN,2023,white,non-hisp,m,60-64,0.6105,synthetic_seed
TN,2023,white,non-hisp,f,60-64,0.5054,synthetic_seed
TN,2023,white,non-hisp,m,65-69,0.3712,synthetic_seed
TN,2023,white,non-hisp,f,65-69,0.2724,synthetic_seed
TN,2023,white,non-hisp,m,70-74,0.2388,synthetic_seed
TN,2023,white,non-hisp,f,70-74,0.1504,synthetic_seed
TN,2023,white,non-hisp,m,75-79,0.1183,synthetic_seed
TN,2023,white,non-hisp,f,75-79,0.0695,synthetic_seed
TN,2023,white,non-hisp,m,80-84,0.0619,synthetic_seed
TN,2023,white,non-hisp,f,80-84,0.0294,synthetic_seed
TN,2023,white,non-hisp,m,85+,0.0203,synthetic_seed
TN,2023,white,non-hisp,f,85+,0.0103,synthetic_seed
TN,2023,white,hisp,m,0-4,0.0,synthetic_seed
TN,2023,white,hisp,f,0-4,0.0,synthetic_seed
TN,2023,white,hisp,m,5-9,0.0,synthetic_seed
TN,2023,white,hisp,f,5-9,0.0,synthetic_seed
TN,2023,white,hisp,m,10-14,0.0,synthetic_seed
TN,2023,white,hisp,f,10-14,0.0,synthetic_seed
TN,2023,white,hisp,m,15-19,0.3645,synthetic_seed
TN,2023,white,hisp,f,15-19,0.3244,synthetic_seed
TN,2023,white,hisp,m,20-24,0.7301,synthetic_seed
TN,2023,white,hisp,f,20-24,0.6858,synthetic_seed
TN,2023,white,hisp,m,25-29,0.8689,synthetic_seed
TN,2023,white,hisp,f,25-29,0.7257,synthetic_seed
TN,2023,white,hisp,m,30-34,0.9102,synthetic_seed
TN,2023,white,hisp,f,30-34,0.7436,synthetic_seed
TN,2023,white,hisp,m,35-39,0.9181,synthetic_seed
TN,2023,white,hisp,f,35-39,0.7206,synthetic_seed
TN,2023,white,hisp,m,40-44,0.8948,synthetic_seed
TN,2023,white,hisp,f,40-44,0.7568,synthetic_seed
TN,2023,white,hisp,m,45-49,0.8806,synthetic_seed
TN,2023,white,hisp,f,45-49,0.7846,synthetic_seed
TN,2023,white,hisp,m,50-54,0.8115,synthetic_seed
TN,2023,white,hisp,f,50-54,0.7531,synthetic_seed
TN,2023,white,hisp,m,55-59,0.7319,synthetic_seed
TN,2023,white,hisp,f,55-59,0.684,synthetic_seed
TN,2023,white,hisp,m,60-64,0.589,synthetic_seed
TN,2023,white,hisp,f,60-64,0.5068,synthetic_seed
TN,2023,white,hisp,m,65-69,0.3916,synthetic_seed
TN,2023,white,hisp,f,65-69,0.2684,synthetic_seed
TN,2023,white,hisp,m,70-74,0.2293,synthetic_seed
TN,2023,white,hisp,f,70-74,0.1517,synthetic_seed
TN,2023,white,hisp,m,75-79,0.1176,synthetic_seed
TN,2023,white,hisp,f,75-79,0.0694,synthetic_seed
TN,2023,white,hisp,m,80-84,0.0602,synthetic_seed
TN,2023,white,hisp,f,80-84,0.0301,synthetic_seed
TN,2023,white,hisp,m,85+,0.0194,synthetic_seed
TN,2023,white,hisp,f,85+,0.0098,synthetic_seed
TN,2023,black,non-hisp,m,0-4,0.0,synthetic_seed
TN,2023,black,non-hisp,f,0-4,0.0,synthetic_seed
TN,2023,black,non-hisp,m,5-9,0.0,synthetic_seed
TN,2023,black,non-hisp,f,5-9,0.0,synthetic_seed
TN,2023,black,non-hisp,m,10-14,0.0,synthetic_seed
TN,2023,black,non-hisp,f,10-14,0.0,synthetic_seed
TN,2023,black,non-hisp,m,15-19,0.3566,synthetic_seed
TN,2023,black,non-hisp,f,15-19,0.3111,synthetic_seed
TN,2023,black,non-hisp,m,20-24,0.703,synthetic_seed
TN,2023,black,non-hisp,f,20-24,0.6825,synthetic_seed
TN,2023,black,non-hisp,m,25-29,0.8448,synthetic_seed
TN,2023,black,non-hisp,f,25-29,0.7185,synthetic_seed
TN,2023,black,non-hisp,m,30-34,0.8747,synthetic_seed
TN,2023,black,non-hisp,f,30-34,0.7114,synthetic_seed
TN,2023,black,non-hisp,m,35-39,0.9046,synthetic_seed
TN,2023,black,non-hisp,f,35-39,0.7121,synthetic_seed
TN,2023,black,non-hisp,m,40-44,0.9049,synthetic_seed
TN,2023,black,non-hisp,f,40-44,0.7567,synthetic_seed
TN,2023,black,non-hisp,m,45-49,0.8296,synthetic_seed
TN,2023,black,non-hisp,f,45-49,0.759,synthetic_seed
TN,2023,black,non-hisp,m,50-54,0.8361,synthetic_seed
TN,2023,black,non-hisp,f,50-54,0.7308,synthetic_seed
TN,2023,black,non-hisp,m,55-59,0.7429,synthetic_seed
TN,2023,black,non-hisp,f,55-59,0.6421,synthetic_seed
TN,2023,black,non-hisp,m,60-64,0.6061,synthetic_seed
TN,2023,black,non-hisp,f,60-64,0.498,synthetic_seed
TN,2023,black,non-hisp,m,65-69,0.3698,synthetic_seed
TN,2023,black,non-hisp,f,65-69,0.2812,synthetic_seed
TN,2023,black,non-hisp,m,70-74,0.2231,synthetic_seed
TN,2023,black,non-hisp,f,70-74,0.1501,synthetic_seed
TN,2023,black,non-hisp,m,75-79,0.1151,synthetic_seed
TN,2023,black,non-hisp,f,75-79,0.0683,synthetic_seed
TN,2023,black,non-hisp,m,80-84,0.0571,synthetic_seed
TN,2023,black,non-hisp,f,80-84,0.0286,synthetic_seed
TN,2023,black,non-hisp,m,85+,0.0201,synthetic_seed
TN,2023,black,non-hisp,f,85+,0.0095,synthetic_seed
TN,2023,black,hisp,m,0-4,0.0,synthetic_seed
TN,2023,black,hisp,f,0-4,0.0,synthetic_seed
TN,2023,black,hisp,m,5-9,0.0,synthetic_seed
TN,2023,black,hisp,f,5-9,0.0,synthetic_seed
TN,2023,black,hisp,m,10-14,0.0,synthetic_seed
TN,2023,black,hisp,f,10-14,0.0,synthetic_seed
TN,2023,black,hisp,m,15-19,0.335,synthetic_seed
TN,2023,black,hisp,f,15-19,0.3175,synthetic_seed
TN,2023,black,hisp,m,20-24,0.7653,synthetic_seed
TN,2023,black,hisp,f,20-24,0.6871,synthetic_seed
TN,2023,black,hisp,m,25-29,0.8065,synthetic_seed
TN,2023,black,hisp,f,25-29,0.7217,synthetic_seed
TN,2023,black,hisp,m,30-34,0.8674,synthetic_seed
TN,2023,black,hisp,f,30-34,0.7109,synthetic_seed
TN,2023,black,hisp,m,35-39,0.9159,synthetic_seed
TN,2023,black,hisp,f,35-39,0.7291,synthetic_seed
TN,2023,black,hisp,m,40-44,0.9145,synthetic_seed
TN,2023,black,hisp,f,40-44,0.7462,synthetic_seed
TN,2023,black,hisp,m,45-49,0.8609,synthetic_seed
TN,2023,black,hisp,f,45-49,0.7311,synthetic_seed
TN,2023,black,hisp,m,50-54,0.8313,synthetic_seed
TN,2023,black,hisp,f,50-54,0.7177,synthetic_seed
TN,2023,black,hisp,m,55-59,0.748,synthetic_seed
TN,2023,black,hisp,f,55-59,0.6003,synthetic_seed
TN,2023,black,hisp,m,60-64,0.5887,synthetic_seed
TN,2023,black,hisp,f,60-64,0.4746,synthetic_seed
TN,2023,black,hisp,m,65-69,0.369,synthetic_seed
TN,2023,black,hisp,f,65-69,0.2744,synthetic_seed
TN,2023,black,hisp,m,70-74,0.2167,synthetic_seed
TN,2023,black,hisp,f,70-74,0.1437,synthetic_seed
TN,2023,black,hisp,m,75-79,0.1185,synthetic_seed
TN,2023,black,hisp,f,75-79,0.0667,synthetic_seed
TN,2023,black,hisp,m,80-84,0.0585,synthetic_seed
TN,2023,black,hisp,f,80-84,0.0291,synthetic_seed
TN,2023,black,hisp,m,85+,0.0198,synthetic_seed
TN,2023,black,hisp,f,85+,0.0098,synthetic_seed
TN,2023,asian,non-hisp,m,0-4,0.0,synthetic_seed
TN,2023,asian,non-hisp,f,0-4,0.0,synthetic_seed
TN,2023,asian,non-hisp,m,5-9,0.0,synthetic_seed
TN,2023,asian,non-hisp,f,5-9,0.0,synthetic_seed
TN,2023,asian,non-hisp,m,10-14,0.0,synthetic_seed
TN,2023,asian,non-hisp,f,10-14,0.0,synthetic_seed
TN,2023,asian,non-hisp,m,15-19,0.3807,synthetic_seed
TN,2023,asian,non-hisp,f,15-19,0.324,synthetic_seed
TN,2023,asian,non-hisp,m,20-24,0.7505,synthetic_seed
TN,2023,asian,non-hisp,f,20-24,0.692,synthetic_seed
TN,2023,asian,non-hisp,m,25-29,0.8901,synthetic_seed
TN,2023,asian,non-hisp,f,25-29,0.7782,synthetic_seed
TN,2023,asian,non-hisp,m,30-34,0.9694,synthetic_seed
TN,2023,asian,non-hisp,f,30-34,0.729,synthetic_seed
TN,2023,asian,non-hisp,m,35-39,0.8814,synthetic_seed
TN,2023,asian,non-hisp,f,35-39,0.7842,synthetic_seed
TN,2023,asian,non-hisp,m,40-44,0.9331,synthetic_seed
TN,2023,asian,non-hisp,f,40-44,0.7775,synthetic_seed
TN,2023,asian,non-hisp,m,45-49,0.9167,synthetic_seed
TN,2023,asian,non-hisp,f,45-49,0.7758,synthetic_seed
TN,2023,asian,non-hisp,m,50-54,0.8702,synthetic_seed
TN,2023,asian,non-hisp,f,50-54,0.7557,synthetic_seed
TN,2023,asian,non-hisp,m,55-59,0.7671,synthetic_seed
TN,2023,asian,non-hisp,f,55-59,0.6525,synthetic_seed
TN,2023,asian,non-hisp,m,60-64,0.5955,synthetic_seed
TN,2023,asian,non-hisp,f,60-64,0.5119,synthetic_seed
TN,2023,asian,non-hisp,m,65-69,0.3835,synthetic_seed
TN,2023,asian,non-hisp,f,65-69,0.2877,synthetic_seed
TN,2023,asian,non-hisp,m,70-74,0.2339,synthetic_seed
TN,2023,asian,non-hisp,f,70-74,0.1496,synthetic_seed
TN,2023,asian,non-hisp,m,75-79,0.1172,synthetic_seed
TN,2023,asian,non-hisp,f,75-79,0.0712,synthetic_seed
TN,2023,asian,non-hisp,m,80-84,0.0606,synthetic_seed
TN,2023,asian,non-hisp,f,80-84,0.0308,synthetic_seed
TN,2023,asian,non-hisp,m,85+,0.02,synthetic_seed
TN,2023,asian,non-hisp,f,85+,0.0105,synthetic_seed
TN,2023,asian,hisp,m,0-4,0.0,synthetic_seed
TN,2023,asian,hisp,f,0-4,0.0,synthetic_seed
TN,2023,asian,hisp,m,5-9,0.0,synthetic_seed
TN,2023,asian,hisp,f,5-9,0.0,synthetic_seed
TN,2023,asian,hisp,m,10-14,0.0,synthetic_seed
TN,2023,asian,hisp,f,10-14,0.0,synthetic_seed
TN,2023,asian,hisp,m,15-19,0.3766,synthetic_seed
TN,2023,asian,hisp,f,15-19,0.3254,synthetic_seed
TN,2023,asian,hisp,m,20-24,0.7655,synthetic_seed
TN,2023,asian,hisp,f,20-24,0.701,synthetic_seed
TN,2023,asian,hisp,m,25-29,0.8519,synthetic_seed
TN,2023,asian,hisp,f,25-29,0.766,synthetic_seed
TN,2023,asian,hisp,m,30-34,0.9319,synthetic_seed
TN,2023,asian,hisp,f,30-34,0.7515,synthetic_seed
TN,2023,asian,hisp,m,35-39,0.9414,synthetic_seed
TN,2023,asian,hisp,f,35-39,0.7479,synthetic_seed
TN,2023,asian,hisp,m,40-44,0.9217,synthetic_seed
TN,2023,asian,hisp,f,40-44,0.8044,synthetic_seed
TN,2023,asian,hisp,m,45-49,0.9086,synthetic_seed
TN,2023,asian,hisp,f,45-49,0.7618,synthetic_seed
TN,2023,asian,hisp,m,50-54,0.8509,synthetic_seed
TN,2023,asian,hisp,f,50-54,0.7467,synthetic_seed
TN,2023,asian,hisp,m,55-59,0.7533,synthetic_seed
TN,2023,asian,hisp,f,55-59,0.6858,synthetic_seed
TN,2023,asian,hisp,m,60-64,0.636,synthetic_seed
TN,2023,asian,hisp,f,60-64,0.489,synthetic_seed
TN,2023,asian,hisp,m,65-69,0.3853,synthetic_seed
TN,2023,asian,hisp,f,65-69,0.279,synthetic_seed
TN,2023,asian,hisp,m,70-74,0.2373,synthetic_seed
TN,2023,asian,hisp,f,70-74,0.159,synthetic_seed
TN,2023,asian,hisp,m,75-79,0.1232,synthetic_seed
TN,2023,asian,hisp,f,75-79,0.0727,synthetic_seed
TN,2023,asian,hisp,m,80-84,0.0622,synthetic_seed
TN,2023,asian,hisp,f,80-84,0.031,synthetic_seed
TN,2023,asian,hisp,m,85+,0.02,synthetic_seed
TN,2023,asian,hisp,f,85+,0.0101,synthetic_seed
TN,2023,other,non-hisp,m,0-4,0.0,synthetic_seed
TN,2023,other,non-hisp,f,0-4,0.0,synthetic_seed
TN,2023,other,non-hisp,m,5-9,0.0,synthetic_seed
TN,2023,other,non-hisp,f,5-9,0.0,synthetic_seed
TN,2023,other,non-hisp,m,10-14,0.0,synthetic_seed
TN,2023,other,non-hisp,f,10-14,0.0,synthetic_seed
TN,2023,other,non-hisp,m,15-19,0.3633,synthetic_seed
TN,2023,other,non-hisp,f,15-19,0.3164,synthetic_seed
TN,2023,other,non-hisp,m,20-24,0.7296,synthetic_seed
TN,2023,other,non-hisp,f,20-24,0.6836,synthetic_seed
TN,2023,other,non-hisp,m,25-29,0.8768,synthetic_seed
TN,2023,other,non-hisp,f,25-29,0.7452,synthetic_seed
TN,2023,other,non-hisp,m,30-34,0.8904,synthetic_seed
TN,2023,other,non-hisp,f,30-34,0.7384,synthetic_seed
TN,2023,other,non-hisp,m,35-39,0.9078,synthetic_seed
TN,2023,other,non-hisp,f,35-39,0.7504,synthetic_seed
TN,2023,other,non-hisp,m,40-44,0.9198,synthetic_seed
TN,2023,other,non-hisp,f,40-44,0.7494,synthetic_seed
TN,2023,other,non-hisp,m,45-49,0.886,synthetic_seed
TN,2023,other,non-hisp,f,45-49,0.7616,synthetic_seed
TN,2023,other,non-hisp,m,50-54,0.8248,synthetic_seed
TN,2023,other,non-hisp,f,50-54,0.7482,synthetic_seed
TN,2023,other,non-hisp,m,55-59,0.7457,synthetic_seed
TN,2023,other,non-hisp,f,55-59,0.6557,synthetic_seed
TN,2023,other,non-hisp,m,60-64,0.5863,synthetic_seed
TN,2023,other,non-hisp,f,60-64,0.5159,synthetic_seed
TN,2023,other,non-hisp,m,65-69,0.3724,synthetic_seed
TN,2023,other,non-hisp,f,65-69,0.282,synthetic_seed
TN,2023,other,non-hisp,m,70-74,0.2266,synthetic_seed
TN,2023,other,non-hisp,f,70-74,0.1476,synthetic_seed
TN,2023,other,non-hisp,m,75-79,0.1188,synthetic_seed
TN,2023,other,non-hisp,f,75-79,0.0684,synthetic_seed
TN,2023,other,non-hisp,m,80-84,0.0588,synthetic_seed
TN,2023,other,non-hisp,f,80-84,0.0305,synthetic_seed
TN,2023,other,non-hisp,m,85+,0.0199,synthetic_seed
TN,2023,other,non-hisp,f,85+,0.0099,synthetic_seed
TN,2023,other,hisp,m,0-4,0.0,synthetic_seed
TN,2023,other,hisp,f,0-4,0.0,synthetic_seed
TN,2023,other,hisp,m,5-9,0.0,synthetic_seed
TN,2023,other,hisp,f,5-9,0.0,synthetic_seed
TN,2023,other,hisp,m,10-14,0.0,synthetic_seed
TN,2023,other,hisp,f,10-14,0.0,synthetic_seed
TN,2023,other,hisp,m,15-19,0.3599,synthetic_seed
TN,2023,other,hisp,f,15-19,0.3203,synthetic_seed
TN,2023,other,hisp,m,20-24,0.7352,synthetic_seed
TN,2023,other,hisp,f,20-24,0.703,synthetic_seed
TN,2023,other,hisp,m,25-29,0.8617,synthetic_seed
TN,2023,other,hisp,f,25-29,0.7334,synthetic_seed
TN,2023,other,hisp,m,30-34,0.8755,synthetic_seed
TN,2023,other,hisp,f,30-34,0.7332,synthetic_seed
TN,2023,other,hisp,m,35-39,0.9126,synthetic_seed
TN,2023,other,hisp,f,35-39,0.7582,synthetic_seed
TN,2023,other,hisp,m,40-44,0.8965,synthetic_seed
TN,2023,other,hisp,f,40-44,0.7636,synthetic_seed
TN,2023,other,hisp,m,45-49,0.8861,synthetic_seed
TN,2023,other,hisp,f,45-49,0.7888,synthetic_seed
TN,2023,other,hisp,m,50-54,0.825,synthetic_seed
TN,2023,other,hisp,f,50-54,0.7536,synthetic_seed
TN,2023,other,hisp,m,55-59,0.7558,synthetic_seed
TN,2023,other,hisp,f,55-59,0.632,synthetic_seed
TN,2023,other,hisp,m,60-64,0.5881,synthetic_seed
TN,2023,other,hisp,f,60-64,0.5117,synthetic_seed
TN,2023,other,hisp,m,65-69,0.3796,synthetic_seed
TN,2023,other,hisp,f,65-69,0.28,synthetic_seed
TN,2023,other,hisp,m,70-74,0.236,synthetic_seed
TN,2023,other,hisp,f,70-74,0.1514,synthetic_seed
TN,2023,other,hisp,m,75-79,0.1221,synthetic_seed
TN,2023,other,hisp,f,75-79,0.0723,synthetic_seed
TN,2023,other,hisp,m,80-84,0.0583,synthetic_seed
TN,2023,other,hisp,f,80-84,0.03,synthetic_seed
TN,2023,other,hisp,m,85+,0.0198,synthetic_seed
TN,2023,other,hisp,f,85+,0.0101,synthetic_seed
TX,2023,white,non-hisp,m,0-4,0.0,synthetic_seed
TX,2023,white,non-hisp,f,0-4,0.0,synthetic_seed
TX,2023,white,non-hisp,m,5-9,0.0,synthetic_seed
TX,2023,white,non-hisp,f,5-9,0.0,synthetic_seed
TX,2023,white,non-hisp,m,10-14,0.0,synthetic_seed
TX,2023,white,non-hisp,f,10-14,0.0,synthetic_seed
TX,2023,white,non-hisp,m,15-19,0.3545,synthetic_seed
TX,2023,white,non-hisp,f,15-19,0.3255,synthetic_seed
TX,2023,white,non-hisp,m,20-24,0.7364,synthetic_seed
TX,2023,white,non-hisp,f,20-24,0.6811,synthetic_seed
TX,2023,white,non-hisp,m,25-29,0.8798,synthetic_seed
TX,2023,white,non-hisp,f,25-29,0.7482,synthetic_seed
TX,2023,white,non-hisp,m,30-34,0.9155,synthetic_seed
TX,2023,white,non-hisp,f,30-34,0.7385,synthetic_seed
TX,2023,white,non-hisp,m,35-39,0.9039,synthetic_seed
TX,2023,white,non-hisp,f,35-39,0.7348,synthetic_seed
TX,2023,white,non-hisp,m,40-44,0.9166,synthetic_seed
TX,2023,white,non-hisp,f,40-44,0.7809,synthetic_seed
TX,2023,white,non-hisp,m,45-49,0.8516,synthetic_seed
TX,2023,white,non-hisp,f,45-49,0.7318,synthetic_seed
TX,2023,white,non-hisp,m,50-54,0.8275,synthetic_seed
TX,2023,white,non-hisp,f,50-54,0.75,synthetic_seed
TX,2023,white,non-hisp,m,55-59,0.7673,synthetic_seed
TX,2023,white,non-hisp,f,55-59,0.6547,synthetic_seed
TX,2023,white,non-hisp,m,60-64,0.5906,synthetic_seed
TX,2023,white,non-hisp,f,60-64,0.4858,synthetic_seed
TX,2023,white,non-hisp,m,65-69,0.3691,synthetic_seed
TX,2023,white,non-hisp,f,65-69,0.2756,synthetic_seed
TX,2023,white,non-hisp,m,70-74,0.2261,synthetic_seed
TX,2023,white,non-hisp,f,70-74,0.1541,synthetic_seed
TX,2023,white,non-hisp,m,75-79,0.1214,synthetic_seed
TX,2023,white,non-hisp,f,75-79,0.0685,synthetic_seed
TX,2023,white,non-hisp,m,80-84,0.059,synthetic_seed
TX,2023,white,non-hisp,f,80-84,0.0288,synthetic_seed
TX,2023,white,non-hisp,m,85+,0.0198,synthetic_seed
TX,2023,white,non-hisp,f,85+,0.0101,synthetic_seed
TX,2023,white,hisp,m,0-4,0.0,synthetic_seed
TX,2023,white,hisp,f,0-4,0.0,synthetic_seed
TX,2023,white,hisp,m,5-9,0.0,synthetic_seed
TX,2023,white,hisp,f,5-9,0.0,synthetic_seed
TX,2023,white,hisp,m,10-14,0.0,synthetic_seed
TX,2023,white,hisp,f,10-14,0.0,synthetic_seed
TX,2023,white,hisp,m,15-19,0.3606,synthetic_seed
TX,2023,white,hisp,f,15-19,0.3149,synthetic_seed
TX,2023,white,hisp,m,20-24,0.7696,synthetic_seed
TX,2023,white,hisp,f,20-24,0.7058,synthetic_seed
TX,2023,white,hisp,m,25-29,0.882,synthetic_seed
TX,2023,white,hisp,f,25-29,0.7527,synthetic_seed
TX,2023,white,hisp,m,30-34,0.9162,synthetic_seed
TX,2023,white,hisp,f,30-34,0.7339,synthetic_seed
TX,2023,white,hisp,m,35-39,0.8823,synthetic_seed
TX,2023,white,hisp,f,35-39,0.7442,synthetic_seed
TX,2023,white,hisp,m,40-44,0.8926,synthetic_seed
TX,2023,white,hisp,f,40-44,0.7712,synthetic_seed
TX,2023,white,hisp,m,45-49,0.8833,synthetic_seed
TX,2023,white,hisp,f,45-49,0.7541,synthetic_seed
TX,2023,white,hisp,m,50-54,0.8452,synthetic_seed
TX,2023,white,hisp,f,50-54,0.7296,synthetic_seed
TX,2023,white,hisp,m,55-59,0.7523,synthetic_seed
TX,2023,white,hisp,f,55-59,0.6448,synthetic_seed
TX,2023,white,hisp,m,60-64,0.5765,synthetic_seed
TX,2023,white,hisp,f,60-64,0.5039,synthetic_seed
TX,2023,white,hisp,m,65-69,0.3801,synthetic_seed
TX,2023,white,hisp,f,65-69,0.2717,synthetic_seed
TX,2023,white,hisp,m,70-74,0.2334,synthetic_seed
TX,2023,white,hisp,f,70-74,0.1484,synthetic_seed
TX,2023,white,hisp,m,75-79,0.1184,synthetic_seed
TX,2023,white,hisp,f,75-79,0.0696,synthetic_seed
TX,2023,white,hisp,m,80-84,0.0599,synthetic_seed
TX,2023,white,hisp,f,80-84,0.0285,synthetic_seed
TX,2023,white,hisp,m,85+,0.02,synthetic_seed
TX,2023,white,hisp,f,85+,0.0101,synthetic_seed
TX,2023,black,non-hisp,m,0-4,0.0,synthetic_seed
TX,2023,black,non-hisp,f,0-4,0.0,synthetic_seed
TX,2023,black,non-hisp,m,5-9,0.0,synthetic_seed
TX,2023,black,non-hisp,f,5-9,0.0,synthetic_seed
TX,2023,black,non-hisp,m,10-14,0.0,synthetic_seed
TX,2023,black,non-hisp,f,10-14,0.0,synthetic_seed
TX,2023,black,non-hisp,m,15-19,0.3433,synthetic_seed
TX,2023,black,non-hisp,f,15-19,0.3022,synthetic_seed
TX,2023,black,non-hisp,m,20-24,0.7534,synthetic_seed
TX,2023,black,non-hisp,f,20-24,0.6777,synthetic_seed
TX,2023,black,non-hisp,m,25-29,0.877,synthetic_seed
TX,2023,black,non-hisp,f,25-29,0.7235,synthetic_seed
TX,2023,black,non-hisp,m,30-34,0.8972,synthetic_seed
TX,2023,black,non-hisp,f,30-34,0.7311,synthetic_seed
TX,2023,black,non-hisp,m,35-39,0.8753,synthetic_seed
TX,2023,black,non-hisp,f,35-39,0.7313,synthetic_seed
TX,2023,black,non-hisp,m,40-44,0.8595,synthetic_seed
TX,2023,black,non-hisp,f,40-44,0.749,synthetic_seed
TX,2023,black,non-hisp,m,45-49,0.8513,synthetic_seed
TX,2023,black,non-hisp,f,45-49,0.7524,synthetic_seed
TX,2023,black,non-hisp,m,50-54,0.8117,synthetic_seed
TX,2023,black,non-hisp,f,50-54,0.7318,synthetic_seed
TX,2023,black,non-hisp,m,55-59,0.7214,synthetic_seed
TX,2023,black,non-hisp,f,55-59,0.6358,synthetic_seed
TX,2023,black,non-hisp,m,60-64,0.5775,synthetic_seed
TX,2023,black,non-hisp,f,60-64,0.4855,synthetic_seed
TX,2023,black,non-hisp,m,65-69,0.3747,synthetic_seed
TX,2023,black,non-hisp,f,65-69,0.2701,synthetic_seed
TX,2023,black,non-hisp,m,70-74,0.2279,synthetic_seed
TX,2023,black,non-hisp,f,70-74,0.1538,synthetic_seed
TX,2023,black,non-hisp,m,75-79,0.1158,synthetic_seed
TX,2023,black,non-hisp,f,75-79,0.0674,synthetic_seed
TX,2023,black,non-hisp,m,80-84,0.0582,synthetic_seed
TX,2023,black,non-hisp,f,80-84,0.0287,synthetic_seed
TX,2023,black,non-hisp,m,85+,0.0195,synthetic_seed
TX,2023,black,non-hisp,f,85+,0.0096,synthetic_seed
TX,2023,black,hisp,m,0-4,0.0,synthetic_seed
TX,2023,black,hisp,f,0-4,0.0,synthetic_seed
TX,2023,black,hisp,m,5-9,0.0,synthetic_seed
TX,2023,black,hisp,f,5-9,0.0,synthetic_seed
TX,2023,black,hisp,m,10-14,0.0,synthetic_seed
TX,2023,black,hisp,f,10-14,0.0,synthetic_seed
TX,2023,black,hisp,m,15-19,0.3377,synthetic_seed
TX,2023,black,hisp,f,15-19,0.3178,synthetic_seed
TX,2023,black,hisp,m,20-24,0.7409,synthetic_seed
TX,2023,black,hisp,f,20-24,0.6851,synthetic_seed
TX,2023,black,hisp,m,25-29,0.8934,synthetic_seed
TX,2023,black,hisp,f,25-29,0.7065,synthetic_seed
TX,2023,black,hisp,m,30-34,0.8823,synthetic_seed
TX,2023,black,hisp,f,30-34,0.7058,synthetic_seed
TX,2023,black,hisp,m,35-39,0.9157,synthetic_seed
TX,2023,black,hisp,f,35-39,0.6936,synthetic_seed
TX,2023,black,hisp,m,40-44,0.86,synthetic_seed
TX,2023,black,hisp,f,40-44,0.7286,synthetic_seed
TX,2023,black,hisp,m,45-49,0.8721,synthetic_seed
TX,2023,black,hisp,f,45-49,0.7433,synthetic_seed
TX,2023,black,hisp,m,50-54,0.8034,synthetic_seed
TX,2023,black,hisp,f,50-54,0.7193,synthetic_seed
TX,2023,black,hisp,m,55-59,0.7365,synthetic_seed
TX,2023,black,hisp,f,55-59,0.6339,synthetic_seed
TX,2023,black,hisp,m,60-64,0.5669,synthetic_seed
TX,2023,black,hisp,f,60-64,0.4735,synthetic_seed
TX,2023,black,hisp,m,65-69,0.3682,synthetic_seed
TX,2023,black,hisp,f,65-69,0.2759,synthetic_seed
TX,2023,black,hisp,m,70-74,0.2263,synthetic_seed
TX,2023,black,hisp,f,70-74,0.144,synthetic_seed
TX,2023,black,hisp,m,75-79,0.1154,synthetic_seed
TX,2023,black,hisp,f,75-79,0.068,synthetic_seed
TX,2023,black,hisp,m,80-84,0.0577,synthetic_seed
TX,2023,black,hisp,f,80-84,0.0296,synthetic_seed
TX,2023,black,hisp,m,85+,0.0185,synthetic_seed
TX,2023,black,hisp,f,85+,0.0099,synthetic_seed
TX,2023,asian,non-hisp,m,0-4,0.0,synthetic_seed
TX,2023,asian,non-hisp,f,0-4,0.0,synthetic_seed
TX,2023,asian,non-hisp,m,5-9,0.0,synthetic_seed
TX,2023,asian,non-hisp,f,5-9,0.0,synthetic_seed
TX,2023,asian,non-hisp,m,10-14,0.0,synthetic_seed
TX,2023,asian,non-hisp,f,10-14,0.0,synthetic_seed
TX,2023,asian,non-hisp,m,15-19,0.3754,synthetic_seed
TX,2023,asian,non-hisp,f,15-19,0.3371,synthetic_seed
TX,2023,asian,non-hisp,m,20-24,0.774,synthetic_seed
TX,2023,asian,non-hisp,f,20-24,0.7114,synthetic_seed
TX,2023,asian,non-hisp,m,25-29,0.8782,synthetic_seed
TX,2023,asian,non-hisp,f,25-29,0.7465,synthetic_seed
TX,2023,asian,non-hisp,m,30-34,0.934,synthetic_seed
TX,2023,asian,non-hisp,f,30-34,0.7414,synthetic_seed
TX,2023,asian,non-hisp,m,35-39,0.9333,synthetic_seed
TX,2023,asian,non-hisp,f,35-39,0.7381,synthetic_seed
TX,2023,asian,non-hisp,m,40-44,0.9218,synthetic_seed
TX,2023,asian,non-hisp,f,40-44,0.7766,synthetic_seed
TX,2023,asian,non-hisp,m,45-49,0.8966,synthetic_seed
TX,2023,asian,non-hisp,f,45-49,0.7972,synthetic_seed
TX,2023,asian,non-hisp,m,50-54,0.8328,synthetic_seed
TX,2023,asian,non-hisp,f,50-54,0.7624,synthetic_seed
TX,2023,asian,non-hisp,m,55-59,0.7653,synthetic_seed
TX,2023,asian,non-hisp,f,55-59,0.6418,synthetic_seed
TX,2023,asian,non-hisp,m,60-64,0.6033,synthetic_seed
TX,2023,asian,non-hisp,f,60-64,0.5127,synthetic_seed
TX,2023,asian,non-hisp,m,65-69,0.3895,synthetic_seed
TX,2023,asian,non-hisp,f,65-69,0.2892,synthetic_seed
TX,2023,asian,non-hisp,m,70-74,0.2346,synthetic_seed
TX,2023,asian,non-hisp,f,70-74,0.1549,synthetic_seed
TX,2023,asian,non-hisp,m,75-79,0.1222,synthetic_seed
TX,2023,asian,non-hisp,f,75-79,0.0711,synthetic_seed
TX,2023,asian,non-hisp,m,80-84,0.0623,synthetic_seed
TX,2023,asian,non-hisp,f,80-84,0.0306,synthetic_seed
TX,2023,asian,non-hisp,m,85+,0.0213,synthetic_seed
TX,2023,asian,non-hisp,f,85+,0.0102,synthetic_seed
TX,2023,asian,hisp,m,0-4,0.0,synthetic_seed
TX,2023,asian,hisp,f,0-4,0.0,synthetic_seed
TX,2023,asian,hisp,m,5-9,0.0,synthetic_seed
TX,2023,asian,hisp,f,5-9,0.0,synthetic_seed
TX,2023,asian,hisp,m,10-14,0.0,synthetic_seed
TX,2023,asian,hisp,f,10-14,0.0,synthetic_seed
TX,2023,asian,hisp,m,15-19,0.3686,synthetic_seed
TX,2023,asian,hisp,f,15-19,0.3299,synthetic_seed
TX,2023,asian,hisp,m,20-24,0.7741,synthetic_seed
TX,2023,asian,hisp,f,20-24,0.7093,synthetic_seed
TX,2023,asian,hisp,m,25-29,0.9309,synthetic_seed
TX,2023,asian,hisp,f,25-29,0.7465,synthetic_seed
TX,2023,asian,hisp,m,30-34,0.9452,synthetic_seed
TX,2023,asian,hisp,f,30-34,0.7468,synthetic_seed
TX,2023,asian,hisp,m,35-39,0.9447,synthetic_seed
TX,2023,asian,hisp,f,35-39,0.7587,synthetic_seed
TX,2023,asian,hisp,m,40-44,0.9066,synthetic_seed
TX,2023,asian,hisp,f,40-44,0.8022,synthetic_seed
TX,2023,asian,hisp,m,45-49,0.9023,synthetic_seed
TX,2023,asian,hisp,f,45-49,0.779,synthetic_seed
TX,2023,asian,hisp,m,50-54,0.868,synthetic_seed
TX,2023,asian,hisp,f,50-54,0.7609,synthetic_seed
TX,2023,asian,hisp,m,55-59,0.7745,synthetic_seed
TX,2023,asian,hisp,f,55-59,0.6755,synthetic_seed
TX,2023,asian,hisp,m,60-64,0.6096,synthetic_seed
TX,2023,asian,hisp,f,60-64,0.515,synthetic_seed
TX,2023,asian,hisp,m,65-69,0.3866,synthetic_seed
TX,2023,asian,hisp,f,65-69,0.282,synthetic_seed
TX,2023,asian,hisp,m,70-74,0.2363,synthetic_seed
TX,2023,asian,hisp,f,70-74,0.155,synthetic_seed
TX,2023,asian,hisp,m,75-79,0.1266,synthetic_seed
TX,2023,asian,hisp,f,75-79,0.0719,synthetic_seed
TX,2023,asian,hisp,m,80-84,0.0609,synthetic_seed
TX,2023,asian,hisp,f,80-84,0.0307,synthetic_seed
TX,2023,asian,hisp,m,85+,0.0206,synthetic_seed
TX,2023,asian,hisp,f,85+,0.0102,synthetic_seed
TX,2023,other,non-hisp,m,0-4,0.0,synthetic_seed
TX,2023,other,non-hisp,f,0-4,0.0,synthetic_seed
TX,2023,other,non-hisp,m,5-9,0.0,synthetic_seed
TX,2023,other,non-hisp,f,5-9,0.0,synthetic_seed
TX,2023,other,non-hisp,m,10-14,0.0,synthetic_seed
TX,2023,other,non-hisp,f,10-14,0.0,synthetic_seed
TX,2023,other,non-hisp,m,15-19,0.3536,synthetic_seed
TX,2023,other,non-hisp,f,15-19,0.321,synthetic_seed
TX,2023,other,non-hisp,m,20-24,0.7428,synthetic_seed
TX,2023,other,non-hisp,f,20-24,0.7181,synthetic_seed
TX,2023,other,non-hisp,m,25-29,0.9227,synthetic_seed
TX,2023,other,non-hisp,f,25-29,0.7212,synthetic_seed
TX,2023,other,non-hisp,m,30-34,0.9284,synthetic_seed
TX,2023,other,non-hisp,f,30-34,0.7329,synthetic_seed
TX,2023,other,non-hisp,m,35-39,0.9333,synthetic_seed
TX,2023,other,non-hisp,f,35-39,0.7485,synthetic_seed
TX,2023,other,non-hisp,m,40-44,0.9292,synthetic_seed
TX,2023,other,non-hisp,f,40-44,0.7663,synthetic_seed
TX,2023,other,non-hisp,m,45-49,0.8821,synthetic_seed
TX,2023,other,non-hisp,f,45-49,0.7689,synthetic_seed
TX,2023,other,non-hisp,m,50-54,0.8402,synthetic_seed
TX,2023,other,non-hisp,f,50-54,0.7375,synthetic_seed
TX,2023,other,non-hisp,m,55-59,0.7477,synthetic_seed
TX,2023,other,non-hisp,f,55-59,0.6526,synthetic_seed
TX,2023,other,non-hisp,m,60-64,0.6051,synthetic_seed
TX,2023,other,non-hisp,f,60-64,0.4969,synthetic_seed
TX,2023,other,non-hisp,m,65-69,0.3875,synthetic_seed
TX,2023,other,non-hisp,f,65-69,0.2861,synthetic_seed
TX,2023,other,non-hisp,m,70-74,0.2325,synthetic_seed
TX,2023,other,non-hisp,f,70-74,0.1517,synthetic_seed
TX,2023,other,non-hisp,m,75-79,0.119,synthetic_seed
TX,2023,other,non-hisp,f,75-79,0.07,synthetic_seed
TX,2023,other,non-hisp,m,80-84,0.0602,synthetic_seed
TX,2023,other,non-hisp,f,80-84,0.0305,synthetic_seed
TX,2023,other,non-hisp,m,85+,0.0205,synthetic_seed
TX,2023,other,non-hisp,f,85+,0.0099,synthetic_seed
TX,2023,other,hisp,m,0-4,0.0,synthetic_seed
TX,2023,other,hisp,f,0-4,0.0,synthetic_seed
TX,2023,other,hisp,m,5-9,0.0,synthetic_seed
TX,2023,other,hisp,f,5-9,0.0,synthetic_seed
TX,2023,other,hisp,m,10-14,0.0,synthetic_seed
TX,2023,other,hisp,f,10-14,0.0,synthetic_seed
TX,2023,other,hisp,m,15-19,0.3655,synthetic_seed
TX,2023,other,hisp,f,15-19,0.3191,synthetic_seed
TX,2023,other,hisp,m,20-24,0.7474,synthetic_seed
TX,2023,other,hisp,f,20-24,0.6993,synthetic_seed
TX,2023,other,hisp,m,25-29,0.8713,synthetic_seed
TX,2023,other,hisp,f,25-29,0.7375,synthetic_seed
TX,2023,other,hisp,m,30-34,0.9479,synthetic_seed
TX,2023,other,hisp,f,30-34,0.7227,synthetic_seed
TX,2023,other,hisp,m,35-39,0.9548,synthetic_seed
TX,2023,other,hisp,f,35-39,0.7343,synthetic_seed
TX,2023,other,hisp,m,40-44,0.9039,synthetic_seed
TX,2023,other,hisp,f,40-44,0.7404,synthetic_seed
TX,2023,other,hisp,m,45-49,0.8732,synthetic_seed
TX,2023,other,hisp,f,45-49,0.7567,synthetic_seed
TX,2023,other,hisp,m,50-54,0.7977,synthetic_seed
TX,2023,other,hisp,f,50-54,0.7359,synthetic_seed
TX,2023,other,hisp,m,55-59,0.7368,synthetic_seed
TX,2023,other,hisp,f,55-59,0.6568,synthetic_seed
TX,2023,other,hisp,m,60-64,0.6225,synthetic_seed
TX,2023,other,hisp,f,60-64,0.4924,synthetic_seed
TX,2023,other,hisp,m,65-69,0.3638,synthetic_seed
TX,2023,other,hisp,f,65-69,0.2818,synthetic_seed
TX,2023,other,hisp,m,70-74,0.2377,synthetic_seed
TX,2023,other,hisp,f,70-74,0.1522,synthetic_seed
TX,2023,other,hisp,m,75-79,0.1231,synthetic_seed
TX,2023,other,hisp,f,75-79,0.0715,synthetic_seed
TX,2023,other,hisp,m,80-84,0.0584,synthetic_seed
TX,2023,other,hisp,f,80-84,0.0305,synthetic_seed
TX,2023,other,hisp,m,85+,0.0209,synthetic_seed
TX,2023,other,hisp,f,85+,0.01,synthetic_seed
UT,2023,white,non-hisp,m,0-4,0.0,synthetic_seed
UT,2023,white,non-hisp,f,0-4,0.0,synthetic_seed
UT,2023,white,non-hisp,m,5-9,0.0,synthetic_seed
UT,2023,white,non-hisp,f,5-9,0.0,synthetic_seed
UT,2023,white,non-hisp,m,10-14,0.0,synthetic_seed
UT,2023,white,non-hisp,f,10-14,0.0,synthetic_seed
UT,2023,white,non-hisp,m,15-19,0.3707,synthetic_seed
UT,2023,white,non-hisp,f,15-19,0.328,synthetic_seed
UT,2023,white,non-hisp,m,20-24,0.7505,synthetic_seed
UT,2023,white,non-hisp,f,20-24,0.7114,synthetic_seed
UT,2023,white,non-hisp,m,25-29,0.8636,synthetic_seed
UT,2023,white,non-hisp,f,25-29,0.738,synthetic_seed
UT,2023,white,non-hisp,m,30-34,0.9144,synthetic_seed
UT,2023,white,non-hisp,f,30-34,0.7295,synthetic_seed
UT,2023,white,non-hisp,m,35-39,0.8976,synthetic_seed
UT,2023,white,non-hisp,f,35-39,0.7195,synthetic_seed
UT,2023,white,non-hisp,m,40-44,0.8952,synthetic_seed
UT,2023,white,non-hisp,f,40-44,0.7554,synthetic_seed
UT,2023,white,non-hisp,m,45-49,0.8881,synthetic_seed
UT,2023,white,non-hisp,f,45-49,0.7796,synthetic_seed
UT,2023,white,non-hisp,m,50-54,0.8193,synthetic_seed
UT,2023,white,non-hisp,f,50-54,0.7309,synthetic_seed
UT,2023,white,non-hisp,m,55-59,0.7441,synthetic_seed
UT,2023,white,non-hisp,f,55-59,0.668,synthetic_seed
UT,2023,white,non-hisp,m,60-64,0.5967,synthetic_seed
UT,2023,white,non-hisp,f,60-64,0.4933,synthetic_seed
UT,2023,white,non-hisp,m,65-69,0.3785,synthetic_seed
UT,2023,white,non-hisp,f,65-69,0.2818,synthetic_seed
UT,2023,white,non-hisp,m,70-74,0.2278,synthetic_seed
UT,2023,white,non-hisp,f,70-74,0.1479,synthetic_seed
UT,2023,white,non-hisp,m,75-79,0.1179,synthetic_seed
UT,2023,white,non-hisp,f,75-79,0.0697,synthetic_seed
UT,2023,white,non-hisp,m,80-84,0.0607,synthetic_seed
UT,2023,white,non-hisp,f,80-84,0.0289,synthetic_seed
UT,2023,white,non-hisp,m,85+,0.0195,synthetic_seed
UT,2023,white,non-hisp,f,85+,0.0099,synthetic_seed
UT,2023,white,hisp,m,0-4,0.0,synthetic_seed
UT,2023,white,hisp,f,0-4,0.0,synthetic_seed
UT,2023,white,hisp,m,5-9,0.0,synthetic_seed
UT,2023,white,hisp,f,5-9,0.0,synthetic_seed
UT,2023,white,hisp,m,10-14,0.0,synthetic_seed
UT,2023,white,hisp,f,10-14,0.0,synthetic_seed
UT,2023,white,hisp,m,15-19,0.3593,synthetic_seed
UT,2023,white,hisp,f,15-19,0.3256,synthetic_seed
UT,2023,white,hisp,m,20-24,0.7547,synthetic_seed
UT,2023,white,hisp,f,20-24,0.7118,synthetic_seed
UT,2023,white,hisp,m,25-29,0.8812,synthetic_seed
UT,2023,white,hisp,f,25-29,0.7432,synthetic_seed
UT,2023,white,hisp,m,30-34,0.888,synthetic_seed
UT,2023,white,hisp,f,30-34,0.7035,synthetic_seed
UT,2023,white,hisp,m,35-39,0.9032,synthetic_seed
UT,2023,white,hisp,f,35-39,0.7277,synthetic_seed
UT,2023,white,hisp,m,40-44,0.9056,synthetic_seed
UT,2023,white,hisp,f,40-44,0.7755,synthetic_seed
UT,2023,white,hisp,m,45-49,0.8877,synthetic_seed
UT,2023,white,hisp,f,45-49,0.7606,synthetic_seed
UT,2023,white,hisp,m,50-54,0.8389,synthetic_seed
UT,2023,white,hisp,f,50-54,0.753,synthetic_seed
UT,2023,white,hisp,m,55-59,0.7721,synthetic_seed
UT,2023,white,hisp,f,55-59,0.6548,synthetic_seed
UT,2023,white,hisp,m,60-64,0.6104,synthetic_seed
UT,2023,white,hisp,f,60-64,0.479,synthetic_seed
UT,2023,white,hisp,m,65-69,0.3852,synthetic_seed
UT,2023,white,hisp,f,65-69,0.2817,synthetic_seed
UT,2023,white,hisp,m,70-74,0.2311,synthetic_seed
UT,2023,white,hisp,f,70-74,0.1543,synthetic_seed
UT,2023,white,hisp,m,75-79,0.1231,synthetic_seed
UT,2023,white,hisp,f,75-79,0.0716,synthetic_seed
UT,2023,white,hisp,m,80-84,0.0605,synthetic_seed
UT,2023,white,hisp,f,80-84,0.0283,synthetic_seed
UT,2023,white,hisp,m,85+,0.0194,synthetic_seed
UT,2023,white,hisp,f,85+,0.0101,synthetic_seed
UT,2023,black,non-hisp,m,0-4,0.0,synthetic_seed
UT,2023,black,non-hisp,f,0-4,0.0,synthetic_seed
UT,2023,black,non-hisp,m,5-9,0.0,synthetic_seed
UT,2023,black,non-hisp,f,5-9,0.0,synthetic_seed
UT,2023,black,non-hisp,m,10-14,0.0,synthetic_seed
UT,2023,black,non-hisp,f,10-14,0.0,synthetic_seed
UT,2023,black,non-hisp,m,15-19,0.341,synthetic_seed
UT,2023,black,non-hisp,f,15-19,0.3215,synthetic_seed
UT,2023,black,non-hisp,m,20-24,0.714,synthetic_seed
UT,2023,black,non-hisp,f,20-24,0.6817,synthetic_seed
UT,2023,black,non-hisp,m,25-29,0.8626,synthetic_seed
UT,2023,black,non-hisp,f,25-29,0.7343,synthetic_seed
UT,2023,black,non-hisp,m,30-34,0.8773,synthetic_seed
UT,2023,black,non-hisp,f,30-34,0.6973,synthetic_seed
UT,2023,black,non-hisp,m,35-39,0.8844,synthetic_seed
UT,2023,black,non-hisp,f,35-39,0.7388,synthetic_seed
UT,2023,black,non-hisp,m,40-44,0.8618,synthetic_seed
UT,2023,black,non-hisp,f,40-44,0.7494,synthetic_seed
UT,2023,black,non-hisp,m,45-49,0.8215,synthetic_seed
UT,2023,black,non-hisp,f,45-49,0.7519,synthetic_seed
UT,2023,black,non-hisp,m,50-54,0.8048,synthetic_seed
UT,2023,black,non-hisp,f,50-54,0.6985,synthetic_seed
UT,2023,black,non-hisp,m,55-59,0.7364,synthetic_seed
UT,2023,black,non-hisp,f,55-59,0.6279,synthetic_seed
UT,2023,black,non-hisp,m,60-64,0.5767,synthetic_seed
UT,2023,black,non-hisp,f,60-64,0.4946,synthetic_seed
UT,2023,black,non-hisp,m,65-69,0.37,synthetic_seed
UT,2023,black,non-hisp,f,65-69,0.276,synthetic_seed
UT,2023,black,non-hisp,m,70-74,0.2262,synthetic_seed
UT,2023,black,non-hisp,f,70-74,0.1415,synthetic_seed
UT,2023,black,non-hisp,m,75-79,0.1187,synthetic_seed
UT,2023,black,non-hisp,f,75-79,0.0644,synthetic_seed
UT,2023,black,non-hisp,m,80-84,0.0585,synthetic_seed
UT,2023,black,non-hisp,f,80-84,0.0299,synthetic_seed
UT,2023,black,non-hisp,m,85+,0.0198,synthetic_seed
UT,2023,black,non-hisp,f,85+,0.0094,synthetic_seed
UT,2023,black,hisp,m,0-4,0.0,synthetic_seed
UT,2023,black,hisp,f,0-4,0.0,synthetic_seed
UT,2023,black,hisp,m,5-9,0.0,synthetic_seed
UT,2023,black,hisp,f,5-9,0.0,synthetic_seed
UT,2023,black,hisp,m,10-14,0.0,synthetic_seed
UT,2023,black,hisp,f,10-14,0.0,synthetic_seed
UT,2023,black,hisp,m,15-19,0.3544,synthetic_seed
UT,2023,black,hisp,f,15-19,0.3062,synthetic_seed
UT,2023,black,hisp,m,20-24,0.7248,synthetic_seed
UT,2023,black,hisp,f,20-24,0.6862,synthetic_seed
UT,2023,black,hisp,m,25-29,0.8608,synthetic_seed
UT,2023,black,hisp,f,25-29,0.7341,synthetic_seed
UT,2023,black,hisp,m,30-34,0.904,synthetic_seed
UT,2023,black,hisp,f,30-34,0.6713,synthetic_seed
UT,2023,black,hisp,m,35-39,0.8953,synthetic_seed
UT,2023,black,hisp,f,35-39,0.7287,synthetic_seed
UT,2023,black,hisp,m,40-44,0.8553,synthetic_seed
UT,2023,black,hisp,f,40-44,0.7532,synthetic_seed
UT,2023,black,hisp,m,45-49,0.8601,synthetic_seed
UT,2023,black,hisp,f,45-49,0.7292,synthetic_seed
UT,2023,black,hisp,m,50-54,0.8071,synthetic_seed
UT,2023,black,hisp,f,50-54,0.7141,synthetic_seed
UT,2023,black,hisp,m,55-59,0.732,synthetic_seed
UT,2023,black,hisp,f,55-59,0.6367,synthetic_seed
UT,2023,black,hisp,m,60-64,0.5851,synthetic_seed
UT,2023,black,hisp,f,60-64,0.4721,synthetic_seed
UT,2023,black,hisp,m,65-69,0.3712,synthetic_seed
UT,2023,black,hisp,f,65-69,0.2711,synthetic_seed
UT,2023,black,hisp,m,70-74,0.2281,synthetic_seed
UT,2023,black,hisp,f,70-74,0.1426,synthetic_seed
UT,2023,black,hisp,m,75-79,0.1184,synthetic_seed
UT,2023,black,hisp,f,75-79,0.0673,synthetic_seed
UT,2023,black,hisp,m,80-84,0.0578,synthetic_seed
UT,2023,black,hisp,f,80-84,0.0294,synthetic_seed
UT,2023,black,hisp,m,85+,0.0195,synthetic_seed
UT,2023,black,hisp,f,85+,0.01,synthetic_seed
UT,2023,asian,non-hisp,m,0-4,0.0,synthetic_seed
UT,2023,asian,non-hisp,f,0-4,0.0,synthetic_seed
UT,2023,asian,non-hisp,m,5-9,0.0,synthetic_seed
UT,2023,asian,non-hisp,f,5-9,0.0,synthetic_seed
UT,2023,asian,non-hisp,m,10-14,0.0,synthetic_seed
UT,2023,asian,non-hisp,f,10-14,0.0,synthetic_seed
UT,2023,asian,non-hisp,m,15-19,0.3692,synthetic_seed
UT,2023,asian,non-hisp,f,15-19,0.3315,synthetic_seed
UT,2023,asian,non-hisp,m,20-24,0.79,synthetic_seed
UT,2023,asian,non-hisp,f,20-24,0.712,synthetic_seed
UT,2023,asian,non-hisp,m,25-29,0.8987,synthetic_seed
UT,2023,asian,non-hisp,f,25-29,0.77,synthetic_seed
UT,2023,asian,non-hisp,m,30-34,0.9036,synthetic_seed
UT,2023,asian,non-hisp,f,30-34,0.7345,synthetic_seed
UT,2023,asian,non-hisp,m,35-39,0.9311,synthetic_seed
UT,2023,asian,non-hisp,f,35-39,0.7506,synthetic_seed
UT,2023,asian,non-hisp,m,40-44,0.9268,synthetic_seed
UT,2023,asian,non-hisp,f,40-44,0.7821,synthetic_seed
UT,2023,asian,non-hisp,m,45-49,0.8934,synthetic_seed
UT,2023,asian,non-hisp,f,45-49,0.7864,synthetic_seed
UT,2023,asian,non-hisp,m,50-54,0.8441,synthetic_seed
UT,2023,asian,non-hisp,f,50-54,0.7649,synthetic_seed
UT,2023,asian,non-hisp,m,55-59,0.7408,synthetic_seed
UT,2023,asian,non-hisp,f,55-59,0.6441,synthetic_seed
UT,2023,asian,non-hisp,m,60-64,0.6312,synthetic_seed
UT,2023,asian,non-hisp,f,60-64,0.5039,synthetic_seed
UT,2023,asian,non-hisp,m,65-69,0.3816,synthetic_seed
UT,2023,asian,non-hisp,f,65-69,0.2893,synthetic_seed
UT,2023,asian,non-hisp,m,70-74,0.2334,synthetic_seed
UT,2023,asian,non-hisp,f,70-74,0.1495,synthetic_seed
UT,2023,asian,non-hisp,m,75-79,0.1236,synthetic_seed
UT,2023,asian,non-hisp,f,75-79,0.0724,synthetic_seed
UT,2023,asian,non-hisp,m,80-84,0.062,synthetic_seed
UT,2023,asian,non-hisp,f,80-84,0.0303,synthetic_seed
UT,2023,asian,non-hisp,m,85+,0.021,synthetic_seed
UT,2023,asian,non-hisp,f,85+,0.0105,synthetic_seed
UT,2023,asian,hisp,m,0-4,0.0,synthetic_seed
UT,2023,asian,hisp,f,0-4,0.0,synthetic_seed
UT,2023,asian,hisp,m,5-9,0.0,synthetic_seed
UT,2023,asian,hisp,f,5-9,0.0,synthetic_seed
UT,2023,asian,hisp,m,10-14,0.0,synthetic_seed
UT,2023,asian,hisp,f,10-14,0.0,synthetic_seed
UT,2023,asian,hisp,m,15-19,0.3638,synthetic_seed
UT,2023,asian,hisp,f,15-19,0.3277,synthetic_seed
UT,2023,asian,hisp,m,20-24,0.7488,synthetic_seed
UT,2023,asian,hisp,f,20-24,0.7125,synthetic_seed
UT,2023,asian,hisp,m,25-29,0.8914,synthetic_seed
UT,2023,asian,hisp,f,25-29,0.7673,synthetic_seed
UT,2023,asian,hisp,m,30-34,0.9383,synthetic_seed
UT,2023,asian,hisp,f,30-34,0.7661,synthetic_seed
UT,2023,asian,hisp,m,35-39,0.9551,synthetic_seed
UT,2023,asian,hisp,f,35-39,0.7521,synthetic_seed
UT,2023,asian,hisp,m,40-44,0.9501,synthetic_seed
UT,2023,asian,hisp,f,40-44,0.7863,synthetic_seed
UT,2023,asian,hisp,m,45-49,0.929,synthetic_seed
UT,2023,asian,hisp,f,45-49,0.7882,synthetic_seed
UT,2023,asian,hisp,m,50-54,0.846,synthetic_seed
UT,2023,asian,hisp,f,50-54,0.765,synthetic_seed
UT,2023,asian,hisp,m,55-59,0.763,synthetic_seed
UT,2023,asian,hisp,f,55-59,0.6661,synthetic_seed
UT,2023,asian,hisp,m,60-64,0.6041,synthetic_seed
UT,2023,asian,hisp,f,60-64,0.5002,synthetic_seed
UT,2023,asian,hisp,m,65-69,0.3819,synthetic_seed
UT,2023,asian,hisp,f,65-69,0.2835,synthetic_seed
UT,2023,asian,hisp,m,70-74,0.2432,synthetic_seed
UT,2023,asian,hisp,f,70-74,0.1537,synthetic_seed
UT,2023,asian,hisp,m,75-79,0.1242,synthetic_seed
UT,2023,asian,hisp,f,75-79,0.071,synthetic_seed
UT,2023,asian,hisp,m,80-84,0.0601,synthetic_seed
UT,2023,asian,hisp,f,80-84,0.0309,synthetic_seed
UT,2023,asian,hisp,m,85+,0.0207,synthetic_seed
UT,2023,asian,hisp,f,85+,0.0101,synthetic_seed
UT,2023,other,non-hisp,m,0-4,0.0,synthetic_seed
UT,2023,other,non-hisp,f,0-4,0.0,synthetic_seed
UT,2023,other,non-hisp,m,5-9,0.0,synthetic_seed
UT,2023,other,non-hisp,f,5-9,0.0,synthetic_seed
UT,2023,other,non-hisp,m,10-14,0.0,synthetic_seed
UT,2023,other,non-hisp,f,10-14,0.0,synthetic_seed
UT,2023,other,non-hisp,m,15-19,0.3517,synthetic_seed
UT,2023,other,non-hisp,f,15-19,0.3191,synthetic_seed
UT,2023,other,non-hisp,m,20-24,0.7409,synthetic_seed
UT,2023,other,non-hisp,f,20-24,0.7222,synthetic_seed
UT,2023,other,non-hisp,m,25-29,0.8656,synthetic_seed
UT,2023,other,non-hisp,f,25-29,0.7567,synthetic_seed
UT,2023,other,non-hisp,m,30-34,0.9083,synthetic_seed
UT,2023,other,non-hisp,f,30-34,0.7169,synthetic_seed
UT,2023,other,non-hisp,m,35-39,0.9023,synthetic_seed
UT,2023,other,non-hisp,f,35-39,0.7659,synthetic_seed
UT,2023,other,non-hisp,m,40-44,0.8889,synthetic_seed
UT,2023,other,non-hisp,f,40-44,0.774,synthetic_seed
UT,2023,other,non-hisp,m,45-49,0.8578,synthetic_seed
UT,2023,other,non-hisp,f,45-49,0.7649,synthetic_seed
UT,2023,other,non-hisp,m,50-54,0.8371,synthetic_seed
UT,2023,other,non-hisp,f,50-54,0.7386,synthetic_seed
UT,2023,other,non-hisp,m,55-59,0.749,synthetic_seed
UT,2023,other,non-hisp,f,55-59,0.6499,synthetic_seed
UT,2023,other,non-hisp,m,60-64,0.6253,synthetic_seed
UT,2023,other,non-hisp,f,60-64,0.5102,synthetic_seed
UT,2023,other,non-hisp,m,65-69,0.3831,synthetic_seed
UT,2023,other,non-hisp,f,65-69,0.281,synthetic_seed
UT,2023,other,non-hisp,m,70-74,0.2307,synthetic_seed
UT,2023,other,non-hisp,f,70-74,0.1504,synthetic_seed
UT,2023,other,non-hisp,m,75-79,0.1211,synthetic_seed
UT,2023,other,non-hisp,f,75-79,0.0721,synthetic_seed
UT,2023,other,non-hisp,m,80-84,0.0603,synthetic_seed
UT,2023,other,non-hisp,f,80-84,0.0292,synthetic_seed
UT,2023,other,non-hisp,m,85+,0.0208,synthetic_seed
UT,2023,other,non-hisp,f,85+,0.0102,synthetic_seed
UT,2023,other,hisp,m,0-4,0.0,synthetic_seed
UT,2023,other,hisp,f,0-4,0.0,synthetic_seed
UT,2023,other,hisp,m,5-9,0.0,synthetic_seed
UT,2023,other,hisp,f,5-9,0.0,synthetic_seed
UT,2023,other,hisp,m,10-14,0.0,synthetic_seed
UT,2023,other,hisp,f,10-14,0.0,synthetic_seed
UT,2023,other,hisp,m,15-19,0.3644,synthetic_seed
UT,2023,other,hisp,f,15-19,0.3129,synthetic_seed
UT,2023,other,hisp,m,20-24,0.7315,synthetic_seed
UT,2023,other,hisp,f,20-24,0.7107,synthetic_seed
UT,2023,other,hisp,m,25-29,0.851,synthetic_seed
UT,2023,other,hisp,f,25-29,0.7513,synthetic_seed
UT,2023,other,hisp,m,30-34,0.9218,synthetic_seed
UT,2023,other,hisp,f,30-34,0.7242,synthetic_seed
UT,2023,other,hisp,m,35-39,0.9305,synthetic_seed
UT,2023,other,hisp,f,35-39,0.7483,synthetic_seed
UT,2023,other,hisp,m,40-44,0.9096,synthetic_seed
UT,2023,other,hisp,f,40-44,0.7426,synthetic_seed
UT,2023,other,hisp,m,45-49,0.8534,synthetic_seed
UT,2023,other,hisp,f,45-49,0.7796,synthetic_seed
UT,2023,other,hisp,m,50-54,0.8108,synthetic_seed
UT,2023,other,hisp,f,50-54,0.7309,synthetic_seed
UT,2023,other,hisp,m,55-59,0.7157,synthetic_seed
UT,2023,other,hisp,f,55-59,0.6523,synthetic_seed
UT,2023,other,hisp,m,60-64,0.5901,synthetic_seed
UT,2023,other,hisp,f,60-64,0.4979,synthetic_seed
UT,2023,other,hisp,m,65-69,0.3775,synthetic_seed
UT,2023,other,hisp,f,65-69,0.2758,synthetic_seed
UT,2023,other,hisp,m,70-74,0.2288,synthetic_seed
UT,2023,other,hisp,f,70-74,0.1507,synthetic_seed
UT,2023,other,hisp,m,75-79,0.1193,synthetic_seed
UT,2023,other,hisp,f,75-79,0.0711,synthetic_seed
UT,2023,other,hisp,m,80-84,0.0613,synthetic_seed
UT,2023,other,hisp,f,80-84,0.0304,synthetic_seed
UT,2023,other,hisp,m,85+,0.0199,synthetic_seed
UT,2023,other,hisp,f,85+,0.0099,synthetic_seed
VT,2023,white,non-hisp,m,0-4,0.0,synthetic_seed
VT,2023,white,non-hisp,f,0-4,0.0,synthetic_seed
VT,2023,white,non-hisp,m,5-9,0.0,synthetic_seed
VT,2023,white,non-hisp,f,5-9,0.0,synthetic_seed
VT,2023,white,non-hisp,m,10-14,0.0,synthetic_seed
VT,2023,white,non-hisp,f,10-14,0.0,synthetic_seed
VT,2023,white,non-hisp,m,15-19,0.3563,synthetic_seed
VT,2023,white,non-hisp,f,15-19,0.3236,synthetic_seed
VT,2023,white,non-hisp,m,20-24,0.7348,synthetic_seed
VT,2023,white,non-hisp,f,20-24,0.6907,synthetic_seed
VT,2023,white,non-hisp,m,25-29,0.867,synthetic_seed
VT,2023,white,non-hisp,f,25-29,0.7426,synthetic_seed
VT,2023,white,non-hisp,m,30-34,0.9176,synthetic_seed
VT,2023,white,non-hisp,f,30-34,0.7185,synthetic_seed
VT,2023,white,non-hisp,m,35-39,0.9156,synthetic_seed
VT,2023,white,non-hisp,f,35-39,0.726,synthetic_seed
VT,2023,white,non-hisp,m,40-44,0.9283,synthetic_seed
VT,2023,white,non-hisp,f,40-44,0.7916,synthetic_seed
VT,2023,white,non-hisp,m,45-49,0.879,synthetic_seed
VT,2023,white,non-hisp,f,45-49,0.791,synthetic_seed
VT,2023,white,non-hisp,m,50-54,0.8469,synthetic_seed
VT,2023,white,non-hisp,f,50-54,0.7136,synthetic_seed
VT,2023,white,non-hisp,m,55-59,0.7541,synthetic_seed
VT,2023,white,non-hisp,f,55-59,0.6456,synthetic_seed
VT,2023,white,non-hisp,m,60-64,0.5753,synthetic_seed
VT,2023,white,non-hisp,f,60-64,0.508,synthetic_seed
VT,2023,white,non-hisp,m,65-69,0.3651,synthetic_seed
VT,2023,white,non-hisp,f,65-69,0.289,synthetic_seed
VT,2023,white,non-hisp,m,70-74,0.2268,synthetic_seed
VT,2023,white,non-hisp,f,70-74,0.1512,synthetic_seed
VT,2023,white,non-hisp,m,75-79,0.1195,synthetic_seed
VT,2023,white,non-hisp,f,75-79,0.0714,synthetic_seed
VT,2023,white,non-hisp,m,80-84,0.0607,synthetic_seed
VT,2023,white,non-hisp,f,80-84,0.0296,synthetic_seed
VT,2023,white,non-hisp,m,85+,0.0199,synthetic_seed
VT,2023,white,non-hisp,f,85+,0.0103,synthetic_seed
VT,2023,white,hisp,m,0-4,0.0,synthetic_seed
VT,2023,white,hisp,f,0-4,0.0,synthetic_seed
VT,2023,white,hisp,m,5-9,0.0,synthetic_seed
VT,2023,white,hisp,f,5-9,0.0,synthetic_seed
VT,2023,white,hisp,m,10-14,0.0,synthetic_seed
VT,2023,white,hisp,f,10-14,0.0,synthetic_seed
VT,2023,white,hisp,m,15-19,0.378,synthetic_seed
VT,2023,white,hisp,f,15-19,0.3288,synthetic_seed
VT,2023,white,hisp,m,20-24,0.7576,synthetic_seed
VT,2023,white,hisp,f,20-24,0.7069,synthetic_seed
VT,2023,white,hisp,m,25-29,0.8813,synthetic_seed
VT,2023,white,hisp,f,25-29,0.7617,synthetic_seed
VT,2023,white,hisp,m,30-34,0.9325,synthetic_seed
VT,2023,white,hisp,f,30-34,0.757,synthetic_seed
VT,2023,white,hisp,m,35-39,0.8949,synthetic_seed
VT,2023,white,hisp,f,35-39,0.7334,synthetic_seed
VT,2023,white,hisp,m,40-44,0.8595,synthetic_seed
VT,2023,white,hisp,f,40-44,0.786,synthetic_seed
VT,2023,white,hisp,m,45-49,0.8993,synthetic_seed
VT,2023,white,hisp,f,45-49,0.7891,synthetic_seed
VT,2023,white,hisp,m,50-54,0.8158,synthetic_seed
VT,2023,white,hisp,f,50-54,0.7344,synthetic_seed
VT,2023,white,hisp,m,55-59,0.7411,synthetic_seed
VT,2023,white,hisp,f,55-59,0.6694,synthetic_seed
VT,2023,white,hisp,m,60-64,0.5857,synthetic_seed
VT,2023,white,hisp,f,60-64,0.5017,synthetic_seed
VT,2023,white,hisp,m,65-69,0.3869,synthetic_seed
VT,2023,white,hisp,f,65-69,0.2797,synthetic_seed
VT,2023,white,hisp,m,70-74,0.2314,synthetic_seed
VT,2023,white,hisp,f,70-74,0.1485,synthetic_seed
VT,2023,white,hisp,m,75-79,0.1221,synthetic_seed
VT,2023,white,hisp,f,75-79,0.0699,synthetic_seed
VT,2023,white,hisp,m,80-84,0.0601,synthetic_seed
VT,2023,white,hisp,f,80-84,0.0301,synthetic_seed
VT,2023,white,hisp,m,85+,0.0199,synthetic_seed
VT,2023,white,hisp,f,85+,0.0099,synthetic_seed
VT,2023,black,non-hisp,m,0-4,0.0,synthetic_seed
VT,2023,black,non-hisp,f,0-4,0.0,synthetic_seed
VT,2023,black,non-hisp,m,5-9,0.0,synthetic_seed
VT,2023,black,non-hisp,f,5-9,0.0,synthetic_seed
VT,2023,black,non-hisp,m,10-14,0.0,synthetic_seed
VT,2023,black,non-hisp,f,10-14,0.0,synthetic_seed
VT,2023,black,non-hisp,m,15-19,0.3414,synthetic_seed
VT,2023,black,non-hisp,f,15-19,0.3136,synthetic_seed
VT,2023,black,non-hisp,m,20-24,0.7321,synthetic_seed
VT,2023,black,non-hisp,f,20-24,0.6924,synthetic_seed
VT,2023,black,non-hisp,m,25-29,0.8149,synthetic_seed
VT,2023,black,non-hisp,f,25-29,0.7357,synthetic_seed
VT,2023,black,non-hisp,m,30-34,0.888,synthetic_seed
VT,2023,black,non-hisp,f,30-34,0.7161,synthetic_seed
VT,2023,black,non-hisp,m,35-39,0.9111,synthetic_seed
VT,2023,black,non-hisp,f,35-39,0.7202,synthetic_seed
VT,2023,black,non-hisp,m,40-44,0.8746,synthetic_seed
VT,2023,black,non-hisp,f,40-44,0.7397,synthetic_seed
VT,2023,black,non-hisp,m,45-49,0.8418,synthetic_seed
VT,2023,black,non-hisp,f,45-49,0.7523,synthetic_seed
VT,2023,black,non-hisp,m,50-54,0.8078,synthetic_seed
VT,2023,black,non-hisp,f,50-54,0.7288,synthetic_seed
VT,2023,black,non-hisp,m,55-59,0.7364,synthetic_seed
VT,2023,black,non-hisp,f,55-59,0.622,synthetic_seed
VT,2023,black,non-hisp,m,60-64,0.5875,synthetic_seed
VT,2023,black,non-hisp,f,60-64,0.4873,synthetic_seed
VT,2023,black,non-hisp,m,65-69,0.369,synthetic_seed
VT,2023,black,non-hisp,f,65-69,0.2679,synthetic_seed
VT,2023,black,non-hisp,m,70-74,0.2167,synthetic_seed
VT,2023,black,non-hisp,f,70-74,0.1423,synthetic_seed
VT,2023,black,non-hisp,m,75-79,0.1176,synthetic_seed
VT,2023,black,non-hisp,f,75-79,0.0684,synthetic_seed
VT,2023,black,non-hisp,m,80-84,0.0594,synthetic_seed
VT,2023,black,non-hisp,f,80-84,0.0286,synthetic_seed
VT,2023,black,non-hisp,m,85+,0.0194,synthetic_seed
VT,2023,black,non-hisp,f,85+,0.0099,synthetic_seed
VT,2023,black,hisp,m,0-4,0.0,synthetic_seed
VT,2023,black,hisp,f,0-4,0.0,synthetic_seed
VT,2023,black,hisp,m,5-9,0.0,synthetic_seed
VT,2023,black,hisp,f,5-9,0.0,synthetic_seed
VT,2023,black,hisp,m,10-14,0.0,synthetic_seed
VT,2023,black,hisp,f,10-14,0.0,synthetic_seed
VT,2023,black,hisp,m,15-19,0.3554,synthetic_seed
VT,2023,black,hisp,f,15-19,0.3176,synthetic_seed
VT,2023,black,hisp,m,20-24,0.7221,synthetic_seed
VT,2023,black,hisp,f,20-24,0.6601,synthetic_seed
VT,2023,black,hisp,m,25-29,0.8472,synthetic_seed
VT,2023,black,hisp,f,25-29,0.7264,synthetic_seed
VT,2023,black,hisp,m,30-34,0.9007,synthetic_seed
VT,2023,black,hisp,f,30-34,0.6797,synthetic_seed
VT,2023,black,hisp,m,35-39,0.9025,synthetic_seed
VT,2023,black,hisp,f,35-39,0.6744,synthetic_seed
VT,2023,black,hisp,m,40-44,0.8391,synthetic_seed
VT,2023,black,hisp,f,40-44,0.7595,synthetic_seed
VT,2023,black,hisp,m,45-49,0.8576,synthetic_seed
VT,2023,black,hisp,f,45-49,0.7374,synthetic_seed
VT,2023,black,hisp,m,50-54,0.8136,synthetic_seed
VT,2023,black,hisp,f,50-54,0.7108,synthetic_seed
VT,2023,black,hisp,m,55-59,0.7059,synthetic_seed
VT,2023,black,hisp,f,55-59,0.6122,synthetic_seed
VT,2023,black,hisp,m,60-64,0.5904,synthetic_seed
VT,2023,black,hisp,f,60-64,0.4983,synthetic_seed
VT,2023,black,hisp,m,65-69,0.3578,synthetic_seed
VT,2023,black,hisp,f,65-69,0.2722,synthetic_seed
VT,2023,black,hisp,m,70-74,0.2285,synthetic_seed
VT,2023,black,hisp,f,70-74,0.1454,synthetic_seed
VT,2023,black,hisp,m,75-79,0.116,synthetic_seed
VT,2023,black,hisp,f,75-79,0.0676,synthetic_seed
VT,2023,black,hisp,m,80-84,0.0593,synthetic_seed
VT,2023,black,hisp,f,80-84,0.0286,synthetic_seed
VT,2023,black,hisp,m,85+,0.0193,synthetic_seed
VT,2023,black,hisp,f,85+,0.0096,synthetic_seed
VT,2023,asian,non-hisp,m,0-4,0.0,synthetic_seed
VT,2023,asian,non-hisp,f,0-4,0.0,synthetic_seed
VT,2023,asian,non-hisp,m,5-9,0.0,synthetic_seed
VT,2023,asian,non-hisp,f,5-9,0.0,synthetic_seed
VT,2023,asian,non-hisp,m,10-14,0.0,synthetic_seed
VT,2023,asian,non-hisp,f,10-14,0.0,synthetic_seed
VT,2023,asian,non-hisp,m,15-19,0.3779,synthetic_seed
VT,2023,asian,non-hisp,f,15-19,0.3336,synthetic_seed
VT,2023,asian,non-hisp,m,20-24,0.7615,synthetic_seed
VT,2023,asian,non-hisp,f,20-24,0.7352,synthetic_seed
VT,2023,asian,non-hisp,m,25-29,0.8988,synthetic_seed
VT,2023,asian,non-hisp,f,25-29,0.7543,synthetic_seed
VT,2023,asian,non-hisp,m,30-34,0.9474,synthetic_seed
VT,2023,asian,non-hisp,f,30-34,0.7458,synthetic_seed
VT,2023,asian,non-hisp,m,35-39,0.9386,synthetic_seed
VT,2023,asian,non-hisp,f,35-39,0.755,synthetic_seed
VT,2023,asian,non-hisp,m,40-44,0.9451,synthetic_seed
VT,2023,asian,non-hisp,f,40-44,0.7607,synthetic_seed
VT,2023,asian,non-hisp,m,45-49,0.8581,synthetic_seed
VT,2023,asian,non-hisp,f,45-49,0.8019,synthetic_seed
VT,2023,asian,non-hisp,m,50-54,0.8504,synthetic_seed
VT,2023,asian,non-hisp,f,50-54,0.7729,synthetic_seed
VT,2023,asian,non-hisp,m,55-59,0.7729,synthetic_seed
VT,2023,asian,non-hisp,f,55-59,0.6717,synthetic_seed
VT,2023,asian,non-hisp,m,60-64,0.6102,synthetic_seed
VT,2023,asian,non-hisp,f,60-64,0.4984,synthetic_seed
VT,2023,asian,non-hisp,m,65-69,0.3867,synthetic_seed
VT,2023,asian,non-hisp,f,65-69,0.2895,synthetic_seed
VT,2023,asian,non-hisp,m,70-74,0.2386,synthetic_seed
VT,2023,asian,non-hisp,f,70-74,0.1556,synthetic_seed
VT,2023,asian,non-hisp,m,75-79,0.1207,synthetic_seed
VT,2023,asian,non-hisp,f,75-79,0.0712,synthetic_seed
VT,2023,asian,non-hisp,m,80-84,0.0617,synthetic_seed
VT,2023,asian,non-hisp,f,80-84,0.0309,synthetic_seed
VT,2023,asian,non-hisp,m,85+,0.0205,synthetic_seed
VT,2023,asian,non-hisp,f,85+,0.0099,synthetic_seed
VT,2023,asian,hisp,m,0-4,0.0,synthetic_seed
VT,2023,asian,hisp,f,0-4,0.0,synthetic_seed
VT,2023,asian,hisp,m,5-9,0.0,synthetic_seed
VT,2023,asian,hisp,f,5-9,0.0,synthetic_seed
VT,2023,asian,hisp,m,10-14,0.0,synthetic_seed
VT,2023,asian,hisp,f,10-14,0.0,synthetic_seed
VT,2023,asian,hisp,m,15-19,0.3674,synthetic_seed
VT,2023,asian,hisp,f,15-19,0.3174,synthetic_seed
VT,2023,asian,hisp,m,20-24,0.74,synthetic_seed
VT,2023,asian,hisp,f,20-24,0.7278,synthetic_seed
VT,2023,asian,hisp,m,25-29,0.9044,synthetic_seed
VT,2023,asian,hisp,f,25-29,0.7739,synthetic_seed
VT,2023,asian,hisp,m,30-34,0.9204,synthetic_seed
VT,2023,asian,hisp,f,30-34,0.7505,synthetic_seed
VT,2023,asian,hisp,m,35-39,0.9425,synthetic_seed
VT,2023,asian,hisp,f,35-39,0.7501,synthetic_seed
VT,2023,asian,hisp,m,40-44,0.9138,synthetic_seed
VT,2023,asian,hisp,f,40-44,0.7565,synthetic_seed
VT,2023,asian,hisp,m,45-49,0.8944,synthetic_seed
VT,2023,asian,hisp,f,45-49,0.8018,synthetic_seed
VT,2023,asian,hisp,m,50-54,0.8583,synthetic_seed
VT,2023,asian,hisp,f,50-54,0.7449,synthetic_seed
VT,2023,asian,hisp,m,55-59,0.7533,synthetic_seed
VT,2023,asian,hisp,f,55-59,0.6748,synthetic_seed
VT,2023,asian,hisp,m,60-64,0.5987,synthetic_seed
VT,2023,asian,hisp,f,60-64,0.515,synthetic_seed
VT,2023,asian,hisp,m,65-69,0.3777,synthetic_seed
VT,2023,asian,hisp,f,65-69,0.2827,synthetic_seed
VT,2023,asian,hisp,m,70-74,0.2353,synthetic_seed
VT,2023,asian,hisp,f,70-74,0.1513,synthetic_seed
VT,2023,asian,hisp,m,75-79,0.1204,synthetic_seed
VT,2023,asian,hisp,f,75-79,0.0704,synthetic_seed
VT,2023,asian,hisp,m,80-84,0.0596,synthetic_seed
VT,2023,asian,hisp,f,80-84,0.0312,synthetic_seed
VT,2023,asian,hisp,m,85+,0.0198,synthetic_seed
VT,2023,asian,hisp,f,85+,0.0103,synthetic_seed
VT,2023,other,non-hisp,m,0-4,0.0,synthetic_seed
VT,2023,other,non-hisp,f,0-4,0.0,synthetic_seed
VT,2023,other,non-hisp,m,5-9,0.0,synthetic_seed
VT,2023,other,non-hisp,f,5-9,0.0,synthetic_seed
VT,2023,other,non-hisp,m,10-14,0.0,synthetic_seed
VT,2023,other,non-hisp,f,10-14,0.0,synthetic_seed
VT,2023,other,non-hisp,m,15-19,0.3714,synthetic_seed
VT,2023,other,non-hisp,f,15-19,0.3315,synthetic_seed
VT,2023,other,non-hisp,m,20-24,0.7366,synthetic_seed
VT,2023,other,non-hisp,f,20-24,0.702,synthetic_seed
VT,2023,other,non-hisp,m,25-29,0.8976,synthetic_seed
VT,2023,other,non-hisp,f,25-29,0.7516,synthetic_seed
VT,2023,other,non-hisp,m,30-34,0.8971,synthetic_seed
VT,2023,other,non-hisp,f,30-34,0.7556,synthetic_seed
VT,2023,other,non-hisp,m,35-39,0.9039,synthetic_seed
VT,2023,other,non-hisp,f,35-39,0.7251,synthetic_seed
VT,2023,other,non-hisp,m,40-44,0.9203,synthetic_seed
VT,2023,other,non-hisp,f,40-44,0.7606,synthetic_seed
VT,2023,other,non-hisp,m,45-49,0.8699,synthetic_seed
VT,2023,other,non-hisp,f,45-49,0.7798,synthetic_seed
VT,2023,other,non-hisp,m,50-54,0.8543,synthetic_seed
VT,2023,other,non-hisp,f,50-54,0.7302,synthetic_seed
VT,2023,other,non-hisp,m,55-59,0.7494,synthetic_seed
VT,2023,other,non-hisp,f,55-59,0.6823,synthetic_seed
VT,2023,other,non-hisp,m,60-64,0.5962,synthetic_seed
VT,2023,other,non-hisp,f,60-64,0.4975,synthetic_seed
VT,2023,other,non-hisp,m,65-69,0.3886,synthetic_seed
VT,2023,other,non-hisp,f,65-69,0.2821,synthetic_seed
VT,2023,other,non-hisp,m,70-74,0.2275,synthetic_seed
VT,2023,other,non-hisp,f,70-74,0.149,synthetic_seed
VT,2023,other,non-hisp,m,75-79,0.1229,synthetic_seed
VT,2023,other,non-hisp,f,75-79,0.069,synthetic_seed
VT,2023,other,non-hisp,m,80-84,0.06,synthetic_seed
VT,2023,other,non-hisp,f,80-84,0.0295,synthetic_seed
VT,2023,other,non-hisp,m,85+,0.0198,synthetic_seed
VT,2023,other,non-hisp,f,85+,0.0097,synthetic_seed
VT,2023,other,hisp,m,0-4,0.0,synthetic_seed
VT,2023,other,hisp,f,0-4,0.0,synthetic_seed
VT,2023,other,hisp,m,5-9,0.0,synthetic_seed
VT,2023,other,hisp,f,5-9,0.0,synthetic_seed
VT,2023,other,hisp,m,10-14,0.0,synthetic_seed
VT,2023,other,hisp,f,10-14,0.0,synthetic_seed
VT,2023,other,hisp,m,15-19,0.3619,synthetic_seed
VT,2023,other,hisp,f,15-19,0.3102,synthetic_seed
VT,2023,other,hisp,m,20-24,0.7762,synthetic_seed
VT,2023,other,hisp,f,20-24,0.6748,synthetic_seed
VT,2023,other,hisp,m,25-29,0.8828,synthetic_seed
VT,2023,other,hisp,f,25-29,0.7618,synthetic_seed
VT,2023,other,hisp,m,30-34,0.9179,synthetic_seed
VT,2023,other,hisp,f,30-34,0.7356,synthetic_seed
VT,2023,other,hisp,m,35-39,0.9157,synthetic_seed
VT,2023,other,hisp,f,35-39,0.7444,synthetic_seed
VT,2023,other,hisp,m,40-44,0.8796,synthetic_seed
VT,2023,other,hisp,f,40-44,0.7763,synthetic_seed
VT,2023,other,hisp,m,45-49,0.8635,synthetic_seed
VT,2023,other,hisp,f,45-49,0.7923,synthetic_seed
VT,2023,other,hisp,m,50-54,0.8226,synthetic_seed
VT,2023,other,hisp,f,50-54,0.7328,synthetic_seed
VT,2023,other,hisp,m,55-59,0.7551,synthetic_seed
VT,2023,other,hisp,f,55-59,0.6416,synthetic_seed
VT,2023,other,hisp,m,60-64,0.584,synthetic_seed
VT,2023,other,hisp,f,60-64,0.5174,synthetic_seed
VT,2023,other,hisp,m,65-69,0.392,synthetic_seed
VT,2023,other,hisp,f,65-69,0.2743,synthetic_seed
VT,2023,other,hisp,m,70-74,0.2266,synthetic_seed
VT,2023,other,hisp,f,70-74,0.1538,synthetic_seed
VT,2023,other,hisp,m,75-79,0.1194,synthetic_seed
VT,2023,other,hisp,f,75-79,0.0716,synthetic_seed
VT,2023,other,hisp,m,80-84,0.0612,synthetic_seed
VT,2023,other,hisp,f,80-84,0.0297,synthetic_seed
VT,2023,other,hisp,m,85+,0.0204,synthetic_seed
VT,2023,other,hisp,f,85+,0.0101,synthetic_seed
VA,2023,white,non-hisp,m,0-4,0.0,synthetic_seed
VA,2023,white,non-hisp,f,0-4,0.0,synthetic_seed
VA,2023,white,non-hisp,m,5-9,0.0,synthetic_seed
VA,2023,white,non-hisp,f,5-9,0.0,synthetic_seed
VA,2023,white,non-hisp,m,10-14,0.0,synthetic_seed
VA,2023,white,non-hisp,f,10-14,0.0,synthetic_seed
VA,2023,white,non-hisp,m,15-19,0.3738,synthetic_seed
VA,2023,white,non-hisp,f,15-19,0.3193,synthetic_seed
VA,2023,white,non-hisp,m,20-24,0.7552,synthetic_seed
VA,2023,white,non-hisp,f,20-24,0.7029,synthetic_seed
VA,2023,white,non-hisp,m,25-29,0.8857,synthetic_seed
VA,2023,white,non-hisp,f,25-29,0.7703,synthetic_seed
VA,2023,white,non-hisp,m,30-34,0.8788,synthetic_seed
VA,2023,white,non-hisp,f,30-34,0.7149,synthetic_seed
VA,2023,white,non-hisp,m,35-39,0.9248,synthetic_seed
VA,2023,white,non-hisp,f,35-39,0.7512,synthetic_seed
VA,2023,white,non-hisp,m,40-44,0.9243,synthetic_seed
VA,2023,white,non-hisp,f,40-44,0.7652,synthetic_seed
VA,2023,white,non-hisp,m,45-49,0.842,synthetic_seed
VA,2023,white,non-hisp,f,45-49,0.7581,synthetic_seed
VA,2023,white,non-hisp,m,50-54,0.8276,synthetic_seed
VA,2023,white,non-hisp,f,50-54,0.7145,synthetic_seed
VA,2023,white,non-hisp,m,55-59,0.7769,synthetic_seed
VA,2023,white,non-hisp,f,55-59,0.6357,synthetic_seed
VA,2023,white,non-hisp,m,60-64,0.5811,synthetic_seed
VA,2023,white,non-hisp,f,60-64,0.5034,synthetic_seed
VA,2023,white,non-hisp,m,65-69,0.374,synthetic_seed
VA,2023,white,non-hisp,f,65-69,0.2813,synthetic_seed
VA,2023,white,non-hisp,m,70-74,0.234,synthetic_seed
VA,2023,white,non-hisp,f,70-74,0.1516,synthetic_seed
VA,2023,white,non-hisp,m,75-79,0.1193,synthetic_seed
VA,2023,white,non-hisp,f,75-79,0.0676,synthetic_seed
VA,2023,white,non-hisp,m,80-84,0.0599,synthetic_seed
VA,2023,white,non-hisp,f,80-84,0.0301,synthetic_seed
VA,2023,white,non-hisp,m,85+,0.0208,synthetic_seed
VA,2023,white,non-hisp,f,85+,0.0102,synthetic_seed
VA,2023,white,hisp,m,0-4,0.0,synthetic_seed
VA,2023,white,hisp,f,0-4,0.0,synthetic_seed
VA,2023,white,hisp,m,5-9,0.0,synthetic_seed
VA,2023,white,hisp,f,5-9,0.0,synthetic_seed
VA,2023,white,hisp,m,10-14,0.0,synthetic_seed
VA,2023,white,hisp,f,10-14,0.0,synthetic_seed
VA,2023,white,hisp,m,15-19,0.3689,synthetic_seed
VA,2023,white,hisp,f,15-19,0.3243,synthetic_seed
VA,2023,white,hisp,m,20-24,0.7298,synthetic_seed
VA,2023,white,hisp,f,20-24,0.6877,synthetic_seed
VA,2023,white,hisp,m,25-29,0.9201,synthetic_seed
VA,2023,white,hisp,f,25-29,0.732,synthetic_seed
VA,2023,white,hisp,m,30-34,0.921,synthetic_seed
VA,2023,white,hisp,f,30-34,0.7425,synthetic_seed
VA,2023,white,hisp,m,35-39,0.8907,synthetic_seed
VA,2023,white,hisp,f,35-39,0.7511,synthetic_seed
VA,2023,white,hisp,m,40-44,0.9073,synthetic_seed
VA,2023,white,hisp,f,40-44,0.7716,synthetic_seed
VA,2023,white,hisp,m,45-49,0.8791,synthetic_seed
VA,2023,white,hisp,f,45-49,0.78,synthetic_seed
VA,2023,white,hisp,m,50-54,0.837,synthetic_seed
VA,2023,white,hisp,f,50-54,0.7546,synthetic_seed
VA,2023,white,hisp,m,55-59,0.7338,synthetic_seed
VA,2023,white,hisp,f,55-59,0.6505,synthetic_seed
VA,2023,white,hisp,m,60-64,0.6139,synthetic_seed
VA,2023,white,hisp,f,60-64,0.497,synthetic_seed
VA,2023,white,hisp,m,65-69,0.3795,synthetic_seed
VA,2023,white,hisp,f,65-69,0.2835,synthetic_seed
VA,2023,white,hisp,m,70-74,0.2335,synthetic_seed
VA,2023,white,hisp,f,70-74,0.1448,synthetic_seed
VA,2023,white,hisp,m,75-79,0.1203,synthetic_seed
VA,2023,white,hisp,f,75-79,0.0711,synthetic_seed
VA,2023,white,hisp,m,80-84,0.0588,synthetic_seed
VA,2023,white,hisp,f,80-84,0.0305,synthetic_seed
VA,2023,white,hisp,m,85+,0.0201,synthetic_seed
VA,2023,white,hisp,f,85+,0.0101,synthetic_seed
VA,2023,black,non-hisp,m,0-4,0.0,synthetic_seed
VA,2023,black,non-hisp,f,0-4,0.0,synthetic_seed
VA,2023,black,non-hisp,m,5-9,0.0,synthetic_seed
VA,2023,black,non-hisp,f,5-9,0.0,synthetic_seed
VA,2023,black,non-hisp,m,10-14,0.0,synthetic_seed
VA,2023,black,non-hisp,f,10-14,0.0,synthetic_seed
VA,2023,black,non-hisp,m,15-19,0.3549,synthetic_seed
VA,2023,black,non-hisp,f,15-19,0.3026,synthetic_seed
VA,2023,black,non-hisp,m,20-24,0.7315,synthetic_seed
VA,2023,black,non-hisp,f,20-24,0.6881,synthetic_seed
VA,2023,black,non-hisp,m,25-29,0.8814,synthetic_seed
VA,2023,black,non-hisp,f,25-29,0.7413,synthetic_seed
VA,2023,black,non-hisp,m,30-34,0.8743,synthetic_seed
VA,2023,black,non-hisp,f,30-34,0.6886,synthetic_seed
VA,2023,black,non-hisp,m,35-39,0.9047,synthetic_seed
VA,2023,black,non-hisp,f,35-39,0.7384,synthetic_seed
VA,2023,black,non-hisp,m,40-44,0.8607,synthetic_seed
VA,2023,black,non-hisp,f,40-44,0.7433,synthetic_seed
VA,2023,black,non-hisp,m,45-49,0.8442,synthetic_seed
VA,2023,black,non-hisp,f,45-49,0.7414,synthetic_seed
VA,2023,black,non-hisp,m,50-54,0.7863,synthetic_seed
VA,2023,black,non-hisp,f,50-54,0.7241,synthetic_seed
VA,2023,black,non-hisp,m,55-59,0.7419,synthetic_seed
VA,2023,black,non-hisp,f,55-59,0.6448,synthetic_seed
VA,2023,black,non-hisp,m,60-64,0.5683,synthetic_seed
VA,2023,black,non-hisp,f,60-64,0.4893,synthetic_seed
VA,2023,black,non-hisp,m,65-69,0.3755,synthetic_seed
VA,2023,black,non-hisp,f,65-69,0.2702,synthetic_seed
VA,2023,black,non-hisp,m,70-74,0.2274,synthetic_seed
VA,2023,black,non-hisp,f,70-74,0.1449,synthetic_seed
VA,2023,black,non-hisp,m,75-79,0.1148,synthetic_seed
VA,2023,black,non-hisp,f,75-79,0.0677,synthetic_seed
VA,2023,black,non-hisp,m,80-84,0.0596,synthetic_seed
VA,2023,black,non-hisp,f,80-84,0.0296,synthetic_seed
VA,2023,black,non-hisp,m,85+,0.0188,synthetic_seed
VA,2023,black,non-hisp,f,85+,0.0098,synthetic_seed
VA,2023,black,hisp,m,0-4,0.0,synthetic_seed
VA,2023,black,hisp,f,0-4,0.0,synthetic_seed
VA,2023,black,hisp,m,5-9,0.0,synthetic_seed
VA,2023,black,hisp,f,5-9,0.0,synthetic_seed
VA,2023,black,hisp,m,10-14,0.0,synthetic_seed
VA,2023,black,hisp,f,10-14,0.0,synthetic_seed
VA,2023,black,hisp,m,15-19,0.3323,synthetic_seed
VA,2023,black,hisp,f,15-19,0.3099,synthetic_seed
VA,2023,black,hisp,m,20-24,0.737,synthetic_seed
VA,2023,black,hisp,f,20-24,0.6666,synthetic_seed
VA,2023,black,hisp,m,25-29,0.8787,synthetic_seed
VA,2023,black,hisp,f,25-29,0.7228,synthetic_seed
VA,2023,black,hisp,m,30-34,0.8747,synthetic_seed
VA,2023,black,hisp,f,30-34,0.6986,synthetic_seed
VA,2023,black,hisp,m,35-39,0.8736,synthetic_seed
VA,2023,black,hisp,f,35-39,0.7271,synthetic_seed
VA,2023,black,hisp,m,40-44,0.8638,synthetic_seed
VA,2023,black,hisp,f,40-44,0.741,synthetic_seed
VA,2023,black,hisp,m,45-49,0.8576,synthetic_seed
VA,2023,black,hisp,f,45-49,0.7552,synthetic_seed
VA,2023,black,hisp,m,50-54,0.7787,synthetic_seed
VA,2023,black,hisp,f,50-54,0.7085,synthetic_seed
VA,2023,black,hisp,m,55-59,0.755,synthetic_seed
VA,2023,black,hisp,f,55-59,0.6339,synthetic_seed
VA,2023,black,hisp,m,60-64,0.5969,synthetic_seed
VA,2023,black,hisp,f,60-64,0.4905,synthetic_seed
VA,2023,black,hisp,m,65-69,0.3696,synthetic_seed
VA,2023,black,hisp,f,65-69,0.2639,synthetic_seed
VA,2023,black,hisp,m,70-74,0.2209,synthetic_seed
VA,2023,black,hisp,f,70-74,0.1488,synthetic_seed
VA,2023,black,hisp,m,75-79,0.1176,synthetic_seed
VA,2023,black,hisp,f,75-79,0.0668,synthetic_seed
VA,2023,black,hisp,m,80-84,0.058,synthetic_seed
VA,2023,black,hisp,f,80-84,0.0288,synthetic_seed
VA,2023,black,hisp,m,85+,0.0196,synthetic_seed
VA,2023,black,hisp,f,85+,0.0099,synthetic_seed
VA,2023,asian,non-hisp,m,0-4,0.0,synthetic_seed
VA,2023,asian,non-hisp,f,0-4,0.0,synthetic_seed
VA,2023,asian,non-hisp,m,5-9,0.0,synthetic_seed
VA,2023,asian,non-hisp,f,5-9,0.0,synthetic_seed
VA,2023,asian,non-hisp,m,10-14,0.0,synthetic_seed
VA,2023,asian,non-hisp,f,10-14,0.0,synthetic_seed
VA,2023,asian,non-hisp,m,15-19,0.3664,synthetic_seed
VA,2023,asian,non-hisp,f,15-19,0.3264,synthetic_seed
VA,2023,asian,non-hisp,m,20-24,0.7625,synthetic_seed
VA,2023,asian,non-hisp,f,20-24,0.6956,synthetic_seed
VA,2023,asian,non-hisp,m,25-29,0.8839,synthetic_seed
VA,2023,asian,non-hisp,f,25-29,0.7639,synthetic_seed
VA,2023,asian,non-hisp,m,30-34,0.953,synthetic_seed
VA,2023,asian,non-hisp,f,30-34,0.743,synthetic_seed
VA,2023,asian,non-hisp,m,35-39,0.9152,synthetic_seed
VA,2023,asian,non-hisp,f,35-39,0.7423,synthetic_seed
VA,2023,asian,non-hisp,m,40-44,0.9,synthetic_seed
VA,2023,asian,non-hisp,f,40-44,0.7767,synthetic_seed
VA,2023,asian,non-hisp,m,45-49,0.8859,synthetic_seed
VA,2023,asian,non-hisp,f,45-49,0.7976,synthetic_seed
VA,2023,asian,non-hisp,m,50-54,0.807,synthetic_seed
VA,2023,asian,non-hisp,f,50-54,0.7622,synthetic_seed
VA,2023,asian,non-hisp,m,55-59,0.7719,synthetic_seed
VA,2023,asian,non-hisp,f,55-59,0.6454,synthetic_seed
VA,2023,asian,non-hisp,m,60-64,0.6363,synthetic_seed
VA,2023,asian,non-hisp,f,60-64,0.4968,synthetic_seed
VA,2023,asian,non-hisp,m,65-69,0.3717,synthetic_seed
VA,2023,asian,non-hisp,f,65-69,0.288,synthetic_seed
VA,2023,asian,non-hisp,m,70-74,0.2345,synthetic_seed
VA,2023,asian,non-hisp,f,70-74,0.155,synthetic_seed
VA,2023,asian,non-hisp,m,75-79,0.1229,synthetic_seed
VA,2023,asian,non-hisp,f,75-79,0.0698,synthetic_seed
VA,2023,asian,non-hisp,m,80-84,0.0611,synthetic_seed
VA,2023,asian,non-hisp,f,80-84,0.0321,synthetic_seed
VA,2023,asian,non-hisp,m,85+,0.021,synthetic_seed
VA,2023,asian,non-hisp,f,85+,0.0101,synthetic_seed
VA,2023,asian,hisp,m,0-4,0.0,synthetic_seed
VA,2023,asian,hisp,f,0-4,0.0,synthetic_seed
VA,2023,asian,hisp,m,5-9,0.0,synthetic_seed
VA,2023,asian,hisp,f,5-9,0.0,synthetic_seed
VA,2023,asian,hisp,m,10-14,0.0,synthetic_seed
VA,2023,asian,hisp,f,10-14,0.0,synthetic_seed
VA,2023,asian,hisp,m,15-19,0.3705,synthetic_seed
VA,2023,asian,hisp,f,15-19,0.3256,synthetic_seed
VA,2023,asian,hisp,m,20-24,0.7917,synthetic_seed
VA,2023,asian,hisp,f,20-24,0.7178,synthetic_seed
VA,2023,asian,hisp,m,25-29,0.9138,synthetic_seed
VA,2023,asian,hisp,f,25-29,0.773,synthetic_seed
VA,2023,asian,hisp,m,30-34,0.9522,synthetic_seed
VA,2023,asian,hisp,f,30-34,0.746,synthetic_seed
VA,2023,asian,hisp,m,35-39,0.9427,synthetic_seed
VA,2023,asian,hisp,f,35-39,0.7655,synthetic_seed
VA,2023,asian,hisp,m,40-44,0.9116,synthetic_seed
VA,2023,asian,hisp,f,40-44,0.7773,synthetic_seed
VA,2023,asian,hisp,m,45-49,0.8731,synthetic_seed
VA,2023,asian,hisp,f,45-49,0.8098,synthetic_seed
VA,2023,asian,hisp,m,50-54,0.8532,synthetic_seed
VA,2023,asian,hisp,f,50-54,0.7468,synthetic_seed
VA,2023,asian,hisp,m,55-59,0.7714,synthetic_seed
VA,2023,asian,hisp,f,55-59,0.6585,synthetic_seed
VA,2023,asian,hisp,m,60-64,0.6051,synthetic_seed
VA,2023,asian,hisp,f,60-64,0.5247,synthetic_seed
VA,2023,asian,hisp,m,65-69,0.3922,synthetic_seed
VA,2023,asian,hisp,f,65-69,0.2793,synthetic_seed
VA,2023,asian,hisp,m,70-74,0.2371,synthetic_seed
VA,2023,asian,hisp,f,70-74,0.1526,synthetic_seed
VA,2023,asian,hisp,m,75-79,0.1204,synthetic_seed
VA,2023,asian,hisp,f,75-79,0.0707,synthetic_seed
VA,2023,asian,hisp,m,80-84,0.0604,synthetic_seed
VA,2023,asian,hisp,f,80-84,0.0309,synthetic_seed
VA,2023,asian,hisp,m,85+,0.0201,synthetic_seed
VA,2023,asian,hisp,f,85+,0.01,synthetic_seed
VA,2023,other,non-hisp,m,0-4,0.0,synthetic_seed
VA,2023,other,non-hisp,f,0-4,0.0,synthetic_seed
VA,2023,other,non-hisp,m,5-9,0.0,synthetic_seed
VA,2023,other,non-hisp,f,5-9,0.0,synthetic_seed
VA,2023,other,non-hisp,m,10-14,0.0,synthetic_seed
VA,2023,other,non-hisp,f,10-14,0.0,synthetic_seed
VA,2023,other,non-hisp,m,15-19,0.3604,synthetic_seed
VA,2023,other,non-hisp,f,15-19,0.3191,synthetic_seed
VA,2023,other,non-hisp,m,20-24,0.7547,synthetic_seed
VA,2023,other,non-hisp,f,20-24,0.6984,synthetic_seed
VA,2023,other,non-hisp,m,25-29,0.854,synthetic_seed
VA,2023,other,non-hisp,f,25-29,0.721,synthetic_seed
VA,2023,other,non-hisp,m,30-34,0.9305,synthetic_seed
VA,2023,other,non-hisp,f,30-34,0.7377,synthetic_seed
VA,2023,other,non-hisp,m,35-39,0.876,synthetic_seed
VA,2023,other,non-hisp,f,35-39,0.7585,synthetic_seed
VA,2023,other,non-hisp,m,40-44,0.9133,synthetic_seed
VA,2023,other,non-hisp,f,40-44,0.7729,synthetic_seed
VA,2023,other,non-hisp,m,45-49,0.8811,synthetic_seed
VA,2023,other,non-hisp,f,45-49,0.7794,synthetic_seed
VA,2023,other,non-hisp,m,50-54,0.863,synthetic_seed
VA,2023,other,non-hisp,f,50-54,0.7607,synthetic_seed
VA,2023,other,non-hisp,m,55-59,0.7281,synthetic_seed
VA,2023,other,non-hisp,f,55-59,0.6379,synthetic_seed
VA,2023,other,non-hisp,m,60-64,0.619,synthetic_seed
VA,2023,other,non-hisp,f,60-64,0.4945,synthetic_seed
VA,2023,other,non-hisp,m,65-69,0.3728,synthetic_seed
VA,2023,other,non-hisp,f,65-69,0.287,synthetic_seed
VA,2023,other,non-hisp,m,70-74,0.23,synthetic_seed
VA,2023,other,non-hisp,f,70-74,0.1485,synthetic_seed
VA,2023,other,non-hisp,m,75-79,0.1197,synthetic_seed
VA,2023,other,non-hisp,f,75-79,0.0687,synthetic_seed
VA,2023,other,non-hisp,m,80-84,0.0589,synthetic_seed
VA,2023,other,non-hisp,f,80-84,0.0299,synthetic_seed
VA,2023,other,non-hisp,m,85+,0.0202,synthetic_seed
VA,2023,other,non-hisp,f,85+,0.0102,synthetic_seed
VA,2023,other,hisp,m,0-4,0.0,synthetic_seed
VA,2023,other,hisp,f,0-4,0.0,synthetic_seed
VA,2023,other,hisp,m,5-9,0.0,synthetic_seed
VA,2023,other,hisp,f,5-9,0.0,synthetic_seed
VA,2023,other,hisp,m,10-14,0.0,synthetic_seed
VA,2023,other,hisp,f,10-14,0.0,synthetic_seed
VA,2023,other,hisp,m,15-19,0.3639,synthetic_seed
VA,2023,other,hisp,f,15-19,0.3245,synthetic_seed
VA,2023,other,hisp,m,20-24,0.761,synthetic_seed
VA,2023,other,hisp,f,20-24,0.68,synthetic_seed
VA,2023,other,hisp,m,25-29,0.8963,synthetic_seed
VA,2023,other,hisp,f,25-29,0.757,synthetic_seed
VA,2023,other,hisp,m,30-34,0.9072,synthetic_seed
VA,2023,other,hisp,f,30-34,0.7519,synthetic_seed
VA,2023,other,hisp,m,35-39,0.9417,synthetic_seed
VA,2023,other,hisp,f,35-39,0.7516,synthetic_seed
VA,2023,other,hisp,m,40-44,0.8763,synthetic_seed
VA,2023,other,hisp,f,40-44,0.7506,synthetic_seed
VA,2023,other,hisp,m,45-49,0.8848,synthetic_seed
VA,2023,other,hisp,f,45-49,0.7561,synthetic_seed
VA,2023,other,hisp,m,50-54,0.8488,synthetic_seed
VA,2023,other,hisp,f,50-54,0.7401,synthetic_seed
VA,2023,other,hisp,m,55-59,0.7333,synthetic_seed
VA,2023,other,hisp,f,55-59,0.6354,synthetic_seed
VA,2023,other,hisp,m,60-64,0.5912,synthetic_seed
VA,2023,other,hisp,f,60-64,0.4946,synthetic_seed
VA,2023,other,hisp,m,65-69,0.3733,synthetic_seed
VA,2023,other,hisp,f,65-69,0.2701,synthetic_seed
VA,2023,other,hisp,m,70-74,0.2296,synthetic_seed
VA,2023,other,hisp,f,70-74,0.1499,synthetic_seed
VA,2023,other,hisp,m,75-79,0.1186,synthetic_seed
VA,2023,other,hisp,f,75-79,0.069,synthetic_seed
VA,2023,other,hisp,m,80-84,0.0594,synthetic_seed
VA,2023,other,hisp,f,80-84,0.0299,synthetic_seed
VA,2023,other,hisp,m,85+,0.0203,synthetic_seed
VA,2023,other,hisp,f,85+,0.0099,synthetic_seed
WA,2023,white,non-hisp,m,0-4,0.0,synthetic_seed
WA,2023,white,non-hisp,f,0-4,0.0,synthetic_seed
WA,2023,white,non-hisp,m,5-9,0.0,synthetic_seed
WA,2023,white,non-hisp,f,5-9,0.0,synthetic_seed
WA,2023,white,non-hisp,m,10-14,0.0,synthetic_seed
WA,2023,white,non-hisp,f,10-14,0.0,synthetic_seed
WA,2023,white,non-hisp,m,15-19,0.3547,synthetic_seed
WA,2023,white,non-hisp,f,15-19,0.315,synthetic_seed
WA,2023,white,non-hisp,m,20-24,0.7667,synthetic_seed
WA,2023,white,non-hisp,f,20-24,0.7024,synthetic_seed
WA,2023,white,non-hisp,m,25-29,0.8776,synthetic_seed
WA,2023,white,non-hisp,f,25-29,0.735,synthetic_seed
WA,2023,white,non-hisp,m,30-34,0.9293,synthetic_seed
WA,2023,white,non-hisp,f,30-34,0.7329,synthetic_seed
WA,2023,white,non-hisp,m,35-39,0.9196,synthetic_seed
WA,2023,white,non-hisp,f,35-39,0.7413,synthetic_seed
WA,2023,white,non-hisp,m,40-44,0.8934,synthetic_seed
WA,2023,white,non-hisp,f,40-44,0.7608,synthetic_seed
WA,2023,white,non-hisp,m,45-49,0.8956,synthetic_seed
WA,2023,white,non-hisp,f,45-49,0.7826,synthetic_seed
WA,2023,white,non-hisp,m,50-54,0.8648,synthetic_seed
WA,2023,white,non-hisp,f,50-54,0.7246,synthetic_seed
WA,2023,white,non-hisp,m,55-59,0.7601,synthetic_seed
WA,2023,white,non-hisp,f,55-59,0.6711,synthetic_seed
WA,2023,white,non-hisp,m,60-64,0.6327,synthetic_seed
WA,2023,white,non-hisp,f,60-64,0.5154,synthetic_seed
WA,2023,white,non-hisp,m,65-69,0.3753,synthetic_seed
WA,2023,white,non-hisp,f,65-69,0.2825,synthetic_seed
WA,2023,white,non-hisp,m,70-74,0.2312,synthetic_seed
WA,2023,white,non-hisp,f,70-74,0.1443,synthetic_seed
WA,2023,white,non-hisp,m,75-79,0.1185,synthetic_seed
WA,2023,white,non-hisp,f,75-79,0.0737,synthetic_seed
WA,2023,white,non-hisp,m,80-84,0.0612,synthetic_seed
WA,2023,white,non-hisp,f,80-84,0.0307,synthetic_seed
WA,2023,white,non-hisp,m,85+,0.0198,synthetic_seed
WA,2023,white,non-hisp,f,85+,0.0099,synthetic_seed
WA,2023,white,hisp,m,0-4,0.0,synthetic_seed
WA,2023,white,hisp,f,0-4,0.0,synthetic_seed
WA,2023,white,hisp,m,5-9,0.0,synthetic_seed
WA,2023,white,hisp,f,5-9,0.0,synthetic_seed
WA,2023,white,hisp,m,10-14,0.0,synthetic_seed
WA,2023,white,hisp,f,10-14,0.0,synthetic_seed
WA,2023,white,hisp,m,15-19,0.3676,synthetic_seed
WA,2023,white,hisp,f,15-19,0.3336,synthetic_seed
WA,2023,white,hisp,m,20-24,0.7541,synthetic_seed
WA,2023,white,hisp,f,20-24,0.7176,synthetic_seed
WA,2023,white,hisp,m,25-29,0.9026,synthetic_seed
WA,2023,white,hisp,f,25-29,0.7245,synthetic_seed
WA,2023,white,hisp,m,30-34,0.9084,synthetic_seed
WA,2023,white,hisp,f,30-34,0.7618,synthetic_seed
WA,2023,white,hisp,m,35-39,0.8985,synthetic_seed
WA,2023,white,hisp,f,35-39,0.7171,synthetic_seed
WA,2023,white,hisp,m,40-44,0.918,synthetic_seed
WA,2023,white,hisp,f,40-44,0.7735,synthetic_seed
WA,2023,white,hisp,m,45-49,0.8774,synthetic_seed
WA,2023,white,hisp,f,45-49,0.7722,synthetic_seed
WA,2023,white,hisp,m,50-54,0.8278,synthetic_seed
WA,2023,white,hisp,f,50-54,0.752,synthetic_seed
WA,2023,white,hisp,m,55-59,0.748,synthetic_seed
WA,2023,white,hisp,f,55-59,0.6478,synthetic_seed
WA,2023,white,hisp,m,60-64,0.5876,synthetic_seed
WA,2023,white,hisp,f,60-64,0.4878,synthetic_seed
WA,2023,white,hisp,m,65-69,0.3703,synthetic_seed
WA,2023,white,hisp,f,65-69,0.2751,synthetic_seed
WA,2023,white,hisp,m,70-74,0.2333,synthetic_seed
WA,2023,white,hisp,f,70-74,0.1462,synthetic_seed
WA,2023,white,hisp,m,75-79,0.1192,synthetic_seed
WA,2023,white,hisp,f,75-79,0.0708,synthetic_seed
WA,2023,white,hisp,m,80-84,0.06,synthetic_seed
WA,2023,white,hisp,f,80-84,0.0298,synthetic_seed
WA,2023,white,hisp,m,85+,0.0212,synthetic_seed
WA,2023,white,hisp,f,85+,0.0098,synthetic_seed
WA,2023,black,non-hisp,m,0-4,0.0,synthetic_seed
WA,2023,black,non-hisp,f,0-4,0.0,synthetic_seed
WA,2023,black,non-hisp,m,5-9,0.0,synthetic_seed
WA,2023,black,non-hisp,f,5-9,0.0,synthetic_seed
WA,2023,black,non-hisp,m,10-14,0.0,synthetic_seed
WA,2023,black,non-hisp,f,10-14,0.0,synthetic_seed
WA,2023,black,non-hisp,m,15-19,0.3417,synthetic_seed
WA,2023,black,non-hisp,f,15-19,0.3068,synthetic_seed
WA,2023,black,non-hisp,m,20-24,0.7273,synthetic_seed
WA,2023,black,non-hisp,f,20-24,0.6924,synthetic_seed
WA,2023,black,non-hisp,m,25-29,0.8749,synthetic_seed
WA,2023,black,non-hisp,f,25-29,0.7297,synthetic_seed
WA,2023,black,non-hisp,m,30-34,0.8838,synthetic_seed
WA,2023,black,non-hisp,f,30-34,0.6877,synthetic_seed
WA,2023,black,non-hisp,m,35-39,0.8798,synthetic_seed
WA,2023,black,non-hisp,f,35-39,0.6999,synthetic_seed
WA,2023,black,non-hisp,m,40-44,0.8891,synthetic_seed
WA,2023,black,non-hisp,f,40-44,0.7458,synthetic_seed
WA,2023,black,non-hisp,m,45-49,0.8644,synthetic_seed
WA,2023,black,non-hisp,f,45-49,0.7236,synthetic_seed
WA,2023,black,non-hisp,m,50-54,0.8017,synthetic_seed
WA,2023,black,non-hisp,f,50-54,0.7207,synthetic_seed
WA,2023,black,non-hisp,m,55-59,0.7192,synthetic_seed
WA,2023,black,non-hisp,f,55-59,0.6239,synthetic_seed
WA,2023,black,non-hisp,m,60-64,0.5967,synthetic_seed
WA,2023,black,non-hisp,f,60-64,0.4765,synthetic_seed
WA,2023,black,non-hisp,m,65-69,0.3603,synthetic_seed
WA,2023,black,non-hisp,f,65-69,0.2746,synthetic_seed
WA,2023,black,non-hisp,m,70-74,0.2249,synthetic_seed
WA,2023,black,non-hisp,f,70-74,0.1453,synthetic_seed
WA,2023,black,non-hisp,m,75-79,0.1179,synthetic_seed
WA,2023,black,non-hisp,f,75-79,0.0668,synthetic_seed
WA,2023,black,non-hisp,m,80-84,0.0595,synthetic_seed
WA,2023,black,non-hisp,f,80-84,0.0296,synthetic_seed
WA,2023,black,non-hisp,m,85+,0.0198,synthetic_seed
WA,2023,black,non-hisp,f,85+,0.0096,synthetic_seed
WA,2023,black,hisp,m,0-4,0.0,synthetic_seed
WA,2023,black,hisp,f,0-4,0.0,synthetic_seed
WA,2023,black,hisp,m,5-9,0.0,synthetic_seed
WA,2023,black,hisp,f,5-9,0.0,synthetic_seed
WA,2023,black,hisp,m,10-14,0.0,synthetic_seed
WA,2023,black,hisp,f,10-14,0.0,synthetic_seed
WA,2023,black,hisp,m,15-19,0.3597,synthetic_seed
WA,2023,black,hisp,f,15-19,0.3134,synthetic_seed
WA,2023,black,hisp,m,20-24,0.7288,synthetic_seed
WA,2023,black,hisp,f,20-24,0.6685,synthetic_seed
WA,2023,black,hisp,m,25-29,0.8377,synthetic_seed
WA,2023,black,hisp,f,25-29,0.7,synthetic_seed
WA,2023,black,hisp,m,30-34,0.8961,synthetic_seed
WA,2023,black,hisp,f,30-34,0.7026,synthetic_seed
WA,2023,black,hisp,m,35-39,0.8891,synthetic_seed
WA,2023,black,hisp,f,35-39,0.7106,synthetic_seed
WA,2023,black,hisp,m,40-44,0.8746,synthetic_seed
WA,2023,black,hisp,f,40-44,0.7285,synthetic_seed
WA,2023,black,hisp,m,45-49,0.8283,synthetic_seed
WA,2023,black,hisp,f,45-49,0.772,synthetic_seed
WA,2023,black,hisp,m,50-54,0.8197,synthetic_seed
WA,2023,black,hisp,f,50-54,0.7207,synthetic_seed
WA,2023,black,hisp,m,55-59,0.7511,synthetic_seed
WA,2023,black,hisp,f,55-59,0.6259,synthetic_seed
WA,2023,black,hisp,m,60-64,0.5699,synthetic_seed
WA,2023,black,hisp,f,60-64,0.4768,synthetic_seed
WA,2023,black,hisp,m,65-69,0.3923,synthetic_seed
WA,2023,black,hisp,f,65-69,0.2735,synthetic_seed
WA,2023,black,hisp,m,70-74,0.2225,synthetic_seed
WA,2023,black,hisp,f,70-74,0.1423,synthetic_seed
WA,2023,black,hisp,m,75-79,0.1158,synthetic_seed
WA,2023,black,hisp,f,75-79,0.0683,synthetic_seed
WA,2023,black,hisp,m,80-84,0.0567,synthetic_seed
WA,2023,black,hisp,f,80-84,0.0288,synthetic_seed
WA,2023,black,hisp,m,85+,0.0194,synthetic_seed
WA,2023,black,hisp,f,85+,0.0098,synthetic_seed
WA,2023,asian,non-hisp,m,0-4,0.0,synthetic_seed
WA,2023,asian,non-hisp,f,0-4,0.0,synthetic_seed
WA,2023,asian,non-hisp,m,5-9,0.0,synthetic_seed
WA,2023,asian,non-hisp,f,5-9,0.0,synthetic_seed
WA,2023,asian,non-hisp,m,10-14,0.0,synthetic_seed
WA,2023,asian,non-hisp,f,10-14,0.0,synthetic_seed
WA,2023,asian,non-hisp,m,15-19,0.3716,synthetic_seed
WA,2023,asian,non-hisp,f,15-19,0.3245,synthetic_seed
WA,2023,asian,non-hisp,m,20-24,0.7715,synthetic_seed
WA,2023,asian,non-hisp,f,20-24,0.6903,synthetic_seed
WA,2023,asian,non-hisp,m,25-29,0.9055,synthetic_seed
WA,2023,asian,non-hisp,f,25-29,0.7798,synthetic_seed
WA,2023,asian,non-hisp,m,30-34,0.9195,synthetic_seed
WA,2023,asian,non-hisp,f,30-34,0.72,synthetic_seed
WA,2023,asian,non-hisp,m,35-39,0.9466,synthetic_seed
WA,2023,asian,non-hisp,f,35-39,0.7578,synthetic_seed
WA,2023,asian,non-hisp,m,40-44,0.9255,synthetic_seed
WA,2023,asian,non-hisp,f,40-44,0.7922,synthetic_seed
WA,2023,asian,non-hisp,m,45-49,0.8774,synthetic_seed
WA,2023,asian,non-hisp,f,45-49,0.7771,synthetic_seed
WA,2023,asian,non-hisp,m,50-54,0.8543,synthetic_seed
WA,2023,asian,non-hisp,f,50-54,0.7396,synthetic_seed
WA,2023,asian,non-hisp,m,55-59,0.7584,synthetic_seed
WA,2023,asian,non-hisp,f,55-59,0.6776,synthetic_seed
WA,2023,asian,non-hisp,m,60-64,0.6045,synthetic_seed
WA,2023,asian,non-hisp,f,60-64,0.5002,synthetic_seed
WA,2023,asian,non-hisp,m,65-69,0.3908,synthetic_seed
WA,2023,asian,non-hisp,f,65-69,0.2789,synthetic_seed
WA,2023,asian,non-hisp,m,70-74,0.2395,synthetic_seed
WA,2023,asian,non-hisp,f,70-74,0.1597,synthetic_seed
WA,2023,asian,non-hisp,m,75-79,0.1265,synthetic_seed
WA,2023,asian,non-hisp,f,75-79,0.0694,synthetic_seed
WA,2023,asian,non-hisp,m,80-84,0.0613,synthetic_seed
WA,2023,asian,non-hisp,f,80-84,0.0313,synthetic_seed
WA,2023,asian,non-hisp,m,85+,0.0202,synthetic_seed
WA,2023,asian,non-hisp,f,85+,0.0106,synthetic_seed
WA,2023,asian,hisp,m,0-4,0.0,synthetic_seed
WA,2023,asian,hisp,f,0-4,0.0,synthetic_seed
WA,2023,asian,hisp,m,5-9,0.0,synthetic_seed
WA,2023,asian,hisp,f,5-9,0.0,synthetic_seed
WA,2023,asian,hisp,m,10-14,0.0,synthetic_seed
WA,2023,asian,hisp,f,10-14,0.0,synthetic_seed
WA,2023,asian,hisp,m,15-19,0.366,synthetic_seed
WA,2023,asian,hisp,f,15-19,0.3243,synthetic_seed
WA,2023,asian,hisp,m,20-24,0.7733,synthetic_seed
WA,2023,asian,hisp,f,20-24,0.704,synthetic_seed
WA,2023,asian,hisp,m,25-29,0.9345,synthetic_seed
WA,2023,asian,hisp,f,25-29,0.7889,synthetic_seed
WA,2023,asian,hisp,m,30-34,0.9052,synthetic_seed
WA,2023,asian,hisp,f,30-34,0.7472,synthetic_seed
WA,2023,asian,hisp,m,35-39,0.9459,synthetic_seed
WA,2023,asian,hisp,f,35-39,0.7301,synthetic_seed
WA,2023,asian,hisp,m,40-44,0.9125,synthetic_seed
WA,2023,asian,hisp,f,40-44,0.7792,synthetic_seed
WA,2023,asian,hisp,m,45-49,0.8726,synthetic_seed
WA,2023,asian,hisp,f,45-49,0.776,synthetic_seed
WA,2023,asian,hisp,m,50-54,0.8546,synthetic_seed
WA,2023,asian,hisp,f,50-54,0.7528,synthetic_seed
WA,2023,asian,hisp,m,55-59,0.7355,synthetic_seed
WA,2023,asian,hisp,f,55-59,0.6569,synthetic_seed
WA,2023,asian,hisp,m,60-64,0.619,synthetic_seed
WA,2023,asian,hisp,f,60-64,0.5089,synthetic_seed
WA,2023,asian,hisp,m,65-69,0.3891,synthetic_seed
WA,2023,asian,hisp,f,65-69,0.2854,synthetic_seed
WA,2023,asian,hisp,m,70-74,0.2406,synthetic_seed
WA,2023,asian,hisp,f,70-74,0.1512,synthetic_seed
WA,2023,asian,hisp,m,75-79,0.1229,synthetic_seed
WA,2023,asian,hisp,f,75-79,0.0726,synthetic_seed
WA,2023,asian,hisp,m,80-84,0.0614,synthetic_seed
WA,2023,asian,hisp,f,80-84,0.0307,synthetic_seed
WA,2023,asian,hisp,m,85+,0.0202,synthetic_seed
WA,2023,asian,hisp,f,85+,0.0099,synthetic_seed
WA,2023,other,non-hisp,m,0-4,0.0,synthetic_seed
WA,2023,other,non-hisp,f,0-4,0.0,synthetic_seed
WA,2023,other,non-hisp,m,5-9,0.0,synthetic_seed
WA,2023,other,non-hisp,f,5-9,0.0,synthetic_seed
WA,2023,other,non-hisp,m,10-14,0.0,synthetic_seed
WA,2023,other,non-hisp,f,10-14,0.0,synthetic_seed
WA,2023,other,non-hisp,m,15-19,0.3624,synthetic_seed
WA,2023,other,non-hisp,f,15-19,0.3291,synthetic_seed
WA,2023,other,non-hisp,m,20-24,0.7531,synthetic_seed
WA,2023,other,non-hisp,f,20-24,0.7,synthetic_seed
WA,2023,other,non-hisp,m,25-29,0.8481,synthetic_seed
WA,2023,other,non-hisp,f,25-29,0.7436,synthetic_seed
WA,2023,other,non-hisp,m,30-34,0.9138,synthetic_seed
WA,2023,other,non-hisp,f,30-34,0.7268,synthetic_seed
WA,2023,other,non-hisp,m,35-39,0.9387,synthetic_seed
WA,2023,other,non-hisp,f,35-39,0.7218,synthetic_seed
WA,2023,other,non-hisp,m,40-44,0.9045,synthetic_seed
WA,2023,other,non-hisp,f,40-44,0.7567,synthetic_seed
WA,2023,other,non-hisp,m,45-49,0.8811,synthetic_seed
WA,2023,other,non-hisp,f,45-49,0.7874,synthetic_seed
WA,2023,other,non-hisp,m,50-54,0.8119,synthetic_seed
WA,2023,other,non-hisp,f,50-54,0.7444,synthetic_seed
WA,2023,other,non-hisp,m,55-59,0.7659,synthetic_seed
WA,2023,other,non-hisp,f,55-59,0.6269,synthetic_seed
WA,2023,other,non-hisp,m,60-64,0.5928,synthetic_seed
WA,2023,other,non-hisp,f,60-64,0.493,synthetic_seed
WA,2023,other,non-hisp,m,65-69,0.3858,synthetic_seed
WA,2023,other,non-hisp,f,65-69,0.2731,synthetic_seed
WA,2023,other,non-hisp,m,70-74,0.2349,synthetic_seed
WA,2023,other,non-hisp,f,70-74,0.1562,synthetic_seed
WA,2023,other,non-hisp,m,75-79,0.1218,synthetic_seed
WA,2023,other,non-hisp,f,75-79,0.0689,synthetic_seed
WA,2023,other,non-hisp,m,80-84,0.0592,synthetic_seed
WA,2023,other,non-hisp,f,80-84,0.0299,synthetic_seed
WA,2023,other,non-hisp,m,85+,0.0204,synthetic_seed
WA,2023,other,non-hisp,f,85+,0.0102,synthetic_seed
WA,2023,other,hisp,m,0-4,0.0,synthetic_seed
WA,2023,other,hisp,f,0-4,0.0,synthetic_seed
WA,2023,other,hisp,m,5-9,0.0,synthetic_seed
WA,2023,other,hisp,f,5-9,0.0,synthetic_seed
WA,2023,other,hisp,m,10-14,0.0,synthetic_seed
WA,2023,other,hisp,f,10-14,0.0,synthetic_seed
WA,2023,other,hisp,m,15-19,0.3643,synthetic_seed
WA,2023,other,hisp,f,15-19,0.3231,synthetic_seed
WA,2023,other,hisp,m,20-24,0.7472,synthetic_seed
WA,2023,other,hisp,f,20-24,0.7096,synthetic_seed
WA,2023,other,hisp,m,25-29,0.854,synthetic_seed
WA,2023,other,hisp,f,25-29,0.7569,synthetic_seed
WA,2023,other,hisp,m,30-34,0.9231,synthetic_seed
WA,2023,other,hisp,f,30-34,0.7341,synthetic_seed
WA,2023,other,hisp,m,35-39,0.8896,synthetic_seed
WA,2023,other,hisp,f,35-39,0.7288,synthetic_seed
WA,2023,other,hisp,m,40-44,0.8898,synthetic_seed
WA,2023,other,hisp,f,40-44,0.7661,synthetic_seed
WA,2023,other,hisp,m,45-49,0.8688,synthetic_seed
WA,2023,other,hisp,f,45-49,0.7714,synthetic_seed
WA,2023,other,hisp,m,50-54,0.8119,synthetic_seed
WA,2023,other,hisp,f,50-54,0.7259,synthetic_seed
WA,2023,other,hisp,m,55-59,0.7432,synthetic_seed
WA,2023,other,hisp,f,55-59,0.6477,synthetic_seed
WA,2023,other,hisp,m,60-64,0.6269,synthetic_seed
WA,2023,other,hisp,f,60-64,0.4842,synthetic_seed
WA,2023,other,hisp,m,65-69,0.3619,synthetic_seed
WA,2023,other,hisp,f,65-69,0.2768,synthetic_seed
WA,2023,other,hisp,m,70-74,0.211,synthetic_seed
WA,2023,other,hisp,f,70-74,0.1525,synthetic_seed
WA,2023,other,hisp,m,75-79,0.1184,synthetic_seed
WA,2023,other,hisp,f,75-79,0.0673,synthetic_seed
WA,2023,other,hisp,m,80-84,0.061,synthetic_seed
WA,2023,other,hisp,f,80-84,0.0301,synthetic_seed
WA,2023,other,hisp,m,85+,0.0199,synthetic_seed
WA,2023,other,hisp,f,85+,0.0099,synthetic_seed
WV,2023,white,non-hisp,m,0-4,0.0,synthetic_seed
WV,2023,white,non-hisp,f,0-4,0.0,synthetic_seed
WV,2023,white,non-hisp,m,5-9,0.0,synthetic_seed
WV,2023,white,non-hisp,f,5-9,0.0,synthetic_seed
WV,2023,white,non-hisp,m,10-14,0.0,synthetic_seed
WV,2023,white,non-hisp,f,10-14,0.0,synthetic_seed
WV,2023,white,non-hisp,m,15-19,0.3713,synthetic_seed
WV,2023,white,non-hisp,f,15-19,0.3161,synthetic_seed
WV,2023,white,non-hisp,m,20-24,0.7693,synthetic_seed
WV,2023,white,non-hisp,f,20-24,0.6947,synthetic_seed
WV,2023,white,non-hisp,m,25-29,0.8616,synthetic_seed
WV,2023,white,non-hisp,f,25-29,0.7459,synthetic_seed
WV,2023,white,non-hisp,m,30-34,0.939,synthetic_seed
WV,2023,white,non-hisp,f,30-34,0.7056,synthetic_seed
WV,2023,white,non-hisp,m,35-39,0.8975,synthetic_seed
WV,2023,white,non-hisp,f,35-39,0.733,synthetic_seed
WV,2023,white,non-hisp,m,40-44,0.886,synthetic_seed
WV,2023,white,non-hisp,f,40-44,0.7841,synthetic_seed
WV,2023,white,non-hisp,m,45-49,0.881,synthetic_seed
WV,2023,white,non-hisp,f,45-49,0.7636,synthetic_seed
WV,2023,white,non-hisp,m,50-54,0.8078,synthetic_seed
WV,2023,white,non-hisp,f,50-54,0.7514,synthetic_seed
WV,2023,white,non-hisp,m,55-59,0.7853,synthetic_seed
WV,2023,white,non-hisp,f,55-59,0.6556,synthetic_seed
WV,2023,white,non-hisp,m,60-64,0.5965,synthetic_seed
WV,2023,white,non-hisp,f,60-64,0.4921,synthetic_seed
WV,2023,white,non-hisp,m,65-69,0.3888,synthetic_seed
WV,2023,white,non-hisp,f,65-69,0.2748,synthetic_seed
WV,2023,white,non-hisp,m,70-74,0.2338,synthetic_seed
WV,2023,white,non-hisp,f,70-74,0.1547,synthetic_seed
WV,2023,white,non-hisp,m,75-79,0.121,synthetic_seed
WV,2023,white,non-hisp,f,75-79,0.0694,synthetic_seed
WV,2023,white,non-hisp,m,80-84,0.0613,synthetic_seed
WV,2023,white,non-hisp,f,80-84,0.0291,synthetic_seed
WV,2023,white,non-hisp,m,85+,0.0203,synthetic_seed
WV,2023,white,non-hisp,f,85+,0.0101,synthetic_seed
WV,2023,white,hisp,m,0-4,0.0,synthetic_seed
WV,2023,white,hisp,f,0-4,0.0,synthetic_seed
WV,2023,white,hisp,m,5-9,0.0,synthetic_seed
WV,2023,white,hisp,f,5-9,0.0,synthetic_seed
WV,2023,white,hisp,m,10-14,0.0,synthetic_seed
WV,2023,white,hisp,f,10-14,0.0,synthetic_seed
WV,2023,white,hisp,m,15-19,0.3717,synthetic_seed
WV,2023,white,hisp,f,15-19,0.325,synthetic_seed
WV,2023,white,hisp,m,20-24,0.7631,synthetic_seed
WV,2023,white,hisp,f,20-24,0.6891,synthetic_seed
WV,2023,white,hisp,m,25-29,0.8611,synthetic_seed
WV,2023,white,hisp,f,25-29,0.7823,synthetic_seed
WV,2023,white,hisp,m,30-34,0.9054,synthetic_seed
WV,2023,white,hisp,f,30-34,0.7446,synthetic_seed
WV,2023,white,hisp,m,35-39,0.9069,synthetic_seed
WV,2023,white,hisp,f,35-39,0.7169,synthetic_seed
WV,2023,white,hisp,m,40-44,0.9148,synthetic_seed
WV,2023,white,hisp,f,40-44,0.7699,synthetic_seed
WV,2023,white,hisp,m,45-49,0.862,synthetic_seed
WV,2023,white,hisp,f,45-49,0.7486,synthetic_seed
WV,2023,white,hisp,m,50-54,0.8214,synthetic_seed
WV,2023,white,hisp,f,50-54,0.7136,synthetic_seed
WV,2023,white,hisp,m,55-59,0.7521,synthetic_seed
WV,2023,white,hisp,f,55-59,0.6682,synthetic_seed
WV,2023,white,hisp,m,60-64,0.5924,synthetic_seed
WV,2023,white,hisp,f,60-64,0.4994,synthetic_seed
WV,2023,white,hisp,m,65-69,0.3866,synthetic_seed
WV,2023,white,hisp,f,65-69,0.2853,synthetic_seed
WV,2023,white,hisp,m,70-74,0.2338,synthetic_seed
WV,2023,white,hisp,f,70-74,0.155,synthetic_seed
WV,2023,white,hisp,m,75-79,0.1227,synthetic_seed
WV,2023,white,hisp,f,75-79,0.0709,synthetic_seed
WV,2023,white,hisp,m,80-84,0.06,synthetic_seed
WV,2023,white,hisp,f,80-84,0.03,synthetic_seed
WV,2023,white,hisp,m,85+,0.0193,synthetic_seed
WV,2023,white,hisp,f,85+,0.0101,synthetic_seed
WV,2023,black,non-hisp,m,0-4,0.0,synthetic_seed
WV,2023,black,non-hisp,f,0-4,0.0,synthetic_seed
WV,2023,black,non-hisp,m,5-9,0.0,synthetic_seed
WV,2023,black,non-hisp,f,5-9,0.0,synthetic_seed
WV,2023,black,non-hisp,m,10-14,0.0,synthetic_seed
WV,2023,black,non-hisp,f,10-14,0.0,synthetic_seed
WV,2023,black,non-hisp,m,15-19,0.3359,synthetic_seed
WV,2023,black,non-hisp,f,15-19,0.3139,synthetic_seed
WV,2023,black,non-hisp,m,20-24,0.7303,synthetic_seed
WV,2023,black,non-hisp,f,20-24,0.6809,synthetic_seed
WV,2023,black,non-hisp,m,25-29,0.8547,synthetic_seed
WV,2023,black,non-hisp,f,25-29,0.7136,synthetic_seed
WV,2023,black,non-hisp,m,30-34,0.9006,synthetic_seed
WV,2023,black,non-hisp,f,30-34,0.717,synthetic_seed
WV,2023,black,non-hisp,m,35-39,0.8624,synthetic_seed
WV,2023,black,non-hisp,f,35-39,0.7113,synthetic_seed
WV,2023,black,non-hisp,m,40-44,0.8725,synthetic_seed
WV,2023,black,non-hisp,f,40-44,0.7581,synthetic_seed
WV,2023,black,non-hisp,m,45-49,0.857,synthetic_seed
WV,2023,black,non-hisp,f,45-49,0.7467,synthetic_seed
WV,2023,black,non-hisp,m,50-54,0.7844,synthetic_seed
WV,2023,black,non-hisp,f,50-54,0.7268,synthetic_seed
WV,2023,black,non-hisp,m,55-59,0.7042,synthetic_seed
WV,2023,black,non-hisp,f,55-59,0.6454,synthetic_seed
WV,2023,black,non-hisp,m,60-64,0.5688,synthetic_seed
WV,2023,black,non-hisp,f,60-64,0.4843,synthetic_seed
WV,2023,black,non-hisp,m,65-69,0.3562,synthetic_seed
WV,2023,black,non-hisp,f,65-69,0.2659,synthetic_seed
WV,2023,black,non-hisp,m,70-74,0.2223,synthetic_seed
WV,2023,black,non-hisp,f,70-74,0.1467,synthetic_seed
WV,2023,black,non-hisp,m,75-79,0.1175,synthetic_seed
WV,2023,black,non-hisp,f,75-79,0.0664,synthetic_seed
WV,2023,black,non-hisp,m,80-84,0.0574,synthetic_seed
WV,2023,black,non-hisp,f,80-84,0.0294,synthetic_seed
WV,2023,black,non-hisp,m,85+,0.0196,synthetic_seed
WV,2023,black,non-hisp,f,85+,0.0095,synthetic_seed
WV,2023,black,hisp,m,0-4,0.0,synthetic_seed
WV,2023,black,hisp,f,0-4,0.0,synthetic_seed
WV,2023,black,hisp,m,5-9,0.0,synthetic_seed
WV,2023,black,hisp,f,5-9,0.0,synthetic_seed
WV,2023,black,hisp,m,10-14,0.0,synthetic_seed
WV,2023,black,hisp,f,10-14,0.0,synthetic_seed
WV,2023,black,hisp,m,15-19,0.3562,synthetic_seed
WV,2023,black,hisp,f,15-19,0.3082,synthetic_seed
WV,2023,black,hisp,m,20-24,0.7331,synthetic_seed
WV,2023,black,hisp,f,20-24,0.6945,synthetic_seed
WV,2023,black,hisp,m,25-29,0.8801,synthetic_seed
WV,2023,black,hisp,f,25-29,0.6901,synthetic_seed
WV,2023,black,hisp,m,30-34,0.9057,synthetic_seed
WV,2023,black,hisp,f,30-34,0.7224,synthetic_seed
WV,2023,black,hisp,m,35-39,0.857,synthetic_seed
WV,2023,black,hisp,f,35-39,0.7206,synthetic_seed
WV,2023,black,hisp,m,40-44,0.8865,synthetic_seed
WV,2023,black,hisp,f,40-44,0.7357,synthetic_seed
WV,2023,black,hisp,m,45-49,0.8498,synthetic_seed
WV,2023,black,hisp,f,45-49,0.7508,synthetic_seed
WV,2023,black,hisp,m,50-54,0.7863,synthetic_seed
WV,2023,black,hisp,f,50-54,0.7086,synthetic_seed
WV,2023,black,hisp,m,55-59,0.7084,synthetic_seed
WV,2023,black,hisp,f,55-59,0.6263,synthetic_seed
WV,2023,black,hisp,m,60-64,0.5791,synthetic_seed
WV,2023,black,hisp,f,60-64,0.4912,synthetic_seed
WV,2023,black,hisp,m,65-69,0.3684,synthetic_seed
WV,2023,black,hisp,f,65-69,0.2706,synthetic_seed
WV,2023,black,hisp,m,70-74,0.227,synthetic_seed
WV,2023,black,hisp,f,70-74,0.141,synthetic_seed
WV,2023,black,hisp,m,75-79,0.1201,synthetic_seed
WV,2023,black,hisp,f,75-79,0.0687,synthetic_seed
WV,2023,black,hisp,m,80-84,0.0586,synthetic_seed
WV,2023,black,hisp,f,80-84,0.029,synthetic_seed
WV,2023,black,hisp,m,85+,0.0201,synthetic_seed
WV,2023,black,hisp,f,85+,0.0099,synthetic_seed
WV,2023,asian,non-hisp,m,0-4,0.0,synthetic_seed
WV,2023,asian,non-hisp,f,0-4,0.0,synthetic_seed
WV,2023,asian,non-hisp,m,5-9,0.0,synthetic_seed
WV,2023,asian,non-hisp,f,5-9,0.0,synthetic_seed
WV,2023,asian,non-hisp,m,10-14,0.0,synthetic_seed
WV,2023,asian,non-hisp,f,10-14,0.0,synthetic_seed
WV,2023,asian,non-hisp,m,15-19,0.3591,synthetic_seed
WV,2023,asian,non-hisp,f,15-19,0.3142,synthetic_seed
WV,2023,asian,non-hisp,m,20-24,0.7718,synthetic_seed
WV,2023,asian,non-hisp,f,20-24,0.7179,synthetic_seed
WV,2023,asian,non-hisp,m,25-29,0.8848,synthetic_seed
WV,2023,asian,non-hisp,f,25-29,0.7456,synthetic_seed
WV,2023,asian,non-hisp,m,30-34,0.936,synthetic_seed
WV,2023,asian,non-hisp,f,30-34,0.7222,synthetic_seed
WV,2023,asian,non-hisp,m,35-39,0.9117,synthetic_seed
WV,2023,asian,non-hisp,f,35-39,0.7396,synthetic_seed
WV,2023,asian,non-hisp,m,40-44,0.917,synthetic_seed
WV,2023,asian,non-hisp,f,40-44,0.8104,synthetic_seed
WV,2023,asian,non-hisp,m,45-49,0.8877,synthetic_seed
WV,2023,asian,non-hisp,f,45-49,0.7861,synthetic_seed
WV,2023,asian,non-hisp,m,50-54,0.865,synthetic_seed
WV,2023,asian,non-hisp,f,50-54,0.7606,synthetic_seed
WV,2023,asian,non-hisp,m,55-59,0.7692,synthetic_seed
WV,2023,asian,non-hisp,f,55-59,0.6678,synthetic_seed
WV,2023,asian,non-hisp,m,60-64,0.5995,synthetic_seed
WV,2023,asian,non-hisp,f,60-64,0.5215,synthetic_seed
WV,2023,asian,non-hisp,m,65-69,0.3911,synthetic_seed
WV,2023,asian,non-hisp,f,65-69,0.283,synthetic_seed
WV,2023,asian,non-hisp,m,70-74,0.2358,synthetic_seed
WV,2023,asian,non-hisp,f,70-74,0.1526,synthetic_seed
WV,2023,asian,non-hisp,m,75-79,0.1201,synthetic_seed
WV,2023,asian,non-hisp,f,75-79,0.0726,synthetic_seed
WV,2023,asian,non-hisp,m,80-84,0.0613,synthetic_seed
WV,2023,asian,non-hisp,f,80-84,0.0306,synthetic_seed
WV,2023,asian,non-hisp,m,85+,0.0201,synthetic_seed
WV,2023,asian,non-hisp,f,85+,0.0101,synthetic_seed
WV,2023,asian,hisp,m,0-4,0.0,synthetic_seed
WV,2023,asian,hisp,f,0-4,0.0,synthetic_seed
WV,2023,asian,hisp,m,5-9,0.0,synthetic_seed
WV,2023,asian,hisp,f,5-9,0.0,synthetic_seed
WV,2023,asian,hisp,m,10-14,0.0,synthetic_seed
WV,2023,asian,hisp,f,10-14,0.0,synthetic_seed
WV,2023,asian,hisp,m,15-19,0.3683,synthetic_seed
WV,2023,asian,hisp,f,15-19,0.3236,synthetic_seed
WV,2023,asian,hisp,m,20-24,0.7668,synthetic_seed
WV,2023,asian,hisp,f,20-24,0.7162,synthetic_seed
WV,2023,asian,hisp,m,25-29,0.9063,synthetic_seed
WV,2023,asian,hisp,f,25-29,0.766,synthetic_seed
WV,2023,asian,hisp,m,30-34,0.9343,synthetic_seed
WV,2023,asian,hisp,f,30-34,0.7462,synthetic_seed
WV,2023,asian,hisp,m,35-39,0.9187,synthetic_seed
WV,2023,asian,hisp,f,35-39,0.764,synthetic_seed
WV,2023,asian,hisp,m,40-44,0.9369,synthetic_seed
WV,2023,asian,hisp,f,40-44,0.7553,synthetic_seed
WV,2023,asian,hisp,m,45-49,0.8982,synthetic_seed
WV,2023,asian,hisp,f,45-49,0.7998,synthetic_seed
WV,2023,asian,hisp,m,50-54,0.8342,synthetic_seed
WV,2023,asian,hisp,f,50-54,0.7333,synthetic_seed
WV,2023,asian,hisp,m,55-59,0.7451,synthetic_seed
WV,2023,asian,hisp,f,55-59,0.669,synthetic_seed
WV,2023,asian,hisp,m,60-64,0.6018,synthetic_seed
WV,2023,asian,hisp,f,60-64,0.508,synthetic_seed
WV,2023,asian,hisp,m,65-69,0.3901,synthetic_seed
WV,2023,asian,hisp,f,65-69,0.2924,synthetic_seed
WV,2023,asian,hisp,m,70-74,0.2343,synthetic_seed
WV,2023,asian,hisp,f,70-74,0.1527,synthetic_seed
WV,2023,asian,hisp,m,75-79,0.1181,synthetic_seed
WV,2023,asian,hisp,f,75-79,0.0696,synthetic_seed
WV,2023,asian,hisp,m,80-84,0.0618,synthetic_seed
WV,2023,asian,hisp,f,80-84,0.0314,synthetic_seed
WV,2023,asian,hisp,m,85+,0.0207,synthetic_seed
WV,2023,asian,hisp,f,85+,0.0106,synthetic_seed
WV,2023,other,non-hisp,m,0-4,0.0,synthetic_seed
WV,2023,other,non-hisp,f,0-4,0.0,synthetic_seed
WV,2023,other,non-hisp,m,5-9,0.0,synthetic_seed
WV,2023,other,non-hisp,f,5-9,0.0,synthetic_seed
WV,2023,other,non-hisp,m,10-14,0.0,synthetic_seed
WV,2023,other,non-hisp,f,10-14,0.0,synthetic_seed
WV,2023,other,non-hisp,m,15-19,0.3569,synthetic_seed
WV,2023,other,non-hisp,f,15-19,0.3079,synthetic_seed
WV,2023,other,non-hisp,m,20-24,0.7609,synthetic_seed
WV,2023,other,non-hisp,f,20-24,0.6962,synthetic_seed
WV,2023,other,non-hisp,m,25-29,0.8709,synthetic_seed
WV,2023,other,non-hisp,f,25-29,0.7527,synthetic_seed
WV,2023,other,non-hisp,m,30-34,0.8844,synthetic_seed
WV,2023,other,non-hisp,f,30-34,0.7525,synthetic_seed
WV,2023,other,non-hisp,m,35-39,0.9154,synthetic_seed
WV,2023,other,non-hisp,f,35-39,0.7653,synthetic_seed
WV,2023,other,non-hisp,m,40-44,0.9073,synthetic_seed
WV,2023,other,non-hisp,f,40-44,0.7861,synthetic_seed
WV,2023,other,non-hisp,m,45-49,0.8701,synthetic_seed
WV,2023,other,non-hisp,f,45-49,0.7433,synthetic_seed
WV,2023,other,non-hisp,m,50-54,0.7872,synthetic_seed
WV,2023,other,non-hisp,f,50-54,0.7484,synthetic_seed
WV,2023,other,non-hisp,m,55-59,0.7397,synthetic_seed
WV,2023,other,non-hisp,f,55-59,0.629,synthetic_seed
WV,2023,other,non-hisp,m,60-64,0.587,synthetic_seed
WV,2023,other,non-hisp,f,60-64,0.507,synthetic_seed
WV,2023,other,non-hisp,m,65-69,0.3779,synthetic_seed
WV,2023,other,non-hisp,f,65-69,0.2677,synthetic_seed
WV,2023,other,non-hisp,m,70-74,0.2305,synthetic_seed
WV,2023,other,non-hisp,f,70-74,0.1505,synthetic_seed
WV,2023,other,non-hisp,m,75-79,0.1192,synthetic_seed
WV,2023,other,non-hisp,f,75-79,0.069,synthetic_seed
WV,2023,other,non-hisp,m,80-84,0.0596,synthetic_seed
WV,2023,other,non-hisp,f,80-84,0.0296,synthetic_seed
WV,2023,other,non-hisp,m,85+,0.0204,synthetic_seed
WV,2023,other,non-hisp,f,85+,0.0095,synthetic_seed
WV,2023,other,hisp,m,0-4,0.0,synthetic_seed
WV,2023,other,hisp,f,0-4,0.0,synthetic_seed
WV,2023,other,hisp,m,5-9,0.0,synthetic_seed
WV,2023,other,hisp,f,5-9,0.0,synthetic_seed
WV,2023,other,hisp,m,10-14,0.0,synthetic_seed
WV,2023,other,hisp,f,10-14,0.0,synthetic_seed
WV,2023,other,hisp,m,15-19,0.3752,synthetic_seed
WV,2023,other,hisp,f,15-19,0.3257,synthetic_seed
WV,2023,other,hisp,m,20-24,0.752,synthetic_seed
WV,2023,other,hisp,f,20-24,0.6844,synthetic_seed
WV,2023,other,hisp,m,25-29,0.8831,synthetic_seed
WV,2023,other,hisp,f,25-29,0.7383,synthetic_seed
WV,2023,other,hisp,m,30-34,0.8929,synthetic_seed
WV,2023,other,hisp,f,30-34,0.7251,synthetic_seed
WV,2023,other,hisp,m,35-39,0.8963,synthetic_seed
WV,2023,other,hisp,f,35-39,0.7028,synthetic_seed
WV,2023,other,hisp,m,40-44,0.8847,synthetic_seed
WV,2023,other,hisp,f,40-44,0.7524,synthetic_seed
WV,2023,other,hisp,m,45-49,0.8867,synthetic_seed
WV,2023,other,hisp,f,45-49,0.7651,synthetic_seed
WV,2023,other,hisp,m,50-54,0.8236,synthetic_seed
WV,2023,other,hisp,f,50-54,0.7164,synthetic_seed
WV,2023,other,hisp,m,55-59,0.7563,synthetic_seed
WV,2023,other,hisp,f,55-59,0.6267,synthetic_seed
WV,2023,other,hisp,m,60-64,0.6101,synthetic_seed
WV,2023,other,hisp,f,60-64,0.4933,synthetic_seed
WV,2023,other,hisp,m,65-69,0.374,synthetic_seed
WV,2023,other,hisp,f,65-69,0.2737,synthetic_seed
WV,2023,other,hisp,m,70-74,0.2319,synthetic_seed
WV,2023,other,hisp,f,70-74,0.1487,synthetic_seed
WV,2023,other,hisp,m,75-79,0.1164,synthetic_seed
WV,2023,other,hisp,f,75-79,0.07,synthetic_seed
WV,2023,other,hisp,m,80-84,0.0575,synthetic_seed
WV,2023,other,hisp,f,80-84,0.0288,synthetic_seed
WV,2023,other,hisp,m,85+,0.0203,synthetic_seed
WV,2023,other,hisp,f,85+,0.0099,synthetic_seed
WI,2023,white,non-hisp,m,0-4,0.0,synthetic_seed
WI,2023,white,non-hisp,f,0-4,0.0,synthetic_seed
WI,2023,white,non-hisp,m,5-9,0.0,synthetic_seed
WI,2023,white,non-hisp,f,5-9,0.0,synthetic_seed
WI,2023,white,non-hisp,m,10-14,0.0,synthetic_seed
WI,2023,white,non-hisp,f,10-14,0.0,synthetic_seed
WI,2023,white,non-hisp,m,15-19,0.3444,synthetic_seed
WI,2023,white,non-hisp,f,15-19,0.3053,synthetic_seed
WI,2023,white,non-hisp,m,20-24,0.7315,synthetic_seed
WI,2023,white,non-hisp,f,20-24,0.6907,synthetic_seed
WI,2023,white,non-hisp,m,25-29,0.8979,synthetic_seed
WI,2023,white,non-hisp,f,25-29,0.7484,synthetic_seed
WI,2023,white,non-hisp,m,30-34,0.9392,synthetic_seed
WI,2023,white,non-hisp,f,30-34,0.7326,synthetic_seed
WI,2023,white,non-hisp,m,35-39,0.9037,synthetic_seed
WI,2023,white,non-hisp,f,35-39,0.7384,synthetic_seed
WI,2023,white,non-hisp,m,40-44,0.9033,synthetic_seed
WI,2023,white,non-hisp,f,40-44,0.7751,synthetic_seed
WI,2023,white,non-hisp,m,45-49,0.8536,synthetic_seed
WI,2023,white,non-hisp,f,45-49,0.7527,synthetic_seed
WI,2023,white,non-hisp,m,50-54,0.8236,synthetic_seed
WI,2023,white,non-hisp,f,50-54,0.733,synthetic_seed
WI,2023,white,non-hisp,m,55-59,0.7485,synthetic_seed
WI,2023,white,non-hisp,f,55-59,0.6727,synthetic_seed
WI,2023,white,non-hisp,m,60-64,0.599,synthetic_seed
WI,2023,white,non-hisp,f,60-64,0.4857,synthetic_seed
WI,2023,white,non-hisp,m,65-69,0.383,synthetic_seed
WI,2023,white,non-hisp,f,65-69,0.2829,synthetic_seed
WI,2023,white,non-hisp,m,70-74,0.2387,synthetic_seed
WI,2023,white,non-hisp,f,70-74,0.1491,synthetic_seed
WI,2023,white,non-hisp,m,75-79,0.1154,synthetic_seed
WI,2023,white,non-hisp,f,75-79,0.0706,synthetic_seed
WI,2023,white,non-hisp,m,80-84,0.0587,synthetic_seed
WI,2023,white,non-hisp,f,80-84,0.0304,synthetic_seed
WI,2023,white,non-hisp,m,85+,0.0196,synthetic_seed
WI,2023,white,non-hisp,f,85+,0.0098,synthetic_seed
WI,2023,white,hisp,m,0-4,0.0,synthetic_seed
WI,2023,white,hisp,f,0-4,0.0,synthetic_seed
WI,2023,white,hisp,m,5-9,0.0,synthetic_seed
WI,2023,white,hisp,f,5-9,0.0,synthetic_seed
WI,2023,white,hisp,m,10-14,0.0,synthetic_seed
WI,2023,white,hisp,f,10-14,0.0,synthetic_seed
WI,2023,white,hisp,m,15-19,0.3535,synthetic_seed
WI,2023,white,hisp,f,15-19,0.3342,synthetic_seed
WI,2023,white,hisp,m,20-24,0.7716,synthetic_seed
WI,2023,white,hisp,f,20-24,0.6833,synthetic_seed
WI,2023,white,hisp,m,25-29,0.9039,synthetic_seed
WI,2023,white,hisp,f,25-29,0.7327,synthetic_seed
WI,2023,white,hisp,m,30-34,0.8979,synthetic_seed
WI,2023,white,hisp,f,30-34,0.7354,synthetic_seed
WI,2023,white,hisp,m,35-39,0.8847,synthetic_seed
WI,2023,white,hisp,f,35-39,0.7187,synthetic_seed
WI,2023,white,hisp,m,40-44,0.9166,synthetic_seed
WI,2023,white,hisp,f,40-44,0.7758,synthetic_seed
WI,2023,white,hisp,m,45-49,0.8574,synthetic_seed
WI,2023,white,hisp,f,45-49,0.7266,synthetic_seed
WI,2023,white,hisp,m,50-54,0.8482,synthetic_seed
WI,2023,white,hisp,f,50-54,0.7478,synthetic_seed
WI,2023,white,hisp,m,55-59,0.7535,synthetic_seed
WI,2023,white,hisp,f,55-59,0.641,synthetic_seed
WI,2023,white,hisp,m,60-64,0.5929,synthetic_seed
WI,2023,white,hisp,f,60-64,0.5047,synthetic_seed
WI,2023,white,hisp,m,65-69,0.3811,synthetic_seed
WI,2023,white,hisp,f,65-69,0.2836,synthetic_seed
WI,2023,white,hisp,m,70-74,0.231,synthetic_seed
WI,2023,white,hisp,f,70-74,0.1476,synthetic_seed
WI,2023,white,hisp,m,75-79,0.1165,synthetic_seed
WI,2023,white,hisp,f,75-79,0.0686,synthetic_seed
WI,2023,white,hisp,m,80-84,0.0602,synthetic_seed
WI,2023,white,hisp,f,80-84,0.0295,synthetic_seed
WI,2023,white,hisp,m,85+,0.02,synthetic_seed
WI,2023,white,hisp,f,85+,0.01,synthetic_seed
WI,2023,black,non-hisp,m,0-4,0.0,synthetic_seed
WI,2023,black,non-hisp,f,0-4,0.0,synthetic_seed
WI,2023,black,non-hisp,m,5-9,0.0,synthetic_seed
WI,2023,black,non-hisp,f,5-9,0.0,synthetic_seed
WI,2023,black,non-hisp,m,10-14,0.0,synthetic_seed
WI,2023,black,non-hisp,f,10-14,0.0,synthetic_seed
WI,2023,black,non-hisp,m,15-19,0.347,synthetic_seed
WI,2023,black,non-hisp,f,15-19,0.3129,synthetic_seed
WI,2023,black,non-hisp,m,20-24,0.7196,synthetic_seed
WI,2023,black,non-hisp,f,20-24,0.6708,synthetic_seed
WI,2023,black,non-hisp,m,25-29,0.8335,synthetic_seed
WI,2023,black,non-hisp,f,25-29,0.7359,synthetic_seed
WI,2023,black,non-hisp,m,30-34,0.9037,synthetic_seed
WI,2023,black,non-hisp,f,30-34,0.7019,synthetic_seed
WI,2023,black,non-hisp,m,35-39,0.8693,synthetic_seed
WI,2023,black,non-hisp,f,35-39,0.7541,synthetic_seed
WI,2023,black,non-hisp,m,40-44,0.8726,synthetic_seed
WI,2023,black,non-hisp,f,40-44,0.7566,synthetic_seed
WI,2023,black,non-hisp,m,45-49,0.8439,synthetic_seed
WI,2023,black,non-hisp,f,45-49,0.7465,synthetic_seed
WI,2023,black,non-hisp,m,50-54,0.8128,synthetic_seed
WI,2023,black,non-hisp,f,50-54,0.7029,synthetic_seed
WI,2023,black,non-hisp,m,55-59,0.7218,synthetic_seed
WI,2023,black,non-hisp,f,55-59,0.6357,synthetic_seed
WI,2023,black,non-hisp,m,60-64,0.585,synthetic_seed
WI,2023,black,non-hisp,f,60-64,0.5053,synthetic_seed
WI,2023,black,non-hisp,m,65-69,0.3644,synthetic_seed
WI,2023,black,non-hisp,f,65-69,0.2722,synthetic_seed
WI,2023,black,non-hisp,m,70-74,0.2284,synthetic_seed
WI,2023,black,non-hisp,f,70-74,0.1493,synthetic_seed
WI,2023,black,non-hisp,m,75-79,0.116,synthetic_seed
WI,2023,black,non-hisp,f,75-79,0.0688,synthetic_seed
WI,2023,black,non-hisp,m,80-84,0.0564,synthetic_seed
WI,2023,black,non-hisp,f,80-84,0.0293,synthetic_seed
WI,2023,black,non-hisp,m,85+,0.0193,synthetic_seed
WI,2023,black,non-hisp,f,85+,0.0094,synthetic_seed
WI,2023,black,hisp,m,0-4,0.0,synthetic_seed
WI,2023,black,hisp,f,0-4,0.0,synthetic_seed
WI,2023,black,hisp,m,5-9,0.0,synthetic_seed
WI,2023,black,hisp,f,5-9,0.0,synthetic_seed
WI,2023,black,hisp,m,10-14,0.0,synthetic_seed
WI,2023,black,hisp,f,10-14,0.0,synthetic_seed
WI,2023,black,hisp,m,15-19,0.3319,synthetic_seed
WI,2023,black,hisp,f,15-19,0.3113,synthetic_seed
WI,2023,black,hisp,m,20-24,0.7503,synthetic_seed
WI,2023,black,hisp,f,20-24,0.6681,synthetic_seed
WI,2023,black,hisp,m,25-29,0.8517,synthetic_seed
WI,2023,black,hisp,f,25-29,0.7098,synthetic_seed
WI,2023,black,hisp,m,30-34,0.8736,synthetic_seed
WI,2023,black,hisp,f,30-34,0.7038,synthetic_seed
WI,2023,black,hisp,m,35-39,0.892,synthetic_seed
WI,2023,black,hisp,f,35-39,0.6931,synthetic_seed
WI,2023,black,hisp,m,40-44,0.876,synthetic_seed
WI,2023,black,hisp,f,40-44,0.7642,synthetic_seed
WI,2023,black,hisp,m,45-49,0.8339,synthetic_seed
WI,2023,black,hisp,f,45-49,0.762,synthetic_seed
WI,2023,black,hisp,m,50-54,0.8109,synthetic_seed
WI,2023,black,hisp,f,50-54,0.7261,synthetic_seed
WI,2023,black,hisp,m,55-59,0.7245,synthetic_seed
WI,2023,black,hisp,f,55-59,0.634,synthetic_seed
WI,2023,black,hisp,m,60-64,0.583,synthetic_seed
WI,2023,black,hisp,f,60-64,0.4758,synthetic_seed
WI,2023,black,hisp,m,65-69,0.3715,synthetic_seed
WI,2023,black,hisp,f,65-69,0.2649,synthetic_seed
WI,2023,black,hisp,m,70-74,0.2219,synthetic_seed
WI,2023,black,hisp,f,70-74,0.1459,synthetic_seed
WI,2023,black,hisp,m,75-79,0.1173,synthetic_seed
WI,2023,black,hisp,f,75-79,0.0672,synthetic_seed
WI,2023,black,hisp,m,80-84,0.058,synthetic_seed
WI,2023,black,hisp,f,80-84,0.0295,synthetic_seed
WI,2023,black,hisp,m,85+,0.0187,synthetic_seed
WI,2023,black,hisp,f,85+,0.0098,synthetic_seed
WI,2023,asian,non-hisp,m,0-4,0.0,synthetic_seed
WI,2023,asian,non-hisp,f,0-4,0.0,synthetic_seed
WI,2023,asian,non-hisp,m,5-9,0.0,synthetic_seed
WI,2023,asian,non-hisp,f,5-9,0.0,synthetic_seed
WI,2023,asian,non-hisp,m,10-14,0.0,synthetic_seed
WI,2023,asian,non-hisp,f,10-14,0.0,synthetic_seed
WI,2023,asian,non-hisp,m,15-19,0.3597,synthetic_seed
WI,2023,asian,non-hisp,f,15-19,0.3268,synthetic_seed
WI,2023,asian,non-hisp,m,20-24,0.769,synthetic_seed
WI,2023,asian,non-hisp,f,20-24,0.7028,synthetic_seed
WI,2023,asian,non-hisp,m,25-29,0.9011,synthetic_seed
WI,2023,asian,non-hisp,f,25-29,0.7883,synthetic_seed
WI,2023,asian,non-hisp,m,30-34,0.9185,synthetic_seed
WI,2023,asian,non-hisp,f,30-34,0.7461,synthetic_seed
WI,2023,asian,non-hisp,m,35-39,0.9157,synthetic_seed
WI,2023,asian,non-hisp,f,35-39,0.7706,synthetic_seed
WI,2023,asian,non-hisp,m,40-44,0.9152,synthetic_seed
WI,2023,asian,non-hisp,f,40-44,0.7631,synthetic_seed
WI,2023,asian,non-hisp,m,45-49,0.8694,synthetic_seed
WI,2023,asian,non-hisp,f,45-49,0.7948,synthetic_seed
WI,2023,asian,non-hisp,m,50-54,0.8404,synthetic_seed
WI,2023,asian,non-hisp,f,50-54,0.7391,synthetic_seed
WI,2023,asian,non-hisp,m,55-59,0.7677,synthetic_seed
WI,2023,asian,non-hisp,f,55-59,0.6567,synthetic_seed
WI,2023,asian,non-hisp,m,60-64,0.6096,synthetic_seed
WI,2023,asian,non-hisp,f,60-64,0.5061,synthetic_seed
WI,2023,asian,non-hisp,m,65-69,0.3861,synthetic_seed
WI,2023,asian,non-hisp,f,65-69,0.2757,synthetic_seed
WI,2023,asian,non-hisp,m,70-74,0.2258,synthetic_seed
WI,2023,asian,non-hisp,f,70-74,0.1559,synthetic_seed
WI,2023,asian,non-hisp,m,75-79,0.1206,synthetic_seed
WI,2023,asian,non-hisp,f,75-79,0.0664,synthetic_seed
WI,2023,asian,non-hisp,m,80-84,0.0607,synthetic_seed
WI,2023,asian,non-hisp,f,80-84,0.0298,synthetic_seed
WI,2023,asian,non-hisp,m,85+,0.0202,synthetic_seed
WI,2023,asian,non-hisp,f,85+,0.0102,synthetic_seed
WI,2023,asian,hisp,m,0-4,0.0,synthetic_seed
WI,2023,asian,hisp,f,0-4,0.0,synthetic_seed
WI,2023,asian,hisp,m,5-9,0.0,synthetic_seed
WI,2023,asian,hisp,f,5-9,0.0,synthetic_seed
WI,2023,asian,hisp,m,10-14,0.0,synthetic_seed
WI,2023,asian,hisp,f,10-14,0.0,synthetic_seed
WI,2023,asian,hisp,m,15-19,0.3681,synthetic_seed
WI,2023,asian,hisp,f,15-19,0.3294,synthetic_seed
WI,2023,asian,hisp,m,20-24,0.784,synthetic_seed
WI,2023,asian,hisp,f,20-24,0.6783,synthetic_seed
WI,2023,asian,hisp,m,25-29,0.9149,synthetic_seed
WI,2023,asian,hisp,f,25-29,0.7733,synthetic_seed
WI,2023,asian,hisp,m,30-34,0.9693,synthetic_seed
WI,2023,asian,hisp,f,30-34,0.7452,synthetic_seed
WI,2023,asian,hisp,m,35-39,0.9637,synthetic_seed
WI,2023,asian,hisp,f,35-39,0.7642,synthetic_seed
WI,2023,asian,hisp,m,40-44,0.8998,synthetic_seed
WI,2023,asian,hisp,f,40-44,0.7818,synthetic_seed
WI,2023,asian,hisp,m,45-49,0.9061,synthetic_seed
WI,2023,asian,hisp,f,45-49,0.8005,synthetic_seed
WI,2023,asian,hisp,m,50-54,0.8337,synthetic_seed
WI,2023,asian,hisp,f,50-54,0.745,synthetic_seed
WI,2023,asian,hisp,m,55-59,0.7673,synthetic_seed
WI,2023,asian,hisp,f,55-59,0.6745,synthetic_seed
WI,2023,asian,hisp,m,60-64,0.6139,synthetic_seed
WI,2023,asian,hisp,f,60-64,0.498,synthetic_seed
WI,2023,asian,hisp,m,65-69,0.3871,synthetic_seed
WI,2023,asian,hisp,f,65-69,0.2919,synthetic_seed
WI,2023,asian,hisp,m,70-74,0.2366,synthetic_seed
WI,2023,asian,hisp,f,70-74,0.1484,synthetic_seed
WI,2023,asian,hisp,m,75-79,0.1267,synthetic_seed
WI,2023,asian,hisp,f,75-79,0.0691,synthetic_seed
WI,2023,asian,hisp,m,80-84,0.0591,synthetic_seed
WI,2023,asian,hisp,f,80-84,0.0308,synthetic_seed
WI,2023,asian,hisp,m,85+,0.02,synthetic_seed
WI,2023,asian,hisp,f,85+,0.0103,synthetic_seed
WI,2023,other,non-hisp,m,0-4,0.0,synthetic_seed
WI,2023,other,non-hisp,f,0-4,0.0,synthetic_seed
WI,2023,other,non-hisp,m,5-9,0.0,synthetic_seed
WI,2023,other,non-hisp,f,5-9,0.0,synthetic_seed
WI,2023,other,non-hisp,m,10-14,0.0,synthetic_seed
WI,2023,other,non-hisp,f,10-14,0.0,synthetic_seed
WI,2023,other,non-hisp,m,15-19,0.3643,synthetic_seed
WI,2023,other,non-hisp,f,15-19,0.3198,synthetic_seed
WI,2023,other,non-hisp,m,20-24,0.7635,synthetic_seed
WI,2023,other,non-hisp,f,20-24,0.6994,synthetic_seed
WI,2023,other,non-hisp,m,25-29,0.8883,synthetic_seed
WI,2023,other,non-hisp,f,25-29,0.7307,synthetic_seed
WI,2023,other,non-hisp,m,30-34,0.8738,synthetic_seed
WI,2023,other,non-hisp,f,30-34,0.7328,synthetic_seed
WI,2023,other,non-hisp,m,35-39,0.8736,synthetic_seed
WI,2023,other,non-hisp,f,35-39,0.7432,synthetic_seed
WI,2023,other,non-hisp,m,40-44,0.9067,synthetic_seed
WI,2023,other,non-hisp,f,40-44,0.8098,synthetic_seed
WI,2023,other,non-hisp,m,45-49,0.8835,synthetic_seed
WI,2023,other,non-hisp,f,45-49,0.7538,synthetic_seed
WI,2023,other,non-hisp,m,50-54,0.8432,synthetic_seed
WI,2023,other,non-hisp,f,50-54,0.7443,synthetic_seed
WI,2023,other,non-hisp,m,55-59,0.7345,synthetic_seed
WI,2023,other,non-hisp,f,55-59,0.6491,synthetic_seed
WI,2023,other,non-hisp,m,60-64,0.5823,synthetic_seed
WI,2023,other,non-hisp,f,60-64,0.4962,synthetic_seed
WI,2023,other,non-hisp,m,65-69,0.3761,synthetic_seed
WI,2023,other,non-hisp,f,65-69,0.28,synthetic_seed
WI,2023,other,non-hisp,m,70-74,0.2315,synthetic_seed
WI,2023,other,non-hisp,f,70-74,0.1481,synthetic_seed
WI,2023,other,non-hisp,m,75-79,0.1177,synthetic_seed
WI,2023,other,non-hisp,f,75-79,0.0708,synthetic_seed
WI,2023,other,non-hisp,m,80-84,0.0593,synthetic_seed
WI,2023,other,non-hisp,f,80-84,0.0304,synthetic_seed
WI,2023,other,non-hisp,m,85+,0.02,synthetic_seed
WI,2023,other,non-hisp,f,85+,0.0097,synthetic_seed
WI,2023,other,hisp,m,0-4,0.0,synthetic_seed
WI,2023,other,hisp,f,0-4,0.0,synthetic_seed
WI,2023,other,hisp,m,5-9,0.0,synthetic_seed
WI,2023,other,hisp,f,5-9,0.0,synthetic_seed
WI,2023,other,hisp,m,10-14,0.0,synthetic_seed
WI,2023,other,hisp,f,10-14,0.0,synthetic_seed
WI,2023,other,hisp,m,15-19,0.3704,synthetic_seed
WI,2023,other,hisp,f,15-19,0.3245,synthetic_seed
WI,2023,other,hisp,m,20-24,0.779,synthetic_seed
WI,2023,other,hisp,f,20-24,0.6895,synthetic_seed
WI,2023,other,hisp,m,25-29,0.9091,synthetic_seed
WI,2023,other,hisp,f,25-29,0.7314,synthetic_seed
WI,2023,other,hisp,m,30-34,0.929,synthetic_seed
WI,2023,other,hisp,f,30-34,0.7267,synthetic_seed
WI,2023,other,hisp,m,35-39,0.8947,synthetic_seed
WI,2023,other,hisp,f,35-39,0.7239,synthetic_seed
WI,2023,other,hisp,m,40-44,0.9196,synthetic_seed
WI,2023,other,hisp,f,40-44,0.757,synthetic_seed
WI,2023,other,hisp,m,45-49,0.8535,synthetic_seed
WI,2023,other,hisp,f,45-49,0.7699,synthetic_seed
WI,2023,other,hisp,m,50-54,0.82,synthetic_seed
WI,2023,other,hisp,f,50-54,0.7243,synthetic_seed
WI,2023,other,hisp,m,55-59,0.7361,synthetic_seed
WI,2023,other,hisp,f,55-59,0.6518,synthetic_seed
WI,2023,other,hisp,m,60-64,0.6095,synthetic_seed
WI,2023,other,hisp,f,60-64,0.5052,synthetic_seed
WI,2023,other,hisp,m,65-69,0.3876,synthetic_seed
WI,2023,other,hisp,f,65-69,0.2884,synthetic_seed
WI,2023,other,hisp,m,70-74,0.2344,synthetic_seed
WI,2023,other,hisp,f,70-74,0.1505,synthetic_seed
WI,2023,other,hisp,m,75-79,0.119,synthetic_seed
WI,2023,other,hisp,f,75-79,0.0685,synthetic_seed
WI,2023,other,hisp,m,80-84,0.0627,synthetic_seed
WI,2023,other,hisp,f,80-84,0.03,synthetic_seed
WI,2023,other,hisp,m,85+,0.0191,synthetic_seed
WI,2023,other,hisp,f,85+,0.0105,synthetic_seed
WY,2023,white,non-hisp,m,0-4,0.0,synthetic_seed
WY,2023,white,non-hisp,f,0-4,0.0,synthetic_seed
WY,2023,white,non-hisp,m,5-9,0.0,synthetic_seed
WY,2023,white,non-hisp,f,5-9,0.0,synthetic_seed
WY,2023,white,non-hisp,m,10-14,0.0,synthetic_seed
WY,2023,white,non-hisp,f,10-14,0.0,synthetic_seed
WY,2023,white,non-hisp,m,15-19,0.3593,synthetic_seed
WY,2023,white,non-hisp,f,15-19,0.3083,synthetic_seed
WY,2023,white,non-hisp,m,20-24,0.7839,synthetic_seed
WY,2023,white,non-hisp,f,20-24,0.6863,synthetic_seed
WY,2023,white,non-hisp,m,25-29,0.8955,synthetic_seed
WY,2023,white,non-hisp,f,25-29,0.739,synthetic_seed
WY,2023,white,non-hisp,m,30-34,0.9343,synthetic_seed
WY,2023,white,non-hisp,f,30-34,0.7254,synthetic_seed
WY,2023,white,non-hisp,m,35-39,0.9048,synthetic_seed
WY,2023,white,non-hisp,f,35-39,0.7354,synthetic_seed
WY,2023,white,non-hisp,m,40-44,0.9085,synthetic_seed
WY,2023,white,non-hisp,f,40-44,0.7947,synthetic_seed
WY,2023,white,non-hisp,m,45-49,0.879,synthetic_seed
WY,2023,white,non-hisp,f,45-49,0.7676,synthetic_seed
WY,2023,white,non-hisp,m,50-54,0.8577,synthetic_seed
WY,2023,white,non-hisp,f,50-54,0.763,synthetic_seed
WY,2023,white,non-hisp,m,55-59,0.7539,synthetic_seed
WY,2023,white,non-hisp,f,55-59,0.6726,synthetic_seed
WY,2023,white,non-hisp,m,60-64,0.592,synthetic_seed
WY,2023,white,non-hisp,f,60-64,0.5037,synthetic_seed
WY,2023,white,non-hisp,m,65-69,0.3702,synthetic_seed
WY,2023,white,non-hisp,f,65-69,0.2808,synthetic_seed
WY,2023,white,non-hisp,m,70-74,0.2227,synthetic_seed
WY,2023,white,non-hisp,f,70-74,0.1482,synthetic_seed
WY,2023,white,non-hisp,m,75-79,0.1166,synthetic_seed
WY,2023,white,non-hisp,f,75-79,0.0694,synthetic_seed
WY,2023,white,non-hisp,m,80-84,0.0595,synthetic_seed
WY,2023,white,non-hisp,f,80-84,0.0298,synthetic_seed
WY,2023,white,non-hisp,m,85+,0.0197,synthetic_seed
WY,2023,white,non-hisp,f,85+,0.0102,synthetic_seed
WY,2023,white,hisp,m,0-4,0.0,synthetic_seed
WY,2023,white,hisp,f,0-4,0.0,synthetic_seed
WY,2023,white,hisp,m,5-9,0.0,synthetic_seed
WY,2023,white,hisp,f,5-9,0.0,synthetic_seed
WY,2023,white,hisp,m,10-14,0.0,synthetic_seed
WY,2023,white,hisp,f,10-14,0.0,synthetic_seed
WY,2023,white,hisp,m,15-19,0.3462,synthetic_seed
WY,2023,white,hisp,f,15-19,0.3157,synthetic_seed
WY,2023,white,hisp,m,20-24,0.756,synthetic_seed
WY,2023,white,hisp,f,20-24,0.7073,synthetic_seed
WY,2023,white,hisp,m,25-29,0.8991,synthetic_seed
WY,2023,white,hisp,f,25-29,0.742,synthetic_seed
WY,2023,white,hisp,m,30-34,0.8947,synthetic_seed
WY,2023,white,hisp,f,30-34,0.7505,synthetic_seed
WY,2023,white,hisp,m,35-39,0.9174,synthetic_seed
WY,2023,white,hisp,f,35-39,0.7333,synthetic_seed
WY,2023,white,hisp,m,40-44,0.9117,synthetic_seed
WY,2023,white,hisp,f,40-44,0.7614,synthetic_seed
WY,2023,white,hisp,m,45-49,0.8476,synthetic_seed
WY,2023,white,hisp,f,45-49,0.7616,synthetic_seed
WY,2023,white,hisp,m,50-54,0.8261,synthetic_seed
WY,2023,white,hisp,f,50-54,0.7263,synthetic_seed
WY,2023,white,hisp,m,55-59,0.7531,synthetic_seed
WY,2023,white,hisp,f,55-59,0.6263,synthetic_seed
WY,2023,white,hisp,m,60-64,0.6114,synthetic_seed
WY,2023,white,hisp,f,60-64,0.5165,synthetic_seed
WY,2023,white,hisp,m,65-69,0.3869,synthetic_seed
WY,2023,white,hisp,f,65-69,0.274,synthetic_seed
WY,2023,white,hisp,m,70-74,0.2225,synthetic_seed
WY,2023,white,hisp,f,70-74,0.1505,synthetic_seed
WY,2023,white,hisp,m,75-79,0.1175,synthetic_seed
WY,2023,white,hisp,f,75-79,0.0712,synthetic_seed
WY,2023,white,hisp,m,80-84,0.0586,synthetic_seed
WY,2023,white,hisp,f,80-84,0.0304,synthetic_seed
WY,2023,white,hisp,m,85+,0.019,synthetic_seed
WY,2023,white,hisp,f,85+,0.0102,synthetic_seed
WY,2023,black,non-hisp,m,0-4,0.0,synthetic_seed
WY,2023,black,non-hisp,f,0-4,0.0,synthetic_seed
WY,2023,black,non-hisp,m,5-9,0.0,synthetic_seed
WY,2023,black,non-hisp,f,5-9,0.0,synthetic_seed
WY,2023,black,non-hisp,m,10-14,0.0,synthetic_seed
WY,2023,black,non-hisp,f,10-14,0.0,synthetic_seed
WY,2023,black,non-hisp,m,15-19,0.3446,synthetic_seed
WY,2023,black,non-hisp,f,15-19,0.3089,synthetic_seed
WY,2023,black,non-hisp,m,20-24,0.7123,synthetic_seed
WY,2023,black,non-hisp,f,20-24,0.6916,synthetic_seed
WY,2023,black,non-hisp,m,25-29,0.8685,synthetic_seed
WY,2023,black,non-hisp,f,25-29,0.7045,synthetic_seed
WY,2023,black,non-hisp,m,30-34,0.8859,synthetic_seed
WY,2023,black,non-hisp,f,30-34,0.6996,synthetic_seed
WY,2023,black,non-hisp,m,35-39,0.8732,synthetic_seed
WY,2023,black,non-hisp,f,35-39,0.7206,synthetic_seed
WY,2023,black,non-hisp,m,40-44,0.9238,synthetic_seed
WY,2023,black,non-hisp,f,40-44,0.7417,synthetic_seed
WY,2023,black,non-hisp,m,45-49,0.8528,synthetic_seed
WY,2023,black,non-hisp,f,45-49,0.7546,synthetic_seed
WY,2023,black,non-hisp,m,50-54,0.8159,synthetic_seed
WY,2023,black,non-hisp,f,50-54,0.7068,synthetic_seed
WY,2023,black,non-hisp,m,55-59,0.7343,synthetic_seed
WY,2023,black,non-hisp,f,55-59,0.6257,synthetic_seed
WY,2023,black,non-hisp,m,60-64,0.5889,synthetic_seed
WY,2023,black,non-hisp,f,60-64,0.4875,synthetic_seed
WY,2023,black,non-hisp,m,65-69,0.3775,synthetic_seed
WY,2023,black,non-hisp,f,65-69,0.2739,synthetic_seed
WY,2023,black,non-hisp,m,70-74,0.2159,synthetic_seed
WY,2023,black,non-hisp,f,70-74,0.1441,synthetic_seed
WY,2023,black,non-hisp,m,75-79,0.1189,synthetic_seed
WY,2023,black,non-hisp,f,75-79,0.0679,synthetic_seed
WY,2023,black,non-hisp,m,80-84,0.0555,synthetic_seed
WY,2023,black,non-hisp,f,80-84,0.0297,synthetic_seed
WY,2023,black,non-hisp,m,85+,0.0199,synthetic_seed
WY,2023,black,non-hisp,f,85+,0.0098,synthetic_seed
WY,2023,black,hisp,m,0-4,0.0,synthetic_seed
WY,2023,black,hisp,f,0-4,0.0,synthetic_seed
WY,2023,black,hisp,m,5-9,0.0,synthetic_seed
WY,2023,black,hisp,f,5-9,0.0,synthetic_seed
WY,2023,black,hisp,m,10-14,0.0,synthetic_seed
WY,2023,black,hisp,f,10-14,0.0,synthetic_seed
WY,2023,black,hisp,m,15-19,0.3487,synthetic_seed
WY,2023,black,hisp,f,15-19,0.305,synthetic_seed
WY,2023,black,hisp,m,20-24,0.7294,synthetic_seed
WY,2023,black,hisp,f,20-24,0.6882,synthetic_seed
WY,2023,black,hisp,m,25-29,0.8159,synthetic_seed
WY,2023,black,hisp,f,25-29,0.7232,synthetic_seed
WY,2023,black,hisp,m,30-34,0.8658,synthetic_seed
WY,2023,black,hisp,f,30-34,0.7179,synthetic_seed
WY,2023,black,hisp,m,35-39,0.8741,synthetic_seed
WY,2023,black,hisp,f,35-39,0.7216,synthetic_seed
WY,2023,black,hisp,m,40-44,0.872,synthetic_seed
WY,2023,black,hisp,f,40-44,0.7547,synthetic_seed
WY,2023,black,hisp,m,45-49,0.8433,synthetic_seed
WY,2023,black,hisp,f,45-49,0.7653,synthetic_seed
WY,2023,black,hisp,m,50-54,0.7894,synthetic_seed
WY,2023,black,hisp,f,50-54,0.7171,synthetic_seed
WY,2023,black,hisp,m,55-59,0.7253,synthetic_seed
WY,2023,black,hisp,f,55-59,0.6464,synthetic_seed
WY,2023,black,hisp,m,60-64,0.5849,synthetic_seed
WY,2023,black,hisp,f,60-64,0.4881,synthetic_seed
WY,2023,black,hisp,m,65-69,0.3657,synthetic_seed
WY,2023,black,hisp,f,65-69,0.2721,synthetic_seed
WY,2023,black,hisp,m,70-74,0.2262,synthetic_seed
WY,2023,black,hisp,f,70-74,0.142,synthetic_seed
WY,2023,black,hisp,m,75-79,0.1151,synthetic_seed
WY,2023,black,hisp,f,75-79,0.0688,synthetic_seed
WY,2023,black,hisp,m,80-84,0.0596,synthetic_seed
WY,2023,black,hisp,f,80-84,0.029,synthetic_seed
WY,2023,black,hisp,m,85+,0.0194,synthetic_seed
WY,2023,black,hisp,f,85+,0.0098,synthetic_seed
WY,2023,asian,non-hisp,m,0-4,0.0,synthetic_seed
WY,2023,asian,non-hisp,f,0-4,0.0,synthetic_seed
WY,2023,asian,non-hisp,m,5-9,0.0,synthetic_seed
WY,2023,asian,non-hisp,f,5-9,0.0,synthetic_seed
WY,2023,asian,non-hisp,m,10-14,0.0,synthetic_seed
WY,2023,asian,non-hisp,f,10-14,0.0,synthetic_seed
WY,2023,asian,non-hisp,m,15-19,0.3703,synthetic_seed
WY,2023,asian,non-hisp,f,15-19,0.322,synthetic_seed
WY,2023,asian,non-hisp,m,20-24,0.7473,synthetic_seed
WY,2023,asian,non-hisp,f,20-24,0.7124,synthetic_seed
WY,2023,asian,non-hisp,m,25-29,0.8856,synthetic_seed
WY,2023,asian,non-hisp,f,25-29,0.7693,synthetic_seed
WY,2023,asian,non-hisp,m,30-34,0.8935,synthetic_seed
WY,2023,asian,non-hisp,f,30-34,0.7324,synthetic_seed
WY,2023,asian,non-hisp,m,35-39,0.9336,synthetic_seed
WY,2023,asian,non-hisp,f,35-39,0.7481,synthetic_seed
WY,2023,asian,non-hisp,m,40-44,0.9302,synthetic_seed
WY,2023,asian,non-hisp,f,40-44,0.8066,synthetic_seed
WY,2023,asian,non-hisp,m,45-49,0.8911,synthetic_seed
WY,2023,asian,non-hisp,f,45-49,0.775,synthetic_seed
WY,2023,asian,non-hisp,m,50-54,0.8631,synthetic_seed
WY,2023,asian,non-hisp,f,50-54,0.7743,synthetic_seed
WY,2023,asian,non-hisp,m,55-59,0.7862,synthetic_seed
WY,2023,asian,non-hisp,f,55-59,0.6644,synthetic_seed
WY,2023,asian,non-hisp,m,60-64,0.6406,synthetic_seed
WY,2023,asian,non-hisp,f,60-64,0.529,synthetic_seed
WY,2023,asian,non-hisp,m,65-69,0.3766,synthetic_seed
WY,2023,asian,non-hisp,f,65-69,0.28,synthetic_seed
WY,2023,asian,non-hisp,m,70-74,0.2419,synthetic_seed
WY,2023,asian,non-hisp,f,70-74,0.1532,synthetic_seed
WY,2023,asian,non-hisp,m,75-79,0.1234,synthetic_seed
WY,2023,asian,non-hisp,f,75-79,0.0716,synthetic_seed
WY,2023,asian,non-hisp,m,80-84,0.0636,synthetic_seed
WY,2023,asian,non-hisp,f,80-84,0.0306,synthetic_seed
WY,2023,asian,non-hisp,m,85+,0.0202,synthetic_seed
WY,2023,asian,non-hisp,f,85+,0.0102,synthetic_seed
WY,2023,asian,hisp,m,0-4,0.0,synthetic_seed
WY,2023,asian,hisp,f,0-4,0.0,synthetic_seed
WY,2023,asian,hisp,m,5-9,0.0,synthetic_seed
WY,2023,asian,hisp,f,5-9,0.0,synthetic_seed
WY,2023,asian,hisp,m,10-14,0.0,synthetic_seed
WY,2023,asian,hisp,f,10-14,0.0,synthetic_seed
WY,2023,asian,hisp,m,15-19,0.3601,synthetic_seed
WY,2023,asian,hisp,f,15-19,0.3321,synthetic_seed
WY,2023,asian,hisp,m,20-24,0.7912,synthetic_seed
WY,2023,asian,hisp,f,20-24,0.7191,synthetic_seed
WY,2023,asian,hisp,m,25-29,0.8676,synthetic_seed
WY,2023,asian,hisp,f,25-29,0.7452,synthetic_seed
WY,2023,asian,hisp,m,30-34,0.9493,synthetic_seed
WY,2023,asian,hisp,f,30-34,0.7381,synthetic_seed
WY,2023,asian,hisp,m,35-39,0.9165,synthetic_seed
WY,2023,asian,hisp,f,35-39,0.7666,synthetic_seed
WY,2023,asian,hisp,m,40-44,0.9551,synthetic_seed
WY,2023,asian,hisp,f,40-44,0.8007,synthetic_seed
WY,2023,asian,hisp,m,45-49,0.8961,synthetic_seed
WY,2023,asian,hisp,f,45-49,0.7608,synthetic_seed
WY,2023,asian,hisp,m,50-54,0.847,synthetic_seed
WY,2023,asian,hisp,f,50-54,0.7728,synthetic_seed
WY,2023,asian,hisp,m,55-59,0.7753,synthetic_seed
WY,2023,asian,hisp,f,55-59,0.6804,synthetic_seed
WY,2023,asian,hisp,m,60-64,0.6081,synthetic_seed
WY,2023,asian,hisp,f,60-64,0.4949,synthetic_seed
WY,2023,asian,hisp,m,65-69,0.3906,synthetic_seed
WY,2023,asian,hisp,f,65-69,0.2791,synthetic_seed
WY,2023,asian,hisp,m,70-74,0.2362,synthetic_seed
WY,2023,asian,hisp,f,70-74,0.151,synthetic_seed
WY,2023,asian,hisp,m,75-79,0.1213,synthetic_seed
WY,2023,asian,hisp,f,75-79,0.0718,synthetic_seed
WY,2023,asian,hisp,m,80-84,0.0606,synthetic_seed
WY,2023,asian,hisp,f,80-84,0.0302,synthetic_seed
WY,2023,asian,hisp,m,85+,0.0204,synthetic_seed
WY,2023,asian,hisp,f,85+,0.0104,synthetic_seed
WY,2023,other,non-hisp,m,0-4,0.0,synthetic_seed
WY,2023,other,non-hisp,f,0-4,0.0,synthetic_seed
WY,2023,other,non-hisp,m,5-9,0.0,synthetic_seed
WY,2023,other,non-hisp,f,5-9,0.0,synthetic_seed
WY,2023,other,non-hisp,m,10-14,0.0,synthetic_seed
WY,2023,other,non-hisp,f,10-14,0.0,synthetic_seed
WY,2023,other,non-hisp,m,15-19,0.3554,synthetic_seed
WY,2023,other,non-hisp,f,15-19,0.3259,synthetic_seed
WY,2023,other,non-hisp,m,20-24,0.7623,synthetic_seed
WY,2023,other,non-hisp,f,20-24,0.6978,synthetic_seed
WY,2023,other,non-hisp,m,25-29,0.907,synthetic_seed
WY,2023,other,non-hisp,f,25-29,0.7445,synthetic_seed
WY,2023,other,non-hisp,m,30-34,0.9243,synthetic_seed
WY,2023,other,non-hisp,f,30-34,0.7133,synthetic_seed
WY,2023,other,non-hisp,m,35-39,0.8926,synthetic_seed
WY,2023,other,non-hisp,f,35-39,0.7344,synthetic_seed
WY,2023,other,non-hisp,m,40-44,0.9077,synthetic_seed
WY,2023,other,non-hisp,f,40-44,0.7613,synthetic_seed
WY,2023,other,non-hisp,m,45-49,0.8732,synthetic_seed
WY,2023,other,non-hisp,f,45-49,0.7706,synthetic_seed
WY,2023,other,non-hisp,m,50-54,0.825,synthetic_seed
WY,2023,other,non-hisp,f,50-54,0.7072,synthetic_seed
WY,2023,other,non-hisp,m,55-59,0.7558,synthetic_seed
WY,2023,other,non-hisp,f,55-59,0.6397,synthetic_seed
WY,2023,other,non-hisp,m,60-64,0.6078,synthetic_seed
WY,2023,other,non-hisp,f,60-64,0.4947,synthetic_seed
WY,2023,other,non-hisp,m,65-69,0.3885,synthetic_seed
WY,2023,other,non-hisp,f,65-69,0.2837,synthetic_seed
WY,2023,other,non-hisp,m,70-74,0.2318,synthetic_seed
WY,2023,other,non-hisp,f,70-74,0.1528,synthetic_seed
WY,2023,other,non-hisp,m,75-79,0.1197,synthetic_seed
WY,2023,other,non-hisp,f,75-79,0.0709,synthetic_seed
WY,2023,other,non-hisp,m,80-84,0.0604,synthetic_seed
WY,2023,other,non-hisp,f,80-84,0.0297,synthetic_seed
WY,2023,other,non-hisp,m,85+,0.0198,synthetic_seed
WY,2023,other,non-hisp,f,85+,0.0104,synthetic_seed
WY,2023,other,hisp,m,0-4,0.0,synthetic_seed
WY,2023,other,hisp,f,0-4,0.0,synthetic_seed
WY,2023,other,hisp,m,5-9,0.0,synthetic_seed
WY,2023,other,hisp,f,5-9,0.0,synthetic_seed
WY,2023,other,hisp,m,10-14,0.0,synthetic_seed
WY,2023,other,hisp,f,10-14,0.0,synthetic_seed
WY,2023,other,hisp,m,15-19,0.3569,synthetic_seed
WY,2023,other,hisp,f,15-19,0.3274,synthetic_seed
WY,2023,other,hisp,m,20-24,0.753,synthetic_seed
WY,2023,other,hisp,f,20-24,0.6968,synthetic_seed
WY,2023,other,hisp,m,25-29,0.8652,synthetic_seed
WY,2023,other,hisp,f,25-29,0.7851,synthetic_seed
WY,2023,other,hisp,m,30-34,0.9008,synthetic_seed
WY,2023,other,hisp,f,30-34,0.737,synthetic_seed
WY,2023,other,hisp,m,35-39,0.897,synthetic_seed
WY,2023,other,hisp,f,35-39,0.736,synthetic_seed
WY,2023,other,hisp,m,40-44,0.9107,synthetic_seed
WY,2023,other,hisp,f,40-44,0.7468,synthetic_seed
WY,2023,other,hisp,m,45-49,0.8813,synthetic_seed
WY,2023,other,hisp,f,45-49,0.7698,synthetic_seed
WY,2023,other,hisp,m,50-54,0.8408,synthetic_seed
WY,2023,other,hisp,f,50-54,0.7354,synthetic_seed
WY,2023,other,hisp,m,55-59,0.7517,synthetic_seed
WY,2023,other,hisp,f,55-59,0.6671,synthetic_seed
WY,2023,other,hisp,m,60-64,0.5912,synthetic_seed
WY,2023,other,hisp,f,60-64,0.5134,synthetic_seed
WY,2023,other,hisp,m,65-69,0.3884,synthetic_seed
WY,2023,other,hisp,f,65-69,0.2799,synthetic_seed
WY,2023,other,hisp,m,70-74,0.2317,synthetic_seed
WY,2023,other,hisp,f,70-74,0.1505,synthetic_seed
WY,2023,other,hisp,m,75-79,0.1198,synthetic_seed
WY,2023,other,hisp,f,75-79,0.0678,synthetic_seed
WY,2023,other,hisp,m,80-84,0.0614,synthetic_seed
WY,2023,other,hisp,f,80-84,0.0303,synthetic_seed
WY,2023,other,hisp,m,85+,0.0201,synthetic_seed
WY,2023,other,hisp,f,85+,0.01,synthetic_seed
