state_code,year,race,origin,sex,age_group,net_migration,migration_rate,source
AL,2023,white,non-hisp,m,0-4,,0.00174,synthetic_seed
AL,2023,white,non-hisp,m,5-9,,0.00175,synthetic_seed
AL,2023,white,non-hisp,m,10-14,,0.00188,synthetic_seed
AL,2023,white,non-hisp,m,15-19,,0.00526,synthetic_seed
AL,2023,white,non-hisp,m,20-24,,0.00592,synthetic_seed
AL,2023,white,non-hisp,m,25-29,,0.0076,synthetic_seed
AL,2023,white,non-hisp,m,30-34,,0.00749,synthetic_seed
AL,2023,white,non-hisp,m,35-39,,0.01015,synthetic_seed
AL,2023,white,non-hisp,m,40-44,,0.00981,synthetic_seed
AL,2023,white,non-hisp,m,45-49,,0.00376,synthetic_seed
AL,2023,white,non-hisp,m,50-54,,0.00416,synthetic_seed
AL,2023,white,non-hisp,m,55-59,,0.00133,synthetic_seed
AL,2023,white,non-hisp,m,60-64,,0.00156,synthetic_seed
AL,2023,white,non-hisp,m,65-69,,0.00149,synthetic_seed
AL,2023,white,non-hisp,m,70-74,,0.00152,synthetic_seed
AL,2023,white,non-hisp,m,75-79,,0.00146,synthetic_seed
AL,2023,white,non-hisp,m,80-84,,0.00164,synthetic_seed
AL,2023,white,non-hisp,m,85+,,0.00202,synthetic_seed
AL,2023,white,non-hisp,f,0-4,,0.00178,synthetic_seed
AL,2023,white,non-hisp,f,5-9,,0.00161,synthetic_seed
AL,2023,white,non-hisp,f,10-14,,0.00171,synthetic_seed
AL,2023,white,non-hisp,f,15-19,,0.00403,synthetic_seed
AL,2023,white,non-hisp,f,20-24,,0.00669,synthetic_seed
AL,2023,white,non-hisp,f,25-29,,0.00841,synthetic_seed
AL,2023,white,non-hisp,f,30-34,,0.00848,synthetic_seed
AL,2023,white,non-hisp,f,35-39,,0.00834,synthetic_seed
AL,2023,white,non-hisp,f,40-44,,0.00802,synthetic_seed
AL,2023,white,non-hisp,f,45-49,,0.00327,synthetic_seed
AL,2023,white,non-hisp,f,50-54,,0.00425,synthetic_seed
AL,2023,white,non-hisp,f,55-59,,0.00168,synthetic_seed
AL,2023,white,non-hisp,f,60-64,,0.0022,synthetic_seed
AL,2023,white,non-hisp,f,65-69,,0.00176,synthetic_seed
AL,2023,white,non-hisp,f,70-74,,0.00146,synthetic_seed
AL,2023,white,non-hisp,f,75-79,,0.00159,synthetic_seed
AL,2023,white,non-hisp,f,80-84,,0.00166,synthetic_seed
AL,2023,white,non-hisp,f,85+,,0.00174,synthetic_seed
AL,2023,white,hisp,m,0-4,,0.00192,synthetic_seed
AL,2023,white,hisp,m,5-9,,0.00175,synthetic_seed
AL,2023,white,hisp,m,10-14,,0.00177,synthetic_seed
AL,2023,white,hisp,m,15-19,,0.00448,synthetic_seed
AL,2023,white,hisp,m,20-24,,0.00765,synthetic_seed
AL,2023,white,hisp,m,25-29,,0.00646,synthetic_seed
AL,2023,white,hisp,m,30-34,,0.00924,synthetic_seed
AL,2023,white,hisp,m,35-39,,0.00705,synthetic_seed
AL,2023,white,hisp,m,40-44,,0.00728,synthetic_seed
AL,2023,white,hisp,m,45-49,,0.00484,synthetic_seed
AL,2023,white,hisp,m,50-54,,0.00541,synthetic_seed
AL,2023,white,hisp,m,55-59,,0.00133,synthetic_seed
AL,2023,white,hisp,m,60-64,,0.0013,synthetic_seed
AL,2023,white,hisp,m,65-69,,0.0017,synthetic_seed
AL,2023,white,hisp,m,70-74,,0.00125,synthetic_seed
AL,2023,white,hisp,m,75-79,,0.00119,synthetic_seed
AL,2023,white,hisp,m,80-84,,0.0013,synthetic_seed
AL,2023,white,hisp,m,85+,,0.00128,synthetic_seed
AL,2023,white,hisp,f,0-4,,0.00155,synthetic_seed
AL,2023,white,hisp,f,5-9,,0.00163,synthetic_seed
AL,2023,white,hisp,f,10-14,,0.00163,synthetic_seed
AL,2023,white,hisp,f,15-19,,0.00416,synthetic_seed
AL,2023,white,hisp,f,20-24,,0.00745,synthetic_seed
AL,2023,white,hisp,f,25-29,,0.00573,synthetic_seed
AL,2023,white,hisp,f,30-34,,0.01057,synthetic_seed
AL,2023,white,hisp,f,35-39,,0.00914,synthetic_seed
AL,2023,white,hisp,f,40-44,,0.00717,synthetic_seed
AL,2023,white,hisp,f,45-49,,0.00449,synthetic_seed
AL,2023,white,hisp,f,50-54,,0.00384,synthetic_seed
AL,2023,white,hisp,f,55-59,,0.00164,synthetic_seed
AL,2023,white,hisp,f,60-64,,0.00121,synthetic_seed
AL,2023,white,hisp,f,65-69,,0.00141,synthetic_seed
AL,2023,white,hisp,f,70-74,,0.00138,synthetic_seed
AL,2023,white,hisp,f,75-79,,0.00142,synthetic_seed
AL,2023,white,hisp,f,80-84,,0.00175,synthetic_seed
AL,2023,white,hisp,f,85+,,0.00149,synthetic_seed
AL,2023,black,non-hisp,m,0-4,,0.00187,synthetic_seed
AL,2023,black,non-hisp,m,5-9,,0.00153,synthetic_seed
AL,2023,black,non-hisp,m,10-14,,0.00128,synthetic_seed
AL,2023,black,non-hisp,m,15-19,,0.00462,synthetic_seed
AL,2023,black,non-hisp,m,20-24,,0.01005,synthetic_seed
AL,2023,black,non-hisp,m,25-29,,0.00886,synthetic_seed
AL,2023,black,non-hisp,m,30-34,,0.00722,synthetic_seed
AL,2023,black,non-hisp,m,35-39,,0.00728,synthetic_seed
AL,2023,black,non-hisp,m,40-44,,0.00818,synthetic_seed
AL,2023,black,non-hisp,m,45-49,,0.00388,synthetic_seed
AL,2023,black,non-hisp,m,50-54,,0.00466,synthetic_seed
AL,2023,black,non-hisp,m,55-59,,0.00149,synthetic_seed
AL,2023,black,non-hisp,m,60-64,,0.00127,synthetic_seed
AL,2023,black,non-hisp,m,65-69,,0.00144,synthetic_seed
AL,2023,black,non-hisp,m,70-74,,0.00125,synthetic_seed
AL,2023,black,non-hisp,m,75-79,,0.00141,synthetic_seed
AL,2023,black,non-hisp,m,80-84,,0.00184,synthetic_seed
AL,2023,black,non-hisp,m,85+,,0.00179,synthetic_seed
AL,2023,black,non-hisp,f,0-4,,0.00133,synthetic_seed
AL,2023,black,non-hisp,f,5-9,,0.00168,synthetic_seed
AL,2023,black,non-hisp,f,10-14,,0.00163,synthetic_seed
AL,2023,black,non-hisp,f,15-19,,0.00362,synthetic_seed
AL,2023,black,non-hisp,f,20-24,,0.00781,synthetic_seed
AL,2023,black,non-hisp,f,25-29,,0.00735,synthetic_seed
AL,2023,black,non-hisp,f,30-34,,0.00912,synthetic_seed
AL,2023,black,non-hisp,f,35-39,,0.00908,synthetic_seed
AL,2023,black,non-hisp,f,40-44,,0.00842,synthetic_seed
AL,2023,black,non-hisp,f,45-49,,0.00365,synthetic_seed
AL,2023,black,non-hisp,f,50-54,,0.00456,synthetic_seed
AL,2023,black,non-hisp,f,55-59,,0.00166,synthetic_seed
AL,2023,black,non-hisp,f,60-64,,0.00214,synthetic_seed
AL,2023,black,non-hisp,f,65-69,,0.0015,synthetic_seed
AL,2023,black,non-hisp,f,70-74,,0.0016,synthetic_seed
AL,2023,black,non-hisp,f,75-79,,0.00174,synthetic_seed
AL,2023,black,non-hisp,f,80-84,,0.00171,synthetic_seed
AL,2023,black,non-hisp,f,85+,,0.00153,synthetic_seed
AL,2023,black,hisp,m,0-4,,0.0013,synthetic_seed
AL,2023,black,hisp,m,5-9,,0.00178,synthetic_seed
AL,2023,black,hisp,m,10-14,,0.00127,synthetic_seed
AL,2023,black,hisp,m,15-19,,0.00382,synthetic_seed
AL,2023,black,hisp,m,20-24,,0.00887,synthetic_seed
AL,2023,black,hisp,m,25-29,,0.00762,synthetic_seed
AL,2023,black,hisp,m,30-34,,0.00918,synthetic_seed
AL,2023,black,hisp,m,35-39,,0.00756,synthetic_seed
AL,2023,black,hisp,m,40-44,,0.00597,synthetic_seed
AL,2023,black,hisp,m,45-49,,0.00361,synthetic_seed
AL,2023,black,hisp,m,50-54,,0.00422,synthetic_seed
AL,2023,black,hisp,m,55-59,,0.00166,synthetic_seed
AL,2023,black,hisp,m,60-64,,0.00171,synthetic_seed
AL,2023,black,hisp,m,65-69,,0.00139,synthetic_seed
AL,2023,black,hisp,m,70-74,,0.00173,synthetic_seed
AL,2023,black,hisp,m,75-79,,0.0013,synthetic_seed
AL,2023,black,hisp,m,80-84,,0.00122,synthetic_seed
AL,2023,black,hisp,m,85+,,0.00161,synthetic_seed
AL,2023,black,hisp,f,0-4,,0.00175,synthetic_seed
AL,2023,black,hisp,f,5-9,,0.00146,synthetic_seed
AL,2023,black,hisp,f,10-14,,0.0013,synthetic_seed
AL,2023,black,hisp,f,15-19,,0.00431,synthetic_seed
AL,2023,black,hisp,f,20-24,,0.00882,synthetic_seed
AL,2023,black,hisp,f,25-29,,0.00778,synthetic_seed
AL,2023,black,hisp,f,30-34,,0.00779,synthetic_seed
AL,2023,black,hisp,f,35-39,,0.00749,synthetic_seed
AL,2023,black,hisp,f,40-44,,0.00762,synthetic_seed
AL,2023,black,hisp,f,45-49,,0.00488,synthetic_seed
AL,2023,black,hisp,f,50-54,,0.00408,synthetic_seed
AL,2023,black,hisp,f,55-59,,0.00149,synthetic_seed
AL,2023,black,hisp,f,60-64,,0.0016,synthetic_seed
AL,2023,black,hisp,f,65-69,,0.00154,synthetic_seed
AL,2023,black,hisp,f,70-74,,0.00134,synthetic_seed
AL,2023,black,hisp,f,75-79,,0.00215,synthetic_seed
AL,2023,black,hisp,f,80-84,,0.00217,synthetic_seed
AL,2023,black,hisp,f,85+,,0.0019,synthetic_seed
AL,2023,asian,non-hisp,m,0-4,,0.00194,synthetic_seed
AL,2023,asian,non-hisp,m,5-9,,0.00147,synthetic_seed
AL,2023,asian,non-hisp,m,10-14,,0.00159,synthetic_seed
AL,2023,asian,non-hisp,m,15-19,,0.00429,synthetic_seed
AL,2023,asian,non-hisp,m,20-24,,0.00948,synthetic_seed
AL,2023,asian,non-hisp,m,25-29,,0.00997,synthetic_seed
AL,2023,asian,non-hisp,m,30-34,,0.00817,synthetic_seed
AL,2023,asian,non-hisp,m,35-39,,0.00933,synthetic_seed
AL,2023,asian,non-hisp,m,40-44,,0.00734,synthetic_seed
AL,2023,asian,non-hisp,m,45-49,,0.00435,synthetic_seed
AL,2023,asian,non-hisp,m,50-54,,0.00448,synthetic_seed
AL,2023,asian,non-hisp,m,55-59,,0.00182,synthetic_seed
AL,2023,asian,non-hisp,m,60-64,,0.00148,synthetic_seed
AL,2023,asian,non-hisp,m,65-69,,0.00193,synthetic_seed
AL,2023,asian,non-hisp,m,70-74,,0.00146,synthetic_seed
AL,2023,asian,non-hisp,m,75-79,,0.00191,synthetic_seed
AL,2023,asian,non-hisp,m,80-84,,0.00206,synthetic_seed
AL,2023,asian,non-hisp,m,85+,,0.00187,synthetic_seed
AL,2023,asian,non-hisp,f,0-4,,0.00164,synthetic_seed
AL,2023,asian,non-hisp,f,5-9,,0.00141,synthetic_seed
AL,2023,asian,non-hisp,f,10-14,,0.00167,synthetic_seed
AL,2023,asian,non-hisp,f,15-19,,0.00441,synthetic_seed
AL,2023,asian,non-hisp,f,20-24,,0.00816,synthetic_seed
AL,2023,asian,non-hisp,f,25-29,,0.00742,synthetic_seed
AL,2023,asian,non-hisp,f,30-34,,0.00938,synthetic_seed
AL,2023,asian,non-hisp,f,35-39,,0.00791,synthetic_seed
AL,2023,asian,non-hisp,f,40-44,,0.00663,synthetic_seed
AL,2023,asian,non-hisp,f,45-49,,0.00438,synthetic_seed
AL,2023,asian,non-hisp,f,50-54,,0.0042,synthetic_seed
AL,2023,asian,non-hisp,f,55-59,,0.00175,synthetic_seed
AL,2023,asian,non-hisp,f,60-64,,0.00156,synthetic_seed
AL,2023,asian,non-hisp,f,65-69,,0.00184,synthetic_seed
AL,2023,asian,non-hisp,f,70-74,,0.00131,synthetic_seed
AL,2023,asian,non-hisp,f,75-79,,0.00166,synthetic_seed
AL,2023,asian,non-hisp,f,80-84,,0.00146,synthetic_seed
AL,2023,asian,non-hisp,f,85+,,0.00125,synthetic_seed
AL,2023,asian,hisp,m,0-4,,0.0019,synthetic_seed
AL,2023,asian,hisp,m,5-9,,0.00167,synthetic_seed
AL,2023,asian,hisp,m,10-14,,0.00171,synthetic_seed
AL,2023,asian,hisp,m,15-19,,0.00284,synthetic_seed
AL,2023,asian,hisp,m,20-24,,0.00786,synthetic_seed
AL,2023,asian,hisp,m,25-29,,0.00676,synthetic_seed
AL,2023,asian,hisp,m,30-34,,0.00778,synthetic_seed
AL,2023,asian,hisp,m,35-39,,0.00694,synthetic_seed
AL,2023,asian,hisp,m,40-44,,0.00893,synthetic_seed
AL,2023,asian,hisp,m,45-49,,0.00402,synthetic_seed
AL,2023,asian,hisp,m,50-54,,0.00308,synthetic_seed
AL,2023,asian,hisp,m,55-59,,0.0017,synthetic_seed
AL,2023,asian,hisp,m,60-64,,0.00212,synthetic_seed
AL,2023,asian,hisp,m,65-69,,0.00186,synthetic_seed
AL,2023,asian,hisp,m,70-74,,0.00184,synthetic_seed
AL,2023,asian,hisp,m,75-79,,0.00153,synthetic_seed
AL,2023,asian,hisp,m,80-84,,0.00178,synthetic_seed
AL,2023,asian,hisp,m,85+,,0.00186,synthetic_seed
AL,2023,asian,hisp,f,0-4,,0.00115,synthetic_seed
AL,2023,asian,hisp,f,5-9,,0.00178,synthetic_seed
AL,2023,asian,hisp,f,10-14,,0.00169,synthetic_seed
AL,2023,asian,hisp,f,15-19,,0.00446,synthetic_seed
AL,2023,asian,hisp,f,20-24,,0.00908,synthetic_seed
AL,2023,asian,hisp,f,25-29,,0.00902,synthetic_seed
AL,2023,asian,hisp,f,30-34,,0.00584,synthetic_seed
AL,2023,asian,hisp,f,35-39,,0.0072,synthetic_seed
AL,2023,asian,hisp,f,40-44,,0.00797,synthetic_seed
AL,2023,asian,hisp,f,45-49,,0.00455,synthetic_seed
AL,2023,asian,hisp,f,50-54,,0.00345,synthetic_seed
AL,2023,asian,hisp,f,55-59,,0.00188,synthetic_seed
AL,2023,asian,hisp,f,60-64,,0.00171,synthetic_seed
AL,2023,asian,hisp,f,65-69,,0.00149,synthetic_seed
AL,2023,asian,hisp,f,70-74,,0.00188,synthetic_seed
AL,2023,asian,hisp,f,75-79,,0.00187,synthetic_seed
AL,2023,asian,hisp,f,80-84,,0.00201,synthetic_seed
AL,2023,asian,hisp,f,85+,,0.00147,synthetic_seed
AL,2023,other,non-hisp,m,0-4,,0.00117,synthetic_seed
AL,2023,other,non-hisp,m,5-9,,0.00209,synthetic_seed
AL,2023,other,non-hisp,m,10-14,,0.00163,synthetic_seed
AL,2023,other,non-hisp,m,15-19,,0.00322,synthetic_seed
AL,2023,other,non-hisp,m,20-24,,0.00901,synthetic_seed
AL,2023,other,non-hisp,m,25-29,,0.00785,synthetic_seed
AL,2023,other,non-hisp,m,30-34,,0.00695,synthetic_seed
AL,2023,other,non-hisp,m,35-39,,0.00875,synthetic_seed
AL,2023,other,non-hisp,m,40-44,,0.00879,synthetic_seed
AL,2023,other,non-hisp,m,45-49,,0.00347,synthetic_seed
AL,2023,other,non-hisp,m,50-54,,0.00384,synthetic_seed
AL,2023,other,non-hisp,m,55-59,,0.00154,synthetic_seed
AL,2023,other,non-hisp,m,60-64,,0.00179,synthetic_seed
AL,2023,other,non-hisp,m,65-69,,0.00164,synthetic_seed
AL,2023,other,non-hisp,m,70-74,,0.00171,synthetic_seed
AL,2023,other,non-hisp,m,75-79,,0.00184,synthetic_seed
AL,2023,other,non-hisp,m,80-84,,0.00108,synthetic_seed
AL,2023,other,non-hisp,m,85+,,0.00158,synthetic_seed
AL,2023,other,non-hisp,f,0-4,,0.00138,synthetic_seed
AL,2023,other,non-hisp,f,5-9,,0.00162,synthetic_seed
AL,2023,other,non-hisp,f,10-14,,0.0015,synthetic_seed
AL,2023,other,non-hisp,f,15-19,,0.00357,synthetic_seed
AL,2023,other,non-hisp,f,20-24,,0.00852,synthetic_seed
AL,2023,other,non-hisp,f,25-29,,0.00953,synthetic_seed
AL,2023,other,non-hisp,f,30-34,,0.00965,synthetic_seed
AL,2023,other,non-hisp,f,35-39,,0.00941,synthetic_seed
AL,2023,other,non-hisp,f,40-44,,0.01002,synthetic_seed
AL,2023,other,non-hisp,f,45-49,,0.0031,synthetic_seed
AL,2023,other,non-hisp,f,50-54,,0.00427,synthetic_seed
AL,2023,other,non-hisp,f,55-59,,0.00181,synthetic_seed
AL,2023,other,non-hisp,f,60-64,,0.00155,synthetic_seed
AL,2023,other,non-hisp,f,65-69,,0.00146,synthetic_seed
AL,2023,other,non-hisp,f,70-74,,0.00158,synthetic_seed
AL,2023,other,non-hisp,f,75-79,,0.00151,synthetic_seed
AL,2023,other,non-hisp,f,80-84,,0.002,synthetic_seed
AL,2023,other,non-hisp,f,85+,,0.00131,synthetic_seed
AL,2023,other,hisp,m,0-4,,0.00142,synthetic_seed
AL,2023,other,hisp,m,5-9,,0.00158,synthetic_seed
AL,2023,other,hisp,m,10-14,,0.00187,synthetic_seed
AL,2023,other,hisp,m,15-19,,0.00366,synthetic_seed
AL,2023,other,hisp,m,20-24,,0.00743,synthetic_seed
AL,2023,other,hisp,m,25-29,,0.00923,synthetic_seed
AL,2023,other,hisp,m,30-34,,0.0072,synthetic_seed
AL,2023,other,hisp,m,35-39,,0.00687,synthetic_seed
AL,2023,other,hisp,m,40-44,,0.00794,synthetic_seed
AL,2023,other,hisp,m,45-49,,0.00538,synthetic_seed
AL,2023,other,hisp,m,50-54,,0.00356,synthetic_seed
AL,2023,other,hisp,m,55-59,,0.00112,synthetic_seed
AL,2023,other,hisp,m,60-64,,0.00151,synthetic_seed
AL,2023,other,hisp,m,65-69,,0.00121,synthetic_seed
AL,2023,other,hisp,m,70-74,,0.00164,synthetic_seed
AL,2023,other,hisp,m,75-79,,0.00185,synthetic_seed
AL,2023,other,hisp,m,80-84,,0.00176,synthetic_seed
AL,2023,other,hisp,m,85+,,0.00163,synthetic_seed
AL,2023,other,hisp,f,0-4,,0.00173,synthetic_seed
AL,2023,other,hisp,f,5-9,,0.00192,synthetic_seed
AL,2023,other,hisp,f,10-14,,0.00174,synthetic_seed
AL,2023,other,hisp,f,15-19,,0.00459,synthetic_seed
AL,2023,other,hisp,f,20-24,,0.00744,synthetic_seed
AL,2023,other,hisp,f,25-29,,0.00987,synthetic_seed
AL,2023,other,hisp,f,30-34,,0.00896,synthetic_seed
AL,2023,other,hisp,f,35-39,,0.008,synthetic_seed
AL,2023,other,hisp,f,40-44,,0.00868,synthetic_seed
AL,2023,other,hisp,f,45-49,,0.0036,synthetic_seed
AL,2023,other,hisp,f,50-54,,0.00398,synthetic_seed
AL,2023,other,hisp,f,55-59,,0.00194,synthetic_seed
AL,2023,other,hisp,f,60-64,,0.00166,synthetic_seed
AL,2023,other,hisp,f,65-69,,0.00133,synthetic_seed
AL,2023,other,hisp,f,70-74,,0.00129,synthetic_seed
AL,2023,other,hisp,f,75-79,,0.00162,synthetic_seed
AL,2023,other,hisp,f,80-84,,0.00212,synthetic_seed
AL,2023,other,hisp,f,85+,,0.0015,synthetic_seed
AK,2023,white,non-hisp,m,0-4,,0.00083,synthetic_seed
AK,2023,white,non-hisp,m,5-9,,0.0009,synthetic_seed
AK,2023,white,non-hisp,m,10-14,,0.0008,synthetic_seed
AK,2023,white,non-hisp,m,15-19,,0.00268,synthetic_seed
AK,2023,white,non-hisp,m,20-24,,0.00342,synthetic_seed
AK,2023,white,non-hisp,m,25-29,,0.00421,synthetic_seed
AK,2023,white,non-hisp,m,30-34,,0.00428,synthetic_seed
AK,2023,white,non-hisp,m,35-39,,0.0052,synthetic_seed
AK,2023,white,non-hisp,m,40-44,,0.00402,synthetic_seed
AK,2023,white,non-hisp,m,45-49,,0.00194,synthetic_seed
AK,2023,white,non-hisp,m,50-54,,0.00193,synthetic_seed
AK,2023,white,non-hisp,m,55-59,,0.0008,synthetic_seed
AK,2023,white,non-hisp,m,60-64,,0.00075,synthetic_seed
AK,2023,white,non-hisp,m,65-69,,0.00081,synthetic_seed
AK,2023,white,non-hisp,m,70-74,,0.00088,synthetic_seed
AK,2023,white,non-hisp,m,75-79,,0.00081,synthetic_seed
AK,2023,white,non-hisp,m,80-84,,0.00074,synthetic_seed
AK,2023,white,non-hisp,m,85+,,0.00076,synthetic_seed
AK,2023,white,non-hisp,f,0-4,,0.00072,synthetic_seed
AK,2023,white,non-hisp,f,5-9,,0.00066,synthetic_seed
AK,2023,white,non-hisp,f,10-14,,0.00069,synthetic_seed
AK,2023,white,non-hisp,f,15-19,,0.00214,synthetic_seed
AK,2023,white,non-hisp,f,20-24,,0.00455,synthetic_seed
AK,2023,white,non-hisp,f,25-29,,0.00405,synthetic_seed
AK,2023,white,non-hisp,f,30-34,,0.00458,synthetic_seed
AK,2023,white,non-hisp,f,35-39,,0.00435,synthetic_seed
AK,2023,white,non-hisp,f,40-44,,0.00482,synthetic_seed
AK,2023,white,non-hisp,f,45-49,,0.00159,synthetic_seed
AK,2023,white,non-hisp,f,50-54,,0.00176,synthetic_seed
AK,2023,white,non-hisp,f,55-59,,0.00093,synthetic_seed
AK,2023,white,non-hisp,f,60-64,,0.00055,synthetic_seed
AK,2023,white,non-hisp,f,65-69,,0.00088,synthetic_seed
AK,2023,white,non-hisp,f,70-74,,0.00083,synthetic_seed
AK,2023,white,non-hisp,f,75-79,,0.00103,synthetic_seed
AK,2023,white,non-hisp,f,80-84,,0.00088,synthetic_seed
AK,2023,white,non-hisp,f,85+,,0.00084,synthetic_seed
AK,2023,white,hisp,m,0-4,,0.00093,synthetic_seed
AK,2023,white,hisp,m,5-9,,0.00057,synthetic_seed
AK,2023,white,hisp,m,10-14,,0.00081,synthetic_seed
AK,2023,white,hisp,m,15-19,,0.00237,synthetic_seed
AK,2023,white,hisp,m,20-24,,0.00301,synthetic_seed
AK,2023,white,hisp,m,25-29,,0.00421,synthetic_seed
AK,2023,white,hisp,m,30-34,,0.00352,synthetic_seed
AK,2023,white,hisp,m,35-39,,0.00439,synthetic_seed
AK,2023,white,hisp,m,40-44,,0.00372,synthetic_seed
AK,2023,white,hisp,m,45-49,,0.00176,synthetic_seed
AK,2023,white,hisp,m,50-54,,0.00281,synthetic_seed
AK,2023,white,hisp,m,55-59,,0.00101,synthetic_seed
AK,2023,white,hisp,m,60-64,,0.00068,synthetic_seed
AK,2023,white,hisp,m,65-69,,0.00072,synthetic_seed
AK,2023,white,hisp,m,70-74,,0.00088,synthetic_seed
AK,2023,white,hisp,m,75-79,,0.00092,synthetic_seed
AK,2023,white,hisp,m,80-84,,0.00074,synthetic_seed
AK,2023,white,hisp,m,85+,,0.00064,synthetic_seed
AK,2023,white,hisp,f,0-4,,0.00077,synthetic_seed
AK,2023,white,hisp,f,5-9,,0.00112,synthetic_seed
AK,2023,white,hisp,f,10-14,,0.00049,synthetic_seed
AK,2023,white,hisp,f,15-19,,0.00179,synthetic_seed
AK,2023,white,hisp,f,20-24,,0.0052,synthetic_seed
AK,2023,white,hisp,f,25-29,,0.0041,synthetic_seed
AK,2023,white,hisp,f,30-34,,0.00408,synthetic_seed
AK,2023,white,hisp,f,35-39,,0.00397,synthetic_seed
AK,2023,white,hisp,f,40-44,,0.00345,synthetic_seed
AK,2023,white,hisp,f,45-49,,0.00186,synthetic_seed
AK,2023,white,hisp,f,50-54,,0.00156,synthetic_seed
AK,2023,white,hisp,f,55-59,,0.00086,synthetic_seed
AK,2023,white,hisp,f,60-64,,0.00091,synthetic_seed
AK,2023,white,hisp,f,65-69,,0.00096,synthetic_seed
AK,2023,white,hisp,f,70-74,,0.00063,synthetic_seed
AK,2023,white,hisp,f,75-79,,0.00071,synthetic_seed
AK,2023,white,hisp,f,80-84,,0.00075,synthetic_seed
AK,2023,white,hisp,f,85+,,0.0006,synthetic_seed
AK,2023,black,non-hisp,m,0-4,,0.00063,synthetic_seed
AK,2023,black,non-hisp,m,5-9,,0.00086,synthetic_seed
AK,2023,black,non-hisp,m,10-14,,0.00071,synthetic_seed
AK,2023,black,non-hisp,m,15-19,,0.00233,synthetic_seed
AK,2023,black,non-hisp,m,20-24,,0.00463,synthetic_seed
AK,2023,black,non-hisp,m,25-29,,0.00456,synthetic_seed
AK,2023,black,non-hisp,m,30-34,,0.00406,synthetic_seed
AK,2023,black,non-hisp,m,35-39,,0.0052,synthetic_seed
AK,2023,black,non-hisp,m,40-44,,0.00419,synthetic_seed
AK,2023,black,non-hisp,m,45-49,,0.00219,synthetic_seed
AK,2023,black,non-hisp,m,50-54,,0.00196,synthetic_seed
AK,2023,black,non-hisp,m,55-59,,0.00103,synthetic_seed
AK,2023,black,non-hisp,m,60-64,,0.00087,synthetic_seed
AK,2023,black,non-hisp,m,65-69,,0.00094,synthetic_seed
AK,2023,black,non-hisp,m,70-74,,0.00098,synthetic_seed
AK,2023,black,non-hisp,m,75-79,,0.00071,synthetic_seed
AK,2023,black,non-hisp,m,80-84,,0.00085,synthetic_seed
AK,2023,black,non-hisp,m,85+,,0.00074,synthetic_seed
AK,2023,black,non-hisp,f,0-4,,0.00069,synthetic_seed
AK,2023,black,non-hisp,f,5-9,,0.00067,synthetic_seed
AK,2023,black,non-hisp,f,10-14,,0.00078,synthetic_seed
AK,2023,black,non-hisp,f,15-19,,0.00198,synthetic_seed
AK,2023,black,non-hisp,f,20-24,,0.00399,synthetic_seed
AK,2023,black,non-hisp,f,25-29,,0.00282,synthetic_seed
AK,2023,black,non-hisp,f,30-34,,0.00411,synthetic_seed
AK,2023,black,non-hisp,f,35-39,,0.00419,synthetic_seed
AK,2023,black,non-hisp,f,40-44,,0.00326,synthetic_seed
AK,2023,black,non-hisp,f,45-49,,0.00193,synthetic_seed
AK,2023,black,non-hisp,f,50-54,,0.00175,synthetic_seed
AK,2023,black,non-hisp,f,55-59,,0.00082,synthetic_seed
AK,2023,black,non-hisp,f,60-64,,0.00078,synthetic_seed
AK,2023,black,non-hisp,f,65-69,,0.00074,synthetic_seed
AK,2023,black,non-hisp,f,70-74,,0.00081,synthetic_seed
AK,2023,black,non-hisp,f,75-79,,0.00088,synthetic_seed
AK,2023,black,non-hisp,f,80-84,,0.0009,synthetic_seed
AK,2023,black,non-hisp,f,85+,,0.00068,synthetic_seed
AK,2023,black,hisp,m,0-4,,0.00109,synthetic_seed
AK,2023,black,hisp,m,5-9,,0.00084,synthetic_seed
AK,2023,black,hisp,m,10-14,,0.00094,synthetic_seed
AK,2023,black,hisp,m,15-19,,0.00238,synthetic_seed
AK,2023,black,hisp,m,20-24,,0.00312,synthetic_seed
AK,2023,black,hisp,m,25-29,,0.00344,synthetic_seed
AK,2023,black,hisp,m,30-34,,0.00448,synthetic_seed
AK,2023,black,hisp,m,35-39,,0.00257,synthetic_seed
AK,2023,black,hisp,m,40-44,,0.00427,synthetic_seed
AK,2023,black,hisp,m,45-49,,0.00171,synthetic_seed
AK,2023,black,hisp,m,50-54,,0.00178,synthetic_seed
AK,2023,black,hisp,m,55-59,,0.0007,synthetic_seed
AK,2023,black,hisp,m,60-64,,0.00058,synthetic_seed
AK,2023,black,hisp,m,65-69,,0.00081,synthetic_seed
AK,2023,black,hisp,m,70-74,,0.00066,synthetic_seed
AK,2023,black,hisp,m,75-79,,0.00085,synthetic_seed
AK,2023,black,hisp,m,80-84,,0.00096,synthetic_seed
AK,2023,black,hisp,m,85+,,0.00074,synthetic_seed
AK,2023,black,hisp,f,0-4,,0.00085,synthetic_seed
AK,2023,black,hisp,f,5-9,,0.0008,synthetic_seed
AK,2023,black,hisp,f,10-14,,0.00077,synthetic_seed
AK,2023,black,hisp,f,15-19,,0.00209,synthetic_seed
AK,2023,black,hisp,f,20-24,,0.00395,synthetic_seed
AK,2023,black,hisp,f,25-29,,0.00405,synthetic_seed
AK,2023,black,hisp,f,30-34,,0.00399,synthetic_seed
AK,2023,black,hisp,f,35-39,,0.00313,synthetic_seed
AK,2023,black,hisp,f,40-44,,0.00429,synthetic_seed
AK,2023,black,hisp,f,45-49,,0.00208,synthetic_seed
AK,2023,black,hisp,f,50-54,,0.00187,synthetic_seed
AK,2023,black,hisp,f,55-59,,0.00066,synthetic_seed
AK,2023,black,hisp,f,60-64,,0.00077,synthetic_seed
AK,2023,black,hisp,f,65-69,,0.00088,synthetic_seed
AK,2023,black,hisp,f,70-74,,0.00078,synthetic_seed
AK,2023,black,hisp,f,75-79,,0.00052,synthetic_seed
AK,2023,black,hisp,f,80-84,,0.00086,synthetic_seed
AK,2023,black,hisp,f,85+,,0.00094,synthetic_seed
AK,2023,asian,non-hisp,m,0-4,,0.00106,synthetic_seed
AK,2023,asian,non-hisp,m,5-9,,0.00085,synthetic_seed
AK,2023,asian,non-hisp,m,10-14,,0.00068,synthetic_seed
AK,2023,asian,non-hisp,m,15-19,,0.00207,synthetic_seed
AK,2023,asian,non-hisp,m,20-24,,0.00371,synthetic_seed
AK,2023,asian,non-hisp,m,25-29,,0.00396,synthetic_seed
AK,2023,asian,non-hisp,m,30-34,,0.00452,synthetic_seed
AK,2023,asian,non-hisp,m,35-39,,0.00531,synthetic_seed
AK,2023,asian,non-hisp,m,40-44,,0.00406,synthetic_seed
AK,2023,asian,non-hisp,m,45-49,,0.00165,synthetic_seed
AK,2023,asian,non-hisp,m,50-54,,0.00163,synthetic_seed
AK,2023,asian,non-hisp,m,55-59,,0.00086,synthetic_seed
AK,2023,asian,non-hisp,m,60-64,,0.00078,synthetic_seed
AK,2023,asian,non-hisp,m,65-69,,0.00077,synthetic_seed
AK,2023,asian,non-hisp,m,70-74,,0.00085,synthetic_seed
AK,2023,asian,non-hisp,m,75-79,,0.00102,synthetic_seed
AK,2023,asian,non-hisp,m,80-84,,0.0009,synthetic_seed
AK,2023,asian,non-hisp,m,85+,,0.00078,synthetic_seed
AK,2023,asian,non-hisp,f,0-4,,0.00074,synthetic_seed
AK,2023,asian,non-hisp,f,5-9,,0.00078,synthetic_seed
AK,2023,asian,non-hisp,f,10-14,,0.00053,synthetic_seed
AK,2023,asian,non-hisp,f,15-19,,0.00219,synthetic_seed
AK,2023,asian,non-hisp,f,20-24,,0.00332,synthetic_seed
AK,2023,asian,non-hisp,f,25-29,,0.00366,synthetic_seed
AK,2023,asian,non-hisp,f,30-34,,0.00407,synthetic_seed
AK,2023,asian,non-hisp,f,35-39,,0.00328,synthetic_seed
AK,2023,asian,non-hisp,f,40-44,,0.0037,synthetic_seed
AK,2023,asian,non-hisp,f,45-49,,0.00178,synthetic_seed
AK,2023,asian,non-hisp,f,50-54,,0.00183,synthetic_seed
AK,2023,asian,non-hisp,f,55-59,,0.00068,synthetic_seed
AK,2023,asian,non-hisp,f,60-64,,0.00084,synthetic_seed
AK,2023,asian,non-hisp,f,65-69,,0.00087,synthetic_seed
AK,2023,asian,non-hisp,f,70-74,,0.00099,synthetic_seed
AK,2023,asian,non-hisp,f,75-79,,0.00066,synthetic_seed
AK,2023,asian,non-hisp,f,80-84,,0.001,synthetic_seed
AK,2023,asian,non-hisp,f,85+,,0.00069,synthetic_seed
AK,2023,asian,hisp,m,0-4,,0.00081,synthetic_seed
AK,2023,asian,hisp,m,5-9,,0.00083,synthetic_seed
AK,2023,asian,hisp,m,10-14,,0.00084,synthetic_seed
AK,2023,asian,hisp,m,15-19,,0.0019,synthetic_seed
AK,2023,asian,hisp,m,20-24,,0.00479,synthetic_seed
AK,2023,asian,hisp,m,25-29,,0.00389,synthetic_seed
AK,2023,asian,hisp,m,30-34,,0.00495,synthetic_seed
AK,2023,asian,hisp,m,35-39,,0.00375,synthetic_seed
AK,2023,asian,hisp,m,40-44,,0.0042,synthetic_seed
AK,2023,asian,hisp,m,45-49,,0.00222,synthetic_seed
AK,2023,asian,hisp,m,50-54,,0.00202,synthetic_seed
AK,2023,asian,hisp,m,55-59,,0.00074,synthetic_seed
AK,2023,asian,hisp,m,60-64,,0.00068,synthetic_seed
AK,2023,asian,hisp,m,65-69,,0.00071,synthetic_seed
AK,2023,asian,hisp,m,70-74,,0.00057,synthetic_seed
AK,2023,asian,hisp,m,75-79,,0.00077,synthetic_seed
AK,2023,asian,hisp,m,80-84,,0.00064,synthetic_seed
AK,2023,asian,hisp,m,85+,,0.00093,synthetic_seed
AK,2023,asian,hisp,f,0-4,,0.0009,synthetic_seed
AK,2023,asian,hisp,f,5-9,,0.00093,synthetic_seed
AK,2023,asian,hisp,f,10-14,,0.0007,synthetic_seed
AK,2023,asian,hisp,f,15-19,,0.00207,synthetic_seed
AK,2023,asian,hisp,f,20-24,,0.0041,synthetic_seed
AK,2023,asian,hisp,f,25-29,,0.00403,synthetic_seed
AK,2023,asian,hisp,f,30-34,,0.00441,synthetic_seed
AK,2023,asian,hisp,f,35-39,,0.00368,synthetic_seed
AK,2023,asian,hisp,f,40-44,,0.00369,synthetic_seed
AK,2023,asian,hisp,f,45-49,,0.00174,synthetic_seed
AK,2023,asian,hisp,f,50-54,,0.00249,synthetic_seed
AK,2023,asian,hisp,f,55-59,,0.00082,synthetic_seed
AK,2023,asian,hisp,f,60-64,,0.00068,synthetic_seed
AK,2023,asian,hisp,f,65-69,,0.0007,synthetic_seed
AK,2023,asian,hisp,f,70-74,,0.00086,synthetic_seed
AK,2023,asian,hisp,f,75-79,,0.00085,synthetic_seed
AK,2023,asian,hisp,f,80-84,,0.00086,synthetic_seed
AK,2023,asian,hisp,f,85+,,0.00076,synthetic_seed
AK,2023,other,non-hisp,m,0-4,,0.00087,synthetic_seed
AK,2023,other,non-hisp,m,5-9,,0.00067,synthetic_seed
AK,2023,other,non-hisp,m,10-14,,0.00072,synthetic_seed
AK,2023,other,non-hisp,m,15-19,,0.00199,synthetic_seed
AK,2023,other,non-hisp,m,20-24,,0.00407,synthetic_seed
AK,2023,other,non-hisp,m,25-29,,0.00384,synthetic_seed
AK,2023,other,non-hisp,m,30-34,,0.00379,synthetic_seed
AK,2023,other,non-hisp,m,35-39,,0.00392,synthetic_seed
AK,2023,other,non-hisp,m,40-44,,0.0032,synthetic_seed
AK,2023,other,non-hisp,m,45-49,,0.0018,synthetic_seed
AK,2023,other,non-hisp,m,50-54,,0.00221,synthetic_seed
AK,2023,other,non-hisp,m,55-59,,0.00087,synthetic_seed
AK,2023,other,non-hisp,m,60-64,,0.00077,synthetic_seed
AK,2023,other,non-hisp,m,65-69,,0.00069,synthetic_seed
AK,2023,other,non-hisp,m,70-74,,0.00076,synthetic_seed
AK,2023,other,non-hisp,m,75-79,,0.00088,synthetic_seed
AK,2023,other,non-hisp,m,80-84,,0.00082,synthetic_seed
AK,2023,other,non-hisp,m,85+,,0.00079,synthetic_seed
AK,2023,other,non-hisp,f,0-4,,0.00085,synthetic_seed
AK,2023,other,non-hisp,f,5-9,,0.0008,synthetic_seed
AK,2023,other,non-hisp,f,10-14,,0.00076,synthetic_seed
AK,2023,other,non-hisp,f,15-19,,0.00206,synthetic_seed
AK,2023,other,non-hisp,f,20-24,,0.003,synthetic_seed
AK,2023,other,non-hisp,f,25-29,,0.00402,synthetic_seed
AK,2023,other,non-hisp,f,30-34,,0.00502,synthetic_seed
AK,2023,other,non-hisp,f,35-39,,0.0035,synthetic_seed
AK,2023,other,non-hisp,f,40-44,,0.0044,synthetic_seed
AK,2023,other,non-hisp,f,45-49,,0.00163,synthetic_seed
AK,2023,other,non-hisp,f,50-54,,0.00171,synthetic_seed
AK,2023,other,non-hisp,f,55-59,,0.00095,synthetic_seed
AK,2023,other,non-hisp,f,60-64,,0.00082,synthetic_seed
AK,2023,other,non-hisp,f,65-69,,0.00079,synthetic_seed
AK,2023,other,non-hisp,f,70-74,,0.00095,synthetic_seed
AK,2023,other,non-hisp,f,75-79,,0.00084,synthetic_seed
AK,2023,other,non-hisp,f,80-84,,0.00073,synthetic_seed
AK,2023,other,non-hisp,f,85+,,0.00093,synthetic_seed
AK,2023,other,hisp,m,0-4,,0.00105,synthetic_seed
AK,2023,other,hisp,m,5-9,,0.00092,synthetic_seed
AK,2023,other,hisp,m,10-14,,0.00072,synthetic_seed
AK,2023,other,hisp,m,15-19,,0.0023,synthetic_seed
AK,2023,other,hisp,m,20-24,,0.0054,synthetic_seed
AK,2023,other,hisp,m,25-29,,0.00346,synthetic_seed
AK,2023,other,hisp,m,30-34,,0.00416,synthetic_seed
AK,2023,other,hisp,m,35-39,,0.00459,synthetic_seed
AK,2023,other,hisp,m,40-44,,0.00387,synthetic_seed
AK,2023,other,hisp,m,45-49,,0.00211,synthetic_seed
AK,2023,other,hisp,m,50-54,,0.00178,synthetic_seed
AK,2023,other,hisp,m,55-59,,0.00074,synthetic_seed
AK,2023,other,hisp,m,60-64,,0.00091,synthetic_seed
AK,2023,other,hisp,m,65-69,,0.00065,synthetic_seed
AK,2023,other,hisp,m,70-74,,0.0008,synthetic_seed
AK,2023,other,hisp,m,75-79,,0.00087,synthetic_seed
AK,2023,other,hisp,m,80-84,,0.0007,synthetic_seed
AK,2023,other,hisp,m,85+,,0.00079,synthetic_seed
AK,2023,other,hisp,f,0-4,,0.00092,synthetic_seed
AK,2023,other,hisp,f,5-9,,0.00091,synthetic_seed
AK,2023,other,hisp,f,10-14,,0.00072,synthetic_seed
AK,2023,other,hisp,f,15-19,,0.00203,synthetic_seed
AK,2023,other,hisp,f,20-24,,0.00379,synthetic_seed
AK,2023,other,hisp,f,25-29,,0.00408,synthetic_seed
AK,2023,other,hisp,f,30-34,,0.00458,synthetic_seed
AK,2023,other,hisp,f,35-39,,0.00499,synthetic_seed
AK,2023,other,hisp,f,40-44,,0.00376,synthetic_seed
AK,2023,other,hisp,f,45-49,,0.00169,synthetic_seed
AK,2023,other,hisp,f,50-54,,0.00157,synthetic_seed
AK,2023,other,hisp,f,55-59,,0.00068,synthetic_seed
AK,2023,other,hisp,f,60-64,,0.00063,synthetic_seed
AK,2023,other,hisp,f,65-69,,0.00078,synthetic_seed
AK,2023,other,hisp,f,70-74,,0.00073,synthetic_seed
AK,2023,other,hisp,f,75-79,,0.00071,synthetic_seed
AK,2023,other,hisp,f,80-84,,0.00056,synthetic_seed
AK,2023,other,hisp,f,85+,,0.00082,synthetic_seed
AZ,2023,white,non-hisp,m,0-4,,0.00517,synthetic_seed
AZ,2023,white,non-hisp,m,5-9,,0.00579,synthetic_seed
AZ,2023,white,non-hisp,m,10-14,,0.00394,synthetic_seed
AZ,2023,white,non-hisp,m,15-19,,0.01208,synthetic_seed
AZ,2023,white,non-hisp,m,20-24,,0.02405,synthetic_seed
AZ,2023,white,non-hisp,m,25-29,,0.02085,synthetic_seed
AZ,2023,white,non-hisp,m,30-34,,0.02108,synthetic_seed
AZ,2023,white,non-hisp,m,35-39,,0.02532,synthetic_seed
AZ,2023,white,non-hisp,m,40-44,,0.01691,synthetic_seed
AZ,2023,white,non-hisp,m,45-49,,0.01308,synthetic_seed
AZ,2023,white,non-hisp,m,50-54,,0.01148,synthetic_seed
AZ,2023,white,non-hisp,m,55-59,,0.0052,synthetic_seed
AZ,2023,white,non-hisp,m,60-64,,0.0053,synthetic_seed
AZ,2023,white,non-hisp,m,65-69,,0.00424,synthetic_seed
AZ,2023,white,non-hisp,m,70-74,,0.0051,synthetic_seed
AZ,2023,white,non-hisp,m,75-79,,0.00633,synthetic_seed
AZ,2023,white,non-hisp,m,80-84,,0.00429,synthetic_seed
AZ,2023,white,non-hisp,m,85+,,0.00245,synthetic_seed
AZ,2023,white,non-hisp,f,0-4,,0.00485,synthetic_seed
AZ,2023,white,non-hisp,f,5-9,,0.00459,synthetic_seed
AZ,2023,white,non-hisp,f,10-14,,0.00476,synthetic_seed
AZ,2023,white,non-hisp,f,15-19,,0.01474,synthetic_seed
AZ,2023,white,non-hisp,f,20-24,,0.02123,synthetic_seed
AZ,2023,white,non-hisp,f,25-29,,0.01726,synthetic_seed
AZ,2023,white,non-hisp,f,30-34,,0.03323,synthetic_seed
AZ,2023,white,non-hisp,f,35-39,,0.02172,synthetic_seed
AZ,2023,white,non-hisp,f,40-44,,0.02571,synthetic_seed
AZ,2023,white,non-hisp,f,45-49,,0.01049,synthetic_seed
AZ,2023,white,non-hisp,f,50-54,,0.01192,synthetic_seed
AZ,2023,white,non-hisp,f,55-59,,0.00544,synthetic_seed
AZ,2023,white,non-hisp,f,60-64,,0.00529,synthetic_seed
AZ,2023,white,non-hisp,f,65-69,,0.00496,synthetic_seed
AZ,2023,white,non-hisp,f,70-74,,0.00501,synthetic_seed
AZ,2023,white,non-hisp,f,75-79,,0.00476,synthetic_seed
AZ,2023,white,non-hisp,f,80-84,,0.0043,synthetic_seed
AZ,2023,white,non-hisp,f,85+,,0.00651,synthetic_seed
AZ,2023,white,hisp,m,0-4,,0.00532,synthetic_seed
AZ,2023,white,hisp,m,5-9,,0.00412,synthetic_seed
AZ,2023,white,hisp,m,10-14,,0.00485,synthetic_seed
AZ,2023,white,hisp,m,15-19,,0.01243,synthetic_seed
AZ,2023,white,hisp,m,20-24,,0.02734,synthetic_seed
AZ,2023,white,hisp,m,25-29,,0.02317,synthetic_seed
AZ,2023,white,hisp,m,30-34,,0.03191,synthetic_seed
AZ,2023,white,hisp,m,35-39,,0.0223,synthetic_seed
AZ,2023,white,hisp,m,40-44,,0.02575,synthetic_seed
AZ,2023,white,hisp,m,45-49,,0.01125,synthetic_seed
AZ,2023,white,hisp,m,50-54,,0.01299,synthetic_seed
AZ,2023,white,hisp,m,55-59,,0.00562,synthetic_seed
AZ,2023,white,hisp,m,60-64,,0.00458,synthetic_seed
AZ,2023,white,hisp,m,65-69,,0.00401,synthetic_seed
AZ,2023,white,hisp,m,70-74,,0.00461,synthetic_seed
AZ,2023,white,hisp,m,75-79,,0.00463,synthetic_seed
AZ,2023,white,hisp,m,80-84,,0.00444,synthetic_seed
AZ,2023,white,hisp,m,85+,,0.00474,synthetic_seed
AZ,2023,white,hisp,f,0-4,,0.00501,synthetic_seed
AZ,2023,white,hisp,f,5-9,,0.00519,synthetic_seed
AZ,2023,white,hisp,f,10-14,,0.006,synthetic_seed
AZ,2023,white,hisp,f,15-19,,0.01063,synthetic_seed
AZ,2023,white,hisp,f,20-24,,0.02259,synthetic_seed
AZ,2023,white,hisp,f,25-29,,0.02702,synthetic_seed
AZ,2023,white,hisp,f,30-34,,0.02234,synthetic_seed
AZ,2023,white,hisp,f,35-39,,0.02896,synthetic_seed
AZ,2023,white,hisp,f,40-44,,0.02629,synthetic_seed
AZ,2023,white,hisp,f,45-49,,0.01342,synthetic_seed
AZ,2023,white,hisp,f,50-54,,0.00734,synthetic_seed
AZ,2023,white,hisp,f,55-59,,0.00405,synthetic_seed
AZ,2023,white,hisp,f,60-64,,0.00449,synthetic_seed
AZ,2023,white,hisp,f,65-69,,0.005,synthetic_seed
AZ,2023,white,hisp,f,70-74,,0.00394,synthetic_seed
AZ,2023,white,hisp,f,75-79,,0.00508,synthetic_seed
AZ,2023,white,hisp,f,80-84,,0.00404,synthetic_seed
AZ,2023,white,hisp,f,85+,,0.00351,synthetic_seed
AZ,2023,black,non-hisp,m,0-4,,0.00475,synthetic_seed
AZ,2023,black,non-hisp,m,5-9,,0.00518,synthetic_seed
AZ,2023,black,non-hisp,m,10-14,,0.00288,synthetic_seed
AZ,2023,black,non-hisp,m,15-19,,0.01181,synthetic_seed
AZ,2023,black,non-hisp,m,20-24,,0.02339,synthetic_seed
AZ,2023,black,non-hisp,m,25-29,,0.01937,synthetic_seed
AZ,2023,black,non-hisp,m,30-34,,0.02287,synthetic_seed
AZ,2023,black,non-hisp,m,35-39,,0.02163,synthetic_seed
AZ,2023,black,non-hisp,m,40-44,,0.02641,synthetic_seed
AZ,2023,black,non-hisp,m,45-49,,0.0118,synthetic_seed
AZ,2023,black,non-hisp,m,50-54,,0.00781,synthetic_seed
AZ,2023,black,non-hisp,m,55-59,,0.004,synthetic_seed
AZ,2023,black,non-hisp,m,60-64,,0.00607,synthetic_seed
AZ,2023,black,non-hisp,m,65-69,,0.00479,synthetic_seed
AZ,2023,black,non-hisp,m,70-74,,0.00444,synthetic_seed
AZ,2023,black,non-hisp,m,75-79,,0.00485,synthetic_seed
AZ,2023,black,non-hisp,m,80-84,,0.00482,synthetic_seed
AZ,2023,black,non-hisp,m,85+,,0.00482,synthetic_seed
AZ,2023,black,non-hisp,f,0-4,,0.00479,synthetic_seed
AZ,2023,black,non-hisp,f,5-9,,0.0066,synthetic_seed
AZ,2023,black,non-hisp,f,10-14,,0.005,synthetic_seed
AZ,2023,black,non-hisp,f,15-19,,0.01115,synthetic_seed
AZ,2023,black,non-hisp,f,20-24,,0.01829,synthetic_seed
AZ,2023,black,non-hisp,f,25-29,,0.01849,synthetic_seed
AZ,2023,black,non-hisp,f,30-34,,0.02547,synthetic_seed
AZ,2023,black,non-hisp,f,35-39,,0.02596,synthetic_seed
AZ,2023,black,non-hisp,f,40-44,,0.02902,synthetic_seed
AZ,2023,black,non-hisp,f,45-49,,0.01601,synthetic_seed
AZ,2023,black,non-hisp,f,50-54,,0.01027,synthetic_seed
AZ,2023,black,non-hisp,f,55-59,,0.00478,synthetic_seed
AZ,2023,black,non-hisp,f,60-64,,0.00545,synthetic_seed
AZ,2023,black,non-hisp,f,65-69,,0.00396,synthetic_seed
AZ,2023,black,non-hisp,f,70-74,,0.00442,synthetic_seed
AZ,2023,black,non-hisp,f,75-79,,0.00468,synthetic_seed
AZ,2023,black,non-hisp,f,80-84,,0.00554,synthetic_seed
AZ,2023,black,non-hisp,f,85+,,0.00455,synthetic_seed
AZ,2023,black,hisp,m,0-4,,0.00488,synthetic_seed
AZ,2023,black,hisp,m,5-9,,0.00384,synthetic_seed
AZ,2023,black,hisp,m,10-14,,0.00363,synthetic_seed
AZ,2023,black,hisp,m,15-19,,0.01441,synthetic_seed
AZ,2023,black,hisp,m,20-24,,0.02688,synthetic_seed
AZ,2023,black,hisp,m,25-29,,0.03107,synthetic_seed
AZ,2023,black,hisp,m,30-34,,0.02514,synthetic_seed
AZ,2023,black,hisp,m,35-39,,0.02902,synthetic_seed
AZ,2023,black,hisp,m,40-44,,0.02705,synthetic_seed
AZ,2023,black,hisp,m,45-49,,0.01138,synthetic_seed
AZ,2023,black,hisp,m,50-54,,0.01302,synthetic_seed
AZ,2023,black,hisp,m,55-59,,0.00411,synthetic_seed
AZ,2023,black,hisp,m,60-64,,0.00433,synthetic_seed
AZ,2023,black,hisp,m,65-69,,0.00457,synthetic_seed
AZ,2023,black,hisp,m,70-74,,0.00529,synthetic_seed
AZ,2023,black,hisp,m,75-79,,0.00393,synthetic_seed
AZ,2023,black,hisp,m,80-84,,0.00452,synthetic_seed
AZ,2023,black,hisp,m,85+,,0.00605,synthetic_seed
AZ,2023,black,hisp,f,0-4,,0.00477,synthetic_seed
AZ,2023,black,hisp,f,5-9,,0.00447,synthetic_seed
AZ,2023,black,hisp,f,10-14,,0.00673,synthetic_seed
AZ,2023,black,hisp,f,15-19,,0.0124,synthetic_seed
AZ,2023,black,hisp,f,20-24,,0.02357,synthetic_seed
AZ,2023,black,hisp,f,25-29,,0.01906,synthetic_seed
AZ,2023,black,hisp,f,30-34,,0.02608,synthetic_seed
AZ,2023,black,hisp,f,35-39,,0.02256,synthetic_seed
AZ,2023,black,hisp,f,40-44,,0.02821,synthetic_seed
AZ,2023,black,hisp,f,45-49,,0.01104,synthetic_seed
AZ,2023,black,hisp,f,50-54,,0.00938,synthetic_seed
AZ,2023,black,hisp,f,55-59,,0.00479,synthetic_seed
AZ,2023,black,hisp,f,60-64,,0.00526,synthetic_seed
AZ,2023,black,hisp,f,65-69,,0.00477,synthetic_seed
AZ,2023,black,hisp,f,70-74,,0.00556,synthetic_seed
AZ,2023,black,hisp,f,75-79,,0.00375,synthetic_seed
AZ,2023,black,hisp,f,80-84,,0.00375,synthetic_seed
AZ,2023,black,hisp,f,85+,,0.00473,synthetic_seed
AZ,2023,asian,non-hisp,m,0-4,,0.00445,synthetic_seed
AZ,2023,asian,non-hisp,m,5-9,,0.00514,synthetic_seed
AZ,2023,asian,non-hisp,m,10-14,,0.00495,synthetic_seed
AZ,2023,asian,non-hisp,m,15-19,,0.01204,synthetic_seed
AZ,2023,asian,non-hisp,m,20-24,,0.02001,synthetic_seed
AZ,2023,asian,non-hisp,m,25-29,,0.02318,synthetic_seed
AZ,2023,asian,non-hisp,m,30-34,,0.02383,synthetic_seed
AZ,2023,asian,non-hisp,m,35-39,,0.01982,synthetic_seed
AZ,2023,asian,non-hisp,m,40-44,,0.01806,synthetic_seed
AZ,2023,asian,non-hisp,m,45-49,,0.01184,synthetic_seed
AZ,2023,asian,non-hisp,m,50-54,,0.01409,synthetic_seed
AZ,2023,asian,non-hisp,m,55-59,,0.00356,synthetic_seed
AZ,2023,asian,non-hisp,m,60-64,,0.00465,synthetic_seed
AZ,2023,asian,non-hisp,m,65-69,,0.00583,synthetic_seed
AZ,2023,asian,non-hisp,m,70-74,,0.00399,synthetic_seed
AZ,2023,asian,non-hisp,m,75-79,,0.00472,synthetic_seed
AZ,2023,asian,non-hisp,m,80-84,,0.00512,synthetic_seed
AZ,2023,asian,non-hisp,m,85+,,0.00398,synthetic_seed
AZ,2023,asian,non-hisp,f,0-4,,0.00417,synthetic_seed
AZ,2023,asian,non-hisp,f,5-9,,0.00493,synthetic_seed
AZ,2023,asian,non-hisp,f,10-14,,0.005,synthetic_seed
AZ,2023,asian,non-hisp,f,15-19,,0.01253,synthetic_seed
AZ,2023,asian,non-hisp,f,20-24,,0.02342,synthetic_seed
AZ,2023,asian,non-hisp,f,25-29,,0.02055,synthetic_seed
AZ,2023,asian,non-hisp,f,30-34,,0.01882,synthetic_seed
AZ,2023,asian,non-hisp,f,35-39,,0.02279,synthetic_seed
AZ,2023,asian,non-hisp,f,40-44,,0.01999,synthetic_seed
AZ,2023,asian,non-hisp,f,45-49,,0.01169,synthetic_seed
AZ,2023,asian,non-hisp,f,50-54,,0.01168,synthetic_seed
AZ,2023,asian,non-hisp,f,55-59,,0.0049,synthetic_seed
AZ,2023,asian,non-hisp,f,60-64,,0.00502,synthetic_seed
AZ,2023,asian,non-hisp,f,65-69,,0.00462,synthetic_seed
AZ,2023,asian,non-hisp,f,70-74,,0.0054,synthetic_seed
AZ,2023,asian,non-hisp,f,75-79,,0.0052,synthetic_seed
AZ,2023,asian,non-hisp,f,80-84,,0.00559,synthetic_seed
AZ,2023,asian,non-hisp,f,85+,,0.00458,synthetic_seed
AZ,2023,asian,hisp,m,0-4,,0.00556,synthetic_seed
AZ,2023,asian,hisp,m,5-9,,0.00475,synthetic_seed
AZ,2023,asian,hisp,m,10-14,,0.00544,synthetic_seed
AZ,2023,asian,hisp,m,15-19,,0.01204,synthetic_seed
AZ,2023,asian,hisp,m,20-24,,0.02081,synthetic_seed
AZ,2023,asian,hisp,m,25-29,,0.02452,synthetic_seed
AZ,2023,asian,hisp,m,30-34,,0.02359,synthetic_seed
AZ,2023,asian,hisp,m,35-39,,0.02608,synthetic_seed
AZ,2023,asian,hisp,m,40-44,,0.01688,synthetic_seed
AZ,2023,asian,hisp,m,45-49,,0.01347,synthetic_seed
AZ,2023,asian,hisp,m,50-54,,0.01314,synthetic_seed
AZ,2023,asian,hisp,m,55-59,,0.00445,synthetic_seed
AZ,2023,asian,hisp,m,60-64,,0.00401,synthetic_seed
AZ,2023,asian,hisp,m,65-69,,0.00463,synthetic_seed
AZ,2023,asian,hisp,m,70-74,,0.00369,synthetic_seed
AZ,2023,asian,hisp,m,75-79,,0.00497,synthetic_seed
AZ,2023,asian,hisp,m,80-84,,0.00544,synthetic_seed
AZ,2023,asian,hisp,m,85+,,0.0042,synthetic_seed
AZ,2023,asian,hisp,f,0-4,,0.00485,synthetic_seed
AZ,2023,asian,hisp,f,5-9,,0.00458,synthetic_seed
AZ,2023,asian,hisp,f,10-14,,0.00489,synthetic_seed
AZ,2023,asian,hisp,f,15-19,,0.00813,synthetic_seed
AZ,2023,asian,hisp,f,20-24,,0.02213,synthetic_seed
AZ,2023,asian,hisp,f,25-29,,0.02157,synthetic_seed
AZ,2023,asian,hisp,f,30-34,,0.02644,synthetic_seed
AZ,2023,asian,hisp,f,35-39,,0.02706,synthetic_seed
AZ,2023,asian,hisp,f,40-44,,0.03157,synthetic_seed
AZ,2023,asian,hisp,f,45-49,,0.01301,synthetic_seed
AZ,2023,asian,hisp,f,50-54,,0.00978,synthetic_seed
AZ,2023,asian,hisp,f,55-59,,0.0043,synthetic_seed
AZ,2023,asian,hisp,f,60-64,,0.00515,synthetic_seed
AZ,2023,asian,hisp,f,65-69,,0.00439,synthetic_seed
AZ,2023,asian,hisp,f,70-74,,0.00498,synthetic_seed
AZ,2023,asian,hisp,f,75-79,,0.00412,synthetic_seed
AZ,2023,asian,hisp,f,80-84,,0.00361,synthetic_seed
AZ,2023,asian,hisp,f,85+,,0.00419,synthetic_seed
AZ,2023,other,non-hisp,m,0-4,,0.00464,synthetic_seed
AZ,2023,other,non-hisp,m,5-9,,0.00593,synthetic_seed
AZ,2023,other,non-hisp,m,10-14,,0.00501,synthetic_seed
AZ,2023,other,non-hisp,m,15-19,,0.00987,synthetic_seed
AZ,2023,other,non-hisp,m,20-24,,0.0241,synthetic_seed
AZ,2023,other,non-hisp,m,25-29,,0.0184,synthetic_seed
AZ,2023,other,non-hisp,m,30-34,,0.02182,synthetic_seed
AZ,2023,other,non-hisp,m,35-39,,0.02326,synthetic_seed
AZ,2023,other,non-hisp,m,40-44,,0.02226,synthetic_seed
AZ,2023,other,non-hisp,m,45-49,,0.01319,synthetic_seed
AZ,2023,other,non-hisp,m,50-54,,0.01111,synthetic_seed
AZ,2023,other,non-hisp,m,55-59,,0.00565,synthetic_seed
AZ,2023,other,non-hisp,m,60-64,,0.00543,synthetic_seed
AZ,2023,other,non-hisp,m,65-69,,0.00539,synthetic_seed
AZ,2023,other,non-hisp,m,70-74,,0.00538,synthetic_seed
AZ,2023,other,non-hisp,m,75-79,,0.00653,synthetic_seed
AZ,2023,other,non-hisp,m,80-84,,0.00433,synthetic_seed
AZ,2023,other,non-hisp,m,85+,,0.00421,synthetic_seed
AZ,2023,other,non-hisp,f,0-4,,0.00492,synthetic_seed
AZ,2023,other,non-hisp,f,5-9,,0.00496,synthetic_seed
AZ,2023,other,non-hisp,f,10-14,,0.00414,synthetic_seed
AZ,2023,other,non-hisp,f,15-19,,0.01171,synthetic_seed
AZ,2023,other,non-hisp,f,20-24,,0.02723,synthetic_seed
AZ,2023,other,non-hisp,f,25-29,,0.02746,synthetic_seed
AZ,2023,other,non-hisp,f,30-34,,0.02233,synthetic_seed
AZ,2023,other,non-hisp,f,35-39,,0.02227,synthetic_seed
AZ,2023,other,non-hisp,f,40-44,,0.01892,synthetic_seed
AZ,2023,other,non-hisp,f,45-49,,0.00754,synthetic_seed
AZ,2023,other,non-hisp,f,50-54,,0.01178,synthetic_seed
AZ,2023,other,non-hisp,f,55-59,,0.00451,synthetic_seed
AZ,2023,other,non-hisp,f,60-64,,0.00476,synthetic_seed
AZ,2023,other,non-hisp,f,65-69,,0.00326,synthetic_seed
AZ,2023,other,non-hisp,f,70-74,,0.00443,synthetic_seed
AZ,2023,other,non-hisp,f,75-79,,0.00449,synthetic_seed
AZ,2023,other,non-hisp,f,80-84,,0.00477,synthetic_seed
AZ,2023,other,non-hisp,f,85+,,0.00486,synthetic_seed
AZ,2023,other,hisp,m,0-4,,0.00453,synthetic_seed
AZ,2023,other,hisp,m,5-9,,0.00447,synthetic_seed
AZ,2023,other,hisp,m,10-14,,0.00381,synthetic_seed
AZ,2023,other,hisp,m,15-19,,0.01107,synthetic_seed
AZ,2023,other,hisp,m,20-24,,0.01883,synthetic_seed
AZ,2023,other,hisp,m,25-29,,0.03111,synthetic_seed
AZ,2023,other,hisp,m,30-34,,0.02727,synthetic_seed
AZ,2023,other,hisp,m,35-39,,0.01825,synthetic_seed
AZ,2023,other,hisp,m,40-44,,0.02242,synthetic_seed
AZ,2023,other,hisp,m,45-49,,0.01196,synthetic_seed
AZ,2023,other,hisp,m,50-54,,0.01267,synthetic_seed
AZ,2023,other,hisp,m,55-59,,0.00537,synthetic_seed
AZ,2023,other,hisp,m,60-64,,0.00423,synthetic_seed
AZ,2023,other,hisp,m,65-69,,0.00449,synthetic_seed
AZ,2023,other,hisp,m,70-74,,0.00573,synthetic_seed
AZ,2023,other,hisp,m,75-79,,0.00422,synthetic_seed
AZ,2023,other,hisp,m,80-84,,0.00424,synthetic_seed
AZ,2023,other,hisp,m,85+,,0.00483,synthetic_seed
AZ,2023,other,hisp,f,0-4,,0.00651,synthetic_seed
AZ,2023,other,hisp,f,5-9,,0.00346,synthetic_seed
AZ,2023,other,hisp,f,10-14,,0.00481,synthetic_seed
AZ,2023,other,hisp,f,15-19,,0.01189,synthetic_seed
AZ,2023,other,hisp,f,20-24,,0.02607,synthetic_seed
AZ,2023,other,hisp,f,25-29,,0.02808,synthetic_seed
AZ,2023,other,hisp,f,30-34,,0.02657,synthetic_seed
AZ,2023,other,hisp,f,35-39,,0.03089,synthetic_seed
AZ,2023,other,hisp,f,40-44,,0.02587,synthetic_seed
AZ,2023,other,hisp,f,45-49,,0.00984,synthetic_seed
AZ,2023,other,hisp,f,50-54,,0.01262,synthetic_seed
AZ,2023,other,hisp,f,55-59,,0.00475,synthetic_seed
AZ,2023,other,hisp,f,60-64,,0.00379,synthetic_seed
AZ,2023,other,hisp,f,65-69,,0.00465,synthetic_seed
AZ,2023,other,hisp,f,70-74,,0.00524,synthetic_seed
AZ,2023,other,hisp,f,75-79,,0.00483,synthetic_seed
AZ,2023,other,hisp,f,80-84,,0.00463,synthetic_seed
AZ,2023,other,hisp,f,85+,,0.00405,synthetic_seed
AR,2023,white,non-hisp,m,0-4,,0.00176,synthetic_seed
AR,2023,white,non-hisp,m,5-9,,0.00154,synthetic_seed
AR,2023,white,non-hisp,m,10-14,,0.00139,synthetic_seed
AR,2023,white,non-hisp,m,15-19,,0.00447,synthetic_seed
AR,2023,white,non-hisp,m,20-24,,0.0065,synthetic_seed
AR,2023,white,non-hisp,m,25-29,,0.0067,synthetic_seed
AR,2023,white,non-hisp,m,30-34,,0.00934,synthetic_seed
AR,2023,white,non-hisp,m,35-39,,0.00846,synthetic_seed
AR,2023,white,non-hisp,m,40-44,,0.00688,synthetic_seed
AR,2023,white,non-hisp,m,45-49,,0.00413,synthetic_seed
AR,2023,white,non-hisp,m,50-54,,0.00331,synthetic_seed
AR,2023,white,non-hisp,m,55-59,,0.00156,synthetic_seed
AR,2023,white,non-hisp,m,60-64,,0.00168,synthetic_seed
AR,2023,white,non-hisp,m,65-69,,0.00139,synthetic_seed
AR,2023,white,non-hisp,m,70-74,,0.00152,synthetic_seed
AR,2023,white,non-hisp,m,75-79,,0.00137,synthetic_seed
AR,2023,white,non-hisp,m,80-84,,0.00197,synthetic_seed
AR,2023,white,non-hisp,m,85+,,0.00168,synthetic_seed
AR,2023,white,non-hisp,f,0-4,,0.0014,synthetic_seed
AR,2023,white,non-hisp,f,5-9,,0.00135,synthetic_seed
AR,2023,white,non-hisp,f,10-14,,0.00175,synthetic_seed
AR,2023,white,non-hisp,f,15-19,,0.00419,synthetic_seed
AR,2023,white,non-hisp,f,20-24,,0.00769,synthetic_seed
AR,2023,white,non-hisp,f,25-29,,0.00728,synthetic_seed
AR,2023,white,non-hisp,f,30-34,,0.00835,synthetic_seed
AR,2023,white,non-hisp,f,35-39,,0.00841,synthetic_seed
AR,2023,white,non-hisp,f,40-44,,0.01114,synthetic_seed
AR,2023,white,non-hisp,f,45-49,,0.00353,synthetic_seed
AR,2023,white,non-hisp,f,50-54,,0.00492,synthetic_seed
AR,2023,white,non-hisp,f,55-59,,0.00183,synthetic_seed
AR,2023,white,non-hisp,f,60-64,,0.00154,synthetic_seed
AR,2023,white,non-hisp,f,65-69,,0.00113,synthetic_seed
AR,2023,white,non-hisp,f,70-74,,0.00194,synthetic_seed
AR,2023,white,non-hisp,f,75-79,,0.00116,synthetic_seed
AR,2023,white,non-hisp,f,80-84,,0.0016,synthetic_seed
AR,2023,white,non-hisp,f,85+,,0.00145,synthetic_seed
AR,2023,white,hisp,m,0-4,,0.00169,synthetic_seed
AR,2023,white,hisp,m,5-9,,0.00144,synthetic_seed
AR,2023,white,hisp,m,10-14,,0.00129,synthetic_seed
AR,2023,white,hisp,m,15-19,,0.00509,synthetic_seed
AR,2023,white,hisp,m,20-24,,0.01006,synthetic_seed
AR,2023,white,hisp,m,25-29,,0.009,synthetic_seed
AR,2023,white,hisp,m,30-34,,0.00611,synthetic_seed
AR,2023,white,hisp,m,35-39,,0.01113,synthetic_seed
AR,2023,white,hisp,m,40-44,,0.00864,synthetic_seed
AR,2023,white,hisp,m,45-49,,0.0038,synthetic_seed
AR,2023,white,hisp,m,50-54,,0.00386,synthetic_seed
AR,2023,white,hisp,m,55-59,,0.00165,synthetic_seed
AR,2023,white,hisp,m,60-64,,0.00118,synthetic_seed
AR,2023,white,hisp,m,65-69,,0.00152,synthetic_seed
AR,2023,white,hisp,m,70-74,,0.00164,synthetic_seed
AR,2023,white,hisp,m,75-79,,0.00162,synthetic_seed
AR,2023,white,hisp,m,80-84,,0.00226,synthetic_seed
AR,2023,white,hisp,m,85+,,0.00148,synthetic_seed
AR,2023,white,hisp,f,0-4,,0.00163,synthetic_seed
AR,2023,white,hisp,f,5-9,,0.00188,synthetic_seed
AR,2023,white,hisp,f,10-14,,0.00186,synthetic_seed
AR,2023,white,hisp,f,15-19,,0.00418,synthetic_seed
AR,2023,white,hisp,f,20-24,,0.00606,synthetic_seed
AR,2023,white,hisp,f,25-29,,0.00734,synthetic_seed
AR,2023,white,hisp,f,30-34,,0.00712,synthetic_seed
AR,2023,white,hisp,f,35-39,,0.00766,synthetic_seed
AR,2023,white,hisp,f,40-44,,0.00671,synthetic_seed
AR,2023,white,hisp,f,45-49,,0.00399,synthetic_seed
AR,2023,white,hisp,f,50-54,,0.00394,synthetic_seed
AR,2023,white,hisp,f,55-59,,0.00165,synthetic_seed
AR,2023,white,hisp,f,60-64,,0.00184,synthetic_seed
AR,2023,white,hisp,f,65-69,,0.00166,synthetic_seed
AR,2023,white,hisp,f,70-74,,0.00164,synthetic_seed
AR,2023,white,hisp,f,75-79,,0.00162,synthetic_seed
AR,2023,white,hisp,f,80-84,,0.00126,synthetic_seed
AR,2023,white,hisp,f,85+,,0.00143,synthetic_seed
AR,2023,black,non-hisp,m,0-4,,0.00183,synthetic_seed
AR,2023,black,non-hisp,m,5-9,,0.00196,synthetic_seed
AR,2023,black,non-hisp,m,10-14,,0.00132,synthetic_seed
AR,2023,black,non-hisp,m,15-19,,0.00416,synthetic_seed
AR,2023,black,non-hisp,m,20-24,,0.00722,synthetic_seed
AR,2023,black,non-hisp,m,25-29,,0.00599,synthetic_seed
AR,2023,black,non-hisp,m,30-34,,0.00926,synthetic_seed
AR,2023,black,non-hisp,m,35-39,,0.008,synthetic_seed
AR,2023,black,non-hisp,m,40-44,,0.00827,synthetic_seed
AR,2023,black,non-hisp,m,45-49,,0.00426,synthetic_seed
AR,2023,black,non-hisp,m,50-54,,0.00381,synthetic_seed
AR,2023,black,non-hisp,m,55-59,,0.00172,synthetic_seed
AR,2023,black,non-hisp,m,60-64,,0.00186,synthetic_seed
AR,2023,black,non-hisp,m,65-69,,0.00154,synthetic_seed
AR,2023,black,non-hisp,m,70-74,,0.00125,synthetic_seed
AR,2023,black,non-hisp,m,75-79,,0.00177,synthetic_seed
AR,2023,black,non-hisp,m,80-84,,0.00155,synthetic_seed
AR,2023,black,non-hisp,m,85+,,0.00145,synthetic_seed
AR,2023,black,non-hisp,f,0-4,,0.00179,synthetic_seed
AR,2023,black,non-hisp,f,5-9,,0.00124,synthetic_seed
AR,2023,black,non-hisp,f,10-14,,0.00192,synthetic_seed
AR,2023,black,non-hisp,f,15-19,,0.00431,synthetic_seed
AR,2023,black,non-hisp,f,20-24,,0.00816,synthetic_seed
AR,2023,black,non-hisp,f,25-29,,0.00781,synthetic_seed
AR,2023,black,non-hisp,f,30-34,,0.00848,synthetic_seed
AR,2023,black,non-hisp,f,35-39,,0.0086,synthetic_seed
AR,2023,black,non-hisp,f,40-44,,0.00935,synthetic_seed
AR,2023,black,non-hisp,f,45-49,,0.00442,synthetic_seed
AR,2023,black,non-hisp,f,50-54,,0.00375,synthetic_seed
AR,2023,black,non-hisp,f,55-59,,0.0019,synthetic_seed
AR,2023,black,non-hisp,f,60-64,,0.00147,synthetic_seed
AR,2023,black,non-hisp,f,65-69,,0.00148,synthetic_seed
AR,2023,black,non-hisp,f,70-74,,0.00157,synthetic_seed
AR,2023,black,non-hisp,f,75-79,,0.00182,synthetic_seed
AR,2023,black,non-hisp,f,80-84,,0.00159,synthetic_seed
AR,2023,black,non-hisp,f,85+,,0.00195,synthetic_seed
AR,2023,black,hisp,m,0-4,,0.00197,synthetic_seed
AR,2023,black,hisp,m,5-9,,0.00178,synthetic_seed
AR,2023,black,hisp,m,10-14,,0.00142,synthetic_seed
AR,2023,black,hisp,m,15-19,,0.00416,synthetic_seed
AR,2023,black,hisp,m,20-24,,0.00745,synthetic_seed
AR,2023,black,hisp,m,25-29,,0.00756,synthetic_seed
AR,2023,black,hisp,m,30-34,,0.00824,synthetic_seed
AR,2023,black,hisp,m,35-39,,0.00721,synthetic_seed
AR,2023,black,hisp,m,40-44,,0.00719,synthetic_seed
AR,2023,black,hisp,m,45-49,,0.00423,synthetic_seed
AR,2023,black,hisp,m,50-54,,0.00389,synthetic_seed
AR,2023,black,hisp,m,55-59,,0.00116,synthetic_seed
AR,2023,black,hisp,m,60-64,,0.00165,synthetic_seed
AR,2023,black,hisp,m,65-69,,0.00135,synthetic_seed
AR,2023,black,hisp,m,70-74,,0.00121,synthetic_seed
AR,2023,black,hisp,m,75-79,,0.00157,synthetic_seed
AR,2023,black,hisp,m,80-84,,0.00123,synthetic_seed
AR,2023,black,hisp,m,85+,,0.00148,synthetic_seed
AR,2023,black,hisp,f,0-4,,0.00159,synthetic_seed
AR,2023,black,hisp,f,5-9,,0.00205,synthetic_seed
AR,2023,black,hisp,f,10-14,,0.00133,synthetic_seed
AR,2023,black,hisp,f,15-19,,0.00359,synthetic_seed
AR,2023,black,hisp,f,20-24,,0.00678,synthetic_seed
AR,2023,black,hisp,f,25-29,,0.00564,synthetic_seed
AR,2023,black,hisp,f,30-34,,0.00899,synthetic_seed
AR,2023,black,hisp,f,35-39,,0.01017,synthetic_seed
AR,2023,black,hisp,f,40-44,,0.00784,synthetic_seed
AR,2023,black,hisp,f,45-49,,0.00397,synthetic_seed
AR,2023,black,hisp,f,50-54,,0.00352,synthetic_seed
AR,2023,black,hisp,f,55-59,,0.00166,synthetic_seed
AR,2023,black,hisp,f,60-64,,0.00182,synthetic_seed
AR,2023,black,hisp,f,65-69,,0.0019,synthetic_seed
AR,2023,black,hisp,f,70-74,,0.00189,synthetic_seed
AR,2023,black,hisp,f,75-79,,0.00211,synthetic_seed
AR,2023,black,hisp,f,80-84,,0.00125,synthetic_seed
AR,2023,black,hisp,f,85+,,0.00181,synthetic_seed
AR,2023,asian,non-hisp,m,0-4,,0.0014,synthetic_seed
AR,2023,asian,non-hisp,m,5-9,,0.00137,synthetic_seed
AR,2023,asian,non-hisp,m,10-14,,0.00173,synthetic_seed
AR,2023,asian,non-hisp,m,15-19,,0.00507,synthetic_seed
AR,2023,asian,non-hisp,m,20-24,,0.00799,synthetic_seed
AR,2023,asian,non-hisp,m,25-29,,0.00722,synthetic_seed
AR,2023,asian,non-hisp,m,30-34,,0.00652,synthetic_seed
AR,2023,asian,non-hisp,m,35-39,,0.00602,synthetic_seed
AR,2023,asian,non-hisp,m,40-44,,0.00991,synthetic_seed
AR,2023,asian,non-hisp,m,45-49,,0.00365,synthetic_seed
AR,2023,asian,non-hisp,m,50-54,,0.00442,synthetic_seed
AR,2023,asian,non-hisp,m,55-59,,0.00187,synthetic_seed
AR,2023,asian,non-hisp,m,60-64,,0.00172,synthetic_seed
AR,2023,asian,non-hisp,m,65-69,,0.0019,synthetic_seed
AR,2023,asian,non-hisp,m,70-74,,0.00152,synthetic_seed
AR,2023,asian,non-hisp,m,75-79,,0.00164,synthetic_seed
AR,2023,asian,non-hisp,m,80-84,,0.00212,synthetic_seed
AR,2023,asian,non-hisp,m,85+,,0.00125,synthetic_seed
AR,2023,asian,non-hisp,f,0-4,,0.0015,synthetic_seed
AR,2023,asian,non-hisp,f,5-9,,0.00151,synthetic_seed
AR,2023,asian,non-hisp,f,10-14,,0.00151,synthetic_seed
AR,2023,asian,non-hisp,f,15-19,,0.00304,synthetic_seed
AR,2023,asian,non-hisp,f,20-24,,0.00801,synthetic_seed
AR,2023,asian,non-hisp,f,25-29,,0.0099,synthetic_seed
AR,2023,asian,non-hisp,f,30-34,,0.00945,synthetic_seed
AR,2023,asian,non-hisp,f,35-39,,0.00755,synthetic_seed
AR,2023,asian,non-hisp,f,40-44,,0.00929,synthetic_seed
AR,2023,asian,non-hisp,f,45-49,,0.00443,synthetic_seed
AR,2023,asian,non-hisp,f,50-54,,0.00424,synthetic_seed
AR,2023,asian,non-hisp,f,55-59,,0.0019,synthetic_seed
AR,2023,asian,non-hisp,f,60-64,,0.00209,synthetic_seed
AR,2023,asian,non-hisp,f,65-69,,0.00161,synthetic_seed
AR,2023,asian,non-hisp,f,70-74,,0.00153,synthetic_seed
AR,2023,asian,non-hisp,f,75-79,,0.00149,synthetic_seed
AR,2023,asian,non-hisp,f,80-84,,0.00153,synthetic_seed
AR,2023,asian,non-hisp,f,85+,,0.00086,synthetic_seed
AR,2023,asian,hisp,m,0-4,,0.00164,synthetic_seed
AR,2023,asian,hisp,m,5-9,,0.00153,synthetic_seed
AR,2023,asian,hisp,m,10-14,,0.0013,synthetic_seed
AR,2023,asian,hisp,m,15-19,,0.00419,synthetic_seed
AR,2023,asian,hisp,m,20-24,,0.00844,synthetic_seed
AR,2023,asian,hisp,m,25-29,,0.00614,synthetic_seed
AR,2023,asian,hisp,m,30-34,,0.00657,synthetic_seed
AR,2023,asian,hisp,m,35-39,,0.00891,synthetic_seed
AR,2023,asian,hisp,m,40-44,,0.00665,synthetic_seed
AR,2023,asian,hisp,m,45-49,,0.00446,synthetic_seed
AR,2023,asian,hisp,m,50-54,,0.004,synthetic_seed
AR,2023,asian,hisp,m,55-59,,0.00166,synthetic_seed
AR,2023,asian,hisp,m,60-64,,0.00165,synthetic_seed
AR,2023,asian,hisp,m,65-69,,0.00153,synthetic_seed
AR,2023,asian,hisp,m,70-74,,0.0014,synthetic_seed
AR,2023,asian,hisp,m,75-79,,0.00174,synthetic_seed
AR,2023,asian,hisp,m,80-84,,0.00166,synthetic_seed
AR,2023,asian,hisp,m,85+,,0.00178,synthetic_seed
AR,2023,asian,hisp,f,0-4,,0.00149,synthetic_seed
AR,2023,asian,hisp,f,5-9,,0.00173,synthetic_seed
AR,2023,asian,hisp,f,10-14,,0.00185,synthetic_seed
AR,2023,asian,hisp,f,15-19,,0.00458,synthetic_seed
AR,2023,asian,hisp,f,20-24,,0.00904,synthetic_seed
AR,2023,asian,hisp,f,25-29,,0.00802,synthetic_seed
AR,2023,asian,hisp,f,30-34,,0.00755,synthetic_seed
AR,2023,asian,hisp,f,35-39,,0.0066,synthetic_seed
AR,2023,asian,hisp,f,40-44,,0.00795,synthetic_seed
AR,2023,asian,hisp,f,45-49,,0.00389,synthetic_seed
AR,2023,asian,hisp,f,50-54,,0.00377,synthetic_seed
AR,2023,asian,hisp,f,55-59,,0.00155,synthetic_seed
AR,2023,asian,hisp,f,60-64,,0.00154,synthetic_seed
AR,2023,asian,hisp,f,65-69,,0.00144,synthetic_seed
AR,2023,asian,hisp,f,70-74,,0.00161,synthetic_seed
AR,2023,asian,hisp,f,75-79,,0.0013,synthetic_seed
AR,2023,asian,hisp,f,80-84,,0.00177,synthetic_seed
AR,2023,asian,hisp,f,85+,,0.00116,synthetic_seed
AR,2023,other,non-hisp,m,0-4,,0.0019,synthetic_seed
AR,2023,other,non-hisp,m,5-9,,0.0017,synthetic_seed
AR,2023,other,non-hisp,m,10-14,,0.00159,synthetic_seed
AR,2023,other,non-hisp,m,15-19,,0.00437,synthetic_seed
AR,2023,other,non-hisp,m,20-24,,0.00965,synthetic_seed
AR,2023,other,non-hisp,m,25-29,,0.00774,synthetic_seed
AR,2023,other,non-hisp,m,30-34,,0.00931,synthetic_seed
AR,2023,other,non-hisp,m,35-39,,0.00774,synthetic_seed
AR,2023,other,non-hisp,m,40-44,,0.00853,synthetic_seed
AR,2023,other,non-hisp,m,45-49,,0.00513,synthetic_seed
AR,2023,other,non-hisp,m,50-54,,0.00287,synthetic_seed
AR,2023,other,non-hisp,m,55-59,,0.00164,synthetic_seed
AR,2023,other,non-hisp,m,60-64,,0.00158,synthetic_seed
AR,2023,other,non-hisp,m,65-69,,0.00152,synthetic_seed
AR,2023,other,non-hisp,m,70-74,,0.00168,synthetic_seed
AR,2023,other,non-hisp,m,75-79,,0.00147,synthetic_seed
AR,2023,other,non-hisp,m,80-84,,0.00167,synthetic_seed
AR,2023,other,non-hisp,m,85+,,0.00128,synthetic_seed
AR,2023,other,non-hisp,f,0-4,,0.0015,synthetic_seed
AR,2023,other,non-hisp,f,5-9,,0.00203,synthetic_seed
AR,2023,other,non-hisp,f,10-14,,0.00175,synthetic_seed
AR,2023,other,non-hisp,f,15-19,,0.00438,synthetic_seed
AR,2023,other,non-hisp,f,20-24,,0.00891,synthetic_seed
AR,2023,other,non-hisp,f,25-29,,0.00869,synthetic_seed
AR,2023,other,non-hisp,f,30-34,,0.00847,synthetic_seed
AR,2023,other,non-hisp,f,35-39,,0.00729,synthetic_seed
AR,2023,other,non-hisp,f,40-44,,0.00773,synthetic_seed
AR,2023,other,non-hisp,f,45-49,,0.00409,synthetic_seed
AR,2023,other,non-hisp,f,50-54,,0.0051,synthetic_seed
AR,2023,other,non-hisp,f,55-59,,0.00146,synthetic_seed
AR,2023,other,non-hisp,f,60-64,,0.00173,synthetic_seed
AR,2023,other,non-hisp,f,65-69,,0.00197,synthetic_seed
AR,2023,other,non-hisp,f,70-74,,0.00146,synthetic_seed
AR,2023,other,non-hisp,f,75-79,,0.00128,synthetic_seed
AR,2023,other,non-hisp,f,80-84,,0.00184,synthetic_seed
AR,2023,other,non-hisp,f,85+,,0.00137,synthetic_seed
AR,2023,other,hisp,m,0-4,,0.00166,synthetic_seed
AR,2023,other,hisp,m,5-9,,0.00184,synthetic_seed
AR,2023,other,hisp,m,10-14,,0.00147,synthetic_seed
AR,2023,other,hisp,m,15-19,,0.00391,synthetic_seed
AR,2023,other,hisp,m,20-24,,0.00736,synthetic_seed
AR,2023,other,hisp,m,25-29,,0.00752,synthetic_seed
AR,2023,other,hisp,m,30-34,,0.0088,synthetic_seed
AR,2023,other,hisp,m,35-39,,0.00856,synthetic_seed
AR,2023,other,hisp,m,40-44,,0.00893,synthetic_seed
AR,2023,other,hisp,m,45-49,,0.00304,synthetic_seed
AR,2023,other,hisp,m,50-54,,0.00365,synthetic_seed
AR,2023,other,hisp,m,55-59,,0.00227,synthetic_seed
AR,2023,other,hisp,m,60-64,,0.00164,synthetic_seed
AR,2023,other,hisp,m,65-69,,0.00119,synthetic_seed
AR,2023,other,hisp,m,70-74,,0.00146,synthetic_seed
AR,2023,other,hisp,m,75-79,,0.00177,synthetic_seed
AR,2023,other,hisp,m,80-84,,0.002,synthetic_seed
AR,2023,other,hisp,m,85+,,0.00162,synthetic_seed
AR,2023,other,hisp,f,0-4,,0.00192,synthetic_seed
AR,2023,other,hisp,f,5-9,,0.00126,synthetic_seed
AR,2023,other,hisp,f,10-14,,0.00169,synthetic_seed
AR,2023,other,hisp,f,15-19,,0.00454,synthetic_seed
AR,2023,other,hisp,f,20-24,,0.00842,synthetic_seed
AR,2023,other,hisp,f,25-29,,0.00734,synthetic_seed
AR,2023,other,hisp,f,30-34,,0.00715,synthetic_seed
AR,2023,other,hisp,f,35-39,,0.00827,synthetic_seed
AR,2023,other,hisp,f,40-44,,0.00964,synthetic_seed
AR,2023,other,hisp,f,45-49,,0.0041,synthetic_seed
AR,2023,other,hisp,f,50-54,,0.0048,synthetic_seed
AR,2023,other,hisp,f,55-59,,0.0014,synthetic_seed
AR,2023,other,hisp,f,60-64,,0.00145,synthetic_seed
AR,2023,other,hisp,f,65-69,,0.00152,synthetic_seed
AR,2023,other,hisp,f,70-74,,0.0018,synthetic_seed
AR,2023,other,hisp,f,75-79,,0.00154,synthetic_seed
AR,2023,other,hisp,f,80-84,,0.00131,synthetic_seed
AR,2023,other,hisp,f,85+,,0.00147,synthetic_seed
CA,2023,white,non-hisp,m,0-4,,0.0022,synthetic_seed
CA,2023,white,non-hisp,m,5-9,,0.0022,synthetic_seed
CA,2023,white,non-hisp,m,10-14,,0.0027,synthetic_seed
CA,2023,white,non-hisp,m,15-19,,0.00539,synthetic_seed
CA,2023,white,non-hisp,m,20-24,,0.01474,synthetic_seed
CA,2023,white,non-hisp,m,25-29,,0.01052,synthetic_seed
CA,2023,white,non-hisp,m,30-34,,0.01045,synthetic_seed
CA,2023,white,non-hisp,m,35-39,,0.01083,synthetic_seed
CA,2023,white,non-hisp,m,40-44,,0.0117,synthetic_seed
CA,2023,white,non-hisp,m,45-49,,0.00779,synthetic_seed
CA,2023,white,non-hisp,m,50-54,,0.00642,synthetic_seed
CA,2023,white,non-hisp,m,55-59,,0.00194,synthetic_seed
CA,2023,white,non-hisp,m,60-64,,0.00276,synthetic_seed
CA,2023,white,non-hisp,m,65-69,,0.00245,synthetic_seed
CA,2023,white,non-hisp,m,70-74,,0.00183,synthetic_seed
CA,2023,white,non-hisp,m,75-79,,0.00285,synthetic_seed
CA,2023,white,non-hisp,m,80-84,,0.00253,synthetic_seed
CA,2023,white,non-hisp,m,85+,,0.00277,synthetic_seed
CA,2023,white,non-hisp,f,0-4,,0.00248,synthetic_seed
CA,2023,white,non-hisp,f,5-9,,0.00252,synthetic_seed
CA,2023,white,non-hisp,f,10-14,,0.00246,synthetic_seed
CA,2023,white,non-hisp,f,15-19,,0.00693,synthetic_seed
CA,2023,white,non-hisp,f,20-24,,0.01316,synthetic_seed
CA,2023,white,non-hisp,f,25-29,,0.01297,synthetic_seed
CA,2023,white,non-hisp,f,30-34,,0.01422,synthetic_seed
CA,2023,white,non-hisp,f,35-39,,0.01419,synthetic_seed
CA,2023,white,non-hisp,f,40-44,,0.00905,synthetic_seed
CA,2023,white,non-hisp,f,45-49,,0.00836,synthetic_seed
CA,2023,white,non-hisp,f,50-54,,0.00685,synthetic_seed
CA,2023,white,non-hisp,f,55-59,,0.00267,synthetic_seed
CA,2023,white,non-hisp,f,60-64,,0.00254,synthetic_seed
CA,2023,white,non-hisp,f,65-69,,0.00225,synthetic_seed
CA,2023,white,non-hisp,f,70-74,,0.00297,synthetic_seed
CA,2023,white,non-hisp,f,75-79,,0.00263,synthetic_seed
CA,2023,white,non-hisp,f,80-84,,0.00204,synthetic_seed
CA,2023,white,non-hisp,f,85+,,0.00269,synthetic_seed
CA,2023,white,hisp,m,0-4,,0.00243,synthetic_seed
CA,2023,white,hisp,m,5-9,,0.00222,synthetic_seed
CA,2023,white,hisp,m,10-14,,0.00255,synthetic_seed
CA,2023,white,hisp,m,15-19,,0.0063,synthetic_seed
CA,2023,white,hisp,m,20-24,,0.01199,synthetic_seed
CA,2023,white,hisp,m,25-29,,0.01151,synthetic_seed
CA,2023,white,hisp,m,30-34,,0.00903,synthetic_seed
CA,2023,white,hisp,m,35-39,,0.01105,synthetic_seed
CA,2023,white,hisp,m,40-44,,0.01555,synthetic_seed
CA,2023,white,hisp,m,45-49,,0.00624,synthetic_seed
CA,2023,white,hisp,m,50-54,,0.00508,synthetic_seed
CA,2023,white,hisp,m,55-59,,0.00223,synthetic_seed
CA,2023,white,hisp,m,60-64,,0.00236,synthetic_seed
CA,2023,white,hisp,m,65-69,,0.00274,synthetic_seed
CA,2023,white,hisp,m,70-74,,0.00273,synthetic_seed
CA,2023,white,hisp,m,75-79,,0.00214,synthetic_seed
CA,2023,white,hisp,m,80-84,,0.00297,synthetic_seed
CA,2023,white,hisp,m,85+,,0.00276,synthetic_seed
CA,2023,white,hisp,f,0-4,,0.00224,synthetic_seed
CA,2023,white,hisp,f,5-9,,0.00214,synthetic_seed
CA,2023,white,hisp,f,10-14,,0.003,synthetic_seed
CA,2023,white,hisp,f,15-19,,0.0051,synthetic_seed
CA,2023,white,hisp,f,20-24,,0.01221,synthetic_seed
CA,2023,white,hisp,f,25-29,,0.01681,synthetic_seed
CA,2023,white,hisp,f,30-34,,0.01143,synthetic_seed
CA,2023,white,hisp,f,35-39,,0.01202,synthetic_seed
CA,2023,white,hisp,f,40-44,,0.00849,synthetic_seed
CA,2023,white,hisp,f,45-49,,0.0062,synthetic_seed
CA,2023,white,hisp,f,50-54,,0.00563,synthetic_seed
CA,2023,white,hisp,f,55-59,,0.00227,synthetic_seed
CA,2023,white,hisp,f,60-64,,0.00249,synthetic_seed
CA,2023,white,hisp,f,65-69,,0.00241,synthetic_seed
CA,2023,white,hisp,f,70-74,,0.0024,synthetic_seed
CA,2023,white,hisp,f,75-79,,0.00223,synthetic_seed
CA,2023,white,hisp,f,80-84,,0.00246,synthetic_seed
CA,2023,white,hisp,f,85+,,0.00263,synthetic_seed
CA,2023,black,non-hisp,m,0-4,,0.0024,synthetic_seed
CA,2023,black,non-hisp,m,5-9,,0.0024,synthetic_seed
CA,2023,black,non-hisp,m,10-14,,0.00302,synthetic_seed
CA,2023,black,non-hisp,m,15-19,,0.00628,synthetic_seed
CA,2023,black,non-hisp,m,20-24,,0.01024,synthetic_seed
CA,2023,black,non-hisp,m,25-29,,0.0109,synthetic_seed
CA,2023,black,non-hisp,m,30-34,,0.00783,synthetic_seed
CA,2023,black,non-hisp,m,35-39,,0.01125,synthetic_seed
CA,2023,black,non-hisp,m,40-44,,0.01251,synthetic_seed
CA,2023,black,non-hisp,m,45-49,,0.00638,synthetic_seed
CA,2023,black,non-hisp,m,50-54,,0.00768,synthetic_seed
CA,2023,black,non-hisp,m,55-59,,0.00238,synthetic_seed
CA,2023,black,non-hisp,m,60-64,,0.0025,synthetic_seed
CA,2023,black,non-hisp,m,65-69,,0.00265,synthetic_seed
CA,2023,black,non-hisp,m,70-74,,0.00263,synthetic_seed
CA,2023,black,non-hisp,m,75-79,,0.00257,synthetic_seed
CA,2023,black,non-hisp,m,80-84,,0.00224,synthetic_seed
CA,2023,black,non-hisp,m,85+,,0.00223,synthetic_seed
CA,2023,black,non-hisp,f,0-4,,0.00222,synthetic_seed
CA,2023,black,non-hisp,f,5-9,,0.0023,synthetic_seed
CA,2023,black,non-hisp,f,10-14,,0.00204,synthetic_seed
CA,2023,black,non-hisp,f,15-19,,0.00603,synthetic_seed
CA,2023,black,non-hisp,f,20-24,,0.01373,synthetic_seed
CA,2023,black,non-hisp,f,25-29,,0.01079,synthetic_seed
CA,2023,black,non-hisp,f,30-34,,0.01143,synthetic_seed
CA,2023,black,non-hisp,f,35-39,,0.01236,synthetic_seed
CA,2023,black,non-hisp,f,40-44,,0.01404,synthetic_seed
CA,2023,black,non-hisp,f,45-49,,0.00555,synthetic_seed
CA,2023,black,non-hisp,f,50-54,,0.00627,synthetic_seed
CA,2023,black,non-hisp,f,55-59,,0.00243,synthetic_seed
CA,2023,black,non-hisp,f,60-64,,0.00254,synthetic_seed
CA,2023,black,non-hisp,f,65-69,,0.00261,synthetic_seed
CA,2023,black,non-hisp,f,70-74,,0.00248,synthetic_seed
CA,2023,black,non-hisp,f,75-79,,0.00228,synthetic_seed
CA,2023,black,non-hisp,f,80-84,,0.00278,synthetic_seed
CA,2023,black,non-hisp,f,85+,,0.00213,synthetic_seed
CA,2023,black,hisp,m,0-4,,0.00266,synthetic_seed
CA,2023,black,hisp,m,5-9,,0.00263,synthetic_seed
CA,2023,black,hisp,m,10-14,,0.00236,synthetic_seed
CA,2023,black,hisp,m,15-19,,0.0056,synthetic_seed
CA,2023,black,hisp,m,20-24,,0.01257,synthetic_seed
CA,2023,black,hisp,m,25-29,,0.01059,synthetic_seed
CA,2023,black,hisp,m,30-34,,0.0139,synthetic_seed
CA,2023,black,hisp,m,35-39,,0.01266,synthetic_seed
CA,2023,black,hisp,m,40-44,,0.01194,synthetic_seed
CA,2023,black,hisp,m,45-49,,0.00583,synthetic_seed
CA,2023,black,hisp,m,50-54,,0.00412,synthetic_seed
CA,2023,black,hisp,m,55-59,,0.0027,synthetic_seed
CA,2023,black,hisp,m,60-64,,0.00284,synthetic_seed
CA,2023,black,hisp,m,65-69,,0.00235,synthetic_seed
CA,2023,black,hisp,m,70-74,,0.00265,synthetic_seed
CA,2023,black,hisp,m,75-79,,0.00294,synthetic_seed
CA,2023,black,hisp,m,80-84,,0.00257,synthetic_seed
CA,2023,black,hisp,m,85+,,0.00216,synthetic_seed
CA,2023,black,hisp,f,0-4,,0.00255,synthetic_seed
CA,2023,black,hisp,f,5-9,,0.00288,synthetic_seed
CA,2023,black,hisp,f,10-14,,0.00214,synthetic_seed
CA,2023,black,hisp,f,15-19,,0.00637,synthetic_seed
CA,2023,black,hisp,f,20-24,,0.0111,synthetic_seed
CA,2023,black,hisp,f,25-29,,0.00915,synthetic_seed
CA,2023,black,hisp,f,30-34,,0.01068,synthetic_seed
CA,2023,black,hisp,f,35-39,,0.01288,synthetic_seed
CA,2023,black,hisp,f,40-44,,0.01312,synthetic_seed
CA,2023,black,hisp,f,45-49,,0.00689,synthetic_seed
CA,2023,black,hisp,f,50-54,,0.00787,synthetic_seed
CA,2023,black,hisp,f,55-59,,0.00288,synthetic_seed
CA,2023,black,hisp,f,60-64,,0.00253,synthetic_seed
CA,2023,black,hisp,f,65-69,,0.00164,synthetic_seed
CA,2023,black,hisp,f,70-74,,0.00329,synthetic_seed
CA,2023,black,hisp,f,75-79,,0.00241,synthetic_seed
CA,2023,black,hisp,f,80-84,,0.00225,synthetic_seed
CA,2023,black,hisp,f,85+,,0.00264,synthetic_seed
CA,2023,asian,non-hisp,m,0-4,,0.0027,synthetic_seed
CA,2023,asian,non-hisp,m,5-9,,0.00272,synthetic_seed
CA,2023,asian,non-hisp,m,10-14,,0.00221,synthetic_seed
CA,2023,asian,non-hisp,m,15-19,,0.00581,synthetic_seed
CA,2023,asian,non-hisp,m,20-24,,0.01367,synthetic_seed
CA,2023,asian,non-hisp,m,25-29,,0.01253,synthetic_seed
CA,2023,asian,non-hisp,m,30-34,,0.01407,synthetic_seed
CA,2023,asian,non-hisp,m,35-39,,0.00954,synthetic_seed
CA,2023,asian,non-hisp,m,40-44,,0.01033,synthetic_seed
CA,2023,asian,non-hisp,m,45-49,,0.00569,synthetic_seed
CA,2023,asian,non-hisp,m,50-54,,0.00554,synthetic_seed
CA,2023,asian,non-hisp,m,55-59,,0.00303,synthetic_seed
CA,2023,asian,non-hisp,m,60-64,,0.00135,synthetic_seed
CA,2023,asian,non-hisp,m,65-69,,0.00268,synthetic_seed
CA,2023,asian,non-hisp,m,70-74,,0.00247,synthetic_seed
CA,2023,asian,non-hisp,m,75-79,,0.00366,synthetic_seed
CA,2023,asian,non-hisp,m,80-84,,0.00241,synthetic_seed
CA,2023,asian,non-hisp,m,85+,,0.00218,synthetic_seed
CA,2023,asian,non-hisp,f,0-4,,0.00262,synthetic_seed
CA,2023,asian,non-hisp,f,5-9,,0.0027,synthetic_seed
CA,2023,asian,non-hisp,f,10-14,,0.00199,synthetic_seed
CA,2023,asian,non-hisp,f,15-19,,0.00571,synthetic_seed
CA,2023,asian,non-hisp,f,20-24,,0.01054,synthetic_seed
CA,2023,asian,non-hisp,f,25-29,,0.0136,synthetic_seed
CA,2023,asian,non-hisp,f,30-34,,0.01238,synthetic_seed
CA,2023,asian,non-hisp,f,35-39,,0.01137,synthetic_seed
CA,2023,asian,non-hisp,f,40-44,,0.01261,synthetic_seed
CA,2023,asian,non-hisp,f,45-49,,0.00518,synthetic_seed
CA,2023,asian,non-hisp,f,50-54,,0.00468,synthetic_seed
CA,2023,asian,non-hisp,f,55-59,,0.0025,synthetic_seed
CA,2023,asian,non-hisp,f,60-64,,0.00237,synthetic_seed
CA,2023,asian,non-hisp,f,65-69,,0.00194,synthetic_seed
CA,2023,asian,non-hisp,f,70-74,,0.00295,synthetic_seed
CA,2023,asian,non-hisp,f,75-79,,0.00192,synthetic_seed
CA,2023,asian,non-hisp,f,80-84,,0.00201,synthetic_seed
CA,2023,asian,non-hisp,f,85+,,0.00236,synthetic_seed
CA,2023,asian,hisp,m,0-4,,0.00223,synthetic_seed
CA,2023,asian,hisp,m,5-9,,0.00348,synthetic_seed
CA,2023,asian,hisp,m,10-14,,0.0021,synthetic_seed
CA,2023,asian,hisp,m,15-19,,0.0054,synthetic_seed
CA,2023,asian,hisp,m,20-24,,0.01012,synthetic_seed
CA,2023,asian,hisp,m,25-29,,0.01061,synthetic_seed
CA,2023,asian,hisp,m,30-34,,0.01127,synthetic_seed
CA,2023,asian,hisp,m,35-39,,0.01227,synthetic_seed
CA,2023,asian,hisp,m,40-44,,0.01309,synthetic_seed
CA,2023,asian,hisp,m,45-49,,0.00536,synthetic_seed
CA,2023,asian,hisp,m,50-54,,0.00616,synthetic_seed
CA,2023,asian,hisp,m,55-59,,0.00213,synthetic_seed
CA,2023,asian,hisp,m,60-64,,0.00295,synthetic_seed
CA,2023,asian,hisp,m,65-69,,0.00236,synthetic_seed
CA,2023,asian,hisp,m,70-74,,0.00278,synthetic_seed
CA,2023,asian,hisp,m,75-79,,0.00217,synthetic_seed
CA,2023,asian,hisp,m,80-84,,0.00186,synthetic_seed
CA,2023,asian,hisp,m,85+,,0.0028,synthetic_seed
CA,2023,asian,hisp,f,0-4,,0.00227,synthetic_seed
CA,2023,asian,hisp,f,5-9,,0.00219,synthetic_seed
CA,2023,asian,hisp,f,10-14,,0.00281,synthetic_seed
CA,2023,asian,hisp,f,15-19,,0.00619,synthetic_seed
CA,2023,asian,hisp,f,20-24,,0.01116,synthetic_seed
CA,2023,asian,hisp,f,25-29,,0.01216,synthetic_seed
CA,2023,asian,hisp,f,30-34,,0.01018,synthetic_seed
CA,2023,asian,hisp,f,35-39,,0.01622,synthetic_seed
CA,2023,asian,hisp,f,40-44,,0.01206,synthetic_seed
CA,2023,asian,hisp,f,45-49,,0.00589,synthetic_seed
CA,2023,asian,hisp,f,50-54,,0.00718,synthetic_seed
CA,2023,asian,hisp,f,55-59,,0.00286,synthetic_seed
CA,2023,asian,hisp,f,60-64,,0.00268,synthetic_seed
CA,2023,asian,hisp,f,65-69,,0.00229,synthetic_seed
CA,2023,asian,hisp,f,70-74,,0.00234,synthetic_seed
CA,2023,asian,hisp,f,75-79,,0.00236,synthetic_seed
CA,2023,asian,hisp,f,80-84,,0.00249,synthetic_seed
CA,2023,asian,hisp,f,85+,,0.0029,synthetic_seed
CA,2023,other,non-hisp,m,0-4,,0.00263,synthetic_seed
CA,2023,other,non-hisp,m,5-9,,0.00279,synthetic_seed
CA,2023,other,non-hisp,m,10-14,,0.00207,synthetic_seed
CA,2023,other,non-hisp,m,15-19,,0.0056,synthetic_seed
CA,2023,other,non-hisp,m,20-24,,0.00984,synthetic_seed
CA,2023,other,non-hisp,m,25-29,,0.01428,synthetic_seed
CA,2023,other,non-hisp,m,30-34,,0.00911,synthetic_seed
CA,2023,other,non-hisp,m,35-39,,0.0126,synthetic_seed
CA,2023,other,non-hisp,m,40-44,,0.01249,synthetic_seed
CA,2023,other,non-hisp,m,45-49,,0.00568,synthetic_seed
CA,2023,other,non-hisp,m,50-54,,0.00651,synthetic_seed
CA,2023,other,non-hisp,m,55-59,,0.00251,synthetic_seed
CA,2023,other,non-hisp,m,60-64,,0.00197,synthetic_seed
CA,2023,other,non-hisp,m,65-69,,0.00245,synthetic_seed
CA,2023,other,non-hisp,m,70-74,,0.00249,synthetic_seed
CA,2023,other,non-hisp,m,75-79,,0.00215,synthetic_seed
CA,2023,other,non-hisp,m,80-84,,0.00267,synthetic_seed
CA,2023,other,non-hisp,m,85+,,0.00189,synthetic_seed
CA,2023,other,non-hisp,f,0-4,,0.00195,synthetic_seed
CA,2023,other,non-hisp,f,5-9,,0.00258,synthetic_seed
CA,2023,other,non-hisp,f,10-14,,0.0025,synthetic_seed
CA,2023,other,non-hisp,f,15-19,,0.00569,synthetic_seed
CA,2023,other,non-hisp,f,20-24,,0.01006,synthetic_seed
CA,2023,other,non-hisp,f,25-29,,0.01493,synthetic_seed
CA,2023,other,non-hisp,f,30-34,,0.01172,synthetic_seed
CA,2023,other,non-hisp,f,35-39,,0.00884,synthetic_seed
CA,2023,other,non-hisp,f,40-44,,0.01315,synthetic_seed
CA,2023,other,non-hisp,f,45-49,,0.00773,synthetic_seed
CA,2023,other,non-hisp,f,50-54,,0.00525,synthetic_seed
CA,2023,other,non-hisp,f,55-59,,0.00221,synthetic_seed
CA,2023,other,non-hisp,f,60-64,,0.00272,synthetic_seed
CA,2023,other,non-hisp,f,65-69,,0.00292,synthetic_seed
CA,2023,other,non-hisp,f,70-74,,0.00235,synthetic_seed
CA,2023,other,non-hisp,f,75-79,,0.00204,synthetic_seed
CA,2023,other,non-hisp,f,80-84,,0.0023,synthetic_seed
CA,2023,other,non-hisp,f,85+,,0.00254,synthetic_seed
CA,2023,other,hisp,m,0-4,,0.00243,synthetic_seed
CA,2023,other,hisp,m,5-9,,0.00262,synthetic_seed
CA,2023,other,hisp,m,10-14,,0.00234,synthetic_seed
CA,2023,other,hisp,m,15-19,,0.00643,synthetic_seed
CA,2023,other,hisp,m,20-24,,0.01012,synthetic_seed
CA,2023,other,hisp,m,25-29,,0.01064,synthetic_seed
CA,2023,other,hisp,m,30-34,,0.0101,synthetic_seed
CA,2023,other,hisp,m,35-39,,0.01313,synthetic_seed
CA,2023,other,hisp,m,40-44,,0.0142,synthetic_seed
CA,2023,other,hisp,m,45-49,,0.00611,synthetic_seed
CA,2023,other,hisp,m,50-54,,0.00629,synthetic_seed
CA,2023,other,hisp,m,55-59,,0.00235,synthetic_seed
CA,2023,other,hisp,m,60-64,,0.0023,synthetic_seed
CA,2023,other,hisp,m,65-69,,0.00241,synthetic_seed
CA,2023,other,hisp,m,70-74,,0.00261,synthetic_seed
CA,2023,other,hisp,m,75-79,,0.00249,synthetic_seed
CA,2023,other,hisp,m,80-84,,0.00264,synthetic_seed
CA,2023,other,hisp,m,85+,,0.00235,synthetic_seed
CA,2023,other,hisp,f,0-4,,0.00237,synthetic_seed
CA,2023,other,hisp,f,5-9,,0.00248,synthetic_seed
CA,2023,other,hisp,f,10-14,,0.0027,synthetic_seed
CA,2023,other,hisp,f,15-19,,0.00589,synthetic_seed
CA,2023,other,hisp,f,20-24,,0.01317,synthetic_seed
CA,2023,other,hisp,f,25-29,,0.00886,synthetic_seed
CA,2023,other,hisp,f,30-34,,0.01126,synthetic_seed
CA,2023,other,hisp,f,35-39,,0.01329,synthetic_seed
CA,2023,other,hisp,f,40-44,,0.01547,synthetic_seed
CA,2023,other,hisp,f,45-49,,0.00598,synthetic_seed
CA,2023,other,hisp,f,50-54,,0.00552,synthetic_seed
CA,2023,other,hisp,f,55-59,,0.00257,synthetic_seed
CA,2023,other,hisp,f,60-64,,0.00229,synthetic_seed
CA,2023,other,hisp,f,65-69,,0.00236,synthetic_seed
CA,2023,other,hisp,f,70-74,,0.00177,synthetic_seed
CA,2023,other,hisp,f,75-79,,0.00188,synthetic_seed
CA,2023,other,hisp,f,80-84,,0.00246,synthetic_seed
CA,2023,other,hisp,f,85+,,0.00306,synthetic_seed
CO,2023,white,non-hisp,m,0-4,,0.00443,synthetic_seed
CO,2023,white,non-hisp,m,5-9,,0.00464,synthetic_seed
CO,2023,white,non-hisp,m,10-14,,0.00414,synthetic_seed
CO,2023,white,non-hisp,m,15-19,,0.00839,synthetic_seed
CO,2023,white,non-hisp,m,20-24,,0.02184,synthetic_seed
CO,2023,white,non-hisp,m,25-29,,0.01582,synthetic_seed
CO,2023,white,non-hisp,m,30-34,,0.01513,synthetic_seed
CO,2023,white,non-hisp,m,35-39,,0.01606,synthetic_seed
CO,2023,white,non-hisp,m,40-44,,0.02506,synthetic_seed
CO,2023,white,non-hisp,m,45-49,,0.01084,synthetic_seed
CO,2023,white,non-hisp,m,50-54,,0.00901,synthetic_seed
CO,2023,white,non-hisp,m,55-59,,0.00346,synthetic_seed
CO,2023,white,non-hisp,m,60-64,,0.00355,synthetic_seed
CO,2023,white,non-hisp,m,65-69,,0.00391,synthetic_seed
CO,2023,white,non-hisp,m,70-74,,0.00365,synthetic_seed
CO,2023,white,non-hisp,m,75-79,,0.00392,synthetic_seed
CO,2023,white,non-hisp,m,80-84,,0.00388,synthetic_seed
CO,2023,white,non-hisp,m,85+,,0.0029,synthetic_seed
CO,2023,white,non-hisp,f,0-4,,0.00417,synthetic_seed
CO,2023,white,non-hisp,f,5-9,,0.00426,synthetic_seed
CO,2023,white,non-hisp,f,10-14,,0.00298,synthetic_seed
CO,2023,white,non-hisp,f,15-19,,0.0061,synthetic_seed
CO,2023,white,non-hisp,f,20-24,,0.02778,synthetic_seed
CO,2023,white,non-hisp,f,25-29,,0.01993,synthetic_seed
CO,2023,white,non-hisp,f,30-34,,0.02262,synthetic_seed
CO,2023,white,non-hisp,f,35-39,,0.01811,synthetic_seed
CO,2023,white,non-hisp,f,40-44,,0.01617,synthetic_seed
CO,2023,white,non-hisp,f,45-49,,0.0087,synthetic_seed
CO,2023,white,non-hisp,f,50-54,,0.01034,synthetic_seed
CO,2023,white,non-hisp,f,55-59,,0.00479,synthetic_seed
CO,2023,white,non-hisp,f,60-64,,0.00398,synthetic_seed
CO,2023,white,non-hisp,f,65-69,,0.00401,synthetic_seed
CO,2023,white,non-hisp,f,70-74,,0.00444,synthetic_seed
CO,2023,white,non-hisp,f,75-79,,0.00365,synthetic_seed
CO,2023,white,non-hisp,f,80-84,,0.00373,synthetic_seed
CO,2023,white,non-hisp,f,85+,,0.0038,synthetic_seed
CO,2023,white,hisp,m,0-4,,0.00442,synthetic_seed
CO,2023,white,hisp,m,5-9,,0.00423,synthetic_seed
CO,2023,white,hisp,m,10-14,,0.00424,synthetic_seed
CO,2023,white,hisp,m,15-19,,0.00974,synthetic_seed
CO,2023,white,hisp,m,20-24,,0.02373,synthetic_seed
CO,2023,white,hisp,m,25-29,,0.023,synthetic_seed
CO,2023,white,hisp,m,30-34,,0.0188,synthetic_seed
CO,2023,white,hisp,m,35-39,,0.01783,synthetic_seed
CO,2023,white,hisp,m,40-44,,0.01919,synthetic_seed
CO,2023,white,hisp,m,45-49,,0.01082,synthetic_seed
CO,2023,white,hisp,m,50-54,,0.01082,synthetic_seed
CO,2023,white,hisp,m,55-59,,0.00492,synthetic_seed
CO,2023,white,hisp,m,60-64,,0.00476,synthetic_seed
CO,2023,white,hisp,m,65-69,,0.00345,synthetic_seed
CO,2023,white,hisp,m,70-74,,0.00434,synthetic_seed
CO,2023,white,hisp,m,75-79,,0.00455,synthetic_seed
CO,2023,white,hisp,m,80-84,,0.0045,synthetic_seed
CO,2023,white,hisp,m,85+,,0.00405,synthetic_seed
CO,2023,white,hisp,f,0-4,,0.00427,synthetic_seed
CO,2023,white,hisp,f,5-9,,0.00279,synthetic_seed
CO,2023,white,hisp,f,10-14,,0.00408,synthetic_seed
CO,2023,white,hisp,f,15-19,,0.0089,synthetic_seed
CO,2023,white,hisp,f,20-24,,0.01617,synthetic_seed
CO,2023,white,hisp,f,25-29,,0.02016,synthetic_seed
CO,2023,white,hisp,f,30-34,,0.02081,synthetic_seed
CO,2023,white,hisp,f,35-39,,0.01942,synthetic_seed
CO,2023,white,hisp,f,40-44,,0.01542,synthetic_seed
CO,2023,white,hisp,f,45-49,,0.0105,synthetic_seed
CO,2023,white,hisp,f,50-54,,0.00742,synthetic_seed
CO,2023,white,hisp,f,55-59,,0.0031,synthetic_seed
CO,2023,white,hisp,f,60-64,,0.00379,synthetic_seed
CO,2023,white,hisp,f,65-69,,0.00432,synthetic_seed
CO,2023,white,hisp,f,70-74,,0.00421,synthetic_seed
CO,2023,white,hisp,f,75-79,,0.00397,synthetic_seed
CO,2023,white,hisp,f,80-84,,0.00332,synthetic_seed
CO,2023,white,hisp,f,85+,,0.00375,synthetic_seed
CO,2023,black,non-hisp,m,0-4,,0.0043,synthetic_seed
CO,2023,black,non-hisp,m,5-9,,0.00434,synthetic_seed
CO,2023,black,non-hisp,m,10-14,,0.00384,synthetic_seed
CO,2023,black,non-hisp,m,15-19,,0.0101,synthetic_seed
CO,2023,black,non-hisp,m,20-24,,0.0189,synthetic_seed
CO,2023,black,non-hisp,m,25-29,,0.02222,synthetic_seed
CO,2023,black,non-hisp,m,30-34,,0.01434,synthetic_seed
CO,2023,black,non-hisp,m,35-39,,0.02004,synthetic_seed
CO,2023,black,non-hisp,m,40-44,,0.01977,synthetic_seed
CO,2023,black,non-hisp,m,45-49,,0.01078,synthetic_seed
CO,2023,black,non-hisp,m,50-54,,0.01037,synthetic_seed
CO,2023,black,non-hisp,m,55-59,,0.0039,synthetic_seed
CO,2023,black,non-hisp,m,60-64,,0.00411,synthetic_seed
CO,2023,black,non-hisp,m,65-69,,0.00436,synthetic_seed
CO,2023,black,non-hisp,m,70-74,,0.00441,synthetic_seed
CO,2023,black,non-hisp,m,75-79,,0.00459,synthetic_seed
CO,2023,black,non-hisp,m,80-84,,0.00454,synthetic_seed
CO,2023,black,non-hisp,m,85+,,0.00358,synthetic_seed
CO,2023,black,non-hisp,f,0-4,,0.00432,synthetic_seed
CO,2023,black,non-hisp,f,5-9,,0.0035,synthetic_seed
CO,2023,black,non-hisp,f,10-14,,0.00437,synthetic_seed
CO,2023,black,non-hisp,f,15-19,,0.00953,synthetic_seed
CO,2023,black,non-hisp,f,20-24,,0.01717,synthetic_seed
CO,2023,black,non-hisp,f,25-29,,0.02301,synthetic_seed
CO,2023,black,non-hisp,f,30-34,,0.01896,synthetic_seed
CO,2023,black,non-hisp,f,35-39,,0.02784,synthetic_seed
CO,2023,black,non-hisp,f,40-44,,0.01892,synthetic_seed
CO,2023,black,non-hisp,f,45-49,,0.01222,synthetic_seed
CO,2023,black,non-hisp,f,50-54,,0.0121,synthetic_seed
CO,2023,black,non-hisp,f,55-59,,0.00502,synthetic_seed
CO,2023,black,non-hisp,f,60-64,,0.00359,synthetic_seed
CO,2023,black,non-hisp,f,65-69,,0.00424,synthetic_seed
CO,2023,black,non-hisp,f,70-74,,0.00388,synthetic_seed
CO,2023,black,non-hisp,f,75-79,,0.00369,synthetic_seed
CO,2023,black,non-hisp,f,80-84,,0.00339,synthetic_seed
CO,2023,black,non-hisp,f,85+,,0.00406,synthetic_seed
CO,2023,black,hisp,m,0-4,,0.00437,synthetic_seed
CO,2023,black,hisp,m,5-9,,0.00349,synthetic_seed
CO,2023,black,hisp,m,10-14,,0.0033,synthetic_seed
CO,2023,black,hisp,m,15-19,,0.00858,synthetic_seed
CO,2023,black,hisp,m,20-24,,0.02227,synthetic_seed
CO,2023,black,hisp,m,25-29,,0.01995,synthetic_seed
CO,2023,black,hisp,m,30-34,,0.01958,synthetic_seed
CO,2023,black,hisp,m,35-39,,0.01978,synthetic_seed
CO,2023,black,hisp,m,40-44,,0.01378,synthetic_seed
CO,2023,black,hisp,m,45-49,,0.01069,synthetic_seed
CO,2023,black,hisp,m,50-54,,0.0097,synthetic_seed
CO,2023,black,hisp,m,55-59,,0.00343,synthetic_seed
CO,2023,black,hisp,m,60-64,,0.00277,synthetic_seed
CO,2023,black,hisp,m,65-69,,0.00469,synthetic_seed
CO,2023,black,hisp,m,70-74,,0.00388,synthetic_seed
CO,2023,black,hisp,m,75-79,,0.00333,synthetic_seed
CO,2023,black,hisp,m,80-84,,0.00384,synthetic_seed
CO,2023,black,hisp,m,85+,,0.00439,synthetic_seed
CO,2023,black,hisp,f,0-4,,0.00425,synthetic_seed
CO,2023,black,hisp,f,5-9,,0.00437,synthetic_seed
CO,2023,black,hisp,f,10-14,,0.00345,synthetic_seed
CO,2023,black,hisp,f,15-19,,0.01201,synthetic_seed
CO,2023,black,hisp,f,20-24,,0.01796,synthetic_seed
CO,2023,black,hisp,f,25-29,,0.02005,synthetic_seed
CO,2023,black,hisp,f,30-34,,0.02383,synthetic_seed
CO,2023,black,hisp,f,35-39,,0.01761,synthetic_seed
CO,2023,black,hisp,f,40-44,,0.02246,synthetic_seed
CO,2023,black,hisp,f,45-49,,0.01004,synthetic_seed
CO,2023,black,hisp,f,50-54,,0.00954,synthetic_seed
CO,2023,black,hisp,f,55-59,,0.0033,synthetic_seed
CO,2023,black,hisp,f,60-64,,0.00395,synthetic_seed
CO,2023,black,hisp,f,65-69,,0.00316,synthetic_seed
CO,2023,black,hisp,f,70-74,,0.00394,synthetic_seed
CO,2023,black,hisp,f,75-79,,0.00503,synthetic_seed
CO,2023,black,hisp,f,80-84,,0.00341,synthetic_seed
CO,2023,black,hisp,f,85+,,0.00276,synthetic_seed
CO,2023,asian,non-hisp,m,0-4,,0.0047,synthetic_seed
CO,2023,asian,non-hisp,m,5-9,,0.00315,synthetic_seed
CO,2023,asian,non-hisp,m,10-14,,0.00395,synthetic_seed
CO,2023,asian,non-hisp,m,15-19,,0.0096,synthetic_seed
CO,2023,asian,non-hisp,m,20-24,,0.01566,synthetic_seed
CO,2023,asian,non-hisp,m,25-29,,0.02314,synthetic_seed
CO,2023,asian,non-hisp,m,30-34,,0.01823,synthetic_seed
CO,2023,asian,non-hisp,m,35-39,,0.02279,synthetic_seed
CO,2023,asian,non-hisp,m,40-44,,0.01923,synthetic_seed
CO,2023,asian,non-hisp,m,45-49,,0.00891,synthetic_seed
CO,2023,asian,non-hisp,m,50-54,,0.00873,synthetic_seed
CO,2023,asian,non-hisp,m,55-59,,0.00331,synthetic_seed
CO,2023,asian,non-hisp,m,60-64,,0.00369,synthetic_seed
CO,2023,asian,non-hisp,m,65-69,,0.00352,synthetic_seed
CO,2023,asian,non-hisp,m,70-74,,0.00333,synthetic_seed
CO,2023,asian,non-hisp,m,75-79,,0.00351,synthetic_seed
CO,2023,asian,non-hisp,m,80-84,,0.0043,synthetic_seed
CO,2023,asian,non-hisp,m,85+,,0.00358,synthetic_seed
CO,2023,asian,non-hisp,f,0-4,,0.00296,synthetic_seed
CO,2023,asian,non-hisp,f,5-9,,0.00435,synthetic_seed
CO,2023,asian,non-hisp,f,10-14,,0.00447,synthetic_seed
CO,2023,asian,non-hisp,f,15-19,,0.01105,synthetic_seed
CO,2023,asian,non-hisp,f,20-24,,0.0222,synthetic_seed
CO,2023,asian,non-hisp,f,25-29,,0.0237,synthetic_seed
CO,2023,asian,non-hisp,f,30-34,,0.02464,synthetic_seed
CO,2023,asian,non-hisp,f,35-39,,0.0221,synthetic_seed
CO,2023,asian,non-hisp,f,40-44,,0.02366,synthetic_seed
CO,2023,asian,non-hisp,f,45-49,,0.01072,synthetic_seed
CO,2023,asian,non-hisp,f,50-54,,0.01226,synthetic_seed
CO,2023,asian,non-hisp,f,55-59,,0.00467,synthetic_seed
CO,2023,asian,non-hisp,f,60-64,,0.00357,synthetic_seed
CO,2023,asian,non-hisp,f,65-69,,0.00366,synthetic_seed
CO,2023,asian,non-hisp,f,70-74,,0.00444,synthetic_seed
CO,2023,asian,non-hisp,f,75-79,,0.00357,synthetic_seed
CO,2023,asian,non-hisp,f,80-84,,0.00439,synthetic_seed
CO,2023,asian,non-hisp,f,85+,,0.00482,synthetic_seed
CO,2023,asian,hisp,m,0-4,,0.00488,synthetic_seed
CO,2023,asian,hisp,m,5-9,,0.00397,synthetic_seed
CO,2023,asian,hisp,m,10-14,,0.00225,synthetic_seed
CO,2023,asian,hisp,m,15-19,,0.01333,synthetic_seed
CO,2023,asian,hisp,m,20-24,,0.01614,synthetic_seed
CO,2023,asian,hisp,m,25-29,,0.01665,synthetic_seed
CO,2023,asian,hisp,m,30-34,,0.02263,synthetic_seed
CO,2023,asian,hisp,m,35-39,,0.01937,synthetic_seed
CO,2023,asian,hisp,m,40-44,,0.01782,synthetic_seed
CO,2023,asian,hisp,m,45-49,,0.00867,synthetic_seed
CO,2023,asian,hisp,m,50-54,,0.0104,synthetic_seed
CO,2023,asian,hisp,m,55-59,,0.00338,synthetic_seed
CO,2023,asian,hisp,m,60-64,,0.00377,synthetic_seed
CO,2023,asian,hisp,m,65-69,,0.00434,synthetic_seed
CO,2023,asian,hisp,m,70-74,,0.00527,synthetic_seed
CO,2023,asian,hisp,m,75-79,,0.00389,synthetic_seed
CO,2023,asian,hisp,m,80-84,,0.00352,synthetic_seed
CO,2023,asian,hisp,m,85+,,0.00415,synthetic_seed
CO,2023,asian,hisp,f,0-4,,0.00383,synthetic_seed
CO,2023,asian,hisp,f,5-9,,0.00422,synthetic_seed
CO,2023,asian,hisp,f,10-14,,0.00348,synthetic_seed
CO,2023,asian,hisp,f,15-19,,0.01037,synthetic_seed
CO,2023,asian,hisp,f,20-24,,0.02225,synthetic_seed
CO,2023,asian,hisp,f,25-29,,0.01983,synthetic_seed
CO,2023,asian,hisp,f,30-34,,0.02028,synthetic_seed
CO,2023,asian,hisp,f,35-39,,0.02162,synthetic_seed
CO,2023,asian,hisp,f,40-44,,0.01928,synthetic_seed
CO,2023,asian,hisp,f,45-49,,0.00735,synthetic_seed
CO,2023,asian,hisp,f,50-54,,0.00943,synthetic_seed
CO,2023,asian,hisp,f,55-59,,0.00333,synthetic_seed
CO,2023,asian,hisp,f,60-64,,0.0027,synthetic_seed
CO,2023,asian,hisp,f,65-69,,0.00322,synthetic_seed
CO,2023,asian,hisp,f,70-74,,0.00454,synthetic_seed
CO,2023,asian,hisp,f,75-79,,0.00299,synthetic_seed
CO,2023,asian,hisp,f,80-84,,0.00374,synthetic_seed
CO,2023,asian,hisp,f,85+,,0.0044,synthetic_seed
CO,2023,other,non-hisp,m,0-4,,0.00335,synthetic_seed
CO,2023,other,non-hisp,m,5-9,,0.00456,synthetic_seed
CO,2023,other,non-hisp,m,10-14,,0.00393,synthetic_seed
CO,2023,other,non-hisp,m,15-19,,0.00969,synthetic_seed
CO,2023,other,non-hisp,m,20-24,,0.01955,synthetic_seed
CO,2023,other,non-hisp,m,25-29,,0.01711,synthetic_seed
CO,2023,other,non-hisp,m,30-34,,0.02322,synthetic_seed
CO,2023,other,non-hisp,m,35-39,,0.01919,synthetic_seed
CO,2023,other,non-hisp,m,40-44,,0.01846,synthetic_seed
CO,2023,other,non-hisp,m,45-49,,0.00866,synthetic_seed
CO,2023,other,non-hisp,m,50-54,,0.00919,synthetic_seed
CO,2023,other,non-hisp,m,55-59,,0.00399,synthetic_seed
CO,2023,other,non-hisp,m,60-64,,0.00381,synthetic_seed
CO,2023,other,non-hisp,m,65-69,,0.00404,synthetic_seed
CO,2023,other,non-hisp,m,70-74,,0.00441,synthetic_seed
CO,2023,other,non-hisp,m,75-79,,0.00541,synthetic_seed
CO,2023,other,non-hisp,m,80-84,,0.00428,synthetic_seed
CO,2023,other,non-hisp,m,85+,,0.00454,synthetic_seed
CO,2023,other,non-hisp,f,0-4,,0.00479,synthetic_seed
CO,2023,other,non-hisp,f,5-9,,0.00421,synthetic_seed
CO,2023,other,non-hisp,f,10-14,,0.00432,synthetic_seed
CO,2023,other,non-hisp,f,15-19,,0.00981,synthetic_seed
CO,2023,other,non-hisp,f,20-24,,0.01537,synthetic_seed
CO,2023,other,non-hisp,f,25-29,,0.02161,synthetic_seed
CO,2023,other,non-hisp,f,30-34,,0.01956,synthetic_seed
CO,2023,other,non-hisp,f,35-39,,0.02231,synthetic_seed
CO,2023,other,non-hisp,f,40-44,,0.0182,synthetic_seed
CO,2023,other,non-hisp,f,45-49,,0.00799,synthetic_seed
CO,2023,other,non-hisp,f,50-54,,0.00721,synthetic_seed
CO,2023,other,non-hisp,f,55-59,,0.00311,synthetic_seed
CO,2023,other,non-hisp,f,60-64,,0.00407,synthetic_seed
CO,2023,other,non-hisp,f,65-69,,0.00352,synthetic_seed
CO,2023,other,non-hisp,f,70-74,,0.00412,synthetic_seed
CO,2023,other,non-hisp,f,75-79,,0.00489,synthetic_seed
CO,2023,other,non-hisp,f,80-84,,0.0029,synthetic_seed
CO,2023,other,non-hisp,f,85+,,0.00401,synthetic_seed
CO,2023,other,hisp,m,0-4,,0.0037,synthetic_seed
CO,2023,other,hisp,m,5-9,,0.00469,synthetic_seed
CO,2023,other,hisp,m,10-14,,0.00413,synthetic_seed
CO,2023,other,hisp,m,15-19,,0.0064,synthetic_seed
CO,2023,other,hisp,m,20-24,,0.01223,synthetic_seed
CO,2023,other,hisp,m,25-29,,0.01437,synthetic_seed
CO,2023,other,hisp,m,30-34,,0.01866,synthetic_seed
CO,2023,other,hisp,m,35-39,,0.02233,synthetic_seed
CO,2023,other,hisp,m,40-44,,0.01951,synthetic_seed
CO,2023,other,hisp,m,45-49,,0.0095,synthetic_seed
CO,2023,other,hisp,m,50-54,,0.01151,synthetic_seed
CO,2023,other,hisp,m,55-59,,0.00457,synthetic_seed
CO,2023,other,hisp,m,60-64,,0.00443,synthetic_seed
CO,2023,other,hisp,m,65-69,,0.00355,synthetic_seed
CO,2023,other,hisp,m,70-74,,0.0035,synthetic_seed
CO,2023,other,hisp,m,75-79,,0.00373,synthetic_seed
CO,2023,other,hisp,m,80-84,,0.00414,synthetic_seed
CO,2023,other,hisp,m,85+,,0.00373,synthetic_seed
CO,2023,other,hisp,f,0-4,,0.00453,synthetic_seed
CO,2023,other,hisp,f,5-9,,0.0054,synthetic_seed
CO,2023,other,hisp,f,10-14,,0.00389,synthetic_seed
CO,2023,other,hisp,f,15-19,,0.00911,synthetic_seed
CO,2023,other,hisp,f,20-24,,0.02053,synthetic_seed
CO,2023,other,hisp,f,25-29,,0.0171,synthetic_seed
CO,2023,other,hisp,f,30-34,,0.02084,synthetic_seed
CO,2023,other,hisp,f,35-39,,0.01927,synthetic_seed
CO,2023,other,hisp,f,40-44,,0.02138,synthetic_seed
CO,2023,other,hisp,f,45-49,,0.00993,synthetic_seed
CO,2023,other,hisp,f,50-54,,0.01258,synthetic_seed
CO,2023,other,hisp,f,55-59,,0.00466,synthetic_seed
CO,2023,other,hisp,f,60-64,,0.00378,synthetic_seed
CO,2023,other,hisp,f,65-69,,0.00279,synthetic_seed
CO,2023,other,hisp,f,70-74,,0.00357,synthetic_seed
CO,2023,other,hisp,f,75-79,,0.0045,synthetic_seed
CO,2023,other,hisp,f,80-84,,0.00485,synthetic_seed
CO,2023,other,hisp,f,85+,,0.00331,synthetic_seed
CT,2023,white,non-hisp,m,0-4,,0.00133,synthetic_seed
CT,2023,white,non-hisp,m,5-9,,0.00111,synthetic_seed
CT,2023,white,non-hisp,m,10-14,,0.00146,synthetic_seed
CT,2023,white,non-hisp,m,15-19,,0.00278,synthetic_seed
CT,2023,white,non-hisp,m,20-24,,0.00538,synthetic_seed
CT,2023,white,non-hisp,m,25-29,,0.00754,synthetic_seed
CT,2023,white,non-hisp,m,30-34,,0.00732,synthetic_seed
CT,2023,white,non-hisp,m,35-39,,0.00568,synthetic_seed
CT,2023,white,non-hisp,m,40-44,,0.00774,synthetic_seed
CT,2023,white,non-hisp,m,45-49,,0.00243,synthetic_seed
CT,2023,white,non-hisp,m,50-54,,0.00283,synthetic_seed
CT,2023,white,non-hisp,m,55-59,,0.00123,synthetic_seed
CT,2023,white,non-hisp,m,60-64,,0.00131,synthetic_seed
CT,2023,white,non-hisp,m,65-69,,0.00121,synthetic_seed
CT,2023,white,non-hisp,m,70-74,,0.00126,synthetic_seed
CT,2023,white,non-hisp,m,75-79,,0.001,synthetic_seed
CT,2023,white,non-hisp,m,80-84,,0.00098,synthetic_seed
CT,2023,white,non-hisp,m,85+,,0.00105,synthetic_seed
CT,2023,white,non-hisp,f,0-4,,0.00099,synthetic_seed
CT,2023,white,non-hisp,f,5-9,,0.00126,synthetic_seed
CT,2023,white,non-hisp,f,10-14,,0.00108,synthetic_seed
CT,2023,white,non-hisp,f,15-19,,0.00365,synthetic_seed
CT,2023,white,non-hisp,f,20-24,,0.00576,synthetic_seed
CT,2023,white,non-hisp,f,25-29,,0.00326,synthetic_seed
CT,2023,white,non-hisp,f,30-34,,0.00612,synthetic_seed
CT,2023,white,non-hisp,f,35-39,,0.00632,synthetic_seed
CT,2023,white,non-hisp,f,40-44,,0.00694,synthetic_seed
CT,2023,white,non-hisp,f,45-49,,0.00282,synthetic_seed
CT,2023,white,non-hisp,f,50-54,,0.00289,synthetic_seed
CT,2023,white,non-hisp,f,55-59,,0.00156,synthetic_seed
CT,2023,white,non-hisp,f,60-64,,0.00096,synthetic_seed
CT,2023,white,non-hisp,f,65-69,,0.0011,synthetic_seed
CT,2023,white,non-hisp,f,70-74,,0.00116,synthetic_seed
CT,2023,white,non-hisp,f,75-79,,0.00134,synthetic_seed
CT,2023,white,non-hisp,f,80-84,,0.00105,synthetic_seed
CT,2023,white,non-hisp,f,85+,,0.00102,synthetic_seed
CT,2023,white,hisp,m,0-4,,0.00136,synthetic_seed
CT,2023,white,hisp,m,5-9,,0.00141,synthetic_seed
CT,2023,white,hisp,m,10-14,,0.00086,synthetic_seed
CT,2023,white,hisp,m,15-19,,0.00393,synthetic_seed
CT,2023,white,hisp,m,20-24,,0.00579,synthetic_seed
CT,2023,white,hisp,m,25-29,,0.00545,synthetic_seed
CT,2023,white,hisp,m,30-34,,0.00721,synthetic_seed
CT,2023,white,hisp,m,35-39,,0.00592,synthetic_seed
CT,2023,white,hisp,m,40-44,,0.00759,synthetic_seed
CT,2023,white,hisp,m,45-49,,0.00282,synthetic_seed
CT,2023,white,hisp,m,50-54,,0.0027,synthetic_seed
CT,2023,white,hisp,m,55-59,,0.0013,synthetic_seed
CT,2023,white,hisp,m,60-64,,0.00117,synthetic_seed
CT,2023,white,hisp,m,65-69,,0.00135,synthetic_seed
CT,2023,white,hisp,m,70-74,,0.00118,synthetic_seed
CT,2023,white,hisp,m,75-79,,0.00111,synthetic_seed
CT,2023,white,hisp,m,80-84,,0.00112,synthetic_seed
CT,2023,white,hisp,m,85+,,0.00129,synthetic_seed
CT,2023,white,hisp,f,0-4,,0.00088,synthetic_seed
CT,2023,white,hisp,f,5-9,,0.00117,synthetic_seed
CT,2023,white,hisp,f,10-14,,0.0012,synthetic_seed
CT,2023,white,hisp,f,15-19,,0.00223,synthetic_seed
CT,2023,white,hisp,f,20-24,,0.00627,synthetic_seed
CT,2023,white,hisp,f,25-29,,0.00461,synthetic_seed
CT,2023,white,hisp,f,30-34,,0.00595,synthetic_seed
CT,2023,white,hisp,f,35-39,,0.00516,synthetic_seed
CT,2023,white,hisp,f,40-44,,0.00696,synthetic_seed
CT,2023,white,hisp,f,45-49,,0.00288,synthetic_seed
CT,2023,white,hisp,f,50-54,,0.00324,synthetic_seed
CT,2023,white,hisp,f,55-59,,0.0011,synthetic_seed
CT,2023,white,hisp,f,60-64,,0.00138,synthetic_seed
CT,2023,white,hisp,f,65-69,,0.00126,synthetic_seed
CT,2023,white,hisp,f,70-74,,0.00098,synthetic_seed
CT,2023,white,hisp,f,75-79,,0.00156,synthetic_seed
CT,2023,white,hisp,f,80-84,,0.00114,synthetic_seed
CT,2023,white,hisp,f,85+,,0.0009,synthetic_seed
CT,2023,black,non-hisp,m,0-4,,0.00129,synthetic_seed
CT,2023,black,non-hisp,m,5-9,,0.00126,synthetic_seed
CT,2023,black,non-hisp,m,10-14,,0.00122,synthetic_seed
CT,2023,black,non-hisp,m,15-19,,0.00278,synthetic_seed
CT,2023,black,non-hisp,m,20-24,,0.00597,synthetic_seed
CT,2023,black,non-hisp,m,25-29,,0.00614,synthetic_seed
CT,2023,black,non-hisp,m,30-34,,0.00625,synthetic_seed
CT,2023,black,non-hisp,m,35-39,,0.00608,synthetic_seed
CT,2023,black,non-hisp,m,40-44,,0.00617,synthetic_seed
CT,2023,black,non-hisp,m,45-49,,0.00257,synthetic_seed
CT,2023,black,non-hisp,m,50-54,,0.00349,synthetic_seed
CT,2023,black,non-hisp,m,55-59,,0.00131,synthetic_seed
CT,2023,black,non-hisp,m,60-64,,0.00119,synthetic_seed
CT,2023,black,non-hisp,m,65-69,,0.00066,synthetic_seed
CT,2023,black,non-hisp,m,70-74,,0.00119,synthetic_seed
CT,2023,black,non-hisp,m,75-79,,0.0012,synthetic_seed
CT,2023,black,non-hisp,m,80-84,,0.00137,synthetic_seed
CT,2023,black,non-hisp,m,85+,,0.00116,synthetic_seed
CT,2023,black,non-hisp,f,0-4,,0.00104,synthetic_seed
CT,2023,black,non-hisp,f,5-9,,0.0011,synthetic_seed
CT,2023,black,non-hisp,f,10-14,,0.00167,synthetic_seed
CT,2023,black,non-hisp,f,15-19,,0.00328,synthetic_seed
CT,2023,black,non-hisp,f,20-24,,0.00348,synthetic_seed
CT,2023,black,non-hisp,f,25-29,,0.00678,synthetic_seed
CT,2023,black,non-hisp,f,30-34,,0.00738,synthetic_seed
CT,2023,black,non-hisp,f,35-39,,0.00566,synthetic_seed
CT,2023,black,non-hisp,f,40-44,,0.00716,synthetic_seed
CT,2023,black,non-hisp,f,45-49,,0.00297,synthetic_seed
CT,2023,black,non-hisp,f,50-54,,0.00286,synthetic_seed
CT,2023,black,non-hisp,f,55-59,,0.0013,synthetic_seed
CT,2023,black,non-hisp,f,60-64,,0.00122,synthetic_seed
CT,2023,black,non-hisp,f,65-69,,0.00149,synthetic_seed
CT,2023,black,non-hisp,f,70-74,,0.00095,synthetic_seed
CT,2023,black,non-hisp,f,75-79,,0.00125,synthetic_seed
CT,2023,black,non-hisp,f,80-84,,0.00138,synthetic_seed
CT,2023,black,non-hisp,f,85+,,0.00161,synthetic_seed
CT,2023,black,hisp,m,0-4,,0.00121,synthetic_seed
CT,2023,black,hisp,m,5-9,,0.00105,synthetic_seed
CT,2023,black,hisp,m,10-14,,0.0012,synthetic_seed
CT,2023,black,hisp,m,15-19,,0.00292,synthetic_seed
CT,2023,black,hisp,m,20-24,,0.006,synthetic_seed
CT,2023,black,hisp,m,25-29,,0.00639,synthetic_seed
CT,2023,black,hisp,m,30-34,,0.00648,synthetic_seed
CT,2023,black,hisp,m,35-39,,0.00643,synthetic_seed
CT,2023,black,hisp,m,40-44,,0.00691,synthetic_seed
CT,2023,black,hisp,m,45-49,,0.00299,synthetic_seed
CT,2023,black,hisp,m,50-54,,0.00377,synthetic_seed
CT,2023,black,hisp,m,55-59,,0.00128,synthetic_seed
CT,2023,black,hisp,m,60-64,,0.00124,synthetic_seed
CT,2023,black,hisp,m,65-69,,0.00096,synthetic_seed
CT,2023,black,hisp,m,70-74,,0.0013,synthetic_seed
CT,2023,black,hisp,m,75-79,,0.00108,synthetic_seed
CT,2023,black,hisp,m,80-84,,0.00109,synthetic_seed
CT,2023,black,hisp,m,85+,,0.00122,synthetic_seed
CT,2023,black,hisp,f,0-4,,0.00109,synthetic_seed
CT,2023,black,hisp,f,5-9,,0.00111,synthetic_seed
CT,2023,black,hisp,f,10-14,,0.00136,synthetic_seed
CT,2023,black,hisp,f,15-19,,0.00327,synthetic_seed
CT,2023,black,hisp,f,20-24,,0.0063,synthetic_seed
CT,2023,black,hisp,f,25-29,,0.00648,synthetic_seed
CT,2023,black,hisp,f,30-34,,0.00986,synthetic_seed
CT,2023,black,hisp,f,35-39,,0.00658,synthetic_seed
CT,2023,black,hisp,f,40-44,,0.00531,synthetic_seed
CT,2023,black,hisp,f,45-49,,0.0026,synthetic_seed
CT,2023,black,hisp,f,50-54,,0.0036,synthetic_seed
CT,2023,black,hisp,f,55-59,,0.00125,synthetic_seed
CT,2023,black,hisp,f,60-64,,0.00129,synthetic_seed
CT,2023,black,hisp,f,65-69,,0.00123,synthetic_seed
CT,2023,black,hisp,f,70-74,,0.00127,synthetic_seed
CT,2023,black,hisp,f,75-79,,0.00114,synthetic_seed
CT,2023,black,hisp,f,80-84,,0.0012,synthetic_seed
CT,2023,black,hisp,f,85+,,0.00123,synthetic_seed
CT,2023,asian,non-hisp,m,0-4,,0.00111,synthetic_seed
CT,2023,asian,non-hisp,m,5-9,,0.0011,synthetic_seed
CT,2023,asian,non-hisp,m,10-14,,0.0012,synthetic_seed
CT,2023,asian,non-hisp,m,15-19,,0.00322,synthetic_seed
CT,2023,asian,non-hisp,m,20-24,,0.00616,synthetic_seed
CT,2023,asian,non-hisp,m,25-29,,0.00525,synthetic_seed
CT,2023,asian,non-hisp,m,30-34,,0.00698,synthetic_seed
CT,2023,asian,non-hisp,m,35-39,,0.00672,synthetic_seed
CT,2023,asian,non-hisp,m,40-44,,0.00657,synthetic_seed
CT,2023,asian,non-hisp,m,45-49,,0.00278,synthetic_seed
CT,2023,asian,non-hisp,m,50-54,,0.00315,synthetic_seed
CT,2023,asian,non-hisp,m,55-59,,0.00146,synthetic_seed
CT,2023,asian,non-hisp,m,60-64,,0.00137,synthetic_seed
CT,2023,asian,non-hisp,m,65-69,,0.00118,synthetic_seed
CT,2023,asian,non-hisp,m,70-74,,0.00138,synthetic_seed
CT,2023,asian,non-hisp,m,75-79,,0.00111,synthetic_seed
CT,2023,asian,non-hisp,m,80-84,,0.00111,synthetic_seed
CT,2023,asian,non-hisp,m,85+,,0.00112,synthetic_seed
CT,2023,asian,non-hisp,f,0-4,,0.00138,synthetic_seed
CT,2023,asian,non-hisp,f,5-9,,0.00108,synthetic_seed
CT,2023,asian,non-hisp,f,10-14,,0.00096,synthetic_seed
CT,2023,asian,non-hisp,f,15-19,,0.00281,synthetic_seed
CT,2023,asian,non-hisp,f,20-24,,0.00599,synthetic_seed
CT,2023,asian,non-hisp,f,25-29,,0.00624,synthetic_seed
CT,2023,asian,non-hisp,f,30-34,,0.00718,synthetic_seed
CT,2023,asian,non-hisp,f,35-39,,0.0058,synthetic_seed
CT,2023,asian,non-hisp,f,40-44,,0.00529,synthetic_seed
CT,2023,asian,non-hisp,f,45-49,,0.0029,synthetic_seed
CT,2023,asian,non-hisp,f,50-54,,0.0034,synthetic_seed
CT,2023,asian,non-hisp,f,55-59,,0.00105,synthetic_seed
CT,2023,asian,non-hisp,f,60-64,,0.00127,synthetic_seed
CT,2023,asian,non-hisp,f,65-69,,0.00119,synthetic_seed
CT,2023,asian,non-hisp,f,70-74,,0.00086,synthetic_seed
CT,2023,asian,non-hisp,f,75-79,,0.00158,synthetic_seed
CT,2023,asian,non-hisp,f,80-84,,0.00115,synthetic_seed
CT,2023,asian,non-hisp,f,85+,,0.00111,synthetic_seed
CT,2023,asian,hisp,m,0-4,,0.00128,synthetic_seed
CT,2023,asian,hisp,m,5-9,,0.001,synthetic_seed
CT,2023,asian,hisp,m,10-14,,0.00081,synthetic_seed
CT,2023,asian,hisp,m,15-19,,0.00278,synthetic_seed
CT,2023,asian,hisp,m,20-24,,0.00564,synthetic_seed
CT,2023,asian,hisp,m,25-29,,0.00538,synthetic_seed
CT,2023,asian,hisp,m,30-34,,0.00649,synthetic_seed
CT,2023,asian,hisp,m,35-39,,0.00751,synthetic_seed
CT,2023,asian,hisp,m,40-44,,0.0066,synthetic_seed
CT,2023,asian,hisp,m,45-49,,0.00296,synthetic_seed
CT,2023,asian,hisp,m,50-54,,0.00326,synthetic_seed
CT,2023,asian,hisp,m,55-59,,0.00107,synthetic_seed
CT,2023,asian,hisp,m,60-64,,0.00159,synthetic_seed
CT,2023,asian,hisp,m,65-69,,0.00078,synthetic_seed
CT,2023,asian,hisp,m,70-74,,0.00093,synthetic_seed
CT,2023,asian,hisp,m,75-79,,0.00094,synthetic_seed
CT,2023,asian,hisp,m,80-84,,0.00123,synthetic_seed
CT,2023,asian,hisp,m,85+,,0.00098,synthetic_seed
CT,2023,asian,hisp,f,0-4,,0.00134,synthetic_seed
CT,2023,asian,hisp,f,5-9,,0.00148,synthetic_seed
CT,2023,asian,hisp,f,10-14,,0.00099,synthetic_seed
CT,2023,asian,hisp,f,15-19,,0.00293,synthetic_seed
CT,2023,asian,hisp,f,20-24,,0.006,synthetic_seed
CT,2023,asian,hisp,f,25-29,,0.00483,synthetic_seed
CT,2023,asian,hisp,f,30-34,,0.00597,synthetic_seed
CT,2023,asian,hisp,f,35-39,,0.00553,synthetic_seed
CT,2023,asian,hisp,f,40-44,,0.00655,synthetic_seed
CT,2023,asian,hisp,f,45-49,,0.00331,synthetic_seed
CT,2023,asian,hisp,f,50-54,,0.00202,synthetic_seed
CT,2023,asian,hisp,f,55-59,,0.00151,synthetic_seed
CT,2023,asian,hisp,f,60-64,,0.00116,synthetic_seed
CT,2023,asian,hisp,f,65-69,,0.00101,synthetic_seed
CT,2023,asian,hisp,f,70-74,,0.00125,synthetic_seed
CT,2023,asian,hisp,f,75-79,,0.00134,synthetic_seed
CT,2023,asian,hisp,f,80-84,,0.00142,synthetic_seed
CT,2023,asian,hisp,f,85+,,0.00127,synthetic_seed
CT,2023,other,non-hisp,m,0-4,,0.00099,synthetic_seed
CT,2023,other,non-hisp,m,5-9,,0.0012,synthetic_seed
CT,2023,other,non-hisp,m,10-14,,0.00121,synthetic_seed
CT,2023,other,non-hisp,m,15-19,,0.00257,synthetic_seed
CT,2023,other,non-hisp,m,20-24,,0.00809,synthetic_seed
CT,2023,other,non-hisp,m,25-29,,0.00588,synthetic_seed
CT,2023,other,non-hisp,m,30-34,,0.00637,synthetic_seed
CT,2023,other,non-hisp,m,35-39,,0.00634,synthetic_seed
CT,2023,other,non-hisp,m,40-44,,0.00598,synthetic_seed
CT,2023,other,non-hisp,m,45-49,,0.0035,synthetic_seed
CT,2023,other,non-hisp,m,50-54,,0.00268,synthetic_seed
CT,2023,other,non-hisp,m,55-59,,0.00131,synthetic_seed
CT,2023,other,non-hisp,m,60-64,,0.001,synthetic_seed
CT,2023,other,non-hisp,m,65-69,,0.00134,synthetic_seed
CT,2023,other,non-hisp,m,70-74,,0.00086,synthetic_seed
CT,2023,other,non-hisp,m,75-79,,0.00118,synthetic_seed
CT,2023,other,non-hisp,m,80-84,,0.00123,synthetic_seed
CT,2023,other,non-hisp,m,85+,,0.00104,synthetic_seed
CT,2023,other,non-hisp,f,0-4,,0.00093,synthetic_seed
CT,2023,other,non-hisp,f,5-9,,0.00124,synthetic_seed
CT,2023,other,non-hisp,f,10-14,,0.00089,synthetic_seed
CT,2023,other,non-hisp,f,15-19,,0.00296,synthetic_seed
CT,2023,other,non-hisp,f,20-24,,0.00675,synthetic_seed
CT,2023,other,non-hisp,f,25-29,,0.00469,synthetic_seed
CT,2023,other,non-hisp,f,30-34,,0.00539,synthetic_seed
CT,2023,other,non-hisp,f,35-39,,0.0066,synthetic_seed
CT,2023,other,non-hisp,f,40-44,,0.0053,synthetic_seed
CT,2023,other,non-hisp,f,45-49,,0.00296,synthetic_seed
CT,2023,other,non-hisp,f,50-54,,0.00333,synthetic_seed
CT,2023,other,non-hisp,f,55-59,,0.00113,synthetic_seed
CT,2023,other,non-hisp,f,60-64,,0.00135,synthetic_seed
CT,2023,other,non-hisp,f,65-69,,0.00153,synthetic_seed
CT,2023,other,non-hisp,f,70-74,,0.00113,synthetic_seed
CT,2023,other,non-hisp,f,75-79,,0.00105,synthetic_seed
CT,2023,other,non-hisp,f,80-84,,0.0013,synthetic_seed
CT,2023,other,non-hisp,f,85+,,0.00128,synthetic_seed
CT,2023,other,hisp,m,0-4,,0.00172,synthetic_seed
CT,2023,other,hisp,m,5-9,,0.00111,synthetic_seed
CT,2023,other,hisp,m,10-14,,0.00105,synthetic_seed
CT,2023,other,hisp,m,15-19,,0.00199,synthetic_seed
CT,2023,other,hisp,m,20-24,,0.00606,synthetic_seed
CT,2023,other,hisp,m,25-29,,0.00611,synthetic_seed
CT,2023,other,hisp,m,30-34,,0.00715,synthetic_seed
CT,2023,other,hisp,m,35-39,,0.006,synthetic_seed
CT,2023,other,hisp,m,40-44,,0.00497,synthetic_seed
CT,2023,other,hisp,m,45-49,,0.00299,synthetic_seed
CT,2023,other,hisp,m,50-54,,0.00371,synthetic_seed
CT,2023,other,hisp,m,55-59,,0.00118,synthetic_seed
CT,2023,other,hisp,m,60-64,,0.001,synthetic_seed
CT,2023,other,hisp,m,65-69,,0.00107,synthetic_seed
CT,2023,other,hisp,m,70-74,,0.0013,synthetic_seed
CT,2023,other,hisp,m,75-79,,0.00103,synthetic_seed
CT,2023,other,hisp,m,80-84,,0.00138,synthetic_seed
CT,2023,other,hisp,m,85+,,0.00109,synthetic_seed
CT,2023,other,hisp,f,0-4,,0.00116,synthetic_seed
CT,2023,other,hisp,f,5-9,,0.00105,synthetic_seed
CT,2023,other,hisp,f,10-14,,0.00123,synthetic_seed
CT,2023,other,hisp,f,15-19,,0.00328,synthetic_seed
CT,2023,other,hisp,f,20-24,,0.00651,synthetic_seed
CT,2023,other,hisp,f,25-29,,0.00588,synthetic_seed
CT,2023,other,hisp,f,30-34,,0.00624,synthetic_seed
CT,2023,other,hisp,f,35-39,,0.0074,synthetic_seed
CT,2023,other,hisp,f,40-44,,0.00619,synthetic_seed
CT,2023,other,hisp,f,45-49,,0.003,synthetic_seed
CT,2023,other,hisp,f,50-54,,0.00324,synthetic_seed
CT,2023,other,hisp,f,55-59,,0.00126,synthetic_seed
CT,2023,other,hisp,f,60-64,,0.0013,synthetic_seed
CT,2023,other,hisp,f,65-69,,0.0014,synthetic_seed
CT,2023,other,hisp,f,70-74,,0.00134,synthetic_seed
CT,2023,other,hisp,f,75-79,,0.00119,synthetic_seed
CT,2023,other,hisp,f,80-84,,0.00129,synthetic_seed
CT,2023,other,hisp,f,85+,,0.00143,synthetic_seed
DE,2023,white,non-hisp,m,0-4,,0.00157,synthetic_seed
DE,2023,white,non-hisp,m,5-9,,0.00184,synthetic_seed
DE,2023,white,non-hisp,m,10-14,,0.00249,synthetic_seed
DE,2023,white,non-hisp,m,15-19,,0.00551,synthetic_seed
DE,2023,white,non-hisp,m,20-24,,0.00985,synthetic_seed
DE,2023,white,non-hisp,m,25-29,,0.00929,synthetic_seed
DE,2023,white,non-hisp,m,30-34,,0.00963,synthetic_seed
DE,2023,white,non-hisp,m,35-39,,0.0107,synthetic_seed
DE,2023,white,non-hisp,m,40-44,,0.01215,synthetic_seed
DE,2023,white,non-hisp,m,45-49,,0.00497,synthetic_seed
DE,2023,white,non-hisp,m,50-54,,0.0034,synthetic_seed
DE,2023,white,non-hisp,m,55-59,,0.00162,synthetic_seed
DE,2023,white,non-hisp,m,60-64,,0.00174,synthetic_seed
DE,2023,white,non-hisp,m,65-69,,0.0022,synthetic_seed
DE,2023,white,non-hisp,m,70-74,,0.00138,synthetic_seed
DE,2023,white,non-hisp,m,75-79,,0.00223,synthetic_seed
DE,2023,white,non-hisp,m,80-84,,0.00248,synthetic_seed
DE,2023,white,non-hisp,m,85+,,0.00232,synthetic_seed
DE,2023,white,non-hisp,f,0-4,,0.00221,synthetic_seed
DE,2023,white,non-hisp,f,5-9,,0.00185,synthetic_seed
DE,2023,white,non-hisp,f,10-14,,0.00246,synthetic_seed
DE,2023,white,non-hisp,f,15-19,,0.0052,synthetic_seed
DE,2023,white,non-hisp,f,20-24,,0.00803,synthetic_seed
DE,2023,white,non-hisp,f,25-29,,0.00964,synthetic_seed
DE,2023,white,non-hisp,f,30-34,,0.01063,synthetic_seed
DE,2023,white,non-hisp,f,35-39,,0.01206,synthetic_seed
DE,2023,white,non-hisp,f,40-44,,0.00872,synthetic_seed
DE,2023,white,non-hisp,f,45-49,,0.0064,synthetic_seed
DE,2023,white,non-hisp,f,50-54,,0.00464,synthetic_seed
DE,2023,white,non-hisp,f,55-59,,0.00261,synthetic_seed
DE,2023,white,non-hisp,f,60-64,,0.00196,synthetic_seed
DE,2023,white,non-hisp,f,65-69,,0.00198,synthetic_seed
DE,2023,white,non-hisp,f,70-74,,0.00148,synthetic_seed
DE,2023,white,non-hisp,f,75-79,,0.00234,synthetic_seed
DE,2023,white,non-hisp,f,80-84,,0.00213,synthetic_seed
DE,2023,white,non-hisp,f,85+,,0.00213,synthetic_seed
DE,2023,white,hisp,m,0-4,,0.002,synthetic_seed
DE,2023,white,hisp,m,5-9,,0.00218,synthetic_seed
DE,2023,white,hisp,m,10-14,,0.0016,synthetic_seed
DE,2023,white,hisp,m,15-19,,0.00502,synthetic_seed
DE,2023,white,hisp,m,20-24,,0.009,synthetic_seed
DE,2023,white,hisp,m,25-29,,0.01056,synthetic_seed
DE,2023,white,hisp,m,30-34,,0.00798,synthetic_seed
DE,2023,white,hisp,m,35-39,,0.00892,synthetic_seed
DE,2023,white,hisp,m,40-44,,0.00847,synthetic_seed
DE,2023,white,hisp,m,45-49,,0.00482,synthetic_seed
DE,2023,white,hisp,m,50-54,,0.00532,synthetic_seed
DE,2023,white,hisp,m,55-59,,0.00265,synthetic_seed
DE,2023,white,hisp,m,60-64,,0.00188,synthetic_seed
DE,2023,white,hisp,m,65-69,,0.00215,synthetic_seed
DE,2023,white,hisp,m,70-74,,0.0025,synthetic_seed
DE,2023,white,hisp,m,75-79,,0.00213,synthetic_seed
DE,2023,white,hisp,m,80-84,,0.00191,synthetic_seed
DE,2023,white,hisp,m,85+,,0.00185,synthetic_seed
DE,2023,white,hisp,f,0-4,,0.00225,synthetic_seed
DE,2023,white,hisp,f,5-9,,0.00203,synthetic_seed
DE,2023,white,hisp,f,10-14,,0.00254,synthetic_seed
DE,2023,white,hisp,f,15-19,,0.00647,synthetic_seed
DE,2023,white,hisp,f,20-24,,0.00924,synthetic_seed
DE,2023,white,hisp,f,25-29,,0.00901,synthetic_seed
DE,2023,white,hisp,f,30-34,,0.01055,synthetic_seed
DE,2023,white,hisp,f,35-39,,0.01148,synthetic_seed
DE,2023,white,hisp,f,40-44,,0.01,synthetic_seed
DE,2023,white,hisp,f,45-49,,0.0039,synthetic_seed
DE,2023,white,hisp,f,50-54,,0.00504,synthetic_seed
DE,2023,white,hisp,f,55-59,,0.00187,synthetic_seed
DE,2023,white,hisp,f,60-64,,0.00202,synthetic_seed
DE,2023,white,hisp,f,65-69,,0.00193,synthetic_seed
DE,2023,white,hisp,f,70-74,,0.00218,synthetic_seed
DE,2023,white,hisp,f,75-79,,0.00205,synthetic_seed
DE,2023,white,hisp,f,80-84,,0.00222,synthetic_seed
DE,2023,white,hisp,f,85+,,0.00156,synthetic_seed
DE,2023,black,non-hisp,m,0-4,,0.00208,synthetic_seed
DE,2023,black,non-hisp,m,5-9,,0.00218,synthetic_seed
DE,2023,black,non-hisp,m,10-14,,0.00193,synthetic_seed
DE,2023,black,non-hisp,m,15-19,,0.00381,synthetic_seed
DE,2023,black,non-hisp,m,20-24,,0.01265,synthetic_seed
DE,2023,black,non-hisp,m,25-29,,0.00855,synthetic_seed
DE,2023,black,non-hisp,m,30-34,,0.00973,synthetic_seed
DE,2023,black,non-hisp,m,35-39,,0.01146,synthetic_seed
DE,2023,black,non-hisp,m,40-44,,0.01037,synthetic_seed
DE,2023,black,non-hisp,m,45-49,,0.00507,synthetic_seed
DE,2023,black,non-hisp,m,50-54,,0.00486,synthetic_seed
DE,2023,black,non-hisp,m,55-59,,0.00226,synthetic_seed
DE,2023,black,non-hisp,m,60-64,,0.00237,synthetic_seed
DE,2023,black,non-hisp,m,65-69,,0.00213,synthetic_seed
DE,2023,black,non-hisp,m,70-74,,0.00162,synthetic_seed
DE,2023,black,non-hisp,m,75-79,,0.00219,synthetic_seed
DE,2023,black,non-hisp,m,80-84,,0.00216,synthetic_seed
DE,2023,black,non-hisp,m,85+,,0.00174,synthetic_seed
DE,2023,black,non-hisp,f,0-4,,0.00206,synthetic_seed
DE,2023,black,non-hisp,f,5-9,,0.00242,synthetic_seed
DE,2023,black,non-hisp,f,10-14,,0.0019,synthetic_seed
DE,2023,black,non-hisp,f,15-19,,0.00464,synthetic_seed
DE,2023,black,non-hisp,f,20-24,,0.00899,synthetic_seed
DE,2023,black,non-hisp,f,25-29,,0.01014,synthetic_seed
DE,2023,black,non-hisp,f,30-34,,0.00837,synthetic_seed
DE,2023,black,non-hisp,f,35-39,,0.01053,synthetic_seed
DE,2023,black,non-hisp,f,40-44,,0.00621,synthetic_seed
DE,2023,black,non-hisp,f,45-49,,0.00628,synthetic_seed
DE,2023,black,non-hisp,f,50-54,,0.00493,synthetic_seed
DE,2023,black,non-hisp,f,55-59,,0.0024,synthetic_seed
DE,2023,black,non-hisp,f,60-64,,0.00196,synthetic_seed
DE,2023,black,non-hisp,f,65-69,,0.00162,synthetic_seed
DE,2023,black,non-hisp,f,70-74,,0.00162,synthetic_seed
DE,2023,black,non-hisp,f,75-79,,0.00269,synthetic_seed
DE,2023,black,non-hisp,f,80-84,,0.00195,synthetic_seed
DE,2023,black,non-hisp,f,85+,,0.00189,synthetic_seed
DE,2023,black,hisp,m,0-4,,0.00202,synthetic_seed
DE,2023,black,hisp,m,5-9,,0.00235,synthetic_seed
DE,2023,black,hisp,m,10-14,,0.0018,synthetic_seed
DE,2023,black,hisp,m,15-19,,0.0037,synthetic_seed
DE,2023,black,hisp,m,20-24,,0.00875,synthetic_seed
DE,2023,black,hisp,m,25-29,,0.0087,synthetic_seed
DE,2023,black,hisp,m,30-34,,0.00983,synthetic_seed
DE,2023,black,hisp,m,35-39,,0.01213,synthetic_seed
DE,2023,black,hisp,m,40-44,,0.01108,synthetic_seed
DE,2023,black,hisp,m,45-49,,0.00492,synthetic_seed
DE,2023,black,hisp,m,50-54,,0.00462,synthetic_seed
DE,2023,black,hisp,m,55-59,,0.00185,synthetic_seed
DE,2023,black,hisp,m,60-64,,0.00247,synthetic_seed
DE,2023,black,hisp,m,65-69,,0.002,synthetic_seed
DE,2023,black,hisp,m,70-74,,0.00158,synthetic_seed
DE,2023,black,hisp,m,75-79,,0.0023,synthetic_seed
DE,2023,black,hisp,m,80-84,,0.0027,synthetic_seed
DE,2023,black,hisp,m,85+,,0.00188,synthetic_seed
DE,2023,black,hisp,f,0-4,,0.00198,synthetic_seed
DE,2023,black,hisp,f,5-9,,0.00164,synthetic_seed
DE,2023,black,hisp,f,10-14,,0.00182,synthetic_seed
DE,2023,black,hisp,f,15-19,,0.00535,synthetic_seed
DE,2023,black,hisp,f,20-24,,0.01326,synthetic_seed
DE,2023,black,hisp,f,25-29,,0.01189,synthetic_seed
DE,2023,black,hisp,f,30-34,,0.00984,synthetic_seed
DE,2023,black,hisp,f,35-39,,0.01128,synthetic_seed
DE,2023,black,hisp,f,40-44,,0.01082,synthetic_seed
DE,2023,black,hisp,f,45-49,,0.00536,synthetic_seed
DE,2023,black,hisp,f,50-54,,0.00386,synthetic_seed
DE,2023,black,hisp,f,55-59,,0.0025,synthetic_seed
DE,2023,black,hisp,f,60-64,,0.00187,synthetic_seed
DE,2023,black,hisp,f,65-69,,0.00214,synthetic_seed
DE,2023,black,hisp,f,70-74,,0.0026,synthetic_seed
DE,2023,black,hisp,f,75-79,,0.00195,synthetic_seed
DE,2023,black,hisp,f,80-84,,0.00212,synthetic_seed
DE,2023,black,hisp,f,85+,,0.00196,synthetic_seed
DE,2023,asian,non-hisp,m,0-4,,0.00205,synthetic_seed
DE,2023,asian,non-hisp,m,5-9,,0.00219,synthetic_seed
DE,2023,asian,non-hisp,m,10-14,,0.00204,synthetic_seed
DE,2023,asian,non-hisp,m,15-19,,0.0052,synthetic_seed
DE,2023,asian,non-hisp,m,20-24,,0.00978,synthetic_seed
DE,2023,asian,non-hisp,m,25-29,,0.00924,synthetic_seed
DE,2023,asian,non-hisp,m,30-34,,0.00991,synthetic_seed
DE,2023,asian,non-hisp,m,35-39,,0.01425,synthetic_seed
DE,2023,asian,non-hisp,m,40-44,,0.01164,synthetic_seed
DE,2023,asian,non-hisp,m,45-49,,0.0049,synthetic_seed
DE,2023,asian,non-hisp,m,50-54,,0.00353,synthetic_seed
DE,2023,asian,non-hisp,m,55-59,,0.00204,synthetic_seed
DE,2023,asian,non-hisp,m,60-64,,0.00257,synthetic_seed
DE,2023,asian,non-hisp,m,65-69,,0.00149,synthetic_seed
DE,2023,asian,non-hisp,m,70-74,,0.00199,synthetic_seed
DE,2023,asian,non-hisp,m,75-79,,0.00168,synthetic_seed
DE,2023,asian,non-hisp,m,80-84,,0.00158,synthetic_seed
DE,2023,asian,non-hisp,m,85+,,0.00216,synthetic_seed
DE,2023,asian,non-hisp,f,0-4,,0.00195,synthetic_seed
DE,2023,asian,non-hisp,f,5-9,,0.00203,synthetic_seed
DE,2023,asian,non-hisp,f,10-14,,0.00202,synthetic_seed
DE,2023,asian,non-hisp,f,15-19,,0.00496,synthetic_seed
DE,2023,asian,non-hisp,f,20-24,,0.01046,synthetic_seed
DE,2023,asian,non-hisp,f,25-29,,0.01082,synthetic_seed
DE,2023,asian,non-hisp,f,30-34,,0.01152,synthetic_seed
DE,2023,asian,non-hisp,f,35-39,,0.0104,synthetic_seed
DE,2023,asian,non-hisp,f,40-44,,0.00947,synthetic_seed
DE,2023,asian,non-hisp,f,45-49,,0.00522,synthetic_seed
DE,2023,asian,non-hisp,f,50-54,,0.0048,synthetic_seed
DE,2023,asian,non-hisp,f,55-59,,0.00216,synthetic_seed
DE,2023,asian,non-hisp,f,60-64,,0.002,synthetic_seed
DE,2023,asian,non-hisp,f,65-69,,0.00143,synthetic_seed
DE,2023,asian,non-hisp,f,70-74,,0.00188,synthetic_seed
DE,2023,asian,non-hisp,f,75-79,,0.00213,synthetic_seed
DE,2023,asian,non-hisp,f,80-84,,0.00196,synthetic_seed
DE,2023,asian,non-hisp,f,85+,,0.00195,synthetic_seed
DE,2023,asian,hisp,m,0-4,,0.00149,synthetic_seed
DE,2023,asian,hisp,m,5-9,,0.00238,synthetic_seed
DE,2023,asian,hisp,m,10-14,,0.00174,synthetic_seed
DE,2023,asian,hisp,m,15-19,,0.00608,synthetic_seed
DE,2023,asian,hisp,m,20-24,,0.00969,synthetic_seed
DE,2023,asian,hisp,m,25-29,,0.01291,synthetic_seed
DE,2023,asian,hisp,m,30-34,,0.00858,synthetic_seed
DE,2023,asian,hisp,m,35-39,,0.01055,synthetic_seed
DE,2023,asian,hisp,m,40-44,,0.00972,synthetic_seed
DE,2023,asian,hisp,m,45-49,,0.00479,synthetic_seed
DE,2023,asian,hisp,m,50-54,,0.00513,synthetic_seed
DE,2023,asian,hisp,m,55-59,,0.00223,synthetic_seed
DE,2023,asian,hisp,m,60-64,,0.00157,synthetic_seed
DE,2023,asian,hisp,m,65-69,,0.00175,synthetic_seed
DE,2023,asian,hisp,m,70-74,,0.00165,synthetic_seed
DE,2023,asian,hisp,m,75-79,,0.00184,synthetic_seed
DE,2023,asian,hisp,m,80-84,,0.00211,synthetic_seed
DE,2023,asian,hisp,m,85+,,0.00213,synthetic_seed
DE,2023,asian,hisp,f,0-4,,0.00211,synthetic_seed
DE,2023,asian,hisp,f,5-9,,0.0019,synthetic_seed
DE,2023,asian,hisp,f,10-14,,0.00213,synthetic_seed
DE,2023,asian,hisp,f,15-19,,0.00656,synthetic_seed
DE,2023,asian,hisp,f,20-24,,0.0091,synthetic_seed
DE,2023,asian,hisp,f,25-29,,0.01175,synthetic_seed
DE,2023,asian,hisp,f,30-34,,0.00825,synthetic_seed
DE,2023,asian,hisp,f,35-39,,0.00868,synthetic_seed
DE,2023,asian,hisp,f,40-44,,0.00903,synthetic_seed
DE,2023,asian,hisp,f,45-49,,0.00524,synthetic_seed
DE,2023,asian,hisp,f,50-54,,0.00522,synthetic_seed
DE,2023,asian,hisp,f,55-59,,0.00155,synthetic_seed
DE,2023,asian,hisp,f,60-64,,0.00141,synthetic_seed
DE,2023,asian,hisp,f,65-69,,0.00171,synthetic_seed
DE,2023,asian,hisp,f,70-74,,0.00245,synthetic_seed
DE,2023,asian,hisp,f,75-79,,0.00254,synthetic_seed
DE,2023,asian,hisp,f,80-84,,0.00222,synthetic_seed
DE,2023,asian,hisp,f,85+,,0.00163,synthetic_seed
DE,2023,other,non-hisp,m,0-4,,0.00223,synthetic_seed
DE,2023,other,non-hisp,m,5-9,,0.00142,synthetic_seed
DE,2023,other,non-hisp,m,10-14,,0.00204,synthetic_seed
DE,2023,other,non-hisp,m,15-19,,0.00511,synthetic_seed
DE,2023,other,non-hisp,m,20-24,,0.011,synthetic_seed
DE,2023,other,non-hisp,m,25-29,,0.01129,synthetic_seed
DE,2023,other,non-hisp,m,30-34,,0.01061,synthetic_seed
DE,2023,other,non-hisp,m,35-39,,0.01008,synthetic_seed
DE,2023,other,non-hisp,m,40-44,,0.00926,synthetic_seed
DE,2023,other,non-hisp,m,45-49,,0.0057,synthetic_seed
DE,2023,other,non-hisp,m,50-54,,0.00624,synthetic_seed
DE,2023,other,non-hisp,m,55-59,,0.00212,synthetic_seed
DE,2023,other,non-hisp,m,60-64,,0.00211,synthetic_seed
DE,2023,other,non-hisp,m,65-69,,0.00107,synthetic_seed
DE,2023,other,non-hisp,m,70-74,,0.00223,synthetic_seed
DE,2023,other,non-hisp,m,75-79,,0.00163,synthetic_seed
DE,2023,other,non-hisp,m,80-84,,0.00154,synthetic_seed
DE,2023,other,non-hisp,m,85+,,0.00189,synthetic_seed
DE,2023,other,non-hisp,f,0-4,,0.00206,synthetic_seed
DE,2023,other,non-hisp,f,5-9,,0.00129,synthetic_seed
DE,2023,other,non-hisp,f,10-14,,0.0021,synthetic_seed
DE,2023,other,non-hisp,f,15-19,,0.00572,synthetic_seed
DE,2023,other,non-hisp,f,20-24,,0.0109,synthetic_seed
DE,2023,other,non-hisp,f,25-29,,0.00853,synthetic_seed
DE,2023,other,non-hisp,f,30-34,,0.01045,synthetic_seed
DE,2023,other,non-hisp,f,35-39,,0.0069,synthetic_seed
DE,2023,other,non-hisp,f,40-44,,0.00832,synthetic_seed
DE,2023,other,non-hisp,f,45-49,,0.00441,synthetic_seed
DE,2023,other,non-hisp,f,50-54,,0.00522,synthetic_seed
DE,2023,other,non-hisp,f,55-59,,0.00147,synthetic_seed
DE,2023,other,non-hisp,f,60-64,,0.00207,synthetic_seed
DE,2023,other,non-hisp,f,65-69,,0.00272,synthetic_seed
DE,2023,other,non-hisp,f,70-74,,0.0027,synthetic_seed
DE,2023,other,non-hisp,f,75-79,,0.00204,synthetic_seed
DE,2023,other,non-hisp,f,80-84,,0.00227,synthetic_seed
DE,2023,other,non-hisp,f,85+,,0.00203,synthetic_seed
DE,2023,other,hisp,m,0-4,,0.00195,synthetic_seed
DE,2023,other,hisp,m,5-9,,0.002,synthetic_seed
DE,2023,other,hisp,m,10-14,,0.00182,synthetic_seed
DE,2023,other,hisp,m,15-19,,0.00424,synthetic_seed
DE,2023,other,hisp,m,20-24,,0.00883,synthetic_seed
DE,2023,other,hisp,m,25-29,,0.0108,synthetic_seed
DE,2023,other,hisp,m,30-34,,0.00852,synthetic_seed
DE,2023,other,hisp,m,35-39,,0.0072,synthetic_seed
DE,2023,other,hisp,m,40-44,,0.00865,synthetic_seed
DE,2023,other,hisp,m,45-49,,0.00544,synthetic_seed
DE,2023,other,hisp,m,50-54,,0.00593,synthetic_seed
DE,2023,other,hisp,m,55-59,,0.00239,synthetic_seed
DE,2023,other,hisp,m,60-64,,0.00194,synthetic_seed
DE,2023,other,hisp,m,65-69,,0.0019,synthetic_seed
DE,2023,other,hisp,m,70-74,,0.00267,synthetic_seed
DE,2023,other,hisp,m,75-79,,0.00183,synthetic_seed
DE,2023,other,hisp,m,80-84,,0.0025,synthetic_seed
DE,2023,other,hisp,m,85+,,0.00244,synthetic_seed
DE,2023,other,hisp,f,0-4,,0.00198,synthetic_seed
DE,2023,other,hisp,f,5-9,,0.00145,synthetic_seed
DE,2023,other,hisp,f,10-14,,0.00226,synthetic_seed
DE,2023,other,hisp,f,15-19,,0.0034,synthetic_seed
DE,2023,other,hisp,f,20-24,,0.00885,synthetic_seed
DE,2023,other,hisp,f,25-29,,0.01175,synthetic_seed
DE,2023,other,hisp,f,30-34,,0.01189,synthetic_seed
DE,2023,other,hisp,f,35-39,,0.00885,synthetic_seed
DE,2023,other,hisp,f,40-44,,0.00762,synthetic_seed
DE,2023,other,hisp,f,45-49,,0.00445,synthetic_seed
DE,2023,other,hisp,f,50-54,,0.00492,synthetic_seed
DE,2023,other,hisp,f,55-59,,0.00182,synthetic_seed
DE,2023,other,hisp,f,60-64,,0.00193,synthetic_seed
DE,2023,other,hisp,f,65-69,,0.00205,synthetic_seed
DE,2023,other,hisp,f,70-74,,0.00186,synthetic_seed
DE,2023,other,hisp,f,75-79,,0.00223,synthetic_seed
DE,2023,other,hisp,f,80-84,,0.0023,synthetic_seed
DE,2023,other,hisp,f,85+,,0.00251,synthetic_seed
DC,2023,white,non-hisp,m,0-4,,0.00191,synthetic_seed
DC,2023,white,non-hisp,m,5-9,,0.00185,synthetic_seed
DC,2023,white,non-hisp,m,10-14,,0.0017,synthetic_seed
DC,2023,white,non-hisp,m,15-19,,0.00444,synthetic_seed
DC,2023,white,non-hisp,m,20-24,,0.00845,synthetic_seed
DC,2023,white,non-hisp,m,25-29,,0.00808,synthetic_seed
DC,2023,white,non-hisp,m,30-34,,0.00669,synthetic_seed
DC,2023,white,non-hisp,m,35-39,,0.00817,synthetic_seed
DC,2023,white,non-hisp,m,40-44,,0.00786,synthetic_seed
DC,2023,white,non-hisp,m,45-49,,0.00379,synthetic_seed
DC,2023,white,non-hisp,m,50-54,,0.00485,synthetic_seed
DC,2023,white,non-hisp,m,55-59,,0.00158,synthetic_seed
DC,2023,white,non-hisp,m,60-64,,0.00136,synthetic_seed
DC,2023,white,non-hisp,m,65-69,,0.00137,synthetic_seed
DC,2023,white,non-hisp,m,70-74,,0.00159,synthetic_seed
DC,2023,white,non-hisp,m,75-79,,0.00123,synthetic_seed
DC,2023,white,non-hisp,m,80-84,,0.00186,synthetic_seed
DC,2023,white,non-hisp,m,85+,,0.0014,synthetic_seed
DC,2023,white,non-hisp,f,0-4,,0.00137,synthetic_seed
DC,2023,white,non-hisp,f,5-9,,0.00167,synthetic_seed
DC,2023,white,non-hisp,f,10-14,,0.0018,synthetic_seed
DC,2023,white,non-hisp,f,15-19,,0.0045,synthetic_seed
DC,2023,white,non-hisp,f,20-24,,0.00741,synthetic_seed
DC,2023,white,non-hisp,f,25-29,,0.00786,synthetic_seed
DC,2023,white,non-hisp,f,30-34,,0.00942,synthetic_seed
DC,2023,white,non-hisp,f,35-39,,0.00756,synthetic_seed
DC,2023,white,non-hisp,f,40-44,,0.00874,synthetic_seed
DC,2023,white,non-hisp,f,45-49,,0.00415,synthetic_seed
DC,2023,white,non-hisp,f,50-54,,0.00374,synthetic_seed
DC,2023,white,non-hisp,f,55-59,,0.00214,synthetic_seed
DC,2023,white,non-hisp,f,60-64,,0.00136,synthetic_seed
DC,2023,white,non-hisp,f,65-69,,0.00156,synthetic_seed
DC,2023,white,non-hisp,f,70-74,,0.00181,synthetic_seed
DC,2023,white,non-hisp,f,75-79,,0.00141,synthetic_seed
DC,2023,white,non-hisp,f,80-84,,0.00154,synthetic_seed
DC,2023,white,non-hisp,f,85+,,0.00194,synthetic_seed
DC,2023,white,hisp,m,0-4,,0.00169,synthetic_seed
DC,2023,white,hisp,m,5-9,,0.00144,synthetic_seed
DC,2023,white,hisp,m,10-14,,0.00177,synthetic_seed
DC,2023,white,hisp,m,15-19,,0.00309,synthetic_seed
DC,2023,white,hisp,m,20-24,,0.00806,synthetic_seed
DC,2023,white,hisp,m,25-29,,0.00674,synthetic_seed
DC,2023,white,hisp,m,30-34,,0.00828,synthetic_seed
DC,2023,white,hisp,m,35-39,,0.00972,synthetic_seed
DC,2023,white,hisp,m,40-44,,0.00708,synthetic_seed
DC,2023,white,hisp,m,45-49,,0.00462,synthetic_seed
DC,2023,white,hisp,m,50-54,,0.00373,synthetic_seed
DC,2023,white,hisp,m,55-59,,0.00163,synthetic_seed
DC,2023,white,hisp,m,60-64,,0.00152,synthetic_seed
DC,2023,white,hisp,m,65-69,,0.00165,synthetic_seed
DC,2023,white,hisp,m,70-74,,0.0018,synthetic_seed
DC,2023,white,hisp,m,75-79,,0.00159,synthetic_seed
DC,2023,white,hisp,m,80-84,,0.00187,synthetic_seed
DC,2023,white,hisp,m,85+,,0.0016,synthetic_seed
DC,2023,white,hisp,f,0-4,,0.00148,synthetic_seed
DC,2023,white,hisp,f,5-9,,0.00189,synthetic_seed
DC,2023,white,hisp,f,10-14,,0.00155,synthetic_seed
DC,2023,white,hisp,f,15-19,,0.00453,synthetic_seed
DC,2023,white,hisp,f,20-24,,0.0075,synthetic_seed
DC,2023,white,hisp,f,25-29,,0.00741,synthetic_seed
DC,2023,white,hisp,f,30-34,,0.00953,synthetic_seed
DC,2023,white,hisp,f,35-39,,0.00906,synthetic_seed
DC,2023,white,hisp,f,40-44,,0.0074,synthetic_seed
DC,2023,white,hisp,f,45-49,,0.00437,synthetic_seed
DC,2023,white,hisp,f,50-54,,0.00327,synthetic_seed
DC,2023,white,hisp,f,55-59,,0.00153,synthetic_seed
DC,2023,white,hisp,f,60-64,,0.00153,synthetic_seed
DC,2023,white,hisp,f,65-69,,0.00122,synthetic_seed
DC,2023,white,hisp,f,70-74,,0.00116,synthetic_seed
DC,2023,white,hisp,f,75-79,,0.00175,synthetic_seed
DC,2023,white,hisp,f,80-84,,0.00169,synthetic_seed
DC,2023,white,hisp,f,85+,,0.002,synthetic_seed
DC,2023,black,non-hisp,m,0-4,,0.00152,synthetic_seed
DC,2023,black,non-hisp,m,5-9,,0.00142,synthetic_seed
DC,2023,black,non-hisp,m,10-14,,0.00175,synthetic_seed
DC,2023,black,non-hisp,m,15-19,,0.00335,synthetic_seed
DC,2023,black,non-hisp,m,20-24,,0.00992,synthetic_seed
DC,2023,black,non-hisp,m,25-29,,0.00724,synthetic_seed
DC,2023,black,non-hisp,m,30-34,,0.00933,synthetic_seed
DC,2023,black,non-hisp,m,35-39,,0.00776,synthetic_seed
DC,2023,black,non-hisp,m,40-44,,0.00834,synthetic_seed
DC,2023,black,non-hisp,m,45-49,,0.00474,synthetic_seed
DC,2023,black,non-hisp,m,50-54,,0.00422,synthetic_seed
DC,2023,black,non-hisp,m,55-59,,0.00131,synthetic_seed
DC,2023,black,non-hisp,m,60-64,,0.00189,synthetic_seed
DC,2023,black,non-hisp,m,65-69,,0.00184,synthetic_seed
DC,2023,black,non-hisp,m,70-74,,0.0016,synthetic_seed
DC,2023,black,non-hisp,m,75-79,,0.00141,synthetic_seed
DC,2023,black,non-hisp,m,80-84,,0.0015,synthetic_seed
DC,2023,black,non-hisp,m,85+,,0.00175,synthetic_seed
DC,2023,black,non-hisp,f,0-4,,0.00139,synthetic_seed
DC,2023,black,non-hisp,f,5-9,,0.00171,synthetic_seed
DC,2023,black,non-hisp,f,10-14,,0.00194,synthetic_seed
DC,2023,black,non-hisp,f,15-19,,0.00459,synthetic_seed
DC,2023,black,non-hisp,f,20-24,,0.00955,synthetic_seed
DC,2023,black,non-hisp,f,25-29,,0.00801,synthetic_seed
DC,2023,black,non-hisp,f,30-34,,0.00896,synthetic_seed
DC,2023,black,non-hisp,f,35-39,,0.0074,synthetic_seed
DC,2023,black,non-hisp,f,40-44,,0.00837,synthetic_seed
DC,2023,black,non-hisp,f,45-49,,0.00464,synthetic_seed
DC,2023,black,non-hisp,f,50-54,,0.00388,synthetic_seed
DC,2023,black,non-hisp,f,55-59,,0.00131,synthetic_seed
DC,2023,black,non-hisp,f,60-64,,0.00154,synthetic_seed
DC,2023,black,non-hisp,f,65-69,,0.00167,synthetic_seed
DC,2023,black,non-hisp,f,70-74,,0.00185,synthetic_seed
DC,2023,black,non-hisp,f,75-79,,0.00166,synthetic_seed
DC,2023,black,non-hisp,f,80-84,,0.00149,synthetic_seed
DC,2023,black,non-hisp,f,85+,,0.00147,synthetic_seed
DC,2023,black,hisp,m,0-4,,0.00134,synthetic_seed
DC,2023,black,hisp,m,5-9,,0.00209,synthetic_seed
DC,2023,black,hisp,m,10-14,,0.00175,synthetic_seed
DC,2023,black,hisp,m,15-19,,0.00479,synthetic_seed
DC,2023,black,hisp,m,20-24,,0.00666,synthetic_seed
DC,2023,black,hisp,m,25-29,,0.00855,synthetic_seed
DC,2023,black,hisp,m,30-34,,0.00987,synthetic_seed
DC,2023,black,hisp,m,35-39,,0.00846,synthetic_seed
DC,2023,black,hisp,m,40-44,,0.0086,synthetic_seed
DC,2023,black,hisp,m,45-49,,0.00494,synthetic_seed
DC,2023,black,hisp,m,50-54,,0.00381,synthetic_seed
DC,2023,black,hisp,m,55-59,,0.00118,synthetic_seed
DC,2023,black,hisp,m,60-64,,0.00157,synthetic_seed
DC,2023,black,hisp,m,65-69,,0.00158,synthetic_seed
DC,2023,black,hisp,m,70-74,,0.00129,synthetic_seed
DC,2023,black,hisp,m,75-79,,0.00196,synthetic_seed
DC,2023,black,hisp,m,80-84,,0.00202,synthetic_seed
DC,2023,black,hisp,m,85+,,0.00165,synthetic_seed
DC,2023,black,hisp,f,0-4,,0.00167,synthetic_seed
DC,2023,black,hisp,f,5-9,,0.00148,synthetic_seed
DC,2023,black,hisp,f,10-14,,0.00146,synthetic_seed
DC,2023,black,hisp,f,15-19,,0.00428,synthetic_seed
DC,2023,black,hisp,f,20-24,,0.00863,synthetic_seed
DC,2023,black,hisp,f,25-29,,0.00661,synthetic_seed
DC,2023,black,hisp,f,30-34,,0.00856,synthetic_seed
DC,2023,black,hisp,f,35-39,,0.0088,synthetic_seed
DC,2023,black,hisp,f,40-44,,0.00924,synthetic_seed
DC,2023,black,hisp,f,45-49,,0.00441,synthetic_seed
DC,2023,black,hisp,f,50-54,,0.00371,synthetic_seed
DC,2023,black,hisp,f,55-59,,0.00175,synthetic_seed
DC,2023,black,hisp,f,60-64,,0.00164,synthetic_seed
DC,2023,black,hisp,f,65-69,,0.00172,synthetic_seed
DC,2023,black,hisp,f,70-74,,0.00171,synthetic_seed
DC,2023,black,hisp,f,75-79,,0.00142,synthetic_seed
DC,2023,black,hisp,f,80-84,,0.00168,synthetic_seed
DC,2023,black,hisp,f,85+,,0.00139,synthetic_seed
DC,2023,asian,non-hisp,m,0-4,,0.00188,synthetic_seed
DC,2023,asian,non-hisp,m,5-9,,0.00166,synthetic_seed
DC,2023,asian,non-hisp,m,10-14,,0.00141,synthetic_seed
DC,2023,asian,non-hisp,m,15-19,,0.00338,synthetic_seed
DC,2023,asian,non-hisp,m,20-24,,0.00862,synthetic_seed
DC,2023,asian,non-hisp,m,25-29,,0.00929,synthetic_seed
DC,2023,asian,non-hisp,m,30-34,,0.00794,synthetic_seed
DC,2023,asian,non-hisp,m,35-39,,0.00848,synthetic_seed
DC,2023,asian,non-hisp,m,40-44,,0.00951,synthetic_seed
DC,2023,asian,non-hisp,m,45-49,,0.00359,synthetic_seed
DC,2023,asian,non-hisp,m,50-54,,0.00372,synthetic_seed
DC,2023,asian,non-hisp,m,55-59,,0.00162,synthetic_seed
DC,2023,asian,non-hisp,m,60-64,,0.00152,synthetic_seed
DC,2023,asian,non-hisp,m,65-69,,0.00167,synthetic_seed
DC,2023,asian,non-hisp,m,70-74,,0.00181,synthetic_seed
DC,2023,asian,non-hisp,m,75-79,,0.00151,synthetic_seed
DC,2023,asian,non-hisp,m,80-84,,0.00161,synthetic_seed
DC,2023,asian,non-hisp,m,85+,,0.0015,synthetic_seed
DC,2023,asian,non-hisp,f,0-4,,0.00153,synthetic_seed
DC,2023,asian,non-hisp,f,5-9,,0.00165,synthetic_seed
DC,2023,asian,non-hisp,f,10-14,,0.00205,synthetic_seed
DC,2023,asian,non-hisp,f,15-19,,0.00455,synthetic_seed
DC,2023,asian,non-hisp,f,20-24,,0.00815,synthetic_seed
DC,2023,asian,non-hisp,f,25-29,,0.00966,synthetic_seed
DC,2023,asian,non-hisp,f,30-34,,0.00757,synthetic_seed
DC,2023,asian,non-hisp,f,35-39,,0.01033,synthetic_seed
DC,2023,asian,non-hisp,f,40-44,,0.00779,synthetic_seed
DC,2023,asian,non-hisp,f,45-49,,0.00277,synthetic_seed
DC,2023,asian,non-hisp,f,50-54,,0.00448,synthetic_seed
DC,2023,asian,non-hisp,f,55-59,,0.00162,synthetic_seed
DC,2023,asian,non-hisp,f,60-64,,0.00138,synthetic_seed
DC,2023,asian,non-hisp,f,65-69,,0.00193,synthetic_seed
DC,2023,asian,non-hisp,f,70-74,,0.00131,synthetic_seed
DC,2023,asian,non-hisp,f,75-79,,0.00157,synthetic_seed
DC,2023,asian,non-hisp,f,80-84,,0.00181,synthetic_seed
DC,2023,asian,non-hisp,f,85+,,0.00169,synthetic_seed
DC,2023,asian,hisp,m,0-4,,0.0017,synthetic_seed
DC,2023,asian,hisp,m,5-9,,0.0016,synthetic_seed
DC,2023,asian,hisp,m,10-14,,0.0016,synthetic_seed
DC,2023,asian,hisp,m,15-19,,0.00454,synthetic_seed
DC,2023,asian,hisp,m,20-24,,0.00758,synthetic_seed
DC,2023,asian,hisp,m,25-29,,0.00521,synthetic_seed
DC,2023,asian,hisp,m,30-34,,0.00735,synthetic_seed
DC,2023,asian,hisp,m,35-39,,0.00792,synthetic_seed
DC,2023,asian,hisp,m,40-44,,0.00887,synthetic_seed
DC,2023,asian,hisp,m,45-49,,0.00314,synthetic_seed
DC,2023,asian,hisp,m,50-54,,0.00365,synthetic_seed
DC,2023,asian,hisp,m,55-59,,0.0015,synthetic_seed
DC,2023,asian,hisp,m,60-64,,0.00135,synthetic_seed
DC,2023,asian,hisp,m,65-69,,0.0017,synthetic_seed
DC,2023,asian,hisp,m,70-74,,0.0015,synthetic_seed
DC,2023,asian,hisp,m,75-79,,0.00187,synthetic_seed
DC,2023,asian,hisp,m,80-84,,0.00153,synthetic_seed
DC,2023,asian,hisp,m,85+,,0.00138,synthetic_seed
DC,2023,asian,hisp,f,0-4,,0.00153,synthetic_seed
DC,2023,asian,hisp,f,5-9,,0.00155,synthetic_seed
DC,2023,asian,hisp,f,10-14,,0.00173,synthetic_seed
DC,2023,asian,hisp,f,15-19,,0.00515,synthetic_seed
DC,2023,asian,hisp,f,20-24,,0.00762,synthetic_seed
DC,2023,asian,hisp,f,25-29,,0.00819,synthetic_seed
DC,2023,asian,hisp,f,30-34,,0.00736,synthetic_seed
DC,2023,asian,hisp,f,35-39,,0.00622,synthetic_seed
DC,2023,asian,hisp,f,40-44,,0.00625,synthetic_seed
DC,2023,asian,hisp,f,45-49,,0.00431,synthetic_seed
DC,2023,asian,hisp,f,50-54,,0.00374,synthetic_seed
DC,2023,asian,hisp,f,55-59,,0.0017,synthetic_seed
DC,2023,asian,hisp,f,60-64,,0.00167,synthetic_seed
DC,2023,asian,hisp,f,65-69,,0.00174,synthetic_seed
DC,2023,asian,hisp,f,70-74,,0.0016,synthetic_seed
DC,2023,asian,hisp,f,75-79,,0.0014,synthetic_seed
DC,2023,asian,hisp,f,80-84,,0.00153,synthetic_seed
DC,2023,asian,hisp,f,85+,,0.00183,synthetic_seed
DC,2023,other,non-hisp,m,0-4,,0.00168,synthetic_seed
DC,2023,other,non-hisp,m,5-9,,0.00152,synthetic_seed
DC,2023,other,non-hisp,m,10-14,,0.00166,synthetic_seed
DC,2023,other,non-hisp,m,15-19,,0.00474,synthetic_seed
DC,2023,other,non-hisp,m,20-24,,0.00889,synthetic_seed
DC,2023,other,non-hisp,m,25-29,,0.00708,synthetic_seed
DC,2023,other,non-hisp,m,30-34,,0.00674,synthetic_seed
DC,2023,other,non-hisp,m,35-39,,0.00842,synthetic_seed
DC,2023,other,non-hisp,m,40-44,,0.00829,synthetic_seed
DC,2023,other,non-hisp,m,45-49,,0.00534,synthetic_seed
DC,2023,other,non-hisp,m,50-54,,0.00399,synthetic_seed
DC,2023,other,non-hisp,m,55-59,,0.00094,synthetic_seed
DC,2023,other,non-hisp,m,60-64,,0.0017,synthetic_seed
DC,2023,other,non-hisp,m,65-69,,0.00112,synthetic_seed
DC,2023,other,non-hisp,m,70-74,,0.00129,synthetic_seed
DC,2023,other,non-hisp,m,75-79,,0.00144,synthetic_seed
DC,2023,other,non-hisp,m,80-84,,0.00187,synthetic_seed
DC,2023,other,non-hisp,m,85+,,0.00184,synthetic_seed
DC,2023,other,non-hisp,f,0-4,,0.00137,synthetic_seed
DC,2023,other,non-hisp,f,5-9,,0.00187,synthetic_seed
DC,2023,other,non-hisp,f,10-14,,0.00151,synthetic_seed
DC,2023,other,non-hisp,f,15-19,,0.00333,synthetic_seed
DC,2023,other,non-hisp,f,20-24,,0.00818,synthetic_seed
DC,2023,other,non-hisp,f,25-29,,0.00857,synthetic_seed
DC,2023,other,non-hisp,f,30-34,,0.00736,synthetic_seed
DC,2023,other,non-hisp,f,35-39,,0.00821,synthetic_seed
DC,2023,other,non-hisp,f,40-44,,0.0101,synthetic_seed
DC,2023,other,non-hisp,f,45-49,,0.00305,synthetic_seed
DC,2023,other,non-hisp,f,50-54,,0.00461,synthetic_seed
DC,2023,other,non-hisp,f,55-59,,0.00179,synthetic_seed
DC,2023,other,non-hisp,f,60-64,,0.00166,synthetic_seed
DC,2023,other,non-hisp,f,65-69,,0.00152,synthetic_seed
DC,2023,other,non-hisp,f,70-74,,0.00164,synthetic_seed
DC,2023,other,non-hisp,f,75-79,,0.00133,synthetic_seed
DC,2023,other,non-hisp,f,80-84,,0.00151,synthetic_seed
DC,2023,other,non-hisp,f,85+,,0.00204,synthetic_seed
DC,2023,other,hisp,m,0-4,,0.00181,synthetic_seed
DC,2023,other,hisp,m,5-9,,0.00118,synthetic_seed
DC,2023,other,hisp,m,10-14,,0.00135,synthetic_seed
DC,2023,other,hisp,m,15-19,,0.00414,synthetic_seed
DC,2023,other,hisp,m,20-24,,0.00878,synthetic_seed
DC,2023,other,hisp,m,25-29,,0.00721,synthetic_seed
DC,2023,other,hisp,m,30-34,,0.00802,synthetic_seed
DC,2023,other,hisp,m,35-39,,0.00795,synthetic_seed
DC,2023,other,hisp,m,40-44,,0.00862,synthetic_seed
DC,2023,other,hisp,m,45-49,,0.00358,synthetic_seed
DC,2023,other,hisp,m,50-54,,0.00527,synthetic_seed
DC,2023,other,hisp,m,55-59,,0.0016,synthetic_seed
DC,2023,other,hisp,m,60-64,,0.00137,synthetic_seed
DC,2023,other,hisp,m,65-69,,0.00179,synthetic_seed
DC,2023,other,hisp,m,70-74,,0.00152,synthetic_seed
DC,2023,other,hisp,m,75-79,,0.00194,synthetic_seed
DC,2023,other,hisp,m,80-84,,0.00163,synthetic_seed
DC,2023,other,hisp,m,85+,,0.00161,synthetic_seed
DC,2023,other,hisp,f,0-4,,0.00164,synthetic_seed
DC,2023,other,hisp,f,5-9,,0.00164,synthetic_seed
DC,2023,other,hisp,f,10-14,,0.00173,synthetic_seed
DC,2023,other,hisp,f,15-19,,0.00395,synthetic_seed
DC,2023,other,hisp,f,20-24,,0.00728,synthetic_seed
DC,2023,other,hisp,f,25-29,,0.00772,synthetic_seed
DC,2023,other,hisp,f,30-34,,0.00803,synthetic_seed
DC,2023,other,hisp,f,35-39,,0.01043,synthetic_seed
DC,2023,other,hisp,f,40-44,,0.00921,synthetic_seed
DC,2023,other,hisp,f,45-49,,0.00466,synthetic_seed
DC,2023,other,hisp,f,50-54,,0.00369,synthetic_seed
DC,2023,other,hisp,f,55-59,,0.00186,synthetic_seed
DC,2023,other,hisp,f,60-64,,0.00158,synthetic_seed
DC,2023,other,hisp,f,65-69,,0.00193,synthetic_seed
DC,2023,other,hisp,f,70-74,,0.00158,synthetic_seed
DC,2023,other,hisp,f,75-79,,0.00176,synthetic_seed
DC,2023,other,hisp,f,80-84,,0.00193,synthetic_seed
DC,2023,other,hisp,f,85+,,0.00149,synthetic_seed
FL,2023,white,non-hisp,m,0-4,,0.00672,synthetic_seed
FL,2023,white,non-hisp,m,5-9,,0.00553,synthetic_seed
FL,2023,white,non-hisp,m,10-14,,0.00573,synthetic_seed
FL,2023,white,non-hisp,m,15-19,,0.01264,synthetic_seed
FL,2023,white,non-hisp,m,20-24,,0.02582,synthetic_seed
FL,2023,white,non-hisp,m,25-29,,0.03153,synthetic_seed
FL,2023,white,non-hisp,m,30-34,,0.02853,synthetic_seed
FL,2023,white,non-hisp,m,35-39,,0.02749,synthetic_seed
FL,2023,white,non-hisp,m,40-44,,0.02718,synthetic_seed
FL,2023,white,non-hisp,m,45-49,,0.01368,synthetic_seed
FL,2023,white,non-hisp,m,50-54,,0.01263,synthetic_seed
FL,2023,white,non-hisp,m,55-59,,0.00551,synthetic_seed
FL,2023,white,non-hisp,m,60-64,,0.00666,synthetic_seed
FL,2023,white,non-hisp,m,65-69,,0.00413,synthetic_seed
FL,2023,white,non-hisp,m,70-74,,0.00518,synthetic_seed
FL,2023,white,non-hisp,m,75-79,,0.0048,synthetic_seed
FL,2023,white,non-hisp,m,80-84,,0.00675,synthetic_seed
FL,2023,white,non-hisp,m,85+,,0.00605,synthetic_seed
FL,2023,white,non-hisp,f,0-4,,0.00465,synthetic_seed
FL,2023,white,non-hisp,f,5-9,,0.00522,synthetic_seed
FL,2023,white,non-hisp,f,10-14,,0.00464,synthetic_seed
FL,2023,white,non-hisp,f,15-19,,0.0129,synthetic_seed
FL,2023,white,non-hisp,f,20-24,,0.02766,synthetic_seed
FL,2023,white,non-hisp,f,25-29,,0.02884,synthetic_seed
FL,2023,white,non-hisp,f,30-34,,0.02349,synthetic_seed
FL,2023,white,non-hisp,f,35-39,,0.0222,synthetic_seed
FL,2023,white,non-hisp,f,40-44,,0.02953,synthetic_seed
FL,2023,white,non-hisp,f,45-49,,0.01449,synthetic_seed
FL,2023,white,non-hisp,f,50-54,,0.01397,synthetic_seed
FL,2023,white,non-hisp,f,55-59,,0.00408,synthetic_seed
FL,2023,white,non-hisp,f,60-64,,0.00277,synthetic_seed
FL,2023,white,non-hisp,f,65-69,,0.00412,synthetic_seed
FL,2023,white,non-hisp,f,70-74,,0.00537,synthetic_seed
FL,2023,white,non-hisp,f,75-79,,0.00551,synthetic_seed
FL,2023,white,non-hisp,f,80-84,,0.00505,synthetic_seed
FL,2023,white,non-hisp,f,85+,,0.0061,synthetic_seed
FL,2023,white,hisp,m,0-4,,0.00593,synthetic_seed
FL,2023,white,hisp,m,5-9,,0.0039,synthetic_seed
FL,2023,white,hisp,m,10-14,,0.00439,synthetic_seed
FL,2023,white,hisp,m,15-19,,0.01142,synthetic_seed
FL,2023,white,hisp,m,20-24,,0.02642,synthetic_seed
FL,2023,white,hisp,m,25-29,,0.03778,synthetic_seed
FL,2023,white,hisp,m,30-34,,0.03071,synthetic_seed
FL,2023,white,hisp,m,35-39,,0.03545,synthetic_seed
FL,2023,white,hisp,m,40-44,,0.02496,synthetic_seed
FL,2023,white,hisp,m,45-49,,0.01132,synthetic_seed
FL,2023,white,hisp,m,50-54,,0.01159,synthetic_seed
FL,2023,white,hisp,m,55-59,,0.00539,synthetic_seed
FL,2023,white,hisp,m,60-64,,0.00521,synthetic_seed
FL,2023,white,hisp,m,65-69,,0.00592,synthetic_seed
FL,2023,white,hisp,m,70-74,,0.00545,synthetic_seed
FL,2023,white,hisp,m,75-79,,0.0052,synthetic_seed
FL,2023,white,hisp,m,80-84,,0.00554,synthetic_seed
FL,2023,white,hisp,m,85+,,0.0048,synthetic_seed
FL,2023,white,hisp,f,0-4,,0.00507,synthetic_seed
FL,2023,white,hisp,f,5-9,,0.00622,synthetic_seed
FL,2023,white,hisp,f,10-14,,0.00571,synthetic_seed
FL,2023,white,hisp,f,15-19,,0.0107,synthetic_seed
FL,2023,white,hisp,f,20-24,,0.03057,synthetic_seed
FL,2023,white,hisp,f,25-29,,0.01904,synthetic_seed
FL,2023,white,hisp,f,30-34,,0.03291,synthetic_seed
FL,2023,white,hisp,f,35-39,,0.02052,synthetic_seed
FL,2023,white,hisp,f,40-44,,0.02361,synthetic_seed
FL,2023,white,hisp,f,45-49,,0.01083,synthetic_seed
FL,2023,white,hisp,f,50-54,,0.01189,synthetic_seed
FL,2023,white,hisp,f,55-59,,0.00502,synthetic_seed
FL,2023,white,hisp,f,60-64,,0.00398,synthetic_seed
FL,2023,white,hisp,f,65-69,,0.00633,synthetic_seed
FL,2023,white,hisp,f,70-74,,0.00648,synthetic_seed
FL,2023,white,hisp,f,75-79,,0.00589,synthetic_seed
FL,2023,white,hisp,f,80-84,,0.00525,synthetic_seed
FL,2023,white,hisp,f,85+,,0.00487,synthetic_seed
FL,2023,black,non-hisp,m,0-4,,0.0045,synthetic_seed
FL,2023,black,non-hisp,m,5-9,,0.00613,synthetic_seed
FL,2023,black,non-hisp,m,10-14,,0.00493,synthetic_seed
FL,2023,black,non-hisp,m,15-19,,0.01525,synthetic_seed
FL,2023,black,non-hisp,m,20-24,,0.0231,synthetic_seed
FL,2023,black,non-hisp,m,25-29,,0.03156,synthetic_seed
FL,2023,black,non-hisp,m,30-34,,0.0269,synthetic_seed
FL,2023,black,non-hisp,m,35-39,,0.02594,synthetic_seed
FL,2023,black,non-hisp,m,40-44,,0.02447,synthetic_seed
FL,2023,black,non-hisp,m,45-49,,0.01599,synthetic_seed
FL,2023,black,non-hisp,m,50-54,,0.01462,synthetic_seed
FL,2023,black,non-hisp,m,55-59,,0.00538,synthetic_seed
FL,2023,black,non-hisp,m,60-64,,0.00525,synthetic_seed
FL,2023,black,non-hisp,m,65-69,,0.00497,synthetic_seed
FL,2023,black,non-hisp,m,70-74,,0.00491,synthetic_seed
FL,2023,black,non-hisp,m,75-79,,0.00661,synthetic_seed
FL,2023,black,non-hisp,m,80-84,,0.00536,synthetic_seed
FL,2023,black,non-hisp,m,85+,,0.00562,synthetic_seed
FL,2023,black,non-hisp,f,0-4,,0.00548,synthetic_seed
FL,2023,black,non-hisp,f,5-9,,0.00589,synthetic_seed
FL,2023,black,non-hisp,f,10-14,,0.004,synthetic_seed
FL,2023,black,non-hisp,f,15-19,,0.00991,synthetic_seed
FL,2023,black,non-hisp,f,20-24,,0.0261,synthetic_seed
FL,2023,black,non-hisp,f,25-29,,0.03108,synthetic_seed
FL,2023,black,non-hisp,f,30-34,,0.0228,synthetic_seed
FL,2023,black,non-hisp,f,35-39,,0.03111,synthetic_seed
FL,2023,black,non-hisp,f,40-44,,0.0272,synthetic_seed
FL,2023,black,non-hisp,f,45-49,,0.01595,synthetic_seed
FL,2023,black,non-hisp,f,50-54,,0.01662,synthetic_seed
FL,2023,black,non-hisp,f,55-59,,0.0052,synthetic_seed
FL,2023,black,non-hisp,f,60-64,,0.00616,synthetic_seed
FL,2023,black,non-hisp,f,65-69,,0.00614,synthetic_seed
FL,2023,black,non-hisp,f,70-74,,0.00382,synthetic_seed
FL,2023,black,non-hisp,f,75-79,,0.00575,synthetic_seed
FL,2023,black,non-hisp,f,80-84,,0.00491,synthetic_seed
FL,2023,black,non-hisp,f,85+,,0.00537,synthetic_seed
FL,2023,black,hisp,m,0-4,,0.00572,synthetic_seed
FL,2023,black,hisp,m,5-9,,0.00476,synthetic_seed
FL,2023,black,hisp,m,10-14,,0.00453,synthetic_seed
FL,2023,black,hisp,m,15-19,,0.01235,synthetic_seed
FL,2023,black,hisp,m,20-24,,0.02921,synthetic_seed
FL,2023,black,hisp,m,25-29,,0.02667,synthetic_seed
FL,2023,black,hisp,m,30-34,,0.0282,synthetic_seed
FL,2023,black,hisp,m,35-39,,0.02144,synthetic_seed
FL,2023,black,hisp,m,40-44,,0.02198,synthetic_seed
FL,2023,black,hisp,m,45-49,,0.01188,synthetic_seed
FL,2023,black,hisp,m,50-54,,0.01026,synthetic_seed
FL,2023,black,hisp,m,55-59,,0.00593,synthetic_seed
FL,2023,black,hisp,m,60-64,,0.00569,synthetic_seed
FL,2023,black,hisp,m,65-69,,0.00506,synthetic_seed
FL,2023,black,hisp,m,70-74,,0.00465,synthetic_seed
FL,2023,black,hisp,m,75-79,,0.00481,synthetic_seed
FL,2023,black,hisp,m,80-84,,0.00615,synthetic_seed
FL,2023,black,hisp,m,85+,,0.00492,synthetic_seed
FL,2023,black,hisp,f,0-4,,0.00513,synthetic_seed
FL,2023,black,hisp,f,5-9,,0.00505,synthetic_seed
FL,2023,black,hisp,f,10-14,,0.00753,synthetic_seed
FL,2023,black,hisp,f,15-19,,0.01268,synthetic_seed
FL,2023,black,hisp,f,20-24,,0.02797,synthetic_seed
FL,2023,black,hisp,f,25-29,,0.02982,synthetic_seed
FL,2023,black,hisp,f,30-34,,0.03025,synthetic_seed
FL,2023,black,hisp,f,35-39,,0.02528,synthetic_seed
FL,2023,black,hisp,f,40-44,,0.02783,synthetic_seed
FL,2023,black,hisp,f,45-49,,0.01673,synthetic_seed
FL,2023,black,hisp,f,50-54,,0.01296,synthetic_seed
FL,2023,black,hisp,f,55-59,,0.00622,synthetic_seed
FL,2023,black,hisp,f,60-64,,0.00392,synthetic_seed
FL,2023,black,hisp,f,65-69,,0.00569,synthetic_seed
FL,2023,black,hisp,f,70-74,,0.0052,synthetic_seed
FL,2023,black,hisp,f,75-79,,0.00549,synthetic_seed
FL,2023,black,hisp,f,80-84,,0.0057,synthetic_seed
FL,2023,black,hisp,f,85+,,0.00577,synthetic_seed
FL,2023,asian,non-hisp,m,0-4,,0.00507,synthetic_seed
FL,2023,asian,non-hisp,m,5-9,,0.00552,synthetic_seed
FL,2023,asian,non-hisp,m,10-14,,0.00639,synthetic_seed
FL,2023,asian,non-hisp,m,15-19,,0.01366,synthetic_seed
FL,2023,asian,non-hisp,m,20-24,,0.02712,synthetic_seed
FL,2023,asian,non-hisp,m,25-29,,0.02244,synthetic_seed
FL,2023,asian,non-hisp,m,30-34,,0.02141,synthetic_seed
FL,2023,asian,non-hisp,m,35-39,,0.0193,synthetic_seed
FL,2023,asian,non-hisp,m,40-44,,0.02806,synthetic_seed
FL,2023,asian,non-hisp,m,45-49,,0.01271,synthetic_seed
FL,2023,asian,non-hisp,m,50-54,,0.01492,synthetic_seed
FL,2023,asian,non-hisp,m,55-59,,0.00486,synthetic_seed
FL,2023,asian,non-hisp,m,60-64,,0.00465,synthetic_seed
FL,2023,asian,non-hisp,m,65-69,,0.00351,synthetic_seed
FL,2023,asian,non-hisp,m,70-74,,0.00528,synthetic_seed
FL,2023,asian,non-hisp,m,75-79,,0.00524,synthetic_seed
FL,2023,asian,non-hisp,m,80-84,,0.00591,synthetic_seed
FL,2023,asian,non-hisp,m,85+,,0.00459,synthetic_seed
FL,2023,asian,non-hisp,f,0-4,,0.0042,synthetic_seed
FL,2023,asian,non-hisp,f,5-9,,0.00466,synthetic_seed
FL,2023,asian,non-hisp,f,10-14,,0.00652,synthetic_seed
FL,2023,asian,non-hisp,f,15-19,,0.01217,synthetic_seed
FL,2023,asian,non-hisp,f,20-24,,0.02754,synthetic_seed
FL,2023,asian,non-hisp,f,25-29,,0.0241,synthetic_seed
FL,2023,asian,non-hisp,f,30-34,,0.02186,synthetic_seed
FL,2023,asian,non-hisp,f,35-39,,0.02406,synthetic_seed
FL,2023,asian,non-hisp,f,40-44,,0.02833,synthetic_seed
FL,2023,asian,non-hisp,f,45-49,,0.01266,synthetic_seed
FL,2023,asian,non-hisp,f,50-54,,0.01231,synthetic_seed
FL,2023,asian,non-hisp,f,55-59,,0.00543,synthetic_seed
FL,2023,asian,non-hisp,f,60-64,,0.00564,synthetic_seed
FL,2023,asian,non-hisp,f,65-69,,0.00681,synthetic_seed
FL,2023,asian,non-hisp,f,70-74,,0.00725,synthetic_seed
FL,2023,asian,non-hisp,f,75-79,,0.00657,synthetic_seed
FL,2023,asian,non-hisp,f,80-84,,0.00601,synthetic_seed
FL,2023,asian,non-hisp,f,85+,,0.00586,synthetic_seed
FL,2023,asian,hisp,m,0-4,,0.00605,synthetic_seed
FL,2023,asian,hisp,m,5-9,,0.00627,synthetic_seed
FL,2023,asian,hisp,m,10-14,,0.00516,synthetic_seed
FL,2023,asian,hisp,m,15-19,,0.01623,synthetic_seed
FL,2023,asian,hisp,m,20-24,,0.02515,synthetic_seed
FL,2023,asian,hisp,m,25-29,,0.03069,synthetic_seed
FL,2023,asian,hisp,m,30-34,,0.02661,synthetic_seed
FL,2023,asian,hisp,m,35-39,,0.02383,synthetic_seed
FL,2023,asian,hisp,m,40-44,,0.02371,synthetic_seed
FL,2023,asian,hisp,m,45-49,,0.01358,synthetic_seed
FL,2023,asian,hisp,m,50-54,,0.01269,synthetic_seed
FL,2023,asian,hisp,m,55-59,,0.00532,synthetic_seed
FL,2023,asian,hisp,m,60-64,,0.00508,synthetic_seed
FL,2023,asian,hisp,m,65-69,,0.00369,synthetic_seed
FL,2023,asian,hisp,m,70-74,,0.00463,synthetic_seed
FL,2023,asian,hisp,m,75-79,,0.00479,synthetic_seed
FL,2023,asian,hisp,m,80-84,,0.00502,synthetic_seed
FL,2023,asian,hisp,m,85+,,0.0056,synthetic_seed
FL,2023,asian,hisp,f,0-4,,0.00357,synthetic_seed
FL,2023,asian,hisp,f,5-9,,0.00553,synthetic_seed
FL,2023,asian,hisp,f,10-14,,0.00525,synthetic_seed
FL,2023,asian,hisp,f,15-19,,0.01706,synthetic_seed
FL,2023,asian,hisp,f,20-24,,0.02378,synthetic_seed
FL,2023,asian,hisp,f,25-29,,0.02625,synthetic_seed
FL,2023,asian,hisp,f,30-34,,0.03019,synthetic_seed
FL,2023,asian,hisp,f,35-39,,0.02962,synthetic_seed
FL,2023,asian,hisp,f,40-44,,0.02862,synthetic_seed
FL,2023,asian,hisp,f,45-49,,0.01475,synthetic_seed
FL,2023,asian,hisp,f,50-54,,0.01503,synthetic_seed
FL,2023,asian,hisp,f,55-59,,0.00404,synthetic_seed
FL,2023,asian,hisp,f,60-64,,0.00669,synthetic_seed
FL,2023,asian,hisp,f,65-69,,0.00621,synthetic_seed
FL,2023,asian,hisp,f,70-74,,0.00499,synthetic_seed
FL,2023,asian,hisp,f,75-79,,0.00489,synthetic_seed
FL,2023,asian,hisp,f,80-84,,0.00491,synthetic_seed
FL,2023,asian,hisp,f,85+,,0.00544,synthetic_seed
FL,2023,other,non-hisp,m,0-4,,0.00531,synthetic_seed
FL,2023,other,non-hisp,m,5-9,,0.00484,synthetic_seed
FL,2023,other,non-hisp,m,10-14,,0.00599,synthetic_seed
FL,2023,other,non-hisp,m,15-19,,0.01102,synthetic_seed
FL,2023,other,non-hisp,m,20-24,,0.02704,synthetic_seed
FL,2023,other,non-hisp,m,25-29,,0.03083,synthetic_seed
FL,2023,other,non-hisp,m,30-34,,0.02315,synthetic_seed
FL,2023,other,non-hisp,m,35-39,,0.03127,synthetic_seed
FL,2023,other,non-hisp,m,40-44,,0.02192,synthetic_seed
FL,2023,other,non-hisp,m,45-49,,0.01435,synthetic_seed
FL,2023,other,non-hisp,m,50-54,,0.00983,synthetic_seed
FL,2023,other,non-hisp,m,55-59,,0.00483,synthetic_seed
FL,2023,other,non-hisp,m,60-64,,0.00517,synthetic_seed
FL,2023,other,non-hisp,m,65-69,,0.00592,synthetic_seed
FL,2023,other,non-hisp,m,70-74,,0.00615,synthetic_seed
FL,2023,other,non-hisp,m,75-79,,0.00602,synthetic_seed
FL,2023,other,non-hisp,m,80-84,,0.00517,synthetic_seed
FL,2023,other,non-hisp,m,85+,,0.00423,synthetic_seed
FL,2023,other,non-hisp,f,0-4,,0.00447,synthetic_seed
FL,2023,other,non-hisp,f,5-9,,0.00546,synthetic_seed
FL,2023,other,non-hisp,f,10-14,,0.00357,synthetic_seed
FL,2023,other,non-hisp,f,15-19,,0.01463,synthetic_seed
FL,2023,other,non-hisp,f,20-24,,0.02473,synthetic_seed
FL,2023,other,non-hisp,f,25-29,,0.03138,synthetic_seed
FL,2023,other,non-hisp,f,30-34,,0.02371,synthetic_seed
FL,2023,other,non-hisp,f,35-39,,0.01786,synthetic_seed
FL,2023,other,non-hisp,f,40-44,,0.02834,synthetic_seed
FL,2023,other,non-hisp,f,45-49,,0.01408,synthetic_seed
FL,2023,other,non-hisp,f,50-54,,0.01343,synthetic_seed
FL,2023,other,non-hisp,f,55-59,,0.00515,synthetic_seed
FL,2023,other,non-hisp,f,60-64,,0.00389,synthetic_seed
FL,2023,other,non-hisp,f,65-69,,0.0043,synthetic_seed
FL,2023,other,non-hisp,f,70-74,,0.00595,synthetic_seed
FL,2023,other,non-hisp,f,75-79,,0.00477,synthetic_seed
FL,2023,other,non-hisp,f,80-84,,0.00662,synthetic_seed
FL,2023,other,non-hisp,f,85+,,0.00667,synthetic_seed
FL,2023,other,hisp,m,0-4,,0.0037,synthetic_seed
FL,2023,other,hisp,m,5-9,,0.00543,synthetic_seed
FL,2023,other,hisp,m,10-14,,0.00395,synthetic_seed
FL,2023,other,hisp,m,15-19,,0.00905,synthetic_seed
FL,2023,other,hisp,m,20-24,,0.0338,synthetic_seed
FL,2023,other,hisp,m,25-29,,0.02744,synthetic_seed
FL,2023,other,hisp,m,30-34,,0.02688,synthetic_seed
FL,2023,other,hisp,m,35-39,,0.02975,synthetic_seed
FL,2023,other,hisp,m,40-44,,0.02589,synthetic_seed
FL,2023,other,hisp,m,45-49,,0.00966,synthetic_seed
FL,2023,other,hisp,m,50-54,,0.01131,synthetic_seed
FL,2023,other,hisp,m,55-59,,0.00513,synthetic_seed
FL,2023,other,hisp,m,60-64,,0.00462,synthetic_seed
FL,2023,other,hisp,m,65-69,,0.00567,synthetic_seed
FL,2023,other,hisp,m,70-74,,0.00515,synthetic_seed
FL,2023,other,hisp,m,75-79,,0.00511,synthetic_seed
FL,2023,other,hisp,m,80-84,,0.00486,synthetic_seed
FL,2023,other,hisp,m,85+,,0.00495,synthetic_seed
FL,2023,other,hisp,f,0-4,,0.00493,synthetic_seed
FL,2023,other,hisp,f,5-9,,0.00513,synthetic_seed
FL,2023,other,hisp,f,10-14,,0.00673,synthetic_seed
FL,2023,other,hisp,f,15-19,,0.01357,synthetic_seed
FL,2023,other,hisp,f,20-24,,0.02954,synthetic_seed
FL,2023,other,hisp,f,25-29,,0.02656,synthetic_seed
FL,2023,other,hisp,f,30-34,,0.02138,synthetic_seed
FL,2023,other,hisp,f,35-39,,0.02848,synthetic_seed
FL,2023,other,hisp,f,40-44,,0.02519,synthetic_seed
FL,2023,other,hisp,f,45-49,,0.00855,synthetic_seed
FL,2023,other,hisp,f,50-54,,0.01877,synthetic_seed
FL,2023,other,hisp,f,55-59,,0.00507,synthetic_seed
FL,2023,other,hisp,f,60-64,,0.00448,synthetic_seed
FL,2023,other,hisp,f,65-69,,0.00421,synthetic_seed
FL,2023,other,hisp,f,70-74,,0.00578,synthetic_seed
FL,2023,other,hisp,f,75-79,,0.00489,synthetic_seed
FL,2023,other,hisp,f,80-84,,0.00413,synthetic_seed
FL,2023,other,hisp,f,85+,,0.00488,synthetic_seed
GA,2023,white,non-hisp,m,0-4,,0.00429,synthetic_seed
GA,2023,white,non-hisp,m,5-9,,0.00373,synthetic_seed
GA,2023,white,non-hisp,m,10-14,,0.005,synthetic_seed
GA,2023,white,non-hisp,m,15-19,,0.01255,synthetic_seed
GA,2023,white,non-hisp,m,20-24,,0.02376,synthetic_seed
GA,2023,white,non-hisp,m,25-29,,0.02232,synthetic_seed
GA,2023,white,non-hisp,m,30-34,,0.01983,synthetic_seed
GA,2023,white,non-hisp,m,35-39,,0.02442,synthetic_seed
GA,2023,white,non-hisp,m,40-44,,0.01813,synthetic_seed
GA,2023,white,non-hisp,m,45-49,,0.01125,synthetic_seed
GA,2023,white,non-hisp,m,50-54,,0.00865,synthetic_seed
GA,2023,white,non-hisp,m,55-59,,0.00415,synthetic_seed
GA,2023,white,non-hisp,m,60-64,,0.00335,synthetic_seed
GA,2023,white,non-hisp,m,65-69,,0.00394,synthetic_seed
GA,2023,white,non-hisp,m,70-74,,0.00408,synthetic_seed
GA,2023,white,non-hisp,m,75-79,,0.00417,synthetic_seed
GA,2023,white,non-hisp,m,80-84,,0.00465,synthetic_seed
GA,2023,white,non-hisp,m,85+,,0.00413,synthetic_seed
GA,2023,white,non-hisp,f,0-4,,0.00378,synthetic_seed
GA,2023,white,non-hisp,f,5-9,,0.00405,synthetic_seed
GA,2023,white,non-hisp,f,10-14,,0.00372,synthetic_seed
GA,2023,white,non-hisp,f,15-19,,0.00887,synthetic_seed
GA,2023,white,non-hisp,f,20-24,,0.02401,synthetic_seed
GA,2023,white,non-hisp,f,25-29,,0.01479,synthetic_seed
GA,2023,white,non-hisp,f,30-34,,0.02012,synthetic_seed
GA,2023,white,non-hisp,f,35-39,,0.01823,synthetic_seed
GA,2023,white,non-hisp,f,40-44,,0.01849,synthetic_seed
GA,2023,white,non-hisp,f,45-49,,0.00953,synthetic_seed
GA,2023,white,non-hisp,f,50-54,,0.01003,synthetic_seed
GA,2023,white,non-hisp,f,55-59,,0.00422,synthetic_seed
GA,2023,white,non-hisp,f,60-64,,0.00334,synthetic_seed
GA,2023,white,non-hisp,f,65-69,,0.00377,synthetic_seed
GA,2023,white,non-hisp,f,70-74,,0.00397,synthetic_seed
GA,2023,white,non-hisp,f,75-79,,0.00439,synthetic_seed
GA,2023,white,non-hisp,f,80-84,,0.00353,synthetic_seed
GA,2023,white,non-hisp,f,85+,,0.00313,synthetic_seed
GA,2023,white,hisp,m,0-4,,0.00405,synthetic_seed
GA,2023,white,hisp,m,5-9,,0.00368,synthetic_seed
GA,2023,white,hisp,m,10-14,,0.00396,synthetic_seed
GA,2023,white,hisp,m,15-19,,0.01213,synthetic_seed
GA,2023,white,hisp,m,20-24,,0.02178,synthetic_seed
GA,2023,white,hisp,m,25-29,,0.02016,synthetic_seed
GA,2023,white,hisp,m,30-34,,0.01952,synthetic_seed
GA,2023,white,hisp,m,35-39,,0.01522,synthetic_seed
GA,2023,white,hisp,m,40-44,,0.02201,synthetic_seed
GA,2023,white,hisp,m,45-49,,0.01097,synthetic_seed
GA,2023,white,hisp,m,50-54,,0.01089,synthetic_seed
GA,2023,white,hisp,m,55-59,,0.00427,synthetic_seed
GA,2023,white,hisp,m,60-64,,0.00452,synthetic_seed
GA,2023,white,hisp,m,65-69,,0.00488,synthetic_seed
GA,2023,white,hisp,m,70-74,,0.00441,synthetic_seed
GA,2023,white,hisp,m,75-79,,0.0047,synthetic_seed
GA,2023,white,hisp,m,80-84,,0.00472,synthetic_seed
GA,2023,white,hisp,m,85+,,0.00353,synthetic_seed
GA,2023,white,hisp,f,0-4,,0.00439,synthetic_seed
GA,2023,white,hisp,f,5-9,,0.00448,synthetic_seed
GA,2023,white,hisp,f,10-14,,0.00375,synthetic_seed
GA,2023,white,hisp,f,15-19,,0.01075,synthetic_seed
GA,2023,white,hisp,f,20-24,,0.0201,synthetic_seed
GA,2023,white,hisp,f,25-29,,0.01891,synthetic_seed
GA,2023,white,hisp,f,30-34,,0.02277,synthetic_seed
GA,2023,white,hisp,f,35-39,,0.01806,synthetic_seed
GA,2023,white,hisp,f,40-44,,0.02109,synthetic_seed
GA,2023,white,hisp,f,45-49,,0.00791,synthetic_seed
GA,2023,white,hisp,f,50-54,,0.01155,synthetic_seed
GA,2023,white,hisp,f,55-59,,0.00395,synthetic_seed
GA,2023,white,hisp,f,60-64,,0.00416,synthetic_seed
GA,2023,white,hisp,f,65-69,,0.0029,synthetic_seed
GA,2023,white,hisp,f,70-74,,0.00378,synthetic_seed
GA,2023,white,hisp,f,75-79,,0.00403,synthetic_seed
GA,2023,white,hisp,f,80-84,,0.00443,synthetic_seed
GA,2023,white,hisp,f,85+,,0.00479,synthetic_seed
GA,2023,black,non-hisp,m,0-4,,0.00454,synthetic_seed
GA,2023,black,non-hisp,m,5-9,,0.00493,synthetic_seed
GA,2023,black,non-hisp,m,10-14,,0.00311,synthetic_seed
GA,2023,black,non-hisp,m,15-19,,0.00793,synthetic_seed
GA,2023,black,non-hisp,m,20-24,,0.01832,synthetic_seed
GA,2023,black,non-hisp,m,25-29,,0.016,synthetic_seed
GA,2023,black,non-hisp,m,30-34,,0.01866,synthetic_seed
GA,2023,black,non-hisp,m,35-39,,0.01756,synthetic_seed
GA,2023,black,non-hisp,m,40-44,,0.02102,synthetic_seed
GA,2023,black,non-hisp,m,45-49,,0.01039,synthetic_seed
GA,2023,black,non-hisp,m,50-54,,0.0104,synthetic_seed
GA,2023,black,non-hisp,m,55-59,,0.00402,synthetic_seed
GA,2023,black,non-hisp,m,60-64,,0.00418,synthetic_seed
GA,2023,black,non-hisp,m,65-69,,0.00337,synthetic_seed
GA,2023,black,non-hisp,m,70-74,,0.0043,synthetic_seed
GA,2023,black,non-hisp,m,75-79,,0.00471,synthetic_seed
GA,2023,black,non-hisp,m,80-84,,0.00427,synthetic_seed
GA,2023,black,non-hisp,m,85+,,0.00433,synthetic_seed
GA,2023,black,non-hisp,f,0-4,,0.00536,synthetic_seed
GA,2023,black,non-hisp,f,5-9,,0.00482,synthetic_seed
GA,2023,black,non-hisp,f,10-14,,0.0043,synthetic_seed
GA,2023,black,non-hisp,f,15-19,,0.01022,synthetic_seed
GA,2023,black,non-hisp,f,20-24,,0.02002,synthetic_seed
GA,2023,black,non-hisp,f,25-29,,0.02136,synthetic_seed
GA,2023,black,non-hisp,f,30-34,,0.02109,synthetic_seed
GA,2023,black,non-hisp,f,35-39,,0.01835,synthetic_seed
GA,2023,black,non-hisp,f,40-44,,0.01856,synthetic_seed
GA,2023,black,non-hisp,f,45-49,,0.00878,synthetic_seed
GA,2023,black,non-hisp,f,50-54,,0.01064,synthetic_seed
GA,2023,black,non-hisp,f,55-59,,0.00388,synthetic_seed
GA,2023,black,non-hisp,f,60-64,,0.00288,synthetic_seed
GA,2023,black,non-hisp,f,65-69,,0.00437,synthetic_seed
GA,2023,black,non-hisp,f,70-74,,0.00315,synthetic_seed
GA,2023,black,non-hisp,f,75-79,,0.00331,synthetic_seed
GA,2023,black,non-hisp,f,80-84,,0.00335,synthetic_seed
GA,2023,black,non-hisp,f,85+,,0.0039,synthetic_seed
GA,2023,black,hisp,m,0-4,,0.00537,synthetic_seed
GA,2023,black,hisp,m,5-9,,0.00419,synthetic_seed
GA,2023,black,hisp,m,10-14,,0.00441,synthetic_seed
GA,2023,black,hisp,m,15-19,,0.01128,synthetic_seed
GA,2023,black,hisp,m,20-24,,0.01722,synthetic_seed
GA,2023,black,hisp,m,25-29,,0.02047,synthetic_seed
GA,2023,black,hisp,m,30-34,,0.01642,synthetic_seed
GA,2023,black,hisp,m,35-39,,0.01633,synthetic_seed
GA,2023,black,hisp,m,40-44,,0.02279,synthetic_seed
GA,2023,black,hisp,m,45-49,,0.01282,synthetic_seed
GA,2023,black,hisp,m,50-54,,0.01112,synthetic_seed
GA,2023,black,hisp,m,55-59,,0.00393,synthetic_seed
GA,2023,black,hisp,m,60-64,,0.00467,synthetic_seed
GA,2023,black,hisp,m,65-69,,0.00419,synthetic_seed
GA,2023,black,hisp,m,70-74,,0.00473,synthetic_seed
GA,2023,black,hisp,m,75-79,,0.00458,synthetic_seed
GA,2023,black,hisp,m,80-84,,0.00382,synthetic_seed
GA,2023,black,hisp,m,85+,,0.00405,synthetic_seed
GA,2023,black,hisp,f,0-4,,0.00348,synthetic_seed
GA,2023,black,hisp,f,5-9,,0.00429,synthetic_seed
GA,2023,black,hisp,f,10-14,,0.00479,synthetic_seed
GA,2023,black,hisp,f,15-19,,0.00888,synthetic_seed
GA,2023,black,hisp,f,20-24,,0.02296,synthetic_seed
GA,2023,black,hisp,f,25-29,,0.01994,synthetic_seed
GA,2023,black,hisp,f,30-34,,0.01385,synthetic_seed
GA,2023,black,hisp,f,35-39,,0.01807,synthetic_seed
GA,2023,black,hisp,f,40-44,,0.0199,synthetic_seed
GA,2023,black,hisp,f,45-49,,0.0078,synthetic_seed
GA,2023,black,hisp,f,50-54,,0.01176,synthetic_seed
GA,2023,black,hisp,f,55-59,,0.00398,synthetic_seed
GA,2023,black,hisp,f,60-64,,0.00498,synthetic_seed
GA,2023,black,hisp,f,65-69,,0.00358,synthetic_seed
GA,2023,black,hisp,f,70-74,,0.00354,synthetic_seed
GA,2023,black,hisp,f,75-79,,0.00396,synthetic_seed
GA,2023,black,hisp,f,80-84,,0.00415,synthetic_seed
GA,2023,black,hisp,f,85+,,0.00373,synthetic_seed
GA,2023,asian,non-hisp,m,0-4,,0.0046,synthetic_seed
GA,2023,asian,non-hisp,m,5-9,,0.00352,synthetic_seed
GA,2023,asian,non-hisp,m,10-14,,0.0042,synthetic_seed
GA,2023,asian,non-hisp,m,15-19,,0.01054,synthetic_seed
GA,2023,asian,non-hisp,m,20-24,,0.01746,synthetic_seed
GA,2023,asian,non-hisp,m,25-29,,0.0151,synthetic_seed
GA,2023,asian,non-hisp,m,30-34,,0.01501,synthetic_seed
GA,2023,asian,non-hisp,m,35-39,,0.02182,synthetic_seed
GA,2023,asian,non-hisp,m,40-44,,0.01877,synthetic_seed
GA,2023,asian,non-hisp,m,45-49,,0.01062,synthetic_seed
GA,2023,asian,non-hisp,m,50-54,,0.01195,synthetic_seed
GA,2023,asian,non-hisp,m,55-59,,0.00488,synthetic_seed
GA,2023,asian,non-hisp,m,60-64,,0.00346,synthetic_seed
GA,2023,asian,non-hisp,m,65-69,,0.00329,synthetic_seed
GA,2023,asian,non-hisp,m,70-74,,0.00343,synthetic_seed
GA,2023,asian,non-hisp,m,75-79,,0.00453,synthetic_seed
GA,2023,asian,non-hisp,m,80-84,,0.00402,synthetic_seed
GA,2023,asian,non-hisp,m,85+,,0.00462,synthetic_seed
GA,2023,asian,non-hisp,f,0-4,,0.00388,synthetic_seed
GA,2023,asian,non-hisp,f,5-9,,0.00414,synthetic_seed
GA,2023,asian,non-hisp,f,10-14,,0.00452,synthetic_seed
GA,2023,asian,non-hisp,f,15-19,,0.01019,synthetic_seed
GA,2023,asian,non-hisp,f,20-24,,0.0216,synthetic_seed
GA,2023,asian,non-hisp,f,25-29,,0.01449,synthetic_seed
GA,2023,asian,non-hisp,f,30-34,,0.01664,synthetic_seed
GA,2023,asian,non-hisp,f,35-39,,0.01662,synthetic_seed
GA,2023,asian,non-hisp,f,40-44,,0.02511,synthetic_seed
GA,2023,asian,non-hisp,f,45-49,,0.01073,synthetic_seed
GA,2023,asian,non-hisp,f,50-54,,0.0097,synthetic_seed
GA,2023,asian,non-hisp,f,55-59,,0.00441,synthetic_seed
GA,2023,asian,non-hisp,f,60-64,,0.00314,synthetic_seed
GA,2023,asian,non-hisp,f,65-69,,0.00344,synthetic_seed
GA,2023,asian,non-hisp,f,70-74,,0.00342,synthetic_seed
GA,2023,asian,non-hisp,f,75-79,,0.00359,synthetic_seed
GA,2023,asian,non-hisp,f,80-84,,0.00368,synthetic_seed
GA,2023,asian,non-hisp,f,85+,,0.0047,synthetic_seed
GA,2023,asian,hisp,m,0-4,,0.00499,synthetic_seed
GA,2023,asian,hisp,m,5-9,,0.0036,synthetic_seed
GA,2023,asian,hisp,m,10-14,,0.00454,synthetic_seed
GA,2023,asian,hisp,m,15-19,,0.01008,synthetic_seed
GA,2023,asian,hisp,m,20-24,,0.01477,synthetic_seed
GA,2023,asian,hisp,m,25-29,,0.01845,synthetic_seed
GA,2023,asian,hisp,m,30-34,,0.02008,synthetic_seed
GA,2023,asian,hisp,m,35-39,,0.01364,synthetic_seed
GA,2023,asian,hisp,m,40-44,,0.02378,synthetic_seed
GA,2023,asian,hisp,m,45-49,,0.00973,synthetic_seed
GA,2023,asian,hisp,m,50-54,,0.01006,synthetic_seed
GA,2023,asian,hisp,m,55-59,,0.00298,synthetic_seed
GA,2023,asian,hisp,m,60-64,,0.00476,synthetic_seed
GA,2023,asian,hisp,m,65-69,,0.00369,synthetic_seed
GA,2023,asian,hisp,m,70-74,,0.00358,synthetic_seed
GA,2023,asian,hisp,m,75-79,,0.00413,synthetic_seed
GA,2023,asian,hisp,m,80-84,,0.00272,synthetic_seed
GA,2023,asian,hisp,m,85+,,0.00383,synthetic_seed
GA,2023,asian,hisp,f,0-4,,0.00394,synthetic_seed
GA,2023,asian,hisp,f,5-9,,0.00467,synthetic_seed
GA,2023,asian,hisp,f,10-14,,0.00292,synthetic_seed
GA,2023,asian,hisp,f,15-19,,0.01117,synthetic_seed
GA,2023,asian,hisp,f,20-24,,0.02097,synthetic_seed
GA,2023,asian,hisp,f,25-29,,0.02448,synthetic_seed
GA,2023,asian,hisp,f,30-34,,0.01768,synthetic_seed
GA,2023,asian,hisp,f,35-39,,0.01661,synthetic_seed
GA,2023,asian,hisp,f,40-44,,0.02322,synthetic_seed
GA,2023,asian,hisp,f,45-49,,0.01007,synthetic_seed
GA,2023,asian,hisp,f,50-54,,0.01039,synthetic_seed
GA,2023,asian,hisp,f,55-59,,0.00399,synthetic_seed
GA,2023,asian,hisp,f,60-64,,0.00372,synthetic_seed
GA,2023,asian,hisp,f,65-69,,0.00446,synthetic_seed
GA,2023,asian,hisp,f,70-74,,0.00427,synthetic_seed
GA,2023,asian,hisp,f,75-79,,0.00466,synthetic_seed
GA,2023,asian,hisp,f,80-84,,0.00368,synthetic_seed
GA,2023,asian,hisp,f,85+,,0.00366,synthetic_seed
GA,2023,other,non-hisp,m,0-4,,0.00403,synthetic_seed
GA,2023,other,non-hisp,m,5-9,,0.00413,synthetic_seed
GA,2023,other,non-hisp,m,10-14,,0.00406,synthetic_seed
GA,2023,other,non-hisp,m,15-19,,0.00833,synthetic_seed
GA,2023,other,non-hisp,m,20-24,,0.0176,synthetic_seed
GA,2023,other,non-hisp,m,25-29,,0.0193,synthetic_seed
GA,2023,other,non-hisp,m,30-34,,0.01973,synthetic_seed
GA,2023,other,non-hisp,m,35-39,,0.02084,synthetic_seed
GA,2023,other,non-hisp,m,40-44,,0.01368,synthetic_seed
GA,2023,other,non-hisp,m,45-49,,0.00969,synthetic_seed
GA,2023,other,non-hisp,m,50-54,,0.009,synthetic_seed
GA,2023,other,non-hisp,m,55-59,,0.00499,synthetic_seed
GA,2023,other,non-hisp,m,60-64,,0.00465,synthetic_seed
GA,2023,other,non-hisp,m,65-69,,0.00426,synthetic_seed
GA,2023,other,non-hisp,m,70-74,,0.00331,synthetic_seed
GA,2023,other,non-hisp,m,75-79,,0.00402,synthetic_seed
GA,2023,other,non-hisp,m,80-84,,0.00378,synthetic_seed
GA,2023,other,non-hisp,m,85+,,0.00374,synthetic_seed
GA,2023,other,non-hisp,f,0-4,,0.00329,synthetic_seed
GA,2023,other,non-hisp,f,5-9,,0.00463,synthetic_seed
GA,2023,other,non-hisp,f,10-14,,0.00367,synthetic_seed
GA,2023,other,non-hisp,f,15-19,,0.00788,synthetic_seed
GA,2023,other,non-hisp,f,20-24,,0.02022,synthetic_seed
GA,2023,other,non-hisp,f,25-29,,0.01568,synthetic_seed
GA,2023,other,non-hisp,f,30-34,,0.02099,synthetic_seed
GA,2023,other,non-hisp,f,35-39,,0.02807,synthetic_seed
GA,2023,other,non-hisp,f,40-44,,0.01751,synthetic_seed
GA,2023,other,non-hisp,f,45-49,,0.00962,synthetic_seed
GA,2023,other,non-hisp,f,50-54,,0.00981,synthetic_seed
GA,2023,other,non-hisp,f,55-59,,0.00263,synthetic_seed
GA,2023,other,non-hisp,f,60-64,,0.00433,synthetic_seed
GA,2023,other,non-hisp,f,65-69,,0.00441,synthetic_seed
GA,2023,other,non-hisp,f,70-74,,0.00455,synthetic_seed
GA,2023,other,non-hisp,f,75-79,,0.00397,synthetic_seed
GA,2023,other,non-hisp,f,80-84,,0.00347,synthetic_seed
GA,2023,other,non-hisp,f,85+,,0.00396,synthetic_seed
GA,2023,other,hisp,m,0-4,,0.00397,synthetic_seed
GA,2023,other,hisp,m,5-9,,0.00416,synthetic_seed
GA,2023,other,hisp,m,10-14,,0.00414,synthetic_seed
GA,2023,other,hisp,m,15-19,,0.01307,synthetic_seed
GA,2023,other,hisp,m,20-24,,0.01765,synthetic_seed
GA,2023,other,hisp,m,25-29,,0.02017,synthetic_seed
GA,2023,other,hisp,m,30-34,,0.01769,synthetic_seed
GA,2023,other,hisp,m,35-39,,0.01969,synthetic_seed
GA,2023,other,hisp,m,40-44,,0.02431,synthetic_seed
GA,2023,other,hisp,m,45-49,,0.00913,synthetic_seed
GA,2023,other,hisp,m,50-54,,0.01014,synthetic_seed
GA,2023,other,hisp,m,55-59,,0.00428,synthetic_seed
GA,2023,other,hisp,m,60-64,,0.00502,synthetic_seed
GA,2023,other,hisp,m,65-69,,0.00432,synthetic_seed
GA,2023,other,hisp,m,70-74,,0.00338,synthetic_seed
GA,2023,other,hisp,m,75-79,,0.00298,synthetic_seed
GA,2023,other,hisp,m,80-84,,0.00339,synthetic_seed
GA,2023,other,hisp,m,85+,,0.00465,synthetic_seed
GA,2023,other,hisp,f,0-4,,0.00351,synthetic_seed
GA,2023,other,hisp,f,5-9,,0.00417,synthetic_seed
GA,2023,other,hisp,f,10-14,,0.00418,synthetic_seed
GA,2023,other,hisp,f,15-19,,0.01109,synthetic_seed
GA,2023,other,hisp,f,20-24,,0.0141,synthetic_seed
GA,2023,other,hisp,f,25-29,,0.01543,synthetic_seed
GA,2023,other,hisp,f,30-34,,0.01481,synthetic_seed
GA,2023,other,hisp,f,35-39,,0.02168,synthetic_seed
GA,2023,other,hisp,f,40-44,,0.01651,synthetic_seed
GA,2023,other,hisp,f,45-49,,0.01007,synthetic_seed
GA,2023,other,hisp,f,50-54,,0.01025,synthetic_seed
GA,2023,other,hisp,f,55-59,,0.00421,synthetic_seed
GA,2023,other,hisp,f,60-64,,0.00374,synthetic_seed
GA,2023,other,hisp,f,65-69,,0.00336,synthetic_seed
GA,2023,other,hisp,f,70-74,,0.00413,synthetic_seed
GA,2023,other,hisp,f,75-79,,0.00274,synthetic_seed
GA,2023,other,hisp,f,80-84,,0.00412,synthetic_seed
GA,2023,other,hisp,f,85+,,0.00503,synthetic_seed
HI,2023,white,non-hisp,m,0-4,,0.00212,synthetic_seed
HI,2023,white,non-hisp,m,5-9,,0.00185,synthetic_seed
HI,2023,white,non-hisp,m,10-14,,0.00215,synthetic_seed
HI,2023,white,non-hisp,m,15-19,,0.00615,synthetic_seed
HI,2023,white,non-hisp,m,20-24,,0.01021,synthetic_seed
HI,2023,white,non-hisp,m,25-29,,0.01086,synthetic_seed
HI,2023,white,non-hisp,m,30-34,,0.01024,synthetic_seed
HI,2023,white,non-hisp,m,35-39,,0.01072,synthetic_seed
HI,2023,white,non-hisp,m,40-44,,0.01118,synthetic_seed
HI,2023,white,non-hisp,m,45-49,,0.00603,synthetic_seed
HI,2023,white,non-hisp,m,50-54,,0.00497,synthetic_seed
HI,2023,white,non-hisp,m,55-59,,0.00225,synthetic_seed
HI,2023,white,non-hisp,m,60-64,,0.00246,synthetic_seed
HI,2023,white,non-hisp,m,65-69,,0.00188,synthetic_seed
HI,2023,white,non-hisp,m,70-74,,0.00231,synthetic_seed
HI,2023,white,non-hisp,m,75-79,,0.00233,synthetic_seed
HI,2023,white,non-hisp,m,80-84,,0.00153,synthetic_seed
HI,2023,white,non-hisp,m,85+,,0.00164,synthetic_seed
HI,2023,white,non-hisp,f,0-4,,0.00224,synthetic_seed
HI,2023,white,non-hisp,f,5-9,,0.00154,synthetic_seed
HI,2023,white,non-hisp,f,10-14,,0.00183,synthetic_seed
HI,2023,white,non-hisp,f,15-19,,0.00585,synthetic_seed
HI,2023,white,non-hisp,f,20-24,,0.0088,synthetic_seed
HI,2023,white,non-hisp,f,25-29,,0.00941,synthetic_seed
HI,2023,white,non-hisp,f,30-34,,0.00819,synthetic_seed
HI,2023,white,non-hisp,f,35-39,,0.01162,synthetic_seed
HI,2023,white,non-hisp,f,40-44,,0.01134,synthetic_seed
HI,2023,white,non-hisp,f,45-49,,0.00463,synthetic_seed
HI,2023,white,non-hisp,f,50-54,,0.00607,synthetic_seed
HI,2023,white,non-hisp,f,55-59,,0.00181,synthetic_seed
HI,2023,white,non-hisp,f,60-64,,0.00162,synthetic_seed
HI,2023,white,non-hisp,f,65-69,,0.00177,synthetic_seed
HI,2023,white,non-hisp,f,70-74,,0.00259,synthetic_seed
HI,2023,white,non-hisp,f,75-79,,0.00226,synthetic_seed
HI,2023,white,non-hisp,f,80-84,,0.00212,synthetic_seed
HI,2023,white,non-hisp,f,85+,,0.00264,synthetic_seed
HI,2023,white,hisp,m,0-4,,0.00232,synthetic_seed
HI,2023,white,hisp,m,5-9,,0.00237,synthetic_seed
HI,2023,white,hisp,m,10-14,,0.00245,synthetic_seed
HI,2023,white,hisp,m,15-19,,0.00366,synthetic_seed
HI,2023,white,hisp,m,20-24,,0.00952,synthetic_seed
HI,2023,white,hisp,m,25-29,,0.0096,synthetic_seed
HI,2023,white,hisp,m,30-34,,0.01066,synthetic_seed
HI,2023,white,hisp,m,35-39,,0.01172,synthetic_seed
HI,2023,white,hisp,m,40-44,,0.01204,synthetic_seed
HI,2023,white,hisp,m,45-49,,0.00442,synthetic_seed
HI,2023,white,hisp,m,50-54,,0.00411,synthetic_seed
HI,2023,white,hisp,m,55-59,,0.002,synthetic_seed
HI,2023,white,hisp,m,60-64,,0.00236,synthetic_seed
HI,2023,white,hisp,m,65-69,,0.00232,synthetic_seed
HI,2023,white,hisp,m,70-74,,0.00181,synthetic_seed
HI,2023,white,hisp,m,75-79,,0.00232,synthetic_seed
HI,2023,white,hisp,m,80-84,,0.00193,synthetic_seed
HI,2023,white,hisp,m,85+,,0.00191,synthetic_seed
HI,2023,white,hisp,f,0-4,,0.00178,synthetic_seed
HI,2023,white,hisp,f,5-9,,0.00219,synthetic_seed
HI,2023,white,hisp,f,10-14,,0.00151,synthetic_seed
HI,2023,white,hisp,f,15-19,,0.00388,synthetic_seed
HI,2023,white,hisp,f,20-24,,0.00843,synthetic_seed
HI,2023,white,hisp,f,25-29,,0.00868,synthetic_seed
HI,2023,white,hisp,f,30-34,,0.00897,synthetic_seed
HI,2023,white,hisp,f,35-39,,0.01093,synthetic_seed
HI,2023,white,hisp,f,40-44,,0.00927,synthetic_seed
HI,2023,white,hisp,f,45-49,,0.0041,synthetic_seed
HI,2023,white,hisp,f,50-54,,0.00583,synthetic_seed
HI,2023,white,hisp,f,55-59,,0.0023,synthetic_seed
HI,2023,white,hisp,f,60-64,,0.00219,synthetic_seed
HI,2023,white,hisp,f,65-69,,0.00199,synthetic_seed
HI,2023,white,hisp,f,70-74,,0.00231,synthetic_seed
HI,2023,white,hisp,f,75-79,,0.00166,synthetic_seed
HI,2023,white,hisp,f,80-84,,0.00226,synthetic_seed
HI,2023,white,hisp,f,85+,,0.00164,synthetic_seed
HI,2023,black,non-hisp,m,0-4,,0.0017,synthetic_seed
HI,2023,black,non-hisp,m,5-9,,0.00161,synthetic_seed
HI,2023,black,non-hisp,m,10-14,,0.00194,synthetic_seed
HI,2023,black,non-hisp,m,15-19,,0.00509,synthetic_seed
HI,2023,black,non-hisp,m,20-24,,0.01037,synthetic_seed
HI,2023,black,non-hisp,m,25-29,,0.01037,synthetic_seed
HI,2023,black,non-hisp,m,30-34,,0.01178,synthetic_seed
HI,2023,black,non-hisp,m,35-39,,0.00639,synthetic_seed
HI,2023,black,non-hisp,m,40-44,,0.00938,synthetic_seed
HI,2023,black,non-hisp,m,45-49,,0.00579,synthetic_seed
HI,2023,black,non-hisp,m,50-54,,0.00627,synthetic_seed
HI,2023,black,non-hisp,m,55-59,,0.00232,synthetic_seed
HI,2023,black,non-hisp,m,60-64,,0.00186,synthetic_seed
HI,2023,black,non-hisp,m,65-69,,0.00214,synthetic_seed
HI,2023,black,non-hisp,m,70-74,,0.00201,synthetic_seed
HI,2023,black,non-hisp,m,75-79,,0.00202,synthetic_seed
HI,2023,black,non-hisp,m,80-84,,0.00254,synthetic_seed
HI,2023,black,non-hisp,m,85+,,0.002,synthetic_seed
HI,2023,black,non-hisp,f,0-4,,0.0015,synthetic_seed
HI,2023,black,non-hisp,f,5-9,,0.0024,synthetic_seed
HI,2023,black,non-hisp,f,10-14,,0.00211,synthetic_seed
HI,2023,black,non-hisp,f,15-19,,0.00696,synthetic_seed
HI,2023,black,non-hisp,f,20-24,,0.0087,synthetic_seed
HI,2023,black,non-hisp,f,25-29,,0.01038,synthetic_seed
HI,2023,black,non-hisp,f,30-34,,0.01066,synthetic_seed
HI,2023,black,non-hisp,f,35-39,,0.00622,synthetic_seed
HI,2023,black,non-hisp,f,40-44,,0.01199,synthetic_seed
HI,2023,black,non-hisp,f,45-49,,0.00354,synthetic_seed
HI,2023,black,non-hisp,f,50-54,,0.0048,synthetic_seed
HI,2023,black,non-hisp,f,55-59,,0.00173,synthetic_seed
HI,2023,black,non-hisp,f,60-64,,0.00204,synthetic_seed
HI,2023,black,non-hisp,f,65-69,,0.00199,synthetic_seed
HI,2023,black,non-hisp,f,70-74,,0.00277,synthetic_seed
HI,2023,black,non-hisp,f,75-79,,0.00215,synthetic_seed
HI,2023,black,non-hisp,f,80-84,,0.00189,synthetic_seed
HI,2023,black,non-hisp,f,85+,,0.00172,synthetic_seed
HI,2023,black,hisp,m,0-4,,0.00196,synthetic_seed
HI,2023,black,hisp,m,5-9,,0.00182,synthetic_seed
HI,2023,black,hisp,m,10-14,,0.00217,synthetic_seed
HI,2023,black,hisp,m,15-19,,0.00595,synthetic_seed
HI,2023,black,hisp,m,20-24,,0.01177,synthetic_seed
HI,2023,black,hisp,m,25-29,,0.01142,synthetic_seed
HI,2023,black,hisp,m,30-34,,0.0115,synthetic_seed
HI,2023,black,hisp,m,35-39,,0.00906,synthetic_seed
HI,2023,black,hisp,m,40-44,,0.00875,synthetic_seed
HI,2023,black,hisp,m,45-49,,0.00614,synthetic_seed
HI,2023,black,hisp,m,50-54,,0.00572,synthetic_seed
HI,2023,black,hisp,m,55-59,,0.00227,synthetic_seed
HI,2023,black,hisp,m,60-64,,0.00218,synthetic_seed
HI,2023,black,hisp,m,65-69,,0.00193,synthetic_seed
HI,2023,black,hisp,m,70-74,,0.00192,synthetic_seed
HI,2023,black,hisp,m,75-79,,0.00163,synthetic_seed
HI,2023,black,hisp,m,80-84,,0.00191,synthetic_seed
HI,2023,black,hisp,m,85+,,0.00228,synthetic_seed
HI,2023,black,hisp,f,0-4,,0.00228,synthetic_seed
HI,2023,black,hisp,f,5-9,,0.00224,synthetic_seed
HI,2023,black,hisp,f,10-14,,0.00122,synthetic_seed
HI,2023,black,hisp,f,15-19,,0.00467,synthetic_seed
HI,2023,black,hisp,f,20-24,,0.01206,synthetic_seed
HI,2023,black,hisp,f,25-29,,0.01012,synthetic_seed
HI,2023,black,hisp,f,30-34,,0.0125,synthetic_seed
HI,2023,black,hisp,f,35-39,,0.01022,synthetic_seed
HI,2023,black,hisp,f,40-44,,0.01103,synthetic_seed
HI,2023,black,hisp,f,45-49,,0.0042,synthetic_seed
HI,2023,black,hisp,f,50-54,,0.00347,synthetic_seed
HI,2023,black,hisp,f,55-59,,0.00191,synthetic_seed
HI,2023,black,hisp,f,60-64,,0.0023,synthetic_seed
HI,2023,black,hisp,f,65-69,,0.00193,synthetic_seed
HI,2023,black,hisp,f,70-74,,0.00243,synthetic_seed
HI,2023,black,hisp,f,75-79,,0.00225,synthetic_seed
HI,2023,black,hisp,f,80-84,,0.00173,synthetic_seed
HI,2023,black,hisp,f,85+,,0.00239,synthetic_seed
HI,2023,asian,non-hisp,m,0-4,,0.00258,synthetic_seed
HI,2023,asian,non-hisp,m,5-9,,0.00168,synthetic_seed
HI,2023,asian,non-hisp,m,10-14,,0.00185,synthetic_seed
HI,2023,asian,non-hisp,m,15-19,,0.00511,synthetic_seed
HI,2023,asian,non-hisp,m,20-24,,0.00824,synthetic_seed
HI,2023,asian,non-hisp,m,25-29,,0.01002,synthetic_seed
HI,2023,asian,non-hisp,m,30-34,,0.01006,synthetic_seed
HI,2023,asian,non-hisp,m,35-39,,0.01301,synthetic_seed
HI,2023,asian,non-hisp,m,40-44,,0.00788,synthetic_seed
HI,2023,asian,non-hisp,m,45-49,,0.00433,synthetic_seed
HI,2023,asian,non-hisp,m,50-54,,0.00454,synthetic_seed
HI,2023,asian,non-hisp,m,55-59,,0.0017,synthetic_seed
HI,2023,asian,non-hisp,m,60-64,,0.00151,synthetic_seed
HI,2023,asian,non-hisp,m,65-69,,0.00171,synthetic_seed
HI,2023,asian,non-hisp,m,70-74,,0.00164,synthetic_seed
HI,2023,asian,non-hisp,m,75-79,,0.00214,synthetic_seed
HI,2023,asian,non-hisp,m,80-84,,0.00214,synthetic_seed
HI,2023,asian,non-hisp,m,85+,,0.00179,synthetic_seed
HI,2023,asian,non-hisp,f,0-4,,0.00145,synthetic_seed
HI,2023,asian,non-hisp,f,5-9,,0.00211,synthetic_seed
HI,2023,asian,non-hisp,f,10-14,,0.00236,synthetic_seed
HI,2023,asian,non-hisp,f,15-19,,0.00519,synthetic_seed
HI,2023,asian,non-hisp,f,20-24,,0.01099,synthetic_seed
HI,2023,asian,non-hisp,f,25-29,,0.00879,synthetic_seed
HI,2023,asian,non-hisp,f,30-34,,0.00983,synthetic_seed
HI,2023,asian,non-hisp,f,35-39,,0.00744,synthetic_seed
HI,2023,asian,non-hisp,f,40-44,,0.00811,synthetic_seed
HI,2023,asian,non-hisp,f,45-49,,0.00392,synthetic_seed
HI,2023,asian,non-hisp,f,50-54,,0.00478,synthetic_seed
HI,2023,asian,non-hisp,f,55-59,,0.00202,synthetic_seed
HI,2023,asian,non-hisp,f,60-64,,0.0024,synthetic_seed
HI,2023,asian,non-hisp,f,65-69,,0.0022,synthetic_seed
HI,2023,asian,non-hisp,f,70-74,,0.00236,synthetic_seed
HI,2023,asian,non-hisp,f,75-79,,0.00195,synthetic_seed
HI,2023,asian,non-hisp,f,80-84,,0.00207,synthetic_seed
HI,2023,asian,non-hisp,f,85+,,0.00188,synthetic_seed
HI,2023,asian,hisp,m,0-4,,0.00214,synthetic_seed
HI,2023,asian,hisp,m,5-9,,0.00173,synthetic_seed
HI,2023,asian,hisp,m,10-14,,0.00226,synthetic_seed
HI,2023,asian,hisp,m,15-19,,0.00434,synthetic_seed
HI,2023,asian,hisp,m,20-24,,0.00877,synthetic_seed
HI,2023,asian,hisp,m,25-29,,0.01007,synthetic_seed
HI,2023,asian,hisp,m,30-34,,0.0102,synthetic_seed
HI,2023,asian,hisp,m,35-39,,0.00983,synthetic_seed
HI,2023,asian,hisp,m,40-44,,0.00967,synthetic_seed
HI,2023,asian,hisp,m,45-49,,0.00461,synthetic_seed
HI,2023,asian,hisp,m,50-54,,0.00542,synthetic_seed
HI,2023,asian,hisp,m,55-59,,0.00264,synthetic_seed
HI,2023,asian,hisp,m,60-64,,0.00212,synthetic_seed
HI,2023,asian,hisp,m,65-69,,0.00253,synthetic_seed
HI,2023,asian,hisp,m,70-74,,0.00193,synthetic_seed
HI,2023,asian,hisp,m,75-79,,0.00253,synthetic_seed
HI,2023,asian,hisp,m,80-84,,0.00247,synthetic_seed
HI,2023,asian,hisp,m,85+,,0.00226,synthetic_seed
HI,2023,asian,hisp,f,0-4,,0.00153,synthetic_seed
HI,2023,asian,hisp,f,5-9,,0.00136,synthetic_seed
HI,2023,asian,hisp,f,10-14,,0.00175,synthetic_seed
HI,2023,asian,hisp,f,15-19,,0.00514,synthetic_seed
HI,2023,asian,hisp,f,20-24,,0.00878,synthetic_seed
HI,2023,asian,hisp,f,25-29,,0.01056,synthetic_seed
HI,2023,asian,hisp,f,30-34,,0.00982,synthetic_seed
HI,2023,asian,hisp,f,35-39,,0.01099,synthetic_seed
HI,2023,asian,hisp,f,40-44,,0.00946,synthetic_seed
HI,2023,asian,hisp,f,45-49,,0.00621,synthetic_seed
HI,2023,asian,hisp,f,50-54,,0.0052,synthetic_seed
HI,2023,asian,hisp,f,55-59,,0.00237,synthetic_seed
HI,2023,asian,hisp,f,60-64,,0.00213,synthetic_seed
HI,2023,asian,hisp,f,65-69,,0.00154,synthetic_seed
HI,2023,asian,hisp,f,70-74,,0.00218,synthetic_seed
HI,2023,asian,hisp,f,75-79,,0.00153,synthetic_seed
HI,2023,asian,hisp,f,80-84,,0.00193,synthetic_seed
HI,2023,asian,hisp,f,85+,,0.00172,synthetic_seed
HI,2023,other,non-hisp,m,0-4,,0.00166,synthetic_seed
HI,2023,other,non-hisp,m,5-9,,0.00202,synthetic_seed
HI,2023,other,non-hisp,m,10-14,,0.00192,synthetic_seed
HI,2023,other,non-hisp,m,15-19,,0.00336,synthetic_seed
HI,2023,other,non-hisp,m,20-24,,0.01099,synthetic_seed
HI,2023,other,non-hisp,m,25-29,,0.01042,synthetic_seed
HI,2023,other,non-hisp,m,30-34,,0.00933,synthetic_seed
HI,2023,other,non-hisp,m,35-39,,0.0105,synthetic_seed
HI,2023,other,non-hisp,m,40-44,,0.00846,synthetic_seed
HI,2023,other,non-hisp,m,45-49,,0.00735,synthetic_seed
HI,2023,other,non-hisp,m,50-54,,0.00597,synthetic_seed
HI,2023,other,non-hisp,m,55-59,,0.00187,synthetic_seed
HI,2023,other,non-hisp,m,60-64,,0.00244,synthetic_seed
HI,2023,other,non-hisp,m,65-69,,0.00211,synthetic_seed
HI,2023,other,non-hisp,m,70-74,,0.00203,synthetic_seed
HI,2023,other,non-hisp,m,75-79,,0.00215,synthetic_seed
HI,2023,other,non-hisp,m,80-84,,0.00187,synthetic_seed
HI,2023,other,non-hisp,m,85+,,0.0024,synthetic_seed
HI,2023,other,non-hisp,f,0-4,,0.00167,synthetic_seed
HI,2023,other,non-hisp,f,5-9,,0.00256,synthetic_seed
HI,2023,other,non-hisp,f,10-14,,0.00173,synthetic_seed
HI,2023,other,non-hisp,f,15-19,,0.00483,synthetic_seed
HI,2023,other,non-hisp,f,20-24,,0.01096,synthetic_seed
HI,2023,other,non-hisp,f,25-29,,0.01047,synthetic_seed
HI,2023,other,non-hisp,f,30-34,,0.00664,synthetic_seed
HI,2023,other,non-hisp,f,35-39,,0.00698,synthetic_seed
HI,2023,other,non-hisp,f,40-44,,0.0083,synthetic_seed
HI,2023,other,non-hisp,f,45-49,,0.00517,synthetic_seed
HI,2023,other,non-hisp,f,50-54,,0.00504,synthetic_seed
HI,2023,other,non-hisp,f,55-59,,0.00183,synthetic_seed
HI,2023,other,non-hisp,f,60-64,,0.00227,synthetic_seed
HI,2023,other,non-hisp,f,65-69,,0.00243,synthetic_seed
HI,2023,other,non-hisp,f,70-74,,0.00197,synthetic_seed
HI,2023,other,non-hisp,f,75-79,,0.00245,synthetic_seed
HI,2023,other,non-hisp,f,80-84,,0.00171,synthetic_seed
HI,2023,other,non-hisp,f,85+,,0.00233,synthetic_seed
HI,2023,other,hisp,m,0-4,,0.00171,synthetic_seed
HI,2023,other,hisp,m,5-9,,0.00181,synthetic_seed
HI,2023,other,hisp,m,10-14,,0.00179,synthetic_seed
HI,2023,other,hisp,m,15-19,,0.00526,synthetic_seed
HI,2023,other,hisp,m,20-24,,0.01303,synthetic_seed
HI,2023,other,hisp,m,25-29,,0.00863,synthetic_seed
HI,2023,other,hisp,m,30-34,,0.00997,synthetic_seed
HI,2023,other,hisp,m,35-39,,0.01015,synthetic_seed
HI,2023,other,hisp,m,40-44,,0.01208,synthetic_seed
HI,2023,other,hisp,m,45-49,,0.00495,synthetic_seed
HI,2023,other,hisp,m,50-54,,0.00544,synthetic_seed
HI,2023,other,hisp,m,55-59,,0.00188,synthetic_seed
HI,2023,other,hisp,m,60-64,,0.002,synthetic_seed
HI,2023,other,hisp,m,65-69,,0.00214,synthetic_seed
HI,2023,other,hisp,m,70-74,,0.00149,synthetic_seed
HI,2023,other,hisp,m,75-79,,0.00224,synthetic_seed
HI,2023,other,hisp,m,80-84,,0.00219,synthetic_seed
HI,2023,other,hisp,m,85+,,0.00196,synthetic_seed
HI,2023,other,hisp,f,0-4,,0.00098,synthetic_seed
HI,2023,other,hisp,f,5-9,,0.00236,synthetic_seed
HI,2023,other,hisp,f,10-14,,0.00227,synthetic_seed
HI,2023,other,hisp,f,15-19,,0.00488,synthetic_seed
HI,2023,other,hisp,f,20-24,,0.01142,synthetic_seed
HI,2023,other,hisp,f,25-29,,0.00755,synthetic_seed
HI,2023,other,hisp,f,30-34,,0.01027,synthetic_seed
HI,2023,other,hisp,f,35-39,,0.00928,synthetic_seed
HI,2023,other,hisp,f,40-44,,0.00686,synthetic_seed
HI,2023,other,hisp,f,45-49,,0.00557,synthetic_seed
HI,2023,other,hisp,f,50-54,,0.00431,synthetic_seed
HI,2023,other,hisp,f,55-59,,0.00177,synthetic_seed
HI,2023,other,hisp,f,60-64,,0.00174,synthetic_seed
HI,2023,other,hisp,f,65-69,,0.00231,synthetic_seed
HI,2023,other,hisp,f,70-74,,0.00212,synthetic_seed
HI,2023,other,hisp,f,75-79,,0.00158,synthetic_seed
HI,2023,other,hisp,f,80-84,,0.00193,synthetic_seed
HI,2023,other,hisp,f,85+,,0.00229,synthetic_seed
ID,2023,white,non-hisp,m,0-4,,0.00421,synthetic_seed
ID,2023,white,non-hisp,m,5-9,,0.0055,synthetic_seed
ID,2023,white,non-hisp,m,10-14,,0.00568,synthetic_seed
ID,2023,white,non-hisp,m,15-19,,0.01005,synthetic_seed
ID,2023,white,non-hisp,m,20-24,,0.0215,synthetic_seed
ID,2023,white,non-hisp,m,25-29,,0.02386,synthetic_seed
ID,2023,white,non-hisp,m,30-34,,0.02186,synthetic_seed
ID,2023,white,non-hisp,m,35-39,,0.02563,synthetic_seed
ID,2023,white,non-hisp,m,40-44,,0.02226,synthetic_seed
ID,2023,white,non-hisp,m,45-49,,0.0107,synthetic_seed
ID,2023,white,non-hisp,m,50-54,,0.01353,synthetic_seed
ID,2023,white,non-hisp,m,55-59,,0.00522,synthetic_seed
ID,2023,white,non-hisp,m,60-64,,0.00544,synthetic_seed
ID,2023,white,non-hisp,m,65-69,,0.00334,synthetic_seed
ID,2023,white,non-hisp,m,70-74,,0.00632,synthetic_seed
ID,2023,white,non-hisp,m,75-79,,0.00553,synthetic_seed
ID,2023,white,non-hisp,m,80-84,,0.00374,synthetic_seed
ID,2023,white,non-hisp,m,85+,,0.00472,synthetic_seed
ID,2023,white,non-hisp,f,0-4,,0.00481,synthetic_seed
ID,2023,white,non-hisp,f,5-9,,0.0043,synthetic_seed
ID,2023,white,non-hisp,f,10-14,,0.0043,synthetic_seed
ID,2023,white,non-hisp,f,15-19,,0.01228,synthetic_seed
ID,2023,white,non-hisp,f,20-24,,0.02308,synthetic_seed
ID,2023,white,non-hisp,f,25-29,,0.02706,synthetic_seed
ID,2023,white,non-hisp,f,30-34,,0.02883,synthetic_seed
ID,2023,white,non-hisp,f,35-39,,0.02208,synthetic_seed
ID,2023,white,non-hisp,f,40-44,,0.02944,synthetic_seed
ID,2023,white,non-hisp,f,45-49,,0.01172,synthetic_seed
ID,2023,white,non-hisp,f,50-54,,0.00832,synthetic_seed
ID,2023,white,non-hisp,f,55-59,,0.00378,synthetic_seed
ID,2023,white,non-hisp,f,60-64,,0.00476,synthetic_seed
ID,2023,white,non-hisp,f,65-69,,0.00466,synthetic_seed
ID,2023,white,non-hisp,f,70-74,,0.00577,synthetic_seed
ID,2023,white,non-hisp,f,75-79,,0.00586,synthetic_seed
ID,2023,white,non-hisp,f,80-84,,0.00507,synthetic_seed
ID,2023,white,non-hisp,f,85+,,0.00348,synthetic_seed
ID,2023,white,hisp,m,0-4,,0.00556,synthetic_seed
ID,2023,white,hisp,m,5-9,,0.00572,synthetic_seed
ID,2023,white,hisp,m,10-14,,0.00536,synthetic_seed
ID,2023,white,hisp,m,15-19,,0.01006,synthetic_seed
ID,2023,white,hisp,m,20-24,,0.01571,synthetic_seed
ID,2023,white,hisp,m,25-29,,0.02682,synthetic_seed
ID,2023,white,hisp,m,30-34,,0.02516,synthetic_seed
ID,2023,white,hisp,m,35-39,,0.02294,synthetic_seed
ID,2023,white,hisp,m,40-44,,0.02722,synthetic_seed
ID,2023,white,hisp,m,45-49,,0.01201,synthetic_seed
ID,2023,white,hisp,m,50-54,,0.01138,synthetic_seed
ID,2023,white,hisp,m,55-59,,0.0056,synthetic_seed
ID,2023,white,hisp,m,60-64,,0.00538,synthetic_seed
ID,2023,white,hisp,m,65-69,,0.00418,synthetic_seed
ID,2023,white,hisp,m,70-74,,0.00364,synthetic_seed
ID,2023,white,hisp,m,75-79,,0.00561,synthetic_seed
ID,2023,white,hisp,m,80-84,,0.00394,synthetic_seed
ID,2023,white,hisp,m,85+,,0.00593,synthetic_seed
ID,2023,white,hisp,f,0-4,,0.00442,synthetic_seed
ID,2023,white,hisp,f,5-9,,0.00445,synthetic_seed
ID,2023,white,hisp,f,10-14,,0.00545,synthetic_seed
ID,2023,white,hisp,f,15-19,,0.01129,synthetic_seed
ID,2023,white,hisp,f,20-24,,0.02451,synthetic_seed
ID,2023,white,hisp,f,25-29,,0.0243,synthetic_seed
ID,2023,white,hisp,f,30-34,,0.02152,synthetic_seed
ID,2023,white,hisp,f,35-39,,0.02762,synthetic_seed
ID,2023,white,hisp,f,40-44,,0.02032,synthetic_seed
ID,2023,white,hisp,f,45-49,,0.0128,synthetic_seed
ID,2023,white,hisp,f,50-54,,0.01146,synthetic_seed
ID,2023,white,hisp,f,55-59,,0.00517,synthetic_seed
ID,2023,white,hisp,f,60-64,,0.00498,synthetic_seed
ID,2023,white,hisp,f,65-69,,0.00339,synthetic_seed
ID,2023,white,hisp,f,70-74,,0.00503,synthetic_seed
ID,2023,white,hisp,f,75-79,,0.00498,synthetic_seed
ID,2023,white,hisp,f,80-84,,0.00494,synthetic_seed
ID,2023,white,hisp,f,85+,,0.00387,synthetic_seed
ID,2023,black,non-hisp,m,0-4,,0.00481,synthetic_seed
ID,2023,black,non-hisp,m,5-9,,0.00386,synthetic_seed
ID,2023,black,non-hisp,m,10-14,,0.00486,synthetic_seed
ID,2023,black,non-hisp,m,15-19,,0.01007,synthetic_seed
ID,2023,black,non-hisp,m,20-24,,0.02507,synthetic_seed
ID,2023,black,non-hisp,m,25-29,,0.02513,synthetic_seed
ID,2023,black,non-hisp,m,30-34,,0.02489,synthetic_seed
ID,2023,black,non-hisp,m,35-39,,0.03212,synthetic_seed
ID,2023,black,non-hisp,m,40-44,,0.02634,synthetic_seed
ID,2023,black,non-hisp,m,45-49,,0.01125,synthetic_seed
ID,2023,black,non-hisp,m,50-54,,0.01316,synthetic_seed
ID,2023,black,non-hisp,m,55-59,,0.00553,synthetic_seed
ID,2023,black,non-hisp,m,60-64,,0.00396,synthetic_seed
ID,2023,black,non-hisp,m,65-69,,0.00383,synthetic_seed
ID,2023,black,non-hisp,m,70-74,,0.00466,synthetic_seed
ID,2023,black,non-hisp,m,75-79,,0.00504,synthetic_seed
ID,2023,black,non-hisp,m,80-84,,0.00474,synthetic_seed
ID,2023,black,non-hisp,m,85+,,0.00541,synthetic_seed
ID,2023,black,non-hisp,f,0-4,,0.00525,synthetic_seed
ID,2023,black,non-hisp,f,5-9,,0.00354,synthetic_seed
ID,2023,black,non-hisp,f,10-14,,0.00313,synthetic_seed
ID,2023,black,non-hisp,f,15-19,,0.01247,synthetic_seed
ID,2023,black,non-hisp,f,20-24,,0.03127,synthetic_seed
ID,2023,black,non-hisp,f,25-29,,0.01733,synthetic_seed
ID,2023,black,non-hisp,f,30-34,,0.02994,synthetic_seed
ID,2023,black,non-hisp,f,35-39,,0.01739,synthetic_seed
ID,2023,black,non-hisp,f,40-44,,0.02043,synthetic_seed
ID,2023,black,non-hisp,f,45-49,,0.01279,synthetic_seed
ID,2023,black,non-hisp,f,50-54,,0.01252,synthetic_seed
ID,2023,black,non-hisp,f,55-59,,0.00528,synthetic_seed
ID,2023,black,non-hisp,f,60-64,,0.00541,synthetic_seed
ID,2023,black,non-hisp,f,65-69,,0.00497,synthetic_seed
ID,2023,black,non-hisp,f,70-74,,0.00517,synthetic_seed
ID,2023,black,non-hisp,f,75-79,,0.0041,synthetic_seed
ID,2023,black,non-hisp,f,80-84,,0.00477,synthetic_seed
ID,2023,black,non-hisp,f,85+,,0.00553,synthetic_seed
ID,2023,black,hisp,m,0-4,,0.00568,synthetic_seed
ID,2023,black,hisp,m,5-9,,0.0041,synthetic_seed
ID,2023,black,hisp,m,10-14,,0.00626,synthetic_seed
ID,2023,black,hisp,m,15-19,,0.0121,synthetic_seed
ID,2023,black,hisp,m,20-24,,0.0185,synthetic_seed
ID,2023,black,hisp,m,25-29,,0.02632,synthetic_seed
ID,2023,black,hisp,m,30-34,,0.0192,synthetic_seed
ID,2023,black,hisp,m,35-39,,0.02857,synthetic_seed
ID,2023,black,hisp,m,40-44,,0.02088,synthetic_seed
ID,2023,black,hisp,m,45-49,,0.01059,synthetic_seed
ID,2023,black,hisp,m,50-54,,0.01175,synthetic_seed
ID,2023,black,hisp,m,55-59,,0.00382,synthetic_seed
ID,2023,black,hisp,m,60-64,,0.00603,synthetic_seed
ID,2023,black,hisp,m,65-69,,0.00551,synthetic_seed
ID,2023,black,hisp,m,70-74,,0.00406,synthetic_seed
ID,2023,black,hisp,m,75-79,,0.00584,synthetic_seed
ID,2023,black,hisp,m,80-84,,0.00437,synthetic_seed
ID,2023,black,hisp,m,85+,,0.0056,synthetic_seed
ID,2023,black,hisp,f,0-4,,0.00588,synthetic_seed
ID,2023,black,hisp,f,5-9,,0.00483,synthetic_seed
ID,2023,black,hisp,f,10-14,,0.00402,synthetic_seed
ID,2023,black,hisp,f,15-19,,0.01054,synthetic_seed
ID,2023,black,hisp,f,20-24,,0.02557,synthetic_seed
ID,2023,black,hisp,f,25-29,,0.02517,synthetic_seed
ID,2023,black,hisp,f,30-34,,0.02079,synthetic_seed
ID,2023,black,hisp,f,35-39,,0.02941,synthetic_seed
ID,2023,black,hisp,f,40-44,,0.0296,synthetic_seed
ID,2023,black,hisp,f,45-49,,0.0129,synthetic_seed
ID,2023,black,hisp,f,50-54,,0.013,synthetic_seed
ID,2023,black,hisp,f,55-59,,0.00528,synthetic_seed
ID,2023,black,hisp,f,60-64,,0.00695,synthetic_seed
ID,2023,black,hisp,f,65-69,,0.00521,synthetic_seed
ID,2023,black,hisp,f,70-74,,0.00571,synthetic_seed
ID,2023,black,hisp,f,75-79,,0.00489,synthetic_seed
ID,2023,black,hisp,f,80-84,,0.00515,synthetic_seed
ID,2023,black,hisp,f,85+,,0.00514,synthetic_seed
ID,2023,asian,non-hisp,m,0-4,,0.0037,synthetic_seed
ID,2023,asian,non-hisp,m,5-9,,0.00444,synthetic_seed
ID,2023,asian,non-hisp,m,10-14,,0.00382,synthetic_seed
ID,2023,asian,non-hisp,m,15-19,,0.0107,synthetic_seed
ID,2023,asian,non-hisp,m,20-24,,0.01923,synthetic_seed
ID,2023,asian,non-hisp,m,25-29,,0.01953,synthetic_seed
ID,2023,asian,non-hisp,m,30-34,,0.02196,synthetic_seed
ID,2023,asian,non-hisp,m,35-39,,0.0272,synthetic_seed
ID,2023,asian,non-hisp,m,40-44,,0.02192,synthetic_seed
ID,2023,asian,non-hisp,m,45-49,,0.01124,synthetic_seed
ID,2023,asian,non-hisp,m,50-54,,0.01112,synthetic_seed
ID,2023,asian,non-hisp,m,55-59,,0.00567,synthetic_seed
ID,2023,asian,non-hisp,m,60-64,,0.0053,synthetic_seed
ID,2023,asian,non-hisp,m,65-69,,0.00428,synthetic_seed
ID,2023,asian,non-hisp,m,70-74,,0.00525,synthetic_seed
ID,2023,asian,non-hisp,m,75-79,,0.00557,synthetic_seed
ID,2023,asian,non-hisp,m,80-84,,0.0045,synthetic_seed
ID,2023,asian,non-hisp,m,85+,,0.00509,synthetic_seed
ID,2023,asian,non-hisp,f,0-4,,0.00417,synthetic_seed
ID,2023,asian,non-hisp,f,5-9,,0.00675,synthetic_seed
ID,2023,asian,non-hisp,f,10-14,,0.00386,synthetic_seed
ID,2023,asian,non-hisp,f,15-19,,0.00966,synthetic_seed
ID,2023,asian,non-hisp,f,20-24,,0.02213,synthetic_seed
ID,2023,asian,non-hisp,f,25-29,,0.02874,synthetic_seed
ID,2023,asian,non-hisp,f,30-34,,0.02521,synthetic_seed
ID,2023,asian,non-hisp,f,35-39,,0.02619,synthetic_seed
ID,2023,asian,non-hisp,f,40-44,,0.0235,synthetic_seed
ID,2023,asian,non-hisp,f,45-49,,0.01102,synthetic_seed
ID,2023,asian,non-hisp,f,50-54,,0.01221,synthetic_seed
ID,2023,asian,non-hisp,f,55-59,,0.00587,synthetic_seed
ID,2023,asian,non-hisp,f,60-64,,0.00466,synthetic_seed
ID,2023,asian,non-hisp,f,65-69,,0.00439,synthetic_seed
ID,2023,asian,non-hisp,f,70-74,,0.00498,synthetic_seed
ID,2023,asian,non-hisp,f,75-79,,0.00502,synthetic_seed
ID,2023,asian,non-hisp,f,80-84,,0.0044,synthetic_seed
ID,2023,asian,non-hisp,f,85+,,0.00466,synthetic_seed
ID,2023,asian,hisp,m,0-4,,0.00428,synthetic_seed
ID,2023,asian,hisp,m,5-9,,0.00421,synthetic_seed
ID,2023,asian,hisp,m,10-14,,0.0047,synthetic_seed
ID,2023,asian,hisp,m,15-19,,0.01393,synthetic_seed
ID,2023,asian,hisp,m,20-24,,0.02628,synthetic_seed
ID,2023,asian,hisp,m,25-29,,0.02839,synthetic_seed
ID,2023,asian,hisp,m,30-34,,0.03042,synthetic_seed
ID,2023,asian,hisp,m,35-39,,0.02315,synthetic_seed
ID,2023,asian,hisp,m,40-44,,0.02649,synthetic_seed
ID,2023,asian,hisp,m,45-49,,0.01094,synthetic_seed
ID,2023,asian,hisp,m,50-54,,0.01224,synthetic_seed
ID,2023,asian,hisp,m,55-59,,0.00485,synthetic_seed
ID,2023,asian,hisp,m,60-64,,0.00412,synthetic_seed
ID,2023,asian,hisp,m,65-69,,0.00467,synthetic_seed
ID,2023,asian,hisp,m,70-74,,0.00382,synthetic_seed
ID,2023,asian,hisp,m,75-79,,0.00555,synthetic_seed
ID,2023,asian,hisp,m,80-84,,0.00479,synthetic_seed
ID,2023,asian,hisp,m,85+,,0.00268,synthetic_seed
ID,2023,asian,hisp,f,0-4,,0.00517,synthetic_seed
ID,2023,asian,hisp,f,5-9,,0.00529,synthetic_seed
ID,2023,asian,hisp,f,10-14,,0.00544,synthetic_seed
ID,2023,asian,hisp,f,15-19,,0.01128,synthetic_seed
ID,2023,asian,hisp,f,20-24,,0.02424,synthetic_seed
ID,2023,asian,hisp,f,25-29,,0.02674,synthetic_seed
ID,2023,asian,hisp,f,30-34,,0.03215,synthetic_seed
ID,2023,asian,hisp,f,35-39,,0.02326,synthetic_seed
ID,2023,asian,hisp,f,40-44,,0.02945,synthetic_seed
ID,2023,asian,hisp,f,45-49,,0.01079,synthetic_seed
ID,2023,asian,hisp,f,50-54,,0.01142,synthetic_seed
ID,2023,asian,hisp,f,55-59,,0.00529,synthetic_seed
ID,2023,asian,hisp,f,60-64,,0.0044,synthetic_seed
ID,2023,asian,hisp,f,65-69,,0.0039,synthetic_seed
ID,2023,asian,hisp,f,70-74,,0.00465,synthetic_seed
ID,2023,asian,hisp,f,75-79,,0.00511,synthetic_seed
ID,2023,asian,hisp,f,80-84,,0.00474,synthetic_seed
ID,2023,asian,hisp,f,85+,,0.00526,synthetic_seed
ID,2023,other,non-hisp,m,0-4,,0.00511,synthetic_seed
ID,2023,other,non-hisp,m,5-9,,0.00454,synthetic_seed
ID,2023,other,non-hisp,m,10-14,,0.00447,synthetic_seed
ID,2023,other,non-hisp,m,15-19,,0.01301,synthetic_seed
ID,2023,other,non-hisp,m,20-24,,0.02768,synthetic_seed
ID,2023,other,non-hisp,m,25-29,,0.03097,synthetic_seed
ID,2023,other,non-hisp,m,30-34,,0.02316,synthetic_seed
ID,2023,other,non-hisp,m,35-39,,0.02647,synthetic_seed
ID,2023,other,non-hisp,m,40-44,,0.02867,synthetic_seed
ID,2023,other,non-hisp,m,45-49,,0.01174,synthetic_seed
ID,2023,other,non-hisp,m,50-54,,0.01233,synthetic_seed
ID,2023,other,non-hisp,m,55-59,,0.00458,synthetic_seed
ID,2023,other,non-hisp,m,60-64,,0.00457,synthetic_seed
ID,2023,other,non-hisp,m,65-69,,0.00457,synthetic_seed
ID,2023,other,non-hisp,m,70-74,,0.00416,synthetic_seed
ID,2023,other,non-hisp,m,75-79,,0.00414,synthetic_seed
ID,2023,other,non-hisp,m,80-84,,0.00358,synthetic_seed
ID,2023,other,non-hisp,m,85+,,0.00563,synthetic_seed
ID,2023,other,non-hisp,f,0-4,,0.006,synthetic_seed
ID,2023,other,non-hisp,f,5-9,,0.00439,synthetic_seed
ID,2023,other,non-hisp,f,10-14,,0.00405,synthetic_seed
ID,2023,other,non-hisp,f,15-19,,0.01026,synthetic_seed
ID,2023,other,non-hisp,f,20-24,,0.02322,synthetic_seed
ID,2023,other,non-hisp,f,25-29,,0.02084,synthetic_seed
ID,2023,other,non-hisp,f,30-34,,0.02709,synthetic_seed
ID,2023,other,non-hisp,f,35-39,,0.01695,synthetic_seed
ID,2023,other,non-hisp,f,40-44,,0.02737,synthetic_seed
ID,2023,other,non-hisp,f,45-49,,0.01155,synthetic_seed
ID,2023,other,non-hisp,f,50-54,,0.01272,synthetic_seed
ID,2023,other,non-hisp,f,55-59,,0.00385,synthetic_seed
ID,2023,other,non-hisp,f,60-64,,0.00491,synthetic_seed
ID,2023,other,non-hisp,f,65-69,,0.00459,synthetic_seed
ID,2023,other,non-hisp,f,70-74,,0.00347,synthetic_seed
ID,2023,other,non-hisp,f,75-79,,0.00475,synthetic_seed
ID,2023,other,non-hisp,f,80-84,,0.00346,synthetic_seed
ID,2023,other,non-hisp,f,85+,,0.0049,synthetic_seed
ID,2023,other,hisp,m,0-4,,0.00455,synthetic_seed
ID,2023,other,hisp,m,5-9,,0.00396,synthetic_seed
ID,2023,other,hisp,m,10-14,,0.00676,synthetic_seed
ID,2023,other,hisp,m,15-19,,0.0126,synthetic_seed
ID,2023,other,hisp,m,20-24,,0.02487,synthetic_seed
ID,2023,other,hisp,m,25-29,,0.01989,synthetic_seed
ID,2023,other,hisp,m,30-34,,0.02585,synthetic_seed
ID,2023,other,hisp,m,35-39,,0.02112,synthetic_seed
ID,2023,other,hisp,m,40-44,,0.01809,synthetic_seed
ID,2023,other,hisp,m,45-49,,0.01159,synthetic_seed
ID,2023,other,hisp,m,50-54,,0.01068,synthetic_seed
ID,2023,other,hisp,m,55-59,,0.0043,synthetic_seed
ID,2023,other,hisp,m,60-64,,0.00582,synthetic_seed
ID,2023,other,hisp,m,65-69,,0.00597,synthetic_seed
ID,2023,other,hisp,m,70-74,,0.00421,synthetic_seed
ID,2023,other,hisp,m,75-79,,0.00476,synthetic_seed
ID,2023,other,hisp,m,80-84,,0.0061,synthetic_seed
ID,2023,other,hisp,m,85+,,0.00412,synthetic_seed
ID,2023,other,hisp,f,0-4,,0.00517,synthetic_seed
ID,2023,other,hisp,f,5-9,,0.00532,synthetic_seed
ID,2023,other,hisp,f,10-14,,0.00452,synthetic_seed
ID,2023,other,hisp,f,15-19,,0.00972,synthetic_seed
ID,2023,other,hisp,f,20-24,,0.02679,synthetic_seed
ID,2023,other,hisp,f,25-29,,0.02685,synthetic_seed
ID,2023,other,hisp,f,30-34,,0.02233,synthetic_seed
ID,2023,other,hisp,f,35-39,,0.03101,synthetic_seed
ID,2023,other,hisp,f,40-44,,0.02548,synthetic_seed
ID,2023,other,hisp,f,45-49,,0.01176,synthetic_seed
ID,2023,other,hisp,f,50-54,,0.01338,synthetic_seed
ID,2023,other,hisp,f,55-59,,0.00555,synthetic_seed
ID,2023,other,hisp,f,60-64,,0.00424,synthetic_seed
ID,2023,other,hisp,f,65-69,,0.0035,synthetic_seed
ID,2023,other,hisp,f,70-74,,0.00537,synthetic_seed
ID,2023,other,hisp,f,75-79,,0.0048,synthetic_seed
ID,2023,other,hisp,f,80-84,,0.00541,synthetic_seed
ID,2023,other,hisp,f,85+,,0.00687,synthetic_seed
IL,2023,white,non-hisp,m,0-4,,0.00087,synthetic_seed
IL,2023,white,non-hisp,m,5-9,,0.00089,synthetic_seed
IL,2023,white,non-hisp,m,10-14,,0.00074,synthetic_seed
IL,2023,white,non-hisp,m,15-19,,0.00236,synthetic_seed
IL,2023,white,non-hisp,m,20-24,,0.00359,synthetic_seed
IL,2023,white,non-hisp,m,25-29,,0.0046,synthetic_seed
IL,2023,white,non-hisp,m,30-34,,0.00401,synthetic_seed
IL,2023,white,non-hisp,m,35-39,,0.00342,synthetic_seed
IL,2023,white,non-hisp,m,40-44,,0.00287,synthetic_seed
IL,2023,white,non-hisp,m,45-49,,0.00216,synthetic_seed
IL,2023,white,non-hisp,m,50-54,,0.00225,synthetic_seed
IL,2023,white,non-hisp,m,55-59,,0.00074,synthetic_seed
IL,2023,white,non-hisp,m,60-64,,0.00081,synthetic_seed
IL,2023,white,non-hisp,m,65-69,,0.00075,synthetic_seed
IL,2023,white,non-hisp,m,70-74,,0.00076,synthetic_seed
IL,2023,white,non-hisp,m,75-79,,0.00093,synthetic_seed
IL,2023,white,non-hisp,m,80-84,,0.00077,synthetic_seed
IL,2023,white,non-hisp,m,85+,,0.001,synthetic_seed
IL,2023,white,non-hisp,f,0-4,,0.00082,synthetic_seed
IL,2023,white,non-hisp,f,5-9,,0.00082,synthetic_seed
IL,2023,white,non-hisp,f,10-14,,0.00058,synthetic_seed
IL,2023,white,non-hisp,f,15-19,,0.00194,synthetic_seed
IL,2023,white,non-hisp,f,20-24,,0.00339,synthetic_seed
IL,2023,white,non-hisp,f,25-29,,0.00392,synthetic_seed
IL,2023,white,non-hisp,f,30-34,,0.00482,synthetic_seed
IL,2023,white,non-hisp,f,35-39,,0.00344,synthetic_seed
IL,2023,white,non-hisp,f,40-44,,0.00304,synthetic_seed
IL,2023,white,non-hisp,f,45-49,,0.0022,synthetic_seed
IL,2023,white,non-hisp,f,50-54,,0.00206,synthetic_seed
IL,2023,white,non-hisp,f,55-59,,0.00063,synthetic_seed
IL,2023,white,non-hisp,f,60-64,,0.00095,synthetic_seed
IL,2023,white,non-hisp,f,65-69,,0.00083,synthetic_seed
IL,2023,white,non-hisp,f,70-74,,0.00059,synthetic_seed
IL,2023,white,non-hisp,f,75-79,,0.00082,synthetic_seed
IL,2023,white,non-hisp,f,80-84,,0.00069,synthetic_seed
IL,2023,white,non-hisp,f,85+,,0.00081,synthetic_seed
IL,2023,white,hisp,m,0-4,,0.00082,synthetic_seed
IL,2023,white,hisp,m,5-9,,0.00098,synthetic_seed
IL,2023,white,hisp,m,10-14,,0.00082,synthetic_seed
IL,2023,white,hisp,m,15-19,,0.00203,synthetic_seed
IL,2023,white,hisp,m,20-24,,0.004,synthetic_seed
IL,2023,white,hisp,m,25-29,,0.00345,synthetic_seed
IL,2023,white,hisp,m,30-34,,0.00436,synthetic_seed
IL,2023,white,hisp,m,35-39,,0.00343,synthetic_seed
IL,2023,white,hisp,m,40-44,,0.00394,synthetic_seed
IL,2023,white,hisp,m,45-49,,0.0021,synthetic_seed
IL,2023,white,hisp,m,50-54,,0.00149,synthetic_seed
IL,2023,white,hisp,m,55-59,,0.00087,synthetic_seed
IL,2023,white,hisp,m,60-64,,0.00103,synthetic_seed
IL,2023,white,hisp,m,65-69,,0.00078,synthetic_seed
IL,2023,white,hisp,m,70-74,,0.00077,synthetic_seed
IL,2023,white,hisp,m,75-79,,0.00059,synthetic_seed
IL,2023,white,hisp,m,80-84,,0.00079,synthetic_seed
IL,2023,white,hisp,m,85+,,0.00088,synthetic_seed
IL,2023,white,hisp,f,0-4,,0.00084,synthetic_seed
IL,2023,white,hisp,f,5-9,,0.00071,synthetic_seed
IL,2023,white,hisp,f,10-14,,0.00072,synthetic_seed
IL,2023,white,hisp,f,15-19,,0.0021,synthetic_seed
IL,2023,white,hisp,f,20-24,,0.00344,synthetic_seed
IL,2023,white,hisp,f,25-29,,0.00518,synthetic_seed
IL,2023,white,hisp,f,30-34,,0.00405,synthetic_seed
IL,2023,white,hisp,f,35-39,,0.0039,synthetic_seed
IL,2023,white,hisp,f,40-44,,0.00418,synthetic_seed
IL,2023,white,hisp,f,45-49,,0.00131,synthetic_seed
IL,2023,white,hisp,f,50-54,,0.00178,synthetic_seed
IL,2023,white,hisp,f,55-59,,0.00081,synthetic_seed
IL,2023,white,hisp,f,60-64,,0.00069,synthetic_seed
IL,2023,white,hisp,f,65-69,,0.00094,synthetic_seed
IL,2023,white,hisp,f,70-74,,0.00082,synthetic_seed
IL,2023,white,hisp,f,75-79,,0.00056,synthetic_seed
IL,2023,white,hisp,f,80-84,,0.00075,synthetic_seed
IL,2023,white,hisp,f,85+,,0.00088,synthetic_seed
IL,2023,black,non-hisp,m,0-4,,0.00089,synthetic_seed
IL,2023,black,non-hisp,m,5-9,,0.00086,synthetic_seed
IL,2023,black,non-hisp,m,10-14,,0.00091,synthetic_seed
IL,2023,black,non-hisp,m,15-19,,0.00204,synthetic_seed
IL,2023,black,non-hisp,m,20-24,,0.00326,synthetic_seed
IL,2023,black,non-hisp,m,25-29,,0.00397,synthetic_seed
IL,2023,black,non-hisp,m,30-34,,0.00562,synthetic_seed
IL,2023,black,non-hisp,m,35-39,,0.0036,synthetic_seed
IL,2023,black,non-hisp,m,40-44,,0.00305,synthetic_seed
IL,2023,black,non-hisp,m,45-49,,0.00215,synthetic_seed
IL,2023,black,non-hisp,m,50-54,,0.00184,synthetic_seed
IL,2023,black,non-hisp,m,55-59,,0.00068,synthetic_seed
IL,2023,black,non-hisp,m,60-64,,0.00097,synthetic_seed
IL,2023,black,non-hisp,m,65-69,,0.00061,synthetic_seed
IL,2023,black,non-hisp,m,70-74,,0.00082,synthetic_seed
IL,2023,black,non-hisp,m,75-79,,0.00061,synthetic_seed
IL,2023,black,non-hisp,m,80-84,,0.00089,synthetic_seed
IL,2023,black,non-hisp,m,85+,,0.00066,synthetic_seed
IL,2023,black,non-hisp,f,0-4,,0.00075,synthetic_seed
IL,2023,black,non-hisp,f,5-9,,0.00101,synthetic_seed
IL,2023,black,non-hisp,f,10-14,,0.00089,synthetic_seed
IL,2023,black,non-hisp,f,15-19,,0.00211,synthetic_seed
IL,2023,black,non-hisp,f,20-24,,0.00396,synthetic_seed
IL,2023,black,non-hisp,f,25-29,,0.00426,synthetic_seed
IL,2023,black,non-hisp,f,30-34,,0.00204,synthetic_seed
IL,2023,black,non-hisp,f,35-39,,0.00406,synthetic_seed
IL,2023,black,non-hisp,f,40-44,,0.00405,synthetic_seed
IL,2023,black,non-hisp,f,45-49,,0.00214,synthetic_seed
IL,2023,black,non-hisp,f,50-54,,0.00211,synthetic_seed
IL,2023,black,non-hisp,f,55-59,,0.00074,synthetic_seed
IL,2023,black,non-hisp,f,60-64,,0.00059,synthetic_seed
IL,2023,black,non-hisp,f,65-69,,0.00088,synthetic_seed
IL,2023,black,non-hisp,f,70-74,,0.00056,synthetic_seed
IL,2023,black,non-hisp,f,75-79,,0.00071,synthetic_seed
IL,2023,black,non-hisp,f,80-84,,0.00081,synthetic_seed
IL,2023,black,non-hisp,f,85+,,0.00092,synthetic_seed
IL,2023,black,hisp,m,0-4,,0.00077,synthetic_seed
IL,2023,black,hisp,m,5-9,,0.00087,synthetic_seed
IL,2023,black,hisp,m,10-14,,0.00072,synthetic_seed
IL,2023,black,hisp,m,15-19,,0.00225,synthetic_seed
IL,2023,black,hisp,m,20-24,,0.00507,synthetic_seed
IL,2023,black,hisp,m,25-29,,0.00523,synthetic_seed
IL,2023,black,hisp,m,30-34,,0.00462,synthetic_seed
IL,2023,black,hisp,m,35-39,,0.00376,synthetic_seed
IL,2023,black,hisp,m,40-44,,0.00308,synthetic_seed
IL,2023,black,hisp,m,45-49,,0.00167,synthetic_seed
IL,2023,black,hisp,m,50-54,,0.00118,synthetic_seed
IL,2023,black,hisp,m,55-59,,0.00062,synthetic_seed
IL,2023,black,hisp,m,60-64,,0.00089,synthetic_seed
IL,2023,black,hisp,m,65-69,,0.00069,synthetic_seed
IL,2023,black,hisp,m,70-74,,0.00081,synthetic_seed
IL,2023,black,hisp,m,75-79,,0.00087,synthetic_seed
IL,2023,black,hisp,m,80-84,,0.00078,synthetic_seed
IL,2023,black,hisp,m,85+,,0.00083,synthetic_seed
IL,2023,black,hisp,f,0-4,,0.00083,synthetic_seed
IL,2023,black,hisp,f,5-9,,0.00064,synthetic_seed
IL,2023,black,hisp,f,10-14,,0.00067,synthetic_seed
IL,2023,black,hisp,f,15-19,,0.00199,synthetic_seed
IL,2023,black,hisp,f,20-24,,0.0048,synthetic_seed
IL,2023,black,hisp,f,25-29,,0.00402,synthetic_seed
IL,2023,black,hisp,f,30-34,,0.00448,synthetic_seed
IL,2023,black,hisp,f,35-39,,0.00334,synthetic_seed
IL,2023,black,hisp,f,40-44,,0.00516,synthetic_seed
IL,2023,black,hisp,f,45-49,,0.00197,synthetic_seed
IL,2023,black,hisp,f,50-54,,0.00204,synthetic_seed
IL,2023,black,hisp,f,55-59,,0.00089,synthetic_seed
IL,2023,black,hisp,f,60-64,,0.0007,synthetic_seed
IL,2023,black,hisp,f,65-69,,0.00082,synthetic_seed
IL,2023,black,hisp,f,70-74,,0.00088,synthetic_seed
IL,2023,black,hisp,f,75-79,,0.00066,synthetic_seed
IL,2023,black,hisp,f,80-84,,0.00099,synthetic_seed
IL,2023,black,hisp,f,85+,,0.00071,synthetic_seed
IL,2023,asian,non-hisp,m,0-4,,0.00078,synthetic_seed
IL,2023,asian,non-hisp,m,5-9,,0.00081,synthetic_seed
IL,2023,asian,non-hisp,m,10-14,,0.00083,synthetic_seed
IL,2023,asian,non-hisp,m,15-19,,0.0025,synthetic_seed
IL,2023,asian,non-hisp,m,20-24,,0.00402,synthetic_seed
IL,2023,asian,non-hisp,m,25-29,,0.00366,synthetic_seed
IL,2023,asian,non-hisp,m,30-34,,0.00396,synthetic_seed
IL,2023,asian,non-hisp,m,35-39,,0.00389,synthetic_seed
IL,2023,asian,non-hisp,m,40-44,,0.00306,synthetic_seed
IL,2023,asian,non-hisp,m,45-49,,0.00233,synthetic_seed
IL,2023,asian,non-hisp,m,50-54,,0.00229,synthetic_seed
IL,2023,asian,non-hisp,m,55-59,,0.00084,synthetic_seed
IL,2023,asian,non-hisp,m,60-64,,0.0008,synthetic_seed
IL,2023,asian,non-hisp,m,65-69,,0.00083,synthetic_seed
IL,2023,asian,non-hisp,m,70-74,,0.00064,synthetic_seed
IL,2023,asian,non-hisp,m,75-79,,0.00084,synthetic_seed
IL,2023,asian,non-hisp,m,80-84,,0.0005,synthetic_seed
IL,2023,asian,non-hisp,m,85+,,0.00079,synthetic_seed
IL,2023,asian,non-hisp,f,0-4,,0.00095,synthetic_seed
IL,2023,asian,non-hisp,f,5-9,,0.00086,synthetic_seed
IL,2023,asian,non-hisp,f,10-14,,0.00079,synthetic_seed
IL,2023,asian,non-hisp,f,15-19,,0.00198,synthetic_seed
IL,2023,asian,non-hisp,f,20-24,,0.00323,synthetic_seed
IL,2023,asian,non-hisp,f,25-29,,0.0031,synthetic_seed
IL,2023,asian,non-hisp,f,30-34,,0.00406,synthetic_seed
IL,2023,asian,non-hisp,f,35-39,,0.00515,synthetic_seed
IL,2023,asian,non-hisp,f,40-44,,0.00402,synthetic_seed
IL,2023,asian,non-hisp,f,45-49,,0.00172,synthetic_seed
IL,2023,asian,non-hisp,f,50-54,,0.0021,synthetic_seed
IL,2023,asian,non-hisp,f,55-59,,0.00077,synthetic_seed
IL,2023,asian,non-hisp,f,60-64,,0.00081,synthetic_seed
IL,2023,asian,non-hisp,f,65-69,,0.00097,synthetic_seed
IL,2023,asian,non-hisp,f,70-74,,0.00101,synthetic_seed
IL,2023,asian,non-hisp,f,75-79,,0.00077,synthetic_seed
IL,2023,asian,non-hisp,f,80-84,,0.00093,synthetic_seed
IL,2023,asian,non-hisp,f,85+,,0.00092,synthetic_seed
IL,2023,asian,hisp,m,0-4,,0.00075,synthetic_seed
IL,2023,asian,hisp,m,5-9,,0.00103,synthetic_seed
IL,2023,asian,hisp,m,10-14,,0.00094,synthetic_seed
IL,2023,asian,hisp,m,15-19,,0.00253,synthetic_seed
IL,2023,asian,hisp,m,20-24,,0.00283,synthetic_seed
IL,2023,asian,hisp,m,25-29,,0.0031,synthetic_seed
IL,2023,asian,hisp,m,30-34,,0.00368,synthetic_seed
IL,2023,asian,hisp,m,35-39,,0.00439,synthetic_seed
IL,2023,asian,hisp,m,40-44,,0.00356,synthetic_seed
IL,2023,asian,hisp,m,45-49,,0.0022,synthetic_seed
IL,2023,asian,hisp,m,50-54,,0.00189,synthetic_seed
IL,2023,asian,hisp,m,55-59,,0.00085,synthetic_seed
IL,2023,asian,hisp,m,60-64,,0.00091,synthetic_seed
IL,2023,asian,hisp,m,65-69,,0.0006,synthetic_seed
IL,2023,asian,hisp,m,70-74,,0.00094,synthetic_seed
IL,2023,asian,hisp,m,75-79,,0.0008,synthetic_seed
IL,2023,asian,hisp,m,80-84,,0.00088,synthetic_seed
IL,2023,asian,hisp,m,85+,,0.00067,synthetic_seed
IL,2023,asian,hisp,f,0-4,,0.00067,synthetic_seed
IL,2023,asian,hisp,f,5-9,,0.00068,synthetic_seed
IL,2023,asian,hisp,f,10-14,,0.00086,synthetic_seed
IL,2023,asian,hisp,f,15-19,,0.00212,synthetic_seed
IL,2023,asian,hisp,f,20-24,,0.00425,synthetic_seed
IL,2023,asian,hisp,f,25-29,,0.0041,synthetic_seed
IL,2023,asian,hisp,f,30-34,,0.00302,synthetic_seed
IL,2023,asian,hisp,f,35-39,,0.00399,synthetic_seed
IL,2023,asian,hisp,f,40-44,,0.00403,synthetic_seed
IL,2023,asian,hisp,f,45-49,,0.00226,synthetic_seed
IL,2023,asian,hisp,f,50-54,,0.00284,synthetic_seed
IL,2023,asian,hisp,f,55-59,,0.00109,synthetic_seed
IL,2023,asian,hisp,f,60-64,,0.00094,synthetic_seed
IL,2023,asian,hisp,f,65-69,,0.00052,synthetic_seed
IL,2023,asian,hisp,f,70-74,,0.00089,synthetic_seed
IL,2023,asian,hisp,f,75-79,,0.00067,synthetic_seed
IL,2023,asian,hisp,f,80-84,,0.00107,synthetic_seed
IL,2023,asian,hisp,f,85+,,0.00077,synthetic_seed
IL,2023,other,non-hisp,m,0-4,,0.00074,synthetic_seed
IL,2023,other,non-hisp,m,5-9,,0.0008,synthetic_seed
IL,2023,other,non-hisp,m,10-14,,0.00082,synthetic_seed
IL,2023,other,non-hisp,m,15-19,,0.00229,synthetic_seed
IL,2023,other,non-hisp,m,20-24,,0.0035,synthetic_seed
IL,2023,other,non-hisp,m,25-29,,0.00418,synthetic_seed
IL,2023,other,non-hisp,m,30-34,,0.0038,synthetic_seed
IL,2023,other,non-hisp,m,35-39,,0.00441,synthetic_seed
IL,2023,other,non-hisp,m,40-44,,0.00431,synthetic_seed
IL,2023,other,non-hisp,m,45-49,,0.00178,synthetic_seed
IL,2023,other,non-hisp,m,50-54,,0.00172,synthetic_seed
IL,2023,other,non-hisp,m,55-59,,0.00077,synthetic_seed
IL,2023,other,non-hisp,m,60-64,,0.00093,synthetic_seed
IL,2023,other,non-hisp,m,65-69,,0.0008,synthetic_seed
IL,2023,other,non-hisp,m,70-74,,0.00077,synthetic_seed
IL,2023,other,non-hisp,m,75-79,,0.0008,synthetic_seed
IL,2023,other,non-hisp,m,80-84,,0.00066,synthetic_seed
IL,2023,other,non-hisp,m,85+,,0.00063,synthetic_seed
IL,2023,other,non-hisp,f,0-4,,0.00065,synthetic_seed
IL,2023,other,non-hisp,f,5-9,,0.00101,synthetic_seed
IL,2023,other,non-hisp,f,10-14,,0.0008,synthetic_seed
IL,2023,other,non-hisp,f,15-19,,0.00198,synthetic_seed
IL,2023,other,non-hisp,f,20-24,,0.00332,synthetic_seed
IL,2023,other,non-hisp,f,25-29,,0.00421,synthetic_seed
IL,2023,other,non-hisp,f,30-34,,0.00389,synthetic_seed
IL,2023,other,non-hisp,f,35-39,,0.00492,synthetic_seed
IL,2023,other,non-hisp,f,40-44,,0.0047,synthetic_seed
IL,2023,other,non-hisp,f,45-49,,0.00216,synthetic_seed
IL,2023,other,non-hisp,f,50-54,,0.00165,synthetic_seed
IL,2023,other,non-hisp,f,55-59,,0.0008,synthetic_seed
IL,2023,other,non-hisp,f,60-64,,0.00078,synthetic_seed
IL,2023,other,non-hisp,f,65-69,,0.00087,synthetic_seed
IL,2023,other,non-hisp,f,70-74,,0.00058,synthetic_seed
IL,2023,other,non-hisp,f,75-79,,0.00089,synthetic_seed
IL,2023,other,non-hisp,f,80-84,,0.00066,synthetic_seed
IL,2023,other,non-hisp,f,85+,,0.00075,synthetic_seed
IL,2023,other,hisp,m,0-4,,0.00069,synthetic_seed
IL,2023,other,hisp,m,5-9,,0.00075,synthetic_seed
IL,2023,other,hisp,m,10-14,,0.00069,synthetic_seed
IL,2023,other,hisp,m,15-19,,0.00212,synthetic_seed
IL,2023,other,hisp,m,20-24,,0.00324,synthetic_seed
IL,2023,other,hisp,m,25-29,,0.00439,synthetic_seed
IL,2023,other,hisp,m,30-34,,0.00385,synthetic_seed
IL,2023,other,hisp,m,35-39,,0.00422,synthetic_seed
IL,2023,other,hisp,m,40-44,,0.00452,synthetic_seed
IL,2023,other,hisp,m,45-49,,0.00191,synthetic_seed
IL,2023,other,hisp,m,50-54,,0.0023,synthetic_seed
IL,2023,other,hisp,m,55-59,,0.00081,synthetic_seed
IL,2023,other,hisp,m,60-64,,0.00094,synthetic_seed
IL,2023,other,hisp,m,65-69,,0.00072,synthetic_seed
IL,2023,other,hisp,m,70-74,,0.00072,synthetic_seed
IL,2023,other,hisp,m,75-79,,0.00086,synthetic_seed
IL,2023,other,hisp,m,80-84,,0.00092,synthetic_seed
IL,2023,other,hisp,m,85+,,0.00061,synthetic_seed
IL,2023,other,hisp,f,0-4,,0.00094,synthetic_seed
IL,2023,other,hisp,f,5-9,,0.0008,synthetic_seed
IL,2023,other,hisp,f,10-14,,0.00075,synthetic_seed
IL,2023,other,hisp,f,15-19,,0.00182,synthetic_seed
IL,2023,other,hisp,f,20-24,,0.00388,synthetic_seed
IL,2023,other,hisp,f,25-29,,0.00446,synthetic_seed
IL,2023,other,hisp,f,30-34,,0.00303,synthetic_seed
IL,2023,other,hisp,f,35-39,,0.00375,synthetic_seed
IL,2023,other,hisp,f,40-44,,0.00496,synthetic_seed
IL,2023,other,hisp,f,45-49,,0.00264,synthetic_seed
IL,2023,other,hisp,f,50-54,,0.002,synthetic_seed
IL,2023,other,hisp,f,55-59,,0.00083,synthetic_seed
IL,2023,other,hisp,f,60-64,,0.00063,synthetic_seed
IL,2023,other,hisp,f,65-69,,0.00084,synthetic_seed
IL,2023,other,hisp,f,70-74,,0.00094,synthetic_seed
IL,2023,other,hisp,f,75-79,,0.00092,synthetic_seed
IL,2023,other,hisp,f,80-84,,0.00064,synthetic_seed
IL,2023,other,hisp,f,85+,,0.00087,synthetic_seed
IN,2023,white,non-hisp,m,0-4,,0.00164,synthetic_seed
IN,2023,white,non-hisp,m,5-9,,0.00133,synthetic_seed
IN,2023,white,non-hisp,m,10-14,,0.00145,synthetic_seed
IN,2023,white,non-hisp,m,15-19,,0.00439,synthetic_seed
IN,2023,white,non-hisp,m,20-24,,0.00847,synthetic_seed
IN,2023,white,non-hisp,m,25-29,,0.00769,synthetic_seed
IN,2023,white,non-hisp,m,30-34,,0.00906,synthetic_seed
IN,2023,white,non-hisp,m,35-39,,0.00827,synthetic_seed
IN,2023,white,non-hisp,m,40-44,,0.01114,synthetic_seed
IN,2023,white,non-hisp,m,45-49,,0.00317,synthetic_seed
IN,2023,white,non-hisp,m,50-54,,0.00398,synthetic_seed
IN,2023,white,non-hisp,m,55-59,,0.00159,synthetic_seed
IN,2023,white,non-hisp,m,60-64,,0.00171,synthetic_seed
IN,2023,white,non-hisp,m,65-69,,0.00158,synthetic_seed
IN,2023,white,non-hisp,m,70-74,,0.00166,synthetic_seed
IN,2023,white,non-hisp,m,75-79,,0.00174,synthetic_seed
IN,2023,white,non-hisp,m,80-84,,0.00146,synthetic_seed
IN,2023,white,non-hisp,m,85+,,0.00149,synthetic_seed
IN,2023,white,non-hisp,f,0-4,,0.00189,synthetic_seed
IN,2023,white,non-hisp,f,5-9,,0.00174,synthetic_seed
IN,2023,white,non-hisp,f,10-14,,0.00163,synthetic_seed
IN,2023,white,non-hisp,f,15-19,,0.00398,synthetic_seed
IN,2023,white,non-hisp,f,20-24,,0.00679,synthetic_seed
IN,2023,white,non-hisp,f,25-29,,0.00776,synthetic_seed
IN,2023,white,non-hisp,f,30-34,,0.00817,synthetic_seed
IN,2023,white,non-hisp,f,35-39,,0.0093,synthetic_seed
IN,2023,white,non-hisp,f,40-44,,0.00698,synthetic_seed
IN,2023,white,non-hisp,f,45-49,,0.00465,synthetic_seed
IN,2023,white,non-hisp,f,50-54,,0.00427,synthetic_seed
IN,2023,white,non-hisp,f,55-59,,0.00189,synthetic_seed
IN,2023,white,non-hisp,f,60-64,,0.00172,synthetic_seed
IN,2023,white,non-hisp,f,65-69,,0.00115,synthetic_seed
IN,2023,white,non-hisp,f,70-74,,0.00158,synthetic_seed
IN,2023,white,non-hisp,f,75-79,,0.00148,synthetic_seed
IN,2023,white,non-hisp,f,80-84,,0.00156,synthetic_seed
IN,2023,white,non-hisp,f,85+,,0.00164,synthetic_seed
IN,2023,white,hisp,m,0-4,,0.00152,synthetic_seed
IN,2023,white,hisp,m,5-9,,0.00159,synthetic_seed
IN,2023,white,hisp,m,10-14,,0.00185,synthetic_seed
IN,2023,white,hisp,m,15-19,,0.00442,synthetic_seed
IN,2023,white,hisp,m,20-24,,0.00709,synthetic_seed
IN,2023,white,hisp,m,25-29,,0.00755,synthetic_seed
IN,2023,white,hisp,m,30-34,,0.00926,synthetic_seed
IN,2023,white,hisp,m,35-39,,0.00595,synthetic_seed
IN,2023,white,hisp,m,40-44,,0.00958,synthetic_seed
IN,2023,white,hisp,m,45-49,,0.00289,synthetic_seed
IN,2023,white,hisp,m,50-54,,0.00335,synthetic_seed
IN,2023,white,hisp,m,55-59,,0.00164,synthetic_seed
IN,2023,white,hisp,m,60-64,,0.00206,synthetic_seed
IN,2023,white,hisp,m,65-69,,0.00139,synthetic_seed
IN,2023,white,hisp,m,70-74,,0.00176,synthetic_seed
IN,2023,white,hisp,m,75-79,,0.00167,synthetic_seed
IN,2023,white,hisp,m,80-84,,0.0012,synthetic_seed
IN,2023,white,hisp,m,85+,,0.00163,synthetic_seed
IN,2023,white,hisp,f,0-4,,0.00132,synthetic_seed
IN,2023,white,hisp,f,5-9,,0.00145,synthetic_seed
IN,2023,white,hisp,f,10-14,,0.00177,synthetic_seed
IN,2023,white,hisp,f,15-19,,0.00388,synthetic_seed
IN,2023,white,hisp,f,20-24,,0.00762,synthetic_seed
IN,2023,white,hisp,f,25-29,,0.0052,synthetic_seed
IN,2023,white,hisp,f,30-34,,0.00844,synthetic_seed
IN,2023,white,hisp,f,35-39,,0.00947,synthetic_seed
IN,2023,white,hisp,f,40-44,,0.00695,synthetic_seed
IN,2023,white,hisp,f,45-49,,0.00395,synthetic_seed
IN,2023,white,hisp,f,50-54,,0.00384,synthetic_seed
IN,2023,white,hisp,f,55-59,,0.00169,synthetic_seed
IN,2023,white,hisp,f,60-64,,0.00173,synthetic_seed
IN,2023,white,hisp,f,65-69,,0.00155,synthetic_seed
IN,2023,white,hisp,f,70-74,,0.00134,synthetic_seed
IN,2023,white,hisp,f,75-79,,0.00122,synthetic_seed
IN,2023,white,hisp,f,80-84,,0.00155,synthetic_seed
IN,2023,white,hisp,f,85+,,0.00162,synthetic_seed
IN,2023,black,non-hisp,m,0-4,,0.00174,synthetic_seed
IN,2023,black,non-hisp,m,5-9,,0.00169,synthetic_seed
IN,2023,black,non-hisp,m,10-14,,0.00154,synthetic_seed
IN,2023,black,non-hisp,m,15-19,,0.0046,synthetic_seed
IN,2023,black,non-hisp,m,20-24,,0.00773,synthetic_seed
IN,2023,black,non-hisp,m,25-29,,0.00655,synthetic_seed
IN,2023,black,non-hisp,m,30-34,,0.00771,synthetic_seed
IN,2023,black,non-hisp,m,35-39,,0.00814,synthetic_seed
IN,2023,black,non-hisp,m,40-44,,0.00877,synthetic_seed
IN,2023,black,non-hisp,m,45-49,,0.00411,synthetic_seed
IN,2023,black,non-hisp,m,50-54,,0.00419,synthetic_seed
IN,2023,black,non-hisp,m,55-59,,0.0011,synthetic_seed
IN,2023,black,non-hisp,m,60-64,,0.00179,synthetic_seed
IN,2023,black,non-hisp,m,65-69,,0.00128,synthetic_seed
IN,2023,black,non-hisp,m,70-74,,0.00163,synthetic_seed
IN,2023,black,non-hisp,m,75-79,,0.00139,synthetic_seed
IN,2023,black,non-hisp,m,80-84,,0.00174,synthetic_seed
IN,2023,black,non-hisp,m,85+,,0.00171,synthetic_seed
IN,2023,black,non-hisp,f,0-4,,0.00158,synthetic_seed
IN,2023,black,non-hisp,f,5-9,,0.00153,synthetic_seed
IN,2023,black,non-hisp,f,10-14,,0.00137,synthetic_seed
IN,2023,black,non-hisp,f,15-19,,0.0045,synthetic_seed
IN,2023,black,non-hisp,f,20-24,,0.00812,synthetic_seed
IN,2023,black,non-hisp,f,25-29,,0.00866,synthetic_seed
IN,2023,black,non-hisp,f,30-34,,0.00684,synthetic_seed
IN,2023,black,non-hisp,f,35-39,,0.00863,synthetic_seed
IN,2023,black,non-hisp,f,40-44,,0.00961,synthetic_seed
IN,2023,black,non-hisp,f,45-49,,0.00404,synthetic_seed
IN,2023,black,non-hisp,f,50-54,,0.0018,synthetic_seed
IN,2023,black,non-hisp,f,55-59,,0.00175,synthetic_seed
IN,2023,black,non-hisp,f,60-64,,0.00113,synthetic_seed
IN,2023,black,non-hisp,f,65-69,,0.00155,synthetic_seed
IN,2023,black,non-hisp,f,70-74,,0.00131,synthetic_seed
IN,2023,black,non-hisp,f,75-79,,0.00177,synthetic_seed
IN,2023,black,non-hisp,f,80-84,,0.00186,synthetic_seed
IN,2023,black,non-hisp,f,85+,,0.00161,synthetic_seed
IN,2023,black,hisp,m,0-4,,0.00156,synthetic_seed
IN,2023,black,hisp,m,5-9,,0.00151,synthetic_seed
IN,2023,black,hisp,m,10-14,,0.00181,synthetic_seed
IN,2023,black,hisp,m,15-19,,0.00308,synthetic_seed
IN,2023,black,hisp,m,20-24,,0.0101,synthetic_seed
IN,2023,black,hisp,m,25-29,,0.00793,synthetic_seed
IN,2023,black,hisp,m,30-34,,0.0076,synthetic_seed
IN,2023,black,hisp,m,35-39,,0.00889,synthetic_seed
IN,2023,black,hisp,m,40-44,,0.00916,synthetic_seed
IN,2023,black,hisp,m,45-49,,0.00479,synthetic_seed
IN,2023,black,hisp,m,50-54,,0.0028,synthetic_seed
IN,2023,black,hisp,m,55-59,,0.00121,synthetic_seed
IN,2023,black,hisp,m,60-64,,0.00175,synthetic_seed
IN,2023,black,hisp,m,65-69,,0.0013,synthetic_seed
IN,2023,black,hisp,m,70-74,,0.00128,synthetic_seed
IN,2023,black,hisp,m,75-79,,0.00134,synthetic_seed
IN,2023,black,hisp,m,80-84,,0.00195,synthetic_seed
IN,2023,black,hisp,m,85+,,0.00175,synthetic_seed
IN,2023,black,hisp,f,0-4,,0.00151,synthetic_seed
IN,2023,black,hisp,f,5-9,,0.00178,synthetic_seed
IN,2023,black,hisp,f,10-14,,0.00148,synthetic_seed
IN,2023,black,hisp,f,15-19,,0.00393,synthetic_seed
IN,2023,black,hisp,f,20-24,,0.0099,synthetic_seed
IN,2023,black,hisp,f,25-29,,0.00691,synthetic_seed
IN,2023,black,hisp,f,30-34,,0.0096,synthetic_seed
IN,2023,black,hisp,f,35-39,,0.00743,synthetic_seed
IN,2023,black,hisp,f,40-44,,0.01034,synthetic_seed
IN,2023,black,hisp,f,45-49,,0.00459,synthetic_seed
IN,2023,black,hisp,f,50-54,,0.00428,synthetic_seed
IN,2023,black,hisp,f,55-59,,0.00173,synthetic_seed
IN,2023,black,hisp,f,60-64,,0.00149,synthetic_seed
IN,2023,black,hisp,f,65-69,,0.00155,synthetic_seed
IN,2023,black,hisp,f,70-74,,0.00147,synthetic_seed
IN,2023,black,hisp,f,75-79,,0.00155,synthetic_seed
IN,2023,black,hisp,f,80-84,,0.0015,synthetic_seed
IN,2023,black,hisp,f,85+,,0.00157,synthetic_seed
IN,2023,asian,non-hisp,m,0-4,,0.00113,synthetic_seed
IN,2023,asian,non-hisp,m,5-9,,0.00174,synthetic_seed
IN,2023,asian,non-hisp,m,10-14,,0.00138,synthetic_seed
IN,2023,asian,non-hisp,m,15-19,,0.00426,synthetic_seed
IN,2023,asian,non-hisp,m,20-24,,0.00921,synthetic_seed
IN,2023,asian,non-hisp,m,25-29,,0.00699,synthetic_seed
IN,2023,asian,non-hisp,m,30-34,,0.00588,synthetic_seed
IN,2023,asian,non-hisp,m,35-39,,0.00795,synthetic_seed
IN,2023,asian,non-hisp,m,40-44,,0.00886,synthetic_seed
IN,2023,asian,non-hisp,m,45-49,,0.00424,synthetic_seed
IN,2023,asian,non-hisp,m,50-54,,0.00534,synthetic_seed
IN,2023,asian,non-hisp,m,55-59,,0.00158,synthetic_seed
IN,2023,asian,non-hisp,m,60-64,,0.00158,synthetic_seed
IN,2023,asian,non-hisp,m,65-69,,0.00135,synthetic_seed
IN,2023,asian,non-hisp,m,70-74,,0.00156,synthetic_seed
IN,2023,asian,non-hisp,m,75-79,,0.00158,synthetic_seed
IN,2023,asian,non-hisp,m,80-84,,0.00167,synthetic_seed
IN,2023,asian,non-hisp,m,85+,,0.00162,synthetic_seed
IN,2023,asian,non-hisp,f,0-4,,0.00174,synthetic_seed
IN,2023,asian,non-hisp,f,5-9,,0.00172,synthetic_seed
IN,2023,asian,non-hisp,f,10-14,,0.00139,synthetic_seed
IN,2023,asian,non-hisp,f,15-19,,0.00385,synthetic_seed
IN,2023,asian,non-hisp,f,20-24,,0.0084,synthetic_seed
IN,2023,asian,non-hisp,f,25-29,,0.00689,synthetic_seed
IN,2023,asian,non-hisp,f,30-34,,0.00713,synthetic_seed
IN,2023,asian,non-hisp,f,35-39,,0.00735,synthetic_seed
IN,2023,asian,non-hisp,f,40-44,,0.0066,synthetic_seed
IN,2023,asian,non-hisp,f,45-49,,0.00416,synthetic_seed
IN,2023,asian,non-hisp,f,50-54,,0.00302,synthetic_seed
IN,2023,asian,non-hisp,f,55-59,,0.0012,synthetic_seed
IN,2023,asian,non-hisp,f,60-64,,0.0017,synthetic_seed
IN,2023,asian,non-hisp,f,65-69,,0.00187,synthetic_seed
IN,2023,asian,non-hisp,f,70-74,,0.00169,synthetic_seed
IN,2023,asian,non-hisp,f,75-79,,0.00196,synthetic_seed
IN,2023,asian,non-hisp,f,80-84,,0.00127,synthetic_seed
IN,2023,asian,non-hisp,f,85+,,0.002,synthetic_seed
IN,2023,asian,hisp,m,0-4,,0.00171,synthetic_seed
IN,2023,asian,hisp,m,5-9,,0.00196,synthetic_seed
IN,2023,asian,hisp,m,10-14,,0.0018,synthetic_seed
IN,2023,asian,hisp,m,15-19,,0.00419,synthetic_seed
IN,2023,asian,hisp,m,20-24,,0.00684,synthetic_seed
IN,2023,asian,hisp,m,25-29,,0.00781,synthetic_seed
IN,2023,asian,hisp,m,30-34,,0.00875,synthetic_seed
IN,2023,asian,hisp,m,35-39,,0.00801,synthetic_seed
IN,2023,asian,hisp,m,40-44,,0.00713,synthetic_seed
IN,2023,asian,hisp,m,45-49,,0.00465,synthetic_seed
IN,2023,asian,hisp,m,50-54,,0.00487,synthetic_seed
IN,2023,asian,hisp,m,55-59,,0.00147,synthetic_seed
IN,2023,asian,hisp,m,60-64,,0.00159,synthetic_seed
IN,2023,asian,hisp,m,65-69,,0.00167,synthetic_seed
IN,2023,asian,hisp,m,70-74,,0.00145,synthetic_seed
IN,2023,asian,hisp,m,75-79,,0.00182,synthetic_seed
IN,2023,asian,hisp,m,80-84,,0.00136,synthetic_seed
IN,2023,asian,hisp,m,85+,,0.00149,synthetic_seed
IN,2023,asian,hisp,f,0-4,,0.00166,synthetic_seed
IN,2023,asian,hisp,f,5-9,,0.0016,synthetic_seed
IN,2023,asian,hisp,f,10-14,,0.00169,synthetic_seed
IN,2023,asian,hisp,f,15-19,,0.00367,synthetic_seed
IN,2023,asian,hisp,f,20-24,,0.00793,synthetic_seed
IN,2023,asian,hisp,f,25-29,,0.01024,synthetic_seed
IN,2023,asian,hisp,f,30-34,,0.00767,synthetic_seed
IN,2023,asian,hisp,f,35-39,,0.00839,synthetic_seed
IN,2023,asian,hisp,f,40-44,,0.00773,synthetic_seed
IN,2023,asian,hisp,f,45-49,,0.00418,synthetic_seed
IN,2023,asian,hisp,f,50-54,,0.0028,synthetic_seed
IN,2023,asian,hisp,f,55-59,,0.00123,synthetic_seed
IN,2023,asian,hisp,f,60-64,,0.00149,synthetic_seed
IN,2023,asian,hisp,f,65-69,,0.00172,synthetic_seed
IN,2023,asian,hisp,f,70-74,,0.00155,synthetic_seed
IN,2023,asian,hisp,f,75-79,,0.00186,synthetic_seed
IN,2023,asian,hisp,f,80-84,,0.00151,synthetic_seed
IN,2023,asian,hisp,f,85+,,0.00158,synthetic_seed
IN,2023,other,non-hisp,m,0-4,,0.00159,synthetic_seed
IN,2023,other,non-hisp,m,5-9,,0.00161,synthetic_seed
IN,2023,other,non-hisp,m,10-14,,0.00133,synthetic_seed
IN,2023,other,non-hisp,m,15-19,,0.00425,synthetic_seed
IN,2023,other,non-hisp,m,20-24,,0.00842,synthetic_seed
IN,2023,other,non-hisp,m,25-29,,0.00856,synthetic_seed
IN,2023,other,non-hisp,m,30-34,,0.00942,synthetic_seed
IN,2023,other,non-hisp,m,35-39,,0.00899,synthetic_seed
IN,2023,other,non-hisp,m,40-44,,0.00907,synthetic_seed
IN,2023,other,non-hisp,m,45-49,,0.00345,synthetic_seed
IN,2023,other,non-hisp,m,50-54,,0.00252,synthetic_seed
IN,2023,other,non-hisp,m,55-59,,0.00145,synthetic_seed
IN,2023,other,non-hisp,m,60-64,,0.00196,synthetic_seed
IN,2023,other,non-hisp,m,65-69,,0.00174,synthetic_seed
IN,2023,other,non-hisp,m,70-74,,0.00163,synthetic_seed
IN,2023,other,non-hisp,m,75-79,,0.00178,synthetic_seed
IN,2023,other,non-hisp,m,80-84,,0.00155,synthetic_seed
IN,2023,other,non-hisp,m,85+,,0.00144,synthetic_seed
IN,2023,other,non-hisp,f,0-4,,0.00138,synthetic_seed
IN,2023,other,non-hisp,f,5-9,,0.00159,synthetic_seed
IN,2023,other,non-hisp,f,10-14,,0.00144,synthetic_seed
IN,2023,other,non-hisp,f,15-19,,0.00386,synthetic_seed
IN,2023,other,non-hisp,f,20-24,,0.00527,synthetic_seed
IN,2023,other,non-hisp,f,25-29,,0.00943,synthetic_seed
IN,2023,other,non-hisp,f,30-34,,0.00998,synthetic_seed
IN,2023,other,non-hisp,f,35-39,,0.00839,synthetic_seed
IN,2023,other,non-hisp,f,40-44,,0.00835,synthetic_seed
IN,2023,other,non-hisp,f,45-49,,0.00367,synthetic_seed
IN,2023,other,non-hisp,f,50-54,,0.00295,synthetic_seed
IN,2023,other,non-hisp,f,55-59,,0.00144,synthetic_seed
IN,2023,other,non-hisp,f,60-64,,0.00106,synthetic_seed
IN,2023,other,non-hisp,f,65-69,,0.00155,synthetic_seed
IN,2023,other,non-hisp,f,70-74,,0.00147,synthetic_seed
IN,2023,other,non-hisp,f,75-79,,0.00132,synthetic_seed
IN,2023,other,non-hisp,f,80-84,,0.00215,synthetic_seed
IN,2023,other,non-hisp,f,85+,,0.00142,synthetic_seed
IN,2023,other,hisp,m,0-4,,0.00153,synthetic_seed
IN,2023,other,hisp,m,5-9,,0.00165,synthetic_seed
IN,2023,other,hisp,m,10-14,,0.00132,synthetic_seed
IN,2023,other,hisp,m,15-19,,0.00411,synthetic_seed
IN,2023,other,hisp,m,20-24,,0.00862,synthetic_seed
IN,2023,other,hisp,m,25-29,,0.01011,synthetic_seed
IN,2023,other,hisp,m,30-34,,0.00825,synthetic_seed
IN,2023,other,hisp,m,35-39,,0.00785,synthetic_seed
IN,2023,other,hisp,m,40-44,,0.00854,synthetic_seed
IN,2023,other,hisp,m,45-49,,0.00451,synthetic_seed
IN,2023,other,hisp,m,50-54,,0.00424,synthetic_seed
IN,2023,other,hisp,m,55-59,,0.00193,synthetic_seed
IN,2023,other,hisp,m,60-64,,0.00143,synthetic_seed
IN,2023,other,hisp,m,65-69,,0.00175,synthetic_seed
IN,2023,other,hisp,m,70-74,,0.00159,synthetic_seed
IN,2023,other,hisp,m,75-79,,0.00153,synthetic_seed
IN,2023,other,hisp,m,80-84,,0.00174,synthetic_seed
IN,2023,other,hisp,m,85+,,0.00179,synthetic_seed
IN,2023,other,hisp,f,0-4,,0.00171,synthetic_seed
IN,2023,other,hisp,f,5-9,,0.0016,synthetic_seed
IN,2023,other,hisp,f,10-14,,0.00167,synthetic_seed
IN,2023,other,hisp,f,15-19,,0.00322,synthetic_seed
IN,2023,other,hisp,f,20-24,,0.00687,synthetic_seed
IN,2023,other,hisp,f,25-29,,0.00811,synthetic_seed
IN,2023,other,hisp,f,30-34,,0.00961,synthetic_seed
IN,2023,other,hisp,f,35-39,,0.00695,synthetic_seed
IN,2023,other,hisp,f,40-44,,0.00833,synthetic_seed
IN,2023,other,hisp,f,45-49,,0.00375,synthetic_seed
IN,2023,other,hisp,f,50-54,,0.00513,synthetic_seed
IN,2023,other,hisp,f,55-59,,0.0014,synthetic_seed
IN,2023,other,hisp,f,60-64,,0.00181,synthetic_seed
IN,2023,other,hisp,f,65-69,,0.00116,synthetic_seed
IN,2023,other,hisp,f,70-74,,0.00154,synthetic_seed
IN,2023,other,hisp,f,75-79,,0.00146,synthetic_seed
IN,2023,other,hisp,f,80-84,,0.00153,synthetic_seed
IN,2023,other,hisp,f,85+,,0.00177,synthetic_seed
IA,2023,white,non-hisp,m,0-4,,0.00097,synthetic_seed
IA,2023,white,non-hisp,m,5-9,,0.00132,synthetic_seed
IA,2023,white,non-hisp,m,10-14,,0.00161,synthetic_seed
IA,2023,white,non-hisp,m,15-19,,0.0043,synthetic_seed
IA,2023,white,non-hisp,m,20-24,,0.00785,synthetic_seed
IA,2023,white,non-hisp,m,25-29,,0.00744,synthetic_seed
IA,2023,white,non-hisp,m,30-34,,0.00924,synthetic_seed
IA,2023,white,non-hisp,m,35-39,,0.00879,synthetic_seed
IA,2023,white,non-hisp,m,40-44,,0.00592,synthetic_seed
IA,2023,white,non-hisp,m,45-49,,0.00392,synthetic_seed
IA,2023,white,non-hisp,m,50-54,,0.00278,synthetic_seed
IA,2023,white,non-hisp,m,55-59,,0.00116,synthetic_seed
IA,2023,white,non-hisp,m,60-64,,0.00151,synthetic_seed
IA,2023,white,non-hisp,m,65-69,,0.00146,synthetic_seed
IA,2023,white,non-hisp,m,70-74,,0.00167,synthetic_seed
IA,2023,white,non-hisp,m,75-79,,0.00191,synthetic_seed
IA,2023,white,non-hisp,m,80-84,,0.00135,synthetic_seed
IA,2023,white,non-hisp,m,85+,,0.00172,synthetic_seed
IA,2023,white,non-hisp,f,0-4,,0.00159,synthetic_seed
IA,2023,white,non-hisp,f,5-9,,0.0016,synthetic_seed
IA,2023,white,non-hisp,f,10-14,,0.0014,synthetic_seed
IA,2023,white,non-hisp,f,15-19,,0.00454,synthetic_seed
IA,2023,white,non-hisp,f,20-24,,0.00729,synthetic_seed
IA,2023,white,non-hisp,f,25-29,,0.00911,synthetic_seed
IA,2023,white,non-hisp,f,30-34,,0.00781,synthetic_seed
IA,2023,white,non-hisp,f,35-39,,0.00771,synthetic_seed
IA,2023,white,non-hisp,f,40-44,,0.00829,synthetic_seed
IA,2023,white,non-hisp,f,45-49,,0.0035,synthetic_seed
IA,2023,white,non-hisp,f,50-54,,0.00399,synthetic_seed
IA,2023,white,non-hisp,f,55-59,,0.00162,synthetic_seed
IA,2023,white,non-hisp,f,60-64,,0.00145,synthetic_seed
IA,2023,white,non-hisp,f,65-69,,0.00146,synthetic_seed
IA,2023,white,non-hisp,f,70-74,,0.00168,synthetic_seed
IA,2023,white,non-hisp,f,75-79,,0.00158,synthetic_seed
IA,2023,white,non-hisp,f,80-84,,0.00154,synthetic_seed
IA,2023,white,non-hisp,f,85+,,0.00153,synthetic_seed
IA,2023,white,hisp,m,0-4,,0.00187,synthetic_seed
IA,2023,white,hisp,m,5-9,,0.00198,synthetic_seed
IA,2023,white,hisp,m,10-14,,0.00162,synthetic_seed
IA,2023,white,hisp,m,15-19,,0.00489,synthetic_seed
IA,2023,white,hisp,m,20-24,,0.00847,synthetic_seed
IA,2023,white,hisp,m,25-29,,0.00701,synthetic_seed
IA,2023,white,hisp,m,30-34,,0.00692,synthetic_seed
IA,2023,white,hisp,m,35-39,,0.01012,synthetic_seed
IA,2023,white,hisp,m,40-44,,0.00764,synthetic_seed
IA,2023,white,hisp,m,45-49,,0.00336,synthetic_seed
IA,2023,white,hisp,m,50-54,,0.00411,synthetic_seed
IA,2023,white,hisp,m,55-59,,0.00192,synthetic_seed
IA,2023,white,hisp,m,60-64,,0.0014,synthetic_seed
IA,2023,white,hisp,m,65-69,,0.00185,synthetic_seed
IA,2023,white,hisp,m,70-74,,0.00154,synthetic_seed
IA,2023,white,hisp,m,75-79,,0.00172,synthetic_seed
IA,2023,white,hisp,m,80-84,,0.00131,synthetic_seed
IA,2023,white,hisp,m,85+,,0.00157,synthetic_seed
IA,2023,white,hisp,f,0-4,,0.00172,synthetic_seed
IA,2023,white,hisp,f,5-9,,0.00199,synthetic_seed
IA,2023,white,hisp,f,10-14,,0.00153,synthetic_seed
IA,2023,white,hisp,f,15-19,,0.0039,synthetic_seed
IA,2023,white,hisp,f,20-24,,0.00715,synthetic_seed
IA,2023,white,hisp,f,25-29,,0.00929,synthetic_seed
IA,2023,white,hisp,f,30-34,,0.00583,synthetic_seed
IA,2023,white,hisp,f,35-39,,0.00651,synthetic_seed
IA,2023,white,hisp,f,40-44,,0.00685,synthetic_seed
IA,2023,white,hisp,f,45-49,,0.00395,synthetic_seed
IA,2023,white,hisp,f,50-54,,0.00425,synthetic_seed
IA,2023,white,hisp,f,55-59,,0.00176,synthetic_seed
IA,2023,white,hisp,f,60-64,,0.00138,synthetic_seed
IA,2023,white,hisp,f,65-69,,0.00208,synthetic_seed
IA,2023,white,hisp,f,70-74,,0.00149,synthetic_seed
IA,2023,white,hisp,f,75-79,,0.00171,synthetic_seed
IA,2023,white,hisp,f,80-84,,0.00211,synthetic_seed
IA,2023,white,hisp,f,85+,,0.00177,synthetic_seed
IA,2023,black,non-hisp,m,0-4,,0.00172,synthetic_seed
IA,2023,black,non-hisp,m,5-9,,0.00134,synthetic_seed
IA,2023,black,non-hisp,m,10-14,,0.00146,synthetic_seed
IA,2023,black,non-hisp,m,15-19,,0.0036,synthetic_seed
IA,2023,black,non-hisp,m,20-24,,0.00984,synthetic_seed
IA,2023,black,non-hisp,m,25-29,,0.00976,synthetic_seed
IA,2023,black,non-hisp,m,30-34,,0.00779,synthetic_seed
IA,2023,black,non-hisp,m,35-39,,0.00713,synthetic_seed
IA,2023,black,non-hisp,m,40-44,,0.01031,synthetic_seed
IA,2023,black,non-hisp,m,45-49,,0.00465,synthetic_seed
IA,2023,black,non-hisp,m,50-54,,0.0041,synthetic_seed
IA,2023,black,non-hisp,m,55-59,,0.00172,synthetic_seed
IA,2023,black,non-hisp,m,60-64,,0.00149,synthetic_seed
IA,2023,black,non-hisp,m,65-69,,0.00158,synthetic_seed
IA,2023,black,non-hisp,m,70-74,,0.00166,synthetic_seed
IA,2023,black,non-hisp,m,75-79,,0.00125,synthetic_seed
IA,2023,black,non-hisp,m,80-84,,0.00156,synthetic_seed
IA,2023,black,non-hisp,m,85+,,0.00175,synthetic_seed
IA,2023,black,non-hisp,f,0-4,,0.0016,synthetic_seed
IA,2023,black,non-hisp,f,5-9,,0.00139,synthetic_seed
IA,2023,black,non-hisp,f,10-14,,0.00146,synthetic_seed
IA,2023,black,non-hisp,f,15-19,,0.00327,synthetic_seed
IA,2023,black,non-hisp,f,20-24,,0.00711,synthetic_seed
IA,2023,black,non-hisp,f,25-29,,0.00583,synthetic_seed
IA,2023,black,non-hisp,f,30-34,,0.00764,synthetic_seed
IA,2023,black,non-hisp,f,35-39,,0.00765,synthetic_seed
IA,2023,black,non-hisp,f,40-44,,0.00694,synthetic_seed
IA,2023,black,non-hisp,f,45-49,,0.00428,synthetic_seed
IA,2023,black,non-hisp,f,50-54,,0.00378,synthetic_seed
IA,2023,black,non-hisp,f,55-59,,0.00146,synthetic_seed
IA,2023,black,non-hisp,f,60-64,,0.00182,synthetic_seed
IA,2023,black,non-hisp,f,65-69,,0.00174,synthetic_seed
IA,2023,black,non-hisp,f,70-74,,0.00218,synthetic_seed
IA,2023,black,non-hisp,f,75-79,,0.00174,synthetic_seed
IA,2023,black,non-hisp,f,80-84,,0.0015,synthetic_seed
IA,2023,black,non-hisp,f,85+,,0.00166,synthetic_seed
IA,2023,black,hisp,m,0-4,,0.00205,synthetic_seed
IA,2023,black,hisp,m,5-9,,0.00159,synthetic_seed
IA,2023,black,hisp,m,10-14,,0.00146,synthetic_seed
IA,2023,black,hisp,m,15-19,,0.00445,synthetic_seed
IA,2023,black,hisp,m,20-24,,0.00779,synthetic_seed
IA,2023,black,hisp,m,25-29,,0.00816,synthetic_seed
IA,2023,black,hisp,m,30-34,,0.008,synthetic_seed
IA,2023,black,hisp,m,35-39,,0.00826,synthetic_seed
IA,2023,black,hisp,m,40-44,,0.00658,synthetic_seed
IA,2023,black,hisp,m,45-49,,0.00364,synthetic_seed
IA,2023,black,hisp,m,50-54,,0.00447,synthetic_seed
IA,2023,black,hisp,m,55-59,,0.00167,synthetic_seed
IA,2023,black,hisp,m,60-64,,0.0015,synthetic_seed
IA,2023,black,hisp,m,65-69,,0.00185,synthetic_seed
IA,2023,black,hisp,m,70-74,,0.00143,synthetic_seed
IA,2023,black,hisp,m,75-79,,0.00149,synthetic_seed
IA,2023,black,hisp,m,80-84,,0.0015,synthetic_seed
IA,2023,black,hisp,m,85+,,0.00103,synthetic_seed
IA,2023,black,hisp,f,0-4,,0.00168,synthetic_seed
IA,2023,black,hisp,f,5-9,,0.00171,synthetic_seed
IA,2023,black,hisp,f,10-14,,0.00134,synthetic_seed
IA,2023,black,hisp,f,15-19,,0.00437,synthetic_seed
IA,2023,black,hisp,f,20-24,,0.00887,synthetic_seed
IA,2023,black,hisp,f,25-29,,0.00748,synthetic_seed
IA,2023,black,hisp,f,30-34,,0.00608,synthetic_seed
IA,2023,black,hisp,f,35-39,,0.00688,synthetic_seed
IA,2023,black,hisp,f,40-44,,0.0067,synthetic_seed
IA,2023,black,hisp,f,45-49,,0.00458,synthetic_seed
IA,2023,black,hisp,f,50-54,,0.00421,synthetic_seed
IA,2023,black,hisp,f,55-59,,0.00133,synthetic_seed
IA,2023,black,hisp,f,60-64,,0.00204,synthetic_seed
IA,2023,black,hisp,f,65-69,,0.00136,synthetic_seed
IA,2023,black,hisp,f,70-74,,0.00181,synthetic_seed
IA,2023,black,hisp,f,75-79,,0.0016,synthetic_seed
IA,2023,black,hisp,f,80-84,,0.00191,synthetic_seed
IA,2023,black,hisp,f,85+,,0.00196,synthetic_seed
IA,2023,asian,non-hisp,m,0-4,,0.00162,synthetic_seed
IA,2023,asian,non-hisp,m,5-9,,0.00176,synthetic_seed
IA,2023,asian,non-hisp,m,10-14,,0.00134,synthetic_seed
IA,2023,asian,non-hisp,m,15-19,,0.00392,synthetic_seed
IA,2023,asian,non-hisp,m,20-24,,0.00801,synthetic_seed
IA,2023,asian,non-hisp,m,25-29,,0.00692,synthetic_seed
IA,2023,asian,non-hisp,m,30-34,,0.00856,synthetic_seed
IA,2023,asian,non-hisp,m,35-39,,0.00777,synthetic_seed
IA,2023,asian,non-hisp,m,40-44,,0.00709,synthetic_seed
IA,2023,asian,non-hisp,m,45-49,,0.00384,synthetic_seed
IA,2023,asian,non-hisp,m,50-54,,0.00336,synthetic_seed
IA,2023,asian,non-hisp,m,55-59,,0.00167,synthetic_seed
IA,2023,asian,non-hisp,m,60-64,,0.0016,synthetic_seed
IA,2023,asian,non-hisp,m,65-69,,0.00113,synthetic_seed
IA,2023,asian,non-hisp,m,70-74,,0.00153,synthetic_seed
IA,2023,asian,non-hisp,m,75-79,,0.00151,synthetic_seed
IA,2023,asian,non-hisp,m,80-84,,0.00129,synthetic_seed
IA,2023,asian,non-hisp,m,85+,,0.00179,synthetic_seed
IA,2023,asian,non-hisp,f,0-4,,0.00134,synthetic_seed
IA,2023,asian,non-hisp,f,5-9,,0.00151,synthetic_seed
IA,2023,asian,non-hisp,f,10-14,,0.00182,synthetic_seed
IA,2023,asian,non-hisp,f,15-19,,0.00434,synthetic_seed
IA,2023,asian,non-hisp,f,20-24,,0.00709,synthetic_seed
IA,2023,asian,non-hisp,f,25-29,,0.00901,synthetic_seed
IA,2023,asian,non-hisp,f,30-34,,0.00726,synthetic_seed
IA,2023,asian,non-hisp,f,35-39,,0.00685,synthetic_seed
IA,2023,asian,non-hisp,f,40-44,,0.00798,synthetic_seed
IA,2023,asian,non-hisp,f,45-49,,0.00475,synthetic_seed
IA,2023,asian,non-hisp,f,50-54,,0.00373,synthetic_seed
IA,2023,asian,non-hisp,f,55-59,,0.00167,synthetic_seed
IA,2023,asian,non-hisp,f,60-64,,0.00164,synthetic_seed
IA,2023,asian,non-hisp,f,65-69,,0.00159,synthetic_seed
IA,2023,asian,non-hisp,f,70-74,,0.00157,synthetic_seed
IA,2023,asian,non-hisp,f,75-79,,0.00151,synthetic_seed
IA,2023,asian,non-hisp,f,80-84,,0.00132,synthetic_seed
IA,2023,asian,non-hisp,f,85+,,0.00154,synthetic_seed
IA,2023,asian,hisp,m,0-4,,0.00128,synthetic_seed
IA,2023,asian,hisp,m,5-9,,0.0018,synthetic_seed
IA,2023,asian,hisp,m,10-14,,0.00225,synthetic_seed
IA,2023,asian,hisp,m,15-19,,0.00424,synthetic_seed
IA,2023,asian,hisp,m,20-24,,0.00849,synthetic_seed
IA,2023,asian,hisp,m,25-29,,0.00658,synthetic_seed
IA,2023,asian,hisp,m,30-34,,0.00847,synthetic_seed
IA,2023,asian,hisp,m,35-39,,0.00772,synthetic_seed
IA,2023,asian,hisp,m,40-44,,0.00756,synthetic_seed
IA,2023,asian,hisp,m,45-49,,0.00312,synthetic_seed
IA,2023,asian,hisp,m,50-54,,0.00311,synthetic_seed
IA,2023,asian,hisp,m,55-59,,0.00168,synthetic_seed
IA,2023,asian,hisp,m,60-64,,0.00131,synthetic_seed
IA,2023,asian,hisp,m,65-69,,0.00204,synthetic_seed
IA,2023,asian,hisp,m,70-74,,0.00159,synthetic_seed
IA,2023,asian,hisp,m,75-79,,0.00157,synthetic_seed
IA,2023,asian,hisp,m,80-84,,0.00179,synthetic_seed
IA,2023,asian,hisp,m,85+,,0.00148,synthetic_seed
IA,2023,asian,hisp,f,0-4,,0.00167,synthetic_seed
IA,2023,asian,hisp,f,5-9,,0.00151,synthetic_seed
IA,2023,asian,hisp,f,10-14,,0.00169,synthetic_seed
IA,2023,asian,hisp,f,15-19,,0.00491,synthetic_seed
IA,2023,asian,hisp,f,20-24,,0.00838,synthetic_seed
IA,2023,asian,hisp,f,25-29,,0.00726,synthetic_seed
IA,2023,asian,hisp,f,30-34,,0.0069,synthetic_seed
IA,2023,asian,hisp,f,35-39,,0.0096,synthetic_seed
IA,2023,asian,hisp,f,40-44,,0.00839,synthetic_seed
IA,2023,asian,hisp,f,45-49,,0.00383,synthetic_seed
IA,2023,asian,hisp,f,50-54,,0.00403,synthetic_seed
IA,2023,asian,hisp,f,55-59,,0.00158,synthetic_seed
IA,2023,asian,hisp,f,60-64,,0.00182,synthetic_seed
IA,2023,asian,hisp,f,65-69,,0.00171,synthetic_seed
IA,2023,asian,hisp,f,70-74,,0.0016,synthetic_seed
IA,2023,asian,hisp,f,75-79,,0.0013,synthetic_seed
IA,2023,asian,hisp,f,80-84,,0.00179,synthetic_seed
IA,2023,asian,hisp,f,85+,,0.00144,synthetic_seed
IA,2023,other,non-hisp,m,0-4,,0.00184,synthetic_seed
IA,2023,other,non-hisp,m,5-9,,0.00158,synthetic_seed
IA,2023,other,non-hisp,m,10-14,,0.00154,synthetic_seed
IA,2023,other,non-hisp,m,15-19,,0.00373,synthetic_seed
IA,2023,other,non-hisp,m,20-24,,0.00752,synthetic_seed
IA,2023,other,non-hisp,m,25-29,,0.00804,synthetic_seed
IA,2023,other,non-hisp,m,30-34,,0.00954,synthetic_seed
IA,2023,other,non-hisp,m,35-39,,0.00619,synthetic_seed
IA,2023,other,non-hisp,m,40-44,,0.0096,synthetic_seed
IA,2023,other,non-hisp,m,45-49,,0.00515,synthetic_seed
IA,2023,other,non-hisp,m,50-54,,0.00381,synthetic_seed
IA,2023,other,non-hisp,m,55-59,,0.00174,synthetic_seed
IA,2023,other,non-hisp,m,60-64,,0.00167,synthetic_seed
IA,2023,other,non-hisp,m,65-69,,0.00174,synthetic_seed
IA,2023,other,non-hisp,m,70-74,,0.00203,synthetic_seed
IA,2023,other,non-hisp,m,75-79,,0.00173,synthetic_seed
IA,2023,other,non-hisp,m,80-84,,0.00162,synthetic_seed
IA,2023,other,non-hisp,m,85+,,0.00145,synthetic_seed
IA,2023,other,non-hisp,f,0-4,,0.00183,synthetic_seed
IA,2023,other,non-hisp,f,5-9,,0.00154,synthetic_seed
IA,2023,other,non-hisp,f,10-14,,0.00198,synthetic_seed
IA,2023,other,non-hisp,f,15-19,,0.00363,synthetic_seed
IA,2023,other,non-hisp,f,20-24,,0.00763,synthetic_seed
IA,2023,other,non-hisp,f,25-29,,0.00827,synthetic_seed
IA,2023,other,non-hisp,f,30-34,,0.0053,synthetic_seed
IA,2023,other,non-hisp,f,35-39,,0.00895,synthetic_seed
IA,2023,other,non-hisp,f,40-44,,0.00857,synthetic_seed
IA,2023,other,non-hisp,f,45-49,,0.00369,synthetic_seed
IA,2023,other,non-hisp,f,50-54,,0.00371,synthetic_seed
IA,2023,other,non-hisp,f,55-59,,0.00161,synthetic_seed
IA,2023,other,non-hisp,f,60-64,,0.00115,synthetic_seed
IA,2023,other,non-hisp,f,65-69,,0.00137,synthetic_seed
IA,2023,other,non-hisp,f,70-74,,0.0017,synthetic_seed
IA,2023,other,non-hisp,f,75-79,,0.00198,synthetic_seed
IA,2023,other,non-hisp,f,80-84,,0.00174,synthetic_seed
IA,2023,other,non-hisp,f,85+,,0.00163,synthetic_seed
IA,2023,other,hisp,m,0-4,,0.00186,synthetic_seed
IA,2023,other,hisp,m,5-9,,0.0017,synthetic_seed
IA,2023,other,hisp,m,10-14,,0.00179,synthetic_seed
IA,2023,other,hisp,m,15-19,,0.00348,synthetic_seed
IA,2023,other,hisp,m,20-24,,0.00789,synthetic_seed
IA,2023,other,hisp,m,25-29,,0.00745,synthetic_seed
IA,2023,other,hisp,m,30-34,,0.00649,synthetic_seed
IA,2023,other,hisp,m,35-39,,0.00819,synthetic_seed
IA,2023,other,hisp,m,40-44,,0.00765,synthetic_seed
IA,2023,other,hisp,m,45-49,,0.00387,synthetic_seed
IA,2023,other,hisp,m,50-54,,0.00326,synthetic_seed
IA,2023,other,hisp,m,55-59,,0.00167,synthetic_seed
IA,2023,other,hisp,m,60-64,,0.00163,synthetic_seed
IA,2023,other,hisp,m,65-69,,0.00187,synthetic_seed
IA,2023,other,hisp,m,70-74,,0.00124,synthetic_seed
IA,2023,other,hisp,m,75-79,,0.00141,synthetic_seed
IA,2023,other,hisp,m,80-84,,0.00173,synthetic_seed
IA,2023,other,hisp,m,85+,,0.00192,synthetic_seed
IA,2023,other,hisp,f,0-4,,0.00163,synthetic_seed
IA,2023,other,hisp,f,5-9,,0.00134,synthetic_seed
IA,2023,other,hisp,f,10-14,,0.00191,synthetic_seed
IA,2023,other,hisp,f,15-19,,0.00391,synthetic_seed
IA,2023,other,hisp,f,20-24,,0.00782,synthetic_seed
IA,2023,other,hisp,f,25-29,,0.00605,synthetic_seed
IA,2023,other,hisp,f,30-34,,0.00635,synthetic_seed
IA,2023,other,hisp,f,35-39,,0.00809,synthetic_seed
IA,2023,other,hisp,f,40-44,,0.00596,synthetic_seed
IA,2023,other,hisp,f,45-49,,0.00325,synthetic_seed
IA,2023,other,hisp,f,50-54,,0.00386,synthetic_seed
IA,2023,other,hisp,f,55-59,,0.00162,synthetic_seed
IA,2023,other,hisp,f,60-64,,0.00174,synthetic_seed
IA,2023,other,hisp,f,65-69,,0.00203,synthetic_seed
IA,2023,other,hisp,f,70-74,,0.00192,synthetic_seed
IA,2023,other,hisp,f,75-79,,0.00185,synthetic_seed
IA,2023,other,hisp,f,80-84,,0.00147,synthetic_seed
IA,2023,other,hisp,f,85+,,0.00148,synthetic_seed
KS,2023,white,non-hisp,m,0-4,,0.00138,synthetic_seed
KS,2023,white,non-hisp,m,5-9,,0.00137,synthetic_seed
KS,2023,white,non-hisp,m,10-14,,0.00149,synthetic_seed
KS,2023,white,non-hisp,m,15-19,,0.00532,synthetic_seed
KS,2023,white,non-hisp,m,20-24,,0.00767,synthetic_seed
KS,2023,white,non-hisp,m,25-29,,0.0065,synthetic_seed
KS,2023,white,non-hisp,m,30-34,,0.00835,synthetic_seed
KS,2023,white,non-hisp,m,35-39,,0.00741,synthetic_seed
KS,2023,white,non-hisp,m,40-44,,0.01,synthetic_seed
KS,2023,white,non-hisp,m,45-49,,0.00379,synthetic_seed
KS,2023,white,non-hisp,m,50-54,,0.00389,synthetic_seed
KS,2023,white,non-hisp,m,55-59,,0.00167,synthetic_seed
KS,2023,white,non-hisp,m,60-64,,0.00187,synthetic_seed
KS,2023,white,non-hisp,m,65-69,,0.00194,synthetic_seed
KS,2023,white,non-hisp,m,70-74,,0.00169,synthetic_seed
KS,2023,white,non-hisp,m,75-79,,0.0015,synthetic_seed
KS,2023,white,non-hisp,m,80-84,,0.00158,synthetic_seed
KS,2023,white,non-hisp,m,85+,,0.00228,synthetic_seed
KS,2023,white,non-hisp,f,0-4,,0.00175,synthetic_seed
KS,2023,white,non-hisp,f,5-9,,0.00153,synthetic_seed
KS,2023,white,non-hisp,f,10-14,,0.00162,synthetic_seed
KS,2023,white,non-hisp,f,15-19,,0.00453,synthetic_seed
KS,2023,white,non-hisp,f,20-24,,0.00759,synthetic_seed
KS,2023,white,non-hisp,f,25-29,,0.00684,synthetic_seed
KS,2023,white,non-hisp,f,30-34,,0.00764,synthetic_seed
KS,2023,white,non-hisp,f,35-39,,0.00857,synthetic_seed
KS,2023,white,non-hisp,f,40-44,,0.00774,synthetic_seed
KS,2023,white,non-hisp,f,45-49,,0.00395,synthetic_seed
KS,2023,white,non-hisp,f,50-54,,0.00403,synthetic_seed
KS,2023,white,non-hisp,f,55-59,,0.00165,synthetic_seed
KS,2023,white,non-hisp,f,60-64,,0.00151,synthetic_seed
KS,2023,white,non-hisp,f,65-69,,0.00185,synthetic_seed
KS,2023,white,non-hisp,f,70-74,,0.00186,synthetic_seed
KS,2023,white,non-hisp,f,75-79,,0.0018,synthetic_seed
KS,2023,white,non-hisp,f,80-84,,0.00189,synthetic_seed
KS,2023,white,non-hisp,f,85+,,0.00169,synthetic_seed
KS,2023,white,hisp,m,0-4,,0.00149,synthetic_seed
KS,2023,white,hisp,m,5-9,,0.00125,synthetic_seed
KS,2023,white,hisp,m,10-14,,0.00166,synthetic_seed
KS,2023,white,hisp,m,15-19,,0.00446,synthetic_seed
KS,2023,white,hisp,m,20-24,,0.00766,synthetic_seed
KS,2023,white,hisp,m,25-29,,0.00719,synthetic_seed
KS,2023,white,hisp,m,30-34,,0.0096,synthetic_seed
KS,2023,white,hisp,m,35-39,,0.00839,synthetic_seed
KS,2023,white,hisp,m,40-44,,0.00594,synthetic_seed
KS,2023,white,hisp,m,45-49,,0.00353,synthetic_seed
KS,2023,white,hisp,m,50-54,,0.00404,synthetic_seed
KS,2023,white,hisp,m,55-59,,0.00161,synthetic_seed
KS,2023,white,hisp,m,60-64,,0.00178,synthetic_seed
KS,2023,white,hisp,m,65-69,,0.00187,synthetic_seed
KS,2023,white,hisp,m,70-74,,0.00175,synthetic_seed
KS,2023,white,hisp,m,75-79,,0.00149,synthetic_seed
KS,2023,white,hisp,m,80-84,,0.00198,synthetic_seed
KS,2023,white,hisp,m,85+,,0.00175,synthetic_seed
KS,2023,white,hisp,f,0-4,,0.00186,synthetic_seed
KS,2023,white,hisp,f,5-9,,0.00151,synthetic_seed
KS,2023,white,hisp,f,10-14,,0.00129,synthetic_seed
KS,2023,white,hisp,f,15-19,,0.00499,synthetic_seed
KS,2023,white,hisp,f,20-24,,0.00788,synthetic_seed
KS,2023,white,hisp,f,25-29,,0.00566,synthetic_seed
KS,2023,white,hisp,f,30-34,,0.00935,synthetic_seed
KS,2023,white,hisp,f,35-39,,0.00729,synthetic_seed
KS,2023,white,hisp,f,40-44,,0.00922,synthetic_seed
KS,2023,white,hisp,f,45-49,,0.00536,synthetic_seed
KS,2023,white,hisp,f,50-54,,0.00451,synthetic_seed
KS,2023,white,hisp,f,55-59,,0.00145,synthetic_seed
KS,2023,white,hisp,f,60-64,,0.00172,synthetic_seed
KS,2023,white,hisp,f,65-69,,0.00173,synthetic_seed
KS,2023,white,hisp,f,70-74,,0.00113,synthetic_seed
KS,2023,white,hisp,f,75-79,,0.00193,synthetic_seed
KS,2023,white,hisp,f,80-84,,0.00139,synthetic_seed
KS,2023,white,hisp,f,85+,,0.0016,synthetic_seed
KS,2023,black,non-hisp,m,0-4,,0.00121,synthetic_seed
KS,2023,black,non-hisp,m,5-9,,0.00132,synthetic_seed
KS,2023,black,non-hisp,m,10-14,,0.00148,synthetic_seed
KS,2023,black,non-hisp,m,15-19,,0.00425,synthetic_seed
KS,2023,black,non-hisp,m,20-24,,0.00687,synthetic_seed
KS,2023,black,non-hisp,m,25-29,,0.00769,synthetic_seed
KS,2023,black,non-hisp,m,30-34,,0.0089,synthetic_seed
KS,2023,black,non-hisp,m,35-39,,0.00661,synthetic_seed
KS,2023,black,non-hisp,m,40-44,,0.00946,synthetic_seed
KS,2023,black,non-hisp,m,45-49,,0.00392,synthetic_seed
KS,2023,black,non-hisp,m,50-54,,0.00447,synthetic_seed
KS,2023,black,non-hisp,m,55-59,,0.00162,synthetic_seed
KS,2023,black,non-hisp,m,60-64,,0.00207,synthetic_seed
KS,2023,black,non-hisp,m,65-69,,0.00121,synthetic_seed
KS,2023,black,non-hisp,m,70-74,,0.00148,synthetic_seed
KS,2023,black,non-hisp,m,75-79,,0.00104,synthetic_seed
KS,2023,black,non-hisp,m,80-84,,0.00142,synthetic_seed
KS,2023,black,non-hisp,m,85+,,0.00176,synthetic_seed
KS,2023,black,non-hisp,f,0-4,,0.00183,synthetic_seed
KS,2023,black,non-hisp,f,5-9,,0.002,synthetic_seed
KS,2023,black,non-hisp,f,10-14,,0.00121,synthetic_seed
KS,2023,black,non-hisp,f,15-19,,0.00433,synthetic_seed
KS,2023,black,non-hisp,f,20-24,,0.00876,synthetic_seed
KS,2023,black,non-hisp,f,25-29,,0.00662,synthetic_seed
KS,2023,black,non-hisp,f,30-34,,0.00668,synthetic_seed
KS,2023,black,non-hisp,f,35-39,,0.00666,synthetic_seed
KS,2023,black,non-hisp,f,40-44,,0.0059,synthetic_seed
KS,2023,black,non-hisp,f,45-49,,0.00383,synthetic_seed
KS,2023,black,non-hisp,f,50-54,,0.00333,synthetic_seed
KS,2023,black,non-hisp,f,55-59,,0.00139,synthetic_seed
KS,2023,black,non-hisp,f,60-64,,0.0019,synthetic_seed
KS,2023,black,non-hisp,f,65-69,,0.00173,synthetic_seed
KS,2023,black,non-hisp,f,70-74,,0.00166,synthetic_seed
KS,2023,black,non-hisp,f,75-79,,0.00169,synthetic_seed
KS,2023,black,non-hisp,f,80-84,,0.00196,synthetic_seed
KS,2023,black,non-hisp,f,85+,,0.00158,synthetic_seed
KS,2023,black,hisp,m,0-4,,0.00147,synthetic_seed
KS,2023,black,hisp,m,5-9,,0.00139,synthetic_seed
KS,2023,black,hisp,m,10-14,,0.0016,synthetic_seed
KS,2023,black,hisp,m,15-19,,0.00375,synthetic_seed
KS,2023,black,hisp,m,20-24,,0.0073,synthetic_seed
KS,2023,black,hisp,m,25-29,,0.00744,synthetic_seed
KS,2023,black,hisp,m,30-34,,0.00774,synthetic_seed
KS,2023,black,hisp,m,35-39,,0.00706,synthetic_seed
KS,2023,black,hisp,m,40-44,,0.00828,synthetic_seed
KS,2023,black,hisp,m,45-49,,0.00467,synthetic_seed
KS,2023,black,hisp,m,50-54,,0.004,synthetic_seed
KS,2023,black,hisp,m,55-59,,0.00149,synthetic_seed
KS,2023,black,hisp,m,60-64,,0.00133,synthetic_seed
KS,2023,black,hisp,m,65-69,,0.00161,synthetic_seed
KS,2023,black,hisp,m,70-74,,0.00127,synthetic_seed
KS,2023,black,hisp,m,75-79,,0.00154,synthetic_seed
KS,2023,black,hisp,m,80-84,,0.00161,synthetic_seed
KS,2023,black,hisp,m,85+,,0.00182,synthetic_seed
KS,2023,black,hisp,f,0-4,,0.0017,synthetic_seed
KS,2023,black,hisp,f,5-9,,0.00166,synthetic_seed
KS,2023,black,hisp,f,10-14,,0.00195,synthetic_seed
KS,2023,black,hisp,f,15-19,,0.00411,synthetic_seed
KS,2023,black,hisp,f,20-24,,0.00912,synthetic_seed
KS,2023,black,hisp,f,25-29,,0.00935,synthetic_seed
KS,2023,black,hisp,f,30-34,,0.00802,synthetic_seed
KS,2023,black,hisp,f,35-39,,0.00789,synthetic_seed
KS,2023,black,hisp,f,40-44,,0.00609,synthetic_seed
KS,2023,black,hisp,f,45-49,,0.00448,synthetic_seed
KS,2023,black,hisp,f,50-54,,0.00324,synthetic_seed
KS,2023,black,hisp,f,55-59,,0.00189,synthetic_seed
KS,2023,black,hisp,f,60-64,,0.00186,synthetic_seed
KS,2023,black,hisp,f,65-69,,0.00148,synthetic_seed
KS,2023,black,hisp,f,70-74,,0.00182,synthetic_seed
KS,2023,black,hisp,f,75-79,,0.00143,synthetic_seed
KS,2023,black,hisp,f,80-84,,0.00143,synthetic_seed
KS,2023,black,hisp,f,85+,,0.00141,synthetic_seed
KS,2023,asian,non-hisp,m,0-4,,0.00144,synthetic_seed
KS,2023,asian,non-hisp,m,5-9,,0.00194,synthetic_seed
KS,2023,asian,non-hisp,m,10-14,,0.0014,synthetic_seed
KS,2023,asian,non-hisp,m,15-19,,0.00445,synthetic_seed
KS,2023,asian,non-hisp,m,20-24,,0.00857,synthetic_seed
KS,2023,asian,non-hisp,m,25-29,,0.00893,synthetic_seed
KS,2023,asian,non-hisp,m,30-34,,0.0082,synthetic_seed
KS,2023,asian,non-hisp,m,35-39,,0.00929,synthetic_seed
KS,2023,asian,non-hisp,m,40-44,,0.00847,synthetic_seed
KS,2023,asian,non-hisp,m,45-49,,0.00399,synthetic_seed
KS,2023,asian,non-hisp,m,50-54,,0.00344,synthetic_seed
KS,2023,asian,non-hisp,m,55-59,,0.0016,synthetic_seed
KS,2023,asian,non-hisp,m,60-64,,0.00133,synthetic_seed
KS,2023,asian,non-hisp,m,65-69,,0.0012,synthetic_seed
KS,2023,asian,non-hisp,m,70-74,,0.00197,synthetic_seed
KS,2023,asian,non-hisp,m,75-79,,0.00166,synthetic_seed
KS,2023,asian,non-hisp,m,80-84,,0.00156,synthetic_seed
KS,2023,asian,non-hisp,m,85+,,0.00171,synthetic_seed
KS,2023,asian,non-hisp,f,0-4,,0.00159,synthetic_seed
KS,2023,asian,non-hisp,f,5-9,,0.00158,synthetic_seed
KS,2023,asian,non-hisp,f,10-14,,0.00197,synthetic_seed
KS,2023,asian,non-hisp,f,15-19,,0.00386,synthetic_seed
KS,2023,asian,non-hisp,f,20-24,,0.00905,synthetic_seed
KS,2023,asian,non-hisp,f,25-29,,0.00809,synthetic_seed
KS,2023,asian,non-hisp,f,30-34,,0.00887,synthetic_seed
KS,2023,asian,non-hisp,f,35-39,,0.00624,synthetic_seed
KS,2023,asian,non-hisp,f,40-44,,0.00845,synthetic_seed
KS,2023,asian,non-hisp,f,45-49,,0.00383,synthetic_seed
KS,2023,asian,non-hisp,f,50-54,,0.004,synthetic_seed
KS,2023,asian,non-hisp,f,55-59,,0.00137,synthetic_seed
KS,2023,asian,non-hisp,f,60-64,,0.00166,synthetic_seed
KS,2023,asian,non-hisp,f,65-69,,0.00161,synthetic_seed
KS,2023,asian,non-hisp,f,70-74,,0.00145,synthetic_seed
KS,2023,asian,non-hisp,f,75-79,,0.00146,synthetic_seed
KS,2023,asian,non-hisp,f,80-84,,0.00126,synthetic_seed
KS,2023,asian,non-hisp,f,85+,,0.00144,synthetic_seed
KS,2023,asian,hisp,m,0-4,,0.00178,synthetic_seed
KS,2023,asian,hisp,m,5-9,,0.00159,synthetic_seed
KS,2023,asian,hisp,m,10-14,,0.00139,synthetic_seed
KS,2023,asian,hisp,m,15-19,,0.00431,synthetic_seed
KS,2023,asian,hisp,m,20-24,,0.00528,synthetic_seed
KS,2023,asian,hisp,m,25-29,,0.01012,synthetic_seed
KS,2023,asian,hisp,m,30-34,,0.0085,synthetic_seed
KS,2023,asian,hisp,m,35-39,,0.0078,synthetic_seed
KS,2023,asian,hisp,m,40-44,,0.00631,synthetic_seed
KS,2023,asian,hisp,m,45-49,,0.00349,synthetic_seed
KS,2023,asian,hisp,m,50-54,,0.00322,synthetic_seed
KS,2023,asian,hisp,m,55-59,,0.00122,synthetic_seed
KS,2023,asian,hisp,m,60-64,,0.00152,synthetic_seed
KS,2023,asian,hisp,m,65-69,,0.00147,synthetic_seed
KS,2023,asian,hisp,m,70-74,,0.0017,synthetic_seed
KS,2023,asian,hisp,m,75-79,,0.00142,synthetic_seed
KS,2023,asian,hisp,m,80-84,,0.00151,synthetic_seed
KS,2023,asian,hisp,m,85+,,0.00175,synthetic_seed
KS,2023,asian,hisp,f,0-4,,0.00154,synthetic_seed
KS,2023,asian,hisp,f,5-9,,0.00143,synthetic_seed
KS,2023,asian,hisp,f,10-14,,0.00168,synthetic_seed
KS,2023,asian,hisp,f,15-19,,0.00352,synthetic_seed
KS,2023,asian,hisp,f,20-24,,0.00838,synthetic_seed
KS,2023,asian,hisp,f,25-29,,0.00706,synthetic_seed
KS,2023,asian,hisp,f,30-34,,0.00733,synthetic_seed
KS,2023,asian,hisp,f,35-39,,0.00755,synthetic_seed
KS,2023,asian,hisp,f,40-44,,0.00709,synthetic_seed
KS,2023,asian,hisp,f,45-49,,0.00512,synthetic_seed
KS,2023,asian,hisp,f,50-54,,0.00444,synthetic_seed
KS,2023,asian,hisp,f,55-59,,0.00118,synthetic_seed
KS,2023,asian,hisp,f,60-64,,0.00167,synthetic_seed
KS,2023,asian,hisp,f,65-69,,0.00158,synthetic_seed
KS,2023,asian,hisp,f,70-74,,0.00144,synthetic_seed
KS,2023,asian,hisp,f,75-79,,0.00158,synthetic_seed
KS,2023,asian,hisp,f,80-84,,0.0015,synthetic_seed
KS,2023,asian,hisp,f,85+,,0.00145,synthetic_seed
KS,2023,other,non-hisp,m,0-4,,0.00163,synthetic_seed
KS,2023,other,non-hisp,m,5-9,,0.00204,synthetic_seed
KS,2023,other,non-hisp,m,10-14,,0.00169,synthetic_seed
KS,2023,other,non-hisp,m,15-19,,0.0035,synthetic_seed
KS,2023,other,non-hisp,m,20-24,,0.00958,synthetic_seed
KS,2023,other,non-hisp,m,25-29,,0.00777,synthetic_seed
KS,2023,other,non-hisp,m,30-34,,0.00731,synthetic_seed
KS,2023,other,non-hisp,m,35-39,,0.0094,synthetic_seed
KS,2023,other,non-hisp,m,40-44,,0.00863,synthetic_seed
KS,2023,other,non-hisp,m,45-49,,0.00375,synthetic_seed
KS,2023,other,non-hisp,m,50-54,,0.00325,synthetic_seed
KS,2023,other,non-hisp,m,55-59,,0.00172,synthetic_seed
KS,2023,other,non-hisp,m,60-64,,0.00131,synthetic_seed
KS,2023,other,non-hisp,m,65-69,,0.00192,synthetic_seed
KS,2023,other,non-hisp,m,70-74,,0.00175,synthetic_seed
KS,2023,other,non-hisp,m,75-79,,0.00209,synthetic_seed
KS,2023,other,non-hisp,m,80-84,,0.00106,synthetic_seed
KS,2023,other,non-hisp,m,85+,,0.00161,synthetic_seed
KS,2023,other,non-hisp,f,0-4,,0.00173,synthetic_seed
KS,2023,other,non-hisp,f,5-9,,0.00167,synthetic_seed
KS,2023,other,non-hisp,f,10-14,,0.00153,synthetic_seed
KS,2023,other,non-hisp,f,15-19,,0.00367,synthetic_seed
KS,2023,other,non-hisp,f,20-24,,0.00583,synthetic_seed
KS,2023,other,non-hisp,f,25-29,,0.00974,synthetic_seed
KS,2023,other,non-hisp,f,30-34,,0.00788,synthetic_seed
KS,2023,other,non-hisp,f,35-39,,0.00715,synthetic_seed
KS,2023,other,non-hisp,f,40-44,,0.00747,synthetic_seed
KS,2023,other,non-hisp,f,45-49,,0.00443,synthetic_seed
KS,2023,other,non-hisp,f,50-54,,0.00411,synthetic_seed
KS,2023,other,non-hisp,f,55-59,,0.00162,synthetic_seed
KS,2023,other,non-hisp,f,60-64,,0.00193,synthetic_seed
KS,2023,other,non-hisp,f,65-69,,0.00146,synthetic_seed
KS,2023,other,non-hisp,f,70-74,,0.00178,synthetic_seed
KS,2023,other,non-hisp,f,75-79,,0.00141,synthetic_seed
KS,2023,other,non-hisp,f,80-84,,0.00143,synthetic_seed
KS,2023,other,non-hisp,f,85+,,0.00135,synthetic_seed
KS,2023,other,hisp,m,0-4,,0.00149,synthetic_seed
KS,2023,other,hisp,m,5-9,,0.00113,synthetic_seed
KS,2023,other,hisp,m,10-14,,0.00194,synthetic_seed
KS,2023,other,hisp,m,15-19,,0.00279,synthetic_seed
KS,2023,other,hisp,m,20-24,,0.00867,synthetic_seed
KS,2023,other,hisp,m,25-29,,0.00751,synthetic_seed
KS,2023,other,hisp,m,30-34,,0.00833,synthetic_seed
KS,2023,other,hisp,m,35-39,,0.00759,synthetic_seed
KS,2023,other,hisp,m,40-44,,0.00631,synthetic_seed
KS,2023,other,hisp,m,45-49,,0.00329,synthetic_seed
KS,2023,other,hisp,m,50-54,,0.00306,synthetic_seed
KS,2023,other,hisp,m,55-59,,0.00127,synthetic_seed
KS,2023,other,hisp,m,60-64,,0.00172,synthetic_seed
KS,2023,other,hisp,m,65-69,,0.00164,synthetic_seed
KS,2023,other,hisp,m,70-74,,0.00173,synthetic_seed
KS,2023,other,hisp,m,75-79,,0.00189,synthetic_seed
KS,2023,other,hisp,m,80-84,,0.00147,synthetic_seed
KS,2023,other,hisp,m,85+,,0.00151,synthetic_seed
KS,2023,other,hisp,f,0-4,,0.00131,synthetic_seed
KS,2023,other,hisp,f,5-9,,0.00178,synthetic_seed
KS,2023,other,hisp,f,10-14,,0.00176,synthetic_seed
KS,2023,other,hisp,f,15-19,,0.00393,synthetic_seed
KS,2023,other,hisp,f,20-24,,0.00896,synthetic_seed
KS,2023,other,hisp,f,25-29,,0.00779,synthetic_seed
KS,2023,other,hisp,f,30-34,,0.00805,synthetic_seed
KS,2023,other,hisp,f,35-39,,0.00682,synthetic_seed
KS,2023,other,hisp,f,40-44,,0.00666,synthetic_seed
KS,2023,other,hisp,f,45-49,,0.00466,synthetic_seed
KS,2023,other,hisp,f,50-54,,0.00376,synthetic_seed
KS,2023,other,hisp,f,55-59,,0.00135,synthetic_seed
KS,2023,other,hisp,f,60-64,,0.0014,synthetic_seed
KS,2023,other,hisp,f,65-69,,0.0012,synthetic_seed
KS,2023,other,hisp,f,70-74,,0.00126,synthetic_seed
KS,2023,other,hisp,f,75-79,,0.00183,synthetic_seed
KS,2023,other,hisp,f,80-84,,0.00195,synthetic_seed
KS,2023,other,hisp,f,85+,,0.00145,synthetic_seed
KY,2023,white,non-hisp,m,0-4,,0.00141,synthetic_seed
KY,2023,white,non-hisp,m,5-9,,0.00143,synthetic_seed
KY,2023,white,non-hisp,m,10-14,,0.00155,synthetic_seed
KY,2023,white,non-hisp,m,15-19,,0.00351,synthetic_seed
KY,2023,white,non-hisp,m,20-24,,0.00979,synthetic_seed
KY,2023,white,non-hisp,m,25-29,,0.00909,synthetic_seed
KY,2023,white,non-hisp,m,30-34,,0.00828,synthetic_seed
KY,2023,white,non-hisp,m,35-39,,0.00892,synthetic_seed
KY,2023,white,non-hisp,m,40-44,,0.00909,synthetic_seed
KY,2023,white,non-hisp,m,45-49,,0.00487,synthetic_seed
KY,2023,white,non-hisp,m,50-54,,0.0042,synthetic_seed
KY,2023,white,non-hisp,m,55-59,,0.0015,synthetic_seed
KY,2023,white,non-hisp,m,60-64,,0.00137,synthetic_seed
KY,2023,white,non-hisp,m,65-69,,0.00169,synthetic_seed
KY,2023,white,non-hisp,m,70-74,,0.00131,synthetic_seed
KY,2023,white,non-hisp,m,75-79,,0.00165,synthetic_seed
KY,2023,white,non-hisp,m,80-84,,0.00147,synthetic_seed
KY,2023,white,non-hisp,m,85+,,0.0016,synthetic_seed
KY,2023,white,non-hisp,f,0-4,,0.00159,synthetic_seed
KY,2023,white,non-hisp,f,5-9,,0.00212,synthetic_seed
KY,2023,white,non-hisp,f,10-14,,0.00182,synthetic_seed
KY,2023,white,non-hisp,f,15-19,,0.00326,synthetic_seed
KY,2023,white,non-hisp,f,20-24,,0.00617,synthetic_seed
KY,2023,white,non-hisp,f,25-29,,0.00817,synthetic_seed
KY,2023,white,non-hisp,f,30-34,,0.00718,synthetic_seed
KY,2023,white,non-hisp,f,35-39,,0.0098,synthetic_seed
KY,2023,white,non-hisp,f,40-44,,0.005,synthetic_seed
KY,2023,white,non-hisp,f,45-49,,0.00448,synthetic_seed
KY,2023,white,non-hisp,f,50-54,,0.00389,synthetic_seed
KY,2023,white,non-hisp,f,55-59,,0.00207,synthetic_seed
KY,2023,white,non-hisp,f,60-64,,0.00154,synthetic_seed
KY,2023,white,non-hisp,f,65-69,,0.00151,synthetic_seed
KY,2023,white,non-hisp,f,70-74,,0.0013,synthetic_seed
KY,2023,white,non-hisp,f,75-79,,0.00198,synthetic_seed
KY,2023,white,non-hisp,f,80-84,,0.0015,synthetic_seed
KY,2023,white,non-hisp,f,85+,,0.00186,synthetic_seed
KY,2023,white,hisp,m,0-4,,0.00103,synthetic_seed
KY,2023,white,hisp,m,5-9,,0.00179,synthetic_seed
KY,2023,white,hisp,m,10-14,,0.00163,synthetic_seed
KY,2023,white,hisp,m,15-19,,0.00303,synthetic_seed
KY,2023,white,hisp,m,20-24,,0.00963,synthetic_seed
KY,2023,white,hisp,m,25-29,,0.00959,synthetic_seed
KY,2023,white,hisp,m,30-34,,0.00895,synthetic_seed
KY,2023,white,hisp,m,35-39,,0.00888,synthetic_seed
KY,2023,white,hisp,m,40-44,,0.00731,synthetic_seed
KY,2023,white,hisp,m,45-49,,0.00416,synthetic_seed
KY,2023,white,hisp,m,50-54,,0.00372,synthetic_seed
KY,2023,white,hisp,m,55-59,,0.00177,synthetic_seed
KY,2023,white,hisp,m,60-64,,0.00147,synthetic_seed
KY,2023,white,hisp,m,65-69,,0.00165,synthetic_seed
KY,2023,white,hisp,m,70-74,,0.00135,synthetic_seed
KY,2023,white,hisp,m,75-79,,0.00109,synthetic_seed
KY,2023,white,hisp,m,80-84,,0.00149,synthetic_seed
KY,2023,white,hisp,m,85+,,0.00169,synthetic_seed
KY,2023,white,hisp,f,0-4,,0.00144,synthetic_seed
KY,2023,white,hisp,f,5-9,,0.00147,synthetic_seed
KY,2023,white,hisp,f,10-14,,0.00178,synthetic_seed
KY,2023,white,hisp,f,15-19,,0.00319,synthetic_seed
KY,2023,white,hisp,f,20-24,,0.00883,synthetic_seed
KY,2023,white,hisp,f,25-29,,0.00829,synthetic_seed
KY,2023,white,hisp,f,30-34,,0.00852,synthetic_seed
KY,2023,white,hisp,f,35-39,,0.01046,synthetic_seed
KY,2023,white,hisp,f,40-44,,0.00817,synthetic_seed
KY,2023,white,hisp,f,45-49,,0.00511,synthetic_seed
KY,2023,white,hisp,f,50-54,,0.00381,synthetic_seed
KY,2023,white,hisp,f,55-59,,0.0013,synthetic_seed
KY,2023,white,hisp,f,60-64,,0.00169,synthetic_seed
KY,2023,white,hisp,f,65-69,,0.00145,synthetic_seed
KY,2023,white,hisp,f,70-74,,0.00165,synthetic_seed
KY,2023,white,hisp,f,75-79,,0.00156,synthetic_seed
KY,2023,white,hisp,f,80-84,,0.00145,synthetic_seed
KY,2023,white,hisp,f,85+,,0.00147,synthetic_seed
KY,2023,black,non-hisp,m,0-4,,0.00148,synthetic_seed
KY,2023,black,non-hisp,m,5-9,,0.00141,synthetic_seed
KY,2023,black,non-hisp,m,10-14,,0.00171,synthetic_seed
KY,2023,black,non-hisp,m,15-19,,0.00458,synthetic_seed
KY,2023,black,non-hisp,m,20-24,,0.00573,synthetic_seed
KY,2023,black,non-hisp,m,25-29,,0.008,synthetic_seed
KY,2023,black,non-hisp,m,30-34,,0.00733,synthetic_seed
KY,2023,black,non-hisp,m,35-39,,0.0073,synthetic_seed
KY,2023,black,non-hisp,m,40-44,,0.00878,synthetic_seed
KY,2023,black,non-hisp,m,45-49,,0.00475,synthetic_seed
KY,2023,black,non-hisp,m,50-54,,0.0028,synthetic_seed
KY,2023,black,non-hisp,m,55-59,,0.00083,synthetic_seed
KY,2023,black,non-hisp,m,60-64,,0.00132,synthetic_seed
KY,2023,black,non-hisp,m,65-69,,0.00151,synthetic_seed
KY,2023,black,non-hisp,m,70-74,,0.00197,synthetic_seed
KY,2023,black,non-hisp,m,75-79,,0.00188,synthetic_seed
KY,2023,black,non-hisp,m,80-84,,0.00114,synthetic_seed
KY,2023,black,non-hisp,m,85+,,0.00181,synthetic_seed
KY,2023,black,non-hisp,f,0-4,,0.00184,synthetic_seed
KY,2023,black,non-hisp,f,5-9,,0.00181,synthetic_seed
KY,2023,black,non-hisp,f,10-14,,0.00156,synthetic_seed
KY,2023,black,non-hisp,f,15-19,,0.00344,synthetic_seed
KY,2023,black,non-hisp,f,20-24,,0.00826,synthetic_seed
KY,2023,black,non-hisp,f,25-29,,0.00946,synthetic_seed
KY,2023,black,non-hisp,f,30-34,,0.00856,synthetic_seed
KY,2023,black,non-hisp,f,35-39,,0.0078,synthetic_seed
KY,2023,black,non-hisp,f,40-44,,0.00791,synthetic_seed
KY,2023,black,non-hisp,f,45-49,,0.00324,synthetic_seed
KY,2023,black,non-hisp,f,50-54,,0.00422,synthetic_seed
KY,2023,black,non-hisp,f,55-59,,0.00156,synthetic_seed
KY,2023,black,non-hisp,f,60-64,,0.00159,synthetic_seed
KY,2023,black,non-hisp,f,65-69,,0.00133,synthetic_seed
KY,2023,black,non-hisp,f,70-74,,0.00164,synthetic_seed
KY,2023,black,non-hisp,f,75-79,,0.00136,synthetic_seed
KY,2023,black,non-hisp,f,80-84,,0.00181,synthetic_seed
KY,2023,black,non-hisp,f,85+,,0.00189,synthetic_seed
KY,2023,black,hisp,m,0-4,,0.00156,synthetic_seed
KY,2023,black,hisp,m,5-9,,0.00171,synthetic_seed
KY,2023,black,hisp,m,10-14,,0.00119,synthetic_seed
KY,2023,black,hisp,m,15-19,,0.00338,synthetic_seed
KY,2023,black,hisp,m,20-24,,0.00892,synthetic_seed
KY,2023,black,hisp,m,25-29,,0.00913,synthetic_seed
KY,2023,black,hisp,m,30-34,,0.00992,synthetic_seed
KY,2023,black,hisp,m,35-39,,0.00819,synthetic_seed
KY,2023,black,hisp,m,40-44,,0.00782,synthetic_seed
KY,2023,black,hisp,m,45-49,,0.00342,synthetic_seed
KY,2023,black,hisp,m,50-54,,0.00465,synthetic_seed
KY,2023,black,hisp,m,55-59,,0.00163,synthetic_seed
KY,2023,black,hisp,m,60-64,,0.00171,synthetic_seed
KY,2023,black,hisp,m,65-69,,0.00179,synthetic_seed
KY,2023,black,hisp,m,70-74,,0.0011,synthetic_seed
KY,2023,black,hisp,m,75-79,,0.00199,synthetic_seed
KY,2023,black,hisp,m,80-84,,0.00163,synthetic_seed
KY,2023,black,hisp,m,85+,,0.00134,synthetic_seed
KY,2023,black,hisp,f,0-4,,0.00172,synthetic_seed
KY,2023,black,hisp,f,5-9,,0.00192,synthetic_seed
KY,2023,black,hisp,f,10-14,,0.00115,synthetic_seed
KY,2023,black,hisp,f,15-19,,0.00388,synthetic_seed
KY,2023,black,hisp,f,20-24,,0.00922,synthetic_seed
KY,2023,black,hisp,f,25-29,,0.0076,synthetic_seed
KY,2023,black,hisp,f,30-34,,0.00892,synthetic_seed
KY,2023,black,hisp,f,35-39,,0.00998,synthetic_seed
KY,2023,black,hisp,f,40-44,,0.00728,synthetic_seed
KY,2023,black,hisp,f,45-49,,0.00334,synthetic_seed
KY,2023,black,hisp,f,50-54,,0.00373,synthetic_seed
KY,2023,black,hisp,f,55-59,,0.00157,synthetic_seed
KY,2023,black,hisp,f,60-64,,0.00129,synthetic_seed
KY,2023,black,hisp,f,65-69,,0.00167,synthetic_seed
KY,2023,black,hisp,f,70-74,,0.00141,synthetic_seed
KY,2023,black,hisp,f,75-79,,0.00169,synthetic_seed
KY,2023,black,hisp,f,80-84,,0.0017,synthetic_seed
KY,2023,black,hisp,f,85+,,0.00196,synthetic_seed
KY,2023,asian,non-hisp,m,0-4,,0.00137,synthetic_seed
KY,2023,asian,non-hisp,m,5-9,,0.00193,synthetic_seed
KY,2023,asian,non-hisp,m,10-14,,0.00164,synthetic_seed
KY,2023,asian,non-hisp,m,15-19,,0.00358,synthetic_seed
KY,2023,asian,non-hisp,m,20-24,,0.0082,synthetic_seed
KY,2023,asian,non-hisp,m,25-29,,0.00785,synthetic_seed
KY,2023,asian,non-hisp,m,30-34,,0.01007,synthetic_seed
KY,2023,asian,non-hisp,m,35-39,,0.00887,synthetic_seed
KY,2023,asian,non-hisp,m,40-44,,0.00698,synthetic_seed
KY,2023,asian,non-hisp,m,45-49,,0.00358,synthetic_seed
KY,2023,asian,non-hisp,m,50-54,,0.00418,synthetic_seed
KY,2023,asian,non-hisp,m,55-59,,0.00155,synthetic_seed
KY,2023,asian,non-hisp,m,60-64,,0.00184,synthetic_seed
KY,2023,asian,non-hisp,m,65-69,,0.00156,synthetic_seed
KY,2023,asian,non-hisp,m,70-74,,0.00154,synthetic_seed
KY,2023,asian,non-hisp,m,75-79,,0.00168,synthetic_seed
KY,2023,asian,non-hisp,m,80-84,,0.00143,synthetic_seed
KY,2023,asian,non-hisp,m,85+,,0.00141,synthetic_seed
KY,2023,asian,non-hisp,f,0-4,,0.0019,synthetic_seed
KY,2023,asian,non-hisp,f,5-9,,0.00138,synthetic_seed
KY,2023,asian,non-hisp,f,10-14,,0.0015,synthetic_seed
KY,2023,asian,non-hisp,f,15-19,,0.0031,synthetic_seed
KY,2023,asian,non-hisp,f,20-24,,0.00709,synthetic_seed
KY,2023,asian,non-hisp,f,25-29,,0.0067,synthetic_seed
KY,2023,asian,non-hisp,f,30-34,,0.00785,synthetic_seed
KY,2023,asian,non-hisp,f,35-39,,0.00652,synthetic_seed
KY,2023,asian,non-hisp,f,40-44,,0.00595,synthetic_seed
KY,2023,asian,non-hisp,f,45-49,,0.0041,synthetic_seed
KY,2023,asian,non-hisp,f,50-54,,0.00293,synthetic_seed
KY,2023,asian,non-hisp,f,55-59,,0.00151,synthetic_seed
KY,2023,asian,non-hisp,f,60-64,,0.00144,synthetic_seed
KY,2023,asian,non-hisp,f,65-69,,0.00155,synthetic_seed
KY,2023,asian,non-hisp,f,70-74,,0.00169,synthetic_seed
KY,2023,asian,non-hisp,f,75-79,,0.00144,synthetic_seed
KY,2023,asian,non-hisp,f,80-84,,0.00142,synthetic_seed
KY,2023,asian,non-hisp,f,85+,,0.00094,synthetic_seed
KY,2023,asian,hisp,m,0-4,,0.0014,synthetic_seed
KY,2023,asian,hisp,m,5-9,,0.00164,synthetic_seed
KY,2023,asian,hisp,m,10-14,,0.00197,synthetic_seed
KY,2023,asian,hisp,m,15-19,,0.00388,synthetic_seed
KY,2023,asian,hisp,m,20-24,,0.00923,synthetic_seed
KY,2023,asian,hisp,m,25-29,,0.00977,synthetic_seed
KY,2023,asian,hisp,m,30-34,,0.00728,synthetic_seed
KY,2023,asian,hisp,m,35-39,,0.00739,synthetic_seed
KY,2023,asian,hisp,m,40-44,,0.00567,synthetic_seed
KY,2023,asian,hisp,m,45-49,,0.00477,synthetic_seed
KY,2023,asian,hisp,m,50-54,,0.00493,synthetic_seed
KY,2023,asian,hisp,m,55-59,,0.00154,synthetic_seed
KY,2023,asian,hisp,m,60-64,,0.00163,synthetic_seed
KY,2023,asian,hisp,m,65-69,,0.00161,synthetic_seed
KY,2023,asian,hisp,m,70-74,,0.00134,synthetic_seed
KY,2023,asian,hisp,m,75-79,,0.00174,synthetic_seed
KY,2023,asian,hisp,m,80-84,,0.00198,synthetic_seed
KY,2023,asian,hisp,m,85+,,0.00189,synthetic_seed
KY,2023,asian,hisp,f,0-4,,0.00198,synthetic_seed
KY,2023,asian,hisp,f,5-9,,0.0013,synthetic_seed
KY,2023,asian,hisp,f,10-14,,0.00142,synthetic_seed
KY,2023,asian,hisp,f,15-19,,0.00393,synthetic_seed
KY,2023,asian,hisp,f,20-24,,0.00961,synthetic_seed
KY,2023,asian,hisp,f,25-29,,0.00678,synthetic_seed
KY,2023,asian,hisp,f,30-34,,0.00757,synthetic_seed
KY,2023,asian,hisp,f,35-39,,0.00839,synthetic_seed
KY,2023,asian,hisp,f,40-44,,0.00874,synthetic_seed
KY,2023,asian,hisp,f,45-49,,0.00254,synthetic_seed
KY,2023,asian,hisp,f,50-54,,0.00352,synthetic_seed
KY,2023,asian,hisp,f,55-59,,0.00151,synthetic_seed
KY,2023,asian,hisp,f,60-64,,0.00164,synthetic_seed
KY,2023,asian,hisp,f,65-69,,0.00186,synthetic_seed
KY,2023,asian,hisp,f,70-74,,0.00178,synthetic_seed
KY,2023,asian,hisp,f,75-79,,0.00181,synthetic_seed
KY,2023,asian,hisp,f,80-84,,0.00178,synthetic_seed
KY,2023,asian,hisp,f,85+,,0.00138,synthetic_seed
KY,2023,other,non-hisp,m,0-4,,0.0017,synthetic_seed
KY,2023,other,non-hisp,m,5-9,,0.00159,synthetic_seed
KY,2023,other,non-hisp,m,10-14,,0.0019,synthetic_seed
KY,2023,other,non-hisp,m,15-19,,0.00446,synthetic_seed
KY,2023,other,non-hisp,m,20-24,,0.00797,synthetic_seed
KY,2023,other,non-hisp,m,25-29,,0.00871,synthetic_seed
KY,2023,other,non-hisp,m,30-34,,0.00721,synthetic_seed
KY,2023,other,non-hisp,m,35-39,,0.00834,synthetic_seed
KY,2023,other,non-hisp,m,40-44,,0.00843,synthetic_seed
KY,2023,other,non-hisp,m,45-49,,0.00378,synthetic_seed
KY,2023,other,non-hisp,m,50-54,,0.00268,synthetic_seed
KY,2023,other,non-hisp,m,55-59,,0.00116,synthetic_seed
KY,2023,other,non-hisp,m,60-64,,0.00156,synthetic_seed
KY,2023,other,non-hisp,m,65-69,,0.00116,synthetic_seed
KY,2023,other,non-hisp,m,70-74,,0.00189,synthetic_seed
KY,2023,other,non-hisp,m,75-79,,0.00162,synthetic_seed
KY,2023,other,non-hisp,m,80-84,,0.00173,synthetic_seed
KY,2023,other,non-hisp,m,85+,,0.00161,synthetic_seed
KY,2023,other,non-hisp,f,0-4,,0.00146,synthetic_seed
KY,2023,other,non-hisp,f,5-9,,0.00173,synthetic_seed
KY,2023,other,non-hisp,f,10-14,,0.00138,synthetic_seed
KY,2023,other,non-hisp,f,15-19,,0.00478,synthetic_seed
KY,2023,other,non-hisp,f,20-24,,0.0091,synthetic_seed
KY,2023,other,non-hisp,f,25-29,,0.00725,synthetic_seed
KY,2023,other,non-hisp,f,30-34,,0.01086,synthetic_seed
KY,2023,other,non-hisp,f,35-39,,0.00931,synthetic_seed
KY,2023,other,non-hisp,f,40-44,,0.01031,synthetic_seed
KY,2023,other,non-hisp,f,45-49,,0.00403,synthetic_seed
KY,2023,other,non-hisp,f,50-54,,0.00366,synthetic_seed
KY,2023,other,non-hisp,f,55-59,,0.00164,synthetic_seed
KY,2023,other,non-hisp,f,60-64,,0.00158,synthetic_seed
KY,2023,other,non-hisp,f,65-69,,0.00167,synthetic_seed
KY,2023,other,non-hisp,f,70-74,,0.00103,synthetic_seed
KY,2023,other,non-hisp,f,75-79,,0.0014,synthetic_seed
KY,2023,other,non-hisp,f,80-84,,0.00165,synthetic_seed
KY,2023,other,non-hisp,f,85+,,0.00175,synthetic_seed
KY,2023,other,hisp,m,0-4,,0.00145,synthetic_seed
KY,2023,other,hisp,m,5-9,,0.00171,synthetic_seed
KY,2023,other,hisp,m,10-14,,0.00127,synthetic_seed
KY,2023,other,hisp,m,15-19,,0.00434,synthetic_seed
KY,2023,other,hisp,m,20-24,,0.01005,synthetic_seed
KY,2023,other,hisp,m,25-29,,0.00759,synthetic_seed
KY,2023,other,hisp,m,30-34,,0.00757,synthetic_seed
KY,2023,other,hisp,m,35-39,,0.00826,synthetic_seed
KY,2023,other,hisp,m,40-44,,0.00667,synthetic_seed
KY,2023,other,hisp,m,45-49,,0.00435,synthetic_seed
KY,2023,other,hisp,m,50-54,,0.00335,synthetic_seed
KY,2023,other,hisp,m,55-59,,0.002,synthetic_seed
KY,2023,other,hisp,m,60-64,,0.00184,synthetic_seed
KY,2023,other,hisp,m,65-69,,0.00171,synthetic_seed
KY,2023,other,hisp,m,70-74,,0.00166,synthetic_seed
KY,2023,other,hisp,m,75-79,,0.0018,synthetic_seed
KY,2023,other,hisp,m,80-84,,0.00151,synthetic_seed
KY,2023,other,hisp,m,85+,,0.0016,synthetic_seed
KY,2023,other,hisp,f,0-4,,0.00188,synthetic_seed
KY,2023,other,hisp,f,5-9,,0.00147,synthetic_seed
KY,2023,other,hisp,f,10-14,,0.00155,synthetic_seed
KY,2023,other,hisp,f,15-19,,0.00352,synthetic_seed
KY,2023,other,hisp,f,20-24,,0.00894,synthetic_seed
KY,2023,other,hisp,f,25-29,,0.00945,synthetic_seed
KY,2023,other,hisp,f,30-34,,0.00766,synthetic_seed
KY,2023,other,hisp,f,35-39,,0.00618,synthetic_seed
KY,2023,other,hisp,f,40-44,,0.00767,synthetic_seed
KY,2023,other,hisp,f,45-49,,0.00408,synthetic_seed
KY,2023,other,hisp,f,50-54,,0.00267,synthetic_seed
KY,2023,other,hisp,f,55-59,,0.00154,synthetic_seed
KY,2023,other,hisp,f,60-64,,0.00182,synthetic_seed
KY,2023,other,hisp,f,65-69,,0.00132,synthetic_seed
KY,2023,other,hisp,f,70-74,,0.00147,synthetic_seed
KY,2023,other,hisp,f,75-79,,0.00184,synthetic_seed
KY,2023,other,hisp,f,80-84,,0.00119,synthetic_seed
KY,2023,other,hisp,f,85+,,0.00176,synthetic_seed
LA,2023,white,non-hisp,m,0-4,,0.0008,synthetic_seed
LA,2023,white,non-hisp,m,5-9,,0.00086,synthetic_seed
LA,2023,white,non-hisp,m,10-14,,0.00065,synthetic_seed
LA,2023,white,non-hisp,m,15-19,,0.00169,synthetic_seed
LA,2023,white,non-hisp,m,20-24,,0.00376,synthetic_seed
LA,2023,white,non-hisp,m,25-29,,0.00423,synthetic_seed
LA,2023,white,non-hisp,m,30-34,,0.0045,synthetic_seed
LA,2023,white,non-hisp,m,35-39,,0.00325,synthetic_seed
LA,2023,white,non-hisp,m,40-44,,0.00309,synthetic_seed
LA,2023,white,non-hisp,m,45-49,,0.00184,synthetic_seed
LA,2023,white,non-hisp,m,50-54,,0.00208,synthetic_seed
LA,2023,white,non-hisp,m,55-59,,0.00101,synthetic_seed
LA,2023,white,non-hisp,m,60-64,,0.00056,synthetic_seed
LA,2023,white,non-hisp,m,65-69,,0.00073,synthetic_seed
LA,2023,white,non-hisp,m,70-74,,0.00089,synthetic_seed
LA,2023,white,non-hisp,m,75-79,,0.00075,synthetic_seed
LA,2023,white,non-hisp,m,80-84,,0.00073,synthetic_seed
LA,2023,white,non-hisp,m,85+,,0.00089,synthetic_seed
LA,2023,white,non-hisp,f,0-4,,0.00085,synthetic_seed
LA,2023,white,non-hisp,f,5-9,,0.00111,synthetic_seed
LA,2023,white,non-hisp,f,10-14,,0.00073,synthetic_seed
LA,2023,white,non-hisp,f,15-19,,0.00197,synthetic_seed
LA,2023,white,non-hisp,f,20-24,,0.00454,synthetic_seed
LA,2023,white,non-hisp,f,25-29,,0.00342,synthetic_seed
LA,2023,white,non-hisp,f,30-34,,0.00336,synthetic_seed
LA,2023,white,non-hisp,f,35-39,,0.00375,synthetic_seed
LA,2023,white,non-hisp,f,40-44,,0.00479,synthetic_seed
LA,2023,white,non-hisp,f,45-49,,0.00194,synthetic_seed
LA,2023,white,non-hisp,f,50-54,,0.00208,synthetic_seed
LA,2023,white,non-hisp,f,55-59,,0.00095,synthetic_seed
LA,2023,white,non-hisp,f,60-64,,0.00068,synthetic_seed
LA,2023,white,non-hisp,f,65-69,,0.00094,synthetic_seed
LA,2023,white,non-hisp,f,70-74,,0.00075,synthetic_seed
LA,2023,white,non-hisp,f,75-79,,0.00058,synthetic_seed
LA,2023,white,non-hisp,f,80-84,,0.00042,synthetic_seed
LA,2023,white,non-hisp,f,85+,,0.00078,synthetic_seed
LA,2023,white,hisp,m,0-4,,0.00091,synthetic_seed
LA,2023,white,hisp,m,5-9,,0.00059,synthetic_seed
LA,2023,white,hisp,m,10-14,,0.00088,synthetic_seed
LA,2023,white,hisp,m,15-19,,0.00224,synthetic_seed
LA,2023,white,hisp,m,20-24,,0.00354,synthetic_seed
LA,2023,white,hisp,m,25-29,,0.00387,synthetic_seed
LA,2023,white,hisp,m,30-34,,0.00355,synthetic_seed
LA,2023,white,hisp,m,35-39,,0.00415,synthetic_seed
LA,2023,white,hisp,m,40-44,,0.00296,synthetic_seed
LA,2023,white,hisp,m,45-49,,0.00228,synthetic_seed
LA,2023,white,hisp,m,50-54,,0.00225,synthetic_seed
LA,2023,white,hisp,m,55-59,,0.00087,synthetic_seed
LA,2023,white,hisp,m,60-64,,0.00078,synthetic_seed
LA,2023,white,hisp,m,65-69,,0.00087,synthetic_seed
LA,2023,white,hisp,m,70-74,,0.0007,synthetic_seed
LA,2023,white,hisp,m,75-79,,0.00097,synthetic_seed
LA,2023,white,hisp,m,80-84,,0.0009,synthetic_seed
LA,2023,white,hisp,m,85+,,0.0008,synthetic_seed
LA,2023,white,hisp,f,0-4,,0.0008,synthetic_seed
LA,2023,white,hisp,f,5-9,,0.0007,synthetic_seed
LA,2023,white,hisp,f,10-14,,0.00076,synthetic_seed
LA,2023,white,hisp,f,15-19,,0.0019,synthetic_seed
LA,2023,white,hisp,f,20-24,,0.00337,synthetic_seed
LA,2023,white,hisp,f,25-29,,0.00363,synthetic_seed
LA,2023,white,hisp,f,30-34,,0.00397,synthetic_seed
LA,2023,white,hisp,f,35-39,,0.00396,synthetic_seed
LA,2023,white,hisp,f,40-44,,0.00416,synthetic_seed
LA,2023,white,hisp,f,45-49,,0.00216,synthetic_seed
LA,2023,white,hisp,f,50-54,,0.00189,synthetic_seed
LA,2023,white,hisp,f,55-59,,0.00072,synthetic_seed
LA,2023,white,hisp,f,60-64,,0.00102,synthetic_seed
LA,2023,white,hisp,f,65-69,,0.00095,synthetic_seed
LA,2023,white,hisp,f,70-74,,0.00066,synthetic_seed
LA,2023,white,hisp,f,75-79,,0.00068,synthetic_seed
LA,2023,white,hisp,f,80-84,,0.00081,synthetic_seed
LA,2023,white,hisp,f,85+,,0.00049,synthetic_seed
LA,2023,black,non-hisp,m,0-4,,0.00074,synthetic_seed
LA,2023,black,non-hisp,m,5-9,,0.00095,synthetic_seed
LA,2023,black,non-hisp,m,10-14,,0.00094,synthetic_seed
LA,2023,black,non-hisp,m,15-19,,0.00128,synthetic_seed
LA,2023,black,non-hisp,m,20-24,,0.00292,synthetic_seed
LA,2023,black,non-hisp,m,25-29,,0.00421,synthetic_seed
LA,2023,black,non-hisp,m,30-34,,0.00337,synthetic_seed
LA,2023,black,non-hisp,m,35-39,,0.00315,synthetic_seed
LA,2023,black,non-hisp,m,40-44,,0.0039,synthetic_seed
LA,2023,black,non-hisp,m,45-49,,0.00185,synthetic_seed
LA,2023,black,non-hisp,m,50-54,,0.00216,synthetic_seed
LA,2023,black,non-hisp,m,55-59,,0.00069,synthetic_seed
LA,2023,black,non-hisp,m,60-64,,0.00076,synthetic_seed
LA,2023,black,non-hisp,m,65-69,,0.00115,synthetic_seed
LA,2023,black,non-hisp,m,70-74,,0.00071,synthetic_seed
LA,2023,black,non-hisp,m,75-79,,0.00094,synthetic_seed
LA,2023,black,non-hisp,m,80-84,,0.00076,synthetic_seed
LA,2023,black,non-hisp,m,85+,,0.00092,synthetic_seed
LA,2023,black,non-hisp,f,0-4,,0.00087,synthetic_seed
LA,2023,black,non-hisp,f,5-9,,0.00064,synthetic_seed
LA,2023,black,non-hisp,f,10-14,,0.00086,synthetic_seed
LA,2023,black,non-hisp,f,15-19,,0.00203,synthetic_seed
LA,2023,black,non-hisp,f,20-24,,0.00496,synthetic_seed
LA,2023,black,non-hisp,f,25-29,,0.00383,synthetic_seed
LA,2023,black,non-hisp,f,30-34,,0.00476,synthetic_seed
LA,2023,black,non-hisp,f,35-39,,0.00314,synthetic_seed
LA,2023,black,non-hisp,f,40-44,,0.00364,synthetic_seed
LA,2023,black,non-hisp,f,45-49,,0.0019,synthetic_seed
LA,2023,black,non-hisp,f,50-54,,0.00192,synthetic_seed
LA,2023,black,non-hisp,f,55-59,,0.0007,synthetic_seed
LA,2023,black,non-hisp,f,60-64,,0.00075,synthetic_seed
LA,2023,black,non-hisp,f,65-69,,0.00081,synthetic_seed
LA,2023,black,non-hisp,f,70-74,,0.00092,synthetic_seed
LA,2023,black,non-hisp,f,75-79,,0.00084,synthetic_seed
LA,2023,black,non-hisp,f,80-84,,0.00082,synthetic_seed
LA,2023,black,non-hisp,f,85+,,0.00049,synthetic_seed
LA,2023,black,hisp,m,0-4,,0.00073,synthetic_seed
LA,2023,black,hisp,m,5-9,,0.00065,synthetic_seed
LA,2023,black,hisp,m,10-14,,0.00067,synthetic_seed
LA,2023,black,hisp,m,15-19,,0.00194,synthetic_seed
LA,2023,black,hisp,m,20-24,,0.0032,synthetic_seed
LA,2023,black,hisp,m,25-29,,0.00375,synthetic_seed
LA,2023,black,hisp,m,30-34,,0.0037,synthetic_seed
LA,2023,black,hisp,m,35-39,,0.0037,synthetic_seed
LA,2023,black,hisp,m,40-44,,0.00463,synthetic_seed
LA,2023,black,hisp,m,45-49,,0.0021,synthetic_seed
LA,2023,black,hisp,m,50-54,,0.00177,synthetic_seed
LA,2023,black,hisp,m,55-59,,0.00076,synthetic_seed
LA,2023,black,hisp,m,60-64,,0.00076,synthetic_seed
LA,2023,black,hisp,m,65-69,,0.00082,synthetic_seed
LA,2023,black,hisp,m,70-74,,0.00084,synthetic_seed
LA,2023,black,hisp,m,75-79,,0.00078,synthetic_seed
LA,2023,black,hisp,m,80-84,,0.00076,synthetic_seed
LA,2023,black,hisp,m,85+,,0.00069,synthetic_seed
LA,2023,black,hisp,f,0-4,,0.00057,synthetic_seed
LA,2023,black,hisp,f,5-9,,0.00091,synthetic_seed
LA,2023,black,hisp,f,10-14,,0.00078,synthetic_seed
LA,2023,black,hisp,f,15-19,,0.00174,synthetic_seed
LA,2023,black,hisp,f,20-24,,0.00323,synthetic_seed
LA,2023,black,hisp,f,25-29,,0.00389,synthetic_seed
LA,2023,black,hisp,f,30-34,,0.00277,synthetic_seed
LA,2023,black,hisp,f,35-39,,0.00381,synthetic_seed
LA,2023,black,hisp,f,40-44,,0.00331,synthetic_seed
LA,2023,black,hisp,f,45-49,,0.00204,synthetic_seed
LA,2023,black,hisp,f,50-54,,0.00231,synthetic_seed
LA,2023,black,hisp,f,55-59,,0.00089,synthetic_seed
LA,2023,black,hisp,f,60-64,,0.00085,synthetic_seed
LA,2023,black,hisp,f,65-69,,0.00076,synthetic_seed
LA,2023,black,hisp,f,70-74,,0.00081,synthetic_seed
LA,2023,black,hisp,f,75-79,,0.00095,synthetic_seed
LA,2023,black,hisp,f,80-84,,0.00086,synthetic_seed
LA,2023,black,hisp,f,85+,,0.00065,synthetic_seed
LA,2023,asian,non-hisp,m,0-4,,0.00075,synthetic_seed
LA,2023,asian,non-hisp,m,5-9,,0.00093,synthetic_seed
LA,2023,asian,non-hisp,m,10-14,,0.00076,synthetic_seed
LA,2023,asian,non-hisp,m,15-19,,0.00195,synthetic_seed
LA,2023,asian,non-hisp,m,20-24,,0.0045,synthetic_seed
LA,2023,asian,non-hisp,m,25-29,,0.0043,synthetic_seed
LA,2023,asian,non-hisp,m,30-34,,0.00357,synthetic_seed
LA,2023,asian,non-hisp,m,35-39,,0.00368,synthetic_seed
LA,2023,asian,non-hisp,m,40-44,,0.00352,synthetic_seed
LA,2023,asian,non-hisp,m,45-49,,0.00213,synthetic_seed
LA,2023,asian,non-hisp,m,50-54,,0.00205,synthetic_seed
LA,2023,asian,non-hisp,m,55-59,,0.00082,synthetic_seed
LA,2023,asian,non-hisp,m,60-64,,0.00067,synthetic_seed
LA,2023,asian,non-hisp,m,65-69,,0.00092,synthetic_seed
LA,2023,asian,non-hisp,m,70-74,,0.00097,synthetic_seed
LA,2023,asian,non-hisp,m,75-79,,0.00074,synthetic_seed
LA,2023,asian,non-hisp,m,80-84,,0.00084,synthetic_seed
LA,2023,asian,non-hisp,m,85+,,0.00077,synthetic_seed
LA,2023,asian,non-hisp,f,0-4,,0.00115,synthetic_seed
LA,2023,asian,non-hisp,f,5-9,,0.00073,synthetic_seed
LA,2023,asian,non-hisp,f,10-14,,0.00076,synthetic_seed
LA,2023,asian,non-hisp,f,15-19,,0.00199,synthetic_seed
LA,2023,asian,non-hisp,f,20-24,,0.00438,synthetic_seed
LA,2023,asian,non-hisp,f,25-29,,0.00396,synthetic_seed
LA,2023,asian,non-hisp,f,30-34,,0.00366,synthetic_seed
LA,2023,asian,non-hisp,f,35-39,,0.00401,synthetic_seed
LA,2023,asian,non-hisp,f,40-44,,0.0041,synthetic_seed
LA,2023,asian,non-hisp,f,45-49,,0.00203,synthetic_seed
LA,2023,asian,non-hisp,f,50-54,,0.00213,synthetic_seed
LA,2023,asian,non-hisp,f,55-59,,0.00062,synthetic_seed
LA,2023,asian,non-hisp,f,60-64,,0.00068,synthetic_seed
LA,2023,asian,non-hisp,f,65-69,,0.00071,synthetic_seed
LA,2023,asian,non-hisp,f,70-74,,0.00072,synthetic_seed
LA,2023,asian,non-hisp,f,75-79,,0.00066,synthetic_seed
LA,2023,asian,non-hisp,f,80-84,,0.00059,synthetic_seed
LA,2023,asian,non-hisp,f,85+,,0.00077,synthetic_seed
LA,2023,asian,hisp,m,0-4,,0.00073,synthetic_seed
LA,2023,asian,hisp,m,5-9,,0.00082,synthetic_seed
LA,2023,asian,hisp,m,10-14,,0.00082,synthetic_seed
LA,2023,asian,hisp,m,15-19,,0.0017,synthetic_seed
LA,2023,asian,hisp,m,20-24,,0.00286,synthetic_seed
LA,2023,asian,hisp,m,25-29,,0.00349,synthetic_seed
LA,2023,asian,hisp,m,30-34,,0.00428,synthetic_seed
LA,2023,asian,hisp,m,35-39,,0.00489,synthetic_seed
LA,2023,asian,hisp,m,40-44,,0.00324,synthetic_seed
LA,2023,asian,hisp,m,45-49,,0.0019,synthetic_seed
LA,2023,asian,hisp,m,50-54,,0.00262,synthetic_seed
LA,2023,asian,hisp,m,55-59,,0.00067,synthetic_seed
LA,2023,asian,hisp,m,60-64,,0.00075,synthetic_seed
LA,2023,asian,hisp,m,65-69,,0.00064,synthetic_seed
LA,2023,asian,hisp,m,70-74,,0.00086,synthetic_seed
LA,2023,asian,hisp,m,75-79,,0.00072,synthetic_seed
LA,2023,asian,hisp,m,80-84,,0.00088,synthetic_seed
LA,2023,asian,hisp,m,85+,,0.00062,synthetic_seed
LA,2023,asian,hisp,f,0-4,,0.00086,synthetic_seed
LA,2023,asian,hisp,f,5-9,,0.00087,synthetic_seed
LA,2023,asian,hisp,f,10-14,,0.00057,synthetic_seed
LA,2023,asian,hisp,f,15-19,,0.00208,synthetic_seed
LA,2023,asian,hisp,f,20-24,,0.0036,synthetic_seed
LA,2023,asian,hisp,f,25-29,,0.00414,synthetic_seed
LA,2023,asian,hisp,f,30-34,,0.00284,synthetic_seed
LA,2023,asian,hisp,f,35-39,,0.00362,synthetic_seed
LA,2023,asian,hisp,f,40-44,,0.005,synthetic_seed
LA,2023,asian,hisp,f,45-49,,0.00198,synthetic_seed
LA,2023,asian,hisp,f,50-54,,0.00199,synthetic_seed
LA,2023,asian,hisp,f,55-59,,0.00083,synthetic_seed
LA,2023,asian,hisp,f,60-64,,0.00085,synthetic_seed
LA,2023,asian,hisp,f,65-69,,0.0007,synthetic_seed
LA,2023,asian,hisp,f,70-74,,0.00087,synthetic_seed
LA,2023,asian,hisp,f,75-79,,0.00069,synthetic_seed
LA,2023,asian,hisp,f,80-84,,0.00072,synthetic_seed
LA,2023,asian,hisp,f,85+,,0.0008,synthetic_seed
LA,2023,other,non-hisp,m,0-4,,0.0007,synthetic_seed
LA,2023,other,non-hisp,m,5-9,,0.00073,synthetic_seed
LA,2023,other,non-hisp,m,10-14,,0.00092,synthetic_seed
LA,2023,other,non-hisp,m,15-19,,0.00229,synthetic_seed
LA,2023,other,non-hisp,m,20-24,,0.0044,synthetic_seed
LA,2023,other,non-hisp,m,25-29,,0.00401,synthetic_seed
LA,2023,other,non-hisp,m,30-34,,0.00461,synthetic_seed
LA,2023,other,non-hisp,m,35-39,,0.00439,synthetic_seed
LA,2023,other,non-hisp,m,40-44,,0.0039,synthetic_seed
LA,2023,other,non-hisp,m,45-49,,0.00233,synthetic_seed
LA,2023,other,non-hisp,m,50-54,,0.00209,synthetic_seed
LA,2023,other,non-hisp,m,55-59,,0.00085,synthetic_seed
LA,2023,other,non-hisp,m,60-64,,0.00093,synthetic_seed
LA,2023,other,non-hisp,m,65-69,,0.00082,synthetic_seed
LA,2023,other,non-hisp,m,70-74,,0.00076,synthetic_seed
LA,2023,other,non-hisp,m,75-79,,0.00094,synthetic_seed
LA,2023,other,non-hisp,m,80-84,,0.00083,synthetic_seed
LA,2023,other,non-hisp,m,85+,,0.00081,synthetic_seed
LA,2023,other,non-hisp,f,0-4,,0.00089,synthetic_seed
LA,2023,other,non-hisp,f,5-9,,0.00075,synthetic_seed
LA,2023,other,non-hisp,f,10-14,,0.00091,synthetic_seed
LA,2023,other,non-hisp,f,15-19,,0.00173,synthetic_seed
LA,2023,other,non-hisp,f,20-24,,0.00374,synthetic_seed
LA,2023,other,non-hisp,f,25-29,,0.00412,synthetic_seed
LA,2023,other,non-hisp,f,30-34,,0.00407,synthetic_seed
LA,2023,other,non-hisp,f,35-39,,0.00461,synthetic_seed
LA,2023,other,non-hisp,f,40-44,,0.00483,synthetic_seed
LA,2023,other,non-hisp,f,45-49,,0.00212,synthetic_seed
LA,2023,other,non-hisp,f,50-54,,0.00189,synthetic_seed
LA,2023,other,non-hisp,f,55-59,,0.00089,synthetic_seed
LA,2023,other,non-hisp,f,60-64,,0.00067,synthetic_seed
LA,2023,other,non-hisp,f,65-69,,0.00108,synthetic_seed
LA,2023,other,non-hisp,f,70-74,,0.0009,synthetic_seed
LA,2023,other,non-hisp,f,75-79,,0.00087,synthetic_seed
LA,2023,other,non-hisp,f,80-84,,0.00074,synthetic_seed
LA,2023,other,non-hisp,f,85+,,0.00088,synthetic_seed
LA,2023,other,hisp,m,0-4,,0.00081,synthetic_seed
LA,2023,other,hisp,m,5-9,,0.00089,synthetic_seed
LA,2023,other,hisp,m,10-14,,0.00088,synthetic_seed
LA,2023,other,hisp,m,15-19,,0.00224,synthetic_seed
LA,2023,other,hisp,m,20-24,,0.00351,synthetic_seed
LA,2023,other,hisp,m,25-29,,0.00352,synthetic_seed
LA,2023,other,hisp,m,30-34,,0.00427,synthetic_seed
LA,2023,other,hisp,m,35-39,,0.00521,synthetic_seed
LA,2023,other,hisp,m,40-44,,0.00398,synthetic_seed
LA,2023,other,hisp,m,45-49,,0.00204,synthetic_seed
LA,2023,other,hisp,m,50-54,,0.00194,synthetic_seed
LA,2023,other,hisp,m,55-59,,0.00077,synthetic_seed
LA,2023,other,hisp,m,60-64,,0.00092,synthetic_seed
LA,2023,other,hisp,m,65-69,,0.00087,synthetic_seed
LA,2023,other,hisp,m,70-74,,0.00118,synthetic_seed
LA,2023,other,hisp,m,75-79,,0.00075,synthetic_seed
LA,2023,other,hisp,m,80-84,,0.00071,synthetic_seed
LA,2023,other,hisp,m,85+,,0.00078,synthetic_seed
LA,2023,other,hisp,f,0-4,,0.00079,synthetic_seed
LA,2023,other,hisp,f,5-9,,0.00076,synthetic_seed
LA,2023,other,hisp,f,10-14,,0.00083,synthetic_seed
LA,2023,other,hisp,f,15-19,,0.00191,synthetic_seed
LA,2023,other,hisp,f,20-24,,0.00401,synthetic_seed
LA,2023,other,hisp,f,25-29,,0.0042,synthetic_seed
LA,2023,other,hisp,f,30-34,,0.00421,synthetic_seed
LA,2023,other,hisp,f,35-39,,0.00389,synthetic_seed
LA,2023,other,hisp,f,40-44,,0.0041,synthetic_seed
LA,2023,other,hisp,f,45-49,,0.00201,synthetic_seed
LA,2023,other,hisp,f,50-54,,0.00225,synthetic_seed
LA,2023,other,hisp,f,55-59,,0.00067,synthetic_seed
LA,2023,other,hisp,f,60-64,,0.00059,synthetic_seed
LA,2023,other,hisp,f,65-69,,0.0008,synthetic_seed
LA,2023,other,hisp,f,70-74,,0.00073,synthetic_seed
LA,2023,other,hisp,f,75-79,,0.00081,synthetic_seed
LA,2023,other,hisp,f,80-84,,0.00079,synthetic_seed
LA,2023,other,hisp,f,85+,,0.00074,synthetic_seed
ME,2023,white,non-hisp,m,0-4,,0.0011,synthetic_seed
ME,2023,white,non-hisp,m,5-9,,0.00131,synthetic_seed
ME,2023,white,non-hisp,m,10-14,,0.00161,synthetic_seed
ME,2023,white,non-hisp,m,15-19,,0.00287,synthetic_seed
ME,2023,white,non-hisp,m,20-24,,0.00565,synthetic_seed
ME,2023,white,non-hisp,m,25-29,,0.0074,synthetic_seed
ME,2023,white,non-hisp,m,30-34,,0.00557,synthetic_seed
ME,2023,white,non-hisp,m,35-39,,0.0065,synthetic_seed
ME,2023,white,non-hisp,m,40-44,,0.00702,synthetic_seed
ME,2023,white,non-hisp,m,45-49,,0.00284,synthetic_seed
ME,2023,white,non-hisp,m,50-54,,0.00294,synthetic_seed
ME,2023,white,non-hisp,m,55-59,,0.00134,synthetic_seed
ME,2023,white,non-hisp,m,60-64,,0.0012,synthetic_seed
ME,2023,white,non-hisp,m,65-69,,0.00108,synthetic_seed
ME,2023,white,non-hisp,m,70-74,,0.00096,synthetic_seed
ME,2023,white,non-hisp,m,75-79,,0.001,synthetic_seed
ME,2023,white,non-hisp,m,80-84,,0.00131,synthetic_seed
ME,2023,white,non-hisp,m,85+,,0.00113,synthetic_seed
ME,2023,white,non-hisp,f,0-4,,0.00123,synthetic_seed
ME,2023,white,non-hisp,f,5-9,,0.00112,synthetic_seed
ME,2023,white,non-hisp,f,10-14,,0.00144,synthetic_seed
ME,2023,white,non-hisp,f,15-19,,0.00275,synthetic_seed
ME,2023,white,non-hisp,f,20-24,,0.00517,synthetic_seed
ME,2023,white,non-hisp,f,25-29,,0.00498,synthetic_seed
ME,2023,white,non-hisp,f,30-34,,0.00591,synthetic_seed
ME,2023,white,non-hisp,f,35-39,,0.00597,synthetic_seed
ME,2023,white,non-hisp,f,40-44,,0.00684,synthetic_seed
ME,2023,white,non-hisp,f,45-49,,0.00344,synthetic_seed
ME,2023,white,non-hisp,f,50-54,,0.00259,synthetic_seed
ME,2023,white,non-hisp,f,55-59,,0.00105,synthetic_seed
ME,2023,white,non-hisp,f,60-64,,0.00126,synthetic_seed
ME,2023,white,non-hisp,f,65-69,,0.0013,synthetic_seed
ME,2023,white,non-hisp,f,70-74,,0.00086,synthetic_seed
ME,2023,white,non-hisp,f,75-79,,0.00106,synthetic_seed
ME,2023,white,non-hisp,f,80-84,,0.00124,synthetic_seed
ME,2023,white,non-hisp,f,85+,,0.0011,synthetic_seed
ME,2023,white,hisp,m,0-4,,0.00105,synthetic_seed
ME,2023,white,hisp,m,5-9,,0.00099,synthetic_seed
ME,2023,white,hisp,m,10-14,,0.00118,synthetic_seed
ME,2023,white,hisp,m,15-19,,0.00443,synthetic_seed
ME,2023,white,hisp,m,20-24,,0.00716,synthetic_seed
ME,2023,white,hisp,m,25-29,,0.00574,synthetic_seed
ME,2023,white,hisp,m,30-34,,0.00581,synthetic_seed
ME,2023,white,hisp,m,35-39,,0.00558,synthetic_seed
ME,2023,white,hisp,m,40-44,,0.00725,synthetic_seed
ME,2023,white,hisp,m,45-49,,0.00336,synthetic_seed
ME,2023,white,hisp,m,50-54,,0.00318,synthetic_seed
ME,2023,white,hisp,m,55-59,,0.00132,synthetic_seed
ME,2023,white,hisp,m,60-64,,0.0014,synthetic_seed
ME,2023,white,hisp,m,65-69,,0.00124,synthetic_seed
ME,2023,white,hisp,m,70-74,,0.00122,synthetic_seed
ME,2023,white,hisp,m,75-79,,0.00085,synthetic_seed
ME,2023,white,hisp,m,80-84,,0.00119,synthetic_seed
ME,2023,white,hisp,m,85+,,0.00123,synthetic_seed
ME,2023,white,hisp,f,0-4,,0.00114,synthetic_seed
ME,2023,white,hisp,f,5-9,,0.00103,synthetic_seed
ME,2023,white,hisp,f,10-14,,0.00128,synthetic_seed
ME,2023,white,hisp,f,15-19,,0.00303,synthetic_seed
ME,2023,white,hisp,f,20-24,,0.00584,synthetic_seed
ME,2023,white,hisp,f,25-29,,0.0053,synthetic_seed
ME,2023,white,hisp,f,30-34,,0.00532,synthetic_seed
ME,2023,white,hisp,f,35-39,,0.00615,synthetic_seed
ME,2023,white,hisp,f,40-44,,0.00366,synthetic_seed
ME,2023,white,hisp,f,45-49,,0.0027,synthetic_seed
ME,2023,white,hisp,f,50-54,,0.00311,synthetic_seed
ME,2023,white,hisp,f,55-59,,0.00118,synthetic_seed
ME,2023,white,hisp,f,60-64,,0.00127,synthetic_seed
ME,2023,white,hisp,f,65-69,,0.0013,synthetic_seed
ME,2023,white,hisp,f,70-74,,0.00146,synthetic_seed
ME,2023,white,hisp,f,75-79,,0.00123,synthetic_seed
ME,2023,white,hisp,f,80-84,,0.00128,synthetic_seed
ME,2023,white,hisp,f,85+,,0.00122,synthetic_seed
ME,2023,black,non-hisp,m,0-4,,0.00123,synthetic_seed
ME,2023,black,non-hisp,m,5-9,,0.00099,synthetic_seed
ME,2023,black,non-hisp,m,10-14,,0.00098,synthetic_seed
ME,2023,black,non-hisp,m,15-19,,0.00281,synthetic_seed
ME,2023,black,non-hisp,m,20-24,,0.00509,synthetic_seed
ME,2023,black,non-hisp,m,25-29,,0.00729,synthetic_seed
ME,2023,black,non-hisp,m,30-34,,0.0044,synthetic_seed
ME,2023,black,non-hisp,m,35-39,,0.00622,synthetic_seed
ME,2023,black,non-hisp,m,40-44,,0.00503,synthetic_seed
ME,2023,black,non-hisp,m,45-49,,0.00336,synthetic_seed
ME,2023,black,non-hisp,m,50-54,,0.00335,synthetic_seed
ME,2023,black,non-hisp,m,55-59,,0.00122,synthetic_seed
ME,2023,black,non-hisp,m,60-64,,0.00151,synthetic_seed
ME,2023,black,non-hisp,m,65-69,,0.00106,synthetic_seed
ME,2023,black,non-hisp,m,70-74,,0.00115,synthetic_seed
ME,2023,black,non-hisp,m,75-79,,0.00127,synthetic_seed
ME,2023,black,non-hisp,m,80-84,,0.00126,synthetic_seed
ME,2023,black,non-hisp,m,85+,,0.00114,synthetic_seed
ME,2023,black,non-hisp,f,0-4,,0.00146,synthetic_seed
ME,2023,black,non-hisp,f,5-9,,0.00103,synthetic_seed
ME,2023,black,non-hisp,f,10-14,,0.00108,synthetic_seed
ME,2023,black,non-hisp,f,15-19,,0.00279,synthetic_seed
ME,2023,black,non-hisp,f,20-24,,0.007,synthetic_seed
ME,2023,black,non-hisp,f,25-29,,0.00806,synthetic_seed
ME,2023,black,non-hisp,f,30-34,,0.00732,synthetic_seed
ME,2023,black,non-hisp,f,35-39,,0.0055,synthetic_seed
ME,2023,black,non-hisp,f,40-44,,0.00586,synthetic_seed
ME,2023,black,non-hisp,f,45-49,,0.00308,synthetic_seed
ME,2023,black,non-hisp,f,50-54,,0.00382,synthetic_seed
ME,2023,black,non-hisp,f,55-59,,0.00107,synthetic_seed
ME,2023,black,non-hisp,f,60-64,,0.0013,synthetic_seed
ME,2023,black,non-hisp,f,65-69,,0.00117,synthetic_seed
ME,2023,black,non-hisp,f,70-74,,0.00139,synthetic_seed
ME,2023,black,non-hisp,f,75-79,,0.00118,synthetic_seed
ME,2023,black,non-hisp,f,80-84,,0.00137,synthetic_seed
ME,2023,black,non-hisp,f,85+,,0.00128,synthetic_seed
ME,2023,black,hisp,m,0-4,,0.00099,synthetic_seed
ME,2023,black,hisp,m,5-9,,0.00092,synthetic_seed
ME,2023,black,hisp,m,10-14,,0.00138,synthetic_seed
ME,2023,black,hisp,m,15-19,,0.00321,synthetic_seed
ME,2023,black,hisp,m,20-24,,0.00589,synthetic_seed
ME,2023,black,hisp,m,25-29,,0.00478,synthetic_seed
ME,2023,black,hisp,m,30-34,,0.00526,synthetic_seed
ME,2023,black,hisp,m,35-39,,0.00475,synthetic_seed
ME,2023,black,hisp,m,40-44,,0.006,synthetic_seed
ME,2023,black,hisp,m,45-49,,0.00293,synthetic_seed
ME,2023,black,hisp,m,50-54,,0.00257,synthetic_seed
ME,2023,black,hisp,m,55-59,,0.00104,synthetic_seed
ME,2023,black,hisp,m,60-64,,0.00115,synthetic_seed
ME,2023,black,hisp,m,65-69,,0.00109,synthetic_seed
ME,2023,black,hisp,m,70-74,,0.00112,synthetic_seed
ME,2023,black,hisp,m,75-79,,0.00113,synthetic_seed
ME,2023,black,hisp,m,80-84,,0.00088,synthetic_seed
ME,2023,black,hisp,m,85+,,0.00127,synthetic_seed
ME,2023,black,hisp,f,0-4,,0.00139,synthetic_seed
ME,2023,black,hisp,f,5-9,,0.00131,synthetic_seed
ME,2023,black,hisp,f,10-14,,0.00105,synthetic_seed
ME,2023,black,hisp,f,15-19,,0.00369,synthetic_seed
ME,2023,black,hisp,f,20-24,,0.00595,synthetic_seed
ME,2023,black,hisp,f,25-29,,0.00573,synthetic_seed
ME,2023,black,hisp,f,30-34,,0.00734,synthetic_seed
ME,2023,black,hisp,f,35-39,,0.00681,synthetic_seed
ME,2023,black,hisp,f,40-44,,0.00593,synthetic_seed
ME,2023,black,hisp,f,45-49,,0.00405,synthetic_seed
ME,2023,black,hisp,f,50-54,,0.00318,synthetic_seed
ME,2023,black,hisp,f,55-59,,0.00123,synthetic_seed
ME,2023,black,hisp,f,60-64,,0.00093,synthetic_seed
ME,2023,black,hisp,f,65-69,,0.00132,synthetic_seed
ME,2023,black,hisp,f,70-74,,0.00097,synthetic_seed
ME,2023,black,hisp,f,75-79,,0.00145,synthetic_seed
ME,2023,black,hisp,f,80-84,,0.00091,synthetic_seed
ME,2023,black,hisp,f,85+,,0.001,synthetic_seed
ME,2023,asian,non-hisp,m,0-4,,0.00125,synthetic_seed
ME,2023,asian,non-hisp,m,5-9,,0.00117,synthetic_seed
ME,2023,asian,non-hisp,m,10-14,,0.00129,synthetic_seed
ME,2023,asian,non-hisp,m,15-19,,0.0029,synthetic_seed
ME,2023,asian,non-hisp,m,20-24,,0.00754,synthetic_seed
ME,2023,asian,non-hisp,m,25-29,,0.00705,synthetic_seed
ME,2023,asian,non-hisp,m,30-34,,0.0063,synthetic_seed
ME,2023,asian,non-hisp,m,35-39,,0.00629,synthetic_seed
ME,2023,asian,non-hisp,m,40-44,,0.00511,synthetic_seed
ME,2023,asian,non-hisp,m,45-49,,0.00344,synthetic_seed
ME,2023,asian,non-hisp,m,50-54,,0.00325,synthetic_seed
ME,2023,asian,non-hisp,m,55-59,,0.00141,synthetic_seed
ME,2023,asian,non-hisp,m,60-64,,0.0011,synthetic_seed
ME,2023,asian,non-hisp,m,65-69,,0.00129,synthetic_seed
ME,2023,asian,non-hisp,m,70-74,,0.00108,synthetic_seed
ME,2023,asian,non-hisp,m,75-79,,0.00113,synthetic_seed
ME,2023,asian,non-hisp,m,80-84,,0.0011,synthetic_seed
ME,2023,asian,non-hisp,m,85+,,0.00081,synthetic_seed
ME,2023,asian,non-hisp,f,0-4,,0.00157,synthetic_seed
ME,2023,asian,non-hisp,f,5-9,,0.0011,synthetic_seed
ME,2023,asian,non-hisp,f,10-14,,0.00132,synthetic_seed
ME,2023,asian,non-hisp,f,15-19,,0.00375,synthetic_seed
ME,2023,asian,non-hisp,f,20-24,,0.00646,synthetic_seed
ME,2023,asian,non-hisp,f,25-29,,0.0072,synthetic_seed
ME,2023,asian,non-hisp,f,30-34,,0.00723,synthetic_seed
ME,2023,asian,non-hisp,f,35-39,,0.00423,synthetic_seed
ME,2023,asian,non-hisp,f,40-44,,0.00491,synthetic_seed
ME,2023,asian,non-hisp,f,45-49,,0.00325,synthetic_seed
ME,2023,asian,non-hisp,f,50-54,,0.00282,synthetic_seed
ME,2023,asian,non-hisp,f,55-59,,0.00114,synthetic_seed
ME,2023,asian,non-hisp,f,60-64,,0.00126,synthetic_seed
ME,2023,asian,non-hisp,f,65-69,,0.00113,synthetic_seed
ME,2023,asian,non-hisp,f,70-74,,0.00077,synthetic_seed
ME,2023,asian,non-hisp,f,75-79,,0.00132,synthetic_seed
ME,2023,asian,non-hisp,f,80-84,,0.00114,synthetic_seed
ME,2023,asian,non-hisp,f,85+,,0.00116,synthetic_seed
ME,2023,asian,hisp,m,0-4,,0.00115,synthetic_seed
ME,2023,asian,hisp,m,5-9,,0.00128,synthetic_seed
ME,2023,asian,hisp,m,10-14,,0.00105,synthetic_seed
ME,2023,asian,hisp,m,15-19,,0.00246,synthetic_seed
ME,2023,asian,hisp,m,20-24,,0.00539,synthetic_seed
ME,2023,asian,hisp,m,25-29,,0.00679,synthetic_seed
ME,2023,asian,hisp,m,30-34,,0.00513,synthetic_seed
ME,2023,asian,hisp,m,35-39,,0.00555,synthetic_seed
ME,2023,asian,hisp,m,40-44,,0.00541,synthetic_seed
ME,2023,asian,hisp,m,45-49,,0.00307,synthetic_seed
ME,2023,asian,hisp,m,50-54,,0.00235,synthetic_seed
ME,2023,asian,hisp,m,55-59,,0.00121,synthetic_seed
ME,2023,asian,hisp,m,60-64,,0.00105,synthetic_seed
ME,2023,asian,hisp,m,65-69,,0.00113,synthetic_seed
ME,2023,asian,hisp,m,70-74,,0.00121,synthetic_seed
ME,2023,asian,hisp,m,75-79,,0.00104,synthetic_seed
ME,2023,asian,hisp,m,80-84,,0.00115,synthetic_seed
ME,2023,asian,hisp,m,85+,,0.00128,synthetic_seed
ME,2023,asian,hisp,f,0-4,,0.00125,synthetic_seed
ME,2023,asian,hisp,f,5-9,,0.00117,synthetic_seed
ME,2023,asian,hisp,f,10-14,,0.00127,synthetic_seed
ME,2023,asian,hisp,f,15-19,,0.0028,synthetic_seed
ME,2023,asian,hisp,f,20-24,,0.00424,synthetic_seed
ME,2023,asian,hisp,f,25-29,,0.00746,synthetic_seed
ME,2023,asian,hisp,f,30-34,,0.00536,synthetic_seed
ME,2023,asian,hisp,f,35-39,,0.00672,synthetic_seed
ME,2023,asian,hisp,f,40-44,,0.00697,synthetic_seed
ME,2023,asian,hisp,f,45-49,,0.00276,synthetic_seed
ME,2023,asian,hisp,f,50-54,,0.00266,synthetic_seed
ME,2023,asian,hisp,f,55-59,,0.00123,synthetic_seed
ME,2023,asian,hisp,f,60-64,,0.00112,synthetic_seed
ME,2023,asian,hisp,f,65-69,,0.00119,synthetic_seed
ME,2023,asian,hisp,f,70-74,,0.00123,synthetic_seed
ME,2023,asian,hisp,f,75-79,,0.00103,synthetic_seed
ME,2023,asian,hisp,f,80-84,,0.00101,synthetic_seed
ME,2023,asian,hisp,f,85+,,0.00102,synthetic_seed
ME,2023,other,non-hisp,m,0-4,,0.0015,synthetic_seed
ME,2023,other,non-hisp,m,5-9,,0.00152,synthetic_seed
ME,2023,other,non-hisp,m,10-14,,0.00106,synthetic_seed
ME,2023,other,non-hisp,m,15-19,,0.00324,synthetic_seed
ME,2023,other,non-hisp,m,20-24,,0.00737,synthetic_seed
ME,2023,other,non-hisp,m,25-29,,0.00501,synthetic_seed
ME,2023,other,non-hisp,m,30-34,,0.00537,synthetic_seed
ME,2023,other,non-hisp,m,35-39,,0.0064,synthetic_seed
ME,2023,other,non-hisp,m,40-44,,0.00464,synthetic_seed
ME,2023,other,non-hisp,m,45-49,,0.00263,synthetic_seed
ME,2023,other,non-hisp,m,50-54,,0.00222,synthetic_seed
ME,2023,other,non-hisp,m,55-59,,0.00113,synthetic_seed
ME,2023,other,non-hisp,m,60-64,,0.00126,synthetic_seed
ME,2023,other,non-hisp,m,65-69,,0.00108,synthetic_seed
ME,2023,other,non-hisp,m,70-74,,0.00137,synthetic_seed
ME,2023,other,non-hisp,m,75-79,,0.00093,synthetic_seed
ME,2023,other,non-hisp,m,80-84,,0.0012,synthetic_seed
ME,2023,other,non-hisp,m,85+,,0.00117,synthetic_seed
ME,2023,other,non-hisp,f,0-4,,0.00154,synthetic_seed
ME,2023,other,non-hisp,f,5-9,,0.00134,synthetic_seed
ME,2023,other,non-hisp,f,10-14,,0.00137,synthetic_seed
ME,2023,other,non-hisp,f,15-19,,0.00298,synthetic_seed
ME,2023,other,non-hisp,f,20-24,,0.0049,synthetic_seed
ME,2023,other,non-hisp,f,25-29,,0.00652,synthetic_seed
ME,2023,other,non-hisp,f,30-34,,0.0063,synthetic_seed
ME,2023,other,non-hisp,f,35-39,,0.00522,synthetic_seed
ME,2023,other,non-hisp,f,40-44,,0.00509,synthetic_seed
ME,2023,other,non-hisp,f,45-49,,0.00289,synthetic_seed
ME,2023,other,non-hisp,f,50-54,,0.00279,synthetic_seed
ME,2023,other,non-hisp,f,55-59,,0.00113,synthetic_seed
ME,2023,other,non-hisp,f,60-64,,0.00129,synthetic_seed
ME,2023,other,non-hisp,f,65-69,,0.00096,synthetic_seed
ME,2023,other,non-hisp,f,70-74,,0.00104,synthetic_seed
ME,2023,other,non-hisp,f,75-79,,0.00093,synthetic_seed
ME,2023,other,non-hisp,f,80-84,,0.00115,synthetic_seed
ME,2023,other,non-hisp,f,85+,,0.00107,synthetic_seed
ME,2023,other,hisp,m,0-4,,0.00104,synthetic_seed
ME,2023,other,hisp,m,5-9,,0.00141,synthetic_seed
ME,2023,other,hisp,m,10-14,,0.0011,synthetic_seed
ME,2023,other,hisp,m,15-19,,0.00356,synthetic_seed
ME,2023,other,hisp,m,20-24,,0.00621,synthetic_seed
ME,2023,other,hisp,m,25-29,,0.00601,synthetic_seed
ME,2023,other,hisp,m,30-34,,0.00688,synthetic_seed
ME,2023,other,hisp,m,35-39,,0.00589,synthetic_seed
ME,2023,other,hisp,m,40-44,,0.00511,synthetic_seed
ME,2023,other,hisp,m,45-49,,0.00265,synthetic_seed
ME,2023,other,hisp,m,50-54,,0.00272,synthetic_seed
ME,2023,other,hisp,m,55-59,,0.00124,synthetic_seed
ME,2023,other,hisp,m,60-64,,0.00129,synthetic_seed
ME,2023,other,hisp,m,65-69,,0.00123,synthetic_seed
ME,2023,other,hisp,m,70-74,,0.00117,synthetic_seed
ME,2023,other,hisp,m,75-79,,0.0013,synthetic_seed
ME,2023,other,hisp,m,80-84,,0.00112,synthetic_seed
ME,2023,other,hisp,m,85+,,0.00109,synthetic_seed
ME,2023,other,hisp,f,0-4,,0.0012,synthetic_seed
ME,2023,other,hisp,f,5-9,,0.00144,synthetic_seed
ME,2023,other,hisp,f,10-14,,0.0014,synthetic_seed
ME,2023,other,hisp,f,15-19,,0.00217,synthetic_seed
ME,2023,other,hisp,f,20-24,,0.0067,synthetic_seed
ME,2023,other,hisp,f,25-29,,0.00655,synthetic_seed
ME,2023,other,hisp,f,30-34,,0.00559,synthetic_seed
ME,2023,other,hisp,f,35-39,,0.00767,synthetic_seed
ME,2023,other,hisp,f,40-44,,0.00589,synthetic_seed
ME,2023,other,hisp,f,45-49,,0.00255,synthetic_seed
ME,2023,other,hisp,f,50-54,,0.00329,synthetic_seed
ME,2023,other,hisp,f,55-59,,0.00114,synthetic_seed
ME,2023,other,hisp,f,60-64,,0.00126,synthetic_seed
ME,2023,other,hisp,f,65-69,,0.0013,synthetic_seed
ME,2023,other,hisp,f,70-74,,0.00129,synthetic_seed
ME,2023,other,hisp,f,75-79,,0.0015,synthetic_seed
ME,2023,other,hisp,f,80-84,,0.00114,synthetic_seed
ME,2023,other,hisp,f,85+,,0.00153,synthetic_seed
MD,2023,white,non-hisp,m,0-4,,0.00319,synthetic_seed
MD,2023,white,non-hisp,m,5-9,,0.00279,synthetic_seed
MD,2023,white,non-hisp,m,10-14,,0.0026,synthetic_seed
MD,2023,white,non-hisp,m,15-19,,0.00514,synthetic_seed
MD,2023,white,non-hisp,m,20-24,,0.00931,synthetic_seed
MD,2023,white,non-hisp,m,25-29,,0.01159,synthetic_seed
MD,2023,white,non-hisp,m,30-34,,0.01419,synthetic_seed
MD,2023,white,non-hisp,m,35-39,,0.01254,synthetic_seed
MD,2023,white,non-hisp,m,40-44,,0.01525,synthetic_seed
MD,2023,white,non-hisp,m,45-49,,0.00479,synthetic_seed
MD,2023,white,non-hisp,m,50-54,,0.00658,synthetic_seed
MD,2023,white,non-hisp,m,55-59,,0.00316,synthetic_seed
MD,2023,white,non-hisp,m,60-64,,0.00187,synthetic_seed
MD,2023,white,non-hisp,m,65-69,,0.0025,synthetic_seed
MD,2023,white,non-hisp,m,70-74,,0.00261,synthetic_seed
MD,2023,white,non-hisp,m,75-79,,0.00249,synthetic_seed
MD,2023,white,non-hisp,m,80-84,,0.00172,synthetic_seed
MD,2023,white,non-hisp,m,85+,,0.00257,synthetic_seed
MD,2023,white,non-hisp,f,0-4,,0.0026,synthetic_seed
MD,2023,white,non-hisp,f,5-9,,0.00183,synthetic_seed
MD,2023,white,non-hisp,f,10-14,,0.00205,synthetic_seed
MD,2023,white,non-hisp,f,15-19,,0.00651,synthetic_seed
MD,2023,white,non-hisp,f,20-24,,0.01043,synthetic_seed
MD,2023,white,non-hisp,f,25-29,,0.00913,synthetic_seed
MD,2023,white,non-hisp,f,30-34,,0.00927,synthetic_seed
MD,2023,white,non-hisp,f,35-39,,0.00997,synthetic_seed
MD,2023,white,non-hisp,f,40-44,,0.01152,synthetic_seed
MD,2023,white,non-hisp,f,45-49,,0.00564,synthetic_seed
MD,2023,white,non-hisp,f,50-54,,0.00583,synthetic_seed
MD,2023,white,non-hisp,f,55-59,,0.00318,synthetic_seed
MD,2023,white,non-hisp,f,60-64,,0.0024,synthetic_seed
MD,2023,white,non-hisp,f,65-69,,0.00191,synthetic_seed
MD,2023,white,non-hisp,f,70-74,,0.00193,synthetic_seed
MD,2023,white,non-hisp,f,75-79,,0.00253,synthetic_seed
MD,2023,white,non-hisp,f,80-84,,0.00251,synthetic_seed
MD,2023,white,non-hisp,f,85+,,0.00267,synthetic_seed
MD,2023,white,hisp,m,0-4,,0.00187,synthetic_seed
MD,2023,white,hisp,m,5-9,,0.00265,synthetic_seed
MD,2023,white,hisp,m,10-14,,0.00238,synthetic_seed
MD,2023,white,hisp,m,15-19,,0.00705,synthetic_seed
MD,2023,white,hisp,m,20-24,,0.01082,synthetic_seed
MD,2023,white,hisp,m,25-29,,0.01178,synthetic_seed
MD,2023,white,hisp,m,30-34,,0.01175,synthetic_seed
MD,2023,white,hisp,m,35-39,,0.01032,synthetic_seed
MD,2023,white,hisp,m,40-44,,0.01206,synthetic_seed
MD,2023,white,hisp,m,45-49,,0.00605,synthetic_seed
MD,2023,white,hisp,m,50-54,,0.00596,synthetic_seed
MD,2023,white,hisp,m,55-59,,0.00198,synthetic_seed
MD,2023,white,hisp,m,60-64,,0.00243,synthetic_seed
MD,2023,white,hisp,m,65-69,,0.00235,synthetic_seed
MD,2023,white,hisp,m,70-74,,0.00209,synthetic_seed
MD,2023,white,hisp,m,75-79,,0.00239,synthetic_seed
MD,2023,white,hisp,m,80-84,,0.00238,synthetic_seed
MD,2023,white,hisp,m,85+,,0.0019,synthetic_seed
MD,2023,white,hisp,f,0-4,,0.00255,synthetic_seed
MD,2023,white,hisp,f,5-9,,0.00228,synthetic_seed
MD,2023,white,hisp,f,10-14,,0.0023,synthetic_seed
MD,2023,white,hisp,f,15-19,,0.00364,synthetic_seed
MD,2023,white,hisp,f,20-24,,0.01667,synthetic_seed
MD,2023,white,hisp,f,25-29,,0.01668,synthetic_seed
MD,2023,white,hisp,f,30-34,,0.0138,synthetic_seed
MD,2023,white,hisp,f,35-39,,0.01226,synthetic_seed
MD,2023,white,hisp,f,40-44,,0.00837,synthetic_seed
MD,2023,white,hisp,f,45-49,,0.00404,synthetic_seed
MD,2023,white,hisp,f,50-54,,0.00588,synthetic_seed
MD,2023,white,hisp,f,55-59,,0.00229,synthetic_seed
MD,2023,white,hisp,f,60-64,,0.00192,synthetic_seed
MD,2023,white,hisp,f,65-69,,0.00209,synthetic_seed
MD,2023,white,hisp,f,70-74,,0.00325,synthetic_seed
MD,2023,white,hisp,f,75-79,,0.00283,synthetic_seed
MD,2023,white,hisp,f,80-84,,0.00206,synthetic_seed
MD,2023,white,hisp,f,85+,,0.00303,synthetic_seed
MD,2023,black,non-hisp,m,0-4,,0.00312,synthetic_seed
MD,2023,black,non-hisp,m,5-9,,0.00251,synthetic_seed
MD,2023,black,non-hisp,m,10-14,,0.00252,synthetic_seed
MD,2023,black,non-hisp,m,15-19,,0.00658,synthetic_seed
MD,2023,black,non-hisp,m,20-24,,0.01157,synthetic_seed
MD,2023,black,non-hisp,m,25-29,,0.01159,synthetic_seed
MD,2023,black,non-hisp,m,30-34,,0.01469,synthetic_seed
MD,2023,black,non-hisp,m,35-39,,0.01408,synthetic_seed
MD,2023,black,non-hisp,m,40-44,,0.01121,synthetic_seed
MD,2023,black,non-hisp,m,45-49,,0.00604,synthetic_seed
MD,2023,black,non-hisp,m,50-54,,0.00583,synthetic_seed
MD,2023,black,non-hisp,m,55-59,,0.00244,synthetic_seed
MD,2023,black,non-hisp,m,60-64,,0.00265,synthetic_seed
MD,2023,black,non-hisp,m,65-69,,0.00273,synthetic_seed
MD,2023,black,non-hisp,m,70-74,,0.00251,synthetic_seed
MD,2023,black,non-hisp,m,75-79,,0.00229,synthetic_seed
MD,2023,black,non-hisp,m,80-84,,0.00239,synthetic_seed
MD,2023,black,non-hisp,m,85+,,0.00177,synthetic_seed
MD,2023,black,non-hisp,f,0-4,,0.00216,synthetic_seed
MD,2023,black,non-hisp,f,5-9,,0.00214,synthetic_seed
MD,2023,black,non-hisp,f,10-14,,0.00227,synthetic_seed
MD,2023,black,non-hisp,f,15-19,,0.00723,synthetic_seed
MD,2023,black,non-hisp,f,20-24,,0.0114,synthetic_seed
MD,2023,black,non-hisp,f,25-29,,0.00944,synthetic_seed
MD,2023,black,non-hisp,f,30-34,,0.01384,synthetic_seed
MD,2023,black,non-hisp,f,35-39,,0.01007,synthetic_seed
MD,2023,black,non-hisp,f,40-44,,0.01425,synthetic_seed
MD,2023,black,non-hisp,f,45-49,,0.00484,synthetic_seed
MD,2023,black,non-hisp,f,50-54,,0.00659,synthetic_seed
MD,2023,black,non-hisp,f,55-59,,0.00234,synthetic_seed
MD,2023,black,non-hisp,f,60-64,,0.00204,synthetic_seed
MD,2023,black,non-hisp,f,65-69,,0.00257,synthetic_seed
MD,2023,black,non-hisp,f,70-74,,0.00184,synthetic_seed
MD,2023,black,non-hisp,f,75-79,,0.00306,synthetic_seed
MD,2023,black,non-hisp,f,80-84,,0.00294,synthetic_seed
MD,2023,black,non-hisp,f,85+,,0.00229,synthetic_seed
MD,2023,black,hisp,m,0-4,,0.00264,synthetic_seed
MD,2023,black,hisp,m,5-9,,0.00234,synthetic_seed
MD,2023,black,hisp,m,10-14,,0.00262,synthetic_seed
MD,2023,black,hisp,m,15-19,,0.00651,synthetic_seed
MD,2023,black,hisp,m,20-24,,0.00896,synthetic_seed
MD,2023,black,hisp,m,25-29,,0.01035,synthetic_seed
MD,2023,black,hisp,m,30-34,,0.01203,synthetic_seed
MD,2023,black,hisp,m,35-39,,0.01435,synthetic_seed
MD,2023,black,hisp,m,40-44,,0.01028,synthetic_seed
MD,2023,black,hisp,m,45-49,,0.00622,synthetic_seed
MD,2023,black,hisp,m,50-54,,0.00637,synthetic_seed
MD,2023,black,hisp,m,55-59,,0.00226,synthetic_seed
MD,2023,black,hisp,m,60-64,,0.00246,synthetic_seed
MD,2023,black,hisp,m,65-69,,0.00211,synthetic_seed
MD,2023,black,hisp,m,70-74,,0.0028,synthetic_seed
MD,2023,black,hisp,m,75-79,,0.00235,synthetic_seed
MD,2023,black,hisp,m,80-84,,0.00178,synthetic_seed
MD,2023,black,hisp,m,85+,,0.00208,synthetic_seed
MD,2023,black,hisp,f,0-4,,0.00279,synthetic_seed
MD,2023,black,hisp,f,5-9,,0.00262,synthetic_seed
MD,2023,black,hisp,f,10-14,,0.00188,synthetic_seed
MD,2023,black,hisp,f,15-19,,0.00414,synthetic_seed
MD,2023,black,hisp,f,20-24,,0.01097,synthetic_seed
MD,2023,black,hisp,f,25-29,,0.01385,synthetic_seed
MD,2023,black,hisp,f,30-34,,0.01117,synthetic_seed
MD,2023,black,hisp,f,35-39,,0.00953,synthetic_seed
MD,2023,black,hisp,f,40-44,,0.01147,synthetic_seed
MD,2023,black,hisp,f,45-49,,0.00658,synthetic_seed
MD,2023,black,hisp,f,50-54,,0.00571,synthetic_seed
MD,2023,black,hisp,f,55-59,,0.00273,synthetic_seed
MD,2023,black,hisp,f,60-64,,0.00251,synthetic_seed
MD,2023,black,hisp,f,65-69,,0.00226,synthetic_seed
MD,2023,black,hisp,f,70-74,,0.00222,synthetic_seed
MD,2023,black,hisp,f,75-79,,0.00254,synthetic_seed
MD,2023,black,hisp,f,80-84,,0.00231,synthetic_seed
MD,2023,black,hisp,f,85+,,0.00282,synthetic_seed
MD,2023,asian,non-hisp,m,0-4,,0.00242,synthetic_seed
MD,2023,asian,non-hisp,m,5-9,,0.00248,synthetic_seed
MD,2023,asian,non-hisp,m,10-14,,0.00228,synthetic_seed
MD,2023,asian,non-hisp,m,15-19,,0.0066,synthetic_seed
MD,2023,asian,non-hisp,m,20-24,,0.01346,synthetic_seed
MD,2023,asian,non-hisp,m,25-29,,0.01417,synthetic_seed
MD,2023,asian,non-hisp,m,30-34,,0.00957,synthetic_seed
MD,2023,asian,non-hisp,m,35-39,,0.00867,synthetic_seed
MD,2023,asian,non-hisp,m,40-44,,0.01112,synthetic_seed
MD,2023,asian,non-hisp,m,45-49,,0.00425,synthetic_seed
MD,2023,asian,non-hisp,m,50-54,,0.00508,synthetic_seed
MD,2023,asian,non-hisp,m,55-59,,0.00207,synthetic_seed
MD,2023,asian,non-hisp,m,60-64,,0.00336,synthetic_seed
MD,2023,asian,non-hisp,m,65-69,,0.00255,synthetic_seed
MD,2023,asian,non-hisp,m,70-74,,0.00258,synthetic_seed
MD,2023,asian,non-hisp,m,75-79,,0.00243,synthetic_seed
MD,2023,asian,non-hisp,m,80-84,,0.00215,synthetic_seed
MD,2023,asian,non-hisp,m,85+,,0.00253,synthetic_seed
MD,2023,asian,non-hisp,f,0-4,,0.00277,synthetic_seed
MD,2023,asian,non-hisp,f,5-9,,0.00193,synthetic_seed
MD,2023,asian,non-hisp,f,10-14,,0.00232,synthetic_seed
MD,2023,asian,non-hisp,f,15-19,,0.00579,synthetic_seed
MD,2023,asian,non-hisp,f,20-24,,0.01209,synthetic_seed
MD,2023,asian,non-hisp,f,25-29,,0.01163,synthetic_seed
MD,2023,asian,non-hisp,f,30-34,,0.01362,synthetic_seed
MD,2023,asian,non-hisp,f,35-39,,0.01069,synthetic_seed
MD,2023,asian,non-hisp,f,40-44,,0.01064,synthetic_seed
MD,2023,asian,non-hisp,f,45-49,,0.00571,synthetic_seed
MD,2023,asian,non-hisp,f,50-54,,0.00563,synthetic_seed
MD,2023,asian,non-hisp,f,55-59,,0.00167,synthetic_seed
MD,2023,asian,non-hisp,f,60-64,,0.00186,synthetic_seed
MD,2023,asian,non-hisp,f,65-69,,0.00213,synthetic_seed
MD,2023,asian,non-hisp,f,70-74,,0.00169,synthetic_seed
MD,2023,asian,non-hisp,f,75-79,,0.00248,synthetic_seed
MD,2023,asian,non-hisp,f,80-84,,0.00189,synthetic_seed
MD,2023,asian,non-hisp,f,85+,,0.00275,synthetic_seed
MD,2023,asian,hisp,m,0-4,,0.0026,synthetic_seed
MD,2023,asian,hisp,m,5-9,,0.0027,synthetic_seed
MD,2023,asian,hisp,m,10-14,,0.00264,synthetic_seed
MD,2023,asian,hisp,m,15-19,,0.00567,synthetic_seed
MD,2023,asian,hisp,m,20-24,,0.01263,synthetic_seed
MD,2023,asian,hisp,m,25-29,,0.01026,synthetic_seed
MD,2023,asian,hisp,m,30-34,,0.01332,synthetic_seed
MD,2023,asian,hisp,m,35-39,,0.01305,synthetic_seed
MD,2023,asian,hisp,m,40-44,,0.01465,synthetic_seed
MD,2023,asian,hisp,m,45-49,,0.00605,synthetic_seed
MD,2023,asian,hisp,m,50-54,,0.00561,synthetic_seed
MD,2023,asian,hisp,m,55-59,,0.00241,synthetic_seed
MD,2023,asian,hisp,m,60-64,,0.00213,synthetic_seed
MD,2023,asian,hisp,m,65-69,,0.00252,synthetic_seed
MD,2023,asian,hisp,m,70-74,,0.00274,synthetic_seed
MD,2023,asian,hisp,m,75-79,,0.00244,synthetic_seed
MD,2023,asian,hisp,m,80-84,,0.00255,synthetic_seed
MD,2023,asian,hisp,m,85+,,0.00248,synthetic_seed
MD,2023,asian,hisp,f,0-4,,0.003,synthetic_seed
MD,2023,asian,hisp,f,5-9,,0.00203,synthetic_seed
MD,2023,asian,hisp,f,10-14,,0.00214,synthetic_seed
MD,2023,asian,hisp,f,15-19,,0.00647,synthetic_seed
MD,2023,asian,hisp,f,20-24,,0.01272,synthetic_seed
MD,2023,asian,hisp,f,25-29,,0.01582,synthetic_seed
MD,2023,asian,hisp,f,30-34,,0.01285,synthetic_seed
MD,2023,asian,hisp,f,35-39,,0.01182,synthetic_seed
MD,2023,asian,hisp,f,40-44,,0.0114,synthetic_seed
MD,2023,asian,hisp,f,45-49,,0.0053,synthetic_seed
MD,2023,asian,hisp,f,50-54,,0.00534,synthetic_seed
MD,2023,asian,hisp,f,55-59,,0.00239,synthetic_seed
MD,2023,asian,hisp,f,60-64,,0.00251,synthetic_seed
MD,2023,asian,hisp,f,65-69,,0.00265,synthetic_seed
MD,2023,asian,hisp,f,70-74,,0.00278,synthetic_seed
MD,2023,asian,hisp,f,75-79,,0.00199,synthetic_seed
MD,2023,asian,hisp,f,80-84,,0.00242,synthetic_seed
MD,2023,asian,hisp,f,85+,,0.00229,synthetic_seed
MD,2023,other,non-hisp,m,0-4,,0.00168,synthetic_seed
MD,2023,other,non-hisp,m,5-9,,0.00222,synthetic_seed
MD,2023,other,non-hisp,m,10-14,,0.0023,synthetic_seed
MD,2023,other,non-hisp,m,15-19,,0.00813,synthetic_seed
MD,2023,other,non-hisp,m,20-24,,0.0135,synthetic_seed
MD,2023,other,non-hisp,m,25-29,,0.01113,synthetic_seed
MD,2023,other,non-hisp,m,30-34,,0.0123,synthetic_seed
MD,2023,other,non-hisp,m,35-39,,0.00954,synthetic_seed
MD,2023,other,non-hisp,m,40-44,,0.01006,synthetic_seed
MD,2023,other,non-hisp,m,45-49,,0.00624,synthetic_seed
MD,2023,other,non-hisp,m,50-54,,0.00676,synthetic_seed
MD,2023,other,non-hisp,m,55-59,,0.00211,synthetic_seed
MD,2023,other,non-hisp,m,60-64,,0.00244,synthetic_seed
MD,2023,other,non-hisp,m,65-69,,0.00227,synthetic_seed
MD,2023,other,non-hisp,m,70-74,,0.00203,synthetic_seed
MD,2023,other,non-hisp,m,75-79,,0.00184,synthetic_seed
MD,2023,other,non-hisp,m,80-84,,0.00235,synthetic_seed
MD,2023,other,non-hisp,m,85+,,0.00241,synthetic_seed
MD,2023,other,non-hisp,f,0-4,,0.00195,synthetic_seed
MD,2023,other,non-hisp,f,5-9,,0.00175,synthetic_seed
MD,2023,other,non-hisp,f,10-14,,0.00237,synthetic_seed
MD,2023,other,non-hisp,f,15-19,,0.00579,synthetic_seed
MD,2023,other,non-hisp,f,20-24,,0.01113,synthetic_seed
MD,2023,other,non-hisp,f,25-29,,0.01384,synthetic_seed
MD,2023,other,non-hisp,f,30-34,,0.01022,synthetic_seed
MD,2023,other,non-hisp,f,35-39,,0.01277,synthetic_seed
MD,2023,other,non-hisp,f,40-44,,0.01447,synthetic_seed
MD,2023,other,non-hisp,f,45-49,,0.00661,synthetic_seed
MD,2023,other,non-hisp,f,50-54,,0.00574,synthetic_seed
MD,2023,other,non-hisp,f,55-59,,0.00273,synthetic_seed
MD,2023,other,non-hisp,f,60-64,,0.00269,synthetic_seed
MD,2023,other,non-hisp,f,65-69,,0.00282,synthetic_seed
MD,2023,other,non-hisp,f,70-74,,0.00245,synthetic_seed
MD,2023,other,non-hisp,f,75-79,,0.00238,synthetic_seed
MD,2023,other,non-hisp,f,80-84,,0.00234,synthetic_seed
MD,2023,other,non-hisp,f,85+,,0.00302,synthetic_seed
MD,2023,other,hisp,m,0-4,,0.00289,synthetic_seed
MD,2023,other,hisp,m,5-9,,0.00276,synthetic_seed
MD,2023,other,hisp,m,10-14,,0.00202,synthetic_seed
MD,2023,other,hisp,m,15-19,,0.00426,synthetic_seed
MD,2023,other,hisp,m,20-24,,0.01413,synthetic_seed
MD,2023,other,hisp,m,25-29,,0.0125,synthetic_seed
MD,2023,other,hisp,m,30-34,,0.01257,synthetic_seed
MD,2023,other,hisp,m,35-39,,0.01362,synthetic_seed
MD,2023,other,hisp,m,40-44,,0.01116,synthetic_seed
MD,2023,other,hisp,m,45-49,,0.00577,synthetic_seed
MD,2023,other,hisp,m,50-54,,0.00732,synthetic_seed
MD,2023,other,hisp,m,55-59,,0.00207,synthetic_seed
MD,2023,other,hisp,m,60-64,,0.00319,synthetic_seed
MD,2023,other,hisp,m,65-69,,0.00279,synthetic_seed
MD,2023,other,hisp,m,70-74,,0.00279,synthetic_seed
MD,2023,other,hisp,m,75-79,,0.00293,synthetic_seed
MD,2023,other,hisp,m,80-84,,0.00209,synthetic_seed
MD,2023,other,hisp,m,85+,,0.00229,synthetic_seed
MD,2023,other,hisp,f,0-4,,0.00323,synthetic_seed
MD,2023,other,hisp,f,5-9,,0.00228,synthetic_seed
MD,2023,other,hisp,f,10-14,,0.0028,synthetic_seed
MD,2023,other,hisp,f,15-19,,0.00501,synthetic_seed
MD,2023,other,hisp,f,20-24,,0.01108,synthetic_seed
MD,2023,other,hisp,f,25-29,,0.01005,synthetic_seed
MD,2023,other,hisp,f,30-34,,0.01114,synthetic_seed
MD,2023,other,hisp,f,35-39,,0.01318,synthetic_seed
MD,2023,other,hisp,f,40-44,,0.01002,synthetic_seed
MD,2023,other,hisp,f,45-49,,0.00689,synthetic_seed
MD,2023,other,hisp,f,50-54,,0.00538,synthetic_seed
MD,2023,other,hisp,f,55-59,,0.0023,synthetic_seed
MD,2023,other,hisp,f,60-64,,0.00267,synthetic_seed
MD,2023,other,hisp,f,65-69,,0.00245,synthetic_seed
MD,2023,other,hisp,f,70-74,,0.00235,synthetic_seed
MD,2023,other,hisp,f,75-79,,0.00282,synthetic_seed
MD,2023,other,hisp,f,80-84,,0.00284,synthetic_seed
MD,2023,other,hisp,f,85+,,0.00228,synthetic_seed
MA,2023,white,non-hisp,m,0-4,,0.00244,synthetic_seed
MA,2023,white,non-hisp,m,5-9,,0.00237,synthetic_seed
MA,2023,white,non-hisp,m,10-14,,0.00219,synthetic_seed
MA,2023,white,non-hisp,m,15-19,,0.00495,synthetic_seed
MA,2023,white,non-hisp,m,20-24,,0.01356,synthetic_seed
MA,2023,white,non-hisp,m,25-29,,0.00509,synthetic_seed
MA,2023,white,non-hisp,m,30-34,,0.01228,synthetic_seed
MA,2023,white,non-hisp,m,35-39,,0.00826,synthetic_seed
MA,2023,white,non-hisp,m,40-44,,0.01191,synthetic_seed
MA,2023,white,non-hisp,m,45-49,,0.00752,synthetic_seed
MA,2023,white,non-hisp,m,50-54,,0.00587,synthetic_seed
MA,2023,white,non-hisp,m,55-59,,0.00282,synthetic_seed
MA,2023,white,non-hisp,m,60-64,,0.00211,synthetic_seed
MA,2023,white,non-hisp,m,65-69,,0.00206,synthetic_seed
MA,2023,white,non-hisp,m,70-74,,0.00235,synthetic_seed
MA,2023,white,non-hisp,m,75-79,,0.00283,synthetic_seed
MA,2023,white,non-hisp,m,80-84,,0.00229,synthetic_seed
MA,2023,white,non-hisp,m,85+,,0.00168,synthetic_seed
MA,2023,white,non-hisp,f,0-4,,0.00325,synthetic_seed
MA,2023,white,non-hisp,f,5-9,,0.00291,synthetic_seed
MA,2023,white,non-hisp,f,10-14,,0.00258,synthetic_seed
MA,2023,white,non-hisp,f,15-19,,0.00636,synthetic_seed
MA,2023,white,non-hisp,f,20-24,,0.01468,synthetic_seed
MA,2023,white,non-hisp,f,25-29,,0.01264,synthetic_seed
MA,2023,white,non-hisp,f,30-34,,0.01247,synthetic_seed
MA,2023,white,non-hisp,f,35-39,,0.01373,synthetic_seed
MA,2023,white,non-hisp,f,40-44,,0.01126,synthetic_seed
MA,2023,white,non-hisp,f,45-49,,0.00669,synthetic_seed
MA,2023,white,non-hisp,f,50-54,,0.00599,synthetic_seed
MA,2023,white,non-hisp,f,55-59,,0.00187,synthetic_seed
MA,2023,white,non-hisp,f,60-64,,0.0026,synthetic_seed
MA,2023,white,non-hisp,f,65-69,,0.00265,synthetic_seed
MA,2023,white,non-hisp,f,70-74,,0.00257,synthetic_seed
MA,2023,white,non-hisp,f,75-79,,0.00284,synthetic_seed
MA,2023,white,non-hisp,f,80-84,,0.00198,synthetic_seed
MA,2023,white,non-hisp,f,85+,,0.0028,synthetic_seed
MA,2023,white,hisp,m,0-4,,0.00229,synthetic_seed
MA,2023,white,hisp,m,5-9,,0.00311,synthetic_seed
MA,2023,white,hisp,m,10-14,,0.00191,synthetic_seed
MA,2023,white,hisp,m,15-19,,0.00766,synthetic_seed
MA,2023,white,hisp,m,20-24,,0.01175,synthetic_seed
MA,2023,white,hisp,m,25-29,,0.01292,synthetic_seed
MA,2023,white,hisp,m,30-34,,0.01264,synthetic_seed
MA,2023,white,hisp,m,35-39,,0.00926,synthetic_seed
MA,2023,white,hisp,m,40-44,,0.00951,synthetic_seed
MA,2023,white,hisp,m,45-49,,0.00591,synthetic_seed
MA,2023,white,hisp,m,50-54,,0.00718,synthetic_seed
MA,2023,white,hisp,m,55-59,,0.00228,synthetic_seed
MA,2023,white,hisp,m,60-64,,0.00235,synthetic_seed
MA,2023,white,hisp,m,65-69,,0.00208,synthetic_seed
MA,2023,white,hisp,m,70-74,,0.00271,synthetic_seed
MA,2023,white,hisp,m,75-79,,0.00175,synthetic_seed
MA,2023,white,hisp,m,80-84,,0.00251,synthetic_seed
MA,2023,white,hisp,m,85+,,0.00216,synthetic_seed
MA,2023,white,hisp,f,0-4,,0.00222,synthetic_seed
MA,2023,white,hisp,f,5-9,,0.00288,synthetic_seed
MA,2023,white,hisp,f,10-14,,0.00277,synthetic_seed
MA,2023,white,hisp,f,15-19,,0.00516,synthetic_seed
MA,2023,white,hisp,f,20-24,,0.01291,synthetic_seed
MA,2023,white,hisp,f,25-29,,0.01256,synthetic_seed
MA,2023,white,hisp,f,30-34,,0.01153,synthetic_seed
MA,2023,white,hisp,f,35-39,,0.01114,synthetic_seed
MA,2023,white,hisp,f,40-44,,0.01093,synthetic_seed
MA,2023,white,hisp,f,45-49,,0.00681,synthetic_seed
MA,2023,white,hisp,f,50-54,,0.00469,synthetic_seed
MA,2023,white,hisp,f,55-59,,0.00253,synthetic_seed
MA,2023,white,hisp,f,60-64,,0.00231,synthetic_seed
MA,2023,white,hisp,f,65-69,,0.00282,synthetic_seed
MA,2023,white,hisp,f,70-74,,0.00212,synthetic_seed
MA,2023,white,hisp,f,75-79,,0.0025,synthetic_seed
MA,2023,white,hisp,f,80-84,,0.00207,synthetic_seed
MA,2023,white,hisp,f,85+,,0.00231,synthetic_seed
MA,2023,black,non-hisp,m,0-4,,0.00268,synthetic_seed
MA,2023,black,non-hisp,m,5-9,,0.00287,synthetic_seed
MA,2023,black,non-hisp,m,10-14,,0.00271,synthetic_seed
MA,2023,black,non-hisp,m,15-19,,0.00777,synthetic_seed
MA,2023,black,non-hisp,m,20-24,,0.01252,synthetic_seed
MA,2023,black,non-hisp,m,25-29,,0.01252,synthetic_seed
MA,2023,black,non-hisp,m,30-34,,0.01099,synthetic_seed
MA,2023,black,non-hisp,m,35-39,,0.01214,synthetic_seed
MA,2023,black,non-hisp,m,40-44,,0.01474,synthetic_seed
MA,2023,black,non-hisp,m,45-49,,0.00691,synthetic_seed
MA,2023,black,non-hisp,m,50-54,,0.00453,synthetic_seed
MA,2023,black,non-hisp,m,55-59,,0.00188,synthetic_seed
MA,2023,black,non-hisp,m,60-64,,0.00242,synthetic_seed
MA,2023,black,non-hisp,m,65-69,,0.00258,synthetic_seed
MA,2023,black,non-hisp,m,70-74,,0.00196,synthetic_seed
MA,2023,black,non-hisp,m,75-79,,0.00243,synthetic_seed
MA,2023,black,non-hisp,m,80-84,,0.00227,synthetic_seed
MA,2023,black,non-hisp,m,85+,,0.00295,synthetic_seed
MA,2023,black,non-hisp,f,0-4,,0.00241,synthetic_seed
MA,2023,black,non-hisp,f,5-9,,0.0028,synthetic_seed
MA,2023,black,non-hisp,f,10-14,,0.00247,synthetic_seed
MA,2023,black,non-hisp,f,15-19,,0.00801,synthetic_seed
MA,2023,black,non-hisp,f,20-24,,0.01102,synthetic_seed
MA,2023,black,non-hisp,f,25-29,,0.00799,synthetic_seed
MA,2023,black,non-hisp,f,30-34,,0.01494,synthetic_seed
MA,2023,black,non-hisp,f,35-39,,0.01315,synthetic_seed
MA,2023,black,non-hisp,f,40-44,,0.0098,synthetic_seed
MA,2023,black,non-hisp,f,45-49,,0.00565,synthetic_seed
MA,2023,black,non-hisp,f,50-54,,0.00685,synthetic_seed
MA,2023,black,non-hisp,f,55-59,,0.00189,synthetic_seed
MA,2023,black,non-hisp,f,60-64,,0.00246,synthetic_seed
MA,2023,black,non-hisp,f,65-69,,0.00259,synthetic_seed
MA,2023,black,non-hisp,f,70-74,,0.00257,synthetic_seed
MA,2023,black,non-hisp,f,75-79,,0.00224,synthetic_seed
MA,2023,black,non-hisp,f,80-84,,0.0028,synthetic_seed
MA,2023,black,non-hisp,f,85+,,0.00213,synthetic_seed
MA,2023,black,hisp,m,0-4,,0.0019,synthetic_seed
MA,2023,black,hisp,m,5-9,,0.00248,synthetic_seed
MA,2023,black,hisp,m,10-14,,0.00164,synthetic_seed
MA,2023,black,hisp,m,15-19,,0.00601,synthetic_seed
MA,2023,black,hisp,m,20-24,,0.01227,synthetic_seed
MA,2023,black,hisp,m,25-29,,0.0105,synthetic_seed
MA,2023,black,hisp,m,30-34,,0.0074,synthetic_seed
MA,2023,black,hisp,m,35-39,,0.01212,synthetic_seed
MA,2023,black,hisp,m,40-44,,0.01175,synthetic_seed
MA,2023,black,hisp,m,45-49,,0.00468,synthetic_seed
MA,2023,black,hisp,m,50-54,,0.00594,synthetic_seed
MA,2023,black,hisp,m,55-59,,0.00231,synthetic_seed
MA,2023,black,hisp,m,60-64,,0.00186,synthetic_seed
MA,2023,black,hisp,m,65-69,,0.00304,synthetic_seed
MA,2023,black,hisp,m,70-74,,0.00278,synthetic_seed
MA,2023,black,hisp,m,75-79,,0.00216,synthetic_seed
MA,2023,black,hisp,m,80-84,,0.00226,synthetic_seed
MA,2023,black,hisp,m,85+,,0.00184,synthetic_seed
MA,2023,black,hisp,f,0-4,,0.00201,synthetic_seed
MA,2023,black,hisp,f,5-9,,0.00261,synthetic_seed
MA,2023,black,hisp,f,10-14,,0.00231,synthetic_seed
MA,2023,black,hisp,f,15-19,,0.00647,synthetic_seed
MA,2023,black,hisp,f,20-24,,0.01342,synthetic_seed
MA,2023,black,hisp,f,25-29,,0.01343,synthetic_seed
MA,2023,black,hisp,f,30-34,,0.01407,synthetic_seed
MA,2023,black,hisp,f,35-39,,0.01239,synthetic_seed
MA,2023,black,hisp,f,40-44,,0.00993,synthetic_seed
MA,2023,black,hisp,f,45-49,,0.00597,synthetic_seed
MA,2023,black,hisp,f,50-54,,0.00462,synthetic_seed
MA,2023,black,hisp,f,55-59,,0.00253,synthetic_seed
MA,2023,black,hisp,f,60-64,,0.00269,synthetic_seed
MA,2023,black,hisp,f,65-69,,0.00214,synthetic_seed
MA,2023,black,hisp,f,70-74,,0.0026,synthetic_seed
MA,2023,black,hisp,f,75-79,,0.00198,synthetic_seed
MA,2023,black,hisp,f,80-84,,0.00248,synthetic_seed
MA,2023,black,hisp,f,85+,,0.00274,synthetic_seed
MA,2023,asian,non-hisp,m,0-4,,0.00254,synthetic_seed
MA,2023,asian,non-hisp,m,5-9,,0.00253,synthetic_seed
MA,2023,asian,non-hisp,m,10-14,,0.00279,synthetic_seed
MA,2023,asian,non-hisp,m,15-19,,0.00559,synthetic_seed
MA,2023,asian,non-hisp,m,20-24,,0.01238,synthetic_seed
MA,2023,asian,non-hisp,m,25-29,,0.01159,synthetic_seed
MA,2023,asian,non-hisp,m,30-34,,0.01152,synthetic_seed
MA,2023,asian,non-hisp,m,35-39,,0.01314,synthetic_seed
MA,2023,asian,non-hisp,m,40-44,,0.01461,synthetic_seed
MA,2023,asian,non-hisp,m,45-49,,0.00487,synthetic_seed
MA,2023,asian,non-hisp,m,50-54,,0.00636,synthetic_seed
MA,2023,asian,non-hisp,m,55-59,,0.00213,synthetic_seed
MA,2023,asian,non-hisp,m,60-64,,0.00191,synthetic_seed
MA,2023,asian,non-hisp,m,65-69,,0.00251,synthetic_seed
MA,2023,asian,non-hisp,m,70-74,,0.00296,synthetic_seed
MA,2023,asian,non-hisp,m,75-79,,0.00205,synthetic_seed
MA,2023,asian,non-hisp,m,80-84,,0.00203,synthetic_seed
MA,2023,asian,non-hisp,m,85+,,0.00327,synthetic_seed
MA,2023,asian,non-hisp,f,0-4,,0.00235,synthetic_seed
MA,2023,asian,non-hisp,f,5-9,,0.00193,synthetic_seed
MA,2023,asian,non-hisp,f,10-14,,0.00232,synthetic_seed
MA,2023,asian,non-hisp,f,15-19,,0.00561,synthetic_seed
MA,2023,asian,non-hisp,f,20-24,,0.01535,synthetic_seed
MA,2023,asian,non-hisp,f,25-29,,0.01285,synthetic_seed
MA,2023,asian,non-hisp,f,30-34,,0.01335,synthetic_seed
MA,2023,asian,non-hisp,f,35-39,,0.01219,synthetic_seed
MA,2023,asian,non-hisp,f,40-44,,0.01422,synthetic_seed
MA,2023,asian,non-hisp,f,45-49,,0.00574,synthetic_seed
MA,2023,asian,non-hisp,f,50-54,,0.00688,synthetic_seed
MA,2023,asian,non-hisp,f,55-59,,0.00282,synthetic_seed
MA,2023,asian,non-hisp,f,60-64,,0.00262,synthetic_seed
MA,2023,asian,non-hisp,f,65-69,,0.0022,synthetic_seed
MA,2023,asian,non-hisp,f,70-74,,0.00205,synthetic_seed
MA,2023,asian,non-hisp,f,75-79,,0.0027,synthetic_seed
MA,2023,asian,non-hisp,f,80-84,,0.00255,synthetic_seed
MA,2023,asian,non-hisp,f,85+,,0.00184,synthetic_seed
MA,2023,asian,hisp,m,0-4,,0.00233,synthetic_seed
MA,2023,asian,hisp,m,5-9,,0.00239,synthetic_seed
MA,2023,asian,hisp,m,10-14,,0.00216,synthetic_seed
MA,2023,asian,hisp,m,15-19,,0.00626,synthetic_seed
MA,2023,asian,hisp,m,20-24,,0.01268,synthetic_seed
MA,2023,asian,hisp,m,25-29,,0.00917,synthetic_seed
MA,2023,asian,hisp,m,30-34,,0.0127,synthetic_seed
MA,2023,asian,hisp,m,35-39,,0.00961,synthetic_seed
MA,2023,asian,hisp,m,40-44,,0.01225,synthetic_seed
MA,2023,asian,hisp,m,45-49,,0.00699,synthetic_seed
MA,2023,asian,hisp,m,50-54,,0.00569,synthetic_seed
MA,2023,asian,hisp,m,55-59,,0.00276,synthetic_seed
MA,2023,asian,hisp,m,60-64,,0.00202,synthetic_seed
MA,2023,asian,hisp,m,65-69,,0.00245,synthetic_seed
MA,2023,asian,hisp,m,70-74,,0.0024,synthetic_seed
MA,2023,asian,hisp,m,75-79,,0.00254,synthetic_seed
MA,2023,asian,hisp,m,80-84,,0.00283,synthetic_seed
MA,2023,asian,hisp,m,85+,,0.0026,synthetic_seed
MA,2023,asian,hisp,f,0-4,,0.00262,synthetic_seed
MA,2023,asian,hisp,f,5-9,,0.0025,synthetic_seed
MA,2023,asian,hisp,f,10-14,,0.00209,synthetic_seed
MA,2023,asian,hisp,f,15-19,,0.00572,synthetic_seed
MA,2023,asian,hisp,f,20-24,,0.0128,synthetic_seed
MA,2023,asian,hisp,f,25-29,,0.01395,synthetic_seed
MA,2023,asian,hisp,f,30-34,,0.00837,synthetic_seed
MA,2023,asian,hisp,f,35-39,,0.01142,synthetic_seed
MA,2023,asian,hisp,f,40-44,,0.01293,synthetic_seed
MA,2023,asian,hisp,f,45-49,,0.00655,synthetic_seed
MA,2023,asian,hisp,f,50-54,,0.00696,synthetic_seed
MA,2023,asian,hisp,f,55-59,,0.00217,synthetic_seed
MA,2023,asian,hisp,f,60-64,,0.0022,synthetic_seed
MA,2023,asian,hisp,f,65-69,,0.00211,synthetic_seed
MA,2023,asian,hisp,f,70-74,,0.00216,synthetic_seed
MA,2023,asian,hisp,f,75-79,,0.0023,synthetic_seed
MA,2023,asian,hisp,f,80-84,,0.00296,synthetic_seed
MA,2023,asian,hisp,f,85+,,0.00236,synthetic_seed
MA,2023,other,non-hisp,m,0-4,,0.00242,synthetic_seed
MA,2023,other,non-hisp,m,5-9,,0.00259,synthetic_seed
MA,2023,other,non-hisp,m,10-14,,0.00258,synthetic_seed
MA,2023,other,non-hisp,m,15-19,,0.00581,synthetic_seed
MA,2023,other,non-hisp,m,20-24,,0.00892,synthetic_seed
MA,2023,other,non-hisp,m,25-29,,0.01271,synthetic_seed
MA,2023,other,non-hisp,m,30-34,,0.01335,synthetic_seed
MA,2023,other,non-hisp,m,35-39,,0.01214,synthetic_seed
MA,2023,other,non-hisp,m,40-44,,0.01411,synthetic_seed
MA,2023,other,non-hisp,m,45-49,,0.007,synthetic_seed
MA,2023,other,non-hisp,m,50-54,,0.00734,synthetic_seed
MA,2023,other,non-hisp,m,55-59,,0.00246,synthetic_seed
MA,2023,other,non-hisp,m,60-64,,0.00204,synthetic_seed
MA,2023,other,non-hisp,m,65-69,,0.00164,synthetic_seed
MA,2023,other,non-hisp,m,70-74,,0.00266,synthetic_seed
MA,2023,other,non-hisp,m,75-79,,0.00256,synthetic_seed
MA,2023,other,non-hisp,m,80-84,,0.00276,synthetic_seed
MA,2023,other,non-hisp,m,85+,,0.00225,synthetic_seed
MA,2023,other,non-hisp,f,0-4,,0.00219,synthetic_seed
MA,2023,other,non-hisp,f,5-9,,0.00245,synthetic_seed
MA,2023,other,non-hisp,f,10-14,,0.00193,synthetic_seed
MA,2023,other,non-hisp,f,15-19,,0.00556,synthetic_seed
MA,2023,other,non-hisp,f,20-24,,0.01396,synthetic_seed
MA,2023,other,non-hisp,f,25-29,,0.00909,synthetic_seed
MA,2023,other,non-hisp,f,30-34,,0.01235,synthetic_seed
MA,2023,other,non-hisp,f,35-39,,0.00972,synthetic_seed
MA,2023,other,non-hisp,f,40-44,,0.01259,synthetic_seed
MA,2023,other,non-hisp,f,45-49,,0.00638,synthetic_seed
MA,2023,other,non-hisp,f,50-54,,0.00739,synthetic_seed
MA,2023,other,non-hisp,f,55-59,,0.00282,synthetic_seed
MA,2023,other,non-hisp,f,60-64,,0.00257,synthetic_seed
MA,2023,other,non-hisp,f,65-69,,0.00236,synthetic_seed
MA,2023,other,non-hisp,f,70-74,,0.00288,synthetic_seed
MA,2023,other,non-hisp,f,75-79,,0.00297,synthetic_seed
MA,2023,other,non-hisp,f,80-84,,0.00128,synthetic_seed
MA,2023,other,non-hisp,f,85+,,0.00335,synthetic_seed
MA,2023,other,hisp,m,0-4,,0.00298,synthetic_seed
MA,2023,other,hisp,m,5-9,,0.00236,synthetic_seed
MA,2023,other,hisp,m,10-14,,0.00251,synthetic_seed
MA,2023,other,hisp,m,15-19,,0.0077,synthetic_seed
MA,2023,other,hisp,m,20-24,,0.00959,synthetic_seed
MA,2023,other,hisp,m,25-29,,0.01222,synthetic_seed
MA,2023,other,hisp,m,30-34,,0.0125,synthetic_seed
MA,2023,other,hisp,m,35-39,,0.0134,synthetic_seed
MA,2023,other,hisp,m,40-44,,0.01213,synthetic_seed
MA,2023,other,hisp,m,45-49,,0.00621,synthetic_seed
MA,2023,other,hisp,m,50-54,,0.00552,synthetic_seed
MA,2023,other,hisp,m,55-59,,0.00281,synthetic_seed
MA,2023,other,hisp,m,60-64,,0.00325,synthetic_seed
MA,2023,other,hisp,m,65-69,,0.00227,synthetic_seed
MA,2023,other,hisp,m,70-74,,0.0024,synthetic_seed
MA,2023,other,hisp,m,75-79,,0.00204,synthetic_seed
MA,2023,other,hisp,m,80-84,,0.00241,synthetic_seed
MA,2023,other,hisp,m,85+,,0.00237,synthetic_seed
MA,2023,other,hisp,f,0-4,,0.00213,synthetic_seed
MA,2023,other,hisp,f,5-9,,0.00243,synthetic_seed
MA,2023,other,hisp,f,10-14,,0.0018,synthetic_seed
MA,2023,other,hisp,f,15-19,,0.00532,synthetic_seed
MA,2023,other,hisp,f,20-24,,0.0118,synthetic_seed
MA,2023,other,hisp,f,25-29,,0.01235,synthetic_seed
MA,2023,other,hisp,f,30-34,,0.01263,synthetic_seed
MA,2023,other,hisp,f,35-39,,0.01632,synthetic_seed
MA,2023,other,hisp,f,40-44,,0.01109,synthetic_seed
MA,2023,other,hisp,f,45-49,,0.00636,synthetic_seed
MA,2023,other,hisp,f,50-54,,0.00561,synthetic_seed
MA,2023,other,hisp,f,55-59,,0.00253,synthetic_seed
MA,2023,other,hisp,f,60-64,,0.00301,synthetic_seed
MA,2023,other,hisp,f,65-69,,0.00249,synthetic_seed
MA,2023,other,hisp,f,70-74,,0.00151,synthetic_seed
MA,2023,other,hisp,f,75-79,,0.00272,synthetic_seed
MA,2023,other,hisp,f,80-84,,0.00299,synthetic_seed
MA,2023,other,hisp,f,85+,,0.0024,synthetic_seed
MI,2023,white,non-hisp,m,0-4,,0.00109,synthetic_seed
MI,2023,white,non-hisp,m,5-9,,0.00117,synthetic_seed
MI,2023,white,non-hisp,m,10-14,,0.00105,synthetic_seed
MI,2023,white,non-hisp,m,15-19,,0.00334,synthetic_seed
MI,2023,white,non-hisp,m,20-24,,0.00651,synthetic_seed
MI,2023,white,non-hisp,m,25-29,,0.00492,synthetic_seed
MI,2023,white,non-hisp,m,30-34,,0.00597,synthetic_seed
MI,2023,white,non-hisp,m,35-39,,0.00513,synthetic_seed
MI,2023,white,non-hisp,m,40-44,,0.00638,synthetic_seed
MI,2023,white,non-hisp,m,45-49,,0.00255,synthetic_seed
MI,2023,white,non-hisp,m,50-54,,0.00282,synthetic_seed
MI,2023,white,non-hisp,m,55-59,,0.00108,synthetic_seed
MI,2023,white,non-hisp,m,60-64,,0.00122,synthetic_seed
MI,2023,white,non-hisp,m,65-69,,0.00103,synthetic_seed
MI,2023,white,non-hisp,m,70-74,,0.0011,synthetic_seed
MI,2023,white,non-hisp,m,75-79,,0.00111,synthetic_seed
MI,2023,white,non-hisp,m,80-84,,0.0013,synthetic_seed
MI,2023,white,non-hisp,m,85+,,0.0009,synthetic_seed
MI,2023,white,non-hisp,f,0-4,,0.00131,synthetic_seed
MI,2023,white,non-hisp,f,5-9,,0.00139,synthetic_seed
MI,2023,white,non-hisp,f,10-14,,0.00122,synthetic_seed
MI,2023,white,non-hisp,f,15-19,,0.00199,synthetic_seed
MI,2023,white,non-hisp,f,20-24,,0.00563,synthetic_seed
MI,2023,white,non-hisp,f,25-29,,0.00688,synthetic_seed
MI,2023,white,non-hisp,f,30-34,,0.0061,synthetic_seed
MI,2023,white,non-hisp,f,35-39,,0.00624,synthetic_seed
MI,2023,white,non-hisp,f,40-44,,0.00574,synthetic_seed
MI,2023,white,non-hisp,f,45-49,,0.00297,synthetic_seed
MI,2023,white,non-hisp,f,50-54,,0.00332,synthetic_seed
MI,2023,white,non-hisp,f,55-59,,0.00122,synthetic_seed
MI,2023,white,non-hisp,f,60-64,,0.00123,synthetic_seed
MI,2023,white,non-hisp,f,65-69,,0.00071,synthetic_seed
MI,2023,white,non-hisp,f,70-74,,0.00132,synthetic_seed
MI,2023,white,non-hisp,f,75-79,,0.00101,synthetic_seed
MI,2023,white,non-hisp,f,80-84,,0.001,synthetic_seed
MI,2023,white,non-hisp,f,85+,,0.0013,synthetic_seed
MI,2023,white,hisp,m,0-4,,0.00136,synthetic_seed
MI,2023,white,hisp,m,5-9,,0.00111,synthetic_seed
MI,2023,white,hisp,m,10-14,,0.00105,synthetic_seed
MI,2023,white,hisp,m,15-19,,0.00319,synthetic_seed
MI,2023,white,hisp,m,20-24,,0.00746,synthetic_seed
MI,2023,white,hisp,m,25-29,,0.00639,synthetic_seed
MI,2023,white,hisp,m,30-34,,0.00527,synthetic_seed
MI,2023,white,hisp,m,35-39,,0.00504,synthetic_seed
MI,2023,white,hisp,m,40-44,,0.00699,synthetic_seed
MI,2023,white,hisp,m,45-49,,0.00224,synthetic_seed
MI,2023,white,hisp,m,50-54,,0.00312,synthetic_seed
MI,2023,white,hisp,m,55-59,,0.00114,synthetic_seed
MI,2023,white,hisp,m,60-64,,0.00115,synthetic_seed
MI,2023,white,hisp,m,65-69,,0.00119,synthetic_seed
MI,2023,white,hisp,m,70-74,,0.00087,synthetic_seed
MI,2023,white,hisp,m,75-79,,0.00131,synthetic_seed
MI,2023,white,hisp,m,80-84,,0.00109,synthetic_seed
MI,2023,white,hisp,m,85+,,0.00103,synthetic_seed
MI,2023,white,hisp,f,0-4,,0.00112,synthetic_seed
MI,2023,white,hisp,f,5-9,,0.00128,synthetic_seed
MI,2023,white,hisp,f,10-14,,0.00111,synthetic_seed
MI,2023,white,hisp,f,15-19,,0.0028,synthetic_seed
MI,2023,white,hisp,f,20-24,,0.00607,synthetic_seed
MI,2023,white,hisp,f,25-29,,0.00582,synthetic_seed
MI,2023,white,hisp,f,30-34,,0.00589,synthetic_seed
MI,2023,white,hisp,f,35-39,,0.00485,synthetic_seed
MI,2023,white,hisp,f,40-44,,0.0078,synthetic_seed
MI,2023,white,hisp,f,45-49,,0.00326,synthetic_seed
MI,2023,white,hisp,f,50-54,,0.00251,synthetic_seed
MI,2023,white,hisp,f,55-59,,0.00119,synthetic_seed
MI,2023,white,hisp,f,60-64,,0.00151,synthetic_seed
MI,2023,white,hisp,f,65-69,,0.00128,synthetic_seed
MI,2023,white,hisp,f,70-74,,0.00094,synthetic_seed
MI,2023,white,hisp,f,75-79,,0.00102,synthetic_seed
MI,2023,white,hisp,f,80-84,,0.00115,synthetic_seed
MI,2023,white,hisp,f,85+,,0.00121,synthetic_seed
MI,2023,black,non-hisp,m,0-4,,0.0014,synthetic_seed
MI,2023,black,non-hisp,m,5-9,,0.00107,synthetic_seed
MI,2023,black,non-hisp,m,10-14,,0.00115,synthetic_seed
MI,2023,black,non-hisp,m,15-19,,0.00308,synthetic_seed
MI,2023,black,non-hisp,m,20-24,,0.00517,synthetic_seed
MI,2023,black,non-hisp,m,25-29,,0.00635,synthetic_seed
MI,2023,black,non-hisp,m,30-34,,0.00584,synthetic_seed
MI,2023,black,non-hisp,m,35-39,,0.00579,synthetic_seed
MI,2023,black,non-hisp,m,40-44,,0.00718,synthetic_seed
MI,2023,black,non-hisp,m,45-49,,0.00267,synthetic_seed
MI,2023,black,non-hisp,m,50-54,,0.00312,synthetic_seed
MI,2023,black,non-hisp,m,55-59,,0.00128,synthetic_seed
MI,2023,black,non-hisp,m,60-64,,0.00152,synthetic_seed
MI,2023,black,non-hisp,m,65-69,,0.0015,synthetic_seed
MI,2023,black,non-hisp,m,70-74,,0.00101,synthetic_seed
MI,2023,black,non-hisp,m,75-79,,0.00113,synthetic_seed
MI,2023,black,non-hisp,m,80-84,,0.00118,synthetic_seed
MI,2023,black,non-hisp,m,85+,,0.00104,synthetic_seed
MI,2023,black,non-hisp,f,0-4,,0.00148,synthetic_seed
MI,2023,black,non-hisp,f,5-9,,0.00138,synthetic_seed
MI,2023,black,non-hisp,f,10-14,,0.00139,synthetic_seed
MI,2023,black,non-hisp,f,15-19,,0.0027,synthetic_seed
MI,2023,black,non-hisp,f,20-24,,0.00618,synthetic_seed
MI,2023,black,non-hisp,f,25-29,,0.00531,synthetic_seed
MI,2023,black,non-hisp,f,30-34,,0.00503,synthetic_seed
MI,2023,black,non-hisp,f,35-39,,0.0063,synthetic_seed
MI,2023,black,non-hisp,f,40-44,,0.00532,synthetic_seed
MI,2023,black,non-hisp,f,45-49,,0.00309,synthetic_seed
MI,2023,black,non-hisp,f,50-54,,0.00397,synthetic_seed
MI,2023,black,non-hisp,f,55-59,,0.00107,synthetic_seed
MI,2023,black,non-hisp,f,60-64,,0.00138,synthetic_seed
MI,2023,black,non-hisp,f,65-69,,0.00085,synthetic_seed
MI,2023,black,non-hisp,f,70-74,,0.00149,synthetic_seed
MI,2023,black,non-hisp,f,75-79,,0.00125,synthetic_seed
MI,2023,black,non-hisp,f,80-84,,0.00121,synthetic_seed
MI,2023,black,non-hisp,f,85+,,0.00106,synthetic_seed
MI,2023,black,hisp,m,0-4,,0.00153,synthetic_seed
MI,2023,black,hisp,m,5-9,,0.00158,synthetic_seed
MI,2023,black,hisp,m,10-14,,0.00108,synthetic_seed
MI,2023,black,hisp,m,15-19,,0.00296,synthetic_seed
MI,2023,black,hisp,m,20-24,,0.00542,synthetic_seed
MI,2023,black,hisp,m,25-29,,0.00601,synthetic_seed
MI,2023,black,hisp,m,30-34,,0.00605,synthetic_seed
MI,2023,black,hisp,m,35-39,,0.00575,synthetic_seed
MI,2023,black,hisp,m,40-44,,0.00526,synthetic_seed
MI,2023,black,hisp,m,45-49,,0.00365,synthetic_seed
MI,2023,black,hisp,m,50-54,,0.00334,synthetic_seed
MI,2023,black,hisp,m,55-59,,0.00124,synthetic_seed
MI,2023,black,hisp,m,60-64,,0.00112,synthetic_seed
MI,2023,black,hisp,m,65-69,,0.0009,synthetic_seed
MI,2023,black,hisp,m,70-74,,0.00142,synthetic_seed
MI,2023,black,hisp,m,75-79,,0.00142,synthetic_seed
MI,2023,black,hisp,m,80-84,,0.00129,synthetic_seed
MI,2023,black,hisp,m,85+,,0.00086,synthetic_seed
MI,2023,black,hisp,f,0-4,,0.00139,synthetic_seed
MI,2023,black,hisp,f,5-9,,0.0015,synthetic_seed
MI,2023,black,hisp,f,10-14,,0.0011,synthetic_seed
MI,2023,black,hisp,f,15-19,,0.00246,synthetic_seed
MI,2023,black,hisp,f,20-24,,0.00742,synthetic_seed
MI,2023,black,hisp,f,25-29,,0.00612,synthetic_seed
MI,2023,black,hisp,f,30-34,,0.00599,synthetic_seed
MI,2023,black,hisp,f,35-39,,0.00649,synthetic_seed
MI,2023,black,hisp,f,40-44,,0.0057,synthetic_seed
MI,2023,black,hisp,f,45-49,,0.00226,synthetic_seed
MI,2023,black,hisp,f,50-54,,0.00341,synthetic_seed
MI,2023,black,hisp,f,55-59,,0.00107,synthetic_seed
MI,2023,black,hisp,f,60-64,,0.00147,synthetic_seed
MI,2023,black,hisp,f,65-69,,0.00127,synthetic_seed
MI,2023,black,hisp,f,70-74,,0.00113,synthetic_seed
MI,2023,black,hisp,f,75-79,,0.00118,synthetic_seed
MI,2023,black,hisp,f,80-84,,0.00109,synthetic_seed
MI,2023,black,hisp,f,85+,,0.00108,synthetic_seed
MI,2023,asian,non-hisp,m,0-4,,0.00113,synthetic_seed
MI,2023,asian,non-hisp,m,5-9,,0.00122,synthetic_seed
MI,2023,asian,non-hisp,m,10-14,,0.00114,synthetic_seed
MI,2023,asian,non-hisp,m,15-19,,0.0029,synthetic_seed
MI,2023,asian,non-hisp,m,20-24,,0.00554,synthetic_seed
MI,2023,asian,non-hisp,m,25-29,,0.00574,synthetic_seed
MI,2023,asian,non-hisp,m,30-34,,0.00466,synthetic_seed
MI,2023,asian,non-hisp,m,35-39,,0.00595,synthetic_seed
MI,2023,asian,non-hisp,m,40-44,,0.00731,synthetic_seed
MI,2023,asian,non-hisp,m,45-49,,0.00301,synthetic_seed
MI,2023,asian,non-hisp,m,50-54,,0.00334,synthetic_seed
MI,2023,asian,non-hisp,m,55-59,,0.00133,synthetic_seed
MI,2023,asian,non-hisp,m,60-64,,0.00132,synthetic_seed
MI,2023,asian,non-hisp,m,65-69,,0.00138,synthetic_seed
MI,2023,asian,non-hisp,m,70-74,,0.00142,synthetic_seed
MI,2023,asian,non-hisp,m,75-79,,0.00147,synthetic_seed
MI,2023,asian,non-hisp,m,80-84,,0.00141,synthetic_seed
MI,2023,asian,non-hisp,m,85+,,0.00129,synthetic_seed
MI,2023,asian,non-hisp,f,0-4,,0.00151,synthetic_seed
MI,2023,asian,non-hisp,f,5-9,,0.00123,synthetic_seed
MI,2023,asian,non-hisp,f,10-14,,0.00106,synthetic_seed
MI,2023,asian,non-hisp,f,15-19,,0.00327,synthetic_seed
MI,2023,asian,non-hisp,f,20-24,,0.00703,synthetic_seed
MI,2023,asian,non-hisp,f,25-29,,0.00623,synthetic_seed
MI,2023,asian,non-hisp,f,30-34,,0.00796,synthetic_seed
MI,2023,asian,non-hisp,f,35-39,,0.00732,synthetic_seed
MI,2023,asian,non-hisp,f,40-44,,0.00725,synthetic_seed
MI,2023,asian,non-hisp,f,45-49,,0.00338,synthetic_seed
MI,2023,asian,non-hisp,f,50-54,,0.00377,synthetic_seed
MI,2023,asian,non-hisp,f,55-59,,0.00132,synthetic_seed
MI,2023,asian,non-hisp,f,60-64,,0.00134,synthetic_seed
MI,2023,asian,non-hisp,f,65-69,,0.0013,synthetic_seed
MI,2023,asian,non-hisp,f,70-74,,0.00128,synthetic_seed
MI,2023,asian,non-hisp,f,75-79,,0.00113,synthetic_seed
MI,2023,asian,non-hisp,f,80-84,,0.001,synthetic_seed
MI,2023,asian,non-hisp,f,85+,,0.00121,synthetic_seed
MI,2023,asian,hisp,m,0-4,,0.00161,synthetic_seed
MI,2023,asian,hisp,m,5-9,,0.00104,synthetic_seed
MI,2023,asian,hisp,m,10-14,,0.00103,synthetic_seed
MI,2023,asian,hisp,m,15-19,,0.00286,synthetic_seed
MI,2023,asian,hisp,m,20-24,,0.00531,synthetic_seed
MI,2023,asian,hisp,m,25-29,,0.00736,synthetic_seed
MI,2023,asian,hisp,m,30-34,,0.00514,synthetic_seed
MI,2023,asian,hisp,m,35-39,,0.00509,synthetic_seed
MI,2023,asian,hisp,m,40-44,,0.00456,synthetic_seed
MI,2023,asian,hisp,m,45-49,,0.0027,synthetic_seed
MI,2023,asian,hisp,m,50-54,,0.00266,synthetic_seed
MI,2023,asian,hisp,m,55-59,,0.001,synthetic_seed
MI,2023,asian,hisp,m,60-64,,0.00128,synthetic_seed
MI,2023,asian,hisp,m,65-69,,0.00147,synthetic_seed
MI,2023,asian,hisp,m,70-74,,0.00107,synthetic_seed
MI,2023,asian,hisp,m,75-79,,0.00113,synthetic_seed
MI,2023,asian,hisp,m,80-84,,0.00134,synthetic_seed
MI,2023,asian,hisp,m,85+,,0.00139,synthetic_seed
MI,2023,asian,hisp,f,0-4,,0.00143,synthetic_seed
MI,2023,asian,hisp,f,5-9,,0.00122,synthetic_seed
MI,2023,asian,hisp,f,10-14,,0.0012,synthetic_seed
MI,2023,asian,hisp,f,15-19,,0.00282,synthetic_seed
MI,2023,asian,hisp,f,20-24,,0.0089,synthetic_seed
MI,2023,asian,hisp,f,25-29,,0.00817,synthetic_seed
MI,2023,asian,hisp,f,30-34,,0.00713,synthetic_seed
MI,2023,asian,hisp,f,35-39,,0.00566,synthetic_seed
MI,2023,asian,hisp,f,40-44,,0.00562,synthetic_seed
MI,2023,asian,hisp,f,45-49,,0.00271,synthetic_seed
MI,2023,asian,hisp,f,50-54,,0.00244,synthetic_seed
MI,2023,asian,hisp,f,55-59,,0.00119,synthetic_seed
MI,2023,asian,hisp,f,60-64,,0.00128,synthetic_seed
MI,2023,asian,hisp,f,65-69,,0.0013,synthetic_seed
MI,2023,asian,hisp,f,70-74,,0.00123,synthetic_seed
MI,2023,asian,hisp,f,75-79,,0.00099,synthetic_seed
MI,2023,asian,hisp,f,80-84,,0.00093,synthetic_seed
MI,2023,asian,hisp,f,85+,,0.0012,synthetic_seed
MI,2023,other,non-hisp,m,0-4,,0.00139,synthetic_seed
MI,2023,other,non-hisp,m,5-9,,0.00124,synthetic_seed
MI,2023,other,non-hisp,m,10-14,,0.0014,synthetic_seed
MI,2023,other,non-hisp,m,15-19,,0.00327,synthetic_seed
MI,2023,other,non-hisp,m,20-24,,0.00504,synthetic_seed
MI,2023,other,non-hisp,m,25-29,,0.00539,synthetic_seed
MI,2023,other,non-hisp,m,30-34,,0.00649,synthetic_seed
MI,2023,other,non-hisp,m,35-39,,0.00596,synthetic_seed
MI,2023,other,non-hisp,m,40-44,,0.00592,synthetic_seed
MI,2023,other,non-hisp,m,45-49,,0.00292,synthetic_seed
MI,2023,other,non-hisp,m,50-54,,0.00316,synthetic_seed
MI,2023,other,non-hisp,m,55-59,,0.0013,synthetic_seed
MI,2023,other,non-hisp,m,60-64,,0.00116,synthetic_seed
MI,2023,other,non-hisp,m,65-69,,0.00135,synthetic_seed
MI,2023,other,non-hisp,m,70-74,,0.00116,synthetic_seed
MI,2023,other,non-hisp,m,75-79,,0.00096,synthetic_seed
MI,2023,other,non-hisp,m,80-84,,0.00132,synthetic_seed
MI,2023,other,non-hisp,m,85+,,0.00145,synthetic_seed
MI,2023,other,non-hisp,f,0-4,,0.00085,synthetic_seed
MI,2023,other,non-hisp,f,5-9,,0.00125,synthetic_seed
MI,2023,other,non-hisp,f,10-14,,0.00132,synthetic_seed
MI,2023,other,non-hisp,f,15-19,,0.00236,synthetic_seed
MI,2023,other,non-hisp,f,20-24,,0.00593,synthetic_seed
MI,2023,other,non-hisp,f,25-29,,0.00591,synthetic_seed
MI,2023,other,non-hisp,f,30-34,,0.00521,synthetic_seed
MI,2023,other,non-hisp,f,35-39,,0.00585,synthetic_seed
MI,2023,other,non-hisp,f,40-44,,0.00632,synthetic_seed
MI,2023,other,non-hisp,f,45-49,,0.00305,synthetic_seed
MI,2023,other,non-hisp,f,50-54,,0.00356,synthetic_seed
MI,2023,other,non-hisp,f,55-59,,0.00104,synthetic_seed
MI,2023,other,non-hisp,f,60-64,,0.00099,synthetic_seed
MI,2023,other,non-hisp,f,65-69,,0.00112,synthetic_seed
MI,2023,other,non-hisp,f,70-74,,0.00119,synthetic_seed
MI,2023,other,non-hisp,f,75-79,,0.00142,synthetic_seed
MI,2023,other,non-hisp,f,80-84,,0.00101,synthetic_seed
MI,2023,other,non-hisp,f,85+,,0.00108,synthetic_seed
MI,2023,other,hisp,m,0-4,,0.00139,synthetic_seed
MI,2023,other,hisp,m,5-9,,0.00129,synthetic_seed
MI,2023,other,hisp,m,10-14,,0.00115,synthetic_seed
MI,2023,other,hisp,m,15-19,,0.00247,synthetic_seed
MI,2023,other,hisp,m,20-24,,0.00668,synthetic_seed
MI,2023,other,hisp,m,25-29,,0.00518,synthetic_seed
MI,2023,other,hisp,m,30-34,,0.00646,synthetic_seed
MI,2023,other,hisp,m,35-39,,0.00743,synthetic_seed
MI,2023,other,hisp,m,40-44,,0.00556,synthetic_seed
MI,2023,other,hisp,m,45-49,,0.00322,synthetic_seed
MI,2023,other,hisp,m,50-54,,0.00295,synthetic_seed
MI,2023,other,hisp,m,55-59,,0.00104,synthetic_seed
MI,2023,other,hisp,m,60-64,,0.00119,synthetic_seed
MI,2023,other,hisp,m,65-69,,0.00135,synthetic_seed
MI,2023,other,hisp,m,70-74,,0.00131,synthetic_seed
MI,2023,other,hisp,m,75-79,,0.00105,synthetic_seed
MI,2023,other,hisp,m,80-84,,0.00137,synthetic_seed
MI,2023,other,hisp,m,85+,,0.00146,synthetic_seed
MI,2023,other,hisp,f,0-4,,0.00084,synthetic_seed
MI,2023,other,hisp,f,5-9,,0.001,synthetic_seed
MI,2023,other,hisp,f,10-14,,0.00148,synthetic_seed
MI,2023,other,hisp,f,15-19,,0.00339,synthetic_seed
MI,2023,other,hisp,f,20-24,,0.00293,synthetic_seed
MI,2023,other,hisp,f,25-29,,0.00521,synthetic_seed
MI,2023,other,hisp,f,30-34,,0.00515,synthetic_seed
MI,2023,other,hisp,f,35-39,,0.00572,synthetic_seed
MI,2023,other,hisp,f,40-44,,0.00527,synthetic_seed
MI,2023,other,hisp,f,45-49,,0.00329,synthetic_seed
MI,2023,other,hisp,f,50-54,,0.00328,synthetic_seed
MI,2023,other,hisp,f,55-59,,0.00114,synthetic_seed
MI,2023,other,hisp,f,60-64,,0.00137,synthetic_seed
MI,2023,other,hisp,f,65-69,,0.00124,synthetic_seed
MI,2023,other,hisp,f,70-74,,0.0009,synthetic_seed
MI,2023,other,hisp,f,75-79,,0.00136,synthetic_seed
MI,2023,other,hisp,f,80-84,,0.00122,synthetic_seed
MI,2023,other,hisp,f,85+,,0.00138,synthetic_seed
MN,2023,white,non-hisp,m,0-4,,0.00217,synthetic_seed
MN,2023,white,non-hisp,m,5-9,,0.00163,synthetic_seed
MN,2023,white,non-hisp,m,10-14,,0.00275,synthetic_seed
MN,2023,white,non-hisp,m,15-19,,0.0057,synthetic_seed
MN,2023,white,non-hisp,m,20-24,,0.01115,synthetic_seed
MN,2023,white,non-hisp,m,25-29,,0.01122,synthetic_seed
MN,2023,white,non-hisp,m,30-34,,0.01109,synthetic_seed
MN,2023,white,non-hisp,m,35-39,,0.01077,synthetic_seed
MN,2023,white,non-hisp,m,40-44,,0.01134,synthetic_seed
MN,2023,white,non-hisp,m,45-49,,0.00546,synthetic_seed
MN,2023,white,non-hisp,m,50-54,,0.00786,synthetic_seed
MN,2023,white,non-hisp,m,55-59,,0.00187,synthetic_seed
MN,2023,white,non-hisp,m,60-64,,0.00271,synthetic_seed
MN,2023,white,non-hisp,m,65-69,,0.0028,synthetic_seed
MN,2023,white,non-hisp,m,70-74,,0.00235,synthetic_seed
MN,2023,white,non-hisp,m,75-79,,0.00234,synthetic_seed
MN,2023,white,non-hisp,m,80-84,,0.00268,synthetic_seed
MN,2023,white,non-hisp,m,85+,,0.00211,synthetic_seed
MN,2023,white,non-hisp,f,0-4,,0.00237,synthetic_seed
MN,2023,white,non-hisp,f,5-9,,0.00264,synthetic_seed
MN,2023,white,non-hisp,f,10-14,,0.00256,synthetic_seed
MN,2023,white,non-hisp,f,15-19,,0.00489,synthetic_seed
MN,2023,white,non-hisp,f,20-24,,0.00935,synthetic_seed
MN,2023,white,non-hisp,f,25-29,,0.01253,synthetic_seed
MN,2023,white,non-hisp,f,30-34,,0.00956,synthetic_seed
MN,2023,white,non-hisp,f,35-39,,0.01055,synthetic_seed
MN,2023,white,non-hisp,f,40-44,,0.01407,synthetic_seed
MN,2023,white,non-hisp,f,45-49,,0.00666,synthetic_seed
MN,2023,white,non-hisp,f,50-54,,0.00694,synthetic_seed
MN,2023,white,non-hisp,f,55-59,,0.00221,synthetic_seed
MN,2023,white,non-hisp,f,60-64,,0.00271,synthetic_seed
MN,2023,white,non-hisp,f,65-69,,0.00218,synthetic_seed
MN,2023,white,non-hisp,f,70-74,,0.00264,synthetic_seed
MN,2023,white,non-hisp,f,75-79,,0.00172,synthetic_seed
MN,2023,white,non-hisp,f,80-84,,0.00218,synthetic_seed
MN,2023,white,non-hisp,f,85+,,0.00315,synthetic_seed
MN,2023,white,hisp,m,0-4,,0.00206,synthetic_seed
MN,2023,white,hisp,m,5-9,,0.00227,synthetic_seed
MN,2023,white,hisp,m,10-14,,0.00233,synthetic_seed
MN,2023,white,hisp,m,15-19,,0.00492,synthetic_seed
MN,2023,white,hisp,m,20-24,,0.01298,synthetic_seed
MN,2023,white,hisp,m,25-29,,0.01114,synthetic_seed
MN,2023,white,hisp,m,30-34,,0.01175,synthetic_seed
MN,2023,white,hisp,m,35-39,,0.01284,synthetic_seed
MN,2023,white,hisp,m,40-44,,0.01207,synthetic_seed
MN,2023,white,hisp,m,45-49,,0.00662,synthetic_seed
MN,2023,white,hisp,m,50-54,,0.00686,synthetic_seed
MN,2023,white,hisp,m,55-59,,0.00263,synthetic_seed
MN,2023,white,hisp,m,60-64,,0.0028,synthetic_seed
MN,2023,white,hisp,m,65-69,,0.00274,synthetic_seed
MN,2023,white,hisp,m,70-74,,0.00257,synthetic_seed
MN,2023,white,hisp,m,75-79,,0.00202,synthetic_seed
MN,2023,white,hisp,m,80-84,,0.00233,synthetic_seed
MN,2023,white,hisp,m,85+,,0.0024,synthetic_seed
MN,2023,white,hisp,f,0-4,,0.00223,synthetic_seed
MN,2023,white,hisp,f,5-9,,0.00248,synthetic_seed
MN,2023,white,hisp,f,10-14,,0.00213,synthetic_seed
MN,2023,white,hisp,f,15-19,,0.0051,synthetic_seed
MN,2023,white,hisp,f,20-24,,0.00924,synthetic_seed
MN,2023,white,hisp,f,25-29,,0.01079,synthetic_seed
MN,2023,white,hisp,f,30-34,,0.01267,synthetic_seed
MN,2023,white,hisp,f,35-39,,0.01087,synthetic_seed
MN,2023,white,hisp,f,40-44,,0.01514,synthetic_seed
MN,2023,white,hisp,f,45-49,,0.00707,synthetic_seed
MN,2023,white,hisp,f,50-54,,0.00521,synthetic_seed
MN,2023,white,hisp,f,55-59,,0.0024,synthetic_seed
MN,2023,white,hisp,f,60-64,,0.0024,synthetic_seed
MN,2023,white,hisp,f,65-69,,0.00266,synthetic_seed
MN,2023,white,hisp,f,70-74,,0.00247,synthetic_seed
MN,2023,white,hisp,f,75-79,,0.00316,synthetic_seed
MN,2023,white,hisp,f,80-84,,0.00268,synthetic_seed
MN,2023,white,hisp,f,85+,,0.00299,synthetic_seed
MN,2023,black,non-hisp,m,0-4,,0.00217,synthetic_seed
MN,2023,black,non-hisp,m,5-9,,0.00237,synthetic_seed
MN,2023,black,non-hisp,m,10-14,,0.00274,synthetic_seed
MN,2023,black,non-hisp,m,15-19,,0.00454,synthetic_seed
MN,2023,black,non-hisp,m,20-24,,0.00922,synthetic_seed
MN,2023,black,non-hisp,m,25-29,,0.01324,synthetic_seed
MN,2023,black,non-hisp,m,30-34,,0.01343,synthetic_seed
MN,2023,black,non-hisp,m,35-39,,0.01154,synthetic_seed
MN,2023,black,non-hisp,m,40-44,,0.01011,synthetic_seed
MN,2023,black,non-hisp,m,45-49,,0.00496,synthetic_seed
MN,2023,black,non-hisp,m,50-54,,0.00537,synthetic_seed
MN,2023,black,non-hisp,m,55-59,,0.00276,synthetic_seed
MN,2023,black,non-hisp,m,60-64,,0.00312,synthetic_seed
MN,2023,black,non-hisp,m,65-69,,0.00331,synthetic_seed
MN,2023,black,non-hisp,m,70-74,,0.00202,synthetic_seed
MN,2023,black,non-hisp,m,75-79,,0.00323,synthetic_seed
MN,2023,black,non-hisp,m,80-84,,0.00214,synthetic_seed
MN,2023,black,non-hisp,m,85+,,0.002,synthetic_seed
MN,2023,black,non-hisp,f,0-4,,0.00222,synthetic_seed
MN,2023,black,non-hisp,f,5-9,,0.00223,synthetic_seed
MN,2023,black,non-hisp,f,10-14,,0.00264,synthetic_seed
MN,2023,black,non-hisp,f,15-19,,0.00742,synthetic_seed
MN,2023,black,non-hisp,f,20-24,,0.00982,synthetic_seed
MN,2023,black,non-hisp,f,25-29,,0.01223,synthetic_seed
MN,2023,black,non-hisp,f,30-34,,0.01108,synthetic_seed
MN,2023,black,non-hisp,f,35-39,,0.01324,synthetic_seed
MN,2023,black,non-hisp,f,40-44,,0.01116,synthetic_seed
MN,2023,black,non-hisp,f,45-49,,0.00526,synthetic_seed
MN,2023,black,non-hisp,f,50-54,,0.00553,synthetic_seed
MN,2023,black,non-hisp,f,55-59,,0.0027,synthetic_seed
MN,2023,black,non-hisp,f,60-64,,0.00303,synthetic_seed
MN,2023,black,non-hisp,f,65-69,,0.0017,synthetic_seed
MN,2023,black,non-hisp,f,70-74,,0.0024,synthetic_seed
MN,2023,black,non-hisp,f,75-79,,0.00222,synthetic_seed
MN,2023,black,non-hisp,f,80-84,,0.00227,synthetic_seed
MN,2023,black,non-hisp,f,85+,,0.00261,synthetic_seed
MN,2023,black,hisp,m,0-4,,0.0024,synthetic_seed
MN,2023,black,hisp,m,5-9,,0.00236,synthetic_seed
MN,2023,black,hisp,m,10-14,,0.00273,synthetic_seed
MN,2023,black,hisp,m,15-19,,0.00627,synthetic_seed
MN,2023,black,hisp,m,20-24,,0.012,synthetic_seed
MN,2023,black,hisp,m,25-29,,0.01503,synthetic_seed
MN,2023,black,hisp,m,30-34,,0.01544,synthetic_seed
MN,2023,black,hisp,m,35-39,,0.01232,synthetic_seed
MN,2023,black,hisp,m,40-44,,0.00916,synthetic_seed
MN,2023,black,hisp,m,45-49,,0.00348,synthetic_seed
MN,2023,black,hisp,m,50-54,,0.00651,synthetic_seed
MN,2023,black,hisp,m,55-59,,0.00197,synthetic_seed
MN,2023,black,hisp,m,60-64,,0.00238,synthetic_seed
MN,2023,black,hisp,m,65-69,,0.00235,synthetic_seed
MN,2023,black,hisp,m,70-74,,0.0019,synthetic_seed
MN,2023,black,hisp,m,75-79,,0.00256,synthetic_seed
MN,2023,black,hisp,m,80-84,,0.00259,synthetic_seed
MN,2023,black,hisp,m,85+,,0.00196,synthetic_seed
MN,2023,black,hisp,f,0-4,,0.00278,synthetic_seed
MN,2023,black,hisp,f,5-9,,0.00258,synthetic_seed
MN,2023,black,hisp,f,10-14,,0.00256,synthetic_seed
MN,2023,black,hisp,f,15-19,,0.00691,synthetic_seed
MN,2023,black,hisp,f,20-24,,0.01162,synthetic_seed
MN,2023,black,hisp,f,25-29,,0.01346,synthetic_seed
MN,2023,black,hisp,f,30-34,,0.01306,synthetic_seed
MN,2023,black,hisp,f,35-39,,0.01228,synthetic_seed
MN,2023,black,hisp,f,40-44,,0.01119,synthetic_seed
MN,2023,black,hisp,f,45-49,,0.00625,synthetic_seed
MN,2023,black,hisp,f,50-54,,0.00587,synthetic_seed
MN,2023,black,hisp,f,55-59,,0.00221,synthetic_seed
MN,2023,black,hisp,f,60-64,,0.00223,synthetic_seed
MN,2023,black,hisp,f,65-69,,0.00249,synthetic_seed
MN,2023,black,hisp,f,70-74,,0.00289,synthetic_seed
MN,2023,black,hisp,f,75-79,,0.00243,synthetic_seed
MN,2023,black,hisp,f,80-84,,0.002,synthetic_seed
MN,2023,black,hisp,f,85+,,0.00213,synthetic_seed
MN,2023,asian,non-hisp,m,0-4,,0.00216,synthetic_seed
MN,2023,asian,non-hisp,m,5-9,,0.00164,synthetic_seed
MN,2023,asian,non-hisp,m,10-14,,0.0018,synthetic_seed
MN,2023,asian,non-hisp,m,15-19,,0.00708,synthetic_seed
MN,2023,asian,non-hisp,m,20-24,,0.0109,synthetic_seed
MN,2023,asian,non-hisp,m,25-29,,0.0124,synthetic_seed
MN,2023,asian,non-hisp,m,30-34,,0.01354,synthetic_seed
MN,2023,asian,non-hisp,m,35-39,,0.01507,synthetic_seed
MN,2023,asian,non-hisp,m,40-44,,0.01007,synthetic_seed
MN,2023,asian,non-hisp,m,45-49,,0.00519,synthetic_seed
MN,2023,asian,non-hisp,m,50-54,,0.00663,synthetic_seed
MN,2023,asian,non-hisp,m,55-59,,0.0021,synthetic_seed
MN,2023,asian,non-hisp,m,60-64,,0.00245,synthetic_seed
MN,2023,asian,non-hisp,m,65-69,,0.00245,synthetic_seed
MN,2023,asian,non-hisp,m,70-74,,0.00228,synthetic_seed
MN,2023,asian,non-hisp,m,75-79,,0.0018,synthetic_seed
MN,2023,asian,non-hisp,m,80-84,,0.00227,synthetic_seed
MN,2023,asian,non-hisp,m,85+,,0.00317,synthetic_seed
MN,2023,asian,non-hisp,f,0-4,,0.00201,synthetic_seed
MN,2023,asian,non-hisp,f,5-9,,0.00227,synthetic_seed
MN,2023,asian,non-hisp,f,10-14,,0.00281,synthetic_seed
MN,2023,asian,non-hisp,f,15-19,,0.00662,synthetic_seed
MN,2023,asian,non-hisp,f,20-24,,0.01075,synthetic_seed
MN,2023,asian,non-hisp,f,25-29,,0.01172,synthetic_seed
MN,2023,asian,non-hisp,f,30-34,,0.01133,synthetic_seed
MN,2023,asian,non-hisp,f,35-39,,0.01277,synthetic_seed
MN,2023,asian,non-hisp,f,40-44,,0.01458,synthetic_seed
MN,2023,asian,non-hisp,f,45-49,,0.00544,synthetic_seed
MN,2023,asian,non-hisp,f,50-54,,0.00695,synthetic_seed
MN,2023,asian,non-hisp,f,55-59,,0.00274,synthetic_seed
MN,2023,asian,non-hisp,f,60-64,,0.00203,synthetic_seed
MN,2023,asian,non-hisp,f,65-69,,0.00237,synthetic_seed
MN,2023,asian,non-hisp,f,70-74,,0.002,synthetic_seed
MN,2023,asian,non-hisp,f,75-79,,0.00277,synthetic_seed
MN,2023,asian,non-hisp,f,80-84,,0.00251,synthetic_seed
MN,2023,asian,non-hisp,f,85+,,0.00227,synthetic_seed
MN,2023,asian,hisp,m,0-4,,0.00178,synthetic_seed
MN,2023,asian,hisp,m,5-9,,0.00237,synthetic_seed
MN,2023,asian,hisp,m,10-14,,0.00274,synthetic_seed
MN,2023,asian,hisp,m,15-19,,0.00443,synthetic_seed
MN,2023,asian,hisp,m,20-24,,0.01311,synthetic_seed
MN,2023,asian,hisp,m,25-29,,0.01354,synthetic_seed
MN,2023,asian,hisp,m,30-34,,0.00538,synthetic_seed
MN,2023,asian,hisp,m,35-39,,0.01316,synthetic_seed
MN,2023,asian,hisp,m,40-44,,0.01452,synthetic_seed
MN,2023,asian,hisp,m,45-49,,0.00566,synthetic_seed
MN,2023,asian,hisp,m,50-54,,0.00465,synthetic_seed
MN,2023,asian,hisp,m,55-59,,0.00244,synthetic_seed
MN,2023,asian,hisp,m,60-64,,0.00233,synthetic_seed
MN,2023,asian,hisp,m,65-69,,0.00189,synthetic_seed
MN,2023,asian,hisp,m,70-74,,0.00236,synthetic_seed
MN,2023,asian,hisp,m,75-79,,0.00212,synthetic_seed
MN,2023,asian,hisp,m,80-84,,0.00191,synthetic_seed
MN,2023,asian,hisp,m,85+,,0.00215,synthetic_seed
MN,2023,asian,hisp,f,0-4,,0.00262,synthetic_seed
MN,2023,asian,hisp,f,5-9,,0.00185,synthetic_seed
MN,2023,asian,hisp,f,10-14,,0.00233,synthetic_seed
MN,2023,asian,hisp,f,15-19,,0.00514,synthetic_seed
MN,2023,asian,hisp,f,20-24,,0.0131,synthetic_seed
MN,2023,asian,hisp,f,25-29,,0.0124,synthetic_seed
MN,2023,asian,hisp,f,30-34,,0.00881,synthetic_seed
MN,2023,asian,hisp,f,35-39,,0.01423,synthetic_seed
MN,2023,asian,hisp,f,40-44,,0.01206,synthetic_seed
MN,2023,asian,hisp,f,45-49,,0.00539,synthetic_seed
MN,2023,asian,hisp,f,50-54,,0.00541,synthetic_seed
MN,2023,asian,hisp,f,55-59,,0.00314,synthetic_seed
MN,2023,asian,hisp,f,60-64,,0.00273,synthetic_seed
MN,2023,asian,hisp,f,65-69,,0.00273,synthetic_seed
MN,2023,asian,hisp,f,70-74,,0.00204,synthetic_seed
MN,2023,asian,hisp,f,75-79,,0.00198,synthetic_seed
MN,2023,asian,hisp,f,80-84,,0.00184,synthetic_seed
MN,2023,asian,hisp,f,85+,,0.00214,synthetic_seed
MN,2023,other,non-hisp,m,0-4,,0.00256,synthetic_seed
MN,2023,other,non-hisp,m,5-9,,0.00271,synthetic_seed
MN,2023,other,non-hisp,m,10-14,,0.00254,synthetic_seed
MN,2023,other,non-hisp,m,15-19,,0.00615,synthetic_seed
MN,2023,other,non-hisp,m,20-24,,0.01196,synthetic_seed
MN,2023,other,non-hisp,m,25-29,,0.01036,synthetic_seed
MN,2023,other,non-hisp,m,30-34,,0.01434,synthetic_seed
MN,2023,other,non-hisp,m,35-39,,0.01148,synthetic_seed
MN,2023,other,non-hisp,m,40-44,,0.01439,synthetic_seed
MN,2023,other,non-hisp,m,45-49,,0.00588,synthetic_seed
MN,2023,other,non-hisp,m,50-54,,0.00687,synthetic_seed
MN,2023,other,non-hisp,m,55-59,,0.00233,synthetic_seed
MN,2023,other,non-hisp,m,60-64,,0.00245,synthetic_seed
MN,2023,other,non-hisp,m,65-69,,0.00255,synthetic_seed
MN,2023,other,non-hisp,m,70-74,,0.00296,synthetic_seed
MN,2023,other,non-hisp,m,75-79,,0.00235,synthetic_seed
MN,2023,other,non-hisp,m,80-84,,0.00258,synthetic_seed
MN,2023,other,non-hisp,m,85+,,0.00272,synthetic_seed
MN,2023,other,non-hisp,f,0-4,,0.00308,synthetic_seed
MN,2023,other,non-hisp,f,5-9,,0.00231,synthetic_seed
MN,2023,other,non-hisp,f,10-14,,0.00262,synthetic_seed
MN,2023,other,non-hisp,f,15-19,,0.00635,synthetic_seed
MN,2023,other,non-hisp,f,20-24,,0.00961,synthetic_seed
MN,2023,other,non-hisp,f,25-29,,0.01456,synthetic_seed
MN,2023,other,non-hisp,f,30-34,,0.01197,synthetic_seed
MN,2023,other,non-hisp,f,35-39,,0.01331,synthetic_seed
MN,2023,other,non-hisp,f,40-44,,0.01308,synthetic_seed
MN,2023,other,non-hisp,f,45-49,,0.00507,synthetic_seed
MN,2023,other,non-hisp,f,50-54,,0.00604,synthetic_seed
MN,2023,other,non-hisp,f,55-59,,0.00248,synthetic_seed
MN,2023,other,non-hisp,f,60-64,,0.00243,synthetic_seed
MN,2023,other,non-hisp,f,65-69,,0.00248,synthetic_seed
MN,2023,other,non-hisp,f,70-74,,0.00223,synthetic_seed
MN,2023,other,non-hisp,f,75-79,,0.00205,synthetic_seed
MN,2023,other,non-hisp,f,80-84,,0.00178,synthetic_seed
MN,2023,other,non-hisp,f,85+,,0.00232,synthetic_seed
MN,2023,other,hisp,m,0-4,,0.00232,synthetic_seed
MN,2023,other,hisp,m,5-9,,0.00201,synthetic_seed
MN,2023,other,hisp,m,10-14,,0.00208,synthetic_seed
MN,2023,other,hisp,m,15-19,,0.00611,synthetic_seed
MN,2023,other,hisp,m,20-24,,0.01172,synthetic_seed
MN,2023,other,hisp,m,25-29,,0.01381,synthetic_seed
MN,2023,other,hisp,m,30-34,,0.01189,synthetic_seed
MN,2023,other,hisp,m,35-39,,0.01158,synthetic_seed
MN,2023,other,hisp,m,40-44,,0.01382,synthetic_seed
MN,2023,other,hisp,m,45-49,,0.00711,synthetic_seed
MN,2023,other,hisp,m,50-54,,0.00501,synthetic_seed
MN,2023,other,hisp,m,55-59,,0.00215,synthetic_seed
MN,2023,other,hisp,m,60-64,,0.0027,synthetic_seed
MN,2023,other,hisp,m,65-69,,0.0027,synthetic_seed
MN,2023,other,hisp,m,70-74,,0.00153,synthetic_seed
MN,2023,other,hisp,m,75-79,,0.00304,synthetic_seed
MN,2023,other,hisp,m,80-84,,0.00262,synthetic_seed
MN,2023,other,hisp,m,85+,,0.00282,synthetic_seed
MN,2023,other,hisp,f,0-4,,0.00228,synthetic_seed
MN,2023,other,hisp,f,5-9,,0.0023,synthetic_seed
MN,2023,other,hisp,f,10-14,,0.00216,synthetic_seed
MN,2023,other,hisp,f,15-19,,0.00523,synthetic_seed
MN,2023,other,hisp,f,20-24,,0.0125,synthetic_seed
MN,2023,other,hisp,f,25-29,,0.01131,synthetic_seed
MN,2023,other,hisp,f,30-34,,0.01279,synthetic_seed
MN,2023,other,hisp,f,35-39,,0.00954,synthetic_seed
MN,2023,other,hisp,f,40-44,,0.01123,synthetic_seed
MN,2023,other,hisp,f,45-49,,0.00534,synthetic_seed
MN,2023,other,hisp,f,50-54,,0.00555,synthetic_seed
MN,2023,other,hisp,f,55-59,,0.00273,synthetic_seed
MN,2023,other,hisp,f,60-64,,0.00287,synthetic_seed
MN,2023,other,hisp,f,65-69,,0.00186,synthetic_seed
MN,2023,other,hisp,f,70-74,,0.00267,synthetic_seed
MN,2023,other,hisp,f,75-79,,0.0024,synthetic_seed
MN,2023,other,hisp,f,80-84,,0.00199,synthetic_seed
MN,2023,other,hisp,f,85+,,0.00245,synthetic_seed
MS,2023,white,non-hisp,m,0-4,,0.00135,synthetic_seed
MS,2023,white,non-hisp,m,5-9,,0.00114,synthetic_seed
MS,2023,white,non-hisp,m,10-14,,0.00093,synthetic_seed
MS,2023,white,non-hisp,m,15-19,,0.00272,synthetic_seed
MS,2023,white,non-hisp,m,20-24,,0.00539,synthetic_seed
MS,2023,white,non-hisp,m,25-29,,0.00379,synthetic_seed
MS,2023,white,non-hisp,m,30-34,,0.00613,synthetic_seed
MS,2023,white,non-hisp,m,35-39,,0.00788,synthetic_seed
MS,2023,white,non-hisp,m,40-44,,0.00354,synthetic_seed
MS,2023,white,non-hisp,m,45-49,,0.00374,synthetic_seed
MS,2023,white,non-hisp,m,50-54,,0.00291,synthetic_seed
MS,2023,white,non-hisp,m,55-59,,0.00113,synthetic_seed
MS,2023,white,non-hisp,m,60-64,,0.0015,synthetic_seed
MS,2023,white,non-hisp,m,65-69,,0.00141,synthetic_seed
MS,2023,white,non-hisp,m,70-74,,0.001,synthetic_seed
MS,2023,white,non-hisp,m,75-79,,0.00107,synthetic_seed
MS,2023,white,non-hisp,m,80-84,,0.00135,synthetic_seed
MS,2023,white,non-hisp,m,85+,,0.001,synthetic_seed
MS,2023,white,non-hisp,f,0-4,,0.00124,synthetic_seed
MS,2023,white,non-hisp,f,5-9,,0.00112,synthetic_seed
MS,2023,white,non-hisp,f,10-14,,0.00127,synthetic_seed
MS,2023,white,non-hisp,f,15-19,,0.00373,synthetic_seed
MS,2023,white,non-hisp,f,20-24,,0.00636,synthetic_seed
MS,2023,white,non-hisp,f,25-29,,0.00673,synthetic_seed
MS,2023,white,non-hisp,f,30-34,,0.00656,synthetic_seed
MS,2023,white,non-hisp,f,35-39,,0.00496,synthetic_seed
MS,2023,white,non-hisp,f,40-44,,0.0077,synthetic_seed
MS,2023,white,non-hisp,f,45-49,,0.00242,synthetic_seed
MS,2023,white,non-hisp,f,50-54,,0.00242,synthetic_seed
MS,2023,white,non-hisp,f,55-59,,0.00142,synthetic_seed
MS,2023,white,non-hisp,f,60-64,,0.00106,synthetic_seed
MS,2023,white,non-hisp,f,65-69,,0.00142,synthetic_seed
MS,2023,white,non-hisp,f,70-74,,0.00119,synthetic_seed
MS,2023,white,non-hisp,f,75-79,,0.00125,synthetic_seed
MS,2023,white,non-hisp,f,80-84,,0.00107,synthetic_seed
MS,2023,white,non-hisp,f,85+,,0.00128,synthetic_seed
MS,2023,white,hisp,m,0-4,,0.00094,synthetic_seed
MS,2023,white,hisp,m,5-9,,0.00123,synthetic_seed
MS,2023,white,hisp,m,10-14,,0.0015,synthetic_seed
MS,2023,white,hisp,m,15-19,,0.00395,synthetic_seed
MS,2023,white,hisp,m,20-24,,0.00705,synthetic_seed
MS,2023,white,hisp,m,25-29,,0.00548,synthetic_seed
MS,2023,white,hisp,m,30-34,,0.00672,synthetic_seed
MS,2023,white,hisp,m,35-39,,0.0059,synthetic_seed
MS,2023,white,hisp,m,40-44,,0.00626,synthetic_seed
MS,2023,white,hisp,m,45-49,,0.0027,synthetic_seed
MS,2023,white,hisp,m,50-54,,0.00241,synthetic_seed
MS,2023,white,hisp,m,55-59,,0.00131,synthetic_seed
MS,2023,white,hisp,m,60-64,,0.0014,synthetic_seed
MS,2023,white,hisp,m,65-69,,0.0014,synthetic_seed
MS,2023,white,hisp,m,70-74,,0.00125,synthetic_seed
MS,2023,white,hisp,m,75-79,,0.00133,synthetic_seed
MS,2023,white,hisp,m,80-84,,0.00137,synthetic_seed
MS,2023,white,hisp,m,85+,,0.00097,synthetic_seed
MS,2023,white,hisp,f,0-4,,0.00118,synthetic_seed
MS,2023,white,hisp,f,5-9,,0.00126,synthetic_seed
MS,2023,white,hisp,f,10-14,,0.00117,synthetic_seed
MS,2023,white,hisp,f,15-19,,0.00285,synthetic_seed
MS,2023,white,hisp,f,20-24,,0.00697,synthetic_seed
MS,2023,white,hisp,f,25-29,,0.00617,synthetic_seed
MS,2023,white,hisp,f,30-34,,0.0064,synthetic_seed
MS,2023,white,hisp,f,35-39,,0.00668,synthetic_seed
MS,2023,white,hisp,f,40-44,,0.00616,synthetic_seed
MS,2023,white,hisp,f,45-49,,0.0032,synthetic_seed
MS,2023,white,hisp,f,50-54,,0.0028,synthetic_seed
MS,2023,white,hisp,f,55-59,,0.00119,synthetic_seed
MS,2023,white,hisp,f,60-64,,0.00104,synthetic_seed
MS,2023,white,hisp,f,65-69,,0.00094,synthetic_seed
MS,2023,white,hisp,f,70-74,,0.00137,synthetic_seed
MS,2023,white,hisp,f,75-79,,0.0012,synthetic_seed
MS,2023,white,hisp,f,80-84,,0.00124,synthetic_seed
MS,2023,white,hisp,f,85+,,0.00129,synthetic_seed
MS,2023,black,non-hisp,m,0-4,,0.0013,synthetic_seed
MS,2023,black,non-hisp,m,5-9,,0.00125,synthetic_seed
MS,2023,black,non-hisp,m,10-14,,0.00101,synthetic_seed
MS,2023,black,non-hisp,m,15-19,,0.00315,synthetic_seed
MS,2023,black,non-hisp,m,20-24,,0.00634,synthetic_seed
MS,2023,black,non-hisp,m,25-29,,0.005,synthetic_seed
MS,2023,black,non-hisp,m,30-34,,0.00626,synthetic_seed
MS,2023,black,non-hisp,m,35-39,,0.00557,synthetic_seed
MS,2023,black,non-hisp,m,40-44,,0.00665,synthetic_seed
MS,2023,black,non-hisp,m,45-49,,0.00332,synthetic_seed
MS,2023,black,non-hisp,m,50-54,,0.00353,synthetic_seed
MS,2023,black,non-hisp,m,55-59,,0.001,synthetic_seed
MS,2023,black,non-hisp,m,60-64,,0.00125,synthetic_seed
MS,2023,black,non-hisp,m,65-69,,0.00123,synthetic_seed
MS,2023,black,non-hisp,m,70-74,,0.00132,synthetic_seed
MS,2023,black,non-hisp,m,75-79,,0.00115,synthetic_seed
MS,2023,black,non-hisp,m,80-84,,0.00168,synthetic_seed
MS,2023,black,non-hisp,m,85+,,0.00118,synthetic_seed
MS,2023,black,non-hisp,f,0-4,,0.0012,synthetic_seed
MS,2023,black,non-hisp,f,5-9,,0.00141,synthetic_seed
MS,2023,black,non-hisp,f,10-14,,0.00119,synthetic_seed
MS,2023,black,non-hisp,f,15-19,,0.00275,synthetic_seed
MS,2023,black,non-hisp,f,20-24,,0.00542,synthetic_seed
MS,2023,black,non-hisp,f,25-29,,0.00632,synthetic_seed
MS,2023,black,non-hisp,f,30-34,,0.0052,synthetic_seed
MS,2023,black,non-hisp,f,35-39,,0.00543,synthetic_seed
MS,2023,black,non-hisp,f,40-44,,0.00512,synthetic_seed
MS,2023,black,non-hisp,f,45-49,,0.00352,synthetic_seed
MS,2023,black,non-hisp,f,50-54,,0.00314,synthetic_seed
MS,2023,black,non-hisp,f,55-59,,0.00125,synthetic_seed
MS,2023,black,non-hisp,f,60-64,,0.00135,synthetic_seed
MS,2023,black,non-hisp,f,65-69,,0.00107,synthetic_seed
MS,2023,black,non-hisp,f,70-74,,0.00117,synthetic_seed
MS,2023,black,non-hisp,f,75-79,,0.00113,synthetic_seed
MS,2023,black,non-hisp,f,80-84,,0.00131,synthetic_seed
MS,2023,black,non-hisp,f,85+,,0.00136,synthetic_seed
MS,2023,black,hisp,m,0-4,,0.0014,synthetic_seed
MS,2023,black,hisp,m,5-9,,0.00099,synthetic_seed
MS,2023,black,hisp,m,10-14,,0.00129,synthetic_seed
MS,2023,black,hisp,m,15-19,,0.00349,synthetic_seed
MS,2023,black,hisp,m,20-24,,0.00685,synthetic_seed
MS,2023,black,hisp,m,25-29,,0.00753,synthetic_seed
MS,2023,black,hisp,m,30-34,,0.00652,synthetic_seed
MS,2023,black,hisp,m,35-39,,0.0073,synthetic_seed
MS,2023,black,hisp,m,40-44,,0.00687,synthetic_seed
MS,2023,black,hisp,m,45-49,,0.00304,synthetic_seed
MS,2023,black,hisp,m,50-54,,0.00286,synthetic_seed
MS,2023,black,hisp,m,55-59,,0.001,synthetic_seed
MS,2023,black,hisp,m,60-64,,0.00131,synthetic_seed
MS,2023,black,hisp,m,65-69,,0.00119,synthetic_seed
MS,2023,black,hisp,m,70-74,,0.00116,synthetic_seed
MS,2023,black,hisp,m,75-79,,0.00093,synthetic_seed
MS,2023,black,hisp,m,80-84,,0.00119,synthetic_seed
MS,2023,black,hisp,m,85+,,0.00179,synthetic_seed
MS,2023,black,hisp,f,0-4,,0.00111,synthetic_seed
MS,2023,black,hisp,f,5-9,,0.00089,synthetic_seed
MS,2023,black,hisp,f,10-14,,0.00131,synthetic_seed
MS,2023,black,hisp,f,15-19,,0.00299,synthetic_seed
MS,2023,black,hisp,f,20-24,,0.00599,synthetic_seed
MS,2023,black,hisp,f,25-29,,0.00699,synthetic_seed
MS,2023,black,hisp,f,30-34,,0.00687,synthetic_seed
MS,2023,black,hisp,f,35-39,,0.00574,synthetic_seed
MS,2023,black,hisp,f,40-44,,0.00707,synthetic_seed
MS,2023,black,hisp,f,45-49,,0.00283,synthetic_seed
MS,2023,black,hisp,f,50-54,,0.0034,synthetic_seed
MS,2023,black,hisp,f,55-59,,0.00126,synthetic_seed
MS,2023,black,hisp,f,60-64,,0.00108,synthetic_seed
MS,2023,black,hisp,f,65-69,,0.00106,synthetic_seed
MS,2023,black,hisp,f,70-74,,0.00118,synthetic_seed
MS,2023,black,hisp,f,75-79,,0.00129,synthetic_seed
MS,2023,black,hisp,f,80-84,,0.00136,synthetic_seed
MS,2023,black,hisp,f,85+,,0.00102,synthetic_seed
MS,2023,asian,non-hisp,m,0-4,,0.00153,synthetic_seed
MS,2023,asian,non-hisp,m,5-9,,0.00122,synthetic_seed
MS,2023,asian,non-hisp,m,10-14,,0.00137,synthetic_seed
MS,2023,asian,non-hisp,m,15-19,,0.00304,synthetic_seed
MS,2023,asian,non-hisp,m,20-24,,0.00629,synthetic_seed
MS,2023,asian,non-hisp,m,25-29,,0.00563,synthetic_seed
MS,2023,asian,non-hisp,m,30-34,,0.00695,synthetic_seed
MS,2023,asian,non-hisp,m,35-39,,0.00655,synthetic_seed
MS,2023,asian,non-hisp,m,40-44,,0.00504,synthetic_seed
MS,2023,asian,non-hisp,m,45-49,,0.00358,synthetic_seed
MS,2023,asian,non-hisp,m,50-54,,0.00225,synthetic_seed
MS,2023,asian,non-hisp,m,55-59,,0.00133,synthetic_seed
MS,2023,asian,non-hisp,m,60-64,,0.00145,synthetic_seed
MS,2023,asian,non-hisp,m,65-69,,0.00119,synthetic_seed
MS,2023,asian,non-hisp,m,70-74,,0.00124,synthetic_seed
MS,2023,asian,non-hisp,m,75-79,,0.00118,synthetic_seed
MS,2023,asian,non-hisp,m,80-84,,0.00114,synthetic_seed
MS,2023,asian,non-hisp,m,85+,,0.00131,synthetic_seed
MS,2023,asian,non-hisp,f,0-4,,0.00107,synthetic_seed
MS,2023,asian,non-hisp,f,5-9,,0.00094,synthetic_seed
MS,2023,asian,non-hisp,f,10-14,,0.00101,synthetic_seed
MS,2023,asian,non-hisp,f,15-19,,0.00354,synthetic_seed
MS,2023,asian,non-hisp,f,20-24,,0.00704,synthetic_seed
MS,2023,asian,non-hisp,f,25-29,,0.00655,synthetic_seed
MS,2023,asian,non-hisp,f,30-34,,0.00738,synthetic_seed
MS,2023,asian,non-hisp,f,35-39,,0.00597,synthetic_seed
MS,2023,asian,non-hisp,f,40-44,,0.00614,synthetic_seed
MS,2023,asian,non-hisp,f,45-49,,0.00329,synthetic_seed
MS,2023,asian,non-hisp,f,50-54,,0.00332,synthetic_seed
MS,2023,asian,non-hisp,f,55-59,,0.00151,synthetic_seed
MS,2023,asian,non-hisp,f,60-64,,0.0013,synthetic_seed
MS,2023,asian,non-hisp,f,65-69,,0.00156,synthetic_seed
MS,2023,asian,non-hisp,f,70-74,,0.00127,synthetic_seed
MS,2023,asian,non-hisp,f,75-79,,0.00121,synthetic_seed
MS,2023,asian,non-hisp,f,80-84,,0.00102,synthetic_seed
MS,2023,asian,non-hisp,f,85+,,0.00115,synthetic_seed
MS,2023,asian,hisp,m,0-4,,0.00107,synthetic_seed
MS,2023,asian,hisp,m,5-9,,0.00105,synthetic_seed
MS,2023,asian,hisp,m,10-14,,0.00147,synthetic_seed
MS,2023,asian,hisp,m,15-19,,0.00336,synthetic_seed
MS,2023,asian,hisp,m,20-24,,0.00615,synthetic_seed
MS,2023,asian,hisp,m,25-29,,0.00466,synthetic_seed
MS,2023,asian,hisp,m,30-34,,0.00584,synthetic_seed
MS,2023,asian,hisp,m,35-39,,0.0054,synthetic_seed
MS,2023,asian,hisp,m,40-44,,0.0053,synthetic_seed
MS,2023,asian,hisp,m,45-49,,0.00366,synthetic_seed
MS,2023,asian,hisp,m,50-54,,0.00332,synthetic_seed
MS,2023,asian,hisp,m,55-59,,0.00097,synthetic_seed
MS,2023,asian,hisp,m,60-64,,0.00113,synthetic_seed
MS,2023,asian,hisp,m,65-69,,0.00121,synthetic_seed
MS,2023,asian,hisp,m,70-74,,0.00082,synthetic_seed
MS,2023,asian,hisp,m,75-79,,0.00138,synthetic_seed
MS,2023,asian,hisp,m,80-84,,0.00122,synthetic_seed
MS,2023,asian,hisp,m,85+,,0.00141,synthetic_seed
MS,2023,asian,hisp,f,0-4,,0.00121,synthetic_seed
MS,2023,asian,hisp,f,5-9,,0.00108,synthetic_seed
MS,2023,asian,hisp,f,10-14,,0.00119,synthetic_seed
MS,2023,asian,hisp,f,15-19,,0.00228,synthetic_seed
MS,2023,asian,hisp,f,20-24,,0.00589,synthetic_seed
MS,2023,asian,hisp,f,25-29,,0.00619,synthetic_seed
MS,2023,asian,hisp,f,30-34,,0.00698,synthetic_seed
MS,2023,asian,hisp,f,35-39,,0.00608,synthetic_seed
MS,2023,asian,hisp,f,40-44,,0.00742,synthetic_seed
MS,2023,asian,hisp,f,45-49,,0.00217,synthetic_seed
MS,2023,asian,hisp,f,50-54,,0.00255,synthetic_seed
MS,2023,asian,hisp,f,55-59,,0.00097,synthetic_seed
MS,2023,asian,hisp,f,60-64,,0.00128,synthetic_seed
MS,2023,asian,hisp,f,65-69,,0.00117,synthetic_seed
MS,2023,asian,hisp,f,70-74,,0.00108,synthetic_seed
MS,2023,asian,hisp,f,75-79,,0.00134,synthetic_seed
MS,2023,asian,hisp,f,80-84,,0.00101,synthetic_seed
MS,2023,asian,hisp,f,85+,,0.00117,synthetic_seed
MS,2023,other,non-hisp,m,0-4,,0.00142,synthetic_seed
MS,2023,other,non-hisp,m,5-9,,0.00102,synthetic_seed
MS,2023,other,non-hisp,m,10-14,,0.00112,synthetic_seed
MS,2023,other,non-hisp,m,15-19,,0.00339,synthetic_seed
MS,2023,other,non-hisp,m,20-24,,0.00872,synthetic_seed
MS,2023,other,non-hisp,m,25-29,,0.00613,synthetic_seed
MS,2023,other,non-hisp,m,30-34,,0.00649,synthetic_seed
MS,2023,other,non-hisp,m,35-39,,0.00652,synthetic_seed
MS,2023,other,non-hisp,m,40-44,,0.00586,synthetic_seed
MS,2023,other,non-hisp,m,45-49,,0.00347,synthetic_seed
MS,2023,other,non-hisp,m,50-54,,0.00279,synthetic_seed
MS,2023,other,non-hisp,m,55-59,,0.00102,synthetic_seed
MS,2023,other,non-hisp,m,60-64,,0.00149,synthetic_seed
MS,2023,other,non-hisp,m,65-69,,0.00136,synthetic_seed
MS,2023,other,non-hisp,m,70-74,,0.00109,synthetic_seed
MS,2023,other,non-hisp,m,75-79,,0.00125,synthetic_seed
MS,2023,other,non-hisp,m,80-84,,0.0011,synthetic_seed
MS,2023,other,non-hisp,m,85+,,0.00106,synthetic_seed
MS,2023,other,non-hisp,f,0-4,,0.00114,synthetic_seed
MS,2023,other,non-hisp,f,5-9,,0.00109,synthetic_seed
MS,2023,other,non-hisp,f,10-14,,0.00114,synthetic_seed
MS,2023,other,non-hisp,f,15-19,,0.00299,synthetic_seed
MS,2023,other,non-hisp,f,20-24,,0.0067,synthetic_seed
MS,2023,other,non-hisp,f,25-29,,0.00525,synthetic_seed
MS,2023,other,non-hisp,f,30-34,,0.00579,synthetic_seed
MS,2023,other,non-hisp,f,35-39,,0.00556,synthetic_seed
MS,2023,other,non-hisp,f,40-44,,0.00573,synthetic_seed
MS,2023,other,non-hisp,f,45-49,,0.00293,synthetic_seed
MS,2023,other,non-hisp,f,50-54,,0.00291,synthetic_seed
MS,2023,other,non-hisp,f,55-59,,0.00116,synthetic_seed
MS,2023,other,non-hisp,f,60-64,,0.00108,synthetic_seed
MS,2023,other,non-hisp,f,65-69,,0.00133,synthetic_seed
MS,2023,other,non-hisp,f,70-74,,0.0011,synthetic_seed
MS,2023,other,non-hisp,f,75-79,,0.00141,synthetic_seed
MS,2023,other,non-hisp,f,80-84,,0.0014,synthetic_seed
MS,2023,other,non-hisp,f,85+,,0.00117,synthetic_seed
MS,2023,other,hisp,m,0-4,,0.00133,synthetic_seed
MS,2023,other,hisp,m,5-9,,0.00123,synthetic_seed
MS,2023,other,hisp,m,10-14,,0.00166,synthetic_seed
MS,2023,other,hisp,m,15-19,,0.00253,synthetic_seed
MS,2023,other,hisp,m,20-24,,0.00599,synthetic_seed
MS,2023,other,hisp,m,25-29,,0.00531,synthetic_seed
MS,2023,other,hisp,m,30-34,,0.00497,synthetic_seed
MS,2023,other,hisp,m,35-39,,0.00707,synthetic_seed
MS,2023,other,hisp,m,40-44,,0.00686,synthetic_seed
MS,2023,other,hisp,m,45-49,,0.00369,synthetic_seed
MS,2023,other,hisp,m,50-54,,0.00271,synthetic_seed
MS,2023,other,hisp,m,55-59,,0.00098,synthetic_seed
MS,2023,other,hisp,m,60-64,,0.0012,synthetic_seed
MS,2023,other,hisp,m,65-69,,0.00109,synthetic_seed
MS,2023,other,hisp,m,70-74,,0.00097,synthetic_seed
MS,2023,other,hisp,m,75-79,,0.00115,synthetic_seed
MS,2023,other,hisp,m,80-84,,0.00117,synthetic_seed
MS,2023,other,hisp,m,85+,,0.00115,synthetic_seed
MS,2023,other,hisp,f,0-4,,0.00091,synthetic_seed
MS,2023,other,hisp,f,5-9,,0.00131,synthetic_seed
MS,2023,other,hisp,f,10-14,,0.00143,synthetic_seed
MS,2023,other,hisp,f,15-19,,0.00253,synthetic_seed
MS,2023,other,hisp,f,20-24,,0.00682,synthetic_seed
MS,2023,other,hisp,f,25-29,,0.00672,synthetic_seed
MS,2023,other,hisp,f,30-34,,0.00513,synthetic_seed
MS,2023,other,hisp,f,35-39,,0.00622,synthetic_seed
MS,2023,other,hisp,f,40-44,,0.00685,synthetic_seed
MS,2023,other,hisp,f,45-49,,0.00289,synthetic_seed
MS,2023,other,hisp,f,50-54,,0.00288,synthetic_seed
MS,2023,other,hisp,f,55-59,,0.00118,synthetic_seed
MS,2023,other,hisp,f,60-64,,0.00097,synthetic_seed
MS,2023,other,hisp,f,65-69,,0.00131,synthetic_seed
MS,2023,other,hisp,f,70-74,,0.00123,synthetic_seed
MS,2023,other,hisp,f,75-79,,0.00125,synthetic_seed
MS,2023,other,hisp,f,80-84,,0.00144,synthetic_seed
MS,2023,other,hisp,f,85+,,0.00131,synthetic_seed
MO,2023,white,non-hisp,m,0-4,,0.00179,synthetic_seed
MO,2023,white,non-hisp,m,5-9,,0.00172,synthetic_seed
MO,2023,white,non-hisp,m,10-14,,0.00149,synthetic_seed
MO,2023,white,non-hisp,m,15-19,,0.00397,synthetic_seed
MO,2023,white,non-hisp,m,20-24,,0.00758,synthetic_seed
MO,2023,white,non-hisp,m,25-29,,0.01039,synthetic_seed
MO,2023,white,non-hisp,m,30-34,,0.00976,synthetic_seed
MO,2023,white,non-hisp,m,35-39,,0.00697,synthetic_seed
MO,2023,white,non-hisp,m,40-44,,0.00773,synthetic_seed
MO,2023,white,non-hisp,m,45-49,,0.00377,synthetic_seed
MO,2023,white,non-hisp,m,50-54,,0.00488,synthetic_seed
MO,2023,white,non-hisp,m,55-59,,0.00148,synthetic_seed
MO,2023,white,non-hisp,m,60-64,,0.00179,synthetic_seed
MO,2023,white,non-hisp,m,65-69,,0.00142,synthetic_seed
MO,2023,white,non-hisp,m,70-74,,0.00213,synthetic_seed
MO,2023,white,non-hisp,m,75-79,,0.00132,synthetic_seed
MO,2023,white,non-hisp,m,80-84,,0.00148,synthetic_seed
MO,2023,white,non-hisp,m,85+,,0.00187,synthetic_seed
MO,2023,white,non-hisp,f,0-4,,0.00165,synthetic_seed
MO,2023,white,non-hisp,f,5-9,,0.00133,synthetic_seed
MO,2023,white,non-hisp,f,10-14,,0.00155,synthetic_seed
MO,2023,white,non-hisp,f,15-19,,0.00449,synthetic_seed
MO,2023,white,non-hisp,f,20-24,,0.00852,synthetic_seed
MO,2023,white,non-hisp,f,25-29,,0.00865,synthetic_seed
MO,2023,white,non-hisp,f,30-34,,0.0086,synthetic_seed
MO,2023,white,non-hisp,f,35-39,,0.00816,synthetic_seed
MO,2023,white,non-hisp,f,40-44,,0.00856,synthetic_seed
MO,2023,white,non-hisp,f,45-49,,0.00399,synthetic_seed
MO,2023,white,non-hisp,f,50-54,,0.00379,synthetic_seed
MO,2023,white,non-hisp,f,55-59,,0.00188,synthetic_seed
MO,2023,white,non-hisp,f,60-64,,0.00142,synthetic_seed
MO,2023,white,non-hisp,f,65-69,,0.00195,synthetic_seed
MO,2023,white,non-hisp,f,70-74,,0.00168,synthetic_seed
MO,2023,white,non-hisp,f,75-79,,0.00197,synthetic_seed
MO,2023,white,non-hisp,f,80-84,,0.00203,synthetic_seed
MO,2023,white,non-hisp,f,85+,,0.00175,synthetic_seed
MO,2023,white,hisp,m,0-4,,0.00176,synthetic_seed
MO,2023,white,hisp,m,5-9,,0.00183,synthetic_seed
MO,2023,white,hisp,m,10-14,,0.00148,synthetic_seed
MO,2023,white,hisp,m,15-19,,0.004,synthetic_seed
MO,2023,white,hisp,m,20-24,,0.00816,synthetic_seed
MO,2023,white,hisp,m,25-29,,0.00843,synthetic_seed
MO,2023,white,hisp,m,30-34,,0.00967,synthetic_seed
MO,2023,white,hisp,m,35-39,,0.00781,synthetic_seed
MO,2023,white,hisp,m,40-44,,0.00808,synthetic_seed
MO,2023,white,hisp,m,45-49,,0.00475,synthetic_seed
MO,2023,white,hisp,m,50-54,,0.00377,synthetic_seed
MO,2023,white,hisp,m,55-59,,0.00176,synthetic_seed
MO,2023,white,hisp,m,60-64,,0.00143,synthetic_seed
MO,2023,white,hisp,m,65-69,,0.00168,synthetic_seed
MO,2023,white,hisp,m,70-74,,0.0019,synthetic_seed
MO,2023,white,hisp,m,75-79,,0.00163,synthetic_seed
MO,2023,white,hisp,m,80-84,,0.00138,synthetic_seed
MO,2023,white,hisp,m,85+,,0.00186,synthetic_seed
MO,2023,white,hisp,f,0-4,,0.00186,synthetic_seed
MO,2023,white,hisp,f,5-9,,0.00162,synthetic_seed
MO,2023,white,hisp,f,10-14,,0.0017,synthetic_seed
MO,2023,white,hisp,f,15-19,,0.00245,synthetic_seed
MO,2023,white,hisp,f,20-24,,0.00639,synthetic_seed
MO,2023,white,hisp,f,25-29,,0.0073,synthetic_seed
MO,2023,white,hisp,f,30-34,,0.00821,synthetic_seed
MO,2023,white,hisp,f,35-39,,0.00711,synthetic_seed
MO,2023,white,hisp,f,40-44,,0.0084,synthetic_seed
MO,2023,white,hisp,f,45-49,,0.00497,synthetic_seed
MO,2023,white,hisp,f,50-54,,0.00404,synthetic_seed
MO,2023,white,hisp,f,55-59,,0.00171,synthetic_seed
MO,2023,white,hisp,f,60-64,,0.00134,synthetic_seed
MO,2023,white,hisp,f,65-69,,0.00188,synthetic_seed
MO,2023,white,hisp,f,70-74,,0.00155,synthetic_seed
MO,2023,white,hisp,f,75-79,,0.00154,synthetic_seed
MO,2023,white,hisp,f,80-84,,0.00143,synthetic_seed
MO,2023,white,hisp,f,85+,,0.00136,synthetic_seed
MO,2023,black,non-hisp,m,0-4,,0.00165,synthetic_seed
MO,2023,black,non-hisp,m,5-9,,0.00136,synthetic_seed
MO,2023,black,non-hisp,m,10-14,,0.00164,synthetic_seed
MO,2023,black,non-hisp,m,15-19,,0.00324,synthetic_seed
MO,2023,black,non-hisp,m,20-24,,0.00639,synthetic_seed
MO,2023,black,non-hisp,m,25-29,,0.00712,synthetic_seed
MO,2023,black,non-hisp,m,30-34,,0.00616,synthetic_seed
MO,2023,black,non-hisp,m,35-39,,0.00985,synthetic_seed
MO,2023,black,non-hisp,m,40-44,,0.00794,synthetic_seed
MO,2023,black,non-hisp,m,45-49,,0.00271,synthetic_seed
MO,2023,black,non-hisp,m,50-54,,0.0042,synthetic_seed
MO,2023,black,non-hisp,m,55-59,,0.00145,synthetic_seed
MO,2023,black,non-hisp,m,60-64,,0.00172,synthetic_seed
MO,2023,black,non-hisp,m,65-69,,0.00178,synthetic_seed
MO,2023,black,non-hisp,m,70-74,,0.00167,synthetic_seed
MO,2023,black,non-hisp,m,75-79,,0.00145,synthetic_seed
MO,2023,black,non-hisp,m,80-84,,0.00151,synthetic_seed
MO,2023,black,non-hisp,m,85+,,0.00155,synthetic_seed
MO,2023,black,non-hisp,f,0-4,,0.00133,synthetic_seed
MO,2023,black,non-hisp,f,5-9,,0.00205,synthetic_seed
MO,2023,black,non-hisp,f,10-14,,0.00173,synthetic_seed
MO,2023,black,non-hisp,f,15-19,,0.00387,synthetic_seed
MO,2023,black,non-hisp,f,20-24,,0.00778,synthetic_seed
MO,2023,black,non-hisp,f,25-29,,0.00926,synthetic_seed
MO,2023,black,non-hisp,f,30-34,,0.00894,synthetic_seed
MO,2023,black,non-hisp,f,35-39,,0.00847,synthetic_seed
MO,2023,black,non-hisp,f,40-44,,0.01,synthetic_seed
MO,2023,black,non-hisp,f,45-49,,0.00317,synthetic_seed
MO,2023,black,non-hisp,f,50-54,,0.0048,synthetic_seed
MO,2023,black,non-hisp,f,55-59,,0.0014,synthetic_seed
MO,2023,black,non-hisp,f,60-64,,0.00157,synthetic_seed
MO,2023,black,non-hisp,f,65-69,,0.00171,synthetic_seed
MO,2023,black,non-hisp,f,70-74,,0.00183,synthetic_seed
MO,2023,black,non-hisp,f,75-79,,0.00185,synthetic_seed
MO,2023,black,non-hisp,f,80-84,,0.0014,synthetic_seed
MO,2023,black,non-hisp,f,85+,,0.00156,synthetic_seed
MO,2023,black,hisp,m,0-4,,0.00189,synthetic_seed
MO,2023,black,hisp,m,5-9,,0.00159,synthetic_seed
MO,2023,black,hisp,m,10-14,,0.00125,synthetic_seed
MO,2023,black,hisp,m,15-19,,0.00473,synthetic_seed
MO,2023,black,hisp,m,20-24,,0.0097,synthetic_seed
MO,2023,black,hisp,m,25-29,,0.00624,synthetic_seed
MO,2023,black,hisp,m,30-34,,0.00646,synthetic_seed
MO,2023,black,hisp,m,35-39,,0.00715,synthetic_seed
MO,2023,black,hisp,m,40-44,,0.00817,synthetic_seed
MO,2023,black,hisp,m,45-49,,0.00427,synthetic_seed
MO,2023,black,hisp,m,50-54,,0.00383,synthetic_seed
MO,2023,black,hisp,m,55-59,,0.00124,synthetic_seed
MO,2023,black,hisp,m,60-64,,0.00139,synthetic_seed
MO,2023,black,hisp,m,65-69,,0.00162,synthetic_seed
MO,2023,black,hisp,m,70-74,,0.00174,synthetic_seed
MO,2023,black,hisp,m,75-79,,0.00168,synthetic_seed
MO,2023,black,hisp,m,80-84,,0.00178,synthetic_seed
MO,2023,black,hisp,m,85+,,0.00148,synthetic_seed
MO,2023,black,hisp,f,0-4,,0.00186,synthetic_seed
MO,2023,black,hisp,f,5-9,,0.00159,synthetic_seed
MO,2023,black,hisp,f,10-14,,0.00194,synthetic_seed
MO,2023,black,hisp,f,15-19,,0.00369,synthetic_seed
MO,2023,black,hisp,f,20-24,,0.00938,synthetic_seed
MO,2023,black,hisp,f,25-29,,0.00735,synthetic_seed
MO,2023,black,hisp,f,30-34,,0.00779,synthetic_seed
MO,2023,black,hisp,f,35-39,,0.00634,synthetic_seed
MO,2023,black,hisp,f,40-44,,0.00757,synthetic_seed
MO,2023,black,hisp,f,45-49,,0.00262,synthetic_seed
MO,2023,black,hisp,f,50-54,,0.00362,synthetic_seed
MO,2023,black,hisp,f,55-59,,0.00153,synthetic_seed
MO,2023,black,hisp,f,60-64,,0.00163,synthetic_seed
MO,2023,black,hisp,f,65-69,,0.00188,synthetic_seed
MO,2023,black,hisp,f,70-74,,0.00202,synthetic_seed
MO,2023,black,hisp,f,75-79,,0.0018,synthetic_seed
MO,2023,black,hisp,f,80-84,,0.0016,synthetic_seed
MO,2023,black,hisp,f,85+,,0.0013,synthetic_seed
MO,2023,asian,non-hisp,m,0-4,,0.00173,synthetic_seed
MO,2023,asian,non-hisp,m,5-9,,0.00151,synthetic_seed
MO,2023,asian,non-hisp,m,10-14,,0.00135,synthetic_seed
MO,2023,asian,non-hisp,m,15-19,,0.00456,synthetic_seed
MO,2023,asian,non-hisp,m,20-24,,0.00733,synthetic_seed
MO,2023,asian,non-hisp,m,25-29,,0.00708,synthetic_seed
MO,2023,asian,non-hisp,m,30-34,,0.00967,synthetic_seed
MO,2023,asian,non-hisp,m,35-39,,0.00891,synthetic_seed
MO,2023,asian,non-hisp,m,40-44,,0.00854,synthetic_seed
MO,2023,asian,non-hisp,m,45-49,,0.00401,synthetic_seed
MO,2023,asian,non-hisp,m,50-54,,0.00296,synthetic_seed
MO,2023,asian,non-hisp,m,55-59,,0.00192,synthetic_seed
MO,2023,asian,non-hisp,m,60-64,,0.00126,synthetic_seed
MO,2023,asian,non-hisp,m,65-69,,0.00174,synthetic_seed
MO,2023,asian,non-hisp,m,70-74,,0.0017,synthetic_seed
MO,2023,asian,non-hisp,m,75-79,,0.00146,synthetic_seed
MO,2023,asian,non-hisp,m,80-84,,0.00151,synthetic_seed
MO,2023,asian,non-hisp,m,85+,,0.00153,synthetic_seed
MO,2023,asian,non-hisp,f,0-4,,0.00192,synthetic_seed
MO,2023,asian,non-hisp,f,5-9,,0.00172,synthetic_seed
MO,2023,asian,non-hisp,f,10-14,,0.00162,synthetic_seed
MO,2023,asian,non-hisp,f,15-19,,0.00439,synthetic_seed
MO,2023,asian,non-hisp,f,20-24,,0.00777,synthetic_seed
MO,2023,asian,non-hisp,f,25-29,,0.00572,synthetic_seed
MO,2023,asian,non-hisp,f,30-34,,0.00678,synthetic_seed
MO,2023,asian,non-hisp,f,35-39,,0.00861,synthetic_seed
MO,2023,asian,non-hisp,f,40-44,,0.01127,synthetic_seed
MO,2023,asian,non-hisp,f,45-49,,0.00476,synthetic_seed
MO,2023,asian,non-hisp,f,50-54,,0.00433,synthetic_seed
MO,2023,asian,non-hisp,f,55-59,,0.00189,synthetic_seed
MO,2023,asian,non-hisp,f,60-64,,0.00132,synthetic_seed
MO,2023,asian,non-hisp,f,65-69,,0.00133,synthetic_seed
MO,2023,asian,non-hisp,f,70-74,,0.00131,synthetic_seed
MO,2023,asian,non-hisp,f,75-79,,0.0015,synthetic_seed
MO,2023,asian,non-hisp,f,80-84,,0.00142,synthetic_seed
MO,2023,asian,non-hisp,f,85+,,0.00151,synthetic_seed
MO,2023,asian,hisp,m,0-4,,0.00163,synthetic_seed
MO,2023,asian,hisp,m,5-9,,0.00126,synthetic_seed
MO,2023,asian,hisp,m,10-14,,0.00135,synthetic_seed
MO,2023,asian,hisp,m,15-19,,0.00464,synthetic_seed
MO,2023,asian,hisp,m,20-24,,0.00825,synthetic_seed
MO,2023,asian,hisp,m,25-29,,0.00695,synthetic_seed
MO,2023,asian,hisp,m,30-34,,0.00825,synthetic_seed
MO,2023,asian,hisp,m,35-39,,0.00704,synthetic_seed
MO,2023,asian,hisp,m,40-44,,0.00648,synthetic_seed
MO,2023,asian,hisp,m,45-49,,0.00439,synthetic_seed
MO,2023,asian,hisp,m,50-54,,0.00499,synthetic_seed
MO,2023,asian,hisp,m,55-59,,0.00146,synthetic_seed
MO,2023,asian,hisp,m,60-64,,0.00164,synthetic_seed
MO,2023,asian,hisp,m,65-69,,0.00166,synthetic_seed
MO,2023,asian,hisp,m,70-74,,0.00153,synthetic_seed
MO,2023,asian,hisp,m,75-79,,0.00138,synthetic_seed
MO,2023,asian,hisp,m,80-84,,0.0019,synthetic_seed
MO,2023,asian,hisp,m,85+,,0.00113,synthetic_seed
MO,2023,asian,hisp,f,0-4,,0.00147,synthetic_seed
MO,2023,asian,hisp,f,5-9,,0.00169,synthetic_seed
MO,2023,asian,hisp,f,10-14,,0.00159,synthetic_seed
MO,2023,asian,hisp,f,15-19,,0.00414,synthetic_seed
MO,2023,asian,hisp,f,20-24,,0.0069,synthetic_seed
MO,2023,asian,hisp,f,25-29,,0.00767,synthetic_seed
MO,2023,asian,hisp,f,30-34,,0.01007,synthetic_seed
MO,2023,asian,hisp,f,35-39,,0.00747,synthetic_seed
MO,2023,asian,hisp,f,40-44,,0.00632,synthetic_seed
MO,2023,asian,hisp,f,45-49,,0.00328,synthetic_seed
MO,2023,asian,hisp,f,50-54,,0.00375,synthetic_seed
MO,2023,asian,hisp,f,55-59,,0.00124,synthetic_seed
MO,2023,asian,hisp,f,60-64,,0.00177,synthetic_seed
MO,2023,asian,hisp,f,65-69,,0.0012,synthetic_seed
MO,2023,asian,hisp,f,70-74,,0.00114,synthetic_seed
MO,2023,asian,hisp,f,75-79,,0.00154,synthetic_seed
MO,2023,asian,hisp,f,80-84,,0.0012,synthetic_seed
MO,2023,asian,hisp,f,85+,,0.00163,synthetic_seed
MO,2023,other,non-hisp,m,0-4,,0.00167,synthetic_seed
MO,2023,other,non-hisp,m,5-9,,0.00199,synthetic_seed
MO,2023,other,non-hisp,m,10-14,,0.00114,synthetic_seed
MO,2023,other,non-hisp,m,15-19,,0.00448,synthetic_seed
MO,2023,other,non-hisp,m,20-24,,0.00967,synthetic_seed
MO,2023,other,non-hisp,m,25-29,,0.00746,synthetic_seed
MO,2023,other,non-hisp,m,30-34,,0.00848,synthetic_seed
MO,2023,other,non-hisp,m,35-39,,0.00817,synthetic_seed
MO,2023,other,non-hisp,m,40-44,,0.00933,synthetic_seed
MO,2023,other,non-hisp,m,45-49,,0.00339,synthetic_seed
MO,2023,other,non-hisp,m,50-54,,0.00457,synthetic_seed
MO,2023,other,non-hisp,m,55-59,,0.00129,synthetic_seed
MO,2023,other,non-hisp,m,60-64,,0.00182,synthetic_seed
MO,2023,other,non-hisp,m,65-69,,0.00152,synthetic_seed
MO,2023,other,non-hisp,m,70-74,,0.00157,synthetic_seed
MO,2023,other,non-hisp,m,75-79,,0.00161,synthetic_seed
MO,2023,other,non-hisp,m,80-84,,0.0016,synthetic_seed
MO,2023,other,non-hisp,m,85+,,0.00159,synthetic_seed
MO,2023,other,non-hisp,f,0-4,,0.00174,synthetic_seed
MO,2023,other,non-hisp,f,5-9,,0.00157,synthetic_seed
MO,2023,other,non-hisp,f,10-14,,0.00162,synthetic_seed
MO,2023,other,non-hisp,f,15-19,,0.00434,synthetic_seed
MO,2023,other,non-hisp,f,20-24,,0.0086,synthetic_seed
MO,2023,other,non-hisp,f,25-29,,0.00783,synthetic_seed
MO,2023,other,non-hisp,f,30-34,,0.00795,synthetic_seed
MO,2023,other,non-hisp,f,35-39,,0.00603,synthetic_seed
MO,2023,other,non-hisp,f,40-44,,0.00649,synthetic_seed
MO,2023,other,non-hisp,f,45-49,,0.00329,synthetic_seed
MO,2023,other,non-hisp,f,50-54,,0.00401,synthetic_seed
MO,2023,other,non-hisp,f,55-59,,0.00101,synthetic_seed
MO,2023,other,non-hisp,f,60-64,,0.00182,synthetic_seed
MO,2023,other,non-hisp,f,65-69,,0.00143,synthetic_seed
MO,2023,other,non-hisp,f,70-74,,0.00139,synthetic_seed
MO,2023,other,non-hisp,f,75-79,,0.00154,synthetic_seed
MO,2023,other,non-hisp,f,80-84,,0.00173,synthetic_seed
MO,2023,other,non-hisp,f,85+,,0.00206,synthetic_seed
MO,2023,other,hisp,m,0-4,,0.00148,synthetic_seed
MO,2023,other,hisp,m,5-9,,0.0015,synthetic_seed
MO,2023,other,hisp,m,10-14,,0.002,synthetic_seed
MO,2023,other,hisp,m,15-19,,0.00426,synthetic_seed
MO,2023,other,hisp,m,20-24,,0.00829,synthetic_seed
MO,2023,other,hisp,m,25-29,,0.01013,synthetic_seed
MO,2023,other,hisp,m,30-34,,0.00565,synthetic_seed
MO,2023,other,hisp,m,35-39,,0.00732,synthetic_seed
MO,2023,other,hisp,m,40-44,,0.0081,synthetic_seed
MO,2023,other,hisp,m,45-49,,0.00439,synthetic_seed
MO,2023,other,hisp,m,50-54,,0.00502,synthetic_seed
MO,2023,other,hisp,m,55-59,,0.00195,synthetic_seed
MO,2023,other,hisp,m,60-64,,0.0018,synthetic_seed
MO,2023,other,hisp,m,65-69,,0.00168,synthetic_seed
MO,2023,other,hisp,m,70-74,,0.0017,synthetic_seed
MO,2023,other,hisp,m,75-79,,0.00165,synthetic_seed
MO,2023,other,hisp,m,80-84,,0.0016,synthetic_seed
MO,2023,other,hisp,m,85+,,0.00163,synthetic_seed
MO,2023,other,hisp,f,0-4,,0.00154,synthetic_seed
MO,2023,other,hisp,f,5-9,,0.00164,synthetic_seed
MO,2023,other,hisp,f,10-14,,0.0017,synthetic_seed
MO,2023,other,hisp,f,15-19,,0.00306,synthetic_seed
MO,2023,other,hisp,f,20-24,,0.00519,synthetic_seed
MO,2023,other,hisp,f,25-29,,0.00713,synthetic_seed
MO,2023,other,hisp,f,30-34,,0.00748,synthetic_seed
MO,2023,other,hisp,f,35-39,,0.00883,synthetic_seed
MO,2023,other,hisp,f,40-44,,0.00833,synthetic_seed
MO,2023,other,hisp,f,45-49,,0.00349,synthetic_seed
MO,2023,other,hisp,f,50-54,,0.00336,synthetic_seed
MO,2023,other,hisp,f,55-59,,0.00149,synthetic_seed
MO,2023,other,hisp,f,60-64,,0.00203,synthetic_seed
MO,2023,other,hisp,f,65-69,,0.00162,synthetic_seed
MO,2023,other,hisp,f,70-74,,0.00109,synthetic_seed
MO,2023,other,hisp,f,75-79,,0.00128,synthetic_seed
MO,2023,other,hisp,f,80-84,,0.00089,synthetic_seed
MO,2023,other,hisp,f,85+,,0.00155,synthetic_seed
MT,2023,white,non-hisp,m,0-4,,0.00235,synthetic_seed
MT,2023,white,non-hisp,m,5-9,,0.00215,synthetic_seed
MT,2023,white,non-hisp,m,10-14,,0.00299,synthetic_seed
MT,2023,white,non-hisp,m,15-19,,0.00487,synthetic_seed
MT,2023,white,non-hisp,m,20-24,,0.01101,synthetic_seed
MT,2023,white,non-hisp,m,25-29,,0.01146,synthetic_seed
MT,2023,white,non-hisp,m,30-34,,0.01153,synthetic_seed
MT,2023,white,non-hisp,m,35-39,,0.01231,synthetic_seed
MT,2023,white,non-hisp,m,40-44,,0.01224,synthetic_seed
MT,2023,white,non-hisp,m,45-49,,0.00642,synthetic_seed
MT,2023,white,non-hisp,m,50-54,,0.00544,synthetic_seed
MT,2023,white,non-hisp,m,55-59,,0.00211,synthetic_seed
MT,2023,white,non-hisp,m,60-64,,0.00232,synthetic_seed
MT,2023,white,non-hisp,m,65-69,,0.0024,synthetic_seed
MT,2023,white,non-hisp,m,70-74,,0.00252,synthetic_seed
MT,2023,white,non-hisp,m,75-79,,0.00239,synthetic_seed
MT,2023,white,non-hisp,m,80-84,,0.00226,synthetic_seed
MT,2023,white,non-hisp,m,85+,,0.00237,synthetic_seed
MT,2023,white,non-hisp,f,0-4,,0.0024,synthetic_seed
MT,2023,white,non-hisp,f,5-9,,0.00194,synthetic_seed
MT,2023,white,non-hisp,f,10-14,,0.00302,synthetic_seed
MT,2023,white,non-hisp,f,15-19,,0.0058,synthetic_seed
MT,2023,white,non-hisp,f,20-24,,0.01244,synthetic_seed
MT,2023,white,non-hisp,f,25-29,,0.0108,synthetic_seed
MT,2023,white,non-hisp,f,30-34,,0.01268,synthetic_seed
MT,2023,white,non-hisp,f,35-39,,0.00923,synthetic_seed
MT,2023,white,non-hisp,f,40-44,,0.01129,synthetic_seed
MT,2023,white,non-hisp,f,45-49,,0.00654,synthetic_seed
MT,2023,white,non-hisp,f,50-54,,0.00563,synthetic_seed
MT,2023,white,non-hisp,f,55-59,,0.00266,synthetic_seed
MT,2023,white,non-hisp,f,60-64,,0.00201,synthetic_seed
MT,2023,white,non-hisp,f,65-69,,0.00201,synthetic_seed
MT,2023,white,non-hisp,f,70-74,,0.00251,synthetic_seed
MT,2023,white,non-hisp,f,75-79,,0.00279,synthetic_seed
MT,2023,white,non-hisp,f,80-84,,0.00228,synthetic_seed
MT,2023,white,non-hisp,f,85+,,0.00224,synthetic_seed
MT,2023,white,hisp,m,0-4,,0.00214,synthetic_seed
MT,2023,white,hisp,m,5-9,,0.00271,synthetic_seed
MT,2023,white,hisp,m,10-14,,0.00234,synthetic_seed
MT,2023,white,hisp,m,15-19,,0.00818,synthetic_seed
MT,2023,white,hisp,m,20-24,,0.00873,synthetic_seed
MT,2023,white,hisp,m,25-29,,0.01031,synthetic_seed
MT,2023,white,hisp,m,30-34,,0.0155,synthetic_seed
MT,2023,white,hisp,m,35-39,,0.01394,synthetic_seed
MT,2023,white,hisp,m,40-44,,0.01161,synthetic_seed
MT,2023,white,hisp,m,45-49,,0.00577,synthetic_seed
MT,2023,white,hisp,m,50-54,,0.00552,synthetic_seed
MT,2023,white,hisp,m,55-59,,0.00288,synthetic_seed
MT,2023,white,hisp,m,60-64,,0.00143,synthetic_seed
MT,2023,white,hisp,m,65-69,,0.00254,synthetic_seed
MT,2023,white,hisp,m,70-74,,0.00239,synthetic_seed
MT,2023,white,hisp,m,75-79,,0.0025,synthetic_seed
MT,2023,white,hisp,m,80-84,,0.00273,synthetic_seed
MT,2023,white,hisp,m,85+,,0.00262,synthetic_seed
MT,2023,white,hisp,f,0-4,,0.00195,synthetic_seed
MT,2023,white,hisp,f,5-9,,0.00204,synthetic_seed
MT,2023,white,hisp,f,10-14,,0.00211,synthetic_seed
MT,2023,white,hisp,f,15-19,,0.00653,synthetic_seed
MT,2023,white,hisp,f,20-24,,0.01095,synthetic_seed
MT,2023,white,hisp,f,25-29,,0.00859,synthetic_seed
MT,2023,white,hisp,f,30-34,,0.01077,synthetic_seed
MT,2023,white,hisp,f,35-39,,0.01281,synthetic_seed
MT,2023,white,hisp,f,40-44,,0.0142,synthetic_seed
MT,2023,white,hisp,f,45-49,,0.00703,synthetic_seed
MT,2023,white,hisp,f,50-54,,0.00543,synthetic_seed
MT,2023,white,hisp,f,55-59,,0.00206,synthetic_seed
MT,2023,white,hisp,f,60-64,,0.00277,synthetic_seed
MT,2023,white,hisp,f,65-69,,0.00222,synthetic_seed
MT,2023,white,hisp,f,70-74,,0.00197,synthetic_seed
MT,2023,white,hisp,f,75-79,,0.00246,synthetic_seed
MT,2023,white,hisp,f,80-84,,0.00231,synthetic_seed
MT,2023,white,hisp,f,85+,,0.00258,synthetic_seed
MT,2023,black,non-hisp,m,0-4,,0.00195,synthetic_seed
MT,2023,black,non-hisp,m,5-9,,0.00202,synthetic_seed
MT,2023,black,non-hisp,m,10-14,,0.00299,synthetic_seed
MT,2023,black,non-hisp,m,15-19,,0.00404,synthetic_seed
MT,2023,black,non-hisp,m,20-24,,0.01082,synthetic_seed
MT,2023,black,non-hisp,m,25-29,,0.01161,synthetic_seed
MT,2023,black,non-hisp,m,30-34,,0.01179,synthetic_seed
MT,2023,black,non-hisp,m,35-39,,0.01388,synthetic_seed
MT,2023,black,non-hisp,m,40-44,,0.00997,synthetic_seed
MT,2023,black,non-hisp,m,45-49,,0.00596,synthetic_seed
MT,2023,black,non-hisp,m,50-54,,0.00771,synthetic_seed
MT,2023,black,non-hisp,m,55-59,,0.00269,synthetic_seed
MT,2023,black,non-hisp,m,60-64,,0.00242,synthetic_seed
MT,2023,black,non-hisp,m,65-69,,0.00212,synthetic_seed
MT,2023,black,non-hisp,m,70-74,,0.00209,synthetic_seed
MT,2023,black,non-hisp,m,75-79,,0.002,synthetic_seed
MT,2023,black,non-hisp,m,80-84,,0.00289,synthetic_seed
MT,2023,black,non-hisp,m,85+,,0.00189,synthetic_seed
MT,2023,black,non-hisp,f,0-4,,0.00287,synthetic_seed
MT,2023,black,non-hisp,f,5-9,,0.00179,synthetic_seed
MT,2023,black,non-hisp,f,10-14,,0.00248,synthetic_seed
MT,2023,black,non-hisp,f,15-19,,0.00661,synthetic_seed
MT,2023,black,non-hisp,f,20-24,,0.0105,synthetic_seed
MT,2023,black,non-hisp,f,25-29,,0.01143,synthetic_seed
MT,2023,black,non-hisp,f,30-34,,0.01251,synthetic_seed
MT,2023,black,non-hisp,f,35-39,,0.01108,synthetic_seed
MT,2023,black,non-hisp,f,40-44,,0.01229,synthetic_seed
MT,2023,black,non-hisp,f,45-49,,0.00622,synthetic_seed
MT,2023,black,non-hisp,f,50-54,,0.00605,synthetic_seed
MT,2023,black,non-hisp,f,55-59,,0.00229,synthetic_seed
MT,2023,black,non-hisp,f,60-64,,0.00207,synthetic_seed
MT,2023,black,non-hisp,f,65-69,,0.00315,synthetic_seed
MT,2023,black,non-hisp,f,70-74,,0.00228,synthetic_seed
MT,2023,black,non-hisp,f,75-79,,0.00204,synthetic_seed
MT,2023,black,non-hisp,f,80-84,,0.00223,synthetic_seed
MT,2023,black,non-hisp,f,85+,,0.00225,synthetic_seed
MT,2023,black,hisp,m,0-4,,0.00225,synthetic_seed
MT,2023,black,hisp,m,5-9,,0.00278,synthetic_seed
MT,2023,black,hisp,m,10-14,,0.00283,synthetic_seed
MT,2023,black,hisp,m,15-19,,0.00537,synthetic_seed
MT,2023,black,hisp,m,20-24,,0.01458,synthetic_seed
MT,2023,black,hisp,m,25-29,,0.01094,synthetic_seed
MT,2023,black,hisp,m,30-34,,0.01076,synthetic_seed
MT,2023,black,hisp,m,35-39,,0.00943,synthetic_seed
MT,2023,black,hisp,m,40-44,,0.00966,synthetic_seed
MT,2023,black,hisp,m,45-49,,0.00539,synthetic_seed
MT,2023,black,hisp,m,50-54,,0.00527,synthetic_seed
MT,2023,black,hisp,m,55-59,,0.00275,synthetic_seed
MT,2023,black,hisp,m,60-64,,0.0027,synthetic_seed
MT,2023,black,hisp,m,65-69,,0.00208,synthetic_seed
MT,2023,black,hisp,m,70-74,,0.00228,synthetic_seed
MT,2023,black,hisp,m,75-79,,0.00272,synthetic_seed
MT,2023,black,hisp,m,80-84,,0.00199,synthetic_seed
MT,2023,black,hisp,m,85+,,0.0029,synthetic_seed
MT,2023,black,hisp,f,0-4,,0.00212,synthetic_seed
MT,2023,black,hisp,f,5-9,,0.00164,synthetic_seed
MT,2023,black,hisp,f,10-14,,0.00272,synthetic_seed
MT,2023,black,hisp,f,15-19,,0.00575,synthetic_seed
MT,2023,black,hisp,f,20-24,,0.01193,synthetic_seed
MT,2023,black,hisp,f,25-29,,0.01044,synthetic_seed
MT,2023,black,hisp,f,30-34,,0.0138,synthetic_seed
MT,2023,black,hisp,f,35-39,,0.01309,synthetic_seed
MT,2023,black,hisp,f,40-44,,0.01117,synthetic_seed
MT,2023,black,hisp,f,45-49,,0.00705,synthetic_seed
MT,2023,black,hisp,f,50-54,,0.00576,synthetic_seed
MT,2023,black,hisp,f,55-59,,0.00246,synthetic_seed
MT,2023,black,hisp,f,60-64,,0.00262,synthetic_seed
MT,2023,black,hisp,f,65-69,,0.00239,synthetic_seed
MT,2023,black,hisp,f,70-74,,0.00213,synthetic_seed
MT,2023,black,hisp,f,75-79,,0.00172,synthetic_seed
MT,2023,black,hisp,f,80-84,,0.00295,synthetic_seed
MT,2023,black,hisp,f,85+,,0.00215,synthetic_seed
MT,2023,asian,non-hisp,m,0-4,,0.00308,synthetic_seed
MT,2023,asian,non-hisp,m,5-9,,0.0015,synthetic_seed
MT,2023,asian,non-hisp,m,10-14,,0.00224,synthetic_seed
MT,2023,asian,non-hisp,m,15-19,,0.00672,synthetic_seed
MT,2023,asian,non-hisp,m,20-24,,0.01194,synthetic_seed
MT,2023,asian,non-hisp,m,25-29,,0.01308,synthetic_seed
MT,2023,asian,non-hisp,m,30-34,,0.01567,synthetic_seed
MT,2023,asian,non-hisp,m,35-39,,0.01036,synthetic_seed
MT,2023,asian,non-hisp,m,40-44,,0.01548,synthetic_seed
MT,2023,asian,non-hisp,m,45-49,,0.00643,synthetic_seed
MT,2023,asian,non-hisp,m,50-54,,0.00446,synthetic_seed
MT,2023,asian,non-hisp,m,55-59,,0.00226,synthetic_seed
MT,2023,asian,non-hisp,m,60-64,,0.00179,synthetic_seed
MT,2023,asian,non-hisp,m,65-69,,0.00241,synthetic_seed
MT,2023,asian,non-hisp,m,70-74,,0.0026,synthetic_seed
MT,2023,asian,non-hisp,m,75-79,,0.00243,synthetic_seed
MT,2023,asian,non-hisp,m,80-84,,0.00257,synthetic_seed
MT,2023,asian,non-hisp,m,85+,,0.00258,synthetic_seed
MT,2023,asian,non-hisp,f,0-4,,0.00278,synthetic_seed
MT,2023,asian,non-hisp,f,5-9,,0.0025,synthetic_seed
MT,2023,asian,non-hisp,f,10-14,,0.00311,synthetic_seed
MT,2023,asian,non-hisp,f,15-19,,0.0057,synthetic_seed
MT,2023,asian,non-hisp,f,20-24,,0.01136,synthetic_seed
MT,2023,asian,non-hisp,f,25-29,,0.01275,synthetic_seed
MT,2023,asian,non-hisp,f,30-34,,0.01216,synthetic_seed
MT,2023,asian,non-hisp,f,35-39,,0.01126,synthetic_seed
MT,2023,asian,non-hisp,f,40-44,,0.01204,synthetic_seed
MT,2023,asian,non-hisp,f,45-49,,0.00584,synthetic_seed
MT,2023,asian,non-hisp,f,50-54,,0.00709,synthetic_seed
MT,2023,asian,non-hisp,f,55-59,,0.0022,synthetic_seed
MT,2023,asian,non-hisp,f,60-64,,0.00203,synthetic_seed
MT,2023,asian,non-hisp,f,65-69,,0.00292,synthetic_seed
MT,2023,asian,non-hisp,f,70-74,,0.00244,synthetic_seed
MT,2023,asian,non-hisp,f,75-79,,0.00269,synthetic_seed
MT,2023,asian,non-hisp,f,80-84,,0.00264,synthetic_seed
MT,2023,asian,non-hisp,f,85+,,0.00236,synthetic_seed
MT,2023,asian,hisp,m,0-4,,0.00278,synthetic_seed
MT,2023,asian,hisp,m,5-9,,0.00181,synthetic_seed
MT,2023,asian,hisp,m,10-14,,0.00274,synthetic_seed
MT,2023,asian,hisp,m,15-19,,0.00653,synthetic_seed
MT,2023,asian,hisp,m,20-24,,0.00968,synthetic_seed
MT,2023,asian,hisp,m,25-29,,0.01156,synthetic_seed
MT,2023,asian,hisp,m,30-34,,0.00632,synthetic_seed
MT,2023,asian,hisp,m,35-39,,0.01218,synthetic_seed
MT,2023,asian,hisp,m,40-44,,0.01428,synthetic_seed
MT,2023,asian,hisp,m,45-49,,0.00514,synthetic_seed
MT,2023,asian,hisp,m,50-54,,0.00651,synthetic_seed
MT,2023,asian,hisp,m,55-59,,0.00216,synthetic_seed
MT,2023,asian,hisp,m,60-64,,0.00265,synthetic_seed
MT,2023,asian,hisp,m,65-69,,0.0021,synthetic_seed
MT,2023,asian,hisp,m,70-74,,0.00208,synthetic_seed
MT,2023,asian,hisp,m,75-79,,0.00305,synthetic_seed
MT,2023,asian,hisp,m,80-84,,0.00244,synthetic_seed
MT,2023,asian,hisp,m,85+,,0.0026,synthetic_seed
MT,2023,asian,hisp,f,0-4,,0.00289,synthetic_seed
MT,2023,asian,hisp,f,5-9,,0.00259,synthetic_seed
MT,2023,asian,hisp,f,10-14,,0.00258,synthetic_seed
MT,2023,asian,hisp,f,15-19,,0.00612,synthetic_seed
MT,2023,asian,hisp,f,20-24,,0.01286,synthetic_seed
MT,2023,asian,hisp,f,25-29,,0.01103,synthetic_seed
MT,2023,asian,hisp,f,30-34,,0.00909,synthetic_seed
MT,2023,asian,hisp,f,35-39,,0.01317,synthetic_seed
MT,2023,asian,hisp,f,40-44,,0.01327,synthetic_seed
MT,2023,asian,hisp,f,45-49,,0.0054,synthetic_seed
MT,2023,asian,hisp,f,50-54,,0.00509,synthetic_seed
MT,2023,asian,hisp,f,55-59,,0.00288,synthetic_seed
MT,2023,asian,hisp,f,60-64,,0.00205,synthetic_seed
MT,2023,asian,hisp,f,65-69,,0.00276,synthetic_seed
MT,2023,asian,hisp,f,70-74,,0.00221,synthetic_seed
MT,2023,asian,hisp,f,75-79,,0.00211,synthetic_seed
MT,2023,asian,hisp,f,80-84,,0.00249,synthetic_seed
MT,2023,asian,hisp,f,85+,,0.00195,synthetic_seed
MT,2023,other,non-hisp,m,0-4,,0.00262,synthetic_seed
MT,2023,other,non-hisp,m,5-9,,0.00214,synthetic_seed
MT,2023,other,non-hisp,m,10-14,,0.00226,synthetic_seed
MT,2023,other,non-hisp,m,15-19,,0.00782,synthetic_seed
MT,2023,other,non-hisp,m,20-24,,0.01085,synthetic_seed
MT,2023,other,non-hisp,m,25-29,,0.01344,synthetic_seed
MT,2023,other,non-hisp,m,30-34,,0.01373,synthetic_seed
MT,2023,other,non-hisp,m,35-39,,0.01347,synthetic_seed
MT,2023,other,non-hisp,m,40-44,,0.01539,synthetic_seed
MT,2023,other,non-hisp,m,45-49,,0.00609,synthetic_seed
MT,2023,other,non-hisp,m,50-54,,0.00658,synthetic_seed
MT,2023,other,non-hisp,m,55-59,,0.00214,synthetic_seed
MT,2023,other,non-hisp,m,60-64,,0.00297,synthetic_seed
MT,2023,other,non-hisp,m,65-69,,0.00191,synthetic_seed
MT,2023,other,non-hisp,m,70-74,,0.00267,synthetic_seed
MT,2023,other,non-hisp,m,75-79,,0.00288,synthetic_seed
MT,2023,other,non-hisp,m,80-84,,0.00222,synthetic_seed
MT,2023,other,non-hisp,m,85+,,0.00221,synthetic_seed
MT,2023,other,non-hisp,f,0-4,,0.00273,synthetic_seed
MT,2023,other,non-hisp,f,5-9,,0.00219,synthetic_seed
MT,2023,other,non-hisp,f,10-14,,0.00184,synthetic_seed
MT,2023,other,non-hisp,f,15-19,,0.00596,synthetic_seed
MT,2023,other,non-hisp,f,20-24,,0.01317,synthetic_seed
MT,2023,other,non-hisp,f,25-29,,0.01063,synthetic_seed
MT,2023,other,non-hisp,f,30-34,,0.00968,synthetic_seed
MT,2023,other,non-hisp,f,35-39,,0.01192,synthetic_seed
MT,2023,other,non-hisp,f,40-44,,0.01119,synthetic_seed
MT,2023,other,non-hisp,f,45-49,,0.00478,synthetic_seed
MT,2023,other,non-hisp,f,50-54,,0.00606,synthetic_seed
MT,2023,other,non-hisp,f,55-59,,0.00203,synthetic_seed
MT,2023,other,non-hisp,f,60-64,,0.00283,synthetic_seed
MT,2023,other,non-hisp,f,65-69,,0.00254,synthetic_seed
MT,2023,other,non-hisp,f,70-74,,0.00251,synthetic_seed
MT,2023,other,non-hisp,f,75-79,,0.00236,synthetic_seed
MT,2023,other,non-hisp,f,80-84,,0.0022,synthetic_seed
MT,2023,other,non-hisp,f,85+,,0.00204,synthetic_seed
MT,2023,other,hisp,m,0-4,,0.0026,synthetic_seed
MT,2023,other,hisp,m,5-9,,0.00287,synthetic_seed
MT,2023,other,hisp,m,10-14,,0.00173,synthetic_seed
MT,2023,other,hisp,m,15-19,,0.00908,synthetic_seed
MT,2023,other,hisp,m,20-24,,0.01243,synthetic_seed
MT,2023,other,hisp,m,25-29,,0.01272,synthetic_seed
MT,2023,other,hisp,m,30-34,,0.01304,synthetic_seed
MT,2023,other,hisp,m,35-39,,0.00995,synthetic_seed
MT,2023,other,hisp,m,40-44,,0.01305,synthetic_seed
MT,2023,other,hisp,m,45-49,,0.00651,synthetic_seed
MT,2023,other,hisp,m,50-54,,0.00463,synthetic_seed
MT,2023,other,hisp,m,55-59,,0.00231,synthetic_seed
MT,2023,other,hisp,m,60-64,,0.00297,synthetic_seed
MT,2023,other,hisp,m,65-69,,0.0019,synthetic_seed
MT,2023,other,hisp,m,70-74,,0.00234,synthetic_seed
MT,2023,other,hisp,m,75-79,,0.00192,synthetic_seed
MT,2023,other,hisp,m,80-84,,0.00228,synthetic_seed
MT,2023,other,hisp,m,85+,,0.00215,synthetic_seed
MT,2023,other,hisp,f,0-4,,0.00252,synthetic_seed
MT,2023,other,hisp,f,5-9,,0.00253,synthetic_seed
MT,2023,other,hisp,f,10-14,,0.00256,synthetic_seed
MT,2023,other,hisp,f,15-19,,0.00497,synthetic_seed
MT,2023,other,hisp,f,20-24,,0.01371,synthetic_seed
MT,2023,other,hisp,f,25-29,,0.01165,synthetic_seed
MT,2023,other,hisp,f,30-34,,0.01045,synthetic_seed
MT,2023,other,hisp,f,35-39,,0.01233,synthetic_seed
MT,2023,other,hisp,f,40-44,,0.01146,synthetic_seed
MT,2023,other,hisp,f,45-49,,0.00699,synthetic_seed
MT,2023,other,hisp,f,50-54,,0.00479,synthetic_seed
MT,2023,other,hisp,f,55-59,,0.00177,synthetic_seed
MT,2023,other,hisp,f,60-64,,0.00233,synthetic_seed
MT,2023,other,hisp,f,65-69,,0.00197,synthetic_seed
MT,2023,other,hisp,f,70-74,,0.00191,synthetic_seed
MT,2023,other,hisp,f,75-79,,0.00255,synthetic_seed
MT,2023,other,hisp,f,80-84,,0.00279,synthetic_seed
MT,2023,other,hisp,f,85+,,0.00204,synthetic_seed
NE,2023,white,non-hisp,m,0-4,,0.00167,synthetic_seed
NE,2023,white,non-hisp,m,5-9,,0.00212,synthetic_seed
NE,2023,white,non-hisp,m,10-14,,0.002,synthetic_seed
NE,2023,white,non-hisp,m,15-19,,0.00477,synthetic_seed
NE,2023,white,non-hisp,m,20-24,,0.01008,synthetic_seed
NE,2023,white,non-hisp,m,25-29,,0.00725,synthetic_seed
NE,2023,white,non-hisp,m,30-34,,0.00972,synthetic_seed
NE,2023,white,non-hisp,m,35-39,,0.00896,synthetic_seed
NE,2023,white,non-hisp,m,40-44,,0.01178,synthetic_seed
NE,2023,white,non-hisp,m,45-49,,0.00412,synthetic_seed
NE,2023,white,non-hisp,m,50-54,,0.00499,synthetic_seed
NE,2023,white,non-hisp,m,55-59,,0.00195,synthetic_seed
NE,2023,white,non-hisp,m,60-64,,0.00224,synthetic_seed
NE,2023,white,non-hisp,m,65-69,,0.00231,synthetic_seed
NE,2023,white,non-hisp,m,70-74,,0.00245,synthetic_seed
NE,2023,white,non-hisp,m,75-79,,0.00153,synthetic_seed
NE,2023,white,non-hisp,m,80-84,,0.00199,synthetic_seed
NE,2023,white,non-hisp,m,85+,,0.00111,synthetic_seed
NE,2023,white,non-hisp,f,0-4,,0.0022,synthetic_seed
NE,2023,white,non-hisp,f,5-9,,0.00198,synthetic_seed
NE,2023,white,non-hisp,f,10-14,,0.00234,synthetic_seed
NE,2023,white,non-hisp,f,15-19,,0.00504,synthetic_seed
NE,2023,white,non-hisp,f,20-24,,0.01133,synthetic_seed
NE,2023,white,non-hisp,f,25-29,,0.01009,synthetic_seed
NE,2023,white,non-hisp,f,30-34,,0.01058,synthetic_seed
NE,2023,white,non-hisp,f,35-39,,0.0088,synthetic_seed
NE,2023,white,non-hisp,f,40-44,,0.00944,synthetic_seed
NE,2023,white,non-hisp,f,45-49,,0.00544,synthetic_seed
NE,2023,white,non-hisp,f,50-54,,0.00391,synthetic_seed
NE,2023,white,non-hisp,f,55-59,,0.00225,synthetic_seed
NE,2023,white,non-hisp,f,60-64,,0.00213,synthetic_seed
NE,2023,white,non-hisp,f,65-69,,0.00214,synthetic_seed
NE,2023,white,non-hisp,f,70-74,,0.00169,synthetic_seed
NE,2023,white,non-hisp,f,75-79,,0.00183,synthetic_seed
NE,2023,white,non-hisp,f,80-84,,0.00239,synthetic_seed
NE,2023,white,non-hisp,f,85+,,0.00233,synthetic_seed
NE,2023,white,hisp,m,0-4,,0.00192,synthetic_seed
NE,2023,white,hisp,m,5-9,,0.00201,synthetic_seed
NE,2023,white,hisp,m,10-14,,0.00207,synthetic_seed
NE,2023,white,hisp,m,15-19,,0.00582,synthetic_seed
NE,2023,white,hisp,m,20-24,,0.00846,synthetic_seed
NE,2023,white,hisp,m,25-29,,0.00893,synthetic_seed
NE,2023,white,hisp,m,30-34,,0.0102,synthetic_seed
NE,2023,white,hisp,m,35-39,,0.01146,synthetic_seed
NE,2023,white,hisp,m,40-44,,0.01036,synthetic_seed
NE,2023,white,hisp,m,45-49,,0.00506,synthetic_seed
NE,2023,white,hisp,m,50-54,,0.00617,synthetic_seed
NE,2023,white,hisp,m,55-59,,0.00165,synthetic_seed
NE,2023,white,hisp,m,60-64,,0.00265,synthetic_seed
NE,2023,white,hisp,m,65-69,,0.00187,synthetic_seed
NE,2023,white,hisp,m,70-74,,0.00158,synthetic_seed
NE,2023,white,hisp,m,75-79,,0.00234,synthetic_seed
NE,2023,white,hisp,m,80-84,,0.00212,synthetic_seed
NE,2023,white,hisp,m,85+,,0.00181,synthetic_seed
NE,2023,white,hisp,f,0-4,,0.00177,synthetic_seed
NE,2023,white,hisp,f,5-9,,0.00225,synthetic_seed
NE,2023,white,hisp,f,10-14,,0.00198,synthetic_seed
NE,2023,white,hisp,f,15-19,,0.00517,synthetic_seed
NE,2023,white,hisp,f,20-24,,0.00893,synthetic_seed
NE,2023,white,hisp,f,25-29,,0.01127,synthetic_seed
NE,2023,white,hisp,f,30-34,,0.00986,synthetic_seed
NE,2023,white,hisp,f,35-39,,0.00991,synthetic_seed
NE,2023,white,hisp,f,40-44,,0.01056,synthetic_seed
NE,2023,white,hisp,f,45-49,,0.00585,synthetic_seed
NE,2023,white,hisp,f,50-54,,0.0066,synthetic_seed
NE,2023,white,hisp,f,55-59,,0.00201,synthetic_seed
NE,2023,white,hisp,f,60-64,,0.00206,synthetic_seed
NE,2023,white,hisp,f,65-69,,0.00177,synthetic_seed
NE,2023,white,hisp,f,70-74,,0.00162,synthetic_seed
NE,2023,white,hisp,f,75-79,,0.00191,synthetic_seed
NE,2023,white,hisp,f,80-84,,0.00164,synthetic_seed
NE,2023,white,hisp,f,85+,,0.00206,synthetic_seed
NE,2023,black,non-hisp,m,0-4,,0.00221,synthetic_seed
NE,2023,black,non-hisp,m,5-9,,0.00214,synthetic_seed
NE,2023,black,non-hisp,m,10-14,,0.00202,synthetic_seed
NE,2023,black,non-hisp,m,15-19,,0.00504,synthetic_seed
NE,2023,black,non-hisp,m,20-24,,0.00987,synthetic_seed
NE,2023,black,non-hisp,m,25-29,,0.00962,synthetic_seed
NE,2023,black,non-hisp,m,30-34,,0.00911,synthetic_seed
NE,2023,black,non-hisp,m,35-39,,0.00928,synthetic_seed
NE,2023,black,non-hisp,m,40-44,,0.01118,synthetic_seed
NE,2023,black,non-hisp,m,45-49,,0.00478,synthetic_seed
NE,2023,black,non-hisp,m,50-54,,0.00411,synthetic_seed
NE,2023,black,non-hisp,m,55-59,,0.0019,synthetic_seed
NE,2023,black,non-hisp,m,60-64,,0.00164,synthetic_seed
NE,2023,black,non-hisp,m,65-69,,0.00195,synthetic_seed
NE,2023,black,non-hisp,m,70-74,,0.0022,synthetic_seed
NE,2023,black,non-hisp,m,75-79,,0.00203,synthetic_seed
NE,2023,black,non-hisp,m,80-84,,0.00261,synthetic_seed
NE,2023,black,non-hisp,m,85+,,0.00169,synthetic_seed
NE,2023,black,non-hisp,f,0-4,,0.00179,synthetic_seed
NE,2023,black,non-hisp,f,5-9,,0.00174,synthetic_seed
NE,2023,black,non-hisp,f,10-14,,0.0023,synthetic_seed
NE,2023,black,non-hisp,f,15-19,,0.00381,synthetic_seed
NE,2023,black,non-hisp,f,20-24,,0.01139,synthetic_seed
NE,2023,black,non-hisp,f,25-29,,0.0105,synthetic_seed
NE,2023,black,non-hisp,f,30-34,,0.01072,synthetic_seed
NE,2023,black,non-hisp,f,35-39,,0.00904,synthetic_seed
NE,2023,black,non-hisp,f,40-44,,0.01054,synthetic_seed
NE,2023,black,non-hisp,f,45-49,,0.00435,synthetic_seed
NE,2023,black,non-hisp,f,50-54,,0.00312,synthetic_seed
NE,2023,black,non-hisp,f,55-59,,0.00208,synthetic_seed
NE,2023,black,non-hisp,f,60-64,,0.00259,synthetic_seed
NE,2023,black,non-hisp,f,65-69,,0.00197,synthetic_seed
NE,2023,black,non-hisp,f,70-74,,0.00181,synthetic_seed
NE,2023,black,non-hisp,f,75-79,,0.00154,synthetic_seed
NE,2023,black,non-hisp,f,80-84,,0.00162,synthetic_seed
NE,2023,black,non-hisp,f,85+,,0.00192,synthetic_seed
NE,2023,black,hisp,m,0-4,,0.0027,synthetic_seed
NE,2023,black,hisp,m,5-9,,0.0017,synthetic_seed
NE,2023,black,hisp,m,10-14,,0.00147,synthetic_seed
NE,2023,black,hisp,m,15-19,,0.00429,synthetic_seed
NE,2023,black,hisp,m,20-24,,0.00973,synthetic_seed
NE,2023,black,hisp,m,25-29,,0.01032,synthetic_seed
NE,2023,black,hisp,m,30-34,,0.00839,synthetic_seed
NE,2023,black,hisp,m,35-39,,0.00999,synthetic_seed
NE,2023,black,hisp,m,40-44,,0.00811,synthetic_seed
NE,2023,black,hisp,m,45-49,,0.00341,synthetic_seed
NE,2023,black,hisp,m,50-54,,0.00463,synthetic_seed
NE,2023,black,hisp,m,55-59,,0.00185,synthetic_seed
NE,2023,black,hisp,m,60-64,,0.00225,synthetic_seed
NE,2023,black,hisp,m,65-69,,0.0024,synthetic_seed
NE,2023,black,hisp,m,70-74,,0.00171,synthetic_seed
NE,2023,black,hisp,m,75-79,,0.00211,synthetic_seed
NE,2023,black,hisp,m,80-84,,0.00188,synthetic_seed
NE,2023,black,hisp,m,85+,,0.0019,synthetic_seed
NE,2023,black,hisp,f,0-4,,0.00181,synthetic_seed
NE,2023,black,hisp,f,5-9,,0.00175,synthetic_seed
NE,2023,black,hisp,f,10-14,,0.00222,synthetic_seed
NE,2023,black,hisp,f,15-19,,0.00597,synthetic_seed
NE,2023,black,hisp,f,20-24,,0.01012,synthetic_seed
NE,2023,black,hisp,f,25-29,,0.011,synthetic_seed
NE,2023,black,hisp,f,30-34,,0.0076,synthetic_seed
NE,2023,black,hisp,f,35-39,,0.01027,synthetic_seed
NE,2023,black,hisp,f,40-44,,0.00977,synthetic_seed
NE,2023,black,hisp,f,45-49,,0.00339,synthetic_seed
NE,2023,black,hisp,f,50-54,,0.00489,synthetic_seed
NE,2023,black,hisp,f,55-59,,0.00252,synthetic_seed
NE,2023,black,hisp,f,60-64,,0.00248,synthetic_seed
NE,2023,black,hisp,f,65-69,,0.00181,synthetic_seed
NE,2023,black,hisp,f,70-74,,0.0023,synthetic_seed
NE,2023,black,hisp,f,75-79,,0.00198,synthetic_seed
NE,2023,black,hisp,f,80-84,,0.00208,synthetic_seed
NE,2023,black,hisp,f,85+,,0.00209,synthetic_seed
NE,2023,asian,non-hisp,m,0-4,,0.00205,synthetic_seed
NE,2023,asian,non-hisp,m,5-9,,0.00228,synthetic_seed
NE,2023,asian,non-hisp,m,10-14,,0.00227,synthetic_seed
NE,2023,asian,non-hisp,m,15-19,,0.00501,synthetic_seed
NE,2023,asian,non-hisp,m,20-24,,0.00987,synthetic_seed
NE,2023,asian,non-hisp,m,25-29,,0.01236,synthetic_seed
NE,2023,asian,non-hisp,m,30-34,,0.01046,synthetic_seed
NE,2023,asian,non-hisp,m,35-39,,0.01312,synthetic_seed
NE,2023,asian,non-hisp,m,40-44,,0.01,synthetic_seed
NE,2023,asian,non-hisp,m,45-49,,0.00638,synthetic_seed
NE,2023,asian,non-hisp,m,50-54,,0.00538,synthetic_seed
NE,2023,asian,non-hisp,m,55-59,,0.0015,synthetic_seed
NE,2023,asian,non-hisp,m,60-64,,0.00181,synthetic_seed
NE,2023,asian,non-hisp,m,65-69,,0.00243,synthetic_seed
NE,2023,asian,non-hisp,m,70-74,,0.00244,synthetic_seed
NE,2023,asian,non-hisp,m,75-79,,0.002,synthetic_seed
NE,2023,asian,non-hisp,m,80-84,,0.00197,synthetic_seed
NE,2023,asian,non-hisp,m,85+,,0.00196,synthetic_seed
NE,2023,asian,non-hisp,f,0-4,,0.00198,synthetic_seed
NE,2023,asian,non-hisp,f,5-9,,0.00206,synthetic_seed
NE,2023,asian,non-hisp,f,10-14,,0.0023,synthetic_seed
NE,2023,asian,non-hisp,f,15-19,,0.00462,synthetic_seed
NE,2023,asian,non-hisp,f,20-24,,0.01132,synthetic_seed
NE,2023,asian,non-hisp,f,25-29,,0.01272,synthetic_seed
NE,2023,asian,non-hisp,f,30-34,,0.01172,synthetic_seed
NE,2023,asian,non-hisp,f,35-39,,0.01243,synthetic_seed
NE,2023,asian,non-hisp,f,40-44,,0.01063,synthetic_seed
NE,2023,asian,non-hisp,f,45-49,,0.00484,synthetic_seed
NE,2023,asian,non-hisp,f,50-54,,0.00521,synthetic_seed
NE,2023,asian,non-hisp,f,55-59,,0.00247,synthetic_seed
NE,2023,asian,non-hisp,f,60-64,,0.00179,synthetic_seed
NE,2023,asian,non-hisp,f,65-69,,0.00223,synthetic_seed
NE,2023,asian,non-hisp,f,70-74,,0.00161,synthetic_seed
NE,2023,asian,non-hisp,f,75-79,,0.00179,synthetic_seed
NE,2023,asian,non-hisp,f,80-84,,0.00207,synthetic_seed
NE,2023,asian,non-hisp,f,85+,,0.002,synthetic_seed
NE,2023,asian,hisp,m,0-4,,0.00248,synthetic_seed
NE,2023,asian,hisp,m,5-9,,0.00169,synthetic_seed
NE,2023,asian,hisp,m,10-14,,0.00215,synthetic_seed
NE,2023,asian,hisp,m,15-19,,0.00421,synthetic_seed
NE,2023,asian,hisp,m,20-24,,0.01077,synthetic_seed
NE,2023,asian,hisp,m,25-29,,0.0131,synthetic_seed
NE,2023,asian,hisp,m,30-34,,0.00991,synthetic_seed
NE,2023,asian,hisp,m,35-39,,0.01016,synthetic_seed
NE,2023,asian,hisp,m,40-44,,0.00965,synthetic_seed
NE,2023,asian,hisp,m,45-49,,0.00529,synthetic_seed
NE,2023,asian,hisp,m,50-54,,0.00426,synthetic_seed
NE,2023,asian,hisp,m,55-59,,0.00214,synthetic_seed
NE,2023,asian,hisp,m,60-64,,0.00222,synthetic_seed
NE,2023,asian,hisp,m,65-69,,0.00218,synthetic_seed
NE,2023,asian,hisp,m,70-74,,0.00179,synthetic_seed
NE,2023,asian,hisp,m,75-79,,0.00204,synthetic_seed
NE,2023,asian,hisp,m,80-84,,0.00253,synthetic_seed
NE,2023,asian,hisp,m,85+,,0.00178,synthetic_seed
NE,2023,asian,hisp,f,0-4,,0.00212,synthetic_seed
NE,2023,asian,hisp,f,5-9,,0.00135,synthetic_seed
NE,2023,asian,hisp,f,10-14,,0.00153,synthetic_seed
NE,2023,asian,hisp,f,15-19,,0.00521,synthetic_seed
NE,2023,asian,hisp,f,20-24,,0.00972,synthetic_seed
NE,2023,asian,hisp,f,25-29,,0.01037,synthetic_seed
NE,2023,asian,hisp,f,30-34,,0.00874,synthetic_seed
NE,2023,asian,hisp,f,35-39,,0.01035,synthetic_seed
NE,2023,asian,hisp,f,40-44,,0.01083,synthetic_seed
NE,2023,asian,hisp,f,45-49,,0.00636,synthetic_seed
NE,2023,asian,hisp,f,50-54,,0.00492,synthetic_seed
NE,2023,asian,hisp,f,55-59,,0.0016,synthetic_seed
NE,2023,asian,hisp,f,60-64,,0.00204,synthetic_seed
NE,2023,asian,hisp,f,65-69,,0.00181,synthetic_seed
NE,2023,asian,hisp,f,70-74,,0.00175,synthetic_seed
NE,2023,asian,hisp,f,75-79,,0.00169,synthetic_seed
NE,2023,asian,hisp,f,80-84,,0.00224,synthetic_seed
NE,2023,asian,hisp,f,85+,,0.00176,synthetic_seed
NE,2023,other,non-hisp,m,0-4,,0.00204,synthetic_seed
NE,2023,other,non-hisp,m,5-9,,0.00141,synthetic_seed
NE,2023,other,non-hisp,m,10-14,,0.00164,synthetic_seed
NE,2023,other,non-hisp,m,15-19,,0.00426,synthetic_seed
NE,2023,other,non-hisp,m,20-24,,0.00885,synthetic_seed
NE,2023,other,non-hisp,m,25-29,,0.01,synthetic_seed
NE,2023,other,non-hisp,m,30-34,,0.0088,synthetic_seed
NE,2023,other,non-hisp,m,35-39,,0.01139,synthetic_seed
NE,2023,other,non-hisp,m,40-44,,0.00935,synthetic_seed
NE,2023,other,non-hisp,m,45-49,,0.00619,synthetic_seed
NE,2023,other,non-hisp,m,50-54,,0.00513,synthetic_seed
NE,2023,other,non-hisp,m,55-59,,0.00245,synthetic_seed
NE,2023,other,non-hisp,m,60-64,,0.00188,synthetic_seed
NE,2023,other,non-hisp,m,65-69,,0.0022,synthetic_seed
NE,2023,other,non-hisp,m,70-74,,0.00238,synthetic_seed
NE,2023,other,non-hisp,m,75-79,,0.0018,synthetic_seed
NE,2023,other,non-hisp,m,80-84,,0.0018,synthetic_seed
NE,2023,other,non-hisp,m,85+,,0.00183,synthetic_seed
NE,2023,other,non-hisp,f,0-4,,0.00202,synthetic_seed
NE,2023,other,non-hisp,f,5-9,,0.00249,synthetic_seed
NE,2023,other,non-hisp,f,10-14,,0.00242,synthetic_seed
NE,2023,other,non-hisp,f,15-19,,0.00583,synthetic_seed
NE,2023,other,non-hisp,f,20-24,,0.00898,synthetic_seed
NE,2023,other,non-hisp,f,25-29,,0.01172,synthetic_seed
NE,2023,other,non-hisp,f,30-34,,0.00945,synthetic_seed
NE,2023,other,non-hisp,f,35-39,,0.00825,synthetic_seed
NE,2023,other,non-hisp,f,40-44,,0.01118,synthetic_seed
NE,2023,other,non-hisp,f,45-49,,0.0054,synthetic_seed
NE,2023,other,non-hisp,f,50-54,,0.00439,synthetic_seed
NE,2023,other,non-hisp,f,55-59,,0.00164,synthetic_seed
NE,2023,other,non-hisp,f,60-64,,0.00168,synthetic_seed
NE,2023,other,non-hisp,f,65-69,,0.00202,synthetic_seed
NE,2023,other,non-hisp,f,70-74,,0.00163,synthetic_seed
NE,2023,other,non-hisp,f,75-79,,0.0023,synthetic_seed
NE,2023,other,non-hisp,f,80-84,,0.00225,synthetic_seed
NE,2023,other,non-hisp,f,85+,,0.00214,synthetic_seed
NE,2023,other,hisp,m,0-4,,0.00199,synthetic_seed
NE,2023,other,hisp,m,5-9,,0.00166,synthetic_seed
NE,2023,other,hisp,m,10-14,,0.00195,synthetic_seed
NE,2023,other,hisp,m,15-19,,0.00618,synthetic_seed
NE,2023,other,hisp,m,20-24,,0.00837,synthetic_seed
NE,2023,other,hisp,m,25-29,,0.01048,synthetic_seed
NE,2023,other,hisp,m,30-34,,0.00857,synthetic_seed
NE,2023,other,hisp,m,35-39,,0.01203,synthetic_seed
NE,2023,other,hisp,m,40-44,,0.01173,synthetic_seed
NE,2023,other,hisp,m,45-49,,0.0045,synthetic_seed
NE,2023,other,hisp,m,50-54,,0.00666,synthetic_seed
NE,2023,other,hisp,m,55-59,,0.00253,synthetic_seed
NE,2023,other,hisp,m,60-64,,0.00269,synthetic_seed
NE,2023,other,hisp,m,65-69,,0.00239,synthetic_seed
NE,2023,other,hisp,m,70-74,,0.0011,synthetic_seed
NE,2023,other,hisp,m,75-79,,0.00212,synthetic_seed
NE,2023,other,hisp,m,80-84,,0.00246,synthetic_seed
NE,2023,other,hisp,m,85+,,0.0022,synthetic_seed
NE,2023,other,hisp,f,0-4,,0.00197,synthetic_seed
NE,2023,other,hisp,f,5-9,,0.00218,synthetic_seed
NE,2023,other,hisp,f,10-14,,0.00231,synthetic_seed
NE,2023,other,hisp,f,15-19,,0.00469,synthetic_seed
NE,2023,other,hisp,f,20-24,,0.01077,synthetic_seed
NE,2023,other,hisp,f,25-29,,0.01009,synthetic_seed
NE,2023,other,hisp,f,30-34,,0.01087,synthetic_seed
NE,2023,other,hisp,f,35-39,,0.01036,synthetic_seed
NE,2023,other,hisp,f,40-44,,0.01227,synthetic_seed
NE,2023,other,hisp,f,45-49,,0.00487,synthetic_seed
NE,2023,other,hisp,f,50-54,,0.00501,synthetic_seed
NE,2023,other,hisp,f,55-59,,0.00173,synthetic_seed
NE,2023,other,hisp,f,60-64,,0.00193,synthetic_seed
NE,2023,other,hisp,f,65-69,,0.00204,synthetic_seed
NE,2023,other,hisp,f,70-74,,0.00181,synthetic_seed
NE,2023,other,hisp,f,75-79,,0.00157,synthetic_seed
NE,2023,other,hisp,f,80-84,,0.00209,synthetic_seed
NE,2023,other,hisp,f,85+,,0.00217,synthetic_seed
NV,2023,white,non-hisp,m,0-4,,0.00388,synthetic_seed
NV,2023,white,non-hisp,m,5-9,,0.00502,synthetic_seed
NV,2023,white,non-hisp,m,10-14,,0.00643,synthetic_seed
NV,2023,white,non-hisp,m,15-19,,0.01048,synthetic_seed
NV,2023,white,non-hisp,m,20-24,,0.02255,synthetic_seed
NV,2023,white,non-hisp,m,25-29,,0.01736,synthetic_seed
NV,2023,white,non-hisp,m,30-34,,0.02338,synthetic_seed
NV,2023,white,non-hisp,m,35-39,,0.02285,synthetic_seed
NV,2023,white,non-hisp,m,40-44,,0.02165,synthetic_seed
NV,2023,white,non-hisp,m,45-49,,0.0127,synthetic_seed
NV,2023,white,non-hisp,m,50-54,,0.01112,synthetic_seed
NV,2023,white,non-hisp,m,55-59,,0.00367,synthetic_seed
NV,2023,white,non-hisp,m,60-64,,0.00391,synthetic_seed
NV,2023,white,non-hisp,m,65-69,,0.00581,synthetic_seed
NV,2023,white,non-hisp,m,70-74,,0.0052,synthetic_seed
NV,2023,white,non-hisp,m,75-79,,0.0046,synthetic_seed
NV,2023,white,non-hisp,m,80-84,,0.0044,synthetic_seed
NV,2023,white,non-hisp,m,85+,,0.00376,synthetic_seed
NV,2023,white,non-hisp,f,0-4,,0.00481,synthetic_seed
NV,2023,white,non-hisp,f,5-9,,0.00552,synthetic_seed
NV,2023,white,non-hisp,f,10-14,,0.00409,synthetic_seed
NV,2023,white,non-hisp,f,15-19,,0.01316,synthetic_seed
NV,2023,white,non-hisp,f,20-24,,0.02133,synthetic_seed
NV,2023,white,non-hisp,f,25-29,,0.02076,synthetic_seed
NV,2023,white,non-hisp,f,30-34,,0.02361,synthetic_seed
NV,2023,white,non-hisp,f,35-39,,0.03201,synthetic_seed
NV,2023,white,non-hisp,f,40-44,,0.03086,synthetic_seed
NV,2023,white,non-hisp,f,45-49,,0.01237,synthetic_seed
NV,2023,white,non-hisp,f,50-54,,0.00991,synthetic_seed
NV,2023,white,non-hisp,f,55-59,,0.00466,synthetic_seed
NV,2023,white,non-hisp,f,60-64,,0.00584,synthetic_seed
NV,2023,white,non-hisp,f,65-69,,0.00493,synthetic_seed
NV,2023,white,non-hisp,f,70-74,,0.00429,synthetic_seed
NV,2023,white,non-hisp,f,75-79,,0.00592,synthetic_seed
NV,2023,white,non-hisp,f,80-84,,0.00462,synthetic_seed
NV,2023,white,non-hisp,f,85+,,0.00581,synthetic_seed
NV,2023,white,hisp,m,0-4,,0.00388,synthetic_seed
NV,2023,white,hisp,m,5-9,,0.00341,synthetic_seed
NV,2023,white,hisp,m,10-14,,0.00481,synthetic_seed
NV,2023,white,hisp,m,15-19,,0.01252,synthetic_seed
NV,2023,white,hisp,m,20-24,,0.02007,synthetic_seed
NV,2023,white,hisp,m,25-29,,0.02262,synthetic_seed
NV,2023,white,hisp,m,30-34,,0.02427,synthetic_seed
NV,2023,white,hisp,m,35-39,,0.01963,synthetic_seed
NV,2023,white,hisp,m,40-44,,0.02551,synthetic_seed
NV,2023,white,hisp,m,45-49,,0.01373,synthetic_seed
NV,2023,white,hisp,m,50-54,,0.01177,synthetic_seed
NV,2023,white,hisp,m,55-59,,0.00635,synthetic_seed
NV,2023,white,hisp,m,60-64,,0.00535,synthetic_seed
NV,2023,white,hisp,m,65-69,,0.0053,synthetic_seed
NV,2023,white,hisp,m,70-74,,0.0033,synthetic_seed
NV,2023,white,hisp,m,75-79,,0.00537,synthetic_seed
NV,2023,white,hisp,m,80-84,,0.00592,synthetic_seed
NV,2023,white,hisp,m,85+,,0.00359,synthetic_seed
NV,2023,white,hisp,f,0-4,,0.00476,synthetic_seed
NV,2023,white,hisp,f,5-9,,0.00539,synthetic_seed
NV,2023,white,hisp,f,10-14,,0.00422,synthetic_seed
NV,2023,white,hisp,f,15-19,,0.01369,synthetic_seed
NV,2023,white,hisp,f,20-24,,0.03229,synthetic_seed
NV,2023,white,hisp,f,25-29,,0.01796,synthetic_seed
NV,2023,white,hisp,f,30-34,,0.0252,synthetic_seed
NV,2023,white,hisp,f,35-39,,0.02705,synthetic_seed
NV,2023,white,hisp,f,40-44,,0.02427,synthetic_seed
NV,2023,white,hisp,f,45-49,,0.01181,synthetic_seed
NV,2023,white,hisp,f,50-54,,0.01209,synthetic_seed
NV,2023,white,hisp,f,55-59,,0.00588,synthetic_seed
NV,2023,white,hisp,f,60-64,,0.00445,synthetic_seed
NV,2023,white,hisp,f,65-69,,0.00426,synthetic_seed
NV,2023,white,hisp,f,70-74,,0.00459,synthetic_seed
NV,2023,white,hisp,f,75-79,,0.00444,synthetic_seed
NV,2023,white,hisp,f,80-84,,0.00644,synthetic_seed
NV,2023,white,hisp,f,85+,,0.0045,synthetic_seed
NV,2023,black,non-hisp,m,0-4,,0.00426,synthetic_seed
NV,2023,black,non-hisp,m,5-9,,0.00597,synthetic_seed
NV,2023,black,non-hisp,m,10-14,,0.00509,synthetic_seed
NV,2023,black,non-hisp,m,15-19,,0.01118,synthetic_seed
NV,2023,black,non-hisp,m,20-24,,0.02394,synthetic_seed
NV,2023,black,non-hisp,m,25-29,,0.02105,synthetic_seed
NV,2023,black,non-hisp,m,30-34,,0.02337,synthetic_seed
NV,2023,black,non-hisp,m,35-39,,0.02741,synthetic_seed
NV,2023,black,non-hisp,m,40-44,,0.02635,synthetic_seed
NV,2023,black,non-hisp,m,45-49,,0.01115,synthetic_seed
NV,2023,black,non-hisp,m,50-54,,0.01197,synthetic_seed
NV,2023,black,non-hisp,m,55-59,,0.00447,synthetic_seed
NV,2023,black,non-hisp,m,60-64,,0.00479,synthetic_seed
NV,2023,black,non-hisp,m,65-69,,0.00444,synthetic_seed
NV,2023,black,non-hisp,m,70-74,,0.0044,synthetic_seed
NV,2023,black,non-hisp,m,75-79,,0.00526,synthetic_seed
NV,2023,black,non-hisp,m,80-84,,0.00464,synthetic_seed
NV,2023,black,non-hisp,m,85+,,0.00406,synthetic_seed
NV,2023,black,non-hisp,f,0-4,,0.00608,synthetic_seed
NV,2023,black,non-hisp,f,5-9,,0.00396,synthetic_seed
NV,2023,black,non-hisp,f,10-14,,0.00513,synthetic_seed
NV,2023,black,non-hisp,f,15-19,,0.01457,synthetic_seed
NV,2023,black,non-hisp,f,20-24,,0.01697,synthetic_seed
NV,2023,black,non-hisp,f,25-29,,0.02174,synthetic_seed
NV,2023,black,non-hisp,f,30-34,,0.03016,synthetic_seed
NV,2023,black,non-hisp,f,35-39,,0.02068,synthetic_seed
NV,2023,black,non-hisp,f,40-44,,0.02321,synthetic_seed
NV,2023,black,non-hisp,f,45-49,,0.01066,synthetic_seed
NV,2023,black,non-hisp,f,50-54,,0.01408,synthetic_seed
NV,2023,black,non-hisp,f,55-59,,0.00516,synthetic_seed
NV,2023,black,non-hisp,f,60-64,,0.00624,synthetic_seed
NV,2023,black,non-hisp,f,65-69,,0.00449,synthetic_seed
NV,2023,black,non-hisp,f,70-74,,0.00515,synthetic_seed
NV,2023,black,non-hisp,f,75-79,,0.00488,synthetic_seed
NV,2023,black,non-hisp,f,80-84,,0.00466,synthetic_seed
NV,2023,black,non-hisp,f,85+,,0.00434,synthetic_seed
NV,2023,black,hisp,m,0-4,,0.00539,synthetic_seed
NV,2023,black,hisp,m,5-9,,0.00567,synthetic_seed
NV,2023,black,hisp,m,10-14,,0.00606,synthetic_seed
NV,2023,black,hisp,m,15-19,,0.0119,synthetic_seed
NV,2023,black,hisp,m,20-24,,0.02221,synthetic_seed
NV,2023,black,hisp,m,25-29,,0.02453,synthetic_seed
NV,2023,black,hisp,m,30-34,,0.02439,synthetic_seed
NV,2023,black,hisp,m,35-39,,0.01949,synthetic_seed
NV,2023,black,hisp,m,40-44,,0.02603,synthetic_seed
NV,2023,black,hisp,m,45-49,,0.0122,synthetic_seed
NV,2023,black,hisp,m,50-54,,0.0115,synthetic_seed
NV,2023,black,hisp,m,55-59,,0.00406,synthetic_seed
NV,2023,black,hisp,m,60-64,,0.00499,synthetic_seed
NV,2023,black,hisp,m,65-69,,0.00485,synthetic_seed
NV,2023,black,hisp,m,70-74,,0.00454,synthetic_seed
NV,2023,black,hisp,m,75-79,,0.00516,synthetic_seed
NV,2023,black,hisp,m,80-84,,0.0048,synthetic_seed
NV,2023,black,hisp,m,85+,,0.00401,synthetic_seed
NV,2023,black,hisp,f,0-4,,0.00556,synthetic_seed
NV,2023,black,hisp,f,5-9,,0.00469,synthetic_seed
NV,2023,black,hisp,f,10-14,,0.00447,synthetic_seed
NV,2023,black,hisp,f,15-19,,0.01171,synthetic_seed
NV,2023,black,hisp,f,20-24,,0.02557,synthetic_seed
NV,2023,black,hisp,f,25-29,,0.0173,synthetic_seed
NV,2023,black,hisp,f,30-34,,0.0182,synthetic_seed
NV,2023,black,hisp,f,35-39,,0.0213,synthetic_seed
NV,2023,black,hisp,f,40-44,,0.0243,synthetic_seed
NV,2023,black,hisp,f,45-49,,0.01044,synthetic_seed
NV,2023,black,hisp,f,50-54,,0.0111,synthetic_seed
NV,2023,black,hisp,f,55-59,,0.00458,synthetic_seed
NV,2023,black,hisp,f,60-64,,0.00474,synthetic_seed
NV,2023,black,hisp,f,65-69,,0.00397,synthetic_seed
NV,2023,black,hisp,f,70-74,,0.00507,synthetic_seed
NV,2023,black,hisp,f,75-79,,0.00496,synthetic_seed
NV,2023,black,hisp,f,80-84,,0.00433,synthetic_seed
NV,2023,black,hisp,f,85+,,0.00486,synthetic_seed
NV,2023,asian,non-hisp,m,0-4,,0.00389,synthetic_seed
NV,2023,asian,non-hisp,m,5-9,,0.00463,synthetic_seed
NV,2023,asian,non-hisp,m,10-14,,0.00448,synthetic_seed
NV,2023,asian,non-hisp,m,15-19,,0.00976,synthetic_seed
NV,2023,asian,non-hisp,m,20-24,,0.02321,synthetic_seed
NV,2023,asian,non-hisp,m,25-29,,0.02919,synthetic_seed
NV,2023,asian,non-hisp,m,30-34,,0.02035,synthetic_seed
NV,2023,asian,non-hisp,m,35-39,,0.02433,synthetic_seed
NV,2023,asian,non-hisp,m,40-44,,0.02639,synthetic_seed
NV,2023,asian,non-hisp,m,45-49,,0.00944,synthetic_seed
NV,2023,asian,non-hisp,m,50-54,,0.01133,synthetic_seed
NV,2023,asian,non-hisp,m,55-59,,0.00402,synthetic_seed
NV,2023,asian,non-hisp,m,60-64,,0.00573,synthetic_seed
NV,2023,asian,non-hisp,m,65-69,,0.00395,synthetic_seed
NV,2023,asian,non-hisp,m,70-74,,0.00543,synthetic_seed
NV,2023,asian,non-hisp,m,75-79,,0.00517,synthetic_seed
NV,2023,asian,non-hisp,m,80-84,,0.0062,synthetic_seed
NV,2023,asian,non-hisp,m,85+,,0.00566,synthetic_seed
NV,2023,asian,non-hisp,f,0-4,,0.00439,synthetic_seed
NV,2023,asian,non-hisp,f,5-9,,0.00468,synthetic_seed
NV,2023,asian,non-hisp,f,10-14,,0.00381,synthetic_seed
NV,2023,asian,non-hisp,f,15-19,,0.01055,synthetic_seed
NV,2023,asian,non-hisp,f,20-24,,0.0243,synthetic_seed
NV,2023,asian,non-hisp,f,25-29,,0.02793,synthetic_seed
NV,2023,asian,non-hisp,f,30-34,,0.02681,synthetic_seed
NV,2023,asian,non-hisp,f,35-39,,0.02272,synthetic_seed
NV,2023,asian,non-hisp,f,40-44,,0.02345,synthetic_seed
NV,2023,asian,non-hisp,f,45-49,,0.01648,synthetic_seed
NV,2023,asian,non-hisp,f,50-54,,0.01112,synthetic_seed
NV,2023,asian,non-hisp,f,55-59,,0.00562,synthetic_seed
NV,2023,asian,non-hisp,f,60-64,,0.00572,synthetic_seed
NV,2023,asian,non-hisp,f,65-69,,0.00419,synthetic_seed
NV,2023,asian,non-hisp,f,70-74,,0.00443,synthetic_seed
NV,2023,asian,non-hisp,f,75-79,,0.00551,synthetic_seed
NV,2023,asian,non-hisp,f,80-84,,0.00464,synthetic_seed
NV,2023,asian,non-hisp,f,85+,,0.0062,synthetic_seed
NV,2023,asian,hisp,m,0-4,,0.00479,synthetic_seed
NV,2023,asian,hisp,m,5-9,,0.00435,synthetic_seed
NV,2023,asian,hisp,m,10-14,,0.0039,synthetic_seed
NV,2023,asian,hisp,m,15-19,,0.01187,synthetic_seed
NV,2023,asian,hisp,m,20-24,,0.02398,synthetic_seed
NV,2023,asian,hisp,m,25-29,,0.02271,synthetic_seed
NV,2023,asian,hisp,m,30-34,,0.02399,synthetic_seed
NV,2023,asian,hisp,m,35-39,,0.02497,synthetic_seed
NV,2023,asian,hisp,m,40-44,,0.0202,synthetic_seed
NV,2023,asian,hisp,m,45-49,,0.01096,synthetic_seed
NV,2023,asian,hisp,m,50-54,,0.01315,synthetic_seed
NV,2023,asian,hisp,m,55-59,,0.00501,synthetic_seed
NV,2023,asian,hisp,m,60-64,,0.0048,synthetic_seed
NV,2023,asian,hisp,m,65-69,,0.00484,synthetic_seed
NV,2023,asian,hisp,m,70-74,,0.00562,synthetic_seed
NV,2023,asian,hisp,m,75-79,,0.00492,synthetic_seed
NV,2023,asian,hisp,m,80-84,,0.00458,synthetic_seed
NV,2023,asian,hisp,m,85+,,0.00455,synthetic_seed
NV,2023,asian,hisp,f,0-4,,0.00409,synthetic_seed
NV,2023,asian,hisp,f,5-9,,0.00524,synthetic_seed
NV,2023,asian,hisp,f,10-14,,0.00459,synthetic_seed
NV,2023,asian,hisp,f,15-19,,0.00995,synthetic_seed
NV,2023,asian,hisp,f,20-24,,0.02887,synthetic_seed
NV,2023,asian,hisp,f,25-29,,0.01868,synthetic_seed
NV,2023,asian,hisp,f,30-34,,0.01939,synthetic_seed
NV,2023,asian,hisp,f,35-39,,0.02013,synthetic_seed
NV,2023,asian,hisp,f,40-44,,0.02142,synthetic_seed
NV,2023,asian,hisp,f,45-49,,0.00952,synthetic_seed
NV,2023,asian,hisp,f,50-54,,0.01035,synthetic_seed
NV,2023,asian,hisp,f,55-59,,0.00532,synthetic_seed
NV,2023,asian,hisp,f,60-64,,0.00444,synthetic_seed
NV,2023,asian,hisp,f,65-69,,0.00479,synthetic_seed
NV,2023,asian,hisp,f,70-74,,0.00388,synthetic_seed
NV,2023,asian,hisp,f,75-79,,0.00402,synthetic_seed
NV,2023,asian,hisp,f,80-84,,0.00615,synthetic_seed
NV,2023,asian,hisp,f,85+,,0.00575,synthetic_seed
NV,2023,other,non-hisp,m,0-4,,0.00566,synthetic_seed
NV,2023,other,non-hisp,m,5-9,,0.00521,synthetic_seed
NV,2023,other,non-hisp,m,10-14,,0.00486,synthetic_seed
NV,2023,other,non-hisp,m,15-19,,0.01022,synthetic_seed
NV,2023,other,non-hisp,m,20-24,,0.02213,synthetic_seed
NV,2023,other,non-hisp,m,25-29,,0.02425,synthetic_seed
NV,2023,other,non-hisp,m,30-34,,0.02257,synthetic_seed
NV,2023,other,non-hisp,m,35-39,,0.02225,synthetic_seed
NV,2023,other,non-hisp,m,40-44,,0.02704,synthetic_seed
NV,2023,other,non-hisp,m,45-49,,0.01176,synthetic_seed
NV,2023,other,non-hisp,m,50-54,,0.01019,synthetic_seed
NV,2023,other,non-hisp,m,55-59,,0.00512,synthetic_seed
NV,2023,other,non-hisp,m,60-64,,0.0033,synthetic_seed
NV,2023,other,non-hisp,m,65-69,,0.00585,synthetic_seed
NV,2023,other,non-hisp,m,70-74,,0.00447,synthetic_seed
NV,2023,other,non-hisp,m,75-79,,0.00482,synthetic_seed
NV,2023,other,non-hisp,m,80-84,,0.00523,synthetic_seed
NV,2023,other,non-hisp,m,85+,,0.00604,synthetic_seed
NV,2023,other,non-hisp,f,0-4,,0.00496,synthetic_seed
NV,2023,other,non-hisp,f,5-9,,0.00567,synthetic_seed
NV,2023,other,non-hisp,f,10-14,,0.00387,synthetic_seed
NV,2023,other,non-hisp,f,15-19,,0.01149,synthetic_seed
NV,2023,other,non-hisp,f,20-24,,0.02605,synthetic_seed
NV,2023,other,non-hisp,f,25-29,,0.02268,synthetic_seed
NV,2023,other,non-hisp,f,30-34,,0.03043,synthetic_seed
NV,2023,other,non-hisp,f,35-39,,0.01954,synthetic_seed
NV,2023,other,non-hisp,f,40-44,,0.01572,synthetic_seed
NV,2023,other,non-hisp,f,45-49,,0.01263,synthetic_seed
NV,2023,other,non-hisp,f,50-54,,0.0152,synthetic_seed
NV,2023,other,non-hisp,f,55-59,,0.00481,synthetic_seed
NV,2023,other,non-hisp,f,60-64,,0.00508,synthetic_seed
NV,2023,other,non-hisp,f,65-69,,0.00613,synthetic_seed
NV,2023,other,non-hisp,f,70-74,,0.00578,synthetic_seed
NV,2023,other,non-hisp,f,75-79,,0.00651,synthetic_seed
NV,2023,other,non-hisp,f,80-84,,0.00492,synthetic_seed
NV,2023,other,non-hisp,f,85+,,0.00378,synthetic_seed
NV,2023,other,hisp,m,0-4,,0.00309,synthetic_seed
NV,2023,other,hisp,m,5-9,,0.00486,synthetic_seed
NV,2023,other,hisp,m,10-14,,0.00436,synthetic_seed
NV,2023,other,hisp,m,15-19,,0.01569,synthetic_seed
NV,2023,other,hisp,m,20-24,,0.02513,synthetic_seed
NV,2023,other,hisp,m,25-29,,0.03063,synthetic_seed
NV,2023,other,hisp,m,30-34,,0.02104,synthetic_seed
NV,2023,other,hisp,m,35-39,,0.02432,synthetic_seed
NV,2023,other,hisp,m,40-44,,0.02546,synthetic_seed
NV,2023,other,hisp,m,45-49,,0.00824,synthetic_seed
NV,2023,other,hisp,m,50-54,,0.01242,synthetic_seed
NV,2023,other,hisp,m,55-59,,0.00537,synthetic_seed
NV,2023,other,hisp,m,60-64,,0.00393,synthetic_seed
NV,2023,other,hisp,m,65-69,,0.00384,synthetic_seed
NV,2023,other,hisp,m,70-74,,0.00436,synthetic_seed
NV,2023,other,hisp,m,75-79,,0.00548,synthetic_seed
NV,2023,other,hisp,m,80-84,,0.00586,synthetic_seed
NV,2023,other,hisp,m,85+,,0.00502,synthetic_seed
NV,2023,other,hisp,f,0-4,,0.00567,synthetic_seed
NV,2023,other,hisp,f,5-9,,0.00423,synthetic_seed
NV,2023,other,hisp,f,10-14,,0.00596,synthetic_seed
NV,2023,other,hisp,f,15-19,,0.0082,synthetic_seed
NV,2023,other,hisp,f,20-24,,0.02395,synthetic_seed
NV,2023,other,hisp,f,25-29,,0.02237,synthetic_seed
NV,2023,other,hisp,f,30-34,,0.02004,synthetic_seed
NV,2023,other,hisp,f,35-39,,0.02783,synthetic_seed
NV,2023,other,hisp,f,40-44,,0.02698,synthetic_seed
NV,2023,other,hisp,f,45-49,,0.01331,synthetic_seed
NV,2023,other,hisp,f,50-54,,0.01106,synthetic_seed
NV,2023,other,hisp,f,55-59,,0.00484,synthetic_seed
NV,2023,other,hisp,f,60-64,,0.00469,synthetic_seed
NV,2023,other,hisp,f,65-69,,0.00524,synthetic_seed
NV,2023,other,hisp,f,70-74,,0.00622,synthetic_seed
NV,2023,other,hisp,f,75-79,,0.00349,synthetic_seed
NV,2023,other,hisp,f,80-84,,0.00437,synthetic_seed
NV,2023,other,hisp,f,85+,,0.00438,synthetic_seed
NH,2023,white,non-hisp,m,0-4,,0.00137,synthetic_seed
NH,2023,white,non-hisp,m,5-9,,0.00276,synthetic_seed
NH,2023,white,non-hisp,m,10-14,,0.00193,synthetic_seed
NH,2023,white,non-hisp,m,15-19,,0.00462,synthetic_seed
NH,2023,white,non-hisp,m,20-24,,0.01159,synthetic_seed
NH,2023,white,non-hisp,m,25-29,,0.00755,synthetic_seed
NH,2023,white,non-hisp,m,30-34,,0.01091,synthetic_seed
NH,2023,white,non-hisp,m,35-39,,0.00862,synthetic_seed
NH,2023,white,non-hisp,m,40-44,,0.01012,synthetic_seed
NH,2023,white,non-hisp,m,45-49,,0.0061,synthetic_seed
NH,2023,white,non-hisp,m,50-54,,0.0044,synthetic_seed
NH,2023,white,non-hisp,m,55-59,,0.00173,synthetic_seed
NH,2023,white,non-hisp,m,60-64,,0.00169,synthetic_seed
NH,2023,white,non-hisp,m,65-69,,0.00201,synthetic_seed
NH,2023,white,non-hisp,m,70-74,,0.00213,synthetic_seed
NH,2023,white,non-hisp,m,75-79,,0.00212,synthetic_seed
NH,2023,white,non-hisp,m,80-84,,0.002,synthetic_seed
NH,2023,white,non-hisp,m,85+,,0.00235,synthetic_seed
NH,2023,white,non-hisp,f,0-4,,0.00182,synthetic_seed
NH,2023,white,non-hisp,f,5-9,,0.00193,synthetic_seed
NH,2023,white,non-hisp,f,10-14,,0.00201,synthetic_seed
NH,2023,white,non-hisp,f,15-19,,0.00547,synthetic_seed
NH,2023,white,non-hisp,f,20-24,,0.0116,synthetic_seed
NH,2023,white,non-hisp,f,25-29,,0.00827,synthetic_seed
NH,2023,white,non-hisp,f,30-34,,0.00849,synthetic_seed
NH,2023,white,non-hisp,f,35-39,,0.01013,synthetic_seed
NH,2023,white,non-hisp,f,40-44,,0.01104,synthetic_seed
NH,2023,white,non-hisp,f,45-49,,0.005,synthetic_seed
NH,2023,white,non-hisp,f,50-54,,0.00401,synthetic_seed
NH,2023,white,non-hisp,f,55-59,,0.00181,synthetic_seed
NH,2023,white,non-hisp,f,60-64,,0.00188,synthetic_seed
NH,2023,white,non-hisp,f,65-69,,0.00194,synthetic_seed
NH,2023,white,non-hisp,f,70-74,,0.00149,synthetic_seed
NH,2023,white,non-hisp,f,75-79,,0.00209,synthetic_seed
NH,2023,white,non-hisp,f,80-84,,0.00174,synthetic_seed
NH,2023,white,non-hisp,f,85+,,0.00159,synthetic_seed
NH,2023,white,hisp,m,0-4,,0.00224,synthetic_seed
NH,2023,white,hisp,m,5-9,,0.00217,synthetic_seed
NH,2023,white,hisp,m,10-14,,0.00254,synthetic_seed
NH,2023,white,hisp,m,15-19,,0.00479,synthetic_seed
NH,2023,white,hisp,m,20-24,,0.00694,synthetic_seed
NH,2023,white,hisp,m,25-29,,0.00866,synthetic_seed
NH,2023,white,hisp,m,30-34,,0.00853,synthetic_seed
NH,2023,white,hisp,m,35-39,,0.00652,synthetic_seed
NH,2023,white,hisp,m,40-44,,0.01118,synthetic_seed
NH,2023,white,hisp,m,45-49,,0.0059,synthetic_seed
NH,2023,white,hisp,m,50-54,,0.00457,synthetic_seed
NH,2023,white,hisp,m,55-59,,0.00237,synthetic_seed
NH,2023,white,hisp,m,60-64,,0.0024,synthetic_seed
NH,2023,white,hisp,m,65-69,,0.00187,synthetic_seed
NH,2023,white,hisp,m,70-74,,0.00245,synthetic_seed
NH,2023,white,hisp,m,75-79,,0.0021,synthetic_seed
NH,2023,white,hisp,m,80-84,,0.00201,synthetic_seed
NH,2023,white,hisp,m,85+,,0.00229,synthetic_seed
NH,2023,white,hisp,f,0-4,,0.00211,synthetic_seed
NH,2023,white,hisp,f,5-9,,0.00217,synthetic_seed
NH,2023,white,hisp,f,10-14,,0.00234,synthetic_seed
NH,2023,white,hisp,f,15-19,,0.00618,synthetic_seed
NH,2023,white,hisp,f,20-24,,0.01155,synthetic_seed
NH,2023,white,hisp,f,25-29,,0.01299,synthetic_seed
NH,2023,white,hisp,f,30-34,,0.00937,synthetic_seed
NH,2023,white,hisp,f,35-39,,0.00837,synthetic_seed
NH,2023,white,hisp,f,40-44,,0.01065,synthetic_seed
NH,2023,white,hisp,f,45-49,,0.00519,synthetic_seed
NH,2023,white,hisp,f,50-54,,0.00425,synthetic_seed
NH,2023,white,hisp,f,55-59,,0.00191,synthetic_seed
NH,2023,white,hisp,f,60-64,,0.00191,synthetic_seed
NH,2023,white,hisp,f,65-69,,0.00222,synthetic_seed
NH,2023,white,hisp,f,70-74,,0.00193,synthetic_seed
NH,2023,white,hisp,f,75-79,,0.00144,synthetic_seed
NH,2023,white,hisp,f,80-84,,0.00162,synthetic_seed
NH,2023,white,hisp,f,85+,,0.00208,synthetic_seed
NH,2023,black,non-hisp,m,0-4,,0.0022,synthetic_seed
NH,2023,black,non-hisp,m,5-9,,0.0017,synthetic_seed
NH,2023,black,non-hisp,m,10-14,,0.00185,synthetic_seed
NH,2023,black,non-hisp,m,15-19,,0.00486,synthetic_seed
NH,2023,black,non-hisp,m,20-24,,0.00886,synthetic_seed
NH,2023,black,non-hisp,m,25-29,,0.00882,synthetic_seed
NH,2023,black,non-hisp,m,30-34,,0.00713,synthetic_seed
NH,2023,black,non-hisp,m,35-39,,0.01269,synthetic_seed
NH,2023,black,non-hisp,m,40-44,,0.01149,synthetic_seed
NH,2023,black,non-hisp,m,45-49,,0.00583,synthetic_seed
NH,2023,black,non-hisp,m,50-54,,0.0055,synthetic_seed
NH,2023,black,non-hisp,m,55-59,,0.00207,synthetic_seed
NH,2023,black,non-hisp,m,60-64,,0.00223,synthetic_seed
NH,2023,black,non-hisp,m,65-69,,0.00221,synthetic_seed
NH,2023,black,non-hisp,m,70-74,,0.002,synthetic_seed
NH,2023,black,non-hisp,m,75-79,,0.00196,synthetic_seed
NH,2023,black,non-hisp,m,80-84,,0.00148,synthetic_seed
NH,2023,black,non-hisp,m,85+,,0.00214,synthetic_seed
NH,2023,black,non-hisp,f,0-4,,0.00169,synthetic_seed
NH,2023,black,non-hisp,f,5-9,,0.00217,synthetic_seed
NH,2023,black,non-hisp,f,10-14,,0.00161,synthetic_seed
NH,2023,black,non-hisp,f,15-19,,0.0053,synthetic_seed
NH,2023,black,non-hisp,f,20-24,,0.01124,synthetic_seed
NH,2023,black,non-hisp,f,25-29,,0.00913,synthetic_seed
NH,2023,black,non-hisp,f,30-34,,0.01025,synthetic_seed
NH,2023,black,non-hisp,f,35-39,,0.0121,synthetic_seed
NH,2023,black,non-hisp,f,40-44,,0.01041,synthetic_seed
NH,2023,black,non-hisp,f,45-49,,0.00409,synthetic_seed
NH,2023,black,non-hisp,f,50-54,,0.00485,synthetic_seed
NH,2023,black,non-hisp,f,55-59,,0.0021,synthetic_seed
NH,2023,black,non-hisp,f,60-64,,0.00196,synthetic_seed
NH,2023,black,non-hisp,f,65-69,,0.00216,synthetic_seed
NH,2023,black,non-hisp,f,70-74,,0.00237,synthetic_seed
NH,2023,black,non-hisp,f,75-79,,0.00225,synthetic_seed
NH,2023,black,non-hisp,f,80-84,,0.00192,synthetic_seed
NH,2023,black,non-hisp,f,85+,,0.00247,synthetic_seed
NH,2023,black,hisp,m,0-4,,0.00209,synthetic_seed
NH,2023,black,hisp,m,5-9,,0.00238,synthetic_seed
NH,2023,black,hisp,m,10-14,,0.00224,synthetic_seed
NH,2023,black,hisp,m,15-19,,0.00354,synthetic_seed
NH,2023,black,hisp,m,20-24,,0.01032,synthetic_seed
NH,2023,black,hisp,m,25-29,,0.00601,synthetic_seed
NH,2023,black,hisp,m,30-34,,0.00825,synthetic_seed
NH,2023,black,hisp,m,35-39,,0.00946,synthetic_seed
NH,2023,black,hisp,m,40-44,,0.00848,synthetic_seed
NH,2023,black,hisp,m,45-49,,0.00505,synthetic_seed
NH,2023,black,hisp,m,50-54,,0.00471,synthetic_seed
NH,2023,black,hisp,m,55-59,,0.00224,synthetic_seed
NH,2023,black,hisp,m,60-64,,0.00196,synthetic_seed
NH,2023,black,hisp,m,65-69,,0.00156,synthetic_seed
NH,2023,black,hisp,m,70-74,,0.00174,synthetic_seed
NH,2023,black,hisp,m,75-79,,0.00178,synthetic_seed
NH,2023,black,hisp,m,80-84,,0.00198,synthetic_seed
NH,2023,black,hisp,m,85+,,0.00234,synthetic_seed
NH,2023,black,hisp,f,0-4,,0.00212,synthetic_seed
NH,2023,black,hisp,f,5-9,,0.00191,synthetic_seed
NH,2023,black,hisp,f,10-14,,0.00234,synthetic_seed
NH,2023,black,hisp,f,15-19,,0.00411,synthetic_seed
NH,2023,black,hisp,f,20-24,,0.00967,synthetic_seed
NH,2023,black,hisp,f,25-29,,0.00891,synthetic_seed
NH,2023,black,hisp,f,30-34,,0.01219,synthetic_seed
NH,2023,black,hisp,f,35-39,,0.00757,synthetic_seed
NH,2023,black,hisp,f,40-44,,0.01093,synthetic_seed
NH,2023,black,hisp,f,45-49,,0.00574,synthetic_seed
NH,2023,black,hisp,f,50-54,,0.00459,synthetic_seed
NH,2023,black,hisp,f,55-59,,0.00154,synthetic_seed
NH,2023,black,hisp,f,60-64,,0.00131,synthetic_seed
NH,2023,black,hisp,f,65-69,,0.00194,synthetic_seed
NH,2023,black,hisp,f,70-74,,0.00183,synthetic_seed
NH,2023,black,hisp,f,75-79,,0.00199,synthetic_seed
NH,2023,black,hisp,f,80-84,,0.0022,synthetic_seed
NH,2023,black,hisp,f,85+,,0.00156,synthetic_seed
NH,2023,asian,non-hisp,m,0-4,,0.00213,synthetic_seed
NH,2023,asian,non-hisp,m,5-9,,0.00197,synthetic_seed
NH,2023,asian,non-hisp,m,10-14,,0.00177,synthetic_seed
NH,2023,asian,non-hisp,m,15-19,,0.00306,synthetic_seed
NH,2023,asian,non-hisp,m,20-24,,0.00802,synthetic_seed
NH,2023,asian,non-hisp,m,25-29,,0.01065,synthetic_seed
NH,2023,asian,non-hisp,m,30-34,,0.00848,synthetic_seed
NH,2023,asian,non-hisp,m,35-39,,0.00991,synthetic_seed
NH,2023,asian,non-hisp,m,40-44,,0.01069,synthetic_seed
NH,2023,asian,non-hisp,m,45-49,,0.00641,synthetic_seed
NH,2023,asian,non-hisp,m,50-54,,0.0051,synthetic_seed
NH,2023,asian,non-hisp,m,55-59,,0.00261,synthetic_seed
NH,2023,asian,non-hisp,m,60-64,,0.0022,synthetic_seed
NH,2023,asian,non-hisp,m,65-69,,0.00191,synthetic_seed
NH,2023,asian,non-hisp,m,70-74,,0.00221,synthetic_seed
NH,2023,asian,non-hisp,m,75-79,,0.00204,synthetic_seed
NH,2023,asian,non-hisp,m,80-84,,0.00261,synthetic_seed
NH,2023,asian,non-hisp,m,85+,,0.00182,synthetic_seed
NH,2023,asian,non-hisp,f,0-4,,0.00251,synthetic_seed
NH,2023,asian,non-hisp,f,5-9,,0.00178,synthetic_seed
NH,2023,asian,non-hisp,f,10-14,,0.00223,synthetic_seed
NH,2023,asian,non-hisp,f,15-19,,0.00363,synthetic_seed
NH,2023,asian,non-hisp,f,20-24,,0.00875,synthetic_seed
NH,2023,asian,non-hisp,f,25-29,,0.01319,synthetic_seed
NH,2023,asian,non-hisp,f,30-34,,0.01208,synthetic_seed
NH,2023,asian,non-hisp,f,35-39,,0.01032,synthetic_seed
NH,2023,asian,non-hisp,f,40-44,,0.01062,synthetic_seed
NH,2023,asian,non-hisp,f,45-49,,0.00538,synthetic_seed
NH,2023,asian,non-hisp,f,50-54,,0.00421,synthetic_seed
NH,2023,asian,non-hisp,f,55-59,,0.00166,synthetic_seed
NH,2023,asian,non-hisp,f,60-64,,0.00209,synthetic_seed
NH,2023,asian,non-hisp,f,65-69,,0.00224,synthetic_seed
NH,2023,asian,non-hisp,f,70-74,,0.00184,synthetic_seed
NH,2023,asian,non-hisp,f,75-79,,0.00234,synthetic_seed
NH,2023,asian,non-hisp,f,80-84,,0.00242,synthetic_seed
NH,2023,asian,non-hisp,f,85+,,0.00203,synthetic_seed
NH,2023,asian,hisp,m,0-4,,0.00162,synthetic_seed
NH,2023,asian,hisp,m,5-9,,0.00189,synthetic_seed
NH,2023,asian,hisp,m,10-14,,0.00201,synthetic_seed
NH,2023,asian,hisp,m,15-19,,0.00569,synthetic_seed
NH,2023,asian,hisp,m,20-24,,0.01046,synthetic_seed
NH,2023,asian,hisp,m,25-29,,0.01142,synthetic_seed
NH,2023,asian,hisp,m,30-34,,0.00933,synthetic_seed
NH,2023,asian,hisp,m,35-39,,0.0117,synthetic_seed
NH,2023,asian,hisp,m,40-44,,0.01022,synthetic_seed
NH,2023,asian,hisp,m,45-49,,0.00526,synthetic_seed
NH,2023,asian,hisp,m,50-54,,0.00564,synthetic_seed
NH,2023,asian,hisp,m,55-59,,0.00202,synthetic_seed
NH,2023,asian,hisp,m,60-64,,0.0021,synthetic_seed
NH,2023,asian,hisp,m,65-69,,0.00202,synthetic_seed
NH,2023,asian,hisp,m,70-74,,0.00206,synthetic_seed
NH,2023,asian,hisp,m,75-79,,0.00243,synthetic_seed
NH,2023,asian,hisp,m,80-84,,0.00233,synthetic_seed
NH,2023,asian,hisp,m,85+,,0.00198,synthetic_seed
NH,2023,asian,hisp,f,0-4,,0.00188,synthetic_seed
NH,2023,asian,hisp,f,5-9,,0.00153,synthetic_seed
NH,2023,asian,hisp,f,10-14,,0.00182,synthetic_seed
NH,2023,asian,hisp,f,15-19,,0.00456,synthetic_seed
NH,2023,asian,hisp,f,20-24,,0.01229,synthetic_seed
NH,2023,asian,hisp,f,25-29,,0.00758,synthetic_seed
NH,2023,asian,hisp,f,30-34,,0.00915,synthetic_seed
NH,2023,asian,hisp,f,35-39,,0.00972,synthetic_seed
NH,2023,asian,hisp,f,40-44,,0.01166,synthetic_seed
NH,2023,asian,hisp,f,45-49,,0.00318,synthetic_seed
NH,2023,asian,hisp,f,50-54,,0.00532,synthetic_seed
NH,2023,asian,hisp,f,55-59,,0.00269,synthetic_seed
NH,2023,asian,hisp,f,60-64,,0.00208,synthetic_seed
NH,2023,asian,hisp,f,65-69,,0.00185,synthetic_seed
NH,2023,asian,hisp,f,70-74,,0.00237,synthetic_seed
NH,2023,asian,hisp,f,75-79,,0.00239,synthetic_seed
NH,2023,asian,hisp,f,80-84,,0.00203,synthetic_seed
NH,2023,asian,hisp,f,85+,,0.0019,synthetic_seed
NH,2023,other,non-hisp,m,0-4,,0.00278,synthetic_seed
NH,2023,other,non-hisp,m,5-9,,0.00186,synthetic_seed
NH,2023,other,non-hisp,m,10-14,,0.00185,synthetic_seed
NH,2023,other,non-hisp,m,15-19,,0.00509,synthetic_seed
NH,2023,other,non-hisp,m,20-24,,0.00899,synthetic_seed
NH,2023,other,non-hisp,m,25-29,,0.0113,synthetic_seed
NH,2023,other,non-hisp,m,30-34,,0.00916,synthetic_seed
NH,2023,other,non-hisp,m,35-39,,0.01023,synthetic_seed
NH,2023,other,non-hisp,m,40-44,,0.00714,synthetic_seed
NH,2023,other,non-hisp,m,45-49,,0.00379,synthetic_seed
NH,2023,other,non-hisp,m,50-54,,0.00524,synthetic_seed
NH,2023,other,non-hisp,m,55-59,,0.00232,synthetic_seed
NH,2023,other,non-hisp,m,60-64,,0.00219,synthetic_seed
NH,2023,other,non-hisp,m,65-69,,0.00188,synthetic_seed
NH,2023,other,non-hisp,m,70-74,,0.00217,synthetic_seed
NH,2023,other,non-hisp,m,75-79,,0.00223,synthetic_seed
NH,2023,other,non-hisp,m,80-84,,0.00195,synthetic_seed
NH,2023,other,non-hisp,m,85+,,0.0016,synthetic_seed
NH,2023,other,non-hisp,f,0-4,,0.00203,synthetic_seed
NH,2023,other,non-hisp,f,5-9,,0.00186,synthetic_seed
NH,2023,other,non-hisp,f,10-14,,0.00168,synthetic_seed
NH,2023,other,non-hisp,f,15-19,,0.00293,synthetic_seed
NH,2023,other,non-hisp,f,20-24,,0.01151,synthetic_seed
NH,2023,other,non-hisp,f,25-29,,0.00853,synthetic_seed
NH,2023,other,non-hisp,f,30-34,,0.011,synthetic_seed
NH,2023,other,non-hisp,f,35-39,,0.01117,synthetic_seed
NH,2023,other,non-hisp,f,40-44,,0.01016,synthetic_seed
NH,2023,other,non-hisp,f,45-49,,0.00492,synthetic_seed
NH,2023,other,non-hisp,f,50-54,,0.006,synthetic_seed
NH,2023,other,non-hisp,f,55-59,,0.00218,synthetic_seed
NH,2023,other,non-hisp,f,60-64,,0.00208,synthetic_seed
NH,2023,other,non-hisp,f,65-69,,0.00176,synthetic_seed
NH,2023,other,non-hisp,f,70-74,,0.00173,synthetic_seed
NH,2023,other,non-hisp,f,75-79,,0.00231,synthetic_seed
NH,2023,other,non-hisp,f,80-84,,0.00176,synthetic_seed
NH,2023,other,non-hisp,f,85+,,0.0026,synthetic_seed
NH,2023,other,hisp,m,0-4,,0.00214,synthetic_seed
NH,2023,other,hisp,m,5-9,,0.00198,synthetic_seed
NH,2023,other,hisp,m,10-14,,0.00205,synthetic_seed
NH,2023,other,hisp,m,15-19,,0.00528,synthetic_seed
NH,2023,other,hisp,m,20-24,,0.00829,synthetic_seed
NH,2023,other,hisp,m,25-29,,0.01028,synthetic_seed
NH,2023,other,hisp,m,30-34,,0.00808,synthetic_seed
NH,2023,other,hisp,m,35-39,,0.01377,synthetic_seed
NH,2023,other,hisp,m,40-44,,0.01011,synthetic_seed
NH,2023,other,hisp,m,45-49,,0.00405,synthetic_seed
NH,2023,other,hisp,m,50-54,,0.00439,synthetic_seed
NH,2023,other,hisp,m,55-59,,0.00205,synthetic_seed
NH,2023,other,hisp,m,60-64,,0.00213,synthetic_seed
NH,2023,other,hisp,m,65-69,,0.00153,synthetic_seed
NH,2023,other,hisp,m,70-74,,0.00183,synthetic_seed
NH,2023,other,hisp,m,75-79,,0.00186,synthetic_seed
NH,2023,other,hisp,m,80-84,,0.00241,synthetic_seed
NH,2023,other,hisp,m,85+,,0.00189,synthetic_seed
NH,2023,other,hisp,f,0-4,,0.00249,synthetic_seed
NH,2023,other,hisp,f,5-9,,0.0018,synthetic_seed
NH,2023,other,hisp,f,10-14,,0.00174,synthetic_seed
NH,2023,other,hisp,f,15-19,,0.00493,synthetic_seed
NH,2023,other,hisp,f,20-24,,0.01122,synthetic_seed
NH,2023,other,hisp,f,25-29,,0.00716,synthetic_seed
NH,2023,other,hisp,f,30-34,,0.0085,synthetic_seed
NH,2023,other,hisp,f,35-39,,0.00878,synthetic_seed
NH,2023,other,hisp,f,40-44,,0.00956,synthetic_seed
NH,2023,other,hisp,f,45-49,,0.00384,synthetic_seed
NH,2023,other,hisp,f,50-54,,0.00496,synthetic_seed
NH,2023,other,hisp,f,55-59,,0.00208,synthetic_seed
NH,2023,other,hisp,f,60-64,,0.00206,synthetic_seed
NH,2023,other,hisp,f,65-69,,0.0019,synthetic_seed
NH,2023,other,hisp,f,70-74,,0.0024,synthetic_seed
NH,2023,other,hisp,f,75-79,,0.00244,synthetic_seed
NH,2023,other,hisp,f,80-84,,0.00214,synthetic_seed
NH,2023,other,hisp,f,85+,,0.00149,synthetic_seed
NJ,2023,white,non-hisp,m,0-4,,0.00188,synthetic_seed
NJ,2023,white,non-hisp,m,5-9,,0.00229,synthetic_seed
NJ,2023,white,non-hisp,m,10-14,,0.00195,synthetic_seed
NJ,2023,white,non-hisp,m,15-19,,0.00512,synthetic_seed
NJ,2023,white,non-hisp,m,20-24,,0.01085,synthetic_seed
NJ,2023,white,non-hisp,m,25-29,,0.00958,synthetic_seed
NJ,2023,white,non-hisp,m,30-34,,0.01112,synthetic_seed
NJ,2023,white,non-hisp,m,35-39,,0.00967,synthetic_seed
NJ,2023,white,non-hisp,m,40-44,,0.00924,synthetic_seed
NJ,2023,white,non-hisp,m,45-49,,0.00482,synthetic_seed
NJ,2023,white,non-hisp,m,50-54,,0.00512,synthetic_seed
NJ,2023,white,non-hisp,m,55-59,,0.00237,synthetic_seed
NJ,2023,white,non-hisp,m,60-64,,0.00182,synthetic_seed
NJ,2023,white,non-hisp,m,65-69,,0.00217,synthetic_seed
NJ,2023,white,non-hisp,m,70-74,,0.00218,synthetic_seed
NJ,2023,white,non-hisp,m,75-79,,0.00175,synthetic_seed
NJ,2023,white,non-hisp,m,80-84,,0.00252,synthetic_seed
NJ,2023,white,non-hisp,m,85+,,0.00247,synthetic_seed
NJ,2023,white,non-hisp,f,0-4,,0.00188,synthetic_seed
NJ,2023,white,non-hisp,f,5-9,,0.00196,synthetic_seed
NJ,2023,white,non-hisp,f,10-14,,0.00197,synthetic_seed
NJ,2023,white,non-hisp,f,15-19,,0.00473,synthetic_seed
NJ,2023,white,non-hisp,f,20-24,,0.01039,synthetic_seed
NJ,2023,white,non-hisp,f,25-29,,0.00734,synthetic_seed
NJ,2023,white,non-hisp,f,30-34,,0.0115,synthetic_seed
NJ,2023,white,non-hisp,f,35-39,,0.00852,synthetic_seed
NJ,2023,white,non-hisp,f,40-44,,0.01038,synthetic_seed
NJ,2023,white,non-hisp,f,45-49,,0.00482,synthetic_seed
NJ,2023,white,non-hisp,f,50-54,,0.00479,synthetic_seed
NJ,2023,white,non-hisp,f,55-59,,0.00228,synthetic_seed
NJ,2023,white,non-hisp,f,60-64,,0.00179,synthetic_seed
NJ,2023,white,non-hisp,f,65-69,,0.00215,synthetic_seed
NJ,2023,white,non-hisp,f,70-74,,0.00184,synthetic_seed
NJ,2023,white,non-hisp,f,75-79,,0.00241,synthetic_seed
NJ,2023,white,non-hisp,f,80-84,,0.00234,synthetic_seed
NJ,2023,white,non-hisp,f,85+,,0.00231,synthetic_seed
NJ,2023,white,hisp,m,0-4,,0.00182,synthetic_seed
NJ,2023,white,hisp,m,5-9,,0.0022,synthetic_seed
NJ,2023,white,hisp,m,10-14,,0.00199,synthetic_seed
NJ,2023,white,hisp,m,15-19,,0.00384,synthetic_seed
NJ,2023,white,hisp,m,20-24,,0.01076,synthetic_seed
NJ,2023,white,hisp,m,25-29,,0.00968,synthetic_seed
NJ,2023,white,hisp,m,30-34,,0.0121,synthetic_seed
NJ,2023,white,hisp,m,35-39,,0.01201,synthetic_seed
NJ,2023,white,hisp,m,40-44,,0.00926,synthetic_seed
NJ,2023,white,hisp,m,45-49,,0.00496,synthetic_seed
NJ,2023,white,hisp,m,50-54,,0.00548,synthetic_seed
NJ,2023,white,hisp,m,55-59,,0.00205,synthetic_seed
NJ,2023,white,hisp,m,60-64,,0.00206,synthetic_seed
NJ,2023,white,hisp,m,65-69,,0.00167,synthetic_seed
NJ,2023,white,hisp,m,70-74,,0.0022,synthetic_seed
NJ,2023,white,hisp,m,75-79,,0.00217,synthetic_seed
NJ,2023,white,hisp,m,80-84,,0.00139,synthetic_seed
NJ,2023,white,hisp,m,85+,,0.00189,synthetic_seed
NJ,2023,white,hisp,f,0-4,,0.00233,synthetic_seed
NJ,2023,white,hisp,f,5-9,,0.002,synthetic_seed
NJ,2023,white,hisp,f,10-14,,0.00202,synthetic_seed
NJ,2023,white,hisp,f,15-19,,0.00588,synthetic_seed
NJ,2023,white,hisp,f,20-24,,0.0102,synthetic_seed
NJ,2023,white,hisp,f,25-29,,0.00824,synthetic_seed
NJ,2023,white,hisp,f,30-34,,0.00957,synthetic_seed
NJ,2023,white,hisp,f,35-39,,0.00868,synthetic_seed
NJ,2023,white,hisp,f,40-44,,0.01053,synthetic_seed
NJ,2023,white,hisp,f,45-49,,0.00562,synthetic_seed
NJ,2023,white,hisp,f,50-54,,0.00427,synthetic_seed
NJ,2023,white,hisp,f,55-59,,0.00238,synthetic_seed
NJ,2023,white,hisp,f,60-64,,0.00219,synthetic_seed
NJ,2023,white,hisp,f,65-69,,0.00207,synthetic_seed
NJ,2023,white,hisp,f,70-74,,0.00185,synthetic_seed
NJ,2023,white,hisp,f,75-79,,0.00215,synthetic_seed
NJ,2023,white,hisp,f,80-84,,0.00219,synthetic_seed
NJ,2023,white,hisp,f,85+,,0.00232,synthetic_seed
NJ,2023,black,non-hisp,m,0-4,,0.00191,synthetic_seed
NJ,2023,black,non-hisp,m,5-9,,0.00203,synthetic_seed
NJ,2023,black,non-hisp,m,10-14,,0.00208,synthetic_seed
NJ,2023,black,non-hisp,m,15-19,,0.0033,synthetic_seed
NJ,2023,black,non-hisp,m,20-24,,0.00993,synthetic_seed
NJ,2023,black,non-hisp,m,25-29,,0.01121,synthetic_seed
NJ,2023,black,non-hisp,m,30-34,,0.00935,synthetic_seed
NJ,2023,black,non-hisp,m,35-39,,0.00897,synthetic_seed
NJ,2023,black,non-hisp,m,40-44,,0.01214,synthetic_seed
NJ,2023,black,non-hisp,m,45-49,,0.00426,synthetic_seed
NJ,2023,black,non-hisp,m,50-54,,0.00441,synthetic_seed
NJ,2023,black,non-hisp,m,55-59,,0.00225,synthetic_seed
NJ,2023,black,non-hisp,m,60-64,,0.00204,synthetic_seed
NJ,2023,black,non-hisp,m,65-69,,0.00131,synthetic_seed
NJ,2023,black,non-hisp,m,70-74,,0.00207,synthetic_seed
NJ,2023,black,non-hisp,m,75-79,,0.0017,synthetic_seed
NJ,2023,black,non-hisp,m,80-84,,0.00173,synthetic_seed
NJ,2023,black,non-hisp,m,85+,,0.00184,synthetic_seed
NJ,2023,black,non-hisp,f,0-4,,0.00131,synthetic_seed
NJ,2023,black,non-hisp,f,5-9,,0.002,synthetic_seed
NJ,2023,black,non-hisp,f,10-14,,0.00182,synthetic_seed
NJ,2023,black,non-hisp,f,15-19,,0.00482,synthetic_seed
NJ,2023,black,non-hisp,f,20-24,,0.01091,synthetic_seed
NJ,2023,black,non-hisp,f,25-29,,0.01048,synthetic_seed
NJ,2023,black,non-hisp,f,30-34,,0.01047,synthetic_seed
NJ,2023,black,non-hisp,f,35-39,,0.01037,synthetic_seed
NJ,2023,black,non-hisp,f,40-44,,0.01259,synthetic_seed
NJ,2023,black,non-hisp,f,45-49,,0.0032,synthetic_seed
NJ,2023,black,non-hisp,f,50-54,,0.00597,synthetic_seed
NJ,2023,black,non-hisp,f,55-59,,0.0016,synthetic_seed
NJ,2023,black,non-hisp,f,60-64,,0.00199,synthetic_seed
NJ,2023,black,non-hisp,f,65-69,,0.00186,synthetic_seed
NJ,2023,black,non-hisp,f,70-74,,0.00245,synthetic_seed
NJ,2023,black,non-hisp,f,75-79,,0.00228,synthetic_seed
NJ,2023,black,non-hisp,f,80-84,,0.00194,synthetic_seed
NJ,2023,black,non-hisp,f,85+,,0.00219,synthetic_seed
NJ,2023,black,hisp,m,0-4,,0.00177,synthetic_seed
NJ,2023,black,hisp,m,5-9,,0.00202,synthetic_seed
NJ,2023,black,hisp,m,10-14,,0.00159,synthetic_seed
NJ,2023,black,hisp,m,15-19,,0.00604,synthetic_seed
NJ,2023,black,hisp,m,20-24,,0.0113,synthetic_seed
NJ,2023,black,hisp,m,25-29,,0.01235,synthetic_seed
NJ,2023,black,hisp,m,30-34,,0.00858,synthetic_seed
NJ,2023,black,hisp,m,35-39,,0.00846,synthetic_seed
NJ,2023,black,hisp,m,40-44,,0.01247,synthetic_seed
NJ,2023,black,hisp,m,45-49,,0.00581,synthetic_seed
NJ,2023,black,hisp,m,50-54,,0.00534,synthetic_seed
NJ,2023,black,hisp,m,55-59,,0.00177,synthetic_seed
NJ,2023,black,hisp,m,60-64,,0.00162,synthetic_seed
NJ,2023,black,hisp,m,65-69,,0.002,synthetic_seed
NJ,2023,black,hisp,m,70-74,,0.00261,synthetic_seed
NJ,2023,black,hisp,m,75-79,,0.0018,synthetic_seed
NJ,2023,black,hisp,m,80-84,,0.00199,synthetic_seed
NJ,2023,black,hisp,m,85+,,0.00205,synthetic_seed
NJ,2023,black,hisp,f,0-4,,0.00185,synthetic_seed
NJ,2023,black,hisp,f,5-9,,0.00201,synthetic_seed
NJ,2023,black,hisp,f,10-14,,0.00225,synthetic_seed
NJ,2023,black,hisp,f,15-19,,0.00505,synthetic_seed
NJ,2023,black,hisp,f,20-24,,0.00745,synthetic_seed
NJ,2023,black,hisp,f,25-29,,0.0098,synthetic_seed
NJ,2023,black,hisp,f,30-34,,0.01017,synthetic_seed
NJ,2023,black,hisp,f,35-39,,0.00825,synthetic_seed
NJ,2023,black,hisp,f,40-44,,0.00742,synthetic_seed
NJ,2023,black,hisp,f,45-49,,0.00447,synthetic_seed
NJ,2023,black,hisp,f,50-54,,0.0067,synthetic_seed
NJ,2023,black,hisp,f,55-59,,0.00171,synthetic_seed
NJ,2023,black,hisp,f,60-64,,0.0018,synthetic_seed
NJ,2023,black,hisp,f,65-69,,0.002,synthetic_seed
NJ,2023,black,hisp,f,70-74,,0.00194,synthetic_seed
NJ,2023,black,hisp,f,75-79,,0.00209,synthetic_seed
NJ,2023,black,hisp,f,80-84,,0.00195,synthetic_seed
NJ,2023,black,hisp,f,85+,,0.00172,synthetic_seed
NJ,2023,asian,non-hisp,m,0-4,,0.00193,synthetic_seed
NJ,2023,asian,non-hisp,m,5-9,,0.00174,synthetic_seed
NJ,2023,asian,non-hisp,m,10-14,,0.00206,synthetic_seed
NJ,2023,asian,non-hisp,m,15-19,,0.0053,synthetic_seed
NJ,2023,asian,non-hisp,m,20-24,,0.01095,synthetic_seed
NJ,2023,asian,non-hisp,m,25-29,,0.00939,synthetic_seed
NJ,2023,asian,non-hisp,m,30-34,,0.00868,synthetic_seed
NJ,2023,asian,non-hisp,m,35-39,,0.01218,synthetic_seed
NJ,2023,asian,non-hisp,m,40-44,,0.00921,synthetic_seed
NJ,2023,asian,non-hisp,m,45-49,,0.00488,synthetic_seed
NJ,2023,asian,non-hisp,m,50-54,,0.00387,synthetic_seed
NJ,2023,asian,non-hisp,m,55-59,,0.00216,synthetic_seed
NJ,2023,asian,non-hisp,m,60-64,,0.00192,synthetic_seed
NJ,2023,asian,non-hisp,m,65-69,,0.0016,synthetic_seed
NJ,2023,asian,non-hisp,m,70-74,,0.00166,synthetic_seed
NJ,2023,asian,non-hisp,m,75-79,,0.00172,synthetic_seed
NJ,2023,asian,non-hisp,m,80-84,,0.00174,synthetic_seed
NJ,2023,asian,non-hisp,m,85+,,0.00189,synthetic_seed
NJ,2023,asian,non-hisp,f,0-4,,0.0015,synthetic_seed
NJ,2023,asian,non-hisp,f,5-9,,0.00206,synthetic_seed
NJ,2023,asian,non-hisp,f,10-14,,0.00197,synthetic_seed
NJ,2023,asian,non-hisp,f,15-19,,0.00558,synthetic_seed
NJ,2023,asian,non-hisp,f,20-24,,0.01075,synthetic_seed
NJ,2023,asian,non-hisp,f,25-29,,0.01129,synthetic_seed
NJ,2023,asian,non-hisp,f,30-34,,0.0094,synthetic_seed
NJ,2023,asian,non-hisp,f,35-39,,0.01144,synthetic_seed
NJ,2023,asian,non-hisp,f,40-44,,0.0099,synthetic_seed
NJ,2023,asian,non-hisp,f,45-49,,0.00431,synthetic_seed
NJ,2023,asian,non-hisp,f,50-54,,0.0056,synthetic_seed
NJ,2023,asian,non-hisp,f,55-59,,0.00223,synthetic_seed
NJ,2023,asian,non-hisp,f,60-64,,0.00199,synthetic_seed
NJ,2023,asian,non-hisp,f,65-69,,0.0019,synthetic_seed
NJ,2023,asian,non-hisp,f,70-74,,0.00179,synthetic_seed
NJ,2023,asian,non-hisp,f,75-79,,0.00205,synthetic_seed
NJ,2023,asian,non-hisp,f,80-84,,0.00217,synthetic_seed
NJ,2023,asian,non-hisp,f,85+,,0.00173,synthetic_seed
NJ,2023,asian,hisp,m,0-4,,0.00181,synthetic_seed
NJ,2023,asian,hisp,m,5-9,,0.0018,synthetic_seed
NJ,2023,asian,hisp,m,10-14,,0.00197,synthetic_seed
NJ,2023,asian,hisp,m,15-19,,0.00545,synthetic_seed
NJ,2023,asian,hisp,m,20-24,,0.00921,synthetic_seed
NJ,2023,asian,hisp,m,25-29,,0.00944,synthetic_seed
NJ,2023,asian,hisp,m,30-34,,0.01086,synthetic_seed
NJ,2023,asian,hisp,m,35-39,,0.0106,synthetic_seed
NJ,2023,asian,hisp,m,40-44,,0.01092,synthetic_seed
NJ,2023,asian,hisp,m,45-49,,0.00557,synthetic_seed
NJ,2023,asian,hisp,m,50-54,,0.00415,synthetic_seed
NJ,2023,asian,hisp,m,55-59,,0.0019,synthetic_seed
NJ,2023,asian,hisp,m,60-64,,0.00238,synthetic_seed
NJ,2023,asian,hisp,m,65-69,,0.00224,synthetic_seed
NJ,2023,asian,hisp,m,70-74,,0.00208,synthetic_seed
NJ,2023,asian,hisp,m,75-79,,0.00247,synthetic_seed
NJ,2023,asian,hisp,m,80-84,,0.00253,synthetic_seed
NJ,2023,asian,hisp,m,85+,,0.00222,synthetic_seed
NJ,2023,asian,hisp,f,0-4,,0.00146,synthetic_seed
NJ,2023,asian,hisp,f,5-9,,0.00195,synthetic_seed
NJ,2023,asian,hisp,f,10-14,,0.00177,synthetic_seed
NJ,2023,asian,hisp,f,15-19,,0.00492,synthetic_seed
NJ,2023,asian,hisp,f,20-24,,0.00864,synthetic_seed
NJ,2023,asian,hisp,f,25-29,,0.00931,synthetic_seed
NJ,2023,asian,hisp,f,30-34,,0.01113,synthetic_seed
NJ,2023,asian,hisp,f,35-39,,0.00977,synthetic_seed
NJ,2023,asian,hisp,f,40-44,,0.00649,synthetic_seed
NJ,2023,asian,hisp,f,45-49,,0.00666,synthetic_seed
NJ,2023,asian,hisp,f,50-54,,0.00467,synthetic_seed
NJ,2023,asian,hisp,f,55-59,,0.00231,synthetic_seed
NJ,2023,asian,hisp,f,60-64,,0.0023,synthetic_seed
NJ,2023,asian,hisp,f,65-69,,0.0015,synthetic_seed
NJ,2023,asian,hisp,f,70-74,,0.00171,synthetic_seed
NJ,2023,asian,hisp,f,75-79,,0.00202,synthetic_seed
NJ,2023,asian,hisp,f,80-84,,0.00226,synthetic_seed
NJ,2023,asian,hisp,f,85+,,0.00206,synthetic_seed
NJ,2023,other,non-hisp,m,0-4,,0.00165,synthetic_seed
NJ,2023,other,non-hisp,m,5-9,,0.00199,synthetic_seed
NJ,2023,other,non-hisp,m,10-14,,0.00185,synthetic_seed
NJ,2023,other,non-hisp,m,15-19,,0.00564,synthetic_seed
NJ,2023,other,non-hisp,m,20-24,,0.00892,synthetic_seed
NJ,2023,other,non-hisp,m,25-29,,0.01152,synthetic_seed
NJ,2023,other,non-hisp,m,30-34,,0.00746,synthetic_seed
NJ,2023,other,non-hisp,m,35-39,,0.00959,synthetic_seed
NJ,2023,other,non-hisp,m,40-44,,0.00898,synthetic_seed
NJ,2023,other,non-hisp,m,45-49,,0.00413,synthetic_seed
NJ,2023,other,non-hisp,m,50-54,,0.00429,synthetic_seed
NJ,2023,other,non-hisp,m,55-59,,0.00212,synthetic_seed
NJ,2023,other,non-hisp,m,60-64,,0.0019,synthetic_seed
NJ,2023,other,non-hisp,m,65-69,,0.00188,synthetic_seed
NJ,2023,other,non-hisp,m,70-74,,0.00222,synthetic_seed
NJ,2023,other,non-hisp,m,75-79,,0.00166,synthetic_seed
NJ,2023,other,non-hisp,m,80-84,,0.00194,synthetic_seed
NJ,2023,other,non-hisp,m,85+,,0.00228,synthetic_seed
NJ,2023,other,non-hisp,f,0-4,,0.00156,synthetic_seed
NJ,2023,other,non-hisp,f,5-9,,0.00193,synthetic_seed
NJ,2023,other,non-hisp,f,10-14,,0.00179,synthetic_seed
NJ,2023,other,non-hisp,f,15-19,,0.00431,synthetic_seed
NJ,2023,other,non-hisp,f,20-24,,0.00863,synthetic_seed
NJ,2023,other,non-hisp,f,25-29,,0.01015,synthetic_seed
NJ,2023,other,non-hisp,f,30-34,,0.00976,synthetic_seed
NJ,2023,other,non-hisp,f,35-39,,0.01206,synthetic_seed
NJ,2023,other,non-hisp,f,40-44,,0.01121,synthetic_seed
NJ,2023,other,non-hisp,f,45-49,,0.00433,synthetic_seed
NJ,2023,other,non-hisp,f,50-54,,0.00405,synthetic_seed
NJ,2023,other,non-hisp,f,55-59,,0.00204,synthetic_seed
NJ,2023,other,non-hisp,f,60-64,,0.00175,synthetic_seed
NJ,2023,other,non-hisp,f,65-69,,0.00209,synthetic_seed
NJ,2023,other,non-hisp,f,70-74,,0.00138,synthetic_seed
NJ,2023,other,non-hisp,f,75-79,,0.00168,synthetic_seed
NJ,2023,other,non-hisp,f,80-84,,0.00172,synthetic_seed
NJ,2023,other,non-hisp,f,85+,,0.00187,synthetic_seed
NJ,2023,other,hisp,m,0-4,,0.00166,synthetic_seed
NJ,2023,other,hisp,m,5-9,,0.00202,synthetic_seed
NJ,2023,other,hisp,m,10-14,,0.00183,synthetic_seed
NJ,2023,other,hisp,m,15-19,,0.00515,synthetic_seed
NJ,2023,other,hisp,m,20-24,,0.01062,synthetic_seed
NJ,2023,other,hisp,m,25-29,,0.01104,synthetic_seed
NJ,2023,other,hisp,m,30-34,,0.01111,synthetic_seed
NJ,2023,other,hisp,m,35-39,,0.00886,synthetic_seed
NJ,2023,other,hisp,m,40-44,,0.01215,synthetic_seed
NJ,2023,other,hisp,m,45-49,,0.00633,synthetic_seed
NJ,2023,other,hisp,m,50-54,,0.00455,synthetic_seed
NJ,2023,other,hisp,m,55-59,,0.00181,synthetic_seed
NJ,2023,other,hisp,m,60-64,,0.00203,synthetic_seed
NJ,2023,other,hisp,m,65-69,,0.00163,synthetic_seed
NJ,2023,other,hisp,m,70-74,,0.00164,synthetic_seed
NJ,2023,other,hisp,m,75-79,,0.00189,synthetic_seed
NJ,2023,other,hisp,m,80-84,,0.00188,synthetic_seed
NJ,2023,other,hisp,m,85+,,0.00194,synthetic_seed
NJ,2023,other,hisp,f,0-4,,0.00197,synthetic_seed
NJ,2023,other,hisp,f,5-9,,0.00162,synthetic_seed
NJ,2023,other,hisp,f,10-14,,0.002,synthetic_seed
NJ,2023,other,hisp,f,15-19,,0.0039,synthetic_seed
NJ,2023,other,hisp,f,20-24,,0.00975,synthetic_seed
NJ,2023,other,hisp,f,25-29,,0.00834,synthetic_seed
NJ,2023,other,hisp,f,30-34,,0.0118,synthetic_seed
NJ,2023,other,hisp,f,35-39,,0.00958,synthetic_seed
NJ,2023,other,hisp,f,40-44,,0.0111,synthetic_seed
NJ,2023,other,hisp,f,45-49,,0.00531,synthetic_seed
NJ,2023,other,hisp,f,50-54,,0.00432,synthetic_seed
NJ,2023,other,hisp,f,55-59,,0.00243,synthetic_seed
NJ,2023,other,hisp,f,60-64,,0.00207,synthetic_seed
NJ,2023,other,hisp,f,65-69,,0.00125,synthetic_seed
NJ,2023,other,hisp,f,70-74,,0.00213,synthetic_seed
NJ,2023,other,hisp,f,75-79,,0.0016,synthetic_seed
NJ,2023,other,hisp,f,80-84,,0.00253,synthetic_seed
NJ,2023,other,hisp,f,85+,,0.0015,synthetic_seed
NM,2023,white,non-hisp,m,0-4,,0.0022,synthetic_seed
NM,2023,white,non-hisp,m,5-9,,0.00149,synthetic_seed
NM,2023,white,non-hisp,m,10-14,,0.00178,synthetic_seed
NM,2023,white,non-hisp,m,15-19,,0.00386,synthetic_seed
NM,2023,white,non-hisp,m,20-24,,0.00984,synthetic_seed
NM,2023,white,non-hisp,m,25-29,,0.00892,synthetic_seed
NM,2023,white,non-hisp,m,30-34,,0.00738,synthetic_seed
NM,2023,white,non-hisp,m,35-39,,0.00838,synthetic_seed
NM,2023,white,non-hisp,m,40-44,,0.00789,synthetic_seed
NM,2023,white,non-hisp,m,45-49,,0.00455,synthetic_seed
NM,2023,white,non-hisp,m,50-54,,0.00533,synthetic_seed
NM,2023,white,non-hisp,m,55-59,,0.00172,synthetic_seed
NM,2023,white,non-hisp,m,60-64,,0.0018,synthetic_seed
NM,2023,white,non-hisp,m,65-69,,0.00181,synthetic_seed
NM,2023,white,non-hisp,m,70-74,,0.00167,synthetic_seed
NM,2023,white,non-hisp,m,75-79,,0.00202,synthetic_seed
NM,2023,white,non-hisp,m,80-84,,0.00175,synthetic_seed
NM,2023,white,non-hisp,m,85+,,0.00126,synthetic_seed
NM,2023,white,non-hisp,f,0-4,,0.00163,synthetic_seed
NM,2023,white,non-hisp,f,5-9,,0.00153,synthetic_seed
NM,2023,white,non-hisp,f,10-14,,0.00128,synthetic_seed
NM,2023,white,non-hisp,f,15-19,,0.00426,synthetic_seed
NM,2023,white,non-hisp,f,20-24,,0.00958,synthetic_seed
NM,2023,white,non-hisp,f,25-29,,0.00841,synthetic_seed
NM,2023,white,non-hisp,f,30-34,,0.00872,synthetic_seed
NM,2023,white,non-hisp,f,35-39,,0.00985,synthetic_seed
NM,2023,white,non-hisp,f,40-44,,0.00692,synthetic_seed
NM,2023,white,non-hisp,f,45-49,,0.00416,synthetic_seed
NM,2023,white,non-hisp,f,50-54,,0.00431,synthetic_seed
NM,2023,white,non-hisp,f,55-59,,0.00151,synthetic_seed
NM,2023,white,non-hisp,f,60-64,,0.00177,synthetic_seed
NM,2023,white,non-hisp,f,65-69,,0.00159,synthetic_seed
NM,2023,white,non-hisp,f,70-74,,0.00182,synthetic_seed
NM,2023,white,non-hisp,f,75-79,,0.00159,synthetic_seed
NM,2023,white,non-hisp,f,80-84,,0.00185,synthetic_seed
NM,2023,white,non-hisp,f,85+,,0.00129,synthetic_seed
NM,2023,white,hisp,m,0-4,,0.00164,synthetic_seed
NM,2023,white,hisp,m,5-9,,0.00165,synthetic_seed
NM,2023,white,hisp,m,10-14,,0.00159,synthetic_seed
NM,2023,white,hisp,m,15-19,,0.00426,synthetic_seed
NM,2023,white,hisp,m,20-24,,0.01148,synthetic_seed
NM,2023,white,hisp,m,25-29,,0.00693,synthetic_seed
NM,2023,white,hisp,m,30-34,,0.0073,synthetic_seed
NM,2023,white,hisp,m,35-39,,0.00947,synthetic_seed
NM,2023,white,hisp,m,40-44,,0.0089,synthetic_seed
NM,2023,white,hisp,m,45-49,,0.00363,synthetic_seed
NM,2023,white,hisp,m,50-54,,0.00437,synthetic_seed
NM,2023,white,hisp,m,55-59,,0.00131,synthetic_seed
NM,2023,white,hisp,m,60-64,,0.0015,synthetic_seed
NM,2023,white,hisp,m,65-69,,0.00159,synthetic_seed
NM,2023,white,hisp,m,70-74,,0.00202,synthetic_seed
NM,2023,white,hisp,m,75-79,,0.0022,synthetic_seed
NM,2023,white,hisp,m,80-84,,0.00171,synthetic_seed
NM,2023,white,hisp,m,85+,,0.0015,synthetic_seed
NM,2023,white,hisp,f,0-4,,0.0015,synthetic_seed
NM,2023,white,hisp,f,5-9,,0.00214,synthetic_seed
NM,2023,white,hisp,f,10-14,,0.00118,synthetic_seed
NM,2023,white,hisp,f,15-19,,0.00364,synthetic_seed
NM,2023,white,hisp,f,20-24,,0.00907,synthetic_seed
NM,2023,white,hisp,f,25-29,,0.00805,synthetic_seed
NM,2023,white,hisp,f,30-34,,0.00657,synthetic_seed
NM,2023,white,hisp,f,35-39,,0.00887,synthetic_seed
NM,2023,white,hisp,f,40-44,,0.00791,synthetic_seed
NM,2023,white,hisp,f,45-49,,0.0048,synthetic_seed
NM,2023,white,hisp,f,50-54,,0.00387,synthetic_seed
NM,2023,white,hisp,f,55-59,,0.00135,synthetic_seed
NM,2023,white,hisp,f,60-64,,0.00124,synthetic_seed
NM,2023,white,hisp,f,65-69,,0.0015,synthetic_seed
NM,2023,white,hisp,f,70-74,,0.00194,synthetic_seed
NM,2023,white,hisp,f,75-79,,0.00197,synthetic_seed
NM,2023,white,hisp,f,80-84,,0.0019,synthetic_seed
NM,2023,white,hisp,f,85+,,0.00203,synthetic_seed
NM,2023,black,non-hisp,m,0-4,,0.00146,synthetic_seed
NM,2023,black,non-hisp,m,5-9,,0.00171,synthetic_seed
NM,2023,black,non-hisp,m,10-14,,0.00171,synthetic_seed
NM,2023,black,non-hisp,m,15-19,,0.00374,synthetic_seed
NM,2023,black,non-hisp,m,20-24,,0.00716,synthetic_seed
NM,2023,black,non-hisp,m,25-29,,0.00823,synthetic_seed
NM,2023,black,non-hisp,m,30-34,,0.00727,synthetic_seed
NM,2023,black,non-hisp,m,35-39,,0.00934,synthetic_seed
NM,2023,black,non-hisp,m,40-44,,0.00744,synthetic_seed
NM,2023,black,non-hisp,m,45-49,,0.00369,synthetic_seed
NM,2023,black,non-hisp,m,50-54,,0.00383,synthetic_seed
NM,2023,black,non-hisp,m,55-59,,0.00164,synthetic_seed
NM,2023,black,non-hisp,m,60-64,,0.00171,synthetic_seed
NM,2023,black,non-hisp,m,65-69,,0.00156,synthetic_seed
NM,2023,black,non-hisp,m,70-74,,0.00183,synthetic_seed
NM,2023,black,non-hisp,m,75-79,,0.00161,synthetic_seed
NM,2023,black,non-hisp,m,80-84,,0.00164,synthetic_seed
NM,2023,black,non-hisp,m,85+,,0.00178,synthetic_seed
NM,2023,black,non-hisp,f,0-4,,0.00192,synthetic_seed
NM,2023,black,non-hisp,f,5-9,,0.00188,synthetic_seed
NM,2023,black,non-hisp,f,10-14,,0.00147,synthetic_seed
NM,2023,black,non-hisp,f,15-19,,0.00389,synthetic_seed
NM,2023,black,non-hisp,f,20-24,,0.00802,synthetic_seed
NM,2023,black,non-hisp,f,25-29,,0.00938,synthetic_seed
NM,2023,black,non-hisp,f,30-34,,0.00745,synthetic_seed
NM,2023,black,non-hisp,f,35-39,,0.00911,synthetic_seed
NM,2023,black,non-hisp,f,40-44,,0.00859,synthetic_seed
NM,2023,black,non-hisp,f,45-49,,0.00406,synthetic_seed
NM,2023,black,non-hisp,f,50-54,,0.00432,synthetic_seed
NM,2023,black,non-hisp,f,55-59,,0.00149,synthetic_seed
NM,2023,black,non-hisp,f,60-64,,0.00153,synthetic_seed
NM,2023,black,non-hisp,f,65-69,,0.00175,synthetic_seed
NM,2023,black,non-hisp,f,70-74,,0.00185,synthetic_seed
NM,2023,black,non-hisp,f,75-79,,0.00207,synthetic_seed
NM,2023,black,non-hisp,f,80-84,,0.002,synthetic_seed
NM,2023,black,non-hisp,f,85+,,0.00149,synthetic_seed
NM,2023,black,hisp,m,0-4,,0.00167,synthetic_seed
NM,2023,black,hisp,m,5-9,,0.00132,synthetic_seed
NM,2023,black,hisp,m,10-14,,0.00183,synthetic_seed
NM,2023,black,hisp,m,15-19,,0.00468,synthetic_seed
NM,2023,black,hisp,m,20-24,,0.00972,synthetic_seed
NM,2023,black,hisp,m,25-29,,0.00674,synthetic_seed
NM,2023,black,hisp,m,30-34,,0.00926,synthetic_seed
NM,2023,black,hisp,m,35-39,,0.00751,synthetic_seed
NM,2023,black,hisp,m,40-44,,0.00877,synthetic_seed
NM,2023,black,hisp,m,45-49,,0.00402,synthetic_seed
NM,2023,black,hisp,m,50-54,,0.00372,synthetic_seed
NM,2023,black,hisp,m,55-59,,0.00171,synthetic_seed
NM,2023,black,hisp,m,60-64,,0.00177,synthetic_seed
NM,2023,black,hisp,m,65-69,,0.00158,synthetic_seed
NM,2023,black,hisp,m,70-74,,0.00183,synthetic_seed
NM,2023,black,hisp,m,75-79,,0.00145,synthetic_seed
NM,2023,black,hisp,m,80-84,,0.00173,synthetic_seed
NM,2023,black,hisp,m,85+,,0.00155,synthetic_seed
NM,2023,black,hisp,f,0-4,,0.00171,synthetic_seed
NM,2023,black,hisp,f,5-9,,0.00155,synthetic_seed
NM,2023,black,hisp,f,10-14,,0.00153,synthetic_seed
NM,2023,black,hisp,f,15-19,,0.00366,synthetic_seed
NM,2023,black,hisp,f,20-24,,0.00712,synthetic_seed
NM,2023,black,hisp,f,25-29,,0.00755,synthetic_seed
NM,2023,black,hisp,f,30-34,,0.00817,synthetic_seed
NM,2023,black,hisp,f,35-39,,0.00697,synthetic_seed
NM,2023,black,hisp,f,40-44,,0.00862,synthetic_seed
NM,2023,black,hisp,f,45-49,,0.00461,synthetic_seed
NM,2023,black,hisp,f,50-54,,0.00421,synthetic_seed
NM,2023,black,hisp,f,55-59,,0.00145,synthetic_seed
NM,2023,black,hisp,f,60-64,,0.00155,synthetic_seed
NM,2023,black,hisp,f,65-69,,0.00127,synthetic_seed
NM,2023,black,hisp,f,70-74,,0.00179,synthetic_seed
NM,2023,black,hisp,f,75-79,,0.00158,synthetic_seed
NM,2023,black,hisp,f,80-84,,0.00154,synthetic_seed
NM,2023,black,hisp,f,85+,,0.00158,synthetic_seed
NM,2023,asian,non-hisp,m,0-4,,0.00154,synthetic_seed
NM,2023,asian,non-hisp,m,5-9,,0.00153,synthetic_seed
NM,2023,asian,non-hisp,m,10-14,,0.00185,synthetic_seed
NM,2023,asian,non-hisp,m,15-19,,0.00415,synthetic_seed
NM,2023,asian,non-hisp,m,20-24,,0.00727,synthetic_seed
NM,2023,asian,non-hisp,m,25-29,,0.00753,synthetic_seed
NM,2023,asian,non-hisp,m,30-34,,0.00763,synthetic_seed
NM,2023,asian,non-hisp,m,35-39,,0.01003,synthetic_seed
NM,2023,asian,non-hisp,m,40-44,,0.00878,synthetic_seed
NM,2023,asian,non-hisp,m,45-49,,0.00372,synthetic_seed
NM,2023,asian,non-hisp,m,50-54,,0.00482,synthetic_seed
NM,2023,asian,non-hisp,m,55-59,,0.00187,synthetic_seed
NM,2023,asian,non-hisp,m,60-64,,0.00186,synthetic_seed
NM,2023,asian,non-hisp,m,65-69,,0.00128,synthetic_seed
NM,2023,asian,non-hisp,m,70-74,,0.00154,synthetic_seed
NM,2023,asian,non-hisp,m,75-79,,0.00177,synthetic_seed
NM,2023,asian,non-hisp,m,80-84,,0.00166,synthetic_seed
NM,2023,asian,non-hisp,m,85+,,0.00156,synthetic_seed
NM,2023,asian,non-hisp,f,0-4,,0.00153,synthetic_seed
NM,2023,asian,non-hisp,f,5-9,,0.00147,synthetic_seed
NM,2023,asian,non-hisp,f,10-14,,0.00179,synthetic_seed
NM,2023,asian,non-hisp,f,15-19,,0.00364,synthetic_seed
NM,2023,asian,non-hisp,f,20-24,,0.00586,synthetic_seed
NM,2023,asian,non-hisp,f,25-29,,0.00847,synthetic_seed
NM,2023,asian,non-hisp,f,30-34,,0.01064,synthetic_seed
NM,2023,asian,non-hisp,f,35-39,,0.00646,synthetic_seed
NM,2023,asian,non-hisp,f,40-44,,0.00903,synthetic_seed
NM,2023,asian,non-hisp,f,45-49,,0.00443,synthetic_seed
NM,2023,asian,non-hisp,f,50-54,,0.00402,synthetic_seed
NM,2023,asian,non-hisp,f,55-59,,0.0019,synthetic_seed
NM,2023,asian,non-hisp,f,60-64,,0.00183,synthetic_seed
NM,2023,asian,non-hisp,f,65-69,,0.00163,synthetic_seed
NM,2023,asian,non-hisp,f,70-74,,0.00119,synthetic_seed
NM,2023,asian,non-hisp,f,75-79,,0.00133,synthetic_seed
NM,2023,asian,non-hisp,f,80-84,,0.00151,synthetic_seed
NM,2023,asian,non-hisp,f,85+,,0.00194,synthetic_seed
NM,2023,asian,hisp,m,0-4,,0.00179,synthetic_seed
NM,2023,asian,hisp,m,5-9,,0.00135,synthetic_seed
NM,2023,asian,hisp,m,10-14,,0.00182,synthetic_seed
NM,2023,asian,hisp,m,15-19,,0.00404,synthetic_seed
NM,2023,asian,hisp,m,20-24,,0.00903,synthetic_seed
NM,2023,asian,hisp,m,25-29,,0.00825,synthetic_seed
NM,2023,asian,hisp,m,30-34,,0.00875,synthetic_seed
NM,2023,asian,hisp,m,35-39,,0.00607,synthetic_seed
NM,2023,asian,hisp,m,40-44,,0.00645,synthetic_seed
NM,2023,asian,hisp,m,45-49,,0.00453,synthetic_seed
NM,2023,asian,hisp,m,50-54,,0.00403,synthetic_seed
NM,2023,asian,hisp,m,55-59,,0.00113,synthetic_seed
NM,2023,asian,hisp,m,60-64,,0.00132,synthetic_seed
NM,2023,asian,hisp,m,65-69,,0.00134,synthetic_seed
NM,2023,asian,hisp,m,70-74,,0.00159,synthetic_seed
NM,2023,asian,hisp,m,75-79,,0.00187,synthetic_seed
NM,2023,asian,hisp,m,80-84,,0.00215,synthetic_seed
NM,2023,asian,hisp,m,85+,,0.00163,synthetic_seed
NM,2023,asian,hisp,f,0-4,,0.00144,synthetic_seed
NM,2023,asian,hisp,f,5-9,,0.00154,synthetic_seed
NM,2023,asian,hisp,f,10-14,,0.00132,synthetic_seed
NM,2023,asian,hisp,f,15-19,,0.00415,synthetic_seed
NM,2023,asian,hisp,f,20-24,,0.00938,synthetic_seed
NM,2023,asian,hisp,f,25-29,,0.01042,synthetic_seed
NM,2023,asian,hisp,f,30-34,,0.00794,synthetic_seed
NM,2023,asian,hisp,f,35-39,,0.00748,synthetic_seed
NM,2023,asian,hisp,f,40-44,,0.00887,synthetic_seed
NM,2023,asian,hisp,f,45-49,,0.00343,synthetic_seed
NM,2023,asian,hisp,f,50-54,,0.00235,synthetic_seed
NM,2023,asian,hisp,f,55-59,,0.0015,synthetic_seed
NM,2023,asian,hisp,f,60-64,,0.00169,synthetic_seed
NM,2023,asian,hisp,f,65-69,,0.0008,synthetic_seed
NM,2023,asian,hisp,f,70-74,,0.00146,synthetic_seed
NM,2023,asian,hisp,f,75-79,,0.00151,synthetic_seed
NM,2023,asian,hisp,f,80-84,,0.0016,synthetic_seed
NM,2023,asian,hisp,f,85+,,0.00148,synthetic_seed
NM,2023,other,non-hisp,m,0-4,,0.00143,synthetic_seed
NM,2023,other,non-hisp,m,5-9,,0.00147,synthetic_seed
NM,2023,other,non-hisp,m,10-14,,0.00173,synthetic_seed
NM,2023,other,non-hisp,m,15-19,,0.00415,synthetic_seed
NM,2023,other,non-hisp,m,20-24,,0.0091,synthetic_seed
NM,2023,other,non-hisp,m,25-29,,0.00814,synthetic_seed
NM,2023,other,non-hisp,m,30-34,,0.00891,synthetic_seed
NM,2023,other,non-hisp,m,35-39,,0.00876,synthetic_seed
NM,2023,other,non-hisp,m,40-44,,0.00842,synthetic_seed
NM,2023,other,non-hisp,m,45-49,,0.00542,synthetic_seed
NM,2023,other,non-hisp,m,50-54,,0.00401,synthetic_seed
NM,2023,other,non-hisp,m,55-59,,0.00145,synthetic_seed
NM,2023,other,non-hisp,m,60-64,,0.00167,synthetic_seed
NM,2023,other,non-hisp,m,65-69,,0.00187,synthetic_seed
NM,2023,other,non-hisp,m,70-74,,0.0016,synthetic_seed
NM,2023,other,non-hisp,m,75-79,,0.00184,synthetic_seed
NM,2023,other,non-hisp,m,80-84,,0.00172,synthetic_seed
NM,2023,other,non-hisp,m,85+,,0.00118,synthetic_seed
NM,2023,other,non-hisp,f,0-4,,0.00142,synthetic_seed
NM,2023,other,non-hisp,f,5-9,,0.00172,synthetic_seed
NM,2023,other,non-hisp,f,10-14,,0.00122,synthetic_seed
NM,2023,other,non-hisp,f,15-19,,0.00456,synthetic_seed
NM,2023,other,non-hisp,f,20-24,,0.00773,synthetic_seed
NM,2023,other,non-hisp,f,25-29,,0.00784,synthetic_seed
NM,2023,other,non-hisp,f,30-34,,0.0094,synthetic_seed
NM,2023,other,non-hisp,f,35-39,,0.00827,synthetic_seed
NM,2023,other,non-hisp,f,40-44,,0.00638,synthetic_seed
NM,2023,other,non-hisp,f,45-49,,0.00417,synthetic_seed
NM,2023,other,non-hisp,f,50-54,,0.00479,synthetic_seed
NM,2023,other,non-hisp,f,55-59,,0.00197,synthetic_seed
NM,2023,other,non-hisp,f,60-64,,0.00119,synthetic_seed
NM,2023,other,non-hisp,f,65-69,,0.00166,synthetic_seed
NM,2023,other,non-hisp,f,70-74,,0.0011,synthetic_seed
NM,2023,other,non-hisp,f,75-79,,0.00184,synthetic_seed
NM,2023,other,non-hisp,f,80-84,,0.00136,synthetic_seed
NM,2023,other,non-hisp,f,85+,,0.00181,synthetic_seed
NM,2023,other,hisp,m,0-4,,0.00115,synthetic_seed
NM,2023,other,hisp,m,5-9,,0.00149,synthetic_seed
NM,2023,other,hisp,m,10-14,,0.00185,synthetic_seed
NM,2023,other,hisp,m,15-19,,0.00425,synthetic_seed
NM,2023,other,hisp,m,20-24,,0.00787,synthetic_seed
NM,2023,other,hisp,m,25-29,,0.00826,synthetic_seed
NM,2023,other,hisp,m,30-34,,0.00867,synthetic_seed
NM,2023,other,hisp,m,35-39,,0.00794,synthetic_seed
NM,2023,other,hisp,m,40-44,,0.00458,synthetic_seed
NM,2023,other,hisp,m,45-49,,0.0037,synthetic_seed
NM,2023,other,hisp,m,50-54,,0.00354,synthetic_seed
NM,2023,other,hisp,m,55-59,,0.00184,synthetic_seed
NM,2023,other,hisp,m,60-64,,0.00179,synthetic_seed
NM,2023,other,hisp,m,65-69,,0.00182,synthetic_seed
NM,2023,other,hisp,m,70-74,,0.00203,synthetic_seed
NM,2023,other,hisp,m,75-79,,0.00172,synthetic_seed
NM,2023,other,hisp,m,80-84,,0.00167,synthetic_seed
NM,2023,other,hisp,m,85+,,0.0013,synthetic_seed
NM,2023,other,hisp,f,0-4,,0.0017,synthetic_seed
NM,2023,other,hisp,f,5-9,,0.00136,synthetic_seed
NM,2023,other,hisp,f,10-14,,0.00164,synthetic_seed
NM,2023,other,hisp,f,15-19,,0.00301,synthetic_seed
NM,2023,other,hisp,f,20-24,,0.00859,synthetic_seed
NM,2023,other,hisp,f,25-29,,0.00808,synthetic_seed
NM,2023,other,hisp,f,30-34,,0.00766,synthetic_seed
NM,2023,other,hisp,f,35-39,,0.01063,synthetic_seed
NM,2023,other,hisp,f,40-44,,0.00713,synthetic_seed
NM,2023,other,hisp,f,45-49,,0.0041,synthetic_seed
NM,2023,other,hisp,f,50-54,,0.00358,synthetic_seed
NM,2023,other,hisp,f,55-59,,0.00157,synthetic_seed
NM,2023,other,hisp,f,60-64,,0.00168,synthetic_seed
NM,2023,other,hisp,f,65-69,,0.00188,synthetic_seed
NM,2023,other,hisp,f,70-74,,0.00177,synthetic_seed
NM,2023,other,hisp,f,75-79,,0.00167,synthetic_seed
NM,2023,other,hisp,f,80-84,,0.00224,synthetic_seed
NM,2023,other,hisp,f,85+,,0.00179,synthetic_seed
NY,2023,white,non-hisp,m,0-4,,0.00222,synthetic_seed
NY,2023,white,non-hisp,m,5-9,,0.00152,synthetic_seed
NY,2023,white,non-hisp,m,10-14,,0.00097,synthetic_seed
NY,2023,white,non-hisp,m,15-19,,0.00391,synthetic_seed
NY,2023,white,non-hisp,m,20-24,,0.00741,synthetic_seed
NY,2023,white,non-hisp,m,25-29,,0.00654,synthetic_seed
NY,2023,white,non-hisp,m,30-34,,0.0065,synthetic_seed
NY,2023,white,non-hisp,m,35-39,,0.00822,synthetic_seed
NY,2023,white,non-hisp,m,40-44,,0.00858,synthetic_seed
NY,2023,white,non-hisp,m,45-49,,0.00419,synthetic_seed
NY,2023,white,non-hisp,m,50-54,,0.00399,synthetic_seed
NY,2023,white,non-hisp,m,55-59,,0.00161,synthetic_seed
NY,2023,white,non-hisp,m,60-64,,0.00176,synthetic_seed
NY,2023,white,non-hisp,m,65-69,,0.00188,synthetic_seed
NY,2023,white,non-hisp,m,70-74,,0.00166,synthetic_seed
NY,2023,white,non-hisp,m,75-79,,0.00176,synthetic_seed
NY,2023,white,non-hisp,m,80-84,,0.00103,synthetic_seed
NY,2023,white,non-hisp,m,85+,,0.00166,synthetic_seed
NY,2023,white,non-hisp,f,0-4,,0.00183,synthetic_seed
NY,2023,white,non-hisp,f,5-9,,0.00166,synthetic_seed
NY,2023,white,non-hisp,f,10-14,,0.00144,synthetic_seed
NY,2023,white,non-hisp,f,15-19,,0.00476,synthetic_seed
NY,2023,white,non-hisp,f,20-24,,0.00902,synthetic_seed
NY,2023,white,non-hisp,f,25-29,,0.00766,synthetic_seed
NY,2023,white,non-hisp,f,30-34,,0.00607,synthetic_seed
NY,2023,white,non-hisp,f,35-39,,0.00662,synthetic_seed
NY,2023,white,non-hisp,f,40-44,,0.00739,synthetic_seed
NY,2023,white,non-hisp,f,45-49,,0.00461,synthetic_seed
NY,2023,white,non-hisp,f,50-54,,0.00318,synthetic_seed
NY,2023,white,non-hisp,f,55-59,,0.00174,synthetic_seed
NY,2023,white,non-hisp,f,60-64,,0.00115,synthetic_seed
NY,2023,white,non-hisp,f,65-69,,0.00144,synthetic_seed
NY,2023,white,non-hisp,f,70-74,,0.00163,synthetic_seed
NY,2023,white,non-hisp,f,75-79,,0.00143,synthetic_seed
NY,2023,white,non-hisp,f,80-84,,0.00122,synthetic_seed
NY,2023,white,non-hisp,f,85+,,0.00134,synthetic_seed
NY,2023,white,hisp,m,0-4,,0.00143,synthetic_seed
NY,2023,white,hisp,m,5-9,,0.00157,synthetic_seed
NY,2023,white,hisp,m,10-14,,0.00186,synthetic_seed
NY,2023,white,hisp,m,15-19,,0.00464,synthetic_seed
NY,2023,white,hisp,m,20-24,,0.00923,synthetic_seed
NY,2023,white,hisp,m,25-29,,0.0088,synthetic_seed
NY,2023,white,hisp,m,30-34,,0.0068,synthetic_seed
NY,2023,white,hisp,m,35-39,,0.00681,synthetic_seed
NY,2023,white,hisp,m,40-44,,0.00905,synthetic_seed
NY,2023,white,hisp,m,45-49,,0.00424,synthetic_seed
NY,2023,white,hisp,m,50-54,,0.00457,synthetic_seed
NY,2023,white,hisp,m,55-59,,0.00184,synthetic_seed
NY,2023,white,hisp,m,60-64,,0.00152,synthetic_seed
NY,2023,white,hisp,m,65-69,,0.00139,synthetic_seed
NY,2023,white,hisp,m,70-74,,0.00172,synthetic_seed
NY,2023,white,hisp,m,75-79,,0.00191,synthetic_seed
NY,2023,white,hisp,m,80-84,,0.00147,synthetic_seed
NY,2023,white,hisp,m,85+,,0.00161,synthetic_seed
NY,2023,white,hisp,f,0-4,,0.00155,synthetic_seed
NY,2023,white,hisp,f,5-9,,0.00145,synthetic_seed
NY,2023,white,hisp,f,10-14,,0.00152,synthetic_seed
NY,2023,white,hisp,f,15-19,,0.00369,synthetic_seed
NY,2023,white,hisp,f,20-24,,0.0064,synthetic_seed
NY,2023,white,hisp,f,25-29,,0.00867,synthetic_seed
NY,2023,white,hisp,f,30-34,,0.00676,synthetic_seed
NY,2023,white,hisp,f,35-39,,0.00774,synthetic_seed
NY,2023,white,hisp,f,40-44,,0.00699,synthetic_seed
NY,2023,white,hisp,f,45-49,,0.00399,synthetic_seed
NY,2023,white,hisp,f,50-54,,0.00462,synthetic_seed
NY,2023,white,hisp,f,55-59,,0.00119,synthetic_seed
NY,2023,white,hisp,f,60-64,,0.00189,synthetic_seed
NY,2023,white,hisp,f,65-69,,0.00179,synthetic_seed
NY,2023,white,hisp,f,70-74,,0.00156,synthetic_seed
NY,2023,white,hisp,f,75-79,,0.00207,synthetic_seed
NY,2023,white,hisp,f,80-84,,0.00152,synthetic_seed
NY,2023,white,hisp,f,85+,,0.00164,synthetic_seed
NY,2023,black,non-hisp,m,0-4,,0.00148,synthetic_seed
NY,2023,black,non-hisp,m,5-9,,0.00181,synthetic_seed
NY,2023,black,non-hisp,m,10-14,,0.00198,synthetic_seed
NY,2023,black,non-hisp,m,15-19,,0.00458,synthetic_seed
NY,2023,black,non-hisp,m,20-24,,0.00942,synthetic_seed
NY,2023,black,non-hisp,m,25-29,,0.00631,synthetic_seed
NY,2023,black,non-hisp,m,30-34,,0.00694,synthetic_seed
NY,2023,black,non-hisp,m,35-39,,0.0086,synthetic_seed
NY,2023,black,non-hisp,m,40-44,,0.00807,synthetic_seed
NY,2023,black,non-hisp,m,45-49,,0.00329,synthetic_seed
NY,2023,black,non-hisp,m,50-54,,0.00466,synthetic_seed
NY,2023,black,non-hisp,m,55-59,,0.00213,synthetic_seed
NY,2023,black,non-hisp,m,60-64,,0.0019,synthetic_seed
NY,2023,black,non-hisp,m,65-69,,0.00176,synthetic_seed
NY,2023,black,non-hisp,m,70-74,,0.00174,synthetic_seed
NY,2023,black,non-hisp,m,75-79,,0.00185,synthetic_seed
NY,2023,black,non-hisp,m,80-84,,0.00153,synthetic_seed
NY,2023,black,non-hisp,m,85+,,0.00165,synthetic_seed
NY,2023,black,non-hisp,f,0-4,,0.00141,synthetic_seed
NY,2023,black,non-hisp,f,5-9,,0.00183,synthetic_seed
NY,2023,black,non-hisp,f,10-14,,0.00166,synthetic_seed
NY,2023,black,non-hisp,f,15-19,,0.00464,synthetic_seed
NY,2023,black,non-hisp,f,20-24,,0.00709,synthetic_seed
NY,2023,black,non-hisp,f,25-29,,0.00653,synthetic_seed
NY,2023,black,non-hisp,f,30-34,,0.00975,synthetic_seed
NY,2023,black,non-hisp,f,35-39,,0.0074,synthetic_seed
NY,2023,black,non-hisp,f,40-44,,0.00796,synthetic_seed
NY,2023,black,non-hisp,f,45-49,,0.00438,synthetic_seed
NY,2023,black,non-hisp,f,50-54,,0.00391,synthetic_seed
NY,2023,black,non-hisp,f,55-59,,0.00166,synthetic_seed
NY,2023,black,non-hisp,f,60-64,,0.0013,synthetic_seed
NY,2023,black,non-hisp,f,65-69,,0.00163,synthetic_seed
NY,2023,black,non-hisp,f,70-74,,0.00185,synthetic_seed
NY,2023,black,non-hisp,f,75-79,,0.00173,synthetic_seed
NY,2023,black,non-hisp,f,80-84,,0.00203,synthetic_seed
NY,2023,black,non-hisp,f,85+,,0.0013,synthetic_seed
NY,2023,black,hisp,m,0-4,,0.00157,synthetic_seed
NY,2023,black,hisp,m,5-9,,0.0017,synthetic_seed
NY,2023,black,hisp,m,10-14,,0.00162,synthetic_seed
NY,2023,black,hisp,m,15-19,,0.00468,synthetic_seed
NY,2023,black,hisp,m,20-24,,0.00857,synthetic_seed
NY,2023,black,hisp,m,25-29,,0.01155,synthetic_seed
NY,2023,black,hisp,m,30-34,,0.00713,synthetic_seed
NY,2023,black,hisp,m,35-39,,0.0065,synthetic_seed
NY,2023,black,hisp,m,40-44,,0.00771,synthetic_seed
NY,2023,black,hisp,m,45-49,,0.00376,synthetic_seed
NY,2023,black,hisp,m,50-54,,0.00409,synthetic_seed
NY,2023,black,hisp,m,55-59,,0.00165,synthetic_seed
NY,2023,black,hisp,m,60-64,,0.00155,synthetic_seed
NY,2023,black,hisp,m,65-69,,0.00153,synthetic_seed
NY,2023,black,hisp,m,70-74,,0.00152,synthetic_seed
NY,2023,black,hisp,m,75-79,,0.00204,synthetic_seed
NY,2023,black,hisp,m,80-84,,0.00123,synthetic_seed
NY,2023,black,hisp,m,85+,,0.00149,synthetic_seed
NY,2023,black,hisp,f,0-4,,0.00127,synthetic_seed
NY,2023,black,hisp,f,5-9,,0.00171,synthetic_seed
NY,2023,black,hisp,f,10-14,,0.00171,synthetic_seed
NY,2023,black,hisp,f,15-19,,0.00394,synthetic_seed
NY,2023,black,hisp,f,20-24,,0.00915,synthetic_seed
NY,2023,black,hisp,f,25-29,,0.00937,synthetic_seed
NY,2023,black,hisp,f,30-34,,0.00848,synthetic_seed
NY,2023,black,hisp,f,35-39,,0.00912,synthetic_seed
NY,2023,black,hisp,f,40-44,,0.00754,synthetic_seed
NY,2023,black,hisp,f,45-49,,0.00361,synthetic_seed
NY,2023,black,hisp,f,50-54,,0.00468,synthetic_seed
NY,2023,black,hisp,f,55-59,,0.00172,synthetic_seed
NY,2023,black,hisp,f,60-64,,0.00193,synthetic_seed
NY,2023,black,hisp,f,65-69,,0.00156,synthetic_seed
NY,2023,black,hisp,f,70-74,,0.00227,synthetic_seed
NY,2023,black,hisp,f,75-79,,0.00172,synthetic_seed
NY,2023,black,hisp,f,80-84,,0.0014,synthetic_seed
NY,2023,black,hisp,f,85+,,0.00143,synthetic_seed
NY,2023,asian,non-hisp,m,0-4,,0.00115,synthetic_seed
NY,2023,asian,non-hisp,m,5-9,,0.00171,synthetic_seed
NY,2023,asian,non-hisp,m,10-14,,0.00192,synthetic_seed
NY,2023,asian,non-hisp,m,15-19,,0.00423,synthetic_seed
NY,2023,asian,non-hisp,m,20-24,,0.01073,synthetic_seed
NY,2023,asian,non-hisp,m,25-29,,0.00763,synthetic_seed
NY,2023,asian,non-hisp,m,30-34,,0.00879,synthetic_seed
NY,2023,asian,non-hisp,m,35-39,,0.00935,synthetic_seed
NY,2023,asian,non-hisp,m,40-44,,0.00785,synthetic_seed
NY,2023,asian,non-hisp,m,45-49,,0.00444,synthetic_seed
NY,2023,asian,non-hisp,m,50-54,,0.00403,synthetic_seed
NY,2023,asian,non-hisp,m,55-59,,0.00141,synthetic_seed
NY,2023,asian,non-hisp,m,60-64,,0.00148,synthetic_seed
NY,2023,asian,non-hisp,m,65-69,,0.00156,synthetic_seed
NY,2023,asian,non-hisp,m,70-74,,0.00166,synthetic_seed
NY,2023,asian,non-hisp,m,75-79,,0.00165,synthetic_seed
NY,2023,asian,non-hisp,m,80-84,,0.00162,synthetic_seed
NY,2023,asian,non-hisp,m,85+,,0.00181,synthetic_seed
NY,2023,asian,non-hisp,f,0-4,,0.002,synthetic_seed
NY,2023,asian,non-hisp,f,5-9,,0.00182,synthetic_seed
NY,2023,asian,non-hisp,f,10-14,,0.00193,synthetic_seed
NY,2023,asian,non-hisp,f,15-19,,0.00394,synthetic_seed
NY,2023,asian,non-hisp,f,20-24,,0.00544,synthetic_seed
NY,2023,asian,non-hisp,f,25-29,,0.00751,synthetic_seed
NY,2023,asian,non-hisp,f,30-34,,0.00729,synthetic_seed
NY,2023,asian,non-hisp,f,35-39,,0.00987,synthetic_seed
NY,2023,asian,non-hisp,f,40-44,,0.00727,synthetic_seed
NY,2023,asian,non-hisp,f,45-49,,0.00319,synthetic_seed
NY,2023,asian,non-hisp,f,50-54,,0.00233,synthetic_seed
NY,2023,asian,non-hisp,f,55-59,,0.00195,synthetic_seed
NY,2023,asian,non-hisp,f,60-64,,0.00173,synthetic_seed
NY,2023,asian,non-hisp,f,65-69,,0.00198,synthetic_seed
NY,2023,asian,non-hisp,f,70-74,,0.0013,synthetic_seed
NY,2023,asian,non-hisp,f,75-79,,0.00102,synthetic_seed
NY,2023,asian,non-hisp,f,80-84,,0.00168,synthetic_seed
NY,2023,asian,non-hisp,f,85+,,0.00125,synthetic_seed
NY,2023,asian,hisp,m,0-4,,0.00126,synthetic_seed
NY,2023,asian,hisp,m,5-9,,0.00148,synthetic_seed
NY,2023,asian,hisp,m,10-14,,0.00189,synthetic_seed
NY,2023,asian,hisp,m,15-19,,0.00344,synthetic_seed
NY,2023,asian,hisp,m,20-24,,0.00781,synthetic_seed
NY,2023,asian,hisp,m,25-29,,0.00783,synthetic_seed
NY,2023,asian,hisp,m,30-34,,0.00684,synthetic_seed
NY,2023,asian,hisp,m,35-39,,0.00689,synthetic_seed
NY,2023,asian,hisp,m,40-44,,0.00587,synthetic_seed
NY,2023,asian,hisp,m,45-49,,0.00413,synthetic_seed
NY,2023,asian,hisp,m,50-54,,0.00239,synthetic_seed
NY,2023,asian,hisp,m,55-59,,0.00143,synthetic_seed
NY,2023,asian,hisp,m,60-64,,0.00204,synthetic_seed
NY,2023,asian,hisp,m,65-69,,0.00132,synthetic_seed
NY,2023,asian,hisp,m,70-74,,0.00121,synthetic_seed
NY,2023,asian,hisp,m,75-79,,0.00183,synthetic_seed
NY,2023,asian,hisp,m,80-84,,0.00136,synthetic_seed
NY,2023,asian,hisp,m,85+,,0.00125,synthetic_seed
NY,2023,asian,hisp,f,0-4,,0.00145,synthetic_seed
NY,2023,asian,hisp,f,5-9,,0.00169,synthetic_seed
NY,2023,asian,hisp,f,10-14,,0.00154,synthetic_seed
NY,2023,asian,hisp,f,15-19,,0.00412,synthetic_seed
NY,2023,asian,hisp,f,20-24,,0.0094,synthetic_seed
NY,2023,asian,hisp,f,25-29,,0.00895,synthetic_seed
NY,2023,asian,hisp,f,30-34,,0.00706,synthetic_seed
NY,2023,asian,hisp,f,35-39,,0.00829,synthetic_seed
NY,2023,asian,hisp,f,40-44,,0.01087,synthetic_seed
NY,2023,asian,hisp,f,45-49,,0.00376,synthetic_seed
NY,2023,asian,hisp,f,50-54,,0.00371,synthetic_seed
NY,2023,asian,hisp,f,55-59,,0.00155,synthetic_seed
NY,2023,asian,hisp,f,60-64,,0.0017,synthetic_seed
NY,2023,asian,hisp,f,65-69,,0.00187,synthetic_seed
NY,2023,asian,hisp,f,70-74,,0.00176,synthetic_seed
NY,2023,asian,hisp,f,75-79,,0.00138,synthetic_seed
NY,2023,asian,hisp,f,80-84,,0.00152,synthetic_seed
NY,2023,asian,hisp,f,85+,,0.00181,synthetic_seed
NY,2023,other,non-hisp,m,0-4,,0.001,synthetic_seed
NY,2023,other,non-hisp,m,5-9,,0.00124,synthetic_seed
NY,2023,other,non-hisp,m,10-14,,0.00165,synthetic_seed
NY,2023,other,non-hisp,m,15-19,,0.00394,synthetic_seed
NY,2023,other,non-hisp,m,20-24,,0.00734,synthetic_seed
NY,2023,other,non-hisp,m,25-29,,0.00872,synthetic_seed
NY,2023,other,non-hisp,m,30-34,,0.00741,synthetic_seed
NY,2023,other,non-hisp,m,35-39,,0.00853,synthetic_seed
NY,2023,other,non-hisp,m,40-44,,0.00682,synthetic_seed
NY,2023,other,non-hisp,m,45-49,,0.00333,synthetic_seed
NY,2023,other,non-hisp,m,50-54,,0.00424,synthetic_seed
NY,2023,other,non-hisp,m,55-59,,0.00153,synthetic_seed
NY,2023,other,non-hisp,m,60-64,,0.00166,synthetic_seed
NY,2023,other,non-hisp,m,65-69,,0.00137,synthetic_seed
NY,2023,other,non-hisp,m,70-74,,0.0014,synthetic_seed
NY,2023,other,non-hisp,m,75-79,,0.00158,synthetic_seed
NY,2023,other,non-hisp,m,80-84,,0.0012,synthetic_seed
NY,2023,other,non-hisp,m,85+,,0.00147,synthetic_seed
NY,2023,other,non-hisp,f,0-4,,0.00211,synthetic_seed
NY,2023,other,non-hisp,f,5-9,,0.00142,synthetic_seed
NY,2023,other,non-hisp,f,10-14,,0.00108,synthetic_seed
NY,2023,other,non-hisp,f,15-19,,0.00401,synthetic_seed
NY,2023,other,non-hisp,f,20-24,,0.00785,synthetic_seed
NY,2023,other,non-hisp,f,25-29,,0.00787,synthetic_seed
NY,2023,other,non-hisp,f,30-34,,0.00809,synthetic_seed
NY,2023,other,non-hisp,f,35-39,,0.00789,synthetic_seed
NY,2023,other,non-hisp,f,40-44,,0.00855,synthetic_seed
NY,2023,other,non-hisp,f,45-49,,0.00354,synthetic_seed
NY,2023,other,non-hisp,f,50-54,,0.00412,synthetic_seed
NY,2023,other,non-hisp,f,55-59,,0.00161,synthetic_seed
NY,2023,other,non-hisp,f,60-64,,0.00153,synthetic_seed
NY,2023,other,non-hisp,f,65-69,,0.0013,synthetic_seed
NY,2023,other,non-hisp,f,70-74,,0.00136,synthetic_seed
NY,2023,other,non-hisp,f,75-79,,0.00165,synthetic_seed
NY,2023,other,non-hisp,f,80-84,,0.00137,synthetic_seed
NY,2023,other,non-hisp,f,85+,,0.00152,synthetic_seed
NY,2023,other,hisp,m,0-4,,0.00117,synthetic_seed
NY,2023,other,hisp,m,5-9,,0.0018,synthetic_seed
NY,2023,other,hisp,m,10-14,,0.00152,synthetic_seed
NY,2023,other,hisp,m,15-19,,0.00496,synthetic_seed
NY,2023,other,hisp,m,20-24,,0.00831,synthetic_seed
NY,2023,other,hisp,m,25-29,,0.00686,synthetic_seed
NY,2023,other,hisp,m,30-34,,0.00907,synthetic_seed
NY,2023,other,hisp,m,35-39,,0.0076,synthetic_seed
NY,2023,other,hisp,m,40-44,,0.00786,synthetic_seed
NY,2023,other,hisp,m,45-49,,0.00336,synthetic_seed
NY,2023,other,hisp,m,50-54,,0.00325,synthetic_seed
NY,2023,other,hisp,m,55-59,,0.0013,synthetic_seed
NY,2023,other,hisp,m,60-64,,0.00168,synthetic_seed
NY,2023,other,hisp,m,65-69,,0.00154,synthetic_seed
NY,2023,other,hisp,m,70-74,,0.00143,synthetic_seed
NY,2023,other,hisp,m,75-79,,0.00175,synthetic_seed
NY,2023,other,hisp,m,80-84,,0.0015,synthetic_seed
NY,2023,other,hisp,m,85+,,0.00137,synthetic_seed
NY,2023,other,hisp,f,0-4,,0.00157,synthetic_seed
NY,2023,other,hisp,f,5-9,,0.00156,synthetic_seed
NY,2023,other,hisp,f,10-14,,0.00181,synthetic_seed
NY,2023,other,hisp,f,15-19,,0.00475,synthetic_seed
NY,2023,other,hisp,f,20-24,,0.00796,synthetic_seed
NY,2023,other,hisp,f,25-29,,0.00823,synthetic_seed
NY,2023,other,hisp,f,30-34,,0.00891,synthetic_seed
NY,2023,other,hisp,f,35-39,,0.00888,synthetic_seed
NY,2023,other,hisp,f,40-44,,0.00753,synthetic_seed
NY,2023,other,hisp,f,45-49,,0.00397,synthetic_seed
NY,2023,other,hisp,f,50-54,,0.0029,synthetic_seed
NY,2023,other,hisp,f,55-59,,0.00189,synthetic_seed
NY,2023,other,hisp,f,60-64,,0.00187,synthetic_seed
NY,2023,other,hisp,f,65-69,,0.00178,synthetic_seed
NY,2023,other,hisp,f,70-74,,0.00159,synthetic_seed
NY,2023,other,hisp,f,75-79,,0.00151,synthetic_seed
NY,2023,other,hisp,f,80-84,,0.00174,synthetic_seed
NY,2023,other,hisp,f,85+,,0.00155,synthetic_seed
NC,2023,white,non-hisp,m,0-4,,0.00471,synthetic_seed
NC,2023,white,non-hisp,m,5-9,,0.00335,synthetic_seed
NC,2023,white,non-hisp,m,10-14,,0.00321,synthetic_seed
NC,2023,white,non-hisp,m,15-19,,0.01169,synthetic_seed
NC,2023,white,non-hisp,m,20-24,,0.01859,synthetic_seed
NC,2023,white,non-hisp,m,25-29,,0.0226,synthetic_seed
NC,2023,white,non-hisp,m,30-34,,0.02069,synthetic_seed
NC,2023,white,non-hisp,m,35-39,,0.0197,synthetic_seed
NC,2023,white,non-hisp,m,40-44,,0.02433,synthetic_seed
NC,2023,white,non-hisp,m,45-49,,0.01154,synthetic_seed
NC,2023,white,non-hisp,m,50-54,,0.0141,synthetic_seed
NC,2023,white,non-hisp,m,55-59,,0.00529,synthetic_seed
NC,2023,white,non-hisp,m,60-64,,0.00327,synthetic_seed
NC,2023,white,non-hisp,m,65-69,,0.00454,synthetic_seed
NC,2023,white,non-hisp,m,70-74,,0.00524,synthetic_seed
NC,2023,white,non-hisp,m,75-79,,0.00338,synthetic_seed
NC,2023,white,non-hisp,m,80-84,,0.00432,synthetic_seed
NC,2023,white,non-hisp,m,85+,,0.00351,synthetic_seed
NC,2023,white,non-hisp,f,0-4,,0.0043,synthetic_seed
NC,2023,white,non-hisp,f,5-9,,0.0053,synthetic_seed
NC,2023,white,non-hisp,f,10-14,,0.00432,synthetic_seed
NC,2023,white,non-hisp,f,15-19,,0.01106,synthetic_seed
NC,2023,white,non-hisp,f,20-24,,0.02089,synthetic_seed
NC,2023,white,non-hisp,f,25-29,,0.01879,synthetic_seed
NC,2023,white,non-hisp,f,30-34,,0.02712,synthetic_seed
NC,2023,white,non-hisp,f,35-39,,0.02119,synthetic_seed
NC,2023,white,non-hisp,f,40-44,,0.01688,synthetic_seed
NC,2023,white,non-hisp,f,45-49,,0.00695,synthetic_seed
NC,2023,white,non-hisp,f,50-54,,0.01349,synthetic_seed
NC,2023,white,non-hisp,f,55-59,,0.00449,synthetic_seed
NC,2023,white,non-hisp,f,60-64,,0.00574,synthetic_seed
NC,2023,white,non-hisp,f,65-69,,0.00417,synthetic_seed
NC,2023,white,non-hisp,f,70-74,,0.00535,synthetic_seed
NC,2023,white,non-hisp,f,75-79,,0.00448,synthetic_seed
NC,2023,white,non-hisp,f,80-84,,0.00515,synthetic_seed
NC,2023,white,non-hisp,f,85+,,0.00459,synthetic_seed
NC,2023,white,hisp,m,0-4,,0.00277,synthetic_seed
NC,2023,white,hisp,m,5-9,,0.00384,synthetic_seed
NC,2023,white,hisp,m,10-14,,0.00434,synthetic_seed
NC,2023,white,hisp,m,15-19,,0.00999,synthetic_seed
NC,2023,white,hisp,m,20-24,,0.01963,synthetic_seed
NC,2023,white,hisp,m,25-29,,0.02409,synthetic_seed
NC,2023,white,hisp,m,30-34,,0.02364,synthetic_seed
NC,2023,white,hisp,m,35-39,,0.02575,synthetic_seed
NC,2023,white,hisp,m,40-44,,0.02267,synthetic_seed
NC,2023,white,hisp,m,45-49,,0.01048,synthetic_seed
NC,2023,white,hisp,m,50-54,,0.0122,synthetic_seed
NC,2023,white,hisp,m,55-59,,0.00404,synthetic_seed
NC,2023,white,hisp,m,60-64,,0.0054,synthetic_seed
NC,2023,white,hisp,m,65-69,,0.0047,synthetic_seed
NC,2023,white,hisp,m,70-74,,0.0039,synthetic_seed
NC,2023,white,hisp,m,75-79,,0.00334,synthetic_seed
NC,2023,white,hisp,m,80-84,,0.0054,synthetic_seed
NC,2023,white,hisp,m,85+,,0.00505,synthetic_seed
NC,2023,white,hisp,f,0-4,,0.00564,synthetic_seed
NC,2023,white,hisp,f,5-9,,0.0045,synthetic_seed
NC,2023,white,hisp,f,10-14,,0.00524,synthetic_seed
NC,2023,white,hisp,f,15-19,,0.01112,synthetic_seed
NC,2023,white,hisp,f,20-24,,0.02173,synthetic_seed
NC,2023,white,hisp,f,25-29,,0.0245,synthetic_seed
NC,2023,white,hisp,f,30-34,,0.02105,synthetic_seed
NC,2023,white,hisp,f,35-39,,0.02028,synthetic_seed
NC,2023,white,hisp,f,40-44,,0.02379,synthetic_seed
NC,2023,white,hisp,f,45-49,,0.01178,synthetic_seed
NC,2023,white,hisp,f,50-54,,0.01221,synthetic_seed
NC,2023,white,hisp,f,55-59,,0.00444,synthetic_seed
NC,2023,white,hisp,f,60-64,,0.00509,synthetic_seed
NC,2023,white,hisp,f,65-69,,0.00408,synthetic_seed
NC,2023,white,hisp,f,70-74,,0.00345,synthetic_seed
NC,2023,white,hisp,f,75-79,,0.0035,synthetic_seed
NC,2023,white,hisp,f,80-84,,0.00475,synthetic_seed
NC,2023,white,hisp,f,85+,,0.00342,synthetic_seed
NC,2023,black,non-hisp,m,0-4,,0.00366,synthetic_seed
NC,2023,black,non-hisp,m,5-9,,0.00423,synthetic_seed
NC,2023,black,non-hisp,m,10-14,,0.00389,synthetic_seed
NC,2023,black,non-hisp,m,15-19,,0.01077,synthetic_seed
NC,2023,black,non-hisp,m,20-24,,0.02457,synthetic_seed
NC,2023,black,non-hisp,m,25-29,,0.02505,synthetic_seed
NC,2023,black,non-hisp,m,30-34,,0.01834,synthetic_seed
NC,2023,black,non-hisp,m,35-39,,0.02712,synthetic_seed
NC,2023,black,non-hisp,m,40-44,,0.02325,synthetic_seed
NC,2023,black,non-hisp,m,45-49,,0.00976,synthetic_seed
NC,2023,black,non-hisp,m,50-54,,0.01309,synthetic_seed
NC,2023,black,non-hisp,m,55-59,,0.00375,synthetic_seed
NC,2023,black,non-hisp,m,60-64,,0.00397,synthetic_seed
NC,2023,black,non-hisp,m,65-69,,0.00486,synthetic_seed
NC,2023,black,non-hisp,m,70-74,,0.00543,synthetic_seed
NC,2023,black,non-hisp,m,75-79,,0.00428,synthetic_seed
NC,2023,black,non-hisp,m,80-84,,0.00443,synthetic_seed
NC,2023,black,non-hisp,m,85+,,0.00477,synthetic_seed
NC,2023,black,non-hisp,f,0-4,,0.00447,synthetic_seed
NC,2023,black,non-hisp,f,5-9,,0.00331,synthetic_seed
NC,2023,black,non-hisp,f,10-14,,0.00392,synthetic_seed
NC,2023,black,non-hisp,f,15-19,,0.012,synthetic_seed
NC,2023,black,non-hisp,f,20-24,,0.01979,synthetic_seed
NC,2023,black,non-hisp,f,25-29,,0.02109,synthetic_seed
NC,2023,black,non-hisp,f,30-34,,0.01893,synthetic_seed
NC,2023,black,non-hisp,f,35-39,,0.01629,synthetic_seed
NC,2023,black,non-hisp,f,40-44,,0.01942,synthetic_seed
NC,2023,black,non-hisp,f,45-49,,0.01176,synthetic_seed
NC,2023,black,non-hisp,f,50-54,,0.01329,synthetic_seed
NC,2023,black,non-hisp,f,55-59,,0.00509,synthetic_seed
NC,2023,black,non-hisp,f,60-64,,0.00464,synthetic_seed
NC,2023,black,non-hisp,f,65-69,,0.00398,synthetic_seed
NC,2023,black,non-hisp,f,70-74,,0.00595,synthetic_seed
NC,2023,black,non-hisp,f,75-79,,0.00355,synthetic_seed
NC,2023,black,non-hisp,f,80-84,,0.00403,synthetic_seed
NC,2023,black,non-hisp,f,85+,,0.00401,synthetic_seed
NC,2023,black,hisp,m,0-4,,0.00396,synthetic_seed
NC,2023,black,hisp,m,5-9,,0.00367,synthetic_seed
NC,2023,black,hisp,m,10-14,,0.00454,synthetic_seed
NC,2023,black,hisp,m,15-19,,0.01323,synthetic_seed
NC,2023,black,hisp,m,20-24,,0.02081,synthetic_seed
NC,2023,black,hisp,m,25-29,,0.02042,synthetic_seed
NC,2023,black,hisp,m,30-34,,0.02542,synthetic_seed
NC,2023,black,hisp,m,35-39,,0.01597,synthetic_seed
NC,2023,black,hisp,m,40-44,,0.02774,synthetic_seed
NC,2023,black,hisp,m,45-49,,0.01272,synthetic_seed
NC,2023,black,hisp,m,50-54,,0.01432,synthetic_seed
NC,2023,black,hisp,m,55-59,,0.0038,synthetic_seed
NC,2023,black,hisp,m,60-64,,0.00516,synthetic_seed
NC,2023,black,hisp,m,65-69,,0.00561,synthetic_seed
NC,2023,black,hisp,m,70-74,,0.00423,synthetic_seed
NC,2023,black,hisp,m,75-79,,0.00414,synthetic_seed
NC,2023,black,hisp,m,80-84,,0.00432,synthetic_seed
NC,2023,black,hisp,m,85+,,0.00474,synthetic_seed
NC,2023,black,hisp,f,0-4,,0.00329,synthetic_seed
NC,2023,black,hisp,f,5-9,,0.00476,synthetic_seed
NC,2023,black,hisp,f,10-14,,0.00363,synthetic_seed
NC,2023,black,hisp,f,15-19,,0.01373,synthetic_seed
NC,2023,black,hisp,f,20-24,,0.02222,synthetic_seed
NC,2023,black,hisp,f,25-29,,0.02145,synthetic_seed
NC,2023,black,hisp,f,30-34,,0.01377,synthetic_seed
NC,2023,black,hisp,f,35-39,,0.02203,synthetic_seed
NC,2023,black,hisp,f,40-44,,0.0254,synthetic_seed
NC,2023,black,hisp,f,45-49,,0.0122,synthetic_seed
NC,2023,black,hisp,f,50-54,,0.01183,synthetic_seed
NC,2023,black,hisp,f,55-59,,0.00483,synthetic_seed
NC,2023,black,hisp,f,60-64,,0.00596,synthetic_seed
NC,2023,black,hisp,f,65-69,,0.00485,synthetic_seed
NC,2023,black,hisp,f,70-74,,0.00457,synthetic_seed
NC,2023,black,hisp,f,75-79,,0.004,synthetic_seed
NC,2023,black,hisp,f,80-84,,0.00377,synthetic_seed
NC,2023,black,hisp,f,85+,,0.00375,synthetic_seed
NC,2023,asian,non-hisp,m,0-4,,0.00436,synthetic_seed
NC,2023,asian,non-hisp,m,5-9,,0.00472,synthetic_seed
NC,2023,asian,non-hisp,m,10-14,,0.00331,synthetic_seed
NC,2023,asian,non-hisp,m,15-19,,0.01114,synthetic_seed
NC,2023,asian,non-hisp,m,20-24,,0.02299,synthetic_seed
NC,2023,asian,non-hisp,m,25-29,,0.0252,synthetic_seed
NC,2023,asian,non-hisp,m,30-34,,0.02407,synthetic_seed
NC,2023,asian,non-hisp,m,35-39,,0.01929,synthetic_seed
NC,2023,asian,non-hisp,m,40-44,,0.02392,synthetic_seed
NC,2023,asian,non-hisp,m,45-49,,0.01236,synthetic_seed
NC,2023,asian,non-hisp,m,50-54,,0.01005,synthetic_seed
NC,2023,asian,non-hisp,m,55-59,,0.00386,synthetic_seed
NC,2023,asian,non-hisp,m,60-64,,0.00449,synthetic_seed
NC,2023,asian,non-hisp,m,65-69,,0.00592,synthetic_seed
NC,2023,asian,non-hisp,m,70-74,,0.00395,synthetic_seed
NC,2023,asian,non-hisp,m,75-79,,0.00433,synthetic_seed
NC,2023,asian,non-hisp,m,80-84,,0.00408,synthetic_seed
NC,2023,asian,non-hisp,m,85+,,0.00326,synthetic_seed
NC,2023,asian,non-hisp,f,0-4,,0.0048,synthetic_seed
NC,2023,asian,non-hisp,f,5-9,,0.00454,synthetic_seed
NC,2023,asian,non-hisp,f,10-14,,0.00443,synthetic_seed
NC,2023,asian,non-hisp,f,15-19,,0.01071,synthetic_seed
NC,2023,asian,non-hisp,f,20-24,,0.02388,synthetic_seed
NC,2023,asian,non-hisp,f,25-29,,0.01793,synthetic_seed
NC,2023,asian,non-hisp,f,30-34,,0.02294,synthetic_seed
NC,2023,asian,non-hisp,f,35-39,,0.02403,synthetic_seed
NC,2023,asian,non-hisp,f,40-44,,0.0158,synthetic_seed
NC,2023,asian,non-hisp,f,45-49,,0.01081,synthetic_seed
NC,2023,asian,non-hisp,f,50-54,,0.01258,synthetic_seed
NC,2023,asian,non-hisp,f,55-59,,0.0054,synthetic_seed
NC,2023,asian,non-hisp,f,60-64,,0.00345,synthetic_seed
NC,2023,asian,non-hisp,f,65-69,,0.005,synthetic_seed
NC,2023,asian,non-hisp,f,70-74,,0.00464,synthetic_seed
NC,2023,asian,non-hisp,f,75-79,,0.00457,synthetic_seed
NC,2023,asian,non-hisp,f,80-84,,0.00423,synthetic_seed
NC,2023,asian,non-hisp,f,85+,,0.00457,synthetic_seed
NC,2023,asian,hisp,m,0-4,,0.00441,synthetic_seed
NC,2023,asian,hisp,m,5-9,,0.00419,synthetic_seed
NC,2023,asian,hisp,m,10-14,,0.00496,synthetic_seed
NC,2023,asian,hisp,m,15-19,,0.0096,synthetic_seed
NC,2023,asian,hisp,m,20-24,,0.02696,synthetic_seed
NC,2023,asian,hisp,m,25-29,,0.01862,synthetic_seed
NC,2023,asian,hisp,m,30-34,,0.02512,synthetic_seed
NC,2023,asian,hisp,m,35-39,,0.02595,synthetic_seed
NC,2023,asian,hisp,m,40-44,,0.01893,synthetic_seed
NC,2023,asian,hisp,m,45-49,,0.01447,synthetic_seed
NC,2023,asian,hisp,m,50-54,,0.01107,synthetic_seed
NC,2023,asian,hisp,m,55-59,,0.00518,synthetic_seed
NC,2023,asian,hisp,m,60-64,,0.00431,synthetic_seed
NC,2023,asian,hisp,m,65-69,,0.00356,synthetic_seed
NC,2023,asian,hisp,m,70-74,,0.0033,synthetic_seed
NC,2023,asian,hisp,m,75-79,,0.00565,synthetic_seed
NC,2023,asian,hisp,m,80-84,,0.00482,synthetic_seed
NC,2023,asian,hisp,m,85+,,0.00432,synthetic_seed
NC,2023,asian,hisp,f,0-4,,0.00493,synthetic_seed
NC,2023,asian,hisp,f,5-9,,0.00439,synthetic_seed
NC,2023,asian,hisp,f,10-14,,0.0056,synthetic_seed
NC,2023,asian,hisp,f,15-19,,0.01138,synthetic_seed
NC,2023,asian,hisp,f,20-24,,0.01812,synthetic_seed
NC,2023,asian,hisp,f,25-29,,0.01991,synthetic_seed
NC,2023,asian,hisp,f,30-34,,0.02694,synthetic_seed
NC,2023,asian,hisp,f,35-39,,0.0236,synthetic_seed
NC,2023,asian,hisp,f,40-44,,0.01925,synthetic_seed
NC,2023,asian,hisp,f,45-49,,0.01248,synthetic_seed
NC,2023,asian,hisp,f,50-54,,0.00973,synthetic_seed
NC,2023,asian,hisp,f,55-59,,0.00431,synthetic_seed
NC,2023,asian,hisp,f,60-64,,0.00359,synthetic_seed
NC,2023,asian,hisp,f,65-69,,0.0037,synthetic_seed
NC,2023,asian,hisp,f,70-74,,0.00621,synthetic_seed
NC,2023,asian,hisp,f,75-79,,0.0033,synthetic_seed
NC,2023,asian,hisp,f,80-84,,0.00428,synthetic_seed
NC,2023,asian,hisp,f,85+,,0.00408,synthetic_seed
NC,2023,other,non-hisp,m,0-4,,0.00513,synthetic_seed
NC,2023,other,non-hisp,m,5-9,,0.00445,synthetic_seed
NC,2023,other,non-hisp,m,10-14,,0.00351,synthetic_seed
NC,2023,other,non-hisp,m,15-19,,0.01169,synthetic_seed
NC,2023,other,non-hisp,m,20-24,,0.02919,synthetic_seed
NC,2023,other,non-hisp,m,25-29,,0.02032,synthetic_seed
NC,2023,other,non-hisp,m,30-34,,0.02289,synthetic_seed
NC,2023,other,non-hisp,m,35-39,,0.02486,synthetic_seed
NC,2023,other,non-hisp,m,40-44,,0.01965,synthetic_seed
NC,2023,other,non-hisp,m,45-49,,0.00704,synthetic_seed
NC,2023,other,non-hisp,m,50-54,,0.01431,synthetic_seed
NC,2023,other,non-hisp,m,55-59,,0.00427,synthetic_seed
NC,2023,other,non-hisp,m,60-64,,0.00338,synthetic_seed
NC,2023,other,non-hisp,m,65-69,,0.00401,synthetic_seed
NC,2023,other,non-hisp,m,70-74,,0.00493,synthetic_seed
NC,2023,other,non-hisp,m,75-79,,0.00578,synthetic_seed
NC,2023,other,non-hisp,m,80-84,,0.00423,synthetic_seed
NC,2023,other,non-hisp,m,85+,,0.00315,synthetic_seed
NC,2023,other,non-hisp,f,0-4,,0.00382,synthetic_seed
NC,2023,other,non-hisp,f,5-9,,0.00381,synthetic_seed
NC,2023,other,non-hisp,f,10-14,,0.00418,synthetic_seed
NC,2023,other,non-hisp,f,15-19,,0.00807,synthetic_seed
NC,2023,other,non-hisp,f,20-24,,0.02421,synthetic_seed
NC,2023,other,non-hisp,f,25-29,,0.02171,synthetic_seed
NC,2023,other,non-hisp,f,30-34,,0.02173,synthetic_seed
NC,2023,other,non-hisp,f,35-39,,0.01751,synthetic_seed
NC,2023,other,non-hisp,f,40-44,,0.01693,synthetic_seed
NC,2023,other,non-hisp,f,45-49,,0.01194,synthetic_seed
NC,2023,other,non-hisp,f,50-54,,0.01043,synthetic_seed
NC,2023,other,non-hisp,f,55-59,,0.00419,synthetic_seed
NC,2023,other,non-hisp,f,60-64,,0.00497,synthetic_seed
NC,2023,other,non-hisp,f,65-69,,0.00476,synthetic_seed
NC,2023,other,non-hisp,f,70-74,,0.00398,synthetic_seed
NC,2023,other,non-hisp,f,75-79,,0.00459,synthetic_seed
NC,2023,other,non-hisp,f,80-84,,0.00624,synthetic_seed
NC,2023,other,non-hisp,f,85+,,0.00477,synthetic_seed
NC,2023,other,hisp,m,0-4,,0.00398,synthetic_seed
NC,2023,other,hisp,m,5-9,,0.00384,synthetic_seed
NC,2023,other,hisp,m,10-14,,0.00355,synthetic_seed
NC,2023,other,hisp,m,15-19,,0.01108,synthetic_seed
NC,2023,other,hisp,m,20-24,,0.02164,synthetic_seed
NC,2023,other,hisp,m,25-29,,0.01699,synthetic_seed
NC,2023,other,hisp,m,30-34,,0.01785,synthetic_seed
NC,2023,other,hisp,m,35-39,,0.02264,synthetic_seed
NC,2023,other,hisp,m,40-44,,0.01832,synthetic_seed
NC,2023,other,hisp,m,45-49,,0.0103,synthetic_seed
NC,2023,other,hisp,m,50-54,,0.01085,synthetic_seed
NC,2023,other,hisp,m,55-59,,0.00418,synthetic_seed
NC,2023,other,hisp,m,60-64,,0.00496,synthetic_seed
NC,2023,other,hisp,m,65-69,,0.00502,synthetic_seed
NC,2023,other,hisp,m,70-74,,0.00512,synthetic_seed
NC,2023,other,hisp,m,75-79,,0.00471,synthetic_seed
NC,2023,other,hisp,m,80-84,,0.00406,synthetic_seed
NC,2023,other,hisp,m,85+,,0.00416,synthetic_seed
NC,2023,other,hisp,f,0-4,,0.0052,synthetic_seed
NC,2023,other,hisp,f,5-9,,0.00431,synthetic_seed
NC,2023,other,hisp,f,10-14,,0.0061,synthetic_seed
NC,2023,other,hisp,f,15-19,,0.01193,synthetic_seed
NC,2023,other,hisp,f,20-24,,0.01882,synthetic_seed
NC,2023,other,hisp,f,25-29,,0.02422,synthetic_seed
NC,2023,other,hisp,f,30-34,,0.02149,synthetic_seed
NC,2023,other,hisp,f,35-39,,0.02541,synthetic_seed
NC,2023,other,hisp,f,40-44,,0.02392,synthetic_seed
NC,2023,other,hisp,f,45-49,,0.01405,synthetic_seed
NC,2023,other,hisp,f,50-54,,0.00931,synthetic_seed
NC,2023,other,hisp,f,55-59,,0.00463,synthetic_seed
NC,2023,other,hisp,f,60-64,,0.00481,synthetic_seed
NC,2023,other,hisp,f,65-69,,0.00508,synthetic_seed
NC,2023,other,hisp,f,70-74,,0.0033,synthetic_seed
NC,2023,other,hisp,f,75-79,,0.00512,synthetic_seed
NC,2023,other,hisp,f,80-84,,0.00355,synthetic_seed
NC,2023,other,hisp,f,85+,,0.00403,synthetic_seed
ND,2023,white,non-hisp,m,0-4,,0.00154,synthetic_seed
ND,2023,white,non-hisp,m,5-9,,0.00136,synthetic_seed
ND,2023,white,non-hisp,m,10-14,,0.00144,synthetic_seed
ND,2023,white,non-hisp,m,15-19,,0.0049,synthetic_seed
ND,2023,white,non-hisp,m,20-24,,0.00618,synthetic_seed
ND,2023,white,non-hisp,m,25-29,,0.00812,synthetic_seed
ND,2023,white,non-hisp,m,30-34,,0.00731,synthetic_seed
ND,2023,white,non-hisp,m,35-39,,0.00752,synthetic_seed
ND,2023,white,non-hisp,m,40-44,,0.0071,synthetic_seed
ND,2023,white,non-hisp,m,45-49,,0.00407,synthetic_seed
ND,2023,white,non-hisp,m,50-54,,0.00298,synthetic_seed
ND,2023,white,non-hisp,m,55-59,,0.00176,synthetic_seed
ND,2023,white,non-hisp,m,60-64,,0.00179,synthetic_seed
ND,2023,white,non-hisp,m,65-69,,0.00177,synthetic_seed
ND,2023,white,non-hisp,m,70-74,,0.00169,synthetic_seed
ND,2023,white,non-hisp,m,75-79,,0.00149,synthetic_seed
ND,2023,white,non-hisp,m,80-84,,0.0015,synthetic_seed
ND,2023,white,non-hisp,m,85+,,0.00145,synthetic_seed
ND,2023,white,non-hisp,f,0-4,,0.0015,synthetic_seed
ND,2023,white,non-hisp,f,5-9,,0.0016,synthetic_seed
ND,2023,white,non-hisp,f,10-14,,0.00166,synthetic_seed
ND,2023,white,non-hisp,f,15-19,,0.00359,synthetic_seed
ND,2023,white,non-hisp,f,20-24,,0.00797,synthetic_seed
ND,2023,white,non-hisp,f,25-29,,0.00928,synthetic_seed
ND,2023,white,non-hisp,f,30-34,,0.00594,synthetic_seed
ND,2023,white,non-hisp,f,35-39,,0.00791,synthetic_seed
ND,2023,white,non-hisp,f,40-44,,0.00962,synthetic_seed
ND,2023,white,non-hisp,f,45-49,,0.00399,synthetic_seed
ND,2023,white,non-hisp,f,50-54,,0.00424,synthetic_seed
ND,2023,white,non-hisp,f,55-59,,0.00171,synthetic_seed
ND,2023,white,non-hisp,f,60-64,,0.00188,synthetic_seed
ND,2023,white,non-hisp,f,65-69,,0.0011,synthetic_seed
ND,2023,white,non-hisp,f,70-74,,0.00178,synthetic_seed
ND,2023,white,non-hisp,f,75-79,,0.00183,synthetic_seed
ND,2023,white,non-hisp,f,80-84,,0.00141,synthetic_seed
ND,2023,white,non-hisp,f,85+,,0.00155,synthetic_seed
ND,2023,white,hisp,m,0-4,,0.00174,synthetic_seed
ND,2023,white,hisp,m,5-9,,0.00177,synthetic_seed
ND,2023,white,hisp,m,10-14,,0.00213,synthetic_seed
ND,2023,white,hisp,m,15-19,,0.00423,synthetic_seed
ND,2023,white,hisp,m,20-24,,0.00925,synthetic_seed
ND,2023,white,hisp,m,25-29,,0.00777,synthetic_seed
ND,2023,white,hisp,m,30-34,,0.00661,synthetic_seed
ND,2023,white,hisp,m,35-39,,0.0069,synthetic_seed
ND,2023,white,hisp,m,40-44,,0.00912,synthetic_seed
ND,2023,white,hisp,m,45-49,,0.00397,synthetic_seed
ND,2023,white,hisp,m,50-54,,0.00344,synthetic_seed
ND,2023,white,hisp,m,55-59,,0.00157,synthetic_seed
ND,2023,white,hisp,m,60-64,,0.0016,synthetic_seed
ND,2023,white,hisp,m,65-69,,0.00123,synthetic_seed
ND,2023,white,hisp,m,70-74,,0.00155,synthetic_seed
ND,2023,white,hisp,m,75-79,,0.00145,synthetic_seed
ND,2023,white,hisp,m,80-84,,0.00154,synthetic_seed
ND,2023,white,hisp,m,85+,,0.00191,synthetic_seed
ND,2023,white,hisp,f,0-4,,0.00163,synthetic_seed
ND,2023,white,hisp,f,5-9,,0.00151,synthetic_seed
ND,2023,white,hisp,f,10-14,,0.00197,synthetic_seed
ND,2023,white,hisp,f,15-19,,0.00508,synthetic_seed
ND,2023,white,hisp,f,20-24,,0.00823,synthetic_seed
ND,2023,white,hisp,f,25-29,,0.00672,synthetic_seed
ND,2023,white,hisp,f,30-34,,0.00537,synthetic_seed
ND,2023,white,hisp,f,35-39,,0.0093,synthetic_seed
ND,2023,white,hisp,f,40-44,,0.00773,synthetic_seed
ND,2023,white,hisp,f,45-49,,0.00375,synthetic_seed
ND,2023,white,hisp,f,50-54,,0.00365,synthetic_seed
ND,2023,white,hisp,f,55-59,,0.00164,synthetic_seed
ND,2023,white,hisp,f,60-64,,0.00166,synthetic_seed
ND,2023,white,hisp,f,65-69,,0.00133,synthetic_seed
ND,2023,white,hisp,f,70-74,,0.00178,synthetic_seed
ND,2023,white,hisp,f,75-79,,0.00175,synthetic_seed
ND,2023,white,hisp,f,80-84,,0.00139,synthetic_seed
ND,2023,white,hisp,f,85+,,0.00136,synthetic_seed
ND,2023,black,non-hisp,m,0-4,,0.00182,synthetic_seed
ND,2023,black,non-hisp,m,5-9,,0.00156,synthetic_seed
ND,2023,black,non-hisp,m,10-14,,0.00162,synthetic_seed
ND,2023,black,non-hisp,m,15-19,,0.0037,synthetic_seed
ND,2023,black,non-hisp,m,20-24,,0.00882,synthetic_seed
ND,2023,black,non-hisp,m,25-29,,0.00811,synthetic_seed
ND,2023,black,non-hisp,m,30-34,,0.00839,synthetic_seed
ND,2023,black,non-hisp,m,35-39,,0.00932,synthetic_seed
ND,2023,black,non-hisp,m,40-44,,0.01059,synthetic_seed
ND,2023,black,non-hisp,m,45-49,,0.00356,synthetic_seed
ND,2023,black,non-hisp,m,50-54,,0.00345,synthetic_seed
ND,2023,black,non-hisp,m,55-59,,0.00161,synthetic_seed
ND,2023,black,non-hisp,m,60-64,,0.00139,synthetic_seed
ND,2023,black,non-hisp,m,65-69,,0.00153,synthetic_seed
ND,2023,black,non-hisp,m,70-74,,0.00157,synthetic_seed
ND,2023,black,non-hisp,m,75-79,,0.00148,synthetic_seed
ND,2023,black,non-hisp,m,80-84,,0.00158,synthetic_seed
ND,2023,black,non-hisp,m,85+,,0.00177,synthetic_seed
ND,2023,black,non-hisp,f,0-4,,0.00166,synthetic_seed
ND,2023,black,non-hisp,f,5-9,,0.00149,synthetic_seed
ND,2023,black,non-hisp,f,10-14,,0.0016,synthetic_seed
ND,2023,black,non-hisp,f,15-19,,0.00467,synthetic_seed
ND,2023,black,non-hisp,f,20-24,,0.00764,synthetic_seed
ND,2023,black,non-hisp,f,25-29,,0.00957,synthetic_seed
ND,2023,black,non-hisp,f,30-34,,0.00683,synthetic_seed
ND,2023,black,non-hisp,f,35-39,,0.00816,synthetic_seed
ND,2023,black,non-hisp,f,40-44,,0.00878,synthetic_seed
ND,2023,black,non-hisp,f,45-49,,0.00486,synthetic_seed
ND,2023,black,non-hisp,f,50-54,,0.00348,synthetic_seed
ND,2023,black,non-hisp,f,55-59,,0.00164,synthetic_seed
ND,2023,black,non-hisp,f,60-64,,0.0018,synthetic_seed
ND,2023,black,non-hisp,f,65-69,,0.00153,synthetic_seed
ND,2023,black,non-hisp,f,70-74,,0.00115,synthetic_seed
ND,2023,black,non-hisp,f,75-79,,0.0015,synthetic_seed
ND,2023,black,non-hisp,f,80-84,,0.00167,synthetic_seed
ND,2023,black,non-hisp,f,85+,,0.00154,synthetic_seed
ND,2023,black,hisp,m,0-4,,0.00189,synthetic_seed
ND,2023,black,hisp,m,5-9,,0.00099,synthetic_seed
ND,2023,black,hisp,m,10-14,,0.00107,synthetic_seed
ND,2023,black,hisp,m,15-19,,0.00373,synthetic_seed
ND,2023,black,hisp,m,20-24,,0.0079,synthetic_seed
ND,2023,black,hisp,m,25-29,,0.00711,synthetic_seed
ND,2023,black,hisp,m,30-34,,0.00777,synthetic_seed
ND,2023,black,hisp,m,35-39,,0.00766,synthetic_seed
ND,2023,black,hisp,m,40-44,,0.00851,synthetic_seed
ND,2023,black,hisp,m,45-49,,0.00483,synthetic_seed
ND,2023,black,hisp,m,50-54,,0.00367,synthetic_seed
ND,2023,black,hisp,m,55-59,,0.00126,synthetic_seed
ND,2023,black,hisp,m,60-64,,0.00135,synthetic_seed
ND,2023,black,hisp,m,65-69,,0.00177,synthetic_seed
ND,2023,black,hisp,m,70-74,,0.00194,synthetic_seed
ND,2023,black,hisp,m,75-79,,0.00145,synthetic_seed
ND,2023,black,hisp,m,80-84,,0.00192,synthetic_seed
ND,2023,black,hisp,m,85+,,0.00156,synthetic_seed
ND,2023,black,hisp,f,0-4,,0.00182,synthetic_seed
ND,2023,black,hisp,f,5-9,,0.00177,synthetic_seed
ND,2023,black,hisp,f,10-14,,0.00193,synthetic_seed
ND,2023,black,hisp,f,15-19,,0.00412,synthetic_seed
ND,2023,black,hisp,f,20-24,,0.00922,synthetic_seed
ND,2023,black,hisp,f,25-29,,0.00795,synthetic_seed
ND,2023,black,hisp,f,30-34,,0.00897,synthetic_seed
ND,2023,black,hisp,f,35-39,,0.00913,synthetic_seed
ND,2023,black,hisp,f,40-44,,0.00829,synthetic_seed
ND,2023,black,hisp,f,45-49,,0.00399,synthetic_seed
ND,2023,black,hisp,f,50-54,,0.00457,synthetic_seed
ND,2023,black,hisp,f,55-59,,0.00198,synthetic_seed
ND,2023,black,hisp,f,60-64,,0.00227,synthetic_seed
ND,2023,black,hisp,f,65-69,,0.00117,synthetic_seed
ND,2023,black,hisp,f,70-74,,0.00185,synthetic_seed
ND,2023,black,hisp,f,75-79,,0.00195,synthetic_seed
ND,2023,black,hisp,f,80-84,,0.0019,synthetic_seed
ND,2023,black,hisp,f,85+,,0.00165,synthetic_seed
ND,2023,asian,non-hisp,m,0-4,,0.00171,synthetic_seed
ND,2023,asian,non-hisp,m,5-9,,0.00177,synthetic_seed
ND,2023,asian,non-hisp,m,10-14,,0.00124,synthetic_seed
ND,2023,asian,non-hisp,m,15-19,,0.00454,synthetic_seed
ND,2023,asian,non-hisp,m,20-24,,0.00819,synthetic_seed
ND,2023,asian,non-hisp,m,25-29,,0.00868,synthetic_seed
ND,2023,asian,non-hisp,m,30-34,,0.00608,synthetic_seed
ND,2023,asian,non-hisp,m,35-39,,0.00875,synthetic_seed
ND,2023,asian,non-hisp,m,40-44,,0.0066,synthetic_seed
ND,2023,asian,non-hisp,m,45-49,,0.00365,synthetic_seed
ND,2023,asian,non-hisp,m,50-54,,0.00529,synthetic_seed
ND,2023,asian,non-hisp,m,55-59,,0.00126,synthetic_seed
ND,2023,asian,non-hisp,m,60-64,,0.00193,synthetic_seed
ND,2023,asian,non-hisp,m,65-69,,0.00136,synthetic_seed
ND,2023,asian,non-hisp,m,70-74,,0.00131,synthetic_seed
ND,2023,asian,non-hisp,m,75-79,,0.00141,synthetic_seed
ND,2023,asian,non-hisp,m,80-84,,0.00166,synthetic_seed
ND,2023,asian,non-hisp,m,85+,,0.0016,synthetic_seed
ND,2023,asian,non-hisp,f,0-4,,0.00211,synthetic_seed
ND,2023,asian,non-hisp,f,5-9,,0.00149,synthetic_seed
ND,2023,asian,non-hisp,f,10-14,,0.00191,synthetic_seed
ND,2023,asian,non-hisp,f,15-19,,0.00318,synthetic_seed
ND,2023,asian,non-hisp,f,20-24,,0.00777,synthetic_seed
ND,2023,asian,non-hisp,f,25-29,,0.00921,synthetic_seed
ND,2023,asian,non-hisp,f,30-34,,0.00827,synthetic_seed
ND,2023,asian,non-hisp,f,35-39,,0.00916,synthetic_seed
ND,2023,asian,non-hisp,f,40-44,,0.00706,synthetic_seed
ND,2023,asian,non-hisp,f,45-49,,0.00368,synthetic_seed
ND,2023,asian,non-hisp,f,50-54,,0.00376,synthetic_seed
ND,2023,asian,non-hisp,f,55-59,,0.00154,synthetic_seed
ND,2023,asian,non-hisp,f,60-64,,0.00176,synthetic_seed
ND,2023,asian,non-hisp,f,65-69,,0.00142,synthetic_seed
ND,2023,asian,non-hisp,f,70-74,,0.00146,synthetic_seed
ND,2023,asian,non-hisp,f,75-79,,0.00162,synthetic_seed
ND,2023,asian,non-hisp,f,80-84,,0.00158,synthetic_seed
ND,2023,asian,non-hisp,f,85+,,0.00172,synthetic_seed
ND,2023,asian,hisp,m,0-4,,0.00163,synthetic_seed
ND,2023,asian,hisp,m,5-9,,0.00138,synthetic_seed
ND,2023,asian,hisp,m,10-14,,0.00161,synthetic_seed
ND,2023,asian,hisp,m,15-19,,0.00469,synthetic_seed
ND,2023,asian,hisp,m,20-24,,0.00759,synthetic_seed
ND,2023,asian,hisp,m,25-29,,0.00837,synthetic_seed
ND,2023,asian,hisp,m,30-34,,0.00879,synthetic_seed
ND,2023,asian,hisp,m,35-39,,0.00675,synthetic_seed
ND,2023,asian,hisp,m,40-44,,0.00811,synthetic_seed
ND,2023,asian,hisp,m,45-49,,0.00382,synthetic_seed
ND,2023,asian,hisp,m,50-54,,0.00452,synthetic_seed
ND,2023,asian,hisp,m,55-59,,0.00151,synthetic_seed
ND,2023,asian,hisp,m,60-64,,0.00121,synthetic_seed
ND,2023,asian,hisp,m,65-69,,0.00148,synthetic_seed
ND,2023,asian,hisp,m,70-74,,0.00126,synthetic_seed
ND,2023,asian,hisp,m,75-79,,0.00128,synthetic_seed
ND,2023,asian,hisp,m,80-84,,0.00169,synthetic_seed
ND,2023,asian,hisp,m,85+,,0.00156,synthetic_seed
ND,2023,asian,hisp,f,0-4,,0.00174,synthetic_seed
ND,2023,asian,hisp,f,5-9,,0.00208,synthetic_seed
ND,2023,asian,hisp,f,10-14,,0.00149,synthetic_seed
ND,2023,asian,hisp,f,15-19,,0.0041,synthetic_seed
ND,2023,asian,hisp,f,20-24,,0.01084,synthetic_seed
ND,2023,asian,hisp,f,25-29,,0.0086,synthetic_seed
ND,2023,asian,hisp,f,30-34,,0.00613,synthetic_seed
ND,2023,asian,hisp,f,35-39,,0.00725,synthetic_seed
ND,2023,asian,hisp,f,40-44,,0.0079,synthetic_seed
ND,2023,asian,hisp,f,45-49,,0.00456,synthetic_seed
ND,2023,asian,hisp,f,50-54,,0.00435,synthetic_seed
ND,2023,asian,hisp,f,55-59,,0.0018,synthetic_seed
ND,2023,asian,hisp,f,60-64,,0.00121,synthetic_seed
ND,2023,asian,hisp,f,65-69,,0.00121,synthetic_seed
ND,2023,asian,hisp,f,70-74,,0.00167,synthetic_seed
ND,2023,asian,hisp,f,75-79,,0.00191,synthetic_seed
ND,2023,asian,hisp,f,80-84,,0.00149,synthetic_seed
ND,2023,asian,hisp,f,85+,,0.00169,synthetic_seed
ND,2023,other,non-hisp,m,0-4,,0.00157,synthetic_seed
ND,2023,other,non-hisp,m,5-9,,0.00193,synthetic_seed
ND,2023,other,non-hisp,m,10-14,,0.00175,synthetic_seed
ND,2023,other,non-hisp,m,15-19,,0.00317,synthetic_seed
ND,2023,other,non-hisp,m,20-24,,0.00806,synthetic_seed
ND,2023,other,non-hisp,m,25-29,,0.00902,synthetic_seed
ND,2023,other,non-hisp,m,30-34,,0.00922,synthetic_seed
ND,2023,other,non-hisp,m,35-39,,0.00952,synthetic_seed
ND,2023,other,non-hisp,m,40-44,,0.00753,synthetic_seed
ND,2023,other,non-hisp,m,45-49,,0.00394,synthetic_seed
ND,2023,other,non-hisp,m,50-54,,0.0048,synthetic_seed
ND,2023,other,non-hisp,m,55-59,,0.00186,synthetic_seed
ND,2023,other,non-hisp,m,60-64,,0.00193,synthetic_seed
ND,2023,other,non-hisp,m,65-69,,0.00146,synthetic_seed
ND,2023,other,non-hisp,m,70-74,,0.00176,synthetic_seed
ND,2023,other,non-hisp,m,75-79,,0.00141,synthetic_seed
ND,2023,other,non-hisp,m,80-84,,0.0018,synthetic_seed
ND,2023,other,non-hisp,m,85+,,0.00178,synthetic_seed
ND,2023,other,non-hisp,f,0-4,,0.00221,synthetic_seed
ND,2023,other,non-hisp,f,5-9,,0.00127,synthetic_seed
ND,2023,other,non-hisp,f,10-14,,0.00198,synthetic_seed
ND,2023,other,non-hisp,f,15-19,,0.00376,synthetic_seed
ND,2023,other,non-hisp,f,20-24,,0.00738,synthetic_seed
ND,2023,other,non-hisp,f,25-29,,0.00673,synthetic_seed
ND,2023,other,non-hisp,f,30-34,,0.00754,synthetic_seed
ND,2023,other,non-hisp,f,35-39,,0.00494,synthetic_seed
ND,2023,other,non-hisp,f,40-44,,0.00829,synthetic_seed
ND,2023,other,non-hisp,f,45-49,,0.00487,synthetic_seed
ND,2023,other,non-hisp,f,50-54,,0.004,synthetic_seed
ND,2023,other,non-hisp,f,55-59,,0.00184,synthetic_seed
ND,2023,other,non-hisp,f,60-64,,0.00159,synthetic_seed
ND,2023,other,non-hisp,f,65-69,,0.0017,synthetic_seed
ND,2023,other,non-hisp,f,70-74,,0.00107,synthetic_seed
ND,2023,other,non-hisp,f,75-79,,0.00194,synthetic_seed
ND,2023,other,non-hisp,f,80-84,,0.00201,synthetic_seed
ND,2023,other,non-hisp,f,85+,,0.00177,synthetic_seed
ND,2023,other,hisp,m,0-4,,0.00154,synthetic_seed
ND,2023,other,hisp,m,5-9,,0.00172,synthetic_seed
ND,2023,other,hisp,m,10-14,,0.00201,synthetic_seed
ND,2023,other,hisp,m,15-19,,0.00357,synthetic_seed
ND,2023,other,hisp,m,20-24,,0.00847,synthetic_seed
ND,2023,other,hisp,m,25-29,,0.00959,synthetic_seed
ND,2023,other,hisp,m,30-34,,0.00992,synthetic_seed
ND,2023,other,hisp,m,35-39,,0.00986,synthetic_seed
ND,2023,other,hisp,m,40-44,,0.00877,synthetic_seed
ND,2023,other,hisp,m,45-49,,0.00452,synthetic_seed
ND,2023,other,hisp,m,50-54,,0.00442,synthetic_seed
ND,2023,other,hisp,m,55-59,,0.00145,synthetic_seed
ND,2023,other,hisp,m,60-64,,0.0014,synthetic_seed
ND,2023,other,hisp,m,65-69,,0.00194,synthetic_seed
ND,2023,other,hisp,m,70-74,,0.00161,synthetic_seed
ND,2023,other,hisp,m,75-79,,0.0018,synthetic_seed
ND,2023,other,hisp,m,80-84,,0.00182,synthetic_seed
ND,2023,other,hisp,m,85+,,0.00113,synthetic_seed
ND,2023,other,hisp,f,0-4,,0.00196,synthetic_seed
ND,2023,other,hisp,f,5-9,,0.00176,synthetic_seed
ND,2023,other,hisp,f,10-14,,0.00173,synthetic_seed
ND,2023,other,hisp,f,15-19,,0.00293,synthetic_seed
ND,2023,other,hisp,f,20-24,,0.00589,synthetic_seed
ND,2023,other,hisp,f,25-29,,0.00803,synthetic_seed
ND,2023,other,hisp,f,30-34,,0.00929,synthetic_seed
ND,2023,other,hisp,f,35-39,,0.00743,synthetic_seed
ND,2023,other,hisp,f,40-44,,0.00897,synthetic_seed
ND,2023,other,hisp,f,45-49,,0.00445,synthetic_seed
ND,2023,other,hisp,f,50-54,,0.00243,synthetic_seed
ND,2023,other,hisp,f,55-59,,0.00197,synthetic_seed
ND,2023,other,hisp,f,60-64,,0.00159,synthetic_seed
ND,2023,other,hisp,f,65-69,,0.00138,synthetic_seed
ND,2023,other,hisp,f,70-74,,0.00142,synthetic_seed
ND,2023,other,hisp,f,75-79,,0.00165,synthetic_seed
ND,2023,other,hisp,f,80-84,,0.00158,synthetic_seed
ND,2023,other,hisp,f,85+,,0.00152,synthetic_seed
OH,2023,white,non-hisp,m,0-4,,0.00132,synthetic_seed
OH,2023,white,non-hisp,m,5-9,,0.00095,synthetic_seed
OH,2023,white,non-hisp,m,10-14,,0.00121,synthetic_seed
OH,2023,white,non-hisp,m,15-19,,0.00314,synthetic_seed
OH,2023,white,non-hisp,m,20-24,,0.00764,synthetic_seed
OH,2023,white,non-hisp,m,25-29,,0.00537,synthetic_seed
OH,2023,white,non-hisp,m,30-34,,0.00528,synthetic_seed
OH,2023,white,non-hisp,m,35-39,,0.00645,synthetic_seed
OH,2023,white,non-hisp,m,40-44,,0.00497,synthetic_seed
OH,2023,white,non-hisp,m,45-49,,0.00341,synthetic_seed
OH,2023,white,non-hisp,m,50-54,,0.00319,synthetic_seed
OH,2023,white,non-hisp,m,55-59,,0.00103,synthetic_seed
OH,2023,white,non-hisp,m,60-64,,0.00123,synthetic_seed
OH,2023,white,non-hisp,m,65-69,,0.00121,synthetic_seed
OH,2023,white,non-hisp,m,70-74,,0.00119,synthetic_seed
OH,2023,white,non-hisp,m,75-79,,0.001,synthetic_seed
OH,2023,white,non-hisp,m,80-84,,0.00102,synthetic_seed
OH,2023,white,non-hisp,m,85+,,0.00122,synthetic_seed
OH,2023,white,non-hisp,f,0-4,,0.00105,synthetic_seed
OH,2023,white,non-hisp,f,5-9,,0.00115,synthetic_seed
OH,2023,white,non-hisp,f,10-14,,0.00125,synthetic_seed
OH,2023,white,non-hisp,f,15-19,,0.00291,synthetic_seed
OH,2023,white,non-hisp,f,20-24,,0.00672,synthetic_seed
OH,2023,white,non-hisp,f,25-29,,0.00718,synthetic_seed
OH,2023,white,non-hisp,f,30-34,,0.00445,synthetic_seed
OH,2023,white,non-hisp,f,35-39,,0.00593,synthetic_seed
OH,2023,white,non-hisp,f,40-44,,0.00458,synthetic_seed
OH,2023,white,non-hisp,f,45-49,,0.00239,synthetic_seed
OH,2023,white,non-hisp,f,50-54,,0.00323,synthetic_seed
OH,2023,white,non-hisp,f,55-59,,0.00115,synthetic_seed
OH,2023,white,non-hisp,f,60-64,,0.0012,synthetic_seed
OH,2023,white,non-hisp,f,65-69,,0.00124,synthetic_seed
OH,2023,white,non-hisp,f,70-74,,0.00119,synthetic_seed
OH,2023,white,non-hisp,f,75-79,,0.00084,synthetic_seed
OH,2023,white,non-hisp,f,80-84,,0.00103,synthetic_seed
OH,2023,white,non-hisp,f,85+,,0.00124,synthetic_seed
OH,2023,white,hisp,m,0-4,,0.00094,synthetic_seed
OH,2023,white,hisp,m,5-9,,0.00106,synthetic_seed
OH,2023,white,hisp,m,10-14,,0.00097,synthetic_seed
OH,2023,white,hisp,m,15-19,,0.00274,synthetic_seed
OH,2023,white,hisp,m,20-24,,0.00699,synthetic_seed
OH,2023,white,hisp,m,25-29,,0.00759,synthetic_seed
OH,2023,white,hisp,m,30-34,,0.00569,synthetic_seed
OH,2023,white,hisp,m,35-39,,0.00731,synthetic_seed
OH,2023,white,hisp,m,40-44,,0.00725,synthetic_seed
OH,2023,white,hisp,m,45-49,,0.00295,synthetic_seed
OH,2023,white,hisp,m,50-54,,0.00269,synthetic_seed
OH,2023,white,hisp,m,55-59,,0.00125,synthetic_seed
OH,2023,white,hisp,m,60-64,,0.00115,synthetic_seed
OH,2023,white,hisp,m,65-69,,0.0012,synthetic_seed
OH,2023,white,hisp,m,70-74,,0.00099,synthetic_seed
OH,2023,white,hisp,m,75-79,,0.00116,synthetic_seed
OH,2023,white,hisp,m,80-84,,0.00114,synthetic_seed
OH,2023,white,hisp,m,85+,,0.00109,synthetic_seed
OH,2023,white,hisp,f,0-4,,0.00148,synthetic_seed
OH,2023,white,hisp,f,5-9,,0.00117,synthetic_seed
OH,2023,white,hisp,f,10-14,,0.00106,synthetic_seed
OH,2023,white,hisp,f,15-19,,0.00286,synthetic_seed
OH,2023,white,hisp,f,20-24,,0.00504,synthetic_seed
OH,2023,white,hisp,f,25-29,,0.00468,synthetic_seed
OH,2023,white,hisp,f,30-34,,0.00793,synthetic_seed
OH,2023,white,hisp,f,35-39,,0.00544,synthetic_seed
OH,2023,white,hisp,f,40-44,,0.00665,synthetic_seed
OH,2023,white,hisp,f,45-49,,0.00343,synthetic_seed
OH,2023,white,hisp,f,50-54,,0.00424,synthetic_seed
OH,2023,white,hisp,f,55-59,,0.0011,synthetic_seed
OH,2023,white,hisp,f,60-64,,0.00143,synthetic_seed
OH,2023,white,hisp,f,65-69,,0.00106,synthetic_seed
OH,2023,white,hisp,f,70-74,,0.00118,synthetic_seed
OH,2023,white,hisp,f,75-79,,0.00129,synthetic_seed
OH,2023,white,hisp,f,80-84,,0.00125,synthetic_seed
OH,2023,white,hisp,f,85+,,0.0013,synthetic_seed
OH,2023,black,non-hisp,m,0-4,,0.00129,synthetic_seed
OH,2023,black,non-hisp,m,5-9,,0.0013,synthetic_seed
OH,2023,black,non-hisp,m,10-14,,0.00118,synthetic_seed
OH,2023,black,non-hisp,m,15-19,,0.00269,synthetic_seed
OH,2023,black,non-hisp,m,20-24,,0.00621,synthetic_seed
OH,2023,black,non-hisp,m,25-29,,0.0071,synthetic_seed
OH,2023,black,non-hisp,m,30-34,,0.00645,synthetic_seed
OH,2023,black,non-hisp,m,35-39,,0.00616,synthetic_seed
OH,2023,black,non-hisp,m,40-44,,0.00526,synthetic_seed
OH,2023,black,non-hisp,m,45-49,,0.00215,synthetic_seed
OH,2023,black,non-hisp,m,50-54,,0.00262,synthetic_seed
OH,2023,black,non-hisp,m,55-59,,0.00111,synthetic_seed
OH,2023,black,non-hisp,m,60-64,,0.00118,synthetic_seed
OH,2023,black,non-hisp,m,65-69,,0.00121,synthetic_seed
OH,2023,black,non-hisp,m,70-74,,0.00083,synthetic_seed
OH,2023,black,non-hisp,m,75-79,,0.00115,synthetic_seed
OH,2023,black,non-hisp,m,80-84,,0.00154,synthetic_seed
OH,2023,black,non-hisp,m,85+,,0.00131,synthetic_seed
OH,2023,black,non-hisp,f,0-4,,0.00111,synthetic_seed
OH,2023,black,non-hisp,f,5-9,,0.00116,synthetic_seed
OH,2023,black,non-hisp,f,10-14,,0.00104,synthetic_seed
OH,2023,black,non-hisp,f,15-19,,0.0032,synthetic_seed
OH,2023,black,non-hisp,f,20-24,,0.00687,synthetic_seed
OH,2023,black,non-hisp,f,25-29,,0.00632,synthetic_seed
OH,2023,black,non-hisp,f,30-34,,0.00541,synthetic_seed
OH,2023,black,non-hisp,f,35-39,,0.00757,synthetic_seed
OH,2023,black,non-hisp,f,40-44,,0.00541,synthetic_seed
OH,2023,black,non-hisp,f,45-49,,0.00266,synthetic_seed
OH,2023,black,non-hisp,f,50-54,,0.00322,synthetic_seed
OH,2023,black,non-hisp,f,55-59,,0.00154,synthetic_seed
OH,2023,black,non-hisp,f,60-64,,0.00114,synthetic_seed
OH,2023,black,non-hisp,f,65-69,,0.00177,synthetic_seed
OH,2023,black,non-hisp,f,70-74,,0.00115,synthetic_seed
OH,2023,black,non-hisp,f,75-79,,0.00136,synthetic_seed
OH,2023,black,non-hisp,f,80-84,,0.00104,synthetic_seed
OH,2023,black,non-hisp,f,85+,,0.00117,synthetic_seed
OH,2023,black,hisp,m,0-4,,0.00114,synthetic_seed
OH,2023,black,hisp,m,5-9,,0.00121,synthetic_seed
OH,2023,black,hisp,m,10-14,,0.00092,synthetic_seed
OH,2023,black,hisp,m,15-19,,0.00314,synthetic_seed
OH,2023,black,hisp,m,20-24,,0.00567,synthetic_seed
OH,2023,black,hisp,m,25-29,,0.00713,synthetic_seed
OH,2023,black,hisp,m,30-34,,0.00576,synthetic_seed
OH,2023,black,hisp,m,35-39,,0.00551,synthetic_seed
OH,2023,black,hisp,m,40-44,,0.00682,synthetic_seed
OH,2023,black,hisp,m,45-49,,0.00335,synthetic_seed
OH,2023,black,hisp,m,50-54,,0.00269,synthetic_seed
OH,2023,black,hisp,m,55-59,,0.00109,synthetic_seed
OH,2023,black,hisp,m,60-64,,0.00148,synthetic_seed
OH,2023,black,hisp,m,65-69,,0.00118,synthetic_seed
OH,2023,black,hisp,m,70-74,,0.00114,synthetic_seed
OH,2023,black,hisp,m,75-79,,0.00103,synthetic_seed
OH,2023,black,hisp,m,80-84,,0.00147,synthetic_seed
OH,2023,black,hisp,m,85+,,0.00123,synthetic_seed
OH,2023,black,hisp,f,0-4,,0.00097,synthetic_seed
OH,2023,black,hisp,f,5-9,,0.00113,synthetic_seed
OH,2023,black,hisp,f,10-14,,0.00102,synthetic_seed
OH,2023,black,hisp,f,15-19,,0.00306,synthetic_seed
OH,2023,black,hisp,f,20-24,,0.00606,synthetic_seed
OH,2023,black,hisp,f,25-29,,0.00436,synthetic_seed
OH,2023,black,hisp,f,30-34,,0.00632,synthetic_seed
OH,2023,black,hisp,f,35-39,,0.00692,synthetic_seed
OH,2023,black,hisp,f,40-44,,0.00394,synthetic_seed
OH,2023,black,hisp,f,45-49,,0.00212,synthetic_seed
OH,2023,black,hisp,f,50-54,,0.00253,synthetic_seed
OH,2023,black,hisp,f,55-59,,0.00102,synthetic_seed
OH,2023,black,hisp,f,60-64,,0.00113,synthetic_seed
OH,2023,black,hisp,f,65-69,,0.00137,synthetic_seed
OH,2023,black,hisp,f,70-74,,0.00104,synthetic_seed
OH,2023,black,hisp,f,75-79,,0.00126,synthetic_seed
OH,2023,black,hisp,f,80-84,,0.00124,synthetic_seed
OH,2023,black,hisp,f,85+,,0.00104,synthetic_seed
OH,2023,asian,non-hisp,m,0-4,,0.00135,synthetic_seed
OH,2023,asian,non-hisp,m,5-9,,0.0011,synthetic_seed
OH,2023,asian,non-hisp,m,10-14,,0.00125,synthetic_seed
OH,2023,asian,non-hisp,m,15-19,,0.00338,synthetic_seed
OH,2023,asian,non-hisp,m,20-24,,0.00607,synthetic_seed
OH,2023,asian,non-hisp,m,25-29,,0.00533,synthetic_seed
OH,2023,asian,non-hisp,m,30-34,,0.00547,synthetic_seed
OH,2023,asian,non-hisp,m,35-39,,0.00805,synthetic_seed
OH,2023,asian,non-hisp,m,40-44,,0.00673,synthetic_seed
OH,2023,asian,non-hisp,m,45-49,,0.00286,synthetic_seed
OH,2023,asian,non-hisp,m,50-54,,0.00321,synthetic_seed
OH,2023,asian,non-hisp,m,55-59,,0.00124,synthetic_seed
OH,2023,asian,non-hisp,m,60-64,,0.00119,synthetic_seed
OH,2023,asian,non-hisp,m,65-69,,0.00145,synthetic_seed
OH,2023,asian,non-hisp,m,70-74,,0.00088,synthetic_seed
OH,2023,asian,non-hisp,m,75-79,,0.00083,synthetic_seed
OH,2023,asian,non-hisp,m,80-84,,0.00116,synthetic_seed
OH,2023,asian,non-hisp,m,85+,,0.00143,synthetic_seed
OH,2023,asian,non-hisp,f,0-4,,0.0014,synthetic_seed
OH,2023,asian,non-hisp,f,5-9,,0.00123,synthetic_seed
OH,2023,asian,non-hisp,f,10-14,,0.00125,synthetic_seed
OH,2023,asian,non-hisp,f,15-19,,0.00307,synthetic_seed
OH,2023,asian,non-hisp,f,20-24,,0.00604,synthetic_seed
OH,2023,asian,non-hisp,f,25-29,,0.00466,synthetic_seed
OH,2023,asian,non-hisp,f,30-34,,0.00588,synthetic_seed
OH,2023,asian,non-hisp,f,35-39,,0.00524,synthetic_seed
OH,2023,asian,non-hisp,f,40-44,,0.00732,synthetic_seed
OH,2023,asian,non-hisp,f,45-49,,0.00281,synthetic_seed
OH,2023,asian,non-hisp,f,50-54,,0.00316,synthetic_seed
OH,2023,asian,non-hisp,f,55-59,,0.00131,synthetic_seed
OH,2023,asian,non-hisp,f,60-64,,0.00108,synthetic_seed
OH,2023,asian,non-hisp,f,65-69,,0.00117,synthetic_seed
OH,2023,asian,non-hisp,f,70-74,,0.0011,synthetic_seed
OH,2023,asian,non-hisp,f,75-79,,0.00161,synthetic_seed
OH,2023,asian,non-hisp,f,80-84,,0.00139,synthetic_seed
OH,2023,asian,non-hisp,f,85+,,0.00079,synthetic_seed
OH,2023,asian,hisp,m,0-4,,0.00119,synthetic_seed
OH,2023,asian,hisp,m,5-9,,0.00125,synthetic_seed
OH,2023,asian,hisp,m,10-14,,0.00098,synthetic_seed
OH,2023,asian,hisp,m,15-19,,0.00187,synthetic_seed
OH,2023,asian,hisp,m,20-24,,0.00597,synthetic_seed
OH,2023,asian,hisp,m,25-29,,0.00585,synthetic_seed
OH,2023,asian,hisp,m,30-34,,0.00527,synthetic_seed
OH,2023,asian,hisp,m,35-39,,0.00708,synthetic_seed
OH,2023,asian,hisp,m,40-44,,0.00753,synthetic_seed
OH,2023,asian,hisp,m,45-49,,0.00308,synthetic_seed
OH,2023,asian,hisp,m,50-54,,0.00286,synthetic_seed
OH,2023,asian,hisp,m,55-59,,0.00126,synthetic_seed
OH,2023,asian,hisp,m,60-64,,0.00119,synthetic_seed
OH,2023,asian,hisp,m,65-69,,0.00131,synthetic_seed
OH,2023,asian,hisp,m,70-74,,0.00117,synthetic_seed
OH,2023,asian,hisp,m,75-79,,0.00119,synthetic_seed
OH,2023,asian,hisp,m,80-84,,0.0012,synthetic_seed
OH,2023,asian,hisp,m,85+,,0.00102,synthetic_seed
OH,2023,asian,hisp,f,0-4,,0.00156,synthetic_seed
OH,2023,asian,hisp,f,5-9,,0.00125,synthetic_seed
OH,2023,asian,hisp,f,10-14,,0.00111,synthetic_seed
OH,2023,asian,hisp,f,15-19,,0.00412,synthetic_seed
OH,2023,asian,hisp,f,20-24,,0.00616,synthetic_seed
OH,2023,asian,hisp,f,25-29,,0.00668,synthetic_seed
OH,2023,asian,hisp,f,30-34,,0.00482,synthetic_seed
OH,2023,asian,hisp,f,35-39,,0.00529,synthetic_seed
OH,2023,asian,hisp,f,40-44,,0.00684,synthetic_seed
OH,2023,asian,hisp,f,45-49,,0.00348,synthetic_seed
OH,2023,asian,hisp,f,50-54,,0.00348,synthetic_seed
OH,2023,asian,hisp,f,55-59,,0.00127,synthetic_seed
OH,2023,asian,hisp,f,60-64,,0.00123,synthetic_seed
OH,2023,asian,hisp,f,65-69,,0.00124,synthetic_seed
OH,2023,asian,hisp,f,70-74,,0.00115,synthetic_seed
OH,2023,asian,hisp,f,75-79,,0.00143,synthetic_seed
OH,2023,asian,hisp,f,80-84,,0.00084,synthetic_seed
OH,2023,asian,hisp,f,85+,,0.00147,synthetic_seed
OH,2023,other,non-hisp,m,0-4,,0.00107,synthetic_seed
OH,2023,other,non-hisp,m,5-9,,0.00111,synthetic_seed
OH,2023,other,non-hisp,m,10-14,,0.00147,synthetic_seed
OH,2023,other,non-hisp,m,15-19,,0.00247,synthetic_seed
OH,2023,other,non-hisp,m,20-24,,0.00596,synthetic_seed
OH,2023,other,non-hisp,m,25-29,,0.0057,synthetic_seed
OH,2023,other,non-hisp,m,30-34,,0.00817,synthetic_seed
OH,2023,other,non-hisp,m,35-39,,0.00549,synthetic_seed
OH,2023,other,non-hisp,m,40-44,,0.00565,synthetic_seed
OH,2023,other,non-hisp,m,45-49,,0.00251,synthetic_seed
OH,2023,other,non-hisp,m,50-54,,0.00244,synthetic_seed
OH,2023,other,non-hisp,m,55-59,,0.00123,synthetic_seed
OH,2023,other,non-hisp,m,60-64,,0.00128,synthetic_seed
OH,2023,other,non-hisp,m,65-69,,0.0013,synthetic_seed
OH,2023,other,non-hisp,m,70-74,,0.00096,synthetic_seed
OH,2023,other,non-hisp,m,75-79,,0.00102,synthetic_seed
OH,2023,other,non-hisp,m,80-84,,0.00124,synthetic_seed
OH,2023,other,non-hisp,m,85+,,0.00107,synthetic_seed
OH,2023,other,non-hisp,f,0-4,,0.00152,synthetic_seed
OH,2023,other,non-hisp,f,5-9,,0.00096,synthetic_seed
OH,2023,other,non-hisp,f,10-14,,0.00141,synthetic_seed
OH,2023,other,non-hisp,f,15-19,,0.00317,synthetic_seed
OH,2023,other,non-hisp,f,20-24,,0.00628,synthetic_seed
OH,2023,other,non-hisp,f,25-29,,0.00654,synthetic_seed
OH,2023,other,non-hisp,f,30-34,,0.00416,synthetic_seed
OH,2023,other,non-hisp,f,35-39,,0.00472,synthetic_seed
OH,2023,other,non-hisp,f,40-44,,0.00537,synthetic_seed
OH,2023,other,non-hisp,f,45-49,,0.00287,synthetic_seed
OH,2023,other,non-hisp,f,50-54,,0.00273,synthetic_seed
OH,2023,other,non-hisp,f,55-59,,0.00131,synthetic_seed
OH,2023,other,non-hisp,f,60-64,,0.00121,synthetic_seed
OH,2023,other,non-hisp,f,65-69,,0.00093,synthetic_seed
OH,2023,other,non-hisp,f,70-74,,0.00114,synthetic_seed
OH,2023,other,non-hisp,f,75-79,,0.00116,synthetic_seed
OH,2023,other,non-hisp,f,80-84,,0.00076,synthetic_seed
OH,2023,other,non-hisp,f,85+,,0.00122,synthetic_seed
OH,2023,other,hisp,m,0-4,,0.00115,synthetic_seed
OH,2023,other,hisp,m,5-9,,0.00099,synthetic_seed
OH,2023,other,hisp,m,10-14,,0.00116,synthetic_seed
OH,2023,other,hisp,m,15-19,,0.00198,synthetic_seed
OH,2023,other,hisp,m,20-24,,0.00652,synthetic_seed
OH,2023,other,hisp,m,25-29,,0.00508,synthetic_seed
OH,2023,other,hisp,m,30-34,,0.00495,synthetic_seed
OH,2023,other,hisp,m,35-39,,0.00583,synthetic_seed
OH,2023,other,hisp,m,40-44,,0.00773,synthetic_seed
OH,2023,other,hisp,m,45-49,,0.00263,synthetic_seed
OH,2023,other,hisp,m,50-54,,0.00287,synthetic_seed
OH,2023,other,hisp,m,55-59,,0.00126,synthetic_seed
OH,2023,other,hisp,m,60-64,,0.00097,synthetic_seed
OH,2023,other,hisp,m,65-69,,0.00149,synthetic_seed
OH,2023,other,hisp,m,70-74,,0.0013,synthetic_seed
OH,2023,other,hisp,m,75-79,,0.00115,synthetic_seed
OH,2023,other,hisp,m,80-84,,0.00108,synthetic_seed
OH,2023,other,hisp,m,85+,,0.00139,synthetic_seed
OH,2023,other,hisp,f,0-4,,0.00118,synthetic_seed
OH,2023,other,hisp,f,5-9,,0.00131,synthetic_seed
OH,2023,other,hisp,f,10-14,,0.00111,synthetic_seed
OH,2023,other,hisp,f,15-19,,0.00267,synthetic_seed
OH,2023,other,hisp,f,20-24,,0.00545,synthetic_seed
OH,2023,other,hisp,f,25-29,,0.00558,synthetic_seed
OH,2023,other,hisp,f,30-34,,0.00561,synthetic_seed
OH,2023,other,hisp,f,35-39,,0.00535,synthetic_seed
OH,2023,other,hisp,f,40-44,,0.00489,synthetic_seed
OH,2023,other,hisp,f,45-49,,0.00342,synthetic_seed
OH,2023,other,hisp,f,50-54,,0.00333,synthetic_seed
OH,2023,other,hisp,f,55-59,,0.00128,synthetic_seed
OH,2023,other,hisp,f,60-64,,0.00141,synthetic_seed
OH,2023,other,hisp,f,65-69,,0.00145,synthetic_seed
OH,2023,other,hisp,f,70-74,,0.00133,synthetic_seed
OH,2023,other,hisp,f,75-79,,0.00102,synthetic_seed
OH,2023,other,hisp,f,80-84,,0.00142,synthetic_seed
OH,2023,other,hisp,f,85+,,0.00141,synthetic_seed
OK,2023,white,non-hisp,m,0-4,,0.00196,synthetic_seed
OK,2023,white,non-hisp,m,5-9,,0.00138,synthetic_seed
OK,2023,white,non-hisp,m,10-14,,0.002,synthetic_seed
OK,2023,white,non-hisp,m,15-19,,0.00539,synthetic_seed
OK,2023,white,non-hisp,m,20-24,,0.01014,synthetic_seed
OK,2023,white,non-hisp,m,25-29,,0.00882,synthetic_seed
OK,2023,white,non-hisp,m,30-34,,0.01241,synthetic_seed
OK,2023,white,non-hisp,m,35-39,,0.01116,synthetic_seed
OK,2023,white,non-hisp,m,40-44,,0.01038,synthetic_seed
OK,2023,white,non-hisp,m,45-49,,0.00602,synthetic_seed
OK,2023,white,non-hisp,m,50-54,,0.00545,synthetic_seed
OK,2023,white,non-hisp,m,55-59,,0.00202,synthetic_seed
OK,2023,white,non-hisp,m,60-64,,0.00192,synthetic_seed
OK,2023,white,non-hisp,m,65-69,,0.00158,synthetic_seed
OK,2023,white,non-hisp,m,70-74,,0.00164,synthetic_seed
OK,2023,white,non-hisp,m,75-79,,0.00204,synthetic_seed
OK,2023,white,non-hisp,m,80-84,,0.00176,synthetic_seed
OK,2023,white,non-hisp,m,85+,,0.00216,synthetic_seed
OK,2023,white,non-hisp,f,0-4,,0.00185,synthetic_seed
OK,2023,white,non-hisp,f,5-9,,0.00189,synthetic_seed
OK,2023,white,non-hisp,f,10-14,,0.00219,synthetic_seed
OK,2023,white,non-hisp,f,15-19,,0.00508,synthetic_seed
OK,2023,white,non-hisp,f,20-24,,0.00988,synthetic_seed
OK,2023,white,non-hisp,f,25-29,,0.00826,synthetic_seed
OK,2023,white,non-hisp,f,30-34,,0.00988,synthetic_seed
OK,2023,white,non-hisp,f,35-39,,0.0077,synthetic_seed
OK,2023,white,non-hisp,f,40-44,,0.01117,synthetic_seed
OK,2023,white,non-hisp,f,45-49,,0.00675,synthetic_seed
OK,2023,white,non-hisp,f,50-54,,0.00357,synthetic_seed
OK,2023,white,non-hisp,f,55-59,,0.00193,synthetic_seed
OK,2023,white,non-hisp,f,60-64,,0.00177,synthetic_seed
OK,2023,white,non-hisp,f,65-69,,0.00184,synthetic_seed
OK,2023,white,non-hisp,f,70-74,,0.00176,synthetic_seed
OK,2023,white,non-hisp,f,75-79,,0.00203,synthetic_seed
OK,2023,white,non-hisp,f,80-84,,0.00169,synthetic_seed
OK,2023,white,non-hisp,f,85+,,0.00195,synthetic_seed
OK,2023,white,hisp,m,0-4,,0.00233,synthetic_seed
OK,2023,white,hisp,m,5-9,,0.00176,synthetic_seed
OK,2023,white,hisp,m,10-14,,0.00216,synthetic_seed
OK,2023,white,hisp,m,15-19,,0.00558,synthetic_seed
OK,2023,white,hisp,m,20-24,,0.01128,synthetic_seed
OK,2023,white,hisp,m,25-29,,0.00795,synthetic_seed
OK,2023,white,hisp,m,30-34,,0.01086,synthetic_seed
OK,2023,white,hisp,m,35-39,,0.0094,synthetic_seed
OK,2023,white,hisp,m,40-44,,0.01055,synthetic_seed
OK,2023,white,hisp,m,45-49,,0.00584,synthetic_seed
OK,2023,white,hisp,m,50-54,,0.00424,synthetic_seed
OK,2023,white,hisp,m,55-59,,0.00168,synthetic_seed
OK,2023,white,hisp,m,60-64,,0.00192,synthetic_seed
OK,2023,white,hisp,m,65-69,,0.0023,synthetic_seed
OK,2023,white,hisp,m,70-74,,0.00214,synthetic_seed
OK,2023,white,hisp,m,75-79,,0.00238,synthetic_seed
OK,2023,white,hisp,m,80-84,,0.0019,synthetic_seed
OK,2023,white,hisp,m,85+,,0.00208,synthetic_seed
OK,2023,white,hisp,f,0-4,,0.00104,synthetic_seed
OK,2023,white,hisp,f,5-9,,0.00208,synthetic_seed
OK,2023,white,hisp,f,10-14,,0.00208,synthetic_seed
OK,2023,white,hisp,f,15-19,,0.0047,synthetic_seed
OK,2023,white,hisp,f,20-24,,0.00987,synthetic_seed
OK,2023,white,hisp,f,25-29,,0.01309,synthetic_seed
OK,2023,white,hisp,f,30-34,,0.01133,synthetic_seed
OK,2023,white,hisp,f,35-39,,0.00872,synthetic_seed
OK,2023,white,hisp,f,40-44,,0.0099,synthetic_seed
OK,2023,white,hisp,f,45-49,,0.00447,synthetic_seed
OK,2023,white,hisp,f,50-54,,0.00554,synthetic_seed
OK,2023,white,hisp,f,55-59,,0.0019,synthetic_seed
OK,2023,white,hisp,f,60-64,,0.00199,synthetic_seed
OK,2023,white,hisp,f,65-69,,0.00181,synthetic_seed
OK,2023,white,hisp,f,70-74,,0.00173,synthetic_seed
OK,2023,white,hisp,f,75-79,,0.00217,synthetic_seed
OK,2023,white,hisp,f,80-84,,0.00238,synthetic_seed
OK,2023,white,hisp,f,85+,,0.00207,synthetic_seed
OK,2023,black,non-hisp,m,0-4,,0.00217,synthetic_seed
OK,2023,black,non-hisp,m,5-9,,0.00197,synthetic_seed
OK,2023,black,non-hisp,m,10-14,,0.00221,synthetic_seed
OK,2023,black,non-hisp,m,15-19,,0.00572,synthetic_seed
OK,2023,black,non-hisp,m,20-24,,0.01122,synthetic_seed
OK,2023,black,non-hisp,m,25-29,,0.01165,synthetic_seed
OK,2023,black,non-hisp,m,30-34,,0.00873,synthetic_seed
OK,2023,black,non-hisp,m,35-39,,0.01288,synthetic_seed
OK,2023,black,non-hisp,m,40-44,,0.00969,synthetic_seed
OK,2023,black,non-hisp,m,45-49,,0.00487,synthetic_seed
OK,2023,black,non-hisp,m,50-54,,0.00459,synthetic_seed
OK,2023,black,non-hisp,m,55-59,,0.00211,synthetic_seed
OK,2023,black,non-hisp,m,60-64,,0.00162,synthetic_seed
OK,2023,black,non-hisp,m,65-69,,0.0014,synthetic_seed
OK,2023,black,non-hisp,m,70-74,,0.00198,synthetic_seed
OK,2023,black,non-hisp,m,75-79,,0.00203,synthetic_seed
OK,2023,black,non-hisp,m,80-84,,0.00183,synthetic_seed
OK,2023,black,non-hisp,m,85+,,0.00218,synthetic_seed
OK,2023,black,non-hisp,f,0-4,,0.0023,synthetic_seed
OK,2023,black,non-hisp,f,5-9,,0.00158,synthetic_seed
OK,2023,black,non-hisp,f,10-14,,0.00227,synthetic_seed
OK,2023,black,non-hisp,f,15-19,,0.00325,synthetic_seed
OK,2023,black,non-hisp,f,20-24,,0.01192,synthetic_seed
OK,2023,black,non-hisp,f,25-29,,0.0085,synthetic_seed
OK,2023,black,non-hisp,f,30-34,,0.0109,synthetic_seed
OK,2023,black,non-hisp,f,35-39,,0.01146,synthetic_seed
OK,2023,black,non-hisp,f,40-44,,0.00846,synthetic_seed
OK,2023,black,non-hisp,f,45-49,,0.00582,synthetic_seed
OK,2023,black,non-hisp,f,50-54,,0.00634,synthetic_seed
OK,2023,black,non-hisp,f,55-59,,0.00195,synthetic_seed
OK,2023,black,non-hisp,f,60-64,,0.00178,synthetic_seed
OK,2023,black,non-hisp,f,65-69,,0.00205,synthetic_seed
OK,2023,black,non-hisp,f,70-74,,0.00208,synthetic_seed
OK,2023,black,non-hisp,f,75-79,,0.00193,synthetic_seed
OK,2023,black,non-hisp,f,80-84,,0.0021,synthetic_seed
OK,2023,black,non-hisp,f,85+,,0.00204,synthetic_seed
OK,2023,black,hisp,m,0-4,,0.00249,synthetic_seed
OK,2023,black,hisp,m,5-9,,0.00177,synthetic_seed
OK,2023,black,hisp,m,10-14,,0.00193,synthetic_seed
OK,2023,black,hisp,m,15-19,,0.00492,synthetic_seed
OK,2023,black,hisp,m,20-24,,0.01023,synthetic_seed
OK,2023,black,hisp,m,25-29,,0.0095,synthetic_seed
OK,2023,black,hisp,m,30-34,,0.01028,synthetic_seed
OK,2023,black,hisp,m,35-39,,0.00981,synthetic_seed
OK,2023,black,hisp,m,40-44,,0.00627,synthetic_seed
OK,2023,black,hisp,m,45-49,,0.00419,synthetic_seed
OK,2023,black,hisp,m,50-54,,0.00471,synthetic_seed
OK,2023,black,hisp,m,55-59,,0.00204,synthetic_seed
OK,2023,black,hisp,m,60-64,,0.00157,synthetic_seed
OK,2023,black,hisp,m,65-69,,0.00261,synthetic_seed
OK,2023,black,hisp,m,70-74,,0.00194,synthetic_seed
OK,2023,black,hisp,m,75-79,,0.00156,synthetic_seed
OK,2023,black,hisp,m,80-84,,0.00253,synthetic_seed
OK,2023,black,hisp,m,85+,,0.00146,synthetic_seed
OK,2023,black,hisp,f,0-4,,0.00213,synthetic_seed
OK,2023,black,hisp,f,5-9,,0.00184,synthetic_seed
OK,2023,black,hisp,f,10-14,,0.00213,synthetic_seed
OK,2023,black,hisp,f,15-19,,0.0063,synthetic_seed
OK,2023,black,hisp,f,20-24,,0.00911,synthetic_seed
OK,2023,black,hisp,f,25-29,,0.01048,synthetic_seed
OK,2023,black,hisp,f,30-34,,0.01016,synthetic_seed
OK,2023,black,hisp,f,35-39,,0.01077,synthetic_seed
OK,2023,black,hisp,f,40-44,,0.01007,synthetic_seed
OK,2023,black,hisp,f,45-49,,0.00525,synthetic_seed
OK,2023,black,hisp,f,50-54,,0.00472,synthetic_seed
OK,2023,black,hisp,f,55-59,,0.00247,synthetic_seed
OK,2023,black,hisp,f,60-64,,0.00185,synthetic_seed
OK,2023,black,hisp,f,65-69,,0.00224,synthetic_seed
OK,2023,black,hisp,f,70-74,,0.00199,synthetic_seed
OK,2023,black,hisp,f,75-79,,0.00197,synthetic_seed
OK,2023,black,hisp,f,80-84,,0.00215,synthetic_seed
OK,2023,black,hisp,f,85+,,0.00203,synthetic_seed
OK,2023,asian,non-hisp,m,0-4,,0.00166,synthetic_seed
OK,2023,asian,non-hisp,m,5-9,,0.00184,synthetic_seed
OK,2023,asian,non-hisp,m,10-14,,0.00229,synthetic_seed
OK,2023,asian,non-hisp,m,15-19,,0.0041,synthetic_seed
OK,2023,asian,non-hisp,m,20-24,,0.00905,synthetic_seed
OK,2023,asian,non-hisp,m,25-29,,0.0095,synthetic_seed
OK,2023,asian,non-hisp,m,30-34,,0.00916,synthetic_seed
OK,2023,asian,non-hisp,m,35-39,,0.01195,synthetic_seed
OK,2023,asian,non-hisp,m,40-44,,0.0117,synthetic_seed
OK,2023,asian,non-hisp,m,45-49,,0.0045,synthetic_seed
OK,2023,asian,non-hisp,m,50-54,,0.00556,synthetic_seed
OK,2023,asian,non-hisp,m,55-59,,0.00195,synthetic_seed
OK,2023,asian,non-hisp,m,60-64,,0.00221,synthetic_seed
OK,2023,asian,non-hisp,m,65-69,,0.00187,synthetic_seed
OK,2023,asian,non-hisp,m,70-74,,0.0013,synthetic_seed
OK,2023,asian,non-hisp,m,75-79,,0.00163,synthetic_seed
OK,2023,asian,non-hisp,m,80-84,,0.00229,synthetic_seed
OK,2023,asian,non-hisp,m,85+,,0.00148,synthetic_seed
OK,2023,asian,non-hisp,f,0-4,,0.00174,synthetic_seed
OK,2023,asian,non-hisp,f,5-9,,0.00149,synthetic_seed
OK,2023,asian,non-hisp,f,10-14,,0.0023,synthetic_seed
OK,2023,asian,non-hisp,f,15-19,,0.00557,synthetic_seed
OK,2023,asian,non-hisp,f,20-24,,0.01268,synthetic_seed
OK,2023,asian,non-hisp,f,25-29,,0.01409,synthetic_seed
OK,2023,asian,non-hisp,f,30-34,,0.00833,synthetic_seed
OK,2023,asian,non-hisp,f,35-39,,0.0084,synthetic_seed
OK,2023,asian,non-hisp,f,40-44,,0.00987,synthetic_seed
OK,2023,asian,non-hisp,f,45-49,,0.00489,synthetic_seed
OK,2023,asian,non-hisp,f,50-54,,0.00646,synthetic_seed
OK,2023,asian,non-hisp,f,55-59,,0.00173,synthetic_seed
OK,2023,asian,non-hisp,f,60-64,,0.00207,synthetic_seed
OK,2023,asian,non-hisp,f,65-69,,0.00225,synthetic_seed
OK,2023,asian,non-hisp,f,70-74,,0.0022,synthetic_seed
OK,2023,asian,non-hisp,f,75-79,,0.00243,synthetic_seed
OK,2023,asian,non-hisp,f,80-84,,0.00216,synthetic_seed
OK,2023,asian,non-hisp,f,85+,,0.00194,synthetic_seed
OK,2023,asian,hisp,m,0-4,,0.00229,synthetic_seed
OK,2023,asian,hisp,m,5-9,,0.00155,synthetic_seed
OK,2023,asian,hisp,m,10-14,,0.00235,synthetic_seed
OK,2023,asian,hisp,m,15-19,,0.00511,synthetic_seed
OK,2023,asian,hisp,m,20-24,,0.01073,synthetic_seed
OK,2023,asian,hisp,m,25-29,,0.00803,synthetic_seed
OK,2023,asian,hisp,m,30-34,,0.01072,synthetic_seed
OK,2023,asian,hisp,m,35-39,,0.00963,synthetic_seed
OK,2023,asian,hisp,m,40-44,,0.01057,synthetic_seed
OK,2023,asian,hisp,m,45-49,,0.00465,synthetic_seed
OK,2023,asian,hisp,m,50-54,,0.00473,synthetic_seed
OK,2023,asian,hisp,m,55-59,,0.00203,synthetic_seed
OK,2023,asian,hisp,m,60-64,,0.00203,synthetic_seed
OK,2023,asian,hisp,m,65-69,,0.00206,synthetic_seed
OK,2023,asian,hisp,m,70-74,,0.00214,synthetic_seed
OK,2023,asian,hisp,m,75-79,,0.00184,synthetic_seed
OK,2023,asian,hisp,m,80-84,,0.00239,synthetic_seed
OK,2023,asian,hisp,m,85+,,0.00235,synthetic_seed
OK,2023,asian,hisp,f,0-4,,0.0021,synthetic_seed
OK,2023,asian,hisp,f,5-9,,0.0017,synthetic_seed
OK,2023,asian,hisp,f,10-14,,0.00248,synthetic_seed
OK,2023,asian,hisp,f,15-19,,0.00432,synthetic_seed
OK,2023,asian,hisp,f,20-24,,0.00932,synthetic_seed
OK,2023,asian,hisp,f,25-29,,0.00657,synthetic_seed
OK,2023,asian,hisp,f,30-34,,0.00769,synthetic_seed
OK,2023,asian,hisp,f,35-39,,0.00929,synthetic_seed
OK,2023,asian,hisp,f,40-44,,0.01068,synthetic_seed
OK,2023,asian,hisp,f,45-49,,0.00498,synthetic_seed
OK,2023,asian,hisp,f,50-54,,0.00292,synthetic_seed
OK,2023,asian,hisp,f,55-59,,0.00225,synthetic_seed
OK,2023,asian,hisp,f,60-64,,0.00181,synthetic_seed
OK,2023,asian,hisp,f,65-69,,0.00206,synthetic_seed
OK,2023,asian,hisp,f,70-74,,0.00192,synthetic_seed
OK,2023,asian,hisp,f,75-79,,0.00152,synthetic_seed
OK,2023,asian,hisp,f,80-84,,0.00153,synthetic_seed
OK,2023,asian,hisp,f,85+,,0.00213,synthetic_seed
OK,2023,other,non-hisp,m,0-4,,0.00133,synthetic_seed
OK,2023,other,non-hisp,m,5-9,,0.0019,synthetic_seed
OK,2023,other,non-hisp,m,10-14,,0.00234,synthetic_seed
OK,2023,other,non-hisp,m,15-19,,0.00552,synthetic_seed
OK,2023,other,non-hisp,m,20-24,,0.01007,synthetic_seed
OK,2023,other,non-hisp,m,25-29,,0.00936,synthetic_seed
OK,2023,other,non-hisp,m,30-34,,0.00919,synthetic_seed
OK,2023,other,non-hisp,m,35-39,,0.01101,synthetic_seed
OK,2023,other,non-hisp,m,40-44,,0.00817,synthetic_seed
OK,2023,other,non-hisp,m,45-49,,0.00529,synthetic_seed
OK,2023,other,non-hisp,m,50-54,,0.00414,synthetic_seed
OK,2023,other,non-hisp,m,55-59,,0.00184,synthetic_seed
OK,2023,other,non-hisp,m,60-64,,0.00191,synthetic_seed
OK,2023,other,non-hisp,m,65-69,,0.00189,synthetic_seed
OK,2023,other,non-hisp,m,70-74,,0.00264,synthetic_seed
OK,2023,other,non-hisp,m,75-79,,0.00204,synthetic_seed
OK,2023,other,non-hisp,m,80-84,,0.00206,synthetic_seed
OK,2023,other,non-hisp,m,85+,,0.00176,synthetic_seed
OK,2023,other,non-hisp,f,0-4,,0.00195,synthetic_seed
OK,2023,other,non-hisp,f,5-9,,0.00165,synthetic_seed
OK,2023,other,non-hisp,f,10-14,,0.00179,synthetic_seed
OK,2023,other,non-hisp,f,15-19,,0.00618,synthetic_seed
OK,2023,other,non-hisp,f,20-24,,0.00936,synthetic_seed
OK,2023,other,non-hisp,f,25-29,,0.00977,synthetic_seed
OK,2023,other,non-hisp,f,30-34,,0.00797,synthetic_seed
OK,2023,other,non-hisp,f,35-39,,0.01347,synthetic_seed
OK,2023,other,non-hisp,f,40-44,,0.01018,synthetic_seed
OK,2023,other,non-hisp,f,45-49,,0.00635,synthetic_seed
OK,2023,other,non-hisp,f,50-54,,0.00525,synthetic_seed
OK,2023,other,non-hisp,f,55-59,,0.00237,synthetic_seed
OK,2023,other,non-hisp,f,60-64,,0.00245,synthetic_seed
OK,2023,other,non-hisp,f,65-69,,0.00177,synthetic_seed
OK,2023,other,non-hisp,f,70-74,,0.00217,synthetic_seed
OK,2023,other,non-hisp,f,75-79,,0.00213,synthetic_seed
OK,2023,other,non-hisp,f,80-84,,0.00156,synthetic_seed
OK,2023,other,non-hisp,f,85+,,0.00218,synthetic_seed
OK,2023,other,hisp,m,0-4,,0.00165,synthetic_seed
OK,2023,other,hisp,m,5-9,,0.00187,synthetic_seed
OK,2023,other,hisp,m,10-14,,0.00245,synthetic_seed
OK,2023,other,hisp,m,15-19,,0.00561,synthetic_seed
OK,2023,other,hisp,m,20-24,,0.01035,synthetic_seed
OK,2023,other,hisp,m,25-29,,0.01061,synthetic_seed
OK,2023,other,hisp,m,30-34,,0.01121,synthetic_seed
OK,2023,other,hisp,m,35-39,,0.01249,synthetic_seed
OK,2023,other,hisp,m,40-44,,0.01066,synthetic_seed
OK,2023,other,hisp,m,45-49,,0.00533,synthetic_seed
OK,2023,other,hisp,m,50-54,,0.00474,synthetic_seed
OK,2023,other,hisp,m,55-59,,0.00201,synthetic_seed
OK,2023,other,hisp,m,60-64,,0.00238,synthetic_seed
OK,2023,other,hisp,m,65-69,,0.00197,synthetic_seed
OK,2023,other,hisp,m,70-74,,0.00199,synthetic_seed
OK,2023,other,hisp,m,75-79,,0.00234,synthetic_seed
OK,2023,other,hisp,m,80-84,,0.00198,synthetic_seed
OK,2023,other,hisp,m,85+,,0.00178,synthetic_seed
OK,2023,other,hisp,f,0-4,,0.0019,synthetic_seed
OK,2023,other,hisp,f,5-9,,0.00214,synthetic_seed
OK,2023,other,hisp,f,10-14,,0.00153,synthetic_seed
OK,2023,other,hisp,f,15-19,,0.00539,synthetic_seed
OK,2023,other,hisp,f,20-24,,0.00894,synthetic_seed
OK,2023,other,hisp,f,25-29,,0.01029,synthetic_seed
OK,2023,other,hisp,f,30-34,,0.0095,synthetic_seed
OK,2023,other,hisp,f,35-39,,0.01001,synthetic_seed
OK,2023,other,hisp,f,40-44,,0.00934,synthetic_seed
OK,2023,other,hisp,f,45-49,,0.0061,synthetic_seed
OK,2023,other,hisp,f,50-54,,0.00604,synthetic_seed
OK,2023,other,hisp,f,55-59,,0.00199,synthetic_seed
OK,2023,other,hisp,f,60-64,,0.00176,synthetic_seed
OK,2023,other,hisp,f,65-69,,0.0024,synthetic_seed
OK,2023,other,hisp,f,70-74,,0.00216,synthetic_seed
OK,2023,other,hisp,f,75-79,,0.00188,synthetic_seed
OK,2023,other,hisp,f,80-84,,0.00116,synthetic_seed
OK,2023,other,hisp,f,85+,,0.00145,synthetic_seed
OR,2023,white,non-hisp,m,0-4,,0.00418,synthetic_seed
OR,2023,white,non-hisp,m,5-9,,0.00344,synthetic_seed
OR,2023,white,non-hisp,m,10-14,,0.00274,synthetic_seed
OR,2023,white,non-hisp,m,15-19,,0.00933,synthetic_seed
OR,2023,white,non-hisp,m,20-24,,0.01713,synthetic_seed
OR,2023,white,non-hisp,m,25-29,,0.01707,synthetic_seed
OR,2023,white,non-hisp,m,30-34,,0.01513,synthetic_seed
OR,2023,white,non-hisp,m,35-39,,0.0192,synthetic_seed
OR,2023,white,non-hisp,m,40-44,,0.01843,synthetic_seed
OR,2023,white,non-hisp,m,45-49,,0.00759,synthetic_seed
OR,2023,white,non-hisp,m,50-54,,0.00829,synthetic_seed
OR,2023,white,non-hisp,m,55-59,,0.00425,synthetic_seed
OR,2023,white,non-hisp,m,60-64,,0.00383,synthetic_seed
OR,2023,white,non-hisp,m,65-69,,0.0032,synthetic_seed
OR,2023,white,non-hisp,m,70-74,,0.00239,synthetic_seed
OR,2023,white,non-hisp,m,75-79,,0.00277,synthetic_seed
OR,2023,white,non-hisp,m,80-84,,0.00255,synthetic_seed
OR,2023,white,non-hisp,m,85+,,0.00317,synthetic_seed
OR,2023,white,non-hisp,f,0-4,,0.00303,synthetic_seed
OR,2023,white,non-hisp,f,5-9,,0.00391,synthetic_seed
OR,2023,white,non-hisp,f,10-14,,0.00283,synthetic_seed
OR,2023,white,non-hisp,f,15-19,,0.00836,synthetic_seed
OR,2023,white,non-hisp,f,20-24,,0.0133,synthetic_seed
OR,2023,white,non-hisp,f,25-29,,0.01518,synthetic_seed
OR,2023,white,non-hisp,f,30-34,,0.01285,synthetic_seed
OR,2023,white,non-hisp,f,35-39,,0.01527,synthetic_seed
OR,2023,white,non-hisp,f,40-44,,0.01807,synthetic_seed
OR,2023,white,non-hisp,f,45-49,,0.00711,synthetic_seed
OR,2023,white,non-hisp,f,50-54,,0.00853,synthetic_seed
OR,2023,white,non-hisp,f,55-59,,0.0032,synthetic_seed
OR,2023,white,non-hisp,f,60-64,,0.00231,synthetic_seed
OR,2023,white,non-hisp,f,65-69,,0.0035,synthetic_seed
OR,2023,white,non-hisp,f,70-74,,0.00326,synthetic_seed
OR,2023,white,non-hisp,f,75-79,,0.00363,synthetic_seed
OR,2023,white,non-hisp,f,80-84,,0.00327,synthetic_seed
OR,2023,white,non-hisp,f,85+,,0.00346,synthetic_seed
OR,2023,white,hisp,m,0-4,,0.00361,synthetic_seed
OR,2023,white,hisp,m,5-9,,0.00356,synthetic_seed
OR,2023,white,hisp,m,10-14,,0.00377,synthetic_seed
OR,2023,white,hisp,m,15-19,,0.00852,synthetic_seed
OR,2023,white,hisp,m,20-24,,0.01772,synthetic_seed
OR,2023,white,hisp,m,25-29,,0.0179,synthetic_seed
OR,2023,white,hisp,m,30-34,,0.01196,synthetic_seed
OR,2023,white,hisp,m,35-39,,0.01291,synthetic_seed
OR,2023,white,hisp,m,40-44,,0.0185,synthetic_seed
OR,2023,white,hisp,m,45-49,,0.00792,synthetic_seed
OR,2023,white,hisp,m,50-54,,0.00827,synthetic_seed
OR,2023,white,hisp,m,55-59,,0.00281,synthetic_seed
OR,2023,white,hisp,m,60-64,,0.00321,synthetic_seed
OR,2023,white,hisp,m,65-69,,0.00325,synthetic_seed
OR,2023,white,hisp,m,70-74,,0.00318,synthetic_seed
OR,2023,white,hisp,m,75-79,,0.00293,synthetic_seed
OR,2023,white,hisp,m,80-84,,0.00306,synthetic_seed
OR,2023,white,hisp,m,85+,,0.00345,synthetic_seed
OR,2023,white,hisp,f,0-4,,0.00242,synthetic_seed
OR,2023,white,hisp,f,5-9,,0.00401,synthetic_seed
OR,2023,white,hisp,f,10-14,,0.00283,synthetic_seed
OR,2023,white,hisp,f,15-19,,0.00654,synthetic_seed
OR,2023,white,hisp,f,20-24,,0.01496,synthetic_seed
OR,2023,white,hisp,f,25-29,,0.01282,synthetic_seed
OR,2023,white,hisp,f,30-34,,0.01812,synthetic_seed
OR,2023,white,hisp,f,35-39,,0.01714,synthetic_seed
OR,2023,white,hisp,f,40-44,,0.02068,synthetic_seed
OR,2023,white,hisp,f,45-49,,0.00689,synthetic_seed
OR,2023,white,hisp,f,50-54,,0.00785,synthetic_seed
OR,2023,white,hisp,f,55-59,,0.00347,synthetic_seed
OR,2023,white,hisp,f,60-64,,0.00281,synthetic_seed
OR,2023,white,hisp,f,65-69,,0.00318,synthetic_seed
OR,2023,white,hisp,f,70-74,,0.00398,synthetic_seed
OR,2023,white,hisp,f,75-79,,0.00337,synthetic_seed
OR,2023,white,hisp,f,80-84,,0.00284,synthetic_seed
OR,2023,white,hisp,f,85+,,0.00341,synthetic_seed
OR,2023,black,non-hisp,m,0-4,,0.00368,synthetic_seed
OR,2023,black,non-hisp,m,5-9,,0.00285,synthetic_seed
OR,2023,black,non-hisp,m,10-14,,0.00382,synthetic_seed
OR,2023,black,non-hisp,m,15-19,,0.0095,synthetic_seed
OR,2023,black,non-hisp,m,20-24,,0.01838,synthetic_seed
OR,2023,black,non-hisp,m,25-29,,0.01729,synthetic_seed
OR,2023,black,non-hisp,m,30-34,,0.01753,synthetic_seed
OR,2023,black,non-hisp,m,35-39,,0.01528,synthetic_seed
OR,2023,black,non-hisp,m,40-44,,0.01722,synthetic_seed
OR,2023,black,non-hisp,m,45-49,,0.00979,synthetic_seed
OR,2023,black,non-hisp,m,50-54,,0.00635,synthetic_seed
OR,2023,black,non-hisp,m,55-59,,0.00402,synthetic_seed
OR,2023,black,non-hisp,m,60-64,,0.00359,synthetic_seed
OR,2023,black,non-hisp,m,65-69,,0.00283,synthetic_seed
OR,2023,black,non-hisp,m,70-74,,0.00359,synthetic_seed
OR,2023,black,non-hisp,m,75-79,,0.00293,synthetic_seed
OR,2023,black,non-hisp,m,80-84,,0.00346,synthetic_seed
OR,2023,black,non-hisp,m,85+,,0.00222,synthetic_seed
OR,2023,black,non-hisp,f,0-4,,0.0034,synthetic_seed
OR,2023,black,non-hisp,f,5-9,,0.00336,synthetic_seed
OR,2023,black,non-hisp,f,10-14,,0.00247,synthetic_seed
OR,2023,black,non-hisp,f,15-19,,0.00786,synthetic_seed
OR,2023,black,non-hisp,f,20-24,,0.01868,synthetic_seed
OR,2023,black,non-hisp,f,25-29,,0.01125,synthetic_seed
OR,2023,black,non-hisp,f,30-34,,0.01603,synthetic_seed
OR,2023,black,non-hisp,f,35-39,,0.01346,synthetic_seed
OR,2023,black,non-hisp,f,40-44,,0.01523,synthetic_seed
OR,2023,black,non-hisp,f,45-49,,0.00852,synthetic_seed
OR,2023,black,non-hisp,f,50-54,,0.00931,synthetic_seed
OR,2023,black,non-hisp,f,55-59,,0.00252,synthetic_seed
OR,2023,black,non-hisp,f,60-64,,0.00338,synthetic_seed
OR,2023,black,non-hisp,f,65-69,,0.0032,synthetic_seed
OR,2023,black,non-hisp,f,70-74,,0.00262,synthetic_seed
OR,2023,black,non-hisp,f,75-79,,0.00307,synthetic_seed
OR,2023,black,non-hisp,f,80-84,,0.00248,synthetic_seed
OR,2023,black,non-hisp,f,85+,,0.00388,synthetic_seed
OR,2023,black,hisp,m,0-4,,0.00242,synthetic_seed
OR,2023,black,hisp,m,5-9,,0.00285,synthetic_seed
OR,2023,black,hisp,m,10-14,,0.00239,synthetic_seed
OR,2023,black,hisp,m,15-19,,0.00877,synthetic_seed
OR,2023,black,hisp,m,20-24,,0.01918,synthetic_seed
OR,2023,black,hisp,m,25-29,,0.02024,synthetic_seed
OR,2023,black,hisp,m,30-34,,0.01447,synthetic_seed
OR,2023,black,hisp,m,35-39,,0.01985,synthetic_seed
OR,2023,black,hisp,m,40-44,,0.01632,synthetic_seed
OR,2023,black,hisp,m,45-49,,0.01035,synthetic_seed
OR,2023,black,hisp,m,50-54,,0.00782,synthetic_seed
OR,2023,black,hisp,m,55-59,,0.00337,synthetic_seed
OR,2023,black,hisp,m,60-64,,0.00307,synthetic_seed
OR,2023,black,hisp,m,65-69,,0.00331,synthetic_seed
OR,2023,black,hisp,m,70-74,,0.0042,synthetic_seed
OR,2023,black,hisp,m,75-79,,0.00307,synthetic_seed
OR,2023,black,hisp,m,80-84,,0.00257,synthetic_seed
OR,2023,black,hisp,m,85+,,0.00263,synthetic_seed
OR,2023,black,hisp,f,0-4,,0.00418,synthetic_seed
OR,2023,black,hisp,f,5-9,,0.00347,synthetic_seed
OR,2023,black,hisp,f,10-14,,0.0026,synthetic_seed
OR,2023,black,hisp,f,15-19,,0.00937,synthetic_seed
OR,2023,black,hisp,f,20-24,,0.01745,synthetic_seed
OR,2023,black,hisp,f,25-29,,0.01337,synthetic_seed
OR,2023,black,hisp,f,30-34,,0.01865,synthetic_seed
OR,2023,black,hisp,f,35-39,,0.01426,synthetic_seed
OR,2023,black,hisp,f,40-44,,0.01564,synthetic_seed
OR,2023,black,hisp,f,45-49,,0.00877,synthetic_seed
OR,2023,black,hisp,f,50-54,,0.00693,synthetic_seed
OR,2023,black,hisp,f,55-59,,0.00299,synthetic_seed
OR,2023,black,hisp,f,60-64,,0.00332,synthetic_seed
OR,2023,black,hisp,f,65-69,,0.00335,synthetic_seed
OR,2023,black,hisp,f,70-74,,0.00327,synthetic_seed
OR,2023,black,hisp,f,75-79,,0.0028,synthetic_seed
OR,2023,black,hisp,f,80-84,,0.00287,synthetic_seed
OR,2023,black,hisp,f,85+,,0.00269,synthetic_seed
OR,2023,asian,non-hisp,m,0-4,,0.00326,synthetic_seed
OR,2023,asian,non-hisp,m,5-9,,0.00285,synthetic_seed
OR,2023,asian,non-hisp,m,10-14,,0.00275,synthetic_seed
OR,2023,asian,non-hisp,m,15-19,,0.00703,synthetic_seed
OR,2023,asian,non-hisp,m,20-24,,0.01608,synthetic_seed
OR,2023,asian,non-hisp,m,25-29,,0.01941,synthetic_seed
OR,2023,asian,non-hisp,m,30-34,,0.01386,synthetic_seed
OR,2023,asian,non-hisp,m,35-39,,0.01494,synthetic_seed
OR,2023,asian,non-hisp,m,40-44,,0.01698,synthetic_seed
OR,2023,asian,non-hisp,m,45-49,,0.00837,synthetic_seed
OR,2023,asian,non-hisp,m,50-54,,0.00698,synthetic_seed
OR,2023,asian,non-hisp,m,55-59,,0.00249,synthetic_seed
OR,2023,asian,non-hisp,m,60-64,,0.0034,synthetic_seed
OR,2023,asian,non-hisp,m,65-69,,0.00216,synthetic_seed
OR,2023,asian,non-hisp,m,70-74,,0.00391,synthetic_seed
OR,2023,asian,non-hisp,m,75-79,,0.0029,synthetic_seed
OR,2023,asian,non-hisp,m,80-84,,0.00374,synthetic_seed
OR,2023,asian,non-hisp,m,85+,,0.00317,synthetic_seed
OR,2023,asian,non-hisp,f,0-4,,0.00388,synthetic_seed
OR,2023,asian,non-hisp,f,5-9,,0.00314,synthetic_seed
OR,2023,asian,non-hisp,f,10-14,,0.00395,synthetic_seed
OR,2023,asian,non-hisp,f,15-19,,0.00689,synthetic_seed
OR,2023,asian,non-hisp,f,20-24,,0.01477,synthetic_seed
OR,2023,asian,non-hisp,f,25-29,,0.01077,synthetic_seed
OR,2023,asian,non-hisp,f,30-34,,0.01862,synthetic_seed
OR,2023,asian,non-hisp,f,35-39,,0.01667,synthetic_seed
OR,2023,asian,non-hisp,f,40-44,,0.02279,synthetic_seed
OR,2023,asian,non-hisp,f,45-49,,0.00895,synthetic_seed
OR,2023,asian,non-hisp,f,50-54,,0.00841,synthetic_seed
OR,2023,asian,non-hisp,f,55-59,,0.00316,synthetic_seed
OR,2023,asian,non-hisp,f,60-64,,0.0029,synthetic_seed
OR,2023,asian,non-hisp,f,65-69,,0.00358,synthetic_seed
OR,2023,asian,non-hisp,f,70-74,,0.00321,synthetic_seed
OR,2023,asian,non-hisp,f,75-79,,0.00374,synthetic_seed
OR,2023,asian,non-hisp,f,80-84,,0.00346,synthetic_seed
OR,2023,asian,non-hisp,f,85+,,0.0035,synthetic_seed
OR,2023,asian,hisp,m,0-4,,0.00299,synthetic_seed
OR,2023,asian,hisp,m,5-9,,0.00311,synthetic_seed
OR,2023,asian,hisp,m,10-14,,0.00257,synthetic_seed
OR,2023,asian,hisp,m,15-19,,0.00765,synthetic_seed
OR,2023,asian,hisp,m,20-24,,0.0139,synthetic_seed
OR,2023,asian,hisp,m,25-29,,0.01544,synthetic_seed
OR,2023,asian,hisp,m,30-34,,0.01403,synthetic_seed
OR,2023,asian,hisp,m,35-39,,0.01317,synthetic_seed
OR,2023,asian,hisp,m,40-44,,0.01346,synthetic_seed
OR,2023,asian,hisp,m,45-49,,0.00928,synthetic_seed
OR,2023,asian,hisp,m,50-54,,0.00357,synthetic_seed
OR,2023,asian,hisp,m,55-59,,0.00388,synthetic_seed
OR,2023,asian,hisp,m,60-64,,0.003,synthetic_seed
OR,2023,asian,hisp,m,65-69,,0.00382,synthetic_seed
OR,2023,asian,hisp,m,70-74,,0.00182,synthetic_seed
OR,2023,asian,hisp,m,75-79,,0.00287,synthetic_seed
OR,2023,asian,hisp,m,80-84,,0.00289,synthetic_seed
OR,2023,asian,hisp,m,85+,,0.00372,synthetic_seed
OR,2023,asian,hisp,f,0-4,,0.00249,synthetic_seed
OR,2023,asian,hisp,f,5-9,,0.00278,synthetic_seed
OR,2023,asian,hisp,f,10-14,,0.00353,synthetic_seed
OR,2023,asian,hisp,f,15-19,,0.00798,synthetic_seed
OR,2023,asian,hisp,f,20-24,,0.01351,synthetic_seed
OR,2023,asian,hisp,f,25-29,,0.01629,synthetic_seed
OR,2023,asian,hisp,f,30-34,,0.02019,synthetic_seed
OR,2023,asian,hisp,f,35-39,,0.01499,synthetic_seed
OR,2023,asian,hisp,f,40-44,,0.01165,synthetic_seed
OR,2023,asian,hisp,f,45-49,,0.00736,synthetic_seed
OR,2023,asian,hisp,f,50-54,,0.00959,synthetic_seed
OR,2023,asian,hisp,f,55-59,,0.0034,synthetic_seed
OR,2023,asian,hisp,f,60-64,,0.00338,synthetic_seed
OR,2023,asian,hisp,f,65-69,,0.00273,synthetic_seed
OR,2023,asian,hisp,f,70-74,,0.00281,synthetic_seed
OR,2023,asian,hisp,f,75-79,,0.00327,synthetic_seed
OR,2023,asian,hisp,f,80-84,,0.00279,synthetic_seed
OR,2023,asian,hisp,f,85+,,0.00296,synthetic_seed
OR,2023,other,non-hisp,m,0-4,,0.0043,synthetic_seed
OR,2023,other,non-hisp,m,5-9,,0.00311,synthetic_seed
OR,2023,other,non-hisp,m,10-14,,0.00357,synthetic_seed
OR,2023,other,non-hisp,m,15-19,,0.0078,synthetic_seed
OR,2023,other,non-hisp,m,20-24,,0.01344,synthetic_seed
OR,2023,other,non-hisp,m,25-29,,0.01302,synthetic_seed
OR,2023,other,non-hisp,m,30-34,,0.01486,synthetic_seed
OR,2023,other,non-hisp,m,35-39,,0.01202,synthetic_seed
OR,2023,other,non-hisp,m,40-44,,0.01502,synthetic_seed
OR,2023,other,non-hisp,m,45-49,,0.00733,synthetic_seed
OR,2023,other,non-hisp,m,50-54,,0.00741,synthetic_seed
OR,2023,other,non-hisp,m,55-59,,0.00325,synthetic_seed
OR,2023,other,non-hisp,m,60-64,,0.00264,synthetic_seed
OR,2023,other,non-hisp,m,65-69,,0.00254,synthetic_seed
OR,2023,other,non-hisp,m,70-74,,0.00224,synthetic_seed
OR,2023,other,non-hisp,m,75-79,,0.00351,synthetic_seed
OR,2023,other,non-hisp,m,80-84,,0.00342,synthetic_seed
OR,2023,other,non-hisp,m,85+,,0.00283,synthetic_seed
OR,2023,other,non-hisp,f,0-4,,0.00314,synthetic_seed
OR,2023,other,non-hisp,f,5-9,,0.00319,synthetic_seed
OR,2023,other,non-hisp,f,10-14,,0.00257,synthetic_seed
OR,2023,other,non-hisp,f,15-19,,0.00835,synthetic_seed
OR,2023,other,non-hisp,f,20-24,,0.01629,synthetic_seed
OR,2023,other,non-hisp,f,25-29,,0.01361,synthetic_seed
OR,2023,other,non-hisp,f,30-34,,0.00883,synthetic_seed
OR,2023,other,non-hisp,f,35-39,,0.01636,synthetic_seed
OR,2023,other,non-hisp,f,40-44,,0.01363,synthetic_seed
OR,2023,other,non-hisp,f,45-49,,0.00819,synthetic_seed
OR,2023,other,non-hisp,f,50-54,,0.008,synthetic_seed
OR,2023,other,non-hisp,f,55-59,,0.00367,synthetic_seed
OR,2023,other,non-hisp,f,60-64,,0.00252,synthetic_seed
OR,2023,other,non-hisp,f,65-69,,0.00264,synthetic_seed
OR,2023,other,non-hisp,f,70-74,,0.00254,synthetic_seed
OR,2023,other,non-hisp,f,75-79,,0.00372,synthetic_seed
OR,2023,other,non-hisp,f,80-84,,0.00323,synthetic_seed
OR,2023,other,non-hisp,f,85+,,0.0026,synthetic_seed
OR,2023,other,hisp,m,0-4,,0.00294,synthetic_seed
OR,2023,other,hisp,m,5-9,,0.00289,synthetic_seed
OR,2023,other,hisp,m,10-14,,0.00279,synthetic_seed
OR,2023,other,hisp,m,15-19,,0.00851,synthetic_seed
OR,2023,other,hisp,m,20-24,,0.01276,synthetic_seed
OR,2023,other,hisp,m,25-29,,0.01584,synthetic_seed
OR,2023,other,hisp,m,30-34,,0.01277,synthetic_seed
OR,2023,other,hisp,m,35-39,,0.01672,synthetic_seed
OR,2023,other,hisp,m,40-44,,0.01465,synthetic_seed
OR,2023,other,hisp,m,45-49,,0.00749,synthetic_seed
OR,2023,other,hisp,m,50-54,,0.01042,synthetic_seed
OR,2023,other,hisp,m,55-59,,0.00269,synthetic_seed
OR,2023,other,hisp,m,60-64,,0.00271,synthetic_seed
OR,2023,other,hisp,m,65-69,,0.00262,synthetic_seed
OR,2023,other,hisp,m,70-74,,0.00346,synthetic_seed
OR,2023,other,hisp,m,75-79,,0.00306,synthetic_seed
OR,2023,other,hisp,m,80-84,,0.00305,synthetic_seed
OR,2023,other,hisp,m,85+,,0.00322,synthetic_seed
OR,2023,other,hisp,f,0-4,,0.0034,synthetic_seed
OR,2023,other,hisp,f,5-9,,0.00282,synthetic_seed
OR,2023,other,hisp,f,10-14,,0.00388,synthetic_seed
OR,2023,other,hisp,f,15-19,,0.00709,synthetic_seed
OR,2023,other,hisp,f,20-24,,0.01551,synthetic_seed
OR,2023,other,hisp,f,25-29,,0.01493,synthetic_seed
OR,2023,other,hisp,f,30-34,,0.01843,synthetic_seed
OR,2023,other,hisp,f,35-39,,0.01428,synthetic_seed
OR,2023,other,hisp,f,40-44,,0.01583,synthetic_seed
OR,2023,other,hisp,f,45-49,,0.00751,synthetic_seed
OR,2023,other,hisp,f,50-54,,0.00842,synthetic_seed
OR,2023,other,hisp,f,55-59,,0.00308,synthetic_seed
OR,2023,other,hisp,f,60-64,,0.00349,synthetic_seed
OR,2023,other,hisp,f,65-69,,0.00375,synthetic_seed
OR,2023,other,hisp,f,70-74,,0.0037,synthetic_seed
OR,2023,other,hisp,f,75-79,,0.00345,synthetic_seed
OR,2023,other,hisp,f,80-84,,0.00287,synthetic_seed
OR,2023,other,hisp,f,85+,,0.00358,synthetic_seed
PA,2023,white,non-hisp,m,0-4,,0.00136,synthetic_seed
PA,2023,white,non-hisp,m,5-9,,0.0013,synthetic_seed
PA,2023,white,non-hisp,m,10-14,,0.00136,synthetic_seed
PA,2023,white,non-hisp,m,15-19,,0.00277,synthetic_seed
PA,2023,white,non-hisp,m,20-24,,0.00664,synthetic_seed
PA,2023,white,non-hisp,m,25-29,,0.00771,synthetic_seed
PA,2023,white,non-hisp,m,30-34,,0.00632,synthetic_seed
PA,2023,white,non-hisp,m,35-39,,0.00475,synthetic_seed
PA,2023,white,non-hisp,m,40-44,,0.00614,synthetic_seed
PA,2023,white,non-hisp,m,45-49,,0.00208,synthetic_seed
PA,2023,white,non-hisp,m,50-54,,0.00306,synthetic_seed
PA,2023,white,non-hisp,m,55-59,,0.00101,synthetic_seed
PA,2023,white,non-hisp,m,60-64,,0.00127,synthetic_seed
PA,2023,white,non-hisp,m,65-69,,0.00132,synthetic_seed
PA,2023,white,non-hisp,m,70-74,,0.00124,synthetic_seed
PA,2023,white,non-hisp,m,75-79,,0.0012,synthetic_seed
PA,2023,white,non-hisp,m,80-84,,0.00121,synthetic_seed
PA,2023,white,non-hisp,m,85+,,0.00144,synthetic_seed
PA,2023,white,non-hisp,f,0-4,,0.00088,synthetic_seed
PA,2023,white,non-hisp,f,5-9,,0.00118,synthetic_seed
PA,2023,white,non-hisp,f,10-14,,0.00127,synthetic_seed
PA,2023,white,non-hisp,f,15-19,,0.004,synthetic_seed
PA,2023,white,non-hisp,f,20-24,,0.00641,synthetic_seed
PA,2023,white,non-hisp,f,25-29,,0.00527,synthetic_seed
PA,2023,white,non-hisp,f,30-34,,0.00496,synthetic_seed
PA,2023,white,non-hisp,f,35-39,,0.00703,synthetic_seed
PA,2023,white,non-hisp,f,40-44,,0.00562,synthetic_seed
PA,2023,white,non-hisp,f,45-49,,0.0035,synthetic_seed
PA,2023,white,non-hisp,f,50-54,,0.00345,synthetic_seed
PA,2023,white,non-hisp,f,55-59,,0.00142,synthetic_seed
PA,2023,white,non-hisp,f,60-64,,0.00123,synthetic_seed
PA,2023,white,non-hisp,f,65-69,,0.00106,synthetic_seed
PA,2023,white,non-hisp,f,70-74,,0.00113,synthetic_seed
PA,2023,white,non-hisp,f,75-79,,0.00087,synthetic_seed
PA,2023,white,non-hisp,f,80-84,,0.00139,synthetic_seed
PA,2023,white,non-hisp,f,85+,,0.0013,synthetic_seed
PA,2023,white,hisp,m,0-4,,0.00124,synthetic_seed
PA,2023,white,hisp,m,5-9,,0.00117,synthetic_seed
PA,2023,white,hisp,m,10-14,,0.00113,synthetic_seed
PA,2023,white,hisp,m,15-19,,0.00363,synthetic_seed
PA,2023,white,hisp,m,20-24,,0.00661,synthetic_seed
PA,2023,white,hisp,m,25-29,,0.00524,synthetic_seed
PA,2023,white,hisp,m,30-34,,0.00597,synthetic_seed
PA,2023,white,hisp,m,35-39,,0.00621,synthetic_seed
PA,2023,white,hisp,m,40-44,,0.00684,synthetic_seed
PA,2023,white,hisp,m,45-49,,0.00312,synthetic_seed
PA,2023,white,hisp,m,50-54,,0.00299,synthetic_seed
PA,2023,white,hisp,m,55-59,,0.00095,synthetic_seed
PA,2023,white,hisp,m,60-64,,0.00112,synthetic_seed
PA,2023,white,hisp,m,65-69,,0.00112,synthetic_seed
PA,2023,white,hisp,m,70-74,,0.00145,synthetic_seed
PA,2023,white,hisp,m,75-79,,0.00117,synthetic_seed
PA,2023,white,hisp,m,80-84,,0.00119,synthetic_seed
PA,2023,white,hisp,m,85+,,0.00129,synthetic_seed
PA,2023,white,hisp,f,0-4,,0.00098,synthetic_seed
PA,2023,white,hisp,f,5-9,,0.00131,synthetic_seed
PA,2023,white,hisp,f,10-14,,0.00119,synthetic_seed
PA,2023,white,hisp,f,15-19,,0.00304,synthetic_seed
PA,2023,white,hisp,f,20-24,,0.00721,synthetic_seed
PA,2023,white,hisp,f,25-29,,0.00732,synthetic_seed
PA,2023,white,hisp,f,30-34,,0.0056,synthetic_seed
PA,2023,white,hisp,f,35-39,,0.00662,synthetic_seed
PA,2023,white,hisp,f,40-44,,0.00527,synthetic_seed
PA,2023,white,hisp,f,45-49,,0.00242,synthetic_seed
PA,2023,white,hisp,f,50-54,,0.00354,synthetic_seed
PA,2023,white,hisp,f,55-59,,0.0011,synthetic_seed
PA,2023,white,hisp,f,60-64,,0.00148,synthetic_seed
PA,2023,white,hisp,f,65-69,,0.00131,synthetic_seed
PA,2023,white,hisp,f,70-74,,0.00122,synthetic_seed
PA,2023,white,hisp,f,75-79,,0.00118,synthetic_seed
PA,2023,white,hisp,f,80-84,,0.00107,synthetic_seed
PA,2023,white,hisp,f,85+,,0.00106,synthetic_seed
PA,2023,black,non-hisp,m,0-4,,0.00121,synthetic_seed
PA,2023,black,non-hisp,m,5-9,,0.00137,synthetic_seed
PA,2023,black,non-hisp,m,10-14,,0.00123,synthetic_seed
PA,2023,black,non-hisp,m,15-19,,0.00355,synthetic_seed
PA,2023,black,non-hisp,m,20-24,,0.00619,synthetic_seed
PA,2023,black,non-hisp,m,25-29,,0.00598,synthetic_seed
PA,2023,black,non-hisp,m,30-34,,0.00596,synthetic_seed
PA,2023,black,non-hisp,m,35-39,,0.00562,synthetic_seed
PA,2023,black,non-hisp,m,40-44,,0.00482,synthetic_seed
PA,2023,black,non-hisp,m,45-49,,0.00214,synthetic_seed
PA,2023,black,non-hisp,m,50-54,,0.00292,synthetic_seed
PA,2023,black,non-hisp,m,55-59,,0.00123,synthetic_seed
PA,2023,black,non-hisp,m,60-64,,0.00097,synthetic_seed
PA,2023,black,non-hisp,m,65-69,,0.00113,synthetic_seed
PA,2023,black,non-hisp,m,70-74,,0.00139,synthetic_seed
PA,2023,black,non-hisp,m,75-79,,0.00138,synthetic_seed
PA,2023,black,non-hisp,m,80-84,,0.00103,synthetic_seed
PA,2023,black,non-hisp,m,85+,,0.00116,synthetic_seed
PA,2023,black,non-hisp,f,0-4,,0.00111,synthetic_seed
PA,2023,black,non-hisp,f,5-9,,0.00131,synthetic_seed
PA,2023,black,non-hisp,f,10-14,,0.00123,synthetic_seed
PA,2023,black,non-hisp,f,15-19,,0.00336,synthetic_seed
PA,2023,black,non-hisp,f,20-24,,0.00657,synthetic_seed
PA,2023,black,non-hisp,f,25-29,,0.00461,synthetic_seed
PA,2023,black,non-hisp,f,30-34,,0.00638,synthetic_seed
PA,2023,black,non-hisp,f,35-39,,0.00563,synthetic_seed
PA,2023,black,non-hisp,f,40-44,,0.00648,synthetic_seed
PA,2023,black,non-hisp,f,45-49,,0.00289,synthetic_seed
PA,2023,black,non-hisp,f,50-54,,0.00266,synthetic_seed
PA,2023,black,non-hisp,f,55-59,,0.00128,synthetic_seed
PA,2023,black,non-hisp,f,60-64,,0.00153,synthetic_seed
PA,2023,black,non-hisp,f,65-69,,0.00129,synthetic_seed
PA,2023,black,non-hisp,f,70-74,,0.00117,synthetic_seed
PA,2023,black,non-hisp,f,75-79,,0.00109,synthetic_seed
PA,2023,black,non-hisp,f,80-84,,0.00106,synthetic_seed
PA,2023,black,non-hisp,f,85+,,0.00115,synthetic_seed
PA,2023,black,hisp,m,0-4,,0.00125,synthetic_seed
PA,2023,black,hisp,m,5-9,,0.00121,synthetic_seed
PA,2023,black,hisp,m,10-14,,0.00098,synthetic_seed
PA,2023,black,hisp,m,15-19,,0.00277,synthetic_seed
PA,2023,black,hisp,m,20-24,,0.00587,synthetic_seed
PA,2023,black,hisp,m,25-29,,0.00635,synthetic_seed
PA,2023,black,hisp,m,30-34,,0.00569,synthetic_seed
PA,2023,black,hisp,m,35-39,,0.00544,synthetic_seed
PA,2023,black,hisp,m,40-44,,0.00658,synthetic_seed
PA,2023,black,hisp,m,45-49,,0.00343,synthetic_seed
PA,2023,black,hisp,m,50-54,,0.00317,synthetic_seed
PA,2023,black,hisp,m,55-59,,0.00101,synthetic_seed
PA,2023,black,hisp,m,60-64,,0.00125,synthetic_seed
PA,2023,black,hisp,m,65-69,,0.00143,synthetic_seed
PA,2023,black,hisp,m,70-74,,0.00118,synthetic_seed
PA,2023,black,hisp,m,75-79,,0.00116,synthetic_seed
PA,2023,black,hisp,m,80-84,,0.00125,synthetic_seed
PA,2023,black,hisp,m,85+,,0.00141,synthetic_seed
PA,2023,black,hisp,f,0-4,,0.00159,synthetic_seed
PA,2023,black,hisp,f,5-9,,0.0014,synthetic_seed
PA,2023,black,hisp,f,10-14,,0.00116,synthetic_seed
PA,2023,black,hisp,f,15-19,,0.00355,synthetic_seed
PA,2023,black,hisp,f,20-24,,0.00597,synthetic_seed
PA,2023,black,hisp,f,25-29,,0.00394,synthetic_seed
PA,2023,black,hisp,f,30-34,,0.00653,synthetic_seed
PA,2023,black,hisp,f,35-39,,0.00551,synthetic_seed
PA,2023,black,hisp,f,40-44,,0.00691,synthetic_seed
PA,2023,black,hisp,f,45-49,,0.00284,synthetic_seed
PA,2023,black,hisp,f,50-54,,0.00341,synthetic_seed
PA,2023,black,hisp,f,55-59,,0.0015,synthetic_seed
PA,2023,black,hisp,f,60-64,,0.00144,synthetic_seed
PA,2023,black,hisp,f,65-69,,0.00133,synthetic_seed
PA,2023,black,hisp,f,70-74,,0.00124,synthetic_seed
PA,2023,black,hisp,f,75-79,,0.00132,synthetic_seed
PA,2023,black,hisp,f,80-84,,0.00119,synthetic_seed
PA,2023,black,hisp,f,85+,,0.00108,synthetic_seed
PA,2023,asian,non-hisp,m,0-4,,0.00128,synthetic_seed
PA,2023,asian,non-hisp,m,5-9,,0.00121,synthetic_seed
PA,2023,asian,non-hisp,m,10-14,,0.00093,synthetic_seed
PA,2023,asian,non-hisp,m,15-19,,0.00294,synthetic_seed
PA,2023,asian,non-hisp,m,20-24,,0.00514,synthetic_seed
PA,2023,asian,non-hisp,m,25-29,,0.00555,synthetic_seed
PA,2023,asian,non-hisp,m,30-34,,0.00561,synthetic_seed
PA,2023,asian,non-hisp,m,35-39,,0.00537,synthetic_seed
PA,2023,asian,non-hisp,m,40-44,,0.00695,synthetic_seed
PA,2023,asian,non-hisp,m,45-49,,0.00368,synthetic_seed
PA,2023,asian,non-hisp,m,50-54,,0.00312,synthetic_seed
PA,2023,asian,non-hisp,m,55-59,,0.00105,synthetic_seed
PA,2023,asian,non-hisp,m,60-64,,0.00129,synthetic_seed
PA,2023,asian,non-hisp,m,65-69,,0.00104,synthetic_seed
PA,2023,asian,non-hisp,m,70-74,,0.00109,synthetic_seed
PA,2023,asian,non-hisp,m,75-79,,0.00103,synthetic_seed
PA,2023,asian,non-hisp,m,80-84,,0.00098,synthetic_seed
PA,2023,asian,non-hisp,m,85+,,0.0011,synthetic_seed
PA,2023,asian,non-hisp,f,0-4,,0.0011,synthetic_seed
PA,2023,asian,non-hisp,f,5-9,,0.00111,synthetic_seed
PA,2023,asian,non-hisp,f,10-14,,0.00119,synthetic_seed
PA,2023,asian,non-hisp,f,15-19,,0.00282,synthetic_seed
PA,2023,asian,non-hisp,f,20-24,,0.00491,synthetic_seed
PA,2023,asian,non-hisp,f,25-29,,0.00671,synthetic_seed
PA,2023,asian,non-hisp,f,30-34,,0.00497,synthetic_seed
PA,2023,asian,non-hisp,f,35-39,,0.00376,synthetic_seed
PA,2023,asian,non-hisp,f,40-44,,0.00436,synthetic_seed
PA,2023,asian,non-hisp,f,45-49,,0.00284,synthetic_seed
PA,2023,asian,non-hisp,f,50-54,,0.00285,synthetic_seed
PA,2023,asian,non-hisp,f,55-59,,0.00119,synthetic_seed
PA,2023,asian,non-hisp,f,60-64,,0.00104,synthetic_seed
PA,2023,asian,non-hisp,f,65-69,,0.00093,synthetic_seed
PA,2023,asian,non-hisp,f,70-74,,0.00106,synthetic_seed
PA,2023,asian,non-hisp,f,75-79,,0.00152,synthetic_seed
PA,2023,asian,non-hisp,f,80-84,,0.00092,synthetic_seed
PA,2023,asian,non-hisp,f,85+,,0.00119,synthetic_seed
PA,2023,asian,hisp,m,0-4,,0.00125,synthetic_seed
PA,2023,asian,hisp,m,5-9,,0.00128,synthetic_seed
PA,2023,asian,hisp,m,10-14,,0.00114,synthetic_seed
PA,2023,asian,hisp,m,15-19,,0.0028,synthetic_seed
PA,2023,asian,hisp,m,20-24,,0.00704,synthetic_seed
PA,2023,asian,hisp,m,25-29,,0.00554,synthetic_seed
PA,2023,asian,hisp,m,30-34,,0.00615,synthetic_seed
PA,2023,asian,hisp,m,35-39,,0.00852,synthetic_seed
PA,2023,asian,hisp,m,40-44,,0.00658,synthetic_seed
PA,2023,asian,hisp,m,45-49,,0.00344,synthetic_seed
PA,2023,asian,hisp,m,50-54,,0.00282,synthetic_seed
PA,2023,asian,hisp,m,55-59,,0.00136,synthetic_seed
PA,2023,asian,hisp,m,60-64,,0.00128,synthetic_seed
PA,2023,asian,hisp,m,65-69,,0.00145,synthetic_seed
PA,2023,asian,hisp,m,70-74,,0.00117,synthetic_seed
PA,2023,asian,hisp,m,75-79,,0.00122,synthetic_seed
PA,2023,asian,hisp,m,80-84,,0.00118,synthetic_seed
PA,2023,asian,hisp,m,85+,,0.00106,synthetic_seed
PA,2023,asian,hisp,f,0-4,,0.00107,synthetic_seed
PA,2023,asian,hisp,f,5-9,,0.0014,synthetic_seed
PA,2023,asian,hisp,f,10-14,,0.00134,synthetic_seed
PA,2023,asian,hisp,f,15-19,,0.00328,synthetic_seed
PA,2023,asian,hisp,f,20-24,,0.00689,synthetic_seed
PA,2023,asian,hisp,f,25-29,,0.00638,synthetic_seed
PA,2023,asian,hisp,f,30-34,,0.00675,synthetic_seed
PA,2023,asian,hisp,f,35-39,,0.0056,synthetic_seed
PA,2023,asian,hisp,f,40-44,,0.00532,synthetic_seed
PA,2023,asian,hisp,f,45-49,,0.00246,synthetic_seed
PA,2023,asian,hisp,f,50-54,,0.00395,synthetic_seed
PA,2023,asian,hisp,f,55-59,,0.00114,synthetic_seed
PA,2023,asian,hisp,f,60-64,,0.00112,synthetic_seed
PA,2023,asian,hisp,f,65-69,,0.00137,synthetic_seed
PA,2023,asian,hisp,f,70-74,,0.00125,synthetic_seed
PA,2023,asian,hisp,f,75-79,,0.00175,synthetic_seed
PA,2023,asian,hisp,f,80-84,,0.00147,synthetic_seed
PA,2023,asian,hisp,f,85+,,0.00124,synthetic_seed
PA,2023,other,non-hisp,m,0-4,,0.00115,synthetic_seed
PA,2023,other,non-hisp,m,5-9,,0.00099,synthetic_seed
PA,2023,other,non-hisp,m,10-14,,0.00119,synthetic_seed
PA,2023,other,non-hisp,m,15-19,,0.00248,synthetic_seed
PA,2023,other,non-hisp,m,20-24,,0.00678,synthetic_seed
PA,2023,other,non-hisp,m,25-29,,0.00544,synthetic_seed
PA,2023,other,non-hisp,m,30-34,,0.00545,synthetic_seed
PA,2023,other,non-hisp,m,35-39,,0.00684,synthetic_seed
PA,2023,other,non-hisp,m,40-44,,0.00432,synthetic_seed
PA,2023,other,non-hisp,m,45-49,,0.00267,synthetic_seed
PA,2023,other,non-hisp,m,50-54,,0.00316,synthetic_seed
PA,2023,other,non-hisp,m,55-59,,0.00101,synthetic_seed
PA,2023,other,non-hisp,m,60-64,,0.00114,synthetic_seed
PA,2023,other,non-hisp,m,65-69,,0.0012,synthetic_seed
PA,2023,other,non-hisp,m,70-74,,0.00127,synthetic_seed
PA,2023,other,non-hisp,m,75-79,,0.00092,synthetic_seed
PA,2023,other,non-hisp,m,80-84,,0.00126,synthetic_seed
PA,2023,other,non-hisp,m,85+,,0.00125,synthetic_seed
PA,2023,other,non-hisp,f,0-4,,0.00118,synthetic_seed
PA,2023,other,non-hisp,f,5-9,,0.00131,synthetic_seed
PA,2023,other,non-hisp,f,10-14,,0.00126,synthetic_seed
PA,2023,other,non-hisp,f,15-19,,0.00271,synthetic_seed
PA,2023,other,non-hisp,f,20-24,,0.00556,synthetic_seed
PA,2023,other,non-hisp,f,25-29,,0.00523,synthetic_seed
PA,2023,other,non-hisp,f,30-34,,0.00768,synthetic_seed
PA,2023,other,non-hisp,f,35-39,,0.00657,synthetic_seed
PA,2023,other,non-hisp,f,40-44,,0.00587,synthetic_seed
PA,2023,other,non-hisp,f,45-49,,0.0031,synthetic_seed
PA,2023,other,non-hisp,f,50-54,,0.00314,synthetic_seed
PA,2023,other,non-hisp,f,55-59,,0.0012,synthetic_seed
PA,2023,other,non-hisp,f,60-64,,0.00127,synthetic_seed
PA,2023,other,non-hisp,f,65-69,,0.00131,synthetic_seed
PA,2023,other,non-hisp,f,70-74,,0.00127,synthetic_seed
PA,2023,other,non-hisp,f,75-79,,0.00116,synthetic_seed
PA,2023,other,non-hisp,f,80-84,,0.00129,synthetic_seed
PA,2023,other,non-hisp,f,85+,,0.00148,synthetic_seed
PA,2023,other,hisp,m,0-4,,0.00119,synthetic_seed
PA,2023,other,hisp,m,5-9,,0.00122,synthetic_seed
PA,2023,other,hisp,m,10-14,,0.00135,synthetic_seed
PA,2023,other,hisp,m,15-19,,0.00208,synthetic_seed
PA,2023,other,hisp,m,20-24,,0.0063,synthetic_seed
PA,2023,other,hisp,m,25-29,,0.00675,synthetic_seed
PA,2023,other,hisp,m,30-34,,0.00653,synthetic_seed
PA,2023,other,hisp,m,35-39,,0.00556,synthetic_seed
PA,2023,other,hisp,m,40-44,,0.0055,synthetic_seed
PA,2023,other,hisp,m,45-49,,0.00299,synthetic_seed
PA,2023,other,hisp,m,50-54,,0.00286,synthetic_seed
PA,2023,other,hisp,m,55-59,,0.00099,synthetic_seed
PA,2023,other,hisp,m,60-64,,0.00098,synthetic_seed
PA,2023,other,hisp,m,65-69,,0.0015,synthetic_seed
PA,2023,other,hisp,m,70-74,,0.00134,synthetic_seed
PA,2023,other,hisp,m,75-79,,0.00148,synthetic_seed
PA,2023,other,hisp,m,80-84,,0.00113,synthetic_seed
PA,2023,other,hisp,m,85+,,0.0012,synthetic_seed
PA,2023,other,hisp,f,0-4,,0.00137,synthetic_seed
PA,2023,other,hisp,f,5-9,,0.00133,synthetic_seed
PA,2023,other,hisp,f,10-14,,0.00129,synthetic_seed
PA,2023,other,hisp,f,15-19,,0.00332,synthetic_seed
PA,2023,other,hisp,f,20-24,,0.00534,synthetic_seed
PA,2023,other,hisp,f,25-29,,0.00318,synthetic_seed
PA,2023,other,hisp,f,30-34,,0.00695,synthetic_seed
PA,2023,other,hisp,f,35-39,,0.00782,synthetic_seed
PA,2023,other,hisp,f,40-44,,0.00674,synthetic_seed
PA,2023,other,hisp,f,45-49,,0.00304,synthetic_seed
PA,2023,other,hisp,f,50-54,,0.0034,synthetic_seed
PA,2023,other,hisp,f,55-59,,0.00105,synthetic_seed
PA,2023,other,hisp,f,60-64,,0.00109,synthetic_seed
PA,2023,other,hisp,f,65-69,,0.00145,synthetic_seed
PA,2023,other,hisp,f,70-74,,0.00131,synthetic_seed
PA,2023,other,hisp,f,75-79,,0.00139,synthetic_seed
PA,2023,other,hisp,f,80-84,,0.0012,synthetic_seed
PA,2023,other,hisp,f,85+,,0.00125,synthetic_seed
RI,2023,white,non-hisp,m,0-4,,0.00131,synthetic_seed
RI,2023,white,non-hisp,m,5-9,,0.00126,synthetic_seed
RI,2023,white,non-hisp,m,10-14,,0.00132,synthetic_seed
RI,2023,white,non-hisp,m,15-19,,0.00292,synthetic_seed
RI,2023,white,non-hisp,m,20-24,,0.00638,synthetic_seed
RI,2023,white,non-hisp,m,25-29,,0.00558,synthetic_seed
RI,2023,white,non-hisp,m,30-34,,0.00534,synthetic_seed
RI,2023,white,non-hisp,m,35-39,,0.00572,synthetic_seed
RI,2023,white,non-hisp,m,40-44,,0.00657,synthetic_seed
RI,2023,white,non-hisp,m,45-49,,0.00324,synthetic_seed
RI,2023,white,non-hisp,m,50-54,,0.00295,synthetic_seed
RI,2023,white,non-hisp,m,55-59,,0.00094,synthetic_seed
RI,2023,white,non-hisp,m,60-64,,0.00129,synthetic_seed
RI,2023,white,non-hisp,m,65-69,,0.00138,synthetic_seed
RI,2023,white,non-hisp,m,70-74,,0.00093,synthetic_seed
RI,2023,white,non-hisp,m,75-79,,0.00103,synthetic_seed
RI,2023,white,non-hisp,m,80-84,,0.00122,synthetic_seed
RI,2023,white,non-hisp,m,85+,,0.00127,synthetic_seed
RI,2023,white,non-hisp,f,0-4,,0.00142,synthetic_seed
RI,2023,white,non-hisp,f,5-9,,0.00104,synthetic_seed
RI,2023,white,non-hisp,f,10-14,,0.00112,synthetic_seed
RI,2023,white,non-hisp,f,15-19,,0.00317,synthetic_seed
RI,2023,white,non-hisp,f,20-24,,0.00641,synthetic_seed
RI,2023,white,non-hisp,f,25-29,,0.00555,synthetic_seed
RI,2023,white,non-hisp,f,30-34,,0.00562,synthetic_seed
RI,2023,white,non-hisp,f,35-39,,0.00523,synthetic_seed
RI,2023,white,non-hisp,f,40-44,,0.00558,synthetic_seed
RI,2023,white,non-hisp,f,45-49,,0.00364,synthetic_seed
RI,2023,white,non-hisp,f,50-54,,0.00325,synthetic_seed
RI,2023,white,non-hisp,f,55-59,,0.00091,synthetic_seed
RI,2023,white,non-hisp,f,60-64,,0.00119,synthetic_seed
RI,2023,white,non-hisp,f,65-69,,0.0012,synthetic_seed
RI,2023,white,non-hisp,f,70-74,,0.00107,synthetic_seed
RI,2023,white,non-hisp,f,75-79,,0.00134,synthetic_seed
RI,2023,white,non-hisp,f,80-84,,0.00091,synthetic_seed
RI,2023,white,non-hisp,f,85+,,0.00113,synthetic_seed
RI,2023,white,hisp,m,0-4,,0.00125,synthetic_seed
RI,2023,white,hisp,m,5-9,,0.00156,synthetic_seed
RI,2023,white,hisp,m,10-14,,0.0014,synthetic_seed
RI,2023,white,hisp,m,15-19,,0.00263,synthetic_seed
RI,2023,white,hisp,m,20-24,,0.00597,synthetic_seed
RI,2023,white,hisp,m,25-29,,0.00705,synthetic_seed
RI,2023,white,hisp,m,30-34,,0.00497,synthetic_seed
RI,2023,white,hisp,m,35-39,,0.0057,synthetic_seed
RI,2023,white,hisp,m,40-44,,0.00611,synthetic_seed
RI,2023,white,hisp,m,45-49,,0.00309,synthetic_seed
RI,2023,white,hisp,m,50-54,,0.00349,synthetic_seed
RI,2023,white,hisp,m,55-59,,0.00143,synthetic_seed
RI,2023,white,hisp,m,60-64,,0.00142,synthetic_seed
RI,2023,white,hisp,m,65-69,,0.0013,synthetic_seed
RI,2023,white,hisp,m,70-74,,0.00081,synthetic_seed
RI,2023,white,hisp,m,75-79,,0.0011,synthetic_seed
RI,2023,white,hisp,m,80-84,,0.00117,synthetic_seed
RI,2023,white,hisp,m,85+,,0.00095,synthetic_seed
RI,2023,white,hisp,f,0-4,,0.00083,synthetic_seed
RI,2023,white,hisp,f,5-9,,0.00147,synthetic_seed
RI,2023,white,hisp,f,10-14,,0.00132,synthetic_seed
RI,2023,white,hisp,f,15-19,,0.00358,synthetic_seed
RI,2023,white,hisp,f,20-24,,0.00559,synthetic_seed
RI,2023,white,hisp,f,25-29,,0.00586,synthetic_seed
RI,2023,white,hisp,f,30-34,,0.00591,synthetic_seed
RI,2023,white,hisp,f,35-39,,0.00615,synthetic_seed
RI,2023,white,hisp,f,40-44,,0.00778,synthetic_seed
RI,2023,white,hisp,f,45-49,,0.00218,synthetic_seed
RI,2023,white,hisp,f,50-54,,0.00207,synthetic_seed
RI,2023,white,hisp,f,55-59,,0.00101,synthetic_seed
RI,2023,white,hisp,f,60-64,,0.00105,synthetic_seed
RI,2023,white,hisp,f,65-69,,0.00107,synthetic_seed
RI,2023,white,hisp,f,70-74,,0.00133,synthetic_seed
RI,2023,white,hisp,f,75-79,,0.00121,synthetic_seed
RI,2023,white,hisp,f,80-84,,0.00124,synthetic_seed
RI,2023,white,hisp,f,85+,,0.00083,synthetic_seed
RI,2023,black,non-hisp,m,0-4,,0.00113,synthetic_seed
RI,2023,black,non-hisp,m,5-9,,0.00093,synthetic_seed
RI,2023,black,non-hisp,m,10-14,,0.0009,synthetic_seed
RI,2023,black,non-hisp,m,15-19,,0.00378,synthetic_seed
RI,2023,black,non-hisp,m,20-24,,0.00594,synthetic_seed
RI,2023,black,non-hisp,m,25-29,,0.00662,synthetic_seed
RI,2023,black,non-hisp,m,30-34,,0.00709,synthetic_seed
RI,2023,black,non-hisp,m,35-39,,0.00511,synthetic_seed
RI,2023,black,non-hisp,m,40-44,,0.00585,synthetic_seed
RI,2023,black,non-hisp,m,45-49,,0.00294,synthetic_seed
RI,2023,black,non-hisp,m,50-54,,0.00186,synthetic_seed
RI,2023,black,non-hisp,m,55-59,,0.00111,synthetic_seed
RI,2023,black,non-hisp,m,60-64,,0.0015,synthetic_seed
RI,2023,black,non-hisp,m,65-69,,0.00116,synthetic_seed
RI,2023,black,non-hisp,m,70-74,,0.00132,synthetic_seed
RI,2023,black,non-hisp,m,75-79,,0.00071,synthetic_seed
RI,2023,black,non-hisp,m,80-84,,0.00145,synthetic_seed
RI,2023,black,non-hisp,m,85+,,0.00109,synthetic_seed
RI,2023,black,non-hisp,f,0-4,,0.00121,synthetic_seed
RI,2023,black,non-hisp,f,5-9,,0.001,synthetic_seed
RI,2023,black,non-hisp,f,10-14,,0.00082,synthetic_seed
RI,2023,black,non-hisp,f,15-19,,0.00315,synthetic_seed
RI,2023,black,non-hisp,f,20-24,,0.00652,synthetic_seed
RI,2023,black,non-hisp,f,25-29,,0.00797,synthetic_seed
RI,2023,black,non-hisp,f,30-34,,0.00653,synthetic_seed
RI,2023,black,non-hisp,f,35-39,,0.00682,synthetic_seed
RI,2023,black,non-hisp,f,40-44,,0.00492,synthetic_seed
RI,2023,black,non-hisp,f,45-49,,0.00288,synthetic_seed
RI,2023,black,non-hisp,f,50-54,,0.0035,synthetic_seed
RI,2023,black,non-hisp,f,55-59,,0.00102,synthetic_seed
RI,2023,black,non-hisp,f,60-64,,0.00109,synthetic_seed
RI,2023,black,non-hisp,f,65-69,,0.00128,synthetic_seed
RI,2023,black,non-hisp,f,70-74,,0.00096,synthetic_seed
RI,2023,black,non-hisp,f,75-79,,0.00117,synthetic_seed
RI,2023,black,non-hisp,f,80-84,,0.00123,synthetic_seed
RI,2023,black,non-hisp,f,85+,,0.00118,synthetic_seed
RI,2023,black,hisp,m,0-4,,0.00127,synthetic_seed
RI,2023,black,hisp,m,5-9,,0.00104,synthetic_seed
RI,2023,black,hisp,m,10-14,,0.00116,synthetic_seed
RI,2023,black,hisp,m,15-19,,0.00386,synthetic_seed
RI,2023,black,hisp,m,20-24,,0.00475,synthetic_seed
RI,2023,black,hisp,m,25-29,,0.00739,synthetic_seed
RI,2023,black,hisp,m,30-34,,0.00523,synthetic_seed
RI,2023,black,hisp,m,35-39,,0.00565,synthetic_seed
RI,2023,black,hisp,m,40-44,,0.0048,synthetic_seed
RI,2023,black,hisp,m,45-49,,0.00338,synthetic_seed
RI,2023,black,hisp,m,50-54,,0.00341,synthetic_seed
RI,2023,black,hisp,m,55-59,,0.00115,synthetic_seed
RI,2023,black,hisp,m,60-64,,0.00123,synthetic_seed
RI,2023,black,hisp,m,65-69,,0.00112,synthetic_seed
RI,2023,black,hisp,m,70-74,,0.00114,synthetic_seed
RI,2023,black,hisp,m,75-79,,0.00117,synthetic_seed
RI,2023,black,hisp,m,80-84,,0.00132,synthetic_seed
RI,2023,black,hisp,m,85+,,0.00109,synthetic_seed
RI,2023,black,hisp,f,0-4,,0.00094,synthetic_seed
RI,2023,black,hisp,f,5-9,,0.0016,synthetic_seed
RI,2023,black,hisp,f,10-14,,0.00128,synthetic_seed
RI,2023,black,hisp,f,15-19,,0.00273,synthetic_seed
RI,2023,black,hisp,f,20-24,,0.00609,synthetic_seed
RI,2023,black,hisp,f,25-29,,0.00592,synthetic_seed
RI,2023,black,hisp,f,30-34,,0.00711,synthetic_seed
RI,2023,black,hisp,f,35-39,,0.00699,synthetic_seed
RI,2023,black,hisp,f,40-44,,0.0049,synthetic_seed
RI,2023,black,hisp,f,45-49,,0.00281,synthetic_seed
RI,2023,black,hisp,f,50-54,,0.00286,synthetic_seed
RI,2023,black,hisp,f,55-59,,0.00083,synthetic_seed
RI,2023,black,hisp,f,60-64,,0.00127,synthetic_seed
RI,2023,black,hisp,f,65-69,,0.00124,synthetic_seed
RI,2023,black,hisp,f,70-74,,0.0011,synthetic_seed
RI,2023,black,hisp,f,75-79,,0.00103,synthetic_seed
RI,2023,black,hisp,f,80-84,,0.00095,synthetic_seed
RI,2023,black,hisp,f,85+,,0.00107,synthetic_seed
RI,2023,asian,non-hisp,m,0-4,,0.00132,synthetic_seed
RI,2023,asian,non-hisp,m,5-9,,0.00141,synthetic_seed
RI,2023,asian,non-hisp,m,10-14,,0.00147,synthetic_seed
RI,2023,asian,non-hisp,m,15-19,,0.0022,synthetic_seed
RI,2023,asian,non-hisp,m,20-24,,0.00504,synthetic_seed
RI,2023,asian,non-hisp,m,25-29,,0.00444,synthetic_seed
RI,2023,asian,non-hisp,m,30-34,,0.00557,synthetic_seed
RI,2023,asian,non-hisp,m,35-39,,0.00644,synthetic_seed
RI,2023,asian,non-hisp,m,40-44,,0.00512,synthetic_seed
RI,2023,asian,non-hisp,m,45-49,,0.00234,synthetic_seed
RI,2023,asian,non-hisp,m,50-54,,0.00295,synthetic_seed
RI,2023,asian,non-hisp,m,55-59,,0.00129,synthetic_seed
RI,2023,asian,non-hisp,m,60-64,,0.00089,synthetic_seed
RI,2023,asian,non-hisp,m,65-69,,0.001,synthetic_seed
RI,2023,asian,non-hisp,m,70-74,,0.00115,synthetic_seed
RI,2023,asian,non-hisp,m,75-79,,0.0013,synthetic_seed
RI,2023,asian,non-hisp,m,80-84,,0.00103,synthetic_seed
RI,2023,asian,non-hisp,m,85+,,0.00121,synthetic_seed
RI,2023,asian,non-hisp,f,0-4,,0.00122,synthetic_seed
RI,2023,asian,non-hisp,f,5-9,,0.00103,synthetic_seed
RI,2023,asian,non-hisp,f,10-14,,0.00111,synthetic_seed
RI,2023,asian,non-hisp,f,15-19,,0.00344,synthetic_seed
RI,2023,asian,non-hisp,f,20-24,,0.00416,synthetic_seed
RI,2023,asian,non-hisp,f,25-29,,0.00505,synthetic_seed
RI,2023,asian,non-hisp,f,30-34,,0.00583,synthetic_seed
RI,2023,asian,non-hisp,f,35-39,,0.00601,synthetic_seed
RI,2023,asian,non-hisp,f,40-44,,0.0074,synthetic_seed
RI,2023,asian,non-hisp,f,45-49,,0.00244,synthetic_seed
RI,2023,asian,non-hisp,f,50-54,,0.00322,synthetic_seed
RI,2023,asian,non-hisp,f,55-59,,0.00102,synthetic_seed
RI,2023,asian,non-hisp,f,60-64,,0.0012,synthetic_seed
RI,2023,asian,non-hisp,f,65-69,,0.00124,synthetic_seed
RI,2023,asian,non-hisp,f,70-74,,0.00124,synthetic_seed
RI,2023,asian,non-hisp,f,75-79,,0.00113,synthetic_seed
RI,2023,asian,non-hisp,f,80-84,,0.00123,synthetic_seed
RI,2023,asian,non-hisp,f,85+,,0.00119,synthetic_seed
RI,2023,asian,hisp,m,0-4,,0.00138,synthetic_seed
RI,2023,asian,hisp,m,5-9,,0.00112,synthetic_seed
RI,2023,asian,hisp,m,10-14,,0.00123,synthetic_seed
RI,2023,asian,hisp,m,15-19,,0.00304,synthetic_seed
RI,2023,asian,hisp,m,20-24,,0.00454,synthetic_seed
RI,2023,asian,hisp,m,25-29,,0.00564,synthetic_seed
RI,2023,asian,hisp,m,30-34,,0.00662,synthetic_seed
RI,2023,asian,hisp,m,35-39,,0.00604,synthetic_seed
RI,2023,asian,hisp,m,40-44,,0.00627,synthetic_seed
RI,2023,asian,hisp,m,45-49,,0.00304,synthetic_seed
RI,2023,asian,hisp,m,50-54,,0.00325,synthetic_seed
RI,2023,asian,hisp,m,55-59,,0.0009,synthetic_seed
RI,2023,asian,hisp,m,60-64,,0.00092,synthetic_seed
RI,2023,asian,hisp,m,65-69,,0.00128,synthetic_seed
RI,2023,asian,hisp,m,70-74,,0.00145,synthetic_seed
RI,2023,asian,hisp,m,75-79,,0.00105,synthetic_seed
RI,2023,asian,hisp,m,80-84,,0.00112,synthetic_seed
RI,2023,asian,hisp,m,85+,,0.00141,synthetic_seed
RI,2023,asian,hisp,f,0-4,,0.00103,synthetic_seed
RI,2023,asian,hisp,f,5-9,,0.00102,synthetic_seed
RI,2023,asian,hisp,f,10-14,,0.00108,synthetic_seed
RI,2023,asian,hisp,f,15-19,,0.00282,synthetic_seed
RI,2023,asian,hisp,f,20-24,,0.00388,synthetic_seed
RI,2023,asian,hisp,f,25-29,,0.00595,synthetic_seed
RI,2023,asian,hisp,f,30-34,,0.00589,synthetic_seed
RI,2023,asian,hisp,f,35-39,,0.00685,synthetic_seed
RI,2023,asian,hisp,f,40-44,,0.00455,synthetic_seed
RI,2023,asian,hisp,f,45-49,,0.00356,synthetic_seed
RI,2023,asian,hisp,f,50-54,,0.00333,synthetic_seed
RI,2023,asian,hisp,f,55-59,,0.00134,synthetic_seed
RI,2023,asian,hisp,f,60-64,,0.00126,synthetic_seed
RI,2023,asian,hisp,f,65-69,,0.0013,synthetic_seed
RI,2023,asian,hisp,f,70-74,,0.0012,synthetic_seed
RI,2023,asian,hisp,f,75-79,,0.00138,synthetic_seed
RI,2023,asian,hisp,f,80-84,,0.00109,synthetic_seed
RI,2023,asian,hisp,f,85+,,0.00138,synthetic_seed
RI,2023,other,non-hisp,m,0-4,,0.0014,synthetic_seed
RI,2023,other,non-hisp,m,5-9,,0.00095,synthetic_seed
RI,2023,other,non-hisp,m,10-14,,0.0013,synthetic_seed
RI,2023,other,non-hisp,m,15-19,,0.00306,synthetic_seed
RI,2023,other,non-hisp,m,20-24,,0.00665,synthetic_seed
RI,2023,other,non-hisp,m,25-29,,0.0063,synthetic_seed
RI,2023,other,non-hisp,m,30-34,,0.00855,synthetic_seed
RI,2023,other,non-hisp,m,35-39,,0.00628,synthetic_seed
RI,2023,other,non-hisp,m,40-44,,0.00482,synthetic_seed
RI,2023,other,non-hisp,m,45-49,,0.00229,synthetic_seed
RI,2023,other,non-hisp,m,50-54,,0.00267,synthetic_seed
RI,2023,other,non-hisp,m,55-59,,0.00137,synthetic_seed
RI,2023,other,non-hisp,m,60-64,,0.00132,synthetic_seed
RI,2023,other,non-hisp,m,65-69,,0.00111,synthetic_seed
RI,2023,other,non-hisp,m,70-74,,0.00103,synthetic_seed
RI,2023,other,non-hisp,m,75-79,,0.00124,synthetic_seed
RI,2023,other,non-hisp,m,80-84,,0.00143,synthetic_seed
RI,2023,other,non-hisp,m,85+,,0.00122,synthetic_seed
RI,2023,other,non-hisp,f,0-4,,0.00122,synthetic_seed
RI,2023,other,non-hisp,f,5-9,,0.0013,synthetic_seed
RI,2023,other,non-hisp,f,10-14,,0.00113,synthetic_seed
RI,2023,other,non-hisp,f,15-19,,0.00311,synthetic_seed
RI,2023,other,non-hisp,f,20-24,,0.00613,synthetic_seed
RI,2023,other,non-hisp,f,25-29,,0.00533,synthetic_seed
RI,2023,other,non-hisp,f,30-34,,0.00551,synthetic_seed
RI,2023,other,non-hisp,f,35-39,,0.00455,synthetic_seed
RI,2023,other,non-hisp,f,40-44,,0.00686,synthetic_seed
RI,2023,other,non-hisp,f,45-49,,0.00292,synthetic_seed
RI,2023,other,non-hisp,f,50-54,,0.00265,synthetic_seed
RI,2023,other,non-hisp,f,55-59,,0.00123,synthetic_seed
RI,2023,other,non-hisp,f,60-64,,0.00129,synthetic_seed
RI,2023,other,non-hisp,f,65-69,,0.00102,synthetic_seed
RI,2023,other,non-hisp,f,70-74,,0.00132,synthetic_seed
RI,2023,other,non-hisp,f,75-79,,0.00134,synthetic_seed
RI,2023,other,non-hisp,f,80-84,,0.0008,synthetic_seed
RI,2023,other,non-hisp,f,85+,,0.00101,synthetic_seed
RI,2023,other,hisp,m,0-4,,0.00121,synthetic_seed
RI,2023,other,hisp,m,5-9,,0.00093,synthetic_seed
RI,2023,other,hisp,m,10-14,,0.0009,synthetic_seed
RI,2023,other,hisp,m,15-19,,0.00314,synthetic_seed
RI,2023,other,hisp,m,20-24,,0.00616,synthetic_seed
RI,2023,other,hisp,m,25-29,,0.00657,synthetic_seed
RI,2023,other,hisp,m,30-34,,0.00521,synthetic_seed
RI,2023,other,hisp,m,35-39,,0.00621,synthetic_seed
RI,2023,other,hisp,m,40-44,,0.00637,synthetic_seed
RI,2023,other,hisp,m,45-49,,0.00283,synthetic_seed
RI,2023,other,hisp,m,50-54,,0.00324,synthetic_seed
RI,2023,other,hisp,m,55-59,,0.00106,synthetic_seed
RI,2023,other,hisp,m,60-64,,0.00111,synthetic_seed
RI,2023,other,hisp,m,65-69,,0.00114,synthetic_seed
RI,2023,other,hisp,m,70-74,,0.0013,synthetic_seed
RI,2023,other,hisp,m,75-79,,0.00106,synthetic_seed
RI,2023,other,hisp,m,80-84,,0.00119,synthetic_seed
RI,2023,other,hisp,m,85+,,0.00111,synthetic_seed
RI,2023,other,hisp,f,0-4,,0.001,synthetic_seed
RI,2023,other,hisp,f,5-9,,0.00125,synthetic_seed
RI,2023,other,hisp,f,10-14,,0.00109,synthetic_seed
RI,2023,other,hisp,f,15-19,,0.00308,synthetic_seed
RI,2023,other,hisp,f,20-24,,0.00698,synthetic_seed
RI,2023,other,hisp,f,25-29,,0.00543,synthetic_seed
RI,2023,other,hisp,f,30-34,,0.00584,synthetic_seed
RI,2023,other,hisp,f,35-39,,0.00497,synthetic_seed
RI,2023,other,hisp,f,40-44,,0.00536,synthetic_seed
RI,2023,other,hisp,f,45-49,,0.00257,synthetic_seed
RI,2023,other,hisp,f,50-54,,0.00301,synthetic_seed
RI,2023,other,hisp,f,55-59,,0.00128,synthetic_seed
RI,2023,other,hisp,f,60-64,,0.00124,synthetic_seed
RI,2023,other,hisp,f,65-69,,0.00144,synthetic_seed
RI,2023,other,hisp,f,70-74,,0.0013,synthetic_seed
RI,2023,other,hisp,f,75-79,,0.00131,synthetic_seed
RI,2023,other,hisp,f,80-84,,0.00179,synthetic_seed
RI,2023,other,hisp,f,85+,,0.00146,synthetic_seed
SC,2023,white,non-hisp,m,0-4,,0.00495,synthetic_seed
SC,2023,white,non-hisp,m,5-9,,0.00416,synthetic_seed
SC,2023,white,non-hisp,m,10-14,,0.00334,synthetic_seed
SC,2023,white,non-hisp,m,15-19,,0.00972,synthetic_seed
SC,2023,white,non-hisp,m,20-24,,0.01845,synthetic_seed
SC,2023,white,non-hisp,m,25-29,,0.02263,synthetic_seed
SC,2023,white,non-hisp,m,30-34,,0.01659,synthetic_seed
SC,2023,white,non-hisp,m,35-39,,0.01514,synthetic_seed
SC,2023,white,non-hisp,m,40-44,,0.0189,synthetic_seed
SC,2023,white,non-hisp,m,45-49,,0.01219,synthetic_seed
SC,2023,white,non-hisp,m,50-54,,0.01071,synthetic_seed
SC,2023,white,non-hisp,m,55-59,,0.00395,synthetic_seed
SC,2023,white,non-hisp,m,60-64,,0.00431,synthetic_seed
SC,2023,white,non-hisp,m,65-69,,0.00409,synthetic_seed
SC,2023,white,non-hisp,m,70-74,,0.00293,synthetic_seed
SC,2023,white,non-hisp,m,75-79,,0.00352,synthetic_seed
SC,2023,white,non-hisp,m,80-84,,0.00466,synthetic_seed
SC,2023,white,non-hisp,m,85+,,0.00417,synthetic_seed
SC,2023,white,non-hisp,f,0-4,,0.00376,synthetic_seed
SC,2023,white,non-hisp,f,5-9,,0.0041,synthetic_seed
SC,2023,white,non-hisp,f,10-14,,0.0043,synthetic_seed
SC,2023,white,non-hisp,f,15-19,,0.00946,synthetic_seed
SC,2023,white,non-hisp,f,20-24,,0.02506,synthetic_seed
SC,2023,white,non-hisp,f,25-29,,0.02326,synthetic_seed
SC,2023,white,non-hisp,f,30-34,,0.02254,synthetic_seed
SC,2023,white,non-hisp,f,35-39,,0.02025,synthetic_seed
SC,2023,white,non-hisp,f,40-44,,0.02032,synthetic_seed
SC,2023,white,non-hisp,f,45-49,,0.00989,synthetic_seed
SC,2023,white,non-hisp,f,50-54,,0.00904,synthetic_seed
SC,2023,white,non-hisp,f,55-59,,0.00381,synthetic_seed
SC,2023,white,non-hisp,f,60-64,,0.00389,synthetic_seed
SC,2023,white,non-hisp,f,65-69,,0.00415,synthetic_seed
SC,2023,white,non-hisp,f,70-74,,0.00449,synthetic_seed
SC,2023,white,non-hisp,f,75-79,,0.00417,synthetic_seed
SC,2023,white,non-hisp,f,80-84,,0.00399,synthetic_seed
SC,2023,white,non-hisp,f,85+,,0.00373,synthetic_seed
SC,2023,white,hisp,m,0-4,,0.00399,synthetic_seed
SC,2023,white,hisp,m,5-9,,0.00346,synthetic_seed
SC,2023,white,hisp,m,10-14,,0.00382,synthetic_seed
SC,2023,white,hisp,m,15-19,,0.00878,synthetic_seed
SC,2023,white,hisp,m,20-24,,0.01891,synthetic_seed
SC,2023,white,hisp,m,25-29,,0.02118,synthetic_seed
SC,2023,white,hisp,m,30-34,,0.02154,synthetic_seed
SC,2023,white,hisp,m,35-39,,0.02767,synthetic_seed
SC,2023,white,hisp,m,40-44,,0.01909,synthetic_seed
SC,2023,white,hisp,m,45-49,,0.00965,synthetic_seed
SC,2023,white,hisp,m,50-54,,0.01023,synthetic_seed
SC,2023,white,hisp,m,55-59,,0.00357,synthetic_seed
SC,2023,white,hisp,m,60-64,,0.00511,synthetic_seed
SC,2023,white,hisp,m,65-69,,0.0023,synthetic_seed
SC,2023,white,hisp,m,70-74,,0.0049,synthetic_seed
SC,2023,white,hisp,m,75-79,,0.00495,synthetic_seed
SC,2023,white,hisp,m,80-84,,0.00451,synthetic_seed
SC,2023,white,hisp,m,85+,,0.00402,synthetic_seed
SC,2023,white,hisp,f,0-4,,0.00392,synthetic_seed
SC,2023,white,hisp,f,5-9,,0.00447,synthetic_seed
SC,2023,white,hisp,f,10-14,,0.00242,synthetic_seed
SC,2023,white,hisp,f,15-19,,0.01023,synthetic_seed
SC,2023,white,hisp,f,20-24,,0.02232,synthetic_seed
SC,2023,white,hisp,f,25-29,,0.02489,synthetic_seed
SC,2023,white,hisp,f,30-34,,0.02017,synthetic_seed
SC,2023,white,hisp,f,35-39,,0.01791,synthetic_seed
SC,2023,white,hisp,f,40-44,,0.01821,synthetic_seed
SC,2023,white,hisp,f,45-49,,0.00908,synthetic_seed
SC,2023,white,hisp,f,50-54,,0.01165,synthetic_seed
SC,2023,white,hisp,f,55-59,,0.0037,synthetic_seed
SC,2023,white,hisp,f,60-64,,0.00491,synthetic_seed
SC,2023,white,hisp,f,65-69,,0.00349,synthetic_seed
SC,2023,white,hisp,f,70-74,,0.0038,synthetic_seed
SC,2023,white,hisp,f,75-79,,0.00347,synthetic_seed
SC,2023,white,hisp,f,80-84,,0.00456,synthetic_seed
SC,2023,white,hisp,f,85+,,0.00327,synthetic_seed
SC,2023,black,non-hisp,m,0-4,,0.00467,synthetic_seed
SC,2023,black,non-hisp,m,5-9,,0.00459,synthetic_seed
SC,2023,black,non-hisp,m,10-14,,0.00316,synthetic_seed
SC,2023,black,non-hisp,m,15-19,,0.0107,synthetic_seed
SC,2023,black,non-hisp,m,20-24,,0.02162,synthetic_seed
SC,2023,black,non-hisp,m,25-29,,0.01463,synthetic_seed
SC,2023,black,non-hisp,m,30-34,,0.0237,synthetic_seed
SC,2023,black,non-hisp,m,35-39,,0.01894,synthetic_seed
SC,2023,black,non-hisp,m,40-44,,0.02239,synthetic_seed
SC,2023,black,non-hisp,m,45-49,,0.01025,synthetic_seed
SC,2023,black,non-hisp,m,50-54,,0.01218,synthetic_seed
SC,2023,black,non-hisp,m,55-59,,0.0042,synthetic_seed
SC,2023,black,non-hisp,m,60-64,,0.00467,synthetic_seed
SC,2023,black,non-hisp,m,65-69,,0.00317,synthetic_seed
SC,2023,black,non-hisp,m,70-74,,0.00442,synthetic_seed
SC,2023,black,non-hisp,m,75-79,,0.00365,synthetic_seed
SC,2023,black,non-hisp,m,80-84,,0.00329,synthetic_seed
SC,2023,black,non-hisp,m,85+,,0.00488,synthetic_seed
SC,2023,black,non-hisp,f,0-4,,0.0047,synthetic_seed
SC,2023,black,non-hisp,f,5-9,,0.00505,synthetic_seed
SC,2023,black,non-hisp,f,10-14,,0.00484,synthetic_seed
SC,2023,black,non-hisp,f,15-19,,0.01147,synthetic_seed
SC,2023,black,non-hisp,f,20-24,,0.0194,synthetic_seed
SC,2023,black,non-hisp,f,25-29,,0.01925,synthetic_seed
SC,2023,black,non-hisp,f,30-34,,0.0191,synthetic_seed
SC,2023,black,non-hisp,f,35-39,,0.02283,synthetic_seed
SC,2023,black,non-hisp,f,40-44,,0.01565,synthetic_seed
SC,2023,black,non-hisp,f,45-49,,0.01048,synthetic_seed
SC,2023,black,non-hisp,f,50-54,,0.01206,synthetic_seed
SC,2023,black,non-hisp,f,55-59,,0.00349,synthetic_seed
SC,2023,black,non-hisp,f,60-64,,0.00341,synthetic_seed
SC,2023,black,non-hisp,f,65-69,,0.00462,synthetic_seed
SC,2023,black,non-hisp,f,70-74,,0.00386,synthetic_seed
SC,2023,black,non-hisp,f,75-79,,0.00364,synthetic_seed
SC,2023,black,non-hisp,f,80-84,,0.00516,synthetic_seed
SC,2023,black,non-hisp,f,85+,,0.00356,synthetic_seed
SC,2023,black,hisp,m,0-4,,0.0049,synthetic_seed
SC,2023,black,hisp,m,5-9,,0.00489,synthetic_seed
SC,2023,black,hisp,m,10-14,,0.0041,synthetic_seed
SC,2023,black,hisp,m,15-19,,0.01037,synthetic_seed
SC,2023,black,hisp,m,20-24,,0.02406,synthetic_seed
SC,2023,black,hisp,m,25-29,,0.02464,synthetic_seed
SC,2023,black,hisp,m,30-34,,0.01728,synthetic_seed
SC,2023,black,hisp,m,35-39,,0.01556,synthetic_seed
SC,2023,black,hisp,m,40-44,,0.02389,synthetic_seed
SC,2023,black,hisp,m,45-49,,0.00812,synthetic_seed
SC,2023,black,hisp,m,50-54,,0.00935,synthetic_seed
SC,2023,black,hisp,m,55-59,,0.00342,synthetic_seed
SC,2023,black,hisp,m,60-64,,0.0051,synthetic_seed
SC,2023,black,hisp,m,65-69,,0.0032,synthetic_seed
SC,2023,black,hisp,m,70-74,,0.0038,synthetic_seed
SC,2023,black,hisp,m,75-79,,0.0042,synthetic_seed
SC,2023,black,hisp,m,80-84,,0.0035,synthetic_seed
SC,2023,black,hisp,m,85+,,0.00385,synthetic_seed
SC,2023,black,hisp,f,0-4,,0.00381,synthetic_seed
SC,2023,black,hisp,f,5-9,,0.00359,synthetic_seed
SC,2023,black,hisp,f,10-14,,0.00429,synthetic_seed
SC,2023,black,hisp,f,15-19,,0.00865,synthetic_seed
SC,2023,black,hisp,f,20-24,,0.01913,synthetic_seed
SC,2023,black,hisp,f,25-29,,0.02441,synthetic_seed
SC,2023,black,hisp,f,30-34,,0.01884,synthetic_seed
SC,2023,black,hisp,f,35-39,,0.0185,synthetic_seed
SC,2023,black,hisp,f,40-44,,0.02205,synthetic_seed
SC,2023,black,hisp,f,45-49,,0.01087,synthetic_seed
SC,2023,black,hisp,f,50-54,,0.01048,synthetic_seed
SC,2023,black,hisp,f,55-59,,0.00357,synthetic_seed
SC,2023,black,hisp,f,60-64,,0.00424,synthetic_seed
SC,2023,black,hisp,f,65-69,,0.00272,synthetic_seed
SC,2023,black,hisp,f,70-74,,0.00491,synthetic_seed
SC,2023,black,hisp,f,75-79,,0.0045,synthetic_seed
SC,2023,black,hisp,f,80-84,,0.00434,synthetic_seed
SC,2023,black,hisp,f,85+,,0.00387,synthetic_seed
SC,2023,asian,non-hisp,m,0-4,,0.00421,synthetic_seed
SC,2023,asian,non-hisp,m,5-9,,0.00348,synthetic_seed
SC,2023,asian,non-hisp,m,10-14,,0.00388,synthetic_seed
SC,2023,asian,non-hisp,m,15-19,,0.00945,synthetic_seed
SC,2023,asian,non-hisp,m,20-24,,0.01909,synthetic_seed
SC,2023,asian,non-hisp,m,25-29,,0.01914,synthetic_seed
SC,2023,asian,non-hisp,m,30-34,,0.02146,synthetic_seed
SC,2023,asian,non-hisp,m,35-39,,0.02104,synthetic_seed
SC,2023,asian,non-hisp,m,40-44,,0.01941,synthetic_seed
SC,2023,asian,non-hisp,m,45-49,,0.01199,synthetic_seed
SC,2023,asian,non-hisp,m,50-54,,0.0125,synthetic_seed
SC,2023,asian,non-hisp,m,55-59,,0.00333,synthetic_seed
SC,2023,asian,non-hisp,m,60-64,,0.00468,synthetic_seed
SC,2023,asian,non-hisp,m,65-69,,0.00294,synthetic_seed
SC,2023,asian,non-hisp,m,70-74,,0.00359,synthetic_seed
SC,2023,asian,non-hisp,m,75-79,,0.00376,synthetic_seed
SC,2023,asian,non-hisp,m,80-84,,0.00428,synthetic_seed
SC,2023,asian,non-hisp,m,85+,,0.00365,synthetic_seed
SC,2023,asian,non-hisp,f,0-4,,0.00476,synthetic_seed
SC,2023,asian,non-hisp,f,5-9,,0.00338,synthetic_seed
SC,2023,asian,non-hisp,f,10-14,,0.00438,synthetic_seed
SC,2023,asian,non-hisp,f,15-19,,0.01152,synthetic_seed
SC,2023,asian,non-hisp,f,20-24,,0.02089,synthetic_seed
SC,2023,asian,non-hisp,f,25-29,,0.02236,synthetic_seed
SC,2023,asian,non-hisp,f,30-34,,0.02317,synthetic_seed
SC,2023,asian,non-hisp,f,35-39,,0.01658,synthetic_seed
SC,2023,asian,non-hisp,f,40-44,,0.02038,synthetic_seed
SC,2023,asian,non-hisp,f,45-49,,0.00828,synthetic_seed
SC,2023,asian,non-hisp,f,50-54,,0.01177,synthetic_seed
SC,2023,asian,non-hisp,f,55-59,,0.0038,synthetic_seed
SC,2023,asian,non-hisp,f,60-64,,0.00466,synthetic_seed
SC,2023,asian,non-hisp,f,65-69,,0.00424,synthetic_seed
SC,2023,asian,non-hisp,f,70-74,,0.00282,synthetic_seed
SC,2023,asian,non-hisp,f,75-79,,0.0037,synthetic_seed
SC,2023,asian,non-hisp,f,80-84,,0.00403,synthetic_seed
SC,2023,asian,non-hisp,f,85+,,0.0035,synthetic_seed
SC,2023,asian,hisp,m,0-4,,0.00367,synthetic_seed
SC,2023,asian,hisp,m,5-9,,0.00418,synthetic_seed
SC,2023,asian,hisp,m,10-14,,0.00442,synthetic_seed
SC,2023,asian,hisp,m,15-19,,0.01151,synthetic_seed
SC,2023,asian,hisp,m,20-24,,0.01946,synthetic_seed
SC,2023,asian,hisp,m,25-29,,0.01539,synthetic_seed
SC,2023,asian,hisp,m,30-34,,0.01675,synthetic_seed
SC,2023,asian,hisp,m,35-39,,0.02104,synthetic_seed
SC,2023,asian,hisp,m,40-44,,0.01942,synthetic_seed
SC,2023,asian,hisp,m,45-49,,0.00976,synthetic_seed
SC,2023,asian,hisp,m,50-54,,0.01082,synthetic_seed
SC,2023,asian,hisp,m,55-59,,0.00395,synthetic_seed
SC,2023,asian,hisp,m,60-64,,0.00372,synthetic_seed
SC,2023,asian,hisp,m,65-69,,0.00395,synthetic_seed
SC,2023,asian,hisp,m,70-74,,0.00443,synthetic_seed
SC,2023,asian,hisp,m,75-79,,0.00408,synthetic_seed
SC,2023,asian,hisp,m,80-84,,0.00377,synthetic_seed
SC,2023,asian,hisp,m,85+,,0.00384,synthetic_seed
SC,2023,asian,hisp,f,0-4,,0.00343,synthetic_seed
SC,2023,asian,hisp,f,5-9,,0.00465,synthetic_seed
SC,2023,asian,hisp,f,10-14,,0.0054,synthetic_seed
SC,2023,asian,hisp,f,15-19,,0.0089,synthetic_seed
SC,2023,asian,hisp,f,20-24,,0.0229,synthetic_seed
SC,2023,asian,hisp,f,25-29,,0.02535,synthetic_seed
SC,2023,asian,hisp,f,30-34,,0.01787,synthetic_seed
SC,2023,asian,hisp,f,35-39,,0.01752,synthetic_seed
SC,2023,asian,hisp,f,40-44,,0.02,synthetic_seed
SC,2023,asian,hisp,f,45-49,,0.01285,synthetic_seed
SC,2023,asian,hisp,f,50-54,,0.00821,synthetic_seed
SC,2023,asian,hisp,f,55-59,,0.00363,synthetic_seed
SC,2023,asian,hisp,f,60-64,,0.00455,synthetic_seed
SC,2023,asian,hisp,f,65-69,,0.00441,synthetic_seed
SC,2023,asian,hisp,f,70-74,,0.00476,synthetic_seed
SC,2023,asian,hisp,f,75-79,,0.00439,synthetic_seed
SC,2023,asian,hisp,f,80-84,,0.00369,synthetic_seed
SC,2023,asian,hisp,f,85+,,0.00384,synthetic_seed
SC,2023,other,non-hisp,m,0-4,,0.00523,synthetic_seed
SC,2023,other,non-hisp,m,5-9,,0.00467,synthetic_seed
SC,2023,other,non-hisp,m,10-14,,0.00364,synthetic_seed
SC,2023,other,non-hisp,m,15-19,,0.0082,synthetic_seed
SC,2023,other,non-hisp,m,20-24,,0.01843,synthetic_seed
SC,2023,other,non-hisp,m,25-29,,0.01781,synthetic_seed
SC,2023,other,non-hisp,m,30-34,,0.01781,synthetic_seed
SC,2023,other,non-hisp,m,35-39,,0.01745,synthetic_seed
SC,2023,other,non-hisp,m,40-44,,0.01595,synthetic_seed
SC,2023,other,non-hisp,m,45-49,,0.011,synthetic_seed
SC,2023,other,non-hisp,m,50-54,,0.00845,synthetic_seed
SC,2023,other,non-hisp,m,55-59,,0.00404,synthetic_seed
SC,2023,other,non-hisp,m,60-64,,0.0043,synthetic_seed
SC,2023,other,non-hisp,m,65-69,,0.00333,synthetic_seed
SC,2023,other,non-hisp,m,70-74,,0.00411,synthetic_seed
SC,2023,other,non-hisp,m,75-79,,0.00294,synthetic_seed
SC,2023,other,non-hisp,m,80-84,,0.00413,synthetic_seed
SC,2023,other,non-hisp,m,85+,,0.00362,synthetic_seed
SC,2023,other,non-hisp,f,0-4,,0.00351,synthetic_seed
SC,2023,other,non-hisp,f,5-9,,0.00507,synthetic_seed
SC,2023,other,non-hisp,f,10-14,,0.00295,synthetic_seed
SC,2023,other,non-hisp,f,15-19,,0.01014,synthetic_seed
SC,2023,other,non-hisp,f,20-24,,0.01985,synthetic_seed
SC,2023,other,non-hisp,f,25-29,,0.02109,synthetic_seed
SC,2023,other,non-hisp,f,30-34,,0.02028,synthetic_seed
SC,2023,other,non-hisp,f,35-39,,0.02111,synthetic_seed
SC,2023,other,non-hisp,f,40-44,,0.01445,synthetic_seed
SC,2023,other,non-hisp,f,45-49,,0.00922,synthetic_seed
SC,2023,other,non-hisp,f,50-54,,0.0094,synthetic_seed
SC,2023,other,non-hisp,f,55-59,,0.00372,synthetic_seed
SC,2023,other,non-hisp,f,60-64,,0.00368,synthetic_seed
SC,2023,other,non-hisp,f,65-69,,0.004,synthetic_seed
SC,2023,other,non-hisp,f,70-74,,0.00493,synthetic_seed
SC,2023,other,non-hisp,f,75-79,,0.00426,synthetic_seed
SC,2023,other,non-hisp,f,80-84,,0.00418,synthetic_seed
SC,2023,other,non-hisp,f,85+,,0.0034,synthetic_seed
SC,2023,other,hisp,m,0-4,,0.00309,synthetic_seed
SC,2023,other,hisp,m,5-9,,0.0038,synthetic_seed
SC,2023,other,hisp,m,10-14,,0.00374,synthetic_seed
SC,2023,other,hisp,m,15-19,,0.01017,synthetic_seed
SC,2023,other,hisp,m,20-24,,0.01452,synthetic_seed
SC,2023,other,hisp,m,25-29,,0.02159,synthetic_seed
SC,2023,other,hisp,m,30-34,,0.01865,synthetic_seed
SC,2023,other,hisp,m,35-39,,0.02066,synthetic_seed
SC,2023,other,hisp,m,40-44,,0.01983,synthetic_seed
SC,2023,other,hisp,m,45-49,,0.00932,synthetic_seed
SC,2023,other,hisp,m,50-54,,0.0087,synthetic_seed
SC,2023,other,hisp,m,55-59,,0.00424,synthetic_seed
SC,2023,other,hisp,m,60-64,,0.00426,synthetic_seed
SC,2023,other,hisp,m,65-69,,0.00503,synthetic_seed
SC,2023,other,hisp,m,70-74,,0.00398,synthetic_seed
SC,2023,other,hisp,m,75-79,,0.00371,synthetic_seed
SC,2023,other,hisp,m,80-84,,0.00347,synthetic_seed
SC,2023,other,hisp,m,85+,,0.00334,synthetic_seed
SC,2023,other,hisp,f,0-4,,0.00441,synthetic_seed
SC,2023,other,hisp,f,5-9,,0.00454,synthetic_seed
SC,2023,other,hisp,f,10-14,,0.00323,synthetic_seed
SC,2023,other,hisp,f,15-19,,0.01221,synthetic_seed
SC,2023,other,hisp,f,20-24,,0.01961,synthetic_seed
SC,2023,other,hisp,f,25-29,,0.02197,synthetic_seed
SC,2023,other,hisp,f,30-34,,0.0188,synthetic_seed
SC,2023,other,hisp,f,35-39,,0.02164,synthetic_seed
SC,2023,other,hisp,f,40-44,,0.01879,synthetic_seed
SC,2023,other,hisp,f,45-49,,0.00836,synthetic_seed
SC,2023,other,hisp,f,50-54,,0.013,synthetic_seed
SC,2023,other,hisp,f,55-59,,0.00318,synthetic_seed
SC,2023,other,hisp,f,60-64,,0.00431,synthetic_seed
SC,2023,other,hisp,f,65-69,,0.00362,synthetic_seed
SC,2023,other,hisp,f,70-74,,0.0035,synthetic_seed
SC,2023,other,hisp,f,75-79,,0.00506,synthetic_seed
SC,2023,other,hisp,f,80-84,,0.00462,synthetic_seed
SC,2023,other,hisp,f,85+,,0.00421,synthetic_seed
SD,2023,white,non-hisp,m,0-4,,0.00218,synthetic_seed
SD,2023,white,non-hisp,m,5-9,,0.00185,synthetic_seed
SD,2023,white,non-hisp,m,10-14,,0.00178,synthetic_seed
SD,2023,white,non-hisp,m,15-19,,0.00561,synthetic_seed
SD,2023,white,non-hisp,m,20-24,,0.0102,synthetic_seed
SD,2023,white,non-hisp,m,25-29,,0.00875,synthetic_seed
SD,2023,white,non-hisp,m,30-34,,0.01105,synthetic_seed
SD,2023,white,non-hisp,m,35-39,,0.00977,synthetic_seed
SD,2023,white,non-hisp,m,40-44,,0.01015,synthetic_seed
SD,2023,white,non-hisp,m,45-49,,0.00523,synthetic_seed
SD,2023,white,non-hisp,m,50-54,,0.00487,synthetic_seed
SD,2023,white,non-hisp,m,55-59,,0.00215,synthetic_seed
SD,2023,white,non-hisp,m,60-64,,0.00205,synthetic_seed
SD,2023,white,non-hisp,m,65-69,,0.00232,synthetic_seed
SD,2023,white,non-hisp,m,70-74,,0.00203,synthetic_seed
SD,2023,white,non-hisp,m,75-79,,0.0021,synthetic_seed
SD,2023,white,non-hisp,m,80-84,,0.00178,synthetic_seed
SD,2023,white,non-hisp,m,85+,,0.00211,synthetic_seed
SD,2023,white,non-hisp,f,0-4,,0.00206,synthetic_seed
SD,2023,white,non-hisp,f,5-9,,0.002,synthetic_seed
SD,2023,white,non-hisp,f,10-14,,0.00213,synthetic_seed
SD,2023,white,non-hisp,f,15-19,,0.00599,synthetic_seed
SD,2023,white,non-hisp,f,20-24,,0.00952,synthetic_seed
SD,2023,white,non-hisp,f,25-29,,0.00783,synthetic_seed
SD,2023,white,non-hisp,f,30-34,,0.00823,synthetic_seed
SD,2023,white,non-hisp,f,35-39,,0.00768,synthetic_seed
SD,2023,white,non-hisp,f,40-44,,0.00822,synthetic_seed
SD,2023,white,non-hisp,f,45-49,,0.00507,synthetic_seed
SD,2023,white,non-hisp,f,50-54,,0.00544,synthetic_seed
SD,2023,white,non-hisp,f,55-59,,0.00197,synthetic_seed
SD,2023,white,non-hisp,f,60-64,,0.00204,synthetic_seed
SD,2023,white,non-hisp,f,65-69,,0.0022,synthetic_seed
SD,2023,white,non-hisp,f,70-74,,0.00206,synthetic_seed
SD,2023,white,non-hisp,f,75-79,,0.00211,synthetic_seed
SD,2023,white,non-hisp,f,80-84,,0.00178,synthetic_seed
SD,2023,white,non-hisp,f,85+,,0.002,synthetic_seed
SD,2023,white,hisp,m,0-4,,0.00204,synthetic_seed
SD,2023,white,hisp,m,5-9,,0.00169,synthetic_seed
SD,2023,white,hisp,m,10-14,,0.00192,synthetic_seed
SD,2023,white,hisp,m,15-19,,0.00521,synthetic_seed
SD,2023,white,hisp,m,20-24,,0.01362,synthetic_seed
SD,2023,white,hisp,m,25-29,,0.01144,synthetic_seed
SD,2023,white,hisp,m,30-34,,0.01068,synthetic_seed
SD,2023,white,hisp,m,35-39,,0.01017,synthetic_seed
SD,2023,white,hisp,m,40-44,,0.00997,synthetic_seed
SD,2023,white,hisp,m,45-49,,0.00487,synthetic_seed
SD,2023,white,hisp,m,50-54,,0.00523,synthetic_seed
SD,2023,white,hisp,m,55-59,,0.00258,synthetic_seed
SD,2023,white,hisp,m,60-64,,0.00186,synthetic_seed
SD,2023,white,hisp,m,65-69,,0.00207,synthetic_seed
SD,2023,white,hisp,m,70-74,,0.00168,synthetic_seed
SD,2023,white,hisp,m,75-79,,0.00214,synthetic_seed
SD,2023,white,hisp,m,80-84,,0.00209,synthetic_seed
SD,2023,white,hisp,m,85+,,0.00169,synthetic_seed
SD,2023,white,hisp,f,0-4,,0.00227,synthetic_seed
SD,2023,white,hisp,f,5-9,,0.00165,synthetic_seed
SD,2023,white,hisp,f,10-14,,0.00192,synthetic_seed
SD,2023,white,hisp,f,15-19,,0.0049,synthetic_seed
SD,2023,white,hisp,f,20-24,,0.01072,synthetic_seed
SD,2023,white,hisp,f,25-29,,0.01291,synthetic_seed
SD,2023,white,hisp,f,30-34,,0.01298,synthetic_seed
SD,2023,white,hisp,f,35-39,,0.00855,synthetic_seed
SD,2023,white,hisp,f,40-44,,0.01149,synthetic_seed
SD,2023,white,hisp,f,45-49,,0.00484,synthetic_seed
SD,2023,white,hisp,f,50-54,,0.00454,synthetic_seed
SD,2023,white,hisp,f,55-59,,0.00273,synthetic_seed
SD,2023,white,hisp,f,60-64,,0.00155,synthetic_seed
SD,2023,white,hisp,f,65-69,,0.00183,synthetic_seed
SD,2023,white,hisp,f,70-74,,0.00194,synthetic_seed
SD,2023,white,hisp,f,75-79,,0.00254,synthetic_seed
SD,2023,white,hisp,f,80-84,,0.0019,synthetic_seed
SD,2023,white,hisp,f,85+,,0.0019,synthetic_seed
SD,2023,black,non-hisp,m,0-4,,0.00211,synthetic_seed
SD,2023,black,non-hisp,m,5-9,,0.00236,synthetic_seed
SD,2023,black,non-hisp,m,10-14,,0.00168,synthetic_seed
SD,2023,black,non-hisp,m,15-19,,0.00503,synthetic_seed
SD,2023,black,non-hisp,m,20-24,,0.01053,synthetic_seed
SD,2023,black,non-hisp,m,25-29,,0.01064,synthetic_seed
SD,2023,black,non-hisp,m,30-34,,0.01354,synthetic_seed
SD,2023,black,non-hisp,m,35-39,,0.00989,synthetic_seed
SD,2023,black,non-hisp,m,40-44,,0.00844,synthetic_seed
SD,2023,black,non-hisp,m,45-49,,0.00544,synthetic_seed
SD,2023,black,non-hisp,m,50-54,,0.00494,synthetic_seed
SD,2023,black,non-hisp,m,55-59,,0.00261,synthetic_seed
SD,2023,black,non-hisp,m,60-64,,0.00236,synthetic_seed
SD,2023,black,non-hisp,m,65-69,,0.00242,synthetic_seed
SD,2023,black,non-hisp,m,70-74,,0.00185,synthetic_seed
SD,2023,black,non-hisp,m,75-79,,0.00151,synthetic_seed
SD,2023,black,non-hisp,m,80-84,,0.00238,synthetic_seed
SD,2023,black,non-hisp,m,85+,,0.00219,synthetic_seed
SD,2023,black,non-hisp,f,0-4,,0.00191,synthetic_seed
SD,2023,black,non-hisp,f,5-9,,0.00159,synthetic_seed
SD,2023,black,non-hisp,f,10-14,,0.00186,synthetic_seed
SD,2023,black,non-hisp,f,15-19,,0.00524,synthetic_seed
SD,2023,black,non-hisp,f,20-24,,0.00991,synthetic_seed
SD,2023,black,non-hisp,f,25-29,,0.01261,synthetic_seed
SD,2023,black,non-hisp,f,30-34,,0.00912,synthetic_seed
SD,2023,black,non-hisp,f,35-39,,0.00779,synthetic_seed
SD,2023,black,non-hisp,f,40-44,,0.01003,synthetic_seed
SD,2023,black,non-hisp,f,45-49,,0.00371,synthetic_seed
SD,2023,black,non-hisp,f,50-54,,0.00462,synthetic_seed
SD,2023,black,non-hisp,f,55-59,,0.00186,synthetic_seed
SD,2023,black,non-hisp,f,60-64,,0.00189,synthetic_seed
SD,2023,black,non-hisp,f,65-69,,0.00171,synthetic_seed
SD,2023,black,non-hisp,f,70-74,,0.00204,synthetic_seed
SD,2023,black,non-hisp,f,75-79,,0.0023,synthetic_seed
SD,2023,black,non-hisp,f,80-84,,0.0017,synthetic_seed
SD,2023,black,non-hisp,f,85+,,0.00217,synthetic_seed
SD,2023,black,hisp,m,0-4,,0.00208,synthetic_seed
SD,2023,black,hisp,m,5-9,,0.00203,synthetic_seed
SD,2023,black,hisp,m,10-14,,0.00213,synthetic_seed
SD,2023,black,hisp,m,15-19,,0.00489,synthetic_seed
SD,2023,black,hisp,m,20-24,,0.0081,synthetic_seed
SD,2023,black,hisp,m,25-29,,0.01,synthetic_seed
SD,2023,black,hisp,m,30-34,,0.00782,synthetic_seed
SD,2023,black,hisp,m,35-39,,0.00745,synthetic_seed
SD,2023,black,hisp,m,40-44,,0.01265,synthetic_seed
SD,2023,black,hisp,m,45-49,,0.0042,synthetic_seed
SD,2023,black,hisp,m,50-54,,0.00582,synthetic_seed
SD,2023,black,hisp,m,55-59,,0.00181,synthetic_seed
SD,2023,black,hisp,m,60-64,,0.00214,synthetic_seed
SD,2023,black,hisp,m,65-69,,0.00203,synthetic_seed
SD,2023,black,hisp,m,70-74,,0.00278,synthetic_seed
SD,2023,black,hisp,m,75-79,,0.0022,synthetic_seed
SD,2023,black,hisp,m,80-84,,0.0021,synthetic_seed
SD,2023,black,hisp,m,85+,,0.00182,synthetic_seed
SD,2023,black,hisp,f,0-4,,0.00188,synthetic_seed
SD,2023,black,hisp,f,5-9,,0.00251,synthetic_seed
SD,2023,black,hisp,f,10-14,,0.00206,synthetic_seed
SD,2023,black,hisp,f,15-19,,0.00467,synthetic_seed
SD,2023,black,hisp,f,20-24,,0.00945,synthetic_seed
SD,2023,black,hisp,f,25-29,,0.00927,synthetic_seed
SD,2023,black,hisp,f,30-34,,0.00864,synthetic_seed
SD,2023,black,hisp,f,35-39,,0.01079,synthetic_seed
SD,2023,black,hisp,f,40-44,,0.00936,synthetic_seed
SD,2023,black,hisp,f,45-49,,0.00419,synthetic_seed
SD,2023,black,hisp,f,50-54,,0.00451,synthetic_seed
SD,2023,black,hisp,f,55-59,,0.00189,synthetic_seed
SD,2023,black,hisp,f,60-64,,0.00177,synthetic_seed
SD,2023,black,hisp,f,65-69,,0.00214,synthetic_seed
SD,2023,black,hisp,f,70-74,,0.00214,synthetic_seed
SD,2023,black,hisp,f,75-79,,0.00218,synthetic_seed
SD,2023,black,hisp,f,80-84,,0.00178,synthetic_seed
SD,2023,black,hisp,f,85+,,0.00186,synthetic_seed
SD,2023,asian,non-hisp,m,0-4,,0.00253,synthetic_seed
SD,2023,asian,non-hisp,m,5-9,,0.00241,synthetic_seed
SD,2023,asian,non-hisp,m,10-14,,0.00174,synthetic_seed
SD,2023,asian,non-hisp,m,15-19,,0.00568,synthetic_seed
SD,2023,asian,non-hisp,m,20-24,,0.01054,synthetic_seed
SD,2023,asian,non-hisp,m,25-29,,0.01101,synthetic_seed
SD,2023,asian,non-hisp,m,30-34,,0.01107,synthetic_seed
SD,2023,asian,non-hisp,m,35-39,,0.0098,synthetic_seed
SD,2023,asian,non-hisp,m,40-44,,0.01285,synthetic_seed
SD,2023,asian,non-hisp,m,45-49,,0.00416,synthetic_seed
SD,2023,asian,non-hisp,m,50-54,,0.00397,synthetic_seed
SD,2023,asian,non-hisp,m,55-59,,0.00218,synthetic_seed
SD,2023,asian,non-hisp,m,60-64,,0.00177,synthetic_seed
SD,2023,asian,non-hisp,m,65-69,,0.00169,synthetic_seed
SD,2023,asian,non-hisp,m,70-74,,0.00236,synthetic_seed
SD,2023,asian,non-hisp,m,75-79,,0.00233,synthetic_seed
SD,2023,asian,non-hisp,m,80-84,,0.00199,synthetic_seed
SD,2023,asian,non-hisp,m,85+,,0.00155,synthetic_seed
SD,2023,asian,non-hisp,f,0-4,,0.00213,synthetic_seed
SD,2023,asian,non-hisp,f,5-9,,0.0012,synthetic_seed
SD,2023,asian,non-hisp,f,10-14,,0.00192,synthetic_seed
SD,2023,asian,non-hisp,f,15-19,,0.00388,synthetic_seed
SD,2023,asian,non-hisp,f,20-24,,0.01161,synthetic_seed
SD,2023,asian,non-hisp,f,25-29,,0.0103,synthetic_seed
SD,2023,asian,non-hisp,f,30-34,,0.01015,synthetic_seed
SD,2023,asian,non-hisp,f,35-39,,0.01071,synthetic_seed
SD,2023,asian,non-hisp,f,40-44,,0.01074,synthetic_seed
SD,2023,asian,non-hisp,f,45-49,,0.00403,synthetic_seed
SD,2023,asian,non-hisp,f,50-54,,0.00372,synthetic_seed
SD,2023,asian,non-hisp,f,55-59,,0.00191,synthetic_seed
SD,2023,asian,non-hisp,f,60-64,,0.00145,synthetic_seed
SD,2023,asian,non-hisp,f,65-69,,0.0021,synthetic_seed
SD,2023,asian,non-hisp,f,70-74,,0.00172,synthetic_seed
SD,2023,asian,non-hisp,f,75-79,,0.00215,synthetic_seed
SD,2023,asian,non-hisp,f,80-84,,0.0016,synthetic_seed
SD,2023,asian,non-hisp,f,85+,,0.00229,synthetic_seed
SD,2023,asian,hisp,m,0-4,,0.00202,synthetic_seed
SD,2023,asian,hisp,m,5-9,,0.00209,synthetic_seed
SD,2023,asian,hisp,m,10-14,,0.00187,synthetic_seed
SD,2023,asian,hisp,m,15-19,,0.0056,synthetic_seed
SD,2023,asian,hisp,m,20-24,,0.01052,synthetic_seed
SD,2023,asian,hisp,m,25-29,,0.00983,synthetic_seed
SD,2023,asian,hisp,m,30-34,,0.00892,synthetic_seed
SD,2023,asian,hisp,m,35-39,,0.01005,synthetic_seed
SD,2023,asian,hisp,m,40-44,,0.00958,synthetic_seed
SD,2023,asian,hisp,m,45-49,,0.00608,synthetic_seed
SD,2023,asian,hisp,m,50-54,,0.00559,synthetic_seed
SD,2023,asian,hisp,m,55-59,,0.00208,synthetic_seed
SD,2023,asian,hisp,m,60-64,,0.00171,synthetic_seed
SD,2023,asian,hisp,m,65-69,,0.00213,synthetic_seed
SD,2023,asian,hisp,m,70-74,,0.00244,synthetic_seed
SD,2023,asian,hisp,m,75-79,,0.00249,synthetic_seed
SD,2023,asian,hisp,m,80-84,,0.00204,synthetic_seed
SD,2023,asian,hisp,m,85+,,0.00183,synthetic_seed
SD,2023,asian,hisp,f,0-4,,0.00169,synthetic_seed
SD,2023,asian,hisp,f,5-9,,0.00203,synthetic_seed
SD,2023,asian,hisp,f,10-14,,0.00173,synthetic_seed
SD,2023,asian,hisp,f,15-19,,0.0047,synthetic_seed
SD,2023,asian,hisp,f,20-24,,0.01053,synthetic_seed
SD,2023,asian,hisp,f,25-29,,0.0103,synthetic_seed
SD,2023,asian,hisp,f,30-34,,0.01043,synthetic_seed
SD,2023,asian,hisp,f,35-39,,0.01054,synthetic_seed
SD,2023,asian,hisp,f,40-44,,0.01018,synthetic_seed
SD,2023,asian,hisp,f,45-49,,0.00591,synthetic_seed
SD,2023,asian,hisp,f,50-54,,0.00397,synthetic_seed
SD,2023,asian,hisp,f,55-59,,0.00196,synthetic_seed
SD,2023,asian,hisp,f,60-64,,0.00183,synthetic_seed
SD,2023,asian,hisp,f,65-69,,0.00222,synthetic_seed
SD,2023,asian,hisp,f,70-74,,0.00251,synthetic_seed
SD,2023,asian,hisp,f,75-79,,0.00187,synthetic_seed
SD,2023,asian,hisp,f,80-84,,0.00214,synthetic_seed
SD,2023,asian,hisp,f,85+,,0.00233,synthetic_seed
SD,2023,other,non-hisp,m,0-4,,0.00169,synthetic_seed
SD,2023,other,non-hisp,m,5-9,,0.00179,synthetic_seed
SD,2023,other,non-hisp,m,10-14,,0.00188,synthetic_seed
SD,2023,other,non-hisp,m,15-19,,0.00623,synthetic_seed
SD,2023,other,non-hisp,m,20-24,,0.0129,synthetic_seed
SD,2023,other,non-hisp,m,25-29,,0.00832,synthetic_seed
SD,2023,other,non-hisp,m,30-34,,0.00953,synthetic_seed
SD,2023,other,non-hisp,m,35-39,,0.01034,synthetic_seed
SD,2023,other,non-hisp,m,40-44,,0.01026,synthetic_seed
SD,2023,other,non-hisp,m,45-49,,0.00419,synthetic_seed
SD,2023,other,non-hisp,m,50-54,,0.00424,synthetic_seed
SD,2023,other,non-hisp,m,55-59,,0.00221,synthetic_seed
SD,2023,other,non-hisp,m,60-64,,0.00188,synthetic_seed
SD,2023,other,non-hisp,m,65-69,,0.00164,synthetic_seed
SD,2023,other,non-hisp,m,70-74,,0.00156,synthetic_seed
SD,2023,other,non-hisp,m,75-79,,0.00189,synthetic_seed
SD,2023,other,non-hisp,m,80-84,,0.00205,synthetic_seed
SD,2023,other,non-hisp,m,85+,,0.00177,synthetic_seed
SD,2023,other,non-hisp,f,0-4,,0.00214,synthetic_seed
SD,2023,other,non-hisp,f,5-9,,0.00187,synthetic_seed
SD,2023,other,non-hisp,f,10-14,,0.00189,synthetic_seed
SD,2023,other,non-hisp,f,15-19,,0.00543,synthetic_seed
SD,2023,other,non-hisp,f,20-24,,0.00852,synthetic_seed
SD,2023,other,non-hisp,f,25-29,,0.00987,synthetic_seed
SD,2023,other,non-hisp,f,30-34,,0.00693,synthetic_seed
SD,2023,other,non-hisp,f,35-39,,0.00981,synthetic_seed
SD,2023,other,non-hisp,f,40-44,,0.01086,synthetic_seed
SD,2023,other,non-hisp,f,45-49,,0.00441,synthetic_seed
SD,2023,other,non-hisp,f,50-54,,0.00536,synthetic_seed
SD,2023,other,non-hisp,f,55-59,,0.00169,synthetic_seed
SD,2023,other,non-hisp,f,60-64,,0.00211,synthetic_seed
SD,2023,other,non-hisp,f,65-69,,0.00149,synthetic_seed
SD,2023,other,non-hisp,f,70-74,,0.00224,synthetic_seed
SD,2023,other,non-hisp,f,75-79,,0.00225,synthetic_seed
SD,2023,other,non-hisp,f,80-84,,0.00205,synthetic_seed
SD,2023,other,non-hisp,f,85+,,0.00211,synthetic_seed
SD,2023,other,hisp,m,0-4,,0.00178,synthetic_seed
SD,2023,other,hisp,m,5-9,,0.00171,synthetic_seed
SD,2023,other,hisp,m,10-14,,0.002,synthetic_seed
SD,2023,other,hisp,m,15-19,,0.00644,synthetic_seed
SD,2023,other,hisp,m,20-24,,0.00861,synthetic_seed
SD,2023,other,hisp,m,25-29,,0.01178,synthetic_seed
SD,2023,other,hisp,m,30-34,,0.00948,synthetic_seed
SD,2023,other,hisp,m,35-39,,0.00868,synthetic_seed
SD,2023,other,hisp,m,40-44,,0.01082,synthetic_seed
SD,2023,other,hisp,m,45-49,,0.00479,synthetic_seed
SD,2023,other,hisp,m,50-54,,0.0042,synthetic_seed
SD,2023,other,hisp,m,55-59,,0.00263,synthetic_seed
SD,2023,other,hisp,m,60-64,,0.0015,synthetic_seed
SD,2023,other,hisp,m,65-69,,0.00171,synthetic_seed
SD,2023,other,hisp,m,70-74,,0.00251,synthetic_seed
SD,2023,other,hisp,m,75-79,,0.00185,synthetic_seed
SD,2023,other,hisp,m,80-84,,0.00143,synthetic_seed
SD,2023,other,hisp,m,85+,,0.0019,synthetic_seed
SD,2023,other,hisp,f,0-4,,0.0015,synthetic_seed
SD,2023,other,hisp,f,5-9,,0.00169,synthetic_seed
SD,2023,other,hisp,f,10-14,,0.00162,synthetic_seed
SD,2023,other,hisp,f,15-19,,0.00594,synthetic_seed
SD,2023,other,hisp,f,20-24,,0.0104,synthetic_seed
SD,2023,other,hisp,f,25-29,,0.00969,synthetic_seed
SD,2023,other,hisp,f,30-34,,0.01208,synthetic_seed
SD,2023,other,hisp,f,35-39,,0.01014,synthetic_seed
SD,2023,other,hisp,f,40-44,,0.01248,synthetic_seed
SD,2023,other,hisp,f,45-49,,0.00576,synthetic_seed
SD,2023,other,hisp,f,50-54,,0.00577,synthetic_seed
SD,2023,other,hisp,f,55-59,,0.00203,synthetic_seed
SD,2023,other,hisp,f,60-64,,0.00218,synthetic_seed
SD,2023,other,hisp,f,65-69,,0.00205,synthetic_seed
SD,2023,other,hisp,f,70-74,,0.00241,synthetic_seed
SD,2023,other,hisp,f,75-79,,0.00196,synthetic_seed
SD,2023,other,hisp,f,80-84,,0.00171,synthetic_seed
SD,2023,other,hisp,f,85+,,0.00172,synthetic_seed
TN,2023,white,non-hisp,m,0-4,,0.00364,synthetic_seed
TN,2023,white,non-hisp,m,5-9,,0.0028,synthetic_seed
TN,2023,white,non-hisp,m,10-14,,0.00436,synthetic_seed
TN,2023,white,non-hisp,m,15-19,,0.00992,synthetic_seed
TN,2023,white,non-hisp,m,20-24,,0.01933,synthetic_seed
TN,2023,white,non-hisp,m,25-29,,0.01957,synthetic_seed
TN,2023,white,non-hisp,m,30-34,,0.02241,synthetic_seed
TN,2023,white,non-hisp,m,35-39,,0.02126,synthetic_seed
TN,2023,white,non-hisp,m,40-44,,0.02383,synthetic_seed
TN,2023,white,non-hisp,m,45-49,,0.01121,synthetic_seed
TN,2023,white,non-hisp,m,50-54,,0.01138,synthetic_seed
TN,2023,white,non-hisp,m,55-59,,0.00562,synthetic_seed
TN,2023,white,non-hisp,m,60-64,,0.00383,synthetic_seed
TN,2023,white,non-hisp,m,65-69,,0.0042,synthetic_seed
TN,2023,white,non-hisp,m,70-74,,0.00422,synthetic_seed
TN,2023,white,non-hisp,m,75-79,,0.00434,synthetic_seed
TN,2023,white,non-hisp,m,80-84,,0.0046,synthetic_seed
TN,2023,white,non-hisp,m,85+,,0.00366,synthetic_seed
TN,2023,white,non-hisp,f,0-4,,0.00438,synthetic_seed
TN,2023,white,non-hisp,f,5-9,,0.00411,synthetic_seed
TN,2023,white,non-hisp,f,10-14,,0.00335,synthetic_seed
TN,2023,white,non-hisp,f,15-19,,0.00808,synthetic_seed
TN,2023,white,non-hisp,f,20-24,,0.01954,synthetic_seed
TN,2023,white,non-hisp,f,25-29,,0.0206,synthetic_seed
TN,2023,white,non-hisp,f,30-34,,0.0192,synthetic_seed
TN,2023,white,non-hisp,f,35-39,,0.02205,synthetic_seed
TN,2023,white,non-hisp,f,40-44,,0.02076,synthetic_seed
TN,2023,white,non-hisp,f,45-49,,0.01127,synthetic_seed
TN,2023,white,non-hisp,f,50-54,,0.01308,synthetic_seed
TN,2023,white,non-hisp,f,55-59,,0.004,synthetic_seed
TN,2023,white,non-hisp,f,60-64,,0.00348,synthetic_seed
TN,2023,white,non-hisp,f,65-69,,0.00421,synthetic_seed
TN,2023,white,non-hisp,f,70-74,,0.00413,synthetic_seed
TN,2023,white,non-hisp,f,75-79,,0.00286,synthetic_seed
TN,2023,white,non-hisp,f,80-84,,0.00368,synthetic_seed
TN,2023,white,non-hisp,f,85+,,0.00558,synthetic_seed
TN,2023,white,hisp,m,0-4,,0.00414,synthetic_seed
TN,2023,white,hisp,m,5-9,,0.00306,synthetic_seed
TN,2023,white,hisp,m,10-14,,0.00422,synthetic_seed
TN,2023,white,hisp,m,15-19,,0.00799,synthetic_seed
TN,2023,white,hisp,m,20-24,,0.01523,synthetic_seed
TN,2023,white,hisp,m,25-29,,0.02063,synthetic_seed
TN,2023,white,hisp,m,30-34,,0.01556,synthetic_seed
TN,2023,white,hisp,m,35-39,,0.01995,synthetic_seed
TN,2023,white,hisp,m,40-44,,0.02174,synthetic_seed
TN,2023,white,hisp,m,45-49,,0.00896,synthetic_seed
TN,2023,white,hisp,m,50-54,,0.01278,synthetic_seed
TN,2023,white,hisp,m,55-59,,0.00309,synthetic_seed
TN,2023,white,hisp,m,60-64,,0.00361,synthetic_seed
TN,2023,white,hisp,m,65-69,,0.00363,synthetic_seed
TN,2023,white,hisp,m,70-74,,0.00307,synthetic_seed
TN,2023,white,hisp,m,75-79,,0.00447,synthetic_seed
TN,2023,white,hisp,m,80-84,,0.00423,synthetic_seed
TN,2023,white,hisp,m,85+,,0.00395,synthetic_seed
TN,2023,white,hisp,f,0-4,,0.00453,synthetic_seed
TN,2023,white,hisp,f,5-9,,0.00516,synthetic_seed
TN,2023,white,hisp,f,10-14,,0.00401,synthetic_seed
TN,2023,white,hisp,f,15-19,,0.01148,synthetic_seed
TN,2023,white,hisp,f,20-24,,0.02076,synthetic_seed
TN,2023,white,hisp,f,25-29,,0.01913,synthetic_seed
TN,2023,white,hisp,f,30-34,,0.01909,synthetic_seed
TN,2023,white,hisp,f,35-39,,0.02638,synthetic_seed
TN,2023,white,hisp,f,40-44,,0.01885,synthetic_seed
TN,2023,white,hisp,f,45-49,,0.01046,synthetic_seed
TN,2023,white,hisp,f,50-54,,0.00943,synthetic_seed
TN,2023,white,hisp,f,55-59,,0.00415,synthetic_seed
TN,2023,white,hisp,f,60-64,,0.00448,synthetic_seed
TN,2023,white,hisp,f,65-69,,0.00362,synthetic_seed
TN,2023,white,hisp,f,70-74,,0.00341,synthetic_seed
TN,2023,white,hisp,f,75-79,,0.0034,synthetic_seed
TN,2023,white,hisp,f,80-84,,0.00299,synthetic_seed
TN,2023,white,hisp,f,85+,,0.00407,synthetic_seed
TN,2023,black,non-hisp,m,0-4,,0.00416,synthetic_seed
TN,2023,black,non-hisp,m,5-9,,0.00433,synthetic_seed
TN,2023,black,non-hisp,m,10-14,,0.00439,synthetic_seed
TN,2023,black,non-hisp,m,15-19,,0.00637,synthetic_seed
TN,2023,black,non-hisp,m,20-24,,0.01451,synthetic_seed
TN,2023,black,non-hisp,m,25-29,,0.01869,synthetic_seed
TN,2023,black,non-hisp,m,30-34,,0.01762,synthetic_seed
TN,2023,black,non-hisp,m,35-39,,0.02103,synthetic_seed
TN,2023,black,non-hisp,m,40-44,,0.01365,synthetic_seed
TN,2023,black,non-hisp,m,45-49,,0.00883,synthetic_seed
TN,2023,black,non-hisp,m,50-54,,0.01038,synthetic_seed
TN,2023,black,non-hisp,m,55-59,,0.00444,synthetic_seed
TN,2023,black,non-hisp,m,60-64,,0.00315,synthetic_seed
TN,2023,black,non-hisp,m,65-69,,0.00399,synthetic_seed
TN,2023,black,non-hisp,m,70-74,,0.00311,synthetic_seed
TN,2023,black,non-hisp,m,75-79,,0.00373,synthetic_seed
TN,2023,black,non-hisp,m,80-84,,0.00382,synthetic_seed
TN,2023,black,non-hisp,m,85+,,0.00309,synthetic_seed
TN,2023,black,non-hisp,f,0-4,,0.00301,synthetic_seed
TN,2023,black,non-hisp,f,5-9,,0.00452,synthetic_seed
TN,2023,black,non-hisp,f,10-14,,0.00371,synthetic_seed
TN,2023,black,non-hisp,f,15-19,,0.01027,synthetic_seed
TN,2023,black,non-hisp,f,20-24,,0.02098,synthetic_seed
TN,2023,black,non-hisp,f,25-29,,0.01893,synthetic_seed
TN,2023,black,non-hisp,f,30-34,,0.02064,synthetic_seed
TN,2023,black,non-hisp,f,35-39,,0.01941,synthetic_seed
TN,2023,black,non-hisp,f,40-44,,0.02069,synthetic_seed
TN,2023,black,non-hisp,f,45-49,,0.0068,synthetic_seed
TN,2023,black,non-hisp,f,50-54,,0.01026,synthetic_seed
TN,2023,black,non-hisp,f,55-59,,0.00301,synthetic_seed
TN,2023,black,non-hisp,f,60-64,,0.00339,synthetic_seed
TN,2023,black,non-hisp,f,65-69,,0.00338,synthetic_seed
TN,2023,black,non-hisp,f,70-74,,0.00348,synthetic_seed
TN,2023,black,non-hisp,f,75-79,,0.00427,synthetic_seed
TN,2023,black,non-hisp,f,80-84,,0.00425,synthetic_seed
TN,2023,black,non-hisp,f,85+,,0.0043,synthetic_seed
TN,2023,black,hisp,m,0-4,,0.00454,synthetic_seed
TN,2023,black,hisp,m,5-9,,0.00336,synthetic_seed
TN,2023,black,hisp,m,10-14,,0.00301,synthetic_seed
TN,2023,black,hisp,m,15-19,,0.01042,synthetic_seed
TN,2023,black,hisp,m,20-24,,0.01728,synthetic_seed
TN,2023,black,hisp,m,25-29,,0.01784,synthetic_seed
TN,2023,black,hisp,m,30-34,,0.01372,synthetic_seed
TN,2023,black,hisp,m,35-39,,0.01927,synthetic_seed
TN,2023,black,hisp,m,40-44,,0.02038,synthetic_seed
TN,2023,black,hisp,m,45-49,,0.0093,synthetic_seed
TN,2023,black,hisp,m,50-54,,0.01036,synthetic_seed
TN,2023,black,hisp,m,55-59,,0.00505,synthetic_seed
TN,2023,black,hisp,m,60-64,,0.00317,synthetic_seed
TN,2023,black,hisp,m,65-69,,0.0034,synthetic_seed
TN,2023,black,hisp,m,70-74,,0.00416,synthetic_seed
TN,2023,black,hisp,m,75-79,,0.0036,synthetic_seed
TN,2023,black,hisp,m,80-84,,0.00449,synthetic_seed
TN,2023,black,hisp,m,85+,,0.00404,synthetic_seed
TN,2023,black,hisp,f,0-4,,0.0045,synthetic_seed
TN,2023,black,hisp,f,5-9,,0.00365,synthetic_seed
TN,2023,black,hisp,f,10-14,,0.00332,synthetic_seed
TN,2023,black,hisp,f,15-19,,0.01194,synthetic_seed
TN,2023,black,hisp,f,20-24,,0.01907,synthetic_seed
TN,2023,black,hisp,f,25-29,,0.0206,synthetic_seed
TN,2023,black,hisp,f,30-34,,0.02194,synthetic_seed
TN,2023,black,hisp,f,35-39,,0.02262,synthetic_seed
TN,2023,black,hisp,f,40-44,,0.01863,synthetic_seed
TN,2023,black,hisp,f,45-49,,0.01136,synthetic_seed
TN,2023,black,hisp,f,50-54,,0.0107,synthetic_seed
TN,2023,black,hisp,f,55-59,,0.0039,synthetic_seed
TN,2023,black,hisp,f,60-64,,0.00395,synthetic_seed
TN,2023,black,hisp,f,65-69,,0.00375,synthetic_seed
TN,2023,black,hisp,f,70-74,,0.00345,synthetic_seed
TN,2023,black,hisp,f,75-79,,0.00404,synthetic_seed
TN,2023,black,hisp,f,80-84,,0.00403,synthetic_seed
TN,2023,black,hisp,f,85+,,0.00348,synthetic_seed
TN,2023,asian,non-hisp,m,0-4,,0.00423,synthetic_seed
TN,2023,asian,non-hisp,m,5-9,,0.00455,synthetic_seed
TN,2023,asian,non-hisp,m,10-14,,0.00447,synthetic_seed
TN,2023,asian,non-hisp,m,15-19,,0.00913,synthetic_seed
TN,2023,asian,non-hisp,m,20-24,,0.01927,synthetic_seed
TN,2023,asian,non-hisp,m,25-29,,0.02385,synthetic_seed
TN,2023,asian,non-hisp,m,30-34,,0.01922,synthetic_seed
TN,2023,asian,non-hisp,m,35-39,,0.02178,synthetic_seed
TN,2023,asian,non-hisp,m,40-44,,0.01756,synthetic_seed
TN,2023,asian,non-hisp,m,45-49,,0.01105,synthetic_seed
TN,2023,asian,non-hisp,m,50-54,,0.01284,synthetic_seed
TN,2023,asian,non-hisp,m,55-59,,0.004,synthetic_seed
TN,2023,asian,non-hisp,m,60-64,,0.0051,synthetic_seed
TN,2023,asian,non-hisp,m,65-69,,0.00411,synthetic_seed
TN,2023,asian,non-hisp,m,70-74,,0.00505,synthetic_seed
TN,2023,asian,non-hisp,m,75-79,,0.00426,synthetic_seed
TN,2023,asian,non-hisp,m,80-84,,0.00337,synthetic_seed
TN,2023,asian,non-hisp,m,85+,,0.00367,synthetic_seed
TN,2023,asian,non-hisp,f,0-4,,0.00454,synthetic_seed
TN,2023,asian,non-hisp,f,5-9,,0.00482,synthetic_seed
TN,2023,asian,non-hisp,f,10-14,,0.00404,synthetic_seed
TN,2023,asian,non-hisp,f,15-19,,0.00943,synthetic_seed
TN,2023,asian,non-hisp,f,20-24,,0.0205,synthetic_seed
TN,2023,asian,non-hisp,f,25-29,,0.02005,synthetic_seed
TN,2023,asian,non-hisp,f,30-34,,0.02034,synthetic_seed
TN,2023,asian,non-hisp,f,35-39,,0.02128,synthetic_seed
TN,2023,asian,non-hisp,f,40-44,,0.01622,synthetic_seed
TN,2023,asian,non-hisp,f,45-49,,0.00743,synthetic_seed
TN,2023,asian,non-hisp,f,50-54,,0.00795,synthetic_seed
TN,2023,asian,non-hisp,f,55-59,,0.00337,synthetic_seed
TN,2023,asian,non-hisp,f,60-64,,0.0032,synthetic_seed
TN,2023,asian,non-hisp,f,65-69,,0.00371,synthetic_seed
TN,2023,asian,non-hisp,f,70-74,,0.00421,synthetic_seed
TN,2023,asian,non-hisp,f,75-79,,0.00367,synthetic_seed
TN,2023,asian,non-hisp,f,80-84,,0.0041,synthetic_seed
TN,2023,asian,non-hisp,f,85+,,0.0031,synthetic_seed
TN,2023,asian,hisp,m,0-4,,0.00425,synthetic_seed
TN,2023,asian,hisp,m,5-9,,0.00427,synthetic_seed
TN,2023,asian,hisp,m,10-14,,0.00363,synthetic_seed
TN,2023,asian,hisp,m,15-19,,0.01135,synthetic_seed
TN,2023,asian,hisp,m,20-24,,0.0213,synthetic_seed
TN,2023,asian,hisp,m,25-29,,0.01907,synthetic_seed
TN,2023,asian,hisp,m,30-34,,0.02218,synthetic_seed
TN,2023,asian,hisp,m,35-39,,0.02127,synthetic_seed
TN,2023,asian,hisp,m,40-44,,0.02393,synthetic_seed
TN,2023,asian,hisp,m,45-49,,0.00906,synthetic_seed
TN,2023,asian,hisp,m,50-54,,0.01098,synthetic_seed
TN,2023,asian,hisp,m,55-59,,0.0036,synthetic_seed
TN,2023,asian,hisp,m,60-64,,0.00248,synthetic_seed
TN,2023,asian,hisp,m,65-69,,0.00516,synthetic_seed
TN,2023,asian,hisp,m,70-74,,0.00436,synthetic_seed
TN,2023,asian,hisp,m,75-79,,0.00458,synthetic_seed
TN,2023,asian,hisp,m,80-84,,0.00386,synthetic_seed
TN,2023,asian,hisp,m,85+,,0.00567,synthetic_seed
TN,2023,asian,hisp,f,0-4,,0.00361,synthetic_seed
TN,2023,asian,hisp,f,5-9,,0.00349,synthetic_seed
TN,2023,asian,hisp,f,10-14,,0.00382,synthetic_seed
TN,2023,asian,hisp,f,15-19,,0.01271,synthetic_seed
TN,2023,asian,hisp,f,20-24,,0.01871,synthetic_seed
TN,2023,asian,hisp,f,25-29,,0.01953,synthetic_seed
TN,2023,asian,hisp,f,30-34,,0.01744,synthetic_seed
TN,2023,asian,hisp,f,35-39,,0.02143,synthetic_seed
TN,2023,asian,hisp,f,40-44,,0.01578,synthetic_seed
TN,2023,asian,hisp,f,45-49,,0.01276,synthetic_seed
TN,2023,asian,hisp,f,50-54,,0.00981,synthetic_seed
TN,2023,asian,hisp,f,55-59,,0.00449,synthetic_seed
TN,2023,asian,hisp,f,60-64,,0.00348,synthetic_seed
TN,2023,asian,hisp,f,65-69,,0.00467,synthetic_seed
TN,2023,asian,hisp,f,70-74,,0.00481,synthetic_seed
TN,2023,asian,hisp,f,75-79,,0.00433,synthetic_seed
TN,2023,asian,hisp,f,80-84,,0.00467,synthetic_seed
TN,2023,asian,hisp,f,85+,,0.00418,synthetic_seed
TN,2023,other,non-hisp,m,0-4,,0.00372,synthetic_seed
TN,2023,other,non-hisp,m,5-9,,0.00287,synthetic_seed
TN,2023,other,non-hisp,m,10-14,,0.00352,synthetic_seed
TN,2023,other,non-hisp,m,15-19,,0.0048,synthetic_seed
TN,2023,other,non-hisp,m,20-24,,0.01647,synthetic_seed
TN,2023,other,non-hisp,m,25-29,,0.01792,synthetic_seed
TN,2023,other,non-hisp,m,30-34,,0.0221,synthetic_seed
TN,2023,other,non-hisp,m,35-39,,0.01796,synthetic_seed
TN,2023,other,non-hisp,m,40-44,,0.0214,synthetic_seed
TN,2023,other,non-hisp,m,45-49,,0.01225,synthetic_seed
TN,2023,other,non-hisp,m,50-54,,0.0093,synthetic_seed
TN,2023,other,non-hisp,m,55-59,,0.00321,synthetic_seed
TN,2023,other,non-hisp,m,60-64,,0.00491,synthetic_seed
TN,2023,other,non-hisp,m,65-69,,0.00396,synthetic_seed
TN,2023,other,non-hisp,m,70-74,,0.00379,synthetic_seed
TN,2023,other,non-hisp,m,75-79,,0.00459,synthetic_seed
TN,2023,other,non-hisp,m,80-84,,0.00432,synthetic_seed
TN,2023,other,non-hisp,m,85+,,0.00481,synthetic_seed
TN,2023,other,non-hisp,f,0-4,,0.00322,synthetic_seed
TN,2023,other,non-hisp,f,5-9,,0.00462,synthetic_seed
TN,2023,other,non-hisp,f,10-14,,0.00413,synthetic_seed
TN,2023,other,non-hisp,f,15-19,,0.0091,synthetic_seed
TN,2023,other,non-hisp,f,20-24,,0.0232,synthetic_seed
TN,2023,other,non-hisp,f,25-29,,0.0202,synthetic_seed
TN,2023,other,non-hisp,f,30-34,,0.01863,synthetic_seed
TN,2023,other,non-hisp,f,35-39,,0.0217,synthetic_seed
TN,2023,other,non-hisp,f,40-44,,0.02036,synthetic_seed
TN,2023,other,non-hisp,f,45-49,,0.00887,synthetic_seed
TN,2023,other,non-hisp,f,50-54,,0.00893,synthetic_seed
TN,2023,other,non-hisp,f,55-59,,0.00476,synthetic_seed
TN,2023,other,non-hisp,f,60-64,,0.00423,synthetic_seed
TN,2023,other,non-hisp,f,65-69,,0.00384,synthetic_seed
TN,2023,other,non-hisp,f,70-74,,0.00331,synthetic_seed
TN,2023,other,non-hisp,f,75-79,,0.00499,synthetic_seed
TN,2023,other,non-hisp,f,80-84,,0.00494,synthetic_seed
TN,2023,other,non-hisp,f,85+,,0.00412,synthetic_seed
TN,2023,other,hisp,m,0-4,,0.00435,synthetic_seed
TN,2023,other,hisp,m,5-9,,0.00447,synthetic_seed
TN,2023,other,hisp,m,10-14,,0.0052,synthetic_seed
TN,2023,other,hisp,m,15-19,,0.00792,synthetic_seed
TN,2023,other,hisp,m,20-24,,0.0204,synthetic_seed
TN,2023,other,hisp,m,25-29,,0.02261,synthetic_seed
TN,2023,other,hisp,m,30-34,,0.02012,synthetic_seed
TN,2023,other,hisp,m,35-39,,0.01859,synthetic_seed
TN,2023,other,hisp,m,40-44,,0.01684,synthetic_seed
TN,2023,other,hisp,m,45-49,,0.01091,synthetic_seed
TN,2023,other,hisp,m,50-54,,0.00969,synthetic_seed
TN,2023,other,hisp,m,55-59,,0.00388,synthetic_seed
TN,2023,other,hisp,m,60-64,,0.00483,synthetic_seed
TN,2023,other,hisp,m,65-69,,0.00502,synthetic_seed
TN,2023,other,hisp,m,70-74,,0.00332,synthetic_seed
TN,2023,other,hisp,m,75-79,,0.00381,synthetic_seed
TN,2023,other,hisp,m,80-84,,0.00504,synthetic_seed
TN,2023,other,hisp,m,85+,,0.00375,synthetic_seed
TN,2023,other,hisp,f,0-4,,0.00315,synthetic_seed
TN,2023,other,hisp,f,5-9,,0.00357,synthetic_seed
TN,2023,other,hisp,f,10-14,,0.00278,synthetic_seed
TN,2023,other,hisp,f,15-19,,0.00946,synthetic_seed
TN,2023,other,hisp,f,20-24,,0.02186,synthetic_seed
TN,2023,other,hisp,f,25-29,,0.0179,synthetic_seed
TN,2023,other,hisp,f,30-34,,0.01475,synthetic_seed
TN,2023,other,hisp,f,35-39,,0.01905,synthetic_seed
TN,2023,other,hisp,f,40-44,,0.02113,synthetic_seed
TN,2023,other,hisp,f,45-49,,0.00753,synthetic_seed
TN,2023,other,hisp,f,50-54,,0.0083,synthetic_seed
TN,2023,other,hisp,f,55-59,,0.00398,synthetic_seed
TN,2023,other,hisp,f,60-64,,0.00444,synthetic_seed
TN,2023,other,hisp,f,65-69,,0.00316,synthetic_seed
TN,2023,other,hisp,f,70-74,,0.00468,synthetic_seed
TN,2023,other,hisp,f,75-79,,0.00295,synthetic_seed
TN,2023,other,hisp,f,80-84,,0.00461,synthetic_seed
TN,2023,other,hisp,f,85+,,0.0034,synthetic_seed
TX,2023,white,non-hisp,m,0-4,,0.00657,synthetic_seed
TX,2023,white,non-hisp,m,5-9,,0.00624,synthetic_seed
TX,2023,white,non-hisp,m,10-14,,0.00619,synthetic_seed
TX,2023,white,non-hisp,m,15-19,,0.01572,synthetic_seed
TX,2023,white,non-hisp,m,20-24,,0.02741,synthetic_seed
TX,2023,white,non-hisp,m,25-29,,0.02488,synthetic_seed
TX,2023,white,non-hisp,m,30-34,,0.02355,synthetic_seed
TX,2023,white,non-hisp,m,35-39,,0.02521,synthetic_seed
TX,2023,white,non-hisp,m,40-44,,0.02424,synthetic_seed
TX,2023,white,non-hisp,m,45-49,,0.01576,synthetic_seed
TX,2023,white,non-hisp,m,50-54,,0.01496,synthetic_seed
TX,2023,white,non-hisp,m,55-59,,0.00454,synthetic_seed
TX,2023,white,non-hisp,m,60-64,,0.00533,synthetic_seed
TX,2023,white,non-hisp,m,65-69,,0.00672,synthetic_seed
TX,2023,white,non-hisp,m,70-74,,0.00582,synthetic_seed
TX,2023,white,non-hisp,m,75-79,,0.00514,synthetic_seed
TX,2023,white,non-hisp,m,80-84,,0.00647,synthetic_seed
TX,2023,white,non-hisp,m,85+,,0.00613,synthetic_seed
TX,2023,white,non-hisp,f,0-4,,0.00542,synthetic_seed
TX,2023,white,non-hisp,f,5-9,,0.00474,synthetic_seed
TX,2023,white,non-hisp,f,10-14,,0.00592,synthetic_seed
TX,2023,white,non-hisp,f,15-19,,0.01595,synthetic_seed
TX,2023,white,non-hisp,f,20-24,,0.0354,synthetic_seed
TX,2023,white,non-hisp,f,25-29,,0.03225,synthetic_seed
TX,2023,white,non-hisp,f,30-34,,0.03116,synthetic_seed
TX,2023,white,non-hisp,f,35-39,,0.02721,synthetic_seed
TX,2023,white,non-hisp,f,40-44,,0.02527,synthetic_seed
TX,2023,white,non-hisp,f,45-49,,0.01031,synthetic_seed
TX,2023,white,non-hisp,f,50-54,,0.01583,synthetic_seed
TX,2023,white,non-hisp,f,55-59,,0.0065,synthetic_seed
TX,2023,white,non-hisp,f,60-64,,0.00415,synthetic_seed
TX,2023,white,non-hisp,f,65-69,,0.00722,synthetic_seed
TX,2023,white,non-hisp,f,70-74,,0.00615,synthetic_seed
TX,2023,white,non-hisp,f,75-79,,0.00559,synthetic_seed
TX,2023,white,non-hisp,f,80-84,,0.00445,synthetic_seed
TX,2023,white,non-hisp,f,85+,,0.00524,synthetic_seed
TX,2023,white,hisp,m,0-4,,0.00515,synthetic_seed
TX,2023,white,hisp,m,5-9,,0.00694,synthetic_seed
TX,2023,white,hisp,m,10-14,,0.00634,synthetic_seed
TX,2023,white,hisp,m,15-19,,0.01558,synthetic_seed
TX,2023,white,hisp,m,20-24,,0.02169,synthetic_seed
TX,2023,white,hisp,m,25-29,,0.03042,synthetic_seed
TX,2023,white,hisp,m,30-34,,0.03568,synthetic_seed
TX,2023,white,hisp,m,35-39,,0.02101,synthetic_seed
TX,2023,white,hisp,m,40-44,,0.02386,synthetic_seed
TX,2023,white,hisp,m,45-49,,0.00987,synthetic_seed
TX,2023,white,hisp,m,50-54,,0.01068,synthetic_seed
TX,2023,white,hisp,m,55-59,,0.00541,synthetic_seed
TX,2023,white,hisp,m,60-64,,0.00556,synthetic_seed
TX,2023,white,hisp,m,65-69,,0.00618,synthetic_seed
TX,2023,white,hisp,m,70-74,,0.00483,synthetic_seed
TX,2023,white,hisp,m,75-79,,0.00558,synthetic_seed
TX,2023,white,hisp,m,80-84,,0.00527,synthetic_seed
TX,2023,white,hisp,m,85+,,0.0042,synthetic_seed
TX,2023,white,hisp,f,0-4,,0.00565,synthetic_seed
TX,2023,white,hisp,f,5-9,,0.00384,synthetic_seed
TX,2023,white,hisp,f,10-14,,0.00441,synthetic_seed
TX,2023,white,hisp,f,15-19,,0.01191,synthetic_seed
TX,2023,white,hisp,f,20-24,,0.03118,synthetic_seed
TX,2023,white,hisp,f,25-29,,0.0268,synthetic_seed
TX,2023,white,hisp,f,30-34,,0.02967,synthetic_seed
TX,2023,white,hisp,f,35-39,,0.03042,synthetic_seed
TX,2023,white,hisp,f,40-44,,0.03444,synthetic_seed
TX,2023,white,hisp,f,45-49,,0.0126,synthetic_seed
TX,2023,white,hisp,f,50-54,,0.01239,synthetic_seed
TX,2023,white,hisp,f,55-59,,0.00468,synthetic_seed
TX,2023,white,hisp,f,60-64,,0.00603,synthetic_seed
TX,2023,white,hisp,f,65-69,,0.00556,synthetic_seed
TX,2023,white,hisp,f,70-74,,0.00429,synthetic_seed
TX,2023,white,hisp,f,75-79,,0.00552,synthetic_seed
TX,2023,white,hisp,f,80-84,,0.00605,synthetic_seed
TX,2023,white,hisp,f,85+,,0.00643,synthetic_seed
TX,2023,black,non-hisp,m,0-4,,0.00458,synthetic_seed
TX,2023,black,non-hisp,m,5-9,,0.00566,synthetic_seed
TX,2023,black,non-hisp,m,10-14,,0.0062,synthetic_seed
TX,2023,black,non-hisp,m,15-19,,0.01495,synthetic_seed
TX,2023,black,non-hisp,m,20-24,,0.02794,synthetic_seed
TX,2023,black,non-hisp,m,25-29,,0.03032,synthetic_seed
TX,2023,black,non-hisp,m,30-34,,0.01915,synthetic_seed
TX,2023,black,non-hisp,m,35-39,,0.02881,synthetic_seed
TX,2023,black,non-hisp,m,40-44,,0.02802,synthetic_seed
TX,2023,black,non-hisp,m,45-49,,0.01313,synthetic_seed
TX,2023,black,non-hisp,m,50-54,,0.01261,synthetic_seed
TX,2023,black,non-hisp,m,55-59,,0.00324,synthetic_seed
TX,2023,black,non-hisp,m,60-64,,0.00647,synthetic_seed
TX,2023,black,non-hisp,m,65-69,,0.00483,synthetic_seed
TX,2023,black,non-hisp,m,70-74,,0.00578,synthetic_seed
TX,2023,black,non-hisp,m,75-79,,0.00531,synthetic_seed
TX,2023,black,non-hisp,m,80-84,,0.00617,synthetic_seed
TX,2023,black,non-hisp,m,85+,,0.00625,synthetic_seed
TX,2023,black,non-hisp,f,0-4,,0.00645,synthetic_seed
TX,2023,black,non-hisp,f,5-9,,0.00448,synthetic_seed
TX,2023,black,non-hisp,f,10-14,,0.00654,synthetic_seed
TX,2023,black,non-hisp,f,15-19,,0.01295,synthetic_seed
TX,2023,black,non-hisp,f,20-24,,0.02403,synthetic_seed
TX,2023,black,non-hisp,f,25-29,,0.02411,synthetic_seed
TX,2023,black,non-hisp,f,30-34,,0.02931,synthetic_seed
TX,2023,black,non-hisp,f,35-39,,0.01674,synthetic_seed
TX,2023,black,non-hisp,f,40-44,,0.02845,synthetic_seed
TX,2023,black,non-hisp,f,45-49,,0.01262,synthetic_seed
TX,2023,black,non-hisp,f,50-54,,0.014,synthetic_seed
TX,2023,black,non-hisp,f,55-59,,0.00507,synthetic_seed
TX,2023,black,non-hisp,f,60-64,,0.00545,synthetic_seed
TX,2023,black,non-hisp,f,65-69,,0.00609,synthetic_seed
TX,2023,black,non-hisp,f,70-74,,0.00438,synthetic_seed
TX,2023,black,non-hisp,f,75-79,,0.00446,synthetic_seed
TX,2023,black,non-hisp,f,80-84,,0.00499,synthetic_seed
TX,2023,black,non-hisp,f,85+,,0.00508,synthetic_seed
TX,2023,black,hisp,m,0-4,,0.00555,synthetic_seed
TX,2023,black,hisp,m,5-9,,0.00405,synthetic_seed
TX,2023,black,hisp,m,10-14,,0.00563,synthetic_seed
TX,2023,black,hisp,m,15-19,,0.01175,synthetic_seed
TX,2023,black,hisp,m,20-24,,0.01839,synthetic_seed
TX,2023,black,hisp,m,25-29,,0.0341,synthetic_seed
TX,2023,black,hisp,m,30-34,,0.03443,synthetic_seed
TX,2023,black,hisp,m,35-39,,0.03133,synthetic_seed
TX,2023,black,hisp,m,40-44,,0.0383,synthetic_seed
TX,2023,black,hisp,m,45-49,,0.01279,synthetic_seed
TX,2023,black,hisp,m,50-54,,0.01433,synthetic_seed
TX,2023,black,hisp,m,55-59,,0.00378,synthetic_seed
TX,2023,black,hisp,m,60-64,,0.00669,synthetic_seed
TX,2023,black,hisp,m,65-69,,0.00579,synthetic_seed
TX,2023,black,hisp,m,70-74,,0.00502,synthetic_seed
TX,2023,black,hisp,m,75-79,,0.00494,synthetic_seed
TX,2023,black,hisp,m,80-84,,0.00483,synthetic_seed
TX,2023,black,hisp,m,85+,,0.00601,synthetic_seed
TX,2023,black,hisp,f,0-4,,0.00564,synthetic_seed
TX,2023,black,hisp,f,5-9,,0.00666,synthetic_seed
TX,2023,black,hisp,f,10-14,,0.00665,synthetic_seed
TX,2023,black,hisp,f,15-19,,0.0152,synthetic_seed
TX,2023,black,hisp,f,20-24,,0.02144,synthetic_seed
TX,2023,black,hisp,f,25-29,,0.02823,synthetic_seed
TX,2023,black,hisp,f,30-34,,0.02416,synthetic_seed
TX,2023,black,hisp,f,35-39,,0.02619,synthetic_seed
TX,2023,black,hisp,f,40-44,,0.02656,synthetic_seed
TX,2023,black,hisp,f,45-49,,0.01366,synthetic_seed
TX,2023,black,hisp,f,50-54,,0.01455,synthetic_seed
TX,2023,black,hisp,f,55-59,,0.00778,synthetic_seed
TX,2023,black,hisp,f,60-64,,0.00557,synthetic_seed
TX,2023,black,hisp,f,65-69,,0.00589,synthetic_seed
TX,2023,black,hisp,f,70-74,,0.00422,synthetic_seed
TX,2023,black,hisp,f,75-79,,0.00419,synthetic_seed
TX,2023,black,hisp,f,80-84,,0.005,synthetic_seed
TX,2023,black,hisp,f,85+,,0.00497,synthetic_seed
TX,2023,asian,non-hisp,m,0-4,,0.00483,synthetic_seed
TX,2023,asian,non-hisp,m,5-9,,0.00549,synthetic_seed
TX,2023,asian,non-hisp,m,10-14,,0.00522,synthetic_seed
TX,2023,asian,non-hisp,m,15-19,,0.0157,synthetic_seed
TX,2023,asian,non-hisp,m,20-24,,0.02945,synthetic_seed
TX,2023,asian,non-hisp,m,25-29,,0.03295,synthetic_seed
TX,2023,asian,non-hisp,m,30-34,,0.02217,synthetic_seed
TX,2023,asian,non-hisp,m,35-39,,0.02179,synthetic_seed
TX,2023,asian,non-hisp,m,40-44,,0.03347,synthetic_seed
TX,2023,asian,non-hisp,m,45-49,,0.01413,synthetic_seed
TX,2023,asian,non-hisp,m,50-54,,0.01263,synthetic_seed
TX,2023,asian,non-hisp,m,55-59,,0.00416,synthetic_seed
TX,2023,asian,non-hisp,m,60-64,,0.00586,synthetic_seed
TX,2023,asian,non-hisp,m,65-69,,0.00493,synthetic_seed
TX,2023,asian,non-hisp,m,70-74,,0.00392,synthetic_seed
TX,2023,asian,non-hisp,m,75-79,,0.00572,synthetic_seed
TX,2023,asian,non-hisp,m,80-84,,0.00416,synthetic_seed
TX,2023,asian,non-hisp,m,85+,,0.00519,synthetic_seed
TX,2023,asian,non-hisp,f,0-4,,0.00592,synthetic_seed
TX,2023,asian,non-hisp,f,5-9,,0.00467,synthetic_seed
TX,2023,asian,non-hisp,f,10-14,,0.00296,synthetic_seed
TX,2023,asian,non-hisp,f,15-19,,0.01395,synthetic_seed
TX,2023,asian,non-hisp,f,20-24,,0.02723,synthetic_seed
TX,2023,asian,non-hisp,f,25-29,,0.03674,synthetic_seed
TX,2023,asian,non-hisp,f,30-34,,0.03404,synthetic_seed
TX,2023,asian,non-hisp,f,35-39,,0.02108,synthetic_seed
TX,2023,asian,non-hisp,f,40-44,,0.03196,synthetic_seed
TX,2023,asian,non-hisp,f,45-49,,0.01657,synthetic_seed
TX,2023,asian,non-hisp,f,50-54,,0.01309,synthetic_seed
TX,2023,asian,non-hisp,f,55-59,,0.00578,synthetic_seed
TX,2023,asian,non-hisp,f,60-64,,0.00768,synthetic_seed
TX,2023,asian,non-hisp,f,65-69,,0.00592,synthetic_seed
TX,2023,asian,non-hisp,f,70-74,,0.00594,synthetic_seed
TX,2023,asian,non-hisp,f,75-79,,0.00629,synthetic_seed
TX,2023,asian,non-hisp,f,80-84,,0.00673,synthetic_seed
TX,2023,asian,non-hisp,f,85+,,0.00521,synthetic_seed
TX,2023,asian,hisp,m,0-4,,0.0047,synthetic_seed
TX,2023,asian,hisp,m,5-9,,0.00415,synthetic_seed
TX,2023,asian,hisp,m,10-14,,0.00654,synthetic_seed
TX,2023,asian,hisp,m,15-19,,0.01502,synthetic_seed
TX,2023,asian,hisp,m,20-24,,0.02833,synthetic_seed
TX,2023,asian,hisp,m,25-29,,0.02795,synthetic_seed
TX,2023,asian,hisp,m,30-34,,0.0245,synthetic_seed
TX,2023,asian,hisp,m,35-39,,0.02581,synthetic_seed
TX,2023,asian,hisp,m,40-44,,0.0277,synthetic_seed
TX,2023,asian,hisp,m,45-49,,0.01203,synthetic_seed
TX,2023,asian,hisp,m,50-54,,0.01471,synthetic_seed
TX,2023,asian,hisp,m,55-59,,0.00512,synthetic_seed
TX,2023,asian,hisp,m,60-64,,0.00562,synthetic_seed
TX,2023,asian,hisp,m,65-69,,0.00657,synthetic_seed
TX,2023,asian,hisp,m,70-74,,0.00544,synthetic_seed
TX,2023,asian,hisp,m,75-79,,0.00525,synthetic_seed
TX,2023,asian,hisp,m,80-84,,0.00661,synthetic_seed
TX,2023,asian,hisp,m,85+,,0.00676,synthetic_seed
TX,2023,asian,hisp,f,0-4,,0.006,synthetic_seed
TX,2023,asian,hisp,f,5-9,,0.00648,synthetic_seed
TX,2023,asian,hisp,f,10-14,,0.00544,synthetic_seed
TX,2023,asian,hisp,f,15-19,,0.01389,synthetic_seed
TX,2023,asian,hisp,f,20-24,,0.02817,synthetic_seed
TX,2023,asian,hisp,f,25-29,,0.03339,synthetic_seed
TX,2023,asian,hisp,f,30-34,,0.02901,synthetic_seed
TX,2023,asian,hisp,f,35-39,,0.03609,synthetic_seed
TX,2023,asian,hisp,f,40-44,,0.0297,synthetic_seed
TX,2023,asian,hisp,f,45-49,,0.01042,synthetic_seed
TX,2023,asian,hisp,f,50-54,,0.01547,synthetic_seed
TX,2023,asian,hisp,f,55-59,,0.00442,synthetic_seed
TX,2023,asian,hisp,f,60-64,,0.00602,synthetic_seed
TX,2023,asian,hisp,f,65-69,,0.00462,synthetic_seed
TX,2023,asian,hisp,f,70-74,,0.0061,synthetic_seed
TX,2023,asian,hisp,f,75-79,,0.00583,synthetic_seed
TX,2023,asian,hisp,f,80-84,,0.00513,synthetic_seed
TX,2023,asian,hisp,f,85+,,0.00506,synthetic_seed
TX,2023,other,non-hisp,m,0-4,,0.00523,synthetic_seed
TX,2023,other,non-hisp,m,5-9,,0.00428,synthetic_seed
TX,2023,other,non-hisp,m,10-14,,0.00535,synthetic_seed
TX,2023,other,non-hisp,m,15-19,,0.0124,synthetic_seed
TX,2023,other,non-hisp,m,20-24,,0.02452,synthetic_seed
TX,2023,other,non-hisp,m,25-29,,0.03247,synthetic_seed
TX,2023,other,non-hisp,m,30-34,,0.0314,synthetic_seed
TX,2023,other,non-hisp,m,35-39,,0.0218,synthetic_seed
TX,2023,other,non-hisp,m,40-44,,0.03041,synthetic_seed
TX,2023,other,non-hisp,m,45-49,,0.01616,synthetic_seed
TX,2023,other,non-hisp,m,50-54,,0.01421,synthetic_seed
TX,2023,other,non-hisp,m,55-59,,0.0051,synthetic_seed
TX,2023,other,non-hisp,m,60-64,,0.00583,synthetic_seed
TX,2023,other,non-hisp,m,65-69,,0.00621,synthetic_seed
TX,2023,other,non-hisp,m,70-74,,0.00682,synthetic_seed
TX,2023,other,non-hisp,m,75-79,,0.00481,synthetic_seed
TX,2023,other,non-hisp,m,80-84,,0.00688,synthetic_seed
TX,2023,other,non-hisp,m,85+,,0.00539,synthetic_seed
TX,2023,other,non-hisp,f,0-4,,0.00667,synthetic_seed
TX,2023,other,non-hisp,f,5-9,,0.00573,synthetic_seed
TX,2023,other,non-hisp,f,10-14,,0.00582,synthetic_seed
TX,2023,other,non-hisp,f,15-19,,0.01622,synthetic_seed
TX,2023,other,non-hisp,f,20-24,,0.03031,synthetic_seed
TX,2023,other,non-hisp,f,25-29,,0.02799,synthetic_seed
TX,2023,other,non-hisp,f,30-34,,0.02664,synthetic_seed
TX,2023,other,non-hisp,f,35-39,,0.03482,synthetic_seed
TX,2023,other,non-hisp,f,40-44,,0.02646,synthetic_seed
TX,2023,other,non-hisp,f,45-49,,0.01365,synthetic_seed
TX,2023,other,non-hisp,f,50-54,,0.01512,synthetic_seed
TX,2023,other,non-hisp,f,55-59,,0.00607,synthetic_seed
TX,2023,other,non-hisp,f,60-64,,0.00545,synthetic_seed
TX,2023,other,non-hisp,f,65-69,,0.00742,synthetic_seed
TX,2023,other,non-hisp,f,70-74,,0.00623,synthetic_seed
TX,2023,other,non-hisp,f,75-79,,0.0052,synthetic_seed
TX,2023,other,non-hisp,f,80-84,,0.00487,synthetic_seed
TX,2023,other,non-hisp,f,85+,,0.00392,synthetic_seed
TX,2023,other,hisp,m,0-4,,0.00566,synthetic_seed
TX,2023,other,hisp,m,5-9,,0.00534,synthetic_seed
TX,2023,other,hisp,m,10-14,,0.00478,synthetic_seed
TX,2023,other,hisp,m,15-19,,0.01059,synthetic_seed
TX,2023,other,hisp,m,20-24,,0.01908,synthetic_seed
TX,2023,other,hisp,m,25-29,,0.02385,synthetic_seed
TX,2023,other,hisp,m,30-34,,0.02508,synthetic_seed
TX,2023,other,hisp,m,35-39,,0.03185,synthetic_seed
TX,2023,other,hisp,m,40-44,,0.0351,synthetic_seed
TX,2023,other,hisp,m,45-49,,0.01392,synthetic_seed
TX,2023,other,hisp,m,50-54,,0.01494,synthetic_seed
TX,2023,other,hisp,m,55-59,,0.00618,synthetic_seed
TX,2023,other,hisp,m,60-64,,0.00589,synthetic_seed
TX,2023,other,hisp,m,65-69,,0.00492,synthetic_seed
TX,2023,other,hisp,m,70-74,,0.00499,synthetic_seed
TX,2023,other,hisp,m,75-79,,0.00563,synthetic_seed
TX,2023,other,hisp,m,80-84,,0.0052,synthetic_seed
TX,2023,other,hisp,m,85+,,0.00551,synthetic_seed
TX,2023,other,hisp,f,0-4,,0.00621,synthetic_seed
TX,2023,other,hisp,f,5-9,,0.00623,synthetic_seed
TX,2023,other,hisp,f,10-14,,0.00692,synthetic_seed
TX,2023,other,hisp,f,15-19,,0.01269,synthetic_seed
TX,2023,other,hisp,f,20-24,,0.02645,synthetic_seed
TX,2023,other,hisp,f,25-29,,0.02866,synthetic_seed
TX,2023,other,hisp,f,30-34,,0.02389,synthetic_seed
TX,2023,other,hisp,f,35-39,,0.02572,synthetic_seed
TX,2023,other,hisp,f,40-44,,0.02203,synthetic_seed
TX,2023,other,hisp,f,45-49,,0.01062,synthetic_seed
TX,2023,other,hisp,f,50-54,,0.01003,synthetic_seed
TX,2023,other,hisp,f,55-59,,0.00475,synthetic_seed
TX,2023,other,hisp,f,60-64,,0.00312,synthetic_seed
TX,2023,other,hisp,f,65-69,,0.00514,synthetic_seed
TX,2023,other,hisp,f,70-74,,0.00535,synthetic_seed
TX,2023,other,hisp,f,75-79,,0.00439,synthetic_seed
TX,2023,other,hisp,f,80-84,,0.00518,synthetic_seed
TX,2023,other,hisp,f,85+,,0.00468,synthetic_seed
UT,2023,white,non-hisp,m,0-4,,0.00381,synthetic_seed
UT,2023,white,non-hisp,m,5-9,,0.00417,synthetic_seed
UT,2023,white,non-hisp,m,10-14,,0.00423,synthetic_seed
UT,2023,white,non-hisp,m,15-19,,0.01193,synthetic_seed
UT,2023,white,non-hisp,m,20-24,,0.02057,synthetic_seed
UT,2023,white,non-hisp,m,25-29,,0.02037,synthetic_seed
UT,2023,white,non-hisp,m,30-34,,0.01831,synthetic_seed
UT,2023,white,non-hisp,m,35-39,,0.02805,synthetic_seed
UT,2023,white,non-hisp,m,40-44,,0.02299,synthetic_seed
UT,2023,white,non-hisp,m,45-49,,0.01308,synthetic_seed
UT,2023,white,non-hisp,m,50-54,,0.0073,synthetic_seed
UT,2023,white,non-hisp,m,55-59,,0.0055,synthetic_seed
UT,2023,white,non-hisp,m,60-64,,0.00318,synthetic_seed
UT,2023,white,non-hisp,m,65-69,,0.00461,synthetic_seed
UT,2023,white,non-hisp,m,70-74,,0.00416,synthetic_seed
UT,2023,white,non-hisp,m,75-79,,0.0043,synthetic_seed
UT,2023,white,non-hisp,m,80-84,,0.00424,synthetic_seed
UT,2023,white,non-hisp,m,85+,,0.00569,synthetic_seed
UT,2023,white,non-hisp,f,0-4,,0.00382,synthetic_seed
UT,2023,white,non-hisp,f,5-9,,0.0036,synthetic_seed
UT,2023,white,non-hisp,f,10-14,,0.00486,synthetic_seed
UT,2023,white,non-hisp,f,15-19,,0.01139,synthetic_seed
UT,2023,white,non-hisp,f,20-24,,0.0193,synthetic_seed
UT,2023,white,non-hisp,f,25-29,,0.02013,synthetic_seed
UT,2023,white,non-hisp,f,30-34,,0.01762,synthetic_seed
UT,2023,white,non-hisp,f,35-39,,0.02207,synthetic_seed
UT,2023,white,non-hisp,f,40-44,,0.02568,synthetic_seed
UT,2023,white,non-hisp,f,45-49,,0.0083,synthetic_seed
UT,2023,white,non-hisp,f,50-54,,0.01289,synthetic_seed
UT,2023,white,non-hisp,f,55-59,,0.00432,synthetic_seed
UT,2023,white,non-hisp,f,60-64,,0.00436,synthetic_seed
UT,2023,white,non-hisp,f,65-69,,0.005,synthetic_seed
UT,2023,white,non-hisp,f,70-74,,0.00431,synthetic_seed
UT,2023,white,non-hisp,f,75-79,,0.00452,synthetic_seed
UT,2023,white,non-hisp,f,80-84,,0.00382,synthetic_seed
UT,2023,white,non-hisp,f,85+,,0.00391,synthetic_seed
UT,2023,white,hisp,m,0-4,,0.00467,synthetic_seed
UT,2023,white,hisp,m,5-9,,0.00404,synthetic_seed
UT,2023,white,hisp,m,10-14,,0.00514,synthetic_seed
UT,2023,white,hisp,m,15-19,,0.00749,synthetic_seed
UT,2023,white,hisp,m,20-24,,0.02612,synthetic_seed
UT,2023,white,hisp,m,25-29,,0.02647,synthetic_seed
UT,2023,white,hisp,m,30-34,,0.02265,synthetic_seed
UT,2023,white,hisp,m,35-39,,0.0244,synthetic_seed
UT,2023,white,hisp,m,40-44,,0.0236,synthetic_seed
UT,2023,white,hisp,m,45-49,,0.01151,synthetic_seed
UT,2023,white,hisp,m,50-54,,0.01193,synthetic_seed
UT,2023,white,hisp,m,55-59,,0.00418,synthetic_seed
UT,2023,white,hisp,m,60-64,,0.00462,synthetic_seed
UT,2023,white,hisp,m,65-69,,0.00409,synthetic_seed
UT,2023,white,hisp,m,70-74,,0.00419,synthetic_seed
UT,2023,white,hisp,m,75-79,,0.0042,synthetic_seed
UT,2023,white,hisp,m,80-84,,0.00487,synthetic_seed
UT,2023,white,hisp,m,85+,,0.00389,synthetic_seed
UT,2023,white,hisp,f,0-4,,0.00432,synthetic_seed
UT,2023,white,hisp,f,5-9,,0.005,synthetic_seed
UT,2023,white,hisp,f,10-14,,0.00407,synthetic_seed
UT,2023,white,hisp,f,15-19,,0.01062,synthetic_seed
UT,2023,white,hisp,f,20-24,,0.01944,synthetic_seed
UT,2023,white,hisp,f,25-29,,0.01865,synthetic_seed
UT,2023,white,hisp,f,30-34,,0.02495,synthetic_seed
UT,2023,white,hisp,f,35-39,,0.02223,synthetic_seed
UT,2023,white,hisp,f,40-44,,0.02053,synthetic_seed
UT,2023,white,hisp,f,45-49,,0.00933,synthetic_seed
UT,2023,white,hisp,f,50-54,,0.01003,synthetic_seed
UT,2023,white,hisp,f,55-59,,0.00438,synthetic_seed
UT,2023,white,hisp,f,60-64,,0.00402,synthetic_seed
UT,2023,white,hisp,f,65-69,,0.00448,synthetic_seed
UT,2023,white,hisp,f,70-74,,0.00426,synthetic_seed
UT,2023,white,hisp,f,75-79,,0.00416,synthetic_seed
UT,2023,white,hisp,f,80-84,,0.00403,synthetic_seed
UT,2023,white,hisp,f,85+,,0.00587,synthetic_seed
UT,2023,black,non-hisp,m,0-4,,0.00415,synthetic_seed
UT,2023,black,non-hisp,m,5-9,,0.00292,synthetic_seed
UT,2023,black,non-hisp,m,10-14,,0.00469,synthetic_seed
UT,2023,black,non-hisp,m,15-19,,0.0135,synthetic_seed
UT,2023,black,non-hisp,m,20-24,,0.02152,synthetic_seed
UT,2023,black,non-hisp,m,25-29,,0.02352,synthetic_seed
UT,2023,black,non-hisp,m,30-34,,0.02039,synthetic_seed
UT,2023,black,non-hisp,m,35-39,,0.02405,synthetic_seed
UT,2023,black,non-hisp,m,40-44,,0.01784,synthetic_seed
UT,2023,black,non-hisp,m,45-49,,0.00949,synthetic_seed
UT,2023,black,non-hisp,m,50-54,,0.00851,synthetic_seed
UT,2023,black,non-hisp,m,55-59,,0.005,synthetic_seed
UT,2023,black,non-hisp,m,60-64,,0.00493,synthetic_seed
UT,2023,black,non-hisp,m,65-69,,0.0036,synthetic_seed
UT,2023,black,non-hisp,m,70-74,,0.00407,synthetic_seed
UT,2023,black,non-hisp,m,75-79,,0.0031,synthetic_seed
UT,2023,black,non-hisp,m,80-84,,0.0056,synthetic_seed
UT,2023,black,non-hisp,m,85+,,0.00385,synthetic_seed
UT,2023,black,non-hisp,f,0-4,,0.00557,synthetic_seed
UT,2023,black,non-hisp,f,5-9,,0.0039,synthetic_seed
UT,2023,black,non-hisp,f,10-14,,0.00519,synthetic_seed
UT,2023,black,non-hisp,f,15-19,,0.00947,synthetic_seed
UT,2023,black,non-hisp,f,20-24,,0.02049,synthetic_seed
UT,2023,black,non-hisp,f,25-29,,0.0243,synthetic_seed
UT,2023,black,non-hisp,f,30-34,,0.02617,synthetic_seed
UT,2023,black,non-hisp,f,35-39,,0.02577,synthetic_seed
UT,2023,black,non-hisp,f,40-44,,0.01534,synthetic_seed
UT,2023,black,non-hisp,f,45-49,,0.01094,synthetic_seed
UT,2023,black,non-hisp,f,50-54,,0.01206,synthetic_seed
UT,2023,black,non-hisp,f,55-59,,0.00376,synthetic_seed
UT,2023,black,non-hisp,f,60-64,,0.0052,synthetic_seed
UT,2023,black,non-hisp,f,65-69,,0.00438,synthetic_seed
UT,2023,black,non-hisp,f,70-74,,0.00366,synthetic_seed
UT,2023,black,non-hisp,f,75-79,,0.0038,synthetic_seed
UT,2023,black,non-hisp,f,80-84,,0.00429,synthetic_seed
UT,2023,black,non-hisp,f,85+,,0.00448,synthetic_seed
UT,2023,black,hisp,m,0-4,,0.00466,synthetic_seed
UT,2023,black,hisp,m,5-9,,0.00381,synthetic_seed
UT,2023,black,hisp,m,10-14,,0.00506,synthetic_seed
UT,2023,black,hisp,m,15-19,,0.01,synthetic_seed
UT,2023,black,hisp,m,20-24,,0.025,synthetic_seed
UT,2023,black,hisp,m,25-29,,0.02689,synthetic_seed
UT,2023,black,hisp,m,30-34,,0.02309,synthetic_seed
UT,2023,black,hisp,m,35-39,,0.02614,synthetic_seed
UT,2023,black,hisp,m,40-44,,0.02139,synthetic_seed
UT,2023,black,hisp,m,45-49,,0.01107,synthetic_seed
UT,2023,black,hisp,m,50-54,,0.00639,synthetic_seed
UT,2023,black,hisp,m,55-59,,0.00303,synthetic_seed
UT,2023,black,hisp,m,60-64,,0.0036,synthetic_seed
UT,2023,black,hisp,m,65-69,,0.00317,synthetic_seed
UT,2023,black,hisp,m,70-74,,0.00468,synthetic_seed
UT,2023,black,hisp,m,75-79,,0.00423,synthetic_seed
UT,2023,black,hisp,m,80-84,,0.00429,synthetic_seed
UT,2023,black,hisp,m,85+,,0.00419,synthetic_seed
UT,2023,black,hisp,f,0-4,,0.00573,synthetic_seed
UT,2023,black,hisp,f,5-9,,0.00452,synthetic_seed
UT,2023,black,hisp,f,10-14,,0.00339,synthetic_seed
UT,2023,black,hisp,f,15-19,,0.01205,synthetic_seed
UT,2023,black,hisp,f,20-24,,0.01833,synthetic_seed
UT,2023,black,hisp,f,25-29,,0.02066,synthetic_seed
UT,2023,black,hisp,f,30-34,,0.01414,synthetic_seed
UT,2023,black,hisp,f,35-39,,0.02504,synthetic_seed
UT,2023,black,hisp,f,40-44,,0.0176,synthetic_seed
UT,2023,black,hisp,f,45-49,,0.00808,synthetic_seed
UT,2023,black,hisp,f,50-54,,0.01225,synthetic_seed
UT,2023,black,hisp,f,55-59,,0.00329,synthetic_seed
UT,2023,black,hisp,f,60-64,,0.00447,synthetic_seed
UT,2023,black,hisp,f,65-69,,0.00428,synthetic_seed
UT,2023,black,hisp,f,70-74,,0.0033,synthetic_seed
UT,2023,black,hisp,f,75-79,,0.00445,synthetic_seed
UT,2023,black,hisp,f,80-84,,0.00393,synthetic_seed
UT,2023,black,hisp,f,85+,,0.00349,synthetic_seed
UT,2023,asian,non-hisp,m,0-4,,0.00448,synthetic_seed
UT,2023,asian,non-hisp,m,5-9,,0.00493,synthetic_seed
UT,2023,asian,non-hisp,m,10-14,,0.00586,synthetic_seed
UT,2023,asian,non-hisp,m,15-19,,0.01021,synthetic_seed
UT,2023,asian,non-hisp,m,20-24,,0.01969,synthetic_seed
UT,2023,asian,non-hisp,m,25-29,,0.02542,synthetic_seed
UT,2023,asian,non-hisp,m,30-34,,0.02478,synthetic_seed
UT,2023,asian,non-hisp,m,35-39,,0.02225,synthetic_seed
UT,2023,asian,non-hisp,m,40-44,,0.01999,synthetic_seed
UT,2023,asian,non-hisp,m,45-49,,0.00935,synthetic_seed
UT,2023,asian,non-hisp,m,50-54,,0.00902,synthetic_seed
UT,2023,asian,non-hisp,m,55-59,,0.00521,synthetic_seed
UT,2023,asian,non-hisp,m,60-64,,0.00496,synthetic_seed
UT,2023,asian,non-hisp,m,65-69,,0.00477,synthetic_seed
UT,2023,asian,non-hisp,m,70-74,,0.00433,synthetic_seed
UT,2023,asian,non-hisp,m,75-79,,0.00473,synthetic_seed
UT,2023,asian,non-hisp,m,80-84,,0.00435,synthetic_seed
UT,2023,asian,non-hisp,m,85+,,0.00456,synthetic_seed
UT,2023,asian,non-hisp,f,0-4,,0.00419,synthetic_seed
UT,2023,asian,non-hisp,f,5-9,,0.00487,synthetic_seed
UT,2023,asian,non-hisp,f,10-14,,0.00386,synthetic_seed
UT,2023,asian,non-hisp,f,15-19,,0.01016,synthetic_seed
UT,2023,asian,non-hisp,f,20-24,,0.02165,synthetic_seed
UT,2023,asian,non-hisp,f,25-29,,0.02287,synthetic_seed
UT,2023,asian,non-hisp,f,30-34,,0.01831,synthetic_seed
UT,2023,asian,non-hisp,f,35-39,,0.02418,synthetic_seed
UT,2023,asian,non-hisp,f,40-44,,0.02408,synthetic_seed
UT,2023,asian,non-hisp,f,45-49,,0.01016,synthetic_seed
UT,2023,asian,non-hisp,f,50-54,,0.01114,synthetic_seed
UT,2023,asian,non-hisp,f,55-59,,0.00533,synthetic_seed
UT,2023,asian,non-hisp,f,60-64,,0.00434,synthetic_seed
UT,2023,asian,non-hisp,f,65-69,,0.00456,synthetic_seed
UT,2023,asian,non-hisp,f,70-74,,0.0048,synthetic_seed
UT,2023,asian,non-hisp,f,75-79,,0.00501,synthetic_seed
UT,2023,asian,non-hisp,f,80-84,,0.00326,synthetic_seed
UT,2023,asian,non-hisp,f,85+,,0.0037,synthetic_seed
UT,2023,asian,hisp,m,0-4,,0.00394,synthetic_seed
UT,2023,asian,hisp,m,5-9,,0.00419,synthetic_seed
UT,2023,asian,hisp,m,10-14,,0.00357,synthetic_seed
UT,2023,asian,hisp,m,15-19,,0.00952,synthetic_seed
UT,2023,asian,hisp,m,20-24,,0.01874,synthetic_seed
UT,2023,asian,hisp,m,25-29,,0.0204,synthetic_seed
UT,2023,asian,hisp,m,30-34,,0.02052,synthetic_seed
UT,2023,asian,hisp,m,35-39,,0.02102,synthetic_seed
UT,2023,asian,hisp,m,40-44,,0.02444,synthetic_seed
UT,2023,asian,hisp,m,45-49,,0.00838,synthetic_seed
UT,2023,asian,hisp,m,50-54,,0.00865,synthetic_seed
UT,2023,asian,hisp,m,55-59,,0.00439,synthetic_seed
UT,2023,asian,hisp,m,60-64,,0.00526,synthetic_seed
UT,2023,asian,hisp,m,65-69,,0.00455,synthetic_seed
UT,2023,asian,hisp,m,70-74,,0.0044,synthetic_seed
UT,2023,asian,hisp,m,75-79,,0.00504,synthetic_seed
UT,2023,asian,hisp,m,80-84,,0.00475,synthetic_seed
UT,2023,asian,hisp,m,85+,,0.00366,synthetic_seed
UT,2023,asian,hisp,f,0-4,,0.00559,synthetic_seed
UT,2023,asian,hisp,f,5-9,,0.005,synthetic_seed
UT,2023,asian,hisp,f,10-14,,0.00397,synthetic_seed
UT,2023,asian,hisp,f,15-19,,0.01197,synthetic_seed
UT,2023,asian,hisp,f,20-24,,0.02457,synthetic_seed
UT,2023,asian,hisp,f,25-29,,0.02579,synthetic_seed
UT,2023,asian,hisp,f,30-34,,0.0235,synthetic_seed
UT,2023,asian,hisp,f,35-39,,0.02322,synthetic_seed
UT,2023,asian,hisp,f,40-44,,0.02375,synthetic_seed
UT,2023,asian,hisp,f,45-49,,0.00969,synthetic_seed
UT,2023,asian,hisp,f,50-54,,0.0089,synthetic_seed
UT,2023,asian,hisp,f,55-59,,0.00369,synthetic_seed
UT,2023,asian,hisp,f,60-64,,0.00519,synthetic_seed
UT,2023,asian,hisp,f,65-69,,0.00391,synthetic_seed
UT,2023,asian,hisp,f,70-74,,0.00489,synthetic_seed
UT,2023,asian,hisp,f,75-79,,0.00448,synthetic_seed
UT,2023,asian,hisp,f,80-84,,0.00363,synthetic_seed
UT,2023,asian,hisp,f,85+,,0.00407,synthetic_seed
UT,2023,other,non-hisp,m,0-4,,0.00322,synthetic_seed
UT,2023,other,non-hisp,m,5-9,,0.00534,synthetic_seed
UT,2023,other,non-hisp,m,10-14,,0.00409,synthetic_seed
UT,2023,other,non-hisp,m,15-19,,0.00881,synthetic_seed
UT,2023,other,non-hisp,m,20-24,,0.01756,synthetic_seed
UT,2023,other,non-hisp,m,25-29,,0.02173,synthetic_seed
UT,2023,other,non-hisp,m,30-34,,0.02093,synthetic_seed
UT,2023,other,non-hisp,m,35-39,,0.01956,synthetic_seed
UT,2023,other,non-hisp,m,40-44,,0.02644,synthetic_seed
UT,2023,other,non-hisp,m,45-49,,0.01092,synthetic_seed
UT,2023,other,non-hisp,m,50-54,,0.01302,synthetic_seed
UT,2023,other,non-hisp,m,55-59,,0.00279,synthetic_seed
UT,2023,other,non-hisp,m,60-64,,0.0051,synthetic_seed
UT,2023,other,non-hisp,m,65-69,,0.00436,synthetic_seed
UT,2023,other,non-hisp,m,70-74,,0.00366,synthetic_seed
UT,2023,other,non-hisp,m,75-79,,0.00358,synthetic_seed
UT,2023,other,non-hisp,m,80-84,,0.00614,synthetic_seed
UT,2023,other,non-hisp,m,85+,,0.00466,synthetic_seed
UT,2023,other,non-hisp,f,0-4,,0.0036,synthetic_seed
UT,2023,other,non-hisp,f,5-9,,0.00412,synthetic_seed
UT,2023,other,non-hisp,f,10-14,,0.00486,synthetic_seed
UT,2023,other,non-hisp,f,15-19,,0.01132,synthetic_seed
UT,2023,other,non-hisp,f,20-24,,0.01747,synthetic_seed
UT,2023,other,non-hisp,f,25-29,,0.02264,synthetic_seed
UT,2023,other,non-hisp,f,30-34,,0.02754,synthetic_seed
UT,2023,other,non-hisp,f,35-39,,0.01966,synthetic_seed
UT,2023,other,non-hisp,f,40-44,,0.02517,synthetic_seed
UT,2023,other,non-hisp,f,45-49,,0.01448,synthetic_seed
UT,2023,other,non-hisp,f,50-54,,0.00822,synthetic_seed
UT,2023,other,non-hisp,f,55-59,,0.0044,synthetic_seed
UT,2023,other,non-hisp,f,60-64,,0.00439,synthetic_seed
UT,2023,other,non-hisp,f,65-69,,0.00436,synthetic_seed
UT,2023,other,non-hisp,f,70-74,,0.00363,synthetic_seed
UT,2023,other,non-hisp,f,75-79,,0.00455,synthetic_seed
UT,2023,other,non-hisp,f,80-84,,0.00389,synthetic_seed
UT,2023,other,non-hisp,f,85+,,0.00464,synthetic_seed
UT,2023,other,hisp,m,0-4,,0.00381,synthetic_seed
UT,2023,other,hisp,m,5-9,,0.00405,synthetic_seed
UT,2023,other,hisp,m,10-14,,0.00464,synthetic_seed
UT,2023,other,hisp,m,15-19,,0.01086,synthetic_seed
UT,2023,other,hisp,m,20-24,,0.01707,synthetic_seed
UT,2023,other,hisp,m,25-29,,0.02381,synthetic_seed
UT,2023,other,hisp,m,30-34,,0.01786,synthetic_seed
UT,2023,other,hisp,m,35-39,,0.01884,synthetic_seed
UT,2023,other,hisp,m,40-44,,0.0247,synthetic_seed
UT,2023,other,hisp,m,45-49,,0.01076,synthetic_seed
UT,2023,other,hisp,m,50-54,,0.01152,synthetic_seed
UT,2023,other,hisp,m,55-59,,0.00556,synthetic_seed
UT,2023,other,hisp,m,60-64,,0.00474,synthetic_seed
UT,2023,other,hisp,m,65-69,,0.00435,synthetic_seed
UT,2023,other,hisp,m,70-74,,0.00504,synthetic_seed
UT,2023,other,hisp,m,75-79,,0.0047,synthetic_seed
UT,2023,other,hisp,m,80-84,,0.00422,synthetic_seed
UT,2023,other,hisp,m,85+,,0.00409,synthetic_seed
UT,2023,other,hisp,f,0-4,,0.00483,synthetic_seed
UT,2023,other,hisp,f,5-9,,0.00332,synthetic_seed
UT,2023,other,hisp,f,10-14,,0.00333,synthetic_seed
UT,2023,other,hisp,f,15-19,,0.01154,synthetic_seed
UT,2023,other,hisp,f,20-24,,0.02149,synthetic_seed
UT,2023,other,hisp,f,25-29,,0.01462,synthetic_seed
UT,2023,other,hisp,f,30-34,,0.01288,synthetic_seed
UT,2023,other,hisp,f,35-39,,0.02391,synthetic_seed
UT,2023,other,hisp,f,40-44,,0.0234,synthetic_seed
UT,2023,other,hisp,f,45-49,,0.01162,synthetic_seed
UT,2023,other,hisp,f,50-54,,0.00695,synthetic_seed
UT,2023,other,hisp,f,55-59,,0.00479,synthetic_seed
UT,2023,other,hisp,f,60-64,,0.00472,synthetic_seed
UT,2023,other,hisp,f,65-69,,0.0052,synthetic_seed
UT,2023,other,hisp,f,70-74,,0.00444,synthetic_seed
UT,2023,other,hisp,f,75-79,,0.00306,synthetic_seed
UT,2023,other,hisp,f,80-84,,0.00557,synthetic_seed
UT,2023,other,hisp,f,85+,,0.00502,synthetic_seed
VT,2023,white,non-hisp,m,0-4,,0.00072,synthetic_seed
VT,2023,white,non-hisp,m,5-9,,0.00071,synthetic_seed
VT,2023,white,non-hisp,m,10-14,,0.00096,synthetic_seed
VT,2023,white,non-hisp,m,15-19,,0.00229,synthetic_seed
VT,2023,white,non-hisp,m,20-24,,0.0031,synthetic_seed
VT,2023,white,non-hisp,m,25-29,,0.00383,synthetic_seed
VT,2023,white,non-hisp,m,30-34,,0.00366,synthetic_seed
VT,2023,white,non-hisp,m,35-39,,0.0039,synthetic_seed
VT,2023,white,non-hisp,m,40-44,,0.00425,synthetic_seed
VT,2023,white,non-hisp,m,45-49,,0.00158,synthetic_seed
VT,2023,white,non-hisp,m,50-54,,0.00237,synthetic_seed
VT,2023,white,non-hisp,m,55-59,,0.00071,synthetic_seed
VT,2023,white,non-hisp,m,60-64,,0.00095,synthetic_seed
VT,2023,white,non-hisp,m,65-69,,0.00087,synthetic_seed
VT,2023,white,non-hisp,m,70-74,,0.00068,synthetic_seed
VT,2023,white,non-hisp,m,75-79,,0.00106,synthetic_seed
VT,2023,white,non-hisp,m,80-84,,0.00093,synthetic_seed
VT,2023,white,non-hisp,m,85+,,0.00079,synthetic_seed
VT,2023,white,non-hisp,f,0-4,,0.00091,synthetic_seed
VT,2023,white,non-hisp,f,5-9,,0.00074,synthetic_seed
VT,2023,white,non-hisp,f,10-14,,0.001,synthetic_seed
VT,2023,white,non-hisp,f,15-19,,0.00173,synthetic_seed
VT,2023,white,non-hisp,f,20-24,,0.00519,synthetic_seed
VT,2023,white,non-hisp,f,25-29,,0.00388,synthetic_seed
VT,2023,white,non-hisp,f,30-34,,0.0037,synthetic_seed
VT,2023,white,non-hisp,f,35-39,,0.00432,synthetic_seed
VT,2023,white,non-hisp,f,40-44,,0.00328,synthetic_seed
VT,2023,white,non-hisp,f,45-49,,0.00223,synthetic_seed
VT,2023,white,non-hisp,f,50-54,,0.00184,synthetic_seed
VT,2023,white,non-hisp,f,55-59,,0.00081,synthetic_seed
VT,2023,white,non-hisp,f,60-64,,0.00089,synthetic_seed
VT,2023,white,non-hisp,f,65-69,,0.0012,synthetic_seed
VT,2023,white,non-hisp,f,70-74,,0.00085,synthetic_seed
VT,2023,white,non-hisp,f,75-79,,0.00074,synthetic_seed
VT,2023,white,non-hisp,f,80-84,,0.00108,synthetic_seed
VT,2023,white,non-hisp,f,85+,,0.00086,synthetic_seed
VT,2023,white,hisp,m,0-4,,0.00075,synthetic_seed
VT,2023,white,hisp,m,5-9,,0.00073,synthetic_seed
VT,2023,white,hisp,m,10-14,,0.00079,synthetic_seed
VT,2023,white,hisp,m,15-19,,0.00172,synthetic_seed
VT,2023,white,hisp,m,20-24,,0.00326,synthetic_seed
VT,2023,white,hisp,m,25-29,,0.00417,synthetic_seed
VT,2023,white,hisp,m,30-34,,0.00299,synthetic_seed
VT,2023,white,hisp,m,35-39,,0.00351,synthetic_seed
VT,2023,white,hisp,m,40-44,,0.00362,synthetic_seed
VT,2023,white,hisp,m,45-49,,0.00213,synthetic_seed
VT,2023,white,hisp,m,50-54,,0.00137,synthetic_seed
VT,2023,white,hisp,m,55-59,,0.00065,synthetic_seed
VT,2023,white,hisp,m,60-64,,0.00083,synthetic_seed
VT,2023,white,hisp,m,65-69,,0.00088,synthetic_seed
VT,2023,white,hisp,m,70-74,,0.00047,synthetic_seed
VT,2023,white,hisp,m,75-79,,0.00085,synthetic_seed
VT,2023,white,hisp,m,80-84,,0.00073,synthetic_seed
VT,2023,white,hisp,m,85+,,0.00094,synthetic_seed
VT,2023,white,hisp,f,0-4,,0.0009,synthetic_seed
VT,2023,white,hisp,f,5-9,,0.00087,synthetic_seed
VT,2023,white,hisp,f,10-14,,0.00091,synthetic_seed
VT,2023,white,hisp,f,15-19,,0.00204,synthetic_seed
VT,2023,white,hisp,f,20-24,,0.004,synthetic_seed
VT,2023,white,hisp,f,25-29,,0.00355,synthetic_seed
VT,2023,white,hisp,f,30-34,,0.00509,synthetic_seed
VT,2023,white,hisp,f,35-39,,0.00438,synthetic_seed
VT,2023,white,hisp,f,40-44,,0.00422,synthetic_seed
VT,2023,white,hisp,f,45-49,,0.00159,synthetic_seed
VT,2023,white,hisp,f,50-54,,0.00157,synthetic_seed
VT,2023,white,hisp,f,55-59,,0.00091,synthetic_seed
VT,2023,white,hisp,f,60-64,,0.00078,synthetic_seed
VT,2023,white,hisp,f,65-69,,0.00082,synthetic_seed
VT,2023,white,hisp,f,70-74,,0.00064,synthetic_seed
VT,2023,white,hisp,f,75-79,,0.00094,synthetic_seed
VT,2023,white,hisp,f,80-84,,0.00091,synthetic_seed
VT,2023,white,hisp,f,85+,,0.00098,synthetic_seed
VT,2023,black,non-hisp,m,0-4,,0.00074,synthetic_seed
VT,2023,black,non-hisp,m,5-9,,0.00077,synthetic_seed
VT,2023,black,non-hisp,m,10-14,,0.0008,synthetic_seed
VT,2023,black,non-hisp,m,15-19,,0.00235,synthetic_seed
VT,2023,black,non-hisp,m,20-24,,0.00406,synthetic_seed
VT,2023,black,non-hisp,m,25-29,,0.0038,synthetic_seed
VT,2023,black,non-hisp,m,30-34,,0.00443,synthetic_seed
VT,2023,black,non-hisp,m,35-39,,0.00445,synthetic_seed
VT,2023,black,non-hisp,m,40-44,,0.00418,synthetic_seed
VT,2023,black,non-hisp,m,45-49,,0.00195,synthetic_seed
VT,2023,black,non-hisp,m,50-54,,0.002,synthetic_seed
VT,2023,black,non-hisp,m,55-59,,0.00065,synthetic_seed
VT,2023,black,non-hisp,m,60-64,,0.00075,synthetic_seed
VT,2023,black,non-hisp,m,65-69,,0.00091,synthetic_seed
VT,2023,black,non-hisp,m,70-74,,0.00063,synthetic_seed
VT,2023,black,non-hisp,m,75-79,,0.0008,synthetic_seed
VT,2023,black,non-hisp,m,80-84,,0.00066,synthetic_seed
VT,2023,black,non-hisp,m,85+,,0.00082,synthetic_seed
VT,2023,black,non-hisp,f,0-4,,0.0007,synthetic_seed
VT,2023,black,non-hisp,f,5-9,,0.00104,synthetic_seed
VT,2023,black,non-hisp,f,10-14,,0.00059,synthetic_seed
VT,2023,black,non-hisp,f,15-19,,0.00206,synthetic_seed
VT,2023,black,non-hisp,f,20-24,,0.00517,synthetic_seed
VT,2023,black,non-hisp,f,25-29,,0.00403,synthetic_seed
VT,2023,black,non-hisp,f,30-34,,0.00387,synthetic_seed
VT,2023,black,non-hisp,f,35-39,,0.00355,synthetic_seed
VT,2023,black,non-hisp,f,40-44,,0.00355,synthetic_seed
VT,2023,black,non-hisp,f,45-49,,0.0018,synthetic_seed
VT,2023,black,non-hisp,f,50-54,,0.00247,synthetic_seed
VT,2023,black,non-hisp,f,55-59,,0.00083,synthetic_seed
VT,2023,black,non-hisp,f,60-64,,0.00081,synthetic_seed
VT,2023,black,non-hisp,f,65-69,,0.00075,synthetic_seed
VT,2023,black,non-hisp,f,70-74,,0.00071,synthetic_seed
VT,2023,black,non-hisp,f,75-79,,0.00072,synthetic_seed
VT,2023,black,non-hisp,f,80-84,,0.0008,synthetic_seed
VT,2023,black,non-hisp,f,85+,,0.00084,synthetic_seed
VT,2023,black,hisp,m,0-4,,0.0006,synthetic_seed
VT,2023,black,hisp,m,5-9,,0.00071,synthetic_seed
VT,2023,black,hisp,m,10-14,,0.00114,synthetic_seed
VT,2023,black,hisp,m,15-19,,0.00237,synthetic_seed
VT,2023,black,hisp,m,20-24,,0.00445,synthetic_seed
VT,2023,black,hisp,m,25-29,,0.00461,synthetic_seed
VT,2023,black,hisp,m,30-34,,0.00507,synthetic_seed
VT,2023,black,hisp,m,35-39,,0.00401,synthetic_seed
VT,2023,black,hisp,m,40-44,,0.00325,synthetic_seed
VT,2023,black,hisp,m,45-49,,0.00229,synthetic_seed
VT,2023,black,hisp,m,50-54,,0.00146,synthetic_seed
VT,2023,black,hisp,m,55-59,,0.00099,synthetic_seed
VT,2023,black,hisp,m,60-64,,0.00066,synthetic_seed
VT,2023,black,hisp,m,65-69,,0.00089,synthetic_seed
VT,2023,black,hisp,m,70-74,,0.00056,synthetic_seed
VT,2023,black,hisp,m,75-79,,0.00086,synthetic_seed
VT,2023,black,hisp,m,80-84,,0.00094,synthetic_seed
VT,2023,black,hisp,m,85+,,0.00095,synthetic_seed
VT,2023,black,hisp,f,0-4,,0.00071,synthetic_seed
VT,2023,black,hisp,f,5-9,,0.0007,synthetic_seed
VT,2023,black,hisp,f,10-14,,0.00081,synthetic_seed
VT,2023,black,hisp,f,15-19,,0.0022,synthetic_seed
VT,2023,black,hisp,f,20-24,,0.00373,synthetic_seed
VT,2023,black,hisp,f,25-29,,0.00446,synthetic_seed
VT,2023,black,hisp,f,30-34,,0.00431,synthetic_seed
VT,2023,black,hisp,f,35-39,,0.00403,synthetic_seed
VT,2023,black,hisp,f,40-44,,0.00424,synthetic_seed
VT,2023,black,hisp,f,45-49,,0.00164,synthetic_seed
VT,2023,black,hisp,f,50-54,,0.00207,synthetic_seed
VT,2023,black,hisp,f,55-59,,0.00072,synthetic_seed
VT,2023,black,hisp,f,60-64,,0.0006,synthetic_seed
VT,2023,black,hisp,f,65-69,,0.00064,synthetic_seed
VT,2023,black,hisp,f,70-74,,0.00092,synthetic_seed
VT,2023,black,hisp,f,75-79,,0.0008,synthetic_seed
VT,2023,black,hisp,f,80-84,,0.00094,synthetic_seed
VT,2023,black,hisp,f,85+,,0.00088,synthetic_seed
VT,2023,asian,non-hisp,m,0-4,,0.00101,synthetic_seed
VT,2023,asian,non-hisp,m,5-9,,0.00063,synthetic_seed
VT,2023,asian,non-hisp,m,10-14,,0.00079,synthetic_seed
VT,2023,asian,non-hisp,m,15-19,,0.00205,synthetic_seed
VT,2023,asian,non-hisp,m,20-24,,0.00361,synthetic_seed
VT,2023,asian,non-hisp,m,25-29,,0.00407,synthetic_seed
VT,2023,asian,non-hisp,m,30-34,,0.00337,synthetic_seed
VT,2023,asian,non-hisp,m,35-39,,0.00384,synthetic_seed
VT,2023,asian,non-hisp,m,40-44,,0.0036,synthetic_seed
VT,2023,asian,non-hisp,m,45-49,,0.00251,synthetic_seed
VT,2023,asian,non-hisp,m,50-54,,0.00195,synthetic_seed
VT,2023,asian,non-hisp,m,55-59,,0.00086,synthetic_seed
VT,2023,asian,non-hisp,m,60-64,,0.00083,synthetic_seed
VT,2023,asian,non-hisp,m,65-69,,0.00073,synthetic_seed
VT,2023,asian,non-hisp,m,70-74,,0.00061,synthetic_seed
VT,2023,asian,non-hisp,m,75-79,,0.00085,synthetic_seed
VT,2023,asian,non-hisp,m,80-84,,0.0008,synthetic_seed
VT,2023,asian,non-hisp,m,85+,,0.00061,synthetic_seed
VT,2023,asian,non-hisp,f,0-4,,0.00101,synthetic_seed
VT,2023,asian,non-hisp,f,5-9,,0.00064,synthetic_seed
VT,2023,asian,non-hisp,f,10-14,,0.0008,synthetic_seed
VT,2023,asian,non-hisp,f,15-19,,0.00214,synthetic_seed
VT,2023,asian,non-hisp,f,20-24,,0.00491,synthetic_seed
VT,2023,asian,non-hisp,f,25-29,,0.0046,synthetic_seed
VT,2023,asian,non-hisp,f,30-34,,0.00214,synthetic_seed
VT,2023,asian,non-hisp,f,35-39,,0.00489,synthetic_seed
VT,2023,asian,non-hisp,f,40-44,,0.00281,synthetic_seed
VT,2023,asian,non-hisp,f,45-49,,0.00184,synthetic_seed
VT,2023,asian,non-hisp,f,50-54,,0.00201,synthetic_seed
VT,2023,asian,non-hisp,f,55-59,,0.00062,synthetic_seed
VT,2023,asian,non-hisp,f,60-64,,0.00084,synthetic_seed
VT,2023,asian,non-hisp,f,65-69,,0.00072,synthetic_seed
VT,2023,asian,non-hisp,f,70-74,,0.0009,synthetic_seed
VT,2023,asian,non-hisp,f,75-79,,0.00072,synthetic_seed
VT,2023,asian,non-hisp,f,80-84,,0.00087,synthetic_seed
VT,2023,asian,non-hisp,f,85+,,0.00088,synthetic_seed
VT,2023,asian,hisp,m,0-4,,0.00096,synthetic_seed
VT,2023,asian,hisp,m,5-9,,0.00064,synthetic_seed
VT,2023,asian,hisp,m,10-14,,0.0007,synthetic_seed
VT,2023,asian,hisp,m,15-19,,0.00244,synthetic_seed
VT,2023,asian,hisp,m,20-24,,0.00441,synthetic_seed
VT,2023,asian,hisp,m,25-29,,0.00447,synthetic_seed
VT,2023,asian,hisp,m,30-34,,0.00394,synthetic_seed
VT,2023,asian,hisp,m,35-39,,0.00436,synthetic_seed
VT,2023,asian,hisp,m,40-44,,0.00368,synthetic_seed
VT,2023,asian,hisp,m,45-49,,0.0023,synthetic_seed
VT,2023,asian,hisp,m,50-54,,0.00223,synthetic_seed
VT,2023,asian,hisp,m,55-59,,0.00091,synthetic_seed
VT,2023,asian,hisp,m,60-64,,0.0007,synthetic_seed
VT,2023,asian,hisp,m,65-69,,0.00061,synthetic_seed
VT,2023,asian,hisp,m,70-74,,0.00069,synthetic_seed
VT,2023,asian,hisp,m,75-79,,0.00077,synthetic_seed
VT,2023,asian,hisp,m,80-84,,0.00102,synthetic_seed
VT,2023,asian,hisp,m,85+,,0.0008,synthetic_seed
VT,2023,asian,hisp,f,0-4,,0.00064,synthetic_seed
VT,2023,asian,hisp,f,5-9,,0.00071,synthetic_seed
VT,2023,asian,hisp,f,10-14,,0.00064,synthetic_seed
VT,2023,asian,hisp,f,15-19,,0.00205,synthetic_seed
VT,2023,asian,hisp,f,20-24,,0.00469,synthetic_seed
VT,2023,asian,hisp,f,25-29,,0.00421,synthetic_seed
VT,2023,asian,hisp,f,30-34,,0.00392,synthetic_seed
VT,2023,asian,hisp,f,35-39,,0.00406,synthetic_seed
VT,2023,asian,hisp,f,40-44,,0.00391,synthetic_seed
VT,2023,asian,hisp,f,45-49,,0.00224,synthetic_seed
VT,2023,asian,hisp,f,50-54,,0.00167,synthetic_seed
VT,2023,asian,hisp,f,55-59,,0.00072,synthetic_seed
VT,2023,asian,hisp,f,60-64,,0.00083,synthetic_seed
VT,2023,asian,hisp,f,65-69,,0.00092,synthetic_seed
VT,2023,asian,hisp,f,70-74,,0.00081,synthetic_seed
VT,2023,asian,hisp,f,75-79,,0.00079,synthetic_seed
VT,2023,asian,hisp,f,80-84,,0.00067,synthetic_seed
VT,2023,asian,hisp,f,85+,,0.00084,synthetic_seed
VT,2023,other,non-hisp,m,0-4,,0.00092,synthetic_seed
VT,2023,other,non-hisp,m,5-9,,0.00095,synthetic_seed
VT,2023,other,non-hisp,m,10-14,,0.00063,synthetic_seed
VT,2023,other,non-hisp,m,15-19,,0.00168,synthetic_seed
VT,2023,other,non-hisp,m,20-24,,0.00515,synthetic_seed
VT,2023,other,non-hisp,m,25-29,,0.00417,synthetic_seed
VT,2023,other,non-hisp,m,30-34,,0.0044,synthetic_seed
VT,2023,other,non-hisp,m,35-39,,0.00295,synthetic_seed
VT,2023,other,non-hisp,m,40-44,,0.00446,synthetic_seed
VT,2023,other,non-hisp,m,45-49,,0.00202,synthetic_seed
VT,2023,other,non-hisp,m,50-54,,0.00202,synthetic_seed
VT,2023,other,non-hisp,m,55-59,,0.0007,synthetic_seed
VT,2023,other,non-hisp,m,60-64,,0.00095,synthetic_seed
VT,2023,other,non-hisp,m,65-69,,0.00091,synthetic_seed
VT,2023,other,non-hisp,m,70-74,,0.00069,synthetic_seed
VT,2023,other,non-hisp,m,75-79,,0.00067,synthetic_seed
VT,2023,other,non-hisp,m,80-84,,0.00085,synthetic_seed
VT,2023,other,non-hisp,m,85+,,0.00077,synthetic_seed
VT,2023,other,non-hisp,f,0-4,,0.00071,synthetic_seed
VT,2023,other,non-hisp,f,5-9,,0.00105,synthetic_seed
VT,2023,other,non-hisp,f,10-14,,0.00071,synthetic_seed
VT,2023,other,non-hisp,f,15-19,,0.00162,synthetic_seed
VT,2023,other,non-hisp,f,20-24,,0.0037,synthetic_seed
VT,2023,other,non-hisp,f,25-29,,0.0043,synthetic_seed
VT,2023,other,non-hisp,f,30-34,,0.00498,synthetic_seed
VT,2023,other,non-hisp,f,35-39,,0.00352,synthetic_seed
VT,2023,other,non-hisp,f,40-44,,0.00442,synthetic_seed
VT,2023,other,non-hisp,f,45-49,,0.00199,synthetic_seed
VT,2023,other,non-hisp,f,50-54,,0.00216,synthetic_seed
VT,2023,other,non-hisp,f,55-59,,0.00077,synthetic_seed
VT,2023,other,non-hisp,f,60-64,,0.00087,synthetic_seed
VT,2023,other,non-hisp,f,65-69,,0.00094,synthetic_seed
VT,2023,other,non-hisp,f,70-74,,0.00077,synthetic_seed
VT,2023,other,non-hisp,f,75-79,,0.00102,synthetic_seed
VT,2023,other,non-hisp,f,80-84,,0.00074,synthetic_seed
VT,2023,other,non-hisp,f,85+,,0.00076,synthetic_seed
VT,2023,other,hisp,m,0-4,,0.00067,synthetic_seed
VT,2023,other,hisp,m,5-9,,0.00086,synthetic_seed
VT,2023,other,hisp,m,10-14,,0.00078,synthetic_seed
VT,2023,other,hisp,m,15-19,,0.0019,synthetic_seed
VT,2023,other,hisp,m,20-24,,0.00348,synthetic_seed
VT,2023,other,hisp,m,25-29,,0.0037,synthetic_seed
VT,2023,other,hisp,m,30-34,,0.00387,synthetic_seed
VT,2023,other,hisp,m,35-39,,0.00386,synthetic_seed
VT,2023,other,hisp,m,40-44,,0.00411,synthetic_seed
VT,2023,other,hisp,m,45-49,,0.0017,synthetic_seed
VT,2023,other,hisp,m,50-54,,0.0019,synthetic_seed
VT,2023,other,hisp,m,55-59,,0.00101,synthetic_seed
VT,2023,other,hisp,m,60-64,,0.00096,synthetic_seed
VT,2023,other,hisp,m,65-69,,0.00083,synthetic_seed
VT,2023,other,hisp,m,70-74,,0.00086,synthetic_seed
VT,2023,other,hisp,m,75-79,,0.00097,synthetic_seed
VT,2023,other,hisp,m,80-84,,0.00078,synthetic_seed
VT,2023,other,hisp,m,85+,,0.00078,synthetic_seed
VT,2023,other,hisp,f,0-4,,0.00097,synthetic_seed
VT,2023,other,hisp,f,5-9,,0.00096,synthetic_seed
VT,2023,other,hisp,f,10-14,,0.0008,synthetic_seed
VT,2023,other,hisp,f,15-19,,0.00234,synthetic_seed
VT,2023,other,hisp,f,20-24,,0.00348,synthetic_seed
VT,2023,other,hisp,f,25-29,,0.00267,synthetic_seed
VT,2023,other,hisp,f,30-34,,0.0034,synthetic_seed
VT,2023,other,hisp,f,35-39,,0.00439,synthetic_seed
VT,2023,other,hisp,f,40-44,,0.00351,synthetic_seed
VT,2023,other,hisp,f,45-49,,0.00187,synthetic_seed
VT,2023,other,hisp,f,50-54,,0.00178,synthetic_seed
VT,2023,other,hisp,f,55-59,,0.00065,synthetic_seed
VT,2023,other,hisp,f,60-64,,0.00079,synthetic_seed
VT,2023,other,hisp,f,65-69,,0.00073,synthetic_seed
VT,2023,other,hisp,f,70-74,,0.00053,synthetic_seed
VT,2023,other,hisp,f,75-79,,0.00069,synthetic_seed
VT,2023,other,hisp,f,80-84,,0.00065,synthetic_seed
VT,2023,other,hisp,f,85+,,0.00067,synthetic_seed
VA,2023,white,non-hisp,m,0-4,,0.00257,synthetic_seed
VA,2023,white,non-hisp,m,5-9,,0.00216,synthetic_seed
VA,2023,white,non-hisp,m,10-14,,0.00229,synthetic_seed
VA,2023,white,non-hisp,m,15-19,,0.00863,synthetic_seed
VA,2023,white,non-hisp,m,20-24,,0.01746,synthetic_seed
VA,2023,white,non-hisp,m,25-29,,0.01312,synthetic_seed
VA,2023,white,non-hisp,m,30-34,,0.01715,synthetic_seed
VA,2023,white,non-hisp,m,35-39,,0.01442,synthetic_seed
VA,2023,white,non-hisp,m,40-44,,0.01302,synthetic_seed
VA,2023,white,non-hisp,m,45-49,,0.00638,synthetic_seed
VA,2023,white,non-hisp,m,50-54,,0.00609,synthetic_seed
VA,2023,white,non-hisp,m,55-59,,0.00353,synthetic_seed
VA,2023,white,non-hisp,m,60-64,,0.00377,synthetic_seed
VA,2023,white,non-hisp,m,65-69,,0.002,synthetic_seed
VA,2023,white,non-hisp,m,70-74,,0.00296,synthetic_seed
VA,2023,white,non-hisp,m,75-79,,0.00321,synthetic_seed
VA,2023,white,non-hisp,m,80-84,,0.00299,synthetic_seed
VA,2023,white,non-hisp,m,85+,,0.00308,synthetic_seed
VA,2023,white,non-hisp,f,0-4,,0.0026,synthetic_seed
VA,2023,white,non-hisp,f,5-9,,0.00253,synthetic_seed
VA,2023,white,non-hisp,f,10-14,,0.00342,synthetic_seed
VA,2023,white,non-hisp,f,15-19,,0.00853,synthetic_seed
VA,2023,white,non-hisp,f,20-24,,0.0118,synthetic_seed
VA,2023,white,non-hisp,f,25-29,,0.01318,synthetic_seed
VA,2023,white,non-hisp,f,30-34,,0.01412,synthetic_seed
VA,2023,white,non-hisp,f,35-39,,0.01465,synthetic_seed
VA,2023,white,non-hisp,f,40-44,,0.00905,synthetic_seed
VA,2023,white,non-hisp,f,45-49,,0.00485,synthetic_seed
VA,2023,white,non-hisp,f,50-54,,0.00645,synthetic_seed
VA,2023,white,non-hisp,f,55-59,,0.0024,synthetic_seed
VA,2023,white,non-hisp,f,60-64,,0.0027,synthetic_seed
VA,2023,white,non-hisp,f,65-69,,0.00244,synthetic_seed
VA,2023,white,non-hisp,f,70-74,,0.00271,synthetic_seed
VA,2023,white,non-hisp,f,75-79,,0.00267,synthetic_seed
VA,2023,white,non-hisp,f,80-84,,0.00276,synthetic_seed
VA,2023,white,non-hisp,f,85+,,0.00239,synthetic_seed
VA,2023,white,hisp,m,0-4,,0.0032,synthetic_seed
VA,2023,white,hisp,m,5-9,,0.00307,synthetic_seed
VA,2023,white,hisp,m,10-14,,0.00168,synthetic_seed
VA,2023,white,hisp,m,15-19,,0.00668,synthetic_seed
VA,2023,white,hisp,m,20-24,,0.00968,synthetic_seed
VA,2023,white,hisp,m,25-29,,0.01041,synthetic_seed
VA,2023,white,hisp,m,30-34,,0.01587,synthetic_seed
VA,2023,white,hisp,m,35-39,,0.0152,synthetic_seed
VA,2023,white,hisp,m,40-44,,0.0133,synthetic_seed
VA,2023,white,hisp,m,45-49,,0.00712,synthetic_seed
VA,2023,white,hisp,m,50-54,,0.00542,synthetic_seed
VA,2023,white,hisp,m,55-59,,0.00248,synthetic_seed
VA,2023,white,hisp,m,60-64,,0.00215,synthetic_seed
VA,2023,white,hisp,m,65-69,,0.00248,synthetic_seed
VA,2023,white,hisp,m,70-74,,0.00274,synthetic_seed
VA,2023,white,hisp,m,75-79,,0.00338,synthetic_seed
VA,2023,white,hisp,m,80-84,,0.0032,synthetic_seed
VA,2023,white,hisp,m,85+,,0.00286,synthetic_seed
VA,2023,white,hisp,f,0-4,,0.00316,synthetic_seed
VA,2023,white,hisp,f,5-9,,0.0026,synthetic_seed
VA,2023,white,hisp,f,10-14,,0.00315,synthetic_seed
VA,2023,white,hisp,f,15-19,,0.00677,synthetic_seed
VA,2023,white,hisp,f,20-24,,0.01529,synthetic_seed
VA,2023,white,hisp,f,25-29,,0.01735,synthetic_seed
VA,2023,white,hisp,f,30-34,,0.01109,synthetic_seed
VA,2023,white,hisp,f,35-39,,0.01351,synthetic_seed
VA,2023,white,hisp,f,40-44,,0.0127,synthetic_seed
VA,2023,white,hisp,f,45-49,,0.00731,synthetic_seed
VA,2023,white,hisp,f,50-54,,0.00806,synthetic_seed
VA,2023,white,hisp,f,55-59,,0.00306,synthetic_seed
VA,2023,white,hisp,f,60-64,,0.0019,synthetic_seed
VA,2023,white,hisp,f,65-69,,0.00212,synthetic_seed
VA,2023,white,hisp,f,70-74,,0.00232,synthetic_seed
VA,2023,white,hisp,f,75-79,,0.00294,synthetic_seed
VA,2023,white,hisp,f,80-84,,0.00246,synthetic_seed
VA,2023,white,hisp,f,85+,,0.00248,synthetic_seed
VA,2023,black,non-hisp,m,0-4,,0.00353,synthetic_seed
VA,2023,black,non-hisp,m,5-9,,0.00347,synthetic_seed
VA,2023,black,non-hisp,m,10-14,,0.00245,synthetic_seed
VA,2023,black,non-hisp,m,15-19,,0.00572,synthetic_seed
VA,2023,black,non-hisp,m,20-24,,0.01154,synthetic_seed
VA,2023,black,non-hisp,m,25-29,,0.01669,synthetic_seed
VA,2023,black,non-hisp,m,30-34,,0.01516,synthetic_seed
VA,2023,black,non-hisp,m,35-39,,0.01603,synthetic_seed
VA,2023,black,non-hisp,m,40-44,,0.01494,synthetic_seed
VA,2023,black,non-hisp,m,45-49,,0.00537,synthetic_seed
VA,2023,black,non-hisp,m,50-54,,0.00661,synthetic_seed
VA,2023,black,non-hisp,m,55-59,,0.00266,synthetic_seed
VA,2023,black,non-hisp,m,60-64,,0.0033,synthetic_seed
VA,2023,black,non-hisp,m,65-69,,0.0022,synthetic_seed
VA,2023,black,non-hisp,m,70-74,,0.00262,synthetic_seed
VA,2023,black,non-hisp,m,75-79,,0.00282,synthetic_seed
VA,2023,black,non-hisp,m,80-84,,0.003,synthetic_seed
VA,2023,black,non-hisp,m,85+,,0.00276,synthetic_seed
VA,2023,black,non-hisp,f,0-4,,0.00252,synthetic_seed
VA,2023,black,non-hisp,f,5-9,,0.00303,synthetic_seed
VA,2023,black,non-hisp,f,10-14,,0.00254,synthetic_seed
VA,2023,black,non-hisp,f,15-19,,0.0073,synthetic_seed
VA,2023,black,non-hisp,f,20-24,,0.01441,synthetic_seed
VA,2023,black,non-hisp,f,25-29,,0.01459,synthetic_seed
VA,2023,black,non-hisp,f,30-34,,0.01469,synthetic_seed
VA,2023,black,non-hisp,f,35-39,,0.01677,synthetic_seed
VA,2023,black,non-hisp,f,40-44,,0.01337,synthetic_seed
VA,2023,black,non-hisp,f,45-49,,0.00653,synthetic_seed
VA,2023,black,non-hisp,f,50-54,,0.00598,synthetic_seed
VA,2023,black,non-hisp,f,55-59,,0.00262,synthetic_seed
VA,2023,black,non-hisp,f,60-64,,0.0024,synthetic_seed
VA,2023,black,non-hisp,f,65-69,,0.00245,synthetic_seed
VA,2023,black,non-hisp,f,70-74,,0.0025,synthetic_seed
VA,2023,black,non-hisp,f,75-79,,0.00274,synthetic_seed
VA,2023,black,non-hisp,f,80-84,,0.00311,synthetic_seed
VA,2023,black,non-hisp,f,85+,,0.00205,synthetic_seed
VA,2023,black,hisp,m,0-4,,0.00233,synthetic_seed
VA,2023,black,hisp,m,5-9,,0.003,synthetic_seed
VA,2023,black,hisp,m,10-14,,0.00183,synthetic_seed
VA,2023,black,hisp,m,15-19,,0.00649,synthetic_seed
VA,2023,black,hisp,m,20-24,,0.01221,synthetic_seed
VA,2023,black,hisp,m,25-29,,0.01672,synthetic_seed
VA,2023,black,hisp,m,30-34,,0.01017,synthetic_seed
VA,2023,black,hisp,m,35-39,,0.01319,synthetic_seed
VA,2023,black,hisp,m,40-44,,0.01587,synthetic_seed
VA,2023,black,hisp,m,45-49,,0.00857,synthetic_seed
VA,2023,black,hisp,m,50-54,,0.00684,synthetic_seed
VA,2023,black,hisp,m,55-59,,0.0024,synthetic_seed
VA,2023,black,hisp,m,60-64,,0.0024,synthetic_seed
VA,2023,black,hisp,m,65-69,,0.00311,synthetic_seed
VA,2023,black,hisp,m,70-74,,0.0029,synthetic_seed
VA,2023,black,hisp,m,75-79,,0.00292,synthetic_seed
VA,2023,black,hisp,m,80-84,,0.00325,synthetic_seed
VA,2023,black,hisp,m,85+,,0.00242,synthetic_seed
VA,2023,black,hisp,f,0-4,,0.0034,synthetic_seed
VA,2023,black,hisp,f,5-9,,0.00261,synthetic_seed
VA,2023,black,hisp,f,10-14,,0.00196,synthetic_seed
VA,2023,black,hisp,f,15-19,,0.00734,synthetic_seed
VA,2023,black,hisp,f,20-24,,0.01331,synthetic_seed
VA,2023,black,hisp,f,25-29,,0.00903,synthetic_seed
VA,2023,black,hisp,f,30-34,,0.01176,synthetic_seed
VA,2023,black,hisp,f,35-39,,0.01339,synthetic_seed
VA,2023,black,hisp,f,40-44,,0.01654,synthetic_seed
VA,2023,black,hisp,f,45-49,,0.00562,synthetic_seed
VA,2023,black,hisp,f,50-54,,0.00723,synthetic_seed
VA,2023,black,hisp,f,55-59,,0.00251,synthetic_seed
VA,2023,black,hisp,f,60-64,,0.00297,synthetic_seed
VA,2023,black,hisp,f,65-69,,0.00223,synthetic_seed
VA,2023,black,hisp,f,70-74,,0.00344,synthetic_seed
VA,2023,black,hisp,f,75-79,,0.0023,synthetic_seed
VA,2023,black,hisp,f,80-84,,0.00253,synthetic_seed
VA,2023,black,hisp,f,85+,,0.00191,synthetic_seed
VA,2023,asian,non-hisp,m,0-4,,0.00256,synthetic_seed
VA,2023,asian,non-hisp,m,5-9,,0.00307,synthetic_seed
VA,2023,asian,non-hisp,m,10-14,,0.00219,synthetic_seed
VA,2023,asian,non-hisp,m,15-19,,0.00597,synthetic_seed
VA,2023,asian,non-hisp,m,20-24,,0.01006,synthetic_seed
VA,2023,asian,non-hisp,m,25-29,,0.0111,synthetic_seed
VA,2023,asian,non-hisp,m,30-34,,0.0123,synthetic_seed
VA,2023,asian,non-hisp,m,35-39,,0.01528,synthetic_seed
VA,2023,asian,non-hisp,m,40-44,,0.01506,synthetic_seed
VA,2023,asian,non-hisp,m,45-49,,0.00731,synthetic_seed
VA,2023,asian,non-hisp,m,50-54,,0.0068,synthetic_seed
VA,2023,asian,non-hisp,m,55-59,,0.00338,synthetic_seed
VA,2023,asian,non-hisp,m,60-64,,0.00259,synthetic_seed
VA,2023,asian,non-hisp,m,65-69,,0.00254,synthetic_seed
VA,2023,asian,non-hisp,m,70-74,,0.00319,synthetic_seed
VA,2023,asian,non-hisp,m,75-79,,0.00373,synthetic_seed
VA,2023,asian,non-hisp,m,80-84,,0.00291,synthetic_seed
VA,2023,asian,non-hisp,m,85+,,0.00274,synthetic_seed
VA,2023,asian,non-hisp,f,0-4,,0.00297,synthetic_seed
VA,2023,asian,non-hisp,f,5-9,,0.00257,synthetic_seed
VA,2023,asian,non-hisp,f,10-14,,0.00274,synthetic_seed
VA,2023,asian,non-hisp,f,15-19,,0.00682,synthetic_seed
VA,2023,asian,non-hisp,f,20-24,,0.01199,synthetic_seed
VA,2023,asian,non-hisp,f,25-29,,0.01412,synthetic_seed
VA,2023,asian,non-hisp,f,30-34,,0.01474,synthetic_seed
VA,2023,asian,non-hisp,f,35-39,,0.01388,synthetic_seed
VA,2023,asian,non-hisp,f,40-44,,0.01554,synthetic_seed
VA,2023,asian,non-hisp,f,45-49,,0.00649,synthetic_seed
VA,2023,asian,non-hisp,f,50-54,,0.00624,synthetic_seed
VA,2023,asian,non-hisp,f,55-59,,0.00288,synthetic_seed
VA,2023,asian,non-hisp,f,60-64,,0.00285,synthetic_seed
VA,2023,asian,non-hisp,f,65-69,,0.00217,synthetic_seed
VA,2023,asian,non-hisp,f,70-74,,0.0029,synthetic_seed
VA,2023,asian,non-hisp,f,75-79,,0.00294,synthetic_seed
VA,2023,asian,non-hisp,f,80-84,,0.00237,synthetic_seed
VA,2023,asian,non-hisp,f,85+,,0.00264,synthetic_seed
VA,2023,asian,hisp,m,0-4,,0.00282,synthetic_seed
VA,2023,asian,hisp,m,5-9,,0.00302,synthetic_seed
VA,2023,asian,hisp,m,10-14,,0.00266,synthetic_seed
VA,2023,asian,hisp,m,15-19,,0.0065,synthetic_seed
VA,2023,asian,hisp,m,20-24,,0.01607,synthetic_seed
VA,2023,asian,hisp,m,25-29,,0.014,synthetic_seed
VA,2023,asian,hisp,m,30-34,,0.01651,synthetic_seed
VA,2023,asian,hisp,m,35-39,,0.0129,synthetic_seed
VA,2023,asian,hisp,m,40-44,,0.01428,synthetic_seed
VA,2023,asian,hisp,m,45-49,,0.0076,synthetic_seed
VA,2023,asian,hisp,m,50-54,,0.00924,synthetic_seed
VA,2023,asian,hisp,m,55-59,,0.00252,synthetic_seed
VA,2023,asian,hisp,m,60-64,,0.00287,synthetic_seed
VA,2023,asian,hisp,m,65-69,,0.00313,synthetic_seed
VA,2023,asian,hisp,m,70-74,,0.00267,synthetic_seed
VA,2023,asian,hisp,m,75-79,,0.00296,synthetic_seed
VA,2023,asian,hisp,m,80-84,,0.00308,synthetic_seed
VA,2023,asian,hisp,m,85+,,0.00288,synthetic_seed
VA,2023,asian,hisp,f,0-4,,0.00222,synthetic_seed
VA,2023,asian,hisp,f,5-9,,0.00235,synthetic_seed
VA,2023,asian,hisp,f,10-14,,0.00289,synthetic_seed
VA,2023,asian,hisp,f,15-19,,0.00806,synthetic_seed
VA,2023,asian,hisp,f,20-24,,0.01337,synthetic_seed
VA,2023,asian,hisp,f,25-29,,0.01861,synthetic_seed
VA,2023,asian,hisp,f,30-34,,0.01662,synthetic_seed
VA,2023,asian,hisp,f,35-39,,0.01328,synthetic_seed
VA,2023,asian,hisp,f,40-44,,0.01783,synthetic_seed
VA,2023,asian,hisp,f,45-49,,0.00797,synthetic_seed
VA,2023,asian,hisp,f,50-54,,0.00699,synthetic_seed
VA,2023,asian,hisp,f,55-59,,0.00254,synthetic_seed
VA,2023,asian,hisp,f,60-64,,0.00287,synthetic_seed
VA,2023,asian,hisp,f,65-69,,0.00311,synthetic_seed
VA,2023,asian,hisp,f,70-74,,0.00272,synthetic_seed
VA,2023,asian,hisp,f,75-79,,0.00252,synthetic_seed
VA,2023,asian,hisp,f,80-84,,0.00264,synthetic_seed
VA,2023,asian,hisp,f,85+,,0.00299,synthetic_seed
VA,2023,other,non-hisp,m,0-4,,0.00249,synthetic_seed
VA,2023,other,non-hisp,m,5-9,,0.00245,synthetic_seed
VA,2023,other,non-hisp,m,10-14,,0.00323,synthetic_seed
VA,2023,other,non-hisp,m,15-19,,0.0081,synthetic_seed
VA,2023,other,non-hisp,m,20-24,,0.01613,synthetic_seed
VA,2023,other,non-hisp,m,25-29,,0.00872,synthetic_seed
VA,2023,other,non-hisp,m,30-34,,0.01246,synthetic_seed
VA,2023,other,non-hisp,m,35-39,,0.01214,synthetic_seed
VA,2023,other,non-hisp,m,40-44,,0.01335,synthetic_seed
VA,2023,other,non-hisp,m,45-49,,0.00716,synthetic_seed
VA,2023,other,non-hisp,m,50-54,,0.00828,synthetic_seed
VA,2023,other,non-hisp,m,55-59,,0.00264,synthetic_seed
VA,2023,other,non-hisp,m,60-64,,0.0037,synthetic_seed
VA,2023,other,non-hisp,m,65-69,,0.00221,synthetic_seed
VA,2023,other,non-hisp,m,70-74,,0.00235,synthetic_seed
VA,2023,other,non-hisp,m,75-79,,0.00276,synthetic_seed
VA,2023,other,non-hisp,m,80-84,,0.00284,synthetic_seed
VA,2023,other,non-hisp,m,85+,,0.00322,synthetic_seed
VA,2023,other,non-hisp,f,0-4,,0.00276,synthetic_seed
VA,2023,other,non-hisp,f,5-9,,0.00248,synthetic_seed
VA,2023,other,non-hisp,f,10-14,,0.00237,synthetic_seed
VA,2023,other,non-hisp,f,15-19,,0.00576,synthetic_seed
VA,2023,other,non-hisp,f,20-24,,0.01227,synthetic_seed
VA,2023,other,non-hisp,f,25-29,,0.01013,synthetic_seed
VA,2023,other,non-hisp,f,30-34,,0.01692,synthetic_seed
VA,2023,other,non-hisp,f,35-39,,0.01336,synthetic_seed
VA,2023,other,non-hisp,f,40-44,,0.0131,synthetic_seed
VA,2023,other,non-hisp,f,45-49,,0.00685,synthetic_seed
VA,2023,other,non-hisp,f,50-54,,0.00579,synthetic_seed
VA,2023,other,non-hisp,f,55-59,,0.00234,synthetic_seed
VA,2023,other,non-hisp,f,60-64,,0.00313,synthetic_seed
VA,2023,other,non-hisp,f,65-69,,0.00263,synthetic_seed
VA,2023,other,non-hisp,f,70-74,,0.00251,synthetic_seed
VA,2023,other,non-hisp,f,75-79,,0.0027,synthetic_seed
VA,2023,other,non-hisp,f,80-84,,0.00282,synthetic_seed
VA,2023,other,non-hisp,f,85+,,0.00276,synthetic_seed
VA,2023,other,hisp,m,0-4,,0.00359,synthetic_seed
VA,2023,other,hisp,m,5-9,,0.00291,synthetic_seed
VA,2023,other,hisp,m,10-14,,0.00252,synthetic_seed
VA,2023,other,hisp,m,15-19,,0.0064,synthetic_seed
VA,2023,other,hisp,m,20-24,,0.01538,synthetic_seed
VA,2023,other,hisp,m,25-29,,0.01677,synthetic_seed
VA,2023,other,hisp,m,30-34,,0.01401,synthetic_seed
VA,2023,other,hisp,m,35-39,,0.01321,synthetic_seed
VA,2023,other,hisp,m,40-44,,0.01732,synthetic_seed
VA,2023,other,hisp,m,45-49,,0.00547,synthetic_seed
VA,2023,other,hisp,m,50-54,,0.00623,synthetic_seed
VA,2023,other,hisp,m,55-59,,0.00245,synthetic_seed
VA,2023,other,hisp,m,60-64,,0.00314,synthetic_seed
VA,2023,other,hisp,m,65-69,,0.00236,synthetic_seed
VA,2023,other,hisp,m,70-74,,0.00292,synthetic_seed
VA,2023,other,hisp,m,75-79,,0.00252,synthetic_seed
VA,2023,other,hisp,m,80-84,,0.00275,synthetic_seed
VA,2023,other,hisp,m,85+,,0.00327,synthetic_seed
VA,2023,other,hisp,f,0-4,,0.0032,synthetic_seed
VA,2023,other,hisp,f,5-9,,0.0027,synthetic_seed
VA,2023,other,hisp,f,10-14,,0.00232,synthetic_seed
VA,2023,other,hisp,f,15-19,,0.00815,synthetic_seed
VA,2023,other,hisp,f,20-24,,0.01578,synthetic_seed
VA,2023,other,hisp,f,25-29,,0.01365,synthetic_seed
VA,2023,other,hisp,f,30-34,,0.01088,synthetic_seed
VA,2023,other,hisp,f,35-39,,0.01427,synthetic_seed
VA,2023,other,hisp,f,40-44,,0.01683,synthetic_seed
VA,2023,other,hisp,f,45-49,,0.0076,synthetic_seed
VA,2023,other,hisp,f,50-54,,0.00447,synthetic_seed
VA,2023,other,hisp,f,55-59,,0.00195,synthetic_seed
VA,2023,other,hisp,f,60-64,,0.00312,synthetic_seed
VA,2023,other,hisp,f,65-69,,0.00279,synthetic_seed
VA,2023,other,hisp,f,70-74,,0.00268,synthetic_seed
VA,2023,other,hisp,f,75-79,,0.00256,synthetic_seed
VA,2023,other,hisp,f,80-84,,0.00295,synthetic_seed
VA,2023,other,hisp,f,85+,,0.00233,synthetic_seed
WA,2023,white,non-hisp,m,0-4,,0.0042,synthetic_seed
WA,2023,white,non-hisp,m,5-9,,0.00407,synthetic_seed
WA,2023,white,non-hisp,m,10-14,,0.00405,synthetic_seed
WA,2023,white,non-hisp,m,15-19,,0.01127,synthetic_seed
WA,2023,white,non-hisp,m,20-24,,0.02092,synthetic_seed
WA,2023,white,non-hisp,m,25-29,,0.02111,synthetic_seed
WA,2023,white,non-hisp,m,30-34,,0.02274,synthetic_seed
WA,2023,white,non-hisp,m,35-39,,0.02269,synthetic_seed
WA,2023,white,non-hisp,m,40-44,,0.02522,synthetic_seed
WA,2023,white,non-hisp,m,45-49,,0.00978,synthetic_seed
WA,2023,white,non-hisp,m,50-54,,0.01383,synthetic_seed
WA,2023,white,non-hisp,m,55-59,,0.00493,synthetic_seed
WA,2023,white,non-hisp,m,60-64,,0.00316,synthetic_seed
WA,2023,white,non-hisp,m,65-69,,0.0037,synthetic_seed
WA,2023,white,non-hisp,m,70-74,,0.00376,synthetic_seed
WA,2023,white,non-hisp,m,75-79,,0.00403,synthetic_seed
WA,2023,white,non-hisp,m,80-84,,0.00367,synthetic_seed
WA,2023,white,non-hisp,m,85+,,0.00333,synthetic_seed
WA,2023,white,non-hisp,f,0-4,,0.00387,synthetic_seed
WA,2023,white,non-hisp,f,5-9,,0.00503,synthetic_seed
WA,2023,white,non-hisp,f,10-14,,0.00534,synthetic_seed
WA,2023,white,non-hisp,f,15-19,,0.01186,synthetic_seed
WA,2023,white,non-hisp,f,20-24,,0.02139,synthetic_seed
WA,2023,white,non-hisp,f,25-29,,0.0207,synthetic_seed
WA,2023,white,non-hisp,f,30-34,,0.02042,synthetic_seed
WA,2023,white,non-hisp,f,35-39,,0.02204,synthetic_seed
WA,2023,white,non-hisp,f,40-44,,0.02385,synthetic_seed
WA,2023,white,non-hisp,f,45-49,,0.00897,synthetic_seed
WA,2023,white,non-hisp,f,50-54,,0.00761,synthetic_seed
WA,2023,white,non-hisp,f,55-59,,0.0042,synthetic_seed
WA,2023,white,non-hisp,f,60-64,,0.00392,synthetic_seed
WA,2023,white,non-hisp,f,65-69,,0.00299,synthetic_seed
WA,2023,white,non-hisp,f,70-74,,0.00399,synthetic_seed
WA,2023,white,non-hisp,f,75-79,,0.00447,synthetic_seed
WA,2023,white,non-hisp,f,80-84,,0.00389,synthetic_seed
WA,2023,white,non-hisp,f,85+,,0.00401,synthetic_seed
WA,2023,white,hisp,m,0-4,,0.0047,synthetic_seed
WA,2023,white,hisp,m,5-9,,0.00502,synthetic_seed
WA,2023,white,hisp,m,10-14,,0.00318,synthetic_seed
WA,2023,white,hisp,m,15-19,,0.01212,synthetic_seed
WA,2023,white,hisp,m,20-24,,0.01879,synthetic_seed
WA,2023,white,hisp,m,25-29,,0.02229,synthetic_seed
WA,2023,white,hisp,m,30-34,,0.01323,synthetic_seed
WA,2023,white,hisp,m,35-39,,0.01985,synthetic_seed
WA,2023,white,hisp,m,40-44,,0.01566,synthetic_seed
WA,2023,white,hisp,m,45-49,,0.00766,synthetic_seed
WA,2023,white,hisp,m,50-54,,0.01025,synthetic_seed
WA,2023,white,hisp,m,55-59,,0.00474,synthetic_seed
WA,2023,white,hisp,m,60-64,,0.00385,synthetic_seed
WA,2023,white,hisp,m,65-69,,0.00344,synthetic_seed
WA,2023,white,hisp,m,70-74,,0.00396,synthetic_seed
WA,2023,white,hisp,m,75-79,,0.00424,synthetic_seed
WA,2023,white,hisp,m,80-84,,0.00435,synthetic_seed
WA,2023,white,hisp,m,85+,,0.00344,synthetic_seed
WA,2023,white,hisp,f,0-4,,0.00284,synthetic_seed
WA,2023,white,hisp,f,5-9,,0.00351,synthetic_seed
WA,2023,white,hisp,f,10-14,,0.00421,synthetic_seed
WA,2023,white,hisp,f,15-19,,0.0097,synthetic_seed
WA,2023,white,hisp,f,20-24,,0.0225,synthetic_seed
WA,2023,white,hisp,f,25-29,,0.01539,synthetic_seed
WA,2023,white,hisp,f,30-34,,0.02289,synthetic_seed
WA,2023,white,hisp,f,35-39,,0.02285,synthetic_seed
WA,2023,white,hisp,f,40-44,,0.01589,synthetic_seed
WA,2023,white,hisp,f,45-49,,0.00898,synthetic_seed
WA,2023,white,hisp,f,50-54,,0.00995,synthetic_seed
WA,2023,white,hisp,f,55-59,,0.00356,synthetic_seed
WA,2023,white,hisp,f,60-64,,0.00504,synthetic_seed
WA,2023,white,hisp,f,65-69,,0.00378,synthetic_seed
WA,2023,white,hisp,f,70-74,,0.00396,synthetic_seed
WA,2023,white,hisp,f,75-79,,0.00421,synthetic_seed
WA,2023,white,hisp,f,80-84,,0.00438,synthetic_seed
WA,2023,white,hisp,f,85+,,0.00394,synthetic_seed
WA,2023,black,non-hisp,m,0-4,,0.00346,synthetic_seed
WA,2023,black,non-hisp,m,5-9,,0.00368,synthetic_seed
WA,2023,black,non-hisp,m,10-14,,0.00419,synthetic_seed
WA,2023,black,non-hisp,m,15-19,,0.00846,synthetic_seed
WA,2023,black,non-hisp,m,20-24,,0.0215,synthetic_seed
WA,2023,black,non-hisp,m,25-29,,0.01628,synthetic_seed
WA,2023,black,non-hisp,m,30-34,,0.0185,synthetic_seed
WA,2023,black,non-hisp,m,35-39,,0.01895,synthetic_seed
WA,2023,black,non-hisp,m,40-44,,0.02669,synthetic_seed
WA,2023,black,non-hisp,m,45-49,,0.00829,synthetic_seed
WA,2023,black,non-hisp,m,50-54,,0.00875,synthetic_seed
WA,2023,black,non-hisp,m,55-59,,0.00356,synthetic_seed
WA,2023,black,non-hisp,m,60-64,,0.00441,synthetic_seed
WA,2023,black,non-hisp,m,65-69,,0.00397,synthetic_seed
WA,2023,black,non-hisp,m,70-74,,0.00452,synthetic_seed
WA,2023,black,non-hisp,m,75-79,,0.00421,synthetic_seed
WA,2023,black,non-hisp,m,80-84,,0.00306,synthetic_seed
WA,2023,black,non-hisp,m,85+,,0.00395,synthetic_seed
WA,2023,black,non-hisp,f,0-4,,0.0044,synthetic_seed
WA,2023,black,non-hisp,f,5-9,,0.0039,synthetic_seed
WA,2023,black,non-hisp,f,10-14,,0.00417,synthetic_seed
WA,2023,black,non-hisp,f,15-19,,0.00778,synthetic_seed
WA,2023,black,non-hisp,f,20-24,,0.01983,synthetic_seed
WA,2023,black,non-hisp,f,25-29,,0.01971,synthetic_seed
WA,2023,black,non-hisp,f,30-34,,0.01533,synthetic_seed
WA,2023,black,non-hisp,f,35-39,,0.02118,synthetic_seed
WA,2023,black,non-hisp,f,40-44,,0.01807,synthetic_seed
WA,2023,black,non-hisp,f,45-49,,0.0088,synthetic_seed
WA,2023,black,non-hisp,f,50-54,,0.01216,synthetic_seed
WA,2023,black,non-hisp,f,55-59,,0.00381,synthetic_seed
WA,2023,black,non-hisp,f,60-64,,0.00319,synthetic_seed
WA,2023,black,non-hisp,f,65-69,,0.00489,synthetic_seed
WA,2023,black,non-hisp,f,70-74,,0.00421,synthetic_seed
WA,2023,black,non-hisp,f,75-79,,0.00372,synthetic_seed
WA,2023,black,non-hisp,f,80-84,,0.00422,synthetic_seed
WA,2023,black,non-hisp,f,85+,,0.00413,synthetic_seed
WA,2023,black,hisp,m,0-4,,0.00359,synthetic_seed
WA,2023,black,hisp,m,5-9,,0.00454,synthetic_seed
WA,2023,black,hisp,m,10-14,,0.0044,synthetic_seed
WA,2023,black,hisp,m,15-19,,0.00992,synthetic_seed
WA,2023,black,hisp,m,20-24,,0.01927,synthetic_seed
WA,2023,black,hisp,m,25-29,,0.01831,synthetic_seed
WA,2023,black,hisp,m,30-34,,0.01518,synthetic_seed
WA,2023,black,hisp,m,35-39,,0.02179,synthetic_seed
WA,2023,black,hisp,m,40-44,,0.02226,synthetic_seed
WA,2023,black,hisp,m,45-49,,0.01093,synthetic_seed
WA,2023,black,hisp,m,50-54,,0.00898,synthetic_seed
WA,2023,black,hisp,m,55-59,,0.00262,synthetic_seed
WA,2023,black,hisp,m,60-64,,0.00296,synthetic_seed
WA,2023,black,hisp,m,65-69,,0.00273,synthetic_seed
WA,2023,black,hisp,m,70-74,,0.00497,synthetic_seed
WA,2023,black,hisp,m,75-79,,0.00358,synthetic_seed
WA,2023,black,hisp,m,80-84,,0.00426,synthetic_seed
WA,2023,black,hisp,m,85+,,0.00348,synthetic_seed
WA,2023,black,hisp,f,0-4,,0.00319,synthetic_seed
WA,2023,black,hisp,f,5-9,,0.0044,synthetic_seed
WA,2023,black,hisp,f,10-14,,0.00394,synthetic_seed
WA,2023,black,hisp,f,15-19,,0.00962,synthetic_seed
WA,2023,black,hisp,f,20-24,,0.01876,synthetic_seed
WA,2023,black,hisp,f,25-29,,0.02469,synthetic_seed
WA,2023,black,hisp,f,30-34,,0.02348,synthetic_seed
WA,2023,black,hisp,f,35-39,,0.01954,synthetic_seed
WA,2023,black,hisp,f,40-44,,0.02105,synthetic_seed
WA,2023,black,hisp,f,45-49,,0.00889,synthetic_seed
WA,2023,black,hisp,f,50-54,,0.01145,synthetic_seed
WA,2023,black,hisp,f,55-59,,0.00438,synthetic_seed
WA,2023,black,hisp,f,60-64,,0.00196,synthetic_seed
WA,2023,black,hisp,f,65-69,,0.00371,synthetic_seed
WA,2023,black,hisp,f,70-74,,0.00383,synthetic_seed
WA,2023,black,hisp,f,75-79,,0.00415,synthetic_seed
WA,2023,black,hisp,f,80-84,,0.00345,synthetic_seed
WA,2023,black,hisp,f,85+,,0.00434,synthetic_seed
WA,2023,asian,non-hisp,m,0-4,,0.003,synthetic_seed
WA,2023,asian,non-hisp,m,5-9,,0.00361,synthetic_seed
WA,2023,asian,non-hisp,m,10-14,,0.00483,synthetic_seed
WA,2023,asian,non-hisp,m,15-19,,0.01037,synthetic_seed
WA,2023,asian,non-hisp,m,20-24,,0.01833,synthetic_seed
WA,2023,asian,non-hisp,m,25-29,,0.02005,synthetic_seed
WA,2023,asian,non-hisp,m,30-34,,0.01945,synthetic_seed
WA,2023,asian,non-hisp,m,35-39,,0.01574,synthetic_seed
WA,2023,asian,non-hisp,m,40-44,,0.01597,synthetic_seed
WA,2023,asian,non-hisp,m,45-49,,0.01082,synthetic_seed
WA,2023,asian,non-hisp,m,50-54,,0.01103,synthetic_seed
WA,2023,asian,non-hisp,m,55-59,,0.00402,synthetic_seed
WA,2023,asian,non-hisp,m,60-64,,0.00371,synthetic_seed
WA,2023,asian,non-hisp,m,65-69,,0.00466,synthetic_seed
WA,2023,asian,non-hisp,m,70-74,,0.00412,synthetic_seed
WA,2023,asian,non-hisp,m,75-79,,0.00349,synthetic_seed
WA,2023,asian,non-hisp,m,80-84,,0.00378,synthetic_seed
WA,2023,asian,non-hisp,m,85+,,0.00494,synthetic_seed
WA,2023,asian,non-hisp,f,0-4,,0.00353,synthetic_seed
WA,2023,asian,non-hisp,f,5-9,,0.00463,synthetic_seed
WA,2023,asian,non-hisp,f,10-14,,0.00354,synthetic_seed
WA,2023,asian,non-hisp,f,15-19,,0.00923,synthetic_seed
WA,2023,asian,non-hisp,f,20-24,,0.02601,synthetic_seed
WA,2023,asian,non-hisp,f,25-29,,0.02561,synthetic_seed
WA,2023,asian,non-hisp,f,30-34,,0.01645,synthetic_seed
WA,2023,asian,non-hisp,f,35-39,,0.01906,synthetic_seed
WA,2023,asian,non-hisp,f,40-44,,0.02505,synthetic_seed
WA,2023,asian,non-hisp,f,45-49,,0.01043,synthetic_seed
WA,2023,asian,non-hisp,f,50-54,,0.01203,synthetic_seed
WA,2023,asian,non-hisp,f,55-59,,0.00286,synthetic_seed
WA,2023,asian,non-hisp,f,60-64,,0.00463,synthetic_seed
WA,2023,asian,non-hisp,f,65-69,,0.0039,synthetic_seed
WA,2023,asian,non-hisp,f,70-74,,0.0031,synthetic_seed
WA,2023,asian,non-hisp,f,75-79,,0.0037,synthetic_seed
WA,2023,asian,non-hisp,f,80-84,,0.00442,synthetic_seed
WA,2023,asian,non-hisp,f,85+,,0.00431,synthetic_seed
WA,2023,asian,hisp,m,0-4,,0.00383,synthetic_seed
WA,2023,asian,hisp,m,5-9,,0.00305,synthetic_seed
WA,2023,asian,hisp,m,10-14,,0.00394,synthetic_seed
WA,2023,asian,hisp,m,15-19,,0.01137,synthetic_seed
WA,2023,asian,hisp,m,20-24,,0.02035,synthetic_seed
WA,2023,asian,hisp,m,25-29,,0.02334,synthetic_seed
WA,2023,asian,hisp,m,30-34,,0.01954,synthetic_seed
WA,2023,asian,hisp,m,35-39,,0.02228,synthetic_seed
WA,2023,asian,hisp,m,40-44,,0.01711,synthetic_seed
WA,2023,asian,hisp,m,45-49,,0.01115,synthetic_seed
WA,2023,asian,hisp,m,50-54,,0.00981,synthetic_seed
WA,2023,asian,hisp,m,55-59,,0.00436,synthetic_seed
WA,2023,asian,hisp,m,60-64,,0.00282,synthetic_seed
WA,2023,asian,hisp,m,65-69,,0.00303,synthetic_seed
WA,2023,asian,hisp,m,70-74,,0.00409,synthetic_seed
WA,2023,asian,hisp,m,75-79,,0.0056,synthetic_seed
WA,2023,asian,hisp,m,80-84,,0.00454,synthetic_seed
WA,2023,asian,hisp,m,85+,,0.00419,synthetic_seed
WA,2023,asian,hisp,f,0-4,,0.00421,synthetic_seed
WA,2023,asian,hisp,f,5-9,,0.00401,synthetic_seed
WA,2023,asian,hisp,f,10-14,,0.00476,synthetic_seed
WA,2023,asian,hisp,f,15-19,,0.01064,synthetic_seed
WA,2023,asian,hisp,f,20-24,,0.01387,synthetic_seed
WA,2023,asian,hisp,f,25-29,,0.01807,synthetic_seed
WA,2023,asian,hisp,f,30-34,,0.02208,synthetic_seed
WA,2023,asian,hisp,f,35-39,,0.02068,synthetic_seed
WA,2023,asian,hisp,f,40-44,,0.028,synthetic_seed
WA,2023,asian,hisp,f,45-49,,0.01004,synthetic_seed
WA,2023,asian,hisp,f,50-54,,0.009,synthetic_seed
WA,2023,asian,hisp,f,55-59,,0.0039,synthetic_seed
WA,2023,asian,hisp,f,60-64,,0.00359,synthetic_seed
WA,2023,asian,hisp,f,65-69,,0.00377,synthetic_seed
WA,2023,asian,hisp,f,70-74,,0.00458,synthetic_seed
WA,2023,asian,hisp,f,75-79,,0.00339,synthetic_seed
WA,2023,asian,hisp,f,80-84,,0.00436,synthetic_seed
WA,2023,asian,hisp,f,85+,,0.00461,synthetic_seed
WA,2023,other,non-hisp,m,0-4,,0.00471,synthetic_seed
WA,2023,other,non-hisp,m,5-9,,0.0035,synthetic_seed
WA,2023,other,non-hisp,m,10-14,,0.0037,synthetic_seed
WA,2023,other,non-hisp,m,15-19,,0.01239,synthetic_seed
WA,2023,other,non-hisp,m,20-24,,0.02106,synthetic_seed
WA,2023,other,non-hisp,m,25-29,,0.02127,synthetic_seed
WA,2023,other,non-hisp,m,30-34,,0.01994,synthetic_seed
WA,2023,other,non-hisp,m,35-39,,0.02205,synthetic_seed
WA,2023,other,non-hisp,m,40-44,,0.01543,synthetic_seed
WA,2023,other,non-hisp,m,45-49,,0.00925,synthetic_seed
WA,2023,other,non-hisp,m,50-54,,0.00963,synthetic_seed
WA,2023,other,non-hisp,m,55-59,,0.00296,synthetic_seed
WA,2023,other,non-hisp,m,60-64,,0.00373,synthetic_seed
WA,2023,other,non-hisp,m,65-69,,0.00421,synthetic_seed
WA,2023,other,non-hisp,m,70-74,,0.00353,synthetic_seed
WA,2023,other,non-hisp,m,75-79,,0.00432,synthetic_seed
WA,2023,other,non-hisp,m,80-84,,0.005,synthetic_seed
WA,2023,other,non-hisp,m,85+,,0.00361,synthetic_seed
WA,2023,other,non-hisp,f,0-4,,0.00427,synthetic_seed
WA,2023,other,non-hisp,f,5-9,,0.00517,synthetic_seed
WA,2023,other,non-hisp,f,10-14,,0.00429,synthetic_seed
WA,2023,other,non-hisp,f,15-19,,0.01032,synthetic_seed
WA,2023,other,non-hisp,f,20-24,,0.01985,synthetic_seed
WA,2023,other,non-hisp,f,25-29,,0.02098,synthetic_seed
WA,2023,other,non-hisp,f,30-34,,0.02086,synthetic_seed
WA,2023,other,non-hisp,f,35-39,,0.02019,synthetic_seed
WA,2023,other,non-hisp,f,40-44,,0.02047,synthetic_seed
WA,2023,other,non-hisp,f,45-49,,0.00996,synthetic_seed
WA,2023,other,non-hisp,f,50-54,,0.00802,synthetic_seed
WA,2023,other,non-hisp,f,55-59,,0.00394,synthetic_seed
WA,2023,other,non-hisp,f,60-64,,0.00382,synthetic_seed
WA,2023,other,non-hisp,f,65-69,,0.00423,synthetic_seed
WA,2023,other,non-hisp,f,70-74,,0.00391,synthetic_seed
WA,2023,other,non-hisp,f,75-79,,0.00517,synthetic_seed
WA,2023,other,non-hisp,f,80-84,,0.00391,synthetic_seed
WA,2023,other,non-hisp,f,85+,,0.00395,synthetic_seed
WA,2023,other,hisp,m,0-4,,0.00442,synthetic_seed
WA,2023,other,hisp,m,5-9,,0.00353,synthetic_seed
WA,2023,other,hisp,m,10-14,,0.00499,synthetic_seed
WA,2023,other,hisp,m,15-19,,0.00828,synthetic_seed
WA,2023,other,hisp,m,20-24,,0.01936,synthetic_seed
WA,2023,other,hisp,m,25-29,,0.01994,synthetic_seed
WA,2023,other,hisp,m,30-34,,0.02077,synthetic_seed
WA,2023,other,hisp,m,35-39,,0.02328,synthetic_seed
WA,2023,other,hisp,m,40-44,,0.02384,synthetic_seed
WA,2023,other,hisp,m,45-49,,0.00976,synthetic_seed
WA,2023,other,hisp,m,50-54,,0.01027,synthetic_seed
WA,2023,other,hisp,m,55-59,,0.00456,synthetic_seed
WA,2023,other,hisp,m,60-64,,0.00474,synthetic_seed
WA,2023,other,hisp,m,65-69,,0.00309,synthetic_seed
WA,2023,other,hisp,m,70-74,,0.00303,synthetic_seed
WA,2023,other,hisp,m,75-79,,0.00423,synthetic_seed
WA,2023,other,hisp,m,80-84,,0.00507,synthetic_seed
WA,2023,other,hisp,m,85+,,0.00388,synthetic_seed
WA,2023,other,hisp,f,0-4,,0.00421,synthetic_seed
WA,2023,other,hisp,f,5-9,,0.00406,synthetic_seed
WA,2023,other,hisp,f,10-14,,0.00347,synthetic_seed
WA,2023,other,hisp,f,15-19,,0.00814,synthetic_seed
WA,2023,other,hisp,f,20-24,,0.01144,synthetic_seed
WA,2023,other,hisp,f,25-29,,0.02099,synthetic_seed
WA,2023,other,hisp,f,30-34,,0.02226,synthetic_seed
WA,2023,other,hisp,f,35-39,,0.0171,synthetic_seed
WA,2023,other,hisp,f,40-44,,0.01691,synthetic_seed
WA,2023,other,hisp,f,45-49,,0.01054,synthetic_seed
WA,2023,other,hisp,f,50-54,,0.00932,synthetic_seed
WA,2023,other,hisp,f,55-59,,0.0048,synthetic_seed
WA,2023,other,hisp,f,60-64,,0.00425,synthetic_seed
WA,2023,other,hisp,f,65-69,,0.00322,synthetic_seed
WA,2023,other,hisp,f,70-74,,0.00352,synthetic_seed
WA,2023,other,hisp,f,75-79,,0.00327,synthetic_seed
WA,2023,other,hisp,f,80-84,,0.0044,synthetic_seed
WA,2023,other,hisp,f,85+,,0.00365,synthetic_seed
WV,2023,white,non-hisp,m,0-4,,-0.00091,synthetic_seed
WV,2023,white,non-hisp,m,5-9,,-0.00094,synthetic_seed
WV,2023,white,non-hisp,m,10-14,,-0.00084,synthetic_seed
WV,2023,white,non-hisp,m,15-19,,-0.0016,synthetic_seed
WV,2023,white,non-hisp,m,20-24,,-0.00435,synthetic_seed
WV,2023,white,non-hisp,m,25-29,,-0.00296,synthetic_seed
WV,2023,white,non-hisp,m,30-34,,-0.00352,synthetic_seed
WV,2023,white,non-hisp,m,35-39,,-0.00315,synthetic_seed
WV,2023,white,non-hisp,m,40-44,,-0.00479,synthetic_seed
WV,2023,white,non-hisp,m,45-49,,-0.00235,synthetic_seed
WV,2023,white,non-hisp,m,50-54,,-0.00198,synthetic_seed
WV,2023,white,non-hisp,m,55-59,,-0.0007,synthetic_seed
WV,2023,white,non-hisp,m,60-64,,-0.00093,synthetic_seed
WV,2023,white,non-hisp,m,65-69,,-0.00067,synthetic_seed
WV,2023,white,non-hisp,m,70-74,,-0.00071,synthetic_seed
WV,2023,white,non-hisp,m,75-79,,-0.00081,synthetic_seed
WV,2023,white,non-hisp,m,80-84,,-0.0009,synthetic_seed
WV,2023,white,non-hisp,m,85+,,-0.0007,synthetic_seed
WV,2023,white,non-hisp,f,0-4,,-0.00082,synthetic_seed
WV,2023,white,non-hisp,f,5-9,,-0.00082,synthetic_seed
WV,2023,white,non-hisp,f,10-14,,-0.00091,synthetic_seed
WV,2023,white,non-hisp,f,15-19,,-0.00222,synthetic_seed
WV,2023,white,non-hisp,f,20-24,,-0.00502,synthetic_seed
WV,2023,white,non-hisp,f,25-29,,-0.00344,synthetic_seed
WV,2023,white,non-hisp,f,30-34,,-0.00369,synthetic_seed
WV,2023,white,non-hisp,f,35-39,,-0.00531,synthetic_seed
WV,2023,white,non-hisp,f,40-44,,-0.00384,synthetic_seed
WV,2023,white,non-hisp,f,45-49,,-0.00191,synthetic_seed
WV,2023,white,non-hisp,f,50-54,,-0.00183,synthetic_seed
WV,2023,white,non-hisp,f,55-59,,-0.00095,synthetic_seed
WV,2023,white,non-hisp,f,60-64,,-0.00079,synthetic_seed
WV,2023,white,non-hisp,f,65-69,,-0.00085,synthetic_seed
WV,2023,white,non-hisp,f,70-74,,-0.00076,synthetic_seed
WV,2023,white,non-hisp,f,75-79,,-0.00074,synthetic_seed
WV,2023,white,non-hisp,f,80-84,,-0.00075,synthetic_seed
WV,2023,white,non-hisp,f,85+,,-0.00056,synthetic_seed
WV,2023,white,hisp,m,0-4,,-0.00088,synthetic_seed
WV,2023,white,hisp,m,5-9,,-0.00077,synthetic_seed
WV,2023,white,hisp,m,10-14,,-0.00087,synthetic_seed
WV,2023,white,hisp,m,15-19,,-0.00233,synthetic_seed
WV,2023,white,hisp,m,20-24,,-0.00363,synthetic_seed
WV,2023,white,hisp,m,25-29,,-0.0034,synthetic_seed
WV,2023,white,hisp,m,30-34,,-0.00399,synthetic_seed
WV,2023,white,hisp,m,35-39,,-0.00289,synthetic_seed
WV,2023,white,hisp,m,40-44,,-0.00346,synthetic_seed
WV,2023,white,hisp,m,45-49,,-0.00261,synthetic_seed
WV,2023,white,hisp,m,50-54,,-0.00204,synthetic_seed
WV,2023,white,hisp,m,55-59,,-0.00087,synthetic_seed
WV,2023,white,hisp,m,60-64,,-0.00082,synthetic_seed
WV,2023,white,hisp,m,65-69,,-0.00082,synthetic_seed
WV,2023,white,hisp,m,70-74,,-0.00087,synthetic_seed
WV,2023,white,hisp,m,75-79,,-0.00075,synthetic_seed
WV,2023,white,hisp,m,80-84,,-0.00098,synthetic_seed
WV,2023,white,hisp,m,85+,,-0.00067,synthetic_seed
WV,2023,white,hisp,f,0-4,,-0.0008,synthetic_seed
WV,2023,white,hisp,f,5-9,,-0.00087,synthetic_seed
WV,2023,white,hisp,f,10-14,,-0.0008,synthetic_seed
WV,2023,white,hisp,f,15-19,,-0.00178,synthetic_seed
WV,2023,white,hisp,f,20-24,,-0.00555,synthetic_seed
WV,2023,white,hisp,f,25-29,,-0.00508,synthetic_seed
WV,2023,white,hisp,f,30-34,,-0.00339,synthetic_seed
WV,2023,white,hisp,f,35-39,,-0.00376,synthetic_seed
WV,2023,white,hisp,f,40-44,,-0.0042,synthetic_seed
WV,2023,white,hisp,f,45-49,,-0.0023,synthetic_seed
WV,2023,white,hisp,f,50-54,,-0.00212,synthetic_seed
WV,2023,white,hisp,f,55-59,,-0.00091,synthetic_seed
WV,2023,white,hisp,f,60-64,,-0.00089,synthetic_seed
WV,2023,white,hisp,f,65-69,,-0.00102,synthetic_seed
WV,2023,white,hisp,f,70-74,,-0.0007,synthetic_seed
WV,2023,white,hisp,f,75-79,,-0.00084,synthetic_seed
WV,2023,white,hisp,f,80-84,,-0.00068,synthetic_seed
WV,2023,white,hisp,f,85+,,-0.0007,synthetic_seed
WV,2023,black,non-hisp,m,0-4,,-0.00076,synthetic_seed
WV,2023,black,non-hisp,m,5-9,,-0.0006,synthetic_seed
WV,2023,black,non-hisp,m,10-14,,-0.0009,synthetic_seed
WV,2023,black,non-hisp,m,15-19,,-0.00195,synthetic_seed
WV,2023,black,non-hisp,m,20-24,,-0.00426,synthetic_seed
WV,2023,black,non-hisp,m,25-29,,-0.00368,synthetic_seed
WV,2023,black,non-hisp,m,30-34,,-0.00349,synthetic_seed
WV,2023,black,non-hisp,m,35-39,,-0.00428,synthetic_seed
WV,2023,black,non-hisp,m,40-44,,-0.00344,synthetic_seed
WV,2023,black,non-hisp,m,45-49,,-0.00195,synthetic_seed
WV,2023,black,non-hisp,m,50-54,,-0.00235,synthetic_seed
WV,2023,black,non-hisp,m,55-59,,-0.00078,synthetic_seed
WV,2023,black,non-hisp,m,60-64,,-0.00084,synthetic_seed
WV,2023,black,non-hisp,m,65-69,,-0.00087,synthetic_seed
WV,2023,black,non-hisp,m,70-74,,-0.00093,synthetic_seed
WV,2023,black,non-hisp,m,75-79,,-0.00086,synthetic_seed
WV,2023,black,non-hisp,m,80-84,,-0.0006,synthetic_seed
WV,2023,black,non-hisp,m,85+,,-0.00091,synthetic_seed
WV,2023,black,non-hisp,f,0-4,,-0.00083,synthetic_seed
WV,2023,black,non-hisp,f,5-9,,-0.00081,synthetic_seed
WV,2023,black,non-hisp,f,10-14,,-0.00059,synthetic_seed
WV,2023,black,non-hisp,f,15-19,,-0.0019,synthetic_seed
WV,2023,black,non-hisp,f,20-24,,-0.00402,synthetic_seed
WV,2023,black,non-hisp,f,25-29,,-0.00319,synthetic_seed
WV,2023,black,non-hisp,f,30-34,,-0.00474,synthetic_seed
WV,2023,black,non-hisp,f,35-39,,-0.00414,synthetic_seed
WV,2023,black,non-hisp,f,40-44,,-0.0043,synthetic_seed
WV,2023,black,non-hisp,f,45-49,,-0.0018,synthetic_seed
WV,2023,black,non-hisp,f,50-54,,-0.00205,synthetic_seed
WV,2023,black,non-hisp,f,55-59,,-0.00073,synthetic_seed
WV,2023,black,non-hisp,f,60-64,,-0.00097,synthetic_seed
WV,2023,black,non-hisp,f,65-69,,-0.00092,synthetic_seed
WV,2023,black,non-hisp,f,70-74,,-0.00073,synthetic_seed
WV,2023,black,non-hisp,f,75-79,,-0.00081,synthetic_seed
WV,2023,black,non-hisp,f,80-84,,-0.00096,synthetic_seed
WV,2023,black,non-hisp,f,85+,,-0.00077,synthetic_seed
WV,2023,black,hisp,m,0-4,,-0.00068,synthetic_seed
WV,2023,black,hisp,m,5-9,,-0.00071,synthetic_seed
WV,2023,black,hisp,m,10-14,,-0.00093,synthetic_seed
WV,2023,black,hisp,m,15-19,,-0.00187,synthetic_seed
WV,2023,black,hisp,m,20-24,,-0.00384,synthetic_seed
WV,2023,black,hisp,m,25-29,,-0.00474,synthetic_seed
WV,2023,black,hisp,m,30-34,,-0.00478,synthetic_seed
WV,2023,black,hisp,m,35-39,,-0.00415,synthetic_seed
WV,2023,black,hisp,m,40-44,,-0.0038,synthetic_seed
WV,2023,black,hisp,m,45-49,,-0.00184,synthetic_seed
WV,2023,black,hisp,m,50-54,,-0.0019,synthetic_seed
WV,2023,black,hisp,m,55-59,,-0.00067,synthetic_seed
WV,2023,black,hisp,m,60-64,,-0.00067,synthetic_seed
WV,2023,black,hisp,m,65-69,,-0.00093,synthetic_seed
WV,2023,black,hisp,m,70-74,,-0.00073,synthetic_seed
WV,2023,black,hisp,m,75-79,,-0.00092,synthetic_seed
WV,2023,black,hisp,m,80-84,,-0.00085,synthetic_seed
WV,2023,black,hisp,m,85+,,-0.00083,synthetic_seed
WV,2023,black,hisp,f,0-4,,-0.00098,synthetic_seed
WV,2023,black,hisp,f,5-9,,-0.00078,synthetic_seed
WV,2023,black,hisp,f,10-14,,-0.00076,synthetic_seed
WV,2023,black,hisp,f,15-19,,-0.00208,synthetic_seed
WV,2023,black,hisp,f,20-24,,-0.00449,synthetic_seed
WV,2023,black,hisp,f,25-29,,-0.00337,synthetic_seed
WV,2023,black,hisp,f,30-34,,-0.00234,synthetic_seed
WV,2023,black,hisp,f,35-39,,-0.00372,synthetic_seed
WV,2023,black,hisp,f,40-44,,-0.00339,synthetic_seed
WV,2023,black,hisp,f,45-49,,-0.00207,synthetic_seed
WV,2023,black,hisp,f,50-54,,-0.0023,synthetic_seed
WV,2023,black,hisp,f,55-59,,-0.00079,synthetic_seed
WV,2023,black,hisp,f,60-64,,-0.0009,synthetic_seed
WV,2023,black,hisp,f,65-69,,-0.00105,synthetic_seed
WV,2023,black,hisp,f,70-74,,-0.00094,synthetic_seed
WV,2023,black,hisp,f,75-79,,-0.00071,synthetic_seed
WV,2023,black,hisp,f,80-84,,-0.00057,synthetic_seed
WV,2023,black,hisp,f,85+,,-0.00069,synthetic_seed
WV,2023,asian,non-hisp,m,0-4,,-0.00082,synthetic_seed
WV,2023,asian,non-hisp,m,5-9,,-0.00062,synthetic_seed
WV,2023,asian,non-hisp,m,10-14,,-0.00082,synthetic_seed
WV,2023,asian,non-hisp,m,15-19,,-0.00195,synthetic_seed
WV,2023,asian,non-hisp,m,20-24,,-0.00439,synthetic_seed
WV,2023,asian,non-hisp,m,25-29,,-0.00388,synthetic_seed
WV,2023,asian,non-hisp,m,30-34,,-0.00368,synthetic_seed
WV,2023,asian,non-hisp,m,35-39,,-0.0039,synthetic_seed
WV,2023,asian,non-hisp,m,40-44,,-0.00317,synthetic_seed
WV,2023,asian,non-hisp,m,45-49,,-0.00182,synthetic_seed
WV,2023,asian,non-hisp,m,50-54,,-0.00225,synthetic_seed
WV,2023,asian,non-hisp,m,55-59,,-0.00074,synthetic_seed
WV,2023,asian,non-hisp,m,60-64,,-0.00077,synthetic_seed
WV,2023,asian,non-hisp,m,65-69,,-0.00103,synthetic_seed
WV,2023,asian,non-hisp,m,70-74,,-0.00092,synthetic_seed
WV,2023,asian,non-hisp,m,75-79,,-0.0007,synthetic_seed
WV,2023,asian,non-hisp,m,80-84,,-0.00091,synthetic_seed
WV,2023,asian,non-hisp,m,85+,,-0.00075,synthetic_seed
WV,2023,asian,non-hisp,f,0-4,,-0.00093,synthetic_seed
WV,2023,asian,non-hisp,f,5-9,,-0.00068,synthetic_seed
WV,2023,asian,non-hisp,f,10-14,,-0.00085,synthetic_seed
WV,2023,asian,non-hisp,f,15-19,,-0.00175,synthetic_seed
WV,2023,asian,non-hisp,f,20-24,,-0.00346,synthetic_seed
WV,2023,asian,non-hisp,f,25-29,,-0.00457,synthetic_seed
WV,2023,asian,non-hisp,f,30-34,,-0.00393,synthetic_seed
WV,2023,asian,non-hisp,f,35-39,,-0.00357,synthetic_seed
WV,2023,asian,non-hisp,f,40-44,,-0.00408,synthetic_seed
WV,2023,asian,non-hisp,f,45-49,,-0.00163,synthetic_seed
WV,2023,asian,non-hisp,f,50-54,,-0.00202,synthetic_seed
WV,2023,asian,non-hisp,f,55-59,,-0.00074,synthetic_seed
WV,2023,asian,non-hisp,f,60-64,,-0.00089,synthetic_seed
WV,2023,asian,non-hisp,f,65-69,,-0.00054,synthetic_seed
WV,2023,asian,non-hisp,f,70-74,,-0.0007,synthetic_seed
WV,2023,asian,non-hisp,f,75-79,,-0.00072,synthetic_seed
WV,2023,asian,non-hisp,f,80-84,,-0.00059,synthetic_seed
WV,2023,asian,non-hisp,f,85+,,-0.00054,synthetic_seed
WV,2023,asian,hisp,m,0-4,,-0.00096,synthetic_seed
WV,2023,asian,hisp,m,5-9,,-0.00092,synthetic_seed
WV,2023,asian,hisp,m,10-14,,-0.00072,synthetic_seed
WV,2023,asian,hisp,m,15-19,,-0.00165,synthetic_seed
WV,2023,asian,hisp,m,20-24,,-0.00422,synthetic_seed
WV,2023,asian,hisp,m,25-29,,-0.00514,synthetic_seed
WV,2023,asian,hisp,m,30-34,,-0.00383,synthetic_seed
WV,2023,asian,hisp,m,35-39,,-0.00404,synthetic_seed
WV,2023,asian,hisp,m,40-44,,-0.00453,synthetic_seed
WV,2023,asian,hisp,m,45-49,,-0.00166,synthetic_seed
WV,2023,asian,hisp,m,50-54,,-0.00244,synthetic_seed
WV,2023,asian,hisp,m,55-59,,-0.00055,synthetic_seed
WV,2023,asian,hisp,m,60-64,,-0.00065,synthetic_seed
WV,2023,asian,hisp,m,65-69,,-0.00071,synthetic_seed
WV,2023,asian,hisp,m,70-74,,-0.0009,synthetic_seed
WV,2023,asian,hisp,m,75-79,,-0.00076,synthetic_seed
WV,2023,asian,hisp,m,80-84,,-0.0008,synthetic_seed
WV,2023,asian,hisp,m,85+,,-0.00092,synthetic_seed
WV,2023,asian,hisp,f,0-4,,-0.00059,synthetic_seed
WV,2023,asian,hisp,f,5-9,,-0.0008,synthetic_seed
WV,2023,asian,hisp,f,10-14,,-0.00066,synthetic_seed
WV,2023,asian,hisp,f,15-19,,-0.00175,synthetic_seed
WV,2023,asian,hisp,f,20-24,,-0.00522,synthetic_seed
WV,2023,asian,hisp,f,25-29,,-0.00504,synthetic_seed
WV,2023,asian,hisp,f,30-34,,-0.00409,synthetic_seed
WV,2023,asian,hisp,f,35-39,,-0.00488,synthetic_seed
WV,2023,asian,hisp,f,40-44,,-0.00232,synthetic_seed
WV,2023,asian,hisp,f,45-49,,-0.00249,synthetic_seed
WV,2023,asian,hisp,f,50-54,,-0.00175,synthetic_seed
WV,2023,asian,hisp,f,55-59,,-0.00066,synthetic_seed
WV,2023,asian,hisp,f,60-64,,-0.00084,synthetic_seed
WV,2023,asian,hisp,f,65-69,,-0.00074,synthetic_seed
WV,2023,asian,hisp,f,70-74,,-0.00075,synthetic_seed
WV,2023,asian,hisp,f,75-79,,-0.00063,synthetic_seed
WV,2023,asian,hisp,f,80-84,,-0.00084,synthetic_seed
WV,2023,asian,hisp,f,85+,,-0.00105,synthetic_seed
WV,2023,other,non-hisp,m,0-4,,-0.0007,synthetic_seed
WV,2023,other,non-hisp,m,5-9,,-0.00081,synthetic_seed
WV,2023,other,non-hisp,m,10-14,,-0.00091,synthetic_seed
WV,2023,other,non-hisp,m,15-19,,-0.00209,synthetic_seed
WV,2023,other,non-hisp,m,20-24,,-0.00396,synthetic_seed
WV,2023,other,non-hisp,m,25-29,,-0.00334,synthetic_seed
WV,2023,other,non-hisp,m,30-34,,-0.00296,synthetic_seed
WV,2023,other,non-hisp,m,35-39,,-0.00397,synthetic_seed
WV,2023,other,non-hisp,m,40-44,,-0.00383,synthetic_seed
WV,2023,other,non-hisp,m,45-49,,-0.00172,synthetic_seed
WV,2023,other,non-hisp,m,50-54,,-0.00184,synthetic_seed
WV,2023,other,non-hisp,m,55-59,,-0.00066,synthetic_seed
WV,2023,other,non-hisp,m,60-64,,-0.0008,synthetic_seed
WV,2023,other,non-hisp,m,65-69,,-0.00075,synthetic_seed
WV,2023,other,non-hisp,m,70-74,,-0.00079,synthetic_seed
WV,2023,other,non-hisp,m,75-79,,-0.00085,synthetic_seed
WV,2023,other,non-hisp,m,80-84,,-0.0009,synthetic_seed
WV,2023,other,non-hisp,m,85+,,-0.0008,synthetic_seed
WV,2023,other,non-hisp,f,0-4,,-0.00077,synthetic_seed
WV,2023,other,non-hisp,f,5-9,,-0.00092,synthetic_seed
WV,2023,other,non-hisp,f,10-14,,-0.00067,synthetic_seed
WV,2023,other,non-hisp,f,15-19,,-0.00243,synthetic_seed
WV,2023,other,non-hisp,f,20-24,,-0.0047,synthetic_seed
WV,2023,other,non-hisp,f,25-29,,-0.00446,synthetic_seed
WV,2023,other,non-hisp,f,30-34,,-0.00383,synthetic_seed
WV,2023,other,non-hisp,f,35-39,,-0.00397,synthetic_seed
WV,2023,other,non-hisp,f,40-44,,-0.00398,synthetic_seed
WV,2023,other,non-hisp,f,45-49,,-0.00168,synthetic_seed
WV,2023,other,non-hisp,f,50-54,,-0.00202,synthetic_seed
WV,2023,other,non-hisp,f,55-59,,-0.00099,synthetic_seed
WV,2023,other,non-hisp,f,60-64,,-0.00081,synthetic_seed
WV,2023,other,non-hisp,f,65-69,,-0.00098,synthetic_seed
WV,2023,other,non-hisp,f,70-74,,-0.00096,synthetic_seed
WV,2023,other,non-hisp,f,75-79,,-0.00062,synthetic_seed
WV,2023,other,non-hisp,f,80-84,,-0.00099,synthetic_seed
WV,2023,other,non-hisp,f,85+,,-0.00063,synthetic_seed
WV,2023,other,hisp,m,0-4,,-0.00084,synthetic_seed
WV,2023,other,hisp,m,5-9,,-0.00101,synthetic_seed
WV,2023,other,hisp,m,10-14,,-0.00102,synthetic_seed
WV,2023,other,hisp,m,15-19,,-0.00216,synthetic_seed
WV,2023,other,hisp,m,20-24,,-0.00388,synthetic_seed
WV,2023,other,hisp,m,25-29,,-0.00388,synthetic_seed
WV,2023,other,hisp,m,30-34,,-0.00479,synthetic_seed
WV,2023,other,hisp,m,35-39,,-0.00402,synthetic_seed
WV,2023,other,hisp,m,40-44,,-0.00455,synthetic_seed
WV,2023,other,hisp,m,45-49,,-0.0021,synthetic_seed
WV,2023,other,hisp,m,50-54,,-0.00236,synthetic_seed
WV,2023,other,hisp,m,55-59,,-0.00091,synthetic_seed
WV,2023,other,hisp,m,60-64,,-0.0008,synthetic_seed
WV,2023,other,hisp,m,65-69,,-0.00086,synthetic_seed
WV,2023,other,hisp,m,70-74,,-0.0009,synthetic_seed
WV,2023,other,hisp,m,75-79,,-0.00089,synthetic_seed
WV,2023,other,hisp,m,80-84,,-0.0009,synthetic_seed
WV,2023,other,hisp,m,85+,,-0.00102,synthetic_seed
WV,2023,other,hisp,f,0-4,,-0.00063,synthetic_seed
WV,2023,other,hisp,f,5-9,,-0.00081,synthetic_seed
WV,2023,other,hisp,f,10-14,,-0.00062,synthetic_seed
WV,2023,other,hisp,f,15-19,,-0.00227,synthetic_seed
WV,2023,other,hisp,f,20-24,,-0.00436,synthetic_seed
WV,2023,other,hisp,f,25-29,,-0.00442,synthetic_seed
WV,2023,other,hisp,f,30-34,,-0.00405,synthetic_seed
WV,2023,other,hisp,f,35-39,,-0.00386,synthetic_seed
WV,2023,other,hisp,f,40-44,,-0.00441,synthetic_seed
WV,2023,other,hisp,f,45-49,,-0.00241,synthetic_seed
WV,2023,other,hisp,f,50-54,,-0.00246,synthetic_seed
WV,2023,other,hisp,f,55-59,,-0.00077,synthetic_seed
WV,2023,other,hisp,f,60-64,,-0.00085,synthetic_seed
WV,2023,other,hisp,f,65-69,,-0.00081,synthetic_seed
WV,2023,other,hisp,f,70-74,,-0.00081,synthetic_seed
WV,2023,other,hisp,f,75-79,,-0.00099,synthetic_seed
WV,2023,other,hisp,f,80-84,,-0.00061,synthetic_seed
WV,2023,other,hisp,f,85+,,-0.00091,synthetic_seed
WI,2023,white,non-hisp,m,0-4,,0.0017,synthetic_seed
WI,2023,white,non-hisp,m,5-9,,0.00237,synthetic_seed
WI,2023,white,non-hisp,m,10-14,,0.00166,synthetic_seed
WI,2023,white,non-hisp,m,15-19,,0.00618,synthetic_seed
WI,2023,white,non-hisp,m,20-24,,0.01115,synthetic_seed
WI,2023,white,non-hisp,m,25-29,,0.00931,synthetic_seed
WI,2023,white,non-hisp,m,30-34,,0.011,synthetic_seed
WI,2023,white,non-hisp,m,35-39,,0.0094,synthetic_seed
WI,2023,white,non-hisp,m,40-44,,0.01056,synthetic_seed
WI,2023,white,non-hisp,m,45-49,,0.00515,synthetic_seed
WI,2023,white,non-hisp,m,50-54,,0.00465,synthetic_seed
WI,2023,white,non-hisp,m,55-59,,0.00193,synthetic_seed
WI,2023,white,non-hisp,m,60-64,,0.0014,synthetic_seed
WI,2023,white,non-hisp,m,65-69,,0.00173,synthetic_seed
WI,2023,white,non-hisp,m,70-74,,0.00222,synthetic_seed
WI,2023,white,non-hisp,m,75-79,,0.00225,synthetic_seed
WI,2023,white,non-hisp,m,80-84,,0.00162,synthetic_seed
WI,2023,white,non-hisp,m,85+,,0.00199,synthetic_seed
WI,2023,white,non-hisp,f,0-4,,0.00198,synthetic_seed
WI,2023,white,non-hisp,f,5-9,,0.00215,synthetic_seed
WI,2023,white,non-hisp,f,10-14,,0.00136,synthetic_seed
WI,2023,white,non-hisp,f,15-19,,0.00538,synthetic_seed
WI,2023,white,non-hisp,f,20-24,,0.00951,synthetic_seed
WI,2023,white,non-hisp,f,25-29,,0.01102,synthetic_seed
WI,2023,white,non-hisp,f,30-34,,0.01191,synthetic_seed
WI,2023,white,non-hisp,f,35-39,,0.00817,synthetic_seed
WI,2023,white,non-hisp,f,40-44,,0.00829,synthetic_seed
WI,2023,white,non-hisp,f,45-49,,0.00618,synthetic_seed
WI,2023,white,non-hisp,f,50-54,,0.00573,synthetic_seed
WI,2023,white,non-hisp,f,55-59,,0.00197,synthetic_seed
WI,2023,white,non-hisp,f,60-64,,0.00132,synthetic_seed
WI,2023,white,non-hisp,f,65-69,,0.00239,synthetic_seed
WI,2023,white,non-hisp,f,70-74,,0.00197,synthetic_seed
WI,2023,white,non-hisp,f,75-79,,0.00209,synthetic_seed
WI,2023,white,non-hisp,f,80-84,,0.00184,synthetic_seed
WI,2023,white,non-hisp,f,85+,,0.00231,synthetic_seed
WI,2023,white,hisp,m,0-4,,0.00229,synthetic_seed
WI,2023,white,hisp,m,5-9,,0.002,synthetic_seed
WI,2023,white,hisp,m,10-14,,0.00189,synthetic_seed
WI,2023,white,hisp,m,15-19,,0.00571,synthetic_seed
WI,2023,white,hisp,m,20-24,,0.00786,synthetic_seed
WI,2023,white,hisp,m,25-29,,0.01331,synthetic_seed
WI,2023,white,hisp,m,30-34,,0.01187,synthetic_seed
WI,2023,white,hisp,m,35-39,,0.01039,synthetic_seed
WI,2023,white,hisp,m,40-44,,0.00923,synthetic_seed
WI,2023,white,hisp,m,45-49,,0.00385,synthetic_seed
WI,2023,white,hisp,m,50-54,,0.00477,synthetic_seed
WI,2023,white,hisp,m,55-59,,0.00153,synthetic_seed
WI,2023,white,hisp,m,60-64,,0.00165,synthetic_seed
WI,2023,white,hisp,m,65-69,,0.00179,synthetic_seed
WI,2023,white,hisp,m,70-74,,0.00201,synthetic_seed
WI,2023,white,hisp,m,75-79,,0.00209,synthetic_seed
WI,2023,white,hisp,m,80-84,,0.00201,synthetic_seed
WI,2023,white,hisp,m,85+,,0.00223,synthetic_seed
WI,2023,white,hisp,f,0-4,,0.00182,synthetic_seed
WI,2023,white,hisp,f,5-9,,0.00203,synthetic_seed
WI,2023,white,hisp,f,10-14,,0.002,synthetic_seed
WI,2023,white,hisp,f,15-19,,0.00509,synthetic_seed
WI,2023,white,hisp,f,20-24,,0.00988,synthetic_seed
WI,2023,white,hisp,f,25-29,,0.01052,synthetic_seed
WI,2023,white,hisp,f,30-34,,0.01063,synthetic_seed
WI,2023,white,hisp,f,35-39,,0.00981,synthetic_seed
WI,2023,white,hisp,f,40-44,,0.00649,synthetic_seed
WI,2023,white,hisp,f,45-49,,0.0052,synthetic_seed
WI,2023,white,hisp,f,50-54,,0.00581,synthetic_seed
WI,2023,white,hisp,f,55-59,,0.00176,synthetic_seed
WI,2023,white,hisp,f,60-64,,0.0023,synthetic_seed
WI,2023,white,hisp,f,65-69,,0.00186,synthetic_seed
WI,2023,white,hisp,f,70-74,,0.00235,synthetic_seed
WI,2023,white,hisp,f,75-79,,0.00227,synthetic_seed
WI,2023,white,hisp,f,80-84,,0.00234,synthetic_seed
WI,2023,white,hisp,f,85+,,0.00238,synthetic_seed
WI,2023,black,non-hisp,m,0-4,,0.0013,synthetic_seed
WI,2023,black,non-hisp,m,5-9,,0.00178,synthetic_seed
WI,2023,black,non-hisp,m,10-14,,0.00213,synthetic_seed
WI,2023,black,non-hisp,m,15-19,,0.00583,synthetic_seed
WI,2023,black,non-hisp,m,20-24,,0.01211,synthetic_seed
WI,2023,black,non-hisp,m,25-29,,0.01015,synthetic_seed
WI,2023,black,non-hisp,m,30-34,,0.01007,synthetic_seed
WI,2023,black,non-hisp,m,35-39,,0.0111,synthetic_seed
WI,2023,black,non-hisp,m,40-44,,0.0098,synthetic_seed
WI,2023,black,non-hisp,m,45-49,,0.00551,synthetic_seed
WI,2023,black,non-hisp,m,50-54,,0.00476,synthetic_seed
WI,2023,black,non-hisp,m,55-59,,0.00162,synthetic_seed
WI,2023,black,non-hisp,m,60-64,,0.00206,synthetic_seed
WI,2023,black,non-hisp,m,65-69,,0.0021,synthetic_seed
WI,2023,black,non-hisp,m,70-74,,0.00156,synthetic_seed
WI,2023,black,non-hisp,m,75-79,,0.00239,synthetic_seed
WI,2023,black,non-hisp,m,80-84,,0.00223,synthetic_seed
WI,2023,black,non-hisp,m,85+,,0.00236,synthetic_seed
WI,2023,black,non-hisp,f,0-4,,0.00155,synthetic_seed
WI,2023,black,non-hisp,f,5-9,,0.00214,synthetic_seed
WI,2023,black,non-hisp,f,10-14,,0.0017,synthetic_seed
WI,2023,black,non-hisp,f,15-19,,0.00375,synthetic_seed
WI,2023,black,non-hisp,f,20-24,,0.01062,synthetic_seed
WI,2023,black,non-hisp,f,25-29,,0.01072,synthetic_seed
WI,2023,black,non-hisp,f,30-34,,0.0105,synthetic_seed
WI,2023,black,non-hisp,f,35-39,,0.01075,synthetic_seed
WI,2023,black,non-hisp,f,40-44,,0.00816,synthetic_seed
WI,2023,black,non-hisp,f,45-49,,0.00594,synthetic_seed
WI,2023,black,non-hisp,f,50-54,,0.00631,synthetic_seed
WI,2023,black,non-hisp,f,55-59,,0.00204,synthetic_seed
WI,2023,black,non-hisp,f,60-64,,0.0018,synthetic_seed
WI,2023,black,non-hisp,f,65-69,,0.00162,synthetic_seed
WI,2023,black,non-hisp,f,70-74,,0.00204,synthetic_seed
WI,2023,black,non-hisp,f,75-79,,0.00181,synthetic_seed
WI,2023,black,non-hisp,f,80-84,,0.0023,synthetic_seed
WI,2023,black,non-hisp,f,85+,,0.00213,synthetic_seed
WI,2023,black,hisp,m,0-4,,0.00185,synthetic_seed
WI,2023,black,hisp,m,5-9,,0.00202,synthetic_seed
WI,2023,black,hisp,m,10-14,,0.00242,synthetic_seed
WI,2023,black,hisp,m,15-19,,0.00523,synthetic_seed
WI,2023,black,hisp,m,20-24,,0.00833,synthetic_seed
WI,2023,black,hisp,m,25-29,,0.01547,synthetic_seed
WI,2023,black,hisp,m,30-34,,0.01123,synthetic_seed
WI,2023,black,hisp,m,35-39,,0.00914,synthetic_seed
WI,2023,black,hisp,m,40-44,,0.01072,synthetic_seed
WI,2023,black,hisp,m,45-49,,0.00607,synthetic_seed
WI,2023,black,hisp,m,50-54,,0.00433,synthetic_seed
WI,2023,black,hisp,m,55-59,,0.00199,synthetic_seed
WI,2023,black,hisp,m,60-64,,0.00234,synthetic_seed
WI,2023,black,hisp,m,65-69,,0.00187,synthetic_seed
WI,2023,black,hisp,m,70-74,,0.00179,synthetic_seed
WI,2023,black,hisp,m,75-79,,0.00195,synthetic_seed
WI,2023,black,hisp,m,80-84,,0.00231,synthetic_seed
WI,2023,black,hisp,m,85+,,0.0022,synthetic_seed
WI,2023,black,hisp,f,0-4,,0.00202,synthetic_seed
WI,2023,black,hisp,f,5-9,,0.00231,synthetic_seed
WI,2023,black,hisp,f,10-14,,0.00154,synthetic_seed
WI,2023,black,hisp,f,15-19,,0.00426,synthetic_seed
WI,2023,black,hisp,f,20-24,,0.0074,synthetic_seed
WI,2023,black,hisp,f,25-29,,0.01027,synthetic_seed
WI,2023,black,hisp,f,30-34,,0.01032,synthetic_seed
WI,2023,black,hisp,f,35-39,,0.01045,synthetic_seed
WI,2023,black,hisp,f,40-44,,0.01287,synthetic_seed
WI,2023,black,hisp,f,45-49,,0.00471,synthetic_seed
WI,2023,black,hisp,f,50-54,,0.00456,synthetic_seed
WI,2023,black,hisp,f,55-59,,0.00182,synthetic_seed
WI,2023,black,hisp,f,60-64,,0.00225,synthetic_seed
WI,2023,black,hisp,f,65-69,,0.00169,synthetic_seed
WI,2023,black,hisp,f,70-74,,0.00197,synthetic_seed
WI,2023,black,hisp,f,75-79,,0.00144,synthetic_seed
WI,2023,black,hisp,f,80-84,,0.002,synthetic_seed
WI,2023,black,hisp,f,85+,,0.00198,synthetic_seed
WI,2023,asian,non-hisp,m,0-4,,0.00225,synthetic_seed
WI,2023,asian,non-hisp,m,5-9,,0.00179,synthetic_seed
WI,2023,asian,non-hisp,m,10-14,,0.00216,synthetic_seed
WI,2023,asian,non-hisp,m,15-19,,0.00611,synthetic_seed
WI,2023,asian,non-hisp,m,20-24,,0.01142,synthetic_seed
WI,2023,asian,non-hisp,m,25-29,,0.00911,synthetic_seed
WI,2023,asian,non-hisp,m,30-34,,0.01235,synthetic_seed
WI,2023,asian,non-hisp,m,35-39,,0.01132,synthetic_seed
WI,2023,asian,non-hisp,m,40-44,,0.01008,synthetic_seed
WI,2023,asian,non-hisp,m,45-49,,0.00352,synthetic_seed
WI,2023,asian,non-hisp,m,50-54,,0.00447,synthetic_seed
WI,2023,asian,non-hisp,m,55-59,,0.00191,synthetic_seed
WI,2023,asian,non-hisp,m,60-64,,0.00202,synthetic_seed
WI,2023,asian,non-hisp,m,65-69,,0.00239,synthetic_seed
WI,2023,asian,non-hisp,m,70-74,,0.00155,synthetic_seed
WI,2023,asian,non-hisp,m,75-79,,0.00199,synthetic_seed
WI,2023,asian,non-hisp,m,80-84,,0.00204,synthetic_seed
WI,2023,asian,non-hisp,m,85+,,0.00176,synthetic_seed
WI,2023,asian,non-hisp,f,0-4,,0.0022,synthetic_seed
WI,2023,asian,non-hisp,f,5-9,,0.00217,synthetic_seed
WI,2023,asian,non-hisp,f,10-14,,0.0015,synthetic_seed
WI,2023,asian,non-hisp,f,15-19,,0.00585,synthetic_seed
WI,2023,asian,non-hisp,f,20-24,,0.01056,synthetic_seed
WI,2023,asian,non-hisp,f,25-29,,0.00981,synthetic_seed
WI,2023,asian,non-hisp,f,30-34,,0.0108,synthetic_seed
WI,2023,asian,non-hisp,f,35-39,,0.00979,synthetic_seed
WI,2023,asian,non-hisp,f,40-44,,0.00786,synthetic_seed
WI,2023,asian,non-hisp,f,45-49,,0.00552,synthetic_seed
WI,2023,asian,non-hisp,f,50-54,,0.00507,synthetic_seed
WI,2023,asian,non-hisp,f,55-59,,0.00165,synthetic_seed
WI,2023,asian,non-hisp,f,60-64,,0.00202,synthetic_seed
WI,2023,asian,non-hisp,f,65-69,,0.00165,synthetic_seed
WI,2023,asian,non-hisp,f,70-74,,0.00212,synthetic_seed
WI,2023,asian,non-hisp,f,75-79,,0.00148,synthetic_seed
WI,2023,asian,non-hisp,f,80-84,,0.00176,synthetic_seed
WI,2023,asian,non-hisp,f,85+,,0.00159,synthetic_seed
WI,2023,asian,hisp,m,0-4,,0.00156,synthetic_seed
WI,2023,asian,hisp,m,5-9,,0.00148,synthetic_seed
WI,2023,asian,hisp,m,10-14,,0.00233,synthetic_seed
WI,2023,asian,hisp,m,15-19,,0.00547,synthetic_seed
WI,2023,asian,hisp,m,20-24,,0.01139,synthetic_seed
WI,2023,asian,hisp,m,25-29,,0.01146,synthetic_seed
WI,2023,asian,hisp,m,30-34,,0.00918,synthetic_seed
WI,2023,asian,hisp,m,35-39,,0.00782,synthetic_seed
WI,2023,asian,hisp,m,40-44,,0.0092,synthetic_seed
WI,2023,asian,hisp,m,45-49,,0.00456,synthetic_seed
WI,2023,asian,hisp,m,50-54,,0.00572,synthetic_seed
WI,2023,asian,hisp,m,55-59,,0.0024,synthetic_seed
WI,2023,asian,hisp,m,60-64,,0.00246,synthetic_seed
WI,2023,asian,hisp,m,65-69,,0.00121,synthetic_seed
WI,2023,asian,hisp,m,70-74,,0.00202,synthetic_seed
WI,2023,asian,hisp,m,75-79,,0.0015,synthetic_seed
WI,2023,asian,hisp,m,80-84,,0.00178,synthetic_seed
WI,2023,asian,hisp,m,85+,,0.00189,synthetic_seed
WI,2023,asian,hisp,f,0-4,,0.00247,synthetic_seed
WI,2023,asian,hisp,f,5-9,,0.00245,synthetic_seed
WI,2023,asian,hisp,f,10-14,,0.00173,synthetic_seed
WI,2023,asian,hisp,f,15-19,,0.006,synthetic_seed
WI,2023,asian,hisp,f,20-24,,0.01063,synthetic_seed
WI,2023,asian,hisp,f,25-29,,0.00922,synthetic_seed
WI,2023,asian,hisp,f,30-34,,0.01137,synthetic_seed
WI,2023,asian,hisp,f,35-39,,0.00846,synthetic_seed
WI,2023,asian,hisp,f,40-44,,0.01004,synthetic_seed
WI,2023,asian,hisp,f,45-49,,0.00573,synthetic_seed
WI,2023,asian,hisp,f,50-54,,0.00565,synthetic_seed
WI,2023,asian,hisp,f,55-59,,0.00219,synthetic_seed
WI,2023,asian,hisp,f,60-64,,0.00216,synthetic_seed
WI,2023,asian,hisp,f,65-69,,0.00213,synthetic_seed
WI,2023,asian,hisp,f,70-74,,0.00183,synthetic_seed
WI,2023,asian,hisp,f,75-79,,0.00174,synthetic_seed
WI,2023,asian,hisp,f,80-84,,0.00163,synthetic_seed
WI,2023,asian,hisp,f,85+,,0.00182,synthetic_seed
WI,2023,other,non-hisp,m,0-4,,0.00208,synthetic_seed
WI,2023,other,non-hisp,m,5-9,,0.00197,synthetic_seed
WI,2023,other,non-hisp,m,10-14,,0.00184,synthetic_seed
WI,2023,other,non-hisp,m,15-19,,0.00509,synthetic_seed
WI,2023,other,non-hisp,m,20-24,,0.00962,synthetic_seed
WI,2023,other,non-hisp,m,25-29,,0.00915,synthetic_seed
WI,2023,other,non-hisp,m,30-34,,0.01248,synthetic_seed
WI,2023,other,non-hisp,m,35-39,,0.00976,synthetic_seed
WI,2023,other,non-hisp,m,40-44,,0.00853,synthetic_seed
WI,2023,other,non-hisp,m,45-49,,0.00459,synthetic_seed
WI,2023,other,non-hisp,m,50-54,,0.00543,synthetic_seed
WI,2023,other,non-hisp,m,55-59,,0.00208,synthetic_seed
WI,2023,other,non-hisp,m,60-64,,0.00247,synthetic_seed
WI,2023,other,non-hisp,m,65-69,,0.00179,synthetic_seed
WI,2023,other,non-hisp,m,70-74,,0.00217,synthetic_seed
WI,2023,other,non-hisp,m,75-79,,0.00209,synthetic_seed
WI,2023,other,non-hisp,m,80-84,,0.00196,synthetic_seed
WI,2023,other,non-hisp,m,85+,,0.00183,synthetic_seed
WI,2023,other,non-hisp,f,0-4,,0.00214,synthetic_seed
WI,2023,other,non-hisp,f,5-9,,0.00209,synthetic_seed
WI,2023,other,non-hisp,f,10-14,,0.0018,synthetic_seed
WI,2023,other,non-hisp,f,15-19,,0.00537,synthetic_seed
WI,2023,other,non-hisp,f,20-24,,0.01092,synthetic_seed
WI,2023,other,non-hisp,f,25-29,,0.0114,synthetic_seed
WI,2023,other,non-hisp,f,30-34,,0.0081,synthetic_seed
WI,2023,other,non-hisp,f,35-39,,0.01083,synthetic_seed
WI,2023,other,non-hisp,f,40-44,,0.01487,synthetic_seed
WI,2023,other,non-hisp,f,45-49,,0.0041,synthetic_seed
WI,2023,other,non-hisp,f,50-54,,0.00581,synthetic_seed
WI,2023,other,non-hisp,f,55-59,,0.00198,synthetic_seed
WI,2023,other,non-hisp,f,60-64,,0.00166,synthetic_seed
WI,2023,other,non-hisp,f,65-69,,0.00178,synthetic_seed
WI,2023,other,non-hisp,f,70-74,,0.0023,synthetic_seed
WI,2023,other,non-hisp,f,75-79,,0.002,synthetic_seed
WI,2023,other,non-hisp,f,80-84,,0.00171,synthetic_seed
WI,2023,other,non-hisp,f,85+,,0.00162,synthetic_seed
WI,2023,other,hisp,m,0-4,,0.00223,synthetic_seed
WI,2023,other,hisp,m,5-9,,0.00187,synthetic_seed
WI,2023,other,hisp,m,10-14,,0.00203,synthetic_seed
WI,2023,other,hisp,m,15-19,,0.00543,synthetic_seed
WI,2023,other,hisp,m,20-24,,0.00923,synthetic_seed
WI,2023,other,hisp,m,25-29,,0.01102,synthetic_seed
WI,2023,other,hisp,m,30-34,,0.01096,synthetic_seed
WI,2023,other,hisp,m,35-39,,0.00988,synthetic_seed
WI,2023,other,hisp,m,40-44,,0.01027,synthetic_seed
WI,2023,other,hisp,m,45-49,,0.0048,synthetic_seed
WI,2023,other,hisp,m,50-54,,0.00457,synthetic_seed
WI,2023,other,hisp,m,55-59,,0.00199,synthetic_seed
WI,2023,other,hisp,m,60-64,,0.00193,synthetic_seed
WI,2023,other,hisp,m,65-69,,0.00148,synthetic_seed
WI,2023,other,hisp,m,70-74,,0.00215,synthetic_seed
WI,2023,other,hisp,m,75-79,,0.00191,synthetic_seed
WI,2023,other,hisp,m,80-84,,0.00242,synthetic_seed
WI,2023,other,hisp,m,85+,,0.00191,synthetic_seed
WI,2023,other,hisp,f,0-4,,0.00202,synthetic_seed
WI,2023,other,hisp,f,5-9,,0.00168,synthetic_seed
WI,2023,other,hisp,f,10-14,,0.00134,synthetic_seed
WI,2023,other,hisp,f,15-19,,0.0045,synthetic_seed
WI,2023,other,hisp,f,20-24,,0.00897,synthetic_seed
WI,2023,other,hisp,f,25-29,,0.00959,synthetic_seed
WI,2023,other,hisp,f,30-34,,0.00971,synthetic_seed
WI,2023,other,hisp,f,35-39,,0.00929,synthetic_seed
WI,2023,other,hisp,f,40-44,,0.01216,synthetic_seed
WI,2023,other,hisp,f,45-49,,0.00575,synthetic_seed
WI,2023,other,hisp,f,50-54,,0.0059,synthetic_seed
WI,2023,other,hisp,f,55-59,,0.00216,synthetic_seed
WI,2023,other,hisp,f,60-64,,0.00157,synthetic_seed
WI,2023,other,hisp,f,65-69,,0.00199,synthetic_seed
WI,2023,other,hisp,f,70-74,,0.00232,synthetic_seed
WI,2023,other,hisp,f,75-79,,0.00186,synthetic_seed
WI,2023,other,hisp,f,80-84,,0.00172,synthetic_seed
WI,2023,other,hisp,f,85+,,0.00229,synthetic_seed
WY,2023,white,non-hisp,m,0-4,,0.00109,synthetic_seed
WY,2023,white,non-hisp,m,5-9,,0.00113,synthetic_seed
WY,2023,white,non-hisp,m,10-14,,0.00137,synthetic_seed
WY,2023,white,non-hisp,m,15-19,,0.0033,synthetic_seed
WY,2023,white,non-hisp,m,20-24,,0.00641,synthetic_seed
WY,2023,white,non-hisp,m,25-29,,0.00636,synthetic_seed
WY,2023,white,non-hisp,m,30-34,,0.00861,synthetic_seed
WY,2023,white,non-hisp,m,35-39,,0.00607,synthetic_seed
WY,2023,white,non-hisp,m,40-44,,0.00601,synthetic_seed
WY,2023,white,non-hisp,m,45-49,,0.00353,synthetic_seed
WY,2023,white,non-hisp,m,50-54,,0.00267,synthetic_seed
WY,2023,white,non-hisp,m,55-59,,0.00135,synthetic_seed
WY,2023,white,non-hisp,m,60-64,,0.00115,synthetic_seed
WY,2023,white,non-hisp,m,65-69,,0.00108,synthetic_seed
WY,2023,white,non-hisp,m,70-74,,0.00147,synthetic_seed
WY,2023,white,non-hisp,m,75-79,,0.00084,synthetic_seed
WY,2023,white,non-hisp,m,80-84,,0.00129,synthetic_seed
WY,2023,white,non-hisp,m,85+,,0.00105,synthetic_seed
WY,2023,white,non-hisp,f,0-4,,0.00121,synthetic_seed
WY,2023,white,non-hisp,f,5-9,,0.00107,synthetic_seed
WY,2023,white,non-hisp,f,10-14,,0.00117,synthetic_seed
WY,2023,white,non-hisp,f,15-19,,0.00323,synthetic_seed
WY,2023,white,non-hisp,f,20-24,,0.00669,synthetic_seed
WY,2023,white,non-hisp,f,25-29,,0.00679,synthetic_seed
WY,2023,white,non-hisp,f,30-34,,0.00499,synthetic_seed
WY,2023,white,non-hisp,f,35-39,,0.00789,synthetic_seed
WY,2023,white,non-hisp,f,40-44,,0.00621,synthetic_seed
WY,2023,white,non-hisp,f,45-49,,0.00286,synthetic_seed
WY,2023,white,non-hisp,f,50-54,,0.00325,synthetic_seed
WY,2023,white,non-hisp,f,55-59,,0.00157,synthetic_seed
WY,2023,white,non-hisp,f,60-64,,0.00126,synthetic_seed
WY,2023,white,non-hisp,f,65-69,,0.0011,synthetic_seed
WY,2023,white,non-hisp,f,70-74,,0.00134,synthetic_seed
WY,2023,white,non-hisp,f,75-79,,0.00139,synthetic_seed
WY,2023,white,non-hisp,f,80-84,,0.00087,synthetic_seed
WY,2023,white,non-hisp,f,85+,,0.00138,synthetic_seed
WY,2023,white,hisp,m,0-4,,0.00106,synthetic_seed
WY,2023,white,hisp,m,5-9,,0.00098,synthetic_seed
WY,2023,white,hisp,m,10-14,,0.00128,synthetic_seed
WY,2023,white,hisp,m,15-19,,0.00264,synthetic_seed
WY,2023,white,hisp,m,20-24,,0.00602,synthetic_seed
WY,2023,white,hisp,m,25-29,,0.00629,synthetic_seed
WY,2023,white,hisp,m,30-34,,0.00617,synthetic_seed
WY,2023,white,hisp,m,35-39,,0.00793,synthetic_seed
WY,2023,white,hisp,m,40-44,,0.00556,synthetic_seed
WY,2023,white,hisp,m,45-49,,0.00263,synthetic_seed
WY,2023,white,hisp,m,50-54,,0.00297,synthetic_seed
WY,2023,white,hisp,m,55-59,,0.0012,synthetic_seed
WY,2023,white,hisp,m,60-64,,0.00107,synthetic_seed
WY,2023,white,hisp,m,65-69,,0.00103,synthetic_seed
WY,2023,white,hisp,m,70-74,,0.0012,synthetic_seed
WY,2023,white,hisp,m,75-79,,0.00113,synthetic_seed
WY,2023,white,hisp,m,80-84,,0.00133,synthetic_seed
WY,2023,white,hisp,m,85+,,0.00135,synthetic_seed
WY,2023,white,hisp,f,0-4,,0.00157,synthetic_seed
WY,2023,white,hisp,f,5-9,,0.0011,synthetic_seed
WY,2023,white,hisp,f,10-14,,0.00123,synthetic_seed
WY,2023,white,hisp,f,15-19,,0.00228,synthetic_seed
WY,2023,white,hisp,f,20-24,,0.00589,synthetic_seed
WY,2023,white,hisp,f,25-29,,0.00592,synthetic_seed
WY,2023,white,hisp,f,30-34,,0.00556,synthetic_seed
WY,2023,white,hisp,f,35-39,,0.00525,synthetic_seed
WY,2023,white,hisp,f,40-44,,0.0063,synthetic_seed
WY,2023,white,hisp,f,45-49,,0.00361,synthetic_seed
WY,2023,white,hisp,f,50-54,,0.00326,synthetic_seed
WY,2023,white,hisp,f,55-59,,0.00126,synthetic_seed
WY,2023,white,hisp,f,60-64,,0.00127,synthetic_seed
WY,2023,white,hisp,f,65-69,,0.00132,synthetic_seed
WY,2023,white,hisp,f,70-74,,0.00128,synthetic_seed
WY,2023,white,hisp,f,75-79,,0.00087,synthetic_seed
WY,2023,white,hisp,f,80-84,,0.00131,synthetic_seed
WY,2023,white,hisp,f,85+,,0.00125,synthetic_seed
WY,2023,black,non-hisp,m,0-4,,0.00112,synthetic_seed
WY,2023,black,non-hisp,m,5-9,,0.0014,synthetic_seed
WY,2023,black,non-hisp,m,10-14,,0.00129,synthetic_seed
WY,2023,black,non-hisp,m,15-19,,0.00259,synthetic_seed
WY,2023,black,non-hisp,m,20-24,,0.00429,synthetic_seed
WY,2023,black,non-hisp,m,25-29,,0.0066,synthetic_seed
WY,2023,black,non-hisp,m,30-34,,0.00713,synthetic_seed
WY,2023,black,non-hisp,m,35-39,,0.00563,synthetic_seed
WY,2023,black,non-hisp,m,40-44,,0.00557,synthetic_seed
WY,2023,black,non-hisp,m,45-49,,0.00275,synthetic_seed
WY,2023,black,non-hisp,m,50-54,,0.00319,synthetic_seed
WY,2023,black,non-hisp,m,55-59,,0.00145,synthetic_seed
WY,2023,black,non-hisp,m,60-64,,0.00114,synthetic_seed
WY,2023,black,non-hisp,m,65-69,,0.00129,synthetic_seed
WY,2023,black,non-hisp,m,70-74,,0.00094,synthetic_seed
WY,2023,black,non-hisp,m,75-79,,0.00108,synthetic_seed
WY,2023,black,non-hisp,m,80-84,,0.00084,synthetic_seed
WY,2023,black,non-hisp,m,85+,,0.00117,synthetic_seed
WY,2023,black,non-hisp,f,0-4,,0.00123,synthetic_seed
WY,2023,black,non-hisp,f,5-9,,0.00116,synthetic_seed
WY,2023,black,non-hisp,f,10-14,,0.0015,synthetic_seed
WY,2023,black,non-hisp,f,15-19,,0.00283,synthetic_seed
WY,2023,black,non-hisp,f,20-24,,0.00778,synthetic_seed
WY,2023,black,non-hisp,f,25-29,,0.00508,synthetic_seed
WY,2023,black,non-hisp,f,30-34,,0.00622,synthetic_seed
WY,2023,black,non-hisp,f,35-39,,0.00513,synthetic_seed
WY,2023,black,non-hisp,f,40-44,,0.00583,synthetic_seed
WY,2023,black,non-hisp,f,45-49,,0.00309,synthetic_seed
WY,2023,black,non-hisp,f,50-54,,0.00258,synthetic_seed
WY,2023,black,non-hisp,f,55-59,,0.00128,synthetic_seed
WY,2023,black,non-hisp,f,60-64,,0.00104,synthetic_seed
WY,2023,black,non-hisp,f,65-69,,0.00118,synthetic_seed
WY,2023,black,non-hisp,f,70-74,,0.00126,synthetic_seed
WY,2023,black,non-hisp,f,75-79,,0.00147,synthetic_seed
WY,2023,black,non-hisp,f,80-84,,0.00096,synthetic_seed
WY,2023,black,non-hisp,f,85+,,0.00143,synthetic_seed
WY,2023,black,hisp,m,0-4,,0.00138,synthetic_seed
WY,2023,black,hisp,m,5-9,,0.00136,synthetic_seed
WY,2023,black,hisp,m,10-14,,0.00129,synthetic_seed
WY,2023,black,hisp,m,15-19,,0.00346,synthetic_seed
WY,2023,black,hisp,m,20-24,,0.00566,synthetic_seed
WY,2023,black,hisp,m,25-29,,0.00593,synthetic_seed
WY,2023,black,hisp,m,30-34,,0.00538,synthetic_seed
WY,2023,black,hisp,m,35-39,,0.00617,synthetic_seed
WY,2023,black,hisp,m,40-44,,0.0051,synthetic_seed
WY,2023,black,hisp,m,45-49,,0.00309,synthetic_seed
WY,2023,black,hisp,m,50-54,,0.00346,synthetic_seed
WY,2023,black,hisp,m,55-59,,0.00154,synthetic_seed
WY,2023,black,hisp,m,60-64,,0.00125,synthetic_seed
WY,2023,black,hisp,m,65-69,,0.00116,synthetic_seed
WY,2023,black,hisp,m,70-74,,0.00108,synthetic_seed
WY,2023,black,hisp,m,75-79,,0.00133,synthetic_seed
WY,2023,black,hisp,m,80-84,,0.00131,synthetic_seed
WY,2023,black,hisp,m,85+,,0.00122,synthetic_seed
WY,2023,black,hisp,f,0-4,,0.00105,synthetic_seed
WY,2023,black,hisp,f,5-9,,0.00153,synthetic_seed
WY,2023,black,hisp,f,10-14,,0.00119,synthetic_seed
WY,2023,black,hisp,f,15-19,,0.00346,synthetic_seed
WY,2023,black,hisp,f,20-24,,0.00611,synthetic_seed
WY,2023,black,hisp,f,25-29,,0.00628,synthetic_seed
WY,2023,black,hisp,f,30-34,,0.00659,synthetic_seed
WY,2023,black,hisp,f,35-39,,0.0049,synthetic_seed
WY,2023,black,hisp,f,40-44,,0.00759,synthetic_seed
WY,2023,black,hisp,f,45-49,,0.00288,synthetic_seed
WY,2023,black,hisp,f,50-54,,0.00307,synthetic_seed
WY,2023,black,hisp,f,55-59,,0.00094,synthetic_seed
WY,2023,black,hisp,f,60-64,,0.00084,synthetic_seed
WY,2023,black,hisp,f,65-69,,0.00112,synthetic_seed
WY,2023,black,hisp,f,70-74,,0.00136,synthetic_seed
WY,2023,black,hisp,f,75-79,,0.00113,synthetic_seed
WY,2023,black,hisp,f,80-84,,0.0012,synthetic_seed
WY,2023,black,hisp,f,85+,,0.00091,synthetic_seed
WY,2023,asian,non-hisp,m,0-4,,0.00106,synthetic_seed
WY,2023,asian,non-hisp,m,5-9,,0.00132,synthetic_seed
WY,2023,asian,non-hisp,m,10-14,,0.00086,synthetic_seed
WY,2023,asian,non-hisp,m,15-19,,0.00289,synthetic_seed
WY,2023,asian,non-hisp,m,20-24,,0.00717,synthetic_seed
WY,2023,asian,non-hisp,m,25-29,,0.00511,synthetic_seed
WY,2023,asian,non-hisp,m,30-34,,0.00444,synthetic_seed
WY,2023,asian,non-hisp,m,35-39,,0.00609,synthetic_seed
WY,2023,asian,non-hisp,m,40-44,,0.00701,synthetic_seed
WY,2023,asian,non-hisp,m,45-49,,0.00235,synthetic_seed
WY,2023,asian,non-hisp,m,50-54,,0.00306,synthetic_seed
WY,2023,asian,non-hisp,m,55-59,,0.00105,synthetic_seed
WY,2023,asian,non-hisp,m,60-64,,0.00148,synthetic_seed
WY,2023,asian,non-hisp,m,65-69,,0.00133,synthetic_seed
WY,2023,asian,non-hisp,m,70-74,,0.0012,synthetic_seed
WY,2023,asian,non-hisp,m,75-79,,0.00105,synthetic_seed
WY,2023,asian,non-hisp,m,80-84,,0.0013,synthetic_seed
WY,2023,asian,non-hisp,m,85+,,0.00116,synthetic_seed
WY,2023,asian,non-hisp,f,0-4,,0.00108,synthetic_seed
WY,2023,asian,non-hisp,f,5-9,,0.00109,synthetic_seed
WY,2023,asian,non-hisp,f,10-14,,0.00079,synthetic_seed
WY,2023,asian,non-hisp,f,15-19,,0.00274,synthetic_seed
WY,2023,asian,non-hisp,f,20-24,,0.00531,synthetic_seed
WY,2023,asian,non-hisp,f,25-29,,0.00582,synthetic_seed
WY,2023,asian,non-hisp,f,30-34,,0.00598,synthetic_seed
WY,2023,asian,non-hisp,f,35-39,,0.00529,synthetic_seed
WY,2023,asian,non-hisp,f,40-44,,0.00557,synthetic_seed
WY,2023,asian,non-hisp,f,45-49,,0.00323,synthetic_seed
WY,2023,asian,non-hisp,f,50-54,,0.00299,synthetic_seed
WY,2023,asian,non-hisp,f,55-59,,0.00121,synthetic_seed
WY,2023,asian,non-hisp,f,60-64,,0.00143,synthetic_seed
WY,2023,asian,non-hisp,f,65-69,,0.00129,synthetic_seed
WY,2023,asian,non-hisp,f,70-74,,0.00094,synthetic_seed
WY,2023,asian,non-hisp,f,75-79,,0.00123,synthetic_seed
WY,2023,asian,non-hisp,f,80-84,,0.00118,synthetic_seed
WY,2023,asian,non-hisp,f,85+,,0.00137,synthetic_seed
WY,2023,asian,hisp,m,0-4,,0.00116,synthetic_seed
WY,2023,asian,hisp,m,5-9,,0.00097,synthetic_seed
WY,2023,asian,hisp,m,10-14,,0.00141,synthetic_seed
WY,2023,asian,hisp,m,15-19,,0.00378,synthetic_seed
WY,2023,asian,hisp,m,20-24,,0.00552,synthetic_seed
WY,2023,asian,hisp,m,25-29,,0.00622,synthetic_seed
WY,2023,asian,hisp,m,30-34,,0.00746,synthetic_seed
WY,2023,asian,hisp,m,35-39,,0.00358,synthetic_seed
WY,2023,asian,hisp,m,40-44,,0.00545,synthetic_seed
WY,2023,asian,hisp,m,45-49,,0.00244,synthetic_seed
WY,2023,asian,hisp,m,50-54,,0.003,synthetic_seed
WY,2023,asian,hisp,m,55-59,,0.00119,synthetic_seed
WY,2023,asian,hisp,m,60-64,,0.00123,synthetic_seed
WY,2023,asian,hisp,m,65-69,,0.00135,synthetic_seed
WY,2023,asian,hisp,m,70-74,,0.00095,synthetic_seed
WY,2023,asian,hisp,m,75-79,,0.00114,synthetic_seed
WY,2023,asian,hisp,m,80-84,,0.00108,synthetic_seed
WY,2023,asian,hisp,m,85+,,0.00112,synthetic_seed
WY,2023,asian,hisp,f,0-4,,0.00149,synthetic_seed
WY,2023,asian,hisp,f,5-9,,0.00102,synthetic_seed
WY,2023,asian,hisp,f,10-14,,0.00107,synthetic_seed
WY,2023,asian,hisp,f,15-19,,0.00256,synthetic_seed
WY,2023,asian,hisp,f,20-24,,0.00694,synthetic_seed
WY,2023,asian,hisp,f,25-29,,0.006,synthetic_seed
WY,2023,asian,hisp,f,30-34,,0.00626,synthetic_seed
WY,2023,asian,hisp,f,35-39,,0.00631,synthetic_seed
WY,2023,asian,hisp,f,40-44,,0.00662,synthetic_seed
WY,2023,asian,hisp,f,45-49,,0.00267,synthetic_seed
WY,2023,asian,hisp,f,50-54,,0.00296,synthetic_seed
WY,2023,asian,hisp,f,55-59,,0.00093,synthetic_seed
WY,2023,asian,hisp,f,60-64,,0.00098,synthetic_seed
WY,2023,asian,hisp,f,65-69,,0.00153,synthetic_seed
WY,2023,asian,hisp,f,70-74,,0.00119,synthetic_seed
WY,2023,asian,hisp,f,75-79,,0.00106,synthetic_seed
WY,2023,asian,hisp,f,80-84,,0.00103,synthetic_seed
WY,2023,asian,hisp,f,85+,,0.00082,synthetic_seed
WY,2023,other,non-hisp,m,0-4,,0.00163,synthetic_seed
WY,2023,other,non-hisp,m,5-9,,0.0011,synthetic_seed
WY,2023,other,non-hisp,m,10-14,,0.00139,synthetic_seed
WY,2023,other,non-hisp,m,15-19,,0.00276,synthetic_seed
WY,2023,other,non-hisp,m,20-24,,0.00664,synthetic_seed
WY,2023,other,non-hisp,m,25-29,,0.00721,synthetic_seed
WY,2023,other,non-hisp,m,30-34,,0.00722,synthetic_seed
WY,2023,other,non-hisp,m,35-39,,0.00634,synthetic_seed
WY,2023,other,non-hisp,m,40-44,,0.00613,synthetic_seed
WY,2023,other,non-hisp,m,45-49,,0.00252,synthetic_seed
WY,2023,other,non-hisp,m,50-54,,0.00331,synthetic_seed
WY,2023,other,non-hisp,m,55-59,,0.00097,synthetic_seed
WY,2023,other,non-hisp,m,60-64,,0.00118,synthetic_seed
WY,2023,other,non-hisp,m,65-69,,0.0014,synthetic_seed
WY,2023,other,non-hisp,m,70-74,,0.00122,synthetic_seed
WY,2023,other,non-hisp,m,75-79,,0.00102,synthetic_seed
WY,2023,other,non-hisp,m,80-84,,0.00112,synthetic_seed
WY,2023,other,non-hisp,m,85+,,0.00121,synthetic_seed
WY,2023,other,non-hisp,f,0-4,,0.00098,synthetic_seed
WY,2023,other,non-hisp,f,5-9,,0.00114,synthetic_seed
WY,2023,other,non-hisp,f,10-14,,0.00094,synthetic_seed
WY,2023,other,non-hisp,f,15-19,,0.00411,synthetic_seed
WY,2023,other,non-hisp,f,20-24,,0.00586,synthetic_seed
WY,2023,other,non-hisp,f,25-29,,0.00675,synthetic_seed
WY,2023,other,non-hisp,f,30-34,,0.00634,synthetic_seed
WY,2023,other,non-hisp,f,35-39,,0.00513,synthetic_seed
WY,2023,other,non-hisp,f,40-44,,0.00746,synthetic_seed
WY,2023,other,non-hisp,f,45-49,,0.00243,synthetic_seed
WY,2023,other,non-hisp,f,50-54,,0.00251,synthetic_seed
WY,2023,other,non-hisp,f,55-59,,0.00127,synthetic_seed
WY,2023,other,non-hisp,f,60-64,,0.00104,synthetic_seed
WY,2023,other,non-hisp,f,65-69,,0.00098,synthetic_seed
WY,2023,other,non-hisp,f,70-74,,0.00129,synthetic_seed
WY,2023,other,non-hisp,f,75-79,,0.00085,synthetic_seed
WY,2023,other,non-hisp,f,80-84,,0.00119,synthetic_seed
WY,2023,other,non-hisp,f,85+,,0.0011,synthetic_seed
WY,2023,other,hisp,m,0-4,,0.00127,synthetic_seed
WY,2023,other,hisp,m,5-9,,0.00122,synthetic_seed
WY,2023,other,hisp,m,10-14,,0.00094,synthetic_seed
WY,2023,other,hisp,m,15-19,,0.00286,synthetic_seed
WY,2023,other,hisp,m,20-24,,0.00619,synthetic_seed
WY,2023,other,hisp,m,25-29,,0.00568,synthetic_seed
WY,2023,other,hisp,m,30-34,,0.00691,synthetic_seed
WY,2023,other,hisp,m,35-39,,0.00475,synthetic_seed
WY,2023,other,hisp,m,40-44,,0.00631,synthetic_seed
WY,2023,other,hisp,m,45-49,,0.00306,synthetic_seed
WY,2023,other,hisp,m,50-54,,0.00226,synthetic_seed
WY,2023,other,hisp,m,55-59,,0.00098,synthetic_seed
WY,2023,other,hisp,m,60-64,,0.00157,synthetic_seed
WY,2023,other,hisp,m,65-69,,0.00115,synthetic_seed
WY,2023,other,hisp,m,70-74,,0.00134,synthetic_seed
WY,2023,other,hisp,m,75-79,,0.00104,synthetic_seed
WY,2023,other,hisp,m,80-84,,0.00111,synthetic_seed
WY,2023,other,hisp,m,85+,,0.00088,synthetic_seed
WY,2023,other,hisp,f,0-4,,0.00113,synthetic_seed
WY,2023,other,hisp,f,5-9,,0.00107,synthetic_seed
WY,2023,other,hisp,f,10-14,,0.00133,synthetic_seed
WY,2023,other,hisp,f,15-19,,0.00281,synthetic_seed
WY,2023,other,hisp,f,20-24,,0.00532,synthetic_seed
WY,2023,other,hisp,f,25-29,,0.00799,synthetic_seed
WY,2023,other,hisp,f,30-34,,0.00617,synthetic_seed
WY,2023,other,hisp,f,35-39,,0.00809,synthetic_seed
WY,2023,other,hisp,f,40-44,,0.00636,synthetic_seed
WY,2023,other,hisp,f,45-49,,0.00316,synthetic_seed
WY,2023,other,hisp,f,50-54,,0.00254,synthetic_seed
WY,2023,other,hisp,f,55-59,,0.0011,synthetic_seed
WY,2023,other,hisp,f,60-64,,0.00125,synthetic_seed
WY,2023,other,hisp,f,65-69,,0.00124,synthetic_seed
WY,2023,other,hisp,f,70-74,,0.00119,synthetic_seed
WY,2023,other,hisp,f,75-79,,0.00174,synthetic_seed
WY,2023,other,hisp,f,80-84,,0.0011,synthetic_seed
WY,2023,other,hisp,f,85+,,0.00142,synthetic_seed
