state_code,year,race,origin,sex,age_group,mortality_rate,source
AL,2023,white,non-hisp,m,0-4,0.00324,synthetic_seed
AL,2023,white,non-hisp,m,5-9,0.000648,synthetic_seed
AL,2023,white,non-hisp,m,10-14,0.000648,synthetic_seed
AL,2023,white,non-hisp,m,15-19,0.00324,synthetic_seed
AL,2023,white,non-hisp,m,20-24,0.005184,synthetic_seed
AL,2023,white,non-hisp,m,25-29,0.00648,synthetic_seed
AL,2023,white,non-hisp,m,30-34,0.008424,synthetic_seed
AL,2023,white,non-hisp,m,35-39,0.011664,synthetic_seed
AL,2023,white,non-hisp,m,40-44,0.01607,synthetic_seed
AL,2023,white,non-hisp,m,45-49,0.023846,synthetic_seed
AL,2023,white,non-hisp,m,50-54,0.035251,synthetic_seed
AL,2023,white,non-hisp,m,55-59,0.051062,synthetic_seed
AL,2023,white,non-hisp,m,60-64,0.075946,synthetic_seed
AL,2023,white,non-hisp,m,65-69,0.112493,synthetic_seed
AL,2023,white,non-hisp,m,70-74,0.17159,synthetic_seed
AL,2023,white,non-hisp,m,75-79,0.266717,synthetic_seed
AL,2023,white,non-hisp,m,80-84,0.41809,synthetic_seed
AL,2023,white,non-hisp,m,85+,0.720965,synthetic_seed
AL,2023,white,non-hisp,f,0-4,0.002295,synthetic_seed
AL,2023,white,non-hisp,f,5-9,0.000459,synthetic_seed
AL,2023,white,non-hisp,f,10-14,0.000459,synthetic_seed
AL,2023,white,non-hisp,f,15-19,0.002295,synthetic_seed
AL,2023,white,non-hisp,f,20-24,0.003672,synthetic_seed
AL,2023,white,non-hisp,f,25-29,0.00459,synthetic_seed
AL,2023,white,non-hisp,f,30-34,0.005967,synthetic_seed
AL,2023,white,non-hisp,f,35-39,0.008262,synthetic_seed
AL,2023,white,non-hisp,f,40-44,0.011383,synthetic_seed
AL,2023,white,non-hisp,f,45-49,0.016891,synthetic_seed
AL,2023,white,non-hisp,f,50-54,0.02497,synthetic_seed
AL,2023,white,non-hisp,f,55-59,0.036169,synthetic_seed
AL,2023,white,non-hisp,f,60-64,0.053795,synthetic_seed
AL,2023,white,non-hisp,f,65-69,0.079682,synthetic_seed
AL,2023,white,non-hisp,f,70-74,0.121543,synthetic_seed
AL,2023,white,non-hisp,f,75-79,0.188924,synthetic_seed
AL,2023,white,non-hisp,f,80-84,0.296147,synthetic_seed
AL,2023,white,non-hisp,f,85+,0.510683,synthetic_seed
AL,2023,white,hisp,m,0-4,0.00324,synthetic_seed
AL,2023,white,hisp,m,5-9,0.000648,synthetic_seed
AL,2023,white,hisp,m,10-14,0.000648,synthetic_seed
AL,2023,white,hisp,m,15-19,0.00324,synthetic_seed
AL,2023,white,hisp,m,20-24,0.005184,synthetic_seed
AL,2023,white,hisp,m,25-29,0.00648,synthetic_seed
AL,2023,white,hisp,m,30-34,0.008424,synthetic_seed
AL,2023,white,hisp,m,35-39,0.011664,synthetic_seed
AL,2023,white,hisp,m,40-44,0.01607,synthetic_seed
AL,2023,white,hisp,m,45-49,0.023846,synthetic_seed
AL,2023,white,hisp,m,50-54,0.035251,synthetic_seed
AL,2023,white,hisp,m,55-59,0.051062,synthetic_seed
AL,2023,white,hisp,m,60-64,0.075946,synthetic_seed
AL,2023,white,hisp,m,65-69,0.112493,synthetic_seed
AL,2023,white,hisp,m,70-74,0.17159,synthetic_seed
AL,2023,white,hisp,m,75-79,0.266717,synthetic_seed
AL,2023,white,hisp,m,80-84,0.41809,synthetic_seed
AL,2023,white,hisp,m,85+,0.720965,synthetic_seed
AL,2023,white,hisp,f,0-4,0.002295,synthetic_seed
AL,2023,white,hisp,f,5-9,0.000459,synthetic_seed
AL,2023,white,hisp,f,10-14,0.000459,synthetic_seed
AL,2023,white,hisp,f,15-19,0.002295,synthetic_seed
AL,2023,white,hisp,f,20-24,0.003672,synthetic_seed
AL,2023,white,hisp,f,25-29,0.00459,synthetic_seed
AL,2023,white,hisp,f,30-34,0.005967,synthetic_seed
AL,2023,white,hisp,f,35-39,0.008262,synthetic_seed
AL,2023,white,hisp,f,40-44,0.011383,synthetic_seed
AL,2023,white,hisp,f,45-49,0.016891,synthetic_seed
AL,2023,white,hisp,f,50-54,0.02497,synthetic_seed
AL,2023,white,hisp,f,55-59,0.036169,synthetic_seed
AL,2023,white,hisp,f,60-64,0.053795,synthetic_seed
AL,2023,white,hisp,f,65-69,0.079682,synthetic_seed
AL,2023,white,hisp,f,70-74,0.121543,synthetic_seed
AL,2023,white,hisp,f,75-79,0.188924,synthetic_seed
AL,2023,white,hisp,f,80-84,0.296147,synthetic_seed
AL,2023,white,hisp,f,85+,0.510683,synthetic_seed
AL,2023,black,non-hisp,m,0-4,0.003564,synthetic_seed
AL,2023,black,non-hisp,m,5-9,0.000713,synthetic_seed
AL,2023,black,non-hisp,m,10-14,0.000713,synthetic_seed
AL,2023,black,non-hisp,m,15-19,0.003564,synthetic_seed
AL,2023,black,non-hisp,m,20-24,0.005702,synthetic_seed
AL,2023,black,non-hisp,m,25-29,0.007128,synthetic_seed
AL,2023,black,non-hisp,m,30-34,0.009266,synthetic_seed
AL,2023,black,non-hisp,m,35-39,0.01283,synthetic_seed
AL,2023,black,non-hisp,m,40-44,0.017677,synthetic_seed
AL,2023,black,non-hisp,m,45-49,0.026231,synthetic_seed
AL,2023,black,non-hisp,m,50-54,0.038776,synthetic_seed
AL,2023,black,non-hisp,m,55-59,0.056169,synthetic_seed
AL,2023,black,non-hisp,m,60-64,0.08354,synthetic_seed
AL,2023,black,non-hisp,m,65-69,0.123742,synthetic_seed
AL,2023,black,non-hisp,m,70-74,0.188749,synthetic_seed
AL,2023,black,non-hisp,m,75-79,0.293388,synthetic_seed
AL,2023,black,non-hisp,m,80-84,0.459899,synthetic_seed
AL,2023,black,non-hisp,m,85+,0.793061,synthetic_seed
AL,2023,black,non-hisp,f,0-4,0.002525,synthetic_seed
AL,2023,black,non-hisp,f,5-9,0.000505,synthetic_seed
AL,2023,black,non-hisp,f,10-14,0.000505,synthetic_seed
AL,2023,black,non-hisp,f,15-19,0.002525,synthetic_seed
AL,2023,black,non-hisp,f,20-24,0.004039,synthetic_seed
AL,2023,black,non-hisp,f,25-29,0.005049,synthetic_seed
AL,2023,black,non-hisp,f,30-34,0.006564,synthetic_seed
AL,2023,black,non-hisp,f,35-39,0.009088,synthetic_seed
AL,2023,black,non-hisp,f,40-44,0.012522,synthetic_seed
AL,2023,black,non-hisp,f,45-49,0.01858,synthetic_seed
AL,2023,black,non-hisp,f,50-54,0.027467,synthetic_seed
AL,2023,black,non-hisp,f,55-59,0.039786,synthetic_seed
AL,2023,black,non-hisp,f,60-64,0.059174,synthetic_seed
AL,2023,black,non-hisp,f,65-69,0.087651,synthetic_seed
AL,2023,black,non-hisp,f,70-74,0.133698,synthetic_seed
AL,2023,black,non-hisp,f,75-79,0.207817,synthetic_seed
AL,2023,black,non-hisp,f,80-84,0.325761,synthetic_seed
AL,2023,black,non-hisp,f,85+,0.561752,synthetic_seed
AL,2023,black,hisp,m,0-4,0.003564,synthetic_seed
AL,2023,black,hisp,m,5-9,0.000713,synthetic_seed
AL,2023,black,hisp,m,10-14,0.000713,synthetic_seed
AL,2023,black,hisp,m,15-19,0.003564,synthetic_seed
AL,2023,black,hisp,m,20-24,0.005702,synthetic_seed
AL,2023,black,hisp,m,25-29,0.007128,synthetic_seed
AL,2023,black,hisp,m,30-34,0.009266,synthetic_seed
AL,2023,black,hisp,m,35-39,0.01283,synthetic_seed
AL,2023,black,hisp,m,40-44,0.017677,synthetic_seed
AL,2023,black,hisp,m,45-49,0.026231,synthetic_seed
AL,2023,black,hisp,m,50-54,0.038776,synthetic_seed
AL,2023,black,hisp,m,55-59,0.056169,synthetic_seed
AL,2023,black,hisp,m,60-64,0.08354,synthetic_seed
AL,2023,black,hisp,m,65-69,0.123742,synthetic_seed
AL,2023,black,hisp,m,70-74,0.188749,synthetic_seed
AL,2023,black,hisp,m,75-79,0.293388,synthetic_seed
AL,2023,black,hisp,m,80-84,0.459899,synthetic_seed
AL,2023,black,hisp,m,85+,0.793061,synthetic_seed
AL,2023,black,hisp,f,0-4,0.002525,synthetic_seed
AL,2023,black,hisp,f,5-9,0.000505,synthetic_seed
AL,2023,black,hisp,f,10-14,0.000505,synthetic_seed
AL,2023,black,hisp,f,15-19,0.002525,synthetic_seed
AL,2023,black,hisp,f,20-24,0.004039,synthetic_seed
AL,2023,black,hisp,f,25-29,0.005049,synthetic_seed
AL,2023,black,hisp,f,30-34,0.006564,synthetic_seed
AL,2023,black,hisp,f,35-39,0.009088,synthetic_seed
AL,2023,black,hisp,f,40-44,0.012522,synthetic_seed
AL,2023,black,hisp,f,45-49,0.01858,synthetic_seed
AL,2023,black,hisp,f,50-54,0.027467,synthetic_seed
AL,2023,black,hisp,f,55-59,0.039786,synthetic_seed
AL,2023,black,hisp,f,60-64,0.059174,synthetic_seed
AL,2023,black,hisp,f,65-69,0.087651,synthetic_seed
AL,2023,black,hisp,f,70-74,0.133698,synthetic_seed
AL,2023,black,hisp,f,75-79,0.207817,synthetic_seed
AL,2023,black,hisp,f,80-84,0.325761,synthetic_seed
AL,2023,black,hisp,f,85+,0.561752,synthetic_seed
AL,2023,asian,non-hisp,m,0-4,0.003078,synthetic_seed
AL,2023,asian,non-hisp,m,5-9,0.000616,synthetic_seed
AL,2023,asian,non-hisp,m,10-14,0.000616,synthetic_seed
AL,2023,asian,non-hisp,m,15-19,0.003078,synthetic_seed
AL,2023,asian,non-hisp,m,20-24,0.004925,synthetic_seed
AL,2023,asian,non-hisp,m,25-29,0.006156,synthetic_seed
AL,2023,asian,non-hisp,m,30-34,0.008003,synthetic_seed
AL,2023,asian,non-hisp,m,35-39,0.011081,synthetic_seed
AL,2023,asian,non-hisp,m,40-44,0.015267,synthetic_seed
AL,2023,asian,non-hisp,m,45-49,0.022654,synthetic_seed
AL,2023,asian,non-hisp,m,50-54,0.033489,synthetic_seed
AL,2023,asian,non-hisp,m,55-59,0.048509,synthetic_seed
AL,2023,asian,non-hisp,m,60-64,0.072148,synthetic_seed
AL,2023,asian,non-hisp,m,65-69,0.106868,synthetic_seed
AL,2023,asian,non-hisp,m,70-74,0.163011,synthetic_seed
AL,2023,asian,non-hisp,m,75-79,0.253381,synthetic_seed
AL,2023,asian,non-hisp,m,80-84,0.397185,synthetic_seed
AL,2023,asian,non-hisp,m,85+,0.684917,synthetic_seed
AL,2023,asian,non-hisp,f,0-4,0.00218,synthetic_seed
AL,2023,asian,non-hisp,f,5-9,0.000436,synthetic_seed
AL,2023,asian,non-hisp,f,10-14,0.000436,synthetic_seed
AL,2023,asian,non-hisp,f,15-19,0.00218,synthetic_seed
AL,2023,asian,non-hisp,f,20-24,0.003488,synthetic_seed
AL,2023,asian,non-hisp,f,25-29,0.00436,synthetic_seed
AL,2023,asian,non-hisp,f,30-34,0.005669,synthetic_seed
AL,2023,asian,non-hisp,f,35-39,0.007849,synthetic_seed
AL,2023,asian,non-hisp,f,40-44,0.010814,synthetic_seed
AL,2023,asian,non-hisp,f,45-49,0.016047,synthetic_seed
AL,2023,asian,non-hisp,f,50-54,0.023721,synthetic_seed
AL,2023,asian,non-hisp,f,55-59,0.034361,synthetic_seed
AL,2023,asian,non-hisp,f,60-64,0.051105,synthetic_seed
AL,2023,asian,non-hisp,f,65-69,0.075698,synthetic_seed
AL,2023,asian,non-hisp,f,70-74,0.115466,synthetic_seed
AL,2023,asian,non-hisp,f,75-79,0.179478,synthetic_seed
AL,2023,asian,non-hisp,f,80-84,0.281339,synthetic_seed
AL,2023,asian,non-hisp,f,85+,0.485149,synthetic_seed
AL,2023,asian,hisp,m,0-4,0.003078,synthetic_seed
AL,2023,asian,hisp,m,5-9,0.000616,synthetic_seed
AL,2023,asian,hisp,m,10-14,0.000616,synthetic_seed
AL,2023,asian,hisp,m,15-19,0.003078,synthetic_seed
AL,2023,asian,hisp,m,20-24,0.004925,synthetic_seed
AL,2023,asian,hisp,m,25-29,0.006156,synthetic_seed
AL,2023,asian,hisp,m,30-34,0.008003,synthetic_seed
AL,2023,asian,hisp,m,35-39,0.011081,synthetic_seed
AL,2023,asian,hisp,m,40-44,0.015267,synthetic_seed
AL,2023,asian,hisp,m,45-49,0.022654,synthetic_seed
AL,2023,asian,hisp,m,50-54,0.033489,synthetic_seed
AL,2023,asian,hisp,m,55-59,0.048509,synthetic_seed
AL,2023,asian,hisp,m,60-64,0.072148,synthetic_seed
AL,2023,asian,hisp,m,65-69,0.106868,synthetic_seed
AL,2023,asian,hisp,m,70-74,0.163011,synthetic_seed
AL,2023,asian,hisp,m,75-79,0.253381,synthetic_seed
AL,2023,asian,hisp,m,80-84,0.397185,synthetic_seed
AL,2023,asian,hisp,m,85+,0.684917,synthetic_seed
AL,2023,asian,hisp,f,0-4,0.00218,synthetic_seed
AL,2023,asian,hisp,f,5-9,0.000436,synthetic_seed
AL,2023,asian,hisp,f,10-14,0.000436,synthetic_seed
AL,2023,asian,hisp,f,15-19,0.00218,synthetic_seed
AL,2023,asian,hisp,f,20-24,0.003488,synthetic_seed
AL,2023,asian,hisp,f,25-29,0.00436,synthetic_seed
AL,2023,asian,hisp,f,30-34,0.005669,synthetic_seed
AL,2023,asian,hisp,f,35-39,0.007849,synthetic_seed
AL,2023,asian,hisp,f,40-44,0.010814,synthetic_seed
AL,2023,asian,hisp,f,45-49,0.016047,synthetic_seed
AL,2023,asian,hisp,f,50-54,0.023721,synthetic_seed
AL,2023,asian,hisp,f,55-59,0.034361,synthetic_seed
AL,2023,asian,hisp,f,60-64,0.051105,synthetic_seed
AL,2023,asian,hisp,f,65-69,0.075698,synthetic_seed
AL,2023,asian,hisp,f,70-74,0.115466,synthetic_seed
AL,2023,asian,hisp,f,75-79,0.179478,synthetic_seed
AL,2023,asian,hisp,f,80-84,0.281339,synthetic_seed
AL,2023,asian,hisp,f,85+,0.485149,synthetic_seed
AL,2023,other,non-hisp,m,0-4,0.00324,synthetic_seed
AL,2023,other,non-hisp,m,5-9,0.000648,synthetic_seed
AL,2023,other,non-hisp,m,10-14,0.000648,synthetic_seed
AL,2023,other,non-hisp,m,15-19,0.00324,synthetic_seed
AL,2023,other,non-hisp,m,20-24,0.005184,synthetic_seed
AL,2023,other,non-hisp,m,25-29,0.00648,synthetic_seed
AL,2023,other,non-hisp,m,30-34,0.008424,synthetic_seed
AL,2023,other,non-hisp,m,35-39,0.011664,synthetic_seed
AL,2023,other,non-hisp,m,40-44,0.01607,synthetic_seed
AL,2023,other,non-hisp,m,45-49,0.023846,synthetic_seed
AL,2023,other,non-hisp,m,50-54,0.035251,synthetic_seed
AL,2023,other,non-hisp,m,55-59,0.051062,synthetic_seed
AL,2023,other,non-hisp,m,60-64,0.075946,synthetic_seed
AL,2023,other,non-hisp,m,65-69,0.112493,synthetic_seed
AL,2023,other,non-hisp,m,70-74,0.17159,synthetic_seed
AL,2023,other,non-hisp,m,75-79,0.266717,synthetic_seed
AL,2023,other,non-hisp,m,80-84,0.41809,synthetic_seed
AL,2023,other,non-hisp,m,85+,0.720965,synthetic_seed
AL,2023,other,non-hisp,f,0-4,0.002295,synthetic_seed
AL,2023,other,non-hisp,f,5-9,0.000459,synthetic_seed
AL,2023,other,non-hisp,f,10-14,0.000459,synthetic_seed
AL,2023,other,non-hisp,f,15-19,0.002295,synthetic_seed
AL,2023,other,non-hisp,f,20-24,0.003672,synthetic_seed
AL,2023,other,non-hisp,f,25-29,0.00459,synthetic_seed
AL,2023,other,non-hisp,f,30-34,0.005967,synthetic_seed
AL,2023,other,non-hisp,f,35-39,0.008262,synthetic_seed
AL,2023,other,non-hisp,f,40-44,0.011383,synthetic_seed
AL,2023,other,non-hisp,f,45-49,0.016891,synthetic_seed
AL,2023,other,non-hisp,f,50-54,0.02497,synthetic_seed
AL,2023,other,non-hisp,f,55-59,0.036169,synthetic_seed
AL,2023,other,non-hisp,f,60-64,0.053795,synthetic_seed
AL,2023,other,non-hisp,f,65-69,0.079682,synthetic_seed
AL,2023,other,non-hisp,f,70-74,0.121543,synthetic_seed
AL,2023,other,non-hisp,f,75-79,0.188924,synthetic_seed
AL,2023,other,non-hisp,f,80-84,0.296147,synthetic_seed
AL,2023,other,non-hisp,f,85+,0.510683,synthetic_seed
AL,2023,other,hisp,m,0-4,0.00324,synthetic_seed
AL,2023,other,hisp,m,5-9,0.000648,synthetic_seed
AL,2023,other,hisp,m,10-14,0.000648,synthetic_seed
AL,2023,other,hisp,m,15-19,0.00324,synthetic_seed
AL,2023,other,hisp,m,20-24,0.005184,synthetic_seed
AL,2023,other,hisp,m,25-29,0.00648,synthetic_seed
AL,2023,other,hisp,m,30-34,0.008424,synthetic_seed
AL,2023,other,hisp,m,35-39,0.011664,synthetic_seed
AL,2023,other,hisp,m,40-44,0.01607,synthetic_seed
AL,2023,other,hisp,m,45-49,0.023846,synthetic_seed
AL,2023,other,hisp,m,50-54,0.035251,synthetic_seed
AL,2023,other,hisp,m,55-59,0.051062,synthetic_seed
AL,2023,other,hisp,m,60-64,0.075946,synthetic_seed
AL,2023,other,hisp,m,65-69,0.112493,synthetic_seed
AL,2023,other,hisp,m,70-74,0.17159,synthetic_seed
AL,2023,other,hisp,m,75-79,0.266717,synthetic_seed
AL,2023,other,hisp,m,80-84,0.41809,synthetic_seed
AL,2023,other,hisp,m,85+,0.720965,synthetic_seed
AL,2023,other,hisp,f,0-4,0.002295,synthetic_seed
AL,2023,other,hisp,f,5-9,0.000459,synthetic_seed
AL,2023,other,hisp,f,10-14,0.000459,synthetic_seed
AL,2023,other,hisp,f,15-19,0.002295,synthetic_seed
AL,2023,other,hisp,f,20-24,0.003672,synthetic_seed
AL,2023,other,hisp,f,25-29,0.00459,synthetic_seed
AL,2023,other,hisp,f,30-34,0.005967,synthetic_seed
AL,2023,other,hisp,f,35-39,0.008262,synthetic_seed
AL,2023,other,hisp,f,40-44,0.011383,synthetic_seed
AL,2023,other,hisp,f,45-49,0.016891,synthetic_seed
AL,2023,other,hisp,f,50-54,0.02497,synthetic_seed
AL,2023,other,hisp,f,55-59,0.036169,synthetic_seed
AL,2023,other,hisp,f,60-64,0.053795,synthetic_seed
AL,2023,other,hisp,f,65-69,0.079682,synthetic_seed
AL,2023,other,hisp,f,70-74,0.121543,synthetic_seed
AL,2023,other,hisp,f,75-79,0.188924,synthetic_seed
AL,2023,other,hisp,f,80-84,0.296147,synthetic_seed
AL,2023,other,hisp,f,85+,0.510683,synthetic_seed
AK,2023,white,non-hisp,m,0-4,0.00291,synthetic_seed
AK,2023,white,non-hisp,m,5-9,0.000582,synthetic_seed
AK,2023,white,non-hisp,m,10-14,0.000582,synthetic_seed
AK,2023,white,non-hisp,m,15-19,0.00291,synthetic_seed
AK,2023,white,non-hisp,m,20-24,0.004656,synthetic_seed
AK,2023,white,non-hisp,m,25-29,0.00582,synthetic_seed
AK,2023,white,non-hisp,m,30-34,0.007566,synthetic_seed
AK,2023,white,non-hisp,m,35-39,0.010476,synthetic_seed
AK,2023,white,non-hisp,m,40-44,0.014434,synthetic_seed
AK,2023,white,non-hisp,m,45-49,0.021418,synthetic_seed
AK,2023,white,non-hisp,m,50-54,0.031661,synthetic_seed
AK,2023,white,non-hisp,m,55-59,0.045862,synthetic_seed
AK,2023,white,non-hisp,m,60-64,0.06821,synthetic_seed
AK,2023,white,non-hisp,m,65-69,0.101035,synthetic_seed
AK,2023,white,non-hisp,m,70-74,0.154114,synthetic_seed
AK,2023,white,non-hisp,m,75-79,0.239551,synthetic_seed
AK,2023,white,non-hisp,m,80-84,0.375506,synthetic_seed
AK,2023,white,non-hisp,m,85+,0.647533,synthetic_seed
AK,2023,white,non-hisp,f,0-4,0.002061,synthetic_seed
AK,2023,white,non-hisp,f,5-9,0.000412,synthetic_seed
AK,2023,white,non-hisp,f,10-14,0.000412,synthetic_seed
AK,2023,white,non-hisp,f,15-19,0.002061,synthetic_seed
AK,2023,white,non-hisp,f,20-24,0.003298,synthetic_seed
AK,2023,white,non-hisp,f,25-29,0.004123,synthetic_seed
AK,2023,white,non-hisp,f,30-34,0.005359,synthetic_seed
AK,2023,white,non-hisp,f,35-39,0.007421,synthetic_seed
AK,2023,white,non-hisp,f,40-44,0.010224,synthetic_seed
AK,2023,white,non-hisp,f,45-49,0.015171,synthetic_seed
AK,2023,white,non-hisp,f,50-54,0.022426,synthetic_seed
AK,2023,white,non-hisp,f,55-59,0.032485,synthetic_seed
AK,2023,white,non-hisp,f,60-64,0.048316,synthetic_seed
AK,2023,white,non-hisp,f,65-69,0.071567,synthetic_seed
AK,2023,white,non-hisp,f,70-74,0.109164,synthetic_seed
AK,2023,white,non-hisp,f,75-79,0.169682,synthetic_seed
AK,2023,white,non-hisp,f,80-84,0.265984,synthetic_seed
AK,2023,white,non-hisp,f,85+,0.458669,synthetic_seed
AK,2023,white,hisp,m,0-4,0.00291,synthetic_seed
AK,2023,white,hisp,m,5-9,0.000582,synthetic_seed
AK,2023,white,hisp,m,10-14,0.000582,synthetic_seed
AK,2023,white,hisp,m,15-19,0.00291,synthetic_seed
AK,2023,white,hisp,m,20-24,0.004656,synthetic_seed
AK,2023,white,hisp,m,25-29,0.00582,synthetic_seed
AK,2023,white,hisp,m,30-34,0.007566,synthetic_seed
AK,2023,white,hisp,m,35-39,0.010476,synthetic_seed
AK,2023,white,hisp,m,40-44,0.014434,synthetic_seed
AK,2023,white,hisp,m,45-49,0.021418,synthetic_seed
AK,2023,white,hisp,m,50-54,0.031661,synthetic_seed
AK,2023,white,hisp,m,55-59,0.045862,synthetic_seed
AK,2023,white,hisp,m,60-64,0.06821,synthetic_seed
AK,2023,white,hisp,m,65-69,0.101035,synthetic_seed
AK,2023,white,hisp,m,70-74,0.154114,synthetic_seed
AK,2023,white,hisp,m,75-79,0.239551,synthetic_seed
AK,2023,white,hisp,m,80-84,0.375506,synthetic_seed
AK,2023,white,hisp,m,85+,0.647533,synthetic_seed
AK,2023,white,hisp,f,0-4,0.002061,synthetic_seed
AK,2023,white,hisp,f,5-9,0.000412,synthetic_seed
AK,2023,white,hisp,f,10-14,0.000412,synthetic_seed
AK,2023,white,hisp,f,15-19,0.002061,synthetic_seed
AK,2023,white,hisp,f,20-24,0.003298,synthetic_seed
AK,2023,white,hisp,f,25-29,0.004123,synthetic_seed
AK,2023,white,hisp,f,30-34,0.005359,synthetic_seed
AK,2023,white,hisp,f,35-39,0.007421,synthetic_seed
AK,2023,white,hisp,f,40-44,0.010224,synthetic_seed
AK,2023,white,hisp,f,45-49,0.015171,synthetic_seed
AK,2023,white,hisp,f,50-54,0.022426,synthetic_seed
AK,2023,white,hisp,f,55-59,0.032485,synthetic_seed
AK,2023,white,hisp,f,60-64,0.048316,synthetic_seed
AK,2023,white,hisp,f,65-69,0.071567,synthetic_seed
AK,2023,white,hisp,f,70-74,0.109164,synthetic_seed
AK,2023,white,hisp,f,75-79,0.169682,synthetic_seed
AK,2023,white,hisp,f,80-84,0.265984,synthetic_seed
AK,2023,white,hisp,f,85+,0.458669,synthetic_seed
AK,2023,black,non-hisp,m,0-4,0.003201,synthetic_seed
AK,2023,black,non-hisp,m,5-9,0.00064,synthetic_seed
AK,2023,black,non-hisp,m,10-14,0.00064,synthetic_seed
AK,2023,black,non-hisp,m,15-19,0.003201,synthetic_seed
AK,2023,black,non-hisp,m,20-24,0.005122,synthetic_seed
AK,2023,black,non-hisp,m,25-29,0.006402,synthetic_seed
AK,2023,black,non-hisp,m,30-34,0.008323,synthetic_seed
AK,2023,black,non-hisp,m,35-39,0.011524,synthetic_seed
AK,2023,black,non-hisp,m,40-44,0.015877,synthetic_seed
AK,2023,black,non-hisp,m,45-49,0.023559,synthetic_seed
AK,2023,black,non-hisp,m,50-54,0.034827,synthetic_seed
AK,2023,black,non-hisp,m,55-59,0.050448,synthetic_seed
AK,2023,black,non-hisp,m,60-64,0.075031,synthetic_seed
AK,2023,black,non-hisp,m,65-69,0.111139,synthetic_seed
AK,2023,black,non-hisp,m,70-74,0.169525,synthetic_seed
AK,2023,black,non-hisp,m,75-79,0.263506,synthetic_seed
AK,2023,black,non-hisp,m,80-84,0.413057,synthetic_seed
AK,2023,black,non-hisp,m,85+,0.712287,synthetic_seed
AK,2023,black,non-hisp,f,0-4,0.002267,synthetic_seed
AK,2023,black,non-hisp,f,5-9,0.000453,synthetic_seed
AK,2023,black,non-hisp,f,10-14,0.000453,synthetic_seed
AK,2023,black,non-hisp,f,15-19,0.002267,synthetic_seed
AK,2023,black,non-hisp,f,20-24,0.003628,synthetic_seed
AK,2023,black,non-hisp,f,25-29,0.004535,synthetic_seed
AK,2023,black,non-hisp,f,30-34,0.005895,synthetic_seed
AK,2023,black,non-hisp,f,35-39,0.008163,synthetic_seed
AK,2023,black,non-hisp,f,40-44,0.011246,synthetic_seed
AK,2023,black,non-hisp,f,45-49,0.016688,synthetic_seed
AK,2023,black,non-hisp,f,50-54,0.024669,synthetic_seed
AK,2023,black,non-hisp,f,55-59,0.035734,synthetic_seed
AK,2023,black,non-hisp,f,60-64,0.053147,synthetic_seed
AK,2023,black,non-hisp,f,65-69,0.078723,synthetic_seed
AK,2023,black,non-hisp,f,70-74,0.12008,synthetic_seed
AK,2023,black,non-hisp,f,75-79,0.18665,synthetic_seed
AK,2023,black,non-hisp,f,80-84,0.292582,synthetic_seed
AK,2023,black,non-hisp,f,85+,0.504536,synthetic_seed
AK,2023,black,hisp,m,0-4,0.003201,synthetic_seed
AK,2023,black,hisp,m,5-9,0.00064,synthetic_seed
AK,2023,black,hisp,m,10-14,0.00064,synthetic_seed
AK,2023,black,hisp,m,15-19,0.003201,synthetic_seed
AK,2023,black,hisp,m,20-24,0.005122,synthetic_seed
AK,2023,black,hisp,m,25-29,0.006402,synthetic_seed
AK,2023,black,hisp,m,30-34,0.008323,synthetic_seed
AK,2023,black,hisp,m,35-39,0.011524,synthetic_seed
AK,2023,black,hisp,m,40-44,0.015877,synthetic_seed
AK,2023,black,hisp,m,45-49,0.023559,synthetic_seed
AK,2023,black,hisp,m,50-54,0.034827,synthetic_seed
AK,2023,black,hisp,m,55-59,0.050448,synthetic_seed
AK,2023,black,hisp,m,60-64,0.075031,synthetic_seed
AK,2023,black,hisp,m,65-69,0.111139,synthetic_seed
AK,2023,black,hisp,m,70-74,0.169525,synthetic_seed
AK,2023,black,hisp,m,75-79,0.263506,synthetic_seed
AK,2023,black,hisp,m,80-84,0.413057,synthetic_seed
AK,2023,black,hisp,m,85+,0.712287,synthetic_seed
AK,2023,black,hisp,f,0-4,0.002267,synthetic_seed
AK,2023,black,hisp,f,5-9,0.000453,synthetic_seed
AK,2023,black,hisp,f,10-14,0.000453,synthetic_seed
AK,2023,black,hisp,f,15-19,0.002267,synthetic_seed
AK,2023,black,hisp,f,20-24,0.003628,synthetic_seed
AK,2023,black,hisp,f,25-29,0.004535,synthetic_seed
AK,2023,black,hisp,f,30-34,0.005895,synthetic_seed
AK,2023,black,hisp,f,35-39,0.008163,synthetic_seed
AK,2023,black,hisp,f,40-44,0.011246,synthetic_seed
AK,2023,black,hisp,f,45-49,0.016688,synthetic_seed
AK,2023,black,hisp,f,50-54,0.024669,synthetic_seed
AK,2023,black,hisp,f,55-59,0.035734,synthetic_seed
AK,2023,black,hisp,f,60-64,0.053147,synthetic_seed
AK,2023,black,hisp,f,65-69,0.078723,synthetic_seed
AK,2023,black,hisp,f,70-74,0.12008,synthetic_seed
AK,2023,black,hisp,f,75-79,0.18665,synthetic_seed
AK,2023,black,hisp,f,80-84,0.292582,synthetic_seed
AK,2023,black,hisp,f,85+,0.504536,synthetic_seed
AK,2023,asian,non-hisp,m,0-4,0.002764,synthetic_seed
AK,2023,asian,non-hisp,m,5-9,0.000553,synthetic_seed
AK,2023,asian,non-hisp,m,10-14,0.000553,synthetic_seed
AK,2023,asian,non-hisp,m,15-19,0.002764,synthetic_seed
AK,2023,asian,non-hisp,m,20-24,0.004423,synthetic_seed
AK,2023,asian,non-hisp,m,25-29,0.005529,synthetic_seed
AK,2023,asian,non-hisp,m,30-34,0.007188,synthetic_seed
AK,2023,asian,non-hisp,m,35-39,0.009952,synthetic_seed
AK,2023,asian,non-hisp,m,40-44,0.013712,synthetic_seed
AK,2023,asian,non-hisp,m,45-49,0.020347,synthetic_seed
AK,2023,asian,non-hisp,m,50-54,0.030078,synthetic_seed
AK,2023,asian,non-hisp,m,55-59,0.043569,synthetic_seed
AK,2023,asian,non-hisp,m,60-64,0.0648,synthetic_seed
AK,2023,asian,non-hisp,m,65-69,0.095983,synthetic_seed
AK,2023,asian,non-hisp,m,70-74,0.146408,synthetic_seed
AK,2023,asian,non-hisp,m,75-79,0.227574,synthetic_seed
AK,2023,asian,non-hisp,m,80-84,0.356731,synthetic_seed
AK,2023,asian,non-hisp,m,85+,0.615157,synthetic_seed
AK,2023,asian,non-hisp,f,0-4,0.001958,synthetic_seed
AK,2023,asian,non-hisp,f,5-9,0.000392,synthetic_seed
AK,2023,asian,non-hisp,f,10-14,0.000392,synthetic_seed
AK,2023,asian,non-hisp,f,15-19,0.001958,synthetic_seed
AK,2023,asian,non-hisp,f,20-24,0.003133,synthetic_seed
AK,2023,asian,non-hisp,f,25-29,0.003916,synthetic_seed
AK,2023,asian,non-hisp,f,30-34,0.005091,synthetic_seed
AK,2023,asian,non-hisp,f,35-39,0.007049,synthetic_seed
AK,2023,asian,non-hisp,f,40-44,0.009713,synthetic_seed
AK,2023,asian,non-hisp,f,45-49,0.014412,synthetic_seed
AK,2023,asian,non-hisp,f,50-54,0.021305,synthetic_seed
AK,2023,asian,non-hisp,f,55-59,0.030861,synthetic_seed
AK,2023,asian,non-hisp,f,60-64,0.0459,synthetic_seed
AK,2023,asian,non-hisp,f,65-69,0.067988,synthetic_seed
AK,2023,asian,non-hisp,f,70-74,0.103706,synthetic_seed
AK,2023,asian,non-hisp,f,75-79,0.161198,synthetic_seed
AK,2023,asian,non-hisp,f,80-84,0.252685,synthetic_seed
AK,2023,asian,non-hisp,f,85+,0.435736,synthetic_seed
AK,2023,asian,hisp,m,0-4,0.002764,synthetic_seed
AK,2023,asian,hisp,m,5-9,0.000553,synthetic_seed
AK,2023,asian,hisp,m,10-14,0.000553,synthetic_seed
AK,2023,asian,hisp,m,15-19,0.002764,synthetic_seed
AK,2023,asian,hisp,m,20-24,0.004423,synthetic_seed
AK,2023,asian,hisp,m,25-29,0.005529,synthetic_seed
AK,2023,asian,hisp,m,30-34,0.007188,synthetic_seed
AK,2023,asian,hisp,m,35-39,0.009952,synthetic_seed
AK,2023,asian,hisp,m,40-44,0.013712,synthetic_seed
AK,2023,asian,hisp,m,45-49,0.020347,synthetic_seed
AK,2023,asian,hisp,m,50-54,0.030078,synthetic_seed
AK,2023,asian,hisp,m,55-59,0.043569,synthetic_seed
AK,2023,asian,hisp,m,60-64,0.0648,synthetic_seed
AK,2023,asian,hisp,m,65-69,0.095983,synthetic_seed
AK,2023,asian,hisp,m,70-74,0.146408,synthetic_seed
AK,2023,asian,hisp,m,75-79,0.227574,synthetic_seed
AK,2023,asian,hisp,m,80-84,0.356731,synthetic_seed
AK,2023,asian,hisp,m,85+,0.615157,synthetic_seed
AK,2023,asian,hisp,f,0-4,0.001958,synthetic_seed
AK,2023,asian,hisp,f,5-9,0.000392,synthetic_seed
AK,2023,asian,hisp,f,10-14,0.000392,synthetic_seed
AK,2023,asian,hisp,f,15-19,0.001958,synthetic_seed
AK,2023,asian,hisp,f,20-24,0.003133,synthetic_seed
AK,2023,asian,hisp,f,25-29,0.003916,synthetic_seed
AK,2023,asian,hisp,f,30-34,0.005091,synthetic_seed
AK,2023,asian,hisp,f,35-39,0.007049,synthetic_seed
AK,2023,asian,hisp,f,40-44,0.009713,synthetic_seed
AK,2023,asian,hisp,f,45-49,0.014412,synthetic_seed
AK,2023,asian,hisp,f,50-54,0.021305,synthetic_seed
AK,2023,asian,hisp,f,55-59,0.030861,synthetic_seed
AK,2023,asian,hisp,f,60-64,0.0459,synthetic_seed
AK,2023,asian,hisp,f,65-69,0.067988,synthetic_seed
AK,2023,asian,hisp,f,70-74,0.103706,synthetic_seed
AK,2023,asian,hisp,f,75-79,0.161198,synthetic_seed
AK,2023,asian,hisp,f,80-84,0.252685,synthetic_seed
AK,2023,asian,hisp,f,85+,0.435736,synthetic_seed
AK,2023,other,non-hisp,m,0-4,0.00291,synthetic_seed
AK,2023,other,non-hisp,m,5-9,0.000582,synthetic_seed
AK,2023,other,non-hisp,m,10-14,0.000582,synthetic_seed
AK,2023,other,non-hisp,m,15-19,0.00291,synthetic_seed
AK,2023,other,non-hisp,m,20-24,0.004656,synthetic_seed
AK,2023,other,non-hisp,m,25-29,0.00582,synthetic_seed
AK,2023,other,non-hisp,m,30-34,0.007566,synthetic_seed
AK,2023,other,non-hisp,m,35-39,0.010476,synthetic_seed
AK,2023,other,non-hisp,m,40-44,0.014434,synthetic_seed
AK,2023,other,non-hisp,m,45-49,0.021418,synthetic_seed
AK,2023,other,non-hisp,m,50-54,0.031661,synthetic_seed
AK,2023,other,non-hisp,m,55-59,0.045862,synthetic_seed
AK,2023,other,non-hisp,m,60-64,0.06821,synthetic_seed
AK,2023,other,non-hisp,m,65-69,0.101035,synthetic_seed
AK,2023,other,non-hisp,m,70-74,0.154114,synthetic_seed
AK,2023,other,non-hisp,m,75-79,0.239551,synthetic_seed
AK,2023,other,non-hisp,m,80-84,0.375506,synthetic_seed
AK,2023,other,non-hisp,m,85+,0.647533,synthetic_seed
AK,2023,other,non-hisp,f,0-4,0.002061,synthetic_seed
AK,2023,other,non-hisp,f,5-9,0.000412,synthetic_seed
AK,2023,other,non-hisp,f,10-14,0.000412,synthetic_seed
AK,2023,other,non-hisp,f,15-19,0.002061,synthetic_seed
AK,2023,other,non-hisp,f,20-24,0.003298,synthetic_seed
AK,2023,other,non-hisp,f,25-29,0.004123,synthetic_seed
AK,2023,other,non-hisp,f,30-34,0.005359,synthetic_seed
AK,2023,other,non-hisp,f,35-39,0.007421,synthetic_seed
AK,2023,other,non-hisp,f,40-44,0.010224,synthetic_seed
AK,2023,other,non-hisp,f,45-49,0.015171,synthetic_seed
AK,2023,other,non-hisp,f,50-54,0.022426,synthetic_seed
AK,2023,other,non-hisp,f,55-59,0.032485,synthetic_seed
AK,2023,other,non-hisp,f,60-64,0.048316,synthetic_seed
AK,2023,other,non-hisp,f,65-69,0.071567,synthetic_seed
AK,2023,other,non-hisp,f,70-74,0.109164,synthetic_seed
AK,2023,other,non-hisp,f,75-79,0.169682,synthetic_seed
AK,2023,other,non-hisp,f,80-84,0.265984,synthetic_seed
AK,2023,other,non-hisp,f,85+,0.458669,synthetic_seed
AK,2023,other,hisp,m,0-4,0.00291,synthetic_seed
AK,2023,other,hisp,m,5-9,0.000582,synthetic_seed
AK,2023,other,hisp,m,10-14,0.000582,synthetic_seed
AK,2023,other,hisp,m,15-19,0.00291,synthetic_seed
AK,2023,other,hisp,m,20-24,0.004656,synthetic_seed
AK,2023,other,hisp,m,25-29,0.00582,synthetic_seed
AK,2023,other,hisp,m,30-34,0.007566,synthetic_seed
AK,2023,other,hisp,m,35-39,0.010476,synthetic_seed
AK,2023,other,hisp,m,40-44,0.014434,synthetic_seed
AK,2023,other,hisp,m,45-49,0.021418,synthetic_seed
AK,2023,other,hisp,m,50-54,0.031661,synthetic_seed
AK,2023,other,hisp,m,55-59,0.045862,synthetic_seed
AK,2023,other,hisp,m,60-64,0.06821,synthetic_seed
AK,2023,other,hisp,m,65-69,0.101035,synthetic_seed
AK,2023,other,hisp,m,70-74,0.154114,synthetic_seed
AK,2023,other,hisp,m,75-79,0.239551,synthetic_seed
AK,2023,other,hisp,m,80-84,0.375506,synthetic_seed
AK,2023,other,hisp,m,85+,0.647533,synthetic_seed
AK,2023,other,hisp,f,0-4,0.002061,synthetic_seed
AK,2023,other,hisp,f,5-9,0.000412,synthetic_seed
AK,2023,other,hisp,f,10-14,0.000412,synthetic_seed
AK,2023,other,hisp,f,15-19,0.002061,synthetic_seed
AK,2023,other,hisp,f,20-24,0.003298,synthetic_seed
AK,2023,other,hisp,f,25-29,0.004123,synthetic_seed
AK,2023,other,hisp,f,30-34,0.005359,synthetic_seed
AK,2023,other,hisp,f,35-39,0.007421,synthetic_seed
AK,2023,other,hisp,f,40-44,0.010224,synthetic_seed
AK,2023,other,hisp,f,45-49,0.015171,synthetic_seed
AK,2023,other,hisp,f,50-54,0.022426,synthetic_seed
AK,2023,other,hisp,f,55-59,0.032485,synthetic_seed
AK,2023,other,hisp,f,60-64,0.048316,synthetic_seed
AK,2023,other,hisp,f,65-69,0.071567,synthetic_seed
AK,2023,other,hisp,f,70-74,0.109164,synthetic_seed
AK,2023,other,hisp,f,75-79,0.169682,synthetic_seed
AK,2023,other,hisp,f,80-84,0.265984,synthetic_seed
AK,2023,other,hisp,f,85+,0.458669,synthetic_seed
AZ,2023,white,non-hisp,m,0-4,0.00291,synthetic_seed
AZ,2023,white,non-hisp,m,5-9,0.000582,synthetic_seed
AZ,2023,white,non-hisp,m,10-14,0.000582,synthetic_seed
AZ,2023,white,non-hisp,m,15-19,0.00291,synthetic_seed
AZ,2023,white,non-hisp,m,20-24,0.004656,synthetic_seed
AZ,2023,white,non-hisp,m,25-29,0.00582,synthetic_seed
AZ,2023,white,non-hisp,m,30-34,0.007566,synthetic_seed
AZ,2023,white,non-hisp,m,35-39,0.010476,synthetic_seed
AZ,2023,white,non-hisp,m,40-44,0.014434,synthetic_seed
AZ,2023,white,non-hisp,m,45-49,0.021418,synthetic_seed
AZ,2023,white,non-hisp,m,50-54,0.031661,synthetic_seed
AZ,2023,white,non-hisp,m,55-59,0.045862,synthetic_seed
AZ,2023,white,non-hisp,m,60-64,0.06821,synthetic_seed
AZ,2023,white,non-hisp,m,65-69,0.101035,synthetic_seed
AZ,2023,white,non-hisp,m,70-74,0.154114,synthetic_seed
AZ,2023,white,non-hisp,m,75-79,0.239551,synthetic_seed
AZ,2023,white,non-hisp,m,80-84,0.375506,synthetic_seed
AZ,2023,white,non-hisp,m,85+,0.647533,synthetic_seed
AZ,2023,white,non-hisp,f,0-4,0.002061,synthetic_seed
AZ,2023,white,non-hisp,f,5-9,0.000412,synthetic_seed
AZ,2023,white,non-hisp,f,10-14,0.000412,synthetic_seed
AZ,2023,white,non-hisp,f,15-19,0.002061,synthetic_seed
AZ,2023,white,non-hisp,f,20-24,0.003298,synthetic_seed
AZ,2023,white,non-hisp,f,25-29,0.004123,synthetic_seed
AZ,2023,white,non-hisp,f,30-34,0.005359,synthetic_seed
AZ,2023,white,non-hisp,f,35-39,0.007421,synthetic_seed
AZ,2023,white,non-hisp,f,40-44,0.010224,synthetic_seed
AZ,2023,white,non-hisp,f,45-49,0.015171,synthetic_seed
AZ,2023,white,non-hisp,f,50-54,0.022426,synthetic_seed
AZ,2023,white,non-hisp,f,55-59,0.032485,synthetic_seed
AZ,2023,white,non-hisp,f,60-64,0.048316,synthetic_seed
AZ,2023,white,non-hisp,f,65-69,0.071567,synthetic_seed
AZ,2023,white,non-hisp,f,70-74,0.109164,synthetic_seed
AZ,2023,white,non-hisp,f,75-79,0.169682,synthetic_seed
AZ,2023,white,non-hisp,f,80-84,0.265984,synthetic_seed
AZ,2023,white,non-hisp,f,85+,0.458669,synthetic_seed
AZ,2023,white,hisp,m,0-4,0.00291,synthetic_seed
AZ,2023,white,hisp,m,5-9,0.000582,synthetic_seed
AZ,2023,white,hisp,m,10-14,0.000582,synthetic_seed
AZ,2023,white,hisp,m,15-19,0.00291,synthetic_seed
AZ,2023,white,hisp,m,20-24,0.004656,synthetic_seed
AZ,2023,white,hisp,m,25-29,0.00582,synthetic_seed
AZ,2023,white,hisp,m,30-34,0.007566,synthetic_seed
AZ,2023,white,hisp,m,35-39,0.010476,synthetic_seed
AZ,2023,white,hisp,m,40-44,0.014434,synthetic_seed
AZ,2023,white,hisp,m,45-49,0.021418,synthetic_seed
AZ,2023,white,hisp,m,50-54,0.031661,synthetic_seed
AZ,2023,white,hisp,m,55-59,0.045862,synthetic_seed
AZ,2023,white,hisp,m,60-64,0.06821,synthetic_seed
AZ,2023,white,hisp,m,65-69,0.101035,synthetic_seed
AZ,2023,white,hisp,m,70-74,0.154114,synthetic_seed
AZ,2023,white,hisp,m,75-79,0.239551,synthetic_seed
AZ,2023,white,hisp,m,80-84,0.375506,synthetic_seed
AZ,2023,white,hisp,m,85+,0.647533,synthetic_seed
AZ,2023,white,hisp,f,0-4,0.002061,synthetic_seed
AZ,2023,white,hisp,f,5-9,0.000412,synthetic_seed
AZ,2023,white,hisp,f,10-14,0.000412,synthetic_seed
AZ,2023,white,hisp,f,15-19,0.002061,synthetic_seed
AZ,2023,white,hisp,f,20-24,0.003298,synthetic_seed
AZ,2023,white,hisp,f,25-29,0.004123,synthetic_seed
AZ,2023,white,hisp,f,30-34,0.005359,synthetic_seed
AZ,2023,white,hisp,f,35-39,0.007421,synthetic_seed
AZ,2023,white,hisp,f,40-44,0.010224,synthetic_seed
AZ,2023,white,hisp,f,45-49,0.015171,synthetic_seed
AZ,2023,white,hisp,f,50-54,0.022426,synthetic_seed
AZ,2023,white,hisp,f,55-59,0.032485,synthetic_seed
AZ,2023,white,hisp,f,60-64,0.048316,synthetic_seed
AZ,2023,white,hisp,f,65-69,0.071567,synthetic_seed
AZ,2023,white,hisp,f,70-74,0.109164,synthetic_seed
AZ,2023,white,hisp,f,75-79,0.169682,synthetic_seed
AZ,2023,white,hisp,f,80-84,0.265984,synthetic_seed
AZ,2023,white,hisp,f,85+,0.458669,synthetic_seed
AZ,2023,black,non-hisp,m,0-4,0.003201,synthetic_seed
AZ,2023,black,non-hisp,m,5-9,0.00064,synthetic_seed
AZ,2023,black,non-hisp,m,10-14,0.00064,synthetic_seed
AZ,2023,black,non-hisp,m,15-19,0.003201,synthetic_seed
AZ,2023,black,non-hisp,m,20-24,0.005122,synthetic_seed
AZ,2023,black,non-hisp,m,25-29,0.006402,synthetic_seed
AZ,2023,black,non-hisp,m,30-34,0.008323,synthetic_seed
AZ,2023,black,non-hisp,m,35-39,0.011524,synthetic_seed
AZ,2023,black,non-hisp,m,40-44,0.015877,synthetic_seed
AZ,2023,black,non-hisp,m,45-49,0.023559,synthetic_seed
AZ,2023,black,non-hisp,m,50-54,0.034827,synthetic_seed
AZ,2023,black,non-hisp,m,55-59,0.050448,synthetic_seed
AZ,2023,black,non-hisp,m,60-64,0.075031,synthetic_seed
AZ,2023,black,non-hisp,m,65-69,0.111139,synthetic_seed
AZ,2023,black,non-hisp,m,70-74,0.169525,synthetic_seed
AZ,2023,black,non-hisp,m,75-79,0.263506,synthetic_seed
AZ,2023,black,non-hisp,m,80-84,0.413057,synthetic_seed
AZ,2023,black,non-hisp,m,85+,0.712287,synthetic_seed
AZ,2023,black,non-hisp,f,0-4,0.002267,synthetic_seed
AZ,2023,black,non-hisp,f,5-9,0.000453,synthetic_seed
AZ,2023,black,non-hisp,f,10-14,0.000453,synthetic_seed
AZ,2023,black,non-hisp,f,15-19,0.002267,synthetic_seed
AZ,2023,black,non-hisp,f,20-24,0.003628,synthetic_seed
AZ,2023,black,non-hisp,f,25-29,0.004535,synthetic_seed
AZ,2023,black,non-hisp,f,30-34,0.005895,synthetic_seed
AZ,2023,black,non-hisp,f,35-39,0.008163,synthetic_seed
AZ,2023,black,non-hisp,f,40-44,0.011246,synthetic_seed
AZ,2023,black,non-hisp,f,45-49,0.016688,synthetic_seed
AZ,2023,black,non-hisp,f,50-54,0.024669,synthetic_seed
AZ,2023,black,non-hisp,f,55-59,0.035734,synthetic_seed
AZ,2023,black,non-hisp,f,60-64,0.053147,synthetic_seed
AZ,2023,black,non-hisp,f,65-69,0.078723,synthetic_seed
AZ,2023,black,non-hisp,f,70-74,0.12008,synthetic_seed
AZ,2023,black,non-hisp,f,75-79,0.18665,synthetic_seed
AZ,2023,black,non-hisp,f,80-84,0.292582,synthetic_seed
AZ,2023,black,non-hisp,f,85+,0.504536,synthetic_seed
AZ,2023,black,hisp,m,0-4,0.003201,synthetic_seed
AZ,2023,black,hisp,m,5-9,0.00064,synthetic_seed
AZ,2023,black,hisp,m,10-14,0.00064,synthetic_seed
AZ,2023,black,hisp,m,15-19,0.003201,synthetic_seed
AZ,2023,black,hisp,m,20-24,0.005122,synthetic_seed
AZ,2023,black,hisp,m,25-29,0.006402,synthetic_seed
AZ,2023,black,hisp,m,30-34,0.008323,synthetic_seed
AZ,2023,black,hisp,m,35-39,0.011524,synthetic_seed
AZ,2023,black,hisp,m,40-44,0.015877,synthetic_seed
AZ,2023,black,hisp,m,45-49,0.023559,synthetic_seed
AZ,2023,black,hisp,m,50-54,0.034827,synthetic_seed
AZ,2023,black,hisp,m,55-59,0.050448,synthetic_seed
AZ,2023,black,hisp,m,60-64,0.075031,synthetic_seed
AZ,2023,black,hisp,m,65-69,0.111139,synthetic_seed
AZ,2023,black,hisp,m,70-74,0.169525,synthetic_seed
AZ,2023,black,hisp,m,75-79,0.263506,synthetic_seed
AZ,2023,black,hisp,m,80-84,0.413057,synthetic_seed
AZ,2023,black,hisp,m,85+,0.712287,synthetic_seed
AZ,2023,black,hisp,f,0-4,0.002267,synthetic_seed
AZ,2023,black,hisp,f,5-9,0.000453,synthetic_seed
AZ,2023,black,hisp,f,10-14,0.000453,synthetic_seed
AZ,2023,black,hisp,f,15-19,0.002267,synthetic_seed
AZ,2023,black,hisp,f,20-24,0.003628,synthetic_seed
AZ,2023,black,hisp,f,25-29,0.004535,synthetic_seed
AZ,2023,black,hisp,f,30-34,0.005895,synthetic_seed
AZ,2023,black,hisp,f,35-39,0.008163,synthetic_seed
AZ,2023,black,hisp,f,40-44,0.011246,synthetic_seed
AZ,2023,black,hisp,f,45-49,0.016688,synthetic_seed
AZ,2023,black,hisp,f,50-54,0.024669,synthetic_seed
AZ,2023,black,hisp,f,55-59,0.035734,synthetic_seed
AZ,2023,black,hisp,f,60-64,0.053147,synthetic_seed
AZ,2023,black,hisp,f,65-69,0.078723,synthetic_seed
AZ,2023,black,hisp,f,70-74,0.12008,synthetic_seed
AZ,2023,black,hisp,f,75-79,0.18665,synthetic_seed
AZ,2023,black,hisp,f,80-84,0.292582,synthetic_seed
AZ,2023,black,hisp,f,85+,0.504536,synthetic_seed
AZ,2023,asian,non-hisp,m,0-4,0.002764,synthetic_seed
AZ,2023,asian,non-hisp,m,5-9,0.000553,synthetic_seed
AZ,2023,asian,non-hisp,m,10-14,0.000553,synthetic_seed
AZ,2023,asian,non-hisp,m,15-19,0.002764,synthetic_seed
AZ,2023,asian,non-hisp,m,20-24,0.004423,synthetic_seed
AZ,2023,asian,non-hisp,m,25-29,0.005529,synthetic_seed
AZ,2023,asian,non-hisp,m,30-34,0.007188,synthetic_seed
AZ,2023,asian,non-hisp,m,35-39,0.009952,synthetic_seed
AZ,2023,asian,non-hisp,m,40-44,0.013712,synthetic_seed
AZ,2023,asian,non-hisp,m,45-49,0.020347,synthetic_seed
AZ,2023,asian,non-hisp,m,50-54,0.030078,synthetic_seed
AZ,2023,asian,non-hisp,m,55-59,0.043569,synthetic_seed
AZ,2023,asian,non-hisp,m,60-64,0.0648,synthetic_seed
AZ,2023,asian,non-hisp,m,65-69,0.095983,synthetic_seed
AZ,2023,asian,non-hisp,m,70-74,0.146408,synthetic_seed
AZ,2023,asian,non-hisp,m,75-79,0.227574,synthetic_seed
AZ,2023,asian,non-hisp,m,80-84,0.356731,synthetic_seed
AZ,2023,asian,non-hisp,m,85+,0.615157,synthetic_seed
AZ,2023,asian,non-hisp,f,0-4,0.001958,synthetic_seed
AZ,2023,asian,non-hisp,f,5-9,0.000392,synthetic_seed
AZ,2023,asian,non-hisp,f,10-14,0.000392,synthetic_seed
AZ,2023,asian,non-hisp,f,15-19,0.001958,synthetic_seed
AZ,2023,asian,non-hisp,f,20-24,0.003133,synthetic_seed
AZ,2023,asian,non-hisp,f,25-29,0.003916,synthetic_seed
AZ,2023,asian,non-hisp,f,30-34,0.005091,synthetic_seed
AZ,2023,asian,non-hisp,f,35-39,0.007049,synthetic_seed
AZ,2023,asian,non-hisp,f,40-44,0.009713,synthetic_seed
AZ,2023,asian,non-hisp,f,45-49,0.014412,synthetic_seed
AZ,2023,asian,non-hisp,f,50-54,0.021305,synthetic_seed
AZ,2023,asian,non-hisp,f,55-59,0.030861,synthetic_seed
AZ,2023,asian,non-hisp,f,60-64,0.0459,synthetic_seed
AZ,2023,asian,non-hisp,f,65-69,0.067988,synthetic_seed
AZ,2023,asian,non-hisp,f,70-74,0.103706,synthetic_seed
AZ,2023,asian,non-hisp,f,75-79,0.161198,synthetic_seed
AZ,2023,asian,non-hisp,f,80-84,0.252685,synthetic_seed
AZ,2023,asian,non-hisp,f,85+,0.435736,synthetic_seed
AZ,2023,asian,hisp,m,0-4,0.002764,synthetic_seed
AZ,2023,asian,hisp,m,5-9,0.000553,synthetic_seed
AZ,2023,asian,hisp,m,10-14,0.000553,synthetic_seed
AZ,2023,asian,hisp,m,15-19,0.002764,synthetic_seed
AZ,2023,asian,hisp,m,20-24,0.004423,synthetic_seed
AZ,2023,asian,hisp,m,25-29,0.005529,synthetic_seed
AZ,2023,asian,hisp,m,30-34,0.007188,synthetic_seed
AZ,2023,asian,hisp,m,35-39,0.009952,synthetic_seed
AZ,2023,asian,hisp,m,40-44,0.013712,synthetic_seed
AZ,2023,asian,hisp,m,45-49,0.020347,synthetic_seed
AZ,2023,asian,hisp,m,50-54,0.030078,synthetic_seed
AZ,2023,asian,hisp,m,55-59,0.043569,synthetic_seed
AZ,2023,asian,hisp,m,60-64,0.0648,synthetic_seed
AZ,2023,asian,hisp,m,65-69,0.095983,synthetic_seed
AZ,2023,asian,hisp,m,70-74,0.146408,synthetic_seed
AZ,2023,asian,hisp,m,75-79,0.227574,synthetic_seed
AZ,2023,asian,hisp,m,80-84,0.356731,synthetic_seed
AZ,2023,asian,hisp,m,85+,0.615157,synthetic_seed
AZ,2023,asian,hisp,f,0-4,0.001958,synthetic_seed
AZ,2023,asian,hisp,f,5-9,0.000392,synthetic_seed
AZ,2023,asian,hisp,f,10-14,0.000392,synthetic_seed
AZ,2023,asian,hisp,f,15-19,0.001958,synthetic_seed
AZ,2023,asian,hisp,f,20-24,0.003133,synthetic_seed
AZ,2023,asian,hisp,f,25-29,0.003916,synthetic_seed
AZ,2023,asian,hisp,f,30-34,0.005091,synthetic_seed
AZ,2023,asian,hisp,f,35-39,0.007049,synthetic_seed
AZ,2023,asian,hisp,f,40-44,0.009713,synthetic_seed
AZ,2023,asian,hisp,f,45-49,0.014412,synthetic_seed
AZ,2023,asian,hisp,f,50-54,0.021305,synthetic_seed
AZ,2023,asian,hisp,f,55-59,0.030861,synthetic_seed
AZ,2023,asian,hisp,f,60-64,0.0459,synthetic_seed
AZ,2023,asian,hisp,f,65-69,0.067988,synthetic_seed
AZ,2023,asian,hisp,f,70-74,0.103706,synthetic_seed
AZ,2023,asian,hisp,f,75-79,0.161198,synthetic_seed
AZ,2023,asian,hisp,f,80-84,0.252685,synthetic_seed
AZ,2023,asian,hisp,f,85+,0.435736,synthetic_seed
AZ,2023,other,non-hisp,m,0-4,0.00291,synthetic_seed
AZ,2023,other,non-hisp,m,5-9,0.000582,synthetic_seed
AZ,2023,other,non-hisp,m,10-14,0.000582,synthetic_seed
AZ,2023,other,non-hisp,m,15-19,0.00291,synthetic_seed
AZ,2023,other,non-hisp,m,20-24,0.004656,synthetic_seed
AZ,2023,other,non-hisp,m,25-29,0.00582,synthetic_seed
AZ,2023,other,non-hisp,m,30-34,0.007566,synthetic_seed
AZ,2023,other,non-hisp,m,35-39,0.010476,synthetic_seed
AZ,2023,other,non-hisp,m,40-44,0.014434,synthetic_seed
AZ,2023,other,non-hisp,m,45-49,0.021418,synthetic_seed
AZ,2023,other,non-hisp,m,50-54,0.031661,synthetic_seed
AZ,2023,other,non-hisp,m,55-59,0.045862,synthetic_seed
AZ,2023,other,non-hisp,m,60-64,0.06821,synthetic_seed
AZ,2023,other,non-hisp,m,65-69,0.101035,synthetic_seed
AZ,2023,other,non-hisp,m,70-74,0.154114,synthetic_seed
AZ,2023,other,non-hisp,m,75-79,0.239551,synthetic_seed
AZ,2023,other,non-hisp,m,80-84,0.375506,synthetic_seed
AZ,2023,other,non-hisp,m,85+,0.647533,synthetic_seed
AZ,2023,other,non-hisp,f,0-4,0.002061,synthetic_seed
AZ,2023,other,non-hisp,f,5-9,0.000412,synthetic_seed
AZ,2023,other,non-hisp,f,10-14,0.000412,synthetic_seed
AZ,2023,other,non-hisp,f,15-19,0.002061,synthetic_seed
AZ,2023,other,non-hisp,f,20-24,0.003298,synthetic_seed
AZ,2023,other,non-hisp,f,25-29,0.004123,synthetic_seed
AZ,2023,other,non-hisp,f,30-34,0.005359,synthetic_seed
AZ,2023,other,non-hisp,f,35-39,0.007421,synthetic_seed
AZ,2023,other,non-hisp,f,40-44,0.010224,synthetic_seed
AZ,2023,other,non-hisp,f,45-49,0.015171,synthetic_seed
AZ,2023,other,non-hisp,f,50-54,0.022426,synthetic_seed
AZ,2023,other,non-hisp,f,55-59,0.032485,synthetic_seed
AZ,2023,other,non-hisp,f,60-64,0.048316,synthetic_seed
AZ,2023,other,non-hisp,f,65-69,0.071567,synthetic_seed
AZ,2023,other,non-hisp,f,70-74,0.109164,synthetic_seed
AZ,2023,other,non-hisp,f,75-79,0.169682,synthetic_seed
AZ,2023,other,non-hisp,f,80-84,0.265984,synthetic_seed
AZ,2023,other,non-hisp,f,85+,0.458669,synthetic_seed
AZ,2023,other,hisp,m,0-4,0.00291,synthetic_seed
AZ,2023,other,hisp,m,5-9,0.000582,synthetic_seed
AZ,2023,other,hisp,m,10-14,0.000582,synthetic_seed
AZ,2023,other,hisp,m,15-19,0.00291,synthetic_seed
AZ,2023,other,hisp,m,20-24,0.004656,synthetic_seed
AZ,2023,other,hisp,m,25-29,0.00582,synthetic_seed
AZ,2023,other,hisp,m,30-34,0.007566,synthetic_seed
AZ,2023,other,hisp,m,35-39,0.010476,synthetic_seed
AZ,2023,other,hisp,m,40-44,0.014434,synthetic_seed
AZ,2023,other,hisp,m,45-49,0.021418,synthetic_seed
AZ,2023,other,hisp,m,50-54,0.031661,synthetic_seed
AZ,2023,other,hisp,m,55-59,0.045862,synthetic_seed
AZ,2023,other,hisp,m,60-64,0.06821,synthetic_seed
AZ,2023,other,hisp,m,65-69,0.101035,synthetic_seed
AZ,2023,other,hisp,m,70-74,0.154114,synthetic_seed
AZ,2023,other,hisp,m,75-79,0.239551,synthetic_seed
AZ,2023,other,hisp,m,80-84,0.375506,synthetic_seed
AZ,2023,other,hisp,m,85+,0.647533,synthetic_seed
AZ,2023,other,hisp,f,0-4,0.002061,synthetic_seed
AZ,2023,other,hisp,f,5-9,0.000412,synthetic_seed
AZ,2023,other,hisp,f,10-14,0.000412,synthetic_seed
AZ,2023,other,hisp,f,15-19,0.002061,synthetic_seed
AZ,2023,other,hisp,f,20-24,0.003298,synthetic_seed
AZ,2023,other,hisp,f,25-29,0.004123,synthetic_seed
AZ,2023,other,hisp,f,30-34,0.005359,synthetic_seed
AZ,2023,other,hisp,f,35-39,0.007421,synthetic_seed
AZ,2023,other,hisp,f,40-44,0.010224,synthetic_seed
AZ,2023,other,hisp,f,45-49,0.015171,synthetic_seed
AZ,2023,other,hisp,f,50-54,0.022426,synthetic_seed
AZ,2023,other,hisp,f,55-59,0.032485,synthetic_seed
AZ,2023,other,hisp,f,60-64,0.048316,synthetic_seed
AZ,2023,other,hisp,f,65-69,0.071567,synthetic_seed
AZ,2023,other,hisp,f,70-74,0.109164,synthetic_seed
AZ,2023,other,hisp,f,75-79,0.169682,synthetic_seed
AZ,2023,other,hisp,f,80-84,0.265984,synthetic_seed
AZ,2023,other,hisp,f,85+,0.458669,synthetic_seed
AR,2023,white,non-hisp,m,0-4,0.00324,synthetic_seed
AR,2023,white,non-hisp,m,5-9,0.000648,synthetic_seed
AR,2023,white,non-hisp,m,10-14,0.000648,synthetic_seed
AR,2023,white,non-hisp,m,15-19,0.00324,synthetic_seed
AR,2023,white,non-hisp,m,20-24,0.005184,synthetic_seed
AR,2023,white,non-hisp,m,25-29,0.00648,synthetic_seed
AR,2023,white,non-hisp,m,30-34,0.008424,synthetic_seed
AR,2023,white,non-hisp,m,35-39,0.011664,synthetic_seed
AR,2023,white,non-hisp,m,40-44,0.01607,synthetic_seed
AR,2023,white,non-hisp,m,45-49,0.023846,synthetic_seed
AR,2023,white,non-hisp,m,50-54,0.035251,synthetic_seed
AR,2023,white,non-hisp,m,55-59,0.051062,synthetic_seed
AR,2023,white,non-hisp,m,60-64,0.075946,synthetic_seed
AR,2023,white,non-hisp,m,65-69,0.112493,synthetic_seed
AR,2023,white,non-hisp,m,70-74,0.17159,synthetic_seed
AR,2023,white,non-hisp,m,75-79,0.266717,synthetic_seed
AR,2023,white,non-hisp,m,80-84,0.41809,synthetic_seed
AR,2023,white,non-hisp,m,85+,0.720965,synthetic_seed
AR,2023,white,non-hisp,f,0-4,0.002295,synthetic_seed
AR,2023,white,non-hisp,f,5-9,0.000459,synthetic_seed
AR,2023,white,non-hisp,f,10-14,0.000459,synthetic_seed
AR,2023,white,non-hisp,f,15-19,0.002295,synthetic_seed
AR,2023,white,non-hisp,f,20-24,0.003672,synthetic_seed
AR,2023,white,non-hisp,f,25-29,0.00459,synthetic_seed
AR,2023,white,non-hisp,f,30-34,0.005967,synthetic_seed
AR,2023,white,non-hisp,f,35-39,0.008262,synthetic_seed
AR,2023,white,non-hisp,f,40-44,0.011383,synthetic_seed
AR,2023,white,non-hisp,f,45-49,0.016891,synthetic_seed
AR,2023,white,non-hisp,f,50-54,0.02497,synthetic_seed
AR,2023,white,non-hisp,f,55-59,0.036169,synthetic_seed
AR,2023,white,non-hisp,f,60-64,0.053795,synthetic_seed
AR,2023,white,non-hisp,f,65-69,0.079682,synthetic_seed
AR,2023,white,non-hisp,f,70-74,0.121543,synthetic_seed
AR,2023,white,non-hisp,f,75-79,0.188924,synthetic_seed
AR,2023,white,non-hisp,f,80-84,0.296147,synthetic_seed
AR,2023,white,non-hisp,f,85+,0.510683,synthetic_seed
AR,2023,white,hisp,m,0-4,0.00324,synthetic_seed
AR,2023,white,hisp,m,5-9,0.000648,synthetic_seed
AR,2023,white,hisp,m,10-14,0.000648,synthetic_seed
AR,2023,white,hisp,m,15-19,0.00324,synthetic_seed
AR,2023,white,hisp,m,20-24,0.005184,synthetic_seed
AR,2023,white,hisp,m,25-29,0.00648,synthetic_seed
AR,2023,white,hisp,m,30-34,0.008424,synthetic_seed
AR,2023,white,hisp,m,35-39,0.011664,synthetic_seed
AR,2023,white,hisp,m,40-44,0.01607,synthetic_seed
AR,2023,white,hisp,m,45-49,0.023846,synthetic_seed
AR,2023,white,hisp,m,50-54,0.035251,synthetic_seed
AR,2023,white,hisp,m,55-59,0.051062,synthetic_seed
AR,2023,white,hisp,m,60-64,0.075946,synthetic_seed
AR,2023,white,hisp,m,65-69,0.112493,synthetic_seed
AR,2023,white,hisp,m,70-74,0.17159,synthetic_seed
AR,2023,white,hisp,m,75-79,0.266717,synthetic_seed
AR,2023,white,hisp,m,80-84,0.41809,synthetic_seed
AR,2023,white,hisp,m,85+,0.720965,synthetic_seed
AR,2023,white,hisp,f,0-4,0.002295,synthetic_seed
AR,2023,white,hisp,f,5-9,0.000459,synthetic_seed
AR,2023,white,hisp,f,10-14,0.000459,synthetic_seed
AR,2023,white,hisp,f,15-19,0.002295,synthetic_seed
AR,2023,white,hisp,f,20-24,0.003672,synthetic_seed
AR,2023,white,hisp,f,25-29,0.00459,synthetic_seed
AR,2023,white,hisp,f,30-34,0.005967,synthetic_seed
AR,2023,white,hisp,f,35-39,0.008262,synthetic_seed
AR,2023,white,hisp,f,40-44,0.011383,synthetic_seed
AR,2023,white,hisp,f,45-49,0.016891,synthetic_seed
AR,2023,white,hisp,f,50-54,0.02497,synthetic_seed
AR,2023,white,hisp,f,55-59,0.036169,synthetic_seed
AR,2023,white,hisp,f,60-64,0.053795,synthetic_seed
AR,2023,white,hisp,f,65-69,0.079682,synthetic_seed
AR,2023,white,hisp,f,70-74,0.121543,synthetic_seed
AR,2023,white,hisp,f,75-79,0.188924,synthetic_seed
AR,2023,white,hisp,f,80-84,0.296147,synthetic_seed
AR,2023,white,hisp,f,85+,0.510683,synthetic_seed
AR,2023,black,non-hisp,m,0-4,0.003564,synthetic_seed
AR,2023,black,non-hisp,m,5-9,0.000713,synthetic_seed
AR,2023,black,non-hisp,m,10-14,0.000713,synthetic_seed
AR,2023,black,non-hisp,m,15-19,0.003564,synthetic_seed
AR,2023,black,non-hisp,m,20-24,0.005702,synthetic_seed
AR,2023,black,non-hisp,m,25-29,0.007128,synthetic_seed
AR,2023,black,non-hisp,m,30-34,0.009266,synthetic_seed
AR,2023,black,non-hisp,m,35-39,0.01283,synthetic_seed
AR,2023,black,non-hisp,m,40-44,0.017677,synthetic_seed
AR,2023,black,non-hisp,m,45-49,0.026231,synthetic_seed
AR,2023,black,non-hisp,m,50-54,0.038776,synthetic_seed
AR,2023,black,non-hisp,m,55-59,0.056169,synthetic_seed
AR,2023,black,non-hisp,m,60-64,0.08354,synthetic_seed
AR,2023,black,non-hisp,m,65-69,0.123742,synthetic_seed
AR,2023,black,non-hisp,m,70-74,0.188749,synthetic_seed
AR,2023,black,non-hisp,m,75-79,0.293388,synthetic_seed
AR,2023,black,non-hisp,m,80-84,0.459899,synthetic_seed
AR,2023,black,non-hisp,m,85+,0.793061,synthetic_seed
AR,2023,black,non-hisp,f,0-4,0.002525,synthetic_seed
AR,2023,black,non-hisp,f,5-9,0.000505,synthetic_seed
AR,2023,black,non-hisp,f,10-14,0.000505,synthetic_seed
AR,2023,black,non-hisp,f,15-19,0.002525,synthetic_seed
AR,2023,black,non-hisp,f,20-24,0.004039,synthetic_seed
AR,2023,black,non-hisp,f,25-29,0.005049,synthetic_seed
AR,2023,black,non-hisp,f,30-34,0.006564,synthetic_seed
AR,2023,black,non-hisp,f,35-39,0.009088,synthetic_seed
AR,2023,black,non-hisp,f,40-44,0.012522,synthetic_seed
AR,2023,black,non-hisp,f,45-49,0.01858,synthetic_seed
AR,2023,black,non-hisp,f,50-54,0.027467,synthetic_seed
AR,2023,black,non-hisp,f,55-59,0.039786,synthetic_seed
AR,2023,black,non-hisp,f,60-64,0.059174,synthetic_seed
AR,2023,black,non-hisp,f,65-69,0.087651,synthetic_seed
AR,2023,black,non-hisp,f,70-74,0.133698,synthetic_seed
AR,2023,black,non-hisp,f,75-79,0.207817,synthetic_seed
AR,2023,black,non-hisp,f,80-84,0.325761,synthetic_seed
AR,2023,black,non-hisp,f,85+,0.561752,synthetic_seed
AR,2023,black,hisp,m,0-4,0.003564,synthetic_seed
AR,2023,black,hisp,m,5-9,0.000713,synthetic_seed
AR,2023,black,hisp,m,10-14,0.000713,synthetic_seed
AR,2023,black,hisp,m,15-19,0.003564,synthetic_seed
AR,2023,black,hisp,m,20-24,0.005702,synthetic_seed
AR,2023,black,hisp,m,25-29,0.007128,synthetic_seed
AR,2023,black,hisp,m,30-34,0.009266,synthetic_seed
AR,2023,black,hisp,m,35-39,0.01283,synthetic_seed
AR,2023,black,hisp,m,40-44,0.017677,synthetic_seed
AR,2023,black,hisp,m,45-49,0.026231,synthetic_seed
AR,2023,black,hisp,m,50-54,0.038776,synthetic_seed
AR,2023,black,hisp,m,55-59,0.056169,synthetic_seed
AR,2023,black,hisp,m,60-64,0.08354,synthetic_seed
AR,2023,black,hisp,m,65-69,0.123742,synthetic_seed
AR,2023,black,hisp,m,70-74,0.188749,synthetic_seed
AR,2023,black,hisp,m,75-79,0.293388,synthetic_seed
AR,2023,black,hisp,m,80-84,0.459899,synthetic_seed
AR,2023,black,hisp,m,85+,0.793061,synthetic_seed
AR,2023,black,hisp,f,0-4,0.002525,synthetic_seed
AR,2023,black,hisp,f,5-9,0.000505,synthetic_seed
AR,2023,black,hisp,f,10-14,0.000505,synthetic_seed
AR,2023,black,hisp,f,15-19,0.002525,synthetic_seed
AR,2023,black,hisp,f,20-24,0.004039,synthetic_seed
AR,2023,black,hisp,f,25-29,0.005049,synthetic_seed
AR,2023,black,hisp,f,30-34,0.006564,synthetic_seed
AR,2023,black,hisp,f,35-39,0.009088,synthetic_seed
AR,2023,black,hisp,f,40-44,0.012522,synthetic_seed
AR,2023,black,hisp,f,45-49,0.01858,synthetic_seed
AR,2023,black,hisp,f,50-54,0.027467,synthetic_seed
AR,2023,black,hisp,f,55-59,0.039786,synthetic_seed
AR,2023,black,hisp,f,60-64,0.059174,synthetic_seed
AR,2023,black,hisp,f,65-69,0.087651,synthetic_seed
AR,2023,black,hisp,f,70-74,0.133698,synthetic_seed
AR,2023,black,hisp,f,75-79,0.207817,synthetic_seed
AR,2023,black,hisp,f,80-84,0.325761,synthetic_seed
AR,2023,black,hisp,f,85+,0.561752,synthetic_seed
AR,2023,asian,non-hisp,m,0-4,0.003078,synthetic_seed
AR,2023,asian,non-hisp,m,5-9,0.000616,synthetic_seed
AR,2023,asian,non-hisp,m,10-14,0.000616,synthetic_seed
AR,2023,asian,non-hisp,m,15-19,0.003078,synthetic_seed
AR,2023,asian,non-hisp,m,20-24,0.004925,synthetic_seed
AR,2023,asian,non-hisp,m,25-29,0.006156,synthetic_seed
AR,2023,asian,non-hisp,m,30-34,0.008003,synthetic_seed
AR,2023,asian,non-hisp,m,35-39,0.011081,synthetic_seed
AR,2023,asian,non-hisp,m,40-44,0.015267,synthetic_seed
AR,2023,asian,non-hisp,m,45-49,0.022654,synthetic_seed
AR,2023,asian,non-hisp,m,50-54,0.033489,synthetic_seed
AR,2023,asian,non-hisp,m,55-59,0.048509,synthetic_seed
AR,2023,asian,non-hisp,m,60-64,0.072148,synthetic_seed
AR,2023,asian,non-hisp,m,65-69,0.106868,synthetic_seed
AR,2023,asian,non-hisp,m,70-74,0.163011,synthetic_seed
AR,2023,asian,non-hisp,m,75-79,0.253381,synthetic_seed
AR,2023,asian,non-hisp,m,80-84,0.397185,synthetic_seed
AR,2023,asian,non-hisp,m,85+,0.684917,synthetic_seed
AR,2023,asian,non-hisp,f,0-4,0.00218,synthetic_seed
AR,2023,asian,non-hisp,f,5-9,0.000436,synthetic_seed
AR,2023,asian,non-hisp,f,10-14,0.000436,synthetic_seed
AR,2023,asian,non-hisp,f,15-19,0.00218,synthetic_seed
AR,2023,asian,non-hisp,f,20-24,0.003488,synthetic_seed
AR,2023,asian,non-hisp,f,25-29,0.00436,synthetic_seed
AR,2023,asian,non-hisp,f,30-34,0.005669,synthetic_seed
AR,2023,asian,non-hisp,f,35-39,0.007849,synthetic_seed
AR,2023,asian,non-hisp,f,40-44,0.010814,synthetic_seed
AR,2023,asian,non-hisp,f,45-49,0.016047,synthetic_seed
AR,2023,asian,non-hisp,f,50-54,0.023721,synthetic_seed
AR,2023,asian,non-hisp,f,55-59,0.034361,synthetic_seed
AR,2023,asian,non-hisp,f,60-64,0.051105,synthetic_seed
AR,2023,asian,non-hisp,f,65-69,0.075698,synthetic_seed
AR,2023,asian,non-hisp,f,70-74,0.115466,synthetic_seed
AR,2023,asian,non-hisp,f,75-79,0.179478,synthetic_seed
AR,2023,asian,non-hisp,f,80-84,0.281339,synthetic_seed
AR,2023,asian,non-hisp,f,85+,0.485149,synthetic_seed
AR,2023,asian,hisp,m,0-4,0.003078,synthetic_seed
AR,2023,asian,hisp,m,5-9,0.000616,synthetic_seed
AR,2023,asian,hisp,m,10-14,0.000616,synthetic_seed
AR,2023,asian,hisp,m,15-19,0.003078,synthetic_seed
AR,2023,asian,hisp,m,20-24,0.004925,synthetic_seed
AR,2023,asian,hisp,m,25-29,0.006156,synthetic_seed
AR,2023,asian,hisp,m,30-34,0.008003,synthetic_seed
AR,2023,asian,hisp,m,35-39,0.011081,synthetic_seed
AR,2023,asian,hisp,m,40-44,0.015267,synthetic_seed
AR,2023,asian,hisp,m,45-49,0.022654,synthetic_seed
AR,2023,asian,hisp,m,50-54,0.033489,synthetic_seed
AR,2023,asian,hisp,m,55-59,0.048509,synthetic_seed
AR,2023,asian,hisp,m,60-64,0.072148,synthetic_seed
AR,2023,asian,hisp,m,65-69,0.106868,synthetic_seed
AR,2023,asian,hisp,m,70-74,0.163011,synthetic_seed
AR,2023,asian,hisp,m,75-79,0.253381,synthetic_seed
AR,2023,asian,hisp,m,80-84,0.397185,synthetic_seed
AR,2023,asian,hisp,m,85+,0.684917,synthetic_seed
AR,2023,asian,hisp,f,0-4,0.00218,synthetic_seed
AR,2023,asian,hisp,f,5-9,0.000436,synthetic_seed
AR,2023,asian,hisp,f,10-14,0.000436,synthetic_seed
AR,2023,asian,hisp,f,15-19,0.00218,synthetic_seed
AR,2023,asian,hisp,f,20-24,0.003488,synthetic_seed
AR,2023,asian,hisp,f,25-29,0.00436,synthetic_seed
AR,2023,asian,hisp,f,30-34,0.005669,synthetic_seed
AR,2023,asian,hisp,f,35-39,0.007849,synthetic_seed
AR,2023,asian,hisp,f,40-44,0.010814,synthetic_seed
AR,2023,asian,hisp,f,45-49,0.016047,synthetic_seed
AR,2023,asian,hisp,f,50-54,0.023721,synthetic_seed
AR,2023,asian,hisp,f,55-59,0.034361,synthetic_seed
AR,2023,asian,hisp,f,60-64,0.051105,synthetic_seed
AR,2023,asian,hisp,f,65-69,0.075698,synthetic_seed
AR,2023,asian,hisp,f,70-74,0.115466,synthetic_seed
AR,2023,asian,hisp,f,75-79,0.179478,synthetic_seed
AR,2023,asian,hisp,f,80-84,0.281339,synthetic_seed
AR,2023,asian,hisp,f,85+,0.485149,synthetic_seed
AR,2023,other,non-hisp,m,0-4,0.00324,synthetic_seed
AR,2023,other,non-hisp,m,5-9,0.000648,synthetic_seed
AR,2023,other,non-hisp,m,10-14,0.000648,synthetic_seed
AR,2023,other,non-hisp,m,15-19,0.00324,synthetic_seed
AR,2023,other,non-hisp,m,20-24,0.005184,synthetic_seed
AR,2023,other,non-hisp,m,25-29,0.00648,synthetic_seed
AR,2023,other,non-hisp,m,30-34,0.008424,synthetic_seed
AR,2023,other,non-hisp,m,35-39,0.011664,synthetic_seed
AR,2023,other,non-hisp,m,40-44,0.01607,synthetic_seed
AR,2023,other,non-hisp,m,45-49,0.023846,synthetic_seed
AR,2023,other,non-hisp,m,50-54,0.035251,synthetic_seed
AR,2023,other,non-hisp,m,55-59,0.051062,synthetic_seed
AR,2023,other,non-hisp,m,60-64,0.075946,synthetic_seed
AR,2023,other,non-hisp,m,65-69,0.112493,synthetic_seed
AR,2023,other,non-hisp,m,70-74,0.17159,synthetic_seed
AR,2023,other,non-hisp,m,75-79,0.266717,synthetic_seed
AR,2023,other,non-hisp,m,80-84,0.41809,synthetic_seed
AR,2023,other,non-hisp,m,85+,0.720965,synthetic_seed
AR,2023,other,non-hisp,f,0-4,0.002295,synthetic_seed
AR,2023,other,non-hisp,f,5-9,0.000459,synthetic_seed
AR,2023,other,non-hisp,f,10-14,0.000459,synthetic_seed
AR,2023,other,non-hisp,f,15-19,0.002295,synthetic_seed
AR,2023,other,non-hisp,f,20-24,0.003672,synthetic_seed
AR,2023,other,non-hisp,f,25-29,0.00459,synthetic_seed
AR,2023,other,non-hisp,f,30-34,0.005967,synthetic_seed
AR,2023,other,non-hisp,f,35-39,0.008262,synthetic_seed
AR,2023,other,non-hisp,f,40-44,0.011383,synthetic_seed
AR,2023,other,non-hisp,f,45-49,0.016891,synthetic_seed
AR,2023,other,non-hisp,f,50-54,0.02497,synthetic_seed
AR,2023,other,non-hisp,f,55-59,0.036169,synthetic_seed
AR,2023,other,non-hisp,f,60-64,0.053795,synthetic_seed
AR,2023,other,non-hisp,f,65-69,0.079682,synthetic_seed
AR,2023,other,non-hisp,f,70-74,0.121543,synthetic_seed
AR,2023,other,non-hisp,f,75-79,0.188924,synthetic_seed
AR,2023,other,non-hisp,f,80-84,0.296147,synthetic_seed
AR,2023,other,non-hisp,f,85+,0.510683,synthetic_seed
AR,2023,other,hisp,m,0-4,0.00324,synthetic_seed
AR,2023,other,hisp,m,5-9,0.000648,synthetic_seed
AR,2023,other,hisp,m,10-14,0.000648,synthetic_seed
AR,2023,other,hisp,m,15-19,0.00324,synthetic_seed
AR,2023,other,hisp,m,20-24,0.005184,synthetic_seed
AR,2023,other,hisp,m,25-29,0.00648,synthetic_seed
AR,2023,other,hisp,m,30-34,0.008424,synthetic_seed
AR,2023,other,hisp,m,35-39,0.011664,synthetic_seed
AR,2023,other,hisp,m,40-44,0.01607,synthetic_seed
AR,2023,other,hisp,m,45-49,0.023846,synthetic_seed
AR,2023,other,hisp,m,50-54,0.035251,synthetic_seed
AR,2023,other,hisp,m,55-59,0.051062,synthetic_seed
AR,2023,other,hisp,m,60-64,0.075946,synthetic_seed
AR,2023,other,hisp,m,65-69,0.112493,synthetic_seed
AR,2023,other,hisp,m,70-74,0.17159,synthetic_seed
AR,2023,other,hisp,m,75-79,0.266717,synthetic_seed
AR,2023,other,hisp,m,80-84,0.41809,synthetic_seed
AR,2023,other,hisp,m,85+,0.720965,synthetic_seed
AR,2023,other,hisp,f,0-4,0.002295,synthetic_seed
AR,2023,other,hisp,f,5-9,0.000459,synthetic_seed
AR,2023,other,hisp,f,10-14,0.000459,synthetic_seed
AR,2023,other,hisp,f,15-19,0.002295,synthetic_seed
AR,2023,other,hisp,f,20-24,0.003672,synthetic_seed
AR,2023,other,hisp,f,25-29,0.00459,synthetic_seed
AR,2023,other,hisp,f,30-34,0.005967,synthetic_seed
AR,2023,other,hisp,f,35-39,0.008262,synthetic_seed
AR,2023,other,hisp,f,40-44,0.011383,synthetic_seed
AR,2023,other,hisp,f,45-49,0.016891,synthetic_seed
AR,2023,other,hisp,f,50-54,0.02497,synthetic_seed
AR,2023,other,hisp,f,55-59,0.036169,synthetic_seed
AR,2023,other,hisp,f,60-64,0.053795,synthetic_seed
AR,2023,other,hisp,f,65-69,0.079682,synthetic_seed
AR,2023,other,hisp,f,70-74,0.121543,synthetic_seed
AR,2023,other,hisp,f,75-79,0.188924,synthetic_seed
AR,2023,other,hisp,f,80-84,0.296147,synthetic_seed
AR,2023,other,hisp,f,85+,0.510683,synthetic_seed
CA,2023,white,non-hisp,m,0-4,0.00291,synthetic_seed
CA,2023,white,non-hisp,m,5-9,0.000582,synthetic_seed
CA,2023,white,non-hisp,m,10-14,0.000582,synthetic_seed
CA,2023,white,non-hisp,m,15-19,0.00291,synthetic_seed
CA,2023,white,non-hisp,m,20-24,0.004656,synthetic_seed
CA,2023,white,non-hisp,m,25-29,0.00582,synthetic_seed
CA,2023,white,non-hisp,m,30-34,0.007566,synthetic_seed
CA,2023,white,non-hisp,m,35-39,0.010476,synthetic_seed
CA,2023,white,non-hisp,m,40-44,0.014434,synthetic_seed
CA,2023,white,non-hisp,m,45-49,0.021418,synthetic_seed
CA,2023,white,non-hisp,m,50-54,0.031661,synthetic_seed
CA,2023,white,non-hisp,m,55-59,0.045862,synthetic_seed
CA,2023,white,non-hisp,m,60-64,0.06821,synthetic_seed
CA,2023,white,non-hisp,m,65-69,0.101035,synthetic_seed
CA,2023,white,non-hisp,m,70-74,0.154114,synthetic_seed
CA,2023,white,non-hisp,m,75-79,0.239551,synthetic_seed
CA,2023,white,non-hisp,m,80-84,0.375506,synthetic_seed
CA,2023,white,non-hisp,m,85+,0.647533,synthetic_seed
CA,2023,white,non-hisp,f,0-4,0.002061,synthetic_seed
CA,2023,white,non-hisp,f,5-9,0.000412,synthetic_seed
CA,2023,white,non-hisp,f,10-14,0.000412,synthetic_seed
CA,2023,white,non-hisp,f,15-19,0.002061,synthetic_seed
CA,2023,white,non-hisp,f,20-24,0.003298,synthetic_seed
CA,2023,white,non-hisp,f,25-29,0.004123,synthetic_seed
CA,2023,white,non-hisp,f,30-34,0.005359,synthetic_seed
CA,2023,white,non-hisp,f,35-39,0.007421,synthetic_seed
CA,2023,white,non-hisp,f,40-44,0.010224,synthetic_seed
CA,2023,white,non-hisp,f,45-49,0.015171,synthetic_seed
CA,2023,white,non-hisp,f,50-54,0.022426,synthetic_seed
CA,2023,white,non-hisp,f,55-59,0.032485,synthetic_seed
CA,2023,white,non-hisp,f,60-64,0.048316,synthetic_seed
CA,2023,white,non-hisp,f,65-69,0.071567,synthetic_seed
CA,2023,white,non-hisp,f,70-74,0.109164,synthetic_seed
CA,2023,white,non-hisp,f,75-79,0.169682,synthetic_seed
CA,2023,white,non-hisp,f,80-84,0.265984,synthetic_seed
CA,2023,white,non-hisp,f,85+,0.458669,synthetic_seed
CA,2023,white,hisp,m,0-4,0.00291,synthetic_seed
CA,2023,white,hisp,m,5-9,0.000582,synthetic_seed
CA,2023,white,hisp,m,10-14,0.000582,synthetic_seed
CA,2023,white,hisp,m,15-19,0.00291,synthetic_seed
CA,2023,white,hisp,m,20-24,0.004656,synthetic_seed
CA,2023,white,hisp,m,25-29,0.00582,synthetic_seed
CA,2023,white,hisp,m,30-34,0.007566,synthetic_seed
CA,2023,white,hisp,m,35-39,0.010476,synthetic_seed
CA,2023,white,hisp,m,40-44,0.014434,synthetic_seed
CA,2023,white,hisp,m,45-49,0.021418,synthetic_seed
CA,2023,white,hisp,m,50-54,0.031661,synthetic_seed
CA,2023,white,hisp,m,55-59,0.045862,synthetic_seed
CA,2023,white,hisp,m,60-64,0.06821,synthetic_seed
CA,2023,white,hisp,m,65-69,0.101035,synthetic_seed
CA,2023,white,hisp,m,70-74,0.154114,synthetic_seed
CA,2023,white,hisp,m,75-79,0.239551,synthetic_seed
CA,2023,white,hisp,m,80-84,0.375506,synthetic_seed
CA,2023,white,hisp,m,85+,0.647533,synthetic_seed
CA,2023,white,hisp,f,0-4,0.002061,synthetic_seed
CA,2023,white,hisp,f,5-9,0.000412,synthetic_seed
CA,2023,white,hisp,f,10-14,0.000412,synthetic_seed
CA,2023,white,hisp,f,15-19,0.002061,synthetic_seed
CA,2023,white,hisp,f,20-24,0.003298,synthetic_seed
CA,2023,white,hisp,f,25-29,0.004123,synthetic_seed
CA,2023,white,hisp,f,30-34,0.005359,synthetic_seed
CA,2023,white,hisp,f,35-39,0.007421,synthetic_seed
CA,2023,white,hisp,f,40-44,0.010224,synthetic_seed
CA,2023,white,hisp,f,45-49,0.015171,synthetic_seed
CA,2023,white,hisp,f,50-54,0.022426,synthetic_seed
CA,2023,white,hisp,f,55-59,0.032485,synthetic_seed
CA,2023,white,hisp,f,60-64,0.048316,synthetic_seed
CA,2023,white,hisp,f,65-69,0.071567,synthetic_seed
CA,2023,white,hisp,f,70-74,0.109164,synthetic_seed
CA,2023,white,hisp,f,75-79,0.169682,synthetic_seed
CA,2023,white,hisp,f,80-84,0.265984,synthetic_seed
CA,2023,white,hisp,f,85+,0.458669,synthetic_seed
CA,2023,black,non-hisp,m,0-4,0.003201,synthetic_seed
CA,2023,black,non-hisp,m,5-9,0.00064,synthetic_seed
CA,2023,black,non-hisp,m,10-14,0.00064,synthetic_seed
CA,2023,black,non-hisp,m,15-19,0.003201,synthetic_seed
CA,2023,black,non-hisp,m,20-24,0.005122,synthetic_seed
CA,2023,black,non-hisp,m,25-29,0.006402,synthetic_seed
CA,2023,black,non-hisp,m,30-34,0.008323,synthetic_seed
CA,2023,black,non-hisp,m,35-39,0.011524,synthetic_seed
CA,2023,black,non-hisp,m,40-44,0.015877,synthetic_seed
CA,2023,black,non-hisp,m,45-49,0.023559,synthetic_seed
CA,2023,black,non-hisp,m,50-54,0.034827,synthetic_seed
CA,2023,black,non-hisp,m,55-59,0.050448,synthetic_seed
CA,2023,black,non-hisp,m,60-64,0.075031,synthetic_seed
CA,2023,black,non-hisp,m,65-69,0.111139,synthetic_seed
CA,2023,black,non-hisp,m,70-74,0.169525,synthetic_seed
CA,2023,black,non-hisp,m,75-79,0.263506,synthetic_seed
CA,2023,black,non-hisp,m,80-84,0.413057,synthetic_seed
CA,2023,black,non-hisp,m,85+,0.712287,synthetic_seed
CA,2023,black,non-hisp,f,0-4,0.002267,synthetic_seed
CA,2023,black,non-hisp,f,5-9,0.000453,synthetic_seed
CA,2023,black,non-hisp,f,10-14,0.000453,synthetic_seed
CA,2023,black,non-hisp,f,15-19,0.002267,synthetic_seed
CA,2023,black,non-hisp,f,20-24,0.003628,synthetic_seed
CA,2023,black,non-hisp,f,25-29,0.004535,synthetic_seed
CA,2023,black,non-hisp,f,30-34,0.005895,synthetic_seed
CA,2023,black,non-hisp,f,35-39,0.008163,synthetic_seed
CA,2023,black,non-hisp,f,40-44,0.011246,synthetic_seed
CA,2023,black,non-hisp,f,45-49,0.016688,synthetic_seed
CA,2023,black,non-hisp,f,50-54,0.024669,synthetic_seed
CA,2023,black,non-hisp,f,55-59,0.035734,synthetic_seed
CA,2023,black,non-hisp,f,60-64,0.053147,synthetic_seed
CA,2023,black,non-hisp,f,65-69,0.078723,synthetic_seed
CA,2023,black,non-hisp,f,70-74,0.12008,synthetic_seed
CA,2023,black,non-hisp,f,75-79,0.18665,synthetic_seed
CA,2023,black,non-hisp,f,80-84,0.292582,synthetic_seed
CA,2023,black,non-hisp,f,85+,0.504536,synthetic_seed
CA,2023,black,hisp,m,0-4,0.003201,synthetic_seed
CA,2023,black,hisp,m,5-9,0.00064,synthetic_seed
CA,2023,black,hisp,m,10-14,0.00064,synthetic_seed
CA,2023,black,hisp,m,15-19,0.003201,synthetic_seed
CA,2023,black,hisp,m,20-24,0.005122,synthetic_seed
CA,2023,black,hisp,m,25-29,0.006402,synthetic_seed
CA,2023,black,hisp,m,30-34,0.008323,synthetic_seed
CA,2023,black,hisp,m,35-39,0.011524,synthetic_seed
CA,2023,black,hisp,m,40-44,0.015877,synthetic_seed
CA,2023,black,hisp,m,45-49,0.023559,synthetic_seed
CA,2023,black,hisp,m,50-54,0.034827,synthetic_seed
CA,2023,black,hisp,m,55-59,0.050448,synthetic_seed
CA,2023,black,hisp,m,60-64,0.075031,synthetic_seed
CA,2023,black,hisp,m,65-69,0.111139,synthetic_seed
CA,2023,black,hisp,m,70-74,0.169525,synthetic_seed
CA,2023,black,hisp,m,75-79,0.263506,synthetic_seed
CA,2023,black,hisp,m,80-84,0.413057,synthetic_seed
CA,2023,black,hisp,m,85+,0.712287,synthetic_seed
CA,2023,black,hisp,f,0-4,0.002267,synthetic_seed
CA,2023,black,hisp,f,5-9,0.000453,synthetic_seed
CA,2023,black,hisp,f,10-14,0.000453,synthetic_seed
CA,2023,black,hisp,f,15-19,0.002267,synthetic_seed
CA,2023,black,hisp,f,20-24,0.003628,synthetic_seed
CA,2023,black,hisp,f,25-29,0.004535,synthetic_seed
CA,2023,black,hisp,f,30-34,0.005895,synthetic_seed
CA,2023,black,hisp,f,35-39,0.008163,synthetic_seed
CA,2023,black,hisp,f,40-44,0.011246,synthetic_seed
CA,2023,black,hisp,f,45-49,0.016688,synthetic_seed
CA,2023,black,hisp,f,50-54,0.024669,synthetic_seed
CA,2023,black,hisp,f,55-59,0.035734,synthetic_seed
CA,2023,black,hisp,f,60-64,0.053147,synthetic_seed
CA,2023,black,hisp,f,65-69,0.078723,synthetic_seed
CA,2023,black,hisp,f,70-74,0.12008,synthetic_seed
CA,2023,black,hisp,f,75-79,0.18665,synthetic_seed
CA,2023,black,hisp,f,80-84,0.292582,synthetic_seed
CA,2023,black,hisp,f,85+,0.504536,synthetic_seed
CA,2023,asian,non-hisp,m,0-4,0.002764,synthetic_seed
CA,2023,asian,non-hisp,m,5-9,0.000553,synthetic_seed
CA,2023,asian,non-hisp,m,10-14,0.000553,synthetic_seed
CA,2023,asian,non-hisp,m,15-19,0.002764,synthetic_seed
CA,2023,asian,non-hisp,m,20-24,0.004423,synthetic_seed
CA,2023,asian,non-hisp,m,25-29,0.005529,synthetic_seed
CA,2023,asian,non-hisp,m,30-34,0.007188,synthetic_seed
CA,2023,asian,non-hisp,m,35-39,0.009952,synthetic_seed
CA,2023,asian,non-hisp,m,40-44,0.013712,synthetic_seed
CA,2023,asian,non-hisp,m,45-49,0.020347,synthetic_seed
CA,2023,asian,non-hisp,m,50-54,0.030078,synthetic_seed
CA,2023,asian,non-hisp,m,55-59,0.043569,synthetic_seed
CA,2023,asian,non-hisp,m,60-64,0.0648,synthetic_seed
CA,2023,asian,non-hisp,m,65-69,0.095983,synthetic_seed
CA,2023,asian,non-hisp,m,70-74,0.146408,synthetic_seed
CA,2023,asian,non-hisp,m,75-79,0.227574,synthetic_seed
CA,2023,asian,non-hisp,m,80-84,0.356731,synthetic_seed
CA,2023,asian,non-hisp,m,85+,0.615157,synthetic_seed
CA,2023,asian,non-hisp,f,0-4,0.001958,synthetic_seed
CA,2023,asian,non-hisp,f,5-9,0.000392,synthetic_seed
CA,2023,asian,non-hisp,f,10-14,0.000392,synthetic_seed
CA,2023,asian,non-hisp,f,15-19,0.001958,synthetic_seed
CA,2023,asian,non-hisp,f,20-24,0.003133,synthetic_seed
CA,2023,asian,non-hisp,f,25-29,0.003916,synthetic_seed
CA,2023,asian,non-hisp,f,30-34,0.005091,synthetic_seed
CA,2023,asian,non-hisp,f,35-39,0.007049,synthetic_seed
CA,2023,asian,non-hisp,f,40-44,0.009713,synthetic_seed
CA,2023,asian,non-hisp,f,45-49,0.014412,synthetic_seed
CA,2023,asian,non-hisp,f,50-54,0.021305,synthetic_seed
CA,2023,asian,non-hisp,f,55-59,0.030861,synthetic_seed
CA,2023,asian,non-hisp,f,60-64,0.0459,synthetic_seed
CA,2023,asian,non-hisp,f,65-69,0.067988,synthetic_seed
CA,2023,asian,non-hisp,f,70-74,0.103706,synthetic_seed
CA,2023,asian,non-hisp,f,75-79,0.161198,synthetic_seed
CA,2023,asian,non-hisp,f,80-84,0.252685,synthetic_seed
CA,2023,asian,non-hisp,f,85+,0.435736,synthetic_seed
CA,2023,asian,hisp,m,0-4,0.002764,synthetic_seed
CA,2023,asian,hisp,m,5-9,0.000553,synthetic_seed
CA,2023,asian,hisp,m,10-14,0.000553,synthetic_seed
CA,2023,asian,hisp,m,15-19,0.002764,synthetic_seed
CA,2023,asian,hisp,m,20-24,0.004423,synthetic_seed
CA,2023,asian,hisp,m,25-29,0.005529,synthetic_seed
CA,2023,asian,hisp,m,30-34,0.007188,synthetic_seed
CA,2023,asian,hisp,m,35-39,0.009952,synthetic_seed
CA,2023,asian,hisp,m,40-44,0.013712,synthetic_seed
CA,2023,asian,hisp,m,45-49,0.020347,synthetic_seed
CA,2023,asian,hisp,m,50-54,0.030078,synthetic_seed
CA,2023,asian,hisp,m,55-59,0.043569,synthetic_seed
CA,2023,asian,hisp,m,60-64,0.0648,synthetic_seed
CA,2023,asian,hisp,m,65-69,0.095983,synthetic_seed
CA,2023,asian,hisp,m,70-74,0.146408,synthetic_seed
CA,2023,asian,hisp,m,75-79,0.227574,synthetic_seed
CA,2023,asian,hisp,m,80-84,0.356731,synthetic_seed
CA,2023,asian,hisp,m,85+,0.615157,synthetic_seed
CA,2023,asian,hisp,f,0-4,0.001958,synthetic_seed
CA,2023,asian,hisp,f,5-9,0.000392,synthetic_seed
CA,2023,asian,hisp,f,10-14,0.000392,synthetic_seed
CA,2023,asian,hisp,f,15-19,0.001958,synthetic_seed
CA,2023,asian,hisp,f,20-24,0.003133,synthetic_seed
CA,2023,asian,hisp,f,25-29,0.003916,synthetic_seed
CA,2023,asian,hisp,f,30-34,0.005091,synthetic_seed
CA,2023,asian,hisp,f,35-39,0.007049,synthetic_seed
CA,2023,asian,hisp,f,40-44,0.009713,synthetic_seed
CA,2023,asian,hisp,f,45-49,0.014412,synthetic_seed
CA,2023,asian,hisp,f,50-54,0.021305,synthetic_seed
CA,2023,asian,hisp,f,55-59,0.030861,synthetic_seed
CA,2023,asian,hisp,f,60-64,0.0459,synthetic_seed
CA,2023,asian,hisp,f,65-69,0.067988,synthetic_seed
CA,2023,asian,hisp,f,70-74,0.103706,synthetic_seed
CA,2023,asian,hisp,f,75-79,0.161198,synthetic_seed
CA,2023,asian,hisp,f,80-84,0.252685,synthetic_seed
CA,2023,asian,hisp,f,85+,0.435736,synthetic_seed
CA,2023,other,non-hisp,m,0-4,0.00291,synthetic_seed
CA,2023,other,non-hisp,m,5-9,0.000582,synthetic_seed
CA,2023,other,non-hisp,m,10-14,0.000582,synthetic_seed
CA,2023,other,non-hisp,m,15-19,0.00291,synthetic_seed
CA,2023,other,non-hisp,m,20-24,0.004656,synthetic_seed
CA,2023,other,non-hisp,m,25-29,0.00582,synthetic_seed
CA,2023,other,non-hisp,m,30-34,0.007566,synthetic_seed
CA,2023,other,non-hisp,m,35-39,0.010476,synthetic_seed
CA,2023,other,non-hisp,m,40-44,0.014434,synthetic_seed
CA,2023,other,non-hisp,m,45-49,0.021418,synthetic_seed
CA,2023,other,non-hisp,m,50-54,0.031661,synthetic_seed
CA,2023,other,non-hisp,m,55-59,0.045862,synthetic_seed
CA,2023,other,non-hisp,m,60-64,0.06821,synthetic_seed
CA,2023,other,non-hisp,m,65-69,0.101035,synthetic_seed
CA,2023,other,non-hisp,m,70-74,0.154114,synthetic_seed
CA,2023,other,non-hisp,m,75-79,0.239551,synthetic_seed
CA,2023,other,non-hisp,m,80-84,0.375506,synthetic_seed
CA,2023,other,non-hisp,m,85+,0.647533,synthetic_seed
CA,2023,other,non-hisp,f,0-4,0.002061,synthetic_seed
CA,2023,other,non-hisp,f,5-9,0.000412,synthetic_seed
CA,2023,other,non-hisp,f,10-14,0.000412,synthetic_seed
CA,2023,other,non-hisp,f,15-19,0.002061,synthetic_seed
CA,2023,other,non-hisp,f,20-24,0.003298,synthetic_seed
CA,2023,other,non-hisp,f,25-29,0.004123,synthetic_seed
CA,2023,other,non-hisp,f,30-34,0.005359,synthetic_seed
CA,2023,other,non-hisp,f,35-39,0.007421,synthetic_seed
CA,2023,other,non-hisp,f,40-44,0.010224,synthetic_seed
CA,2023,other,non-hisp,f,45-49,0.015171,synthetic_seed
CA,2023,other,non-hisp,f,50-54,0.022426,synthetic_seed
CA,2023,other,non-hisp,f,55-59,0.032485,synthetic_seed
CA,2023,other,non-hisp,f,60-64,0.048316,synthetic_seed
CA,2023,other,non-hisp,f,65-69,0.071567,synthetic_seed
CA,2023,other,non-hisp,f,70-74,0.109164,synthetic_seed
CA,2023,other,non-hisp,f,75-79,0.169682,synthetic_seed
CA,2023,other,non-hisp,f,80-84,0.265984,synthetic_seed
CA,2023,other,non-hisp,f,85+,0.458669,synthetic_seed
CA,2023,other,hisp,m,0-4,0.00291,synthetic_seed
CA,2023,other,hisp,m,5-9,0.000582,synthetic_seed
CA,2023,other,hisp,m,10-14,0.000582,synthetic_seed
CA,2023,other,hisp,m,15-19,0.00291,synthetic_seed
CA,2023,other,hisp,m,20-24,0.004656,synthetic_seed
CA,2023,other,hisp,m,25-29,0.00582,synthetic_seed
CA,2023,other,hisp,m,30-34,0.007566,synthetic_seed
CA,2023,other,hisp,m,35-39,0.010476,synthetic_seed
CA,2023,other,hisp,m,40-44,0.014434,synthetic_seed
CA,2023,other,hisp,m,45-49,0.021418,synthetic_seed
CA,2023,other,hisp,m,50-54,0.031661,synthetic_seed
CA,2023,other,hisp,m,55-59,0.045862,synthetic_seed
CA,2023,other,hisp,m,60-64,0.06821,synthetic_seed
CA,2023,other,hisp,m,65-69,0.101035,synthetic_seed
CA,2023,other,hisp,m,70-74,0.154114,synthetic_seed
CA,2023,other,hisp,m,75-79,0.239551,synthetic_seed
CA,2023,other,hisp,m,80-84,0.375506,synthetic_seed
CA,2023,other,hisp,m,85+,0.647533,synthetic_seed
CA,2023,other,hisp,f,0-4,0.002061,synthetic_seed
CA,2023,other,hisp,f,5-9,0.000412,synthetic_seed
CA,2023,other,hisp,f,10-14,0.000412,synthetic_seed
CA,2023,other,hisp,f,15-19,0.002061,synthetic_seed
CA,2023,other,hisp,f,20-24,0.003298,synthetic_seed
CA,2023,other,hisp,f,25-29,0.004123,synthetic_seed
CA,2023,other,hisp,f,30-34,0.005359,synthetic_seed
CA,2023,other,hisp,f,35-39,0.007421,synthetic_seed
CA,2023,other,hisp,f,40-44,0.010224,synthetic_seed
CA,2023,other,hisp,f,45-49,0.015171,synthetic_seed
CA,2023,other,hisp,f,50-54,0.022426,synthetic_seed
CA,2023,other,hisp,f,55-59,0.032485,synthetic_seed
CA,2023,other,hisp,f,60-64,0.048316,synthetic_seed
CA,2023,other,hisp,f,65-69,0.071567,synthetic_seed
CA,2023,other,hisp,f,70-74,0.109164,synthetic_seed
CA,2023,other,hisp,f,75-79,0.169682,synthetic_seed
CA,2023,other,hisp,f,80-84,0.265984,synthetic_seed
CA,2023,other,hisp,f,85+,0.458669,synthetic_seed
CO,2023,white,non-hisp,m,0-4,0.00291,synthetic_seed
CO,2023,white,non-hisp,m,5-9,0.000582,synthetic_seed
CO,2023,white,non-hisp,m,10-14,0.000582,synthetic_seed
CO,2023,white,non-hisp,m,15-19,0.00291,synthetic_seed
CO,2023,white,non-hisp,m,20-24,0.004656,synthetic_seed
CO,2023,white,non-hisp,m,25-29,0.00582,synthetic_seed
CO,2023,white,non-hisp,m,30-34,0.007566,synthetic_seed
CO,2023,white,non-hisp,m,35-39,0.010476,synthetic_seed
CO,2023,white,non-hisp,m,40-44,0.014434,synthetic_seed
CO,2023,white,non-hisp,m,45-49,0.021418,synthetic_seed
CO,2023,white,non-hisp,m,50-54,0.031661,synthetic_seed
CO,2023,white,non-hisp,m,55-59,0.045862,synthetic_seed
CO,2023,white,non-hisp,m,60-64,0.06821,synthetic_seed
CO,2023,white,non-hisp,m,65-69,0.101035,synthetic_seed
CO,2023,white,non-hisp,m,70-74,0.154114,synthetic_seed
CO,2023,white,non-hisp,m,75-79,0.239551,synthetic_seed
CO,2023,white,non-hisp,m,80-84,0.375506,synthetic_seed
CO,2023,white,non-hisp,m,85+,0.647533,synthetic_seed
CO,2023,white,non-hisp,f,0-4,0.002061,synthetic_seed
CO,2023,white,non-hisp,f,5-9,0.000412,synthetic_seed
CO,2023,white,non-hisp,f,10-14,0.000412,synthetic_seed
CO,2023,white,non-hisp,f,15-19,0.002061,synthetic_seed
CO,2023,white,non-hisp,f,20-24,0.003298,synthetic_seed
CO,2023,white,non-hisp,f,25-29,0.004123,synthetic_seed
CO,2023,white,non-hisp,f,30-34,0.005359,synthetic_seed
CO,2023,white,non-hisp,f,35-39,0.007421,synthetic_seed
CO,2023,white,non-hisp,f,40-44,0.010224,synthetic_seed
CO,2023,white,non-hisp,f,45-49,0.015171,synthetic_seed
CO,2023,white,non-hisp,f,50-54,0.022426,synthetic_seed
CO,2023,white,non-hisp,f,55-59,0.032485,synthetic_seed
CO,2023,white,non-hisp,f,60-64,0.048316,synthetic_seed
CO,2023,white,non-hisp,f,65-69,0.071567,synthetic_seed
CO,2023,white,non-hisp,f,70-74,0.109164,synthetic_seed
CO,2023,white,non-hisp,f,75-79,0.169682,synthetic_seed
CO,2023,white,non-hisp,f,80-84,0.265984,synthetic_seed
CO,2023,white,non-hisp,f,85+,0.458669,synthetic_seed
CO,2023,white,hisp,m,0-4,0.00291,synthetic_seed
CO,2023,white,hisp,m,5-9,0.000582,synthetic_seed
CO,2023,white,hisp,m,10-14,0.000582,synthetic_seed
CO,2023,white,hisp,m,15-19,0.00291,synthetic_seed
CO,2023,white,hisp,m,20-24,0.004656,synthetic_seed
CO,2023,white,hisp,m,25-29,0.00582,synthetic_seed
CO,2023,white,hisp,m,30-34,0.007566,synthetic_seed
CO,2023,white,hisp,m,35-39,0.010476,synthetic_seed
CO,2023,white,hisp,m,40-44,0.014434,synthetic_seed
CO,2023,white,hisp,m,45-49,0.021418,synthetic_seed
CO,2023,white,hisp,m,50-54,0.031661,synthetic_seed
CO,2023,white,hisp,m,55-59,0.045862,synthetic_seed
CO,2023,white,hisp,m,60-64,0.06821,synthetic_seed
CO,2023,white,hisp,m,65-69,0.101035,synthetic_seed
CO,2023,white,hisp,m,70-74,0.154114,synthetic_seed
CO,2023,white,hisp,m,75-79,0.239551,synthetic_seed
CO,2023,white,hisp,m,80-84,0.375506,synthetic_seed
CO,2023,white,hisp,m,85+,0.647533,synthetic_seed
CO,2023,white,hisp,f,0-4,0.002061,synthetic_seed
CO,2023,white,hisp,f,5-9,0.000412,synthetic_seed
CO,2023,white,hisp,f,10-14,0.000412,synthetic_seed
CO,2023,white,hisp,f,15-19,0.002061,synthetic_seed
CO,2023,white,hisp,f,20-24,0.003298,synthetic_seed
CO,2023,white,hisp,f,25-29,0.004123,synthetic_seed
CO,2023,white,hisp,f,30-34,0.005359,synthetic_seed
CO,2023,white,hisp,f,35-39,0.007421,synthetic_seed
CO,2023,white,hisp,f,40-44,0.010224,synthetic_seed
CO,2023,white,hisp,f,45-49,0.015171,synthetic_seed
CO,2023,white,hisp,f,50-54,0.022426,synthetic_seed
CO,2023,white,hisp,f,55-59,0.032485,synthetic_seed
CO,2023,white,hisp,f,60-64,0.048316,synthetic_seed
CO,2023,white,hisp,f,65-69,0.071567,synthetic_seed
CO,2023,white,hisp,f,70-74,0.109164,synthetic_seed
CO,2023,white,hisp,f,75-79,0.169682,synthetic_seed
CO,2023,white,hisp,f,80-84,0.265984,synthetic_seed
CO,2023,white,hisp,f,85+,0.458669,synthetic_seed
CO,2023,black,non-hisp,m,0-4,0.003201,synthetic_seed
CO,2023,black,non-hisp,m,5-9,0.00064,synthetic_seed
CO,2023,black,non-hisp,m,10-14,0.00064,synthetic_seed
CO,2023,black,non-hisp,m,15-19,0.003201,synthetic_seed
CO,2023,black,non-hisp,m,20-24,0.005122,synthetic_seed
CO,2023,black,non-hisp,m,25-29,0.006402,synthetic_seed
CO,2023,black,non-hisp,m,30-34,0.008323,synthetic_seed
CO,2023,black,non-hisp,m,35-39,0.011524,synthetic_seed
CO,2023,black,non-hisp,m,40-44,0.015877,synthetic_seed
CO,2023,black,non-hisp,m,45-49,0.023559,synthetic_seed
CO,2023,black,non-hisp,m,50-54,0.034827,synthetic_seed
CO,2023,black,non-hisp,m,55-59,0.050448,synthetic_seed
CO,2023,black,non-hisp,m,60-64,0.075031,synthetic_seed
CO,2023,black,non-hisp,m,65-69,0.111139,synthetic_seed
CO,2023,black,non-hisp,m,70-74,0.169525,synthetic_seed
CO,2023,black,non-hisp,m,75-79,0.263506,synthetic_seed
CO,2023,black,non-hisp,m,80-84,0.413057,synthetic_seed
CO,2023,black,non-hisp,m,85+,0.712287,synthetic_seed
CO,2023,black,non-hisp,f,0-4,0.002267,synthetic_seed
CO,2023,black,non-hisp,f,5-9,0.000453,synthetic_seed
CO,2023,black,non-hisp,f,10-14,0.000453,synthetic_seed
CO,2023,black,non-hisp,f,15-19,0.002267,synthetic_seed
CO,2023,black,non-hisp,f,20-24,0.003628,synthetic_seed
CO,2023,black,non-hisp,f,25-29,0.004535,synthetic_seed
CO,2023,black,non-hisp,f,30-34,0.005895,synthetic_seed
CO,2023,black,non-hisp,f,35-39,0.008163,synthetic_seed
CO,2023,black,non-hisp,f,40-44,0.011246,synthetic_seed
CO,2023,black,non-hisp,f,45-49,0.016688,synthetic_seed
CO,2023,black,non-hisp,f,50-54,0.024669,synthetic_seed
CO,2023,black,non-hisp,f,55-59,0.035734,synthetic_seed
CO,2023,black,non-hisp,f,60-64,0.053147,synthetic_seed
CO,2023,black,non-hisp,f,65-69,0.078723,synthetic_seed
CO,2023,black,non-hisp,f,70-74,0.12008,synthetic_seed
CO,2023,black,non-hisp,f,75-79,0.18665,synthetic_seed
CO,2023,black,non-hisp,f,80-84,0.292582,synthetic_seed
CO,2023,black,non-hisp,f,85+,0.504536,synthetic_seed
CO,2023,black,hisp,m,0-4,0.003201,synthetic_seed
CO,2023,black,hisp,m,5-9,0.00064,synthetic_seed
CO,2023,black,hisp,m,10-14,0.00064,synthetic_seed
CO,2023,black,hisp,m,15-19,0.003201,synthetic_seed
CO,2023,black,hisp,m,20-24,0.005122,synthetic_seed
CO,2023,black,hisp,m,25-29,0.006402,synthetic_seed
CO,2023,black,hisp,m,30-34,0.008323,synthetic_seed
CO,2023,black,hisp,m,35-39,0.011524,synthetic_seed
CO,2023,black,hisp,m,40-44,0.015877,synthetic_seed
CO,2023,black,hisp,m,45-49,0.023559,synthetic_seed
CO,2023,black,hisp,m,50-54,0.034827,synthetic_seed
CO,2023,black,hisp,m,55-59,0.050448,synthetic_seed
CO,2023,black,hisp,m,60-64,0.075031,synthetic_seed
CO,2023,black,hisp,m,65-69,0.111139,synthetic_seed
CO,2023,black,hisp,m,70-74,0.169525,synthetic_seed
CO,2023,black,hisp,m,75-79,0.263506,synthetic_seed
CO,2023,black,hisp,m,80-84,0.413057,synthetic_seed
CO,2023,black,hisp,m,85+,0.712287,synthetic_seed
CO,2023,black,hisp,f,0-4,0.002267,synthetic_seed
CO,2023,black,hisp,f,5-9,0.000453,synthetic_seed
CO,2023,black,hisp,f,10-14,0.000453,synthetic_seed
CO,2023,black,hisp,f,15-19,0.002267,synthetic_seed
CO,2023,black,hisp,f,20-24,0.003628,synthetic_seed
CO,2023,black,hisp,f,25-29,0.004535,synthetic_seed
CO,2023,black,hisp,f,30-34,0.005895,synthetic_seed
CO,2023,black,hisp,f,35-39,0.008163,synthetic_seed
CO,2023,black,hisp,f,40-44,0.011246,synthetic_seed
CO,2023,black,hisp,f,45-49,0.016688,synthetic_seed
CO,2023,black,hisp,f,50-54,0.024669,synthetic_seed
CO,2023,black,hisp,f,55-59,0.035734,synthetic_seed
CO,2023,black,hisp,f,60-64,0.053147,synthetic_seed
CO,2023,black,hisp,f,65-69,0.078723,synthetic_seed
CO,2023,black,hisp,f,70-74,0.12008,synthetic_seed
CO,2023,black,hisp,f,75-79,0.18665,synthetic_seed
CO,2023,black,hisp,f,80-84,0.292582,synthetic_seed
CO,2023,black,hisp,f,85+,0.504536,synthetic_seed
CO,2023,asian,non-hisp,m,0-4,0.002764,synthetic_seed
CO,2023,asian,non-hisp,m,5-9,0.000553,synthetic_seed
CO,2023,asian,non-hisp,m,10-14,0.000553,synthetic_seed
CO,2023,asian,non-hisp,m,15-19,0.002764,synthetic_seed
CO,2023,asian,non-hisp,m,20-24,0.004423,synthetic_seed
CO,2023,asian,non-hisp,m,25-29,0.005529,synthetic_seed
CO,2023,asian,non-hisp,m,30-34,0.007188,synthetic_seed
CO,2023,asian,non-hisp,m,35-39,0.009952,synthetic_seed
CO,2023,asian,non-hisp,m,40-44,0.013712,synthetic_seed
CO,2023,asian,non-hisp,m,45-49,0.020347,synthetic_seed
CO,2023,asian,non-hisp,m,50-54,0.030078,synthetic_seed
CO,2023,asian,non-hisp,m,55-59,0.043569,synthetic_seed
CO,2023,asian,non-hisp,m,60-64,0.0648,synthetic_seed
CO,2023,asian,non-hisp,m,65-69,0.095983,synthetic_seed
CO,2023,asian,non-hisp,m,70-74,0.146408,synthetic_seed
CO,2023,asian,non-hisp,m,75-79,0.227574,synthetic_seed
CO,2023,asian,non-hisp,m,80-84,0.356731,synthetic_seed
CO,2023,asian,non-hisp,m,85+,0.615157,synthetic_seed
CO,2023,asian,non-hisp,f,0-4,0.001958,synthetic_seed
CO,2023,asian,non-hisp,f,5-9,0.000392,synthetic_seed
CO,2023,asian,non-hisp,f,10-14,0.000392,synthetic_seed
CO,2023,asian,non-hisp,f,15-19,0.001958,synthetic_seed
CO,2023,asian,non-hisp,f,20-24,0.003133,synthetic_seed
CO,2023,asian,non-hisp,f,25-29,0.003916,synthetic_seed
CO,2023,asian,non-hisp,f,30-34,0.005091,synthetic_seed
CO,2023,asian,non-hisp,f,35-39,0.007049,synthetic_seed
CO,2023,asian,non-hisp,f,40-44,0.009713,synthetic_seed
CO,2023,asian,non-hisp,f,45-49,0.014412,synthetic_seed
CO,2023,asian,non-hisp,f,50-54,0.021305,synthetic_seed
CO,2023,asian,non-hisp,f,55-59,0.030861,synthetic_seed
CO,2023,asian,non-hisp,f,60-64,0.0459,synthetic_seed
CO,2023,asian,non-hisp,f,65-69,0.067988,synthetic_seed
CO,2023,asian,non-hisp,f,70-74,0.103706,synthetic_seed
CO,2023,asian,non-hisp,f,75-79,0.161198,synthetic_seed
CO,2023,asian,non-hisp,f,80-84,0.252685,synthetic_seed
CO,2023,asian,non-hisp,f,85+,0.435736,synthetic_seed
CO,2023,asian,hisp,m,0-4,0.002764,synthetic_seed
CO,2023,asian,hisp,m,5-9,0.000553,synthetic_seed
CO,2023,asian,hisp,m,10-14,0.000553,synthetic_seed
CO,2023,asian,hisp,m,15-19,0.002764,synthetic_seed
CO,2023,asian,hisp,m,20-24,0.004423,synthetic_seed
CO,2023,asian,hisp,m,25-29,0.005529,synthetic_seed
CO,2023,asian,hisp,m,30-34,0.007188,synthetic_seed
CO,2023,asian,hisp,m,35-39,0.009952,synthetic_seed
CO,2023,asian,hisp,m,40-44,0.013712,synthetic_seed
CO,2023,asian,hisp,m,45-49,0.020347,synthetic_seed
CO,2023,asian,hisp,m,50-54,0.030078,synthetic_seed
CO,2023,asian,hisp,m,55-59,0.043569,synthetic_seed
CO,2023,asian,hisp,m,60-64,0.0648,synthetic_seed
CO,2023,asian,hisp,m,65-69,0.095983,synthetic_seed
CO,2023,asian,hisp,m,70-74,0.146408,synthetic_seed
CO,2023,asian,hisp,m,75-79,0.227574,synthetic_seed
CO,2023,asian,hisp,m,80-84,0.356731,synthetic_seed
CO,2023,asian,hisp,m,85+,0.615157,synthetic_seed
CO,2023,asian,hisp,f,0-4,0.001958,synthetic_seed
CO,2023,asian,hisp,f,5-9,0.000392,synthetic_seed
CO,2023,asian,hisp,f,10-14,0.000392,synthetic_seed
CO,2023,asian,hisp,f,15-19,0.001958,synthetic_seed
CO,2023,asian,hisp,f,20-24,0.003133,synthetic_seed
CO,2023,asian,hisp,f,25-29,0.003916,synthetic_seed
CO,2023,asian,hisp,f,30-34,0.005091,synthetic_seed
CO,2023,asian,hisp,f,35-39,0.007049,synthetic_seed
CO,2023,asian,hisp,f,40-44,0.009713,synthetic_seed
CO,2023,asian,hisp,f,45-49,0.014412,synthetic_seed
CO,2023,asian,hisp,f,50-54,0.021305,synthetic_seed
CO,2023,asian,hisp,f,55-59,0.030861,synthetic_seed
CO,2023,asian,hisp,f,60-64,0.0459,synthetic_seed
CO,2023,asian,hisp,f,65-69,0.067988,synthetic_seed
CO,2023,asian,hisp,f,70-74,0.103706,synthetic_seed
CO,2023,asian,hisp,f,75-79,0.161198,synthetic_seed
CO,2023,asian,hisp,f,80-84,0.252685,synthetic_seed
CO,2023,asian,hisp,f,85+,0.435736,synthetic_seed
CO,2023,other,non-hisp,m,0-4,0.00291,synthetic_seed
CO,2023,other,non-hisp,m,5-9,0.000582,synthetic_seed
CO,2023,other,non-hisp,m,10-14,0.000582,synthetic_seed
CO,2023,other,non-hisp,m,15-19,0.00291,synthetic_seed
CO,2023,other,non-hisp,m,20-24,0.004656,synthetic_seed
CO,2023,other,non-hisp,m,25-29,0.00582,synthetic_seed
CO,2023,other,non-hisp,m,30-34,0.007566,synthetic_seed
CO,2023,other,non-hisp,m,35-39,0.010476,synthetic_seed
CO,2023,other,non-hisp,m,40-44,0.014434,synthetic_seed
CO,2023,other,non-hisp,m,45-49,0.021418,synthetic_seed
CO,2023,other,non-hisp,m,50-54,0.031661,synthetic_seed
CO,2023,other,non-hisp,m,55-59,0.045862,synthetic_seed
CO,2023,other,non-hisp,m,60-64,0.06821,synthetic_seed
CO,2023,other,non-hisp,m,65-69,0.101035,synthetic_seed
CO,2023,other,non-hisp,m,70-74,0.154114,synthetic_seed
CO,2023,other,non-hisp,m,75-79,0.239551,synthetic_seed
CO,2023,other,non-hisp,m,80-84,0.375506,synthetic_seed
CO,2023,other,non-hisp,m,85+,0.647533,synthetic_seed
CO,2023,other,non-hisp,f,0-4,0.002061,synthetic_seed
CO,2023,other,non-hisp,f,5-9,0.000412,synthetic_seed
CO,2023,other,non-hisp,f,10-14,0.000412,synthetic_seed
CO,2023,other,non-hisp,f,15-19,0.002061,synthetic_seed
CO,2023,other,non-hisp,f,20-24,0.003298,synthetic_seed
CO,2023,other,non-hisp,f,25-29,0.004123,synthetic_seed
CO,2023,other,non-hisp,f,30-34,0.005359,synthetic_seed
CO,2023,other,non-hisp,f,35-39,0.007421,synthetic_seed
CO,2023,other,non-hisp,f,40-44,0.010224,synthetic_seed
CO,2023,other,non-hisp,f,45-49,0.015171,synthetic_seed
CO,2023,other,non-hisp,f,50-54,0.022426,synthetic_seed
CO,2023,other,non-hisp,f,55-59,0.032485,synthetic_seed
CO,2023,other,non-hisp,f,60-64,0.048316,synthetic_seed
CO,2023,other,non-hisp,f,65-69,0.071567,synthetic_seed
CO,2023,other,non-hisp,f,70-74,0.109164,synthetic_seed
CO,2023,other,non-hisp,f,75-79,0.169682,synthetic_seed
CO,2023,other,non-hisp,f,80-84,0.265984,synthetic_seed
CO,2023,other,non-hisp,f,85+,0.458669,synthetic_seed
CO,2023,other,hisp,m,0-4,0.00291,synthetic_seed
CO,2023,other,hisp,m,5-9,0.000582,synthetic_seed
CO,2023,other,hisp,m,10-14,0.000582,synthetic_seed
CO,2023,other,hisp,m,15-19,0.00291,synthetic_seed
CO,2023,other,hisp,m,20-24,0.004656,synthetic_seed
CO,2023,other,hisp,m,25-29,0.00582,synthetic_seed
CO,2023,other,hisp,m,30-34,0.007566,synthetic_seed
CO,2023,other,hisp,m,35-39,0.010476,synthetic_seed
CO,2023,other,hisp,m,40-44,0.014434,synthetic_seed
CO,2023,other,hisp,m,45-49,0.021418,synthetic_seed
CO,2023,other,hisp,m,50-54,0.031661,synthetic_seed
CO,2023,other,hisp,m,55-59,0.045862,synthetic_seed
CO,2023,other,hisp,m,60-64,0.06821,synthetic_seed
CO,2023,other,hisp,m,65-69,0.101035,synthetic_seed
CO,2023,other,hisp,m,70-74,0.154114,synthetic_seed
CO,2023,other,hisp,m,75-79,0.239551,synthetic_seed
CO,2023,other,hisp,m,80-84,0.375506,synthetic_seed
CO,2023,other,hisp,m,85+,0.647533,synthetic_seed
CO,2023,other,hisp,f,0-4,0.002061,synthetic_seed
CO,2023,other,hisp,f,5-9,0.000412,synthetic_seed
CO,2023,other,hisp,f,10-14,0.000412,synthetic_seed
CO,2023,other,hisp,f,15-19,0.002061,synthetic_seed
CO,2023,other,hisp,f,20-24,0.003298,synthetic_seed
CO,2023,other,hisp,f,25-29,0.004123,synthetic_seed
CO,2023,other,hisp,f,30-34,0.005359,synthetic_seed
CO,2023,other,hisp,f,35-39,0.007421,synthetic_seed
CO,2023,other,hisp,f,40-44,0.010224,synthetic_seed
CO,2023,other,hisp,f,45-49,0.015171,synthetic_seed
CO,2023,other,hisp,f,50-54,0.022426,synthetic_seed
CO,2023,other,hisp,f,55-59,0.032485,synthetic_seed
CO,2023,other,hisp,f,60-64,0.048316,synthetic_seed
CO,2023,other,hisp,f,65-69,0.071567,synthetic_seed
CO,2023,other,hisp,f,70-74,0.109164,synthetic_seed
CO,2023,other,hisp,f,75-79,0.169682,synthetic_seed
CO,2023,other,hisp,f,80-84,0.265984,synthetic_seed
CO,2023,other,hisp,f,85+,0.458669,synthetic_seed
CT,2023,white,non-hisp,m,0-4,0.00285,synthetic_seed
CT,2023,white,non-hisp,m,5-9,0.00057,synthetic_seed
CT,2023,white,non-hisp,m,10-14,0.00057,synthetic_seed
CT,2023,white,non-hisp,m,15-19,0.00285,synthetic_seed
CT,2023,white,non-hisp,m,20-24,0.00456,synthetic_seed
CT,2023,white,non-hisp,m,25-29,0.0057,synthetic_seed
CT,2023,white,non-hisp,m,30-34,0.00741,synthetic_seed
CT,2023,white,non-hisp,m,35-39,0.01026,synthetic_seed
CT,2023,white,non-hisp,m,40-44,0.014136,synthetic_seed
CT,2023,white,non-hisp,m,45-49,0.020976,synthetic_seed
CT,2023,white,non-hisp,m,50-54,0.031008,synthetic_seed
CT,2023,white,non-hisp,m,55-59,0.044916,synthetic_seed
CT,2023,white,non-hisp,m,60-64,0.066804,synthetic_seed
CT,2023,white,non-hisp,m,65-69,0.098952,synthetic_seed
CT,2023,white,non-hisp,m,70-74,0.150936,synthetic_seed
CT,2023,white,non-hisp,m,75-79,0.234612,synthetic_seed
CT,2023,white,non-hisp,m,80-84,0.367764,synthetic_seed
CT,2023,white,non-hisp,m,85+,0.634182,synthetic_seed
CT,2023,white,non-hisp,f,0-4,0.002019,synthetic_seed
CT,2023,white,non-hisp,f,5-9,0.000404,synthetic_seed
CT,2023,white,non-hisp,f,10-14,0.000404,synthetic_seed
CT,2023,white,non-hisp,f,15-19,0.002019,synthetic_seed
CT,2023,white,non-hisp,f,20-24,0.00323,synthetic_seed
CT,2023,white,non-hisp,f,25-29,0.004037,synthetic_seed
CT,2023,white,non-hisp,f,30-34,0.005249,synthetic_seed
CT,2023,white,non-hisp,f,35-39,0.007267,synthetic_seed
CT,2023,white,non-hisp,f,40-44,0.010013,synthetic_seed
CT,2023,white,non-hisp,f,45-49,0.014858,synthetic_seed
CT,2023,white,non-hisp,f,50-54,0.021964,synthetic_seed
CT,2023,white,non-hisp,f,55-59,0.031815,synthetic_seed
CT,2023,white,non-hisp,f,60-64,0.047319,synthetic_seed
CT,2023,white,non-hisp,f,65-69,0.070091,synthetic_seed
CT,2023,white,non-hisp,f,70-74,0.106913,synthetic_seed
CT,2023,white,non-hisp,f,75-79,0.166183,synthetic_seed
CT,2023,white,non-hisp,f,80-84,0.260499,synthetic_seed
CT,2023,white,non-hisp,f,85+,0.449212,synthetic_seed
CT,2023,white,hisp,m,0-4,0.00285,synthetic_seed
CT,2023,white,hisp,m,5-9,0.00057,synthetic_seed
CT,2023,white,hisp,m,10-14,0.00057,synthetic_seed
CT,2023,white,hisp,m,15-19,0.00285,synthetic_seed
CT,2023,white,hisp,m,20-24,0.00456,synthetic_seed
CT,2023,white,hisp,m,25-29,0.0057,synthetic_seed
CT,2023,white,hisp,m,30-34,0.00741,synthetic_seed
CT,2023,white,hisp,m,35-39,0.01026,synthetic_seed
CT,2023,white,hisp,m,40-44,0.014136,synthetic_seed
CT,2023,white,hisp,m,45-49,0.020976,synthetic_seed
CT,2023,white,hisp,m,50-54,0.031008,synthetic_seed
CT,2023,white,hisp,m,55-59,0.044916,synthetic_seed
CT,2023,white,hisp,m,60-64,0.066804,synthetic_seed
CT,2023,white,hisp,m,65-69,0.098952,synthetic_seed
CT,2023,white,hisp,m,70-74,0.150936,synthetic_seed
CT,2023,white,hisp,m,75-79,0.234612,synthetic_seed
CT,2023,white,hisp,m,80-84,0.367764,synthetic_seed
CT,2023,white,hisp,m,85+,0.634182,synthetic_seed
CT,2023,white,hisp,f,0-4,0.002019,synthetic_seed
CT,2023,white,hisp,f,5-9,0.000404,synthetic_seed
CT,2023,white,hisp,f,10-14,0.000404,synthetic_seed
CT,2023,white,hisp,f,15-19,0.002019,synthetic_seed
CT,2023,white,hisp,f,20-24,0.00323,synthetic_seed
CT,2023,white,hisp,f,25-29,0.004037,synthetic_seed
CT,2023,white,hisp,f,30-34,0.005249,synthetic_seed
CT,2023,white,hisp,f,35-39,0.007267,synthetic_seed
CT,2023,white,hisp,f,40-44,0.010013,synthetic_seed
CT,2023,white,hisp,f,45-49,0.014858,synthetic_seed
CT,2023,white,hisp,f,50-54,0.021964,synthetic_seed
CT,2023,white,hisp,f,55-59,0.031815,synthetic_seed
CT,2023,white,hisp,f,60-64,0.047319,synthetic_seed
CT,2023,white,hisp,f,65-69,0.070091,synthetic_seed
CT,2023,white,hisp,f,70-74,0.106913,synthetic_seed
CT,2023,white,hisp,f,75-79,0.166183,synthetic_seed
CT,2023,white,hisp,f,80-84,0.260499,synthetic_seed
CT,2023,white,hisp,f,85+,0.449212,synthetic_seed
CT,2023,black,non-hisp,m,0-4,0.003135,synthetic_seed
CT,2023,black,non-hisp,m,5-9,0.000627,synthetic_seed
CT,2023,black,non-hisp,m,10-14,0.000627,synthetic_seed
CT,2023,black,non-hisp,m,15-19,0.003135,synthetic_seed
CT,2023,black,non-hisp,m,20-24,0.005016,synthetic_seed
CT,2023,black,non-hisp,m,25-29,0.00627,synthetic_seed
CT,2023,black,non-hisp,m,30-34,0.008151,synthetic_seed
CT,2023,black,non-hisp,m,35-39,0.011286,synthetic_seed
CT,2023,black,non-hisp,m,40-44,0.01555,synthetic_seed
CT,2023,black,non-hisp,m,45-49,0.023074,synthetic_seed
CT,2023,black,non-hisp,m,50-54,0.034109,synthetic_seed
CT,2023,black,non-hisp,m,55-59,0.049408,synthetic_seed
CT,2023,black,non-hisp,m,60-64,0.073484,synthetic_seed
CT,2023,black,non-hisp,m,65-69,0.108847,synthetic_seed
CT,2023,black,non-hisp,m,70-74,0.16603,synthetic_seed
CT,2023,black,non-hisp,m,75-79,0.258073,synthetic_seed
CT,2023,black,non-hisp,m,80-84,0.40454,synthetic_seed
CT,2023,black,non-hisp,m,85+,0.6976,synthetic_seed
CT,2023,black,non-hisp,f,0-4,0.002221,synthetic_seed
CT,2023,black,non-hisp,f,5-9,0.000444,synthetic_seed
CT,2023,black,non-hisp,f,10-14,0.000444,synthetic_seed
CT,2023,black,non-hisp,f,15-19,0.002221,synthetic_seed
CT,2023,black,non-hisp,f,20-24,0.003553,synthetic_seed
CT,2023,black,non-hisp,f,25-29,0.004441,synthetic_seed
CT,2023,black,non-hisp,f,30-34,0.005774,synthetic_seed
CT,2023,black,non-hisp,f,35-39,0.007994,synthetic_seed
CT,2023,black,non-hisp,f,40-44,0.011014,synthetic_seed
CT,2023,black,non-hisp,f,45-49,0.016344,synthetic_seed
CT,2023,black,non-hisp,f,50-54,0.02416,synthetic_seed
CT,2023,black,non-hisp,f,55-59,0.034997,synthetic_seed
CT,2023,black,non-hisp,f,60-64,0.052051,synthetic_seed
CT,2023,black,non-hisp,f,65-69,0.0771,synthetic_seed
CT,2023,black,non-hisp,f,70-74,0.117604,synthetic_seed
CT,2023,black,non-hisp,f,75-79,0.182802,synthetic_seed
CT,2023,black,non-hisp,f,80-84,0.286549,synthetic_seed
CT,2023,black,non-hisp,f,85+,0.494133,synthetic_seed
CT,2023,black,hisp,m,0-4,0.003135,synthetic_seed
CT,2023,black,hisp,m,5-9,0.000627,synthetic_seed
CT,2023,black,hisp,m,10-14,0.000627,synthetic_seed
CT,2023,black,hisp,m,15-19,0.003135,synthetic_seed
CT,2023,black,hisp,m,20-24,0.005016,synthetic_seed
CT,2023,black,hisp,m,25-29,0.00627,synthetic_seed
CT,2023,black,hisp,m,30-34,0.008151,synthetic_seed
CT,2023,black,hisp,m,35-39,0.011286,synthetic_seed
CT,2023,black,hisp,m,40-44,0.01555,synthetic_seed
CT,2023,black,hisp,m,45-49,0.023074,synthetic_seed
CT,2023,black,hisp,m,50-54,0.034109,synthetic_seed
CT,2023,black,hisp,m,55-59,0.049408,synthetic_seed
CT,2023,black,hisp,m,60-64,0.073484,synthetic_seed
CT,2023,black,hisp,m,65-69,0.108847,synthetic_seed
CT,2023,black,hisp,m,70-74,0.16603,synthetic_seed
CT,2023,black,hisp,m,75-79,0.258073,synthetic_seed
CT,2023,black,hisp,m,80-84,0.40454,synthetic_seed
CT,2023,black,hisp,m,85+,0.6976,synthetic_seed
CT,2023,black,hisp,f,0-4,0.002221,synthetic_seed
CT,2023,black,hisp,f,5-9,0.000444,synthetic_seed
CT,2023,black,hisp,f,10-14,0.000444,synthetic_seed
CT,2023,black,hisp,f,15-19,0.002221,synthetic_seed
CT,2023,black,hisp,f,20-24,0.003553,synthetic_seed
CT,2023,black,hisp,f,25-29,0.004441,synthetic_seed
CT,2023,black,hisp,f,30-34,0.005774,synthetic_seed
CT,2023,black,hisp,f,35-39,0.007994,synthetic_seed
CT,2023,black,hisp,f,40-44,0.011014,synthetic_seed
CT,2023,black,hisp,f,45-49,0.016344,synthetic_seed
CT,2023,black,hisp,f,50-54,0.02416,synthetic_seed
CT,2023,black,hisp,f,55-59,0.034997,synthetic_seed
CT,2023,black,hisp,f,60-64,0.052051,synthetic_seed
CT,2023,black,hisp,f,65-69,0.0771,synthetic_seed
CT,2023,black,hisp,f,70-74,0.117604,synthetic_seed
CT,2023,black,hisp,f,75-79,0.182802,synthetic_seed
CT,2023,black,hisp,f,80-84,0.286549,synthetic_seed
CT,2023,black,hisp,f,85+,0.494133,synthetic_seed
CT,2023,asian,non-hisp,m,0-4,0.002707,synthetic_seed
CT,2023,asian,non-hisp,m,5-9,0.000541,synthetic_seed
CT,2023,asian,non-hisp,m,10-14,0.000541,synthetic_seed
CT,2023,asian,non-hisp,m,15-19,0.002707,synthetic_seed
CT,2023,asian,non-hisp,m,20-24,0.004332,synthetic_seed
CT,2023,asian,non-hisp,m,25-29,0.005415,synthetic_seed
CT,2023,asian,non-hisp,m,30-34,0.007039,synthetic_seed
CT,2023,asian,non-hisp,m,35-39,0.009747,synthetic_seed
CT,2023,asian,non-hisp,m,40-44,0.013429,synthetic_seed
CT,2023,asian,non-hisp,m,45-49,0.019927,synthetic_seed
CT,2023,asian,non-hisp,m,50-54,0.029458,synthetic_seed
CT,2023,asian,non-hisp,m,55-59,0.04267,synthetic_seed
CT,2023,asian,non-hisp,m,60-64,0.063464,synthetic_seed
CT,2023,asian,non-hisp,m,65-69,0.094004,synthetic_seed
CT,2023,asian,non-hisp,m,70-74,0.143389,synthetic_seed
CT,2023,asian,non-hisp,m,75-79,0.222881,synthetic_seed
CT,2023,asian,non-hisp,m,80-84,0.349376,synthetic_seed
CT,2023,asian,non-hisp,m,85+,0.602473,synthetic_seed
CT,2023,asian,non-hisp,f,0-4,0.001918,synthetic_seed
CT,2023,asian,non-hisp,f,5-9,0.000384,synthetic_seed
CT,2023,asian,non-hisp,f,10-14,0.000384,synthetic_seed
CT,2023,asian,non-hisp,f,15-19,0.001918,synthetic_seed
CT,2023,asian,non-hisp,f,20-24,0.003069,synthetic_seed
CT,2023,asian,non-hisp,f,25-29,0.003836,synthetic_seed
CT,2023,asian,non-hisp,f,30-34,0.004986,synthetic_seed
CT,2023,asian,non-hisp,f,35-39,0.006904,synthetic_seed
CT,2023,asian,non-hisp,f,40-44,0.009512,synthetic_seed
CT,2023,asian,non-hisp,f,45-49,0.014115,synthetic_seed
CT,2023,asian,non-hisp,f,50-54,0.020866,synthetic_seed
CT,2023,asian,non-hisp,f,55-59,0.030225,synthetic_seed
CT,2023,asian,non-hisp,f,60-64,0.044954,synthetic_seed
CT,2023,asian,non-hisp,f,65-69,0.066586,synthetic_seed
CT,2023,asian,non-hisp,f,70-74,0.101567,synthetic_seed
CT,2023,asian,non-hisp,f,75-79,0.157874,synthetic_seed
CT,2023,asian,non-hisp,f,80-84,0.247475,synthetic_seed
CT,2023,asian,non-hisp,f,85+,0.426752,synthetic_seed
CT,2023,asian,hisp,m,0-4,0.002707,synthetic_seed
CT,2023,asian,hisp,m,5-9,0.000541,synthetic_seed
CT,2023,asian,hisp,m,10-14,0.000541,synthetic_seed
CT,2023,asian,hisp,m,15-19,0.002707,synthetic_seed
CT,2023,asian,hisp,m,20-24,0.004332,synthetic_seed
CT,2023,asian,hisp,m,25-29,0.005415,synthetic_seed
CT,2023,asian,hisp,m,30-34,0.007039,synthetic_seed
CT,2023,asian,hisp,m,35-39,0.009747,synthetic_seed
CT,2023,asian,hisp,m,40-44,0.013429,synthetic_seed
CT,2023,asian,hisp,m,45-49,0.019927,synthetic_seed
CT,2023,asian,hisp,m,50-54,0.029458,synthetic_seed
CT,2023,asian,hisp,m,55-59,0.04267,synthetic_seed
CT,2023,asian,hisp,m,60-64,0.063464,synthetic_seed
CT,2023,asian,hisp,m,65-69,0.094004,synthetic_seed
CT,2023,asian,hisp,m,70-74,0.143389,synthetic_seed
CT,2023,asian,hisp,m,75-79,0.222881,synthetic_seed
CT,2023,asian,hisp,m,80-84,0.349376,synthetic_seed
CT,2023,asian,hisp,m,85+,0.602473,synthetic_seed
CT,2023,asian,hisp,f,0-4,0.001918,synthetic_seed
CT,2023,asian,hisp,f,5-9,0.000384,synthetic_seed
CT,2023,asian,hisp,f,10-14,0.000384,synthetic_seed
CT,2023,asian,hisp,f,15-19,0.001918,synthetic_seed
CT,2023,asian,hisp,f,20-24,0.003069,synthetic_seed
CT,2023,asian,hisp,f,25-29,0.003836,synthetic_seed
CT,2023,asian,hisp,f,30-34,0.004986,synthetic_seed
CT,2023,asian,hisp,f,35-39,0.006904,synthetic_seed
CT,2023,asian,hisp,f,40-44,0.009512,synthetic_seed
CT,2023,asian,hisp,f,45-49,0.014115,synthetic_seed
CT,2023,asian,hisp,f,50-54,0.020866,synthetic_seed
CT,2023,asian,hisp,f,55-59,0.030225,synthetic_seed
CT,2023,asian,hisp,f,60-64,0.044954,synthetic_seed
CT,2023,asian,hisp,f,65-69,0.066586,synthetic_seed
CT,2023,asian,hisp,f,70-74,0.101567,synthetic_seed
CT,2023,asian,hisp,f,75-79,0.157874,synthetic_seed
CT,2023,asian,hisp,f,80-84,0.247475,synthetic_seed
CT,2023,asian,hisp,f,85+,0.426752,synthetic_seed
CT,2023,other,non-hisp,m,0-4,0.00285,synthetic_seed
CT,2023,other,non-hisp,m,5-9,0.00057,synthetic_seed
CT,2023,other,non-hisp,m,10-14,0.00057,synthetic_seed
CT,2023,other,non-hisp,m,15-19,0.00285,synthetic_seed
CT,2023,other,non-hisp,m,20-24,0.00456,synthetic_seed
CT,2023,other,non-hisp,m,25-29,0.0057,synthetic_seed
CT,2023,other,non-hisp,m,30-34,0.00741,synthetic_seed
CT,2023,other,non-hisp,m,35-39,0.01026,synthetic_seed
CT,2023,other,non-hisp,m,40-44,0.014136,synthetic_seed
CT,2023,other,non-hisp,m,45-49,0.020976,synthetic_seed
CT,2023,other,non-hisp,m,50-54,0.031008,synthetic_seed
CT,2023,other,non-hisp,m,55-59,0.044916,synthetic_seed
CT,2023,other,non-hisp,m,60-64,0.066804,synthetic_seed
CT,2023,other,non-hisp,m,65-69,0.098952,synthetic_seed
CT,2023,other,non-hisp,m,70-74,0.150936,synthetic_seed
CT,2023,other,non-hisp,m,75-79,0.234612,synthetic_seed
CT,2023,other,non-hisp,m,80-84,0.367764,synthetic_seed
CT,2023,other,non-hisp,m,85+,0.634182,synthetic_seed
CT,2023,other,non-hisp,f,0-4,0.002019,synthetic_seed
CT,2023,other,non-hisp,f,5-9,0.000404,synthetic_seed
CT,2023,other,non-hisp,f,10-14,0.000404,synthetic_seed
CT,2023,other,non-hisp,f,15-19,0.002019,synthetic_seed
CT,2023,other,non-hisp,f,20-24,0.00323,synthetic_seed
CT,2023,other,non-hisp,f,25-29,0.004037,synthetic_seed
CT,2023,other,non-hisp,f,30-34,0.005249,synthetic_seed
CT,2023,other,non-hisp,f,35-39,0.007267,synthetic_seed
CT,2023,other,non-hisp,f,40-44,0.010013,synthetic_seed
CT,2023,other,non-hisp,f,45-49,0.014858,synthetic_seed
CT,2023,other,non-hisp,f,50-54,0.021964,synthetic_seed
CT,2023,other,non-hisp,f,55-59,0.031815,synthetic_seed
CT,2023,other,non-hisp,f,60-64,0.047319,synthetic_seed
CT,2023,other,non-hisp,f,65-69,0.070091,synthetic_seed
CT,2023,other,non-hisp,f,70-74,0.106913,synthetic_seed
CT,2023,other,non-hisp,f,75-79,0.166183,synthetic_seed
CT,2023,other,non-hisp,f,80-84,0.260499,synthetic_seed
CT,2023,other,non-hisp,f,85+,0.449212,synthetic_seed
CT,2023,other,hisp,m,0-4,0.00285,synthetic_seed
CT,2023,other,hisp,m,5-9,0.00057,synthetic_seed
CT,2023,other,hisp,m,10-14,0.00057,synthetic_seed
CT,2023,other,hisp,m,15-19,0.00285,synthetic_seed
CT,2023,other,hisp,m,20-24,0.00456,synthetic_seed
CT,2023,other,hisp,m,25-29,0.0057,synthetic_seed
CT,2023,other,hisp,m,30-34,0.00741,synthetic_seed
CT,2023,other,hisp,m,35-39,0.01026,synthetic_seed
CT,2023,other,hisp,m,40-44,0.014136,synthetic_seed
CT,2023,other,hisp,m,45-49,0.020976,synthetic_seed
CT,2023,other,hisp,m,50-54,0.031008,synthetic_seed
CT,2023,other,hisp,m,55-59,0.044916,synthetic_seed
CT,2023,other,hisp,m,60-64,0.066804,synthetic_seed
CT,2023,other,hisp,m,65-69,0.098952,synthetic_seed
CT,2023,other,hisp,m,70-74,0.150936,synthetic_seed
CT,2023,other,hisp,m,75-79,0.234612,synthetic_seed
CT,2023,other,hisp,m,80-84,0.367764,synthetic_seed
CT,2023,other,hisp,m,85+,0.634182,synthetic_seed
CT,2023,other,hisp,f,0-4,0.002019,synthetic_seed
CT,2023,other,hisp,f,5-9,0.000404,synthetic_seed
CT,2023,other,hisp,f,10-14,0.000404,synthetic_seed
CT,2023,other,hisp,f,15-19,0.002019,synthetic_seed
CT,2023,other,hisp,f,20-24,0.00323,synthetic_seed
CT,2023,other,hisp,f,25-29,0.004037,synthetic_seed
CT,2023,other,hisp,f,30-34,0.005249,synthetic_seed
CT,2023,other,hisp,f,35-39,0.007267,synthetic_seed
CT,2023,other,hisp,f,40-44,0.010013,synthetic_seed
CT,2023,other,hisp,f,45-49,0.014858,synthetic_seed
CT,2023,other,hisp,f,50-54,0.021964,synthetic_seed
CT,2023,other,hisp,f,55-59,0.031815,synthetic_seed
CT,2023,other,hisp,f,60-64,0.047319,synthetic_seed
CT,2023,other,hisp,f,65-69,0.070091,synthetic_seed
CT,2023,other,hisp,f,70-74,0.106913,synthetic_seed
CT,2023,other,hisp,f,75-79,0.166183,synthetic_seed
CT,2023,other,hisp,f,80-84,0.260499,synthetic_seed
CT,2023,other,hisp,f,85+,0.449212,synthetic_seed
DE,2023,white,non-hisp,m,0-4,0.00324,synthetic_seed
DE,2023,white,non-hisp,m,5-9,0.000648,synthetic_seed
DE,2023,white,non-hisp,m,10-14,0.000648,synthetic_seed
DE,2023,white,non-hisp,m,15-19,0.00324,synthetic_seed
DE,2023,white,non-hisp,m,20-24,0.005184,synthetic_seed
DE,2023,white,non-hisp,m,25-29,0.00648,synthetic_seed
DE,2023,white,non-hisp,m,30-34,0.008424,synthetic_seed
DE,2023,white,non-hisp,m,35-39,0.011664,synthetic_seed
DE,2023,white,non-hisp,m,40-44,0.01607,synthetic_seed
DE,2023,white,non-hisp,m,45-49,0.023846,synthetic_seed
DE,2023,white,non-hisp,m,50-54,0.035251,synthetic_seed
DE,2023,white,non-hisp,m,55-59,0.051062,synthetic_seed
DE,2023,white,non-hisp,m,60-64,0.075946,synthetic_seed
DE,2023,white,non-hisp,m,65-69,0.112493,synthetic_seed
DE,2023,white,non-hisp,m,70-74,0.17159,synthetic_seed
DE,2023,white,non-hisp,m,75-79,0.266717,synthetic_seed
DE,2023,white,non-hisp,m,80-84,0.41809,synthetic_seed
DE,2023,white,non-hisp,m,85+,0.720965,synthetic_seed
DE,2023,white,non-hisp,f,0-4,0.002295,synthetic_seed
DE,2023,white,non-hisp,f,5-9,0.000459,synthetic_seed
DE,2023,white,non-hisp,f,10-14,0.000459,synthetic_seed
DE,2023,white,non-hisp,f,15-19,0.002295,synthetic_seed
DE,2023,white,non-hisp,f,20-24,0.003672,synthetic_seed
DE,2023,white,non-hisp,f,25-29,0.00459,synthetic_seed
DE,2023,white,non-hisp,f,30-34,0.005967,synthetic_seed
DE,2023,white,non-hisp,f,35-39,0.008262,synthetic_seed
DE,2023,white,non-hisp,f,40-44,0.011383,synthetic_seed
DE,2023,white,non-hisp,f,45-49,0.016891,synthetic_seed
DE,2023,white,non-hisp,f,50-54,0.02497,synthetic_seed
DE,2023,white,non-hisp,f,55-59,0.036169,synthetic_seed
DE,2023,white,non-hisp,f,60-64,0.053795,synthetic_seed
DE,2023,white,non-hisp,f,65-69,0.079682,synthetic_seed
DE,2023,white,non-hisp,f,70-74,0.121543,synthetic_seed
DE,2023,white,non-hisp,f,75-79,0.188924,synthetic_seed
DE,2023,white,non-hisp,f,80-84,0.296147,synthetic_seed
DE,2023,white,non-hisp,f,85+,0.510683,synthetic_seed
DE,2023,white,hisp,m,0-4,0.00324,synthetic_seed
DE,2023,white,hisp,m,5-9,0.000648,synthetic_seed
DE,2023,white,hisp,m,10-14,0.000648,synthetic_seed
DE,2023,white,hisp,m,15-19,0.00324,synthetic_seed
DE,2023,white,hisp,m,20-24,0.005184,synthetic_seed
DE,2023,white,hisp,m,25-29,0.00648,synthetic_seed
DE,2023,white,hisp,m,30-34,0.008424,synthetic_seed
DE,2023,white,hisp,m,35-39,0.011664,synthetic_seed
DE,2023,white,hisp,m,40-44,0.01607,synthetic_seed
DE,2023,white,hisp,m,45-49,0.023846,synthetic_seed
DE,2023,white,hisp,m,50-54,0.035251,synthetic_seed
DE,2023,white,hisp,m,55-59,0.051062,synthetic_seed
DE,2023,white,hisp,m,60-64,0.075946,synthetic_seed
DE,2023,white,hisp,m,65-69,0.112493,synthetic_seed
DE,2023,white,hisp,m,70-74,0.17159,synthetic_seed
DE,2023,white,hisp,m,75-79,0.266717,synthetic_seed
DE,2023,white,hisp,m,80-84,0.41809,synthetic_seed
DE,2023,white,hisp,m,85+,0.720965,synthetic_seed
DE,2023,white,hisp,f,0-4,0.002295,synthetic_seed
DE,2023,white,hisp,f,5-9,0.000459,synthetic_seed
DE,2023,white,hisp,f,10-14,0.000459,synthetic_seed
DE,2023,white,hisp,f,15-19,0.002295,synthetic_seed
DE,2023,white,hisp,f,20-24,0.003672,synthetic_seed
DE,2023,white,hisp,f,25-29,0.00459,synthetic_seed
DE,2023,white,hisp,f,30-34,0.005967,synthetic_seed
DE,2023,white,hisp,f,35-39,0.008262,synthetic_seed
DE,2023,white,hisp,f,40-44,0.011383,synthetic_seed
DE,2023,white,hisp,f,45-49,0.016891,synthetic_seed
DE,2023,white,hisp,f,50-54,0.02497,synthetic_seed
DE,2023,white,hisp,f,55-59,0.036169,synthetic_seed
DE,2023,white,hisp,f,60-64,0.053795,synthetic_seed
DE,2023,white,hisp,f,65-69,0.079682,synthetic_seed
DE,2023,white,hisp,f,70-74,0.121543,synthetic_seed
DE,2023,white,hisp,f,75-79,0.188924,synthetic_seed
DE,2023,white,hisp,f,80-84,0.296147,synthetic_seed
DE,2023,white,hisp,f,85+,0.510683,synthetic_seed
DE,2023,black,non-hisp,m,0-4,0.003564,synthetic_seed
DE,2023,black,non-hisp,m,5-9,0.000713,synthetic_seed
DE,2023,black,non-hisp,m,10-14,0.000713,synthetic_seed
DE,2023,black,non-hisp,m,15-19,0.003564,synthetic_seed
DE,2023,black,non-hisp,m,20-24,0.005702,synthetic_seed
DE,2023,black,non-hisp,m,25-29,0.007128,synthetic_seed
DE,2023,black,non-hisp,m,30-34,0.009266,synthetic_seed
DE,2023,black,non-hisp,m,35-39,0.01283,synthetic_seed
DE,2023,black,non-hisp,m,40-44,0.017677,synthetic_seed
DE,2023,black,non-hisp,m,45-49,0.026231,synthetic_seed
DE,2023,black,non-hisp,m,50-54,0.038776,synthetic_seed
DE,2023,black,non-hisp,m,55-59,0.056169,synthetic_seed
DE,2023,black,non-hisp,m,60-64,0.08354,synthetic_seed
DE,2023,black,non-hisp,m,65-69,0.123742,synthetic_seed
DE,2023,black,non-hisp,m,70-74,0.188749,synthetic_seed
DE,2023,black,non-hisp,m,75-79,0.293388,synthetic_seed
DE,2023,black,non-hisp,m,80-84,0.459899,synthetic_seed
DE,2023,black,non-hisp,m,85+,0.793061,synthetic_seed
DE,2023,black,non-hisp,f,0-4,0.002525,synthetic_seed
DE,2023,black,non-hisp,f,5-9,0.000505,synthetic_seed
DE,2023,black,non-hisp,f,10-14,0.000505,synthetic_seed
DE,2023,black,non-hisp,f,15-19,0.002525,synthetic_seed
DE,2023,black,non-hisp,f,20-24,0.004039,synthetic_seed
DE,2023,black,non-hisp,f,25-29,0.005049,synthetic_seed
DE,2023,black,non-hisp,f,30-34,0.006564,synthetic_seed
DE,2023,black,non-hisp,f,35-39,0.009088,synthetic_seed
DE,2023,black,non-hisp,f,40-44,0.012522,synthetic_seed
DE,2023,black,non-hisp,f,45-49,0.01858,synthetic_seed
DE,2023,black,non-hisp,f,50-54,0.027467,synthetic_seed
DE,2023,black,non-hisp,f,55-59,0.039786,synthetic_seed
DE,2023,black,non-hisp,f,60-64,0.059174,synthetic_seed
DE,2023,black,non-hisp,f,65-69,0.087651,synthetic_seed
DE,2023,black,non-hisp,f,70-74,0.133698,synthetic_seed
DE,2023,black,non-hisp,f,75-79,0.207817,synthetic_seed
DE,2023,black,non-hisp,f,80-84,0.325761,synthetic_seed
DE,2023,black,non-hisp,f,85+,0.561752,synthetic_seed
DE,2023,black,hisp,m,0-4,0.003564,synthetic_seed
DE,2023,black,hisp,m,5-9,0.000713,synthetic_seed
DE,2023,black,hisp,m,10-14,0.000713,synthetic_seed
DE,2023,black,hisp,m,15-19,0.003564,synthetic_seed
DE,2023,black,hisp,m,20-24,0.005702,synthetic_seed
DE,2023,black,hisp,m,25-29,0.007128,synthetic_seed
DE,2023,black,hisp,m,30-34,0.009266,synthetic_seed
DE,2023,black,hisp,m,35-39,0.01283,synthetic_seed
DE,2023,black,hisp,m,40-44,0.017677,synthetic_seed
DE,2023,black,hisp,m,45-49,0.026231,synthetic_seed
DE,2023,black,hisp,m,50-54,0.038776,synthetic_seed
DE,2023,black,hisp,m,55-59,0.056169,synthetic_seed
DE,2023,black,hisp,m,60-64,0.08354,synthetic_seed
DE,2023,black,hisp,m,65-69,0.123742,synthetic_seed
DE,2023,black,hisp,m,70-74,0.188749,synthetic_seed
DE,2023,black,hisp,m,75-79,0.293388,synthetic_seed
DE,2023,black,hisp,m,80-84,0.459899,synthetic_seed
DE,2023,black,hisp,m,85+,0.793061,synthetic_seed
DE,2023,black,hisp,f,0-4,0.002525,synthetic_seed
DE,2023,black,hisp,f,5-9,0.000505,synthetic_seed
DE,2023,black,hisp,f,10-14,0.000505,synthetic_seed
DE,2023,black,hisp,f,15-19,0.002525,synthetic_seed
DE,2023,black,hisp,f,20-24,0.004039,synthetic_seed
DE,2023,black,hisp,f,25-29,0.005049,synthetic_seed
DE,2023,black,hisp,f,30-34,0.006564,synthetic_seed
DE,2023,black,hisp,f,35-39,0.009088,synthetic_seed
DE,2023,black,hisp,f,40-44,0.012522,synthetic_seed
DE,2023,black,hisp,f,45-49,0.01858,synthetic_seed
DE,2023,black,hisp,f,50-54,0.027467,synthetic_seed
DE,2023,black,hisp,f,55-59,0.039786,synthetic_seed
DE,2023,black,hisp,f,60-64,0.059174,synthetic_seed
DE,2023,black,hisp,f,65-69,0.087651,synthetic_seed
DE,2023,black,hisp,f,70-74,0.133698,synthetic_seed
DE,2023,black,hisp,f,75-79,0.207817,synthetic_seed
DE,2023,black,hisp,f,80-84,0.325761,synthetic_seed
DE,2023,black,hisp,f,85+,0.561752,synthetic_seed
DE,2023,asian,non-hisp,m,0-4,0.003078,synthetic_seed
DE,2023,asian,non-hisp,m,5-9,0.000616,synthetic_seed
DE,2023,asian,non-hisp,m,10-14,0.000616,synthetic_seed
DE,2023,asian,non-hisp,m,15-19,0.003078,synthetic_seed
DE,2023,asian,non-hisp,m,20-24,0.004925,synthetic_seed
DE,2023,asian,non-hisp,m,25-29,0.006156,synthetic_seed
DE,2023,asian,non-hisp,m,30-34,0.008003,synthetic_seed
DE,2023,asian,non-hisp,m,35-39,0.011081,synthetic_seed
DE,2023,asian,non-hisp,m,40-44,0.015267,synthetic_seed
DE,2023,asian,non-hisp,m,45-49,0.022654,synthetic_seed
DE,2023,asian,non-hisp,m,50-54,0.033489,synthetic_seed
DE,2023,asian,non-hisp,m,55-59,0.048509,synthetic_seed
DE,2023,asian,non-hisp,m,60-64,0.072148,synthetic_seed
DE,2023,asian,non-hisp,m,65-69,0.106868,synthetic_seed
DE,2023,asian,non-hisp,m,70-74,0.163011,synthetic_seed
DE,2023,asian,non-hisp,m,75-79,0.253381,synthetic_seed
DE,2023,asian,non-hisp,m,80-84,0.397185,synthetic_seed
DE,2023,asian,non-hisp,m,85+,0.684917,synthetic_seed
DE,2023,asian,non-hisp,f,0-4,0.00218,synthetic_seed
DE,2023,asian,non-hisp,f,5-9,0.000436,synthetic_seed
DE,2023,asian,non-hisp,f,10-14,0.000436,synthetic_seed
DE,2023,asian,non-hisp,f,15-19,0.00218,synthetic_seed
DE,2023,asian,non-hisp,f,20-24,0.003488,synthetic_seed
DE,2023,asian,non-hisp,f,25-29,0.00436,synthetic_seed
DE,2023,asian,non-hisp,f,30-34,0.005669,synthetic_seed
DE,2023,asian,non-hisp,f,35-39,0.007849,synthetic_seed
DE,2023,asian,non-hisp,f,40-44,0.010814,synthetic_seed
DE,2023,asian,non-hisp,f,45-49,0.016047,synthetic_seed
DE,2023,asian,non-hisp,f,50-54,0.023721,synthetic_seed
DE,2023,asian,non-hisp,f,55-59,0.034361,synthetic_seed
DE,2023,asian,non-hisp,f,60-64,0.051105,synthetic_seed
DE,2023,asian,non-hisp,f,65-69,0.075698,synthetic_seed
DE,2023,asian,non-hisp,f,70-74,0.115466,synthetic_seed
DE,2023,asian,non-hisp,f,75-79,0.179478,synthetic_seed
DE,2023,asian,non-hisp,f,80-84,0.281339,synthetic_seed
DE,2023,asian,non-hisp,f,85+,0.485149,synthetic_seed
DE,2023,asian,hisp,m,0-4,0.003078,synthetic_seed
DE,2023,asian,hisp,m,5-9,0.000616,synthetic_seed
DE,2023,asian,hisp,m,10-14,0.000616,synthetic_seed
DE,2023,asian,hisp,m,15-19,0.003078,synthetic_seed
DE,2023,asian,hisp,m,20-24,0.004925,synthetic_seed
DE,2023,asian,hisp,m,25-29,0.006156,synthetic_seed
DE,2023,asian,hisp,m,30-34,0.008003,synthetic_seed
DE,2023,asian,hisp,m,35-39,0.011081,synthetic_seed
DE,2023,asian,hisp,m,40-44,0.015267,synthetic_seed
DE,2023,asian,hisp,m,45-49,0.022654,synthetic_seed
DE,2023,asian,hisp,m,50-54,0.033489,synthetic_seed
DE,2023,asian,hisp,m,55-59,0.048509,synthetic_seed
DE,2023,asian,hisp,m,60-64,0.072148,synthetic_seed
DE,2023,asian,hisp,m,65-69,0.106868,synthetic_seed
DE,2023,asian,hisp,m,70-74,0.163011,synthetic_seed
DE,2023,asian,hisp,m,75-79,0.253381,synthetic_seed
DE,2023,asian,hisp,m,80-84,0.397185,synthetic_seed
DE,2023,asian,hisp,m,85+,0.684917,synthetic_seed
DE,2023,asian,hisp,f,0-4,0.00218,synthetic_seed
DE,2023,asian,hisp,f,5-9,0.000436,synthetic_seed
DE,2023,asian,hisp,f,10-14,0.000436,synthetic_seed
DE,2023,asian,hisp,f,15-19,0.00218,synthetic_seed
DE,2023,asian,hisp,f,20-24,0.003488,synthetic_seed
DE,2023,asian,hisp,f,25-29,0.00436,synthetic_seed
DE,2023,asian,hisp,f,30-34,0.005669,synthetic_seed
DE,2023,asian,hisp,f,35-39,0.007849,synthetic_seed
DE,2023,asian,hisp,f,40-44,0.010814,synthetic_seed
DE,2023,asian,hisp,f,45-49,0.016047,synthetic_seed
DE,2023,asian,hisp,f,50-54,0.023721,synthetic_seed
DE,2023,asian,hisp,f,55-59,0.034361,synthetic_seed
DE,2023,asian,hisp,f,60-64,0.051105,synthetic_seed
DE,2023,asian,hisp,f,65-69,0.075698,synthetic_seed
DE,2023,asian,hisp,f,70-74,0.115466,synthetic_seed
DE,2023,asian,hisp,f,75-79,0.179478,synthetic_seed
DE,2023,asian,hisp,f,80-84,0.281339,synthetic_seed
DE,2023,asian,hisp,f,85+,0.485149,synthetic_seed
DE,2023,other,non-hisp,m,0-4,0.00324,synthetic_seed
DE,2023,other,non-hisp,m,5-9,0.000648,synthetic_seed
DE,2023,other,non-hisp,m,10-14,0.000648,synthetic_seed
DE,2023,other,non-hisp,m,15-19,0.00324,synthetic_seed
DE,2023,other,non-hisp,m,20-24,0.005184,synthetic_seed
DE,2023,other,non-hisp,m,25-29,0.00648,synthetic_seed
DE,2023,other,non-hisp,m,30-34,0.008424,synthetic_seed
DE,2023,other,non-hisp,m,35-39,0.011664,synthetic_seed
DE,2023,other,non-hisp,m,40-44,0.01607,synthetic_seed
DE,2023,other,non-hisp,m,45-49,0.023846,synthetic_seed
DE,2023,other,non-hisp,m,50-54,0.035251,synthetic_seed
DE,2023,other,non-hisp,m,55-59,0.051062,synthetic_seed
DE,2023,other,non-hisp,m,60-64,0.075946,synthetic_seed
DE,2023,other,non-hisp,m,65-69,0.112493,synthetic_seed
DE,2023,other,non-hisp,m,70-74,0.17159,synthetic_seed
DE,2023,other,non-hisp,m,75-79,0.266717,synthetic_seed
DE,2023,other,non-hisp,m,80-84,0.41809,synthetic_seed
DE,2023,other,non-hisp,m,85+,0.720965,synthetic_seed
DE,2023,other,non-hisp,f,0-4,0.002295,synthetic_seed
DE,2023,other,non-hisp,f,5-9,0.000459,synthetic_seed
DE,2023,other,non-hisp,f,10-14,0.000459,synthetic_seed
DE,2023,other,non-hisp,f,15-19,0.002295,synthetic_seed
DE,2023,other,non-hisp,f,20-24,0.003672,synthetic_seed
DE,2023,other,non-hisp,f,25-29,0.00459,synthetic_seed
DE,2023,other,non-hisp,f,30-34,0.005967,synthetic_seed
DE,2023,other,non-hisp,f,35-39,0.008262,synthetic_seed
DE,2023,other,non-hisp,f,40-44,0.011383,synthetic_seed
DE,2023,other,non-hisp,f,45-49,0.016891,synthetic_seed
DE,2023,other,non-hisp,f,50-54,0.02497,synthetic_seed
DE,2023,other,non-hisp,f,55-59,0.036169,synthetic_seed
DE,2023,other,non-hisp,f,60-64,0.053795,synthetic_seed
DE,2023,other,non-hisp,f,65-69,0.079682,synthetic_seed
DE,2023,other,non-hisp,f,70-74,0.121543,synthetic_seed
DE,2023,other,non-hisp,f,75-79,0.188924,synthetic_seed
DE,2023,other,non-hisp,f,80-84,0.296147,synthetic_seed
DE,2023,other,non-hisp,f,85+,0.510683,synthetic_seed
DE,2023,other,hisp,m,0-4,0.00324,synthetic_seed
DE,2023,other,hisp,m,5-9,0.000648,synthetic_seed
DE,2023,other,hisp,m,10-14,0.000648,synthetic_seed
DE,2023,other,hisp,m,15-19,0.00324,synthetic_seed
DE,2023,other,hisp,m,20-24,0.005184,synthetic_seed
DE,2023,other,hisp,m,25-29,0.00648,synthetic_seed
DE,2023,other,hisp,m,30-34,0.008424,synthetic_seed
DE,2023,other,hisp,m,35-39,0.011664,synthetic_seed
DE,2023,other,hisp,m,40-44,0.01607,synthetic_seed
DE,2023,other,hisp,m,45-49,0.023846,synthetic_seed
DE,2023,other,hisp,m,50-54,0.035251,synthetic_seed
DE,2023,other,hisp,m,55-59,0.051062,synthetic_seed
DE,2023,other,hisp,m,60-64,0.075946,synthetic_seed
DE,2023,other,hisp,m,65-69,0.112493,synthetic_seed
DE,2023,other,hisp,m,70-74,0.17159,synthetic_seed
DE,2023,other,hisp,m,75-79,0.266717,synthetic_seed
DE,2023,other,hisp,m,80-84,0.41809,synthetic_seed
DE,2023,other,hisp,m,85+,0.720965,synthetic_seed
DE,2023,other,hisp,f,0-4,0.002295,synthetic_seed
DE,2023,other,hisp,f,5-9,0.000459,synthetic_seed
DE,2023,other,hisp,f,10-14,0.000459,synthetic_seed
DE,2023,other,hisp,f,15-19,0.002295,synthetic_seed
DE,2023,other,hisp,f,20-24,0.003672,synthetic_seed
DE,2023,other,hisp,f,25-29,0.00459,synthetic_seed
DE,2023,other,hisp,f,30-34,0.005967,synthetic_seed
DE,2023,other,hisp,f,35-39,0.008262,synthetic_seed
DE,2023,other,hisp,f,40-44,0.011383,synthetic_seed
DE,2023,other,hisp,f,45-49,0.016891,synthetic_seed
DE,2023,other,hisp,f,50-54,0.02497,synthetic_seed
DE,2023,other,hisp,f,55-59,0.036169,synthetic_seed
DE,2023,other,hisp,f,60-64,0.053795,synthetic_seed
DE,2023,other,hisp,f,65-69,0.079682,synthetic_seed
DE,2023,other,hisp,f,70-74,0.121543,synthetic_seed
DE,2023,other,hisp,f,75-79,0.188924,synthetic_seed
DE,2023,other,hisp,f,80-84,0.296147,synthetic_seed
DE,2023,other,hisp,f,85+,0.510683,synthetic_seed
DC,2023,white,non-hisp,m,0-4,0.00324,synthetic_seed
DC,2023,white,non-hisp,m,5-9,0.000648,synthetic_seed
DC,2023,white,non-hisp,m,10-14,0.000648,synthetic_seed
DC,2023,white,non-hisp,m,15-19,0.00324,synthetic_seed
DC,2023,white,non-hisp,m,20-24,0.005184,synthetic_seed
DC,2023,white,non-hisp,m,25-29,0.00648,synthetic_seed
DC,2023,white,non-hisp,m,30-34,0.008424,synthetic_seed
DC,2023,white,non-hisp,m,35-39,0.011664,synthetic_seed
DC,2023,white,non-hisp,m,40-44,0.01607,synthetic_seed
DC,2023,white,non-hisp,m,45-49,0.023846,synthetic_seed
DC,2023,white,non-hisp,m,50-54,0.035251,synthetic_seed
DC,2023,white,non-hisp,m,55-59,0.051062,synthetic_seed
DC,2023,white,non-hisp,m,60-64,0.075946,synthetic_seed
DC,2023,white,non-hisp,m,65-69,0.112493,synthetic_seed
DC,2023,white,non-hisp,m,70-74,0.17159,synthetic_seed
DC,2023,white,non-hisp,m,75-79,0.266717,synthetic_seed
DC,2023,white,non-hisp,m,80-84,0.41809,synthetic_seed
DC,2023,white,non-hisp,m,85+,0.720965,synthetic_seed
DC,2023,white,non-hisp,f,0-4,0.002295,synthetic_seed
DC,2023,white,non-hisp,f,5-9,0.000459,synthetic_seed
DC,2023,white,non-hisp,f,10-14,0.000459,synthetic_seed
DC,2023,white,non-hisp,f,15-19,0.002295,synthetic_seed
DC,2023,white,non-hisp,f,20-24,0.003672,synthetic_seed
DC,2023,white,non-hisp,f,25-29,0.00459,synthetic_seed
DC,2023,white,non-hisp,f,30-34,0.005967,synthetic_seed
DC,2023,white,non-hisp,f,35-39,0.008262,synthetic_seed
DC,2023,white,non-hisp,f,40-44,0.011383,synthetic_seed
DC,2023,white,non-hisp,f,45-49,0.016891,synthetic_seed
DC,2023,white,non-hisp,f,50-54,0.02497,synthetic_seed
DC,2023,white,non-hisp,f,55-59,0.036169,synthetic_seed
DC,2023,white,non-hisp,f,60-64,0.053795,synthetic_seed
DC,2023,white,non-hisp,f,65-69,0.079682,synthetic_seed
DC,2023,white,non-hisp,f,70-74,0.121543,synthetic_seed
DC,2023,white,non-hisp,f,75-79,0.188924,synthetic_seed
DC,2023,white,non-hisp,f,80-84,0.296147,synthetic_seed
DC,2023,white,non-hisp,f,85+,0.510683,synthetic_seed
DC,2023,white,hisp,m,0-4,0.00324,synthetic_seed
DC,2023,white,hisp,m,5-9,0.000648,synthetic_seed
DC,2023,white,hisp,m,10-14,0.000648,synthetic_seed
DC,2023,white,hisp,m,15-19,0.00324,synthetic_seed
DC,2023,white,hisp,m,20-24,0.005184,synthetic_seed
DC,2023,white,hisp,m,25-29,0.00648,synthetic_seed
DC,2023,white,hisp,m,30-34,0.008424,synthetic_seed
DC,2023,white,hisp,m,35-39,0.011664,synthetic_seed
DC,2023,white,hisp,m,40-44,0.01607,synthetic_seed
DC,2023,white,hisp,m,45-49,0.023846,synthetic_seed
DC,2023,white,hisp,m,50-54,0.035251,synthetic_seed
DC,2023,white,hisp,m,55-59,0.051062,synthetic_seed
DC,2023,white,hisp,m,60-64,0.075946,synthetic_seed
DC,2023,white,hisp,m,65-69,0.112493,synthetic_seed
DC,2023,white,hisp,m,70-74,0.17159,synthetic_seed
DC,2023,white,hisp,m,75-79,0.266717,synthetic_seed
DC,2023,white,hisp,m,80-84,0.41809,synthetic_seed
DC,2023,white,hisp,m,85+,0.720965,synthetic_seed
DC,2023,white,hisp,f,0-4,0.002295,synthetic_seed
DC,2023,white,hisp,f,5-9,0.000459,synthetic_seed
DC,2023,white,hisp,f,10-14,0.000459,synthetic_seed
DC,2023,white,hisp,f,15-19,0.002295,synthetic_seed
DC,2023,white,hisp,f,20-24,0.003672,synthetic_seed
DC,2023,white,hisp,f,25-29,0.00459,synthetic_seed
DC,2023,white,hisp,f,30-34,0.005967,synthetic_seed
DC,2023,white,hisp,f,35-39,0.008262,synthetic_seed
DC,2023,white,hisp,f,40-44,0.011383,synthetic_seed
DC,2023,white,hisp,f,45-49,0.016891,synthetic_seed
DC,2023,white,hisp,f,50-54,0.02497,synthetic_seed
DC,2023,white,hisp,f,55-59,0.036169,synthetic_seed
DC,2023,white,hisp,f,60-64,0.053795,synthetic_seed
DC,2023,white,hisp,f,65-69,0.079682,synthetic_seed
DC,2023,white,hisp,f,70-74,0.121543,synthetic_seed
DC,2023,white,hisp,f,75-79,0.188924,synthetic_seed
DC,2023,white,hisp,f,80-84,0.296147,synthetic_seed
DC,2023,white,hisp,f,85+,0.510683,synthetic_seed
DC,2023,black,non-hisp,m,0-4,0.003564,synthetic_seed
DC,2023,black,non-hisp,m,5-9,0.000713,synthetic_seed
DC,2023,black,non-hisp,m,10-14,0.000713,synthetic_seed
DC,2023,black,non-hisp,m,15-19,0.003564,synthetic_seed
DC,2023,black,non-hisp,m,20-24,0.005702,synthetic_seed
DC,2023,black,non-hisp,m,25-29,0.007128,synthetic_seed
DC,2023,black,non-hisp,m,30-34,0.009266,synthetic_seed
DC,2023,black,non-hisp,m,35-39,0.01283,synthetic_seed
DC,2023,black,non-hisp,m,40-44,0.017677,synthetic_seed
DC,2023,black,non-hisp,m,45-49,0.026231,synthetic_seed
DC,2023,black,non-hisp,m,50-54,0.038776,synthetic_seed
DC,2023,black,non-hisp,m,55-59,0.056169,synthetic_seed
DC,2023,black,non-hisp,m,60-64,0.08354,synthetic_seed
DC,2023,black,non-hisp,m,65-69,0.123742,synthetic_seed
DC,2023,black,non-hisp,m,70-74,0.188749,synthetic_seed
DC,2023,black,non-hisp,m,75-79,0.293388,synthetic_seed
DC,2023,black,non-hisp,m,80-84,0.459899,synthetic_seed
DC,2023,black,non-hisp,m,85+,0.793061,synthetic_seed
DC,2023,black,non-hisp,f,0-4,0.002525,synthetic_seed
DC,2023,black,non-hisp,f,5-9,0.000505,synthetic_seed
DC,2023,black,non-hisp,f,10-14,0.000505,synthetic_seed
DC,2023,black,non-hisp,f,15-19,0.002525,synthetic_seed
DC,2023,black,non-hisp,f,20-24,0.004039,synthetic_seed
DC,2023,black,non-hisp,f,25-29,0.005049,synthetic_seed
DC,2023,black,non-hisp,f,30-34,0.006564,synthetic_seed
DC,2023,black,non-hisp,f,35-39,0.009088,synthetic_seed
DC,2023,black,non-hisp,f,40-44,0.012522,synthetic_seed
DC,2023,black,non-hisp,f,45-49,0.01858,synthetic_seed
DC,2023,black,non-hisp,f,50-54,0.027467,synthetic_seed
DC,2023,black,non-hisp,f,55-59,0.039786,synthetic_seed
DC,2023,black,non-hisp,f,60-64,0.059174,synthetic_seed
DC,2023,black,non-hisp,f,65-69,0.087651,synthetic_seed
DC,2023,black,non-hisp,f,70-74,0.133698,synthetic_seed
DC,2023,black,non-hisp,f,75-79,0.207817,synthetic_seed
DC,2023,black,non-hisp,f,80-84,0.325761,synthetic_seed
DC,2023,black,non-hisp,f,85+,0.561752,synthetic_seed
DC,2023,black,hisp,m,0-4,0.003564,synthetic_seed
DC,2023,black,hisp,m,5-9,0.000713,synthetic_seed
DC,2023,black,hisp,m,10-14,0.000713,synthetic_seed
DC,2023,black,hisp,m,15-19,0.003564,synthetic_seed
DC,2023,black,hisp,m,20-24,0.005702,synthetic_seed
DC,2023,black,hisp,m,25-29,0.007128,synthetic_seed
DC,2023,black,hisp,m,30-34,0.009266,synthetic_seed
DC,2023,black,hisp,m,35-39,0.01283,synthetic_seed
DC,2023,black,hisp,m,40-44,0.017677,synthetic_seed
DC,2023,black,hisp,m,45-49,0.026231,synthetic_seed
DC,2023,black,hisp,m,50-54,0.038776,synthetic_seed
DC,2023,black,hisp,m,55-59,0.056169,synthetic_seed
DC,2023,black,hisp,m,60-64,0.08354,synthetic_seed
DC,2023,black,hisp,m,65-69,0.123742,synthetic_seed
DC,2023,black,hisp,m,70-74,0.188749,synthetic_seed
DC,2023,black,hisp,m,75-79,0.293388,synthetic_seed
DC,2023,black,hisp,m,80-84,0.459899,synthetic_seed
DC,2023,black,hisp,m,85+,0.793061,synthetic_seed
DC,2023,black,hisp,f,0-4,0.002525,synthetic_seed
DC,2023,black,hisp,f,5-9,0.000505,synthetic_seed
DC,2023,black,hisp,f,10-14,0.000505,synthetic_seed
DC,2023,black,hisp,f,15-19,0.002525,synthetic_seed
DC,2023,black,hisp,f,20-24,0.004039,synthetic_seed
DC,2023,black,hisp,f,25-29,0.005049,synthetic_seed
DC,2023,black,hisp,f,30-34,0.006564,synthetic_seed
DC,2023,black,hisp,f,35-39,0.009088,synthetic_seed
DC,2023,black,hisp,f,40-44,0.012522,synthetic_seed
DC,2023,black,hisp,f,45-49,0.01858,synthetic_seed
DC,2023,black,hisp,f,50-54,0.027467,synthetic_seed
DC,2023,black,hisp,f,55-59,0.039786,synthetic_seed
DC,2023,black,hisp,f,60-64,0.059174,synthetic_seed
DC,2023,black,hisp,f,65-69,0.087651,synthetic_seed
DC,2023,black,hisp,f,70-74,0.133698,synthetic_seed
DC,2023,black,hisp,f,75-79,0.207817,synthetic_seed
DC,2023,black,hisp,f,80-84,0.325761,synthetic_seed
DC,2023,black,hisp,f,85+,0.561752,synthetic_seed
DC,2023,asian,non-hisp,m,0-4,0.003078,synthetic_seed
DC,2023,asian,non-hisp,m,5-9,0.000616,synthetic_seed
DC,2023,asian,non-hisp,m,10-14,0.000616,synthetic_seed
DC,2023,asian,non-hisp,m,15-19,0.003078,synthetic_seed
DC,2023,asian,non-hisp,m,20-24,0.004925,synthetic_seed
DC,2023,asian,non-hisp,m,25-29,0.006156,synthetic_seed
DC,2023,asian,non-hisp,m,30-34,0.008003,synthetic_seed
DC,2023,asian,non-hisp,m,35-39,0.011081,synthetic_seed
DC,2023,asian,non-hisp,m,40-44,0.015267,synthetic_seed
DC,2023,asian,non-hisp,m,45-49,0.022654,synthetic_seed
DC,2023,asian,non-hisp,m,50-54,0.033489,synthetic_seed
DC,2023,asian,non-hisp,m,55-59,0.048509,synthetic_seed
DC,2023,asian,non-hisp,m,60-64,0.072148,synthetic_seed
DC,2023,asian,non-hisp,m,65-69,0.106868,synthetic_seed
DC,2023,asian,non-hisp,m,70-74,0.163011,synthetic_seed
DC,2023,asian,non-hisp,m,75-79,0.253381,synthetic_seed
DC,2023,asian,non-hisp,m,80-84,0.397185,synthetic_seed
DC,2023,asian,non-hisp,m,85+,0.684917,synthetic_seed
DC,2023,asian,non-hisp,f,0-4,0.00218,synthetic_seed
DC,2023,asian,non-hisp,f,5-9,0.000436,synthetic_seed
DC,2023,asian,non-hisp,f,10-14,0.000436,synthetic_seed
DC,2023,asian,non-hisp,f,15-19,0.00218,synthetic_seed
DC,2023,asian,non-hisp,f,20-24,0.003488,synthetic_seed
DC,2023,asian,non-hisp,f,25-29,0.00436,synthetic_seed
DC,2023,asian,non-hisp,f,30-34,0.005669,synthetic_seed
DC,2023,asian,non-hisp,f,35-39,0.007849,synthetic_seed
DC,2023,asian,non-hisp,f,40-44,0.010814,synthetic_seed
DC,2023,asian,non-hisp,f,45-49,0.016047,synthetic_seed
DC,2023,asian,non-hisp,f,50-54,0.023721,synthetic_seed
DC,2023,asian,non-hisp,f,55-59,0.034361,synthetic_seed
DC,2023,asian,non-hisp,f,60-64,0.051105,synthetic_seed
DC,2023,asian,non-hisp,f,65-69,0.075698,synthetic_seed
DC,2023,asian,non-hisp,f,70-74,0.115466,synthetic_seed
DC,2023,asian,non-hisp,f,75-79,0.179478,synthetic_seed
DC,2023,asian,non-hisp,f,80-84,0.281339,synthetic_seed
DC,2023,asian,non-hisp,f,85+,0.485149,synthetic_seed
DC,2023,asian,hisp,m,0-4,0.003078,synthetic_seed
DC,2023,asian,hisp,m,5-9,0.000616,synthetic_seed
DC,2023,asian,hisp,m,10-14,0.000616,synthetic_seed
DC,2023,asian,hisp,m,15-19,0.003078,synthetic_seed
DC,2023,asian,hisp,m,20-24,0.004925,synthetic_seed
DC,2023,asian,hisp,m,25-29,0.006156,synthetic_seed
DC,2023,asian,hisp,m,30-34,0.008003,synthetic_seed
DC,2023,asian,hisp,m,35-39,0.011081,synthetic_seed
DC,2023,asian,hisp,m,40-44,0.015267,synthetic_seed
DC,2023,asian,hisp,m,45-49,0.022654,synthetic_seed
DC,2023,asian,hisp,m,50-54,0.033489,synthetic_seed
DC,2023,asian,hisp,m,55-59,0.048509,synthetic_seed
DC,2023,asian,hisp,m,60-64,0.072148,synthetic_seed
DC,2023,asian,hisp,m,65-69,0.106868,synthetic_seed
DC,2023,asian,hisp,m,70-74,0.163011,synthetic_seed
DC,2023,asian,hisp,m,75-79,0.253381,synthetic_seed
DC,2023,asian,hisp,m,80-84,0.397185,synthetic_seed
DC,2023,asian,hisp,m,85+,0.684917,synthetic_seed
DC,2023,asian,hisp,f,0-4,0.00218,synthetic_seed
DC,2023,asian,hisp,f,5-9,0.000436,synthetic_seed
DC,2023,asian,hisp,f,10-14,0.000436,synthetic_seed
DC,2023,asian,hisp,f,15-19,0.00218,synthetic_seed
DC,2023,asian,hisp,f,20-24,0.003488,synthetic_seed
DC,2023,asian,hisp,f,25-29,0.00436,synthetic_seed
DC,2023,asian,hisp,f,30-34,0.005669,synthetic_seed
DC,2023,asian,hisp,f,35-39,0.007849,synthetic_seed
DC,2023,asian,hisp,f,40-44,0.010814,synthetic_seed
DC,2023,asian,hisp,f,45-49,0.016047,synthetic_seed
DC,2023,asian,hisp,f,50-54,0.023721,synthetic_seed
DC,2023,asian,hisp,f,55-59,0.034361,synthetic_seed
DC,2023,asian,hisp,f,60-64,0.051105,synthetic_seed
DC,2023,asian,hisp,f,65-69,0.075698,synthetic_seed
DC,2023,asian,hisp,f,70-74,0.115466,synthetic_seed
DC,2023,asian,hisp,f,75-79,0.179478,synthetic_seed
DC,2023,asian,hisp,f,80-84,0.281339,synthetic_seed
DC,2023,asian,hisp,f,85+,0.485149,synthetic_seed
DC,2023,other,non-hisp,m,0-4,0.00324,synthetic_seed
DC,2023,other,non-hisp,m,5-9,0.000648,synthetic_seed
DC,2023,other,non-hisp,m,10-14,0.000648,synthetic_seed
DC,2023,other,non-hisp,m,15-19,0.00324,synthetic_seed
DC,2023,other,non-hisp,m,20-24,0.005184,synthetic_seed
DC,2023,other,non-hisp,m,25-29,0.00648,synthetic_seed
DC,2023,other,non-hisp,m,30-34,0.008424,synthetic_seed
DC,2023,other,non-hisp,m,35-39,0.011664,synthetic_seed
DC,2023,other,non-hisp,m,40-44,0.01607,synthetic_seed
DC,2023,other,non-hisp,m,45-49,0.023846,synthetic_seed
DC,2023,other,non-hisp,m,50-54,0.035251,synthetic_seed
DC,2023,other,non-hisp,m,55-59,0.051062,synthetic_seed
DC,2023,other,non-hisp,m,60-64,0.075946,synthetic_seed
DC,2023,other,non-hisp,m,65-69,0.112493,synthetic_seed
DC,2023,other,non-hisp,m,70-74,0.17159,synthetic_seed
DC,2023,other,non-hisp,m,75-79,0.266717,synthetic_seed
DC,2023,other,non-hisp,m,80-84,0.41809,synthetic_seed
DC,2023,other,non-hisp,m,85+,0.720965,synthetic_seed
DC,2023,other,non-hisp,f,0-4,0.002295,synthetic_seed
DC,2023,other,non-hisp,f,5-9,0.000459,synthetic_seed
DC,2023,other,non-hisp,f,10-14,0.000459,synthetic_seed
DC,2023,other,non-hisp,f,15-19,0.002295,synthetic_seed
DC,2023,other,non-hisp,f,20-24,0.003672,synthetic_seed
DC,2023,other,non-hisp,f,25-29,0.00459,synthetic_seed
DC,2023,other,non-hisp,f,30-34,0.005967,synthetic_seed
DC,2023,other,non-hisp,f,35-39,0.008262,synthetic_seed
DC,2023,other,non-hisp,f,40-44,0.011383,synthetic_seed
DC,2023,other,non-hisp,f,45-49,0.016891,synthetic_seed
DC,2023,other,non-hisp,f,50-54,0.02497,synthetic_seed
DC,2023,other,non-hisp,f,55-59,0.036169,synthetic_seed
DC,2023,other,non-hisp,f,60-64,0.053795,synthetic_seed
DC,2023,other,non-hisp,f,65-69,0.079682,synthetic_seed
DC,2023,other,non-hisp,f,70-74,0.121543,synthetic_seed
DC,2023,other,non-hisp,f,75-79,0.188924,synthetic_seed
DC,2023,other,non-hisp,f,80-84,0.296147,synthetic_seed
DC,2023,other,non-hisp,f,85+,0.510683,synthetic_seed
DC,2023,other,hisp,m,0-4,0.00324,synthetic_seed
DC,2023,other,hisp,m,5-9,0.000648,synthetic_seed
DC,2023,other,hisp,m,10-14,0.000648,synthetic_seed
DC,2023,other,hisp,m,15-19,0.00324,synthetic_seed
DC,2023,other,hisp,m,20-24,0.005184,synthetic_seed
DC,2023,other,hisp,m,25-29,0.00648,synthetic_seed
DC,2023,other,hisp,m,30-34,0.008424,synthetic_seed
DC,2023,other,hisp,m,35-39,0.011664,synthetic_seed
DC,2023,other,hisp,m,40-44,0.01607,synthetic_seed
DC,2023,other,hisp,m,45-49,0.023846,synthetic_seed
DC,2023,other,hisp,m,50-54,0.035251,synthetic_seed
DC,2023,other,hisp,m,55-59,0.051062,synthetic_seed
DC,2023,other,hisp,m,60-64,0.075946,synthetic_seed
DC,2023,other,hisp,m,65-69,0.112493,synthetic_seed
DC,2023,other,hisp,m,70-74,0.17159,synthetic_seed
DC,2023,other,hisp,m,75-79,0.266717,synthetic_seed
DC,2023,other,hisp,m,80-84,0.41809,synthetic_seed
DC,2023,other,hisp,m,85+,0.720965,synthetic_seed
DC,2023,other,hisp,f,0-4,0.002295,synthetic_seed
DC,2023,other,hisp,f,5-9,0.000459,synthetic_seed
DC,2023,other,hisp,f,10-14,0.000459,synthetic_seed
DC,2023,other,hisp,f,15-19,0.002295,synthetic_seed
DC,2023,other,hisp,f,20-24,0.003672,synthetic_seed
DC,2023,other,hisp,f,25-29,0.00459,synthetic_seed
DC,2023,other,hisp,f,30-34,0.005967,synthetic_seed
DC,2023,other,hisp,f,35-39,0.008262,synthetic_seed
DC,2023,other,hisp,f,40-44,0.011383,synthetic_seed
DC,2023,other,hisp,f,45-49,0.016891,synthetic_seed
DC,2023,other,hisp,f,50-54,0.02497,synthetic_seed
DC,2023,other,hisp,f,55-59,0.036169,synthetic_seed
DC,2023,other,hisp,f,60-64,0.053795,synthetic_seed
DC,2023,other,hisp,f,65-69,0.079682,synthetic_seed
DC,2023,other,hisp,f,70-74,0.121543,synthetic_seed
DC,2023,other,hisp,f,75-79,0.188924,synthetic_seed
DC,2023,other,hisp,f,80-84,0.296147,synthetic_seed
DC,2023,other,hisp,f,85+,0.510683,synthetic_seed
FL,2023,white,non-hisp,m,0-4,0.00324,synthetic_seed
FL,2023,white,non-hisp,m,5-9,0.000648,synthetic_seed
FL,2023,white,non-hisp,m,10-14,0.000648,synthetic_seed
FL,2023,white,non-hisp,m,15-19,0.00324,synthetic_seed
FL,2023,white,non-hisp,m,20-24,0.005184,synthetic_seed
FL,2023,white,non-hisp,m,25-29,0.00648,synthetic_seed
FL,2023,white,non-hisp,m,30-34,0.008424,synthetic_seed
FL,2023,white,non-hisp,m,35-39,0.011664,synthetic_seed
FL,2023,white,non-hisp,m,40-44,0.01607,synthetic_seed
FL,2023,white,non-hisp,m,45-49,0.023846,synthetic_seed
FL,2023,white,non-hisp,m,50-54,0.035251,synthetic_seed
FL,2023,white,non-hisp,m,55-59,0.051062,synthetic_seed
FL,2023,white,non-hisp,m,60-64,0.075946,synthetic_seed
FL,2023,white,non-hisp,m,65-69,0.112493,synthetic_seed
FL,2023,white,non-hisp,m,70-74,0.17159,synthetic_seed
FL,2023,white,non-hisp,m,75-79,0.266717,synthetic_seed
FL,2023,white,non-hisp,m,80-84,0.41809,synthetic_seed
FL,2023,white,non-hisp,m,85+,0.720965,synthetic_seed
FL,2023,white,non-hisp,f,0-4,0.002295,synthetic_seed
FL,2023,white,non-hisp,f,5-9,0.000459,synthetic_seed
FL,2023,white,non-hisp,f,10-14,0.000459,synthetic_seed
FL,2023,white,non-hisp,f,15-19,0.002295,synthetic_seed
FL,2023,white,non-hisp,f,20-24,0.003672,synthetic_seed
FL,2023,white,non-hisp,f,25-29,0.00459,synthetic_seed
FL,2023,white,non-hisp,f,30-34,0.005967,synthetic_seed
FL,2023,white,non-hisp,f,35-39,0.008262,synthetic_seed
FL,2023,white,non-hisp,f,40-44,0.011383,synthetic_seed
FL,2023,white,non-hisp,f,45-49,0.016891,synthetic_seed
FL,2023,white,non-hisp,f,50-54,0.02497,synthetic_seed
FL,2023,white,non-hisp,f,55-59,0.036169,synthetic_seed
FL,2023,white,non-hisp,f,60-64,0.053795,synthetic_seed
FL,2023,white,non-hisp,f,65-69,0.079682,synthetic_seed
FL,2023,white,non-hisp,f,70-74,0.121543,synthetic_seed
FL,2023,white,non-hisp,f,75-79,0.188924,synthetic_seed
FL,2023,white,non-hisp,f,80-84,0.296147,synthetic_seed
FL,2023,white,non-hisp,f,85+,0.510683,synthetic_seed
FL,2023,white,hisp,m,0-4,0.00324,synthetic_seed
FL,2023,white,hisp,m,5-9,0.000648,synthetic_seed
FL,2023,white,hisp,m,10-14,0.000648,synthetic_seed
FL,2023,white,hisp,m,15-19,0.00324,synthetic_seed
FL,2023,white,hisp,m,20-24,0.005184,synthetic_seed
FL,2023,white,hisp,m,25-29,0.00648,synthetic_seed
FL,2023,white,hisp,m,30-34,0.008424,synthetic_seed
FL,2023,white,hisp,m,35-39,0.011664,synthetic_seed
FL,2023,white,hisp,m,40-44,0.01607,synthetic_seed
FL,2023,white,hisp,m,45-49,0.023846,synthetic_seed
FL,2023,white,hisp,m,50-54,0.035251,synthetic_seed
FL,2023,white,hisp,m,55-59,0.051062,synthetic_seed
FL,2023,white,hisp,m,60-64,0.075946,synthetic_seed
FL,2023,white,hisp,m,65-69,0.112493,synthetic_seed
FL,2023,white,hisp,m,70-74,0.17159,synthetic_seed
FL,2023,white,hisp,m,75-79,0.266717,synthetic_seed
FL,2023,white,hisp,m,80-84,0.41809,synthetic_seed
FL,2023,white,hisp,m,85+,0.720965,synthetic_seed
FL,2023,white,hisp,f,0-4,0.002295,synthetic_seed
FL,2023,white,hisp,f,5-9,0.000459,synthetic_seed
FL,2023,white,hisp,f,10-14,0.000459,synthetic_seed
FL,2023,white,hisp,f,15-19,0.002295,synthetic_seed
FL,2023,white,hisp,f,20-24,0.003672,synthetic_seed
FL,2023,white,hisp,f,25-29,0.00459,synthetic_seed
FL,2023,white,hisp,f,30-34,0.005967,synthetic_seed
FL,2023,white,hisp,f,35-39,0.008262,synthetic_seed
FL,2023,white,hisp,f,40-44,0.011383,synthetic_seed
FL,2023,white,hisp,f,45-49,0.016891,synthetic_seed
FL,2023,white,hisp,f,50-54,0.02497,synthetic_seed
FL,2023,white,hisp,f,55-59,0.036169,synthetic_seed
FL,2023,white,hisp,f,60-64,0.053795,synthetic_seed
FL,2023,white,hisp,f,65-69,0.079682,synthetic_seed
FL,2023,white,hisp,f,70-74,0.121543,synthetic_seed
FL,2023,white,hisp,f,75-79,0.188924,synthetic_seed
FL,2023,white,hisp,f,80-84,0.296147,synthetic_seed
FL,2023,white,hisp,f,85+,0.510683,synthetic_seed
FL,2023,black,non-hisp,m,0-4,0.003564,synthetic_seed
FL,2023,black,non-hisp,m,5-9,0.000713,synthetic_seed
FL,2023,black,non-hisp,m,10-14,0.000713,synthetic_seed
FL,2023,black,non-hisp,m,15-19,0.003564,synthetic_seed
FL,2023,black,non-hisp,m,20-24,0.005702,synthetic_seed
FL,2023,black,non-hisp,m,25-29,0.007128,synthetic_seed
FL,2023,black,non-hisp,m,30-34,0.009266,synthetic_seed
FL,2023,black,non-hisp,m,35-39,0.01283,synthetic_seed
FL,2023,black,non-hisp,m,40-44,0.017677,synthetic_seed
FL,2023,black,non-hisp,m,45-49,0.026231,synthetic_seed
FL,2023,black,non-hisp,m,50-54,0.038776,synthetic_seed
FL,2023,black,non-hisp,m,55-59,0.056169,synthetic_seed
FL,2023,black,non-hisp,m,60-64,0.08354,synthetic_seed
FL,2023,black,non-hisp,m,65-69,0.123742,synthetic_seed
FL,2023,black,non-hisp,m,70-74,0.188749,synthetic_seed
FL,2023,black,non-hisp,m,75-79,0.293388,synthetic_seed
FL,2023,black,non-hisp,m,80-84,0.459899,synthetic_seed
FL,2023,black,non-hisp,m,85+,0.793061,synthetic_seed
FL,2023,black,non-hisp,f,0-4,0.002525,synthetic_seed
FL,2023,black,non-hisp,f,5-9,0.000505,synthetic_seed
FL,2023,black,non-hisp,f,10-14,0.000505,synthetic_seed
FL,2023,black,non-hisp,f,15-19,0.002525,synthetic_seed
FL,2023,black,non-hisp,f,20-24,0.004039,synthetic_seed
FL,2023,black,non-hisp,f,25-29,0.005049,synthetic_seed
FL,2023,black,non-hisp,f,30-34,0.006564,synthetic_seed
FL,2023,black,non-hisp,f,35-39,0.009088,synthetic_seed
FL,2023,black,non-hisp,f,40-44,0.012522,synthetic_seed
FL,2023,black,non-hisp,f,45-49,0.01858,synthetic_seed
FL,2023,black,non-hisp,f,50-54,0.027467,synthetic_seed
FL,2023,black,non-hisp,f,55-59,0.039786,synthetic_seed
FL,2023,black,non-hisp,f,60-64,0.059174,synthetic_seed
FL,2023,black,non-hisp,f,65-69,0.087651,synthetic_seed
FL,2023,black,non-hisp,f,70-74,0.133698,synthetic_seed
FL,2023,black,non-hisp,f,75-79,0.207817,synthetic_seed
FL,2023,black,non-hisp,f,80-84,0.325761,synthetic_seed
FL,2023,black,non-hisp,f,85+,0.561752,synthetic_seed
FL,2023,black,hisp,m,0-4,0.003564,synthetic_seed
FL,2023,black,hisp,m,5-9,0.000713,synthetic_seed
FL,2023,black,hisp,m,10-14,0.000713,synthetic_seed
FL,2023,black,hisp,m,15-19,0.003564,synthetic_seed
FL,2023,black,hisp,m,20-24,0.005702,synthetic_seed
FL,2023,black,hisp,m,25-29,0.007128,synthetic_seed
FL,2023,black,hisp,m,30-34,0.009266,synthetic_seed
FL,2023,black,hisp,m,35-39,0.01283,synthetic_seed
FL,2023,black,hisp,m,40-44,0.017677,synthetic_seed
FL,2023,black,hisp,m,45-49,0.026231,synthetic_seed
FL,2023,black,hisp,m,50-54,0.038776,synthetic_seed
FL,2023,black,hisp,m,55-59,0.056169,synthetic_seed
FL,2023,black,hisp,m,60-64,0.08354,synthetic_seed
FL,2023,black,hisp,m,65-69,0.123742,synthetic_seed
FL,2023,black,hisp,m,70-74,0.188749,synthetic_seed
FL,2023,black,hisp,m,75-79,0.293388,synthetic_seed
FL,2023,black,hisp,m,80-84,0.459899,synthetic_seed
FL,2023,black,hisp,m,85+,0.793061,synthetic_seed
FL,2023,black,hisp,f,0-4,0.002525,synthetic_seed
FL,2023,black,hisp,f,5-9,0.000505,synthetic_seed
FL,2023,black,hisp,f,10-14,0.000505,synthetic_seed
FL,2023,black,hisp,f,15-19,0.002525,synthetic_seed
FL,2023,black,hisp,f,20-24,0.004039,synthetic_seed
FL,2023,black,hisp,f,25-29,0.005049,synthetic_seed
FL,2023,black,hisp,f,30-34,0.006564,synthetic_seed
FL,2023,black,hisp,f,35-39,0.009088,synthetic_seed
FL,2023,black,hisp,f,40-44,0.012522,synthetic_seed
FL,2023,black,hisp,f,45-49,0.01858,synthetic_seed
FL,2023,black,hisp,f,50-54,0.027467,synthetic_seed
FL,2023,black,hisp,f,55-59,0.039786,synthetic_seed
FL,2023,black,hisp,f,60-64,0.059174,synthetic_seed
FL,2023,black,hisp,f,65-69,0.087651,synthetic_seed
FL,2023,black,hisp,f,70-74,0.133698,synthetic_seed
FL,2023,black,hisp,f,75-79,0.207817,synthetic_seed
FL,2023,black,hisp,f,80-84,0.325761,synthetic_seed
FL,2023,black,hisp,f,85+,0.561752,synthetic_seed
FL,2023,asian,non-hisp,m,0-4,0.003078,synthetic_seed
FL,2023,asian,non-hisp,m,5-9,0.000616,synthetic_seed
FL,2023,asian,non-hisp,m,10-14,0.000616,synthetic_seed
FL,2023,asian,non-hisp,m,15-19,0.003078,synthetic_seed
FL,2023,asian,non-hisp,m,20-24,0.004925,synthetic_seed
FL,2023,asian,non-hisp,m,25-29,0.006156,synthetic_seed
FL,2023,asian,non-hisp,m,30-34,0.008003,synthetic_seed
FL,2023,asian,non-hisp,m,35-39,0.011081,synthetic_seed
FL,2023,asian,non-hisp,m,40-44,0.015267,synthetic_seed
FL,2023,asian,non-hisp,m,45-49,0.022654,synthetic_seed
FL,2023,asian,non-hisp,m,50-54,0.033489,synthetic_seed
FL,2023,asian,non-hisp,m,55-59,0.048509,synthetic_seed
FL,2023,asian,non-hisp,m,60-64,0.072148,synthetic_seed
FL,2023,asian,non-hisp,m,65-69,0.106868,synthetic_seed
FL,2023,asian,non-hisp,m,70-74,0.163011,synthetic_seed
FL,2023,asian,non-hisp,m,75-79,0.253381,synthetic_seed
FL,2023,asian,non-hisp,m,80-84,0.397185,synthetic_seed
FL,2023,asian,non-hisp,m,85+,0.684917,synthetic_seed
FL,2023,asian,non-hisp,f,0-4,0.00218,synthetic_seed
FL,2023,asian,non-hisp,f,5-9,0.000436,synthetic_seed
FL,2023,asian,non-hisp,f,10-14,0.000436,synthetic_seed
FL,2023,asian,non-hisp,f,15-19,0.00218,synthetic_seed
FL,2023,asian,non-hisp,f,20-24,0.003488,synthetic_seed
FL,2023,asian,non-hisp,f,25-29,0.00436,synthetic_seed
FL,2023,asian,non-hisp,f,30-34,0.005669,synthetic_seed
FL,2023,asian,non-hisp,f,35-39,0.007849,synthetic_seed
FL,2023,asian,non-hisp,f,40-44,0.010814,synthetic_seed
FL,2023,asian,non-hisp,f,45-49,0.016047,synthetic_seed
FL,2023,asian,non-hisp,f,50-54,0.023721,synthetic_seed
FL,2023,asian,non-hisp,f,55-59,0.034361,synthetic_seed
FL,2023,asian,non-hisp,f,60-64,0.051105,synthetic_seed
FL,2023,asian,non-hisp,f,65-69,0.075698,synthetic_seed
FL,2023,asian,non-hisp,f,70-74,0.115466,synthetic_seed
FL,2023,asian,non-hisp,f,75-79,0.179478,synthetic_seed
FL,2023,asian,non-hisp,f,80-84,0.281339,synthetic_seed
FL,2023,asian,non-hisp,f,85+,0.485149,synthetic_seed
FL,2023,asian,hisp,m,0-4,0.003078,synthetic_seed
FL,2023,asian,hisp,m,5-9,0.000616,synthetic_seed
FL,2023,asian,hisp,m,10-14,0.000616,synthetic_seed
FL,2023,asian,hisp,m,15-19,0.003078,synthetic_seed
FL,2023,asian,hisp,m,20-24,0.004925,synthetic_seed
FL,2023,asian,hisp,m,25-29,0.006156,synthetic_seed
FL,2023,asian,hisp,m,30-34,0.008003,synthetic_seed
FL,2023,asian,hisp,m,35-39,0.011081,synthetic_seed
FL,2023,asian,hisp,m,40-44,0.015267,synthetic_seed
FL,2023,asian,hisp,m,45-49,0.022654,synthetic_seed
FL,2023,asian,hisp,m,50-54,0.033489,synthetic_seed
FL,2023,asian,hisp,m,55-59,0.048509,synthetic_seed
FL,2023,asian,hisp,m,60-64,0.072148,synthetic_seed
FL,2023,asian,hisp,m,65-69,0.106868,synthetic_seed
FL,2023,asian,hisp,m,70-74,0.163011,synthetic_seed
FL,2023,asian,hisp,m,75-79,0.253381,synthetic_seed
FL,2023,asian,hisp,m,80-84,0.397185,synthetic_seed
FL,2023,asian,hisp,m,85+,0.684917,synthetic_seed
FL,2023,asian,hisp,f,0-4,0.00218,synthetic_seed
FL,2023,asian,hisp,f,5-9,0.000436,synthetic_seed
FL,2023,asian,hisp,f,10-14,0.000436,synthetic_seed
FL,2023,asian,hisp,f,15-19,0.00218,synthetic_seed
FL,2023,asian,hisp,f,20-24,0.003488,synthetic_seed
FL,2023,asian,hisp,f,25-29,0.00436,synthetic_seed
FL,2023,asian,hisp,f,30-34,0.005669,synthetic_seed
FL,2023,asian,hisp,f,35-39,0.007849,synthetic_seed
FL,2023,asian,hisp,f,40-44,0.010814,synthetic_seed
FL,2023,asian,hisp,f,45-49,0.016047,synthetic_seed
FL,2023,asian,hisp,f,50-54,0.023721,synthetic_seed
FL,2023,asian,hisp,f,55-59,0.034361,synthetic_seed
FL,2023,asian,hisp,f,60-64,0.051105,synthetic_seed
FL,2023,asian,hisp,f,65-69,0.075698,synthetic_seed
FL,2023,asian,hisp,f,70-74,0.115466,synthetic_seed
FL,2023,asian,hisp,f,75-79,0.179478,synthetic_seed
FL,2023,asian,hisp,f,80-84,0.281339,synthetic_seed
FL,2023,asian,hisp,f,85+,0.485149,synthetic_seed
FL,2023,other,non-hisp,m,0-4,0.00324,synthetic_seed
FL,2023,other,non-hisp,m,5-9,0.000648,synthetic_seed
FL,2023,other,non-hisp,m,10-14,0.000648,synthetic_seed
FL,2023,other,non-hisp,m,15-19,0.00324,synthetic_seed
FL,2023,other,non-hisp,m,20-24,0.005184,synthetic_seed
FL,2023,other,non-hisp,m,25-29,0.00648,synthetic_seed
FL,2023,other,non-hisp,m,30-34,0.008424,synthetic_seed
FL,2023,other,non-hisp,m,35-39,0.011664,synthetic_seed
FL,2023,other,non-hisp,m,40-44,0.01607,synthetic_seed
FL,2023,other,non-hisp,m,45-49,0.023846,synthetic_seed
FL,2023,other,non-hisp,m,50-54,0.035251,synthetic_seed
FL,2023,other,non-hisp,m,55-59,0.051062,synthetic_seed
FL,2023,other,non-hisp,m,60-64,0.075946,synthetic_seed
FL,2023,other,non-hisp,m,65-69,0.112493,synthetic_seed
FL,2023,other,non-hisp,m,70-74,0.17159,synthetic_seed
FL,2023,other,non-hisp,m,75-79,0.266717,synthetic_seed
FL,2023,other,non-hisp,m,80-84,0.41809,synthetic_seed
FL,2023,other,non-hisp,m,85+,0.720965,synthetic_seed
FL,2023,other,non-hisp,f,0-4,0.002295,synthetic_seed
FL,2023,other,non-hisp,f,5-9,0.000459,synthetic_seed
FL,2023,other,non-hisp,f,10-14,0.000459,synthetic_seed
FL,2023,other,non-hisp,f,15-19,0.002295,synthetic_seed
FL,2023,other,non-hisp,f,20-24,0.003672,synthetic_seed
FL,2023,other,non-hisp,f,25-29,0.00459,synthetic_seed
FL,2023,other,non-hisp,f,30-34,0.005967,synthetic_seed
FL,2023,other,non-hisp,f,35-39,0.008262,synthetic_seed
FL,2023,other,non-hisp,f,40-44,0.011383,synthetic_seed
FL,2023,other,non-hisp,f,45-49,0.016891,synthetic_seed
FL,2023,other,non-hisp,f,50-54,0.02497,synthetic_seed
FL,2023,other,non-hisp,f,55-59,0.036169,synthetic_seed
FL,2023,other,non-hisp,f,60-64,0.053795,synthetic_seed
FL,2023,other,non-hisp,f,65-69,0.079682,synthetic_seed
FL,2023,other,non-hisp,f,70-74,0.121543,synthetic_seed
FL,2023,other,non-hisp,f,75-79,0.188924,synthetic_seed
FL,2023,other,non-hisp,f,80-84,0.296147,synthetic_seed
FL,2023,other,non-hisp,f,85+,0.510683,synthetic_seed
FL,2023,other,hisp,m,0-4,0.00324,synthetic_seed
FL,2023,other,hisp,m,5-9,0.000648,synthetic_seed
FL,2023,other,hisp,m,10-14,0.000648,synthetic_seed
FL,2023,other,hisp,m,15-19,0.00324,synthetic_seed
FL,2023,other,hisp,m,20-24,0.005184,synthetic_seed
FL,2023,other,hisp,m,25-29,0.00648,synthetic_seed
FL,2023,other,hisp,m,30-34,0.008424,synthetic_seed
FL,2023,other,hisp,m,35-39,0.011664,synthetic_seed
FL,2023,other,hisp,m,40-44,0.01607,synthetic_seed
FL,2023,other,hisp,m,45-49,0.023846,synthetic_seed
FL,2023,other,hisp,m,50-54,0.035251,synthetic_seed
FL,2023,other,hisp,m,55-59,0.051062,synthetic_seed
FL,2023,other,hisp,m,60-64,0.075946,synthetic_seed
FL,2023,other,hisp,m,65-69,0.112493,synthetic_seed
FL,2023,other,hisp,m,70-74,0.17159,synthetic_seed
FL,2023,other,hisp,m,75-79,0.266717,synthetic_seed
FL,2023,other,hisp,m,80-84,0.41809,synthetic_seed
FL,2023,other,hisp,m,85+,0.720965,synthetic_seed
FL,2023,other,hisp,f,0-4,0.002295,synthetic_seed
FL,2023,other,hisp,f,5-9,0.000459,synthetic_seed
FL,2023,other,hisp,f,10-14,0.000459,synthetic_seed
FL,2023,other,hisp,f,15-19,0.002295,synthetic_seed
FL,2023,other,hisp,f,20-24,0.003672,synthetic_seed
FL,2023,other,hisp,f,25-29,0.00459,synthetic_seed
FL,2023,other,hisp,f,30-34,0.005967,synthetic_seed
FL,2023,other,hisp,f,35-39,0.008262,synthetic_seed
FL,2023,other,hisp,f,40-44,0.011383,synthetic_seed
FL,2023,other,hisp,f,45-49,0.016891,synthetic_seed
FL,2023,other,hisp,f,50-54,0.02497,synthetic_seed
FL,2023,other,hisp,f,55-59,0.036169,synthetic_seed
FL,2023,other,hisp,f,60-64,0.053795,synthetic_seed
FL,2023,other,hisp,f,65-69,0.079682,synthetic_seed
FL,2023,other,hisp,f,70-74,0.121543,synthetic_seed
FL,2023,other,hisp,f,75-79,0.188924,synthetic_seed
FL,2023,other,hisp,f,80-84,0.296147,synthetic_seed
FL,2023,other,hisp,f,85+,0.510683,synthetic_seed
GA,2023,white,non-hisp,m,0-4,0.00324,synthetic_seed
GA,2023,white,non-hisp,m,5-9,0.000648,synthetic_seed
GA,2023,white,non-hisp,m,10-14,0.000648,synthetic_seed
GA,2023,white,non-hisp,m,15-19,0.00324,synthetic_seed
GA,2023,white,non-hisp,m,20-24,0.005184,synthetic_seed
GA,2023,white,non-hisp,m,25-29,0.00648,synthetic_seed
GA,2023,white,non-hisp,m,30-34,0.008424,synthetic_seed
GA,2023,white,non-hisp,m,35-39,0.011664,synthetic_seed
GA,2023,white,non-hisp,m,40-44,0.01607,synthetic_seed
GA,2023,white,non-hisp,m,45-49,0.023846,synthetic_seed
GA,2023,white,non-hisp,m,50-54,0.035251,synthetic_seed
GA,2023,white,non-hisp,m,55-59,0.051062,synthetic_seed
GA,2023,white,non-hisp,m,60-64,0.075946,synthetic_seed
GA,2023,white,non-hisp,m,65-69,0.112493,synthetic_seed
GA,2023,white,non-hisp,m,70-74,0.17159,synthetic_seed
GA,2023,white,non-hisp,m,75-79,0.266717,synthetic_seed
GA,2023,white,non-hisp,m,80-84,0.41809,synthetic_seed
GA,2023,white,non-hisp,m,85+,0.720965,synthetic_seed
GA,2023,white,non-hisp,f,0-4,0.002295,synthetic_seed
GA,2023,white,non-hisp,f,5-9,0.000459,synthetic_seed
GA,2023,white,non-hisp,f,10-14,0.000459,synthetic_seed
GA,2023,white,non-hisp,f,15-19,0.002295,synthetic_seed
GA,2023,white,non-hisp,f,20-24,0.003672,synthetic_seed
GA,2023,white,non-hisp,f,25-29,0.00459,synthetic_seed
GA,2023,white,non-hisp,f,30-34,0.005967,synthetic_seed
GA,2023,white,non-hisp,f,35-39,0.008262,synthetic_seed
GA,2023,white,non-hisp,f,40-44,0.011383,synthetic_seed
GA,2023,white,non-hisp,f,45-49,0.016891,synthetic_seed
GA,2023,white,non-hisp,f,50-54,0.02497,synthetic_seed
GA,2023,white,non-hisp,f,55-59,0.036169,synthetic_seed
GA,2023,white,non-hisp,f,60-64,0.053795,synthetic_seed
GA,2023,white,non-hisp,f,65-69,0.079682,synthetic_seed
GA,2023,white,non-hisp,f,70-74,0.121543,synthetic_seed
GA,2023,white,non-hisp,f,75-79,0.188924,synthetic_seed
GA,2023,white,non-hisp,f,80-84,0.296147,synthetic_seed
GA,2023,white,non-hisp,f,85+,0.510683,synthetic_seed
GA,2023,white,hisp,m,0-4,0.00324,synthetic_seed
GA,2023,white,hisp,m,5-9,0.000648,synthetic_seed
GA,2023,white,hisp,m,10-14,0.000648,synthetic_seed
GA,2023,white,hisp,m,15-19,0.00324,synthetic_seed
GA,2023,white,hisp,m,20-24,0.005184,synthetic_seed
GA,2023,white,hisp,m,25-29,0.00648,synthetic_seed
GA,2023,white,hisp,m,30-34,0.008424,synthetic_seed
GA,2023,white,hisp,m,35-39,0.011664,synthetic_seed
GA,2023,white,hisp,m,40-44,0.01607,synthetic_seed
GA,2023,white,hisp,m,45-49,0.023846,synthetic_seed
GA,2023,white,hisp,m,50-54,0.035251,synthetic_seed
GA,2023,white,hisp,m,55-59,0.051062,synthetic_seed
GA,2023,white,hisp,m,60-64,0.075946,synthetic_seed
GA,2023,white,hisp,m,65-69,0.112493,synthetic_seed
GA,2023,white,hisp,m,70-74,0.17159,synthetic_seed
GA,2023,white,hisp,m,75-79,0.266717,synthetic_seed
GA,2023,white,hisp,m,80-84,0.41809,synthetic_seed
GA,2023,white,hisp,m,85+,0.720965,synthetic_seed
GA,2023,white,hisp,f,0-4,0.002295,synthetic_seed
GA,2023,white,hisp,f,5-9,0.000459,synthetic_seed
GA,2023,white,hisp,f,10-14,0.000459,synthetic_seed
GA,2023,white,hisp,f,15-19,0.002295,synthetic_seed
GA,2023,white,hisp,f,20-24,0.003672,synthetic_seed
GA,2023,white,hisp,f,25-29,0.00459,synthetic_seed
GA,2023,white,hisp,f,30-34,0.005967,synthetic_seed
GA,2023,white,hisp,f,35-39,0.008262,synthetic_seed
GA,2023,white,hisp,f,40-44,0.011383,synthetic_seed
GA,2023,white,hisp,f,45-49,0.016891,synthetic_seed
GA,2023,white,hisp,f,50-54,0.02497,synthetic_seed
GA,2023,white,hisp,f,55-59,0.036169,synthetic_seed
GA,2023,white,hisp,f,60-64,0.053795,synthetic_seed
GA,2023,white,hisp,f,65-69,0.079682,synthetic_seed
GA,2023,white,hisp,f,70-74,0.121543,synthetic_seed
GA,2023,white,hisp,f,75-79,0.188924,synthetic_seed
GA,2023,white,hisp,f,80-84,0.296147,synthetic_seed
GA,2023,white,hisp,f,85+,0.510683,synthetic_seed
GA,2023,black,non-hisp,m,0-4,0.003564,synthetic_seed
GA,2023,black,non-hisp,m,5-9,0.000713,synthetic_seed
GA,2023,black,non-hisp,m,10-14,0.000713,synthetic_seed
GA,2023,black,non-hisp,m,15-19,0.003564,synthetic_seed
GA,2023,black,non-hisp,m,20-24,0.005702,synthetic_seed
GA,2023,black,non-hisp,m,25-29,0.007128,synthetic_seed
GA,2023,black,non-hisp,m,30-34,0.009266,synthetic_seed
GA,2023,black,non-hisp,m,35-39,0.01283,synthetic_seed
GA,2023,black,non-hisp,m,40-44,0.017677,synthetic_seed
GA,2023,black,non-hisp,m,45-49,0.026231,synthetic_seed
GA,2023,black,non-hisp,m,50-54,0.038776,synthetic_seed
GA,2023,black,non-hisp,m,55-59,0.056169,synthetic_seed
GA,2023,black,non-hisp,m,60-64,0.08354,synthetic_seed
GA,2023,black,non-hisp,m,65-69,0.123742,synthetic_seed
GA,2023,black,non-hisp,m,70-74,0.188749,synthetic_seed
GA,2023,black,non-hisp,m,75-79,0.293388,synthetic_seed
GA,2023,black,non-hisp,m,80-84,0.459899,synthetic_seed
GA,2023,black,non-hisp,m,85+,0.793061,synthetic_seed
GA,2023,black,non-hisp,f,0-4,0.002525,synthetic_seed
GA,2023,black,non-hisp,f,5-9,0.000505,synthetic_seed
GA,2023,black,non-hisp,f,10-14,0.000505,synthetic_seed
GA,2023,black,non-hisp,f,15-19,0.002525,synthetic_seed
GA,2023,black,non-hisp,f,20-24,0.004039,synthetic_seed
GA,2023,black,non-hisp,f,25-29,0.005049,synthetic_seed
GA,2023,black,non-hisp,f,30-34,0.006564,synthetic_seed
GA,2023,black,non-hisp,f,35-39,0.009088,synthetic_seed
GA,2023,black,non-hisp,f,40-44,0.012522,synthetic_seed
GA,2023,black,non-hisp,f,45-49,0.01858,synthetic_seed
GA,2023,black,non-hisp,f,50-54,0.027467,synthetic_seed
GA,2023,black,non-hisp,f,55-59,0.039786,synthetic_seed
GA,2023,black,non-hisp,f,60-64,0.059174,synthetic_seed
GA,2023,black,non-hisp,f,65-69,0.087651,synthetic_seed
GA,2023,black,non-hisp,f,70-74,0.133698,synthetic_seed
GA,2023,black,non-hisp,f,75-79,0.207817,synthetic_seed
GA,2023,black,non-hisp,f,80-84,0.325761,synthetic_seed
GA,2023,black,non-hisp,f,85+,0.561752,synthetic_seed
GA,2023,black,hisp,m,0-4,0.003564,synthetic_seed
GA,2023,black,hisp,m,5-9,0.000713,synthetic_seed
GA,2023,black,hisp,m,10-14,0.000713,synthetic_seed
GA,2023,black,hisp,m,15-19,0.003564,synthetic_seed
GA,2023,black,hisp,m,20-24,0.005702,synthetic_seed
GA,2023,black,hisp,m,25-29,0.007128,synthetic_seed
GA,2023,black,hisp,m,30-34,0.009266,synthetic_seed
GA,2023,black,hisp,m,35-39,0.01283,synthetic_seed
GA,2023,black,hisp,m,40-44,0.017677,synthetic_seed
GA,2023,black,hisp,m,45-49,0.026231,synthetic_seed
GA,2023,black,hisp,m,50-54,0.038776,synthetic_seed
GA,2023,black,hisp,m,55-59,0.056169,synthetic_seed
GA,2023,black,hisp,m,60-64,0.08354,synthetic_seed
GA,2023,black,hisp,m,65-69,0.123742,synthetic_seed
GA,2023,black,hisp,m,70-74,0.188749,synthetic_seed
GA,2023,black,hisp,m,75-79,0.293388,synthetic_seed
GA,2023,black,hisp,m,80-84,0.459899,synthetic_seed
GA,2023,black,hisp,m,85+,0.793061,synthetic_seed
GA,2023,black,hisp,f,0-4,0.002525,synthetic_seed
GA,2023,black,hisp,f,5-9,0.000505,synthetic_seed
GA,2023,black,hisp,f,10-14,0.000505,synthetic_seed
GA,2023,black,hisp,f,15-19,0.002525,synthetic_seed
GA,2023,black,hisp,f,20-24,0.004039,synthetic_seed
GA,2023,black,hisp,f,25-29,0.005049,synthetic_seed
GA,2023,black,hisp,f,30-34,0.006564,synthetic_seed
GA,2023,black,hisp,f,35-39,0.009088,synthetic_seed
GA,2023,black,hisp,f,40-44,0.012522,synthetic_seed
GA,2023,black,hisp,f,45-49,0.01858,synthetic_seed
GA,2023,black,hisp,f,50-54,0.027467,synthetic_seed
GA,2023,black,hisp,f,55-59,0.039786,synthetic_seed
GA,2023,black,hisp,f,60-64,0.059174,synthetic_seed
GA,2023,black,hisp,f,65-69,0.087651,synthetic_seed
GA,2023,black,hisp,f,70-74,0.133698,synthetic_seed
GA,2023,black,hisp,f,75-79,0.207817,synthetic_seed
GA,2023,black,hisp,f,80-84,0.325761,synthetic_seed
GA,2023,black,hisp,f,85+,0.561752,synthetic_seed
GA,2023,asian,non-hisp,m,0-4,0.003078,synthetic_seed
GA,2023,asian,non-hisp,m,5-9,0.000616,synthetic_seed
GA,2023,asian,non-hisp,m,10-14,0.000616,synthetic_seed
GA,2023,asian,non-hisp,m,15-19,0.003078,synthetic_seed
GA,2023,asian,non-hisp,m,20-24,0.004925,synthetic_seed
GA,2023,asian,non-hisp,m,25-29,0.006156,synthetic_seed
GA,2023,asian,non-hisp,m,30-34,0.008003,synthetic_seed
GA,2023,asian,non-hisp,m,35-39,0.011081,synthetic_seed
GA,2023,asian,non-hisp,m,40-44,0.015267,synthetic_seed
GA,2023,asian,non-hisp,m,45-49,0.022654,synthetic_seed
GA,2023,asian,non-hisp,m,50-54,0.033489,synthetic_seed
GA,2023,asian,non-hisp,m,55-59,0.048509,synthetic_seed
GA,2023,asian,non-hisp,m,60-64,0.072148,synthetic_seed
GA,2023,asian,non-hisp,m,65-69,0.106868,synthetic_seed
GA,2023,asian,non-hisp,m,70-74,0.163011,synthetic_seed
GA,2023,asian,non-hisp,m,75-79,0.253381,synthetic_seed
GA,2023,asian,non-hisp,m,80-84,0.397185,synthetic_seed
GA,2023,asian,non-hisp,m,85+,0.684917,synthetic_seed
GA,2023,asian,non-hisp,f,0-4,0.00218,synthetic_seed
GA,2023,asian,non-hisp,f,5-9,0.000436,synthetic_seed
GA,2023,asian,non-hisp,f,10-14,0.000436,synthetic_seed
GA,2023,asian,non-hisp,f,15-19,0.00218,synthetic_seed
GA,2023,asian,non-hisp,f,20-24,0.003488,synthetic_seed
GA,2023,asian,non-hisp,f,25-29,0.00436,synthetic_seed
GA,2023,asian,non-hisp,f,30-34,0.005669,synthetic_seed
GA,2023,asian,non-hisp,f,35-39,0.007849,synthetic_seed
GA,2023,asian,non-hisp,f,40-44,0.010814,synthetic_seed
GA,2023,asian,non-hisp,f,45-49,0.016047,synthetic_seed
GA,2023,asian,non-hisp,f,50-54,0.023721,synthetic_seed
GA,2023,asian,non-hisp,f,55-59,0.034361,synthetic_seed
GA,2023,asian,non-hisp,f,60-64,0.051105,synthetic_seed
GA,2023,asian,non-hisp,f,65-69,0.075698,synthetic_seed
GA,2023,asian,non-hisp,f,70-74,0.115466,synthetic_seed
GA,2023,asian,non-hisp,f,75-79,0.179478,synthetic_seed
GA,2023,asian,non-hisp,f,80-84,0.281339,synthetic_seed
GA,2023,asian,non-hisp,f,85+,0.485149,synthetic_seed
GA,2023,asian,hisp,m,0-4,0.003078,synthetic_seed
GA,2023,asian,hisp,m,5-9,0.000616,synthetic_seed
GA,2023,asian,hisp,m,10-14,0.000616,synthetic_seed
GA,2023,asian,hisp,m,15-19,0.003078,synthetic_seed
GA,2023,asian,hisp,m,20-24,0.004925,synthetic_seed
GA,2023,asian,hisp,m,25-29,0.006156,synthetic_seed
GA,2023,asian,hisp,m,30-34,0.008003,synthetic_seed
GA,2023,asian,hisp,m,35-39,0.011081,synthetic_seed
GA,2023,asian,hisp,m,40-44,0.015267,synthetic_seed
GA,2023,asian,hisp,m,45-49,0.022654,synthetic_seed
GA,2023,asian,hisp,m,50-54,0.033489,synthetic_seed
GA,2023,asian,hisp,m,55-59,0.048509,synthetic_seed
GA,2023,asian,hisp,m,60-64,0.072148,synthetic_seed
GA,2023,asian,hisp,m,65-69,0.106868,synthetic_seed
GA,2023,asian,hisp,m,70-74,0.163011,synthetic_seed
GA,2023,asian,hisp,m,75-79,0.253381,synthetic_seed
GA,2023,asian,hisp,m,80-84,0.397185,synthetic_seed
GA,2023,asian,hisp,m,85+,0.684917,synthetic_seed
GA,2023,asian,hisp,f,0-4,0.00218,synthetic_seed
GA,2023,asian,hisp,f,5-9,0.000436,synthetic_seed
GA,2023,asian,hisp,f,10-14,0.000436,synthetic_seed
GA,2023,asian,hisp,f,15-19,0.00218,synthetic_seed
GA,2023,asian,hisp,f,20-24,0.003488,synthetic_seed
GA,2023,asian,hisp,f,25-29,0.00436,synthetic_seed
GA,2023,asian,hisp,f,30-34,0.005669,synthetic_seed
GA,2023,asian,hisp,f,35-39,0.007849,synthetic_seed
GA,2023,asian,hisp,f,40-44,0.010814,synthetic_seed
GA,2023,asian,hisp,f,45-49,0.016047,synthetic_seed
GA,2023,asian,hisp,f,50-54,0.023721,synthetic_seed
GA,2023,asian,hisp,f,55-59,0.034361,synthetic_seed
GA,2023,asian,hisp,f,60-64,0.051105,synthetic_seed
GA,2023,asian,hisp,f,65-69,0.075698,synthetic_seed
GA,2023,asian,hisp,f,70-74,0.115466,synthetic_seed
GA,2023,asian,hisp,f,75-79,0.179478,synthetic_seed
GA,2023,asian,hisp,f,80-84,0.281339,synthetic_seed
GA,2023,asian,hisp,f,85+,0.485149,synthetic_seed
GA,2023,other,non-hisp,m,0-4,0.00324,synthetic_seed
GA,2023,other,non-hisp,m,5-9,0.000648,synthetic_seed
GA,2023,other,non-hisp,m,10-14,0.000648,synthetic_seed
GA,2023,other,non-hisp,m,15-19,0.00324,synthetic_seed
GA,2023,other,non-hisp,m,20-24,0.005184,synthetic_seed
GA,2023,other,non-hisp,m,25-29,0.00648,synthetic_seed
GA,2023,other,non-hisp,m,30-34,0.008424,synthetic_seed
GA,2023,other,non-hisp,m,35-39,0.011664,synthetic_seed
GA,2023,other,non-hisp,m,40-44,0.01607,synthetic_seed
GA,2023,other,non-hisp,m,45-49,0.023846,synthetic_seed
GA,2023,other,non-hisp,m,50-54,0.035251,synthetic_seed
GA,2023,other,non-hisp,m,55-59,0.051062,synthetic_seed
GA,2023,other,non-hisp,m,60-64,0.075946,synthetic_seed
GA,2023,other,non-hisp,m,65-69,0.112493,synthetic_seed
GA,2023,other,non-hisp,m,70-74,0.17159,synthetic_seed
GA,2023,other,non-hisp,m,75-79,0.266717,synthetic_seed
GA,2023,other,non-hisp,m,80-84,0.41809,synthetic_seed
GA,2023,other,non-hisp,m,85+,0.720965,synthetic_seed
GA,2023,other,non-hisp,f,0-4,0.002295,synthetic_seed
GA,2023,other,non-hisp,f,5-9,0.000459,synthetic_seed
GA,2023,other,non-hisp,f,10-14,0.000459,synthetic_seed
GA,2023,other,non-hisp,f,15-19,0.002295,synthetic_seed
GA,2023,other,non-hisp,f,20-24,0.003672,synthetic_seed
GA,2023,other,non-hisp,f,25-29,0.00459,synthetic_seed
GA,2023,other,non-hisp,f,30-34,0.005967,synthetic_seed
GA,2023,other,non-hisp,f,35-39,0.008262,synthetic_seed
GA,2023,other,non-hisp,f,40-44,0.011383,synthetic_seed
GA,2023,other,non-hisp,f,45-49,0.016891,synthetic_seed
GA,2023,other,non-hisp,f,50-54,0.02497,synthetic_seed
GA,2023,other,non-hisp,f,55-59,0.036169,synthetic_seed
GA,2023,other,non-hisp,f,60-64,0.053795,synthetic_seed
GA,2023,other,non-hisp,f,65-69,0.079682,synthetic_seed
GA,2023,other,non-hisp,f,70-74,0.121543,synthetic_seed
GA,2023,other,non-hisp,f,75-79,0.188924,synthetic_seed
GA,2023,other,non-hisp,f,80-84,0.296147,synthetic_seed
GA,2023,other,non-hisp,f,85+,0.510683,synthetic_seed
GA,2023,other,hisp,m,0-4,0.00324,synthetic_seed
GA,2023,other,hisp,m,5-9,0.000648,synthetic_seed
GA,2023,other,hisp,m,10-14,0.000648,synthetic_seed
GA,2023,other,hisp,m,15-19,0.00324,synthetic_seed
GA,2023,other,hisp,m,20-24,0.005184,synthetic_seed
GA,2023,other,hisp,m,25-29,0.00648,synthetic_seed
GA,2023,other,hisp,m,30-34,0.008424,synthetic_seed
GA,2023,other,hisp,m,35-39,0.011664,synthetic_seed
GA,2023,other,hisp,m,40-44,0.01607,synthetic_seed
GA,2023,other,hisp,m,45-49,0.023846,synthetic_seed
GA,2023,other,hisp,m,50-54,0.035251,synthetic_seed
GA,2023,other,hisp,m,55-59,0.051062,synthetic_seed
GA,2023,other,hisp,m,60-64,0.075946,synthetic_seed
GA,2023,other,hisp,m,65-69,0.112493,synthetic_seed
GA,2023,other,hisp,m,70-74,0.17159,synthetic_seed
GA,2023,other,hisp,m,75-79,0.266717,synthetic_seed
GA,2023,other,hisp,m,80-84,0.41809,synthetic_seed
GA,2023,other,hisp,m,85+,0.720965,synthetic_seed
GA,2023,other,hisp,f,0-4,0.002295,synthetic_seed
GA,2023,other,hisp,f,5-9,0.000459,synthetic_seed
GA,2023,other,hisp,f,10-14,0.000459,synthetic_seed
GA,2023,other,hisp,f,15-19,0.002295,synthetic_seed
GA,2023,other,hisp,f,20-24,0.003672,synthetic_seed
GA,2023,other,hisp,f,25-29,0.00459,synthetic_seed
GA,2023,other,hisp,f,30-34,0.005967,synthetic_seed
GA,2023,other,hisp,f,35-39,0.008262,synthetic_seed
GA,2023,other,hisp,f,40-44,0.011383,synthetic_seed
GA,2023,other,hisp,f,45-49,0.016891,synthetic_seed
GA,2023,other,hisp,f,50-54,0.02497,synthetic_seed
GA,2023,other,hisp,f,55-59,0.036169,synthetic_seed
GA,2023,other,hisp,f,60-64,0.053795,synthetic_seed
GA,2023,other,hisp,f,65-69,0.079682,synthetic_seed
GA,2023,other,hisp,f,70-74,0.121543,synthetic_seed
GA,2023,other,hisp,f,75-79,0.188924,synthetic_seed
GA,2023,other,hisp,f,80-84,0.296147,synthetic_seed
GA,2023,other,hisp,f,85+,0.510683,synthetic_seed
HI,2023,white,non-hisp,m,0-4,0.00291,synthetic_seed
HI,2023,white,non-hisp,m,5-9,0.000582,synthetic_seed
HI,2023,white,non-hisp,m,10-14,0.000582,synthetic_seed
HI,2023,white,non-hisp,m,15-19,0.00291,synthetic_seed
HI,2023,white,non-hisp,m,20-24,0.004656,synthetic_seed
HI,2023,white,non-hisp,m,25-29,0.00582,synthetic_seed
HI,2023,white,non-hisp,m,30-34,0.007566,synthetic_seed
HI,2023,white,non-hisp,m,35-39,0.010476,synthetic_seed
HI,2023,white,non-hisp,m,40-44,0.014434,synthetic_seed
HI,2023,white,non-hisp,m,45-49,0.021418,synthetic_seed
HI,2023,white,non-hisp,m,50-54,0.031661,synthetic_seed
HI,2023,white,non-hisp,m,55-59,0.045862,synthetic_seed
HI,2023,white,non-hisp,m,60-64,0.06821,synthetic_seed
HI,2023,white,non-hisp,m,65-69,0.101035,synthetic_seed
HI,2023,white,non-hisp,m,70-74,0.154114,synthetic_seed
HI,2023,white,non-hisp,m,75-79,0.239551,synthetic_seed
HI,2023,white,non-hisp,m,80-84,0.375506,synthetic_seed
HI,2023,white,non-hisp,m,85+,0.647533,synthetic_seed
HI,2023,white,non-hisp,f,0-4,0.002061,synthetic_seed
HI,2023,white,non-hisp,f,5-9,0.000412,synthetic_seed
HI,2023,white,non-hisp,f,10-14,0.000412,synthetic_seed
HI,2023,white,non-hisp,f,15-19,0.002061,synthetic_seed
HI,2023,white,non-hisp,f,20-24,0.003298,synthetic_seed
HI,2023,white,non-hisp,f,25-29,0.004123,synthetic_seed
HI,2023,white,non-hisp,f,30-34,0.005359,synthetic_seed
HI,2023,white,non-hisp,f,35-39,0.007421,synthetic_seed
HI,2023,white,non-hisp,f,40-44,0.010224,synthetic_seed
HI,2023,white,non-hisp,f,45-49,0.015171,synthetic_seed
HI,2023,white,non-hisp,f,50-54,0.022426,synthetic_seed
HI,2023,white,non-hisp,f,55-59,0.032485,synthetic_seed
HI,2023,white,non-hisp,f,60-64,0.048316,synthetic_seed
HI,2023,white,non-hisp,f,65-69,0.071567,synthetic_seed
HI,2023,white,non-hisp,f,70-74,0.109164,synthetic_seed
HI,2023,white,non-hisp,f,75-79,0.169682,synthetic_seed
HI,2023,white,non-hisp,f,80-84,0.265984,synthetic_seed
HI,2023,white,non-hisp,f,85+,0.458669,synthetic_seed
HI,2023,white,hisp,m,0-4,0.00291,synthetic_seed
HI,2023,white,hisp,m,5-9,0.000582,synthetic_seed
HI,2023,white,hisp,m,10-14,0.000582,synthetic_seed
HI,2023,white,hisp,m,15-19,0.00291,synthetic_seed
HI,2023,white,hisp,m,20-24,0.004656,synthetic_seed
HI,2023,white,hisp,m,25-29,0.00582,synthetic_seed
HI,2023,white,hisp,m,30-34,0.007566,synthetic_seed
HI,2023,white,hisp,m,35-39,0.010476,synthetic_seed
HI,2023,white,hisp,m,40-44,0.014434,synthetic_seed
HI,2023,white,hisp,m,45-49,0.021418,synthetic_seed
HI,2023,white,hisp,m,50-54,0.031661,synthetic_seed
HI,2023,white,hisp,m,55-59,0.045862,synthetic_seed
HI,2023,white,hisp,m,60-64,0.06821,synthetic_seed
HI,2023,white,hisp,m,65-69,0.101035,synthetic_seed
HI,2023,white,hisp,m,70-74,0.154114,synthetic_seed
HI,2023,white,hisp,m,75-79,0.239551,synthetic_seed
HI,2023,white,hisp,m,80-84,0.375506,synthetic_seed
HI,2023,white,hisp,m,85+,0.647533,synthetic_seed
HI,2023,white,hisp,f,0-4,0.002061,synthetic_seed
HI,2023,white,hisp,f,5-9,0.000412,synthetic_seed
HI,2023,white,hisp,f,10-14,0.000412,synthetic_seed
HI,2023,white,hisp,f,15-19,0.002061,synthetic_seed
HI,2023,white,hisp,f,20-24,0.003298,synthetic_seed
HI,2023,white,hisp,f,25-29,0.004123,synthetic_seed
HI,2023,white,hisp,f,30-34,0.005359,synthetic_seed
HI,2023,white,hisp,f,35-39,0.007421,synthetic_seed
HI,2023,white,hisp,f,40-44,0.010224,synthetic_seed
HI,2023,white,hisp,f,45-49,0.015171,synthetic_seed
HI,2023,white,hisp,f,50-54,0.022426,synthetic_seed
HI,2023,white,hisp,f,55-59,0.032485,synthetic_seed
HI,2023,white,hisp,f,60-64,0.048316,synthetic_seed
HI,2023,white,hisp,f,65-69,0.071567,synthetic_seed
HI,2023,white,hisp,f,70-74,0.109164,synthetic_seed
HI,2023,white,hisp,f,75-79,0.169682,synthetic_seed
HI,2023,white,hisp,f,80-84,0.265984,synthetic_seed
HI,2023,white,hisp,f,85+,0.458669,synthetic_seed
HI,2023,black,non-hisp,m,0-4,0.003201,synthetic_seed
HI,2023,black,non-hisp,m,5-9,0.00064,synthetic_seed
HI,2023,black,non-hisp,m,10-14,0.00064,synthetic_seed
HI,2023,black,non-hisp,m,15-19,0.003201,synthetic_seed
HI,2023,black,non-hisp,m,20-24,0.005122,synthetic_seed
HI,2023,black,non-hisp,m,25-29,0.006402,synthetic_seed
HI,2023,black,non-hisp,m,30-34,0.008323,synthetic_seed
HI,2023,black,non-hisp,m,35-39,0.011524,synthetic_seed
HI,2023,black,non-hisp,m,40-44,0.015877,synthetic_seed
HI,2023,black,non-hisp,m,45-49,0.023559,synthetic_seed
HI,2023,black,non-hisp,m,50-54,0.034827,synthetic_seed
HI,2023,black,non-hisp,m,55-59,0.050448,synthetic_seed
HI,2023,black,non-hisp,m,60-64,0.075031,synthetic_seed
HI,2023,black,non-hisp,m,65-69,0.111139,synthetic_seed
HI,2023,black,non-hisp,m,70-74,0.169525,synthetic_seed
HI,2023,black,non-hisp,m,75-79,0.263506,synthetic_seed
HI,2023,black,non-hisp,m,80-84,0.413057,synthetic_seed
HI,2023,black,non-hisp,m,85+,0.712287,synthetic_seed
HI,2023,black,non-hisp,f,0-4,0.002267,synthetic_seed
HI,2023,black,non-hisp,f,5-9,0.000453,synthetic_seed
HI,2023,black,non-hisp,f,10-14,0.000453,synthetic_seed
HI,2023,black,non-hisp,f,15-19,0.002267,synthetic_seed
HI,2023,black,non-hisp,f,20-24,0.003628,synthetic_seed
HI,2023,black,non-hisp,f,25-29,0.004535,synthetic_seed
HI,2023,black,non-hisp,f,30-34,0.005895,synthetic_seed
HI,2023,black,non-hisp,f,35-39,0.008163,synthetic_seed
HI,2023,black,non-hisp,f,40-44,0.011246,synthetic_seed
HI,2023,black,non-hisp,f,45-49,0.016688,synthetic_seed
HI,2023,black,non-hisp,f,50-54,0.024669,synthetic_seed
HI,2023,black,non-hisp,f,55-59,0.035734,synthetic_seed
HI,2023,black,non-hisp,f,60-64,0.053147,synthetic_seed
HI,2023,black,non-hisp,f,65-69,0.078723,synthetic_seed
HI,2023,black,non-hisp,f,70-74,0.12008,synthetic_seed
HI,2023,black,non-hisp,f,75-79,0.18665,synthetic_seed
HI,2023,black,non-hisp,f,80-84,0.292582,synthetic_seed
HI,2023,black,non-hisp,f,85+,0.504536,synthetic_seed
HI,2023,black,hisp,m,0-4,0.003201,synthetic_seed
HI,2023,black,hisp,m,5-9,0.00064,synthetic_seed
HI,2023,black,hisp,m,10-14,0.00064,synthetic_seed
HI,2023,black,hisp,m,15-19,0.003201,synthetic_seed
HI,2023,black,hisp,m,20-24,0.005122,synthetic_seed
HI,2023,black,hisp,m,25-29,0.006402,synthetic_seed
HI,2023,black,hisp,m,30-34,0.008323,synthetic_seed
HI,2023,black,hisp,m,35-39,0.011524,synthetic_seed
HI,2023,black,hisp,m,40-44,0.015877,synthetic_seed
HI,2023,black,hisp,m,45-49,0.023559,synthetic_seed
HI,2023,black,hisp,m,50-54,0.034827,synthetic_seed
HI,2023,black,hisp,m,55-59,0.050448,synthetic_seed
HI,2023,black,hisp,m,60-64,0.075031,synthetic_seed
HI,2023,black,hisp,m,65-69,0.111139,synthetic_seed
HI,2023,black,hisp,m,70-74,0.169525,synthetic_seed
HI,2023,black,hisp,m,75-79,0.263506,synthetic_seed
HI,2023,black,hisp,m,80-84,0.413057,synthetic_seed
HI,2023,black,hisp,m,85+,0.712287,synthetic_seed
HI,2023,black,hisp,f,0-4,0.002267,synthetic_seed
HI,2023,black,hisp,f,5-9,0.000453,synthetic_seed
HI,2023,black,hisp,f,10-14,0.000453,synthetic_seed
HI,2023,black,hisp,f,15-19,0.002267,synthetic_seed
HI,2023,black,hisp,f,20-24,0.003628,synthetic_seed
HI,2023,black,hisp,f,25-29,0.004535,synthetic_seed
HI,2023,black,hisp,f,30-34,0.005895,synthetic_seed
HI,2023,black,hisp,f,35-39,0.008163,synthetic_seed
HI,2023,black,hisp,f,40-44,0.011246,synthetic_seed
HI,2023,black,hisp,f,45-49,0.016688,synthetic_seed
HI,2023,black,hisp,f,50-54,0.024669,synthetic_seed
HI,2023,black,hisp,f,55-59,0.035734,synthetic_seed
HI,2023,black,hisp,f,60-64,0.053147,synthetic_seed
HI,2023,black,hisp,f,65-69,0.078723,synthetic_seed
HI,2023,black,hisp,f,70-74,0.12008,synthetic_seed
HI,2023,black,hisp,f,75-79,0.18665,synthetic_seed
HI,2023,black,hisp,f,80-84,0.292582,synthetic_seed
HI,2023,black,hisp,f,85+,0.504536,synthetic_seed
HI,2023,asian,non-hisp,m,0-4,0.002764,synthetic_seed
HI,2023,asian,non-hisp,m,5-9,0.000553,synthetic_seed
HI,2023,asian,non-hisp,m,10-14,0.000553,synthetic_seed
HI,2023,asian,non-hisp,m,15-19,0.002764,synthetic_seed
HI,2023,asian,non-hisp,m,20-24,0.004423,synthetic_seed
HI,2023,asian,non-hisp,m,25-29,0.005529,synthetic_seed
HI,2023,asian,non-hisp,m,30-34,0.007188,synthetic_seed
HI,2023,asian,non-hisp,m,35-39,0.009952,synthetic_seed
HI,2023,asian,non-hisp,m,40-44,0.013712,synthetic_seed
HI,2023,asian,non-hisp,m,45-49,0.020347,synthetic_seed
HI,2023,asian,non-hisp,m,50-54,0.030078,synthetic_seed
HI,2023,asian,non-hisp,m,55-59,0.043569,synthetic_seed
HI,2023,asian,non-hisp,m,60-64,0.0648,synthetic_seed
HI,2023,asian,non-hisp,m,65-69,0.095983,synthetic_seed
HI,2023,asian,non-hisp,m,70-74,0.146408,synthetic_seed
HI,2023,asian,non-hisp,m,75-79,0.227574,synthetic_seed
HI,2023,asian,non-hisp,m,80-84,0.356731,synthetic_seed
HI,2023,asian,non-hisp,m,85+,0.615157,synthetic_seed
HI,2023,asian,non-hisp,f,0-4,0.001958,synthetic_seed
HI,2023,asian,non-hisp,f,5-9,0.000392,synthetic_seed
HI,2023,asian,non-hisp,f,10-14,0.000392,synthetic_seed
HI,2023,asian,non-hisp,f,15-19,0.001958,synthetic_seed
HI,2023,asian,non-hisp,f,20-24,0.003133,synthetic_seed
HI,2023,asian,non-hisp,f,25-29,0.003916,synthetic_seed
HI,2023,asian,non-hisp,f,30-34,0.005091,synthetic_seed
HI,2023,asian,non-hisp,f,35-39,0.007049,synthetic_seed
HI,2023,asian,non-hisp,f,40-44,0.009713,synthetic_seed
HI,2023,asian,non-hisp,f,45-49,0.014412,synthetic_seed
HI,2023,asian,non-hisp,f,50-54,0.021305,synthetic_seed
HI,2023,asian,non-hisp,f,55-59,0.030861,synthetic_seed
HI,2023,asian,non-hisp,f,60-64,0.0459,synthetic_seed
HI,2023,asian,non-hisp,f,65-69,0.067988,synthetic_seed
HI,2023,asian,non-hisp,f,70-74,0.103706,synthetic_seed
HI,2023,asian,non-hisp,f,75-79,0.161198,synthetic_seed
HI,2023,asian,non-hisp,f,80-84,0.252685,synthetic_seed
HI,2023,asian,non-hisp,f,85+,0.435736,synthetic_seed
HI,2023,asian,hisp,m,0-4,0.002764,synthetic_seed
HI,2023,asian,hisp,m,5-9,0.000553,synthetic_seed
HI,2023,asian,hisp,m,10-14,0.000553,synthetic_seed
HI,2023,asian,hisp,m,15-19,0.002764,synthetic_seed
HI,2023,asian,hisp,m,20-24,0.004423,synthetic_seed
HI,2023,asian,hisp,m,25-29,0.005529,synthetic_seed
HI,2023,asian,hisp,m,30-34,0.007188,synthetic_seed
HI,2023,asian,hisp,m,35-39,0.009952,synthetic_seed
HI,2023,asian,hisp,m,40-44,0.013712,synthetic_seed
HI,2023,asian,hisp,m,45-49,0.020347,synthetic_seed
HI,2023,asian,hisp,m,50-54,0.030078,synthetic_seed
HI,2023,asian,hisp,m,55-59,0.043569,synthetic_seed
HI,2023,asian,hisp,m,60-64,0.0648,synthetic_seed
HI,2023,asian,hisp,m,65-69,0.095983,synthetic_seed
HI,2023,asian,hisp,m,70-74,0.146408,synthetic_seed
HI,2023,asian,hisp,m,75-79,0.227574,synthetic_seed
HI,2023,asian,hisp,m,80-84,0.356731,synthetic_seed
HI,2023,asian,hisp,m,85+,0.615157,synthetic_seed
HI,2023,asian,hisp,f,0-4,0.001958,synthetic_seed
HI,2023,asian,hisp,f,5-9,0.000392,synthetic_seed
HI,2023,asian,hisp,f,10-14,0.000392,synthetic_seed
HI,2023,asian,hisp,f,15-19,0.001958,synthetic_seed
HI,2023,asian,hisp,f,20-24,0.003133,synthetic_seed
HI,2023,asian,hisp,f,25-29,0.003916,synthetic_seed
HI,2023,asian,hisp,f,30-34,0.005091,synthetic_seed
HI,2023,asian,hisp,f,35-39,0.007049,synthetic_seed
HI,2023,asian,hisp,f,40-44,0.009713,synthetic_seed
HI,2023,asian,hisp,f,45-49,0.014412,synthetic_seed
HI,2023,asian,hisp,f,50-54,0.021305,synthetic_seed
HI,2023,asian,hisp,f,55-59,0.030861,synthetic_seed
HI,2023,asian,hisp,f,60-64,0.0459,synthetic_seed
HI,2023,asian,hisp,f,65-69,0.067988,synthetic_seed
HI,2023,asian,hisp,f,70-74,0.103706,synthetic_seed
HI,2023,asian,hisp,f,75-79,0.161198,synthetic_seed
HI,2023,asian,hisp,f,80-84,0.252685,synthetic_seed
HI,2023,asian,hisp,f,85+,0.435736,synthetic_seed
HI,2023,other,non-hisp,m,0-4,0.00291,synthetic_seed
HI,2023,other,non-hisp,m,5-9,0.000582,synthetic_seed
HI,2023,other,non-hisp,m,10-14,0.000582,synthetic_seed
HI,2023,other,non-hisp,m,15-19,0.00291,synthetic_seed
HI,2023,other,non-hisp,m,20-24,0.004656,synthetic_seed
HI,2023,other,non-hisp,m,25-29,0.00582,synthetic_seed
HI,2023,other,non-hisp,m,30-34,0.007566,synthetic_seed
HI,2023,other,non-hisp,m,35-39,0.010476,synthetic_seed
HI,2023,other,non-hisp,m,40-44,0.014434,synthetic_seed
HI,2023,other,non-hisp,m,45-49,0.021418,synthetic_seed
HI,2023,other,non-hisp,m,50-54,0.031661,synthetic_seed
HI,2023,other,non-hisp,m,55-59,0.045862,synthetic_seed
HI,2023,other,non-hisp,m,60-64,0.06821,synthetic_seed
HI,2023,other,non-hisp,m,65-69,0.101035,synthetic_seed
HI,2023,other,non-hisp,m,70-74,0.154114,synthetic_seed
HI,2023,other,non-hisp,m,75-79,0.239551,synthetic_seed
HI,2023,other,non-hisp,m,80-84,0.375506,synthetic_seed
HI,2023,other,non-hisp,m,85+,0.647533,synthetic_seed
HI,2023,other,non-hisp,f,0-4,0.002061,synthetic_seed
HI,2023,other,non-hisp,f,5-9,0.000412,synthetic_seed
HI,2023,other,non-hisp,f,10-14,0.000412,synthetic_seed
HI,2023,other,non-hisp,f,15-19,0.002061,synthetic_seed
HI,2023,other,non-hisp,f,20-24,0.003298,synthetic_seed
HI,2023,other,non-hisp,f,25-29,0.004123,synthetic_seed
HI,2023,other,non-hisp,f,30-34,0.005359,synthetic_seed
HI,2023,other,non-hisp,f,35-39,0.007421,synthetic_seed
HI,2023,other,non-hisp,f,40-44,0.010224,synthetic_seed
HI,2023,other,non-hisp,f,45-49,0.015171,synthetic_seed
HI,2023,other,non-hisp,f,50-54,0.022426,synthetic_seed
HI,2023,other,non-hisp,f,55-59,0.032485,synthetic_seed
HI,2023,other,non-hisp,f,60-64,0.048316,synthetic_seed
HI,2023,other,non-hisp,f,65-69,0.071567,synthetic_seed
HI,2023,other,non-hisp,f,70-74,0.109164,synthetic_seed
HI,2023,other,non-hisp,f,75-79,0.169682,synthetic_seed
HI,2023,other,non-hisp,f,80-84,0.265984,synthetic_seed
HI,2023,other,non-hisp,f,85+,0.458669,synthetic_seed
HI,2023,other,hisp,m,0-4,0.00291,synthetic_seed
HI,2023,other,hisp,m,5-9,0.000582,synthetic_seed
HI,2023,other,hisp,m,10-14,0.000582,synthetic_seed
HI,2023,other,hisp,m,15-19,0.00291,synthetic_seed
HI,2023,other,hisp,m,20-24,0.004656,synthetic_seed
HI,2023,other,hisp,m,25-29,0.00582,synthetic_seed
HI,2023,other,hisp,m,30-34,0.007566,synthetic_seed
HI,2023,other,hisp,m,35-39,0.010476,synthetic_seed
HI,2023,other,hisp,m,40-44,0.014434,synthetic_seed
HI,2023,other,hisp,m,45-49,0.021418,synthetic_seed
HI,2023,other,hisp,m,50-54,0.031661,synthetic_seed
HI,2023,other,hisp,m,55-59,0.045862,synthetic_seed
HI,2023,other,hisp,m,60-64,0.06821,synthetic_seed
HI,2023,other,hisp,m,65-69,0.101035,synthetic_seed
HI,2023,other,hisp,m,70-74,0.154114,synthetic_seed
HI,2023,other,hisp,m,75-79,0.239551,synthetic_seed
HI,2023,other,hisp,m,80-84,0.375506,synthetic_seed
HI,2023,other,hisp,m,85+,0.647533,synthetic_seed
HI,2023,other,hisp,f,0-4,0.002061,synthetic_seed
HI,2023,other,hisp,f,5-9,0.000412,synthetic_seed
HI,2023,other,hisp,f,10-14,0.000412,synthetic_seed
HI,2023,other,hisp,f,15-19,0.002061,synthetic_seed
HI,2023,other,hisp,f,20-24,0.003298,synthetic_seed
HI,2023,other,hisp,f,25-29,0.004123,synthetic_seed
HI,2023,other,hisp,f,30-34,0.005359,synthetic_seed
HI,2023,other,hisp,f,35-39,0.007421,synthetic_seed
HI,2023,other,hisp,f,40-44,0.010224,synthetic_seed
HI,2023,other,hisp,f,45-49,0.015171,synthetic_seed
HI,2023,other,hisp,f,50-54,0.022426,synthetic_seed
HI,2023,other,hisp,f,55-59,0.032485,synthetic_seed
HI,2023,other,hisp,f,60-64,0.048316,synthetic_seed
HI,2023,other,hisp,f,65-69,0.071567,synthetic_seed
HI,2023,other,hisp,f,70-74,0.109164,synthetic_seed
HI,2023,other,hisp,f,75-79,0.169682,synthetic_seed
HI,2023,other,hisp,f,80-84,0.265984,synthetic_seed
HI,2023,other,hisp,f,85+,0.458669,synthetic_seed
ID,2023,white,non-hisp,m,0-4,0.00291,synthetic_seed
ID,2023,white,non-hisp,m,5-9,0.000582,synthetic_seed
ID,2023,white,non-hisp,m,10-14,0.000582,synthetic_seed
ID,2023,white,non-hisp,m,15-19,0.00291,synthetic_seed
ID,2023,white,non-hisp,m,20-24,0.004656,synthetic_seed
ID,2023,white,non-hisp,m,25-29,0.00582,synthetic_seed
ID,2023,white,non-hisp,m,30-34,0.007566,synthetic_seed
ID,2023,white,non-hisp,m,35-39,0.010476,synthetic_seed
ID,2023,white,non-hisp,m,40-44,0.014434,synthetic_seed
ID,2023,white,non-hisp,m,45-49,0.021418,synthetic_seed
ID,2023,white,non-hisp,m,50-54,0.031661,synthetic_seed
ID,2023,white,non-hisp,m,55-59,0.045862,synthetic_seed
ID,2023,white,non-hisp,m,60-64,0.06821,synthetic_seed
ID,2023,white,non-hisp,m,65-69,0.101035,synthetic_seed
ID,2023,white,non-hisp,m,70-74,0.154114,synthetic_seed
ID,2023,white,non-hisp,m,75-79,0.239551,synthetic_seed
ID,2023,white,non-hisp,m,80-84,0.375506,synthetic_seed
ID,2023,white,non-hisp,m,85+,0.647533,synthetic_seed
ID,2023,white,non-hisp,f,0-4,0.002061,synthetic_seed
ID,2023,white,non-hisp,f,5-9,0.000412,synthetic_seed
ID,2023,white,non-hisp,f,10-14,0.000412,synthetic_seed
ID,2023,white,non-hisp,f,15-19,0.002061,synthetic_seed
ID,2023,white,non-hisp,f,20-24,0.003298,synthetic_seed
ID,2023,white,non-hisp,f,25-29,0.004123,synthetic_seed
ID,2023,white,non-hisp,f,30-34,0.005359,synthetic_seed
ID,2023,white,non-hisp,f,35-39,0.007421,synthetic_seed
ID,2023,white,non-hisp,f,40-44,0.010224,synthetic_seed
ID,2023,white,non-hisp,f,45-49,0.015171,synthetic_seed
ID,2023,white,non-hisp,f,50-54,0.022426,synthetic_seed
ID,2023,white,non-hisp,f,55-59,0.032485,synthetic_seed
ID,2023,white,non-hisp,f,60-64,0.048316,synthetic_seed
ID,2023,white,non-hisp,f,65-69,0.071567,synthetic_seed
ID,2023,white,non-hisp,f,70-74,0.109164,synthetic_seed
ID,2023,white,non-hisp,f,75-79,0.169682,synthetic_seed
ID,2023,white,non-hisp,f,80-84,0.265984,synthetic_seed
ID,2023,white,non-hisp,f,85+,0.458669,synthetic_seed
ID,2023,white,hisp,m,0-4,0.00291,synthetic_seed
ID,2023,white,hisp,m,5-9,0.000582,synthetic_seed
ID,2023,white,hisp,m,10-14,0.000582,synthetic_seed
ID,2023,white,hisp,m,15-19,0.00291,synthetic_seed
ID,2023,white,hisp,m,20-24,0.004656,synthetic_seed
ID,2023,white,hisp,m,25-29,0.00582,synthetic_seed
ID,2023,white,hisp,m,30-34,0.007566,synthetic_seed
ID,2023,white,hisp,m,35-39,0.010476,synthetic_seed
ID,2023,white,hisp,m,40-44,0.014434,synthetic_seed
ID,2023,white,hisp,m,45-49,0.021418,synthetic_seed
ID,2023,white,hisp,m,50-54,0.031661,synthetic_seed
ID,2023,white,hisp,m,55-59,0.045862,synthetic_seed
ID,2023,white,hisp,m,60-64,0.06821,synthetic_seed
ID,2023,white,hisp,m,65-69,0.101035,synthetic_seed
ID,2023,white,hisp,m,70-74,0.154114,synthetic_seed
ID,2023,white,hisp,m,75-79,0.239551,synthetic_seed
ID,2023,white,hisp,m,80-84,0.375506,synthetic_seed
ID,2023,white,hisp,m,85+,0.647533,synthetic_seed
ID,2023,white,hisp,f,0-4,0.002061,synthetic_seed
ID,2023,white,hisp,f,5-9,0.000412,synthetic_seed
ID,2023,white,hisp,f,10-14,0.000412,synthetic_seed
ID,2023,white,hisp,f,15-19,0.002061,synthetic_seed
ID,2023,white,hisp,f,20-24,0.003298,synthetic_seed
ID,2023,white,hisp,f,25-29,0.004123,synthetic_seed
ID,2023,white,hisp,f,30-34,0.005359,synthetic_seed
ID,2023,white,hisp,f,35-39,0.007421,synthetic_seed
ID,2023,white,hisp,f,40-44,0.010224,synthetic_seed
ID,2023,white,hisp,f,45-49,0.015171,synthetic_seed
ID,2023,white,hisp,f,50-54,0.022426,synthetic_seed
ID,2023,white,hisp,f,55-59,0.032485,synthetic_seed
ID,2023,white,hisp,f,60-64,0.048316,synthetic_seed
ID,2023,white,hisp,f,65-69,0.071567,synthetic_seed
ID,2023,white,hisp,f,70-74,0.109164,synthetic_seed
ID,2023,white,hisp,f,75-79,0.169682,synthetic_seed
ID,2023,white,hisp,f,80-84,0.265984,synthetic_seed
ID,2023,white,hisp,f,85+,0.458669,synthetic_seed
ID,2023,black,non-hisp,m,0-4,0.003201,synthetic_seed
ID,2023,black,non-hisp,m,5-9,0.00064,synthetic_seed
ID,2023,black,non-hisp,m,10-14,0.00064,synthetic_seed
ID,2023,black,non-hisp,m,15-19,0.003201,synthetic_seed
ID,2023,black,non-hisp,m,20-24,0.005122,synthetic_seed
ID,2023,black,non-hisp,m,25-29,0.006402,synthetic_seed
ID,2023,black,non-hisp,m,30-34,0.008323,synthetic_seed
ID,2023,black,non-hisp,m,35-39,0.011524,synthetic_seed
ID,2023,black,non-hisp,m,40-44,0.015877,synthetic_seed
ID,2023,black,non-hisp,m,45-49,0.023559,synthetic_seed
ID,2023,black,non-hisp,m,50-54,0.034827,synthetic_seed
ID,2023,black,non-hisp,m,55-59,0.050448,synthetic_seed
ID,2023,black,non-hisp,m,60-64,0.075031,synthetic_seed
ID,2023,black,non-hisp,m,65-69,0.111139,synthetic_seed
ID,2023,black,non-hisp,m,70-74,0.169525,synthetic_seed
ID,2023,black,non-hisp,m,75-79,0.263506,synthetic_seed
ID,2023,black,non-hisp,m,80-84,0.413057,synthetic_seed
ID,2023,black,non-hisp,m,85+,0.712287,synthetic_seed
ID,2023,black,non-hisp,f,0-4,0.002267,synthetic_seed
ID,2023,black,non-hisp,f,5-9,0.000453,synthetic_seed
ID,2023,black,non-hisp,f,10-14,0.000453,synthetic_seed
ID,2023,black,non-hisp,f,15-19,0.002267,synthetic_seed
ID,2023,black,non-hisp,f,20-24,0.003628,synthetic_seed
ID,2023,black,non-hisp,f,25-29,0.004535,synthetic_seed
ID,2023,black,non-hisp,f,30-34,0.005895,synthetic_seed
ID,2023,black,non-hisp,f,35-39,0.008163,synthetic_seed
ID,2023,black,non-hisp,f,40-44,0.011246,synthetic_seed
ID,2023,black,non-hisp,f,45-49,0.016688,synthetic_seed
ID,2023,black,non-hisp,f,50-54,0.024669,synthetic_seed
ID,2023,black,non-hisp,f,55-59,0.035734,synthetic_seed
ID,2023,black,non-hisp,f,60-64,0.053147,synthetic_seed
ID,2023,black,non-hisp,f,65-69,0.078723,synthetic_seed
ID,2023,black,non-hisp,f,70-74,0.12008,synthetic_seed
ID,2023,black,non-hisp,f,75-79,0.18665,synthetic_seed
ID,2023,black,non-hisp,f,80-84,0.292582,synthetic_seed
ID,2023,black,non-hisp,f,85+,0.504536,synthetic_seed
ID,2023,black,hisp,m,0-4,0.003201,synthetic_seed
ID,2023,black,hisp,m,5-9,0.00064,synthetic_seed
ID,2023,black,hisp,m,10-14,0.00064,synthetic_seed
ID,2023,black,hisp,m,15-19,0.003201,synthetic_seed
ID,2023,black,hisp,m,20-24,0.005122,synthetic_seed
ID,2023,black,hisp,m,25-29,0.006402,synthetic_seed
ID,2023,black,hisp,m,30-34,0.008323,synthetic_seed
ID,2023,black,hisp,m,35-39,0.011524,synthetic_seed
ID,2023,black,hisp,m,40-44,0.015877,synthetic_seed
ID,2023,black,hisp,m,45-49,0.023559,synthetic_seed
ID,2023,black,hisp,m,50-54,0.034827,synthetic_seed
ID,2023,black,hisp,m,55-59,0.050448,synthetic_seed
ID,2023,black,hisp,m,60-64,0.075031,synthetic_seed
ID,2023,black,hisp,m,65-69,0.111139,synthetic_seed
ID,2023,black,hisp,m,70-74,0.169525,synthetic_seed
ID,2023,black,hisp,m,75-79,0.263506,synthetic_seed
ID,2023,black,hisp,m,80-84,0.413057,synthetic_seed
ID,2023,black,hisp,m,85+,0.712287,synthetic_seed
ID,2023,black,hisp,f,0-4,0.002267,synthetic_seed
ID,2023,black,hisp,f,5-9,0.000453,synthetic_seed
ID,2023,black,hisp,f,10-14,0.000453,synthetic_seed
ID,2023,black,hisp,f,15-19,0.002267,synthetic_seed
ID,2023,black,hisp,f,20-24,0.003628,synthetic_seed
ID,2023,black,hisp,f,25-29,0.004535,synthetic_seed
ID,2023,black,hisp,f,30-34,0.005895,synthetic_seed
ID,2023,black,hisp,f,35-39,0.008163,synthetic_seed
ID,2023,black,hisp,f,40-44,0.011246,synthetic_seed
ID,2023,black,hisp,f,45-49,0.016688,synthetic_seed
ID,2023,black,hisp,f,50-54,0.024669,synthetic_seed
ID,2023,black,hisp,f,55-59,0.035734,synthetic_seed
ID,2023,black,hisp,f,60-64,0.053147,synthetic_seed
ID,2023,black,hisp,f,65-69,0.078723,synthetic_seed
ID,2023,black,hisp,f,70-74,0.12008,synthetic_seed
ID,2023,black,hisp,f,75-79,0.18665,synthetic_seed
ID,2023,black,hisp,f,80-84,0.292582,synthetic_seed
ID,2023,black,hisp,f,85+,0.504536,synthetic_seed
ID,2023,asian,non-hisp,m,0-4,0.002764,synthetic_seed
ID,2023,asian,non-hisp,m,5-9,0.000553,synthetic_seed
ID,2023,asian,non-hisp,m,10-14,0.000553,synthetic_seed
ID,2023,asian,non-hisp,m,15-19,0.002764,synthetic_seed
ID,2023,asian,non-hisp,m,20-24,0.004423,synthetic_seed
ID,2023,asian,non-hisp,m,25-29,0.005529,synthetic_seed
ID,2023,asian,non-hisp,m,30-34,0.007188,synthetic_seed
ID,2023,asian,non-hisp,m,35-39,0.009952,synthetic_seed
ID,2023,asian,non-hisp,m,40-44,0.013712,synthetic_seed
ID,2023,asian,non-hisp,m,45-49,0.020347,synthetic_seed
ID,2023,asian,non-hisp,m,50-54,0.030078,synthetic_seed
ID,2023,asian,non-hisp,m,55-59,0.043569,synthetic_seed
ID,2023,asian,non-hisp,m,60-64,0.0648,synthetic_seed
ID,2023,asian,non-hisp,m,65-69,0.095983,synthetic_seed
ID,2023,asian,non-hisp,m,70-74,0.146408,synthetic_seed
ID,2023,asian,non-hisp,m,75-79,0.227574,synthetic_seed
ID,2023,asian,non-hisp,m,80-84,0.356731,synthetic_seed
ID,2023,asian,non-hisp,m,85+,0.615157,synthetic_seed
ID,2023,asian,non-hisp,f,0-4,0.001958,synthetic_seed
ID,2023,asian,non-hisp,f,5-9,0.000392,synthetic_seed
ID,2023,asian,non-hisp,f,10-14,0.000392,synthetic_seed
ID,2023,asian,non-hisp,f,15-19,0.001958,synthetic_seed
ID,2023,asian,non-hisp,f,20-24,0.003133,synthetic_seed
ID,2023,asian,non-hisp,f,25-29,0.003916,synthetic_seed
ID,2023,asian,non-hisp,f,30-34,0.005091,synthetic_seed
ID,2023,asian,non-hisp,f,35-39,0.007049,synthetic_seed
ID,2023,asian,non-hisp,f,40-44,0.009713,synthetic_seed
ID,2023,asian,non-hisp,f,45-49,0.014412,synthetic_seed
ID,2023,asian,non-hisp,f,50-54,0.021305,synthetic_seed
ID,2023,asian,non-hisp,f,55-59,0.030861,synthetic_seed
ID,2023,asian,non-hisp,f,60-64,0.0459,synthetic_seed
ID,2023,asian,non-hisp,f,65-69,0.067988,synthetic_seed
ID,2023,asian,non-hisp,f,70-74,0.103706,synthetic_seed
ID,2023,asian,non-hisp,f,75-79,0.161198,synthetic_seed
ID,2023,asian,non-hisp,f,80-84,0.252685,synthetic_seed
ID,2023,asian,non-hisp,f,85+,0.435736,synthetic_seed
ID,2023,asian,hisp,m,0-4,0.002764,synthetic_seed
ID,2023,asian,hisp,m,5-9,0.000553,synthetic_seed
ID,2023,asian,hisp,m,10-14,0.000553,synthetic_seed
ID,2023,asian,hisp,m,15-19,0.002764,synthetic_seed
ID,2023,asian,hisp,m,20-24,0.004423,synthetic_seed
ID,2023,asian,hisp,m,25-29,0.005529,synthetic_seed
ID,2023,asian,hisp,m,30-34,0.007188,synthetic_seed
ID,2023,asian,hisp,m,35-39,0.009952,synthetic_seed
ID,2023,asian,hisp,m,40-44,0.013712,synthetic_seed
ID,2023,asian,hisp,m,45-49,0.020347,synthetic_seed
ID,2023,asian,hisp,m,50-54,0.030078,synthetic_seed
ID,2023,asian,hisp,m,55-59,0.043569,synthetic_seed
ID,2023,asian,hisp,m,60-64,0.0648,synthetic_seed
ID,2023,asian,hisp,m,65-69,0.095983,synthetic_seed
ID,2023,asian,hisp,m,70-74,0.146408,synthetic_seed
ID,2023,asian,hisp,m,75-79,0.227574,synthetic_seed
ID,2023,asian,hisp,m,80-84,0.356731,synthetic_seed
ID,2023,asian,hisp,m,85+,0.615157,synthetic_seed
ID,2023,asian,hisp,f,0-4,0.001958,synthetic_seed
ID,2023,asian,hisp,f,5-9,0.000392,synthetic_seed
ID,2023,asian,hisp,f,10-14,0.000392,synthetic_seed
ID,2023,asian,hisp,f,15-19,0.001958,synthetic_seed
ID,2023,asian,hisp,f,20-24,0.003133,synthetic_seed
ID,2023,asian,hisp,f,25-29,0.003916,synthetic_seed
ID,2023,asian,hisp,f,30-34,0.005091,synthetic_seed
ID,2023,asian,hisp,f,35-39,0.007049,synthetic_seed
ID,2023,asian,hisp,f,40-44,0.009713,synthetic_seed
ID,2023,asian,hisp,f,45-49,0.014412,synthetic_seed
ID,2023,asian,hisp,f,50-54,0.021305,synthetic_seed
ID,2023,asian,hisp,f,55-59,0.030861,synthetic_seed
ID,2023,asian,hisp,f,60-64,0.0459,synthetic_seed
ID,2023,asian,hisp,f,65-69,0.067988,synthetic_seed
ID,2023,asian,hisp,f,70-74,0.103706,synthetic_seed
ID,2023,asian,hisp,f,75-79,0.161198,synthetic_seed
ID,2023,asian,hisp,f,80-84,0.252685,synthetic_seed
ID,2023,asian,hisp,f,85+,0.435736,synthetic_seed
ID,2023,other,non-hisp,m,0-4,0.00291,synthetic_seed
ID,2023,other,non-hisp,m,5-9,0.000582,synthetic_seed
ID,2023,other,non-hisp,m,10-14,0.000582,synthetic_seed
ID,2023,other,non-hisp,m,15-19,0.00291,synthetic_seed
ID,2023,other,non-hisp,m,20-24,0.004656,synthetic_seed
ID,2023,other,non-hisp,m,25-29,0.00582,synthetic_seed
ID,2023,other,non-hisp,m,30-34,0.007566,synthetic_seed
ID,2023,other,non-hisp,m,35-39,0.010476,synthetic_seed
ID,2023,other,non-hisp,m,40-44,0.014434,synthetic_seed
ID,2023,other,non-hisp,m,45-49,0.021418,synthetic_seed
ID,2023,other,non-hisp,m,50-54,0.031661,synthetic_seed
ID,2023,other,non-hisp,m,55-59,0.045862,synthetic_seed
ID,2023,other,non-hisp,m,60-64,0.06821,synthetic_seed
ID,2023,other,non-hisp,m,65-69,0.101035,synthetic_seed
ID,2023,other,non-hisp,m,70-74,0.154114,synthetic_seed
ID,2023,other,non-hisp,m,75-79,0.239551,synthetic_seed
ID,2023,other,non-hisp,m,80-84,0.375506,synthetic_seed
ID,2023,other,non-hisp,m,85+,0.647533,synthetic_seed
ID,2023,other,non-hisp,f,0-4,0.002061,synthetic_seed
ID,2023,other,non-hisp,f,5-9,0.000412,synthetic_seed
ID,2023,other,non-hisp,f,10-14,0.000412,synthetic_seed
ID,2023,other,non-hisp,f,15-19,0.002061,synthetic_seed
ID,2023,other,non-hisp,f,20-24,0.003298,synthetic_seed
ID,2023,other,non-hisp,f,25-29,0.004123,synthetic_seed
ID,2023,other,non-hisp,f,30-34,0.005359,synthetic_seed
ID,2023,other,non-hisp,f,35-39,0.007421,synthetic_seed
ID,2023,other,non-hisp,f,40-44,0.010224,synthetic_seed
ID,2023,other,non-hisp,f,45-49,0.015171,synthetic_seed
ID,2023,other,non-hisp,f,50-54,0.022426,synthetic_seed
ID,2023,other,non-hisp,f,55-59,0.032485,synthetic_seed
ID,2023,other,non-hisp,f,60-64,0.048316,synthetic_seed
ID,2023,other,non-hisp,f,65-69,0.071567,synthetic_seed
ID,2023,other,non-hisp,f,70-74,0.109164,synthetic_seed
ID,2023,other,non-hisp,f,75-79,0.169682,synthetic_seed
ID,2023,other,non-hisp,f,80-84,0.265984,synthetic_seed
ID,2023,other,non-hisp,f,85+,0.458669,synthetic_seed
ID,2023,other,hisp,m,0-4,0.00291,synthetic_seed
ID,2023,other,hisp,m,5-9,0.000582,synthetic_seed
ID,2023,other,hisp,m,10-14,0.000582,synthetic_seed
ID,2023,other,hisp,m,15-19,0.00291,synthetic_seed
ID,2023,other,hisp,m,20-24,0.004656,synthetic_seed
ID,2023,other,hisp,m,25-29,0.00582,synthetic_seed
ID,2023,other,hisp,m,30-34,0.007566,synthetic_seed
ID,2023,other,hisp,m,35-39,0.010476,synthetic_seed
ID,2023,other,hisp,m,40-44,0.014434,synthetic_seed
ID,2023,other,hisp,m,45-49,0.021418,synthetic_seed
ID,2023,other,hisp,m,50-54,0.031661,synthetic_seed
ID,2023,other,hisp,m,55-59,0.045862,synthetic_seed
ID,2023,other,hisp,m,60-64,0.06821,synthetic_seed
ID,2023,other,hisp,m,65-69,0.101035,synthetic_seed
ID,2023,other,hisp,m,70-74,0.154114,synthetic_seed
ID,2023,other,hisp,m,75-79,0.239551,synthetic_seed
ID,2023,other,hisp,m,80-84,0.375506,synthetic_seed
ID,2023,other,hisp,m,85+,0.647533,synthetic_seed
ID,2023,other,hisp,f,0-4,0.002061,synthetic_seed
ID,2023,other,hisp,f,5-9,0.000412,synthetic_seed
ID,2023,other,hisp,f,10-14,0.000412,synthetic_seed
ID,2023,other,hisp,f,15-19,0.002061,synthetic_seed
ID,2023,other,hisp,f,20-24,0.003298,synthetic_seed
ID,2023,other,hisp,f,25-29,0.004123,synthetic_seed
ID,2023,other,hisp,f,30-34,0.005359,synthetic_seed
ID,2023,other,hisp,f,35-39,0.007421,synthetic_seed
ID,2023,other,hisp,f,40-44,0.010224,synthetic_seed
ID,2023,other,hisp,f,45-49,0.015171,synthetic_seed
ID,2023,other,hisp,f,50-54,0.022426,synthetic_seed
ID,2023,other,hisp,f,55-59,0.032485,synthetic_seed
ID,2023,other,hisp,f,60-64,0.048316,synthetic_seed
ID,2023,other,hisp,f,65-69,0.071567,synthetic_seed
ID,2023,other,hisp,f,70-74,0.109164,synthetic_seed
ID,2023,other,hisp,f,75-79,0.169682,synthetic_seed
ID,2023,other,hisp,f,80-84,0.265984,synthetic_seed
ID,2023,other,hisp,f,85+,0.458669,synthetic_seed
IL,2023,white,non-hisp,m,0-4,0.00306,synthetic_seed
IL,2023,white,non-hisp,m,5-9,0.000612,synthetic_seed
IL,2023,white,non-hisp,m,10-14,0.000612,synthetic_seed
IL,2023,white,non-hisp,m,15-19,0.00306,synthetic_seed
IL,2023,white,non-hisp,m,20-24,0.004896,synthetic_seed
IL,2023,white,non-hisp,m,25-29,0.00612,synthetic_seed
IL,2023,white,non-hisp,m,30-34,0.007956,synthetic_seed
IL,2023,white,non-hisp,m,35-39,0.011016,synthetic_seed
IL,2023,white,non-hisp,m,40-44,0.015178,synthetic_seed
IL,2023,white,non-hisp,m,45-49,0.022522,synthetic_seed
IL,2023,white,non-hisp,m,50-54,0.033293,synthetic_seed
IL,2023,white,non-hisp,m,55-59,0.048226,synthetic_seed
IL,2023,white,non-hisp,m,60-64,0.071726,synthetic_seed
IL,2023,white,non-hisp,m,65-69,0.106243,synthetic_seed
IL,2023,white,non-hisp,m,70-74,0.162058,synthetic_seed
IL,2023,white,non-hisp,m,75-79,0.251899,synthetic_seed
IL,2023,white,non-hisp,m,80-84,0.394862,synthetic_seed
IL,2023,white,non-hisp,m,85+,0.680911,synthetic_seed
IL,2023,white,non-hisp,f,0-4,0.002168,synthetic_seed
IL,2023,white,non-hisp,f,5-9,0.000434,synthetic_seed
IL,2023,white,non-hisp,f,10-14,0.000434,synthetic_seed
IL,2023,white,non-hisp,f,15-19,0.002168,synthetic_seed
IL,2023,white,non-hisp,f,20-24,0.003468,synthetic_seed
IL,2023,white,non-hisp,f,25-29,0.004335,synthetic_seed
IL,2023,white,non-hisp,f,30-34,0.005635,synthetic_seed
IL,2023,white,non-hisp,f,35-39,0.007803,synthetic_seed
IL,2023,white,non-hisp,f,40-44,0.010751,synthetic_seed
IL,2023,white,non-hisp,f,45-49,0.015953,synthetic_seed
IL,2023,white,non-hisp,f,50-54,0.023582,synthetic_seed
IL,2023,white,non-hisp,f,55-59,0.03416,synthetic_seed
IL,2023,white,non-hisp,f,60-64,0.050806,synthetic_seed
IL,2023,white,non-hisp,f,65-69,0.075256,synthetic_seed
IL,2023,white,non-hisp,f,70-74,0.114791,synthetic_seed
IL,2023,white,non-hisp,f,75-79,0.178429,synthetic_seed
IL,2023,white,non-hisp,f,80-84,0.279694,synthetic_seed
IL,2023,white,non-hisp,f,85+,0.482312,synthetic_seed
IL,2023,white,hisp,m,0-4,0.00306,synthetic_seed
IL,2023,white,hisp,m,5-9,0.000612,synthetic_seed
IL,2023,white,hisp,m,10-14,0.000612,synthetic_seed
IL,2023,white,hisp,m,15-19,0.00306,synthetic_seed
IL,2023,white,hisp,m,20-24,0.004896,synthetic_seed
IL,2023,white,hisp,m,25-29,0.00612,synthetic_seed
IL,2023,white,hisp,m,30-34,0.007956,synthetic_seed
IL,2023,white,hisp,m,35-39,0.011016,synthetic_seed
IL,2023,white,hisp,m,40-44,0.015178,synthetic_seed
IL,2023,white,hisp,m,45-49,0.022522,synthetic_seed
IL,2023,white,hisp,m,50-54,0.033293,synthetic_seed
IL,2023,white,hisp,m,55-59,0.048226,synthetic_seed
IL,2023,white,hisp,m,60-64,0.071726,synthetic_seed
IL,2023,white,hisp,m,65-69,0.106243,synthetic_seed
IL,2023,white,hisp,m,70-74,0.162058,synthetic_seed
IL,2023,white,hisp,m,75-79,0.251899,synthetic_seed
IL,2023,white,hisp,m,80-84,0.394862,synthetic_seed
IL,2023,white,hisp,m,85+,0.680911,synthetic_seed
IL,2023,white,hisp,f,0-4,0.002168,synthetic_seed
IL,2023,white,hisp,f,5-9,0.000434,synthetic_seed
IL,2023,white,hisp,f,10-14,0.000434,synthetic_seed
IL,2023,white,hisp,f,15-19,0.002168,synthetic_seed
IL,2023,white,hisp,f,20-24,0.003468,synthetic_seed
IL,2023,white,hisp,f,25-29,0.004335,synthetic_seed
IL,2023,white,hisp,f,30-34,0.005635,synthetic_seed
IL,2023,white,hisp,f,35-39,0.007803,synthetic_seed
IL,2023,white,hisp,f,40-44,0.010751,synthetic_seed
IL,2023,white,hisp,f,45-49,0.015953,synthetic_seed
IL,2023,white,hisp,f,50-54,0.023582,synthetic_seed
IL,2023,white,hisp,f,55-59,0.03416,synthetic_seed
IL,2023,white,hisp,f,60-64,0.050806,synthetic_seed
IL,2023,white,hisp,f,65-69,0.075256,synthetic_seed
IL,2023,white,hisp,f,70-74,0.114791,synthetic_seed
IL,2023,white,hisp,f,75-79,0.178429,synthetic_seed
IL,2023,white,hisp,f,80-84,0.279694,synthetic_seed
IL,2023,white,hisp,f,85+,0.482312,synthetic_seed
IL,2023,black,non-hisp,m,0-4,0.003366,synthetic_seed
IL,2023,black,non-hisp,m,5-9,0.000673,synthetic_seed
IL,2023,black,non-hisp,m,10-14,0.000673,synthetic_seed
IL,2023,black,non-hisp,m,15-19,0.003366,synthetic_seed
IL,2023,black,non-hisp,m,20-24,0.005386,synthetic_seed
IL,2023,black,non-hisp,m,25-29,0.006732,synthetic_seed
IL,2023,black,non-hisp,m,30-34,0.008752,synthetic_seed
IL,2023,black,non-hisp,m,35-39,0.012118,synthetic_seed
IL,2023,black,non-hisp,m,40-44,0.016695,synthetic_seed
IL,2023,black,non-hisp,m,45-49,0.024774,synthetic_seed
IL,2023,black,non-hisp,m,50-54,0.036622,synthetic_seed
IL,2023,black,non-hisp,m,55-59,0.053048,synthetic_seed
IL,2023,black,non-hisp,m,60-64,0.078899,synthetic_seed
IL,2023,black,non-hisp,m,65-69,0.116868,synthetic_seed
IL,2023,black,non-hisp,m,70-74,0.178263,synthetic_seed
IL,2023,black,non-hisp,m,75-79,0.277089,synthetic_seed
IL,2023,black,non-hisp,m,80-84,0.434349,synthetic_seed
IL,2023,black,non-hisp,m,85+,0.749002,synthetic_seed
IL,2023,black,non-hisp,f,0-4,0.002384,synthetic_seed
IL,2023,black,non-hisp,f,5-9,0.000477,synthetic_seed
IL,2023,black,non-hisp,f,10-14,0.000477,synthetic_seed
IL,2023,black,non-hisp,f,15-19,0.002384,synthetic_seed
IL,2023,black,non-hisp,f,20-24,0.003815,synthetic_seed
IL,2023,black,non-hisp,f,25-29,0.004769,synthetic_seed
IL,2023,black,non-hisp,f,30-34,0.006199,synthetic_seed
IL,2023,black,non-hisp,f,35-39,0.008583,synthetic_seed
IL,2023,black,non-hisp,f,40-44,0.011826,synthetic_seed
IL,2023,black,non-hisp,f,45-49,0.017548,synthetic_seed
IL,2023,black,non-hisp,f,50-54,0.025941,synthetic_seed
IL,2023,black,non-hisp,f,55-59,0.037576,synthetic_seed
IL,2023,black,non-hisp,f,60-64,0.055887,synthetic_seed
IL,2023,black,non-hisp,f,65-69,0.082781,synthetic_seed
IL,2023,black,non-hisp,f,70-74,0.12627,synthetic_seed
IL,2023,black,non-hisp,f,75-79,0.196271,synthetic_seed
IL,2023,black,non-hisp,f,80-84,0.307664,synthetic_seed
IL,2023,black,non-hisp,f,85+,0.530543,synthetic_seed
IL,2023,black,hisp,m,0-4,0.003366,synthetic_seed
IL,2023,black,hisp,m,5-9,0.000673,synthetic_seed
IL,2023,black,hisp,m,10-14,0.000673,synthetic_seed
IL,2023,black,hisp,m,15-19,0.003366,synthetic_seed
IL,2023,black,hisp,m,20-24,0.005386,synthetic_seed
IL,2023,black,hisp,m,25-29,0.006732,synthetic_seed
IL,2023,black,hisp,m,30-34,0.008752,synthetic_seed
IL,2023,black,hisp,m,35-39,0.012118,synthetic_seed
IL,2023,black,hisp,m,40-44,0.016695,synthetic_seed
IL,2023,black,hisp,m,45-49,0.024774,synthetic_seed
IL,2023,black,hisp,m,50-54,0.036622,synthetic_seed
IL,2023,black,hisp,m,55-59,0.053048,synthetic_seed
IL,2023,black,hisp,m,60-64,0.078899,synthetic_seed
IL,2023,black,hisp,m,65-69,0.116868,synthetic_seed
IL,2023,black,hisp,m,70-74,0.178263,synthetic_seed
IL,2023,black,hisp,m,75-79,0.277089,synthetic_seed
IL,2023,black,hisp,m,80-84,0.434349,synthetic_seed
IL,2023,black,hisp,m,85+,0.749002,synthetic_seed
IL,2023,black,hisp,f,0-4,0.002384,synthetic_seed
IL,2023,black,hisp,f,5-9,0.000477,synthetic_seed
IL,2023,black,hisp,f,10-14,0.000477,synthetic_seed
IL,2023,black,hisp,f,15-19,0.002384,synthetic_seed
IL,2023,black,hisp,f,20-24,0.003815,synthetic_seed
IL,2023,black,hisp,f,25-29,0.004769,synthetic_seed
IL,2023,black,hisp,f,30-34,0.006199,synthetic_seed
IL,2023,black,hisp,f,35-39,0.008583,synthetic_seed
IL,2023,black,hisp,f,40-44,0.011826,synthetic_seed
IL,2023,black,hisp,f,45-49,0.017548,synthetic_seed
IL,2023,black,hisp,f,50-54,0.025941,synthetic_seed
IL,2023,black,hisp,f,55-59,0.037576,synthetic_seed
IL,2023,black,hisp,f,60-64,0.055887,synthetic_seed
IL,2023,black,hisp,f,65-69,0.082781,synthetic_seed
IL,2023,black,hisp,f,70-74,0.12627,synthetic_seed
IL,2023,black,hisp,f,75-79,0.196271,synthetic_seed
IL,2023,black,hisp,f,80-84,0.307664,synthetic_seed
IL,2023,black,hisp,f,85+,0.530543,synthetic_seed
IL,2023,asian,non-hisp,m,0-4,0.002907,synthetic_seed
IL,2023,asian,non-hisp,m,5-9,0.000581,synthetic_seed
IL,2023,asian,non-hisp,m,10-14,0.000581,synthetic_seed
IL,2023,asian,non-hisp,m,15-19,0.002907,synthetic_seed
IL,2023,asian,non-hisp,m,20-24,0.004651,synthetic_seed
IL,2023,asian,non-hisp,m,25-29,0.005814,synthetic_seed
IL,2023,asian,non-hisp,m,30-34,0.007558,synthetic_seed
IL,2023,asian,non-hisp,m,35-39,0.010465,synthetic_seed
IL,2023,asian,non-hisp,m,40-44,0.014419,synthetic_seed
IL,2023,asian,non-hisp,m,45-49,0.021396,synthetic_seed
IL,2023,asian,non-hisp,m,50-54,0.031628,synthetic_seed
IL,2023,asian,non-hisp,m,55-59,0.045814,synthetic_seed
IL,2023,asian,non-hisp,m,60-64,0.06814,synthetic_seed
IL,2023,asian,non-hisp,m,65-69,0.100931,synthetic_seed
IL,2023,asian,non-hisp,m,70-74,0.153955,synthetic_seed
IL,2023,asian,non-hisp,m,75-79,0.239304,synthetic_seed
IL,2023,asian,non-hisp,m,80-84,0.375119,synthetic_seed
IL,2023,asian,non-hisp,m,85+,0.646866,synthetic_seed
IL,2023,asian,non-hisp,f,0-4,0.002059,synthetic_seed
IL,2023,asian,non-hisp,f,5-9,0.000412,synthetic_seed
IL,2023,asian,non-hisp,f,10-14,0.000412,synthetic_seed
IL,2023,asian,non-hisp,f,15-19,0.002059,synthetic_seed
IL,2023,asian,non-hisp,f,20-24,0.003295,synthetic_seed
IL,2023,asian,non-hisp,f,25-29,0.004118,synthetic_seed
IL,2023,asian,non-hisp,f,30-34,0.005354,synthetic_seed
IL,2023,asian,non-hisp,f,35-39,0.007413,synthetic_seed
IL,2023,asian,non-hisp,f,40-44,0.010213,synthetic_seed
IL,2023,asian,non-hisp,f,45-49,0.015155,synthetic_seed
IL,2023,asian,non-hisp,f,50-54,0.022403,synthetic_seed
IL,2023,asian,non-hisp,f,55-59,0.032452,synthetic_seed
IL,2023,asian,non-hisp,f,60-64,0.048266,synthetic_seed
IL,2023,asian,non-hisp,f,65-69,0.071493,synthetic_seed
IL,2023,asian,non-hisp,f,70-74,0.109051,synthetic_seed
IL,2023,asian,non-hisp,f,75-79,0.169507,synthetic_seed
IL,2023,asian,non-hisp,f,80-84,0.265709,synthetic_seed
IL,2023,asian,non-hisp,f,85+,0.458196,synthetic_seed
IL,2023,asian,hisp,m,0-4,0.002907,synthetic_seed
IL,2023,asian,hisp,m,5-9,0.000581,synthetic_seed
IL,2023,asian,hisp,m,10-14,0.000581,synthetic_seed
IL,2023,asian,hisp,m,15-19,0.002907,synthetic_seed
IL,2023,asian,hisp,m,20-24,0.004651,synthetic_seed
IL,2023,asian,hisp,m,25-29,0.005814,synthetic_seed
IL,2023,asian,hisp,m,30-34,0.007558,synthetic_seed
IL,2023,asian,hisp,m,35-39,0.010465,synthetic_seed
IL,2023,asian,hisp,m,40-44,0.014419,synthetic_seed
IL,2023,asian,hisp,m,45-49,0.021396,synthetic_seed
IL,2023,asian,hisp,m,50-54,0.031628,synthetic_seed
IL,2023,asian,hisp,m,55-59,0.045814,synthetic_seed
IL,2023,asian,hisp,m,60-64,0.06814,synthetic_seed
IL,2023,asian,hisp,m,65-69,0.100931,synthetic_seed
IL,2023,asian,hisp,m,70-74,0.153955,synthetic_seed
IL,2023,asian,hisp,m,75-79,0.239304,synthetic_seed
IL,2023,asian,hisp,m,80-84,0.375119,synthetic_seed
IL,2023,asian,hisp,m,85+,0.646866,synthetic_seed
IL,2023,asian,hisp,f,0-4,0.002059,synthetic_seed
IL,2023,asian,hisp,f,5-9,0.000412,synthetic_seed
IL,2023,asian,hisp,f,10-14,0.000412,synthetic_seed
IL,2023,asian,hisp,f,15-19,0.002059,synthetic_seed
IL,2023,asian,hisp,f,20-24,0.003295,synthetic_seed
IL,2023,asian,hisp,f,25-29,0.004118,synthetic_seed
IL,2023,asian,hisp,f,30-34,0.005354,synthetic_seed
IL,2023,asian,hisp,f,35-39,0.007413,synthetic_seed
IL,2023,asian,hisp,f,40-44,0.010213,synthetic_seed
IL,2023,asian,hisp,f,45-49,0.015155,synthetic_seed
IL,2023,asian,hisp,f,50-54,0.022403,synthetic_seed
IL,2023,asian,hisp,f,55-59,0.032452,synthetic_seed
IL,2023,asian,hisp,f,60-64,0.048266,synthetic_seed
IL,2023,asian,hisp,f,65-69,0.071493,synthetic_seed
IL,2023,asian,hisp,f,70-74,0.109051,synthetic_seed
IL,2023,asian,hisp,f,75-79,0.169507,synthetic_seed
IL,2023,asian,hisp,f,80-84,0.265709,synthetic_seed
IL,2023,asian,hisp,f,85+,0.458196,synthetic_seed
IL,2023,other,non-hisp,m,0-4,0.00306,synthetic_seed
IL,2023,other,non-hisp,m,5-9,0.000612,synthetic_seed
IL,2023,other,non-hisp,m,10-14,0.000612,synthetic_seed
IL,2023,other,non-hisp,m,15-19,0.00306,synthetic_seed
IL,2023,other,non-hisp,m,20-24,0.004896,synthetic_seed
IL,2023,other,non-hisp,m,25-29,0.00612,synthetic_seed
IL,2023,other,non-hisp,m,30-34,0.007956,synthetic_seed
IL,2023,other,non-hisp,m,35-39,0.011016,synthetic_seed
IL,2023,other,non-hisp,m,40-44,0.015178,synthetic_seed
IL,2023,other,non-hisp,m,45-49,0.022522,synthetic_seed
IL,2023,other,non-hisp,m,50-54,0.033293,synthetic_seed
IL,2023,other,non-hisp,m,55-59,0.048226,synthetic_seed
IL,2023,other,non-hisp,m,60-64,0.071726,synthetic_seed
IL,2023,other,non-hisp,m,65-69,0.106243,synthetic_seed
IL,2023,other,non-hisp,m,70-74,0.162058,synthetic_seed
IL,2023,other,non-hisp,m,75-79,0.251899,synthetic_seed
IL,2023,other,non-hisp,m,80-84,0.394862,synthetic_seed
IL,2023,other,non-hisp,m,85+,0.680911,synthetic_seed
IL,2023,other,non-hisp,f,0-4,0.002168,synthetic_seed
IL,2023,other,non-hisp,f,5-9,0.000434,synthetic_seed
IL,2023,other,non-hisp,f,10-14,0.000434,synthetic_seed
IL,2023,other,non-hisp,f,15-19,0.002168,synthetic_seed
IL,2023,other,non-hisp,f,20-24,0.003468,synthetic_seed
IL,2023,other,non-hisp,f,25-29,0.004335,synthetic_seed
IL,2023,other,non-hisp,f,30-34,0.005635,synthetic_seed
IL,2023,other,non-hisp,f,35-39,0.007803,synthetic_seed
IL,2023,other,non-hisp,f,40-44,0.010751,synthetic_seed
IL,2023,other,non-hisp,f,45-49,0.015953,synthetic_seed
IL,2023,other,non-hisp,f,50-54,0.023582,synthetic_seed
IL,2023,other,non-hisp,f,55-59,0.03416,synthetic_seed
IL,2023,other,non-hisp,f,60-64,0.050806,synthetic_seed
IL,2023,other,non-hisp,f,65-69,0.075256,synthetic_seed
IL,2023,other,non-hisp,f,70-74,0.114791,synthetic_seed
IL,2023,other,non-hisp,f,75-79,0.178429,synthetic_seed
IL,2023,other,non-hisp,f,80-84,0.279694,synthetic_seed
IL,2023,other,non-hisp,f,85+,0.482312,synthetic_seed
IL,2023,other,hisp,m,0-4,0.00306,synthetic_seed
IL,2023,other,hisp,m,5-9,0.000612,synthetic_seed
IL,2023,other,hisp,m,10-14,0.000612,synthetic_seed
IL,2023,other,hisp,m,15-19,0.00306,synthetic_seed
IL,2023,other,hisp,m,20-24,0.004896,synthetic_seed
IL,2023,other,hisp,m,25-29,0.00612,synthetic_seed
IL,2023,other,hisp,m,30-34,0.007956,synthetic_seed
IL,2023,other,hisp,m,35-39,0.011016,synthetic_seed
IL,2023,other,hisp,m,40-44,0.015178,synthetic_seed
IL,2023,other,hisp,m,45-49,0.022522,synthetic_seed
IL,2023,other,hisp,m,50-54,0.033293,synthetic_seed
IL,2023,other,hisp,m,55-59,0.048226,synthetic_seed
IL,2023,other,hisp,m,60-64,0.071726,synthetic_seed
IL,2023,other,hisp,m,65-69,0.106243,synthetic_seed
IL,2023,other,hisp,m,70-74,0.162058,synthetic_seed
IL,2023,other,hisp,m,75-79,0.251899,synthetic_seed
IL,2023,other,hisp,m,80-84,0.394862,synthetic_seed
IL,2023,other,hisp,m,85+,0.680911,synthetic_seed
IL,2023,other,hisp,f,0-4,0.002168,synthetic_seed
IL,2023,other,hisp,f,5-9,0.000434,synthetic_seed
IL,2023,other,hisp,f,10-14,0.000434,synthetic_seed
IL,2023,other,hisp,f,15-19,0.002168,synthetic_seed
IL,2023,other,hisp,f,20-24,0.003468,synthetic_seed
IL,2023,other,hisp,f,25-29,0.004335,synthetic_seed
IL,2023,other,hisp,f,30-34,0.005635,synthetic_seed
IL,2023,other,hisp,f,35-39,0.007803,synthetic_seed
IL,2023,other,hisp,f,40-44,0.010751,synthetic_seed
IL,2023,other,hisp,f,45-49,0.015953,synthetic_seed
IL,2023,other,hisp,f,50-54,0.023582,synthetic_seed
IL,2023,other,hisp,f,55-59,0.03416,synthetic_seed
IL,2023,other,hisp,f,60-64,0.050806,synthetic_seed
IL,2023,other,hisp,f,65-69,0.075256,synthetic_seed
IL,2023,other,hisp,f,70-74,0.114791,synthetic_seed
IL,2023,other,hisp,f,75-79,0.178429,synthetic_seed
IL,2023,other,hisp,f,80-84,0.279694,synthetic_seed
IL,2023,other,hisp,f,85+,0.482312,synthetic_seed
IN,2023,white,non-hisp,m,0-4,0.00306,synthetic_seed
IN,2023,white,non-hisp,m,5-9,0.000612,synthetic_seed
IN,2023,white,non-hisp,m,10-14,0.000612,synthetic_seed
IN,2023,white,non-hisp,m,15-19,0.00306,synthetic_seed
IN,2023,white,non-hisp,m,20-24,0.004896,synthetic_seed
IN,2023,white,non-hisp,m,25-29,0.00612,synthetic_seed
IN,2023,white,non-hisp,m,30-34,0.007956,synthetic_seed
IN,2023,white,non-hisp,m,35-39,0.011016,synthetic_seed
IN,2023,white,non-hisp,m,40-44,0.015178,synthetic_seed
IN,2023,white,non-hisp,m,45-49,0.022522,synthetic_seed
IN,2023,white,non-hisp,m,50-54,0.033293,synthetic_seed
IN,2023,white,non-hisp,m,55-59,0.048226,synthetic_seed
IN,2023,white,non-hisp,m,60-64,0.071726,synthetic_seed
IN,2023,white,non-hisp,m,65-69,0.106243,synthetic_seed
IN,2023,white,non-hisp,m,70-74,0.162058,synthetic_seed
IN,2023,white,non-hisp,m,75-79,0.251899,synthetic_seed
IN,2023,white,non-hisp,m,80-84,0.394862,synthetic_seed
IN,2023,white,non-hisp,m,85+,0.680911,synthetic_seed
IN,2023,white,non-hisp,f,0-4,0.002168,synthetic_seed
IN,2023,white,non-hisp,f,5-9,0.000434,synthetic_seed
IN,2023,white,non-hisp,f,10-14,0.000434,synthetic_seed
IN,2023,white,non-hisp,f,15-19,0.002168,synthetic_seed
IN,2023,white,non-hisp,f,20-24,0.003468,synthetic_seed
IN,2023,white,non-hisp,f,25-29,0.004335,synthetic_seed
IN,2023,white,non-hisp,f,30-34,0.005635,synthetic_seed
IN,2023,white,non-hisp,f,35-39,0.007803,synthetic_seed
IN,2023,white,non-hisp,f,40-44,0.010751,synthetic_seed
IN,2023,white,non-hisp,f,45-49,0.015953,synthetic_seed
IN,2023,white,non-hisp,f,50-54,0.023582,synthetic_seed
IN,2023,white,non-hisp,f,55-59,0.03416,synthetic_seed
IN,2023,white,non-hisp,f,60-64,0.050806,synthetic_seed
IN,2023,white,non-hisp,f,65-69,0.075256,synthetic_seed
IN,2023,white,non-hisp,f,70-74,0.114791,synthetic_seed
IN,2023,white,non-hisp,f,75-79,0.178429,synthetic_seed
IN,2023,white,non-hisp,f,80-84,0.279694,synthetic_seed
IN,2023,white,non-hisp,f,85+,0.482312,synthetic_seed
IN,2023,white,hisp,m,0-4,0.00306,synthetic_seed
IN,2023,white,hisp,m,5-9,0.000612,synthetic_seed
IN,2023,white,hisp,m,10-14,0.000612,synthetic_seed
IN,2023,white,hisp,m,15-19,0.00306,synthetic_seed
IN,2023,white,hisp,m,20-24,0.004896,synthetic_seed
IN,2023,white,hisp,m,25-29,0.00612,synthetic_seed
IN,2023,white,hisp,m,30-34,0.007956,synthetic_seed
IN,2023,white,hisp,m,35-39,0.011016,synthetic_seed
IN,2023,white,hisp,m,40-44,0.015178,synthetic_seed
IN,2023,white,hisp,m,45-49,0.022522,synthetic_seed
IN,2023,white,hisp,m,50-54,0.033293,synthetic_seed
IN,2023,white,hisp,m,55-59,0.048226,synthetic_seed
IN,2023,white,hisp,m,60-64,0.071726,synthetic_seed
IN,2023,white,hisp,m,65-69,0.106243,synthetic_seed
IN,2023,white,hisp,m,70-74,0.162058,synthetic_seed
IN,2023,white,hisp,m,75-79,0.251899,synthetic_seed
IN,2023,white,hisp,m,80-84,0.394862,synthetic_seed
IN,2023,white,hisp,m,85+,0.680911,synthetic_seed
IN,2023,white,hisp,f,0-4,0.002168,synthetic_seed
IN,2023,white,hisp,f,5-9,0.000434,synthetic_seed
IN,2023,white,hisp,f,10-14,0.000434,synthetic_seed
IN,2023,white,hisp,f,15-19,0.002168,synthetic_seed
IN,2023,white,hisp,f,20-24,0.003468,synthetic_seed
IN,2023,white,hisp,f,25-29,0.004335,synthetic_seed
IN,2023,white,hisp,f,30-34,0.005635,synthetic_seed
IN,2023,white,hisp,f,35-39,0.007803,synthetic_seed
IN,2023,white,hisp,f,40-44,0.010751,synthetic_seed
IN,2023,white,hisp,f,45-49,0.015953,synthetic_seed
IN,2023,white,hisp,f,50-54,0.023582,synthetic_seed
IN,2023,white,hisp,f,55-59,0.03416,synthetic_seed
IN,2023,white,hisp,f,60-64,0.050806,synthetic_seed
IN,2023,white,hisp,f,65-69,0.075256,synthetic_seed
IN,2023,white,hisp,f,70-74,0.114791,synthetic_seed
IN,2023,white,hisp,f,75-79,0.178429,synthetic_seed
IN,2023,white,hisp,f,80-84,0.279694,synthetic_seed
IN,2023,white,hisp,f,85+,0.482312,synthetic_seed
IN,2023,black,non-hisp,m,0-4,0.003366,synthetic_seed
IN,2023,black,non-hisp,m,5-9,0.000673,synthetic_seed
IN,2023,black,non-hisp,m,10-14,0.000673,synthetic_seed
IN,2023,black,non-hisp,m,15-19,0.003366,synthetic_seed
IN,2023,black,non-hisp,m,20-24,0.005386,synthetic_seed
IN,2023,black,non-hisp,m,25-29,0.006732,synthetic_seed
IN,2023,black,non-hisp,m,30-34,0.008752,synthetic_seed
IN,2023,black,non-hisp,m,35-39,0.012118,synthetic_seed
IN,2023,black,non-hisp,m,40-44,0.016695,synthetic_seed
IN,2023,black,non-hisp,m,45-49,0.024774,synthetic_seed
IN,2023,black,non-hisp,m,50-54,0.036622,synthetic_seed
IN,2023,black,non-hisp,m,55-59,0.053048,synthetic_seed
IN,2023,black,non-hisp,m,60-64,0.078899,synthetic_seed
IN,2023,black,non-hisp,m,65-69,0.116868,synthetic_seed
IN,2023,black,non-hisp,m,70-74,0.178263,synthetic_seed
IN,2023,black,non-hisp,m,75-79,0.277089,synthetic_seed
IN,2023,black,non-hisp,m,80-84,0.434349,synthetic_seed
IN,2023,black,non-hisp,m,85+,0.749002,synthetic_seed
IN,2023,black,non-hisp,f,0-4,0.002384,synthetic_seed
IN,2023,black,non-hisp,f,5-9,0.000477,synthetic_seed
IN,2023,black,non-hisp,f,10-14,0.000477,synthetic_seed
IN,2023,black,non-hisp,f,15-19,0.002384,synthetic_seed
IN,2023,black,non-hisp,f,20-24,0.003815,synthetic_seed
IN,2023,black,non-hisp,f,25-29,0.004769,synthetic_seed
IN,2023,black,non-hisp,f,30-34,0.006199,synthetic_seed
IN,2023,black,non-hisp,f,35-39,0.008583,synthetic_seed
IN,2023,black,non-hisp,f,40-44,0.011826,synthetic_seed
IN,2023,black,non-hisp,f,45-49,0.017548,synthetic_seed
IN,2023,black,non-hisp,f,50-54,0.025941,synthetic_seed
IN,2023,black,non-hisp,f,55-59,0.037576,synthetic_seed
IN,2023,black,non-hisp,f,60-64,0.055887,synthetic_seed
IN,2023,black,non-hisp,f,65-69,0.082781,synthetic_seed
IN,2023,black,non-hisp,f,70-74,0.12627,synthetic_seed
IN,2023,black,non-hisp,f,75-79,0.196271,synthetic_seed
IN,2023,black,non-hisp,f,80-84,0.307664,synthetic_seed
IN,2023,black,non-hisp,f,85+,0.530543,synthetic_seed
IN,2023,black,hisp,m,0-4,0.003366,synthetic_seed
IN,2023,black,hisp,m,5-9,0.000673,synthetic_seed
IN,2023,black,hisp,m,10-14,0.000673,synthetic_seed
IN,2023,black,hisp,m,15-19,0.003366,synthetic_seed
IN,2023,black,hisp,m,20-24,0.005386,synthetic_seed
IN,2023,black,hisp,m,25-29,0.006732,synthetic_seed
IN,2023,black,hisp,m,30-34,0.008752,synthetic_seed
IN,2023,black,hisp,m,35-39,0.012118,synthetic_seed
IN,2023,black,hisp,m,40-44,0.016695,synthetic_seed
IN,2023,black,hisp,m,45-49,0.024774,synthetic_seed
IN,2023,black,hisp,m,50-54,0.036622,synthetic_seed
IN,2023,black,hisp,m,55-59,0.053048,synthetic_seed
IN,2023,black,hisp,m,60-64,0.078899,synthetic_seed
IN,2023,black,hisp,m,65-69,0.116868,synthetic_seed
IN,2023,black,hisp,m,70-74,0.178263,synthetic_seed
IN,2023,black,hisp,m,75-79,0.277089,synthetic_seed
IN,2023,black,hisp,m,80-84,0.434349,synthetic_seed
IN,2023,black,hisp,m,85+,0.749002,synthetic_seed
IN,2023,black,hisp,f,0-4,0.002384,synthetic_seed
IN,2023,black,hisp,f,5-9,0.000477,synthetic_seed
IN,2023,black,hisp,f,10-14,0.000477,synthetic_seed
IN,2023,black,hisp,f,15-19,0.002384,synthetic_seed
IN,2023,black,hisp,f,20-24,0.003815,synthetic_seed
IN,2023,black,hisp,f,25-29,0.004769,synthetic_seed
IN,2023,black,hisp,f,30-34,0.006199,synthetic_seed
IN,2023,black,hisp,f,35-39,0.008583,synthetic_seed
IN,2023,black,hisp,f,40-44,0.011826,synthetic_seed
IN,2023,black,hisp,f,45-49,0.017548,synthetic_seed
IN,2023,black,hisp,f,50-54,0.025941,synthetic_seed
IN,2023,black,hisp,f,55-59,0.037576,synthetic_seed
IN,2023,black,hisp,f,60-64,0.055887,synthetic_seed
IN,2023,black,hisp,f,65-69,0.082781,synthetic_seed
IN,2023,black,hisp,f,70-74,0.12627,synthetic_seed
IN,2023,black,hisp,f,75-79,0.196271,synthetic_seed
IN,2023,black,hisp,f,80-84,0.307664,synthetic_seed
IN,2023,black,hisp,f,85+,0.530543,synthetic_seed
IN,2023,asian,non-hisp,m,0-4,0.002907,synthetic_seed
IN,2023,asian,non-hisp,m,5-9,0.000581,synthetic_seed
IN,2023,asian,non-hisp,m,10-14,0.000581,synthetic_seed
IN,2023,asian,non-hisp,m,15-19,0.002907,synthetic_seed
IN,2023,asian,non-hisp,m,20-24,0.004651,synthetic_seed
IN,2023,asian,non-hisp,m,25-29,0.005814,synthetic_seed
IN,2023,asian,non-hisp,m,30-34,0.007558,synthetic_seed
IN,2023,asian,non-hisp,m,35-39,0.010465,synthetic_seed
IN,2023,asian,non-hisp,m,40-44,0.014419,synthetic_seed
IN,2023,asian,non-hisp,m,45-49,0.021396,synthetic_seed
IN,2023,asian,non-hisp,m,50-54,0.031628,synthetic_seed
IN,2023,asian,non-hisp,m,55-59,0.045814,synthetic_seed
IN,2023,asian,non-hisp,m,60-64,0.06814,synthetic_seed
IN,2023,asian,non-hisp,m,65-69,0.100931,synthetic_seed
IN,2023,asian,non-hisp,m,70-74,0.153955,synthetic_seed
IN,2023,asian,non-hisp,m,75-79,0.239304,synthetic_seed
IN,2023,asian,non-hisp,m,80-84,0.375119,synthetic_seed
IN,2023,asian,non-hisp,m,85+,0.646866,synthetic_seed
IN,2023,asian,non-hisp,f,0-4,0.002059,synthetic_seed
IN,2023,asian,non-hisp,f,5-9,0.000412,synthetic_seed
IN,2023,asian,non-hisp,f,10-14,0.000412,synthetic_seed
IN,2023,asian,non-hisp,f,15-19,0.002059,synthetic_seed
IN,2023,asian,non-hisp,f,20-24,0.003295,synthetic_seed
IN,2023,asian,non-hisp,f,25-29,0.004118,synthetic_seed
IN,2023,asian,non-hisp,f,30-34,0.005354,synthetic_seed
IN,2023,asian,non-hisp,f,35-39,0.007413,synthetic_seed
IN,2023,asian,non-hisp,f,40-44,0.010213,synthetic_seed
IN,2023,asian,non-hisp,f,45-49,0.015155,synthetic_seed
IN,2023,asian,non-hisp,f,50-54,0.022403,synthetic_seed
IN,2023,asian,non-hisp,f,55-59,0.032452,synthetic_seed
IN,2023,asian,non-hisp,f,60-64,0.048266,synthetic_seed
IN,2023,asian,non-hisp,f,65-69,0.071493,synthetic_seed
IN,2023,asian,non-hisp,f,70-74,0.109051,synthetic_seed
IN,2023,asian,non-hisp,f,75-79,0.169507,synthetic_seed
IN,2023,asian,non-hisp,f,80-84,0.265709,synthetic_seed
IN,2023,asian,non-hisp,f,85+,0.458196,synthetic_seed
IN,2023,asian,hisp,m,0-4,0.002907,synthetic_seed
IN,2023,asian,hisp,m,5-9,0.000581,synthetic_seed
IN,2023,asian,hisp,m,10-14,0.000581,synthetic_seed
IN,2023,asian,hisp,m,15-19,0.002907,synthetic_seed
IN,2023,asian,hisp,m,20-24,0.004651,synthetic_seed
IN,2023,asian,hisp,m,25-29,0.005814,synthetic_seed
IN,2023,asian,hisp,m,30-34,0.007558,synthetic_seed
IN,2023,asian,hisp,m,35-39,0.010465,synthetic_seed
IN,2023,asian,hisp,m,40-44,0.014419,synthetic_seed
IN,2023,asian,hisp,m,45-49,0.021396,synthetic_seed
IN,2023,asian,hisp,m,50-54,0.031628,synthetic_seed
IN,2023,asian,hisp,m,55-59,0.045814,synthetic_seed
IN,2023,asian,hisp,m,60-64,0.06814,synthetic_seed
IN,2023,asian,hisp,m,65-69,0.100931,synthetic_seed
IN,2023,asian,hisp,m,70-74,0.153955,synthetic_seed
IN,2023,asian,hisp,m,75-79,0.239304,synthetic_seed
IN,2023,asian,hisp,m,80-84,0.375119,synthetic_seed
IN,2023,asian,hisp,m,85+,0.646866,synthetic_seed
IN,2023,asian,hisp,f,0-4,0.002059,synthetic_seed
IN,2023,asian,hisp,f,5-9,0.000412,synthetic_seed
IN,2023,asian,hisp,f,10-14,0.000412,synthetic_seed
IN,2023,asian,hisp,f,15-19,0.002059,synthetic_seed
IN,2023,asian,hisp,f,20-24,0.003295,synthetic_seed
IN,2023,asian,hisp,f,25-29,0.004118,synthetic_seed
IN,2023,asian,hisp,f,30-34,0.005354,synthetic_seed
IN,2023,asian,hisp,f,35-39,0.007413,synthetic_seed
IN,2023,asian,hisp,f,40-44,0.010213,synthetic_seed
IN,2023,asian,hisp,f,45-49,0.015155,synthetic_seed
IN,2023,asian,hisp,f,50-54,0.022403,synthetic_seed
IN,2023,asian,hisp,f,55-59,0.032452,synthetic_seed
IN,2023,asian,hisp,f,60-64,0.048266,synthetic_seed
IN,2023,asian,hisp,f,65-69,0.071493,synthetic_seed
IN,2023,asian,hisp,f,70-74,0.109051,synthetic_seed
IN,2023,asian,hisp,f,75-79,0.169507,synthetic_seed
IN,2023,asian,hisp,f,80-84,0.265709,synthetic_seed
IN,2023,asian,hisp,f,85+,0.458196,synthetic_seed
IN,2023,other,non-hisp,m,0-4,0.00306,synthetic_seed
IN,2023,other,non-hisp,m,5-9,0.000612,synthetic_seed
IN,2023,other,non-hisp,m,10-14,0.000612,synthetic_seed
IN,2023,other,non-hisp,m,15-19,0.00306,synthetic_seed
IN,2023,other,non-hisp,m,20-24,0.004896,synthetic_seed
IN,2023,other,non-hisp,m,25-29,0.00612,synthetic_seed
IN,2023,other,non-hisp,m,30-34,0.007956,synthetic_seed
IN,2023,other,non-hisp,m,35-39,0.011016,synthetic_seed
IN,2023,other,non-hisp,m,40-44,0.015178,synthetic_seed
IN,2023,other,non-hisp,m,45-49,0.022522,synthetic_seed
IN,2023,other,non-hisp,m,50-54,0.033293,synthetic_seed
IN,2023,other,non-hisp,m,55-59,0.048226,synthetic_seed
IN,2023,other,non-hisp,m,60-64,0.071726,synthetic_seed
IN,2023,other,non-hisp,m,65-69,0.106243,synthetic_seed
IN,2023,other,non-hisp,m,70-74,0.162058,synthetic_seed
IN,2023,other,non-hisp,m,75-79,0.251899,synthetic_seed
IN,2023,other,non-hisp,m,80-84,0.394862,synthetic_seed
IN,2023,other,non-hisp,m,85+,0.680911,synthetic_seed
IN,2023,other,non-hisp,f,0-4,0.002168,synthetic_seed
IN,2023,other,non-hisp,f,5-9,0.000434,synthetic_seed
IN,2023,other,non-hisp,f,10-14,0.000434,synthetic_seed
IN,2023,other,non-hisp,f,15-19,0.002168,synthetic_seed
IN,2023,other,non-hisp,f,20-24,0.003468,synthetic_seed
IN,2023,other,non-hisp,f,25-29,0.004335,synthetic_seed
IN,2023,other,non-hisp,f,30-34,0.005635,synthetic_seed
IN,2023,other,non-hisp,f,35-39,0.007803,synthetic_seed
IN,2023,other,non-hisp,f,40-44,0.010751,synthetic_seed
IN,2023,other,non-hisp,f,45-49,0.015953,synthetic_seed
IN,2023,other,non-hisp,f,50-54,0.023582,synthetic_seed
IN,2023,other,non-hisp,f,55-59,0.03416,synthetic_seed
IN,2023,other,non-hisp,f,60-64,0.050806,synthetic_seed
IN,2023,other,non-hisp,f,65-69,0.075256,synthetic_seed
IN,2023,other,non-hisp,f,70-74,0.114791,synthetic_seed
IN,2023,other,non-hisp,f,75-79,0.178429,synthetic_seed
IN,2023,other,non-hisp,f,80-84,0.279694,synthetic_seed
IN,2023,other,non-hisp,f,85+,0.482312,synthetic_seed
IN,2023,other,hisp,m,0-4,0.00306,synthetic_seed
IN,2023,other,hisp,m,5-9,0.000612,synthetic_seed
IN,2023,other,hisp,m,10-14,0.000612,synthetic_seed
IN,2023,other,hisp,m,15-19,0.00306,synthetic_seed
IN,2023,other,hisp,m,20-24,0.004896,synthetic_seed
IN,2023,other,hisp,m,25-29,0.00612,synthetic_seed
IN,2023,other,hisp,m,30-34,0.007956,synthetic_seed
IN,2023,other,hisp,m,35-39,0.011016,synthetic_seed
IN,2023,other,hisp,m,40-44,0.015178,synthetic_seed
IN,2023,other,hisp,m,45-49,0.022522,synthetic_seed
IN,2023,other,hisp,m,50-54,0.033293,synthetic_seed
IN,2023,other,hisp,m,55-59,0.048226,synthetic_seed
IN,2023,other,hisp,m,60-64,0.071726,synthetic_seed
IN,2023,other,hisp,m,65-69,0.106243,synthetic_seed
IN,2023,other,hisp,m,70-74,0.162058,synthetic_seed
IN,2023,other,hisp,m,75-79,0.251899,synthetic_seed
IN,2023,other,hisp,m,80-84,0.394862,synthetic_seed
IN,2023,other,hisp,m,85+,0.680911,synthetic_seed
IN,2023,other,hisp,f,0-4,0.002168,synthetic_seed
IN,2023,other,hisp,f,5-9,0.000434,synthetic_seed
IN,2023,other,hisp,f,10-14,0.000434,synthetic_seed
IN,2023,other,hisp,f,15-19,0.002168,synthetic_seed
IN,2023,other,hisp,f,20-24,0.003468,synthetic_seed
IN,2023,other,hisp,f,25-29,0.004335,synthetic_seed
IN,2023,other,hisp,f,30-34,0.005635,synthetic_seed
IN,2023,other,hisp,f,35-39,0.007803,synthetic_seed
IN,2023,other,hisp,f,40-44,0.010751,synthetic_seed
IN,2023,other,hisp,f,45-49,0.015953,synthetic_seed
IN,2023,other,hisp,f,50-54,0.023582,synthetic_seed
IN,2023,other,hisp,f,55-59,0.03416,synthetic_seed
IN,2023,other,hisp,f,60-64,0.050806,synthetic_seed
IN,2023,other,hisp,f,65-69,0.075256,synthetic_seed
IN,2023,other,hisp,f,70-74,0.114791,synthetic_seed
IN,2023,other,hisp,f,75-79,0.178429,synthetic_seed
IN,2023,other,hisp,f,80-84,0.279694,synthetic_seed
IN,2023,other,hisp,f,85+,0.482312,synthetic_seed
IA,2023,white,non-hisp,m,0-4,0.00306,synthetic_seed
IA,2023,white,non-hisp,m,5-9,0.000612,synthetic_seed
IA,2023,white,non-hisp,m,10-14,0.000612,synthetic_seed
IA,2023,white,non-hisp,m,15-19,0.00306,synthetic_seed
IA,2023,white,non-hisp,m,20-24,0.004896,synthetic_seed
IA,2023,white,non-hisp,m,25-29,0.00612,synthetic_seed
IA,2023,white,non-hisp,m,30-34,0.007956,synthetic_seed
IA,2023,white,non-hisp,m,35-39,0.011016,synthetic_seed
IA,2023,white,non-hisp,m,40-44,0.015178,synthetic_seed
IA,2023,white,non-hisp,m,45-49,0.022522,synthetic_seed
IA,2023,white,non-hisp,m,50-54,0.033293,synthetic_seed
IA,2023,white,non-hisp,m,55-59,0.048226,synthetic_seed
IA,2023,white,non-hisp,m,60-64,0.071726,synthetic_seed
IA,2023,white,non-hisp,m,65-69,0.106243,synthetic_seed
IA,2023,white,non-hisp,m,70-74,0.162058,synthetic_seed
IA,2023,white,non-hisp,m,75-79,0.251899,synthetic_seed
IA,2023,white,non-hisp,m,80-84,0.394862,synthetic_seed
IA,2023,white,non-hisp,m,85+,0.680911,synthetic_seed
IA,2023,white,non-hisp,f,0-4,0.002168,synthetic_seed
IA,2023,white,non-hisp,f,5-9,0.000434,synthetic_seed
IA,2023,white,non-hisp,f,10-14,0.000434,synthetic_seed
IA,2023,white,non-hisp,f,15-19,0.002168,synthetic_seed
IA,2023,white,non-hisp,f,20-24,0.003468,synthetic_seed
IA,2023,white,non-hisp,f,25-29,0.004335,synthetic_seed
IA,2023,white,non-hisp,f,30-34,0.005635,synthetic_seed
IA,2023,white,non-hisp,f,35-39,0.007803,synthetic_seed
IA,2023,white,non-hisp,f,40-44,0.010751,synthetic_seed
IA,2023,white,non-hisp,f,45-49,0.015953,synthetic_seed
IA,2023,white,non-hisp,f,50-54,0.023582,synthetic_seed
IA,2023,white,non-hisp,f,55-59,0.03416,synthetic_seed
IA,2023,white,non-hisp,f,60-64,0.050806,synthetic_seed
IA,2023,white,non-hisp,f,65-69,0.075256,synthetic_seed
IA,2023,white,non-hisp,f,70-74,0.114791,synthetic_seed
IA,2023,white,non-hisp,f,75-79,0.178429,synthetic_seed
IA,2023,white,non-hisp,f,80-84,0.279694,synthetic_seed
IA,2023,white,non-hisp,f,85+,0.482312,synthetic_seed
IA,2023,white,hisp,m,0-4,0.00306,synthetic_seed
IA,2023,white,hisp,m,5-9,0.000612,synthetic_seed
IA,2023,white,hisp,m,10-14,0.000612,synthetic_seed
IA,2023,white,hisp,m,15-19,0.00306,synthetic_seed
IA,2023,white,hisp,m,20-24,0.004896,synthetic_seed
IA,2023,white,hisp,m,25-29,0.00612,synthetic_seed
IA,2023,white,hisp,m,30-34,0.007956,synthetic_seed
IA,2023,white,hisp,m,35-39,0.011016,synthetic_seed
IA,2023,white,hisp,m,40-44,0.015178,synthetic_seed
IA,2023,white,hisp,m,45-49,0.022522,synthetic_seed
IA,2023,white,hisp,m,50-54,0.033293,synthetic_seed
IA,2023,white,hisp,m,55-59,0.048226,synthetic_seed
IA,2023,white,hisp,m,60-64,0.071726,synthetic_seed
IA,2023,white,hisp,m,65-69,0.106243,synthetic_seed
IA,2023,white,hisp,m,70-74,0.162058,synthetic_seed
IA,2023,white,hisp,m,75-79,0.251899,synthetic_seed
IA,2023,white,hisp,m,80-84,0.394862,synthetic_seed
IA,2023,white,hisp,m,85+,0.680911,synthetic_seed
IA,2023,white,hisp,f,0-4,0.002168,synthetic_seed
IA,2023,white,hisp,f,5-9,0.000434,synthetic_seed
IA,2023,white,hisp,f,10-14,0.000434,synthetic_seed
IA,2023,white,hisp,f,15-19,0.002168,synthetic_seed
IA,2023,white,hisp,f,20-24,0.003468,synthetic_seed
IA,2023,white,hisp,f,25-29,0.004335,synthetic_seed
IA,2023,white,hisp,f,30-34,0.005635,synthetic_seed
IA,2023,white,hisp,f,35-39,0.007803,synthetic_seed
IA,2023,white,hisp,f,40-44,0.010751,synthetic_seed
IA,2023,white,hisp,f,45-49,0.015953,synthetic_seed
IA,2023,white,hisp,f,50-54,0.023582,synthetic_seed
IA,2023,white,hisp,f,55-59,0.03416,synthetic_seed
IA,2023,white,hisp,f,60-64,0.050806,synthetic_seed
IA,2023,white,hisp,f,65-69,0.075256,synthetic_seed
IA,2023,white,hisp,f,70-74,0.114791,synthetic_seed
IA,2023,white,hisp,f,75-79,0.178429,synthetic_seed
IA,2023,white,hisp,f,80-84,0.279694,synthetic_seed
IA,2023,white,hisp,f,85+,0.482312,synthetic_seed
IA,2023,black,non-hisp,m,0-4,0.003366,synthetic_seed
IA,2023,black,non-hisp,m,5-9,0.000673,synthetic_seed
IA,2023,black,non-hisp,m,10-14,0.000673,synthetic_seed
IA,2023,black,non-hisp,m,15-19,0.003366,synthetic_seed
IA,2023,black,non-hisp,m,20-24,0.005386,synthetic_seed
IA,2023,black,non-hisp,m,25-29,0.006732,synthetic_seed
IA,2023,black,non-hisp,m,30-34,0.008752,synthetic_seed
IA,2023,black,non-hisp,m,35-39,0.012118,synthetic_seed
IA,2023,black,non-hisp,m,40-44,0.016695,synthetic_seed
IA,2023,black,non-hisp,m,45-49,0.024774,synthetic_seed
IA,2023,black,non-hisp,m,50-54,0.036622,synthetic_seed
IA,2023,black,non-hisp,m,55-59,0.053048,synthetic_seed
IA,2023,black,non-hisp,m,60-64,0.078899,synthetic_seed
IA,2023,black,non-hisp,m,65-69,0.116868,synthetic_seed
IA,2023,black,non-hisp,m,70-74,0.178263,synthetic_seed
IA,2023,black,non-hisp,m,75-79,0.277089,synthetic_seed
IA,2023,black,non-hisp,m,80-84,0.434349,synthetic_seed
IA,2023,black,non-hisp,m,85+,0.749002,synthetic_seed
IA,2023,black,non-hisp,f,0-4,0.002384,synthetic_seed
IA,2023,black,non-hisp,f,5-9,0.000477,synthetic_seed
IA,2023,black,non-hisp,f,10-14,0.000477,synthetic_seed
IA,2023,black,non-hisp,f,15-19,0.002384,synthetic_seed
IA,2023,black,non-hisp,f,20-24,0.003815,synthetic_seed
IA,2023,black,non-hisp,f,25-29,0.004769,synthetic_seed
IA,2023,black,non-hisp,f,30-34,0.006199,synthetic_seed
IA,2023,black,non-hisp,f,35-39,0.008583,synthetic_seed
IA,2023,black,non-hisp,f,40-44,0.011826,synthetic_seed
IA,2023,black,non-hisp,f,45-49,0.017548,synthetic_seed
IA,2023,black,non-hisp,f,50-54,0.025941,synthetic_seed
IA,2023,black,non-hisp,f,55-59,0.037576,synthetic_seed
IA,2023,black,non-hisp,f,60-64,0.055887,synthetic_seed
IA,2023,black,non-hisp,f,65-69,0.082781,synthetic_seed
IA,2023,black,non-hisp,f,70-74,0.12627,synthetic_seed
IA,2023,black,non-hisp,f,75-79,0.196271,synthetic_seed
IA,2023,black,non-hisp,f,80-84,0.307664,synthetic_seed
IA,2023,black,non-hisp,f,85+,0.530543,synthetic_seed
IA,2023,black,hisp,m,0-4,0.003366,synthetic_seed
IA,2023,black,hisp,m,5-9,0.000673,synthetic_seed
IA,2023,black,hisp,m,10-14,0.000673,synthetic_seed
IA,2023,black,hisp,m,15-19,0.003366,synthetic_seed
IA,2023,black,hisp,m,20-24,0.005386,synthetic_seed
IA,2023,black,hisp,m,25-29,0.006732,synthetic_seed
IA,2023,black,hisp,m,30-34,0.008752,synthetic_seed
IA,2023,black,hisp,m,35-39,0.012118,synthetic_seed
IA,2023,black,hisp,m,40-44,0.016695,synthetic_seed
IA,2023,black,hisp,m,45-49,0.024774,synthetic_seed
IA,2023,black,hisp,m,50-54,0.036622,synthetic_seed
IA,2023,black,hisp,m,55-59,0.053048,synthetic_seed
IA,2023,black,hisp,m,60-64,0.078899,synthetic_seed
IA,2023,black,hisp,m,65-69,0.116868,synthetic_seed
IA,2023,black,hisp,m,70-74,0.178263,synthetic_seed
IA,2023,black,hisp,m,75-79,0.277089,synthetic_seed
IA,2023,black,hisp,m,80-84,0.434349,synthetic_seed
IA,2023,black,hisp,m,85+,0.749002,synthetic_seed
IA,2023,black,hisp,f,0-4,0.002384,synthetic_seed
IA,2023,black,hisp,f,5-9,0.000477,synthetic_seed
IA,2023,black,hisp,f,10-14,0.000477,synthetic_seed
IA,2023,black,hisp,f,15-19,0.002384,synthetic_seed
IA,2023,black,hisp,f,20-24,0.003815,synthetic_seed
IA,2023,black,hisp,f,25-29,0.004769,synthetic_seed
IA,2023,black,hisp,f,30-34,0.006199,synthetic_seed
IA,2023,black,hisp,f,35-39,0.008583,synthetic_seed
IA,2023,black,hisp,f,40-44,0.011826,synthetic_seed
IA,2023,black,hisp,f,45-49,0.017548,synthetic_seed
IA,2023,black,hisp,f,50-54,0.025941,synthetic_seed
IA,2023,black,hisp,f,55-59,0.037576,synthetic_seed
IA,2023,black,hisp,f,60-64,0.055887,synthetic_seed
IA,2023,black,hisp,f,65-69,0.082781,synthetic_seed
IA,2023,black,hisp,f,70-74,0.12627,synthetic_seed
IA,2023,black,hisp,f,75-79,0.196271,synthetic_seed
IA,2023,black,hisp,f,80-84,0.307664,synthetic_seed
IA,2023,black,hisp,f,85+,0.530543,synthetic_seed
IA,2023,asian,non-hisp,m,0-4,0.002907,synthetic_seed
IA,2023,asian,non-hisp,m,5-9,0.000581,synthetic_seed
IA,2023,asian,non-hisp,m,10-14,0.000581,synthetic_seed
IA,2023,asian,non-hisp,m,15-19,0.002907,synthetic_seed
IA,2023,asian,non-hisp,m,20-24,0.004651,synthetic_seed
IA,2023,asian,non-hisp,m,25-29,0.005814,synthetic_seed
IA,2023,asian,non-hisp,m,30-34,0.007558,synthetic_seed
IA,2023,asian,non-hisp,m,35-39,0.010465,synthetic_seed
IA,2023,asian,non-hisp,m,40-44,0.014419,synthetic_seed
IA,2023,asian,non-hisp,m,45-49,0.021396,synthetic_seed
IA,2023,asian,non-hisp,m,50-54,0.031628,synthetic_seed
IA,2023,asian,non-hisp,m,55-59,0.045814,synthetic_seed
IA,2023,asian,non-hisp,m,60-64,0.06814,synthetic_seed
IA,2023,asian,non-hisp,m,65-69,0.100931,synthetic_seed
IA,2023,asian,non-hisp,m,70-74,0.153955,synthetic_seed
IA,2023,asian,non-hisp,m,75-79,0.239304,synthetic_seed
IA,2023,asian,non-hisp,m,80-84,0.375119,synthetic_seed
IA,2023,asian,non-hisp,m,85+,0.646866,synthetic_seed
IA,2023,asian,non-hisp,f,0-4,0.002059,synthetic_seed
IA,2023,asian,non-hisp,f,5-9,0.000412,synthetic_seed
IA,2023,asian,non-hisp,f,10-14,0.000412,synthetic_seed
IA,2023,asian,non-hisp,f,15-19,0.002059,synthetic_seed
IA,2023,asian,non-hisp,f,20-24,0.003295,synthetic_seed
IA,2023,asian,non-hisp,f,25-29,0.004118,synthetic_seed
IA,2023,asian,non-hisp,f,30-34,0.005354,synthetic_seed
IA,2023,asian,non-hisp,f,35-39,0.007413,synthetic_seed
IA,2023,asian,non-hisp,f,40-44,0.010213,synthetic_seed
IA,2023,asian,non-hisp,f,45-49,0.015155,synthetic_seed
IA,2023,asian,non-hisp,f,50-54,0.022403,synthetic_seed
IA,2023,asian,non-hisp,f,55-59,0.032452,synthetic_seed
IA,2023,asian,non-hisp,f,60-64,0.048266,synthetic_seed
IA,2023,asian,non-hisp,f,65-69,0.071493,synthetic_seed
IA,2023,asian,non-hisp,f,70-74,0.109051,synthetic_seed
IA,2023,asian,non-hisp,f,75-79,0.169507,synthetic_seed
IA,2023,asian,non-hisp,f,80-84,0.265709,synthetic_seed
IA,2023,asian,non-hisp,f,85+,0.458196,synthetic_seed
IA,2023,asian,hisp,m,0-4,0.002907,synthetic_seed
IA,2023,asian,hisp,m,5-9,0.000581,synthetic_seed
IA,2023,asian,hisp,m,10-14,0.000581,synthetic_seed
IA,2023,asian,hisp,m,15-19,0.002907,synthetic_seed
IA,2023,asian,hisp,m,20-24,0.004651,synthetic_seed
IA,2023,asian,hisp,m,25-29,0.005814,synthetic_seed
IA,2023,asian,hisp,m,30-34,0.007558,synthetic_seed
IA,2023,asian,hisp,m,35-39,0.010465,synthetic_seed
IA,2023,asian,hisp,m,40-44,0.014419,synthetic_seed
IA,2023,asian,hisp,m,45-49,0.021396,synthetic_seed
IA,2023,asian,hisp,m,50-54,0.031628,synthetic_seed
IA,2023,asian,hisp,m,55-59,0.045814,synthetic_seed
IA,2023,asian,hisp,m,60-64,0.06814,synthetic_seed
IA,2023,asian,hisp,m,65-69,0.100931,synthetic_seed
IA,2023,asian,hisp,m,70-74,0.153955,synthetic_seed
IA,2023,asian,hisp,m,75-79,0.239304,synthetic_seed
IA,2023,asian,hisp,m,80-84,0.375119,synthetic_seed
IA,2023,asian,hisp,m,85+,0.646866,synthetic_seed
IA,2023,asian,hisp,f,0-4,0.002059,synthetic_seed
IA,2023,asian,hisp,f,5-9,0.000412,synthetic_seed
IA,2023,asian,hisp,f,10-14,0.000412,synthetic_seed
IA,2023,asian,hisp,f,15-19,0.002059,synthetic_seed
IA,2023,asian,hisp,f,20-24,0.003295,synthetic_seed
IA,2023,asian,hisp,f,25-29,0.004118,synthetic_seed
IA,2023,asian,hisp,f,30-34,0.005354,synthetic_seed
IA,2023,asian,hisp,f,35-39,0.007413,synthetic_seed
IA,2023,asian,hisp,f,40-44,0.010213,synthetic_seed
IA,2023,asian,hisp,f,45-49,0.015155,synthetic_seed
IA,2023,asian,hisp,f,50-54,0.022403,synthetic_seed
IA,2023,asian,hisp,f,55-59,0.032452,synthetic_seed
IA,2023,asian,hisp,f,60-64,0.048266,synthetic_seed
IA,2023,asian,hisp,f,65-69,0.071493,synthetic_seed
IA,2023,asian,hisp,f,70-74,0.109051,synthetic_seed
IA,2023,asian,hisp,f,75-79,0.169507,synthetic_seed
IA,2023,asian,hisp,f,80-84,0.265709,synthetic_seed
IA,2023,asian,hisp,f,85+,0.458196,synthetic_seed
IA,2023,other,non-hisp,m,0-4,0.00306,synthetic_seed
IA,2023,other,non-hisp,m,5-9,0.000612,synthetic_seed
IA,2023,other,non-hisp,m,10-14,0.000612,synthetic_seed
IA,2023,other,non-hisp,m,15-19,0.00306,synthetic_seed
IA,2023,other,non-hisp,m,20-24,0.004896,synthetic_seed
IA,2023,other,non-hisp,m,25-29,0.00612,synthetic_seed
IA,2023,other,non-hisp,m,30-34,0.007956,synthetic_seed
IA,2023,other,non-hisp,m,35-39,0.011016,synthetic_seed
IA,2023,other,non-hisp,m,40-44,0.015178,synthetic_seed
IA,2023,other,non-hisp,m,45-49,0.022522,synthetic_seed
IA,2023,other,non-hisp,m,50-54,0.033293,synthetic_seed
IA,2023,other,non-hisp,m,55-59,0.048226,synthetic_seed
IA,2023,other,non-hisp,m,60-64,0.071726,synthetic_seed
IA,2023,other,non-hisp,m,65-69,0.106243,synthetic_seed
IA,2023,other,non-hisp,m,70-74,0.162058,synthetic_seed
IA,2023,other,non-hisp,m,75-79,0.251899,synthetic_seed
IA,2023,other,non-hisp,m,80-84,0.394862,synthetic_seed
IA,2023,other,non-hisp,m,85+,0.680911,synthetic_seed
IA,2023,other,non-hisp,f,0-4,0.002168,synthetic_seed
IA,2023,other,non-hisp,f,5-9,0.000434,synthetic_seed
IA,2023,other,non-hisp,f,10-14,0.000434,synthetic_seed
IA,2023,other,non-hisp,f,15-19,0.002168,synthetic_seed
IA,2023,other,non-hisp,f,20-24,0.003468,synthetic_seed
IA,2023,other,non-hisp,f,25-29,0.004335,synthetic_seed
IA,2023,other,non-hisp,f,30-34,0.005635,synthetic_seed
IA,2023,other,non-hisp,f,35-39,0.007803,synthetic_seed
IA,2023,other,non-hisp,f,40-44,0.010751,synthetic_seed
IA,2023,other,non-hisp,f,45-49,0.015953,synthetic_seed
IA,2023,other,non-hisp,f,50-54,0.023582,synthetic_seed
IA,2023,other,non-hisp,f,55-59,0.03416,synthetic_seed
IA,2023,other,non-hisp,f,60-64,0.050806,synthetic_seed
IA,2023,other,non-hisp,f,65-69,0.075256,synthetic_seed
IA,2023,other,non-hisp,f,70-74,0.114791,synthetic_seed
IA,2023,other,non-hisp,f,75-79,0.178429,synthetic_seed
IA,2023,other,non-hisp,f,80-84,0.279694,synthetic_seed
IA,2023,other,non-hisp,f,85+,0.482312,synthetic_seed
IA,2023,other,hisp,m,0-4,0.00306,synthetic_seed
IA,2023,other,hisp,m,5-9,0.000612,synthetic_seed
IA,2023,other,hisp,m,10-14,0.000612,synthetic_seed
IA,2023,other,hisp,m,15-19,0.00306,synthetic_seed
IA,2023,other,hisp,m,20-24,0.004896,synthetic_seed
IA,2023,other,hisp,m,25-29,0.00612,synthetic_seed
IA,2023,other,hisp,m,30-34,0.007956,synthetic_seed
IA,2023,other,hisp,m,35-39,0.011016,synthetic_seed
IA,2023,other,hisp,m,40-44,0.015178,synthetic_seed
IA,2023,other,hisp,m,45-49,0.022522,synthetic_seed
IA,2023,other,hisp,m,50-54,0.033293,synthetic_seed
IA,2023,other,hisp,m,55-59,0.048226,synthetic_seed
IA,2023,other,hisp,m,60-64,0.071726,synthetic_seed
IA,2023,other,hisp,m,65-69,0.106243,synthetic_seed
IA,2023,other,hisp,m,70-74,0.162058,synthetic_seed
IA,2023,other,hisp,m,75-79,0.251899,synthetic_seed
IA,2023,other,hisp,m,80-84,0.394862,synthetic_seed
IA,2023,other,hisp,m,85+,0.680911,synthetic_seed
IA,2023,other,hisp,f,0-4,0.002168,synthetic_seed
IA,2023,other,hisp,f,5-9,0.000434,synthetic_seed
IA,2023,other,hisp,f,10-14,0.000434,synthetic_seed
IA,2023,other,hisp,f,15-19,0.002168,synthetic_seed
IA,2023,other,hisp,f,20-24,0.003468,synthetic_seed
IA,2023,other,hisp,f,25-29,0.004335,synthetic_seed
IA,2023,other,hisp,f,30-34,0.005635,synthetic_seed
IA,2023,other,hisp,f,35-39,0.007803,synthetic_seed
IA,2023,other,hisp,f,40-44,0.010751,synthetic_seed
IA,2023,other,hisp,f,45-49,0.015953,synthetic_seed
IA,2023,other,hisp,f,50-54,0.023582,synthetic_seed
IA,2023,other,hisp,f,55-59,0.03416,synthetic_seed
IA,2023,other,hisp,f,60-64,0.050806,synthetic_seed
IA,2023,other,hisp,f,65-69,0.075256,synthetic_seed
IA,2023,other,hisp,f,70-74,0.114791,synthetic_seed
IA,2023,other,hisp,f,75-79,0.178429,synthetic_seed
IA,2023,other,hisp,f,80-84,0.279694,synthetic_seed
IA,2023,other,hisp,f,85+,0.482312,synthetic_seed
KS,2023,white,non-hisp,m,0-4,0.00306,synthetic_seed
KS,2023,white,non-hisp,m,5-9,0.000612,synthetic_seed
KS,2023,white,non-hisp,m,10-14,0.000612,synthetic_seed
KS,2023,white,non-hisp,m,15-19,0.00306,synthetic_seed
KS,2023,white,non-hisp,m,20-24,0.004896,synthetic_seed
KS,2023,white,non-hisp,m,25-29,0.00612,synthetic_seed
KS,2023,white,non-hisp,m,30-34,0.007956,synthetic_seed
KS,2023,white,non-hisp,m,35-39,0.011016,synthetic_seed
KS,2023,white,non-hisp,m,40-44,0.015178,synthetic_seed
KS,2023,white,non-hisp,m,45-49,0.022522,synthetic_seed
KS,2023,white,non-hisp,m,50-54,0.033293,synthetic_seed
KS,2023,white,non-hisp,m,55-59,0.048226,synthetic_seed
KS,2023,white,non-hisp,m,60-64,0.071726,synthetic_seed
KS,2023,white,non-hisp,m,65-69,0.106243,synthetic_seed
KS,2023,white,non-hisp,m,70-74,0.162058,synthetic_seed
KS,2023,white,non-hisp,m,75-79,0.251899,synthetic_seed
KS,2023,white,non-hisp,m,80-84,0.394862,synthetic_seed
KS,2023,white,non-hisp,m,85+,0.680911,synthetic_seed
KS,2023,white,non-hisp,f,0-4,0.002168,synthetic_seed
KS,2023,white,non-hisp,f,5-9,0.000434,synthetic_seed
KS,2023,white,non-hisp,f,10-14,0.000434,synthetic_seed
KS,2023,white,non-hisp,f,15-19,0.002168,synthetic_seed
KS,2023,white,non-hisp,f,20-24,0.003468,synthetic_seed
KS,2023,white,non-hisp,f,25-29,0.004335,synthetic_seed
KS,2023,white,non-hisp,f,30-34,0.005635,synthetic_seed
KS,2023,white,non-hisp,f,35-39,0.007803,synthetic_seed
KS,2023,white,non-hisp,f,40-44,0.010751,synthetic_seed
KS,2023,white,non-hisp,f,45-49,0.015953,synthetic_seed
KS,2023,white,non-hisp,f,50-54,0.023582,synthetic_seed
KS,2023,white,non-hisp,f,55-59,0.03416,synthetic_seed
KS,2023,white,non-hisp,f,60-64,0.050806,synthetic_seed
KS,2023,white,non-hisp,f,65-69,0.075256,synthetic_seed
KS,2023,white,non-hisp,f,70-74,0.114791,synthetic_seed
KS,2023,white,non-hisp,f,75-79,0.178429,synthetic_seed
KS,2023,white,non-hisp,f,80-84,0.279694,synthetic_seed
KS,2023,white,non-hisp,f,85+,0.482312,synthetic_seed
KS,2023,white,hisp,m,0-4,0.00306,synthetic_seed
KS,2023,white,hisp,m,5-9,0.000612,synthetic_seed
KS,2023,white,hisp,m,10-14,0.000612,synthetic_seed
KS,2023,white,hisp,m,15-19,0.00306,synthetic_seed
KS,2023,white,hisp,m,20-24,0.004896,synthetic_seed
KS,2023,white,hisp,m,25-29,0.00612,synthetic_seed
KS,2023,white,hisp,m,30-34,0.007956,synthetic_seed
KS,2023,white,hisp,m,35-39,0.011016,synthetic_seed
KS,2023,white,hisp,m,40-44,0.015178,synthetic_seed
KS,2023,white,hisp,m,45-49,0.022522,synthetic_seed
KS,2023,white,hisp,m,50-54,0.033293,synthetic_seed
KS,2023,white,hisp,m,55-59,0.048226,synthetic_seed
KS,2023,white,hisp,m,60-64,0.071726,synthetic_seed
KS,2023,white,hisp,m,65-69,0.106243,synthetic_seed
KS,2023,white,hisp,m,70-74,0.162058,synthetic_seed
KS,2023,white,hisp,m,75-79,0.251899,synthetic_seed
KS,2023,white,hisp,m,80-84,0.394862,synthetic_seed
KS,2023,white,hisp,m,85+,0.680911,synthetic_seed
KS,2023,white,hisp,f,0-4,0.002168,synthetic_seed
KS,2023,white,hisp,f,5-9,0.000434,synthetic_seed
KS,2023,white,hisp,f,10-14,0.000434,synthetic_seed
KS,2023,white,hisp,f,15-19,0.002168,synthetic_seed
KS,2023,white,hisp,f,20-24,0.003468,synthetic_seed
KS,2023,white,hisp,f,25-29,0.004335,synthetic_seed
KS,2023,white,hisp,f,30-34,0.005635,synthetic_seed
KS,2023,white,hisp,f,35-39,0.007803,synthetic_seed
KS,2023,white,hisp,f,40-44,0.010751,synthetic_seed
KS,2023,white,hisp,f,45-49,0.015953,synthetic_seed
KS,2023,white,hisp,f,50-54,0.023582,synthetic_seed
KS,2023,white,hisp,f,55-59,0.03416,synthetic_seed
KS,2023,white,hisp,f,60-64,0.050806,synthetic_seed
KS,2023,white,hisp,f,65-69,0.075256,synthetic_seed
KS,2023,white,hisp,f,70-74,0.114791,synthetic_seed
KS,2023,white,hisp,f,75-79,0.178429,synthetic_seed
KS,2023,white,hisp,f,80-84,0.279694,synthetic_seed
KS,2023,white,hisp,f,85+,0.482312,synthetic_seed
KS,2023,black,non-hisp,m,0-4,0.003366,synthetic_seed
KS,2023,black,non-hisp,m,5-9,0.000673,synthetic_seed
KS,2023,black,non-hisp,m,10-14,0.000673,synthetic_seed
KS,2023,black,non-hisp,m,15-19,0.003366,synthetic_seed
KS,2023,black,non-hisp,m,20-24,0.005386,synthetic_seed
KS,2023,black,non-hisp,m,25-29,0.006732,synthetic_seed
KS,2023,black,non-hisp,m,30-34,0.008752,synthetic_seed
KS,2023,black,non-hisp,m,35-39,0.012118,synthetic_seed
KS,2023,black,non-hisp,m,40-44,0.016695,synthetic_seed
KS,2023,black,non-hisp,m,45-49,0.024774,synthetic_seed
KS,2023,black,non-hisp,m,50-54,0.036622,synthetic_seed
KS,2023,black,non-hisp,m,55-59,0.053048,synthetic_seed
KS,2023,black,non-hisp,m,60-64,0.078899,synthetic_seed
KS,2023,black,non-hisp,m,65-69,0.116868,synthetic_seed
KS,2023,black,non-hisp,m,70-74,0.178263,synthetic_seed
KS,2023,black,non-hisp,m,75-79,0.277089,synthetic_seed
KS,2023,black,non-hisp,m,80-84,0.434349,synthetic_seed
KS,2023,black,non-hisp,m,85+,0.749002,synthetic_seed
KS,2023,black,non-hisp,f,0-4,0.002384,synthetic_seed
KS,2023,black,non-hisp,f,5-9,0.000477,synthetic_seed
KS,2023,black,non-hisp,f,10-14,0.000477,synthetic_seed
KS,2023,black,non-hisp,f,15-19,0.002384,synthetic_seed
KS,2023,black,non-hisp,f,20-24,0.003815,synthetic_seed
KS,2023,black,non-hisp,f,25-29,0.004769,synthetic_seed
KS,2023,black,non-hisp,f,30-34,0.006199,synthetic_seed
KS,2023,black,non-hisp,f,35-39,0.008583,synthetic_seed
KS,2023,black,non-hisp,f,40-44,0.011826,synthetic_seed
KS,2023,black,non-hisp,f,45-49,0.017548,synthetic_seed
KS,2023,black,non-hisp,f,50-54,0.025941,synthetic_seed
KS,2023,black,non-hisp,f,55-59,0.037576,synthetic_seed
KS,2023,black,non-hisp,f,60-64,0.055887,synthetic_seed
KS,2023,black,non-hisp,f,65-69,0.082781,synthetic_seed
KS,2023,black,non-hisp,f,70-74,0.12627,synthetic_seed
KS,2023,black,non-hisp,f,75-79,0.196271,synthetic_seed
KS,2023,black,non-hisp,f,80-84,0.307664,synthetic_seed
KS,2023,black,non-hisp,f,85+,0.530543,synthetic_seed
KS,2023,black,hisp,m,0-4,0.003366,synthetic_seed
KS,2023,black,hisp,m,5-9,0.000673,synthetic_seed
KS,2023,black,hisp,m,10-14,0.000673,synthetic_seed
KS,2023,black,hisp,m,15-19,0.003366,synthetic_seed
KS,2023,black,hisp,m,20-24,0.005386,synthetic_seed
KS,2023,black,hisp,m,25-29,0.006732,synthetic_seed
KS,2023,black,hisp,m,30-34,0.008752,synthetic_seed
KS,2023,black,hisp,m,35-39,0.012118,synthetic_seed
KS,2023,black,hisp,m,40-44,0.016695,synthetic_seed
KS,2023,black,hisp,m,45-49,0.024774,synthetic_seed
KS,2023,black,hisp,m,50-54,0.036622,synthetic_seed
KS,2023,black,hisp,m,55-59,0.053048,synthetic_seed
KS,2023,black,hisp,m,60-64,0.078899,synthetic_seed
KS,2023,black,hisp,m,65-69,0.116868,synthetic_seed
KS,2023,black,hisp,m,70-74,0.178263,synthetic_seed
KS,2023,black,hisp,m,75-79,0.277089,synthetic_seed
KS,2023,black,hisp,m,80-84,0.434349,synthetic_seed
KS,2023,black,hisp,m,85+,0.749002,synthetic_seed
KS,2023,black,hisp,f,0-4,0.002384,synthetic_seed
KS,2023,black,hisp,f,5-9,0.000477,synthetic_seed
KS,2023,black,hisp,f,10-14,0.000477,synthetic_seed
KS,2023,black,hisp,f,15-19,0.002384,synthetic_seed
KS,2023,black,hisp,f,20-24,0.003815,synthetic_seed
KS,2023,black,hisp,f,25-29,0.004769,synthetic_seed
KS,2023,black,hisp,f,30-34,0.006199,synthetic_seed
KS,2023,black,hisp,f,35-39,0.008583,synthetic_seed
KS,2023,black,hisp,f,40-44,0.011826,synthetic_seed
KS,2023,black,hisp,f,45-49,0.017548,synthetic_seed
KS,2023,black,hisp,f,50-54,0.025941,synthetic_seed
KS,2023,black,hisp,f,55-59,0.037576,synthetic_seed
KS,2023,black,hisp,f,60-64,0.055887,synthetic_seed
KS,2023,black,hisp,f,65-69,0.082781,synthetic_seed
KS,2023,black,hisp,f,70-74,0.12627,synthetic_seed
KS,2023,black,hisp,f,75-79,0.196271,synthetic_seed
KS,2023,black,hisp,f,80-84,0.307664,synthetic_seed
KS,2023,black,hisp,f,85+,0.530543,synthetic_seed
KS,2023,asian,non-hisp,m,0-4,0.002907,synthetic_seed
KS,2023,asian,non-hisp,m,5-9,0.000581,synthetic_seed
KS,2023,asian,non-hisp,m,10-14,0.000581,synthetic_seed
KS,2023,asian,non-hisp,m,15-19,0.002907,synthetic_seed
KS,2023,asian,non-hisp,m,20-24,0.004651,synthetic_seed
KS,2023,asian,non-hisp,m,25-29,0.005814,synthetic_seed
KS,2023,asian,non-hisp,m,30-34,0.007558,synthetic_seed
KS,2023,asian,non-hisp,m,35-39,0.010465,synthetic_seed
KS,2023,asian,non-hisp,m,40-44,0.014419,synthetic_seed
KS,2023,asian,non-hisp,m,45-49,0.021396,synthetic_seed
KS,2023,asian,non-hisp,m,50-54,0.031628,synthetic_seed
KS,2023,asian,non-hisp,m,55-59,0.045814,synthetic_seed
KS,2023,asian,non-hisp,m,60-64,0.06814,synthetic_seed
KS,2023,asian,non-hisp,m,65-69,0.100931,synthetic_seed
KS,2023,asian,non-hisp,m,70-74,0.153955,synthetic_seed
KS,2023,asian,non-hisp,m,75-79,0.239304,synthetic_seed
KS,2023,asian,non-hisp,m,80-84,0.375119,synthetic_seed
KS,2023,asian,non-hisp,m,85+,0.646866,synthetic_seed
KS,2023,asian,non-hisp,f,0-4,0.002059,synthetic_seed
KS,2023,asian,non-hisp,f,5-9,0.000412,synthetic_seed
KS,2023,asian,non-hisp,f,10-14,0.000412,synthetic_seed
KS,2023,asian,non-hisp,f,15-19,0.002059,synthetic_seed
KS,2023,asian,non-hisp,f,20-24,0.003295,synthetic_seed
KS,2023,asian,non-hisp,f,25-29,0.004118,synthetic_seed
KS,2023,asian,non-hisp,f,30-34,0.005354,synthetic_seed
KS,2023,asian,non-hisp,f,35-39,0.007413,synthetic_seed
KS,2023,asian,non-hisp,f,40-44,0.010213,synthetic_seed
KS,2023,asian,non-hisp,f,45-49,0.015155,synthetic_seed
KS,2023,asian,non-hisp,f,50-54,0.022403,synthetic_seed
KS,2023,asian,non-hisp,f,55-59,0.032452,synthetic_seed
KS,2023,asian,non-hisp,f,60-64,0.048266,synthetic_seed
KS,2023,asian,non-hisp,f,65-69,0.071493,synthetic_seed
KS,2023,asian,non-hisp,f,70-74,0.109051,synthetic_seed
KS,2023,asian,non-hisp,f,75-79,0.169507,synthetic_seed
KS,2023,asian,non-hisp,f,80-84,0.265709,synthetic_seed
KS,2023,asian,non-hisp,f,85+,0.458196,synthetic_seed
KS,2023,asian,hisp,m,0-4,0.002907,synthetic_seed
KS,2023,asian,hisp,m,5-9,0.000581,synthetic_seed
KS,2023,asian,hisp,m,10-14,0.000581,synthetic_seed
KS,2023,asian,hisp,m,15-19,0.002907,synthetic_seed
KS,2023,asian,hisp,m,20-24,0.004651,synthetic_seed
KS,2023,asian,hisp,m,25-29,0.005814,synthetic_seed
KS,2023,asian,hisp,m,30-34,0.007558,synthetic_seed
KS,2023,asian,hisp,m,35-39,0.010465,synthetic_seed
KS,2023,asian,hisp,m,40-44,0.014419,synthetic_seed
KS,2023,asian,hisp,m,45-49,0.021396,synthetic_seed
KS,2023,asian,hisp,m,50-54,0.031628,synthetic_seed
KS,2023,asian,hisp,m,55-59,0.045814,synthetic_seed
KS,2023,asian,hisp,m,60-64,0.06814,synthetic_seed
KS,2023,asian,hisp,m,65-69,0.100931,synthetic_seed
KS,2023,asian,hisp,m,70-74,0.153955,synthetic_seed
KS,2023,asian,hisp,m,75-79,0.239304,synthetic_seed
KS,2023,asian,hisp,m,80-84,0.375119,synthetic_seed
KS,2023,asian,hisp,m,85+,0.646866,synthetic_seed
KS,2023,asian,hisp,f,0-4,0.002059,synthetic_seed
KS,2023,asian,hisp,f,5-9,0.000412,synthetic_seed
KS,2023,asian,hisp,f,10-14,0.000412,synthetic_seed
KS,2023,asian,hisp,f,15-19,0.002059,synthetic_seed
KS,2023,asian,hisp,f,20-24,0.003295,synthetic_seed
KS,2023,asian,hisp,f,25-29,0.004118,synthetic_seed
KS,2023,asian,hisp,f,30-34,0.005354,synthetic_seed
KS,2023,asian,hisp,f,35-39,0.007413,synthetic_seed
KS,2023,asian,hisp,f,40-44,0.010213,synthetic_seed
KS,2023,asian,hisp,f,45-49,0.015155,synthetic_seed
KS,2023,asian,hisp,f,50-54,0.022403,synthetic_seed
KS,2023,asian,hisp,f,55-59,0.032452,synthetic_seed
KS,2023,asian,hisp,f,60-64,0.048266,synthetic_seed
KS,2023,asian,hisp,f,65-69,0.071493,synthetic_seed
KS,2023,asian,hisp,f,70-74,0.109051,synthetic_seed
KS,2023,asian,hisp,f,75-79,0.169507,synthetic_seed
KS,2023,asian,hisp,f,80-84,0.265709,synthetic_seed
KS,2023,asian,hisp,f,85+,0.458196,synthetic_seed
KS,2023,other,non-hisp,m,0-4,0.00306,synthetic_seed
KS,2023,other,non-hisp,m,5-9,0.000612,synthetic_seed
KS,2023,other,non-hisp,m,10-14,0.000612,synthetic_seed
KS,2023,other,non-hisp,m,15-19,0.00306,synthetic_seed
KS,2023,other,non-hisp,m,20-24,0.004896,synthetic_seed
KS,2023,other,non-hisp,m,25-29,0.00612,synthetic_seed
KS,2023,other,non-hisp,m,30-34,0.007956,synthetic_seed
KS,2023,other,non-hisp,m,35-39,0.011016,synthetic_seed
KS,2023,other,non-hisp,m,40-44,0.015178,synthetic_seed
KS,2023,other,non-hisp,m,45-49,0.022522,synthetic_seed
KS,2023,other,non-hisp,m,50-54,0.033293,synthetic_seed
KS,2023,other,non-hisp,m,55-59,0.048226,synthetic_seed
KS,2023,other,non-hisp,m,60-64,0.071726,synthetic_seed
KS,2023,other,non-hisp,m,65-69,0.106243,synthetic_seed
KS,2023,other,non-hisp,m,70-74,0.162058,synthetic_seed
KS,2023,other,non-hisp,m,75-79,0.251899,synthetic_seed
KS,2023,other,non-hisp,m,80-84,0.394862,synthetic_seed
KS,2023,other,non-hisp,m,85+,0.680911,synthetic_seed
KS,2023,other,non-hisp,f,0-4,0.002168,synthetic_seed
KS,2023,other,non-hisp,f,5-9,0.000434,synthetic_seed
KS,2023,other,non-hisp,f,10-14,0.000434,synthetic_seed
KS,2023,other,non-hisp,f,15-19,0.002168,synthetic_seed
KS,2023,other,non-hisp,f,20-24,0.003468,synthetic_seed
KS,2023,other,non-hisp,f,25-29,0.004335,synthetic_seed
KS,2023,other,non-hisp,f,30-34,0.005635,synthetic_seed
KS,2023,other,non-hisp,f,35-39,0.007803,synthetic_seed
KS,2023,other,non-hisp,f,40-44,0.010751,synthetic_seed
KS,2023,other,non-hisp,f,45-49,0.015953,synthetic_seed
KS,2023,other,non-hisp,f,50-54,0.023582,synthetic_seed
KS,2023,other,non-hisp,f,55-59,0.03416,synthetic_seed
KS,2023,other,non-hisp,f,60-64,0.050806,synthetic_seed
KS,2023,other,non-hisp,f,65-69,0.075256,synthetic_seed
KS,2023,other,non-hisp,f,70-74,0.114791,synthetic_seed
KS,2023,other,non-hisp,f,75-79,0.178429,synthetic_seed
KS,2023,other,non-hisp,f,80-84,0.279694,synthetic_seed
KS,2023,other,non-hisp,f,85+,0.482312,synthetic_seed
KS,2023,other,hisp,m,0-4,0.00306,synthetic_seed
KS,2023,other,hisp,m,5-9,0.000612,synthetic_seed
KS,2023,other,hisp,m,10-14,0.000612,synthetic_seed
KS,2023,other,hisp,m,15-19,0.00306,synthetic_seed
KS,2023,other,hisp,m,20-24,0.004896,synthetic_seed
KS,2023,other,hisp,m,25-29,0.00612,synthetic_seed
KS,2023,other,hisp,m,30-34,0.007956,synthetic_seed
KS,2023,other,hisp,m,35-39,0.011016,synthetic_seed
KS,2023,other,hisp,m,40-44,0.015178,synthetic_seed
KS,2023,other,hisp,m,45-49,0.022522,synthetic_seed
KS,2023,other,hisp,m,50-54,0.033293,synthetic_seed
KS,2023,other,hisp,m,55-59,0.048226,synthetic_seed
KS,2023,other,hisp,m,60-64,0.071726,synthetic_seed
KS,2023,other,hisp,m,65-69,0.106243,synthetic_seed
KS,2023,other,hisp,m,70-74,0.162058,synthetic_seed
KS,2023,other,hisp,m,75-79,0.251899,synthetic_seed
KS,2023,other,hisp,m,80-84,0.394862,synthetic_seed
KS,2023,other,hisp,m,85+,0.680911,synthetic_seed
KS,2023,other,hisp,f,0-4,0.002168,synthetic_seed
KS,2023,other,hisp,f,5-9,0.000434,synthetic_seed
KS,2023,other,hisp,f,10-14,0.000434,synthetic_seed
KS,2023,other,hisp,f,15-19,0.002168,synthetic_seed
KS,2023,other,hisp,f,20-24,0.003468,synthetic_seed
KS,2023,other,hisp,f,25-29,0.004335,synthetic_seed
KS,2023,other,hisp,f,30-34,0.005635,synthetic_seed
KS,2023,other,hisp,f,35-39,0.007803,synthetic_seed
KS,2023,other,hisp,f,40-44,0.010751,synthetic_seed
KS,2023,other,hisp,f,45-49,0.015953,synthetic_seed
KS,2023,other,hisp,f,50-54,0.023582,synthetic_seed
KS,2023,other,hisp,f,55-59,0.03416,synthetic_seed
KS,2023,other,hisp,f,60-64,0.050806,synthetic_seed
KS,2023,other,hisp,f,65-69,0.075256,synthetic_seed
KS,2023,other,hisp,f,70-74,0.114791,synthetic_seed
KS,2023,other,hisp,f,75-79,0.178429,synthetic_seed
KS,2023,other,hisp,f,80-84,0.279694,synthetic_seed
KS,2023,other,hisp,f,85+,0.482312,synthetic_seed
KY,2023,white,non-hisp,m,0-4,0.00324,synthetic_seed
KY,2023,white,non-hisp,m,5-9,0.000648,synthetic_seed
KY,2023,white,non-hisp,m,10-14,0.000648,synthetic_seed
KY,2023,white,non-hisp,m,15-19,0.00324,synthetic_seed
KY,2023,white,non-hisp,m,20-24,0.005184,synthetic_seed
KY,2023,white,non-hisp,m,25-29,0.00648,synthetic_seed
KY,2023,white,non-hisp,m,30-34,0.008424,synthetic_seed
KY,2023,white,non-hisp,m,35-39,0.011664,synthetic_seed
KY,2023,white,non-hisp,m,40-44,0.01607,synthetic_seed
KY,2023,white,non-hisp,m,45-49,0.023846,synthetic_seed
KY,2023,white,non-hisp,m,50-54,0.035251,synthetic_seed
KY,2023,white,non-hisp,m,55-59,0.051062,synthetic_seed
KY,2023,white,non-hisp,m,60-64,0.075946,synthetic_seed
KY,2023,white,non-hisp,m,65-69,0.112493,synthetic_seed
KY,2023,white,non-hisp,m,70-74,0.17159,synthetic_seed
KY,2023,white,non-hisp,m,75-79,0.266717,synthetic_seed
KY,2023,white,non-hisp,m,80-84,0.41809,synthetic_seed
KY,2023,white,non-hisp,m,85+,0.720965,synthetic_seed
KY,2023,white,non-hisp,f,0-4,0.002295,synthetic_seed
KY,2023,white,non-hisp,f,5-9,0.000459,synthetic_seed
KY,2023,white,non-hisp,f,10-14,0.000459,synthetic_seed
KY,2023,white,non-hisp,f,15-19,0.002295,synthetic_seed
KY,2023,white,non-hisp,f,20-24,0.003672,synthetic_seed
KY,2023,white,non-hisp,f,25-29,0.00459,synthetic_seed
KY,2023,white,non-hisp,f,30-34,0.005967,synthetic_seed
KY,2023,white,non-hisp,f,35-39,0.008262,synthetic_seed
KY,2023,white,non-hisp,f,40-44,0.011383,synthetic_seed
KY,2023,white,non-hisp,f,45-49,0.016891,synthetic_seed
KY,2023,white,non-hisp,f,50-54,0.02497,synthetic_seed
KY,2023,white,non-hisp,f,55-59,0.036169,synthetic_seed
KY,2023,white,non-hisp,f,60-64,0.053795,synthetic_seed
KY,2023,white,non-hisp,f,65-69,0.079682,synthetic_seed
KY,2023,white,non-hisp,f,70-74,0.121543,synthetic_seed
KY,2023,white,non-hisp,f,75-79,0.188924,synthetic_seed
KY,2023,white,non-hisp,f,80-84,0.296147,synthetic_seed
KY,2023,white,non-hisp,f,85+,0.510683,synthetic_seed
KY,2023,white,hisp,m,0-4,0.00324,synthetic_seed
KY,2023,white,hisp,m,5-9,0.000648,synthetic_seed
KY,2023,white,hisp,m,10-14,0.000648,synthetic_seed
KY,2023,white,hisp,m,15-19,0.00324,synthetic_seed
KY,2023,white,hisp,m,20-24,0.005184,synthetic_seed
KY,2023,white,hisp,m,25-29,0.00648,synthetic_seed
KY,2023,white,hisp,m,30-34,0.008424,synthetic_seed
KY,2023,white,hisp,m,35-39,0.011664,synthetic_seed
KY,2023,white,hisp,m,40-44,0.01607,synthetic_seed
KY,2023,white,hisp,m,45-49,0.023846,synthetic_seed
KY,2023,white,hisp,m,50-54,0.035251,synthetic_seed
KY,2023,white,hisp,m,55-59,0.051062,synthetic_seed
KY,2023,white,hisp,m,60-64,0.075946,synthetic_seed
KY,2023,white,hisp,m,65-69,0.112493,synthetic_seed
KY,2023,white,hisp,m,70-74,0.17159,synthetic_seed
KY,2023,white,hisp,m,75-79,0.266717,synthetic_seed
KY,2023,white,hisp,m,80-84,0.41809,synthetic_seed
KY,2023,white,hisp,m,85+,0.720965,synthetic_seed
KY,2023,white,hisp,f,0-4,0.002295,synthetic_seed
KY,2023,white,hisp,f,5-9,0.000459,synthetic_seed
KY,2023,white,hisp,f,10-14,0.000459,synthetic_seed
KY,2023,white,hisp,f,15-19,0.002295,synthetic_seed
KY,2023,white,hisp,f,20-24,0.003672,synthetic_seed
KY,2023,white,hisp,f,25-29,0.00459,synthetic_seed
KY,2023,white,hisp,f,30-34,0.005967,synthetic_seed
KY,2023,white,hisp,f,35-39,0.008262,synthetic_seed
KY,2023,white,hisp,f,40-44,0.011383,synthetic_seed
KY,2023,white,hisp,f,45-49,0.016891,synthetic_seed
KY,2023,white,hisp,f,50-54,0.02497,synthetic_seed
KY,2023,white,hisp,f,55-59,0.036169,synthetic_seed
KY,2023,white,hisp,f,60-64,0.053795,synthetic_seed
KY,2023,white,hisp,f,65-69,0.079682,synthetic_seed
KY,2023,white,hisp,f,70-74,0.121543,synthetic_seed
KY,2023,white,hisp,f,75-79,0.188924,synthetic_seed
KY,2023,white,hisp,f,80-84,0.296147,synthetic_seed
KY,2023,white,hisp,f,85+,0.510683,synthetic_seed
KY,2023,black,non-hisp,m,0-4,0.003564,synthetic_seed
KY,2023,black,non-hisp,m,5-9,0.000713,synthetic_seed
KY,2023,black,non-hisp,m,10-14,0.000713,synthetic_seed
KY,2023,black,non-hisp,m,15-19,0.003564,synthetic_seed
KY,2023,black,non-hisp,m,20-24,0.005702,synthetic_seed
KY,2023,black,non-hisp,m,25-29,0.007128,synthetic_seed
KY,2023,black,non-hisp,m,30-34,0.009266,synthetic_seed
KY,2023,black,non-hisp,m,35-39,0.01283,synthetic_seed
KY,2023,black,non-hisp,m,40-44,0.017677,synthetic_seed
KY,2023,black,non-hisp,m,45-49,0.026231,synthetic_seed
KY,2023,black,non-hisp,m,50-54,0.038776,synthetic_seed
KY,2023,black,non-hisp,m,55-59,0.056169,synthetic_seed
KY,2023,black,non-hisp,m,60-64,0.08354,synthetic_seed
KY,2023,black,non-hisp,m,65-69,0.123742,synthetic_seed
KY,2023,black,non-hisp,m,70-74,0.188749,synthetic_seed
KY,2023,black,non-hisp,m,75-79,0.293388,synthetic_seed
KY,2023,black,non-hisp,m,80-84,0.459899,synthetic_seed
KY,2023,black,non-hisp,m,85+,0.793061,synthetic_seed
KY,2023,black,non-hisp,f,0-4,0.002525,synthetic_seed
KY,2023,black,non-hisp,f,5-9,0.000505,synthetic_seed
KY,2023,black,non-hisp,f,10-14,0.000505,synthetic_seed
KY,2023,black,non-hisp,f,15-19,0.002525,synthetic_seed
KY,2023,black,non-hisp,f,20-24,0.004039,synthetic_seed
KY,2023,black,non-hisp,f,25-29,0.005049,synthetic_seed
KY,2023,black,non-hisp,f,30-34,0.006564,synthetic_seed
KY,2023,black,non-hisp,f,35-39,0.009088,synthetic_seed
KY,2023,black,non-hisp,f,40-44,0.012522,synthetic_seed
KY,2023,black,non-hisp,f,45-49,0.01858,synthetic_seed
KY,2023,black,non-hisp,f,50-54,0.027467,synthetic_seed
KY,2023,black,non-hisp,f,55-59,0.039786,synthetic_seed
KY,2023,black,non-hisp,f,60-64,0.059174,synthetic_seed
KY,2023,black,non-hisp,f,65-69,0.087651,synthetic_seed
KY,2023,black,non-hisp,f,70-74,0.133698,synthetic_seed
KY,2023,black,non-hisp,f,75-79,0.207817,synthetic_seed
KY,2023,black,non-hisp,f,80-84,0.325761,synthetic_seed
KY,2023,black,non-hisp,f,85+,0.561752,synthetic_seed
KY,2023,black,hisp,m,0-4,0.003564,synthetic_seed
KY,2023,black,hisp,m,5-9,0.000713,synthetic_seed
KY,2023,black,hisp,m,10-14,0.000713,synthetic_seed
KY,2023,black,hisp,m,15-19,0.003564,synthetic_seed
KY,2023,black,hisp,m,20-24,0.005702,synthetic_seed
KY,2023,black,hisp,m,25-29,0.007128,synthetic_seed
KY,2023,black,hisp,m,30-34,0.009266,synthetic_seed
KY,2023,black,hisp,m,35-39,0.01283,synthetic_seed
KY,2023,black,hisp,m,40-44,0.017677,synthetic_seed
KY,2023,black,hisp,m,45-49,0.026231,synthetic_seed
KY,2023,black,hisp,m,50-54,0.038776,synthetic_seed
KY,2023,black,hisp,m,55-59,0.056169,synthetic_seed
KY,2023,black,hisp,m,60-64,0.08354,synthetic_seed
KY,2023,black,hisp,m,65-69,0.123742,synthetic_seed
KY,2023,black,hisp,m,70-74,0.188749,synthetic_seed
KY,2023,black,hisp,m,75-79,0.293388,synthetic_seed
KY,2023,black,hisp,m,80-84,0.459899,synthetic_seed
KY,2023,black,hisp,m,85+,0.793061,synthetic_seed
KY,2023,black,hisp,f,0-4,0.002525,synthetic_seed
KY,2023,black,hisp,f,5-9,0.000505,synthetic_seed
KY,2023,black,hisp,f,10-14,0.000505,synthetic_seed
KY,2023,black,hisp,f,15-19,0.002525,synthetic_seed
KY,2023,black,hisp,f,20-24,0.004039,synthetic_seed
KY,2023,black,hisp,f,25-29,0.005049,synthetic_seed
KY,2023,black,hisp,f,30-34,0.006564,synthetic_seed
KY,2023,black,hisp,f,35-39,0.009088,synthetic_seed
KY,2023,black,hisp,f,40-44,0.012522,synthetic_seed
KY,2023,black,hisp,f,45-49,0.01858,synthetic_seed
KY,2023,black,hisp,f,50-54,0.027467,synthetic_seed
KY,2023,black,hisp,f,55-59,0.039786,synthetic_seed
KY,2023,black,hisp,f,60-64,0.059174,synthetic_seed
KY,2023,black,hisp,f,65-69,0.087651,synthetic_seed
KY,2023,black,hisp,f,70-74,0.133698,synthetic_seed
KY,2023,black,hisp,f,75-79,0.207817,synthetic_seed
KY,2023,black,hisp,f,80-84,0.325761,synthetic_seed
KY,2023,black,hisp,f,85+,0.561752,synthetic_seed
KY,2023,asian,non-hisp,m,0-4,0.003078,synthetic_seed
KY,2023,asian,non-hisp,m,5-9,0.000616,synthetic_seed
KY,2023,asian,non-hisp,m,10-14,0.000616,synthetic_seed
KY,2023,asian,non-hisp,m,15-19,0.003078,synthetic_seed
KY,2023,asian,non-hisp,m,20-24,0.004925,synthetic_seed
KY,2023,asian,non-hisp,m,25-29,0.006156,synthetic_seed
KY,2023,asian,non-hisp,m,30-34,0.008003,synthetic_seed
KY,2023,asian,non-hisp,m,35-39,0.011081,synthetic_seed
KY,2023,asian,non-hisp,m,40-44,0.015267,synthetic_seed
KY,2023,asian,non-hisp,m,45-49,0.022654,synthetic_seed
KY,2023,asian,non-hisp,m,50-54,0.033489,synthetic_seed
KY,2023,asian,non-hisp,m,55-59,0.048509,synthetic_seed
KY,2023,asian,non-hisp,m,60-64,0.072148,synthetic_seed
KY,2023,asian,non-hisp,m,65-69,0.106868,synthetic_seed
KY,2023,asian,non-hisp,m,70-74,0.163011,synthetic_seed
KY,2023,asian,non-hisp,m,75-79,0.253381,synthetic_seed
KY,2023,asian,non-hisp,m,80-84,0.397185,synthetic_seed
KY,2023,asian,non-hisp,m,85+,0.684917,synthetic_seed
KY,2023,asian,non-hisp,f,0-4,0.00218,synthetic_seed
KY,2023,asian,non-hisp,f,5-9,0.000436,synthetic_seed
KY,2023,asian,non-hisp,f,10-14,0.000436,synthetic_seed
KY,2023,asian,non-hisp,f,15-19,0.00218,synthetic_seed
KY,2023,asian,non-hisp,f,20-24,0.003488,synthetic_seed
KY,2023,asian,non-hisp,f,25-29,0.00436,synthetic_seed
KY,2023,asian,non-hisp,f,30-34,0.005669,synthetic_seed
KY,2023,asian,non-hisp,f,35-39,0.007849,synthetic_seed
KY,2023,asian,non-hisp,f,40-44,0.010814,synthetic_seed
KY,2023,asian,non-hisp,f,45-49,0.016047,synthetic_seed
KY,2023,asian,non-hisp,f,50-54,0.023721,synthetic_seed
KY,2023,asian,non-hisp,f,55-59,0.034361,synthetic_seed
KY,2023,asian,non-hisp,f,60-64,0.051105,synthetic_seed
KY,2023,asian,non-hisp,f,65-69,0.075698,synthetic_seed
KY,2023,asian,non-hisp,f,70-74,0.115466,synthetic_seed
KY,2023,asian,non-hisp,f,75-79,0.179478,synthetic_seed
KY,2023,asian,non-hisp,f,80-84,0.281339,synthetic_seed
KY,2023,asian,non-hisp,f,85+,0.485149,synthetic_seed
KY,2023,asian,hisp,m,0-4,0.003078,synthetic_seed
KY,2023,asian,hisp,m,5-9,0.000616,synthetic_seed
KY,2023,asian,hisp,m,10-14,0.000616,synthetic_seed
KY,2023,asian,hisp,m,15-19,0.003078,synthetic_seed
KY,2023,asian,hisp,m,20-24,0.004925,synthetic_seed
KY,2023,asian,hisp,m,25-29,0.006156,synthetic_seed
KY,2023,asian,hisp,m,30-34,0.008003,synthetic_seed
KY,2023,asian,hisp,m,35-39,0.011081,synthetic_seed
KY,2023,asian,hisp,m,40-44,0.015267,synthetic_seed
KY,2023,asian,hisp,m,45-49,0.022654,synthetic_seed
KY,2023,asian,hisp,m,50-54,0.033489,synthetic_seed
KY,2023,asian,hisp,m,55-59,0.048509,synthetic_seed
KY,2023,asian,hisp,m,60-64,0.072148,synthetic_seed
KY,2023,asian,hisp,m,65-69,0.106868,synthetic_seed
KY,2023,asian,hisp,m,70-74,0.163011,synthetic_seed
KY,2023,asian,hisp,m,75-79,0.253381,synthetic_seed
KY,2023,asian,hisp,m,80-84,0.397185,synthetic_seed
KY,2023,asian,hisp,m,85+,0.684917,synthetic_seed
KY,2023,asian,hisp,f,0-4,0.00218,synthetic_seed
KY,2023,asian,hisp,f,5-9,0.000436,synthetic_seed
KY,2023,asian,hisp,f,10-14,0.000436,synthetic_seed
KY,2023,asian,hisp,f,15-19,0.00218,synthetic_seed
KY,2023,asian,hisp,f,20-24,0.003488,synthetic_seed
KY,2023,asian,hisp,f,25-29,0.00436,synthetic_seed
KY,2023,asian,hisp,f,30-34,0.005669,synthetic_seed
KY,2023,asian,hisp,f,35-39,0.007849,synthetic_seed
KY,2023,asian,hisp,f,40-44,0.010814,synthetic_seed
KY,2023,asian,hisp,f,45-49,0.016047,synthetic_seed
KY,2023,asian,hisp,f,50-54,0.023721,synthetic_seed
KY,2023,asian,hisp,f,55-59,0.034361,synthetic_seed
KY,2023,asian,hisp,f,60-64,0.051105,synthetic_seed
KY,2023,asian,hisp,f,65-69,0.075698,synthetic_seed
KY,2023,asian,hisp,f,70-74,0.115466,synthetic_seed
KY,2023,asian,hisp,f,75-79,0.179478,synthetic_seed
KY,2023,asian,hisp,f,80-84,0.281339,synthetic_seed
KY,2023,asian,hisp,f,85+,0.485149,synthetic_seed
KY,2023,other,non-hisp,m,0-4,0.00324,synthetic_seed
KY,2023,other,non-hisp,m,5-9,0.000648,synthetic_seed
KY,2023,other,non-hisp,m,10-14,0.000648,synthetic_seed
KY,2023,other,non-hisp,m,15-19,0.00324,synthetic_seed
KY,2023,other,non-hisp,m,20-24,0.005184,synthetic_seed
KY,2023,other,non-hisp,m,25-29,0.00648,synthetic_seed
KY,2023,other,non-hisp,m,30-34,0.008424,synthetic_seed
KY,2023,other,non-hisp,m,35-39,0.011664,synthetic_seed
KY,2023,other,non-hisp,m,40-44,0.01607,synthetic_seed
KY,2023,other,non-hisp,m,45-49,0.023846,synthetic_seed
KY,2023,other,non-hisp,m,50-54,0.035251,synthetic_seed
KY,2023,other,non-hisp,m,55-59,0.051062,synthetic_seed
KY,2023,other,non-hisp,m,60-64,0.075946,synthetic_seed
KY,2023,other,non-hisp,m,65-69,0.112493,synthetic_seed
KY,2023,other,non-hisp,m,70-74,0.17159,synthetic_seed
KY,2023,other,non-hisp,m,75-79,0.266717,synthetic_seed
KY,2023,other,non-hisp,m,80-84,0.41809,synthetic_seed
KY,2023,other,non-hisp,m,85+,0.720965,synthetic_seed
KY,2023,other,non-hisp,f,0-4,0.002295,synthetic_seed
KY,2023,other,non-hisp,f,5-9,0.000459,synthetic_seed
KY,2023,other,non-hisp,f,10-14,0.000459,synthetic_seed
KY,2023,other,non-hisp,f,15-19,0.002295,synthetic_seed
KY,2023,other,non-hisp,f,20-24,0.003672,synthetic_seed
KY,2023,other,non-hisp,f,25-29,0.00459,synthetic_seed
KY,2023,other,non-hisp,f,30-34,0.005967,synthetic_seed
KY,2023,other,non-hisp,f,35-39,0.008262,synthetic_seed
KY,2023,other,non-hisp,f,40-44,0.011383,synthetic_seed
KY,2023,other,non-hisp,f,45-49,0.016891,synthetic_seed
KY,2023,other,non-hisp,f,50-54,0.02497,synthetic_seed
KY,2023,other,non-hisp,f,55-59,0.036169,synthetic_seed
KY,2023,other,non-hisp,f,60-64,0.053795,synthetic_seed
KY,2023,other,non-hisp,f,65-69,0.079682,synthetic_seed
KY,2023,other,non-hisp,f,70-74,0.121543,synthetic_seed
KY,2023,other,non-hisp,f,75-79,0.188924,synthetic_seed
KY,2023,other,non-hisp,f,80-84,0.296147,synthetic_seed
KY,2023,other,non-hisp,f,85+,0.510683,synthetic_seed
KY,2023,other,hisp,m,0-4,0.00324,synthetic_seed
KY,2023,other,hisp,m,5-9,0.000648,synthetic_seed
KY,2023,other,hisp,m,10-14,0.000648,synthetic_seed
KY,2023,other,hisp,m,15-19,0.00324,synthetic_seed
KY,2023,other,hisp,m,20-24,0.005184,synthetic_seed
KY,2023,other,hisp,m,25-29,0.00648,synthetic_seed
KY,2023,other,hisp,m,30-34,0.008424,synthetic_seed
KY,2023,other,hisp,m,35-39,0.011664,synthetic_seed
KY,2023,other,hisp,m,40-44,0.01607,synthetic_seed
KY,2023,other,hisp,m,45-49,0.023846,synthetic_seed
KY,2023,other,hisp,m,50-54,0.035251,synthetic_seed
KY,2023,other,hisp,m,55-59,0.051062,synthetic_seed
KY,2023,other,hisp,m,60-64,0.075946,synthetic_seed
KY,2023,other,hisp,m,65-69,0.112493,synthetic_seed
KY,2023,other,hisp,m,70-74,0.17159,synthetic_seed
KY,2023,other,hisp,m,75-79,0.266717,synthetic_seed
KY,2023,other,hisp,m,80-84,0.41809,synthetic_seed
KY,2023,other,hisp,m,85+,0.720965,synthetic_seed
KY,2023,other,hisp,f,0-4,0.002295,synthetic_seed
KY,2023,other,hisp,f,5-9,0.000459,synthetic_seed
KY,2023,other,hisp,f,10-14,0.000459,synthetic_seed
KY,2023,other,hisp,f,15-19,0.002295,synthetic_seed
KY,2023,other,hisp,f,20-24,0.003672,synthetic_seed
KY,2023,other,hisp,f,25-29,0.00459,synthetic_seed
KY,2023,other,hisp,f,30-34,0.005967,synthetic_seed
KY,2023,other,hisp,f,35-39,0.008262,synthetic_seed
KY,2023,other,hisp,f,40-44,0.011383,synthetic_seed
KY,2023,other,hisp,f,45-49,0.016891,synthetic_seed
KY,2023,other,hisp,f,50-54,0.02497,synthetic_seed
KY,2023,other,hisp,f,55-59,0.036169,synthetic_seed
KY,2023,other,hisp,f,60-64,0.053795,synthetic_seed
KY,2023,other,hisp,f,65-69,0.079682,synthetic_seed
KY,2023,other,hisp,f,70-74,0.121543,synthetic_seed
KY,2023,other,hisp,f,75-79,0.188924,synthetic_seed
KY,2023,other,hisp,f,80-84,0.296147,synthetic_seed
KY,2023,other,hisp,f,85+,0.510683,synthetic_seed
LA,2023,white,non-hisp,m,0-4,0.00324,synthetic_seed
LA,2023,white,non-hisp,m,5-9,0.000648,synthetic_seed
LA,2023,white,non-hisp,m,10-14,0.000648,synthetic_seed
LA,2023,white,non-hisp,m,15-19,0.00324,synthetic_seed
LA,2023,white,non-hisp,m,20-24,0.005184,synthetic_seed
LA,2023,white,non-hisp,m,25-29,0.00648,synthetic_seed
LA,2023,white,non-hisp,m,30-34,0.008424,synthetic_seed
LA,2023,white,non-hisp,m,35-39,0.011664,synthetic_seed
LA,2023,white,non-hisp,m,40-44,0.01607,synthetic_seed
LA,2023,white,non-hisp,m,45-49,0.023846,synthetic_seed
LA,2023,white,non-hisp,m,50-54,0.035251,synthetic_seed
LA,2023,white,non-hisp,m,55-59,0.051062,synthetic_seed
LA,2023,white,non-hisp,m,60-64,0.075946,synthetic_seed
LA,2023,white,non-hisp,m,65-69,0.112493,synthetic_seed
LA,2023,white,non-hisp,m,70-74,0.17159,synthetic_seed
LA,2023,white,non-hisp,m,75-79,0.266717,synthetic_seed
LA,2023,white,non-hisp,m,80-84,0.41809,synthetic_seed
LA,2023,white,non-hisp,m,85+,0.720965,synthetic_seed
LA,2023,white,non-hisp,f,0-4,0.002295,synthetic_seed
LA,2023,white,non-hisp,f,5-9,0.000459,synthetic_seed
LA,2023,white,non-hisp,f,10-14,0.000459,synthetic_seed
LA,2023,white,non-hisp,f,15-19,0.002295,synthetic_seed
LA,2023,white,non-hisp,f,20-24,0.003672,synthetic_seed
LA,2023,white,non-hisp,f,25-29,0.00459,synthetic_seed
LA,2023,white,non-hisp,f,30-34,0.005967,synthetic_seed
LA,2023,white,non-hisp,f,35-39,0.008262,synthetic_seed
LA,2023,white,non-hisp,f,40-44,0.011383,synthetic_seed
LA,2023,white,non-hisp,f,45-49,0.016891,synthetic_seed
LA,2023,white,non-hisp,f,50-54,0.02497,synthetic_seed
LA,2023,white,non-hisp,f,55-59,0.036169,synthetic_seed
LA,2023,white,non-hisp,f,60-64,0.053795,synthetic_seed
LA,2023,white,non-hisp,f,65-69,0.079682,synthetic_seed
LA,2023,white,non-hisp,f,70-74,0.121543,synthetic_seed
LA,2023,white,non-hisp,f,75-79,0.188924,synthetic_seed
LA,2023,white,non-hisp,f,80-84,0.296147,synthetic_seed
LA,2023,white,non-hisp,f,85+,0.510683,synthetic_seed
LA,2023,white,hisp,m,0-4,0.00324,synthetic_seed
LA,2023,white,hisp,m,5-9,0.000648,synthetic_seed
LA,2023,white,hisp,m,10-14,0.000648,synthetic_seed
LA,2023,white,hisp,m,15-19,0.00324,synthetic_seed
LA,2023,white,hisp,m,20-24,0.005184,synthetic_seed
LA,2023,white,hisp,m,25-29,0.00648,synthetic_seed
LA,2023,white,hisp,m,30-34,0.008424,synthetic_seed
LA,2023,white,hisp,m,35-39,0.011664,synthetic_seed
LA,2023,white,hisp,m,40-44,0.01607,synthetic_seed
LA,2023,white,hisp,m,45-49,0.023846,synthetic_seed
LA,2023,white,hisp,m,50-54,0.035251,synthetic_seed
LA,2023,white,hisp,m,55-59,0.051062,synthetic_seed
LA,2023,white,hisp,m,60-64,0.075946,synthetic_seed
LA,2023,white,hisp,m,65-69,0.112493,synthetic_seed
LA,2023,white,hisp,m,70-74,0.17159,synthetic_seed
LA,2023,white,hisp,m,75-79,0.266717,synthetic_seed
LA,2023,white,hisp,m,80-84,0.41809,synthetic_seed
LA,2023,white,hisp,m,85+,0.720965,synthetic_seed
LA,2023,white,hisp,f,0-4,0.002295,synthetic_seed
LA,2023,white,hisp,f,5-9,0.000459,synthetic_seed
LA,2023,white,hisp,f,10-14,0.000459,synthetic_seed
LA,2023,white,hisp,f,15-19,0.002295,synthetic_seed
LA,2023,white,hisp,f,20-24,0.003672,synthetic_seed
LA,2023,white,hisp,f,25-29,0.00459,synthetic_seed
LA,2023,white,hisp,f,30-34,0.005967,synthetic_seed
LA,2023,white,hisp,f,35-39,0.008262,synthetic_seed
LA,2023,white,hisp,f,40-44,0.011383,synthetic_seed
LA,2023,white,hisp,f,45-49,0.016891,synthetic_seed
LA,2023,white,hisp,f,50-54,0.02497,synthetic_seed
LA,2023,white,hisp,f,55-59,0.036169,synthetic_seed
LA,2023,white,hisp,f,60-64,0.053795,synthetic_seed
LA,2023,white,hisp,f,65-69,0.079682,synthetic_seed
LA,2023,white,hisp,f,70-74,0.121543,synthetic_seed
LA,2023,white,hisp,f,75-79,0.188924,synthetic_seed
LA,2023,white,hisp,f,80-84,0.296147,synthetic_seed
LA,2023,white,hisp,f,85+,0.510683,synthetic_seed
LA,2023,black,non-hisp,m,0-4,0.003564,synthetic_seed
LA,2023,black,non-hisp,m,5-9,0.000713,synthetic_seed
LA,2023,black,non-hisp,m,10-14,0.000713,synthetic_seed
LA,2023,black,non-hisp,m,15-19,0.003564,synthetic_seed
LA,2023,black,non-hisp,m,20-24,0.005702,synthetic_seed
LA,2023,black,non-hisp,m,25-29,0.007128,synthetic_seed
LA,2023,black,non-hisp,m,30-34,0.009266,synthetic_seed
LA,2023,black,non-hisp,m,35-39,0.01283,synthetic_seed
LA,2023,black,non-hisp,m,40-44,0.017677,synthetic_seed
LA,2023,black,non-hisp,m,45-49,0.026231,synthetic_seed
LA,2023,black,non-hisp,m,50-54,0.038776,synthetic_seed
LA,2023,black,non-hisp,m,55-59,0.056169,synthetic_seed
LA,2023,black,non-hisp,m,60-64,0.08354,synthetic_seed
LA,2023,black,non-hisp,m,65-69,0.123742,synthetic_seed
LA,2023,black,non-hisp,m,70-74,0.188749,synthetic_seed
LA,2023,black,non-hisp,m,75-79,0.293388,synthetic_seed
LA,2023,black,non-hisp,m,80-84,0.459899,synthetic_seed
LA,2023,black,non-hisp,m,85+,0.793061,synthetic_seed
LA,2023,black,non-hisp,f,0-4,0.002525,synthetic_seed
LA,2023,black,non-hisp,f,5-9,0.000505,synthetic_seed
LA,2023,black,non-hisp,f,10-14,0.000505,synthetic_seed
LA,2023,black,non-hisp,f,15-19,0.002525,synthetic_seed
LA,2023,black,non-hisp,f,20-24,0.004039,synthetic_seed
LA,2023,black,non-hisp,f,25-29,0.005049,synthetic_seed
LA,2023,black,non-hisp,f,30-34,0.006564,synthetic_seed
LA,2023,black,non-hisp,f,35-39,0.009088,synthetic_seed
LA,2023,black,non-hisp,f,40-44,0.012522,synthetic_seed
LA,2023,black,non-hisp,f,45-49,0.01858,synthetic_seed
LA,2023,black,non-hisp,f,50-54,0.027467,synthetic_seed
LA,2023,black,non-hisp,f,55-59,0.039786,synthetic_seed
LA,2023,black,non-hisp,f,60-64,0.059174,synthetic_seed
LA,2023,black,non-hisp,f,65-69,0.087651,synthetic_seed
LA,2023,black,non-hisp,f,70-74,0.133698,synthetic_seed
LA,2023,black,non-hisp,f,75-79,0.207817,synthetic_seed
LA,2023,black,non-hisp,f,80-84,0.325761,synthetic_seed
LA,2023,black,non-hisp,f,85+,0.561752,synthetic_seed
LA,2023,black,hisp,m,0-4,0.003564,synthetic_seed
LA,2023,black,hisp,m,5-9,0.000713,synthetic_seed
LA,2023,black,hisp,m,10-14,0.000713,synthetic_seed
LA,2023,black,hisp,m,15-19,0.003564,synthetic_seed
LA,2023,black,hisp,m,20-24,0.005702,synthetic_seed
LA,2023,black,hisp,m,25-29,0.007128,synthetic_seed
LA,2023,black,hisp,m,30-34,0.009266,synthetic_seed
LA,2023,black,hisp,m,35-39,0.01283,synthetic_seed
LA,2023,black,hisp,m,40-44,0.017677,synthetic_seed
LA,2023,black,hisp,m,45-49,0.026231,synthetic_seed
LA,2023,black,hisp,m,50-54,0.038776,synthetic_seed
LA,2023,black,hisp,m,55-59,0.056169,synthetic_seed
LA,2023,black,hisp,m,60-64,0.08354,synthetic_seed
LA,2023,black,hisp,m,65-69,0.123742,synthetic_seed
LA,2023,black,hisp,m,70-74,0.188749,synthetic_seed
LA,2023,black,hisp,m,75-79,0.293388,synthetic_seed
LA,2023,black,hisp,m,80-84,0.459899,synthetic_seed
LA,2023,black,hisp,m,85+,0.793061,synthetic_seed
LA,2023,black,hisp,f,0-4,0.002525,synthetic_seed
LA,2023,black,hisp,f,5-9,0.000505,synthetic_seed
LA,2023,black,hisp,f,10-14,0.000505,synthetic_seed
LA,2023,black,hisp,f,15-19,0.002525,synthetic_seed
LA,2023,black,hisp,f,20-24,0.004039,synthetic_seed
LA,2023,black,hisp,f,25-29,0.005049,synthetic_seed
LA,2023,black,hisp,f,30-34,0.006564,synthetic_seed
LA,2023,black,hisp,f,35-39,0.009088,synthetic_seed
LA,2023,black,hisp,f,40-44,0.012522,synthetic_seed
LA,2023,black,hisp,f,45-49,0.01858,synthetic_seed
LA,2023,black,hisp,f,50-54,0.027467,synthetic_seed
LA,2023,black,hisp,f,55-59,0.039786,synthetic_seed
LA,2023,black,hisp,f,60-64,0.059174,synthetic_seed
LA,2023,black,hisp,f,65-69,0.087651,synthetic_seed
LA,2023,black,hisp,f,70-74,0.133698,synthetic_seed
LA,2023,black,hisp,f,75-79,0.207817,synthetic_seed
LA,2023,black,hisp,f,80-84,0.325761,synthetic_seed
LA,2023,black,hisp,f,85+,0.561752,synthetic_seed
LA,2023,asian,non-hisp,m,0-4,0.003078,synthetic_seed
LA,2023,asian,non-hisp,m,5-9,0.000616,synthetic_seed
LA,2023,asian,non-hisp,m,10-14,0.000616,synthetic_seed
LA,2023,asian,non-hisp,m,15-19,0.003078,synthetic_seed
LA,2023,asian,non-hisp,m,20-24,0.004925,synthetic_seed
LA,2023,asian,non-hisp,m,25-29,0.006156,synthetic_seed
LA,2023,asian,non-hisp,m,30-34,0.008003,synthetic_seed
LA,2023,asian,non-hisp,m,35-39,0.011081,synthetic_seed
LA,2023,asian,non-hisp,m,40-44,0.015267,synthetic_seed
LA,2023,asian,non-hisp,m,45-49,0.022654,synthetic_seed
LA,2023,asian,non-hisp,m,50-54,0.033489,synthetic_seed
LA,2023,asian,non-hisp,m,55-59,0.048509,synthetic_seed
LA,2023,asian,non-hisp,m,60-64,0.072148,synthetic_seed
LA,2023,asian,non-hisp,m,65-69,0.106868,synthetic_seed
LA,2023,asian,non-hisp,m,70-74,0.163011,synthetic_seed
LA,2023,asian,non-hisp,m,75-79,0.253381,synthetic_seed
LA,2023,asian,non-hisp,m,80-84,0.397185,synthetic_seed
LA,2023,asian,non-hisp,m,85+,0.684917,synthetic_seed
LA,2023,asian,non-hisp,f,0-4,0.00218,synthetic_seed
LA,2023,asian,non-hisp,f,5-9,0.000436,synthetic_seed
LA,2023,asian,non-hisp,f,10-14,0.000436,synthetic_seed
LA,2023,asian,non-hisp,f,15-19,0.00218,synthetic_seed
LA,2023,asian,non-hisp,f,20-24,0.003488,synthetic_seed
LA,2023,asian,non-hisp,f,25-29,0.00436,synthetic_seed
LA,2023,asian,non-hisp,f,30-34,0.005669,synthetic_seed
LA,2023,asian,non-hisp,f,35-39,0.007849,synthetic_seed
LA,2023,asian,non-hisp,f,40-44,0.010814,synthetic_seed
LA,2023,asian,non-hisp,f,45-49,0.016047,synthetic_seed
LA,2023,asian,non-hisp,f,50-54,0.023721,synthetic_seed
LA,2023,asian,non-hisp,f,55-59,0.034361,synthetic_seed
LA,2023,asian,non-hisp,f,60-64,0.051105,synthetic_seed
LA,2023,asian,non-hisp,f,65-69,0.075698,synthetic_seed
LA,2023,asian,non-hisp,f,70-74,0.115466,synthetic_seed
LA,2023,asian,non-hisp,f,75-79,0.179478,synthetic_seed
LA,2023,asian,non-hisp,f,80-84,0.281339,synthetic_seed
LA,2023,asian,non-hisp,f,85+,0.485149,synthetic_seed
LA,2023,asian,hisp,m,0-4,0.003078,synthetic_seed
LA,2023,asian,hisp,m,5-9,0.000616,synthetic_seed
LA,2023,asian,hisp,m,10-14,0.000616,synthetic_seed
LA,2023,asian,hisp,m,15-19,0.003078,synthetic_seed
LA,2023,asian,hisp,m,20-24,0.004925,synthetic_seed
LA,2023,asian,hisp,m,25-29,0.006156,synthetic_seed
LA,2023,asian,hisp,m,30-34,0.008003,synthetic_seed
LA,2023,asian,hisp,m,35-39,0.011081,synthetic_seed
LA,2023,asian,hisp,m,40-44,0.015267,synthetic_seed
LA,2023,asian,hisp,m,45-49,0.022654,synthetic_seed
LA,2023,asian,hisp,m,50-54,0.033489,synthetic_seed
LA,2023,asian,hisp,m,55-59,0.048509,synthetic_seed
LA,2023,asian,hisp,m,60-64,0.072148,synthetic_seed
LA,2023,asian,hisp,m,65-69,0.106868,synthetic_seed
LA,2023,asian,hisp,m,70-74,0.163011,synthetic_seed
LA,2023,asian,hisp,m,75-79,0.253381,synthetic_seed
LA,2023,asian,hisp,m,80-84,0.397185,synthetic_seed
LA,2023,asian,hisp,m,85+,0.684917,synthetic_seed
LA,2023,asian,hisp,f,0-4,0.00218,synthetic_seed
LA,2023,asian,hisp,f,5-9,0.000436,synthetic_seed
LA,2023,asian,hisp,f,10-14,0.000436,synthetic_seed
LA,2023,asian,hisp,f,15-19,0.00218,synthetic_seed
LA,2023,asian,hisp,f,20-24,0.003488,synthetic_seed
LA,2023,asian,hisp,f,25-29,0.00436,synthetic_seed
LA,2023,asian,hisp,f,30-34,0.005669,synthetic_seed
LA,2023,asian,hisp,f,35-39,0.007849,synthetic_seed
LA,2023,asian,hisp,f,40-44,0.010814,synthetic_seed
LA,2023,asian,hisp,f,45-49,0.016047,synthetic_seed
LA,2023,asian,hisp,f,50-54,0.023721,synthetic_seed
LA,2023,asian,hisp,f,55-59,0.034361,synthetic_seed
LA,2023,asian,hisp,f,60-64,0.051105,synthetic_seed
LA,2023,asian,hisp,f,65-69,0.075698,synthetic_seed
LA,2023,asian,hisp,f,70-74,0.115466,synthetic_seed
LA,2023,asian,hisp,f,75-79,0.179478,synthetic_seed
LA,2023,asian,hisp,f,80-84,0.281339,synthetic_seed
LA,2023,asian,hisp,f,85+,0.485149,synthetic_seed
LA,2023,other,non-hisp,m,0-4,0.00324,synthetic_seed
LA,2023,other,non-hisp,m,5-9,0.000648,synthetic_seed
LA,2023,other,non-hisp,m,10-14,0.000648,synthetic_seed
LA,2023,other,non-hisp,m,15-19,0.00324,synthetic_seed
LA,2023,other,non-hisp,m,20-24,0.005184,synthetic_seed
LA,2023,other,non-hisp,m,25-29,0.00648,synthetic_seed
LA,2023,other,non-hisp,m,30-34,0.008424,synthetic_seed
LA,2023,other,non-hisp,m,35-39,0.011664,synthetic_seed
LA,2023,other,non-hisp,m,40-44,0.01607,synthetic_seed
LA,2023,other,non-hisp,m,45-49,0.023846,synthetic_seed
LA,2023,other,non-hisp,m,50-54,0.035251,synthetic_seed
LA,2023,other,non-hisp,m,55-59,0.051062,synthetic_seed
LA,2023,other,non-hisp,m,60-64,0.075946,synthetic_seed
LA,2023,other,non-hisp,m,65-69,0.112493,synthetic_seed
LA,2023,other,non-hisp,m,70-74,0.17159,synthetic_seed
LA,2023,other,non-hisp,m,75-79,0.266717,synthetic_seed
LA,2023,other,non-hisp,m,80-84,0.41809,synthetic_seed
LA,2023,other,non-hisp,m,85+,0.720965,synthetic_seed
LA,2023,other,non-hisp,f,0-4,0.002295,synthetic_seed
LA,2023,other,non-hisp,f,5-9,0.000459,synthetic_seed
LA,2023,other,non-hisp,f,10-14,0.000459,synthetic_seed
LA,2023,other,non-hisp,f,15-19,0.002295,synthetic_seed
LA,2023,other,non-hisp,f,20-24,0.003672,synthetic_seed
LA,2023,other,non-hisp,f,25-29,0.00459,synthetic_seed
LA,2023,other,non-hisp,f,30-34,0.005967,synthetic_seed
LA,2023,other,non-hisp,f,35-39,0.008262,synthetic_seed
LA,2023,other,non-hisp,f,40-44,0.011383,synthetic_seed
LA,2023,other,non-hisp,f,45-49,0.016891,synthetic_seed
LA,2023,other,non-hisp,f,50-54,0.02497,synthetic_seed
LA,2023,other,non-hisp,f,55-59,0.036169,synthetic_seed
LA,2023,other,non-hisp,f,60-64,0.053795,synthetic_seed
LA,2023,other,non-hisp,f,65-69,0.079682,synthetic_seed
LA,2023,other,non-hisp,f,70-74,0.121543,synthetic_seed
LA,2023,other,non-hisp,f,75-79,0.188924,synthetic_seed
LA,2023,other,non-hisp,f,80-84,0.296147,synthetic_seed
LA,2023,other,non-hisp,f,85+,0.510683,synthetic_seed
LA,2023,other,hisp,m,0-4,0.00324,synthetic_seed
LA,2023,other,hisp,m,5-9,0.000648,synthetic_seed
LA,2023,other,hisp,m,10-14,0.000648,synthetic_seed
LA,2023,other,hisp,m,15-19,0.00324,synthetic_seed
LA,2023,other,hisp,m,20-24,0.005184,synthetic_seed
LA,2023,other,hisp,m,25-29,0.00648,synthetic_seed
LA,2023,other,hisp,m,30-34,0.008424,synthetic_seed
LA,2023,other,hisp,m,35-39,0.011664,synthetic_seed
LA,2023,other,hisp,m,40-44,0.01607,synthetic_seed
LA,2023,other,hisp,m,45-49,0.023846,synthetic_seed
LA,2023,other,hisp,m,50-54,0.035251,synthetic_seed
LA,2023,other,hisp,m,55-59,0.051062,synthetic_seed
LA,2023,other,hisp,m,60-64,0.075946,synthetic_seed
LA,2023,other,hisp,m,65-69,0.112493,synthetic_seed
LA,2023,other,hisp,m,70-74,0.17159,synthetic_seed
LA,2023,other,hisp,m,75-79,0.266717,synthetic_seed
LA,2023,other,hisp,m,80-84,0.41809,synthetic_seed
LA,2023,other,hisp,m,85+,0.720965,synthetic_seed
LA,2023,other,hisp,f,0-4,0.002295,synthetic_seed
LA,2023,other,hisp,f,5-9,0.000459,synthetic_seed
LA,2023,other,hisp,f,10-14,0.000459,synthetic_seed
LA,2023,other,hisp,f,15-19,0.002295,synthetic_seed
LA,2023,other,hisp,f,20-24,0.003672,synthetic_seed
LA,2023,other,hisp,f,25-29,0.00459,synthetic_seed
LA,2023,other,hisp,f,30-34,0.005967,synthetic_seed
LA,2023,other,hisp,f,35-39,0.008262,synthetic_seed
LA,2023,other,hisp,f,40-44,0.011383,synthetic_seed
LA,2023,other,hisp,f,45-49,0.016891,synthetic_seed
LA,2023,other,hisp,f,50-54,0.02497,synthetic_seed
LA,2023,other,hisp,f,55-59,0.036169,synthetic_seed
LA,2023,other,hisp,f,60-64,0.053795,synthetic_seed
LA,2023,other,hisp,f,65-69,0.079682,synthetic_seed
LA,2023,other,hisp,f,70-74,0.121543,synthetic_seed
LA,2023,other,hisp,f,75-79,0.188924,synthetic_seed
LA,2023,other,hisp,f,80-84,0.296147,synthetic_seed
LA,2023,other,hisp,f,85+,0.510683,synthetic_seed
ME,2023,white,non-hisp,m,0-4,0.00285,synthetic_seed
ME,2023,white,non-hisp,m,5-9,0.00057,synthetic_seed
ME,2023,white,non-hisp,m,10-14,0.00057,synthetic_seed
ME,2023,white,non-hisp,m,15-19,0.00285,synthetic_seed
ME,2023,white,non-hisp,m,20-24,0.00456,synthetic_seed
ME,2023,white,non-hisp,m,25-29,0.0057,synthetic_seed
ME,2023,white,non-hisp,m,30-34,0.00741,synthetic_seed
ME,2023,white,non-hisp,m,35-39,0.01026,synthetic_seed
ME,2023,white,non-hisp,m,40-44,0.014136,synthetic_seed
ME,2023,white,non-hisp,m,45-49,0.020976,synthetic_seed
ME,2023,white,non-hisp,m,50-54,0.031008,synthetic_seed
ME,2023,white,non-hisp,m,55-59,0.044916,synthetic_seed
ME,2023,white,non-hisp,m,60-64,0.066804,synthetic_seed
ME,2023,white,non-hisp,m,65-69,0.098952,synthetic_seed
ME,2023,white,non-hisp,m,70-74,0.150936,synthetic_seed
ME,2023,white,non-hisp,m,75-79,0.234612,synthetic_seed
ME,2023,white,non-hisp,m,80-84,0.367764,synthetic_seed
ME,2023,white,non-hisp,m,85+,0.634182,synthetic_seed
ME,2023,white,non-hisp,f,0-4,0.002019,synthetic_seed
ME,2023,white,non-hisp,f,5-9,0.000404,synthetic_seed
ME,2023,white,non-hisp,f,10-14,0.000404,synthetic_seed
ME,2023,white,non-hisp,f,15-19,0.002019,synthetic_seed
ME,2023,white,non-hisp,f,20-24,0.00323,synthetic_seed
ME,2023,white,non-hisp,f,25-29,0.004037,synthetic_seed
ME,2023,white,non-hisp,f,30-34,0.005249,synthetic_seed
ME,2023,white,non-hisp,f,35-39,0.007267,synthetic_seed
ME,2023,white,non-hisp,f,40-44,0.010013,synthetic_seed
ME,2023,white,non-hisp,f,45-49,0.014858,synthetic_seed
ME,2023,white,non-hisp,f,50-54,0.021964,synthetic_seed
ME,2023,white,non-hisp,f,55-59,0.031815,synthetic_seed
ME,2023,white,non-hisp,f,60-64,0.047319,synthetic_seed
ME,2023,white,non-hisp,f,65-69,0.070091,synthetic_seed
ME,2023,white,non-hisp,f,70-74,0.106913,synthetic_seed
ME,2023,white,non-hisp,f,75-79,0.166183,synthetic_seed
ME,2023,white,non-hisp,f,80-84,0.260499,synthetic_seed
ME,2023,white,non-hisp,f,85+,0.449212,synthetic_seed
ME,2023,white,hisp,m,0-4,0.00285,synthetic_seed
ME,2023,white,hisp,m,5-9,0.00057,synthetic_seed
ME,2023,white,hisp,m,10-14,0.00057,synthetic_seed
ME,2023,white,hisp,m,15-19,0.00285,synthetic_seed
ME,2023,white,hisp,m,20-24,0.00456,synthetic_seed
ME,2023,white,hisp,m,25-29,0.0057,synthetic_seed
ME,2023,white,hisp,m,30-34,0.00741,synthetic_seed
ME,2023,white,hisp,m,35-39,0.01026,synthetic_seed
ME,2023,white,hisp,m,40-44,0.014136,synthetic_seed
ME,2023,white,hisp,m,45-49,0.020976,synthetic_seed
ME,2023,white,hisp,m,50-54,0.031008,synthetic_seed
ME,2023,white,hisp,m,55-59,0.044916,synthetic_seed
ME,2023,white,hisp,m,60-64,0.066804,synthetic_seed
ME,2023,white,hisp,m,65-69,0.098952,synthetic_seed
ME,2023,white,hisp,m,70-74,0.150936,synthetic_seed
ME,2023,white,hisp,m,75-79,0.234612,synthetic_seed
ME,2023,white,hisp,m,80-84,0.367764,synthetic_seed
ME,2023,white,hisp,m,85+,0.634182,synthetic_seed
ME,2023,white,hisp,f,0-4,0.002019,synthetic_seed
ME,2023,white,hisp,f,5-9,0.000404,synthetic_seed
ME,2023,white,hisp,f,10-14,0.000404,synthetic_seed
ME,2023,white,hisp,f,15-19,0.002019,synthetic_seed
ME,2023,white,hisp,f,20-24,0.00323,synthetic_seed
ME,2023,white,hisp,f,25-29,0.004037,synthetic_seed
ME,2023,white,hisp,f,30-34,0.005249,synthetic_seed
ME,2023,white,hisp,f,35-39,0.007267,synthetic_seed
ME,2023,white,hisp,f,40-44,0.010013,synthetic_seed
ME,2023,white,hisp,f,45-49,0.014858,synthetic_seed
ME,2023,white,hisp,f,50-54,0.021964,synthetic_seed
ME,2023,white,hisp,f,55-59,0.031815,synthetic_seed
ME,2023,white,hisp,f,60-64,0.047319,synthetic_seed
ME,2023,white,hisp,f,65-69,0.070091,synthetic_seed
ME,2023,white,hisp,f,70-74,0.106913,synthetic_seed
ME,2023,white,hisp,f,75-79,0.166183,synthetic_seed
ME,2023,white,hisp,f,80-84,0.260499,synthetic_seed
ME,2023,white,hisp,f,85+,0.449212,synthetic_seed
ME,2023,black,non-hisp,m,0-4,0.003135,synthetic_seed
ME,2023,black,non-hisp,m,5-9,0.000627,synthetic_seed
ME,2023,black,non-hisp,m,10-14,0.000627,synthetic_seed
ME,2023,black,non-hisp,m,15-19,0.003135,synthetic_seed
ME,2023,black,non-hisp,m,20-24,0.005016,synthetic_seed
ME,2023,black,non-hisp,m,25-29,0.00627,synthetic_seed
ME,2023,black,non-hisp,m,30-34,0.008151,synthetic_seed
ME,2023,black,non-hisp,m,35-39,0.011286,synthetic_seed
ME,2023,black,non-hisp,m,40-44,0.01555,synthetic_seed
ME,2023,black,non-hisp,m,45-49,0.023074,synthetic_seed
ME,2023,black,non-hisp,m,50-54,0.034109,synthetic_seed
ME,2023,black,non-hisp,m,55-59,0.049408,synthetic_seed
ME,2023,black,non-hisp,m,60-64,0.073484,synthetic_seed
ME,2023,black,non-hisp,m,65-69,0.108847,synthetic_seed
ME,2023,black,non-hisp,m,70-74,0.16603,synthetic_seed
ME,2023,black,non-hisp,m,75-79,0.258073,synthetic_seed
ME,2023,black,non-hisp,m,80-84,0.40454,synthetic_seed
ME,2023,black,non-hisp,m,85+,0.6976,synthetic_seed
ME,2023,black,non-hisp,f,0-4,0.002221,synthetic_seed
ME,2023,black,non-hisp,f,5-9,0.000444,synthetic_seed
ME,2023,black,non-hisp,f,10-14,0.000444,synthetic_seed
ME,2023,black,non-hisp,f,15-19,0.002221,synthetic_seed
ME,2023,black,non-hisp,f,20-24,0.003553,synthetic_seed
ME,2023,black,non-hisp,f,25-29,0.004441,synthetic_seed
ME,2023,black,non-hisp,f,30-34,0.005774,synthetic_seed
ME,2023,black,non-hisp,f,35-39,0.007994,synthetic_seed
ME,2023,black,non-hisp,f,40-44,0.011014,synthetic_seed
ME,2023,black,non-hisp,f,45-49,0.016344,synthetic_seed
ME,2023,black,non-hisp,f,50-54,0.02416,synthetic_seed
ME,2023,black,non-hisp,f,55-59,0.034997,synthetic_seed
ME,2023,black,non-hisp,f,60-64,0.052051,synthetic_seed
ME,2023,black,non-hisp,f,65-69,0.0771,synthetic_seed
ME,2023,black,non-hisp,f,70-74,0.117604,synthetic_seed
ME,2023,black,non-hisp,f,75-79,0.182802,synthetic_seed
ME,2023,black,non-hisp,f,80-84,0.286549,synthetic_seed
ME,2023,black,non-hisp,f,85+,0.494133,synthetic_seed
ME,2023,black,hisp,m,0-4,0.003135,synthetic_seed
ME,2023,black,hisp,m,5-9,0.000627,synthetic_seed
ME,2023,black,hisp,m,10-14,0.000627,synthetic_seed
ME,2023,black,hisp,m,15-19,0.003135,synthetic_seed
ME,2023,black,hisp,m,20-24,0.005016,synthetic_seed
ME,2023,black,hisp,m,25-29,0.00627,synthetic_seed
ME,2023,black,hisp,m,30-34,0.008151,synthetic_seed
ME,2023,black,hisp,m,35-39,0.011286,synthetic_seed
ME,2023,black,hisp,m,40-44,0.01555,synthetic_seed
ME,2023,black,hisp,m,45-49,0.023074,synthetic_seed
ME,2023,black,hisp,m,50-54,0.034109,synthetic_seed
ME,2023,black,hisp,m,55-59,0.049408,synthetic_seed
ME,2023,black,hisp,m,60-64,0.073484,synthetic_seed
ME,2023,black,hisp,m,65-69,0.108847,synthetic_seed
ME,2023,black,hisp,m,70-74,0.16603,synthetic_seed
ME,2023,black,hisp,m,75-79,0.258073,synthetic_seed
ME,2023,black,hisp,m,80-84,0.40454,synthetic_seed
ME,2023,black,hisp,m,85+,0.6976,synthetic_seed
ME,2023,black,hisp,f,0-4,0.002221,synthetic_seed
ME,2023,black,hisp,f,5-9,0.000444,synthetic_seed
ME,2023,black,hisp,f,10-14,0.000444,synthetic_seed
ME,2023,black,hisp,f,15-19,0.002221,synthetic_seed
ME,2023,black,hisp,f,20-24,0.003553,synthetic_seed
ME,2023,black,hisp,f,25-29,0.004441,synthetic_seed
ME,2023,black,hisp,f,30-34,0.005774,synthetic_seed
ME,2023,black,hisp,f,35-39,0.007994,synthetic_seed
ME,2023,black,hisp,f,40-44,0.011014,synthetic_seed
ME,2023,black,hisp,f,45-49,0.016344,synthetic_seed
ME,2023,black,hisp,f,50-54,0.02416,synthetic_seed
ME,2023,black,hisp,f,55-59,0.034997,synthetic_seed
ME,2023,black,hisp,f,60-64,0.052051,synthetic_seed
ME,2023,black,hisp,f,65-69,0.0771,synthetic_seed
ME,2023,black,hisp,f,70-74,0.117604,synthetic_seed
ME,2023,black,hisp,f,75-79,0.182802,synthetic_seed
ME,2023,black,hisp,f,80-84,0.286549,synthetic_seed
ME,2023,black,hisp,f,85+,0.494133,synthetic_seed
ME,2023,asian,non-hisp,m,0-4,0.002707,synthetic_seed
ME,2023,asian,non-hisp,m,5-9,0.000541,synthetic_seed
ME,2023,asian,non-hisp,m,10-14,0.000541,synthetic_seed
ME,2023,asian,non-hisp,m,15-19,0.002707,synthetic_seed
ME,2023,asian,non-hisp,m,20-24,0.004332,synthetic_seed
ME,2023,asian,non-hisp,m,25-29,0.005415,synthetic_seed
ME,2023,asian,non-hisp,m,30-34,0.007039,synthetic_seed
ME,2023,asian,non-hisp,m,35-39,0.009747,synthetic_seed
ME,2023,asian,non-hisp,m,40-44,0.013429,synthetic_seed
ME,2023,asian,non-hisp,m,45-49,0.019927,synthetic_seed
ME,2023,asian,non-hisp,m,50-54,0.029458,synthetic_seed
ME,2023,asian,non-hisp,m,55-59,0.04267,synthetic_seed
ME,2023,asian,non-hisp,m,60-64,0.063464,synthetic_seed
ME,2023,asian,non-hisp,m,65-69,0.094004,synthetic_seed
ME,2023,asian,non-hisp,m,70-74,0.143389,synthetic_seed
ME,2023,asian,non-hisp,m,75-79,0.222881,synthetic_seed
ME,2023,asian,non-hisp,m,80-84,0.349376,synthetic_seed
ME,2023,asian,non-hisp,m,85+,0.602473,synthetic_seed
ME,2023,asian,non-hisp,f,0-4,0.001918,synthetic_seed
ME,2023,asian,non-hisp,f,5-9,0.000384,synthetic_seed
ME,2023,asian,non-hisp,f,10-14,0.000384,synthetic_seed
ME,2023,asian,non-hisp,f,15-19,0.001918,synthetic_seed
ME,2023,asian,non-hisp,f,20-24,0.003069,synthetic_seed
ME,2023,asian,non-hisp,f,25-29,0.003836,synthetic_seed
ME,2023,asian,non-hisp,f,30-34,0.004986,synthetic_seed
ME,2023,asian,non-hisp,f,35-39,0.006904,synthetic_seed
ME,2023,asian,non-hisp,f,40-44,0.009512,synthetic_seed
ME,2023,asian,non-hisp,f,45-49,0.014115,synthetic_seed
ME,2023,asian,non-hisp,f,50-54,0.020866,synthetic_seed
ME,2023,asian,non-hisp,f,55-59,0.030225,synthetic_seed
ME,2023,asian,non-hisp,f,60-64,0.044954,synthetic_seed
ME,2023,asian,non-hisp,f,65-69,0.066586,synthetic_seed
ME,2023,asian,non-hisp,f,70-74,0.101567,synthetic_seed
ME,2023,asian,non-hisp,f,75-79,0.157874,synthetic_seed
ME,2023,asian,non-hisp,f,80-84,0.247475,synthetic_seed
ME,2023,asian,non-hisp,f,85+,0.426752,synthetic_seed
ME,2023,asian,hisp,m,0-4,0.002707,synthetic_seed
ME,2023,asian,hisp,m,5-9,0.000541,synthetic_seed
ME,2023,asian,hisp,m,10-14,0.000541,synthetic_seed
ME,2023,asian,hisp,m,15-19,0.002707,synthetic_seed
ME,2023,asian,hisp,m,20-24,0.004332,synthetic_seed
ME,2023,asian,hisp,m,25-29,0.005415,synthetic_seed
ME,2023,asian,hisp,m,30-34,0.007039,synthetic_seed
ME,2023,asian,hisp,m,35-39,0.009747,synthetic_seed
ME,2023,asian,hisp,m,40-44,0.013429,synthetic_seed
ME,2023,asian,hisp,m,45-49,0.019927,synthetic_seed
ME,2023,asian,hisp,m,50-54,0.029458,synthetic_seed
ME,2023,asian,hisp,m,55-59,0.04267,synthetic_seed
ME,2023,asian,hisp,m,60-64,0.063464,synthetic_seed
ME,2023,asian,hisp,m,65-69,0.094004,synthetic_seed
ME,2023,asian,hisp,m,70-74,0.143389,synthetic_seed
ME,2023,asian,hisp,m,75-79,0.222881,synthetic_seed
ME,2023,asian,hisp,m,80-84,0.349376,synthetic_seed
ME,2023,asian,hisp,m,85+,0.602473,synthetic_seed
ME,2023,asian,hisp,f,0-4,0.001918,synthetic_seed
ME,2023,asian,hisp,f,5-9,0.000384,synthetic_seed
ME,2023,asian,hisp,f,10-14,0.000384,synthetic_seed
ME,2023,asian,hisp,f,15-19,0.001918,synthetic_seed
ME,2023,asian,hisp,f,20-24,0.003069,synthetic_seed
ME,2023,asian,hisp,f,25-29,0.003836,synthetic_seed
ME,2023,asian,hisp,f,30-34,0.004986,synthetic_seed
ME,2023,asian,hisp,f,35-39,0.006904,synthetic_seed
ME,2023,asian,hisp,f,40-44,0.009512,synthetic_seed
ME,2023,asian,hisp,f,45-49,0.014115,synthetic_seed
ME,2023,asian,hisp,f,50-54,0.020866,synthetic_seed
ME,2023,asian,hisp,f,55-59,0.030225,synthetic_seed
ME,2023,asian,hisp,f,60-64,0.044954,synthetic_seed
ME,2023,asian,hisp,f,65-69,0.066586,synthetic_seed
ME,2023,asian,hisp,f,70-74,0.101567,synthetic_seed
ME,2023,asian,hisp,f,75-79,0.157874,synthetic_seed
ME,2023,asian,hisp,f,80-84,0.247475,synthetic_seed
ME,2023,asian,hisp,f,85+,0.426752,synthetic_seed
ME,2023,other,non-hisp,m,0-4,0.00285,synthetic_seed
ME,2023,other,non-hisp,m,5-9,0.00057,synthetic_seed
ME,2023,other,non-hisp,m,10-14,0.00057,synthetic_seed
ME,2023,other,non-hisp,m,15-19,0.00285,synthetic_seed
ME,2023,other,non-hisp,m,20-24,0.00456,synthetic_seed
ME,2023,other,non-hisp,m,25-29,0.0057,synthetic_seed
ME,2023,other,non-hisp,m,30-34,0.00741,synthetic_seed
ME,2023,other,non-hisp,m,35-39,0.01026,synthetic_seed
ME,2023,other,non-hisp,m,40-44,0.014136,synthetic_seed
ME,2023,other,non-hisp,m,45-49,0.020976,synthetic_seed
ME,2023,other,non-hisp,m,50-54,0.031008,synthetic_seed
ME,2023,other,non-hisp,m,55-59,0.044916,synthetic_seed
ME,2023,other,non-hisp,m,60-64,0.066804,synthetic_seed
ME,2023,other,non-hisp,m,65-69,0.098952,synthetic_seed
ME,2023,other,non-hisp,m,70-74,0.150936,synthetic_seed
ME,2023,other,non-hisp,m,75-79,0.234612,synthetic_seed
ME,2023,other,non-hisp,m,80-84,0.367764,synthetic_seed
ME,2023,other,non-hisp,m,85+,0.634182,synthetic_seed
ME,2023,other,non-hisp,f,0-4,0.002019,synthetic_seed
ME,2023,other,non-hisp,f,5-9,0.000404,synthetic_seed
ME,2023,other,non-hisp,f,10-14,0.000404,synthetic_seed
ME,2023,other,non-hisp,f,15-19,0.002019,synthetic_seed
ME,2023,other,non-hisp,f,20-24,0.00323,synthetic_seed
ME,2023,other,non-hisp,f,25-29,0.004037,synthetic_seed
ME,2023,other,non-hisp,f,30-34,0.005249,synthetic_seed
ME,2023,other,non-hisp,f,35-39,0.007267,synthetic_seed
ME,2023,other,non-hisp,f,40-44,0.010013,synthetic_seed
ME,2023,other,non-hisp,f,45-49,0.014858,synthetic_seed
ME,2023,other,non-hisp,f,50-54,0.021964,synthetic_seed
ME,2023,other,non-hisp,f,55-59,0.031815,synthetic_seed
ME,2023,other,non-hisp,f,60-64,0.047319,synthetic_seed
ME,2023,other,non-hisp,f,65-69,0.070091,synthetic_seed
ME,2023,other,non-hisp,f,70-74,0.106913,synthetic_seed
ME,2023,other,non-hisp,f,75-79,0.166183,synthetic_seed
ME,2023,other,non-hisp,f,80-84,0.260499,synthetic_seed
ME,2023,other,non-hisp,f,85+,0.449212,synthetic_seed
ME,2023,other,hisp,m,0-4,0.00285,synthetic_seed
ME,2023,other,hisp,m,5-9,0.00057,synthetic_seed
ME,2023,other,hisp,m,10-14,0.00057,synthetic_seed
ME,2023,other,hisp,m,15-19,0.00285,synthetic_seed
ME,2023,other,hisp,m,20-24,0.00456,synthetic_seed
ME,2023,other,hisp,m,25-29,0.0057,synthetic_seed
ME,2023,other,hisp,m,30-34,0.00741,synthetic_seed
ME,2023,other,hisp,m,35-39,0.01026,synthetic_seed
ME,2023,other,hisp,m,40-44,0.014136,synthetic_seed
ME,2023,other,hisp,m,45-49,0.020976,synthetic_seed
ME,2023,other,hisp,m,50-54,0.031008,synthetic_seed
ME,2023,other,hisp,m,55-59,0.044916,synthetic_seed
ME,2023,other,hisp,m,60-64,0.066804,synthetic_seed
ME,2023,other,hisp,m,65-69,0.098952,synthetic_seed
ME,2023,other,hisp,m,70-74,0.150936,synthetic_seed
ME,2023,other,hisp,m,75-79,0.234612,synthetic_seed
ME,2023,other,hisp,m,80-84,0.367764,synthetic_seed
ME,2023,other,hisp,m,85+,0.634182,synthetic_seed
ME,2023,other,hisp,f,0-4,0.002019,synthetic_seed
ME,2023,other,hisp,f,5-9,0.000404,synthetic_seed
ME,2023,other,hisp,f,10-14,0.000404,synthetic_seed
ME,2023,other,hisp,f,15-19,0.002019,synthetic_seed
ME,2023,other,hisp,f,20-24,0.00323,synthetic_seed
ME,2023,other,hisp,f,25-29,0.004037,synthetic_seed
ME,2023,other,hisp,f,30-34,0.005249,synthetic_seed
ME,2023,other,hisp,f,35-39,0.007267,synthetic_seed
ME,2023,other,hisp,f,40-44,0.010013,synthetic_seed
ME,2023,other,hisp,f,45-49,0.014858,synthetic_seed
ME,2023,other,hisp,f,50-54,0.021964,synthetic_seed
ME,2023,other,hisp,f,55-59,0.031815,synthetic_seed
ME,2023,other,hisp,f,60-64,0.047319,synthetic_seed
ME,2023,other,hisp,f,65-69,0.070091,synthetic_seed
ME,2023,other,hisp,f,70-74,0.106913,synthetic_seed
ME,2023,other,hisp,f,75-79,0.166183,synthetic_seed
ME,2023,other,hisp,f,80-84,0.260499,synthetic_seed
ME,2023,other,hisp,f,85+,0.449212,synthetic_seed
MD,2023,white,non-hisp,m,0-4,0.00324,synthetic_seed
MD,2023,white,non-hisp,m,5-9,0.000648,synthetic_seed
MD,2023,white,non-hisp,m,10-14,0.000648,synthetic_seed
MD,2023,white,non-hisp,m,15-19,0.00324,synthetic_seed
MD,2023,white,non-hisp,m,20-24,0.005184,synthetic_seed
MD,2023,white,non-hisp,m,25-29,0.00648,synthetic_seed
MD,2023,white,non-hisp,m,30-34,0.008424,synthetic_seed
MD,2023,white,non-hisp,m,35-39,0.011664,synthetic_seed
MD,2023,white,non-hisp,m,40-44,0.01607,synthetic_seed
MD,2023,white,non-hisp,m,45-49,0.023846,synthetic_seed
MD,2023,white,non-hisp,m,50-54,0.035251,synthetic_seed
MD,2023,white,non-hisp,m,55-59,0.051062,synthetic_seed
MD,2023,white,non-hisp,m,60-64,0.075946,synthetic_seed
MD,2023,white,non-hisp,m,65-69,0.112493,synthetic_seed
MD,2023,white,non-hisp,m,70-74,0.17159,synthetic_seed
MD,2023,white,non-hisp,m,75-79,0.266717,synthetic_seed
MD,2023,white,non-hisp,m,80-84,0.41809,synthetic_seed
MD,2023,white,non-hisp,m,85+,0.720965,synthetic_seed
MD,2023,white,non-hisp,f,0-4,0.002295,synthetic_seed
MD,2023,white,non-hisp,f,5-9,0.000459,synthetic_seed
MD,2023,white,non-hisp,f,10-14,0.000459,synthetic_seed
MD,2023,white,non-hisp,f,15-19,0.002295,synthetic_seed
MD,2023,white,non-hisp,f,20-24,0.003672,synthetic_seed
MD,2023,white,non-hisp,f,25-29,0.00459,synthetic_seed
MD,2023,white,non-hisp,f,30-34,0.005967,synthetic_seed
MD,2023,white,non-hisp,f,35-39,0.008262,synthetic_seed
MD,2023,white,non-hisp,f,40-44,0.011383,synthetic_seed
MD,2023,white,non-hisp,f,45-49,0.016891,synthetic_seed
MD,2023,white,non-hisp,f,50-54,0.02497,synthetic_seed
MD,2023,white,non-hisp,f,55-59,0.036169,synthetic_seed
MD,2023,white,non-hisp,f,60-64,0.053795,synthetic_seed
MD,2023,white,non-hisp,f,65-69,0.079682,synthetic_seed
MD,2023,white,non-hisp,f,70-74,0.121543,synthetic_seed
MD,2023,white,non-hisp,f,75-79,0.188924,synthetic_seed
MD,2023,white,non-hisp,f,80-84,0.296147,synthetic_seed
MD,2023,white,non-hisp,f,85+,0.510683,synthetic_seed
MD,2023,white,hisp,m,0-4,0.00324,synthetic_seed
MD,2023,white,hisp,m,5-9,0.000648,synthetic_seed
MD,2023,white,hisp,m,10-14,0.000648,synthetic_seed
MD,2023,white,hisp,m,15-19,0.00324,synthetic_seed
MD,2023,white,hisp,m,20-24,0.005184,synthetic_seed
MD,2023,white,hisp,m,25-29,0.00648,synthetic_seed
MD,2023,white,hisp,m,30-34,0.008424,synthetic_seed
MD,2023,white,hisp,m,35-39,0.011664,synthetic_seed
MD,2023,white,hisp,m,40-44,0.01607,synthetic_seed
MD,2023,white,hisp,m,45-49,0.023846,synthetic_seed
MD,2023,white,hisp,m,50-54,0.035251,synthetic_seed
MD,2023,white,hisp,m,55-59,0.051062,synthetic_seed
MD,2023,white,hisp,m,60-64,0.075946,synthetic_seed
MD,2023,white,hisp,m,65-69,0.112493,synthetic_seed
MD,2023,white,hisp,m,70-74,0.17159,synthetic_seed
MD,2023,white,hisp,m,75-79,0.266717,synthetic_seed
MD,2023,white,hisp,m,80-84,0.41809,synthetic_seed
MD,2023,white,hisp,m,85+,0.720965,synthetic_seed
MD,2023,white,hisp,f,0-4,0.002295,synthetic_seed
MD,2023,white,hisp,f,5-9,0.000459,synthetic_seed
MD,2023,white,hisp,f,10-14,0.000459,synthetic_seed
MD,2023,white,hisp,f,15-19,0.002295,synthetic_seed
MD,2023,white,hisp,f,20-24,0.003672,synthetic_seed
MD,2023,white,hisp,f,25-29,0.00459,synthetic_seed
MD,2023,white,hisp,f,30-34,0.005967,synthetic_seed
MD,2023,white,hisp,f,35-39,0.008262,synthetic_seed
MD,2023,white,hisp,f,40-44,0.011383,synthetic_seed
MD,2023,white,hisp,f,45-49,0.016891,synthetic_seed
MD,2023,white,hisp,f,50-54,0.02497,synthetic_seed
MD,2023,white,hisp,f,55-59,0.036169,synthetic_seed
MD,2023,white,hisp,f,60-64,0.053795,synthetic_seed
MD,2023,white,hisp,f,65-69,0.079682,synthetic_seed
MD,2023,white,hisp,f,70-74,0.121543,synthetic_seed
MD,2023,white,hisp,f,75-79,0.188924,synthetic_seed
MD,2023,white,hisp,f,80-84,0.296147,synthetic_seed
MD,2023,white,hisp,f,85+,0.510683,synthetic_seed
MD,2023,black,non-hisp,m,0-4,0.003564,synthetic_seed
MD,2023,black,non-hisp,m,5-9,0.000713,synthetic_seed
MD,2023,black,non-hisp,m,10-14,0.000713,synthetic_seed
MD,2023,black,non-hisp,m,15-19,0.003564,synthetic_seed
MD,2023,black,non-hisp,m,20-24,0.005702,synthetic_seed
MD,2023,black,non-hisp,m,25-29,0.007128,synthetic_seed
MD,2023,black,non-hisp,m,30-34,0.009266,synthetic_seed
MD,2023,black,non-hisp,m,35-39,0.01283,synthetic_seed
MD,2023,black,non-hisp,m,40-44,0.017677,synthetic_seed
MD,2023,black,non-hisp,m,45-49,0.026231,synthetic_seed
MD,2023,black,non-hisp,m,50-54,0.038776,synthetic_seed
MD,2023,black,non-hisp,m,55-59,0.056169,synthetic_seed
MD,2023,black,non-hisp,m,60-64,0.08354,synthetic_seed
MD,2023,black,non-hisp,m,65-69,0.123742,synthetic_seed
MD,2023,black,non-hisp,m,70-74,0.188749,synthetic_seed
MD,2023,black,non-hisp,m,75-79,0.293388,synthetic_seed
MD,2023,black,non-hisp,m,80-84,0.459899,synthetic_seed
MD,2023,black,non-hisp,m,85+,0.793061,synthetic_seed
MD,2023,black,non-hisp,f,0-4,0.002525,synthetic_seed
MD,2023,black,non-hisp,f,5-9,0.000505,synthetic_seed
MD,2023,black,non-hisp,f,10-14,0.000505,synthetic_seed
MD,2023,black,non-hisp,f,15-19,0.002525,synthetic_seed
MD,2023,black,non-hisp,f,20-24,0.004039,synthetic_seed
MD,2023,black,non-hisp,f,25-29,0.005049,synthetic_seed
MD,2023,black,non-hisp,f,30-34,0.006564,synthetic_seed
MD,2023,black,non-hisp,f,35-39,0.009088,synthetic_seed
MD,2023,black,non-hisp,f,40-44,0.012522,synthetic_seed
MD,2023,black,non-hisp,f,45-49,0.01858,synthetic_seed
MD,2023,black,non-hisp,f,50-54,0.027467,synthetic_seed
MD,2023,black,non-hisp,f,55-59,0.039786,synthetic_seed
MD,2023,black,non-hisp,f,60-64,0.059174,synthetic_seed
MD,2023,black,non-hisp,f,65-69,0.087651,synthetic_seed
MD,2023,black,non-hisp,f,70-74,0.133698,synthetic_seed
MD,2023,black,non-hisp,f,75-79,0.207817,synthetic_seed
MD,2023,black,non-hisp,f,80-84,0.325761,synthetic_seed
MD,2023,black,non-hisp,f,85+,0.561752,synthetic_seed
MD,2023,black,hisp,m,0-4,0.003564,synthetic_seed
MD,2023,black,hisp,m,5-9,0.000713,synthetic_seed
MD,2023,black,hisp,m,10-14,0.000713,synthetic_seed
MD,2023,black,hisp,m,15-19,0.003564,synthetic_seed
MD,2023,black,hisp,m,20-24,0.005702,synthetic_seed
MD,2023,black,hisp,m,25-29,0.007128,synthetic_seed
MD,2023,black,hisp,m,30-34,0.009266,synthetic_seed
MD,2023,black,hisp,m,35-39,0.01283,synthetic_seed
MD,2023,black,hisp,m,40-44,0.017677,synthetic_seed
MD,2023,black,hisp,m,45-49,0.026231,synthetic_seed
MD,2023,black,hisp,m,50-54,0.038776,synthetic_seed
MD,2023,black,hisp,m,55-59,0.056169,synthetic_seed
MD,2023,black,hisp,m,60-64,0.08354,synthetic_seed
MD,2023,black,hisp,m,65-69,0.123742,synthetic_seed
MD,2023,black,hisp,m,70-74,0.188749,synthetic_seed
MD,2023,black,hisp,m,75-79,0.293388,synthetic_seed
MD,2023,black,hisp,m,80-84,0.459899,synthetic_seed
MD,2023,black,hisp,m,85+,0.793061,synthetic_seed
MD,2023,black,hisp,f,0-4,0.002525,synthetic_seed
MD,2023,black,hisp,f,5-9,0.000505,synthetic_seed
MD,2023,black,hisp,f,10-14,0.000505,synthetic_seed
MD,2023,black,hisp,f,15-19,0.002525,synthetic_seed
MD,2023,black,hisp,f,20-24,0.004039,synthetic_seed
MD,2023,black,hisp,f,25-29,0.005049,synthetic_seed
MD,2023,black,hisp,f,30-34,0.006564,synthetic_seed
MD,2023,black,hisp,f,35-39,0.009088,synthetic_seed
MD,2023,black,hisp,f,40-44,0.012522,synthetic_seed
MD,2023,black,hisp,f,45-49,0.01858,synthetic_seed
MD,2023,black,hisp,f,50-54,0.027467,synthetic_seed
MD,2023,black,hisp,f,55-59,0.039786,synthetic_seed
MD,2023,black,hisp,f,60-64,0.059174,synthetic_seed
MD,2023,black,hisp,f,65-69,0.087651,synthetic_seed
MD,2023,black,hisp,f,70-74,0.133698,synthetic_seed
MD,2023,black,hisp,f,75-79,0.207817,synthetic_seed
MD,2023,black,hisp,f,80-84,0.325761,synthetic_seed
MD,2023,black,hisp,f,85+,0.561752,synthetic_seed
MD,2023,asian,non-hisp,m,0-4,0.003078,synthetic_seed
MD,2023,asian,non-hisp,m,5-9,0.000616,synthetic_seed
MD,2023,asian,non-hisp,m,10-14,0.000616,synthetic_seed
MD,2023,asian,non-hisp,m,15-19,0.003078,synthetic_seed
MD,2023,asian,non-hisp,m,20-24,0.004925,synthetic_seed
MD,2023,asian,non-hisp,m,25-29,0.006156,synthetic_seed
MD,2023,asian,non-hisp,m,30-34,0.008003,synthetic_seed
MD,2023,asian,non-hisp,m,35-39,0.011081,synthetic_seed
MD,2023,asian,non-hisp,m,40-44,0.015267,synthetic_seed
MD,2023,asian,non-hisp,m,45-49,0.022654,synthetic_seed
MD,2023,asian,non-hisp,m,50-54,0.033489,synthetic_seed
MD,2023,asian,non-hisp,m,55-59,0.048509,synthetic_seed
MD,2023,asian,non-hisp,m,60-64,0.072148,synthetic_seed
MD,2023,asian,non-hisp,m,65-69,0.106868,synthetic_seed
MD,2023,asian,non-hisp,m,70-74,0.163011,synthetic_seed
MD,2023,asian,non-hisp,m,75-79,0.253381,synthetic_seed
MD,2023,asian,non-hisp,m,80-84,0.397185,synthetic_seed
MD,2023,asian,non-hisp,m,85+,0.684917,synthetic_seed
MD,2023,asian,non-hisp,f,0-4,0.00218,synthetic_seed
MD,2023,asian,non-hisp,f,5-9,0.000436,synthetic_seed
MD,2023,asian,non-hisp,f,10-14,0.000436,synthetic_seed
MD,2023,asian,non-hisp,f,15-19,0.00218,synthetic_seed
MD,2023,asian,non-hisp,f,20-24,0.003488,synthetic_seed
MD,2023,asian,non-hisp,f,25-29,0.00436,synthetic_seed
MD,2023,asian,non-hisp,f,30-34,0.005669,synthetic_seed
MD,2023,asian,non-hisp,f,35-39,0.007849,synthetic_seed
MD,2023,asian,non-hisp,f,40-44,0.010814,synthetic_seed
MD,2023,asian,non-hisp,f,45-49,0.016047,synthetic_seed
MD,2023,asian,non-hisp,f,50-54,0.023721,synthetic_seed
MD,2023,asian,non-hisp,f,55-59,0.034361,synthetic_seed
MD,2023,asian,non-hisp,f,60-64,0.051105,synthetic_seed
MD,2023,asian,non-hisp,f,65-69,0.075698,synthetic_seed
MD,2023,asian,non-hisp,f,70-74,0.115466,synthetic_seed
MD,2023,asian,non-hisp,f,75-79,0.179478,synthetic_seed
MD,2023,asian,non-hisp,f,80-84,0.281339,synthetic_seed
MD,2023,asian,non-hisp,f,85+,0.485149,synthetic_seed
MD,2023,asian,hisp,m,0-4,0.003078,synthetic_seed
MD,2023,asian,hisp,m,5-9,0.000616,synthetic_seed
MD,2023,asian,hisp,m,10-14,0.000616,synthetic_seed
MD,2023,asian,hisp,m,15-19,0.003078,synthetic_seed
MD,2023,asian,hisp,m,20-24,0.004925,synthetic_seed
MD,2023,asian,hisp,m,25-29,0.006156,synthetic_seed
MD,2023,asian,hisp,m,30-34,0.008003,synthetic_seed
MD,2023,asian,hisp,m,35-39,0.011081,synthetic_seed
MD,2023,asian,hisp,m,40-44,0.015267,synthetic_seed
MD,2023,asian,hisp,m,45-49,0.022654,synthetic_seed
MD,2023,asian,hisp,m,50-54,0.033489,synthetic_seed
MD,2023,asian,hisp,m,55-59,0.048509,synthetic_seed
MD,2023,asian,hisp,m,60-64,0.072148,synthetic_seed
MD,2023,asian,hisp,m,65-69,0.106868,synthetic_seed
MD,2023,asian,hisp,m,70-74,0.163011,synthetic_seed
MD,2023,asian,hisp,m,75-79,0.253381,synthetic_seed
MD,2023,asian,hisp,m,80-84,0.397185,synthetic_seed
MD,2023,asian,hisp,m,85+,0.684917,synthetic_seed
MD,2023,asian,hisp,f,0-4,0.00218,synthetic_seed
MD,2023,asian,hisp,f,5-9,0.000436,synthetic_seed
MD,2023,asian,hisp,f,10-14,0.000436,synthetic_seed
MD,2023,asian,hisp,f,15-19,0.00218,synthetic_seed
MD,2023,asian,hisp,f,20-24,0.003488,synthetic_seed
MD,2023,asian,hisp,f,25-29,0.00436,synthetic_seed
MD,2023,asian,hisp,f,30-34,0.005669,synthetic_seed
MD,2023,asian,hisp,f,35-39,0.007849,synthetic_seed
MD,2023,asian,hisp,f,40-44,0.010814,synthetic_seed
MD,2023,asian,hisp,f,45-49,0.016047,synthetic_seed
MD,2023,asian,hisp,f,50-54,0.023721,synthetic_seed
MD,2023,asian,hisp,f,55-59,0.034361,synthetic_seed
MD,2023,asian,hisp,f,60-64,0.051105,synthetic_seed
MD,2023,asian,hisp,f,65-69,0.075698,synthetic_seed
MD,2023,asian,hisp,f,70-74,0.115466,synthetic_seed
MD,2023,asian,hisp,f,75-79,0.179478,synthetic_seed
MD,2023,asian,hisp,f,80-84,0.281339,synthetic_seed
MD,2023,asian,hisp,f,85+,0.485149,synthetic_seed
MD,2023,other,non-hisp,m,0-4,0.00324,synthetic_seed
MD,2023,other,non-hisp,m,5-9,0.000648,synthetic_seed
MD,2023,other,non-hisp,m,10-14,0.000648,synthetic_seed
MD,2023,other,non-hisp,m,15-19,0.00324,synthetic_seed
MD,2023,other,non-hisp,m,20-24,0.005184,synthetic_seed
MD,2023,other,non-hisp,m,25-29,0.00648,synthetic_seed
MD,2023,other,non-hisp,m,30-34,0.008424,synthetic_seed
MD,2023,other,non-hisp,m,35-39,0.011664,synthetic_seed
MD,2023,other,non-hisp,m,40-44,0.01607,synthetic_seed
MD,2023,other,non-hisp,m,45-49,0.023846,synthetic_seed
MD,2023,other,non-hisp,m,50-54,0.035251,synthetic_seed
MD,2023,other,non-hisp,m,55-59,0.051062,synthetic_seed
MD,2023,other,non-hisp,m,60-64,0.075946,synthetic_seed
MD,2023,other,non-hisp,m,65-69,0.112493,synthetic_seed
MD,2023,other,non-hisp,m,70-74,0.17159,synthetic_seed
MD,2023,other,non-hisp,m,75-79,0.266717,synthetic_seed
MD,2023,other,non-hisp,m,80-84,0.41809,synthetic_seed
MD,2023,other,non-hisp,m,85+,0.720965,synthetic_seed
MD,2023,other,non-hisp,f,0-4,0.002295,synthetic_seed
MD,2023,other,non-hisp,f,5-9,0.000459,synthetic_seed
MD,2023,other,non-hisp,f,10-14,0.000459,synthetic_seed
MD,2023,other,non-hisp,f,15-19,0.002295,synthetic_seed
MD,2023,other,non-hisp,f,20-24,0.003672,synthetic_seed
MD,2023,other,non-hisp,f,25-29,0.00459,synthetic_seed
MD,2023,other,non-hisp,f,30-34,0.005967,synthetic_seed
MD,2023,other,non-hisp,f,35-39,0.008262,synthetic_seed
MD,2023,other,non-hisp,f,40-44,0.011383,synthetic_seed
MD,2023,other,non-hisp,f,45-49,0.016891,synthetic_seed
MD,2023,other,non-hisp,f,50-54,0.02497,synthetic_seed
MD,2023,other,non-hisp,f,55-59,0.036169,synthetic_seed
MD,2023,other,non-hisp,f,60-64,0.053795,synthetic_seed
MD,2023,other,non-hisp,f,65-69,0.079682,synthetic_seed
MD,2023,other,non-hisp,f,70-74,0.121543,synthetic_seed
MD,2023,other,non-hisp,f,75-79,0.188924,synthetic_seed
MD,2023,other,non-hisp,f,80-84,0.296147,synthetic_seed
MD,2023,other,non-hisp,f,85+,0.510683,synthetic_seed
MD,2023,other,hisp,m,0-4,0.00324,synthetic_seed
MD,2023,other,hisp,m,5-9,0.000648,synthetic_seed
MD,2023,other,hisp,m,10-14,0.000648,synthetic_seed
MD,2023,other,hisp,m,15-19,0.00324,synthetic_seed
MD,2023,other,hisp,m,20-24,0.005184,synthetic_seed
MD,2023,other,hisp,m,25-29,0.00648,synthetic_seed
MD,2023,other,hisp,m,30-34,0.008424,synthetic_seed
MD,2023,other,hisp,m,35-39,0.011664,synthetic_seed
MD,2023,other,hisp,m,40-44,0.01607,synthetic_seed
MD,2023,other,hisp,m,45-49,0.023846,synthetic_seed
MD,2023,other,hisp,m,50-54,0.035251,synthetic_seed
MD,2023,other,hisp,m,55-59,0.051062,synthetic_seed
MD,2023,other,hisp,m,60-64,0.075946,synthetic_seed
MD,2023,other,hisp,m,65-69,0.112493,synthetic_seed
MD,2023,other,hisp,m,70-74,0.17159,synthetic_seed
MD,2023,other,hisp,m,75-79,0.266717,synthetic_seed
MD,2023,other,hisp,m,80-84,0.41809,synthetic_seed
MD,2023,other,hisp,m,85+,0.720965,synthetic_seed
MD,2023,other,hisp,f,0-4,0.002295,synthetic_seed
MD,2023,other,hisp,f,5-9,0.000459,synthetic_seed
MD,2023,other,hisp,f,10-14,0.000459,synthetic_seed
MD,2023,other,hisp,f,15-19,0.002295,synthetic_seed
MD,2023,other,hisp,f,20-24,0.003672,synthetic_seed
MD,2023,other,hisp,f,25-29,0.00459,synthetic_seed
MD,2023,other,hisp,f,30-34,0.005967,synthetic_seed
MD,2023,other,hisp,f,35-39,0.008262,synthetic_seed
MD,2023,other,hisp,f,40-44,0.011383,synthetic_seed
MD,2023,other,hisp,f,45-49,0.016891,synthetic_seed
MD,2023,other,hisp,f,50-54,0.02497,synthetic_seed
MD,2023,other,hisp,f,55-59,0.036169,synthetic_seed
MD,2023,other,hisp,f,60-64,0.053795,synthetic_seed
MD,2023,other,hisp,f,65-69,0.079682,synthetic_seed
MD,2023,other,hisp,f,70-74,0.121543,synthetic_seed
MD,2023,other,hisp,f,75-79,0.188924,synthetic_seed
MD,2023,other,hisp,f,80-84,0.296147,synthetic_seed
MD,2023,other,hisp,f,85+,0.510683,synthetic_seed
MA,2023,white,non-hisp,m,0-4,0.00285,synthetic_seed
MA,2023,white,non-hisp,m,5-9,0.00057,synthetic_seed
MA,2023,white,non-hisp,m,10-14,0.00057,synthetic_seed
MA,2023,white,non-hisp,m,15-19,0.00285,synthetic_seed
MA,2023,white,non-hisp,m,20-24,0.00456,synthetic_seed
MA,2023,white,non-hisp,m,25-29,0.0057,synthetic_seed
MA,2023,white,non-hisp,m,30-34,0.00741,synthetic_seed
MA,2023,white,non-hisp,m,35-39,0.01026,synthetic_seed
MA,2023,white,non-hisp,m,40-44,0.014136,synthetic_seed
MA,2023,white,non-hisp,m,45-49,0.020976,synthetic_seed
MA,2023,white,non-hisp,m,50-54,0.031008,synthetic_seed
MA,2023,white,non-hisp,m,55-59,0.044916,synthetic_seed
MA,2023,white,non-hisp,m,60-64,0.066804,synthetic_seed
MA,2023,white,non-hisp,m,65-69,0.098952,synthetic_seed
MA,2023,white,non-hisp,m,70-74,0.150936,synthetic_seed
MA,2023,white,non-hisp,m,75-79,0.234612,synthetic_seed
MA,2023,white,non-hisp,m,80-84,0.367764,synthetic_seed
MA,2023,white,non-hisp,m,85+,0.634182,synthetic_seed
MA,2023,white,non-hisp,f,0-4,0.002019,synthetic_seed
MA,2023,white,non-hisp,f,5-9,0.000404,synthetic_seed
MA,2023,white,non-hisp,f,10-14,0.000404,synthetic_seed
MA,2023,white,non-hisp,f,15-19,0.002019,synthetic_seed
MA,2023,white,non-hisp,f,20-24,0.00323,synthetic_seed
MA,2023,white,non-hisp,f,25-29,0.004037,synthetic_seed
MA,2023,white,non-hisp,f,30-34,0.005249,synthetic_seed
MA,2023,white,non-hisp,f,35-39,0.007267,synthetic_seed
MA,2023,white,non-hisp,f,40-44,0.010013,synthetic_seed
MA,2023,white,non-hisp,f,45-49,0.014858,synthetic_seed
MA,2023,white,non-hisp,f,50-54,0.021964,synthetic_seed
MA,2023,white,non-hisp,f,55-59,0.031815,synthetic_seed
MA,2023,white,non-hisp,f,60-64,0.047319,synthetic_seed
MA,2023,white,non-hisp,f,65-69,0.070091,synthetic_seed
MA,2023,white,non-hisp,f,70-74,0.106913,synthetic_seed
MA,2023,white,non-hisp,f,75-79,0.166183,synthetic_seed
MA,2023,white,non-hisp,f,80-84,0.260499,synthetic_seed
MA,2023,white,non-hisp,f,85+,0.449212,synthetic_seed
MA,2023,white,hisp,m,0-4,0.00285,synthetic_seed
MA,2023,white,hisp,m,5-9,0.00057,synthetic_seed
MA,2023,white,hisp,m,10-14,0.00057,synthetic_seed
MA,2023,white,hisp,m,15-19,0.00285,synthetic_seed
MA,2023,white,hisp,m,20-24,0.00456,synthetic_seed
MA,2023,white,hisp,m,25-29,0.0057,synthetic_seed
MA,2023,white,hisp,m,30-34,0.00741,synthetic_seed
MA,2023,white,hisp,m,35-39,0.01026,synthetic_seed
MA,2023,white,hisp,m,40-44,0.014136,synthetic_seed
MA,2023,white,hisp,m,45-49,0.020976,synthetic_seed
MA,2023,white,hisp,m,50-54,0.031008,synthetic_seed
MA,2023,white,hisp,m,55-59,0.044916,synthetic_seed
MA,2023,white,hisp,m,60-64,0.066804,synthetic_seed
MA,2023,white,hisp,m,65-69,0.098952,synthetic_seed
MA,2023,white,hisp,m,70-74,0.150936,synthetic_seed
MA,2023,white,hisp,m,75-79,0.234612,synthetic_seed
MA,2023,white,hisp,m,80-84,0.367764,synthetic_seed
MA,2023,white,hisp,m,85+,0.634182,synthetic_seed
MA,2023,white,hisp,f,0-4,0.002019,synthetic_seed
MA,2023,white,hisp,f,5-9,0.000404,synthetic_seed
MA,2023,white,hisp,f,10-14,0.000404,synthetic_seed
MA,2023,white,hisp,f,15-19,0.002019,synthetic_seed
MA,2023,white,hisp,f,20-24,0.00323,synthetic_seed
MA,2023,white,hisp,f,25-29,0.004037,synthetic_seed
MA,2023,white,hisp,f,30-34,0.005249,synthetic_seed
MA,2023,white,hisp,f,35-39,0.007267,synthetic_seed
MA,2023,white,hisp,f,40-44,0.010013,synthetic_seed
MA,2023,white,hisp,f,45-49,0.014858,synthetic_seed
MA,2023,white,hisp,f,50-54,0.021964,synthetic_seed
MA,2023,white,hisp,f,55-59,0.031815,synthetic_seed
MA,2023,white,hisp,f,60-64,0.047319,synthetic_seed
MA,2023,white,hisp,f,65-69,0.070091,synthetic_seed
MA,2023,white,hisp,f,70-74,0.106913,synthetic_seed
MA,2023,white,hisp,f,75-79,0.166183,synthetic_seed
MA,2023,white,hisp,f,80-84,0.260499,synthetic_seed
MA,2023,white,hisp,f,85+,0.449212,synthetic_seed
MA,2023,black,non-hisp,m,0-4,0.003135,synthetic_seed
MA,2023,black,non-hisp,m,5-9,0.000627,synthetic_seed
MA,2023,black,non-hisp,m,10-14,0.000627,synthetic_seed
MA,2023,black,non-hisp,m,15-19,0.003135,synthetic_seed
MA,2023,black,non-hisp,m,20-24,0.005016,synthetic_seed
MA,2023,black,non-hisp,m,25-29,0.00627,synthetic_seed
MA,2023,black,non-hisp,m,30-34,0.008151,synthetic_seed
MA,2023,black,non-hisp,m,35-39,0.011286,synthetic_seed
MA,2023,black,non-hisp,m,40-44,0.01555,synthetic_seed
MA,2023,black,non-hisp,m,45-49,0.023074,synthetic_seed
MA,2023,black,non-hisp,m,50-54,0.034109,synthetic_seed
MA,2023,black,non-hisp,m,55-59,0.049408,synthetic_seed
MA,2023,black,non-hisp,m,60-64,0.073484,synthetic_seed
MA,2023,black,non-hisp,m,65-69,0.108847,synthetic_seed
MA,2023,black,non-hisp,m,70-74,0.16603,synthetic_seed
MA,2023,black,non-hisp,m,75-79,0.258073,synthetic_seed
MA,2023,black,non-hisp,m,80-84,0.40454,synthetic_seed
MA,2023,black,non-hisp,m,85+,0.6976,synthetic_seed
MA,2023,black,non-hisp,f,0-4,0.002221,synthetic_seed
MA,2023,black,non-hisp,f,5-9,0.000444,synthetic_seed
MA,2023,black,non-hisp,f,10-14,0.000444,synthetic_seed
MA,2023,black,non-hisp,f,15-19,0.002221,synthetic_seed
MA,2023,black,non-hisp,f,20-24,0.003553,synthetic_seed
MA,2023,black,non-hisp,f,25-29,0.004441,synthetic_seed
MA,2023,black,non-hisp,f,30-34,0.005774,synthetic_seed
MA,2023,black,non-hisp,f,35-39,0.007994,synthetic_seed
MA,2023,black,non-hisp,f,40-44,0.011014,synthetic_seed
MA,2023,black,non-hisp,f,45-49,0.016344,synthetic_seed
MA,2023,black,non-hisp,f,50-54,0.02416,synthetic_seed
MA,2023,black,non-hisp,f,55-59,0.034997,synthetic_seed
MA,2023,black,non-hisp,f,60-64,0.052051,synthetic_seed
MA,2023,black,non-hisp,f,65-69,0.0771,synthetic_seed
MA,2023,black,non-hisp,f,70-74,0.117604,synthetic_seed
MA,2023,black,non-hisp,f,75-79,0.182802,synthetic_seed
MA,2023,black,non-hisp,f,80-84,0.286549,synthetic_seed
MA,2023,black,non-hisp,f,85+,0.494133,synthetic_seed
MA,2023,black,hisp,m,0-4,0.003135,synthetic_seed
MA,2023,black,hisp,m,5-9,0.000627,synthetic_seed
MA,2023,black,hisp,m,10-14,0.000627,synthetic_seed
MA,2023,black,hisp,m,15-19,0.003135,synthetic_seed
MA,2023,black,hisp,m,20-24,0.005016,synthetic_seed
MA,2023,black,hisp,m,25-29,0.00627,synthetic_seed
MA,2023,black,hisp,m,30-34,0.008151,synthetic_seed
MA,2023,black,hisp,m,35-39,0.011286,synthetic_seed
MA,2023,black,hisp,m,40-44,0.01555,synthetic_seed
MA,2023,black,hisp,m,45-49,0.023074,synthetic_seed
MA,2023,black,hisp,m,50-54,0.034109,synthetic_seed
MA,2023,black,hisp,m,55-59,0.049408,synthetic_seed
MA,2023,black,hisp,m,60-64,0.073484,synthetic_seed
MA,2023,black,hisp,m,65-69,0.108847,synthetic_seed
MA,2023,black,hisp,m,70-74,0.16603,synthetic_seed
MA,2023,black,hisp,m,75-79,0.258073,synthetic_seed
MA,2023,black,hisp,m,80-84,0.40454,synthetic_seed
MA,2023,black,hisp,m,85+,0.6976,synthetic_seed
MA,2023,black,hisp,f,0-4,0.002221,synthetic_seed
MA,2023,black,hisp,f,5-9,0.000444,synthetic_seed
MA,2023,black,hisp,f,10-14,0.000444,synthetic_seed
MA,2023,black,hisp,f,15-19,0.002221,synthetic_seed
MA,2023,black,hisp,f,20-24,0.003553,synthetic_seed
MA,2023,black,hisp,f,25-29,0.004441,synthetic_seed
MA,2023,black,hisp,f,30-34,0.005774,synthetic_seed
MA,2023,black,hisp,f,35-39,0.007994,synthetic_seed
MA,2023,black,hisp,f,40-44,0.011014,synthetic_seed
MA,2023,black,hisp,f,45-49,0.016344,synthetic_seed
MA,2023,black,hisp,f,50-54,0.02416,synthetic_seed
MA,2023,black,hisp,f,55-59,0.034997,synthetic_seed
MA,2023,black,hisp,f,60-64,0.052051,synthetic_seed
MA,2023,black,hisp,f,65-69,0.0771,synthetic_seed
MA,2023,black,hisp,f,70-74,0.117604,synthetic_seed
MA,2023,black,hisp,f,75-79,0.182802,synthetic_seed
MA,2023,black,hisp,f,80-84,0.286549,synthetic_seed
MA,2023,black,hisp,f,85+,0.494133,synthetic_seed
MA,2023,asian,non-hisp,m,0-4,0.002707,synthetic_seed
MA,2023,asian,non-hisp,m,5-9,0.000541,synthetic_seed
MA,2023,asian,non-hisp,m,10-14,0.000541,synthetic_seed
MA,2023,asian,non-hisp,m,15-19,0.002707,synthetic_seed
MA,2023,asian,non-hisp,m,20-24,0.004332,synthetic_seed
MA,2023,asian,non-hisp,m,25-29,0.005415,synthetic_seed
MA,2023,asian,non-hisp,m,30-34,0.007039,synthetic_seed
MA,2023,asian,non-hisp,m,35-39,0.009747,synthetic_seed
MA,2023,asian,non-hisp,m,40-44,0.013429,synthetic_seed
MA,2023,asian,non-hisp,m,45-49,0.019927,synthetic_seed
MA,2023,asian,non-hisp,m,50-54,0.029458,synthetic_seed
MA,2023,asian,non-hisp,m,55-59,0.04267,synthetic_seed
MA,2023,asian,non-hisp,m,60-64,0.063464,synthetic_seed
MA,2023,asian,non-hisp,m,65-69,0.094004,synthetic_seed
MA,2023,asian,non-hisp,m,70-74,0.143389,synthetic_seed
MA,2023,asian,non-hisp,m,75-79,0.222881,synthetic_seed
MA,2023,asian,non-hisp,m,80-84,0.349376,synthetic_seed
MA,2023,asian,non-hisp,m,85+,0.602473,synthetic_seed
MA,2023,asian,non-hisp,f,0-4,0.001918,synthetic_seed
MA,2023,asian,non-hisp,f,5-9,0.000384,synthetic_seed
MA,2023,asian,non-hisp,f,10-14,0.000384,synthetic_seed
MA,2023,asian,non-hisp,f,15-19,0.001918,synthetic_seed
MA,2023,asian,non-hisp,f,20-24,0.003069,synthetic_seed
MA,2023,asian,non-hisp,f,25-29,0.003836,synthetic_seed
MA,2023,asian,non-hisp,f,30-34,0.004986,synthetic_seed
MA,2023,asian,non-hisp,f,35-39,0.006904,synthetic_seed
MA,2023,asian,non-hisp,f,40-44,0.009512,synthetic_seed
MA,2023,asian,non-hisp,f,45-49,0.014115,synthetic_seed
MA,2023,asian,non-hisp,f,50-54,0.020866,synthetic_seed
MA,2023,asian,non-hisp,f,55-59,0.030225,synthetic_seed
MA,2023,asian,non-hisp,f,60-64,0.044954,synthetic_seed
MA,2023,asian,non-hisp,f,65-69,0.066586,synthetic_seed
MA,2023,asian,non-hisp,f,70-74,0.101567,synthetic_seed
MA,2023,asian,non-hisp,f,75-79,0.157874,synthetic_seed
MA,2023,asian,non-hisp,f,80-84,0.247475,synthetic_seed
MA,2023,asian,non-hisp,f,85+,0.426752,synthetic_seed
MA,2023,asian,hisp,m,0-4,0.002707,synthetic_seed
MA,2023,asian,hisp,m,5-9,0.000541,synthetic_seed
MA,2023,asian,hisp,m,10-14,0.000541,synthetic_seed
MA,2023,asian,hisp,m,15-19,0.002707,synthetic_seed
MA,2023,asian,hisp,m,20-24,0.004332,synthetic_seed
MA,2023,asian,hisp,m,25-29,0.005415,synthetic_seed
MA,2023,asian,hisp,m,30-34,0.007039,synthetic_seed
MA,2023,asian,hisp,m,35-39,0.009747,synthetic_seed
MA,2023,asian,hisp,m,40-44,0.013429,synthetic_seed
MA,2023,asian,hisp,m,45-49,0.019927,synthetic_seed
MA,2023,asian,hisp,m,50-54,0.029458,synthetic_seed
MA,2023,asian,hisp,m,55-59,0.04267,synthetic_seed
MA,2023,asian,hisp,m,60-64,0.063464,synthetic_seed
MA,2023,asian,hisp,m,65-69,0.094004,synthetic_seed
MA,2023,asian,hisp,m,70-74,0.143389,synthetic_seed
MA,2023,asian,hisp,m,75-79,0.222881,synthetic_seed
MA,2023,asian,hisp,m,80-84,0.349376,synthetic_seed
MA,2023,asian,hisp,m,85+,0.602473,synthetic_seed
MA,2023,asian,hisp,f,0-4,0.001918,synthetic_seed
MA,2023,asian,hisp,f,5-9,0.000384,synthetic_seed
MA,2023,asian,hisp,f,10-14,0.000384,synthetic_seed
MA,2023,asian,hisp,f,15-19,0.001918,synthetic_seed
MA,2023,asian,hisp,f,20-24,0.003069,synthetic_seed
MA,2023,asian,hisp,f,25-29,0.003836,synthetic_seed
MA,2023,asian,hisp,f,30-34,0.004986,synthetic_seed
MA,2023,asian,hisp,f,35-39,0.006904,synthetic_seed
MA,2023,asian,hisp,f,40-44,0.009512,synthetic_seed
MA,2023,asian,hisp,f,45-49,0.014115,synthetic_seed
MA,2023,asian,hisp,f,50-54,0.020866,synthetic_seed
MA,2023,asian,hisp,f,55-59,0.030225,synthetic_seed
MA,2023,asian,hisp,f,60-64,0.044954,synthetic_seed
MA,2023,asian,hisp,f,65-69,0.066586,synthetic_seed
MA,2023,asian,hisp,f,70-74,0.101567,synthetic_seed
MA,2023,asian,hisp,f,75-79,0.157874,synthetic_seed
MA,2023,asian,hisp,f,80-84,0.247475,synthetic_seed
MA,2023,asian,hisp,f,85+,0.426752,synthetic_seed
MA,2023,other,non-hisp,m,0-4,0.00285,synthetic_seed
MA,2023,other,non-hisp,m,5-9,0.00057,synthetic_seed
MA,2023,other,non-hisp,m,10-14,0.00057,synthetic_seed
MA,2023,other,non-hisp,m,15-19,0.00285,synthetic_seed
MA,2023,other,non-hisp,m,20-24,0.00456,synthetic_seed
MA,2023,other,non-hisp,m,25-29,0.0057,synthetic_seed
MA,2023,other,non-hisp,m,30-34,0.00741,synthetic_seed
MA,2023,other,non-hisp,m,35-39,0.01026,synthetic_seed
MA,2023,other,non-hisp,m,40-44,0.014136,synthetic_seed
MA,2023,other,non-hisp,m,45-49,0.020976,synthetic_seed
MA,2023,other,non-hisp,m,50-54,0.031008,synthetic_seed
MA,2023,other,non-hisp,m,55-59,0.044916,synthetic_seed
MA,2023,other,non-hisp,m,60-64,0.066804,synthetic_seed
MA,2023,other,non-hisp,m,65-69,0.098952,synthetic_seed
MA,2023,other,non-hisp,m,70-74,0.150936,synthetic_seed
MA,2023,other,non-hisp,m,75-79,0.234612,synthetic_seed
MA,2023,other,non-hisp,m,80-84,0.367764,synthetic_seed
MA,2023,other,non-hisp,m,85+,0.634182,synthetic_seed
MA,2023,other,non-hisp,f,0-4,0.002019,synthetic_seed
MA,2023,other,non-hisp,f,5-9,0.000404,synthetic_seed
MA,2023,other,non-hisp,f,10-14,0.000404,synthetic_seed
MA,2023,other,non-hisp,f,15-19,0.002019,synthetic_seed
MA,2023,other,non-hisp,f,20-24,0.00323,synthetic_seed
MA,2023,other,non-hisp,f,25-29,0.004037,synthetic_seed
MA,2023,other,non-hisp,f,30-34,0.005249,synthetic_seed
MA,2023,other,non-hisp,f,35-39,0.007267,synthetic_seed
MA,2023,other,non-hisp,f,40-44,0.010013,synthetic_seed
MA,2023,other,non-hisp,f,45-49,0.014858,synthetic_seed
MA,2023,other,non-hisp,f,50-54,0.021964,synthetic_seed
MA,2023,other,non-hisp,f,55-59,0.031815,synthetic_seed
MA,2023,other,non-hisp,f,60-64,0.047319,synthetic_seed
MA,2023,other,non-hisp,f,65-69,0.070091,synthetic_seed
MA,2023,other,non-hisp,f,70-74,0.106913,synthetic_seed
MA,2023,other,non-hisp,f,75-79,0.166183,synthetic_seed
MA,2023,other,non-hisp,f,80-84,0.260499,synthetic_seed
MA,2023,other,non-hisp,f,85+,0.449212,synthetic_seed
MA,2023,other,hisp,m,0-4,0.00285,synthetic_seed
MA,2023,other,hisp,m,5-9,0.00057,synthetic_seed
MA,2023,other,hisp,m,10-14,0.00057,synthetic_seed
MA,2023,other,hisp,m,15-19,0.00285,synthetic_seed
MA,2023,other,hisp,m,20-24,0.00456,synthetic_seed
MA,2023,other,hisp,m,25-29,0.0057,synthetic_seed
MA,2023,other,hisp,m,30-34,0.00741,synthetic_seed
MA,2023,other,hisp,m,35-39,0.01026,synthetic_seed
MA,2023,other,hisp,m,40-44,0.014136,synthetic_seed
MA,2023,other,hisp,m,45-49,0.020976,synthetic_seed
MA,2023,other,hisp,m,50-54,0.031008,synthetic_seed
MA,2023,other,hisp,m,55-59,0.044916,synthetic_seed
MA,2023,other,hisp,m,60-64,0.066804,synthetic_seed
MA,2023,other,hisp,m,65-69,0.098952,synthetic_seed
MA,2023,other,hisp,m,70-74,0.150936,synthetic_seed
MA,2023,other,hisp,m,75-79,0.234612,synthetic_seed
MA,2023,other,hisp,m,80-84,0.367764,synthetic_seed
MA,2023,other,hisp,m,85+,0.634182,synthetic_seed
MA,2023,other,hisp,f,0-4,0.002019,synthetic_seed
MA,2023,other,hisp,f,5-9,0.000404,synthetic_seed
MA,2023,other,hisp,f,10-14,0.000404,synthetic_seed
MA,2023,other,hisp,f,15-19,0.002019,synthetic_seed
MA,2023,other,hisp,f,20-24,0.00323,synthetic_seed
MA,2023,other,hisp,f,25-29,0.004037,synthetic_seed
MA,2023,other,hisp,f,30-34,0.005249,synthetic_seed
MA,2023,other,hisp,f,35-39,0.007267,synthetic_seed
MA,2023,other,hisp,f,40-44,0.010013,synthetic_seed
MA,2023,other,hisp,f,45-49,0.014858,synthetic_seed
MA,2023,other,hisp,f,50-54,0.021964,synthetic_seed
MA,2023,other,hisp,f,55-59,0.031815,synthetic_seed
MA,2023,other,hisp,f,60-64,0.047319,synthetic_seed
MA,2023,other,hisp,f,65-69,0.070091,synthetic_seed
MA,2023,other,hisp,f,70-74,0.106913,synthetic_seed
MA,2023,other,hisp,f,75-79,0.166183,synthetic_seed
MA,2023,other,hisp,f,80-84,0.260499,synthetic_seed
MA,2023,other,hisp,f,85+,0.449212,synthetic_seed
MI,2023,white,non-hisp,m,0-4,0.00306,synthetic_seed
MI,2023,white,non-hisp,m,5-9,0.000612,synthetic_seed
MI,2023,white,non-hisp,m,10-14,0.000612,synthetic_seed
MI,2023,white,non-hisp,m,15-19,0.00306,synthetic_seed
MI,2023,white,non-hisp,m,20-24,0.004896,synthetic_seed
MI,2023,white,non-hisp,m,25-29,0.00612,synthetic_seed
MI,2023,white,non-hisp,m,30-34,0.007956,synthetic_seed
MI,2023,white,non-hisp,m,35-39,0.011016,synthetic_seed
MI,2023,white,non-hisp,m,40-44,0.015178,synthetic_seed
MI,2023,white,non-hisp,m,45-49,0.022522,synthetic_seed
MI,2023,white,non-hisp,m,50-54,0.033293,synthetic_seed
MI,2023,white,non-hisp,m,55-59,0.048226,synthetic_seed
MI,2023,white,non-hisp,m,60-64,0.071726,synthetic_seed
MI,2023,white,non-hisp,m,65-69,0.106243,synthetic_seed
MI,2023,white,non-hisp,m,70-74,0.162058,synthetic_seed
MI,2023,white,non-hisp,m,75-79,0.251899,synthetic_seed
MI,2023,white,non-hisp,m,80-84,0.394862,synthetic_seed
MI,2023,white,non-hisp,m,85+,0.680911,synthetic_seed
MI,2023,white,non-hisp,f,0-4,0.002168,synthetic_seed
MI,2023,white,non-hisp,f,5-9,0.000434,synthetic_seed
MI,2023,white,non-hisp,f,10-14,0.000434,synthetic_seed
MI,2023,white,non-hisp,f,15-19,0.002168,synthetic_seed
MI,2023,white,non-hisp,f,20-24,0.003468,synthetic_seed
MI,2023,white,non-hisp,f,25-29,0.004335,synthetic_seed
MI,2023,white,non-hisp,f,30-34,0.005635,synthetic_seed
MI,2023,white,non-hisp,f,35-39,0.007803,synthetic_seed
MI,2023,white,non-hisp,f,40-44,0.010751,synthetic_seed
MI,2023,white,non-hisp,f,45-49,0.015953,synthetic_seed
MI,2023,white,non-hisp,f,50-54,0.023582,synthetic_seed
MI,2023,white,non-hisp,f,55-59,0.03416,synthetic_seed
MI,2023,white,non-hisp,f,60-64,0.050806,synthetic_seed
MI,2023,white,non-hisp,f,65-69,0.075256,synthetic_seed
MI,2023,white,non-hisp,f,70-74,0.114791,synthetic_seed
MI,2023,white,non-hisp,f,75-79,0.178429,synthetic_seed
MI,2023,white,non-hisp,f,80-84,0.279694,synthetic_seed
MI,2023,white,non-hisp,f,85+,0.482312,synthetic_seed
MI,2023,white,hisp,m,0-4,0.00306,synthetic_seed
MI,2023,white,hisp,m,5-9,0.000612,synthetic_seed
MI,2023,white,hisp,m,10-14,0.000612,synthetic_seed
MI,2023,white,hisp,m,15-19,0.00306,synthetic_seed
MI,2023,white,hisp,m,20-24,0.004896,synthetic_seed
MI,2023,white,hisp,m,25-29,0.00612,synthetic_seed
MI,2023,white,hisp,m,30-34,0.007956,synthetic_seed
MI,2023,white,hisp,m,35-39,0.011016,synthetic_seed
MI,2023,white,hisp,m,40-44,0.015178,synthetic_seed
MI,2023,white,hisp,m,45-49,0.022522,synthetic_seed
MI,2023,white,hisp,m,50-54,0.033293,synthetic_seed
MI,2023,white,hisp,m,55-59,0.048226,synthetic_seed
MI,2023,white,hisp,m,60-64,0.071726,synthetic_seed
MI,2023,white,hisp,m,65-69,0.106243,synthetic_seed
MI,2023,white,hisp,m,70-74,0.162058,synthetic_seed
MI,2023,white,hisp,m,75-79,0.251899,synthetic_seed
MI,2023,white,hisp,m,80-84,0.394862,synthetic_seed
MI,2023,white,hisp,m,85+,0.680911,synthetic_seed
MI,2023,white,hisp,f,0-4,0.002168,synthetic_seed
MI,2023,white,hisp,f,5-9,0.000434,synthetic_seed
MI,2023,white,hisp,f,10-14,0.000434,synthetic_seed
MI,2023,white,hisp,f,15-19,0.002168,synthetic_seed
MI,2023,white,hisp,f,20-24,0.003468,synthetic_seed
MI,2023,white,hisp,f,25-29,0.004335,synthetic_seed
MI,2023,white,hisp,f,30-34,0.005635,synthetic_seed
MI,2023,white,hisp,f,35-39,0.007803,synthetic_seed
MI,2023,white,hisp,f,40-44,0.010751,synthetic_seed
MI,2023,white,hisp,f,45-49,0.015953,synthetic_seed
MI,2023,white,hisp,f,50-54,0.023582,synthetic_seed
MI,2023,white,hisp,f,55-59,0.03416,synthetic_seed
MI,2023,white,hisp,f,60-64,0.050806,synthetic_seed
MI,2023,white,hisp,f,65-69,0.075256,synthetic_seed
MI,2023,white,hisp,f,70-74,0.114791,synthetic_seed
MI,2023,white,hisp,f,75-79,0.178429,synthetic_seed
MI,2023,white,hisp,f,80-84,0.279694,synthetic_seed
MI,2023,white,hisp,f,85+,0.482312,synthetic_seed
MI,2023,black,non-hisp,m,0-4,0.003366,synthetic_seed
MI,2023,black,non-hisp,m,5-9,0.000673,synthetic_seed
MI,2023,black,non-hisp,m,10-14,0.000673,synthetic_seed
MI,2023,black,non-hisp,m,15-19,0.003366,synthetic_seed
MI,2023,black,non-hisp,m,20-24,0.005386,synthetic_seed
MI,2023,black,non-hisp,m,25-29,0.006732,synthetic_seed
MI,2023,black,non-hisp,m,30-34,0.008752,synthetic_seed
MI,2023,black,non-hisp,m,35-39,0.012118,synthetic_seed
MI,2023,black,non-hisp,m,40-44,0.016695,synthetic_seed
MI,2023,black,non-hisp,m,45-49,0.024774,synthetic_seed
MI,2023,black,non-hisp,m,50-54,0.036622,synthetic_seed
MI,2023,black,non-hisp,m,55-59,0.053048,synthetic_seed
MI,2023,black,non-hisp,m,60-64,0.078899,synthetic_seed
MI,2023,black,non-hisp,m,65-69,0.116868,synthetic_seed
MI,2023,black,non-hisp,m,70-74,0.178263,synthetic_seed
MI,2023,black,non-hisp,m,75-79,0.277089,synthetic_seed
MI,2023,black,non-hisp,m,80-84,0.434349,synthetic_seed
MI,2023,black,non-hisp,m,85+,0.749002,synthetic_seed
MI,2023,black,non-hisp,f,0-4,0.002384,synthetic_seed
MI,2023,black,non-hisp,f,5-9,0.000477,synthetic_seed
MI,2023,black,non-hisp,f,10-14,0.000477,synthetic_seed
MI,2023,black,non-hisp,f,15-19,0.002384,synthetic_seed
MI,2023,black,non-hisp,f,20-24,0.003815,synthetic_seed
MI,2023,black,non-hisp,f,25-29,0.004769,synthetic_seed
MI,2023,black,non-hisp,f,30-34,0.006199,synthetic_seed
MI,2023,black,non-hisp,f,35-39,0.008583,synthetic_seed
MI,2023,black,non-hisp,f,40-44,0.011826,synthetic_seed
MI,2023,black,non-hisp,f,45-49,0.017548,synthetic_seed
MI,2023,black,non-hisp,f,50-54,0.025941,synthetic_seed
MI,2023,black,non-hisp,f,55-59,0.037576,synthetic_seed
MI,2023,black,non-hisp,f,60-64,0.055887,synthetic_seed
MI,2023,black,non-hisp,f,65-69,0.082781,synthetic_seed
MI,2023,black,non-hisp,f,70-74,0.12627,synthetic_seed
MI,2023,black,non-hisp,f,75-79,0.196271,synthetic_seed
MI,2023,black,non-hisp,f,80-84,0.307664,synthetic_seed
MI,2023,black,non-hisp,f,85+,0.530543,synthetic_seed
MI,2023,black,hisp,m,0-4,0.003366,synthetic_seed
MI,2023,black,hisp,m,5-9,0.000673,synthetic_seed
MI,2023,black,hisp,m,10-14,0.000673,synthetic_seed
MI,2023,black,hisp,m,15-19,0.003366,synthetic_seed
MI,2023,black,hisp,m,20-24,0.005386,synthetic_seed
MI,2023,black,hisp,m,25-29,0.006732,synthetic_seed
MI,2023,black,hisp,m,30-34,0.008752,synthetic_seed
MI,2023,black,hisp,m,35-39,0.012118,synthetic_seed
MI,2023,black,hisp,m,40-44,0.016695,synthetic_seed
MI,2023,black,hisp,m,45-49,0.024774,synthetic_seed
MI,2023,black,hisp,m,50-54,0.036622,synthetic_seed
MI,2023,black,hisp,m,55-59,0.053048,synthetic_seed
MI,2023,black,hisp,m,60-64,0.078899,synthetic_seed
MI,2023,black,hisp,m,65-69,0.116868,synthetic_seed
MI,2023,black,hisp,m,70-74,0.178263,synthetic_seed
MI,2023,black,hisp,m,75-79,0.277089,synthetic_seed
MI,2023,black,hisp,m,80-84,0.434349,synthetic_seed
MI,2023,black,hisp,m,85+,0.749002,synthetic_seed
MI,2023,black,hisp,f,0-4,0.002384,synthetic_seed
MI,2023,black,hisp,f,5-9,0.000477,synthetic_seed
MI,2023,black,hisp,f,10-14,0.000477,synthetic_seed
MI,2023,black,hisp,f,15-19,0.002384,synthetic_seed
MI,2023,black,hisp,f,20-24,0.003815,synthetic_seed
MI,2023,black,hisp,f,25-29,0.004769,synthetic_seed
MI,2023,black,hisp,f,30-34,0.006199,synthetic_seed
MI,2023,black,hisp,f,35-39,0.008583,synthetic_seed
MI,2023,black,hisp,f,40-44,0.011826,synthetic_seed
MI,2023,black,hisp,f,45-49,0.017548,synthetic_seed
MI,2023,black,hisp,f,50-54,0.025941,synthetic_seed
MI,2023,black,hisp,f,55-59,0.037576,synthetic_seed
MI,2023,black,hisp,f,60-64,0.055887,synthetic_seed
MI,2023,black,hisp,f,65-69,0.082781,synthetic_seed
MI,2023,black,hisp,f,70-74,0.12627,synthetic_seed
MI,2023,black,hisp,f,75-79,0.196271,synthetic_seed
MI,2023,black,hisp,f,80-84,0.307664,synthetic_seed
MI,2023,black,hisp,f,85+,0.530543,synthetic_seed
MI,2023,asian,non-hisp,m,0-4,0.002907,synthetic_seed
MI,2023,asian,non-hisp,m,5-9,0.000581,synthetic_seed
MI,2023,asian,non-hisp,m,10-14,0.000581,synthetic_seed
MI,2023,asian,non-hisp,m,15-19,0.002907,synthetic_seed
MI,2023,asian,non-hisp,m,20-24,0.004651,synthetic_seed
MI,2023,asian,non-hisp,m,25-29,0.005814,synthetic_seed
MI,2023,asian,non-hisp,m,30-34,0.007558,synthetic_seed
MI,2023,asian,non-hisp,m,35-39,0.010465,synthetic_seed
MI,2023,asian,non-hisp,m,40-44,0.014419,synthetic_seed
MI,2023,asian,non-hisp,m,45-49,0.021396,synthetic_seed
MI,2023,asian,non-hisp,m,50-54,0.031628,synthetic_seed
MI,2023,asian,non-hisp,m,55-59,0.045814,synthetic_seed
MI,2023,asian,non-hisp,m,60-64,0.06814,synthetic_seed
MI,2023,asian,non-hisp,m,65-69,0.100931,synthetic_seed
MI,2023,asian,non-hisp,m,70-74,0.153955,synthetic_seed
MI,2023,asian,non-hisp,m,75-79,0.239304,synthetic_seed
MI,2023,asian,non-hisp,m,80-84,0.375119,synthetic_seed
MI,2023,asian,non-hisp,m,85+,0.646866,synthetic_seed
MI,2023,asian,non-hisp,f,0-4,0.002059,synthetic_seed
MI,2023,asian,non-hisp,f,5-9,0.000412,synthetic_seed
MI,2023,asian,non-hisp,f,10-14,0.000412,synthetic_seed
MI,2023,asian,non-hisp,f,15-19,0.002059,synthetic_seed
MI,2023,asian,non-hisp,f,20-24,0.003295,synthetic_seed
MI,2023,asian,non-hisp,f,25-29,0.004118,synthetic_seed
MI,2023,asian,non-hisp,f,30-34,0.005354,synthetic_seed
MI,2023,asian,non-hisp,f,35-39,0.007413,synthetic_seed
MI,2023,asian,non-hisp,f,40-44,0.010213,synthetic_seed
MI,2023,asian,non-hisp,f,45-49,0.015155,synthetic_seed
MI,2023,asian,non-hisp,f,50-54,0.022403,synthetic_seed
MI,2023,asian,non-hisp,f,55-59,0.032452,synthetic_seed
MI,2023,asian,non-hisp,f,60-64,0.048266,synthetic_seed
MI,2023,asian,non-hisp,f,65-69,0.071493,synthetic_seed
MI,2023,asian,non-hisp,f,70-74,0.109051,synthetic_seed
MI,2023,asian,non-hisp,f,75-79,0.169507,synthetic_seed
MI,2023,asian,non-hisp,f,80-84,0.265709,synthetic_seed
MI,2023,asian,non-hisp,f,85+,0.458196,synthetic_seed
MI,2023,asian,hisp,m,0-4,0.002907,synthetic_seed
MI,2023,asian,hisp,m,5-9,0.000581,synthetic_seed
MI,2023,asian,hisp,m,10-14,0.000581,synthetic_seed
MI,2023,asian,hisp,m,15-19,0.002907,synthetic_seed
MI,2023,asian,hisp,m,20-24,0.004651,synthetic_seed
MI,2023,asian,hisp,m,25-29,0.005814,synthetic_seed
MI,2023,asian,hisp,m,30-34,0.007558,synthetic_seed
MI,2023,asian,hisp,m,35-39,0.010465,synthetic_seed
MI,2023,asian,hisp,m,40-44,0.014419,synthetic_seed
MI,2023,asian,hisp,m,45-49,0.021396,synthetic_seed
MI,2023,asian,hisp,m,50-54,0.031628,synthetic_seed
MI,2023,asian,hisp,m,55-59,0.045814,synthetic_seed
MI,2023,asian,hisp,m,60-64,0.06814,synthetic_seed
MI,2023,asian,hisp,m,65-69,0.100931,synthetic_seed
MI,2023,asian,hisp,m,70-74,0.153955,synthetic_seed
MI,2023,asian,hisp,m,75-79,0.239304,synthetic_seed
MI,2023,asian,hisp,m,80-84,0.375119,synthetic_seed
MI,2023,asian,hisp,m,85+,0.646866,synthetic_seed
MI,2023,asian,hisp,f,0-4,0.002059,synthetic_seed
MI,2023,asian,hisp,f,5-9,0.000412,synthetic_seed
MI,2023,asian,hisp,f,10-14,0.000412,synthetic_seed
MI,2023,asian,hisp,f,15-19,0.002059,synthetic_seed
MI,2023,asian,hisp,f,20-24,0.003295,synthetic_seed
MI,2023,asian,hisp,f,25-29,0.004118,synthetic_seed
MI,2023,asian,hisp,f,30-34,0.005354,synthetic_seed
MI,2023,asian,hisp,f,35-39,0.007413,synthetic_seed
MI,2023,asian,hisp,f,40-44,0.010213,synthetic_seed
MI,2023,asian,hisp,f,45-49,0.015155,synthetic_seed
MI,2023,asian,hisp,f,50-54,0.022403,synthetic_seed
MI,2023,asian,hisp,f,55-59,0.032452,synthetic_seed
MI,2023,asian,hisp,f,60-64,0.048266,synthetic_seed
MI,2023,asian,hisp,f,65-69,0.071493,synthetic_seed
MI,2023,asian,hisp,f,70-74,0.109051,synthetic_seed
MI,2023,asian,hisp,f,75-79,0.169507,synthetic_seed
MI,2023,asian,hisp,f,80-84,0.265709,synthetic_seed
MI,2023,asian,hisp,f,85+,0.458196,synthetic_seed
MI,2023,other,non-hisp,m,0-4,0.00306,synthetic_seed
MI,2023,other,non-hisp,m,5-9,0.000612,synthetic_seed
MI,2023,other,non-hisp,m,10-14,0.000612,synthetic_seed
MI,2023,other,non-hisp,m,15-19,0.00306,synthetic_seed
MI,2023,other,non-hisp,m,20-24,0.004896,synthetic_seed
MI,2023,other,non-hisp,m,25-29,0.00612,synthetic_seed
MI,2023,other,non-hisp,m,30-34,0.007956,synthetic_seed
MI,2023,other,non-hisp,m,35-39,0.011016,synthetic_seed
MI,2023,other,non-hisp,m,40-44,0.015178,synthetic_seed
MI,2023,other,non-hisp,m,45-49,0.022522,synthetic_seed
MI,2023,other,non-hisp,m,50-54,0.033293,synthetic_seed
MI,2023,other,non-hisp,m,55-59,0.048226,synthetic_seed
MI,2023,other,non-hisp,m,60-64,0.071726,synthetic_seed
MI,2023,other,non-hisp,m,65-69,0.106243,synthetic_seed
MI,2023,other,non-hisp,m,70-74,0.162058,synthetic_seed
MI,2023,other,non-hisp,m,75-79,0.251899,synthetic_seed
MI,2023,other,non-hisp,m,80-84,0.394862,synthetic_seed
MI,2023,other,non-hisp,m,85+,0.680911,synthetic_seed
MI,2023,other,non-hisp,f,0-4,0.002168,synthetic_seed
MI,2023,other,non-hisp,f,5-9,0.000434,synthetic_seed
MI,2023,other,non-hisp,f,10-14,0.000434,synthetic_seed
MI,2023,other,non-hisp,f,15-19,0.002168,synthetic_seed
MI,2023,other,non-hisp,f,20-24,0.003468,synthetic_seed
MI,2023,other,non-hisp,f,25-29,0.004335,synthetic_seed
MI,2023,other,non-hisp,f,30-34,0.005635,synthetic_seed
MI,2023,other,non-hisp,f,35-39,0.007803,synthetic_seed
MI,2023,other,non-hisp,f,40-44,0.010751,synthetic_seed
MI,2023,other,non-hisp,f,45-49,0.015953,synthetic_seed
MI,2023,other,non-hisp,f,50-54,0.023582,synthetic_seed
MI,2023,other,non-hisp,f,55-59,0.03416,synthetic_seed
MI,2023,other,non-hisp,f,60-64,0.050806,synthetic_seed
MI,2023,other,non-hisp,f,65-69,0.075256,synthetic_seed
MI,2023,other,non-hisp,f,70-74,0.114791,synthetic_seed
MI,2023,other,non-hisp,f,75-79,0.178429,synthetic_seed
MI,2023,other,non-hisp,f,80-84,0.279694,synthetic_seed
MI,2023,other,non-hisp,f,85+,0.482312,synthetic_seed
MI,2023,other,hisp,m,0-4,0.00306,synthetic_seed
MI,2023,other,hisp,m,5-9,0.000612,synthetic_seed
MI,2023,other,hisp,m,10-14,0.000612,synthetic_seed
MI,2023,other,hisp,m,15-19,0.00306,synthetic_seed
MI,2023,other,hisp,m,20-24,0.004896,synthetic_seed
MI,2023,other,hisp,m,25-29,0.00612,synthetic_seed
MI,2023,other,hisp,m,30-34,0.007956,synthetic_seed
MI,2023,other,hisp,m,35-39,0.011016,synthetic_seed
MI,2023,other,hisp,m,40-44,0.015178,synthetic_seed
MI,2023,other,hisp,m,45-49,0.022522,synthetic_seed
MI,2023,other,hisp,m,50-54,0.033293,synthetic_seed
MI,2023,other,hisp,m,55-59,0.048226,synthetic_seed
MI,2023,other,hisp,m,60-64,0.071726,synthetic_seed
MI,2023,other,hisp,m,65-69,0.106243,synthetic_seed
MI,2023,other,hisp,m,70-74,0.162058,synthetic_seed
MI,2023,other,hisp,m,75-79,0.251899,synthetic_seed
MI,2023,other,hisp,m,80-84,0.394862,synthetic_seed
MI,2023,other,hisp,m,85+,0.680911,synthetic_seed
MI,2023,other,hisp,f,0-4,0.002168,synthetic_seed
MI,2023,other,hisp,f,5-9,0.000434,synthetic_seed
MI,2023,other,hisp,f,10-14,0.000434,synthetic_seed
MI,2023,other,hisp,f,15-19,0.002168,synthetic_seed
MI,2023,other,hisp,f,20-24,0.003468,synthetic_seed
MI,2023,other,hisp,f,25-29,0.004335,synthetic_seed
MI,2023,other,hisp,f,30-34,0.005635,synthetic_seed
MI,2023,other,hisp,f,35-39,0.007803,synthetic_seed
MI,2023,other,hisp,f,40-44,0.010751,synthetic_seed
MI,2023,other,hisp,f,45-49,0.015953,synthetic_seed
MI,2023,other,hisp,f,50-54,0.023582,synthetic_seed
MI,2023,other,hisp,f,55-59,0.03416,synthetic_seed
MI,2023,other,hisp,f,60-64,0.050806,synthetic_seed
MI,2023,other,hisp,f,65-69,0.075256,synthetic_seed
MI,2023,other,hisp,f,70-74,0.114791,synthetic_seed
MI,2023,other,hisp,f,75-79,0.178429,synthetic_seed
MI,2023,other,hisp,f,80-84,0.279694,synthetic_seed
MI,2023,other,hisp,f,85+,0.482312,synthetic_seed
MN,2023,white,non-hisp,m,0-4,0.00306,synthetic_seed
MN,2023,white,non-hisp,m,5-9,0.000612,synthetic_seed
MN,2023,white,non-hisp,m,10-14,0.000612,synthetic_seed
MN,2023,white,non-hisp,m,15-19,0.00306,synthetic_seed
MN,2023,white,non-hisp,m,20-24,0.004896,synthetic_seed
MN,2023,white,non-hisp,m,25-29,0.00612,synthetic_seed
MN,2023,white,non-hisp,m,30-34,0.007956,synthetic_seed
MN,2023,white,non-hisp,m,35-39,0.011016,synthetic_seed
MN,2023,white,non-hisp,m,40-44,0.015178,synthetic_seed
MN,2023,white,non-hisp,m,45-49,0.022522,synthetic_seed
MN,2023,white,non-hisp,m,50-54,0.033293,synthetic_seed
MN,2023,white,non-hisp,m,55-59,0.048226,synthetic_seed
MN,2023,white,non-hisp,m,60-64,0.071726,synthetic_seed
MN,2023,white,non-hisp,m,65-69,0.106243,synthetic_seed
MN,2023,white,non-hisp,m,70-74,0.162058,synthetic_seed
MN,2023,white,non-hisp,m,75-79,0.251899,synthetic_seed
MN,2023,white,non-hisp,m,80-84,0.394862,synthetic_seed
MN,2023,white,non-hisp,m,85+,0.680911,synthetic_seed
MN,2023,white,non-hisp,f,0-4,0.002168,synthetic_seed
MN,2023,white,non-hisp,f,5-9,0.000434,synthetic_seed
MN,2023,white,non-hisp,f,10-14,0.000434,synthetic_seed
MN,2023,white,non-hisp,f,15-19,0.002168,synthetic_seed
MN,2023,white,non-hisp,f,20-24,0.003468,synthetic_seed
MN,2023,white,non-hisp,f,25-29,0.004335,synthetic_seed
MN,2023,white,non-hisp,f,30-34,0.005635,synthetic_seed
MN,2023,white,non-hisp,f,35-39,0.007803,synthetic_seed
MN,2023,white,non-hisp,f,40-44,0.010751,synthetic_seed
MN,2023,white,non-hisp,f,45-49,0.015953,synthetic_seed
MN,2023,white,non-hisp,f,50-54,0.023582,synthetic_seed
MN,2023,white,non-hisp,f,55-59,0.03416,synthetic_seed
MN,2023,white,non-hisp,f,60-64,0.050806,synthetic_seed
MN,2023,white,non-hisp,f,65-69,0.075256,synthetic_seed
MN,2023,white,non-hisp,f,70-74,0.114791,synthetic_seed
MN,2023,white,non-hisp,f,75-79,0.178429,synthetic_seed
MN,2023,white,non-hisp,f,80-84,0.279694,synthetic_seed
MN,2023,white,non-hisp,f,85+,0.482312,synthetic_seed
MN,2023,white,hisp,m,0-4,0.00306,synthetic_seed
MN,2023,white,hisp,m,5-9,0.000612,synthetic_seed
MN,2023,white,hisp,m,10-14,0.000612,synthetic_seed
MN,2023,white,hisp,m,15-19,0.00306,synthetic_seed
MN,2023,white,hisp,m,20-24,0.004896,synthetic_seed
MN,2023,white,hisp,m,25-29,0.00612,synthetic_seed
MN,2023,white,hisp,m,30-34,0.007956,synthetic_seed
MN,2023,white,hisp,m,35-39,0.011016,synthetic_seed
MN,2023,white,hisp,m,40-44,0.015178,synthetic_seed
MN,2023,white,hisp,m,45-49,0.022522,synthetic_seed
MN,2023,white,hisp,m,50-54,0.033293,synthetic_seed
MN,2023,white,hisp,m,55-59,0.048226,synthetic_seed
MN,2023,white,hisp,m,60-64,0.071726,synthetic_seed
MN,2023,white,hisp,m,65-69,0.106243,synthetic_seed
MN,2023,white,hisp,m,70-74,0.162058,synthetic_seed
MN,2023,white,hisp,m,75-79,0.251899,synthetic_seed
MN,2023,white,hisp,m,80-84,0.394862,synthetic_seed
MN,2023,white,hisp,m,85+,0.680911,synthetic_seed
MN,2023,white,hisp,f,0-4,0.002168,synthetic_seed
MN,2023,white,hisp,f,5-9,0.000434,synthetic_seed
MN,2023,white,hisp,f,10-14,0.000434,synthetic_seed
MN,2023,white,hisp,f,15-19,0.002168,synthetic_seed
MN,2023,white,hisp,f,20-24,0.003468,synthetic_seed
MN,2023,white,hisp,f,25-29,0.004335,synthetic_seed
MN,2023,white,hisp,f,30-34,0.005635,synthetic_seed
MN,2023,white,hisp,f,35-39,0.007803,synthetic_seed
MN,2023,white,hisp,f,40-44,0.010751,synthetic_seed
MN,2023,white,hisp,f,45-49,0.015953,synthetic_seed
MN,2023,white,hisp,f,50-54,0.023582,synthetic_seed
MN,2023,white,hisp,f,55-59,0.03416,synthetic_seed
MN,2023,white,hisp,f,60-64,0.050806,synthetic_seed
MN,2023,white,hisp,f,65-69,0.075256,synthetic_seed
MN,2023,white,hisp,f,70-74,0.114791,synthetic_seed
MN,2023,white,hisp,f,75-79,0.178429,synthetic_seed
MN,2023,white,hisp,f,80-84,0.279694,synthetic_seed
MN,2023,white,hisp,f,85+,0.482312,synthetic_seed
MN,2023,black,non-hisp,m,0-4,0.003366,synthetic_seed
MN,2023,black,non-hisp,m,5-9,0.000673,synthetic_seed
MN,2023,black,non-hisp,m,10-14,0.000673,synthetic_seed
MN,2023,black,non-hisp,m,15-19,0.003366,synthetic_seed
MN,2023,black,non-hisp,m,20-24,0.005386,synthetic_seed
MN,2023,black,non-hisp,m,25-29,0.006732,synthetic_seed
MN,2023,black,non-hisp,m,30-34,0.008752,synthetic_seed
MN,2023,black,non-hisp,m,35-39,0.012118,synthetic_seed
MN,2023,black,non-hisp,m,40-44,0.016695,synthetic_seed
MN,2023,black,non-hisp,m,45-49,0.024774,synthetic_seed
MN,2023,black,non-hisp,m,50-54,0.036622,synthetic_seed
MN,2023,black,non-hisp,m,55-59,0.053048,synthetic_seed
MN,2023,black,non-hisp,m,60-64,0.078899,synthetic_seed
MN,2023,black,non-hisp,m,65-69,0.116868,synthetic_seed
MN,2023,black,non-hisp,m,70-74,0.178263,synthetic_seed
MN,2023,black,non-hisp,m,75-79,0.277089,synthetic_seed
MN,2023,black,non-hisp,m,80-84,0.434349,synthetic_seed
MN,2023,black,non-hisp,m,85+,0.749002,synthetic_seed
MN,2023,black,non-hisp,f,0-4,0.002384,synthetic_seed
MN,2023,black,non-hisp,f,5-9,0.000477,synthetic_seed
MN,2023,black,non-hisp,f,10-14,0.000477,synthetic_seed
MN,2023,black,non-hisp,f,15-19,0.002384,synthetic_seed
MN,2023,black,non-hisp,f,20-24,0.003815,synthetic_seed
MN,2023,black,non-hisp,f,25-29,0.004769,synthetic_seed
MN,2023,black,non-hisp,f,30-34,0.006199,synthetic_seed
MN,2023,black,non-hisp,f,35-39,0.008583,synthetic_seed
MN,2023,black,non-hisp,f,40-44,0.011826,synthetic_seed
MN,2023,black,non-hisp,f,45-49,0.017548,synthetic_seed
MN,2023,black,non-hisp,f,50-54,0.025941,synthetic_seed
MN,2023,black,non-hisp,f,55-59,0.037576,synthetic_seed
MN,2023,black,non-hisp,f,60-64,0.055887,synthetic_seed
MN,2023,black,non-hisp,f,65-69,0.082781,synthetic_seed
MN,2023,black,non-hisp,f,70-74,0.12627,synthetic_seed
MN,2023,black,non-hisp,f,75-79,0.196271,synthetic_seed
MN,2023,black,non-hisp,f,80-84,0.307664,synthetic_seed
MN,2023,black,non-hisp,f,85+,0.530543,synthetic_seed
MN,2023,black,hisp,m,0-4,0.003366,synthetic_seed
MN,2023,black,hisp,m,5-9,0.000673,synthetic_seed
MN,2023,black,hisp,m,10-14,0.000673,synthetic_seed
MN,2023,black,hisp,m,15-19,0.003366,synthetic_seed
MN,2023,black,hisp,m,20-24,0.005386,synthetic_seed
MN,2023,black,hisp,m,25-29,0.006732,synthetic_seed
MN,2023,black,hisp,m,30-34,0.008752,synthetic_seed
MN,2023,black,hisp,m,35-39,0.012118,synthetic_seed
MN,2023,black,hisp,m,40-44,0.016695,synthetic_seed
MN,2023,black,hisp,m,45-49,0.024774,synthetic_seed
MN,2023,black,hisp,m,50-54,0.036622,synthetic_seed
MN,2023,black,hisp,m,55-59,0.053048,synthetic_seed
MN,2023,black,hisp,m,60-64,0.078899,synthetic_seed
MN,2023,black,hisp,m,65-69,0.116868,synthetic_seed
MN,2023,black,hisp,m,70-74,0.178263,synthetic_seed
MN,2023,black,hisp,m,75-79,0.277089,synthetic_seed
MN,2023,black,hisp,m,80-84,0.434349,synthetic_seed
MN,2023,black,hisp,m,85+,0.749002,synthetic_seed
MN,2023,black,hisp,f,0-4,0.002384,synthetic_seed
MN,2023,black,hisp,f,5-9,0.000477,synthetic_seed
MN,2023,black,hisp,f,10-14,0.000477,synthetic_seed
MN,2023,black,hisp,f,15-19,0.002384,synthetic_seed
MN,2023,black,hisp,f,20-24,0.003815,synthetic_seed
MN,2023,black,hisp,f,25-29,0.004769,synthetic_seed
MN,2023,black,hisp,f,30-34,0.006199,synthetic_seed
MN,2023,black,hisp,f,35-39,0.008583,synthetic_seed
MN,2023,black,hisp,f,40-44,0.011826,synthetic_seed
MN,2023,black,hisp,f,45-49,0.017548,synthetic_seed
MN,2023,black,hisp,f,50-54,0.025941,synthetic_seed
MN,2023,black,hisp,f,55-59,0.037576,synthetic_seed
MN,2023,black,hisp,f,60-64,0.055887,synthetic_seed
MN,2023,black,hisp,f,65-69,0.082781,synthetic_seed
MN,2023,black,hisp,f,70-74,0.12627,synthetic_seed
MN,2023,black,hisp,f,75-79,0.196271,synthetic_seed
MN,2023,black,hisp,f,80-84,0.307664,synthetic_seed
MN,2023,black,hisp,f,85+,0.530543,synthetic_seed
MN,2023,asian,non-hisp,m,0-4,0.002907,synthetic_seed
MN,2023,asian,non-hisp,m,5-9,0.000581,synthetic_seed
MN,2023,asian,non-hisp,m,10-14,0.000581,synthetic_seed
MN,2023,asian,non-hisp,m,15-19,0.002907,synthetic_seed
MN,2023,asian,non-hisp,m,20-24,0.004651,synthetic_seed
MN,2023,asian,non-hisp,m,25-29,0.005814,synthetic_seed
MN,2023,asian,non-hisp,m,30-34,0.007558,synthetic_seed
MN,2023,asian,non-hisp,m,35-39,0.010465,synthetic_seed
MN,2023,asian,non-hisp,m,40-44,0.014419,synthetic_seed
MN,2023,asian,non-hisp,m,45-49,0.021396,synthetic_seed
MN,2023,asian,non-hisp,m,50-54,0.031628,synthetic_seed
MN,2023,asian,non-hisp,m,55-59,0.045814,synthetic_seed
MN,2023,asian,non-hisp,m,60-64,0.06814,synthetic_seed
MN,2023,asian,non-hisp,m,65-69,0.100931,synthetic_seed
MN,2023,asian,non-hisp,m,70-74,0.153955,synthetic_seed
MN,2023,asian,non-hisp,m,75-79,0.239304,synthetic_seed
MN,2023,asian,non-hisp,m,80-84,0.375119,synthetic_seed
MN,2023,asian,non-hisp,m,85+,0.646866,synthetic_seed
MN,2023,asian,non-hisp,f,0-4,0.002059,synthetic_seed
MN,2023,asian,non-hisp,f,5-9,0.000412,synthetic_seed
MN,2023,asian,non-hisp,f,10-14,0.000412,synthetic_seed
MN,2023,asian,non-hisp,f,15-19,0.002059,synthetic_seed
MN,2023,asian,non-hisp,f,20-24,0.003295,synthetic_seed
MN,2023,asian,non-hisp,f,25-29,0.004118,synthetic_seed
MN,2023,asian,non-hisp,f,30-34,0.005354,synthetic_seed
MN,2023,asian,non-hisp,f,35-39,0.007413,synthetic_seed
MN,2023,asian,non-hisp,f,40-44,0.010213,synthetic_seed
MN,2023,asian,non-hisp,f,45-49,0.015155,synthetic_seed
MN,2023,asian,non-hisp,f,50-54,0.022403,synthetic_seed
MN,2023,asian,non-hisp,f,55-59,0.032452,synthetic_seed
MN,2023,asian,non-hisp,f,60-64,0.048266,synthetic_seed
MN,2023,asian,non-hisp,f,65-69,0.071493,synthetic_seed
MN,2023,asian,non-hisp,f,70-74,0.109051,synthetic_seed
MN,2023,asian,non-hisp,f,75-79,0.169507,synthetic_seed
MN,2023,asian,non-hisp,f,80-84,0.265709,synthetic_seed
MN,2023,asian,non-hisp,f,85+,0.458196,synthetic_seed
MN,2023,asian,hisp,m,0-4,0.002907,synthetic_seed
MN,2023,asian,hisp,m,5-9,0.000581,synthetic_seed
MN,2023,asian,hisp,m,10-14,0.000581,synthetic_seed
MN,2023,asian,hisp,m,15-19,0.002907,synthetic_seed
MN,2023,asian,hisp,m,20-24,0.004651,synthetic_seed
MN,2023,asian,hisp,m,25-29,0.005814,synthetic_seed
MN,2023,asian,hisp,m,30-34,0.007558,synthetic_seed
MN,2023,asian,hisp,m,35-39,0.010465,synthetic_seed
MN,2023,asian,hisp,m,40-44,0.014419,synthetic_seed
MN,2023,asian,hisp,m,45-49,0.021396,synthetic_seed
MN,2023,asian,hisp,m,50-54,0.031628,synthetic_seed
MN,2023,asian,hisp,m,55-59,0.045814,synthetic_seed
MN,2023,asian,hisp,m,60-64,0.06814,synthetic_seed
MN,2023,asian,hisp,m,65-69,0.100931,synthetic_seed
MN,2023,asian,hisp,m,70-74,0.153955,synthetic_seed
MN,2023,asian,hisp,m,75-79,0.239304,synthetic_seed
MN,2023,asian,hisp,m,80-84,0.375119,synthetic_seed
MN,2023,asian,hisp,m,85+,0.646866,synthetic_seed
MN,2023,asian,hisp,f,0-4,0.002059,synthetic_seed
MN,2023,asian,hisp,f,5-9,0.000412,synthetic_seed
MN,2023,asian,hisp,f,10-14,0.000412,synthetic_seed
MN,2023,asian,hisp,f,15-19,0.002059,synthetic_seed
MN,2023,asian,hisp,f,20-24,0.003295,synthetic_seed
MN,2023,asian,hisp,f,25-29,0.004118,synthetic_seed
MN,2023,asian,hisp,f,30-34,0.005354,synthetic_seed
MN,2023,asian,hisp,f,35-39,0.007413,synthetic_seed
MN,2023,asian,hisp,f,40-44,0.010213,synthetic_seed
MN,2023,asian,hisp,f,45-49,0.015155,synthetic_seed
MN,2023,asian,hisp,f,50-54,0.022403,synthetic_seed
MN,2023,asian,hisp,f,55-59,0.032452,synthetic_seed
MN,2023,asian,hisp,f,60-64,0.048266,synthetic_seed
MN,2023,asian,hisp,f,65-69,0.071493,synthetic_seed
MN,2023,asian,hisp,f,70-74,0.109051,synthetic_seed
MN,2023,asian,hisp,f,75-79,0.169507,synthetic_seed
MN,2023,asian,hisp,f,80-84,0.265709,synthetic_seed
MN,2023,asian,hisp,f,85+,0.458196,synthetic_seed
MN,2023,other,non-hisp,m,0-4,0.00306,synthetic_seed
MN,2023,other,non-hisp,m,5-9,0.000612,synthetic_seed
MN,2023,other,non-hisp,m,10-14,0.000612,synthetic_seed
MN,2023,other,non-hisp,m,15-19,0.00306,synthetic_seed
MN,2023,other,non-hisp,m,20-24,0.004896,synthetic_seed
MN,2023,other,non-hisp,m,25-29,0.00612,synthetic_seed
MN,2023,other,non-hisp,m,30-34,0.007956,synthetic_seed
MN,2023,other,non-hisp,m,35-39,0.011016,synthetic_seed
MN,2023,other,non-hisp,m,40-44,0.015178,synthetic_seed
MN,2023,other,non-hisp,m,45-49,0.022522,synthetic_seed
MN,2023,other,non-hisp,m,50-54,0.033293,synthetic_seed
MN,2023,other,non-hisp,m,55-59,0.048226,synthetic_seed
MN,2023,other,non-hisp,m,60-64,0.071726,synthetic_seed
MN,2023,other,non-hisp,m,65-69,0.106243,synthetic_seed
MN,2023,other,non-hisp,m,70-74,0.162058,synthetic_seed
MN,2023,other,non-hisp,m,75-79,0.251899,synthetic_seed
MN,2023,other,non-hisp,m,80-84,0.394862,synthetic_seed
MN,2023,other,non-hisp,m,85+,0.680911,synthetic_seed
MN,2023,other,non-hisp,f,0-4,0.002168,synthetic_seed
MN,2023,other,non-hisp,f,5-9,0.000434,synthetic_seed
MN,2023,other,non-hisp,f,10-14,0.000434,synthetic_seed
MN,2023,other,non-hisp,f,15-19,0.002168,synthetic_seed
MN,2023,other,non-hisp,f,20-24,0.003468,synthetic_seed
MN,2023,other,non-hisp,f,25-29,0.004335,synthetic_seed
MN,2023,other,non-hisp,f,30-34,0.005635,synthetic_seed
MN,2023,other,non-hisp,f,35-39,0.007803,synthetic_seed
MN,2023,other,non-hisp,f,40-44,0.010751,synthetic_seed
MN,2023,other,non-hisp,f,45-49,0.015953,synthetic_seed
MN,2023,other,non-hisp,f,50-54,0.023582,synthetic_seed
MN,2023,other,non-hisp,f,55-59,0.03416,synthetic_seed
MN,2023,other,non-hisp,f,60-64,0.050806,synthetic_seed
MN,2023,other,non-hisp,f,65-69,0.075256,synthetic_seed
MN,2023,other,non-hisp,f,70-74,0.114791,synthetic_seed
MN,2023,other,non-hisp,f,75-79,0.178429,synthetic_seed
MN,2023,other,non-hisp,f,80-84,0.279694,synthetic_seed
MN,2023,other,non-hisp,f,85+,0.482312,synthetic_seed
MN,2023,other,hisp,m,0-4,0.00306,synthetic_seed
MN,2023,other,hisp,m,5-9,0.000612,synthetic_seed
MN,2023,other,hisp,m,10-14,0.000612,synthetic_seed
MN,2023,other,hisp,m,15-19,0.00306,synthetic_seed
MN,2023,other,hisp,m,20-24,0.004896,synthetic_seed
MN,2023,other,hisp,m,25-29,0.00612,synthetic_seed
MN,2023,other,hisp,m,30-34,0.007956,synthetic_seed
MN,2023,other,hisp,m,35-39,0.011016,synthetic_seed
MN,2023,other,hisp,m,40-44,0.015178,synthetic_seed
MN,2023,other,hisp,m,45-49,0.022522,synthetic_seed
MN,2023,other,hisp,m,50-54,0.033293,synthetic_seed
MN,2023,other,hisp,m,55-59,0.048226,synthetic_seed
MN,2023,other,hisp,m,60-64,0.071726,synthetic_seed
MN,2023,other,hisp,m,65-69,0.106243,synthetic_seed
MN,2023,other,hisp,m,70-74,0.162058,synthetic_seed
MN,2023,other,hisp,m,75-79,0.251899,synthetic_seed
MN,2023,other,hisp,m,80-84,0.394862,synthetic_seed
MN,2023,other,hisp,m,85+,0.680911,synthetic_seed
MN,2023,other,hisp,f,0-4,0.002168,synthetic_seed
MN,2023,other,hisp,f,5-9,0.000434,synthetic_seed
MN,2023,other,hisp,f,10-14,0.000434,synthetic_seed
MN,2023,other,hisp,f,15-19,0.002168,synthetic_seed
MN,2023,other,hisp,f,20-24,0.003468,synthetic_seed
MN,2023,other,hisp,f,25-29,0.004335,synthetic_seed
MN,2023,other,hisp,f,30-34,0.005635,synthetic_seed
MN,2023,other,hisp,f,35-39,0.007803,synthetic_seed
MN,2023,other,hisp,f,40-44,0.010751,synthetic_seed
MN,2023,other,hisp,f,45-49,0.015953,synthetic_seed
MN,2023,other,hisp,f,50-54,0.023582,synthetic_seed
MN,2023,other,hisp,f,55-59,0.03416,synthetic_seed
MN,2023,other,hisp,f,60-64,0.050806,synthetic_seed
MN,2023,other,hisp,f,65-69,0.075256,synthetic_seed
MN,2023,other,hisp,f,70-74,0.114791,synthetic_seed
MN,2023,other,hisp,f,75-79,0.178429,synthetic_seed
MN,2023,other,hisp,f,80-84,0.279694,synthetic_seed
MN,2023,other,hisp,f,85+,0.482312,synthetic_seed
MS,2023,white,non-hisp,m,0-4,0.00324,synthetic_seed
MS,2023,white,non-hisp,m,5-9,0.000648,synthetic_seed
MS,2023,white,non-hisp,m,10-14,0.000648,synthetic_seed
MS,2023,white,non-hisp,m,15-19,0.00324,synthetic_seed
MS,2023,white,non-hisp,m,20-24,0.005184,synthetic_seed
MS,2023,white,non-hisp,m,25-29,0.00648,synthetic_seed
MS,2023,white,non-hisp,m,30-34,0.008424,synthetic_seed
MS,2023,white,non-hisp,m,35-39,0.011664,synthetic_seed
MS,2023,white,non-hisp,m,40-44,0.01607,synthetic_seed
MS,2023,white,non-hisp,m,45-49,0.023846,synthetic_seed
MS,2023,white,non-hisp,m,50-54,0.035251,synthetic_seed
MS,2023,white,non-hisp,m,55-59,0.051062,synthetic_seed
MS,2023,white,non-hisp,m,60-64,0.075946,synthetic_seed
MS,2023,white,non-hisp,m,65-69,0.112493,synthetic_seed
MS,2023,white,non-hisp,m,70-74,0.17159,synthetic_seed
MS,2023,white,non-hisp,m,75-79,0.266717,synthetic_seed
MS,2023,white,non-hisp,m,80-84,0.41809,synthetic_seed
MS,2023,white,non-hisp,m,85+,0.720965,synthetic_seed
MS,2023,white,non-hisp,f,0-4,0.002295,synthetic_seed
MS,2023,white,non-hisp,f,5-9,0.000459,synthetic_seed
MS,2023,white,non-hisp,f,10-14,0.000459,synthetic_seed
MS,2023,white,non-hisp,f,15-19,0.002295,synthetic_seed
MS,2023,white,non-hisp,f,20-24,0.003672,synthetic_seed
MS,2023,white,non-hisp,f,25-29,0.00459,synthetic_seed
MS,2023,white,non-hisp,f,30-34,0.005967,synthetic_seed
MS,2023,white,non-hisp,f,35-39,0.008262,synthetic_seed
MS,2023,white,non-hisp,f,40-44,0.011383,synthetic_seed
MS,2023,white,non-hisp,f,45-49,0.016891,synthetic_seed
MS,2023,white,non-hisp,f,50-54,0.02497,synthetic_seed
MS,2023,white,non-hisp,f,55-59,0.036169,synthetic_seed
MS,2023,white,non-hisp,f,60-64,0.053795,synthetic_seed
MS,2023,white,non-hisp,f,65-69,0.079682,synthetic_seed
MS,2023,white,non-hisp,f,70-74,0.121543,synthetic_seed
MS,2023,white,non-hisp,f,75-79,0.188924,synthetic_seed
MS,2023,white,non-hisp,f,80-84,0.296147,synthetic_seed
MS,2023,white,non-hisp,f,85+,0.510683,synthetic_seed
MS,2023,white,hisp,m,0-4,0.00324,synthetic_seed
MS,2023,white,hisp,m,5-9,0.000648,synthetic_seed
MS,2023,white,hisp,m,10-14,0.000648,synthetic_seed
MS,2023,white,hisp,m,15-19,0.00324,synthetic_seed
MS,2023,white,hisp,m,20-24,0.005184,synthetic_seed
MS,2023,white,hisp,m,25-29,0.00648,synthetic_seed
MS,2023,white,hisp,m,30-34,0.008424,synthetic_seed
MS,2023,white,hisp,m,35-39,0.011664,synthetic_seed
MS,2023,white,hisp,m,40-44,0.01607,synthetic_seed
MS,2023,white,hisp,m,45-49,0.023846,synthetic_seed
MS,2023,white,hisp,m,50-54,0.035251,synthetic_seed
MS,2023,white,hisp,m,55-59,0.051062,synthetic_seed
MS,2023,white,hisp,m,60-64,0.075946,synthetic_seed
MS,2023,white,hisp,m,65-69,0.112493,synthetic_seed
MS,2023,white,hisp,m,70-74,0.17159,synthetic_seed
MS,2023,white,hisp,m,75-79,0.266717,synthetic_seed
MS,2023,white,hisp,m,80-84,0.41809,synthetic_seed
MS,2023,white,hisp,m,85+,0.720965,synthetic_seed
MS,2023,white,hisp,f,0-4,0.002295,synthetic_seed
MS,2023,white,hisp,f,5-9,0.000459,synthetic_seed
MS,2023,white,hisp,f,10-14,0.000459,synthetic_seed
MS,2023,white,hisp,f,15-19,0.002295,synthetic_seed
MS,2023,white,hisp,f,20-24,0.003672,synthetic_seed
MS,2023,white,hisp,f,25-29,0.00459,synthetic_seed
MS,2023,white,hisp,f,30-34,0.005967,synthetic_seed
MS,2023,white,hisp,f,35-39,0.008262,synthetic_seed
MS,2023,white,hisp,f,40-44,0.011383,synthetic_seed
MS,2023,white,hisp,f,45-49,0.016891,synthetic_seed
MS,2023,white,hisp,f,50-54,0.02497,synthetic_seed
MS,2023,white,hisp,f,55-59,0.036169,synthetic_seed
MS,2023,white,hisp,f,60-64,0.053795,synthetic_seed
MS,2023,white,hisp,f,65-69,0.079682,synthetic_seed
MS,2023,white,hisp,f,70-74,0.121543,synthetic_seed
MS,2023,white,hisp,f,75-79,0.188924,synthetic_seed
MS,2023,white,hisp,f,80-84,0.296147,synthetic_seed
MS,2023,white,hisp,f,85+,0.510683,synthetic_seed
MS,2023,black,non-hisp,m,0-4,0.003564,synthetic_seed
MS,2023,black,non-hisp,m,5-9,0.000713,synthetic_seed
MS,2023,black,non-hisp,m,10-14,0.000713,synthetic_seed
MS,2023,black,non-hisp,m,15-19,0.003564,synthetic_seed
MS,2023,black,non-hisp,m,20-24,0.005702,synthetic_seed
MS,2023,black,non-hisp,m,25-29,0.007128,synthetic_seed
MS,2023,black,non-hisp,m,30-34,0.009266,synthetic_seed
MS,2023,black,non-hisp,m,35-39,0.01283,synthetic_seed
MS,2023,black,non-hisp,m,40-44,0.017677,synthetic_seed
MS,2023,black,non-hisp,m,45-49,0.026231,synthetic_seed
MS,2023,black,non-hisp,m,50-54,0.038776,synthetic_seed
MS,2023,black,non-hisp,m,55-59,0.056169,synthetic_seed
MS,2023,black,non-hisp,m,60-64,0.08354,synthetic_seed
MS,2023,black,non-hisp,m,65-69,0.123742,synthetic_seed
MS,2023,black,non-hisp,m,70-74,0.188749,synthetic_seed
MS,2023,black,non-hisp,m,75-79,0.293388,synthetic_seed
MS,2023,black,non-hisp,m,80-84,0.459899,synthetic_seed
MS,2023,black,non-hisp,m,85+,0.793061,synthetic_seed
MS,2023,black,non-hisp,f,0-4,0.002525,synthetic_seed
MS,2023,black,non-hisp,f,5-9,0.000505,synthetic_seed
MS,2023,black,non-hisp,f,10-14,0.000505,synthetic_seed
MS,2023,black,non-hisp,f,15-19,0.002525,synthetic_seed
MS,2023,black,non-hisp,f,20-24,0.004039,synthetic_seed
MS,2023,black,non-hisp,f,25-29,0.005049,synthetic_seed
MS,2023,black,non-hisp,f,30-34,0.006564,synthetic_seed
MS,2023,black,non-hisp,f,35-39,0.009088,synthetic_seed
MS,2023,black,non-hisp,f,40-44,0.012522,synthetic_seed
MS,2023,black,non-hisp,f,45-49,0.01858,synthetic_seed
MS,2023,black,non-hisp,f,50-54,0.027467,synthetic_seed
MS,2023,black,non-hisp,f,55-59,0.039786,synthetic_seed
MS,2023,black,non-hisp,f,60-64,0.059174,synthetic_seed
MS,2023,black,non-hisp,f,65-69,0.087651,synthetic_seed
MS,2023,black,non-hisp,f,70-74,0.133698,synthetic_seed
MS,2023,black,non-hisp,f,75-79,0.207817,synthetic_seed
MS,2023,black,non-hisp,f,80-84,0.325761,synthetic_seed
MS,2023,black,non-hisp,f,85+,0.561752,synthetic_seed
MS,2023,black,hisp,m,0-4,0.003564,synthetic_seed
MS,2023,black,hisp,m,5-9,0.000713,synthetic_seed
MS,2023,black,hisp,m,10-14,0.000713,synthetic_seed
MS,2023,black,hisp,m,15-19,0.003564,synthetic_seed
MS,2023,black,hisp,m,20-24,0.005702,synthetic_seed
MS,2023,black,hisp,m,25-29,0.007128,synthetic_seed
MS,2023,black,hisp,m,30-34,0.009266,synthetic_seed
MS,2023,black,hisp,m,35-39,0.01283,synthetic_seed
MS,2023,black,hisp,m,40-44,0.017677,synthetic_seed
MS,2023,black,hisp,m,45-49,0.026231,synthetic_seed
MS,2023,black,hisp,m,50-54,0.038776,synthetic_seed
MS,2023,black,hisp,m,55-59,0.056169,synthetic_seed
MS,2023,black,hisp,m,60-64,0.08354,synthetic_seed
MS,2023,black,hisp,m,65-69,0.123742,synthetic_seed
MS,2023,black,hisp,m,70-74,0.188749,synthetic_seed
MS,2023,black,hisp,m,75-79,0.293388,synthetic_seed
MS,2023,black,hisp,m,80-84,0.459899,synthetic_seed
MS,2023,black,hisp,m,85+,0.793061,synthetic_seed
MS,2023,black,hisp,f,0-4,0.002525,synthetic_seed
MS,2023,black,hisp,f,5-9,0.000505,synthetic_seed
MS,2023,black,hisp,f,10-14,0.000505,synthetic_seed
MS,2023,black,hisp,f,15-19,0.002525,synthetic_seed
MS,2023,black,hisp,f,20-24,0.004039,synthetic_seed
MS,2023,black,hisp,f,25-29,0.005049,synthetic_seed
MS,2023,black,hisp,f,30-34,0.006564,synthetic_seed
MS,2023,black,hisp,f,35-39,0.009088,synthetic_seed
MS,2023,black,hisp,f,40-44,0.012522,synthetic_seed
MS,2023,black,hisp,f,45-49,0.01858,synthetic_seed
MS,2023,black,hisp,f,50-54,0.027467,synthetic_seed
MS,2023,black,hisp,f,55-59,0.039786,synthetic_seed
MS,2023,black,hisp,f,60-64,0.059174,synthetic_seed
MS,2023,black,hisp,f,65-69,0.087651,synthetic_seed
MS,2023,black,hisp,f,70-74,0.133698,synthetic_seed
MS,2023,black,hisp,f,75-79,0.207817,synthetic_seed
MS,2023,black,hisp,f,80-84,0.325761,synthetic_seed
MS,2023,black,hisp,f,85+,0.561752,synthetic_seed
MS,2023,asian,non-hisp,m,0-4,0.003078,synthetic_seed
MS,2023,asian,non-hisp,m,5-9,0.000616,synthetic_seed
MS,2023,asian,non-hisp,m,10-14,0.000616,synthetic_seed
MS,2023,asian,non-hisp,m,15-19,0.003078,synthetic_seed
MS,2023,asian,non-hisp,m,20-24,0.004925,synthetic_seed
MS,2023,asian,non-hisp,m,25-29,0.006156,synthetic_seed
MS,2023,asian,non-hisp,m,30-34,0.008003,synthetic_seed
MS,2023,asian,non-hisp,m,35-39,0.011081,synthetic_seed
MS,2023,asian,non-hisp,m,40-44,0.015267,synthetic_seed
MS,2023,asian,non-hisp,m,45-49,0.022654,synthetic_seed
MS,2023,asian,non-hisp,m,50-54,0.033489,synthetic_seed
MS,2023,asian,non-hisp,m,55-59,0.048509,synthetic_seed
MS,2023,asian,non-hisp,m,60-64,0.072148,synthetic_seed
MS,2023,asian,non-hisp,m,65-69,0.106868,synthetic_seed
MS,2023,asian,non-hisp,m,70-74,0.163011,synthetic_seed
MS,2023,asian,non-hisp,m,75-79,0.253381,synthetic_seed
MS,2023,asian,non-hisp,m,80-84,0.397185,synthetic_seed
MS,2023,asian,non-hisp,m,85+,0.684917,synthetic_seed
MS,2023,asian,non-hisp,f,0-4,0.00218,synthetic_seed
MS,2023,asian,non-hisp,f,5-9,0.000436,synthetic_seed
MS,2023,asian,non-hisp,f,10-14,0.000436,synthetic_seed
MS,2023,asian,non-hisp,f,15-19,0.00218,synthetic_seed
MS,2023,asian,non-hisp,f,20-24,0.003488,synthetic_seed
MS,2023,asian,non-hisp,f,25-29,0.00436,synthetic_seed
MS,2023,asian,non-hisp,f,30-34,0.005669,synthetic_seed
MS,2023,asian,non-hisp,f,35-39,0.007849,synthetic_seed
MS,2023,asian,non-hisp,f,40-44,0.010814,synthetic_seed
MS,2023,asian,non-hisp,f,45-49,0.016047,synthetic_seed
MS,2023,asian,non-hisp,f,50-54,0.023721,synthetic_seed
MS,2023,asian,non-hisp,f,55-59,0.034361,synthetic_seed
MS,2023,asian,non-hisp,f,60-64,0.051105,synthetic_seed
MS,2023,asian,non-hisp,f,65-69,0.075698,synthetic_seed
MS,2023,asian,non-hisp,f,70-74,0.115466,synthetic_seed
MS,2023,asian,non-hisp,f,75-79,0.179478,synthetic_seed
MS,2023,asian,non-hisp,f,80-84,0.281339,synthetic_seed
MS,2023,asian,non-hisp,f,85+,0.485149,synthetic_seed
MS,2023,asian,hisp,m,0-4,0.003078,synthetic_seed
MS,2023,asian,hisp,m,5-9,0.000616,synthetic_seed
MS,2023,asian,hisp,m,10-14,0.000616,synthetic_seed
MS,2023,asian,hisp,m,15-19,0.003078,synthetic_seed
MS,2023,asian,hisp,m,20-24,0.004925,synthetic_seed
MS,2023,asian,hisp,m,25-29,0.006156,synthetic_seed
MS,2023,asian,hisp,m,30-34,0.008003,synthetic_seed
MS,2023,asian,hisp,m,35-39,0.011081,synthetic_seed
MS,2023,asian,hisp,m,40-44,0.015267,synthetic_seed
MS,2023,asian,hisp,m,45-49,0.022654,synthetic_seed
MS,2023,asian,hisp,m,50-54,0.033489,synthetic_seed
MS,2023,asian,hisp,m,55-59,0.048509,synthetic_seed
MS,2023,asian,hisp,m,60-64,0.072148,synthetic_seed
MS,2023,asian,hisp,m,65-69,0.106868,synthetic_seed
MS,2023,asian,hisp,m,70-74,0.163011,synthetic_seed
MS,2023,asian,hisp,m,75-79,0.253381,synthetic_seed
MS,2023,asian,hisp,m,80-84,0.397185,synthetic_seed
MS,2023,asian,hisp,m,85+,0.684917,synthetic_seed
MS,2023,asian,hisp,f,0-4,0.00218,synthetic_seed
MS,2023,asian,hisp,f,5-9,0.000436,synthetic_seed
MS,2023,asian,hisp,f,10-14,0.000436,synthetic_seed
MS,2023,asian,hisp,f,15-19,0.00218,synthetic_seed
MS,2023,asian,hisp,f,20-24,0.003488,synthetic_seed
MS,2023,asian,hisp,f,25-29,0.00436,synthetic_seed
MS,2023,asian,hisp,f,30-34,0.005669,synthetic_seed
MS,2023,asian,hisp,f,35-39,0.007849,synthetic_seed
MS,2023,asian,hisp,f,40-44,0.010814,synthetic_seed
MS,2023,asian,hisp,f,45-49,0.016047,synthetic_seed
MS,2023,asian,hisp,f,50-54,0.023721,synthetic_seed
MS,2023,asian,hisp,f,55-59,0.034361,synthetic_seed
MS,2023,asian,hisp,f,60-64,0.051105,synthetic_seed
MS,2023,asian,hisp,f,65-69,0.075698,synthetic_seed
MS,2023,asian,hisp,f,70-74,0.115466,synthetic_seed
MS,2023,asian,hisp,f,75-79,0.179478,synthetic_seed
MS,2023,asian,hisp,f,80-84,0.281339,synthetic_seed
MS,2023,asian,hisp,f,85+,0.485149,synthetic_seed
MS,2023,other,non-hisp,m,0-4,0.00324,synthetic_seed
MS,2023,other,non-hisp,m,5-9,0.000648,synthetic_seed
MS,2023,other,non-hisp,m,10-14,0.000648,synthetic_seed
MS,2023,other,non-hisp,m,15-19,0.00324,synthetic_seed
MS,2023,other,non-hisp,m,20-24,0.005184,synthetic_seed
MS,2023,other,non-hisp,m,25-29,0.00648,synthetic_seed
MS,2023,other,non-hisp,m,30-34,0.008424,synthetic_seed
MS,2023,other,non-hisp,m,35-39,0.011664,synthetic_seed
MS,2023,other,non-hisp,m,40-44,0.01607,synthetic_seed
MS,2023,other,non-hisp,m,45-49,0.023846,synthetic_seed
MS,2023,other,non-hisp,m,50-54,0.035251,synthetic_seed
MS,2023,other,non-hisp,m,55-59,0.051062,synthetic_seed
MS,2023,other,non-hisp,m,60-64,0.075946,synthetic_seed
MS,2023,other,non-hisp,m,65-69,0.112493,synthetic_seed
MS,2023,other,non-hisp,m,70-74,0.17159,synthetic_seed
MS,2023,other,non-hisp,m,75-79,0.266717,synthetic_seed
MS,2023,other,non-hisp,m,80-84,0.41809,synthetic_seed
MS,2023,other,non-hisp,m,85+,0.720965,synthetic_seed
MS,2023,other,non-hisp,f,0-4,0.002295,synthetic_seed
MS,2023,other,non-hisp,f,5-9,0.000459,synthetic_seed
MS,2023,other,non-hisp,f,10-14,0.000459,synthetic_seed
MS,2023,other,non-hisp,f,15-19,0.002295,synthetic_seed
MS,2023,other,non-hisp,f,20-24,0.003672,synthetic_seed
MS,2023,other,non-hisp,f,25-29,0.00459,synthetic_seed
MS,2023,other,non-hisp,f,30-34,0.005967,synthetic_seed
MS,2023,other,non-hisp,f,35-39,0.008262,synthetic_seed
MS,2023,other,non-hisp,f,40-44,0.011383,synthetic_seed
MS,2023,other,non-hisp,f,45-49,0.016891,synthetic_seed
MS,2023,other,non-hisp,f,50-54,0.02497,synthetic_seed
MS,2023,other,non-hisp,f,55-59,0.036169,synthetic_seed
MS,2023,other,non-hisp,f,60-64,0.053795,synthetic_seed
MS,2023,other,non-hisp,f,65-69,0.079682,synthetic_seed
MS,2023,other,non-hisp,f,70-74,0.121543,synthetic_seed
MS,2023,other,non-hisp,f,75-79,0.188924,synthetic_seed
MS,2023,other,non-hisp,f,80-84,0.296147,synthetic_seed
MS,2023,other,non-hisp,f,85+,0.510683,synthetic_seed
MS,2023,other,hisp,m,0-4,0.00324,synthetic_seed
MS,2023,other,hisp,m,5-9,0.000648,synthetic_seed
MS,2023,other,hisp,m,10-14,0.000648,synthetic_seed
MS,2023,other,hisp,m,15-19,0.00324,synthetic_seed
MS,2023,other,hisp,m,20-24,0.005184,synthetic_seed
MS,2023,other,hisp,m,25-29,0.00648,synthetic_seed
MS,2023,other,hisp,m,30-34,0.008424,synthetic_seed
MS,2023,other,hisp,m,35-39,0.011664,synthetic_seed
MS,2023,other,hisp,m,40-44,0.01607,synthetic_seed
MS,2023,other,hisp,m,45-49,0.023846,synthetic_seed
MS,2023,other,hisp,m,50-54,0.035251,synthetic_seed
MS,2023,other,hisp,m,55-59,0.051062,synthetic_seed
MS,2023,other,hisp,m,60-64,0.075946,synthetic_seed
MS,2023,other,hisp,m,65-69,0.112493,synthetic_seed
MS,2023,other,hisp,m,70-74,0.17159,synthetic_seed
MS,2023,other,hisp,m,75-79,0.266717,synthetic_seed
MS,2023,other,hisp,m,80-84,0.41809,synthetic_seed
MS,2023,other,hisp,m,85+,0.720965,synthetic_seed
MS,2023,other,hisp,f,0-4,0.002295,synthetic_seed
MS,2023,other,hisp,f,5-9,0.000459,synthetic_seed
MS,2023,other,hisp,f,10-14,0.000459,synthetic_seed
MS,2023,other,hisp,f,15-19,0.002295,synthetic_seed
MS,2023,other,hisp,f,20-24,0.003672,synthetic_seed
MS,2023,other,hisp,f,25-29,0.00459,synthetic_seed
MS,2023,other,hisp,f,30-34,0.005967,synthetic_seed
MS,2023,other,hisp,f,35-39,0.008262,synthetic_seed
MS,2023,other,hisp,f,40-44,0.011383,synthetic_seed
MS,2023,other,hisp,f,45-49,0.016891,synthetic_seed
MS,2023,other,hisp,f,50-54,0.02497,synthetic_seed
MS,2023,other,hisp,f,55-59,0.036169,synthetic_seed
MS,2023,other,hisp,f,60-64,0.053795,synthetic_seed
MS,2023,other,hisp,f,65-69,0.079682,synthetic_seed
MS,2023,other,hisp,f,70-74,0.121543,synthetic_seed
MS,2023,other,hisp,f,75-79,0.188924,synthetic_seed
MS,2023,other,hisp,f,80-84,0.296147,synthetic_seed
MS,2023,other,hisp,f,85+,0.510683,synthetic_seed
MO,2023,white,non-hisp,m,0-4,0.00306,synthetic_seed
MO,2023,white,non-hisp,m,5-9,0.000612,synthetic_seed
MO,2023,white,non-hisp,m,10-14,0.000612,synthetic_seed
MO,2023,white,non-hisp,m,15-19,0.00306,synthetic_seed
MO,2023,white,non-hisp,m,20-24,0.004896,synthetic_seed
MO,2023,white,non-hisp,m,25-29,0.00612,synthetic_seed
MO,2023,white,non-hisp,m,30-34,0.007956,synthetic_seed
MO,2023,white,non-hisp,m,35-39,0.011016,synthetic_seed
MO,2023,white,non-hisp,m,40-44,0.015178,synthetic_seed
MO,2023,white,non-hisp,m,45-49,0.022522,synthetic_seed
MO,2023,white,non-hisp,m,50-54,0.033293,synthetic_seed
MO,2023,white,non-hisp,m,55-59,0.048226,synthetic_seed
MO,2023,white,non-hisp,m,60-64,0.071726,synthetic_seed
MO,2023,white,non-hisp,m,65-69,0.106243,synthetic_seed
MO,2023,white,non-hisp,m,70-74,0.162058,synthetic_seed
MO,2023,white,non-hisp,m,75-79,0.251899,synthetic_seed
MO,2023,white,non-hisp,m,80-84,0.394862,synthetic_seed
MO,2023,white,non-hisp,m,85+,0.680911,synthetic_seed
MO,2023,white,non-hisp,f,0-4,0.002168,synthetic_seed
MO,2023,white,non-hisp,f,5-9,0.000434,synthetic_seed
MO,2023,white,non-hisp,f,10-14,0.000434,synthetic_seed
MO,2023,white,non-hisp,f,15-19,0.002168,synthetic_seed
MO,2023,white,non-hisp,f,20-24,0.003468,synthetic_seed
MO,2023,white,non-hisp,f,25-29,0.004335,synthetic_seed
MO,2023,white,non-hisp,f,30-34,0.005635,synthetic_seed
MO,2023,white,non-hisp,f,35-39,0.007803,synthetic_seed
MO,2023,white,non-hisp,f,40-44,0.010751,synthetic_seed
MO,2023,white,non-hisp,f,45-49,0.015953,synthetic_seed
MO,2023,white,non-hisp,f,50-54,0.023582,synthetic_seed
MO,2023,white,non-hisp,f,55-59,0.03416,synthetic_seed
MO,2023,white,non-hisp,f,60-64,0.050806,synthetic_seed
MO,2023,white,non-hisp,f,65-69,0.075256,synthetic_seed
MO,2023,white,non-hisp,f,70-74,0.114791,synthetic_seed
MO,2023,white,non-hisp,f,75-79,0.178429,synthetic_seed
MO,2023,white,non-hisp,f,80-84,0.279694,synthetic_seed
MO,2023,white,non-hisp,f,85+,0.482312,synthetic_seed
MO,2023,white,hisp,m,0-4,0.00306,synthetic_seed
MO,2023,white,hisp,m,5-9,0.000612,synthetic_seed
MO,2023,white,hisp,m,10-14,0.000612,synthetic_seed
MO,2023,white,hisp,m,15-19,0.00306,synthetic_seed
MO,2023,white,hisp,m,20-24,0.004896,synthetic_seed
MO,2023,white,hisp,m,25-29,0.00612,synthetic_seed
MO,2023,white,hisp,m,30-34,0.007956,synthetic_seed
MO,2023,white,hisp,m,35-39,0.011016,synthetic_seed
MO,2023,white,hisp,m,40-44,0.015178,synthetic_seed
MO,2023,white,hisp,m,45-49,0.022522,synthetic_seed
MO,2023,white,hisp,m,50-54,0.033293,synthetic_seed
MO,2023,white,hisp,m,55-59,0.048226,synthetic_seed
MO,2023,white,hisp,m,60-64,0.071726,synthetic_seed
MO,2023,white,hisp,m,65-69,0.106243,synthetic_seed
MO,2023,white,hisp,m,70-74,0.162058,synthetic_seed
MO,2023,white,hisp,m,75-79,0.251899,synthetic_seed
MO,2023,white,hisp,m,80-84,0.394862,synthetic_seed
MO,2023,white,hisp,m,85+,0.680911,synthetic_seed
MO,2023,white,hisp,f,0-4,0.002168,synthetic_seed
MO,2023,white,hisp,f,5-9,0.000434,synthetic_seed
MO,2023,white,hisp,f,10-14,0.000434,synthetic_seed
MO,2023,white,hisp,f,15-19,0.002168,synthetic_seed
MO,2023,white,hisp,f,20-24,0.003468,synthetic_seed
MO,2023,white,hisp,f,25-29,0.004335,synthetic_seed
MO,2023,white,hisp,f,30-34,0.005635,synthetic_seed
MO,2023,white,hisp,f,35-39,0.007803,synthetic_seed
MO,2023,white,hisp,f,40-44,0.010751,synthetic_seed
MO,2023,white,hisp,f,45-49,0.015953,synthetic_seed
MO,2023,white,hisp,f,50-54,0.023582,synthetic_seed
MO,2023,white,hisp,f,55-59,0.03416,synthetic_seed
MO,2023,white,hisp,f,60-64,0.050806,synthetic_seed
MO,2023,white,hisp,f,65-69,0.075256,synthetic_seed
MO,2023,white,hisp,f,70-74,0.114791,synthetic_seed
MO,2023,white,hisp,f,75-79,0.178429,synthetic_seed
MO,2023,white,hisp,f,80-84,0.279694,synthetic_seed
MO,2023,white,hisp,f,85+,0.482312,synthetic_seed
MO,2023,black,non-hisp,m,0-4,0.003366,synthetic_seed
MO,2023,black,non-hisp,m,5-9,0.000673,synthetic_seed
MO,2023,black,non-hisp,m,10-14,0.000673,synthetic_seed
MO,2023,black,non-hisp,m,15-19,0.003366,synthetic_seed
MO,2023,black,non-hisp,m,20-24,0.005386,synthetic_seed
MO,2023,black,non-hisp,m,25-29,0.006732,synthetic_seed
MO,2023,black,non-hisp,m,30-34,0.008752,synthetic_seed
MO,2023,black,non-hisp,m,35-39,0.012118,synthetic_seed
MO,2023,black,non-hisp,m,40-44,0.016695,synthetic_seed
MO,2023,black,non-hisp,m,45-49,0.024774,synthetic_seed
MO,2023,black,non-hisp,m,50-54,0.036622,synthetic_seed
MO,2023,black,non-hisp,m,55-59,0.053048,synthetic_seed
MO,2023,black,non-hisp,m,60-64,0.078899,synthetic_seed
MO,2023,black,non-hisp,m,65-69,0.116868,synthetic_seed
MO,2023,black,non-hisp,m,70-74,0.178263,synthetic_seed
MO,2023,black,non-hisp,m,75-79,0.277089,synthetic_seed
MO,2023,black,non-hisp,m,80-84,0.434349,synthetic_seed
MO,2023,black,non-hisp,m,85+,0.749002,synthetic_seed
MO,2023,black,non-hisp,f,0-4,0.002384,synthetic_seed
MO,2023,black,non-hisp,f,5-9,0.000477,synthetic_seed
MO,2023,black,non-hisp,f,10-14,0.000477,synthetic_seed
MO,2023,black,non-hisp,f,15-19,0.002384,synthetic_seed
MO,2023,black,non-hisp,f,20-24,0.003815,synthetic_seed
MO,2023,black,non-hisp,f,25-29,0.004769,synthetic_seed
MO,2023,black,non-hisp,f,30-34,0.006199,synthetic_seed
MO,2023,black,non-hisp,f,35-39,0.008583,synthetic_seed
MO,2023,black,non-hisp,f,40-44,0.011826,synthetic_seed
MO,2023,black,non-hisp,f,45-49,0.017548,synthetic_seed
MO,2023,black,non-hisp,f,50-54,0.025941,synthetic_seed
MO,2023,black,non-hisp,f,55-59,0.037576,synthetic_seed
MO,2023,black,non-hisp,f,60-64,0.055887,synthetic_seed
MO,2023,black,non-hisp,f,65-69,0.082781,synthetic_seed
MO,2023,black,non-hisp,f,70-74,0.12627,synthetic_seed
MO,2023,black,non-hisp,f,75-79,0.196271,synthetic_seed
MO,2023,black,non-hisp,f,80-84,0.307664,synthetic_seed
MO,2023,black,non-hisp,f,85+,0.530543,synthetic_seed
MO,2023,black,hisp,m,0-4,0.003366,synthetic_seed
MO,2023,black,hisp,m,5-9,0.000673,synthetic_seed
MO,2023,black,hisp,m,10-14,0.000673,synthetic_seed
MO,2023,black,hisp,m,15-19,0.003366,synthetic_seed
MO,2023,black,hisp,m,20-24,0.005386,synthetic_seed
MO,2023,black,hisp,m,25-29,0.006732,synthetic_seed
MO,2023,black,hisp,m,30-34,0.008752,synthetic_seed
MO,2023,black,hisp,m,35-39,0.012118,synthetic_seed
MO,2023,black,hisp,m,40-44,0.016695,synthetic_seed
MO,2023,black,hisp,m,45-49,0.024774,synthetic_seed
MO,2023,black,hisp,m,50-54,0.036622,synthetic_seed
MO,2023,black,hisp,m,55-59,0.053048,synthetic_seed
MO,2023,black,hisp,m,60-64,0.078899,synthetic_seed
MO,2023,black,hisp,m,65-69,0.116868,synthetic_seed
MO,2023,black,hisp,m,70-74,0.178263,synthetic_seed
MO,2023,black,hisp,m,75-79,0.277089,synthetic_seed
MO,2023,black,hisp,m,80-84,0.434349,synthetic_seed
MO,2023,black,hisp,m,85+,0.749002,synthetic_seed
MO,2023,black,hisp,f,0-4,0.002384,synthetic_seed
MO,2023,black,hisp,f,5-9,0.000477,synthetic_seed
MO,2023,black,hisp,f,10-14,0.000477,synthetic_seed
MO,2023,black,hisp,f,15-19,0.002384,synthetic_seed
MO,2023,black,hisp,f,20-24,0.003815,synthetic_seed
MO,2023,black,hisp,f,25-29,0.004769,synthetic_seed
MO,2023,black,hisp,f,30-34,0.006199,synthetic_seed
MO,2023,black,hisp,f,35-39,0.008583,synthetic_seed
MO,2023,black,hisp,f,40-44,0.011826,synthetic_seed
MO,2023,black,hisp,f,45-49,0.017548,synthetic_seed
MO,2023,black,hisp,f,50-54,0.025941,synthetic_seed
MO,2023,black,hisp,f,55-59,0.037576,synthetic_seed
MO,2023,black,hisp,f,60-64,0.055887,synthetic_seed
MO,2023,black,hisp,f,65-69,0.082781,synthetic_seed
MO,2023,black,hisp,f,70-74,0.12627,synthetic_seed
MO,2023,black,hisp,f,75-79,0.196271,synthetic_seed
MO,2023,black,hisp,f,80-84,0.307664,synthetic_seed
MO,2023,black,hisp,f,85+,0.530543,synthetic_seed
MO,2023,asian,non-hisp,m,0-4,0.002907,synthetic_seed
MO,2023,asian,non-hisp,m,5-9,0.000581,synthetic_seed
MO,2023,asian,non-hisp,m,10-14,0.000581,synthetic_seed
MO,2023,asian,non-hisp,m,15-19,0.002907,synthetic_seed
MO,2023,asian,non-hisp,m,20-24,0.004651,synthetic_seed
MO,2023,asian,non-hisp,m,25-29,0.005814,synthetic_seed
MO,2023,asian,non-hisp,m,30-34,0.007558,synthetic_seed
MO,2023,asian,non-hisp,m,35-39,0.010465,synthetic_seed
MO,2023,asian,non-hisp,m,40-44,0.014419,synthetic_seed
MO,2023,asian,non-hisp,m,45-49,0.021396,synthetic_seed
MO,2023,asian,non-hisp,m,50-54,0.031628,synthetic_seed
MO,2023,asian,non-hisp,m,55-59,0.045814,synthetic_seed
MO,2023,asian,non-hisp,m,60-64,0.06814,synthetic_seed
MO,2023,asian,non-hisp,m,65-69,0.100931,synthetic_seed
MO,2023,asian,non-hisp,m,70-74,0.153955,synthetic_seed
MO,2023,asian,non-hisp,m,75-79,0.239304,synthetic_seed
MO,2023,asian,non-hisp,m,80-84,0.375119,synthetic_seed
MO,2023,asian,non-hisp,m,85+,0.646866,synthetic_seed
MO,2023,asian,non-hisp,f,0-4,0.002059,synthetic_seed
MO,2023,asian,non-hisp,f,5-9,0.000412,synthetic_seed
MO,2023,asian,non-hisp,f,10-14,0.000412,synthetic_seed
MO,2023,asian,non-hisp,f,15-19,0.002059,synthetic_seed
MO,2023,asian,non-hisp,f,20-24,0.003295,synthetic_seed
MO,2023,asian,non-hisp,f,25-29,0.004118,synthetic_seed
MO,2023,asian,non-hisp,f,30-34,0.005354,synthetic_seed
MO,2023,asian,non-hisp,f,35-39,0.007413,synthetic_seed
MO,2023,asian,non-hisp,f,40-44,0.010213,synthetic_seed
MO,2023,asian,non-hisp,f,45-49,0.015155,synthetic_seed
MO,2023,asian,non-hisp,f,50-54,0.022403,synthetic_seed
MO,2023,asian,non-hisp,f,55-59,0.032452,synthetic_seed
MO,2023,asian,non-hisp,f,60-64,0.048266,synthetic_seed
MO,2023,asian,non-hisp,f,65-69,0.071493,synthetic_seed
MO,2023,asian,non-hisp,f,70-74,0.109051,synthetic_seed
MO,2023,asian,non-hisp,f,75-79,0.169507,synthetic_seed
MO,2023,asian,non-hisp,f,80-84,0.265709,synthetic_seed
MO,2023,asian,non-hisp,f,85+,0.458196,synthetic_seed
MO,2023,asian,hisp,m,0-4,0.002907,synthetic_seed
MO,2023,asian,hisp,m,5-9,0.000581,synthetic_seed
MO,2023,asian,hisp,m,10-14,0.000581,synthetic_seed
MO,2023,asian,hisp,m,15-19,0.002907,synthetic_seed
MO,2023,asian,hisp,m,20-24,0.004651,synthetic_seed
MO,2023,asian,hisp,m,25-29,0.005814,synthetic_seed
MO,2023,asian,hisp,m,30-34,0.007558,synthetic_seed
MO,2023,asian,hisp,m,35-39,0.010465,synthetic_seed
MO,2023,asian,hisp,m,40-44,0.014419,synthetic_seed
MO,2023,asian,hisp,m,45-49,0.021396,synthetic_seed
MO,2023,asian,hisp,m,50-54,0.031628,synthetic_seed
MO,2023,asian,hisp,m,55-59,0.045814,synthetic_seed
MO,2023,asian,hisp,m,60-64,0.06814,synthetic_seed
MO,2023,asian,hisp,m,65-69,0.100931,synthetic_seed
MO,2023,asian,hisp,m,70-74,0.153955,synthetic_seed
MO,2023,asian,hisp,m,75-79,0.239304,synthetic_seed
MO,2023,asian,hisp,m,80-84,0.375119,synthetic_seed
MO,2023,asian,hisp,m,85+,0.646866,synthetic_seed
MO,2023,asian,hisp,f,0-4,0.002059,synthetic_seed
MO,2023,asian,hisp,f,5-9,0.000412,synthetic_seed
MO,2023,asian,hisp,f,10-14,0.000412,synthetic_seed
MO,2023,asian,hisp,f,15-19,0.002059,synthetic_seed
MO,2023,asian,hisp,f,20-24,0.003295,synthetic_seed
MO,2023,asian,hisp,f,25-29,0.004118,synthetic_seed
MO,2023,asian,hisp,f,30-34,0.005354,synthetic_seed
MO,2023,asian,hisp,f,35-39,0.007413,synthetic_seed
MO,2023,asian,hisp,f,40-44,0.010213,synthetic_seed
MO,2023,asian,hisp,f,45-49,0.015155,synthetic_seed
MO,2023,asian,hisp,f,50-54,0.022403,synthetic_seed
MO,2023,asian,hisp,f,55-59,0.032452,synthetic_seed
MO,2023,asian,hisp,f,60-64,0.048266,synthetic_seed
MO,2023,asian,hisp,f,65-69,0.071493,synthetic_seed
MO,2023,asian,hisp,f,70-74,0.109051,synthetic_seed
MO,2023,asian,hisp,f,75-79,0.169507,synthetic_seed
MO,2023,asian,hisp,f,80-84,0.265709,synthetic_seed
MO,2023,asian,hisp,f,85+,0.458196,synthetic_seed
MO,2023,other,non-hisp,m,0-4,0.00306,synthetic_seed
MO,2023,other,non-hisp,m,5-9,0.000612,synthetic_seed
MO,2023,other,non-hisp,m,10-14,0.000612,synthetic_seed
MO,2023,other,non-hisp,m,15-19,0.00306,synthetic_seed
MO,2023,other,non-hisp,m,20-24,0.004896,synthetic_seed
MO,2023,other,non-hisp,m,25-29,0.00612,synthetic_seed
MO,2023,other,non-hisp,m,30-34,0.007956,synthetic_seed
MO,2023,other,non-hisp,m,35-39,0.011016,synthetic_seed
MO,2023,other,non-hisp,m,40-44,0.015178,synthetic_seed
MO,2023,other,non-hisp,m,45-49,0.022522,synthetic_seed
MO,2023,other,non-hisp,m,50-54,0.033293,synthetic_seed
MO,2023,other,non-hisp,m,55-59,0.048226,synthetic_seed
MO,2023,other,non-hisp,m,60-64,0.071726,synthetic_seed
MO,2023,other,non-hisp,m,65-69,0.106243,synthetic_seed
MO,2023,other,non-hisp,m,70-74,0.162058,synthetic_seed
MO,2023,other,non-hisp,m,75-79,0.251899,synthetic_seed
MO,2023,other,non-hisp,m,80-84,0.394862,synthetic_seed
MO,2023,other,non-hisp,m,85+,0.680911,synthetic_seed
MO,2023,other,non-hisp,f,0-4,0.002168,synthetic_seed
MO,2023,other,non-hisp,f,5-9,0.000434,synthetic_seed
MO,2023,other,non-hisp,f,10-14,0.000434,synthetic_seed
MO,2023,other,non-hisp,f,15-19,0.002168,synthetic_seed
MO,2023,other,non-hisp,f,20-24,0.003468,synthetic_seed
MO,2023,other,non-hisp,f,25-29,0.004335,synthetic_seed
MO,2023,other,non-hisp,f,30-34,0.005635,synthetic_seed
MO,2023,other,non-hisp,f,35-39,0.007803,synthetic_seed
MO,2023,other,non-hisp,f,40-44,0.010751,synthetic_seed
MO,2023,other,non-hisp,f,45-49,0.015953,synthetic_seed
MO,2023,other,non-hisp,f,50-54,0.023582,synthetic_seed
MO,2023,other,non-hisp,f,55-59,0.03416,synthetic_seed
MO,2023,other,non-hisp,f,60-64,0.050806,synthetic_seed
MO,2023,other,non-hisp,f,65-69,0.075256,synthetic_seed
MO,2023,other,non-hisp,f,70-74,0.114791,synthetic_seed
MO,2023,other,non-hisp,f,75-79,0.178429,synthetic_seed
MO,2023,other,non-hisp,f,80-84,0.279694,synthetic_seed
MO,2023,other,non-hisp,f,85+,0.482312,synthetic_seed
MO,2023,other,hisp,m,0-4,0.00306,synthetic_seed
MO,2023,other,hisp,m,5-9,0.000612,synthetic_seed
MO,2023,other,hisp,m,10-14,0.000612,synthetic_seed
MO,2023,other,hisp,m,15-19,0.00306,synthetic_seed
MO,2023,other,hisp,m,20-24,0.004896,synthetic_seed
MO,2023,other,hisp,m,25-29,0.00612,synthetic_seed
MO,2023,other,hisp,m,30-34,0.007956,synthetic_seed
MO,2023,other,hisp,m,35-39,0.011016,synthetic_seed
MO,2023,other,hisp,m,40-44,0.015178,synthetic_seed
MO,2023,other,hisp,m,45-49,0.022522,synthetic_seed
MO,2023,other,hisp,m,50-54,0.033293,synthetic_seed
MO,2023,other,hisp,m,55-59,0.048226,synthetic_seed
MO,2023,other,hisp,m,60-64,0.071726,synthetic_seed
MO,2023,other,hisp,m,65-69,0.106243,synthetic_seed
MO,2023,other,hisp,m,70-74,0.162058,synthetic_seed
MO,2023,other,hisp,m,75-79,0.251899,synthetic_seed
MO,2023,other,hisp,m,80-84,0.394862,synthetic_seed
MO,2023,other,hisp,m,85+,0.680911,synthetic_seed
MO,2023,other,hisp,f,0-4,0.002168,synthetic_seed
MO,2023,other,hisp,f,5-9,0.000434,synthetic_seed
MO,2023,other,hisp,f,10-14,0.000434,synthetic_seed
MO,2023,other,hisp,f,15-19,0.002168,synthetic_seed
MO,2023,other,hisp,f,20-24,0.003468,synthetic_seed
MO,2023,other,hisp,f,25-29,0.004335,synthetic_seed
MO,2023,other,hisp,f,30-34,0.005635,synthetic_seed
MO,2023,other,hisp,f,35-39,0.007803,synthetic_seed
MO,2023,other,hisp,f,40-44,0.010751,synthetic_seed
MO,2023,other,hisp,f,45-49,0.015953,synthetic_seed
MO,2023,other,hisp,f,50-54,0.023582,synthetic_seed
MO,2023,other,hisp,f,55-59,0.03416,synthetic_seed
MO,2023,other,hisp,f,60-64,0.050806,synthetic_seed
MO,2023,other,hisp,f,65-69,0.075256,synthetic_seed
MO,2023,other,hisp,f,70-74,0.114791,synthetic_seed
MO,2023,other,hisp,f,75-79,0.178429,synthetic_seed
MO,2023,other,hisp,f,80-84,0.279694,synthetic_seed
MO,2023,other,hisp,f,85+,0.482312,synthetic_seed
MT,2023,white,non-hisp,m,0-4,0.00291,synthetic_seed
MT,2023,white,non-hisp,m,5-9,0.000582,synthetic_seed
MT,2023,white,non-hisp,m,10-14,0.000582,synthetic_seed
MT,2023,white,non-hisp,m,15-19,0.00291,synthetic_seed
MT,2023,white,non-hisp,m,20-24,0.004656,synthetic_seed
MT,2023,white,non-hisp,m,25-29,0.00582,synthetic_seed
MT,2023,white,non-hisp,m,30-34,0.007566,synthetic_seed
MT,2023,white,non-hisp,m,35-39,0.010476,synthetic_seed
MT,2023,white,non-hisp,m,40-44,0.014434,synthetic_seed
MT,2023,white,non-hisp,m,45-49,0.021418,synthetic_seed
MT,2023,white,non-hisp,m,50-54,0.031661,synthetic_seed
MT,2023,white,non-hisp,m,55-59,0.045862,synthetic_seed
MT,2023,white,non-hisp,m,60-64,0.06821,synthetic_seed
MT,2023,white,non-hisp,m,65-69,0.101035,synthetic_seed
MT,2023,white,non-hisp,m,70-74,0.154114,synthetic_seed
MT,2023,white,non-hisp,m,75-79,0.239551,synthetic_seed
MT,2023,white,non-hisp,m,80-84,0.375506,synthetic_seed
MT,2023,white,non-hisp,m,85+,0.647533,synthetic_seed
MT,2023,white,non-hisp,f,0-4,0.002061,synthetic_seed
MT,2023,white,non-hisp,f,5-9,0.000412,synthetic_seed
MT,2023,white,non-hisp,f,10-14,0.000412,synthetic_seed
MT,2023,white,non-hisp,f,15-19,0.002061,synthetic_seed
MT,2023,white,non-hisp,f,20-24,0.003298,synthetic_seed
MT,2023,white,non-hisp,f,25-29,0.004123,synthetic_seed
MT,2023,white,non-hisp,f,30-34,0.005359,synthetic_seed
MT,2023,white,non-hisp,f,35-39,0.007421,synthetic_seed
MT,2023,white,non-hisp,f,40-44,0.010224,synthetic_seed
MT,2023,white,non-hisp,f,45-49,0.015171,synthetic_seed
MT,2023,white,non-hisp,f,50-54,0.022426,synthetic_seed
MT,2023,white,non-hisp,f,55-59,0.032485,synthetic_seed
MT,2023,white,non-hisp,f,60-64,0.048316,synthetic_seed
MT,2023,white,non-hisp,f,65-69,0.071567,synthetic_seed
MT,2023,white,non-hisp,f,70-74,0.109164,synthetic_seed
MT,2023,white,non-hisp,f,75-79,0.169682,synthetic_seed
MT,2023,white,non-hisp,f,80-84,0.265984,synthetic_seed
MT,2023,white,non-hisp,f,85+,0.458669,synthetic_seed
MT,2023,white,hisp,m,0-4,0.00291,synthetic_seed
MT,2023,white,hisp,m,5-9,0.000582,synthetic_seed
MT,2023,white,hisp,m,10-14,0.000582,synthetic_seed
MT,2023,white,hisp,m,15-19,0.00291,synthetic_seed
MT,2023,white,hisp,m,20-24,0.004656,synthetic_seed
MT,2023,white,hisp,m,25-29,0.00582,synthetic_seed
MT,2023,white,hisp,m,30-34,0.007566,synthetic_seed
MT,2023,white,hisp,m,35-39,0.010476,synthetic_seed
MT,2023,white,hisp,m,40-44,0.014434,synthetic_seed
MT,2023,white,hisp,m,45-49,0.021418,synthetic_seed
MT,2023,white,hisp,m,50-54,0.031661,synthetic_seed
MT,2023,white,hisp,m,55-59,0.045862,synthetic_seed
MT,2023,white,hisp,m,60-64,0.06821,synthetic_seed
MT,2023,white,hisp,m,65-69,0.101035,synthetic_seed
MT,2023,white,hisp,m,70-74,0.154114,synthetic_seed
MT,2023,white,hisp,m,75-79,0.239551,synthetic_seed
MT,2023,white,hisp,m,80-84,0.375506,synthetic_seed
MT,2023,white,hisp,m,85+,0.647533,synthetic_seed
MT,2023,white,hisp,f,0-4,0.002061,synthetic_seed
MT,2023,white,hisp,f,5-9,0.000412,synthetic_seed
MT,2023,white,hisp,f,10-14,0.000412,synthetic_seed
MT,2023,white,hisp,f,15-19,0.002061,synthetic_seed
MT,2023,white,hisp,f,20-24,0.003298,synthetic_seed
MT,2023,white,hisp,f,25-29,0.004123,synthetic_seed
MT,2023,white,hisp,f,30-34,0.005359,synthetic_seed
MT,2023,white,hisp,f,35-39,0.007421,synthetic_seed
MT,2023,white,hisp,f,40-44,0.010224,synthetic_seed
MT,2023,white,hisp,f,45-49,0.015171,synthetic_seed
MT,2023,white,hisp,f,50-54,0.022426,synthetic_seed
MT,2023,white,hisp,f,55-59,0.032485,synthetic_seed
MT,2023,white,hisp,f,60-64,0.048316,synthetic_seed
MT,2023,white,hisp,f,65-69,0.071567,synthetic_seed
MT,2023,white,hisp,f,70-74,0.109164,synthetic_seed
MT,2023,white,hisp,f,75-79,0.169682,synthetic_seed
MT,2023,white,hisp,f,80-84,0.265984,synthetic_seed
MT,2023,white,hisp,f,85+,0.458669,synthetic_seed
MT,2023,black,non-hisp,m,0-4,0.003201,synthetic_seed
MT,2023,black,non-hisp,m,5-9,0.00064,synthetic_seed
MT,2023,black,non-hisp,m,10-14,0.00064,synthetic_seed
MT,2023,black,non-hisp,m,15-19,0.003201,synthetic_seed
MT,2023,black,non-hisp,m,20-24,0.005122,synthetic_seed
MT,2023,black,non-hisp,m,25-29,0.006402,synthetic_seed
MT,2023,black,non-hisp,m,30-34,0.008323,synthetic_seed
MT,2023,black,non-hisp,m,35-39,0.011524,synthetic_seed
MT,2023,black,non-hisp,m,40-44,0.015877,synthetic_seed
MT,2023,black,non-hisp,m,45-49,0.023559,synthetic_seed
MT,2023,black,non-hisp,m,50-54,0.034827,synthetic_seed
MT,2023,black,non-hisp,m,55-59,0.050448,synthetic_seed
MT,2023,black,non-hisp,m,60-64,0.075031,synthetic_seed
MT,2023,black,non-hisp,m,65-69,0.111139,synthetic_seed
MT,2023,black,non-hisp,m,70-74,0.169525,synthetic_seed
MT,2023,black,non-hisp,m,75-79,0.263506,synthetic_seed
MT,2023,black,non-hisp,m,80-84,0.413057,synthetic_seed
MT,2023,black,non-hisp,m,85+,0.712287,synthetic_seed
MT,2023,black,non-hisp,f,0-4,0.002267,synthetic_seed
MT,2023,black,non-hisp,f,5-9,0.000453,synthetic_seed
MT,2023,black,non-hisp,f,10-14,0.000453,synthetic_seed
MT,2023,black,non-hisp,f,15-19,0.002267,synthetic_seed
MT,2023,black,non-hisp,f,20-24,0.003628,synthetic_seed
MT,2023,black,non-hisp,f,25-29,0.004535,synthetic_seed
MT,2023,black,non-hisp,f,30-34,0.005895,synthetic_seed
MT,2023,black,non-hisp,f,35-39,0.008163,synthetic_seed
MT,2023,black,non-hisp,f,40-44,0.011246,synthetic_seed
MT,2023,black,non-hisp,f,45-49,0.016688,synthetic_seed
MT,2023,black,non-hisp,f,50-54,0.024669,synthetic_seed
MT,2023,black,non-hisp,f,55-59,0.035734,synthetic_seed
MT,2023,black,non-hisp,f,60-64,0.053147,synthetic_seed
MT,2023,black,non-hisp,f,65-69,0.078723,synthetic_seed
MT,2023,black,non-hisp,f,70-74,0.12008,synthetic_seed
MT,2023,black,non-hisp,f,75-79,0.18665,synthetic_seed
MT,2023,black,non-hisp,f,80-84,0.292582,synthetic_seed
MT,2023,black,non-hisp,f,85+,0.504536,synthetic_seed
MT,2023,black,hisp,m,0-4,0.003201,synthetic_seed
MT,2023,black,hisp,m,5-9,0.00064,synthetic_seed
MT,2023,black,hisp,m,10-14,0.00064,synthetic_seed
MT,2023,black,hisp,m,15-19,0.003201,synthetic_seed
MT,2023,black,hisp,m,20-24,0.005122,synthetic_seed
MT,2023,black,hisp,m,25-29,0.006402,synthetic_seed
MT,2023,black,hisp,m,30-34,0.008323,synthetic_seed
MT,2023,black,hisp,m,35-39,0.011524,synthetic_seed
MT,2023,black,hisp,m,40-44,0.015877,synthetic_seed
MT,2023,black,hisp,m,45-49,0.023559,synthetic_seed
MT,2023,black,hisp,m,50-54,0.034827,synthetic_seed
MT,2023,black,hisp,m,55-59,0.050448,synthetic_seed
MT,2023,black,hisp,m,60-64,0.075031,synthetic_seed
MT,2023,black,hisp,m,65-69,0.111139,synthetic_seed
MT,2023,black,hisp,m,70-74,0.169525,synthetic_seed
MT,2023,black,hisp,m,75-79,0.263506,synthetic_seed
MT,2023,black,hisp,m,80-84,0.413057,synthetic_seed
MT,2023,black,hisp,m,85+,0.712287,synthetic_seed
MT,2023,black,hisp,f,0-4,0.002267,synthetic_seed
MT,2023,black,hisp,f,5-9,0.000453,synthetic_seed
MT,2023,black,hisp,f,10-14,0.000453,synthetic_seed
MT,2023,black,hisp,f,15-19,0.002267,synthetic_seed
MT,2023,black,hisp,f,20-24,0.003628,synthetic_seed
MT,2023,black,hisp,f,25-29,0.004535,synthetic_seed
MT,2023,black,hisp,f,30-34,0.005895,synthetic_seed
MT,2023,black,hisp,f,35-39,0.008163,synthetic_seed
MT,2023,black,hisp,f,40-44,0.011246,synthetic_seed
MT,2023,black,hisp,f,45-49,0.016688,synthetic_seed
MT,2023,black,hisp,f,50-54,0.024669,synthetic_seed
MT,2023,black,hisp,f,55-59,0.035734,synthetic_seed
MT,2023,black,hisp,f,60-64,0.053147,synthetic_seed
MT,2023,black,hisp,f,65-69,0.078723,synthetic_seed
MT,2023,black,hisp,f,70-74,0.12008,synthetic_seed
MT,2023,black,hisp,f,75-79,0.18665,synthetic_seed
MT,2023,black,hisp,f,80-84,0.292582,synthetic_seed
MT,2023,black,hisp,f,85+,0.504536,synthetic_seed
MT,2023,asian,non-hisp,m,0-4,0.002764,synthetic_seed
MT,2023,asian,non-hisp,m,5-9,0.000553,synthetic_seed
MT,2023,asian,non-hisp,m,10-14,0.000553,synthetic_seed
MT,2023,asian,non-hisp,m,15-19,0.002764,synthetic_seed
MT,2023,asian,non-hisp,m,20-24,0.004423,synthetic_seed
MT,2023,asian,non-hisp,m,25-29,0.005529,synthetic_seed
MT,2023,asian,non-hisp,m,30-34,0.007188,synthetic_seed
MT,2023,asian,non-hisp,m,35-39,0.009952,synthetic_seed
MT,2023,asian,non-hisp,m,40-44,0.013712,synthetic_seed
MT,2023,asian,non-hisp,m,45-49,0.020347,synthetic_seed
MT,2023,asian,non-hisp,m,50-54,0.030078,synthetic_seed
MT,2023,asian,non-hisp,m,55-59,0.043569,synthetic_seed
MT,2023,asian,non-hisp,m,60-64,0.0648,synthetic_seed
MT,2023,asian,non-hisp,m,65-69,0.095983,synthetic_seed
MT,2023,asian,non-hisp,m,70-74,0.146408,synthetic_seed
MT,2023,asian,non-hisp,m,75-79,0.227574,synthetic_seed
MT,2023,asian,non-hisp,m,80-84,0.356731,synthetic_seed
MT,2023,asian,non-hisp,m,85+,0.615157,synthetic_seed
MT,2023,asian,non-hisp,f,0-4,0.001958,synthetic_seed
MT,2023,asian,non-hisp,f,5-9,0.000392,synthetic_seed
MT,2023,asian,non-hisp,f,10-14,0.000392,synthetic_seed
MT,2023,asian,non-hisp,f,15-19,0.001958,synthetic_seed
MT,2023,asian,non-hisp,f,20-24,0.003133,synthetic_seed
MT,2023,asian,non-hisp,f,25-29,0.003916,synthetic_seed
MT,2023,asian,non-hisp,f,30-34,0.005091,synthetic_seed
MT,2023,asian,non-hisp,f,35-39,0.007049,synthetic_seed
MT,2023,asian,non-hisp,f,40-44,0.009713,synthetic_seed
MT,2023,asian,non-hisp,f,45-49,0.014412,synthetic_seed
MT,2023,asian,non-hisp,f,50-54,0.021305,synthetic_seed
MT,2023,asian,non-hisp,f,55-59,0.030861,synthetic_seed
MT,2023,asian,non-hisp,f,60-64,0.0459,synthetic_seed
MT,2023,asian,non-hisp,f,65-69,0.067988,synthetic_seed
MT,2023,asian,non-hisp,f,70-74,0.103706,synthetic_seed
MT,2023,asian,non-hisp,f,75-79,0.161198,synthetic_seed
MT,2023,asian,non-hisp,f,80-84,0.252685,synthetic_seed
MT,2023,asian,non-hisp,f,85+,0.435736,synthetic_seed
MT,2023,asian,hisp,m,0-4,0.002764,synthetic_seed
MT,2023,asian,hisp,m,5-9,0.000553,synthetic_seed
MT,2023,asian,hisp,m,10-14,0.000553,synthetic_seed
MT,2023,asian,hisp,m,15-19,0.002764,synthetic_seed
MT,2023,asian,hisp,m,20-24,0.004423,synthetic_seed
MT,2023,asian,hisp,m,25-29,0.005529,synthetic_seed
MT,2023,asian,hisp,m,30-34,0.007188,synthetic_seed
MT,2023,asian,hisp,m,35-39,0.009952,synthetic_seed
MT,2023,asian,hisp,m,40-44,0.013712,synthetic_seed
MT,2023,asian,hisp,m,45-49,0.020347,synthetic_seed
MT,2023,asian,hisp,m,50-54,0.030078,synthetic_seed
MT,2023,asian,hisp,m,55-59,0.043569,synthetic_seed
MT,2023,asian,hisp,m,60-64,0.0648,synthetic_seed
MT,2023,asian,hisp,m,65-69,0.095983,synthetic_seed
MT,2023,asian,hisp,m,70-74,0.146408,synthetic_seed
MT,2023,asian,hisp,m,75-79,0.227574,synthetic_seed
MT,2023,asian,hisp,m,80-84,0.356731,synthetic_seed
MT,2023,asian,hisp,m,85+,0.615157,synthetic_seed
MT,2023,asian,hisp,f,0-4,0.001958,synthetic_seed
MT,2023,asian,hisp,f,5-9,0.000392,synthetic_seed
MT,2023,asian,hisp,f,10-14,0.000392,synthetic_seed
MT,2023,asian,hisp,f,15-19,0.001958,synthetic_seed
MT,2023,asian,hisp,f,20-24,0.003133,synthetic_seed
MT,2023,asian,hisp,f,25-29,0.003916,synthetic_seed
MT,2023,asian,hisp,f,30-34,0.005091,synthetic_seed
MT,2023,asian,hisp,f,35-39,0.007049,synthetic_seed
MT,2023,asian,hisp,f,40-44,0.009713,synthetic_seed
MT,2023,asian,hisp,f,45-49,0.014412,synthetic_seed
MT,2023,asian,hisp,f,50-54,0.021305,synthetic_seed
MT,2023,asian,hisp,f,55-59,0.030861,synthetic_seed
MT,2023,asian,hisp,f,60-64,0.0459,synthetic_seed
MT,2023,asian,hisp,f,65-69,0.067988,synthetic_seed
MT,2023,asian,hisp,f,70-74,0.103706,synthetic_seed
MT,2023,asian,hisp,f,75-79,0.161198,synthetic_seed
MT,2023,asian,hisp,f,80-84,0.252685,synthetic_seed
MT,2023,asian,hisp,f,85+,0.435736,synthetic_seed
MT,2023,other,non-hisp,m,0-4,0.00291,synthetic_seed
MT,2023,other,non-hisp,m,5-9,0.000582,synthetic_seed
MT,2023,other,non-hisp,m,10-14,0.000582,synthetic_seed
MT,2023,other,non-hisp,m,15-19,0.00291,synthetic_seed
MT,2023,other,non-hisp,m,20-24,0.004656,synthetic_seed
MT,2023,other,non-hisp,m,25-29,0.00582,synthetic_seed
MT,2023,other,non-hisp,m,30-34,0.007566,synthetic_seed
MT,2023,other,non-hisp,m,35-39,0.010476,synthetic_seed
MT,2023,other,non-hisp,m,40-44,0.014434,synthetic_seed
MT,2023,other,non-hisp,m,45-49,0.021418,synthetic_seed
MT,2023,other,non-hisp,m,50-54,0.031661,synthetic_seed
MT,2023,other,non-hisp,m,55-59,0.045862,synthetic_seed
MT,2023,other,non-hisp,m,60-64,0.06821,synthetic_seed
MT,2023,other,non-hisp,m,65-69,0.101035,synthetic_seed
MT,2023,other,non-hisp,m,70-74,0.154114,synthetic_seed
MT,2023,other,non-hisp,m,75-79,0.239551,synthetic_seed
MT,2023,other,non-hisp,m,80-84,0.375506,synthetic_seed
MT,2023,other,non-hisp,m,85+,0.647533,synthetic_seed
MT,2023,other,non-hisp,f,0-4,0.002061,synthetic_seed
MT,2023,other,non-hisp,f,5-9,0.000412,synthetic_seed
MT,2023,other,non-hisp,f,10-14,0.000412,synthetic_seed
MT,2023,other,non-hisp,f,15-19,0.002061,synthetic_seed
MT,2023,other,non-hisp,f,20-24,0.003298,synthetic_seed
MT,2023,other,non-hisp,f,25-29,0.004123,synthetic_seed
MT,2023,other,non-hisp,f,30-34,0.005359,synthetic_seed
MT,2023,other,non-hisp,f,35-39,0.007421,synthetic_seed
MT,2023,other,non-hisp,f,40-44,0.010224,synthetic_seed
MT,2023,other,non-hisp,f,45-49,0.015171,synthetic_seed
MT,2023,other,non-hisp,f,50-54,0.022426,synthetic_seed
MT,2023,other,non-hisp,f,55-59,0.032485,synthetic_seed
MT,2023,other,non-hisp,f,60-64,0.048316,synthetic_seed
MT,2023,other,non-hisp,f,65-69,0.071567,synthetic_seed
MT,2023,other,non-hisp,f,70-74,0.109164,synthetic_seed
MT,2023,other,non-hisp,f,75-79,0.169682,synthetic_seed
MT,2023,other,non-hisp,f,80-84,0.265984,synthetic_seed
MT,2023,other,non-hisp,f,85+,0.458669,synthetic_seed
MT,2023,other,hisp,m,0-4,0.00291,synthetic_seed
MT,2023,other,hisp,m,5-9,0.000582,synthetic_seed
MT,2023,other,hisp,m,10-14,0.000582,synthetic_seed
MT,2023,other,hisp,m,15-19,0.00291,synthetic_seed
MT,2023,other,hisp,m,20-24,0.004656,synthetic_seed
MT,2023,other,hisp,m,25-29,0.00582,synthetic_seed
MT,2023,other,hisp,m,30-34,0.007566,synthetic_seed
MT,2023,other,hisp,m,35-39,0.010476,synthetic_seed
MT,2023,other,hisp,m,40-44,0.014434,synthetic_seed
MT,2023,other,hisp,m,45-49,0.021418,synthetic_seed
MT,2023,other,hisp,m,50-54,0.031661,synthetic_seed
MT,2023,other,hisp,m,55-59,0.045862,synthetic_seed
MT,2023,other,hisp,m,60-64,0.06821,synthetic_seed
MT,2023,other,hisp,m,65-69,0.101035,synthetic_seed
MT,2023,other,hisp,m,70-74,0.154114,synthetic_seed
MT,2023,other,hisp,m,75-79,0.239551,synthetic_seed
MT,2023,other,hisp,m,80-84,0.375506,synthetic_seed
MT,2023,other,hisp,m,85+,0.647533,synthetic_seed
MT,2023,other,hisp,f,0-4,0.002061,synthetic_seed
MT,2023,other,hisp,f,5-9,0.000412,synthetic_seed
MT,2023,other,hisp,f,10-14,0.000412,synthetic_seed
MT,2023,other,hisp,f,15-19,0.002061,synthetic_seed
MT,2023,other,hisp,f,20-24,0.003298,synthetic_seed
MT,2023,other,hisp,f,25-29,0.004123,synthetic_seed
MT,2023,other,hisp,f,30-34,0.005359,synthetic_seed
MT,2023,other,hisp,f,35-39,0.007421,synthetic_seed
MT,2023,other,hisp,f,40-44,0.010224,synthetic_seed
MT,2023,other,hisp,f,45-49,0.015171,synthetic_seed
MT,2023,other,hisp,f,50-54,0.022426,synthetic_seed
MT,2023,other,hisp,f,55-59,0.032485,synthetic_seed
MT,2023,other,hisp,f,60-64,0.048316,synthetic_seed
MT,2023,other,hisp,f,65-69,0.071567,synthetic_seed
MT,2023,other,hisp,f,70-74,0.109164,synthetic_seed
MT,2023,other,hisp,f,75-79,0.169682,synthetic_seed
MT,2023,other,hisp,f,80-84,0.265984,synthetic_seed
MT,2023,other,hisp,f,85+,0.458669,synthetic_seed
NE,2023,white,non-hisp,m,0-4,0.00306,synthetic_seed
NE,2023,white,non-hisp,m,5-9,0.000612,synthetic_seed
NE,2023,white,non-hisp,m,10-14,0.000612,synthetic_seed
NE,2023,white,non-hisp,m,15-19,0.00306,synthetic_seed
NE,2023,white,non-hisp,m,20-24,0.004896,synthetic_seed
NE,2023,white,non-hisp,m,25-29,0.00612,synthetic_seed
NE,2023,white,non-hisp,m,30-34,0.007956,synthetic_seed
NE,2023,white,non-hisp,m,35-39,0.011016,synthetic_seed
NE,2023,white,non-hisp,m,40-44,0.015178,synthetic_seed
NE,2023,white,non-hisp,m,45-49,0.022522,synthetic_seed
NE,2023,white,non-hisp,m,50-54,0.033293,synthetic_seed
NE,2023,white,non-hisp,m,55-59,0.048226,synthetic_seed
NE,2023,white,non-hisp,m,60-64,0.071726,synthetic_seed
NE,2023,white,non-hisp,m,65-69,0.106243,synthetic_seed
NE,2023,white,non-hisp,m,70-74,0.162058,synthetic_seed
NE,2023,white,non-hisp,m,75-79,0.251899,synthetic_seed
NE,2023,white,non-hisp,m,80-84,0.394862,synthetic_seed
NE,2023,white,non-hisp,m,85+,0.680911,synthetic_seed
NE,2023,white,non-hisp,f,0-4,0.002168,synthetic_seed
NE,2023,white,non-hisp,f,5-9,0.000434,synthetic_seed
NE,2023,white,non-hisp,f,10-14,0.000434,synthetic_seed
NE,2023,white,non-hisp,f,15-19,0.002168,synthetic_seed
NE,2023,white,non-hisp,f,20-24,0.003468,synthetic_seed
NE,2023,white,non-hisp,f,25-29,0.004335,synthetic_seed
NE,2023,white,non-hisp,f,30-34,0.005635,synthetic_seed
NE,2023,white,non-hisp,f,35-39,0.007803,synthetic_seed
NE,2023,white,non-hisp,f,40-44,0.010751,synthetic_seed
NE,2023,white,non-hisp,f,45-49,0.015953,synthetic_seed
NE,2023,white,non-hisp,f,50-54,0.023582,synthetic_seed
NE,2023,white,non-hisp,f,55-59,0.03416,synthetic_seed
NE,2023,white,non-hisp,f,60-64,0.050806,synthetic_seed
NE,2023,white,non-hisp,f,65-69,0.075256,synthetic_seed
NE,2023,white,non-hisp,f,70-74,0.114791,synthetic_seed
NE,2023,white,non-hisp,f,75-79,0.178429,synthetic_seed
NE,2023,white,non-hisp,f,80-84,0.279694,synthetic_seed
NE,2023,white,non-hisp,f,85+,0.482312,synthetic_seed
NE,2023,white,hisp,m,0-4,0.00306,synthetic_seed
NE,2023,white,hisp,m,5-9,0.000612,synthetic_seed
NE,2023,white,hisp,m,10-14,0.000612,synthetic_seed
NE,2023,white,hisp,m,15-19,0.00306,synthetic_seed
NE,2023,white,hisp,m,20-24,0.004896,synthetic_seed
NE,2023,white,hisp,m,25-29,0.00612,synthetic_seed
NE,2023,white,hisp,m,30-34,0.007956,synthetic_seed
NE,2023,white,hisp,m,35-39,0.011016,synthetic_seed
NE,2023,white,hisp,m,40-44,0.015178,synthetic_seed
NE,2023,white,hisp,m,45-49,0.022522,synthetic_seed
NE,2023,white,hisp,m,50-54,0.033293,synthetic_seed
NE,2023,white,hisp,m,55-59,0.048226,synthetic_seed
NE,2023,white,hisp,m,60-64,0.071726,synthetic_seed
NE,2023,white,hisp,m,65-69,0.106243,synthetic_seed
NE,2023,white,hisp,m,70-74,0.162058,synthetic_seed
NE,2023,white,hisp,m,75-79,0.251899,synthetic_seed
NE,2023,white,hisp,m,80-84,0.394862,synthetic_seed
NE,2023,white,hisp,m,85+,0.680911,synthetic_seed
NE,2023,white,hisp,f,0-4,0.002168,synthetic_seed
NE,2023,white,hisp,f,5-9,0.000434,synthetic_seed
NE,2023,white,hisp,f,10-14,0.000434,synthetic_seed
NE,2023,white,hisp,f,15-19,0.002168,synthetic_seed
NE,2023,white,hisp,f,20-24,0.003468,synthetic_seed
NE,2023,white,hisp,f,25-29,0.004335,synthetic_seed
NE,2023,white,hisp,f,30-34,0.005635,synthetic_seed
NE,2023,white,hisp,f,35-39,0.007803,synthetic_seed
NE,2023,white,hisp,f,40-44,0.010751,synthetic_seed
NE,2023,white,hisp,f,45-49,0.015953,synthetic_seed
NE,2023,white,hisp,f,50-54,0.023582,synthetic_seed
NE,2023,white,hisp,f,55-59,0.03416,synthetic_seed
NE,2023,white,hisp,f,60-64,0.050806,synthetic_seed
NE,2023,white,hisp,f,65-69,0.075256,synthetic_seed
NE,2023,white,hisp,f,70-74,0.114791,synthetic_seed
NE,2023,white,hisp,f,75-79,0.178429,synthetic_seed
NE,2023,white,hisp,f,80-84,0.279694,synthetic_seed
NE,2023,white,hisp,f,85+,0.482312,synthetic_seed
NE,2023,black,non-hisp,m,0-4,0.003366,synthetic_seed
NE,2023,black,non-hisp,m,5-9,0.000673,synthetic_seed
NE,2023,black,non-hisp,m,10-14,0.000673,synthetic_seed
NE,2023,black,non-hisp,m,15-19,0.003366,synthetic_seed
NE,2023,black,non-hisp,m,20-24,0.005386,synthetic_seed
NE,2023,black,non-hisp,m,25-29,0.006732,synthetic_seed
NE,2023,black,non-hisp,m,30-34,0.008752,synthetic_seed
NE,2023,black,non-hisp,m,35-39,0.012118,synthetic_seed
NE,2023,black,non-hisp,m,40-44,0.016695,synthetic_seed
NE,2023,black,non-hisp,m,45-49,0.024774,synthetic_seed
NE,2023,black,non-hisp,m,50-54,0.036622,synthetic_seed
NE,2023,black,non-hisp,m,55-59,0.053048,synthetic_seed
NE,2023,black,non-hisp,m,60-64,0.078899,synthetic_seed
NE,2023,black,non-hisp,m,65-69,0.116868,synthetic_seed
NE,2023,black,non-hisp,m,70-74,0.178263,synthetic_seed
NE,2023,black,non-hisp,m,75-79,0.277089,synthetic_seed
NE,2023,black,non-hisp,m,80-84,0.434349,synthetic_seed
NE,2023,black,non-hisp,m,85+,0.749002,synthetic_seed
NE,2023,black,non-hisp,f,0-4,0.002384,synthetic_seed
NE,2023,black,non-hisp,f,5-9,0.000477,synthetic_seed
NE,2023,black,non-hisp,f,10-14,0.000477,synthetic_seed
NE,2023,black,non-hisp,f,15-19,0.002384,synthetic_seed
NE,2023,black,non-hisp,f,20-24,0.003815,synthetic_seed
NE,2023,black,non-hisp,f,25-29,0.004769,synthetic_seed
NE,2023,black,non-hisp,f,30-34,0.006199,synthetic_seed
NE,2023,black,non-hisp,f,35-39,0.008583,synthetic_seed
NE,2023,black,non-hisp,f,40-44,0.011826,synthetic_seed
NE,2023,black,non-hisp,f,45-49,0.017548,synthetic_seed
NE,2023,black,non-hisp,f,50-54,0.025941,synthetic_seed
NE,2023,black,non-hisp,f,55-59,0.037576,synthetic_seed
NE,2023,black,non-hisp,f,60-64,0.055887,synthetic_seed
NE,2023,black,non-hisp,f,65-69,0.082781,synthetic_seed
NE,2023,black,non-hisp,f,70-74,0.12627,synthetic_seed
NE,2023,black,non-hisp,f,75-79,0.196271,synthetic_seed
NE,2023,black,non-hisp,f,80-84,0.307664,synthetic_seed
NE,2023,black,non-hisp,f,85+,0.530543,synthetic_seed
NE,2023,black,hisp,m,0-4,0.003366,synthetic_seed
NE,2023,black,hisp,m,5-9,0.000673,synthetic_seed
NE,2023,black,hisp,m,10-14,0.000673,synthetic_seed
NE,2023,black,hisp,m,15-19,0.003366,synthetic_seed
NE,2023,black,hisp,m,20-24,0.005386,synthetic_seed
NE,2023,black,hisp,m,25-29,0.006732,synthetic_seed
NE,2023,black,hisp,m,30-34,0.008752,synthetic_seed
NE,2023,black,hisp,m,35-39,0.012118,synthetic_seed
NE,2023,black,hisp,m,40-44,0.016695,synthetic_seed
NE,2023,black,hisp,m,45-49,0.024774,synthetic_seed
NE,2023,black,hisp,m,50-54,0.036622,synthetic_seed
NE,2023,black,hisp,m,55-59,0.053048,synthetic_seed
NE,2023,black,hisp,m,60-64,0.078899,synthetic_seed
NE,2023,black,hisp,m,65-69,0.116868,synthetic_seed
NE,2023,black,hisp,m,70-74,0.178263,synthetic_seed
NE,2023,black,hisp,m,75-79,0.277089,synthetic_seed
NE,2023,black,hisp,m,80-84,0.434349,synthetic_seed
NE,2023,black,hisp,m,85+,0.749002,synthetic_seed
NE,2023,black,hisp,f,0-4,0.002384,synthetic_seed
NE,2023,black,hisp,f,5-9,0.000477,synthetic_seed
NE,2023,black,hisp,f,10-14,0.000477,synthetic_seed
NE,2023,black,hisp,f,15-19,0.002384,synthetic_seed
NE,2023,black,hisp,f,20-24,0.003815,synthetic_seed
NE,2023,black,hisp,f,25-29,0.004769,synthetic_seed
NE,2023,black,hisp,f,30-34,0.006199,synthetic_seed
NE,2023,black,hisp,f,35-39,0.008583,synthetic_seed
NE,2023,black,hisp,f,40-44,0.011826,synthetic_seed
NE,2023,black,hisp,f,45-49,0.017548,synthetic_seed
NE,2023,black,hisp,f,50-54,0.025941,synthetic_seed
NE,2023,black,hisp,f,55-59,0.037576,synthetic_seed
NE,2023,black,hisp,f,60-64,0.055887,synthetic_seed
NE,2023,black,hisp,f,65-69,0.082781,synthetic_seed
NE,2023,black,hisp,f,70-74,0.12627,synthetic_seed
NE,2023,black,hisp,f,75-79,0.196271,synthetic_seed
NE,2023,black,hisp,f,80-84,0.307664,synthetic_seed
NE,2023,black,hisp,f,85+,0.530543,synthetic_seed
NE,2023,asian,non-hisp,m,0-4,0.002907,synthetic_seed
NE,2023,asian,non-hisp,m,5-9,0.000581,synthetic_seed
NE,2023,asian,non-hisp,m,10-14,0.000581,synthetic_seed
NE,2023,asian,non-hisp,m,15-19,0.002907,synthetic_seed
NE,2023,asian,non-hisp,m,20-24,0.004651,synthetic_seed
NE,2023,asian,non-hisp,m,25-29,0.005814,synthetic_seed
NE,2023,asian,non-hisp,m,30-34,0.007558,synthetic_seed
NE,2023,asian,non-hisp,m,35-39,0.010465,synthetic_seed
NE,2023,asian,non-hisp,m,40-44,0.014419,synthetic_seed
NE,2023,asian,non-hisp,m,45-49,0.021396,synthetic_seed
NE,2023,asian,non-hisp,m,50-54,0.031628,synthetic_seed
NE,2023,asian,non-hisp,m,55-59,0.045814,synthetic_seed
NE,2023,asian,non-hisp,m,60-64,0.06814,synthetic_seed
NE,2023,asian,non-hisp,m,65-69,0.100931,synthetic_seed
NE,2023,asian,non-hisp,m,70-74,0.153955,synthetic_seed
NE,2023,asian,non-hisp,m,75-79,0.239304,synthetic_seed
NE,2023,asian,non-hisp,m,80-84,0.375119,synthetic_seed
NE,2023,asian,non-hisp,m,85+,0.646866,synthetic_seed
NE,2023,asian,non-hisp,f,0-4,0.002059,synthetic_seed
NE,2023,asian,non-hisp,f,5-9,0.000412,synthetic_seed
NE,2023,asian,non-hisp,f,10-14,0.000412,synthetic_seed
NE,2023,asian,non-hisp,f,15-19,0.002059,synthetic_seed
NE,2023,asian,non-hisp,f,20-24,0.003295,synthetic_seed
NE,2023,asian,non-hisp,f,25-29,0.004118,synthetic_seed
NE,2023,asian,non-hisp,f,30-34,0.005354,synthetic_seed
NE,2023,asian,non-hisp,f,35-39,0.007413,synthetic_seed
NE,2023,asian,non-hisp,f,40-44,0.010213,synthetic_seed
NE,2023,asian,non-hisp,f,45-49,0.015155,synthetic_seed
NE,2023,asian,non-hisp,f,50-54,0.022403,synthetic_seed
NE,2023,asian,non-hisp,f,55-59,0.032452,synthetic_seed
NE,2023,asian,non-hisp,f,60-64,0.048266,synthetic_seed
NE,2023,asian,non-hisp,f,65-69,0.071493,synthetic_seed
NE,2023,asian,non-hisp,f,70-74,0.109051,synthetic_seed
NE,2023,asian,non-hisp,f,75-79,0.169507,synthetic_seed
NE,2023,asian,non-hisp,f,80-84,0.265709,synthetic_seed
NE,2023,asian,non-hisp,f,85+,0.458196,synthetic_seed
NE,2023,asian,hisp,m,0-4,0.002907,synthetic_seed
NE,2023,asian,hisp,m,5-9,0.000581,synthetic_seed
NE,2023,asian,hisp,m,10-14,0.000581,synthetic_seed
NE,2023,asian,hisp,m,15-19,0.002907,synthetic_seed
NE,2023,asian,hisp,m,20-24,0.004651,synthetic_seed
NE,2023,asian,hisp,m,25-29,0.005814,synthetic_seed
NE,2023,asian,hisp,m,30-34,0.007558,synthetic_seed
NE,2023,asian,hisp,m,35-39,0.010465,synthetic_seed
NE,2023,asian,hisp,m,40-44,0.014419,synthetic_seed
NE,2023,asian,hisp,m,45-49,0.021396,synthetic_seed
NE,2023,asian,hisp,m,50-54,0.031628,synthetic_seed
NE,2023,asian,hisp,m,55-59,0.045814,synthetic_seed
NE,2023,asian,hisp,m,60-64,0.06814,synthetic_seed
NE,2023,asian,hisp,m,65-69,0.100931,synthetic_seed
NE,2023,asian,hisp,m,70-74,0.153955,synthetic_seed
NE,2023,asian,hisp,m,75-79,0.239304,synthetic_seed
NE,2023,asian,hisp,m,80-84,0.375119,synthetic_seed
NE,2023,asian,hisp,m,85+,0.646866,synthetic_seed
NE,2023,asian,hisp,f,0-4,0.002059,synthetic_seed
NE,2023,asian,hisp,f,5-9,0.000412,synthetic_seed
NE,2023,asian,hisp,f,10-14,0.000412,synthetic_seed
NE,2023,asian,hisp,f,15-19,0.002059,synthetic_seed
NE,2023,asian,hisp,f,20-24,0.003295,synthetic_seed
NE,2023,asian,hisp,f,25-29,0.004118,synthetic_seed
NE,2023,asian,hisp,f,30-34,0.005354,synthetic_seed
NE,2023,asian,hisp,f,35-39,0.007413,synthetic_seed
NE,2023,asian,hisp,f,40-44,0.010213,synthetic_seed
NE,2023,asian,hisp,f,45-49,0.015155,synthetic_seed
NE,2023,asian,hisp,f,50-54,0.022403,synthetic_seed
NE,2023,asian,hisp,f,55-59,0.032452,synthetic_seed
NE,2023,asian,hisp,f,60-64,0.048266,synthetic_seed
NE,2023,asian,hisp,f,65-69,0.071493,synthetic_seed
NE,2023,asian,hisp,f,70-74,0.109051,synthetic_seed
NE,2023,asian,hisp,f,75-79,0.169507,synthetic_seed
NE,2023,asian,hisp,f,80-84,0.265709,synthetic_seed
NE,2023,asian,hisp,f,85+,0.458196,synthetic_seed
NE,2023,other,non-hisp,m,0-4,0.00306,synthetic_seed
NE,2023,other,non-hisp,m,5-9,0.000612,synthetic_seed
NE,2023,other,non-hisp,m,10-14,0.000612,synthetic_seed
NE,2023,other,non-hisp,m,15-19,0.00306,synthetic_seed
NE,2023,other,non-hisp,m,20-24,0.004896,synthetic_seed
NE,2023,other,non-hisp,m,25-29,0.00612,synthetic_seed
NE,2023,other,non-hisp,m,30-34,0.007956,synthetic_seed
NE,2023,other,non-hisp,m,35-39,0.011016,synthetic_seed
NE,2023,other,non-hisp,m,40-44,0.015178,synthetic_seed
NE,2023,other,non-hisp,m,45-49,0.022522,synthetic_seed
NE,2023,other,non-hisp,m,50-54,0.033293,synthetic_seed
NE,2023,other,non-hisp,m,55-59,0.048226,synthetic_seed
NE,2023,other,non-hisp,m,60-64,0.071726,synthetic_seed
NE,2023,other,non-hisp,m,65-69,0.106243,synthetic_seed
NE,2023,other,non-hisp,m,70-74,0.162058,synthetic_seed
NE,2023,other,non-hisp,m,75-79,0.251899,synthetic_seed
NE,2023,other,non-hisp,m,80-84,0.394862,synthetic_seed
NE,2023,other,non-hisp,m,85+,0.680911,synthetic_seed
NE,2023,other,non-hisp,f,0-4,0.002168,synthetic_seed
NE,2023,other,non-hisp,f,5-9,0.000434,synthetic_seed
NE,2023,other,non-hisp,f,10-14,0.000434,synthetic_seed
NE,2023,other,non-hisp,f,15-19,0.002168,synthetic_seed
NE,2023,other,non-hisp,f,20-24,0.003468,synthetic_seed
NE,2023,other,non-hisp,f,25-29,0.004335,synthetic_seed
NE,2023,other,non-hisp,f,30-34,0.005635,synthetic_seed
NE,2023,other,non-hisp,f,35-39,0.007803,synthetic_seed
NE,2023,other,non-hisp,f,40-44,0.010751,synthetic_seed
NE,2023,other,non-hisp,f,45-49,0.015953,synthetic_seed
NE,2023,other,non-hisp,f,50-54,0.023582,synthetic_seed
NE,2023,other,non-hisp,f,55-59,0.03416,synthetic_seed
NE,2023,other,non-hisp,f,60-64,0.050806,synthetic_seed
NE,2023,other,non-hisp,f,65-69,0.075256,synthetic_seed
NE,2023,other,non-hisp,f,70-74,0.114791,synthetic_seed
NE,2023,other,non-hisp,f,75-79,0.178429,synthetic_seed
NE,2023,other,non-hisp,f,80-84,0.279694,synthetic_seed
NE,2023,other,non-hisp,f,85+,0.482312,synthetic_seed
NE,2023,other,hisp,m,0-4,0.00306,synthetic_seed
NE,2023,other,hisp,m,5-9,0.000612,synthetic_seed
NE,2023,other,hisp,m,10-14,0.000612,synthetic_seed
NE,2023,other,hisp,m,15-19,0.00306,synthetic_seed
NE,2023,other,hisp,m,20-24,0.004896,synthetic_seed
NE,2023,other,hisp,m,25-29,0.00612,synthetic_seed
NE,2023,other,hisp,m,30-34,0.007956,synthetic_seed
NE,2023,other,hisp,m,35-39,0.011016,synthetic_seed
NE,2023,other,hisp,m,40-44,0.015178,synthetic_seed
NE,2023,other,hisp,m,45-49,0.022522,synthetic_seed
NE,2023,other,hisp,m,50-54,0.033293,synthetic_seed
NE,2023,other,hisp,m,55-59,0.048226,synthetic_seed
NE,2023,other,hisp,m,60-64,0.071726,synthetic_seed
NE,2023,other,hisp,m,65-69,0.106243,synthetic_seed
NE,2023,other,hisp,m,70-74,0.162058,synthetic_seed
NE,2023,other,hisp,m,75-79,0.251899,synthetic_seed
NE,2023,other,hisp,m,80-84,0.394862,synthetic_seed
NE,2023,other,hisp,m,85+,0.680911,synthetic_seed
NE,2023,other,hisp,f,0-4,0.002168,synthetic_seed
NE,2023,other,hisp,f,5-9,0.000434,synthetic_seed
NE,2023,other,hisp,f,10-14,0.000434,synthetic_seed
NE,2023,other,hisp,f,15-19,0.002168,synthetic_seed
NE,2023,other,hisp,f,20-24,0.003468,synthetic_seed
NE,2023,other,hisp,f,25-29,0.004335,synthetic_seed
NE,2023,other,hisp,f,30-34,0.005635,synthetic_seed
NE,2023,other,hisp,f,35-39,0.007803,synthetic_seed
NE,2023,other,hisp,f,40-44,0.010751,synthetic_seed
NE,2023,other,hisp,f,45-49,0.015953,synthetic_seed
NE,2023,other,hisp,f,50-54,0.023582,synthetic_seed
NE,2023,other,hisp,f,55-59,0.03416,synthetic_seed
NE,2023,other,hisp,f,60-64,0.050806,synthetic_seed
NE,2023,other,hisp,f,65-69,0.075256,synthetic_seed
NE,2023,other,hisp,f,70-74,0.114791,synthetic_seed
NE,2023,other,hisp,f,75-79,0.178429,synthetic_seed
NE,2023,other,hisp,f,80-84,0.279694,synthetic_seed
NE,2023,other,hisp,f,85+,0.482312,synthetic_seed
NV,2023,white,non-hisp,m,0-4,0.00291,synthetic_seed
NV,2023,white,non-hisp,m,5-9,0.000582,synthetic_seed
NV,2023,white,non-hisp,m,10-14,0.000582,synthetic_seed
NV,2023,white,non-hisp,m,15-19,0.00291,synthetic_seed
NV,2023,white,non-hisp,m,20-24,0.004656,synthetic_seed
NV,2023,white,non-hisp,m,25-29,0.00582,synthetic_seed
NV,2023,white,non-hisp,m,30-34,0.007566,synthetic_seed
NV,2023,white,non-hisp,m,35-39,0.010476,synthetic_seed
NV,2023,white,non-hisp,m,40-44,0.014434,synthetic_seed
NV,2023,white,non-hisp,m,45-49,0.021418,synthetic_seed
NV,2023,white,non-hisp,m,50-54,0.031661,synthetic_seed
NV,2023,white,non-hisp,m,55-59,0.045862,synthetic_seed
NV,2023,white,non-hisp,m,60-64,0.06821,synthetic_seed
NV,2023,white,non-hisp,m,65-69,0.101035,synthetic_seed
NV,2023,white,non-hisp,m,70-74,0.154114,synthetic_seed
NV,2023,white,non-hisp,m,75-79,0.239551,synthetic_seed
NV,2023,white,non-hisp,m,80-84,0.375506,synthetic_seed
NV,2023,white,non-hisp,m,85+,0.647533,synthetic_seed
NV,2023,white,non-hisp,f,0-4,0.002061,synthetic_seed
NV,2023,white,non-hisp,f,5-9,0.000412,synthetic_seed
NV,2023,white,non-hisp,f,10-14,0.000412,synthetic_seed
NV,2023,white,non-hisp,f,15-19,0.002061,synthetic_seed
NV,2023,white,non-hisp,f,20-24,0.003298,synthetic_seed
NV,2023,white,non-hisp,f,25-29,0.004123,synthetic_seed
NV,2023,white,non-hisp,f,30-34,0.005359,synthetic_seed
NV,2023,white,non-hisp,f,35-39,0.007421,synthetic_seed
NV,2023,white,non-hisp,f,40-44,0.010224,synthetic_seed
NV,2023,white,non-hisp,f,45-49,0.015171,synthetic_seed
NV,2023,white,non-hisp,f,50-54,0.022426,synthetic_seed
NV,2023,white,non-hisp,f,55-59,0.032485,synthetic_seed
NV,2023,white,non-hisp,f,60-64,0.048316,synthetic_seed
NV,2023,white,non-hisp,f,65-69,0.071567,synthetic_seed
NV,2023,white,non-hisp,f,70-74,0.109164,synthetic_seed
NV,2023,white,non-hisp,f,75-79,0.169682,synthetic_seed
NV,2023,white,non-hisp,f,80-84,0.265984,synthetic_seed
NV,2023,white,non-hisp,f,85+,0.458669,synthetic_seed
NV,2023,white,hisp,m,0-4,0.00291,synthetic_seed
NV,2023,white,hisp,m,5-9,0.000582,synthetic_seed
NV,2023,white,hisp,m,10-14,0.000582,synthetic_seed
NV,2023,white,hisp,m,15-19,0.00291,synthetic_seed
NV,2023,white,hisp,m,20-24,0.004656,synthetic_seed
NV,2023,white,hisp,m,25-29,0.00582,synthetic_seed
NV,2023,white,hisp,m,30-34,0.007566,synthetic_seed
NV,2023,white,hisp,m,35-39,0.010476,synthetic_seed
NV,2023,white,hisp,m,40-44,0.014434,synthetic_seed
NV,2023,white,hisp,m,45-49,0.021418,synthetic_seed
NV,2023,white,hisp,m,50-54,0.031661,synthetic_seed
NV,2023,white,hisp,m,55-59,0.045862,synthetic_seed
NV,2023,white,hisp,m,60-64,0.06821,synthetic_seed
NV,2023,white,hisp,m,65-69,0.101035,synthetic_seed
NV,2023,white,hisp,m,70-74,0.154114,synthetic_seed
NV,2023,white,hisp,m,75-79,0.239551,synthetic_seed
NV,2023,white,hisp,m,80-84,0.375506,synthetic_seed
NV,2023,white,hisp,m,85+,0.647533,synthetic_seed
NV,2023,white,hisp,f,0-4,0.002061,synthetic_seed
NV,2023,white,hisp,f,5-9,0.000412,synthetic_seed
NV,2023,white,hisp,f,10-14,0.000412,synthetic_seed
NV,2023,white,hisp,f,15-19,0.002061,synthetic_seed
NV,2023,white,hisp,f,20-24,0.003298,synthetic_seed
NV,2023,white,hisp,f,25-29,0.004123,synthetic_seed
NV,2023,white,hisp,f,30-34,0.005359,synthetic_seed
NV,2023,white,hisp,f,35-39,0.007421,synthetic_seed
NV,2023,white,hisp,f,40-44,0.010224,synthetic_seed
NV,2023,white,hisp,f,45-49,0.015171,synthetic_seed
NV,2023,white,hisp,f,50-54,0.022426,synthetic_seed
NV,2023,white,hisp,f,55-59,0.032485,synthetic_seed
NV,2023,white,hisp,f,60-64,0.048316,synthetic_seed
NV,2023,white,hisp,f,65-69,0.071567,synthetic_seed
NV,2023,white,hisp,f,70-74,0.109164,synthetic_seed
NV,2023,white,hisp,f,75-79,0.169682,synthetic_seed
NV,2023,white,hisp,f,80-84,0.265984,synthetic_seed
NV,2023,white,hisp,f,85+,0.458669,synthetic_seed
NV,2023,black,non-hisp,m,0-4,0.003201,synthetic_seed
NV,2023,black,non-hisp,m,5-9,0.00064,synthetic_seed
NV,2023,black,non-hisp,m,10-14,0.00064,synthetic_seed
NV,2023,black,non-hisp,m,15-19,0.003201,synthetic_seed
NV,2023,black,non-hisp,m,20-24,0.005122,synthetic_seed
NV,2023,black,non-hisp,m,25-29,0.006402,synthetic_seed
NV,2023,black,non-hisp,m,30-34,0.008323,synthetic_seed
NV,2023,black,non-hisp,m,35-39,0.011524,synthetic_seed
NV,2023,black,non-hisp,m,40-44,0.015877,synthetic_seed
NV,2023,black,non-hisp,m,45-49,0.023559,synthetic_seed
NV,2023,black,non-hisp,m,50-54,0.034827,synthetic_seed
NV,2023,black,non-hisp,m,55-59,0.050448,synthetic_seed
NV,2023,black,non-hisp,m,60-64,0.075031,synthetic_seed
NV,2023,black,non-hisp,m,65-69,0.111139,synthetic_seed
NV,2023,black,non-hisp,m,70-74,0.169525,synthetic_seed
NV,2023,black,non-hisp,m,75-79,0.263506,synthetic_seed
NV,2023,black,non-hisp,m,80-84,0.413057,synthetic_seed
NV,2023,black,non-hisp,m,85+,0.712287,synthetic_seed
NV,2023,black,non-hisp,f,0-4,0.002267,synthetic_seed
NV,2023,black,non-hisp,f,5-9,0.000453,synthetic_seed
NV,2023,black,non-hisp,f,10-14,0.000453,synthetic_seed
NV,2023,black,non-hisp,f,15-19,0.002267,synthetic_seed
NV,2023,black,non-hisp,f,20-24,0.003628,synthetic_seed
NV,2023,black,non-hisp,f,25-29,0.004535,synthetic_seed
NV,2023,black,non-hisp,f,30-34,0.005895,synthetic_seed
NV,2023,black,non-hisp,f,35-39,0.008163,synthetic_seed
NV,2023,black,non-hisp,f,40-44,0.011246,synthetic_seed
NV,2023,black,non-hisp,f,45-49,0.016688,synthetic_seed
NV,2023,black,non-hisp,f,50-54,0.024669,synthetic_seed
NV,2023,black,non-hisp,f,55-59,0.035734,synthetic_seed
NV,2023,black,non-hisp,f,60-64,0.053147,synthetic_seed
NV,2023,black,non-hisp,f,65-69,0.078723,synthetic_seed
NV,2023,black,non-hisp,f,70-74,0.12008,synthetic_seed
NV,2023,black,non-hisp,f,75-79,0.18665,synthetic_seed
NV,2023,black,non-hisp,f,80-84,0.292582,synthetic_seed
NV,2023,black,non-hisp,f,85+,0.504536,synthetic_seed
NV,2023,black,hisp,m,0-4,0.003201,synthetic_seed
NV,2023,black,hisp,m,5-9,0.00064,synthetic_seed
NV,2023,black,hisp,m,10-14,0.00064,synthetic_seed
NV,2023,black,hisp,m,15-19,0.003201,synthetic_seed
NV,2023,black,hisp,m,20-24,0.005122,synthetic_seed
NV,2023,black,hisp,m,25-29,0.006402,synthetic_seed
NV,2023,black,hisp,m,30-34,0.008323,synthetic_seed
NV,2023,black,hisp,m,35-39,0.011524,synthetic_seed
NV,2023,black,hisp,m,40-44,0.015877,synthetic_seed
NV,2023,black,hisp,m,45-49,0.023559,synthetic_seed
NV,2023,black,hisp,m,50-54,0.034827,synthetic_seed
NV,2023,black,hisp,m,55-59,0.050448,synthetic_seed
NV,2023,black,hisp,m,60-64,0.075031,synthetic_seed
NV,2023,black,hisp,m,65-69,0.111139,synthetic_seed
NV,2023,black,hisp,m,70-74,0.169525,synthetic_seed
NV,2023,black,hisp,m,75-79,0.263506,synthetic_seed
NV,2023,black,hisp,m,80-84,0.413057,synthetic_seed
NV,2023,black,hisp,m,85+,0.712287,synthetic_seed
NV,2023,black,hisp,f,0-4,0.002267,synthetic_seed
NV,2023,black,hisp,f,5-9,0.000453,synthetic_seed
NV,2023,black,hisp,f,10-14,0.000453,synthetic_seed
NV,2023,black,hisp,f,15-19,0.002267,synthetic_seed
NV,2023,black,hisp,f,20-24,0.003628,synthetic_seed
NV,2023,black,hisp,f,25-29,0.004535,synthetic_seed
NV,2023,black,hisp,f,30-34,0.005895,synthetic_seed
NV,2023,black,hisp,f,35-39,0.008163,synthetic_seed
NV,2023,black,hisp,f,40-44,0.011246,synthetic_seed
NV,2023,black,hisp,f,45-49,0.016688,synthetic_seed
NV,2023,black,hisp,f,50-54,0.024669,synthetic_seed
NV,2023,black,hisp,f,55-59,0.035734,synthetic_seed
NV,2023,black,hisp,f,60-64,0.053147,synthetic_seed
NV,2023,black,hisp,f,65-69,0.078723,synthetic_seed
NV,2023,black,hisp,f,70-74,0.12008,synthetic_seed
NV,2023,black,hisp,f,75-79,0.18665,synthetic_seed
NV,2023,black,hisp,f,80-84,0.292582,synthetic_seed
NV,2023,black,hisp,f,85+,0.504536,synthetic_seed
NV,2023,asian,non-hisp,m,0-4,0.002764,synthetic_seed
NV,2023,asian,non-hisp,m,5-9,0.000553,synthetic_seed
NV,2023,asian,non-hisp,m,10-14,0.000553,synthetic_seed
NV,2023,asian,non-hisp,m,15-19,0.002764,synthetic_seed
NV,2023,asian,non-hisp,m,20-24,0.004423,synthetic_seed
NV,2023,asian,non-hisp,m,25-29,0.005529,synthetic_seed
NV,2023,asian,non-hisp,m,30-34,0.007188,synthetic_seed
NV,2023,asian,non-hisp,m,35-39,0.009952,synthetic_seed
NV,2023,asian,non-hisp,m,40-44,0.013712,synthetic_seed
NV,2023,asian,non-hisp,m,45-49,0.020347,synthetic_seed
NV,2023,asian,non-hisp,m,50-54,0.030078,synthetic_seed
NV,2023,asian,non-hisp,m,55-59,0.043569,synthetic_seed
NV,2023,asian,non-hisp,m,60-64,0.0648,synthetic_seed
NV,2023,asian,non-hisp,m,65-69,0.095983,synthetic_seed
NV,2023,asian,non-hisp,m,70-74,0.146408,synthetic_seed
NV,2023,asian,non-hisp,m,75-79,0.227574,synthetic_seed
NV,2023,asian,non-hisp,m,80-84,0.356731,synthetic_seed
NV,2023,asian,non-hisp,m,85+,0.615157,synthetic_seed
NV,2023,asian,non-hisp,f,0-4,0.001958,synthetic_seed
NV,2023,asian,non-hisp,f,5-9,0.000392,synthetic_seed
NV,2023,asian,non-hisp,f,10-14,0.000392,synthetic_seed
NV,2023,asian,non-hisp,f,15-19,0.001958,synthetic_seed
NV,2023,asian,non-hisp,f,20-24,0.003133,synthetic_seed
NV,2023,asian,non-hisp,f,25-29,0.003916,synthetic_seed
NV,2023,asian,non-hisp,f,30-34,0.005091,synthetic_seed
NV,2023,asian,non-hisp,f,35-39,0.007049,synthetic_seed
NV,2023,asian,non-hisp,f,40-44,0.009713,synthetic_seed
NV,2023,asian,non-hisp,f,45-49,0.014412,synthetic_seed
NV,2023,asian,non-hisp,f,50-54,0.021305,synthetic_seed
NV,2023,asian,non-hisp,f,55-59,0.030861,synthetic_seed
NV,2023,asian,non-hisp,f,60-64,0.0459,synthetic_seed
NV,2023,asian,non-hisp,f,65-69,0.067988,synthetic_seed
NV,2023,asian,non-hisp,f,70-74,0.103706,synthetic_seed
NV,2023,asian,non-hisp,f,75-79,0.161198,synthetic_seed
NV,2023,asian,non-hisp,f,80-84,0.252685,synthetic_seed
NV,2023,asian,non-hisp,f,85+,0.435736,synthetic_seed
NV,2023,asian,hisp,m,0-4,0.002764,synthetic_seed
NV,2023,asian,hisp,m,5-9,0.000553,synthetic_seed
NV,2023,asian,hisp,m,10-14,0.000553,synthetic_seed
NV,2023,asian,hisp,m,15-19,0.002764,synthetic_seed
NV,2023,asian,hisp,m,20-24,0.004423,synthetic_seed
NV,2023,asian,hisp,m,25-29,0.005529,synthetic_seed
NV,2023,asian,hisp,m,30-34,0.007188,synthetic_seed
NV,2023,asian,hisp,m,35-39,0.009952,synthetic_seed
NV,2023,asian,hisp,m,40-44,0.013712,synthetic_seed
NV,2023,asian,hisp,m,45-49,0.020347,synthetic_seed
NV,2023,asian,hisp,m,50-54,0.030078,synthetic_seed
NV,2023,asian,hisp,m,55-59,0.043569,synthetic_seed
NV,2023,asian,hisp,m,60-64,0.0648,synthetic_seed
NV,2023,asian,hisp,m,65-69,0.095983,synthetic_seed
NV,2023,asian,hisp,m,70-74,0.146408,synthetic_seed
NV,2023,asian,hisp,m,75-79,0.227574,synthetic_seed
NV,2023,asian,hisp,m,80-84,0.356731,synthetic_seed
NV,2023,asian,hisp,m,85+,0.615157,synthetic_seed
NV,2023,asian,hisp,f,0-4,0.001958,synthetic_seed
NV,2023,asian,hisp,f,5-9,0.000392,synthetic_seed
NV,2023,asian,hisp,f,10-14,0.000392,synthetic_seed
NV,2023,asian,hisp,f,15-19,0.001958,synthetic_seed
NV,2023,asian,hisp,f,20-24,0.003133,synthetic_seed
NV,2023,asian,hisp,f,25-29,0.003916,synthetic_seed
NV,2023,asian,hisp,f,30-34,0.005091,synthetic_seed
NV,2023,asian,hisp,f,35-39,0.007049,synthetic_seed
NV,2023,asian,hisp,f,40-44,0.009713,synthetic_seed
NV,2023,asian,hisp,f,45-49,0.014412,synthetic_seed
NV,2023,asian,hisp,f,50-54,0.021305,synthetic_seed
NV,2023,asian,hisp,f,55-59,0.030861,synthetic_seed
NV,2023,asian,hisp,f,60-64,0.0459,synthetic_seed
NV,2023,asian,hisp,f,65-69,0.067988,synthetic_seed
NV,2023,asian,hisp,f,70-74,0.103706,synthetic_seed
NV,2023,asian,hisp,f,75-79,0.161198,synthetic_seed
NV,2023,asian,hisp,f,80-84,0.252685,synthetic_seed
NV,2023,asian,hisp,f,85+,0.435736,synthetic_seed
NV,2023,other,non-hisp,m,0-4,0.00291,synthetic_seed
NV,2023,other,non-hisp,m,5-9,0.000582,synthetic_seed
NV,2023,other,non-hisp,m,10-14,0.000582,synthetic_seed
NV,2023,other,non-hisp,m,15-19,0.00291,synthetic_seed
NV,2023,other,non-hisp,m,20-24,0.004656,synthetic_seed
NV,2023,other,non-hisp,m,25-29,0.00582,synthetic_seed
NV,2023,other,non-hisp,m,30-34,0.007566,synthetic_seed
NV,2023,other,non-hisp,m,35-39,0.010476,synthetic_seed
NV,2023,other,non-hisp,m,40-44,0.014434,synthetic_seed
NV,2023,other,non-hisp,m,45-49,0.021418,synthetic_seed
NV,2023,other,non-hisp,m,50-54,0.031661,synthetic_seed
NV,2023,other,non-hisp,m,55-59,0.045862,synthetic_seed
NV,2023,other,non-hisp,m,60-64,0.06821,synthetic_seed
NV,2023,other,non-hisp,m,65-69,0.101035,synthetic_seed
NV,2023,other,non-hisp,m,70-74,0.154114,synthetic_seed
NV,2023,other,non-hisp,m,75-79,0.239551,synthetic_seed
NV,2023,other,non-hisp,m,80-84,0.375506,synthetic_seed
NV,2023,other,non-hisp,m,85+,0.647533,synthetic_seed
NV,2023,other,non-hisp,f,0-4,0.002061,synthetic_seed
NV,2023,other,non-hisp,f,5-9,0.000412,synthetic_seed
NV,2023,other,non-hisp,f,10-14,0.000412,synthetic_seed
NV,2023,other,non-hisp,f,15-19,0.002061,synthetic_seed
NV,2023,other,non-hisp,f,20-24,0.003298,synthetic_seed
NV,2023,other,non-hisp,f,25-29,0.004123,synthetic_seed
NV,2023,other,non-hisp,f,30-34,0.005359,synthetic_seed
NV,2023,other,non-hisp,f,35-39,0.007421,synthetic_seed
NV,2023,other,non-hisp,f,40-44,0.010224,synthetic_seed
NV,2023,other,non-hisp,f,45-49,0.015171,synthetic_seed
NV,2023,other,non-hisp,f,50-54,0.022426,synthetic_seed
NV,2023,other,non-hisp,f,55-59,0.032485,synthetic_seed
NV,2023,other,non-hisp,f,60-64,0.048316,synthetic_seed
NV,2023,other,non-hisp,f,65-69,0.071567,synthetic_seed
NV,2023,other,non-hisp,f,70-74,0.109164,synthetic_seed
NV,2023,other,non-hisp,f,75-79,0.169682,synthetic_seed
NV,2023,other,non-hisp,f,80-84,0.265984,synthetic_seed
NV,2023,other,non-hisp,f,85+,0.458669,synthetic_seed
NV,2023,other,hisp,m,0-4,0.00291,synthetic_seed
NV,2023,other,hisp,m,5-9,0.000582,synthetic_seed
NV,2023,other,hisp,m,10-14,0.000582,synthetic_seed
NV,2023,other,hisp,m,15-19,0.00291,synthetic_seed
NV,2023,other,hisp,m,20-24,0.004656,synthetic_seed
NV,2023,other,hisp,m,25-29,0.00582,synthetic_seed
NV,2023,other,hisp,m,30-34,0.007566,synthetic_seed
NV,2023,other,hisp,m,35-39,0.010476,synthetic_seed
NV,2023,other,hisp,m,40-44,0.014434,synthetic_seed
NV,2023,other,hisp,m,45-49,0.021418,synthetic_seed
NV,2023,other,hisp,m,50-54,0.031661,synthetic_seed
NV,2023,other,hisp,m,55-59,0.045862,synthetic_seed
NV,2023,other,hisp,m,60-64,0.06821,synthetic_seed
NV,2023,other,hisp,m,65-69,0.101035,synthetic_seed
NV,2023,other,hisp,m,70-74,0.154114,synthetic_seed
NV,2023,other,hisp,m,75-79,0.239551,synthetic_seed
NV,2023,other,hisp,m,80-84,0.375506,synthetic_seed
NV,2023,other,hisp,m,85+,0.647533,synthetic_seed
NV,2023,other,hisp,f,0-4,0.002061,synthetic_seed
NV,2023,other,hisp,f,5-9,0.000412,synthetic_seed
NV,2023,other,hisp,f,10-14,0.000412,synthetic_seed
NV,2023,other,hisp,f,15-19,0.002061,synthetic_seed
NV,2023,other,hisp,f,20-24,0.003298,synthetic_seed
NV,2023,other,hisp,f,25-29,0.004123,synthetic_seed
NV,2023,other,hisp,f,30-34,0.005359,synthetic_seed
NV,2023,other,hisp,f,35-39,0.007421,synthetic_seed
NV,2023,other,hisp,f,40-44,0.010224,synthetic_seed
NV,2023,other,hisp,f,45-49,0.015171,synthetic_seed
NV,2023,other,hisp,f,50-54,0.022426,synthetic_seed
NV,2023,other,hisp,f,55-59,0.032485,synthetic_seed
NV,2023,other,hisp,f,60-64,0.048316,synthetic_seed
NV,2023,other,hisp,f,65-69,0.071567,synthetic_seed
NV,2023,other,hisp,f,70-74,0.109164,synthetic_seed
NV,2023,other,hisp,f,75-79,0.169682,synthetic_seed
NV,2023,other,hisp,f,80-84,0.265984,synthetic_seed
NV,2023,other,hisp,f,85+,0.458669,synthetic_seed
NH,2023,white,non-hisp,m,0-4,0.00285,synthetic_seed
NH,2023,white,non-hisp,m,5-9,0.00057,synthetic_seed
NH,2023,white,non-hisp,m,10-14,0.00057,synthetic_seed
NH,2023,white,non-hisp,m,15-19,0.00285,synthetic_seed
NH,2023,white,non-hisp,m,20-24,0.00456,synthetic_seed
NH,2023,white,non-hisp,m,25-29,0.0057,synthetic_seed
NH,2023,white,non-hisp,m,30-34,0.00741,synthetic_seed
NH,2023,white,non-hisp,m,35-39,0.01026,synthetic_seed
NH,2023,white,non-hisp,m,40-44,0.014136,synthetic_seed
NH,2023,white,non-hisp,m,45-49,0.020976,synthetic_seed
NH,2023,white,non-hisp,m,50-54,0.031008,synthetic_seed
NH,2023,white,non-hisp,m,55-59,0.044916,synthetic_seed
NH,2023,white,non-hisp,m,60-64,0.066804,synthetic_seed
NH,2023,white,non-hisp,m,65-69,0.098952,synthetic_seed
NH,2023,white,non-hisp,m,70-74,0.150936,synthetic_seed
NH,2023,white,non-hisp,m,75-79,0.234612,synthetic_seed
NH,2023,white,non-hisp,m,80-84,0.367764,synthetic_seed
NH,2023,white,non-hisp,m,85+,0.634182,synthetic_seed
NH,2023,white,non-hisp,f,0-4,0.002019,synthetic_seed
NH,2023,white,non-hisp,f,5-9,0.000404,synthetic_seed
NH,2023,white,non-hisp,f,10-14,0.000404,synthetic_seed
NH,2023,white,non-hisp,f,15-19,0.002019,synthetic_seed
NH,2023,white,non-hisp,f,20-24,0.00323,synthetic_seed
NH,2023,white,non-hisp,f,25-29,0.004037,synthetic_seed
NH,2023,white,non-hisp,f,30-34,0.005249,synthetic_seed
NH,2023,white,non-hisp,f,35-39,0.007267,synthetic_seed
NH,2023,white,non-hisp,f,40-44,0.010013,synthetic_seed
NH,2023,white,non-hisp,f,45-49,0.014858,synthetic_seed
NH,2023,white,non-hisp,f,50-54,0.021964,synthetic_seed
NH,2023,white,non-hisp,f,55-59,0.031815,synthetic_seed
NH,2023,white,non-hisp,f,60-64,0.047319,synthetic_seed
NH,2023,white,non-hisp,f,65-69,0.070091,synthetic_seed
NH,2023,white,non-hisp,f,70-74,0.106913,synthetic_seed
NH,2023,white,non-hisp,f,75-79,0.166183,synthetic_seed
NH,2023,white,non-hisp,f,80-84,0.260499,synthetic_seed
NH,2023,white,non-hisp,f,85+,0.449212,synthetic_seed
NH,2023,white,hisp,m,0-4,0.00285,synthetic_seed
NH,2023,white,hisp,m,5-9,0.00057,synthetic_seed
NH,2023,white,hisp,m,10-14,0.00057,synthetic_seed
NH,2023,white,hisp,m,15-19,0.00285,synthetic_seed
NH,2023,white,hisp,m,20-24,0.00456,synthetic_seed
NH,2023,white,hisp,m,25-29,0.0057,synthetic_seed
NH,2023,white,hisp,m,30-34,0.00741,synthetic_seed
NH,2023,white,hisp,m,35-39,0.01026,synthetic_seed
NH,2023,white,hisp,m,40-44,0.014136,synthetic_seed
NH,2023,white,hisp,m,45-49,0.020976,synthetic_seed
NH,2023,white,hisp,m,50-54,0.031008,synthetic_seed
NH,2023,white,hisp,m,55-59,0.044916,synthetic_seed
NH,2023,white,hisp,m,60-64,0.066804,synthetic_seed
NH,2023,white,hisp,m,65-69,0.098952,synthetic_seed
NH,2023,white,hisp,m,70-74,0.150936,synthetic_seed
NH,2023,white,hisp,m,75-79,0.234612,synthetic_seed
NH,2023,white,hisp,m,80-84,0.367764,synthetic_seed
NH,2023,white,hisp,m,85+,0.634182,synthetic_seed
NH,2023,white,hisp,f,0-4,0.002019,synthetic_seed
NH,2023,white,hisp,f,5-9,0.000404,synthetic_seed
NH,2023,white,hisp,f,10-14,0.000404,synthetic_seed
NH,2023,white,hisp,f,15-19,0.002019,synthetic_seed
NH,2023,white,hisp,f,20-24,0.00323,synthetic_seed
NH,2023,white,hisp,f,25-29,0.004037,synthetic_seed
NH,2023,white,hisp,f,30-34,0.005249,synthetic_seed
NH,2023,white,hisp,f,35-39,0.007267,synthetic_seed
NH,2023,white,hisp,f,40-44,0.010013,synthetic_seed
NH,2023,white,hisp,f,45-49,0.014858,synthetic_seed
NH,2023,white,hisp,f,50-54,0.021964,synthetic_seed
NH,2023,white,hisp,f,55-59,0.031815,synthetic_seed
NH,2023,white,hisp,f,60-64,0.047319,synthetic_seed
NH,2023,white,hisp,f,65-69,0.070091,synthetic_seed
NH,2023,white,hisp,f,70-74,0.106913,synthetic_seed
NH,2023,white,hisp,f,75-79,0.166183,synthetic_seed
NH,2023,white,hisp,f,80-84,0.260499,synthetic_seed
NH,2023,white,hisp,f,85+,0.449212,synthetic_seed
NH,2023,black,non-hisp,m,0-4,0.003135,synthetic_seed
NH,2023,black,non-hisp,m,5-9,0.000627,synthetic_seed
NH,2023,black,non-hisp,m,10-14,0.000627,synthetic_seed
NH,2023,black,non-hisp,m,15-19,0.003135,synthetic_seed
NH,2023,black,non-hisp,m,20-24,0.005016,synthetic_seed
NH,2023,black,non-hisp,m,25-29,0.00627,synthetic_seed
NH,2023,black,non-hisp,m,30-34,0.008151,synthetic_seed
NH,2023,black,non-hisp,m,35-39,0.011286,synthetic_seed
NH,2023,black,non-hisp,m,40-44,0.01555,synthetic_seed
NH,2023,black,non-hisp,m,45-49,0.023074,synthetic_seed
NH,2023,black,non-hisp,m,50-54,0.034109,synthetic_seed
NH,2023,black,non-hisp,m,55-59,0.049408,synthetic_seed
NH,2023,black,non-hisp,m,60-64,0.073484,synthetic_seed
NH,2023,black,non-hisp,m,65-69,0.108847,synthetic_seed
NH,2023,black,non-hisp,m,70-74,0.16603,synthetic_seed
NH,2023,black,non-hisp,m,75-79,0.258073,synthetic_seed
NH,2023,black,non-hisp,m,80-84,0.40454,synthetic_seed
NH,2023,black,non-hisp,m,85+,0.6976,synthetic_seed
NH,2023,black,non-hisp,f,0-4,0.002221,synthetic_seed
NH,2023,black,non-hisp,f,5-9,0.000444,synthetic_seed
NH,2023,black,non-hisp,f,10-14,0.000444,synthetic_seed
NH,2023,black,non-hisp,f,15-19,0.002221,synthetic_seed
NH,2023,black,non-hisp,f,20-24,0.003553,synthetic_seed
NH,2023,black,non-hisp,f,25-29,0.004441,synthetic_seed
NH,2023,black,non-hisp,f,30-34,0.005774,synthetic_seed
NH,2023,black,non-hisp,f,35-39,0.007994,synthetic_seed
NH,2023,black,non-hisp,f,40-44,0.011014,synthetic_seed
NH,2023,black,non-hisp,f,45-49,0.016344,synthetic_seed
NH,2023,black,non-hisp,f,50-54,0.02416,synthetic_seed
NH,2023,black,non-hisp,f,55-59,0.034997,synthetic_seed
NH,2023,black,non-hisp,f,60-64,0.052051,synthetic_seed
NH,2023,black,non-hisp,f,65-69,0.0771,synthetic_seed
NH,2023,black,non-hisp,f,70-74,0.117604,synthetic_seed
NH,2023,black,non-hisp,f,75-79,0.182802,synthetic_seed
NH,2023,black,non-hisp,f,80-84,0.286549,synthetic_seed
NH,2023,black,non-hisp,f,85+,0.494133,synthetic_seed
NH,2023,black,hisp,m,0-4,0.003135,synthetic_seed
NH,2023,black,hisp,m,5-9,0.000627,synthetic_seed
NH,2023,black,hisp,m,10-14,0.000627,synthetic_seed
NH,2023,black,hisp,m,15-19,0.003135,synthetic_seed
NH,2023,black,hisp,m,20-24,0.005016,synthetic_seed
NH,2023,black,hisp,m,25-29,0.00627,synthetic_seed
NH,2023,black,hisp,m,30-34,0.008151,synthetic_seed
NH,2023,black,hisp,m,35-39,0.011286,synthetic_seed
NH,2023,black,hisp,m,40-44,0.01555,synthetic_seed
NH,2023,black,hisp,m,45-49,0.023074,synthetic_seed
NH,2023,black,hisp,m,50-54,0.034109,synthetic_seed
NH,2023,black,hisp,m,55-59,0.049408,synthetic_seed
NH,2023,black,hisp,m,60-64,0.073484,synthetic_seed
NH,2023,black,hisp,m,65-69,0.108847,synthetic_seed
NH,2023,black,hisp,m,70-74,0.16603,synthetic_seed
NH,2023,black,hisp,m,75-79,0.258073,synthetic_seed
NH,2023,black,hisp,m,80-84,0.40454,synthetic_seed
NH,2023,black,hisp,m,85+,0.6976,synthetic_seed
NH,2023,black,hisp,f,0-4,0.002221,synthetic_seed
NH,2023,black,hisp,f,5-9,0.000444,synthetic_seed
NH,2023,black,hisp,f,10-14,0.000444,synthetic_seed
NH,2023,black,hisp,f,15-19,0.002221,synthetic_seed
NH,2023,black,hisp,f,20-24,0.003553,synthetic_seed
NH,2023,black,hisp,f,25-29,0.004441,synthetic_seed
NH,2023,black,hisp,f,30-34,0.005774,synthetic_seed
NH,2023,black,hisp,f,35-39,0.007994,synthetic_seed
NH,2023,black,hisp,f,40-44,0.011014,synthetic_seed
NH,2023,black,hisp,f,45-49,0.016344,synthetic_seed
NH,2023,black,hisp,f,50-54,0.02416,synthetic_seed
NH,2023,black,hisp,f,55-59,0.034997,synthetic_seed
NH,2023,black,hisp,f,60-64,0.052051,synthetic_seed
NH,2023,black,hisp,f,65-69,0.0771,synthetic_seed
NH,2023,black,hisp,f,70-74,0.117604,synthetic_seed
NH,2023,black,hisp,f,75-79,0.182802,synthetic_seed
NH,2023,black,hisp,f,80-84,0.286549,synthetic_seed
NH,2023,black,hisp,f,85+,0.494133,synthetic_seed
NH,2023,asian,non-hisp,m,0-4,0.002707,synthetic_seed
NH,2023,asian,non-hisp,m,5-9,0.000541,synthetic_seed
NH,2023,asian,non-hisp,m,10-14,0.000541,synthetic_seed
NH,2023,asian,non-hisp,m,15-19,0.002707,synthetic_seed
NH,2023,asian,non-hisp,m,20-24,0.004332,synthetic_seed
NH,2023,asian,non-hisp,m,25-29,0.005415,synthetic_seed
NH,2023,asian,non-hisp,m,30-34,0.007039,synthetic_seed
NH,2023,asian,non-hisp,m,35-39,0.009747,synthetic_seed
NH,2023,asian,non-hisp,m,40-44,0.013429,synthetic_seed
NH,2023,asian,non-hisp,m,45-49,0.019927,synthetic_seed
NH,2023,asian,non-hisp,m,50-54,0.029458,synthetic_seed
NH,2023,asian,non-hisp,m,55-59,0.04267,synthetic_seed
NH,2023,asian,non-hisp,m,60-64,0.063464,synthetic_seed
NH,2023,asian,non-hisp,m,65-69,0.094004,synthetic_seed
NH,2023,asian,non-hisp,m,70-74,0.143389,synthetic_seed
NH,2023,asian,non-hisp,m,75-79,0.222881,synthetic_seed
NH,2023,asian,non-hisp,m,80-84,0.349376,synthetic_seed
NH,2023,asian,non-hisp,m,85+,0.602473,synthetic_seed
NH,2023,asian,non-hisp,f,0-4,0.001918,synthetic_seed
NH,2023,asian,non-hisp,f,5-9,0.000384,synthetic_seed
NH,2023,asian,non-hisp,f,10-14,0.000384,synthetic_seed
NH,2023,asian,non-hisp,f,15-19,0.001918,synthetic_seed
NH,2023,asian,non-hisp,f,20-24,0.003069,synthetic_seed
NH,2023,asian,non-hisp,f,25-29,0.003836,synthetic_seed
NH,2023,asian,non-hisp,f,30-34,0.004986,synthetic_seed
NH,2023,asian,non-hisp,f,35-39,0.006904,synthetic_seed
NH,2023,asian,non-hisp,f,40-44,0.009512,synthetic_seed
NH,2023,asian,non-hisp,f,45-49,0.014115,synthetic_seed
NH,2023,asian,non-hisp,f,50-54,0.020866,synthetic_seed
NH,2023,asian,non-hisp,f,55-59,0.030225,synthetic_seed
NH,2023,asian,non-hisp,f,60-64,0.044954,synthetic_seed
NH,2023,asian,non-hisp,f,65-69,0.066586,synthetic_seed
NH,2023,asian,non-hisp,f,70-74,0.101567,synthetic_seed
NH,2023,asian,non-hisp,f,75-79,0.157874,synthetic_seed
NH,2023,asian,non-hisp,f,80-84,0.247475,synthetic_seed
NH,2023,asian,non-hisp,f,85+,0.426752,synthetic_seed
NH,2023,asian,hisp,m,0-4,0.002707,synthetic_seed
NH,2023,asian,hisp,m,5-9,0.000541,synthetic_seed
NH,2023,asian,hisp,m,10-14,0.000541,synthetic_seed
NH,2023,asian,hisp,m,15-19,0.002707,synthetic_seed
NH,2023,asian,hisp,m,20-24,0.004332,synthetic_seed
NH,2023,asian,hisp,m,25-29,0.005415,synthetic_seed
NH,2023,asian,hisp,m,30-34,0.007039,synthetic_seed
NH,2023,asian,hisp,m,35-39,0.009747,synthetic_seed
NH,2023,asian,hisp,m,40-44,0.013429,synthetic_seed
NH,2023,asian,hisp,m,45-49,0.019927,synthetic_seed
NH,2023,asian,hisp,m,50-54,0.029458,synthetic_seed
NH,2023,asian,hisp,m,55-59,0.04267,synthetic_seed
NH,2023,asian,hisp,m,60-64,0.063464,synthetic_seed
NH,2023,asian,hisp,m,65-69,0.094004,synthetic_seed
NH,2023,asian,hisp,m,70-74,0.143389,synthetic_seed
NH,2023,asian,hisp,m,75-79,0.222881,synthetic_seed
NH,2023,asian,hisp,m,80-84,0.349376,synthetic_seed
NH,2023,asian,hisp,m,85+,0.602473,synthetic_seed
NH,2023,asian,hisp,f,0-4,0.001918,synthetic_seed
NH,2023,asian,hisp,f,5-9,0.000384,synthetic_seed
NH,2023,asian,hisp,f,10-14,0.000384,synthetic_seed
NH,2023,asian,hisp,f,15-19,0.001918,synthetic_seed
NH,2023,asian,hisp,f,20-24,0.003069,synthetic_seed
NH,2023,asian,hisp,f,25-29,0.003836,synthetic_seed
NH,2023,asian,hisp,f,30-34,0.004986,synthetic_seed
NH,2023,asian,hisp,f,35-39,0.006904,synthetic_seed
NH,2023,asian,hisp,f,40-44,0.009512,synthetic_seed
NH,2023,asian,hisp,f,45-49,0.014115,synthetic_seed
NH,2023,asian,hisp,f,50-54,0.020866,synthetic_seed
NH,2023,asian,hisp,f,55-59,0.030225,synthetic_seed
NH,2023,asian,hisp,f,60-64,0.044954,synthetic_seed
NH,2023,asian,hisp,f,65-69,0.066586,synthetic_seed
NH,2023,asian,hisp,f,70-74,0.101567,synthetic_seed
NH,2023,asian,hisp,f,75-79,0.157874,synthetic_seed
NH,2023,asian,hisp,f,80-84,0.247475,synthetic_seed
NH,2023,asian,hisp,f,85+,0.426752,synthetic_seed
NH,2023,other,non-hisp,m,0-4,0.00285,synthetic_seed
NH,2023,other,non-hisp,m,5-9,0.00057,synthetic_seed
NH,2023,other,non-hisp,m,10-14,0.00057,synthetic_seed
NH,2023,other,non-hisp,m,15-19,0.00285,synthetic_seed
NH,2023,other,non-hisp,m,20-24,0.00456,synthetic_seed
NH,2023,other,non-hisp,m,25-29,0.0057,synthetic_seed
NH,2023,other,non-hisp,m,30-34,0.00741,synthetic_seed
NH,2023,other,non-hisp,m,35-39,0.01026,synthetic_seed
NH,2023,other,non-hisp,m,40-44,0.014136,synthetic_seed
NH,2023,other,non-hisp,m,45-49,0.020976,synthetic_seed
NH,2023,other,non-hisp,m,50-54,0.031008,synthetic_seed
NH,2023,other,non-hisp,m,55-59,0.044916,synthetic_seed
NH,2023,other,non-hisp,m,60-64,0.066804,synthetic_seed
NH,2023,other,non-hisp,m,65-69,0.098952,synthetic_seed
NH,2023,other,non-hisp,m,70-74,0.150936,synthetic_seed
NH,2023,other,non-hisp,m,75-79,0.234612,synthetic_seed
NH,2023,other,non-hisp,m,80-84,0.367764,synthetic_seed
NH,2023,other,non-hisp,m,85+,0.634182,synthetic_seed
NH,2023,other,non-hisp,f,0-4,0.002019,synthetic_seed
NH,2023,other,non-hisp,f,5-9,0.000404,synthetic_seed
NH,2023,other,non-hisp,f,10-14,0.000404,synthetic_seed
NH,2023,other,non-hisp,f,15-19,0.002019,synthetic_seed
NH,2023,other,non-hisp,f,20-24,0.00323,synthetic_seed
NH,2023,other,non-hisp,f,25-29,0.004037,synthetic_seed
NH,2023,other,non-hisp,f,30-34,0.005249,synthetic_seed
NH,2023,other,non-hisp,f,35-39,0.007267,synthetic_seed
NH,2023,other,non-hisp,f,40-44,0.010013,synthetic_seed
NH,2023,other,non-hisp,f,45-49,0.014858,synthetic_seed
NH,2023,other,non-hisp,f,50-54,0.021964,synthetic_seed
NH,2023,other,non-hisp,f,55-59,0.031815,synthetic_seed
NH,2023,other,non-hisp,f,60-64,0.047319,synthetic_seed
NH,2023,other,non-hisp,f,65-69,0.070091,synthetic_seed
NH,2023,other,non-hisp,f,70-74,0.106913,synthetic_seed
NH,2023,other,non-hisp,f,75-79,0.166183,synthetic_seed
NH,2023,other,non-hisp,f,80-84,0.260499,synthetic_seed
NH,2023,other,non-hisp,f,85+,0.449212,synthetic_seed
NH,2023,other,hisp,m,0-4,0.00285,synthetic_seed
NH,2023,other,hisp,m,5-9,0.00057,synthetic_seed
NH,2023,other,hisp,m,10-14,0.00057,synthetic_seed
NH,2023,other,hisp,m,15-19,0.00285,synthetic_seed
NH,2023,other,hisp,m,20-24,0.00456,synthetic_seed
NH,2023,other,hisp,m,25-29,0.0057,synthetic_seed
NH,2023,other,hisp,m,30-34,0.00741,synthetic_seed
NH,2023,other,hisp,m,35-39,0.01026,synthetic_seed
NH,2023,other,hisp,m,40-44,0.014136,synthetic_seed
NH,2023,other,hisp,m,45-49,0.020976,synthetic_seed
NH,2023,other,hisp,m,50-54,0.031008,synthetic_seed
NH,2023,other,hisp,m,55-59,0.044916,synthetic_seed
NH,2023,other,hisp,m,60-64,0.066804,synthetic_seed
NH,2023,other,hisp,m,65-69,0.098952,synthetic_seed
NH,2023,other,hisp,m,70-74,0.150936,synthetic_seed
NH,2023,other,hisp,m,75-79,0.234612,synthetic_seed
NH,2023,other,hisp,m,80-84,0.367764,synthetic_seed
NH,2023,other,hisp,m,85+,0.634182,synthetic_seed
NH,2023,other,hisp,f,0-4,0.002019,synthetic_seed
NH,2023,other,hisp,f,5-9,0.000404,synthetic_seed
NH,2023,other,hisp,f,10-14,0.000404,synthetic_seed
NH,2023,other,hisp,f,15-19,0.002019,synthetic_seed
NH,2023,other,hisp,f,20-24,0.00323,synthetic_seed
NH,2023,other,hisp,f,25-29,0.004037,synthetic_seed
NH,2023,other,hisp,f,30-34,0.005249,synthetic_seed
NH,2023,other,hisp,f,35-39,0.007267,synthetic_seed
NH,2023,other,hisp,f,40-44,0.010013,synthetic_seed
NH,2023,other,hisp,f,45-49,0.014858,synthetic_seed
NH,2023,other,hisp,f,50-54,0.021964,synthetic_seed
NH,2023,other,hisp,f,55-59,0.031815,synthetic_seed
NH,2023,other,hisp,f,60-64,0.047319,synthetic_seed
NH,2023,other,hisp,f,65-69,0.070091,synthetic_seed
NH,2023,other,hisp,f,70-74,0.106913,synthetic_seed
NH,2023,other,hisp,f,75-79,0.166183,synthetic_seed
NH,2023,other,hisp,f,80-84,0.260499,synthetic_seed
NH,2023,other,hisp,f,85+,0.449212,synthetic_seed
NJ,2023,white,non-hisp,m,0-4,0.00285,synthetic_seed
NJ,2023,white,non-hisp,m,5-9,0.00057,synthetic_seed
NJ,2023,white,non-hisp,m,10-14,0.00057,synthetic_seed
NJ,2023,white,non-hisp,m,15-19,0.00285,synthetic_seed
NJ,2023,white,non-hisp,m,20-24,0.00456,synthetic_seed
NJ,2023,white,non-hisp,m,25-29,0.0057,synthetic_seed
NJ,2023,white,non-hisp,m,30-34,0.00741,synthetic_seed
NJ,2023,white,non-hisp,m,35-39,0.01026,synthetic_seed
NJ,2023,white,non-hisp,m,40-44,0.014136,synthetic_seed
NJ,2023,white,non-hisp,m,45-49,0.020976,synthetic_seed
NJ,2023,white,non-hisp,m,50-54,0.031008,synthetic_seed
NJ,2023,white,non-hisp,m,55-59,0.044916,synthetic_seed
NJ,2023,white,non-hisp,m,60-64,0.066804,synthetic_seed
NJ,2023,white,non-hisp,m,65-69,0.098952,synthetic_seed
NJ,2023,white,non-hisp,m,70-74,0.150936,synthetic_seed
NJ,2023,white,non-hisp,m,75-79,0.234612,synthetic_seed
NJ,2023,white,non-hisp,m,80-84,0.367764,synthetic_seed
NJ,2023,white,non-hisp,m,85+,0.634182,synthetic_seed
NJ,2023,white,non-hisp,f,0-4,0.002019,synthetic_seed
NJ,2023,white,non-hisp,f,5-9,0.000404,synthetic_seed
NJ,2023,white,non-hisp,f,10-14,0.000404,synthetic_seed
NJ,2023,white,non-hisp,f,15-19,0.002019,synthetic_seed
NJ,2023,white,non-hisp,f,20-24,0.00323,synthetic_seed
NJ,2023,white,non-hisp,f,25-29,0.004037,synthetic_seed
NJ,2023,white,non-hisp,f,30-34,0.005249,synthetic_seed
NJ,2023,white,non-hisp,f,35-39,0.007267,synthetic_seed
NJ,2023,white,non-hisp,f,40-44,0.010013,synthetic_seed
NJ,2023,white,non-hisp,f,45-49,0.014858,synthetic_seed
NJ,2023,white,non-hisp,f,50-54,0.021964,synthetic_seed
NJ,2023,white,non-hisp,f,55-59,0.031815,synthetic_seed
NJ,2023,white,non-hisp,f,60-64,0.047319,synthetic_seed
NJ,2023,white,non-hisp,f,65-69,0.070091,synthetic_seed
NJ,2023,white,non-hisp,f,70-74,0.106913,synthetic_seed
NJ,2023,white,non-hisp,f,75-79,0.166183,synthetic_seed
NJ,2023,white,non-hisp,f,80-84,0.260499,synthetic_seed
NJ,2023,white,non-hisp,f,85+,0.449212,synthetic_seed
NJ,2023,white,hisp,m,0-4,0.00285,synthetic_seed
NJ,2023,white,hisp,m,5-9,0.00057,synthetic_seed
NJ,2023,white,hisp,m,10-14,0.00057,synthetic_seed
NJ,2023,white,hisp,m,15-19,0.00285,synthetic_seed
NJ,2023,white,hisp,m,20-24,0.00456,synthetic_seed
NJ,2023,white,hisp,m,25-29,0.0057,synthetic_seed
NJ,2023,white,hisp,m,30-34,0.00741,synthetic_seed
NJ,2023,white,hisp,m,35-39,0.01026,synthetic_seed
NJ,2023,white,hisp,m,40-44,0.014136,synthetic_seed
NJ,2023,white,hisp,m,45-49,0.020976,synthetic_seed
NJ,2023,white,hisp,m,50-54,0.031008,synthetic_seed
NJ,2023,white,hisp,m,55-59,0.044916,synthetic_seed
NJ,2023,white,hisp,m,60-64,0.066804,synthetic_seed
NJ,2023,white,hisp,m,65-69,0.098952,synthetic_seed
NJ,2023,white,hisp,m,70-74,0.150936,synthetic_seed
NJ,2023,white,hisp,m,75-79,0.234612,synthetic_seed
NJ,2023,white,hisp,m,80-84,0.367764,synthetic_seed
NJ,2023,white,hisp,m,85+,0.634182,synthetic_seed
NJ,2023,white,hisp,f,0-4,0.002019,synthetic_seed
NJ,2023,white,hisp,f,5-9,0.000404,synthetic_seed
NJ,2023,white,hisp,f,10-14,0.000404,synthetic_seed
NJ,2023,white,hisp,f,15-19,0.002019,synthetic_seed
NJ,2023,white,hisp,f,20-24,0.00323,synthetic_seed
NJ,2023,white,hisp,f,25-29,0.004037,synthetic_seed
NJ,2023,white,hisp,f,30-34,0.005249,synthetic_seed
NJ,2023,white,hisp,f,35-39,0.007267,synthetic_seed
NJ,2023,white,hisp,f,40-44,0.010013,synthetic_seed
NJ,2023,white,hisp,f,45-49,0.014858,synthetic_seed
NJ,2023,white,hisp,f,50-54,0.021964,synthetic_seed
NJ,2023,white,hisp,f,55-59,0.031815,synthetic_seed
NJ,2023,white,hisp,f,60-64,0.047319,synthetic_seed
NJ,2023,white,hisp,f,65-69,0.070091,synthetic_seed
NJ,2023,white,hisp,f,70-74,0.106913,synthetic_seed
NJ,2023,white,hisp,f,75-79,0.166183,synthetic_seed
NJ,2023,white,hisp,f,80-84,0.260499,synthetic_seed
NJ,2023,white,hisp,f,85+,0.449212,synthetic_seed
NJ,2023,black,non-hisp,m,0-4,0.003135,synthetic_seed
NJ,2023,black,non-hisp,m,5-9,0.000627,synthetic_seed
NJ,2023,black,non-hisp,m,10-14,0.000627,synthetic_seed
NJ,2023,black,non-hisp,m,15-19,0.003135,synthetic_seed
NJ,2023,black,non-hisp,m,20-24,0.005016,synthetic_seed
NJ,2023,black,non-hisp,m,25-29,0.00627,synthetic_seed
NJ,2023,black,non-hisp,m,30-34,0.008151,synthetic_seed
NJ,2023,black,non-hisp,m,35-39,0.011286,synthetic_seed
NJ,2023,black,non-hisp,m,40-44,0.01555,synthetic_seed
NJ,2023,black,non-hisp,m,45-49,0.023074,synthetic_seed
NJ,2023,black,non-hisp,m,50-54,0.034109,synthetic_seed
NJ,2023,black,non-hisp,m,55-59,0.049408,synthetic_seed
NJ,2023,black,non-hisp,m,60-64,0.073484,synthetic_seed
NJ,2023,black,non-hisp,m,65-69,0.108847,synthetic_seed
NJ,2023,black,non-hisp,m,70-74,0.16603,synthetic_seed
NJ,2023,black,non-hisp,m,75-79,0.258073,synthetic_seed
NJ,2023,black,non-hisp,m,80-84,0.40454,synthetic_seed
NJ,2023,black,non-hisp,m,85+,0.6976,synthetic_seed
NJ,2023,black,non-hisp,f,0-4,0.002221,synthetic_seed
NJ,2023,black,non-hisp,f,5-9,0.000444,synthetic_seed
NJ,2023,black,non-hisp,f,10-14,0.000444,synthetic_seed
NJ,2023,black,non-hisp,f,15-19,0.002221,synthetic_seed
NJ,2023,black,non-hisp,f,20-24,0.003553,synthetic_seed
NJ,2023,black,non-hisp,f,25-29,0.004441,synthetic_seed
NJ,2023,black,non-hisp,f,30-34,0.005774,synthetic_seed
NJ,2023,black,non-hisp,f,35-39,0.007994,synthetic_seed
NJ,2023,black,non-hisp,f,40-44,0.011014,synthetic_seed
NJ,2023,black,non-hisp,f,45-49,0.016344,synthetic_seed
NJ,2023,black,non-hisp,f,50-54,0.02416,synthetic_seed
NJ,2023,black,non-hisp,f,55-59,0.034997,synthetic_seed
NJ,2023,black,non-hisp,f,60-64,0.052051,synthetic_seed
NJ,2023,black,non-hisp,f,65-69,0.0771,synthetic_seed
NJ,2023,black,non-hisp,f,70-74,0.117604,synthetic_seed
NJ,2023,black,non-hisp,f,75-79,0.182802,synthetic_seed
NJ,2023,black,non-hisp,f,80-84,0.286549,synthetic_seed
NJ,2023,black,non-hisp,f,85+,0.494133,synthetic_seed
NJ,2023,black,hisp,m,0-4,0.003135,synthetic_seed
NJ,2023,black,hisp,m,5-9,0.000627,synthetic_seed
NJ,2023,black,hisp,m,10-14,0.000627,synthetic_seed
NJ,2023,black,hisp,m,15-19,0.003135,synthetic_seed
NJ,2023,black,hisp,m,20-24,0.005016,synthetic_seed
NJ,2023,black,hisp,m,25-29,0.00627,synthetic_seed
NJ,2023,black,hisp,m,30-34,0.008151,synthetic_seed
NJ,2023,black,hisp,m,35-39,0.011286,synthetic_seed
NJ,2023,black,hisp,m,40-44,0.01555,synthetic_seed
NJ,2023,black,hisp,m,45-49,0.023074,synthetic_seed
NJ,2023,black,hisp,m,50-54,0.034109,synthetic_seed
NJ,2023,black,hisp,m,55-59,0.049408,synthetic_seed
NJ,2023,black,hisp,m,60-64,0.073484,synthetic_seed
NJ,2023,black,hisp,m,65-69,0.108847,synthetic_seed
NJ,2023,black,hisp,m,70-74,0.16603,synthetic_seed
NJ,2023,black,hisp,m,75-79,0.258073,synthetic_seed
NJ,2023,black,hisp,m,80-84,0.40454,synthetic_seed
NJ,2023,black,hisp,m,85+,0.6976,synthetic_seed
NJ,2023,black,hisp,f,0-4,0.002221,synthetic_seed
NJ,2023,black,hisp,f,5-9,0.000444,synthetic_seed
NJ,2023,black,hisp,f,10-14,0.000444,synthetic_seed
NJ,2023,black,hisp,f,15-19,0.002221,synthetic_seed
NJ,2023,black,hisp,f,20-24,0.003553,synthetic_seed
NJ,2023,black,hisp,f,25-29,0.004441,synthetic_seed
NJ,2023,black,hisp,f,30-34,0.005774,synthetic_seed
NJ,2023,black,hisp,f,35-39,0.007994,synthetic_seed
NJ,2023,black,hisp,f,40-44,0.011014,synthetic_seed
NJ,2023,black,hisp,f,45-49,0.016344,synthetic_seed
NJ,2023,black,hisp,f,50-54,0.02416,synthetic_seed
NJ,2023,black,hisp,f,55-59,0.034997,synthetic_seed
NJ,2023,black,hisp,f,60-64,0.052051,synthetic_seed
NJ,2023,black,hisp,f,65-69,0.0771,synthetic_seed
NJ,2023,black,hisp,f,70-74,0.117604,synthetic_seed
NJ,2023,black,hisp,f,75-79,0.182802,synthetic_seed
NJ,2023,black,hisp,f,80-84,0.286549,synthetic_seed
NJ,2023,black,hisp,f,85+,0.494133,synthetic_seed
NJ,2023,asian,non-hisp,m,0-4,0.002707,synthetic_seed
NJ,2023,asian,non-hisp,m,5-9,0.000541,synthetic_seed
NJ,2023,asian,non-hisp,m,10-14,0.000541,synthetic_seed
NJ,2023,asian,non-hisp,m,15-19,0.002707,synthetic_seed
NJ,2023,asian,non-hisp,m,20-24,0.004332,synthetic_seed
NJ,2023,asian,non-hisp,m,25-29,0.005415,synthetic_seed
NJ,2023,asian,non-hisp,m,30-34,0.007039,synthetic_seed
NJ,2023,asian,non-hisp,m,35-39,0.009747,synthetic_seed
NJ,2023,asian,non-hisp,m,40-44,0.013429,synthetic_seed
NJ,2023,asian,non-hisp,m,45-49,0.019927,synthetic_seed
NJ,2023,asian,non-hisp,m,50-54,0.029458,synthetic_seed
NJ,2023,asian,non-hisp,m,55-59,0.04267,synthetic_seed
NJ,2023,asian,non-hisp,m,60-64,0.063464,synthetic_seed
NJ,2023,asian,non-hisp,m,65-69,0.094004,synthetic_seed
NJ,2023,asian,non-hisp,m,70-74,0.143389,synthetic_seed
NJ,2023,asian,non-hisp,m,75-79,0.222881,synthetic_seed
NJ,2023,asian,non-hisp,m,80-84,0.349376,synthetic_seed
NJ,2023,asian,non-hisp,m,85+,0.602473,synthetic_seed
NJ,2023,asian,non-hisp,f,0-4,0.001918,synthetic_seed
NJ,2023,asian,non-hisp,f,5-9,0.000384,synthetic_seed
NJ,2023,asian,non-hisp,f,10-14,0.000384,synthetic_seed
NJ,2023,asian,non-hisp,f,15-19,0.001918,synthetic_seed
NJ,2023,asian,non-hisp,f,20-24,0.003069,synthetic_seed
NJ,2023,asian,non-hisp,f,25-29,0.003836,synthetic_seed
NJ,2023,asian,non-hisp,f,30-34,0.004986,synthetic_seed
NJ,2023,asian,non-hisp,f,35-39,0.006904,synthetic_seed
NJ,2023,asian,non-hisp,f,40-44,0.009512,synthetic_seed
NJ,2023,asian,non-hisp,f,45-49,0.014115,synthetic_seed
NJ,2023,asian,non-hisp,f,50-54,0.020866,synthetic_seed
NJ,2023,asian,non-hisp,f,55-59,0.030225,synthetic_seed
NJ,2023,asian,non-hisp,f,60-64,0.044954,synthetic_seed
NJ,2023,asian,non-hisp,f,65-69,0.066586,synthetic_seed
NJ,2023,asian,non-hisp,f,70-74,0.101567,synthetic_seed
NJ,2023,asian,non-hisp,f,75-79,0.157874,synthetic_seed
NJ,2023,asian,non-hisp,f,80-84,0.247475,synthetic_seed
NJ,2023,asian,non-hisp,f,85+,0.426752,synthetic_seed
NJ,2023,asian,hisp,m,0-4,0.002707,synthetic_seed
NJ,2023,asian,hisp,m,5-9,0.000541,synthetic_seed
NJ,2023,asian,hisp,m,10-14,0.000541,synthetic_seed
NJ,2023,asian,hisp,m,15-19,0.002707,synthetic_seed
NJ,2023,asian,hisp,m,20-24,0.004332,synthetic_seed
NJ,2023,asian,hisp,m,25-29,0.005415,synthetic_seed
NJ,2023,asian,hisp,m,30-34,0.007039,synthetic_seed
NJ,2023,asian,hisp,m,35-39,0.009747,synthetic_seed
NJ,2023,asian,hisp,m,40-44,0.013429,synthetic_seed
NJ,2023,asian,hisp,m,45-49,0.019927,synthetic_seed
NJ,2023,asian,hisp,m,50-54,0.029458,synthetic_seed
NJ,2023,asian,hisp,m,55-59,0.04267,synthetic_seed
NJ,2023,asian,hisp,m,60-64,0.063464,synthetic_seed
NJ,2023,asian,hisp,m,65-69,0.094004,synthetic_seed
NJ,2023,asian,hisp,m,70-74,0.143389,synthetic_seed
NJ,2023,asian,hisp,m,75-79,0.222881,synthetic_seed
NJ,2023,asian,hisp,m,80-84,0.349376,synthetic_seed
NJ,2023,asian,hisp,m,85+,0.602473,synthetic_seed
NJ,2023,asian,hisp,f,0-4,0.001918,synthetic_seed
NJ,2023,asian,hisp,f,5-9,0.000384,synthetic_seed
NJ,2023,asian,hisp,f,10-14,0.000384,synthetic_seed
NJ,2023,asian,hisp,f,15-19,0.001918,synthetic_seed
NJ,2023,asian,hisp,f,20-24,0.003069,synthetic_seed
NJ,2023,asian,hisp,f,25-29,0.003836,synthetic_seed
NJ,2023,asian,hisp,f,30-34,0.004986,synthetic_seed
NJ,2023,asian,hisp,f,35-39,0.006904,synthetic_seed
NJ,2023,asian,hisp,f,40-44,0.009512,synthetic_seed
NJ,2023,asian,hisp,f,45-49,0.014115,synthetic_seed
NJ,2023,asian,hisp,f,50-54,0.020866,synthetic_seed
NJ,2023,asian,hisp,f,55-59,0.030225,synthetic_seed
NJ,2023,asian,hisp,f,60-64,0.044954,synthetic_seed
NJ,2023,asian,hisp,f,65-69,0.066586,synthetic_seed
NJ,2023,asian,hisp,f,70-74,0.101567,synthetic_seed
NJ,2023,asian,hisp,f,75-79,0.157874,synthetic_seed
NJ,2023,asian,hisp,f,80-84,0.247475,synthetic_seed
NJ,2023,asian,hisp,f,85+,0.426752,synthetic_seed
NJ,2023,other,non-hisp,m,0-4,0.00285,synthetic_seed
NJ,2023,other,non-hisp,m,5-9,0.00057,synthetic_seed
NJ,2023,other,non-hisp,m,10-14,0.00057,synthetic_seed
NJ,2023,other,non-hisp,m,15-19,0.00285,synthetic_seed
NJ,2023,other,non-hisp,m,20-24,0.00456,synthetic_seed
NJ,2023,other,non-hisp,m,25-29,0.0057,synthetic_seed
NJ,2023,other,non-hisp,m,30-34,0.00741,synthetic_seed
NJ,2023,other,non-hisp,m,35-39,0.01026,synthetic_seed
NJ,2023,other,non-hisp,m,40-44,0.014136,synthetic_seed
NJ,2023,other,non-hisp,m,45-49,0.020976,synthetic_seed
NJ,2023,other,non-hisp,m,50-54,0.031008,synthetic_seed
NJ,2023,other,non-hisp,m,55-59,0.044916,synthetic_seed
NJ,2023,other,non-hisp,m,60-64,0.066804,synthetic_seed
NJ,2023,other,non-hisp,m,65-69,0.098952,synthetic_seed
NJ,2023,other,non-hisp,m,70-74,0.150936,synthetic_seed
NJ,2023,other,non-hisp,m,75-79,0.234612,synthetic_seed
NJ,2023,other,non-hisp,m,80-84,0.367764,synthetic_seed
NJ,2023,other,non-hisp,m,85+,0.634182,synthetic_seed
NJ,2023,other,non-hisp,f,0-4,0.002019,synthetic_seed
NJ,2023,other,non-hisp,f,5-9,0.000404,synthetic_seed
NJ,2023,other,non-hisp,f,10-14,0.000404,synthetic_seed
NJ,2023,other,non-hisp,f,15-19,0.002019,synthetic_seed
NJ,2023,other,non-hisp,f,20-24,0.00323,synthetic_seed
NJ,2023,other,non-hisp,f,25-29,0.004037,synthetic_seed
NJ,2023,other,non-hisp,f,30-34,0.005249,synthetic_seed
NJ,2023,other,non-hisp,f,35-39,0.007267,synthetic_seed
NJ,2023,other,non-hisp,f,40-44,0.010013,synthetic_seed
NJ,2023,other,non-hisp,f,45-49,0.014858,synthetic_seed
NJ,2023,other,non-hisp,f,50-54,0.021964,synthetic_seed
NJ,2023,other,non-hisp,f,55-59,0.031815,synthetic_seed
NJ,2023,other,non-hisp,f,60-64,0.047319,synthetic_seed
NJ,2023,other,non-hisp,f,65-69,0.070091,synthetic_seed
NJ,2023,other,non-hisp,f,70-74,0.106913,synthetic_seed
NJ,2023,other,non-hisp,f,75-79,0.166183,synthetic_seed
NJ,2023,other,non-hisp,f,80-84,0.260499,synthetic_seed
NJ,2023,other,non-hisp,f,85+,0.449212,synthetic_seed
NJ,2023,other,hisp,m,0-4,0.00285,synthetic_seed
NJ,2023,other,hisp,m,5-9,0.00057,synthetic_seed
NJ,2023,other,hisp,m,10-14,0.00057,synthetic_seed
NJ,2023,other,hisp,m,15-19,0.00285,synthetic_seed
NJ,2023,other,hisp,m,20-24,0.00456,synthetic_seed
NJ,2023,other,hisp,m,25-29,0.0057,synthetic_seed
NJ,2023,other,hisp,m,30-34,0.00741,synthetic_seed
NJ,2023,other,hisp,m,35-39,0.01026,synthetic_seed
NJ,2023,other,hisp,m,40-44,0.014136,synthetic_seed
NJ,2023,other,hisp,m,45-49,0.020976,synthetic_seed
NJ,2023,other,hisp,m,50-54,0.031008,synthetic_seed
NJ,2023,other,hisp,m,55-59,0.044916,synthetic_seed
NJ,2023,other,hisp,m,60-64,0.066804,synthetic_seed
NJ,2023,other,hisp,m,65-69,0.098952,synthetic_seed
NJ,2023,other,hisp,m,70-74,0.150936,synthetic_seed
NJ,2023,other,hisp,m,75-79,0.234612,synthetic_seed
NJ,2023,other,hisp,m,80-84,0.367764,synthetic_seed
NJ,2023,other,hisp,m,85+,0.634182,synthetic_seed
NJ,2023,other,hisp,f,0-4,0.002019,synthetic_seed
NJ,2023,other,hisp,f,5-9,0.000404,synthetic_seed
NJ,2023,other,hisp,f,10-14,0.000404,synthetic_seed
NJ,2023,other,hisp,f,15-19,0.002019,synthetic_seed
NJ,2023,other,hisp,f,20-24,0.00323,synthetic_seed
NJ,2023,other,hisp,f,25-29,0.004037,synthetic_seed
NJ,2023,other,hisp,f,30-34,0.005249,synthetic_seed
NJ,2023,other,hisp,f,35-39,0.007267,synthetic_seed
NJ,2023,other,hisp,f,40-44,0.010013,synthetic_seed
NJ,2023,other,hisp,f,45-49,0.014858,synthetic_seed
NJ,2023,other,hisp,f,50-54,0.021964,synthetic_seed
NJ,2023,other,hisp,f,55-59,0.031815,synthetic_seed
NJ,2023,other,hisp,f,60-64,0.047319,synthetic_seed
NJ,2023,other,hisp,f,65-69,0.070091,synthetic_seed
NJ,2023,other,hisp,f,70-74,0.106913,synthetic_seed
NJ,2023,other,hisp,f,75-79,0.166183,synthetic_seed
NJ,2023,other,hisp,f,80-84,0.260499,synthetic_seed
NJ,2023,other,hisp,f,85+,0.449212,synthetic_seed
NM,2023,white,non-hisp,m,0-4,0.00291,synthetic_seed
NM,2023,white,non-hisp,m,5-9,0.000582,synthetic_seed
NM,2023,white,non-hisp,m,10-14,0.000582,synthetic_seed
NM,2023,white,non-hisp,m,15-19,0.00291,synthetic_seed
NM,2023,white,non-hisp,m,20-24,0.004656,synthetic_seed
NM,2023,white,non-hisp,m,25-29,0.00582,synthetic_seed
NM,2023,white,non-hisp,m,30-34,0.007566,synthetic_seed
NM,2023,white,non-hisp,m,35-39,0.010476,synthetic_seed
NM,2023,white,non-hisp,m,40-44,0.014434,synthetic_seed
NM,2023,white,non-hisp,m,45-49,0.021418,synthetic_seed
NM,2023,white,non-hisp,m,50-54,0.031661,synthetic_seed
NM,2023,white,non-hisp,m,55-59,0.045862,synthetic_seed
NM,2023,white,non-hisp,m,60-64,0.06821,synthetic_seed
NM,2023,white,non-hisp,m,65-69,0.101035,synthetic_seed
NM,2023,white,non-hisp,m,70-74,0.154114,synthetic_seed
NM,2023,white,non-hisp,m,75-79,0.239551,synthetic_seed
NM,2023,white,non-hisp,m,80-84,0.375506,synthetic_seed
NM,2023,white,non-hisp,m,85+,0.647533,synthetic_seed
NM,2023,white,non-hisp,f,0-4,0.002061,synthetic_seed
NM,2023,white,non-hisp,f,5-9,0.000412,synthetic_seed
NM,2023,white,non-hisp,f,10-14,0.000412,synthetic_seed
NM,2023,white,non-hisp,f,15-19,0.002061,synthetic_seed
NM,2023,white,non-hisp,f,20-24,0.003298,synthetic_seed
NM,2023,white,non-hisp,f,25-29,0.004123,synthetic_seed
NM,2023,white,non-hisp,f,30-34,0.005359,synthetic_seed
NM,2023,white,non-hisp,f,35-39,0.007421,synthetic_seed
NM,2023,white,non-hisp,f,40-44,0.010224,synthetic_seed
NM,2023,white,non-hisp,f,45-49,0.015171,synthetic_seed
NM,2023,white,non-hisp,f,50-54,0.022426,synthetic_seed
NM,2023,white,non-hisp,f,55-59,0.032485,synthetic_seed
NM,2023,white,non-hisp,f,60-64,0.048316,synthetic_seed
NM,2023,white,non-hisp,f,65-69,0.071567,synthetic_seed
NM,2023,white,non-hisp,f,70-74,0.109164,synthetic_seed
NM,2023,white,non-hisp,f,75-79,0.169682,synthetic_seed
NM,2023,white,non-hisp,f,80-84,0.265984,synthetic_seed
NM,2023,white,non-hisp,f,85+,0.458669,synthetic_seed
NM,2023,white,hisp,m,0-4,0.00291,synthetic_seed
NM,2023,white,hisp,m,5-9,0.000582,synthetic_seed
NM,2023,white,hisp,m,10-14,0.000582,synthetic_seed
NM,2023,white,hisp,m,15-19,0.00291,synthetic_seed
NM,2023,white,hisp,m,20-24,0.004656,synthetic_seed
NM,2023,white,hisp,m,25-29,0.00582,synthetic_seed
NM,2023,white,hisp,m,30-34,0.007566,synthetic_seed
NM,2023,white,hisp,m,35-39,0.010476,synthetic_seed
NM,2023,white,hisp,m,40-44,0.014434,synthetic_seed
NM,2023,white,hisp,m,45-49,0.021418,synthetic_seed
NM,2023,white,hisp,m,50-54,0.031661,synthetic_seed
NM,2023,white,hisp,m,55-59,0.045862,synthetic_seed
NM,2023,white,hisp,m,60-64,0.06821,synthetic_seed
NM,2023,white,hisp,m,65-69,0.101035,synthetic_seed
NM,2023,white,hisp,m,70-74,0.154114,synthetic_seed
NM,2023,white,hisp,m,75-79,0.239551,synthetic_seed
NM,2023,white,hisp,m,80-84,0.375506,synthetic_seed
NM,2023,white,hisp,m,85+,0.647533,synthetic_seed
NM,2023,white,hisp,f,0-4,0.002061,synthetic_seed
NM,2023,white,hisp,f,5-9,0.000412,synthetic_seed
NM,2023,white,hisp,f,10-14,0.000412,synthetic_seed
NM,2023,white,hisp,f,15-19,0.002061,synthetic_seed
NM,2023,white,hisp,f,20-24,0.003298,synthetic_seed
NM,2023,white,hisp,f,25-29,0.004123,synthetic_seed
NM,2023,white,hisp,f,30-34,0.005359,synthetic_seed
NM,2023,white,hisp,f,35-39,0.007421,synthetic_seed
NM,2023,white,hisp,f,40-44,0.010224,synthetic_seed
NM,2023,white,hisp,f,45-49,0.015171,synthetic_seed
NM,2023,white,hisp,f,50-54,0.022426,synthetic_seed
NM,2023,white,hisp,f,55-59,0.032485,synthetic_seed
NM,2023,white,hisp,f,60-64,0.048316,synthetic_seed
NM,2023,white,hisp,f,65-69,0.071567,synthetic_seed
NM,2023,white,hisp,f,70-74,0.109164,synthetic_seed
NM,2023,white,hisp,f,75-79,0.169682,synthetic_seed
NM,2023,white,hisp,f,80-84,0.265984,synthetic_seed
NM,2023,white,hisp,f,85+,0.458669,synthetic_seed
NM,2023,black,non-hisp,m,0-4,0.003201,synthetic_seed
NM,2023,black,non-hisp,m,5-9,0.00064,synthetic_seed
NM,2023,black,non-hisp,m,10-14,0.00064,synthetic_seed
NM,2023,black,non-hisp,m,15-19,0.003201,synthetic_seed
NM,2023,black,non-hisp,m,20-24,0.005122,synthetic_seed
NM,2023,black,non-hisp,m,25-29,0.006402,synthetic_seed
NM,2023,black,non-hisp,m,30-34,0.008323,synthetic_seed
NM,2023,black,non-hisp,m,35-39,0.011524,synthetic_seed
NM,2023,black,non-hisp,m,40-44,0.015877,synthetic_seed
NM,2023,black,non-hisp,m,45-49,0.023559,synthetic_seed
NM,2023,black,non-hisp,m,50-54,0.034827,synthetic_seed
NM,2023,black,non-hisp,m,55-59,0.050448,synthetic_seed
NM,2023,black,non-hisp,m,60-64,0.075031,synthetic_seed
NM,2023,black,non-hisp,m,65-69,0.111139,synthetic_seed
NM,2023,black,non-hisp,m,70-74,0.169525,synthetic_seed
NM,2023,black,non-hisp,m,75-79,0.263506,synthetic_seed
NM,2023,black,non-hisp,m,80-84,0.413057,synthetic_seed
NM,2023,black,non-hisp,m,85+,0.712287,synthetic_seed
NM,2023,black,non-hisp,f,0-4,0.002267,synthetic_seed
NM,2023,black,non-hisp,f,5-9,0.000453,synthetic_seed
NM,2023,black,non-hisp,f,10-14,0.000453,synthetic_seed
NM,2023,black,non-hisp,f,15-19,0.002267,synthetic_seed
NM,2023,black,non-hisp,f,20-24,0.003628,synthetic_seed
NM,2023,black,non-hisp,f,25-29,0.004535,synthetic_seed
NM,2023,black,non-hisp,f,30-34,0.005895,synthetic_seed
NM,2023,black,non-hisp,f,35-39,0.008163,synthetic_seed
NM,2023,black,non-hisp,f,40-44,0.011246,synthetic_seed
NM,2023,black,non-hisp,f,45-49,0.016688,synthetic_seed
NM,2023,black,non-hisp,f,50-54,0.024669,synthetic_seed
NM,2023,black,non-hisp,f,55-59,0.035734,synthetic_seed
NM,2023,black,non-hisp,f,60-64,0.053147,synthetic_seed
NM,2023,black,non-hisp,f,65-69,0.078723,synthetic_seed
NM,2023,black,non-hisp,f,70-74,0.12008,synthetic_seed
NM,2023,black,non-hisp,f,75-79,0.18665,synthetic_seed
NM,2023,black,non-hisp,f,80-84,0.292582,synthetic_seed
NM,2023,black,non-hisp,f,85+,0.504536,synthetic_seed
NM,2023,black,hisp,m,0-4,0.003201,synthetic_seed
NM,2023,black,hisp,m,5-9,0.00064,synthetic_seed
NM,2023,black,hisp,m,10-14,0.00064,synthetic_seed
NM,2023,black,hisp,m,15-19,0.003201,synthetic_seed
NM,2023,black,hisp,m,20-24,0.005122,synthetic_seed
NM,2023,black,hisp,m,25-29,0.006402,synthetic_seed
NM,2023,black,hisp,m,30-34,0.008323,synthetic_seed
NM,2023,black,hisp,m,35-39,0.011524,synthetic_seed
NM,2023,black,hisp,m,40-44,0.015877,synthetic_seed
NM,2023,black,hisp,m,45-49,0.023559,synthetic_seed
NM,2023,black,hisp,m,50-54,0.034827,synthetic_seed
NM,2023,black,hisp,m,55-59,0.050448,synthetic_seed
NM,2023,black,hisp,m,60-64,0.075031,synthetic_seed
NM,2023,black,hisp,m,65-69,0.111139,synthetic_seed
NM,2023,black,hisp,m,70-74,0.169525,synthetic_seed
NM,2023,black,hisp,m,75-79,0.263506,synthetic_seed
NM,2023,black,hisp,m,80-84,0.413057,synthetic_seed
NM,2023,black,hisp,m,85+,0.712287,synthetic_seed
NM,2023,black,hisp,f,0-4,0.002267,synthetic_seed
NM,2023,black,hisp,f,5-9,0.000453,synthetic_seed
NM,2023,black,hisp,f,10-14,0.000453,synthetic_seed
NM,2023,black,hisp,f,15-19,0.002267,synthetic_seed
NM,2023,black,hisp,f,20-24,0.003628,synthetic_seed
NM,2023,black,hisp,f,25-29,0.004535,synthetic_seed
NM,2023,black,hisp,f,30-34,0.005895,synthetic_seed
NM,2023,black,hisp,f,35-39,0.008163,synthetic_seed
NM,2023,black,hisp,f,40-44,0.011246,synthetic_seed
NM,2023,black,hisp,f,45-49,0.016688,synthetic_seed
NM,2023,black,hisp,f,50-54,0.024669,synthetic_seed
NM,2023,black,hisp,f,55-59,0.035734,synthetic_seed
NM,2023,black,hisp,f,60-64,0.053147,synthetic_seed
NM,2023,black,hisp,f,65-69,0.078723,synthetic_seed
NM,2023,black,hisp,f,70-74,0.12008,synthetic_seed
NM,2023,black,hisp,f,75-79,0.18665,synthetic_seed
NM,2023,black,hisp,f,80-84,0.292582,synthetic_seed
NM,2023,black,hisp,f,85+,0.504536,synthetic_seed
NM,2023,asian,non-hisp,m,0-4,0.002764,synthetic_seed
NM,2023,asian,non-hisp,m,5-9,0.000553,synthetic_seed
NM,2023,asian,non-hisp,m,10-14,0.000553,synthetic_seed
NM,2023,asian,non-hisp,m,15-19,0.002764,synthetic_seed
NM,2023,asian,non-hisp,m,20-24,0.004423,synthetic_seed
NM,2023,asian,non-hisp,m,25-29,0.005529,synthetic_seed
NM,2023,asian,non-hisp,m,30-34,0.007188,synthetic_seed
NM,2023,asian,non-hisp,m,35-39,0.009952,synthetic_seed
NM,2023,asian,non-hisp,m,40-44,0.013712,synthetic_seed
NM,2023,asian,non-hisp,m,45-49,0.020347,synthetic_seed
NM,2023,asian,non-hisp,m,50-54,0.030078,synthetic_seed
NM,2023,asian,non-hisp,m,55-59,0.043569,synthetic_seed
NM,2023,asian,non-hisp,m,60-64,0.0648,synthetic_seed
NM,2023,asian,non-hisp,m,65-69,0.095983,synthetic_seed
NM,2023,asian,non-hisp,m,70-74,0.146408,synthetic_seed
NM,2023,asian,non-hisp,m,75-79,0.227574,synthetic_seed
NM,2023,asian,non-hisp,m,80-84,0.356731,synthetic_seed
NM,2023,asian,non-hisp,m,85+,0.615157,synthetic_seed
NM,2023,asian,non-hisp,f,0-4,0.001958,synthetic_seed
NM,2023,asian,non-hisp,f,5-9,0.000392,synthetic_seed
NM,2023,asian,non-hisp,f,10-14,0.000392,synthetic_seed
NM,2023,asian,non-hisp,f,15-19,0.001958,synthetic_seed
NM,2023,asian,non-hisp,f,20-24,0.003133,synthetic_seed
NM,2023,asian,non-hisp,f,25-29,0.003916,synthetic_seed
NM,2023,asian,non-hisp,f,30-34,0.005091,synthetic_seed
NM,2023,asian,non-hisp,f,35-39,0.007049,synthetic_seed
NM,2023,asian,non-hisp,f,40-44,0.009713,synthetic_seed
NM,2023,asian,non-hisp,f,45-49,0.014412,synthetic_seed
NM,2023,asian,non-hisp,f,50-54,0.021305,synthetic_seed
NM,2023,asian,non-hisp,f,55-59,0.030861,synthetic_seed
NM,2023,asian,non-hisp,f,60-64,0.0459,synthetic_seed
NM,2023,asian,non-hisp,f,65-69,0.067988,synthetic_seed
NM,2023,asian,non-hisp,f,70-74,0.103706,synthetic_seed
NM,2023,asian,non-hisp,f,75-79,0.161198,synthetic_seed
NM,2023,asian,non-hisp,f,80-84,0.252685,synthetic_seed
NM,2023,asian,non-hisp,f,85+,0.435736,synthetic_seed
NM,2023,asian,hisp,m,0-4,0.002764,synthetic_seed
NM,2023,asian,hisp,m,5-9,0.000553,synthetic_seed
NM,2023,asian,hisp,m,10-14,0.000553,synthetic_seed
NM,2023,asian,hisp,m,15-19,0.002764,synthetic_seed
NM,2023,asian,hisp,m,20-24,0.004423,synthetic_seed
NM,2023,asian,hisp,m,25-29,0.005529,synthetic_seed
NM,2023,asian,hisp,m,30-34,0.007188,synthetic_seed
NM,2023,asian,hisp,m,35-39,0.009952,synthetic_seed
NM,2023,asian,hisp,m,40-44,0.013712,synthetic_seed
NM,2023,asian,hisp,m,45-49,0.020347,synthetic_seed
NM,2023,asian,hisp,m,50-54,0.030078,synthetic_seed
NM,2023,asian,hisp,m,55-59,0.043569,synthetic_seed
NM,2023,asian,hisp,m,60-64,0.0648,synthetic_seed
NM,2023,asian,hisp,m,65-69,0.095983,synthetic_seed
NM,2023,asian,hisp,m,70-74,0.146408,synthetic_seed
NM,2023,asian,hisp,m,75-79,0.227574,synthetic_seed
NM,2023,asian,hisp,m,80-84,0.356731,synthetic_seed
NM,2023,asian,hisp,m,85+,0.615157,synthetic_seed
NM,2023,asian,hisp,f,0-4,0.001958,synthetic_seed
NM,2023,asian,hisp,f,5-9,0.000392,synthetic_seed
NM,2023,asian,hisp,f,10-14,0.000392,synthetic_seed
NM,2023,asian,hisp,f,15-19,0.001958,synthetic_seed
NM,2023,asian,hisp,f,20-24,0.003133,synthetic_seed
NM,2023,asian,hisp,f,25-29,0.003916,synthetic_seed
NM,2023,asian,hisp,f,30-34,0.005091,synthetic_seed
NM,2023,asian,hisp,f,35-39,0.007049,synthetic_seed
NM,2023,asian,hisp,f,40-44,0.009713,synthetic_seed
NM,2023,asian,hisp,f,45-49,0.014412,synthetic_seed
NM,2023,asian,hisp,f,50-54,0.021305,synthetic_seed
NM,2023,asian,hisp,f,55-59,0.030861,synthetic_seed
NM,2023,asian,hisp,f,60-64,0.0459,synthetic_seed
NM,2023,asian,hisp,f,65-69,0.067988,synthetic_seed
NM,2023,asian,hisp,f,70-74,0.103706,synthetic_seed
NM,2023,asian,hisp,f,75-79,0.161198,synthetic_seed
NM,2023,asian,hisp,f,80-84,0.252685,synthetic_seed
NM,2023,asian,hisp,f,85+,0.435736,synthetic_seed
NM,2023,other,non-hisp,m,0-4,0.00291,synthetic_seed
NM,2023,other,non-hisp,m,5-9,0.000582,synthetic_seed
NM,2023,other,non-hisp,m,10-14,0.000582,synthetic_seed
NM,2023,other,non-hisp,m,15-19,0.00291,synthetic_seed
NM,2023,other,non-hisp,m,20-24,0.004656,synthetic_seed
NM,2023,other,non-hisp,m,25-29,0.00582,synthetic_seed
NM,2023,other,non-hisp,m,30-34,0.007566,synthetic_seed
NM,2023,other,non-hisp,m,35-39,0.010476,synthetic_seed
NM,2023,other,non-hisp,m,40-44,0.014434,synthetic_seed
NM,2023,other,non-hisp,m,45-49,0.021418,synthetic_seed
NM,2023,other,non-hisp,m,50-54,0.031661,synthetic_seed
NM,2023,other,non-hisp,m,55-59,0.045862,synthetic_seed
NM,2023,other,non-hisp,m,60-64,0.06821,synthetic_seed
NM,2023,other,non-hisp,m,65-69,0.101035,synthetic_seed
NM,2023,other,non-hisp,m,70-74,0.154114,synthetic_seed
NM,2023,other,non-hisp,m,75-79,0.239551,synthetic_seed
NM,2023,other,non-hisp,m,80-84,0.375506,synthetic_seed
NM,2023,other,non-hisp,m,85+,0.647533,synthetic_seed
NM,2023,other,non-hisp,f,0-4,0.002061,synthetic_seed
NM,2023,other,non-hisp,f,5-9,0.000412,synthetic_seed
NM,2023,other,non-hisp,f,10-14,0.000412,synthetic_seed
NM,2023,other,non-hisp,f,15-19,0.002061,synthetic_seed
NM,2023,other,non-hisp,f,20-24,0.003298,synthetic_seed
NM,2023,other,non-hisp,f,25-29,0.004123,synthetic_seed
NM,2023,other,non-hisp,f,30-34,0.005359,synthetic_seed
NM,2023,other,non-hisp,f,35-39,0.007421,synthetic_seed
NM,2023,other,non-hisp,f,40-44,0.010224,synthetic_seed
NM,2023,other,non-hisp,f,45-49,0.015171,synthetic_seed
NM,2023,other,non-hisp,f,50-54,0.022426,synthetic_seed
NM,2023,other,non-hisp,f,55-59,0.032485,synthetic_seed
NM,2023,other,non-hisp,f,60-64,0.048316,synthetic_seed
NM,2023,other,non-hisp,f,65-69,0.071567,synthetic_seed
NM,2023,other,non-hisp,f,70-74,0.109164,synthetic_seed
NM,2023,other,non-hisp,f,75-79,0.169682,synthetic_seed
NM,2023,other,non-hisp,f,80-84,0.265984,synthetic_seed
NM,2023,other,non-hisp,f,85+,0.458669,synthetic_seed
NM,2023,other,hisp,m,0-4,0.00291,synthetic_seed
NM,2023,other,hisp,m,5-9,0.000582,synthetic_seed
NM,2023,other,hisp,m,10-14,0.000582,synthetic_seed
NM,2023,other,hisp,m,15-19,0.00291,synthetic_seed
NM,2023,other,hisp,m,20-24,0.004656,synthetic_seed
NM,2023,other,hisp,m,25-29,0.00582,synthetic_seed
NM,2023,other,hisp,m,30-34,0.007566,synthetic_seed
NM,2023,other,hisp,m,35-39,0.010476,synthetic_seed
NM,2023,other,hisp,m,40-44,0.014434,synthetic_seed
NM,2023,other,hisp,m,45-49,0.021418,synthetic_seed
NM,2023,other,hisp,m,50-54,0.031661,synthetic_seed
NM,2023,other,hisp,m,55-59,0.045862,synthetic_seed
NM,2023,other,hisp,m,60-64,0.06821,synthetic_seed
NM,2023,other,hisp,m,65-69,0.101035,synthetic_seed
NM,2023,other,hisp,m,70-74,0.154114,synthetic_seed
NM,2023,other,hisp,m,75-79,0.239551,synthetic_seed
NM,2023,other,hisp,m,80-84,0.375506,synthetic_seed
NM,2023,other,hisp,m,85+,0.647533,synthetic_seed
NM,2023,other,hisp,f,0-4,0.002061,synthetic_seed
NM,2023,other,hisp,f,5-9,0.000412,synthetic_seed
NM,2023,other,hisp,f,10-14,0.000412,synthetic_seed
NM,2023,other,hisp,f,15-19,0.002061,synthetic_seed
NM,2023,other,hisp,f,20-24,0.003298,synthetic_seed
NM,2023,other,hisp,f,25-29,0.004123,synthetic_seed
NM,2023,other,hisp,f,30-34,0.005359,synthetic_seed
NM,2023,other,hisp,f,35-39,0.007421,synthetic_seed
NM,2023,other,hisp,f,40-44,0.010224,synthetic_seed
NM,2023,other,hisp,f,45-49,0.015171,synthetic_seed
NM,2023,other,hisp,f,50-54,0.022426,synthetic_seed
NM,2023,other,hisp,f,55-59,0.032485,synthetic_seed
NM,2023,other,hisp,f,60-64,0.048316,synthetic_seed
NM,2023,other,hisp,f,65-69,0.071567,synthetic_seed
NM,2023,other,hisp,f,70-74,0.109164,synthetic_seed
NM,2023,other,hisp,f,75-79,0.169682,synthetic_seed
NM,2023,other,hisp,f,80-84,0.265984,synthetic_seed
NM,2023,other,hisp,f,85+,0.458669,synthetic_seed
NY,2023,white,non-hisp,m,0-4,0.00285,synthetic_seed
NY,2023,white,non-hisp,m,5-9,0.00057,synthetic_seed
NY,2023,white,non-hisp,m,10-14,0.00057,synthetic_seed
NY,2023,white,non-hisp,m,15-19,0.00285,synthetic_seed
NY,2023,white,non-hisp,m,20-24,0.00456,synthetic_seed
NY,2023,white,non-hisp,m,25-29,0.0057,synthetic_seed
NY,2023,white,non-hisp,m,30-34,0.00741,synthetic_seed
NY,2023,white,non-hisp,m,35-39,0.01026,synthetic_seed
NY,2023,white,non-hisp,m,40-44,0.014136,synthetic_seed
NY,2023,white,non-hisp,m,45-49,0.020976,synthetic_seed
NY,2023,white,non-hisp,m,50-54,0.031008,synthetic_seed
NY,2023,white,non-hisp,m,55-59,0.044916,synthetic_seed
NY,2023,white,non-hisp,m,60-64,0.066804,synthetic_seed
NY,2023,white,non-hisp,m,65-69,0.098952,synthetic_seed
NY,2023,white,non-hisp,m,70-74,0.150936,synthetic_seed
NY,2023,white,non-hisp,m,75-79,0.234612,synthetic_seed
NY,2023,white,non-hisp,m,80-84,0.367764,synthetic_seed
NY,2023,white,non-hisp,m,85+,0.634182,synthetic_seed
NY,2023,white,non-hisp,f,0-4,0.002019,synthetic_seed
NY,2023,white,non-hisp,f,5-9,0.000404,synthetic_seed
NY,2023,white,non-hisp,f,10-14,0.000404,synthetic_seed
NY,2023,white,non-hisp,f,15-19,0.002019,synthetic_seed
NY,2023,white,non-hisp,f,20-24,0.00323,synthetic_seed
NY,2023,white,non-hisp,f,25-29,0.004037,synthetic_seed
NY,2023,white,non-hisp,f,30-34,0.005249,synthetic_seed
NY,2023,white,non-hisp,f,35-39,0.007267,synthetic_seed
NY,2023,white,non-hisp,f,40-44,0.010013,synthetic_seed
NY,2023,white,non-hisp,f,45-49,0.014858,synthetic_seed
NY,2023,white,non-hisp,f,50-54,0.021964,synthetic_seed
NY,2023,white,non-hisp,f,55-59,0.031815,synthetic_seed
NY,2023,white,non-hisp,f,60-64,0.047319,synthetic_seed
NY,2023,white,non-hisp,f,65-69,0.070091,synthetic_seed
NY,2023,white,non-hisp,f,70-74,0.106913,synthetic_seed
NY,2023,white,non-hisp,f,75-79,0.166183,synthetic_seed
NY,2023,white,non-hisp,f,80-84,0.260499,synthetic_seed
NY,2023,white,non-hisp,f,85+,0.449212,synthetic_seed
NY,2023,white,hisp,m,0-4,0.00285,synthetic_seed
NY,2023,white,hisp,m,5-9,0.00057,synthetic_seed
NY,2023,white,hisp,m,10-14,0.00057,synthetic_seed
NY,2023,white,hisp,m,15-19,0.00285,synthetic_seed
NY,2023,white,hisp,m,20-24,0.00456,synthetic_seed
NY,2023,white,hisp,m,25-29,0.0057,synthetic_seed
NY,2023,white,hisp,m,30-34,0.00741,synthetic_seed
NY,2023,white,hisp,m,35-39,0.01026,synthetic_seed
NY,2023,white,hisp,m,40-44,0.014136,synthetic_seed
NY,2023,white,hisp,m,45-49,0.020976,synthetic_seed
NY,2023,white,hisp,m,50-54,0.031008,synthetic_seed
NY,2023,white,hisp,m,55-59,0.044916,synthetic_seed
NY,2023,white,hisp,m,60-64,0.066804,synthetic_seed
NY,2023,white,hisp,m,65-69,0.098952,synthetic_seed
NY,2023,white,hisp,m,70-74,0.150936,synthetic_seed
NY,2023,white,hisp,m,75-79,0.234612,synthetic_seed
NY,2023,white,hisp,m,80-84,0.367764,synthetic_seed
NY,2023,white,hisp,m,85+,0.634182,synthetic_seed
NY,2023,white,hisp,f,0-4,0.002019,synthetic_seed
NY,2023,white,hisp,f,5-9,0.000404,synthetic_seed
NY,2023,white,hisp,f,10-14,0.000404,synthetic_seed
NY,2023,white,hisp,f,15-19,0.002019,synthetic_seed
NY,2023,white,hisp,f,20-24,0.00323,synthetic_seed
NY,2023,white,hisp,f,25-29,0.004037,synthetic_seed
NY,2023,white,hisp,f,30-34,0.005249,synthetic_seed
NY,2023,white,hisp,f,35-39,0.007267,synthetic_seed
NY,2023,white,hisp,f,40-44,0.010013,synthetic_seed
NY,2023,white,hisp,f,45-49,0.014858,synthetic_seed
NY,2023,white,hisp,f,50-54,0.021964,synthetic_seed
NY,2023,white,hisp,f,55-59,0.031815,synthetic_seed
NY,2023,white,hisp,f,60-64,0.047319,synthetic_seed
NY,2023,white,hisp,f,65-69,0.070091,synthetic_seed
NY,2023,white,hisp,f,70-74,0.106913,synthetic_seed
NY,2023,white,hisp,f,75-79,0.166183,synthetic_seed
NY,2023,white,hisp,f,80-84,0.260499,synthetic_seed
NY,2023,white,hisp,f,85+,0.449212,synthetic_seed
NY,2023,black,non-hisp,m,0-4,0.003135,synthetic_seed
NY,2023,black,non-hisp,m,5-9,0.000627,synthetic_seed
NY,2023,black,non-hisp,m,10-14,0.000627,synthetic_seed
NY,2023,black,non-hisp,m,15-19,0.003135,synthetic_seed
NY,2023,black,non-hisp,m,20-24,0.005016,synthetic_seed
NY,2023,black,non-hisp,m,25-29,0.00627,synthetic_seed
NY,2023,black,non-hisp,m,30-34,0.008151,synthetic_seed
NY,2023,black,non-hisp,m,35-39,0.011286,synthetic_seed
NY,2023,black,non-hisp,m,40-44,0.01555,synthetic_seed
NY,2023,black,non-hisp,m,45-49,0.023074,synthetic_seed
NY,2023,black,non-hisp,m,50-54,0.034109,synthetic_seed
NY,2023,black,non-hisp,m,55-59,0.049408,synthetic_seed
NY,2023,black,non-hisp,m,60-64,0.073484,synthetic_seed
NY,2023,black,non-hisp,m,65-69,0.108847,synthetic_seed
NY,2023,black,non-hisp,m,70-74,0.16603,synthetic_seed
NY,2023,black,non-hisp,m,75-79,0.258073,synthetic_seed
NY,2023,black,non-hisp,m,80-84,0.40454,synthetic_seed
NY,2023,black,non-hisp,m,85+,0.6976,synthetic_seed
NY,2023,black,non-hisp,f,0-4,0.002221,synthetic_seed
NY,2023,black,non-hisp,f,5-9,0.000444,synthetic_seed
NY,2023,black,non-hisp,f,10-14,0.000444,synthetic_seed
NY,2023,black,non-hisp,f,15-19,0.002221,synthetic_seed
NY,2023,black,non-hisp,f,20-24,0.003553,synthetic_seed
NY,2023,black,non-hisp,f,25-29,0.004441,synthetic_seed
NY,2023,black,non-hisp,f,30-34,0.005774,synthetic_seed
NY,2023,black,non-hisp,f,35-39,0.007994,synthetic_seed
NY,2023,black,non-hisp,f,40-44,0.011014,synthetic_seed
NY,2023,black,non-hisp,f,45-49,0.016344,synthetic_seed
NY,2023,black,non-hisp,f,50-54,0.02416,synthetic_seed
NY,2023,black,non-hisp,f,55-59,0.034997,synthetic_seed
NY,2023,black,non-hisp,f,60-64,0.052051,synthetic_seed
NY,2023,black,non-hisp,f,65-69,0.0771,synthetic_seed
NY,2023,black,non-hisp,f,70-74,0.117604,synthetic_seed
NY,2023,black,non-hisp,f,75-79,0.182802,synthetic_seed
NY,2023,black,non-hisp,f,80-84,0.286549,synthetic_seed
NY,2023,black,non-hisp,f,85+,0.494133,synthetic_seed
NY,2023,black,hisp,m,0-4,0.003135,synthetic_seed
NY,2023,black,hisp,m,5-9,0.000627,synthetic_seed
NY,2023,black,hisp,m,10-14,0.000627,synthetic_seed
NY,2023,black,hisp,m,15-19,0.003135,synthetic_seed
NY,2023,black,hisp,m,20-24,0.005016,synthetic_seed
NY,2023,black,hisp,m,25-29,0.00627,synthetic_seed
NY,2023,black,hisp,m,30-34,0.008151,synthetic_seed
NY,2023,black,hisp,m,35-39,0.011286,synthetic_seed
NY,2023,black,hisp,m,40-44,0.01555,synthetic_seed
NY,2023,black,hisp,m,45-49,0.023074,synthetic_seed
NY,2023,black,hisp,m,50-54,0.034109,synthetic_seed
NY,2023,black,hisp,m,55-59,0.049408,synthetic_seed
NY,2023,black,hisp,m,60-64,0.073484,synthetic_seed
NY,2023,black,hisp,m,65-69,0.108847,synthetic_seed
NY,2023,black,hisp,m,70-74,0.16603,synthetic_seed
NY,2023,black,hisp,m,75-79,0.258073,synthetic_seed
NY,2023,black,hisp,m,80-84,0.40454,synthetic_seed
NY,2023,black,hisp,m,85+,0.6976,synthetic_seed
NY,2023,black,hisp,f,0-4,0.002221,synthetic_seed
NY,2023,black,hisp,f,5-9,0.000444,synthetic_seed
NY,2023,black,hisp,f,10-14,0.000444,synthetic_seed
NY,2023,black,hisp,f,15-19,0.002221,synthetic_seed
NY,2023,black,hisp,f,20-24,0.003553,synthetic_seed
NY,2023,black,hisp,f,25-29,0.004441,synthetic_seed
NY,2023,black,hisp,f,30-34,0.005774,synthetic_seed
NY,2023,black,hisp,f,35-39,0.007994,synthetic_seed
NY,2023,black,hisp,f,40-44,0.011014,synthetic_seed
NY,2023,black,hisp,f,45-49,0.016344,synthetic_seed
NY,2023,black,hisp,f,50-54,0.02416,synthetic_seed
NY,2023,black,hisp,f,55-59,0.034997,synthetic_seed
NY,2023,black,hisp,f,60-64,0.052051,synthetic_seed
NY,2023,black,hisp,f,65-69,0.0771,synthetic_seed
NY,2023,black,hisp,f,70-74,0.117604,synthetic_seed
NY,2023,black,hisp,f,75-79,0.182802,synthetic_seed
NY,2023,black,hisp,f,80-84,0.286549,synthetic_seed
NY,2023,black,hisp,f,85+,0.494133,synthetic_seed
NY,2023,asian,non-hisp,m,0-4,0.002707,synthetic_seed
NY,2023,asian,non-hisp,m,5-9,0.000541,synthetic_seed
NY,2023,asian,non-hisp,m,10-14,0.000541,synthetic_seed
NY,2023,asian,non-hisp,m,15-19,0.002707,synthetic_seed
NY,2023,asian,non-hisp,m,20-24,0.004332,synthetic_seed
NY,2023,asian,non-hisp,m,25-29,0.005415,synthetic_seed
NY,2023,asian,non-hisp,m,30-34,0.007039,synthetic_seed
NY,2023,asian,non-hisp,m,35-39,0.009747,synthetic_seed
NY,2023,asian,non-hisp,m,40-44,0.013429,synthetic_seed
NY,2023,asian,non-hisp,m,45-49,0.019927,synthetic_seed
NY,2023,asian,non-hisp,m,50-54,0.029458,synthetic_seed
NY,2023,asian,non-hisp,m,55-59,0.04267,synthetic_seed
NY,2023,asian,non-hisp,m,60-64,0.063464,synthetic_seed
NY,2023,asian,non-hisp,m,65-69,0.094004,synthetic_seed
NY,2023,asian,non-hisp,m,70-74,0.143389,synthetic_seed
NY,2023,asian,non-hisp,m,75-79,0.222881,synthetic_seed
NY,2023,asian,non-hisp,m,80-84,0.349376,synthetic_seed
NY,2023,asian,non-hisp,m,85+,0.602473,synthetic_seed
NY,2023,asian,non-hisp,f,0-4,0.001918,synthetic_seed
NY,2023,asian,non-hisp,f,5-9,0.000384,synthetic_seed
NY,2023,asian,non-hisp,f,10-14,0.000384,synthetic_seed
NY,2023,asian,non-hisp,f,15-19,0.001918,synthetic_seed
NY,2023,asian,non-hisp,f,20-24,0.003069,synthetic_seed
NY,2023,asian,non-hisp,f,25-29,0.003836,synthetic_seed
NY,2023,asian,non-hisp,f,30-34,0.004986,synthetic_seed
NY,2023,asian,non-hisp,f,35-39,0.006904,synthetic_seed
NY,2023,asian,non-hisp,f,40-44,0.009512,synthetic_seed
NY,2023,asian,non-hisp,f,45-49,0.014115,synthetic_seed
NY,2023,asian,non-hisp,f,50-54,0.020866,synthetic_seed
NY,2023,asian,non-hisp,f,55-59,0.030225,synthetic_seed
NY,2023,asian,non-hisp,f,60-64,0.044954,synthetic_seed
NY,2023,asian,non-hisp,f,65-69,0.066586,synthetic_seed
NY,2023,asian,non-hisp,f,70-74,0.101567,synthetic_seed
NY,2023,asian,non-hisp,f,75-79,0.157874,synthetic_seed
NY,2023,asian,non-hisp,f,80-84,0.247475,synthetic_seed
NY,2023,asian,non-hisp,f,85+,0.426752,synthetic_seed
NY,2023,asian,hisp,m,0-4,0.002707,synthetic_seed
NY,2023,asian,hisp,m,5-9,0.000541,synthetic_seed
NY,2023,asian,hisp,m,10-14,0.000541,synthetic_seed
NY,2023,asian,hisp,m,15-19,0.002707,synthetic_seed
NY,2023,asian,hisp,m,20-24,0.004332,synthetic_seed
NY,2023,asian,hisp,m,25-29,0.005415,synthetic_seed
NY,2023,asian,hisp,m,30-34,0.007039,synthetic_seed
NY,2023,asian,hisp,m,35-39,0.009747,synthetic_seed
NY,2023,asian,hisp,m,40-44,0.013429,synthetic_seed
NY,2023,asian,hisp,m,45-49,0.019927,synthetic_seed
NY,2023,asian,hisp,m,50-54,0.029458,synthetic_seed
NY,2023,asian,hisp,m,55-59,0.04267,synthetic_seed
NY,2023,asian,hisp,m,60-64,0.063464,synthetic_seed
NY,2023,asian,hisp,m,65-69,0.094004,synthetic_seed
NY,2023,asian,hisp,m,70-74,0.143389,synthetic_seed
NY,2023,asian,hisp,m,75-79,0.222881,synthetic_seed
NY,2023,asian,hisp,m,80-84,0.349376,synthetic_seed
NY,2023,asian,hisp,m,85+,0.602473,synthetic_seed
NY,2023,asian,hisp,f,0-4,0.001918,synthetic_seed
NY,2023,asian,hisp,f,5-9,0.000384,synthetic_seed
NY,2023,asian,hisp,f,10-14,0.000384,synthetic_seed
NY,2023,asian,hisp,f,15-19,0.001918,synthetic_seed
NY,2023,asian,hisp,f,20-24,0.003069,synthetic_seed
NY,2023,asian,hisp,f,25-29,0.003836,synthetic_seed
NY,2023,asian,hisp,f,30-34,0.004986,synthetic_seed
NY,2023,asian,hisp,f,35-39,0.006904,synthetic_seed
NY,2023,asian,hisp,f,40-44,0.009512,synthetic_seed
NY,2023,asian,hisp,f,45-49,0.014115,synthetic_seed
NY,2023,asian,hisp,f,50-54,0.020866,synthetic_seed
NY,2023,asian,hisp,f,55-59,0.030225,synthetic_seed
NY,2023,asian,hisp,f,60-64,0.044954,synthetic_seed
NY,2023,asian,hisp,f,65-69,0.066586,synthetic_seed
NY,2023,asian,hisp,f,70-74,0.101567,synthetic_seed
NY,2023,asian,hisp,f,75-79,0.157874,synthetic_seed
NY,2023,asian,hisp,f,80-84,0.247475,synthetic_seed
NY,2023,asian,hisp,f,85+,0.426752,synthetic_seed
NY,2023,other,non-hisp,m,0-4,0.00285,synthetic_seed
NY,2023,other,non-hisp,m,5-9,0.00057,synthetic_seed
NY,2023,other,non-hisp,m,10-14,0.00057,synthetic_seed
NY,2023,other,non-hisp,m,15-19,0.00285,synthetic_seed
NY,2023,other,non-hisp,m,20-24,0.00456,synthetic_seed
NY,2023,other,non-hisp,m,25-29,0.0057,synthetic_seed
NY,2023,other,non-hisp,m,30-34,0.00741,synthetic_seed
NY,2023,other,non-hisp,m,35-39,0.01026,synthetic_seed
NY,2023,other,non-hisp,m,40-44,0.014136,synthetic_seed
NY,2023,other,non-hisp,m,45-49,0.020976,synthetic_seed
NY,2023,other,non-hisp,m,50-54,0.031008,synthetic_seed
NY,2023,other,non-hisp,m,55-59,0.044916,synthetic_seed
NY,2023,other,non-hisp,m,60-64,0.066804,synthetic_seed
NY,2023,other,non-hisp,m,65-69,0.098952,synthetic_seed
NY,2023,other,non-hisp,m,70-74,0.150936,synthetic_seed
NY,2023,other,non-hisp,m,75-79,0.234612,synthetic_seed
NY,2023,other,non-hisp,m,80-84,0.367764,synthetic_seed
NY,2023,other,non-hisp,m,85+,0.634182,synthetic_seed
NY,2023,other,non-hisp,f,0-4,0.002019,synthetic_seed
NY,2023,other,non-hisp,f,5-9,0.000404,synthetic_seed
NY,2023,other,non-hisp,f,10-14,0.000404,synthetic_seed
NY,2023,other,non-hisp,f,15-19,0.002019,synthetic_seed
NY,2023,other,non-hisp,f,20-24,0.00323,synthetic_seed
NY,2023,other,non-hisp,f,25-29,0.004037,synthetic_seed
NY,2023,other,non-hisp,f,30-34,0.005249,synthetic_seed
NY,2023,other,non-hisp,f,35-39,0.007267,synthetic_seed
NY,2023,other,non-hisp,f,40-44,0.010013,synthetic_seed
NY,2023,other,non-hisp,f,45-49,0.014858,synthetic_seed
NY,2023,other,non-hisp,f,50-54,0.021964,synthetic_seed
NY,2023,other,non-hisp,f,55-59,0.031815,synthetic_seed
NY,2023,other,non-hisp,f,60-64,0.047319,synthetic_seed
NY,2023,other,non-hisp,f,65-69,0.070091,synthetic_seed
NY,2023,other,non-hisp,f,70-74,0.106913,synthetic_seed
NY,2023,other,non-hisp,f,75-79,0.166183,synthetic_seed
NY,2023,other,non-hisp,f,80-84,0.260499,synthetic_seed
NY,2023,other,non-hisp,f,85+,0.449212,synthetic_seed
NY,2023,other,hisp,m,0-4,0.00285,synthetic_seed
NY,2023,other,hisp,m,5-9,0.00057,synthetic_seed
NY,2023,other,hisp,m,10-14,0.00057,synthetic_seed
NY,2023,other,hisp,m,15-19,0.00285,synthetic_seed
NY,2023,other,hisp,m,20-24,0.00456,synthetic_seed
NY,2023,other,hisp,m,25-29,0.0057,synthetic_seed
NY,2023,other,hisp,m,30-34,0.00741,synthetic_seed
NY,2023,other,hisp,m,35-39,0.01026,synthetic_seed
NY,2023,other,hisp,m,40-44,0.014136,synthetic_seed
NY,2023,other,hisp,m,45-49,0.020976,synthetic_seed
NY,2023,other,hisp,m,50-54,0.031008,synthetic_seed
NY,2023,other,hisp,m,55-59,0.044916,synthetic_seed
NY,2023,other,hisp,m,60-64,0.066804,synthetic_seed
NY,2023,other,hisp,m,65-69,0.098952,synthetic_seed
NY,2023,other,hisp,m,70-74,0.150936,synthetic_seed
NY,2023,other,hisp,m,75-79,0.234612,synthetic_seed
NY,2023,other,hisp,m,80-84,0.367764,synthetic_seed
NY,2023,other,hisp,m,85+,0.634182,synthetic_seed
NY,2023,other,hisp,f,0-4,0.002019,synthetic_seed
NY,2023,other,hisp,f,5-9,0.000404,synthetic_seed
NY,2023,other,hisp,f,10-14,0.000404,synthetic_seed
NY,2023,other,hisp,f,15-19,0.002019,synthetic_seed
NY,2023,other,hisp,f,20-24,0.00323,synthetic_seed
NY,2023,other,hisp,f,25-29,0.004037,synthetic_seed
NY,2023,other,hisp,f,30-34,0.005249,synthetic_seed
NY,2023,other,hisp,f,35-39,0.007267,synthetic_seed
NY,2023,other,hisp,f,40-44,0.010013,synthetic_seed
NY,2023,other,hisp,f,45-49,0.014858,synthetic_seed
NY,2023,other,hisp,f,50-54,0.021964,synthetic_seed
NY,2023,other,hisp,f,55-59,0.031815,synthetic_seed
NY,2023,other,hisp,f,60-64,0.047319,synthetic_seed
NY,2023,other,hisp,f,65-69,0.070091,synthetic_seed
NY,2023,other,hisp,f,70-74,0.106913,synthetic_seed
NY,2023,other,hisp,f,75-79,0.166183,synthetic_seed
NY,2023,other,hisp,f,80-84,0.260499,synthetic_seed
NY,2023,other,hisp,f,85+,0.449212,synthetic_seed
NC,2023,white,non-hisp,m,0-4,0.00324,synthetic_seed
NC,2023,white,non-hisp,m,5-9,0.000648,synthetic_seed
NC,2023,white,non-hisp,m,10-14,0.000648,synthetic_seed
NC,2023,white,non-hisp,m,15-19,0.00324,synthetic_seed
NC,2023,white,non-hisp,m,20-24,0.005184,synthetic_seed
NC,2023,white,non-hisp,m,25-29,0.00648,synthetic_seed
NC,2023,white,non-hisp,m,30-34,0.008424,synthetic_seed
NC,2023,white,non-hisp,m,35-39,0.011664,synthetic_seed
NC,2023,white,non-hisp,m,40-44,0.01607,synthetic_seed
NC,2023,white,non-hisp,m,45-49,0.023846,synthetic_seed
NC,2023,white,non-hisp,m,50-54,0.035251,synthetic_seed
NC,2023,white,non-hisp,m,55-59,0.051062,synthetic_seed
NC,2023,white,non-hisp,m,60-64,0.075946,synthetic_seed
NC,2023,white,non-hisp,m,65-69,0.112493,synthetic_seed
NC,2023,white,non-hisp,m,70-74,0.17159,synthetic_seed
NC,2023,white,non-hisp,m,75-79,0.266717,synthetic_seed
NC,2023,white,non-hisp,m,80-84,0.41809,synthetic_seed
NC,2023,white,non-hisp,m,85+,0.720965,synthetic_seed
NC,2023,white,non-hisp,f,0-4,0.002295,synthetic_seed
NC,2023,white,non-hisp,f,5-9,0.000459,synthetic_seed
NC,2023,white,non-hisp,f,10-14,0.000459,synthetic_seed
NC,2023,white,non-hisp,f,15-19,0.002295,synthetic_seed
NC,2023,white,non-hisp,f,20-24,0.003672,synthetic_seed
NC,2023,white,non-hisp,f,25-29,0.00459,synthetic_seed
NC,2023,white,non-hisp,f,30-34,0.005967,synthetic_seed
NC,2023,white,non-hisp,f,35-39,0.008262,synthetic_seed
NC,2023,white,non-hisp,f,40-44,0.011383,synthetic_seed
NC,2023,white,non-hisp,f,45-49,0.016891,synthetic_seed
NC,2023,white,non-hisp,f,50-54,0.02497,synthetic_seed
NC,2023,white,non-hisp,f,55-59,0.036169,synthetic_seed
NC,2023,white,non-hisp,f,60-64,0.053795,synthetic_seed
NC,2023,white,non-hisp,f,65-69,0.079682,synthetic_seed
NC,2023,white,non-hisp,f,70-74,0.121543,synthetic_seed
NC,2023,white,non-hisp,f,75-79,0.188924,synthetic_seed
NC,2023,white,non-hisp,f,80-84,0.296147,synthetic_seed
NC,2023,white,non-hisp,f,85+,0.510683,synthetic_seed
NC,2023,white,hisp,m,0-4,0.00324,synthetic_seed
NC,2023,white,hisp,m,5-9,0.000648,synthetic_seed
NC,2023,white,hisp,m,10-14,0.000648,synthetic_seed
NC,2023,white,hisp,m,15-19,0.00324,synthetic_seed
NC,2023,white,hisp,m,20-24,0.005184,synthetic_seed
NC,2023,white,hisp,m,25-29,0.00648,synthetic_seed
NC,2023,white,hisp,m,30-34,0.008424,synthetic_seed
NC,2023,white,hisp,m,35-39,0.011664,synthetic_seed
NC,2023,white,hisp,m,40-44,0.01607,synthetic_seed
NC,2023,white,hisp,m,45-49,0.023846,synthetic_seed
NC,2023,white,hisp,m,50-54,0.035251,synthetic_seed
NC,2023,white,hisp,m,55-59,0.051062,synthetic_seed
NC,2023,white,hisp,m,60-64,0.075946,synthetic_seed
NC,2023,white,hisp,m,65-69,0.112493,synthetic_seed
NC,2023,white,hisp,m,70-74,0.17159,synthetic_seed
NC,2023,white,hisp,m,75-79,0.266717,synthetic_seed
NC,2023,white,hisp,m,80-84,0.41809,synthetic_seed
NC,2023,white,hisp,m,85+,0.720965,synthetic_seed
NC,2023,white,hisp,f,0-4,0.002295,synthetic_seed
NC,2023,white,hisp,f,5-9,0.000459,synthetic_seed
NC,2023,white,hisp,f,10-14,0.000459,synthetic_seed
NC,2023,white,hisp,f,15-19,0.002295,synthetic_seed
NC,2023,white,hisp,f,20-24,0.003672,synthetic_seed
NC,2023,white,hisp,f,25-29,0.00459,synthetic_seed
NC,2023,white,hisp,f,30-34,0.005967,synthetic_seed
NC,2023,white,hisp,f,35-39,0.008262,synthetic_seed
NC,2023,white,hisp,f,40-44,0.011383,synthetic_seed
NC,2023,white,hisp,f,45-49,0.016891,synthetic_seed
NC,2023,white,hisp,f,50-54,0.02497,synthetic_seed
NC,2023,white,hisp,f,55-59,0.036169,synthetic_seed
NC,2023,white,hisp,f,60-64,0.053795,synthetic_seed
NC,2023,white,hisp,f,65-69,0.079682,synthetic_seed
NC,2023,white,hisp,f,70-74,0.121543,synthetic_seed
NC,2023,white,hisp,f,75-79,0.188924,synthetic_seed
NC,2023,white,hisp,f,80-84,0.296147,synthetic_seed
NC,2023,white,hisp,f,85+,0.510683,synthetic_seed
NC,2023,black,non-hisp,m,0-4,0.003564,synthetic_seed
NC,2023,black,non-hisp,m,5-9,0.000713,synthetic_seed
NC,2023,black,non-hisp,m,10-14,0.000713,synthetic_seed
NC,2023,black,non-hisp,m,15-19,0.003564,synthetic_seed
NC,2023,black,non-hisp,m,20-24,0.005702,synthetic_seed
NC,2023,black,non-hisp,m,25-29,0.007128,synthetic_seed
NC,2023,black,non-hisp,m,30-34,0.009266,synthetic_seed
NC,2023,black,non-hisp,m,35-39,0.01283,synthetic_seed
NC,2023,black,non-hisp,m,40-44,0.017677,synthetic_seed
NC,2023,black,non-hisp,m,45-49,0.026231,synthetic_seed
NC,2023,black,non-hisp,m,50-54,0.038776,synthetic_seed
NC,2023,black,non-hisp,m,55-59,0.056169,synthetic_seed
NC,2023,black,non-hisp,m,60-64,0.08354,synthetic_seed
NC,2023,black,non-hisp,m,65-69,0.123742,synthetic_seed
NC,2023,black,non-hisp,m,70-74,0.188749,synthetic_seed
NC,2023,black,non-hisp,m,75-79,0.293388,synthetic_seed
NC,2023,black,non-hisp,m,80-84,0.459899,synthetic_seed
NC,2023,black,non-hisp,m,85+,0.793061,synthetic_seed
NC,2023,black,non-hisp,f,0-4,0.002525,synthetic_seed
NC,2023,black,non-hisp,f,5-9,0.000505,synthetic_seed
NC,2023,black,non-hisp,f,10-14,0.000505,synthetic_seed
NC,2023,black,non-hisp,f,15-19,0.002525,synthetic_seed
NC,2023,black,non-hisp,f,20-24,0.004039,synthetic_seed
NC,2023,black,non-hisp,f,25-29,0.005049,synthetic_seed
NC,2023,black,non-hisp,f,30-34,0.006564,synthetic_seed
NC,2023,black,non-hisp,f,35-39,0.009088,synthetic_seed
NC,2023,black,non-hisp,f,40-44,0.012522,synthetic_seed
NC,2023,black,non-hisp,f,45-49,0.01858,synthetic_seed
NC,2023,black,non-hisp,f,50-54,0.027467,synthetic_seed
NC,2023,black,non-hisp,f,55-59,0.039786,synthetic_seed
NC,2023,black,non-hisp,f,60-64,0.059174,synthetic_seed
NC,2023,black,non-hisp,f,65-69,0.087651,synthetic_seed
NC,2023,black,non-hisp,f,70-74,0.133698,synthetic_seed
NC,2023,black,non-hisp,f,75-79,0.207817,synthetic_seed
NC,2023,black,non-hisp,f,80-84,0.325761,synthetic_seed
NC,2023,black,non-hisp,f,85+,0.561752,synthetic_seed
NC,2023,black,hisp,m,0-4,0.003564,synthetic_seed
NC,2023,black,hisp,m,5-9,0.000713,synthetic_seed
NC,2023,black,hisp,m,10-14,0.000713,synthetic_seed
NC,2023,black,hisp,m,15-19,0.003564,synthetic_seed
NC,2023,black,hisp,m,20-24,0.005702,synthetic_seed
NC,2023,black,hisp,m,25-29,0.007128,synthetic_seed
NC,2023,black,hisp,m,30-34,0.009266,synthetic_seed
NC,2023,black,hisp,m,35-39,0.01283,synthetic_seed
NC,2023,black,hisp,m,40-44,0.017677,synthetic_seed
NC,2023,black,hisp,m,45-49,0.026231,synthetic_seed
NC,2023,black,hisp,m,50-54,0.038776,synthetic_seed
NC,2023,black,hisp,m,55-59,0.056169,synthetic_seed
NC,2023,black,hisp,m,60-64,0.08354,synthetic_seed
NC,2023,black,hisp,m,65-69,0.123742,synthetic_seed
NC,2023,black,hisp,m,70-74,0.188749,synthetic_seed
NC,2023,black,hisp,m,75-79,0.293388,synthetic_seed
NC,2023,black,hisp,m,80-84,0.459899,synthetic_seed
NC,2023,black,hisp,m,85+,0.793061,synthetic_seed
NC,2023,black,hisp,f,0-4,0.002525,synthetic_seed
NC,2023,black,hisp,f,5-9,0.000505,synthetic_seed
NC,2023,black,hisp,f,10-14,0.000505,synthetic_seed
NC,2023,black,hisp,f,15-19,0.002525,synthetic_seed
NC,2023,black,hisp,f,20-24,0.004039,synthetic_seed
NC,2023,black,hisp,f,25-29,0.005049,synthetic_seed
NC,2023,black,hisp,f,30-34,0.006564,synthetic_seed
NC,2023,black,hisp,f,35-39,0.009088,synthetic_seed
NC,2023,black,hisp,f,40-44,0.012522,synthetic_seed
NC,2023,black,hisp,f,45-49,0.01858,synthetic_seed
NC,2023,black,hisp,f,50-54,0.027467,synthetic_seed
NC,2023,black,hisp,f,55-59,0.039786,synthetic_seed
NC,2023,black,hisp,f,60-64,0.059174,synthetic_seed
NC,2023,black,hisp,f,65-69,0.087651,synthetic_seed
NC,2023,black,hisp,f,70-74,0.133698,synthetic_seed
NC,2023,black,hisp,f,75-79,0.207817,synthetic_seed
NC,2023,black,hisp,f,80-84,0.325761,synthetic_seed
NC,2023,black,hisp,f,85+,0.561752,synthetic_seed
NC,2023,asian,non-hisp,m,0-4,0.003078,synthetic_seed
NC,2023,asian,non-hisp,m,5-9,0.000616,synthetic_seed
NC,2023,asian,non-hisp,m,10-14,0.000616,synthetic_seed
NC,2023,asian,non-hisp,m,15-19,0.003078,synthetic_seed
NC,2023,asian,non-hisp,m,20-24,0.004925,synthetic_seed
NC,2023,asian,non-hisp,m,25-29,0.006156,synthetic_seed
NC,2023,asian,non-hisp,m,30-34,0.008003,synthetic_seed
NC,2023,asian,non-hisp,m,35-39,0.011081,synthetic_seed
NC,2023,asian,non-hisp,m,40-44,0.015267,synthetic_seed
NC,2023,asian,non-hisp,m,45-49,0.022654,synthetic_seed
NC,2023,asian,non-hisp,m,50-54,0.033489,synthetic_seed
NC,2023,asian,non-hisp,m,55-59,0.048509,synthetic_seed
NC,2023,asian,non-hisp,m,60-64,0.072148,synthetic_seed
NC,2023,asian,non-hisp,m,65-69,0.106868,synthetic_seed
NC,2023,asian,non-hisp,m,70-74,0.163011,synthetic_seed
NC,2023,asian,non-hisp,m,75-79,0.253381,synthetic_seed
NC,2023,asian,non-hisp,m,80-84,0.397185,synthetic_seed
NC,2023,asian,non-hisp,m,85+,0.684917,synthetic_seed
NC,2023,asian,non-hisp,f,0-4,0.00218,synthetic_seed
NC,2023,asian,non-hisp,f,5-9,0.000436,synthetic_seed
NC,2023,asian,non-hisp,f,10-14,0.000436,synthetic_seed
NC,2023,asian,non-hisp,f,15-19,0.00218,synthetic_seed
NC,2023,asian,non-hisp,f,20-24,0.003488,synthetic_seed
NC,2023,asian,non-hisp,f,25-29,0.00436,synthetic_seed
NC,2023,asian,non-hisp,f,30-34,0.005669,synthetic_seed
NC,2023,asian,non-hisp,f,35-39,0.007849,synthetic_seed
NC,2023,asian,non-hisp,f,40-44,0.010814,synthetic_seed
NC,2023,asian,non-hisp,f,45-49,0.016047,synthetic_seed
NC,2023,asian,non-hisp,f,50-54,0.023721,synthetic_seed
NC,2023,asian,non-hisp,f,55-59,0.034361,synthetic_seed
NC,2023,asian,non-hisp,f,60-64,0.051105,synthetic_seed
NC,2023,asian,non-hisp,f,65-69,0.075698,synthetic_seed
NC,2023,asian,non-hisp,f,70-74,0.115466,synthetic_seed
NC,2023,asian,non-hisp,f,75-79,0.179478,synthetic_seed
NC,2023,asian,non-hisp,f,80-84,0.281339,synthetic_seed
NC,2023,asian,non-hisp,f,85+,0.485149,synthetic_seed
NC,2023,asian,hisp,m,0-4,0.003078,synthetic_seed
NC,2023,asian,hisp,m,5-9,0.000616,synthetic_seed
NC,2023,asian,hisp,m,10-14,0.000616,synthetic_seed
NC,2023,asian,hisp,m,15-19,0.003078,synthetic_seed
NC,2023,asian,hisp,m,20-24,0.004925,synthetic_seed
NC,2023,asian,hisp,m,25-29,0.006156,synthetic_seed
NC,2023,asian,hisp,m,30-34,0.008003,synthetic_seed
NC,2023,asian,hisp,m,35-39,0.011081,synthetic_seed
NC,2023,asian,hisp,m,40-44,0.015267,synthetic_seed
NC,2023,asian,hisp,m,45-49,0.022654,synthetic_seed
NC,2023,asian,hisp,m,50-54,0.033489,synthetic_seed
NC,2023,asian,hisp,m,55-59,0.048509,synthetic_seed
NC,2023,asian,hisp,m,60-64,0.072148,synthetic_seed
NC,2023,asian,hisp,m,65-69,0.106868,synthetic_seed
NC,2023,asian,hisp,m,70-74,0.163011,synthetic_seed
NC,2023,asian,hisp,m,75-79,0.253381,synthetic_seed
NC,2023,asian,hisp,m,80-84,0.397185,synthetic_seed
NC,2023,asian,hisp,m,85+,0.684917,synthetic_seed
NC,2023,asian,hisp,f,0-4,0.00218,synthetic_seed
NC,2023,asian,hisp,f,5-9,0.000436,synthetic_seed
NC,2023,asian,hisp,f,10-14,0.000436,synthetic_seed
NC,2023,asian,hisp,f,15-19,0.00218,synthetic_seed
NC,2023,asian,hisp,f,20-24,0.003488,synthetic_seed
NC,2023,asian,hisp,f,25-29,0.00436,synthetic_seed
NC,2023,asian,hisp,f,30-34,0.005669,synthetic_seed
NC,2023,asian,hisp,f,35-39,0.007849,synthetic_seed
NC,2023,asian,hisp,f,40-44,0.010814,synthetic_seed
NC,2023,asian,hisp,f,45-49,0.016047,synthetic_seed
NC,2023,asian,hisp,f,50-54,0.023721,synthetic_seed
NC,2023,asian,hisp,f,55-59,0.034361,synthetic_seed
NC,2023,asian,hisp,f,60-64,0.051105,synthetic_seed
NC,2023,asian,hisp,f,65-69,0.075698,synthetic_seed
NC,2023,asian,hisp,f,70-74,0.115466,synthetic_seed
NC,2023,asian,hisp,f,75-79,0.179478,synthetic_seed
NC,2023,asian,hisp,f,80-84,0.281339,synthetic_seed
NC,2023,asian,hisp,f,85+,0.485149,synthetic_seed
NC,2023,other,non-hisp,m,0-4,0.00324,synthetic_seed
NC,2023,other,non-hisp,m,5-9,0.000648,synthetic_seed
NC,2023,other,non-hisp,m,10-14,0.000648,synthetic_seed
NC,2023,other,non-hisp,m,15-19,0.00324,synthetic_seed
NC,2023,other,non-hisp,m,20-24,0.005184,synthetic_seed
NC,2023,other,non-hisp,m,25-29,0.00648,synthetic_seed
NC,2023,other,non-hisp,m,30-34,0.008424,synthetic_seed
NC,2023,other,non-hisp,m,35-39,0.011664,synthetic_seed
NC,2023,other,non-hisp,m,40-44,0.01607,synthetic_seed
NC,2023,other,non-hisp,m,45-49,0.023846,synthetic_seed
NC,2023,other,non-hisp,m,50-54,0.035251,synthetic_seed
NC,2023,other,non-hisp,m,55-59,0.051062,synthetic_seed
NC,2023,other,non-hisp,m,60-64,0.075946,synthetic_seed
NC,2023,other,non-hisp,m,65-69,0.112493,synthetic_seed
NC,2023,other,non-hisp,m,70-74,0.17159,synthetic_seed
NC,2023,other,non-hisp,m,75-79,0.266717,synthetic_seed
NC,2023,other,non-hisp,m,80-84,0.41809,synthetic_seed
NC,2023,other,non-hisp,m,85+,0.720965,synthetic_seed
NC,2023,other,non-hisp,f,0-4,0.002295,synthetic_seed
NC,2023,other,non-hisp,f,5-9,0.000459,synthetic_seed
NC,2023,other,non-hisp,f,10-14,0.000459,synthetic_seed
NC,2023,other,non-hisp,f,15-19,0.002295,synthetic_seed
NC,2023,other,non-hisp,f,20-24,0.003672,synthetic_seed
NC,2023,other,non-hisp,f,25-29,0.00459,synthetic_seed
NC,2023,other,non-hisp,f,30-34,0.005967,synthetic_seed
NC,2023,other,non-hisp,f,35-39,0.008262,synthetic_seed
NC,2023,other,non-hisp,f,40-44,0.011383,synthetic_seed
NC,2023,other,non-hisp,f,45-49,0.016891,synthetic_seed
NC,2023,other,non-hisp,f,50-54,0.02497,synthetic_seed
NC,2023,other,non-hisp,f,55-59,0.036169,synthetic_seed
NC,2023,other,non-hisp,f,60-64,0.053795,synthetic_seed
NC,2023,other,non-hisp,f,65-69,0.079682,synthetic_seed
NC,2023,other,non-hisp,f,70-74,0.121543,synthetic_seed
NC,2023,other,non-hisp,f,75-79,0.188924,synthetic_seed
NC,2023,other,non-hisp,f,80-84,0.296147,synthetic_seed
NC,2023,other,non-hisp,f,85+,0.510683,synthetic_seed
NC,2023,other,hisp,m,0-4,0.00324,synthetic_seed
NC,2023,other,hisp,m,5-9,0.000648,synthetic_seed
NC,2023,other,hisp,m,10-14,0.000648,synthetic_seed
NC,2023,other,hisp,m,15-19,0.00324,synthetic_seed
NC,2023,other,hisp,m,20-24,0.005184,synthetic_seed
NC,2023,other,hisp,m,25-29,0.00648,synthetic_seed
NC,2023,other,hisp,m,30-34,0.008424,synthetic_seed
NC,2023,other,hisp,m,35-39,0.011664,synthetic_seed
NC,2023,other,hisp,m,40-44,0.01607,synthetic_seed
NC,2023,other,hisp,m,45-49,0.023846,synthetic_seed
NC,2023,other,hisp,m,50-54,0.035251,synthetic_seed
NC,2023,other,hisp,m,55-59,0.051062,synthetic_seed
NC,2023,other,hisp,m,60-64,0.075946,synthetic_seed
NC,2023,other,hisp,m,65-69,0.112493,synthetic_seed
NC,2023,other,hisp,m,70-74,0.17159,synthetic_seed
NC,2023,other,hisp,m,75-79,0.266717,synthetic_seed
NC,2023,other,hisp,m,80-84,0.41809,synthetic_seed
NC,2023,other,hisp,m,85+,0.720965,synthetic_seed
NC,2023,other,hisp,f,0-4,0.002295,synthetic_seed
NC,2023,other,hisp,f,5-9,0.000459,synthetic_seed
NC,2023,other,hisp,f,10-14,0.000459,synthetic_seed
NC,2023,other,hisp,f,15-19,0.002295,synthetic_seed
NC,2023,other,hisp,f,20-24,0.003672,synthetic_seed
NC,2023,other,hisp,f,25-29,0.00459,synthetic_seed
NC,2023,other,hisp,f,30-34,0.005967,synthetic_seed
NC,2023,other,hisp,f,35-39,0.008262,synthetic_seed
NC,2023,other,hisp,f,40-44,0.011383,synthetic_seed
NC,2023,other,hisp,f,45-49,0.016891,synthetic_seed
NC,2023,other,hisp,f,50-54,0.02497,synthetic_seed
NC,2023,other,hisp,f,55-59,0.036169,synthetic_seed
NC,2023,other,hisp,f,60-64,0.053795,synthetic_seed
NC,2023,other,hisp,f,65-69,0.079682,synthetic_seed
NC,2023,other,hisp,f,70-74,0.121543,synthetic_seed
NC,2023,other,hisp,f,75-79,0.188924,synthetic_seed
NC,2023,other,hisp,f,80-84,0.296147,synthetic_seed
NC,2023,other,hisp,f,85+,0.510683,synthetic_seed
ND,2023,white,non-hisp,m,0-4,0.00306,synthetic_seed
ND,2023,white,non-hisp,m,5-9,0.000612,synthetic_seed
ND,2023,white,non-hisp,m,10-14,0.000612,synthetic_seed
ND,2023,white,non-hisp,m,15-19,0.00306,synthetic_seed
ND,2023,white,non-hisp,m,20-24,0.004896,synthetic_seed
ND,2023,white,non-hisp,m,25-29,0.00612,synthetic_seed
ND,2023,white,non-hisp,m,30-34,0.007956,synthetic_seed
ND,2023,white,non-hisp,m,35-39,0.011016,synthetic_seed
ND,2023,white,non-hisp,m,40-44,0.015178,synthetic_seed
ND,2023,white,non-hisp,m,45-49,0.022522,synthetic_seed
ND,2023,white,non-hisp,m,50-54,0.033293,synthetic_seed
ND,2023,white,non-hisp,m,55-59,0.048226,synthetic_seed
ND,2023,white,non-hisp,m,60-64,0.071726,synthetic_seed
ND,2023,white,non-hisp,m,65-69,0.106243,synthetic_seed
ND,2023,white,non-hisp,m,70-74,0.162058,synthetic_seed
ND,2023,white,non-hisp,m,75-79,0.251899,synthetic_seed
ND,2023,white,non-hisp,m,80-84,0.394862,synthetic_seed
ND,2023,white,non-hisp,m,85+,0.680911,synthetic_seed
ND,2023,white,non-hisp,f,0-4,0.002168,synthetic_seed
ND,2023,white,non-hisp,f,5-9,0.000434,synthetic_seed
ND,2023,white,non-hisp,f,10-14,0.000434,synthetic_seed
ND,2023,white,non-hisp,f,15-19,0.002168,synthetic_seed
ND,2023,white,non-hisp,f,20-24,0.003468,synthetic_seed
ND,2023,white,non-hisp,f,25-29,0.004335,synthetic_seed
ND,2023,white,non-hisp,f,30-34,0.005635,synthetic_seed
ND,2023,white,non-hisp,f,35-39,0.007803,synthetic_seed
ND,2023,white,non-hisp,f,40-44,0.010751,synthetic_seed
ND,2023,white,non-hisp,f,45-49,0.015953,synthetic_seed
ND,2023,white,non-hisp,f,50-54,0.023582,synthetic_seed
ND,2023,white,non-hisp,f,55-59,0.03416,synthetic_seed
ND,2023,white,non-hisp,f,60-64,0.050806,synthetic_seed
ND,2023,white,non-hisp,f,65-69,0.075256,synthetic_seed
ND,2023,white,non-hisp,f,70-74,0.114791,synthetic_seed
ND,2023,white,non-hisp,f,75-79,0.178429,synthetic_seed
ND,2023,white,non-hisp,f,80-84,0.279694,synthetic_seed
ND,2023,white,non-hisp,f,85+,0.482312,synthetic_seed
ND,2023,white,hisp,m,0-4,0.00306,synthetic_seed
ND,2023,white,hisp,m,5-9,0.000612,synthetic_seed
ND,2023,white,hisp,m,10-14,0.000612,synthetic_seed
ND,2023,white,hisp,m,15-19,0.00306,synthetic_seed
ND,2023,white,hisp,m,20-24,0.004896,synthetic_seed
ND,2023,white,hisp,m,25-29,0.00612,synthetic_seed
ND,2023,white,hisp,m,30-34,0.007956,synthetic_seed
ND,2023,white,hisp,m,35-39,0.011016,synthetic_seed
ND,2023,white,hisp,m,40-44,0.015178,synthetic_seed
ND,2023,white,hisp,m,45-49,0.022522,synthetic_seed
ND,2023,white,hisp,m,50-54,0.033293,synthetic_seed
ND,2023,white,hisp,m,55-59,0.048226,synthetic_seed
ND,2023,white,hisp,m,60-64,0.071726,synthetic_seed
ND,2023,white,hisp,m,65-69,0.106243,synthetic_seed
ND,2023,white,hisp,m,70-74,0.162058,synthetic_seed
ND,2023,white,hisp,m,75-79,0.251899,synthetic_seed
ND,2023,white,hisp,m,80-84,0.394862,synthetic_seed
ND,2023,white,hisp,m,85+,0.680911,synthetic_seed
ND,2023,white,hisp,f,0-4,0.002168,synthetic_seed
ND,2023,white,hisp,f,5-9,0.000434,synthetic_seed
ND,2023,white,hisp,f,10-14,0.000434,synthetic_seed
ND,2023,white,hisp,f,15-19,0.002168,synthetic_seed
ND,2023,white,hisp,f,20-24,0.003468,synthetic_seed
ND,2023,white,hisp,f,25-29,0.004335,synthetic_seed
ND,2023,white,hisp,f,30-34,0.005635,synthetic_seed
ND,2023,white,hisp,f,35-39,0.007803,synthetic_seed
ND,2023,white,hisp,f,40-44,0.010751,synthetic_seed
ND,2023,white,hisp,f,45-49,0.015953,synthetic_seed
ND,2023,white,hisp,f,50-54,0.023582,synthetic_seed
ND,2023,white,hisp,f,55-59,0.03416,synthetic_seed
ND,2023,white,hisp,f,60-64,0.050806,synthetic_seed
ND,2023,white,hisp,f,65-69,0.075256,synthetic_seed
ND,2023,white,hisp,f,70-74,0.114791,synthetic_seed
ND,2023,white,hisp,f,75-79,0.178429,synthetic_seed
ND,2023,white,hisp,f,80-84,0.279694,synthetic_seed
ND,2023,white,hisp,f,85+,0.482312,synthetic_seed
ND,2023,black,non-hisp,m,0-4,0.003366,synthetic_seed
ND,2023,black,non-hisp,m,5-9,0.000673,synthetic_seed
ND,2023,black,non-hisp,m,10-14,0.000673,synthetic_seed
ND,2023,black,non-hisp,m,15-19,0.003366,synthetic_seed
ND,2023,black,non-hisp,m,20-24,0.005386,synthetic_seed
ND,2023,black,non-hisp,m,25-29,0.006732,synthetic_seed
ND,2023,black,non-hisp,m,30-34,0.008752,synthetic_seed
ND,2023,black,non-hisp,m,35-39,0.012118,synthetic_seed
ND,2023,black,non-hisp,m,40-44,0.016695,synthetic_seed
ND,2023,black,non-hisp,m,45-49,0.024774,synthetic_seed
ND,2023,black,non-hisp,m,50-54,0.036622,synthetic_seed
ND,2023,black,non-hisp,m,55-59,0.053048,synthetic_seed
ND,2023,black,non-hisp,m,60-64,0.078899,synthetic_seed
ND,2023,black,non-hisp,m,65-69,0.116868,synthetic_seed
ND,2023,black,non-hisp,m,70-74,0.178263,synthetic_seed
ND,2023,black,non-hisp,m,75-79,0.277089,synthetic_seed
ND,2023,black,non-hisp,m,80-84,0.434349,synthetic_seed
ND,2023,black,non-hisp,m,85+,0.749002,synthetic_seed
ND,2023,black,non-hisp,f,0-4,0.002384,synthetic_seed
ND,2023,black,non-hisp,f,5-9,0.000477,synthetic_seed
ND,2023,black,non-hisp,f,10-14,0.000477,synthetic_seed
ND,2023,black,non-hisp,f,15-19,0.002384,synthetic_seed
ND,2023,black,non-hisp,f,20-24,0.003815,synthetic_seed
ND,2023,black,non-hisp,f,25-29,0.004769,synthetic_seed
ND,2023,black,non-hisp,f,30-34,0.006199,synthetic_seed
ND,2023,black,non-hisp,f,35-39,0.008583,synthetic_seed
ND,2023,black,non-hisp,f,40-44,0.011826,synthetic_seed
ND,2023,black,non-hisp,f,45-49,0.017548,synthetic_seed
ND,2023,black,non-hisp,f,50-54,0.025941,synthetic_seed
ND,2023,black,non-hisp,f,55-59,0.037576,synthetic_seed
ND,2023,black,non-hisp,f,60-64,0.055887,synthetic_seed
ND,2023,black,non-hisp,f,65-69,0.082781,synthetic_seed
ND,2023,black,non-hisp,f,70-74,0.12627,synthetic_seed
ND,2023,black,non-hisp,f,75-79,0.196271,synthetic_seed
ND,2023,black,non-hisp,f,80-84,0.307664,synthetic_seed
ND,2023,black,non-hisp,f,85+,0.530543,synthetic_seed
ND,2023,black,hisp,m,0-4,0.003366,synthetic_seed
ND,2023,black,hisp,m,5-9,0.000673,synthetic_seed
ND,2023,black,hisp,m,10-14,0.000673,synthetic_seed
ND,2023,black,hisp,m,15-19,0.003366,synthetic_seed
ND,2023,black,hisp,m,20-24,0.005386,synthetic_seed
ND,2023,black,hisp,m,25-29,0.006732,synthetic_seed
ND,2023,black,hisp,m,30-34,0.008752,synthetic_seed
ND,2023,black,hisp,m,35-39,0.012118,synthetic_seed
ND,2023,black,hisp,m,40-44,0.016695,synthetic_seed
ND,2023,black,hisp,m,45-49,0.024774,synthetic_seed
ND,2023,black,hisp,m,50-54,0.036622,synthetic_seed
ND,2023,black,hisp,m,55-59,0.053048,synthetic_seed
ND,2023,black,hisp,m,60-64,0.078899,synthetic_seed
ND,2023,black,hisp,m,65-69,0.116868,synthetic_seed
ND,2023,black,hisp,m,70-74,0.178263,synthetic_seed
ND,2023,black,hisp,m,75-79,0.277089,synthetic_seed
ND,2023,black,hisp,m,80-84,0.434349,synthetic_seed
ND,2023,black,hisp,m,85+,0.749002,synthetic_seed
ND,2023,black,hisp,f,0-4,0.002384,synthetic_seed
ND,2023,black,hisp,f,5-9,0.000477,synthetic_seed
ND,2023,black,hisp,f,10-14,0.000477,synthetic_seed
ND,2023,black,hisp,f,15-19,0.002384,synthetic_seed
ND,2023,black,hisp,f,20-24,0.003815,synthetic_seed
ND,2023,black,hisp,f,25-29,0.004769,synthetic_seed
ND,2023,black,hisp,f,30-34,0.006199,synthetic_seed
ND,2023,black,hisp,f,35-39,0.008583,synthetic_seed
ND,2023,black,hisp,f,40-44,0.011826,synthetic_seed
ND,2023,black,hisp,f,45-49,0.017548,synthetic_seed
ND,2023,black,hisp,f,50-54,0.025941,synthetic_seed
ND,2023,black,hisp,f,55-59,0.037576,synthetic_seed
ND,2023,black,hisp,f,60-64,0.055887,synthetic_seed
ND,2023,black,hisp,f,65-69,0.082781,synthetic_seed
ND,2023,black,hisp,f,70-74,0.12627,synthetic_seed
ND,2023,black,hisp,f,75-79,0.196271,synthetic_seed
ND,2023,black,hisp,f,80-84,0.307664,synthetic_seed
ND,2023,black,hisp,f,85+,0.530543,synthetic_seed
ND,2023,asian,non-hisp,m,0-4,0.002907,synthetic_seed
ND,2023,asian,non-hisp,m,5-9,0.000581,synthetic_seed
ND,2023,asian,non-hisp,m,10-14,0.000581,synthetic_seed
ND,2023,asian,non-hisp,m,15-19,0.002907,synthetic_seed
ND,2023,asian,non-hisp,m,20-24,0.004651,synthetic_seed
ND,2023,asian,non-hisp,m,25-29,0.005814,synthetic_seed
ND,2023,asian,non-hisp,m,30-34,0.007558,synthetic_seed
ND,2023,asian,non-hisp,m,35-39,0.010465,synthetic_seed
ND,2023,asian,non-hisp,m,40-44,0.014419,synthetic_seed
ND,2023,asian,non-hisp,m,45-49,0.021396,synthetic_seed
ND,2023,asian,non-hisp,m,50-54,0.031628,synthetic_seed
ND,2023,asian,non-hisp,m,55-59,0.045814,synthetic_seed
ND,2023,asian,non-hisp,m,60-64,0.06814,synthetic_seed
ND,2023,asian,non-hisp,m,65-69,0.100931,synthetic_seed
ND,2023,asian,non-hisp,m,70-74,0.153955,synthetic_seed
ND,2023,asian,non-hisp,m,75-79,0.239304,synthetic_seed
ND,2023,asian,non-hisp,m,80-84,0.375119,synthetic_seed
ND,2023,asian,non-hisp,m,85+,0.646866,synthetic_seed
ND,2023,asian,non-hisp,f,0-4,0.002059,synthetic_seed
ND,2023,asian,non-hisp,f,5-9,0.000412,synthetic_seed
ND,2023,asian,non-hisp,f,10-14,0.000412,synthetic_seed
ND,2023,asian,non-hisp,f,15-19,0.002059,synthetic_seed
ND,2023,asian,non-hisp,f,20-24,0.003295,synthetic_seed
ND,2023,asian,non-hisp,f,25-29,0.004118,synthetic_seed
ND,2023,asian,non-hisp,f,30-34,0.005354,synthetic_seed
ND,2023,asian,non-hisp,f,35-39,0.007413,synthetic_seed
ND,2023,asian,non-hisp,f,40-44,0.010213,synthetic_seed
ND,2023,asian,non-hisp,f,45-49,0.015155,synthetic_seed
ND,2023,asian,non-hisp,f,50-54,0.022403,synthetic_seed
ND,2023,asian,non-hisp,f,55-59,0.032452,synthetic_seed
ND,2023,asian,non-hisp,f,60-64,0.048266,synthetic_seed
ND,2023,asian,non-hisp,f,65-69,0.071493,synthetic_seed
ND,2023,asian,non-hisp,f,70-74,0.109051,synthetic_seed
ND,2023,asian,non-hisp,f,75-79,0.169507,synthetic_seed
ND,2023,asian,non-hisp,f,80-84,0.265709,synthetic_seed
ND,2023,asian,non-hisp,f,85+,0.458196,synthetic_seed
ND,2023,asian,hisp,m,0-4,0.002907,synthetic_seed
ND,2023,asian,hisp,m,5-9,0.000581,synthetic_seed
ND,2023,asian,hisp,m,10-14,0.000581,synthetic_seed
ND,2023,asian,hisp,m,15-19,0.002907,synthetic_seed
ND,2023,asian,hisp,m,20-24,0.004651,synthetic_seed
ND,2023,asian,hisp,m,25-29,0.005814,synthetic_seed
ND,2023,asian,hisp,m,30-34,0.007558,synthetic_seed
ND,2023,asian,hisp,m,35-39,0.010465,synthetic_seed
ND,2023,asian,hisp,m,40-44,0.014419,synthetic_seed
ND,2023,asian,hisp,m,45-49,0.021396,synthetic_seed
ND,2023,asian,hisp,m,50-54,0.031628,synthetic_seed
ND,2023,asian,hisp,m,55-59,0.045814,synthetic_seed
ND,2023,asian,hisp,m,60-64,0.06814,synthetic_seed
ND,2023,asian,hisp,m,65-69,0.100931,synthetic_seed
ND,2023,asian,hisp,m,70-74,0.153955,synthetic_seed
ND,2023,asian,hisp,m,75-79,0.239304,synthetic_seed
ND,2023,asian,hisp,m,80-84,0.375119,synthetic_seed
ND,2023,asian,hisp,m,85+,0.646866,synthetic_seed
ND,2023,asian,hisp,f,0-4,0.002059,synthetic_seed
ND,2023,asian,hisp,f,5-9,0.000412,synthetic_seed
ND,2023,asian,hisp,f,10-14,0.000412,synthetic_seed
ND,2023,asian,hisp,f,15-19,0.002059,synthetic_seed
ND,2023,asian,hisp,f,20-24,0.003295,synthetic_seed
ND,2023,asian,hisp,f,25-29,0.004118,synthetic_seed
ND,2023,asian,hisp,f,30-34,0.005354,synthetic_seed
ND,2023,asian,hisp,f,35-39,0.007413,synthetic_seed
ND,2023,asian,hisp,f,40-44,0.010213,synthetic_seed
ND,2023,asian,hisp,f,45-49,0.015155,synthetic_seed
ND,2023,asian,hisp,f,50-54,0.022403,synthetic_seed
ND,2023,asian,hisp,f,55-59,0.032452,synthetic_seed
ND,2023,asian,hisp,f,60-64,0.048266,synthetic_seed
ND,2023,asian,hisp,f,65-69,0.071493,synthetic_seed
ND,2023,asian,hisp,f,70-74,0.109051,synthetic_seed
ND,2023,asian,hisp,f,75-79,0.169507,synthetic_seed
ND,2023,asian,hisp,f,80-84,0.265709,synthetic_seed
ND,2023,asian,hisp,f,85+,0.458196,synthetic_seed
ND,2023,other,non-hisp,m,0-4,0.00306,synthetic_seed
ND,2023,other,non-hisp,m,5-9,0.000612,synthetic_seed
ND,2023,other,non-hisp,m,10-14,0.000612,synthetic_seed
ND,2023,other,non-hisp,m,15-19,0.00306,synthetic_seed
ND,2023,other,non-hisp,m,20-24,0.004896,synthetic_seed
ND,2023,other,non-hisp,m,25-29,0.00612,synthetic_seed
ND,2023,other,non-hisp,m,30-34,0.007956,synthetic_seed
ND,2023,other,non-hisp,m,35-39,0.011016,synthetic_seed
ND,2023,other,non-hisp,m,40-44,0.015178,synthetic_seed
ND,2023,other,non-hisp,m,45-49,0.022522,synthetic_seed
ND,2023,other,non-hisp,m,50-54,0.033293,synthetic_seed
ND,2023,other,non-hisp,m,55-59,0.048226,synthetic_seed
ND,2023,other,non-hisp,m,60-64,0.071726,synthetic_seed
ND,2023,other,non-hisp,m,65-69,0.106243,synthetic_seed
ND,2023,other,non-hisp,m,70-74,0.162058,synthetic_seed
ND,2023,other,non-hisp,m,75-79,0.251899,synthetic_seed
ND,2023,other,non-hisp,m,80-84,0.394862,synthetic_seed
ND,2023,other,non-hisp,m,85+,0.680911,synthetic_seed
ND,2023,other,non-hisp,f,0-4,0.002168,synthetic_seed
ND,2023,other,non-hisp,f,5-9,0.000434,synthetic_seed
ND,2023,other,non-hisp,f,10-14,0.000434,synthetic_seed
ND,2023,other,non-hisp,f,15-19,0.002168,synthetic_seed
ND,2023,other,non-hisp,f,20-24,0.003468,synthetic_seed
ND,2023,other,non-hisp,f,25-29,0.004335,synthetic_seed
ND,2023,other,non-hisp,f,30-34,0.005635,synthetic_seed
ND,2023,other,non-hisp,f,35-39,0.007803,synthetic_seed
ND,2023,other,non-hisp,f,40-44,0.010751,synthetic_seed
ND,2023,other,non-hisp,f,45-49,0.015953,synthetic_seed
ND,2023,other,non-hisp,f,50-54,0.023582,synthetic_seed
ND,2023,other,non-hisp,f,55-59,0.03416,synthetic_seed
ND,2023,other,non-hisp,f,60-64,0.050806,synthetic_seed
ND,2023,other,non-hisp,f,65-69,0.075256,synthetic_seed
ND,2023,other,non-hisp,f,70-74,0.114791,synthetic_seed
ND,2023,other,non-hisp,f,75-79,0.178429,synthetic_seed
ND,2023,other,non-hisp,f,80-84,0.279694,synthetic_seed
ND,2023,other,non-hisp,f,85+,0.482312,synthetic_seed
ND,2023,other,hisp,m,0-4,0.00306,synthetic_seed
ND,2023,other,hisp,m,5-9,0.000612,synthetic_seed
ND,2023,other,hisp,m,10-14,0.000612,synthetic_seed
ND,2023,other,hisp,m,15-19,0.00306,synthetic_seed
ND,2023,other,hisp,m,20-24,0.004896,synthetic_seed
ND,2023,other,hisp,m,25-29,0.00612,synthetic_seed
ND,2023,other,hisp,m,30-34,0.007956,synthetic_seed
ND,2023,other,hisp,m,35-39,0.011016,synthetic_seed
ND,2023,other,hisp,m,40-44,0.015178,synthetic_seed
ND,2023,other,hisp,m,45-49,0.022522,synthetic_seed
ND,2023,other,hisp,m,50-54,0.033293,synthetic_seed
ND,2023,other,hisp,m,55-59,0.048226,synthetic_seed
ND,2023,other,hisp,m,60-64,0.071726,synthetic_seed
ND,2023,other,hisp,m,65-69,0.106243,synthetic_seed
ND,2023,other,hisp,m,70-74,0.162058,synthetic_seed
ND,2023,other,hisp,m,75-79,0.251899,synthetic_seed
ND,2023,other,hisp,m,80-84,0.394862,synthetic_seed
ND,2023,other,hisp,m,85+,0.680911,synthetic_seed
ND,2023,other,hisp,f,0-4,0.002168,synthetic_seed
ND,2023,other,hisp,f,5-9,0.000434,synthetic_seed
ND,2023,other,hisp,f,10-14,0.000434,synthetic_seed
ND,2023,other,hisp,f,15-19,0.002168,synthetic_seed
ND,2023,other,hisp,f,20-24,0.003468,synthetic_seed
ND,2023,other,hisp,f,25-29,0.004335,synthetic_seed
ND,2023,other,hisp,f,30-34,0.005635,synthetic_seed
ND,2023,other,hisp,f,35-39,0.007803,synthetic_seed
ND,2023,other,hisp,f,40-44,0.010751,synthetic_seed
ND,2023,other,hisp,f,45-49,0.015953,synthetic_seed
ND,2023,other,hisp,f,50-54,0.023582,synthetic_seed
ND,2023,other,hisp,f,55-59,0.03416,synthetic_seed
ND,2023,other,hisp,f,60-64,0.050806,synthetic_seed
ND,2023,other,hisp,f,65-69,0.075256,synthetic_seed
ND,2023,other,hisp,f,70-74,0.114791,synthetic_seed
ND,2023,other,hisp,f,75-79,0.178429,synthetic_seed
ND,2023,other,hisp,f,80-84,0.279694,synthetic_seed
ND,2023,other,hisp,f,85+,0.482312,synthetic_seed
OH,2023,white,non-hisp,m,0-4,0.00306,synthetic_seed
OH,2023,white,non-hisp,m,5-9,0.000612,synthetic_seed
OH,2023,white,non-hisp,m,10-14,0.000612,synthetic_seed
OH,2023,white,non-hisp,m,15-19,0.00306,synthetic_seed
OH,2023,white,non-hisp,m,20-24,0.004896,synthetic_seed
OH,2023,white,non-hisp,m,25-29,0.00612,synthetic_seed
OH,2023,white,non-hisp,m,30-34,0.007956,synthetic_seed
OH,2023,white,non-hisp,m,35-39,0.011016,synthetic_seed
OH,2023,white,non-hisp,m,40-44,0.015178,synthetic_seed
OH,2023,white,non-hisp,m,45-49,0.022522,synthetic_seed
OH,2023,white,non-hisp,m,50-54,0.033293,synthetic_seed
OH,2023,white,non-hisp,m,55-59,0.048226,synthetic_seed
OH,2023,white,non-hisp,m,60-64,0.071726,synthetic_seed
OH,2023,white,non-hisp,m,65-69,0.106243,synthetic_seed
OH,2023,white,non-hisp,m,70-74,0.162058,synthetic_seed
OH,2023,white,non-hisp,m,75-79,0.251899,synthetic_seed
OH,2023,white,non-hisp,m,80-84,0.394862,synthetic_seed
OH,2023,white,non-hisp,m,85+,0.680911,synthetic_seed
OH,2023,white,non-hisp,f,0-4,0.002168,synthetic_seed
OH,2023,white,non-hisp,f,5-9,0.000434,synthetic_seed
OH,2023,white,non-hisp,f,10-14,0.000434,synthetic_seed
OH,2023,white,non-hisp,f,15-19,0.002168,synthetic_seed
OH,2023,white,non-hisp,f,20-24,0.003468,synthetic_seed
OH,2023,white,non-hisp,f,25-29,0.004335,synthetic_seed
OH,2023,white,non-hisp,f,30-34,0.005635,synthetic_seed
OH,2023,white,non-hisp,f,35-39,0.007803,synthetic_seed
OH,2023,white,non-hisp,f,40-44,0.010751,synthetic_seed
OH,2023,white,non-hisp,f,45-49,0.015953,synthetic_seed
OH,2023,white,non-hisp,f,50-54,0.023582,synthetic_seed
OH,2023,white,non-hisp,f,55-59,0.03416,synthetic_seed
OH,2023,white,non-hisp,f,60-64,0.050806,synthetic_seed
OH,2023,white,non-hisp,f,65-69,0.075256,synthetic_seed
OH,2023,white,non-hisp,f,70-74,0.114791,synthetic_seed
OH,2023,white,non-hisp,f,75-79,0.178429,synthetic_seed
OH,2023,white,non-hisp,f,80-84,0.279694,synthetic_seed
OH,2023,white,non-hisp,f,85+,0.482312,synthetic_seed
OH,2023,white,hisp,m,0-4,0.00306,synthetic_seed
OH,2023,white,hisp,m,5-9,0.000612,synthetic_seed
OH,2023,white,hisp,m,10-14,0.000612,synthetic_seed
OH,2023,white,hisp,m,15-19,0.00306,synthetic_seed
OH,2023,white,hisp,m,20-24,0.004896,synthetic_seed
OH,2023,white,hisp,m,25-29,0.00612,synthetic_seed
OH,2023,white,hisp,m,30-34,0.007956,synthetic_seed
OH,2023,white,hisp,m,35-39,0.011016,synthetic_seed
OH,2023,white,hisp,m,40-44,0.015178,synthetic_seed
OH,2023,white,hisp,m,45-49,0.022522,synthetic_seed
OH,2023,white,hisp,m,50-54,0.033293,synthetic_seed
OH,2023,white,hisp,m,55-59,0.048226,synthetic_seed
OH,2023,white,hisp,m,60-64,0.071726,synthetic_seed
OH,2023,white,hisp,m,65-69,0.106243,synthetic_seed
OH,2023,white,hisp,m,70-74,0.162058,synthetic_seed
OH,2023,white,hisp,m,75-79,0.251899,synthetic_seed
OH,2023,white,hisp,m,80-84,0.394862,synthetic_seed
OH,2023,white,hisp,m,85+,0.680911,synthetic_seed
OH,2023,white,hisp,f,0-4,0.002168,synthetic_seed
OH,2023,white,hisp,f,5-9,0.000434,synthetic_seed
OH,2023,white,hisp,f,10-14,0.000434,synthetic_seed
OH,2023,white,hisp,f,15-19,0.002168,synthetic_seed
OH,2023,white,hisp,f,20-24,0.003468,synthetic_seed
OH,2023,white,hisp,f,25-29,0.004335,synthetic_seed
OH,2023,white,hisp,f,30-34,0.005635,synthetic_seed
OH,2023,white,hisp,f,35-39,0.007803,synthetic_seed
OH,2023,white,hisp,f,40-44,0.010751,synthetic_seed
OH,2023,white,hisp,f,45-49,0.015953,synthetic_seed
OH,2023,white,hisp,f,50-54,0.023582,synthetic_seed
OH,2023,white,hisp,f,55-59,0.03416,synthetic_seed
OH,2023,white,hisp,f,60-64,0.050806,synthetic_seed
OH,2023,white,hisp,f,65-69,0.075256,synthetic_seed
OH,2023,white,hisp,f,70-74,0.114791,synthetic_seed
OH,2023,white,hisp,f,75-79,0.178429,synthetic_seed
OH,2023,white,hisp,f,80-84,0.279694,synthetic_seed
OH,2023,white,hisp,f,85+,0.482312,synthetic_seed
OH,2023,black,non-hisp,m,0-4,0.003366,synthetic_seed
OH,2023,black,non-hisp,m,5-9,0.000673,synthetic_seed
OH,2023,black,non-hisp,m,10-14,0.000673,synthetic_seed
OH,2023,black,non-hisp,m,15-19,0.003366,synthetic_seed
OH,2023,black,non-hisp,m,20-24,0.005386,synthetic_seed
OH,2023,black,non-hisp,m,25-29,0.006732,synthetic_seed
OH,2023,black,non-hisp,m,30-34,0.008752,synthetic_seed
OH,2023,black,non-hisp,m,35-39,0.012118,synthetic_seed
OH,2023,black,non-hisp,m,40-44,0.016695,synthetic_seed
OH,2023,black,non-hisp,m,45-49,0.024774,synthetic_seed
OH,2023,black,non-hisp,m,50-54,0.036622,synthetic_seed
OH,2023,black,non-hisp,m,55-59,0.053048,synthetic_seed
OH,2023,black,non-hisp,m,60-64,0.078899,synthetic_seed
OH,2023,black,non-hisp,m,65-69,0.116868,synthetic_seed
OH,2023,black,non-hisp,m,70-74,0.178263,synthetic_seed
OH,2023,black,non-hisp,m,75-79,0.277089,synthetic_seed
OH,2023,black,non-hisp,m,80-84,0.434349,synthetic_seed
OH,2023,black,non-hisp,m,85+,0.749002,synthetic_seed
OH,2023,black,non-hisp,f,0-4,0.002384,synthetic_seed
OH,2023,black,non-hisp,f,5-9,0.000477,synthetic_seed
OH,2023,black,non-hisp,f,10-14,0.000477,synthetic_seed
OH,2023,black,non-hisp,f,15-19,0.002384,synthetic_seed
OH,2023,black,non-hisp,f,20-24,0.003815,synthetic_seed
OH,2023,black,non-hisp,f,25-29,0.004769,synthetic_seed
OH,2023,black,non-hisp,f,30-34,0.006199,synthetic_seed
OH,2023,black,non-hisp,f,35-39,0.008583,synthetic_seed
OH,2023,black,non-hisp,f,40-44,0.011826,synthetic_seed
OH,2023,black,non-hisp,f,45-49,0.017548,synthetic_seed
OH,2023,black,non-hisp,f,50-54,0.025941,synthetic_seed
OH,2023,black,non-hisp,f,55-59,0.037576,synthetic_seed
OH,2023,black,non-hisp,f,60-64,0.055887,synthetic_seed
OH,2023,black,non-hisp,f,65-69,0.082781,synthetic_seed
OH,2023,black,non-hisp,f,70-74,0.12627,synthetic_seed
OH,2023,black,non-hisp,f,75-79,0.196271,synthetic_seed
OH,2023,black,non-hisp,f,80-84,0.307664,synthetic_seed
OH,2023,black,non-hisp,f,85+,0.530543,synthetic_seed
OH,2023,black,hisp,m,0-4,0.003366,synthetic_seed
OH,2023,black,hisp,m,5-9,0.000673,synthetic_seed
OH,2023,black,hisp,m,10-14,0.000673,synthetic_seed
OH,2023,black,hisp,m,15-19,0.003366,synthetic_seed
OH,2023,black,hisp,m,20-24,0.005386,synthetic_seed
OH,2023,black,hisp,m,25-29,0.006732,synthetic_seed
OH,2023,black,hisp,m,30-34,0.008752,synthetic_seed
OH,2023,black,hisp,m,35-39,0.012118,synthetic_seed
OH,2023,black,hisp,m,40-44,0.016695,synthetic_seed
OH,2023,black,hisp,m,45-49,0.024774,synthetic_seed
OH,2023,black,hisp,m,50-54,0.036622,synthetic_seed
OH,2023,black,hisp,m,55-59,0.053048,synthetic_seed
OH,2023,black,hisp,m,60-64,0.078899,synthetic_seed
OH,2023,black,hisp,m,65-69,0.116868,synthetic_seed
OH,2023,black,hisp,m,70-74,0.178263,synthetic_seed
OH,2023,black,hisp,m,75-79,0.277089,synthetic_seed
OH,2023,black,hisp,m,80-84,0.434349,synthetic_seed
OH,2023,black,hisp,m,85+,0.749002,synthetic_seed
OH,2023,black,hisp,f,0-4,0.002384,synthetic_seed
OH,2023,black,hisp,f,5-9,0.000477,synthetic_seed
OH,2023,black,hisp,f,10-14,0.000477,synthetic_seed
OH,2023,black,hisp,f,15-19,0.002384,synthetic_seed
OH,2023,black,hisp,f,20-24,0.003815,synthetic_seed
OH,2023,black,hisp,f,25-29,0.004769,synthetic_seed
OH,2023,black,hisp,f,30-34,0.006199,synthetic_seed
OH,2023,black,hisp,f,35-39,0.008583,synthetic_seed
OH,2023,black,hisp,f,40-44,0.011826,synthetic_seed
OH,2023,black,hisp,f,45-49,0.017548,synthetic_seed
OH,2023,black,hisp,f,50-54,0.025941,synthetic_seed
OH,2023,black,hisp,f,55-59,0.037576,synthetic_seed
OH,2023,black,hisp,f,60-64,0.055887,synthetic_seed
OH,2023,black,hisp,f,65-69,0.082781,synthetic_seed
OH,2023,black,hisp,f,70-74,0.12627,synthetic_seed
OH,2023,black,hisp,f,75-79,0.196271,synthetic_seed
OH,2023,black,hisp,f,80-84,0.307664,synthetic_seed
OH,2023,black,hisp,f,85+,0.530543,synthetic_seed
OH,2023,asian,non-hisp,m,0-4,0.002907,synthetic_seed
OH,2023,asian,non-hisp,m,5-9,0.000581,synthetic_seed
OH,2023,asian,non-hisp,m,10-14,0.000581,synthetic_seed
OH,2023,asian,non-hisp,m,15-19,0.002907,synthetic_seed
OH,2023,asian,non-hisp,m,20-24,0.004651,synthetic_seed
OH,2023,asian,non-hisp,m,25-29,0.005814,synthetic_seed
OH,2023,asian,non-hisp,m,30-34,0.007558,synthetic_seed
OH,2023,asian,non-hisp,m,35-39,0.010465,synthetic_seed
OH,2023,asian,non-hisp,m,40-44,0.014419,synthetic_seed
OH,2023,asian,non-hisp,m,45-49,0.021396,synthetic_seed
OH,2023,asian,non-hisp,m,50-54,0.031628,synthetic_seed
OH,2023,asian,non-hisp,m,55-59,0.045814,synthetic_seed
OH,2023,asian,non-hisp,m,60-64,0.06814,synthetic_seed
OH,2023,asian,non-hisp,m,65-69,0.100931,synthetic_seed
OH,2023,asian,non-hisp,m,70-74,0.153955,synthetic_seed
OH,2023,asian,non-hisp,m,75-79,0.239304,synthetic_seed
OH,2023,asian,non-hisp,m,80-84,0.375119,synthetic_seed
OH,2023,asian,non-hisp,m,85+,0.646866,synthetic_seed
OH,2023,asian,non-hisp,f,0-4,0.002059,synthetic_seed
OH,2023,asian,non-hisp,f,5-9,0.000412,synthetic_seed
OH,2023,asian,non-hisp,f,10-14,0.000412,synthetic_seed
OH,2023,asian,non-hisp,f,15-19,0.002059,synthetic_seed
OH,2023,asian,non-hisp,f,20-24,0.003295,synthetic_seed
OH,2023,asian,non-hisp,f,25-29,0.004118,synthetic_seed
OH,2023,asian,non-hisp,f,30-34,0.005354,synthetic_seed
OH,2023,asian,non-hisp,f,35-39,0.007413,synthetic_seed
OH,2023,asian,non-hisp,f,40-44,0.010213,synthetic_seed
OH,2023,asian,non-hisp,f,45-49,0.015155,synthetic_seed
OH,2023,asian,non-hisp,f,50-54,0.022403,synthetic_seed
OH,2023,asian,non-hisp,f,55-59,0.032452,synthetic_seed
OH,2023,asian,non-hisp,f,60-64,0.048266,synthetic_seed
OH,2023,asian,non-hisp,f,65-69,0.071493,synthetic_seed
OH,2023,asian,non-hisp,f,70-74,0.109051,synthetic_seed
OH,2023,asian,non-hisp,f,75-79,0.169507,synthetic_seed
OH,2023,asian,non-hisp,f,80-84,0.265709,synthetic_seed
OH,2023,asian,non-hisp,f,85+,0.458196,synthetic_seed
OH,2023,asian,hisp,m,0-4,0.002907,synthetic_seed
OH,2023,asian,hisp,m,5-9,0.000581,synthetic_seed
OH,2023,asian,hisp,m,10-14,0.000581,synthetic_seed
OH,2023,asian,hisp,m,15-19,0.002907,synthetic_seed
OH,2023,asian,hisp,m,20-24,0.004651,synthetic_seed
OH,2023,asian,hisp,m,25-29,0.005814,synthetic_seed
OH,2023,asian,hisp,m,30-34,0.007558,synthetic_seed
OH,2023,asian,hisp,m,35-39,0.010465,synthetic_seed
OH,2023,asian,hisp,m,40-44,0.014419,synthetic_seed
OH,2023,asian,hisp,m,45-49,0.021396,synthetic_seed
OH,2023,asian,hisp,m,50-54,0.031628,synthetic_seed
OH,2023,asian,hisp,m,55-59,0.045814,synthetic_seed
OH,2023,asian,hisp,m,60-64,0.06814,synthetic_seed
OH,2023,asian,hisp,m,65-69,0.100931,synthetic_seed
OH,2023,asian,hisp,m,70-74,0.153955,synthetic_seed
OH,2023,asian,hisp,m,75-79,0.239304,synthetic_seed
OH,2023,asian,hisp,m,80-84,0.375119,synthetic_seed
OH,2023,asian,hisp,m,85+,0.646866,synthetic_seed
OH,2023,asian,hisp,f,0-4,0.002059,synthetic_seed
OH,2023,asian,hisp,f,5-9,0.000412,synthetic_seed
OH,2023,asian,hisp,f,10-14,0.000412,synthetic_seed
OH,2023,asian,hisp,f,15-19,0.002059,synthetic_seed
OH,2023,asian,hisp,f,20-24,0.003295,synthetic_seed
OH,2023,asian,hisp,f,25-29,0.004118,synthetic_seed
OH,2023,asian,hisp,f,30-34,0.005354,synthetic_seed
OH,2023,asian,hisp,f,35-39,0.007413,synthetic_seed
OH,2023,asian,hisp,f,40-44,0.010213,synthetic_seed
OH,2023,asian,hisp,f,45-49,0.015155,synthetic_seed
OH,2023,asian,hisp,f,50-54,0.022403,synthetic_seed
OH,2023,asian,hisp,f,55-59,0.032452,synthetic_seed
OH,2023,asian,hisp,f,60-64,0.048266,synthetic_seed
OH,2023,asian,hisp,f,65-69,0.071493,synthetic_seed
OH,2023,asian,hisp,f,70-74,0.109051,synthetic_seed
OH,2023,asian,hisp,f,75-79,0.169507,synthetic_seed
OH,2023,asian,hisp,f,80-84,0.265709,synthetic_seed
OH,2023,asian,hisp,f,85+,0.458196,synthetic_seed
OH,2023,other,non-hisp,m,0-4,0.00306,synthetic_seed
OH,2023,other,non-hisp,m,5-9,0.000612,synthetic_seed
OH,2023,other,non-hisp,m,10-14,0.000612,synthetic_seed
OH,2023,other,non-hisp,m,15-19,0.00306,synthetic_seed
OH,2023,other,non-hisp,m,20-24,0.004896,synthetic_seed
OH,2023,other,non-hisp,m,25-29,0.00612,synthetic_seed
OH,2023,other,non-hisp,m,30-34,0.007956,synthetic_seed
OH,2023,other,non-hisp,m,35-39,0.011016,synthetic_seed
OH,2023,other,non-hisp,m,40-44,0.015178,synthetic_seed
OH,2023,other,non-hisp,m,45-49,0.022522,synthetic_seed
OH,2023,other,non-hisp,m,50-54,0.033293,synthetic_seed
OH,2023,other,non-hisp,m,55-59,0.048226,synthetic_seed
OH,2023,other,non-hisp,m,60-64,0.071726,synthetic_seed
OH,2023,other,non-hisp,m,65-69,0.106243,synthetic_seed
OH,2023,other,non-hisp,m,70-74,0.162058,synthetic_seed
OH,2023,other,non-hisp,m,75-79,0.251899,synthetic_seed
OH,2023,other,non-hisp,m,80-84,0.394862,synthetic_seed
OH,2023,other,non-hisp,m,85+,0.680911,synthetic_seed
OH,2023,other,non-hisp,f,0-4,0.002168,synthetic_seed
OH,2023,other,non-hisp,f,5-9,0.000434,synthetic_seed
OH,2023,other,non-hisp,f,10-14,0.000434,synthetic_seed
OH,2023,other,non-hisp,f,15-19,0.002168,synthetic_seed
OH,2023,other,non-hisp,f,20-24,0.003468,synthetic_seed
OH,2023,other,non-hisp,f,25-29,0.004335,synthetic_seed
OH,2023,other,non-hisp,f,30-34,0.005635,synthetic_seed
OH,2023,other,non-hisp,f,35-39,0.007803,synthetic_seed
OH,2023,other,non-hisp,f,40-44,0.010751,synthetic_seed
OH,2023,other,non-hisp,f,45-49,0.015953,synthetic_seed
OH,2023,other,non-hisp,f,50-54,0.023582,synthetic_seed
OH,2023,other,non-hisp,f,55-59,0.03416,synthetic_seed
OH,2023,other,non-hisp,f,60-64,0.050806,synthetic_seed
OH,2023,other,non-hisp,f,65-69,0.075256,synthetic_seed
OH,2023,other,non-hisp,f,70-74,0.114791,synthetic_seed
OH,2023,other,non-hisp,f,75-79,0.178429,synthetic_seed
OH,2023,other,non-hisp,f,80-84,0.279694,synthetic_seed
OH,2023,other,non-hisp,f,85+,0.482312,synthetic_seed
OH,2023,other,hisp,m,0-4,0.00306,synthetic_seed
OH,2023,other,hisp,m,5-9,0.000612,synthetic_seed
OH,2023,other,hisp,m,10-14,0.000612,synthetic_seed
OH,2023,other,hisp,m,15-19,0.00306,synthetic_seed
OH,2023,other,hisp,m,20-24,0.004896,synthetic_seed
OH,2023,other,hisp,m,25-29,0.00612,synthetic_seed
OH,2023,other,hisp,m,30-34,0.007956,synthetic_seed
OH,2023,other,hisp,m,35-39,0.011016,synthetic_seed
OH,2023,other,hisp,m,40-44,0.015178,synthetic_seed
OH,2023,other,hisp,m,45-49,0.022522,synthetic_seed
OH,2023,other,hisp,m,50-54,0.033293,synthetic_seed
OH,2023,other,hisp,m,55-59,0.048226,synthetic_seed
OH,2023,other,hisp,m,60-64,0.071726,synthetic_seed
OH,2023,other,hisp,m,65-69,0.106243,synthetic_seed
OH,2023,other,hisp,m,70-74,0.162058,synthetic_seed
OH,2023,other,hisp,m,75-79,0.251899,synthetic_seed
OH,2023,other,hisp,m,80-84,0.394862,synthetic_seed
OH,2023,other,hisp,m,85+,0.680911,synthetic_seed
OH,2023,other,hisp,f,0-4,0.002168,synthetic_seed
OH,2023,other,hisp,f,5-9,0.000434,synthetic_seed
OH,2023,other,hisp,f,10-14,0.000434,synthetic_seed
OH,2023,other,hisp,f,15-19,0.002168,synthetic_seed
OH,2023,other,hisp,f,20-24,0.003468,synthetic_seed
OH,2023,other,hisp,f,25-29,0.004335,synthetic_seed
OH,2023,other,hisp,f,30-34,0.005635,synthetic_seed
OH,2023,other,hisp,f,35-39,0.007803,synthetic_seed
OH,2023,other,hisp,f,40-44,0.010751,synthetic_seed
OH,2023,other,hisp,f,45-49,0.015953,synthetic_seed
OH,2023,other,hisp,f,50-54,0.023582,synthetic_seed
OH,2023,other,hisp,f,55-59,0.03416,synthetic_seed
OH,2023,other,hisp,f,60-64,0.050806,synthetic_seed
OH,2023,other,hisp,f,65-69,0.075256,synthetic_seed
OH,2023,other,hisp,f,70-74,0.114791,synthetic_seed
OH,2023,other,hisp,f,75-79,0.178429,synthetic_seed
OH,2023,other,hisp,f,80-84,0.279694,synthetic_seed
OH,2023,other,hisp,f,85+,0.482312,synthetic_seed
OK,2023,white,non-hisp,m,0-4,0.00324,synthetic_seed
OK,2023,white,non-hisp,m,5-9,0.000648,synthetic_seed
OK,2023,white,non-hisp,m,10-14,0.000648,synthetic_seed
OK,2023,white,non-hisp,m,15-19,0.00324,synthetic_seed
OK,2023,white,non-hisp,m,20-24,0.005184,synthetic_seed
OK,2023,white,non-hisp,m,25-29,0.00648,synthetic_seed
OK,2023,white,non-hisp,m,30-34,0.008424,synthetic_seed
OK,2023,white,non-hisp,m,35-39,0.011664,synthetic_seed
OK,2023,white,non-hisp,m,40-44,0.01607,synthetic_seed
OK,2023,white,non-hisp,m,45-49,0.023846,synthetic_seed
OK,2023,white,non-hisp,m,50-54,0.035251,synthetic_seed
OK,2023,white,non-hisp,m,55-59,0.051062,synthetic_seed
OK,2023,white,non-hisp,m,60-64,0.075946,synthetic_seed
OK,2023,white,non-hisp,m,65-69,0.112493,synthetic_seed
OK,2023,white,non-hisp,m,70-74,0.17159,synthetic_seed
OK,2023,white,non-hisp,m,75-79,0.266717,synthetic_seed
OK,2023,white,non-hisp,m,80-84,0.41809,synthetic_seed
OK,2023,white,non-hisp,m,85+,0.720965,synthetic_seed
OK,2023,white,non-hisp,f,0-4,0.002295,synthetic_seed
OK,2023,white,non-hisp,f,5-9,0.000459,synthetic_seed
OK,2023,white,non-hisp,f,10-14,0.000459,synthetic_seed
OK,2023,white,non-hisp,f,15-19,0.002295,synthetic_seed
OK,2023,white,non-hisp,f,20-24,0.003672,synthetic_seed
OK,2023,white,non-hisp,f,25-29,0.00459,synthetic_seed
OK,2023,white,non-hisp,f,30-34,0.005967,synthetic_seed
OK,2023,white,non-hisp,f,35-39,0.008262,synthetic_seed
OK,2023,white,non-hisp,f,40-44,0.011383,synthetic_seed
OK,2023,white,non-hisp,f,45-49,0.016891,synthetic_seed
OK,2023,white,non-hisp,f,50-54,0.02497,synthetic_seed
OK,2023,white,non-hisp,f,55-59,0.036169,synthetic_seed
OK,2023,white,non-hisp,f,60-64,0.053795,synthetic_seed
OK,2023,white,non-hisp,f,65-69,0.079682,synthetic_seed
OK,2023,white,non-hisp,f,70-74,0.121543,synthetic_seed
OK,2023,white,non-hisp,f,75-79,0.188924,synthetic_seed
OK,2023,white,non-hisp,f,80-84,0.296147,synthetic_seed
OK,2023,white,non-hisp,f,85+,0.510683,synthetic_seed
OK,2023,white,hisp,m,0-4,0.00324,synthetic_seed
OK,2023,white,hisp,m,5-9,0.000648,synthetic_seed
OK,2023,white,hisp,m,10-14,0.000648,synthetic_seed
OK,2023,white,hisp,m,15-19,0.00324,synthetic_seed
OK,2023,white,hisp,m,20-24,0.005184,synthetic_seed
OK,2023,white,hisp,m,25-29,0.00648,synthetic_seed
OK,2023,white,hisp,m,30-34,0.008424,synthetic_seed
OK,2023,white,hisp,m,35-39,0.011664,synthetic_seed
OK,2023,white,hisp,m,40-44,0.01607,synthetic_seed
OK,2023,white,hisp,m,45-49,0.023846,synthetic_seed
OK,2023,white,hisp,m,50-54,0.035251,synthetic_seed
OK,2023,white,hisp,m,55-59,0.051062,synthetic_seed
OK,2023,white,hisp,m,60-64,0.075946,synthetic_seed
OK,2023,white,hisp,m,65-69,0.112493,synthetic_seed
OK,2023,white,hisp,m,70-74,0.17159,synthetic_seed
OK,2023,white,hisp,m,75-79,0.266717,synthetic_seed
OK,2023,white,hisp,m,80-84,0.41809,synthetic_seed
OK,2023,white,hisp,m,85+,0.720965,synthetic_seed
OK,2023,white,hisp,f,0-4,0.002295,synthetic_seed
OK,2023,white,hisp,f,5-9,0.000459,synthetic_seed
OK,2023,white,hisp,f,10-14,0.000459,synthetic_seed
OK,2023,white,hisp,f,15-19,0.002295,synthetic_seed
OK,2023,white,hisp,f,20-24,0.003672,synthetic_seed
OK,2023,white,hisp,f,25-29,0.00459,synthetic_seed
OK,2023,white,hisp,f,30-34,0.005967,synthetic_seed
OK,2023,white,hisp,f,35-39,0.008262,synthetic_seed
OK,2023,white,hisp,f,40-44,0.011383,synthetic_seed
OK,2023,white,hisp,f,45-49,0.016891,synthetic_seed
OK,2023,white,hisp,f,50-54,0.02497,synthetic_seed
OK,2023,white,hisp,f,55-59,0.036169,synthetic_seed
OK,2023,white,hisp,f,60-64,0.053795,synthetic_seed
OK,2023,white,hisp,f,65-69,0.079682,synthetic_seed
OK,2023,white,hisp,f,70-74,0.121543,synthetic_seed
OK,2023,white,hisp,f,75-79,0.188924,synthetic_seed
OK,2023,white,hisp,f,80-84,0.296147,synthetic_seed
OK,2023,white,hisp,f,85+,0.510683,synthetic_seed
OK,2023,black,non-hisp,m,0-4,0.003564,synthetic_seed
OK,2023,black,non-hisp,m,5-9,0.000713,synthetic_seed
OK,2023,black,non-hisp,m,10-14,0.000713,synthetic_seed
OK,2023,black,non-hisp,m,15-19,0.003564,synthetic_seed
OK,2023,black,non-hisp,m,20-24,0.005702,synthetic_seed
OK,2023,black,non-hisp,m,25-29,0.007128,synthetic_seed
OK,2023,black,non-hisp,m,30-34,0.009266,synthetic_seed
OK,2023,black,non-hisp,m,35-39,0.01283,synthetic_seed
OK,2023,black,non-hisp,m,40-44,0.017677,synthetic_seed
OK,2023,black,non-hisp,m,45-49,0.026231,synthetic_seed
OK,2023,black,non-hisp,m,50-54,0.038776,synthetic_seed
OK,2023,black,non-hisp,m,55-59,0.056169,synthetic_seed
OK,2023,black,non-hisp,m,60-64,0.08354,synthetic_seed
OK,2023,black,non-hisp,m,65-69,0.123742,synthetic_seed
OK,2023,black,non-hisp,m,70-74,0.188749,synthetic_seed
OK,2023,black,non-hisp,m,75-79,0.293388,synthetic_seed
OK,2023,black,non-hisp,m,80-84,0.459899,synthetic_seed
OK,2023,black,non-hisp,m,85+,0.793061,synthetic_seed
OK,2023,black,non-hisp,f,0-4,0.002525,synthetic_seed
OK,2023,black,non-hisp,f,5-9,0.000505,synthetic_seed
OK,2023,black,non-hisp,f,10-14,0.000505,synthetic_seed
OK,2023,black,non-hisp,f,15-19,0.002525,synthetic_seed
OK,2023,black,non-hisp,f,20-24,0.004039,synthetic_seed
OK,2023,black,non-hisp,f,25-29,0.005049,synthetic_seed
OK,2023,black,non-hisp,f,30-34,0.006564,synthetic_seed
OK,2023,black,non-hisp,f,35-39,0.009088,synthetic_seed
OK,2023,black,non-hisp,f,40-44,0.012522,synthetic_seed
OK,2023,black,non-hisp,f,45-49,0.01858,synthetic_seed
OK,2023,black,non-hisp,f,50-54,0.027467,synthetic_seed
OK,2023,black,non-hisp,f,55-59,0.039786,synthetic_seed
OK,2023,black,non-hisp,f,60-64,0.059174,synthetic_seed
OK,2023,black,non-hisp,f,65-69,0.087651,synthetic_seed
OK,2023,black,non-hisp,f,70-74,0.133698,synthetic_seed
OK,2023,black,non-hisp,f,75-79,0.207817,synthetic_seed
OK,2023,black,non-hisp,f,80-84,0.325761,synthetic_seed
OK,2023,black,non-hisp,f,85+,0.561752,synthetic_seed
OK,2023,black,hisp,m,0-4,0.003564,synthetic_seed
OK,2023,black,hisp,m,5-9,0.000713,synthetic_seed
OK,2023,black,hisp,m,10-14,0.000713,synthetic_seed
OK,2023,black,hisp,m,15-19,0.003564,synthetic_seed
OK,2023,black,hisp,m,20-24,0.005702,synthetic_seed
OK,2023,black,hisp,m,25-29,0.007128,synthetic_seed
OK,2023,black,hisp,m,30-34,0.009266,synthetic_seed
OK,2023,black,hisp,m,35-39,0.01283,synthetic_seed
OK,2023,black,hisp,m,40-44,0.017677,synthetic_seed
OK,2023,black,hisp,m,45-49,0.026231,synthetic_seed
OK,2023,black,hisp,m,50-54,0.038776,synthetic_seed
OK,2023,black,hisp,m,55-59,0.056169,synthetic_seed
OK,2023,black,hisp,m,60-64,0.08354,synthetic_seed
OK,2023,black,hisp,m,65-69,0.123742,synthetic_seed
OK,2023,black,hisp,m,70-74,0.188749,synthetic_seed
OK,2023,black,hisp,m,75-79,0.293388,synthetic_seed
OK,2023,black,hisp,m,80-84,0.459899,synthetic_seed
OK,2023,black,hisp,m,85+,0.793061,synthetic_seed
OK,2023,black,hisp,f,0-4,0.002525,synthetic_seed
OK,2023,black,hisp,f,5-9,0.000505,synthetic_seed
OK,2023,black,hisp,f,10-14,0.000505,synthetic_seed
OK,2023,black,hisp,f,15-19,0.002525,synthetic_seed
OK,2023,black,hisp,f,20-24,0.004039,synthetic_seed
OK,2023,black,hisp,f,25-29,0.005049,synthetic_seed
OK,2023,black,hisp,f,30-34,0.006564,synthetic_seed
OK,2023,black,hisp,f,35-39,0.009088,synthetic_seed
OK,2023,black,hisp,f,40-44,0.012522,synthetic_seed
OK,2023,black,hisp,f,45-49,0.01858,synthetic_seed
OK,2023,black,hisp,f,50-54,0.027467,synthetic_seed
OK,2023,black,hisp,f,55-59,0.039786,synthetic_seed
OK,2023,black,hisp,f,60-64,0.059174,synthetic_seed
OK,2023,black,hisp,f,65-69,0.087651,synthetic_seed
OK,2023,black,hisp,f,70-74,0.133698,synthetic_seed
OK,2023,black,hisp,f,75-79,0.207817,synthetic_seed
OK,2023,black,hisp,f,80-84,0.325761,synthetic_seed
OK,2023,black,hisp,f,85+,0.561752,synthetic_seed
OK,2023,asian,non-hisp,m,0-4,0.003078,synthetic_seed
OK,2023,asian,non-hisp,m,5-9,0.000616,synthetic_seed
OK,2023,asian,non-hisp,m,10-14,0.000616,synthetic_seed
OK,2023,asian,non-hisp,m,15-19,0.003078,synthetic_seed
OK,2023,asian,non-hisp,m,20-24,0.004925,synthetic_seed
OK,2023,asian,non-hisp,m,25-29,0.006156,synthetic_seed
OK,2023,asian,non-hisp,m,30-34,0.008003,synthetic_seed
OK,2023,asian,non-hisp,m,35-39,0.011081,synthetic_seed
OK,2023,asian,non-hisp,m,40-44,0.015267,synthetic_seed
OK,2023,asian,non-hisp,m,45-49,0.022654,synthetic_seed
OK,2023,asian,non-hisp,m,50-54,0.033489,synthetic_seed
OK,2023,asian,non-hisp,m,55-59,0.048509,synthetic_seed
OK,2023,asian,non-hisp,m,60-64,0.072148,synthetic_seed
OK,2023,asian,non-hisp,m,65-69,0.106868,synthetic_seed
OK,2023,asian,non-hisp,m,70-74,0.163011,synthetic_seed
OK,2023,asian,non-hisp,m,75-79,0.253381,synthetic_seed
OK,2023,asian,non-hisp,m,80-84,0.397185,synthetic_seed
OK,2023,asian,non-hisp,m,85+,0.684917,synthetic_seed
OK,2023,asian,non-hisp,f,0-4,0.00218,synthetic_seed
OK,2023,asian,non-hisp,f,5-9,0.000436,synthetic_seed
OK,2023,asian,non-hisp,f,10-14,0.000436,synthetic_seed
OK,2023,asian,non-hisp,f,15-19,0.00218,synthetic_seed
OK,2023,asian,non-hisp,f,20-24,0.003488,synthetic_seed
OK,2023,asian,non-hisp,f,25-29,0.00436,synthetic_seed
OK,2023,asian,non-hisp,f,30-34,0.005669,synthetic_seed
OK,2023,asian,non-hisp,f,35-39,0.007849,synthetic_seed
OK,2023,asian,non-hisp,f,40-44,0.010814,synthetic_seed
OK,2023,asian,non-hisp,f,45-49,0.016047,synthetic_seed
OK,2023,asian,non-hisp,f,50-54,0.023721,synthetic_seed
OK,2023,asian,non-hisp,f,55-59,0.034361,synthetic_seed
OK,2023,asian,non-hisp,f,60-64,0.051105,synthetic_seed
OK,2023,asian,non-hisp,f,65-69,0.075698,synthetic_seed
OK,2023,asian,non-hisp,f,70-74,0.115466,synthetic_seed
OK,2023,asian,non-hisp,f,75-79,0.179478,synthetic_seed
OK,2023,asian,non-hisp,f,80-84,0.281339,synthetic_seed
OK,2023,asian,non-hisp,f,85+,0.485149,synthetic_seed
OK,2023,asian,hisp,m,0-4,0.003078,synthetic_seed
OK,2023,asian,hisp,m,5-9,0.000616,synthetic_seed
OK,2023,asian,hisp,m,10-14,0.000616,synthetic_seed
OK,2023,asian,hisp,m,15-19,0.003078,synthetic_seed
OK,2023,asian,hisp,m,20-24,0.004925,synthetic_seed
OK,2023,asian,hisp,m,25-29,0.006156,synthetic_seed
OK,2023,asian,hisp,m,30-34,0.008003,synthetic_seed
OK,2023,asian,hisp,m,35-39,0.011081,synthetic_seed
OK,2023,asian,hisp,m,40-44,0.015267,synthetic_seed
OK,2023,asian,hisp,m,45-49,0.022654,synthetic_seed
OK,2023,asian,hisp,m,50-54,0.033489,synthetic_seed
OK,2023,asian,hisp,m,55-59,0.048509,synthetic_seed
OK,2023,asian,hisp,m,60-64,0.072148,synthetic_seed
OK,2023,asian,hisp,m,65-69,0.106868,synthetic_seed
OK,2023,asian,hisp,m,70-74,0.163011,synthetic_seed
OK,2023,asian,hisp,m,75-79,0.253381,synthetic_seed
OK,2023,asian,hisp,m,80-84,0.397185,synthetic_seed
OK,2023,asian,hisp,m,85+,0.684917,synthetic_seed
OK,2023,asian,hisp,f,0-4,0.00218,synthetic_seed
OK,2023,asian,hisp,f,5-9,0.000436,synthetic_seed
OK,2023,asian,hisp,f,10-14,0.000436,synthetic_seed
OK,2023,asian,hisp,f,15-19,0.00218,synthetic_seed
OK,2023,asian,hisp,f,20-24,0.003488,synthetic_seed
OK,2023,asian,hisp,f,25-29,0.00436,synthetic_seed
OK,2023,asian,hisp,f,30-34,0.005669,synthetic_seed
OK,2023,asian,hisp,f,35-39,0.007849,synthetic_seed
OK,2023,asian,hisp,f,40-44,0.010814,synthetic_seed
OK,2023,asian,hisp,f,45-49,0.016047,synthetic_seed
OK,2023,asian,hisp,f,50-54,0.023721,synthetic_seed
OK,2023,asian,hisp,f,55-59,0.034361,synthetic_seed
OK,2023,asian,hisp,f,60-64,0.051105,synthetic_seed
OK,2023,asian,hisp,f,65-69,0.075698,synthetic_seed
OK,2023,asian,hisp,f,70-74,0.115466,synthetic_seed
OK,2023,asian,hisp,f,75-79,0.179478,synthetic_seed
OK,2023,asian,hisp,f,80-84,0.281339,synthetic_seed
OK,2023,asian,hisp,f,85+,0.485149,synthetic_seed
OK,2023,other,non-hisp,m,0-4,0.00324,synthetic_seed
OK,2023,other,non-hisp,m,5-9,0.000648,synthetic_seed
OK,2023,other,non-hisp,m,10-14,0.000648,synthetic_seed
OK,2023,other,non-hisp,m,15-19,0.00324,synthetic_seed
OK,2023,other,non-hisp,m,20-24,0.005184,synthetic_seed
OK,2023,other,non-hisp,m,25-29,0.00648,synthetic_seed
OK,2023,other,non-hisp,m,30-34,0.008424,synthetic_seed
OK,2023,other,non-hisp,m,35-39,0.011664,synthetic_seed
OK,2023,other,non-hisp,m,40-44,0.01607,synthetic_seed
OK,2023,other,non-hisp,m,45-49,0.023846,synthetic_seed
OK,2023,other,non-hisp,m,50-54,0.035251,synthetic_seed
OK,2023,other,non-hisp,m,55-59,0.051062,synthetic_seed
OK,2023,other,non-hisp,m,60-64,0.075946,synthetic_seed
OK,2023,other,non-hisp,m,65-69,0.112493,synthetic_seed
OK,2023,other,non-hisp,m,70-74,0.17159,synthetic_seed
OK,2023,other,non-hisp,m,75-79,0.266717,synthetic_seed
OK,2023,other,non-hisp,m,80-84,0.41809,synthetic_seed
OK,2023,other,non-hisp,m,85+,0.720965,synthetic_seed
OK,2023,other,non-hisp,f,0-4,0.002295,synthetic_seed
OK,2023,other,non-hisp,f,5-9,0.000459,synthetic_seed
OK,2023,other,non-hisp,f,10-14,0.000459,synthetic_seed
OK,2023,other,non-hisp,f,15-19,0.002295,synthetic_seed
OK,2023,other,non-hisp,f,20-24,0.003672,synthetic_seed
OK,2023,other,non-hisp,f,25-29,0.00459,synthetic_seed
OK,2023,other,non-hisp,f,30-34,0.005967,synthetic_seed
OK,2023,other,non-hisp,f,35-39,0.008262,synthetic_seed
OK,2023,other,non-hisp,f,40-44,0.011383,synthetic_seed
OK,2023,other,non-hisp,f,45-49,0.016891,synthetic_seed
OK,2023,other,non-hisp,f,50-54,0.02497,synthetic_seed
OK,2023,other,non-hisp,f,55-59,0.036169,synthetic_seed
OK,2023,other,non-hisp,f,60-64,0.053795,synthetic_seed
OK,2023,other,non-hisp,f,65-69,0.079682,synthetic_seed
OK,2023,other,non-hisp,f,70-74,0.121543,synthetic_seed
OK,2023,other,non-hisp,f,75-79,0.188924,synthetic_seed
OK,2023,other,non-hisp,f,80-84,0.296147,synthetic_seed
OK,2023,other,non-hisp,f,85+,0.510683,synthetic_seed
OK,2023,other,hisp,m,0-4,0.00324,synthetic_seed
OK,2023,other,hisp,m,5-9,0.000648,synthetic_seed
OK,2023,other,hisp,m,10-14,0.000648,synthetic_seed
OK,2023,other,hisp,m,15-19,0.00324,synthetic_seed
OK,2023,other,hisp,m,20-24,0.005184,synthetic_seed
OK,2023,other,hisp,m,25-29,0.00648,synthetic_seed
OK,2023,other,hisp,m,30-34,0.008424,synthetic_seed
OK,2023,other,hisp,m,35-39,0.011664,synthetic_seed
OK,2023,other,hisp,m,40-44,0.01607,synthetic_seed
OK,2023,other,hisp,m,45-49,0.023846,synthetic_seed
OK,2023,other,hisp,m,50-54,0.035251,synthetic_seed
OK,2023,other,hisp,m,55-59,0.051062,synthetic_seed
OK,2023,other,hisp,m,60-64,0.075946,synthetic_seed
OK,2023,other,hisp,m,65-69,0.112493,synthetic_seed
OK,2023,other,hisp,m,70-74,0.17159,synthetic_seed
OK,2023,other,hisp,m,75-79,0.266717,synthetic_seed
OK,2023,other,hisp,m,80-84,0.41809,synthetic_seed
OK,2023,other,hisp,m,85+,0.720965,synthetic_seed
OK,2023,other,hisp,f,0-4,0.002295,synthetic_seed
OK,2023,other,hisp,f,5-9,0.000459,synthetic_seed
OK,2023,other,hisp,f,10-14,0.000459,synthetic_seed
OK,2023,other,hisp,f,15-19,0.002295,synthetic_seed
OK,2023,other,hisp,f,20-24,0.003672,synthetic_seed
OK,2023,other,hisp,f,25-29,0.00459,synthetic_seed
OK,2023,other,hisp,f,30-34,0.005967,synthetic_seed
OK,2023,other,hisp,f,35-39,0.008262,synthetic_seed
OK,2023,other,hisp,f,40-44,0.011383,synthetic_seed
OK,2023,other,hisp,f,45-49,0.016891,synthetic_seed
OK,2023,other,hisp,f,50-54,0.02497,synthetic_seed
OK,2023,other,hisp,f,55-59,0.036169,synthetic_seed
OK,2023,other,hisp,f,60-64,0.053795,synthetic_seed
OK,2023,other,hisp,f,65-69,0.079682,synthetic_seed
OK,2023,other,hisp,f,70-74,0.121543,synthetic_seed
OK,2023,other,hisp,f,75-79,0.188924,synthetic_seed
OK,2023,other,hisp,f,80-84,0.296147,synthetic_seed
OK,2023,other,hisp,f,85+,0.510683,synthetic_seed
OR,2023,white,non-hisp,m,0-4,0.00291,synthetic_seed
OR,2023,white,non-hisp,m,5-9,0.000582,synthetic_seed
OR,2023,white,non-hisp,m,10-14,0.000582,synthetic_seed
OR,2023,white,non-hisp,m,15-19,0.00291,synthetic_seed
OR,2023,white,non-hisp,m,20-24,0.004656,synthetic_seed
OR,2023,white,non-hisp,m,25-29,0.00582,synthetic_seed
OR,2023,white,non-hisp,m,30-34,0.007566,synthetic_seed
OR,2023,white,non-hisp,m,35-39,0.010476,synthetic_seed
OR,2023,white,non-hisp,m,40-44,0.014434,synthetic_seed
OR,2023,white,non-hisp,m,45-49,0.021418,synthetic_seed
OR,2023,white,non-hisp,m,50-54,0.031661,synthetic_seed
OR,2023,white,non-hisp,m,55-59,0.045862,synthetic_seed
OR,2023,white,non-hisp,m,60-64,0.06821,synthetic_seed
OR,2023,white,non-hisp,m,65-69,0.101035,synthetic_seed
OR,2023,white,non-hisp,m,70-74,0.154114,synthetic_seed
OR,2023,white,non-hisp,m,75-79,0.239551,synthetic_seed
OR,2023,white,non-hisp,m,80-84,0.375506,synthetic_seed
OR,2023,white,non-hisp,m,85+,0.647533,synthetic_seed
OR,2023,white,non-hisp,f,0-4,0.002061,synthetic_seed
OR,2023,white,non-hisp,f,5-9,0.000412,synthetic_seed
OR,2023,white,non-hisp,f,10-14,0.000412,synthetic_seed
OR,2023,white,non-hisp,f,15-19,0.002061,synthetic_seed
OR,2023,white,non-hisp,f,20-24,0.003298,synthetic_seed
OR,2023,white,non-hisp,f,25-29,0.004123,synthetic_seed
OR,2023,white,non-hisp,f,30-34,0.005359,synthetic_seed
OR,2023,white,non-hisp,f,35-39,0.007421,synthetic_seed
OR,2023,white,non-hisp,f,40-44,0.010224,synthetic_seed
OR,2023,white,non-hisp,f,45-49,0.015171,synthetic_seed
OR,2023,white,non-hisp,f,50-54,0.022426,synthetic_seed
OR,2023,white,non-hisp,f,55-59,0.032485,synthetic_seed
OR,2023,white,non-hisp,f,60-64,0.048316,synthetic_seed
OR,2023,white,non-hisp,f,65-69,0.071567,synthetic_seed
OR,2023,white,non-hisp,f,70-74,0.109164,synthetic_seed
OR,2023,white,non-hisp,f,75-79,0.169682,synthetic_seed
OR,2023,white,non-hisp,f,80-84,0.265984,synthetic_seed
OR,2023,white,non-hisp,f,85+,0.458669,synthetic_seed
OR,2023,white,hisp,m,0-4,0.00291,synthetic_seed
OR,2023,white,hisp,m,5-9,0.000582,synthetic_seed
OR,2023,white,hisp,m,10-14,0.000582,synthetic_seed
OR,2023,white,hisp,m,15-19,0.00291,synthetic_seed
OR,2023,white,hisp,m,20-24,0.004656,synthetic_seed
OR,2023,white,hisp,m,25-29,0.00582,synthetic_seed
OR,2023,white,hisp,m,30-34,0.007566,synthetic_seed
OR,2023,white,hisp,m,35-39,0.010476,synthetic_seed
OR,2023,white,hisp,m,40-44,0.014434,synthetic_seed
OR,2023,white,hisp,m,45-49,0.021418,synthetic_seed
OR,2023,white,hisp,m,50-54,0.031661,synthetic_seed
OR,2023,white,hisp,m,55-59,0.045862,synthetic_seed
OR,2023,white,hisp,m,60-64,0.06821,synthetic_seed
OR,2023,white,hisp,m,65-69,0.101035,synthetic_seed
OR,2023,white,hisp,m,70-74,0.154114,synthetic_seed
OR,2023,white,hisp,m,75-79,0.239551,synthetic_seed
OR,2023,white,hisp,m,80-84,0.375506,synthetic_seed
OR,2023,white,hisp,m,85+,0.647533,synthetic_seed
OR,2023,white,hisp,f,0-4,0.002061,synthetic_seed
OR,2023,white,hisp,f,5-9,0.000412,synthetic_seed
OR,2023,white,hisp,f,10-14,0.000412,synthetic_seed
OR,2023,white,hisp,f,15-19,0.002061,synthetic_seed
OR,2023,white,hisp,f,20-24,0.003298,synthetic_seed
OR,2023,white,hisp,f,25-29,0.004123,synthetic_seed
OR,2023,white,hisp,f,30-34,0.005359,synthetic_seed
OR,2023,white,hisp,f,35-39,0.007421,synthetic_seed
OR,2023,white,hisp,f,40-44,0.010224,synthetic_seed
OR,2023,white,hisp,f,45-49,0.015171,synthetic_seed
OR,2023,white,hisp,f,50-54,0.022426,synthetic_seed
OR,2023,white,hisp,f,55-59,0.032485,synthetic_seed
OR,2023,white,hisp,f,60-64,0.048316,synthetic_seed
OR,2023,white,hisp,f,65-69,0.071567,synthetic_seed
OR,2023,white,hisp,f,70-74,0.109164,synthetic_seed
OR,2023,white,hisp,f,75-79,0.169682,synthetic_seed
OR,2023,white,hisp,f,80-84,0.265984,synthetic_seed
OR,2023,white,hisp,f,85+,0.458669,synthetic_seed
OR,2023,black,non-hisp,m,0-4,0.003201,synthetic_seed
OR,2023,black,non-hisp,m,5-9,0.00064,synthetic_seed
OR,2023,black,non-hisp,m,10-14,0.00064,synthetic_seed
OR,2023,black,non-hisp,m,15-19,0.003201,synthetic_seed
OR,2023,black,non-hisp,m,20-24,0.005122,synthetic_seed
OR,2023,black,non-hisp,m,25-29,0.006402,synthetic_seed
OR,2023,black,non-hisp,m,30-34,0.008323,synthetic_seed
OR,2023,black,non-hisp,m,35-39,0.011524,synthetic_seed
OR,2023,black,non-hisp,m,40-44,0.015877,synthetic_seed
OR,2023,black,non-hisp,m,45-49,0.023559,synthetic_seed
OR,2023,black,non-hisp,m,50-54,0.034827,synthetic_seed
OR,2023,black,non-hisp,m,55-59,0.050448,synthetic_seed
OR,2023,black,non-hisp,m,60-64,0.075031,synthetic_seed
OR,2023,black,non-hisp,m,65-69,0.111139,synthetic_seed
OR,2023,black,non-hisp,m,70-74,0.169525,synthetic_seed
OR,2023,black,non-hisp,m,75-79,0.263506,synthetic_seed
OR,2023,black,non-hisp,m,80-84,0.413057,synthetic_seed
OR,2023,black,non-hisp,m,85+,0.712287,synthetic_seed
OR,2023,black,non-hisp,f,0-4,0.002267,synthetic_seed
OR,2023,black,non-hisp,f,5-9,0.000453,synthetic_seed
OR,2023,black,non-hisp,f,10-14,0.000453,synthetic_seed
OR,2023,black,non-hisp,f,15-19,0.002267,synthetic_seed
OR,2023,black,non-hisp,f,20-24,0.003628,synthetic_seed
OR,2023,black,non-hisp,f,25-29,0.004535,synthetic_seed
OR,2023,black,non-hisp,f,30-34,0.005895,synthetic_seed
OR,2023,black,non-hisp,f,35-39,0.008163,synthetic_seed
OR,2023,black,non-hisp,f,40-44,0.011246,synthetic_seed
OR,2023,black,non-hisp,f,45-49,0.016688,synthetic_seed
OR,2023,black,non-hisp,f,50-54,0.024669,synthetic_seed
OR,2023,black,non-hisp,f,55-59,0.035734,synthetic_seed
OR,2023,black,non-hisp,f,60-64,0.053147,synthetic_seed
OR,2023,black,non-hisp,f,65-69,0.078723,synthetic_seed
OR,2023,black,non-hisp,f,70-74,0.12008,synthetic_seed
OR,2023,black,non-hisp,f,75-79,0.18665,synthetic_seed
OR,2023,black,non-hisp,f,80-84,0.292582,synthetic_seed
OR,2023,black,non-hisp,f,85+,0.504536,synthetic_seed
OR,2023,black,hisp,m,0-4,0.003201,synthetic_seed
OR,2023,black,hisp,m,5-9,0.00064,synthetic_seed
OR,2023,black,hisp,m,10-14,0.00064,synthetic_seed
OR,2023,black,hisp,m,15-19,0.003201,synthetic_seed
OR,2023,black,hisp,m,20-24,0.005122,synthetic_seed
OR,2023,black,hisp,m,25-29,0.006402,synthetic_seed
OR,2023,black,hisp,m,30-34,0.008323,synthetic_seed
OR,2023,black,hisp,m,35-39,0.011524,synthetic_seed
OR,2023,black,hisp,m,40-44,0.015877,synthetic_seed
OR,2023,black,hisp,m,45-49,0.023559,synthetic_seed
OR,2023,black,hisp,m,50-54,0.034827,synthetic_seed
OR,2023,black,hisp,m,55-59,0.050448,synthetic_seed
OR,2023,black,hisp,m,60-64,0.075031,synthetic_seed
OR,2023,black,hisp,m,65-69,0.111139,synthetic_seed
OR,2023,black,hisp,m,70-74,0.169525,synthetic_seed
OR,2023,black,hisp,m,75-79,0.263506,synthetic_seed
OR,2023,black,hisp,m,80-84,0.413057,synthetic_seed
OR,2023,black,hisp,m,85+,0.712287,synthetic_seed
OR,2023,black,hisp,f,0-4,0.002267,synthetic_seed
OR,2023,black,hisp,f,5-9,0.000453,synthetic_seed
OR,2023,black,hisp,f,10-14,0.000453,synthetic_seed
OR,2023,black,hisp,f,15-19,0.002267,synthetic_seed
OR,2023,black,hisp,f,20-24,0.003628,synthetic_seed
OR,2023,black,hisp,f,25-29,0.004535,synthetic_seed
OR,2023,black,hisp,f,30-34,0.005895,synthetic_seed
OR,2023,black,hisp,f,35-39,0.008163,synthetic_seed
OR,2023,black,hisp,f,40-44,0.011246,synthetic_seed
OR,2023,black,hisp,f,45-49,0.016688,synthetic_seed
OR,2023,black,hisp,f,50-54,0.024669,synthetic_seed
OR,2023,black,hisp,f,55-59,0.035734,synthetic_seed
OR,2023,black,hisp,f,60-64,0.053147,synthetic_seed
OR,2023,black,hisp,f,65-69,0.078723,synthetic_seed
OR,2023,black,hisp,f,70-74,0.12008,synthetic_seed
OR,2023,black,hisp,f,75-79,0.18665,synthetic_seed
OR,2023,black,hisp,f,80-84,0.292582,synthetic_seed
OR,2023,black,hisp,f,85+,0.504536,synthetic_seed
OR,2023,asian,non-hisp,m,0-4,0.002764,synthetic_seed
OR,2023,asian,non-hisp,m,5-9,0.000553,synthetic_seed
OR,2023,asian,non-hisp,m,10-14,0.000553,synthetic_seed
OR,2023,asian,non-hisp,m,15-19,0.002764,synthetic_seed
OR,2023,asian,non-hisp,m,20-24,0.004423,synthetic_seed
OR,2023,asian,non-hisp,m,25-29,0.005529,synthetic_seed
OR,2023,asian,non-hisp,m,30-34,0.007188,synthetic_seed
OR,2023,asian,non-hisp,m,35-39,0.009952,synthetic_seed
OR,2023,asian,non-hisp,m,40-44,0.013712,synthetic_seed
OR,2023,asian,non-hisp,m,45-49,0.020347,synthetic_seed
OR,2023,asian,non-hisp,m,50-54,0.030078,synthetic_seed
OR,2023,asian,non-hisp,m,55-59,0.043569,synthetic_seed
OR,2023,asian,non-hisp,m,60-64,0.0648,synthetic_seed
OR,2023,asian,non-hisp,m,65-69,0.095983,synthetic_seed
OR,2023,asian,non-hisp,m,70-74,0.146408,synthetic_seed
OR,2023,asian,non-hisp,m,75-79,0.227574,synthetic_seed
OR,2023,asian,non-hisp,m,80-84,0.356731,synthetic_seed
OR,2023,asian,non-hisp,m,85+,0.615157,synthetic_seed
OR,2023,asian,non-hisp,f,0-4,0.001958,synthetic_seed
OR,2023,asian,non-hisp,f,5-9,0.000392,synthetic_seed
OR,2023,asian,non-hisp,f,10-14,0.000392,synthetic_seed
OR,2023,asian,non-hisp,f,15-19,0.001958,synthetic_seed
OR,2023,asian,non-hisp,f,20-24,0.003133,synthetic_seed
OR,2023,asian,non-hisp,f,25-29,0.003916,synthetic_seed
OR,2023,asian,non-hisp,f,30-34,0.005091,synthetic_seed
OR,2023,asian,non-hisp,f,35-39,0.007049,synthetic_seed
OR,2023,asian,non-hisp,f,40-44,0.009713,synthetic_seed
OR,2023,asian,non-hisp,f,45-49,0.014412,synthetic_seed
OR,2023,asian,non-hisp,f,50-54,0.021305,synthetic_seed
OR,2023,asian,non-hisp,f,55-59,0.030861,synthetic_seed
OR,2023,asian,non-hisp,f,60-64,0.0459,synthetic_seed
OR,2023,asian,non-hisp,f,65-69,0.067988,synthetic_seed
OR,2023,asian,non-hisp,f,70-74,0.103706,synthetic_seed
OR,2023,asian,non-hisp,f,75-79,0.161198,synthetic_seed
OR,2023,asian,non-hisp,f,80-84,0.252685,synthetic_seed
OR,2023,asian,non-hisp,f,85+,0.435736,synthetic_seed
OR,2023,asian,hisp,m,0-4,0.002764,synthetic_seed
OR,2023,asian,hisp,m,5-9,0.000553,synthetic_seed
OR,2023,asian,hisp,m,10-14,0.000553,synthetic_seed
OR,2023,asian,hisp,m,15-19,0.002764,synthetic_seed
OR,2023,asian,hisp,m,20-24,0.004423,synthetic_seed
OR,2023,asian,hisp,m,25-29,0.005529,synthetic_seed
OR,2023,asian,hisp,m,30-34,0.007188,synthetic_seed
OR,2023,asian,hisp,m,35-39,0.009952,synthetic_seed
OR,2023,asian,hisp,m,40-44,0.013712,synthetic_seed
OR,2023,asian,hisp,m,45-49,0.020347,synthetic_seed
OR,2023,asian,hisp,m,50-54,0.030078,synthetic_seed
OR,2023,asian,hisp,m,55-59,0.043569,synthetic_seed
OR,2023,asian,hisp,m,60-64,0.0648,synthetic_seed
OR,2023,asian,hisp,m,65-69,0.095983,synthetic_seed
OR,2023,asian,hisp,m,70-74,0.146408,synthetic_seed
OR,2023,asian,hisp,m,75-79,0.227574,synthetic_seed
OR,2023,asian,hisp,m,80-84,0.356731,synthetic_seed
OR,2023,asian,hisp,m,85+,0.615157,synthetic_seed
OR,2023,asian,hisp,f,0-4,0.001958,synthetic_seed
OR,2023,asian,hisp,f,5-9,0.000392,synthetic_seed
OR,2023,asian,hisp,f,10-14,0.000392,synthetic_seed
OR,2023,asian,hisp,f,15-19,0.001958,synthetic_seed
OR,2023,asian,hisp,f,20-24,0.003133,synthetic_seed
OR,2023,asian,hisp,f,25-29,0.003916,synthetic_seed
OR,2023,asian,hisp,f,30-34,0.005091,synthetic_seed
OR,2023,asian,hisp,f,35-39,0.007049,synthetic_seed
OR,2023,asian,hisp,f,40-44,0.009713,synthetic_seed
OR,2023,asian,hisp,f,45-49,0.014412,synthetic_seed
OR,2023,asian,hisp,f,50-54,0.021305,synthetic_seed
OR,2023,asian,hisp,f,55-59,0.030861,synthetic_seed
OR,2023,asian,hisp,f,60-64,0.0459,synthetic_seed
OR,2023,asian,hisp,f,65-69,0.067988,synthetic_seed
OR,2023,asian,hisp,f,70-74,0.103706,synthetic_seed
OR,2023,asian,hisp,f,75-79,0.161198,synthetic_seed
OR,2023,asian,hisp,f,80-84,0.252685,synthetic_seed
OR,2023,asian,hisp,f,85+,0.435736,synthetic_seed
OR,2023,other,non-hisp,m,0-4,0.00291,synthetic_seed
OR,2023,other,non-hisp,m,5-9,0.000582,synthetic_seed
OR,2023,other,non-hisp,m,10-14,0.000582,synthetic_seed
OR,2023,other,non-hisp,m,15-19,0.00291,synthetic_seed
OR,2023,other,non-hisp,m,20-24,0.004656,synthetic_seed
OR,2023,other,non-hisp,m,25-29,0.00582,synthetic_seed
OR,2023,other,non-hisp,m,30-34,0.007566,synthetic_seed
OR,2023,other,non-hisp,m,35-39,0.010476,synthetic_seed
OR,2023,other,non-hisp,m,40-44,0.014434,synthetic_seed
OR,2023,other,non-hisp,m,45-49,0.021418,synthetic_seed
OR,2023,other,non-hisp,m,50-54,0.031661,synthetic_seed
OR,2023,other,non-hisp,m,55-59,0.045862,synthetic_seed
OR,2023,other,non-hisp,m,60-64,0.06821,synthetic_seed
OR,2023,other,non-hisp,m,65-69,0.101035,synthetic_seed
OR,2023,other,non-hisp,m,70-74,0.154114,synthetic_seed
OR,2023,other,non-hisp,m,75-79,0.239551,synthetic_seed
OR,2023,other,non-hisp,m,80-84,0.375506,synthetic_seed
OR,2023,other,non-hisp,m,85+,0.647533,synthetic_seed
OR,2023,other,non-hisp,f,0-4,0.002061,synthetic_seed
OR,2023,other,non-hisp,f,5-9,0.000412,synthetic_seed
OR,2023,other,non-hisp,f,10-14,0.000412,synthetic_seed
OR,2023,other,non-hisp,f,15-19,0.002061,synthetic_seed
OR,2023,other,non-hisp,f,20-24,0.003298,synthetic_seed
OR,2023,other,non-hisp,f,25-29,0.004123,synthetic_seed
OR,2023,other,non-hisp,f,30-34,0.005359,synthetic_seed
OR,2023,other,non-hisp,f,35-39,0.007421,synthetic_seed
OR,2023,other,non-hisp,f,40-44,0.010224,synthetic_seed
OR,2023,other,non-hisp,f,45-49,0.015171,synthetic_seed
OR,2023,other,non-hisp,f,50-54,0.022426,synthetic_seed
OR,2023,other,non-hisp,f,55-59,0.032485,synthetic_seed
OR,2023,other,non-hisp,f,60-64,0.048316,synthetic_seed
OR,2023,other,non-hisp,f,65-69,0.071567,synthetic_seed
OR,2023,other,non-hisp,f,70-74,0.109164,synthetic_seed
OR,2023,other,non-hisp,f,75-79,0.169682,synthetic_seed
OR,2023,other,non-hisp,f,80-84,0.265984,synthetic_seed
OR,2023,other,non-hisp,f,85+,0.458669,synthetic_seed
OR,2023,other,hisp,m,0-4,0.00291,synthetic_seed
OR,2023,other,hisp,m,5-9,0.000582,synthetic_seed
OR,2023,other,hisp,m,10-14,0.000582,synthetic_seed
OR,2023,other,hisp,m,15-19,0.00291,synthetic_seed
OR,2023,other,hisp,m,20-24,0.004656,synthetic_seed
OR,2023,other,hisp,m,25-29,0.00582,synthetic_seed
OR,2023,other,hisp,m,30-34,0.007566,synthetic_seed
OR,2023,other,hisp,m,35-39,0.010476,synthetic_seed
OR,2023,other,hisp,m,40-44,0.014434,synthetic_seed
OR,2023,other,hisp,m,45-49,0.021418,synthetic_seed
OR,2023,other,hisp,m,50-54,0.031661,synthetic_seed
OR,2023,other,hisp,m,55-59,0.045862,synthetic_seed
OR,2023,other,hisp,m,60-64,0.06821,synthetic_seed
OR,2023,other,hisp,m,65-69,0.101035,synthetic_seed
OR,2023,other,hisp,m,70-74,0.154114,synthetic_seed
OR,2023,other,hisp,m,75-79,0.239551,synthetic_seed
OR,2023,other,hisp,m,80-84,0.375506,synthetic_seed
OR,2023,other,hisp,m,85+,0.647533,synthetic_seed
OR,2023,other,hisp,f,0-4,0.002061,synthetic_seed
OR,2023,other,hisp,f,5-9,0.000412,synthetic_seed
OR,2023,other,hisp,f,10-14,0.000412,synthetic_seed
OR,2023,other,hisp,f,15-19,0.002061,synthetic_seed
OR,2023,other,hisp,f,20-24,0.003298,synthetic_seed
OR,2023,other,hisp,f,25-29,0.004123,synthetic_seed
OR,2023,other,hisp,f,30-34,0.005359,synthetic_seed
OR,2023,other,hisp,f,35-39,0.007421,synthetic_seed
OR,2023,other,hisp,f,40-44,0.010224,synthetic_seed
OR,2023,other,hisp,f,45-49,0.015171,synthetic_seed
OR,2023,other,hisp,f,50-54,0.022426,synthetic_seed
OR,2023,other,hisp,f,55-59,0.032485,synthetic_seed
OR,2023,other,hisp,f,60-64,0.048316,synthetic_seed
OR,2023,other,hisp,f,65-69,0.071567,synthetic_seed
OR,2023,other,hisp,f,70-74,0.109164,synthetic_seed
OR,2023,other,hisp,f,75-79,0.169682,synthetic_seed
OR,2023,other,hisp,f,80-84,0.265984,synthetic_seed
OR,2023,other,hisp,f,85+,0.458669,synthetic_seed
PA,2023,white,non-hisp,m,0-4,0.00285,synthetic_seed
PA,2023,white,non-hisp,m,5-9,0.00057,synthetic_seed
PA,2023,white,non-hisp,m,10-14,0.00057,synthetic_seed
PA,2023,white,non-hisp,m,15-19,0.00285,synthetic_seed
PA,2023,white,non-hisp,m,20-24,0.00456,synthetic_seed
PA,2023,white,non-hisp,m,25-29,0.0057,synthetic_seed
PA,2023,white,non-hisp,m,30-34,0.00741,synthetic_seed
PA,2023,white,non-hisp,m,35-39,0.01026,synthetic_seed
PA,2023,white,non-hisp,m,40-44,0.014136,synthetic_seed
PA,2023,white,non-hisp,m,45-49,0.020976,synthetic_seed
PA,2023,white,non-hisp,m,50-54,0.031008,synthetic_seed
PA,2023,white,non-hisp,m,55-59,0.044916,synthetic_seed
PA,2023,white,non-hisp,m,60-64,0.066804,synthetic_seed
PA,2023,white,non-hisp,m,65-69,0.098952,synthetic_seed
PA,2023,white,non-hisp,m,70-74,0.150936,synthetic_seed
PA,2023,white,non-hisp,m,75-79,0.234612,synthetic_seed
PA,2023,white,non-hisp,m,80-84,0.367764,synthetic_seed
PA,2023,white,non-hisp,m,85+,0.634182,synthetic_seed
PA,2023,white,non-hisp,f,0-4,0.002019,synthetic_seed
PA,2023,white,non-hisp,f,5-9,0.000404,synthetic_seed
PA,2023,white,non-hisp,f,10-14,0.000404,synthetic_seed
PA,2023,white,non-hisp,f,15-19,0.002019,synthetic_seed
PA,2023,white,non-hisp,f,20-24,0.00323,synthetic_seed
PA,2023,white,non-hisp,f,25-29,0.004037,synthetic_seed
PA,2023,white,non-hisp,f,30-34,0.005249,synthetic_seed
PA,2023,white,non-hisp,f,35-39,0.007267,synthetic_seed
PA,2023,white,non-hisp,f,40-44,0.010013,synthetic_seed
PA,2023,white,non-hisp,f,45-49,0.014858,synthetic_seed
PA,2023,white,non-hisp,f,50-54,0.021964,synthetic_seed
PA,2023,white,non-hisp,f,55-59,0.031815,synthetic_seed
PA,2023,white,non-hisp,f,60-64,0.047319,synthetic_seed
PA,2023,white,non-hisp,f,65-69,0.070091,synthetic_seed
PA,2023,white,non-hisp,f,70-74,0.106913,synthetic_seed
PA,2023,white,non-hisp,f,75-79,0.166183,synthetic_seed
PA,2023,white,non-hisp,f,80-84,0.260499,synthetic_seed
PA,2023,white,non-hisp,f,85+,0.449212,synthetic_seed
PA,2023,white,hisp,m,0-4,0.00285,synthetic_seed
PA,2023,white,hisp,m,5-9,0.00057,synthetic_seed
PA,2023,white,hisp,m,10-14,0.00057,synthetic_seed
PA,2023,white,hisp,m,15-19,0.00285,synthetic_seed
PA,2023,white,hisp,m,20-24,0.00456,synthetic_seed
PA,2023,white,hisp,m,25-29,0.0057,synthetic_seed
PA,2023,white,hisp,m,30-34,0.00741,synthetic_seed
PA,2023,white,hisp,m,35-39,0.01026,synthetic_seed
PA,2023,white,hisp,m,40-44,0.014136,synthetic_seed
PA,2023,white,hisp,m,45-49,0.020976,synthetic_seed
PA,2023,white,hisp,m,50-54,0.031008,synthetic_seed
PA,2023,white,hisp,m,55-59,0.044916,synthetic_seed
PA,2023,white,hisp,m,60-64,0.066804,synthetic_seed
PA,2023,white,hisp,m,65-69,0.098952,synthetic_seed
PA,2023,white,hisp,m,70-74,0.150936,synthetic_seed
PA,2023,white,hisp,m,75-79,0.234612,synthetic_seed
PA,2023,white,hisp,m,80-84,0.367764,synthetic_seed
PA,2023,white,hisp,m,85+,0.634182,synthetic_seed
PA,2023,white,hisp,f,0-4,0.002019,synthetic_seed
PA,2023,white,hisp,f,5-9,0.000404,synthetic_seed
PA,2023,white,hisp,f,10-14,0.000404,synthetic_seed
PA,2023,white,hisp,f,15-19,0.002019,synthetic_seed
PA,2023,white,hisp,f,20-24,0.00323,synthetic_seed
PA,2023,white,hisp,f,25-29,0.004037,synthetic_seed
PA,2023,white,hisp,f,30-34,0.005249,synthetic_seed
PA,2023,white,hisp,f,35-39,0.007267,synthetic_seed
PA,2023,white,hisp,f,40-44,0.010013,synthetic_seed
PA,2023,white,hisp,f,45-49,0.014858,synthetic_seed
PA,2023,white,hisp,f,50-54,0.021964,synthetic_seed
PA,2023,white,hisp,f,55-59,0.031815,synthetic_seed
PA,2023,white,hisp,f,60-64,0.047319,synthetic_seed
PA,2023,white,hisp,f,65-69,0.070091,synthetic_seed
PA,2023,white,hisp,f,70-74,0.106913,synthetic_seed
PA,2023,white,hisp,f,75-79,0.166183,synthetic_seed
PA,2023,white,hisp,f,80-84,0.260499,synthetic_seed
PA,2023,white,hisp,f,85+,0.449212,synthetic_seed
PA,2023,black,non-hisp,m,0-4,0.003135,synthetic_seed
PA,2023,black,non-hisp,m,5-9,0.000627,synthetic_seed
PA,2023,black,non-hisp,m,10-14,0.000627,synthetic_seed
PA,2023,black,non-hisp,m,15-19,0.003135,synthetic_seed
PA,2023,black,non-hisp,m,20-24,0.005016,synthetic_seed
PA,2023,black,non-hisp,m,25-29,0.00627,synthetic_seed
PA,2023,black,non-hisp,m,30-34,0.008151,synthetic_seed
PA,2023,black,non-hisp,m,35-39,0.011286,synthetic_seed
PA,2023,black,non-hisp,m,40-44,0.01555,synthetic_seed
PA,2023,black,non-hisp,m,45-49,0.023074,synthetic_seed
PA,2023,black,non-hisp,m,50-54,0.034109,synthetic_seed
PA,2023,black,non-hisp,m,55-59,0.049408,synthetic_seed
PA,2023,black,non-hisp,m,60-64,0.073484,synthetic_seed
PA,2023,black,non-hisp,m,65-69,0.108847,synthetic_seed
PA,2023,black,non-hisp,m,70-74,0.16603,synthetic_seed
PA,2023,black,non-hisp,m,75-79,0.258073,synthetic_seed
PA,2023,black,non-hisp,m,80-84,0.40454,synthetic_seed
PA,2023,black,non-hisp,m,85+,0.6976,synthetic_seed
PA,2023,black,non-hisp,f,0-4,0.002221,synthetic_seed
PA,2023,black,non-hisp,f,5-9,0.000444,synthetic_seed
PA,2023,black,non-hisp,f,10-14,0.000444,synthetic_seed
PA,2023,black,non-hisp,f,15-19,0.002221,synthetic_seed
PA,2023,black,non-hisp,f,20-24,0.003553,synthetic_seed
PA,2023,black,non-hisp,f,25-29,0.004441,synthetic_seed
PA,2023,black,non-hisp,f,30-34,0.005774,synthetic_seed
PA,2023,black,non-hisp,f,35-39,0.007994,synthetic_seed
PA,2023,black,non-hisp,f,40-44,0.011014,synthetic_seed
PA,2023,black,non-hisp,f,45-49,0.016344,synthetic_seed
PA,2023,black,non-hisp,f,50-54,0.02416,synthetic_seed
PA,2023,black,non-hisp,f,55-59,0.034997,synthetic_seed
PA,2023,black,non-hisp,f,60-64,0.052051,synthetic_seed
PA,2023,black,non-hisp,f,65-69,0.0771,synthetic_seed
PA,2023,black,non-hisp,f,70-74,0.117604,synthetic_seed
PA,2023,black,non-hisp,f,75-79,0.182802,synthetic_seed
PA,2023,black,non-hisp,f,80-84,0.286549,synthetic_seed
PA,2023,black,non-hisp,f,85+,0.494133,synthetic_seed
PA,2023,black,hisp,m,0-4,0.003135,synthetic_seed
PA,2023,black,hisp,m,5-9,0.000627,synthetic_seed
PA,2023,black,hisp,m,10-14,0.000627,synthetic_seed
PA,2023,black,hisp,m,15-19,0.003135,synthetic_seed
PA,2023,black,hisp,m,20-24,0.005016,synthetic_seed
PA,2023,black,hisp,m,25-29,0.00627,synthetic_seed
PA,2023,black,hisp,m,30-34,0.008151,synthetic_seed
PA,2023,black,hisp,m,35-39,0.011286,synthetic_seed
PA,2023,black,hisp,m,40-44,0.01555,synthetic_seed
PA,2023,black,hisp,m,45-49,0.023074,synthetic_seed
PA,2023,black,hisp,m,50-54,0.034109,synthetic_seed
PA,2023,black,hisp,m,55-59,0.049408,synthetic_seed
PA,2023,black,hisp,m,60-64,0.073484,synthetic_seed
PA,2023,black,hisp,m,65-69,0.108847,synthetic_seed
PA,2023,black,hisp,m,70-74,0.16603,synthetic_seed
PA,2023,black,hisp,m,75-79,0.258073,synthetic_seed
PA,2023,black,hisp,m,80-84,0.40454,synthetic_seed
PA,2023,black,hisp,m,85+,0.6976,synthetic_seed
PA,2023,black,hisp,f,0-4,0.002221,synthetic_seed
PA,2023,black,hisp,f,5-9,0.000444,synthetic_seed
PA,2023,black,hisp,f,10-14,0.000444,synthetic_seed
PA,2023,black,hisp,f,15-19,0.002221,synthetic_seed
PA,2023,black,hisp,f,20-24,0.003553,synthetic_seed
PA,2023,black,hisp,f,25-29,0.004441,synthetic_seed
PA,2023,black,hisp,f,30-34,0.005774,synthetic_seed
PA,2023,black,hisp,f,35-39,0.007994,synthetic_seed
PA,2023,black,hisp,f,40-44,0.011014,synthetic_seed
PA,2023,black,hisp,f,45-49,0.016344,synthetic_seed
PA,2023,black,hisp,f,50-54,0.02416,synthetic_seed
PA,2023,black,hisp,f,55-59,0.034997,synthetic_seed
PA,2023,black,hisp,f,60-64,0.052051,synthetic_seed
PA,2023,black,hisp,f,65-69,0.0771,synthetic_seed
PA,2023,black,hisp,f,70-74,0.117604,synthetic_seed
PA,2023,black,hisp,f,75-79,0.182802,synthetic_seed
PA,2023,black,hisp,f,80-84,0.286549,synthetic_seed
PA,2023,black,hisp,f,85+,0.494133,synthetic_seed
PA,2023,asian,non-hisp,m,0-4,0.002707,synthetic_seed
PA,2023,asian,non-hisp,m,5-9,0.000541,synthetic_seed
PA,2023,asian,non-hisp,m,10-14,0.000541,synthetic_seed
PA,2023,asian,non-hisp,m,15-19,0.002707,synthetic_seed
PA,2023,asian,non-hisp,m,20-24,0.004332,synthetic_seed
PA,2023,asian,non-hisp,m,25-29,0.005415,synthetic_seed
PA,2023,asian,non-hisp,m,30-34,0.007039,synthetic_seed
PA,2023,asian,non-hisp,m,35-39,0.009747,synthetic_seed
PA,2023,asian,non-hisp,m,40-44,0.013429,synthetic_seed
PA,2023,asian,non-hisp,m,45-49,0.019927,synthetic_seed
PA,2023,asian,non-hisp,m,50-54,0.029458,synthetic_seed
PA,2023,asian,non-hisp,m,55-59,0.04267,synthetic_seed
PA,2023,asian,non-hisp,m,60-64,0.063464,synthetic_seed
PA,2023,asian,non-hisp,m,65-69,0.094004,synthetic_seed
PA,2023,asian,non-hisp,m,70-74,0.143389,synthetic_seed
PA,2023,asian,non-hisp,m,75-79,0.222881,synthetic_seed
PA,2023,asian,non-hisp,m,80-84,0.349376,synthetic_seed
PA,2023,asian,non-hisp,m,85+,0.602473,synthetic_seed
PA,2023,asian,non-hisp,f,0-4,0.001918,synthetic_seed
PA,2023,asian,non-hisp,f,5-9,0.000384,synthetic_seed
PA,2023,asian,non-hisp,f,10-14,0.000384,synthetic_seed
PA,2023,asian,non-hisp,f,15-19,0.001918,synthetic_seed
PA,2023,asian,non-hisp,f,20-24,0.003069,synthetic_seed
PA,2023,asian,non-hisp,f,25-29,0.003836,synthetic_seed
PA,2023,asian,non-hisp,f,30-34,0.004986,synthetic_seed
PA,2023,asian,non-hisp,f,35-39,0.006904,synthetic_seed
PA,2023,asian,non-hisp,f,40-44,0.009512,synthetic_seed
PA,2023,asian,non-hisp,f,45-49,0.014115,synthetic_seed
PA,2023,asian,non-hisp,f,50-54,0.020866,synthetic_seed
PA,2023,asian,non-hisp,f,55-59,0.030225,synthetic_seed
PA,2023,asian,non-hisp,f,60-64,0.044954,synthetic_seed
PA,2023,asian,non-hisp,f,65-69,0.066586,synthetic_seed
PA,2023,asian,non-hisp,f,70-74,0.101567,synthetic_seed
PA,2023,asian,non-hisp,f,75-79,0.157874,synthetic_seed
PA,2023,asian,non-hisp,f,80-84,0.247475,synthetic_seed
PA,2023,asian,non-hisp,f,85+,0.426752,synthetic_seed
PA,2023,asian,hisp,m,0-4,0.002707,synthetic_seed
PA,2023,asian,hisp,m,5-9,0.000541,synthetic_seed
PA,2023,asian,hisp,m,10-14,0.000541,synthetic_seed
PA,2023,asian,hisp,m,15-19,0.002707,synthetic_seed
PA,2023,asian,hisp,m,20-24,0.004332,synthetic_seed
PA,2023,asian,hisp,m,25-29,0.005415,synthetic_seed
PA,2023,asian,hisp,m,30-34,0.007039,synthetic_seed
PA,2023,asian,hisp,m,35-39,0.009747,synthetic_seed
PA,2023,asian,hisp,m,40-44,0.013429,synthetic_seed
PA,2023,asian,hisp,m,45-49,0.019927,synthetic_seed
PA,2023,asian,hisp,m,50-54,0.029458,synthetic_seed
PA,2023,asian,hisp,m,55-59,0.04267,synthetic_seed
PA,2023,asian,hisp,m,60-64,0.063464,synthetic_seed
PA,2023,asian,hisp,m,65-69,0.094004,synthetic_seed
PA,2023,asian,hisp,m,70-74,0.143389,synthetic_seed
PA,2023,asian,hisp,m,75-79,0.222881,synthetic_seed
PA,2023,asian,hisp,m,80-84,0.349376,synthetic_seed
PA,2023,asian,hisp,m,85+,0.602473,synthetic_seed
PA,2023,asian,hisp,f,0-4,0.001918,synthetic_seed
PA,2023,asian,hisp,f,5-9,0.000384,synthetic_seed
PA,2023,asian,hisp,f,10-14,0.000384,synthetic_seed
PA,2023,asian,hisp,f,15-19,0.001918,synthetic_seed
PA,2023,asian,hisp,f,20-24,0.003069,synthetic_seed
PA,2023,asian,hisp,f,25-29,0.003836,synthetic_seed
PA,2023,asian,hisp,f,30-34,0.004986,synthetic_seed
PA,2023,asian,hisp,f,35-39,0.006904,synthetic_seed
PA,2023,asian,hisp,f,40-44,0.009512,synthetic_seed
PA,2023,asian,hisp,f,45-49,0.014115,synthetic_seed
PA,2023,asian,hisp,f,50-54,0.020866,synthetic_seed
PA,2023,asian,hisp,f,55-59,0.030225,synthetic_seed
PA,2023,asian,hisp,f,60-64,0.044954,synthetic_seed
PA,2023,asian,hisp,f,65-69,0.066586,synthetic_seed
PA,2023,asian,hisp,f,70-74,0.101567,synthetic_seed
PA,2023,asian,hisp,f,75-79,0.157874,synthetic_seed
PA,2023,asian,hisp,f,80-84,0.247475,synthetic_seed
PA,2023,asian,hisp,f,85+,0.426752,synthetic_seed
PA,2023,other,non-hisp,m,0-4,0.00285,synthetic_seed
PA,2023,other,non-hisp,m,5-9,0.00057,synthetic_seed
PA,2023,other,non-hisp,m,10-14,0.00057,synthetic_seed
PA,2023,other,non-hisp,m,15-19,0.00285,synthetic_seed
PA,2023,other,non-hisp,m,20-24,0.00456,synthetic_seed
PA,2023,other,non-hisp,m,25-29,0.0057,synthetic_seed
PA,2023,other,non-hisp,m,30-34,0.00741,synthetic_seed
PA,2023,other,non-hisp,m,35-39,0.01026,synthetic_seed
PA,2023,other,non-hisp,m,40-44,0.014136,synthetic_seed
PA,2023,other,non-hisp,m,45-49,0.020976,synthetic_seed
PA,2023,other,non-hisp,m,50-54,0.031008,synthetic_seed
PA,2023,other,non-hisp,m,55-59,0.044916,synthetic_seed
PA,2023,other,non-hisp,m,60-64,0.066804,synthetic_seed
PA,2023,other,non-hisp,m,65-69,0.098952,synthetic_seed
PA,2023,other,non-hisp,m,70-74,0.150936,synthetic_seed
PA,2023,other,non-hisp,m,75-79,0.234612,synthetic_seed
PA,2023,other,non-hisp,m,80-84,0.367764,synthetic_seed
PA,2023,other,non-hisp,m,85+,0.634182,synthetic_seed
PA,2023,other,non-hisp,f,0-4,0.002019,synthetic_seed
PA,2023,other,non-hisp,f,5-9,0.000404,synthetic_seed
PA,2023,other,non-hisp,f,10-14,0.000404,synthetic_seed
PA,2023,other,non-hisp,f,15-19,0.002019,synthetic_seed
PA,2023,other,non-hisp,f,20-24,0.00323,synthetic_seed
PA,2023,other,non-hisp,f,25-29,0.004037,synthetic_seed
PA,2023,other,non-hisp,f,30-34,0.005249,synthetic_seed
PA,2023,other,non-hisp,f,35-39,0.007267,synthetic_seed
PA,2023,other,non-hisp,f,40-44,0.010013,synthetic_seed
PA,2023,other,non-hisp,f,45-49,0.014858,synthetic_seed
PA,2023,other,non-hisp,f,50-54,0.021964,synthetic_seed
PA,2023,other,non-hisp,f,55-59,0.031815,synthetic_seed
PA,2023,other,non-hisp,f,60-64,0.047319,synthetic_seed
PA,2023,other,non-hisp,f,65-69,0.070091,synthetic_seed
PA,2023,other,non-hisp,f,70-74,0.106913,synthetic_seed
PA,2023,other,non-hisp,f,75-79,0.166183,synthetic_seed
PA,2023,other,non-hisp,f,80-84,0.260499,synthetic_seed
PA,2023,other,non-hisp,f,85+,0.449212,synthetic_seed
PA,2023,other,hisp,m,0-4,0.00285,synthetic_seed
PA,2023,other,hisp,m,5-9,0.00057,synthetic_seed
PA,2023,other,hisp,m,10-14,0.00057,synthetic_seed
PA,2023,other,hisp,m,15-19,0.00285,synthetic_seed
PA,2023,other,hisp,m,20-24,0.00456,synthetic_seed
PA,2023,other,hisp,m,25-29,0.0057,synthetic_seed
PA,2023,other,hisp,m,30-34,0.00741,synthetic_seed
PA,2023,other,hisp,m,35-39,0.01026,synthetic_seed
PA,2023,other,hisp,m,40-44,0.014136,synthetic_seed
PA,2023,other,hisp,m,45-49,0.020976,synthetic_seed
PA,2023,other,hisp,m,50-54,0.031008,synthetic_seed
PA,2023,other,hisp,m,55-59,0.044916,synthetic_seed
PA,2023,other,hisp,m,60-64,0.066804,synthetic_seed
PA,2023,other,hisp,m,65-69,0.098952,synthetic_seed
PA,2023,other,hisp,m,70-74,0.150936,synthetic_seed
PA,2023,other,hisp,m,75-79,0.234612,synthetic_seed
PA,2023,other,hisp,m,80-84,0.367764,synthetic_seed
PA,2023,other,hisp,m,85+,0.634182,synthetic_seed
PA,2023,other,hisp,f,0-4,0.002019,synthetic_seed
PA,2023,other,hisp,f,5-9,0.000404,synthetic_seed
PA,2023,other,hisp,f,10-14,0.000404,synthetic_seed
PA,2023,other,hisp,f,15-19,0.002019,synthetic_seed
PA,2023,other,hisp,f,20-24,0.00323,synthetic_seed
PA,2023,other,hisp,f,25-29,0.004037,synthetic_seed
PA,2023,other,hisp,f,30-34,0.005249,synthetic_seed
PA,2023,other,hisp,f,35-39,0.007267,synthetic_seed
PA,2023,other,hisp,f,40-44,0.010013,synthetic_seed
PA,2023,other,hisp,f,45-49,0.014858,synthetic_seed
PA,2023,other,hisp,f,50-54,0.021964,synthetic_seed
PA,2023,other,hisp,f,55-59,0.031815,synthetic_seed
PA,2023,other,hisp,f,60-64,0.047319,synthetic_seed
PA,2023,other,hisp,f,65-69,0.070091,synthetic_seed
PA,2023,other,hisp,f,70-74,0.106913,synthetic_seed
PA,2023,other,hisp,f,75-79,0.166183,synthetic_seed
PA,2023,other,hisp,f,80-84,0.260499,synthetic_seed
PA,2023,other,hisp,f,85+,0.449212,synthetic_seed
RI,2023,white,non-hisp,m,0-4,0.00285,synthetic_seed
RI,2023,white,non-hisp,m,5-9,0.00057,synthetic_seed
RI,2023,white,non-hisp,m,10-14,0.00057,synthetic_seed
RI,2023,white,non-hisp,m,15-19,0.00285,synthetic_seed
RI,2023,white,non-hisp,m,20-24,0.00456,synthetic_seed
RI,2023,white,non-hisp,m,25-29,0.0057,synthetic_seed
RI,2023,white,non-hisp,m,30-34,0.00741,synthetic_seed
RI,2023,white,non-hisp,m,35-39,0.01026,synthetic_seed
RI,2023,white,non-hisp,m,40-44,0.014136,synthetic_seed
RI,2023,white,non-hisp,m,45-49,0.020976,synthetic_seed
RI,2023,white,non-hisp,m,50-54,0.031008,synthetic_seed
RI,2023,white,non-hisp,m,55-59,0.044916,synthetic_seed
RI,2023,white,non-hisp,m,60-64,0.066804,synthetic_seed
RI,2023,white,non-hisp,m,65-69,0.098952,synthetic_seed
RI,2023,white,non-hisp,m,70-74,0.150936,synthetic_seed
RI,2023,white,non-hisp,m,75-79,0.234612,synthetic_seed
RI,2023,white,non-hisp,m,80-84,0.367764,synthetic_seed
RI,2023,white,non-hisp,m,85+,0.634182,synthetic_seed
RI,2023,white,non-hisp,f,0-4,0.002019,synthetic_seed
RI,2023,white,non-hisp,f,5-9,0.000404,synthetic_seed
RI,2023,white,non-hisp,f,10-14,0.000404,synthetic_seed
RI,2023,white,non-hisp,f,15-19,0.002019,synthetic_seed
RI,2023,white,non-hisp,f,20-24,0.00323,synthetic_seed
RI,2023,white,non-hisp,f,25-29,0.004037,synthetic_seed
RI,2023,white,non-hisp,f,30-34,0.005249,synthetic_seed
RI,2023,white,non-hisp,f,35-39,0.007267,synthetic_seed
RI,2023,white,non-hisp,f,40-44,0.010013,synthetic_seed
RI,2023,white,non-hisp,f,45-49,0.014858,synthetic_seed
RI,2023,white,non-hisp,f,50-54,0.021964,synthetic_seed
RI,2023,white,non-hisp,f,55-59,0.031815,synthetic_seed
RI,2023,white,non-hisp,f,60-64,0.047319,synthetic_seed
RI,2023,white,non-hisp,f,65-69,0.070091,synthetic_seed
RI,2023,white,non-hisp,f,70-74,0.106913,synthetic_seed
RI,2023,white,non-hisp,f,75-79,0.166183,synthetic_seed
RI,2023,white,non-hisp,f,80-84,0.260499,synthetic_seed
RI,2023,white,non-hisp,f,85+,0.449212,synthetic_seed
RI,2023,white,hisp,m,0-4,0.00285,synthetic_seed
RI,2023,white,hisp,m,5-9,0.00057,synthetic_seed
RI,2023,white,hisp,m,10-14,0.00057,synthetic_seed
RI,2023,white,hisp,m,15-19,0.00285,synthetic_seed
RI,2023,white,hisp,m,20-24,0.00456,synthetic_seed
RI,2023,white,hisp,m,25-29,0.0057,synthetic_seed
RI,2023,white,hisp,m,30-34,0.00741,synthetic_seed
RI,2023,white,hisp,m,35-39,0.01026,synthetic_seed
RI,2023,white,hisp,m,40-44,0.014136,synthetic_seed
RI,2023,white,hisp,m,45-49,0.020976,synthetic_seed
RI,2023,white,hisp,m,50-54,0.031008,synthetic_seed
RI,2023,white,hisp,m,55-59,0.044916,synthetic_seed
RI,2023,white,hisp,m,60-64,0.066804,synthetic_seed
RI,2023,white,hisp,m,65-69,0.098952,synthetic_seed
RI,2023,white,hisp,m,70-74,0.150936,synthetic_seed
RI,2023,white,hisp,m,75-79,0.234612,synthetic_seed
RI,2023,white,hisp,m,80-84,0.367764,synthetic_seed
RI,2023,white,hisp,m,85+,0.634182,synthetic_seed
RI,2023,white,hisp,f,0-4,0.002019,synthetic_seed
RI,2023,white,hisp,f,5-9,0.000404,synthetic_seed
RI,2023,white,hisp,f,10-14,0.000404,synthetic_seed
RI,2023,white,hisp,f,15-19,0.002019,synthetic_seed
RI,2023,white,hisp,f,20-24,0.00323,synthetic_seed
RI,2023,white,hisp,f,25-29,0.004037,synthetic_seed
RI,2023,white,hisp,f,30-34,0.005249,synthetic_seed
RI,2023,white,hisp,f,35-39,0.007267,synthetic_seed
RI,2023,white,hisp,f,40-44,0.010013,synthetic_seed
RI,2023,white,hisp,f,45-49,0.014858,synthetic_seed
RI,2023,white,hisp,f,50-54,0.021964,synthetic_seed
RI,2023,white,hisp,f,55-59,0.031815,synthetic_seed
RI,2023,white,hisp,f,60-64,0.047319,synthetic_seed
RI,2023,white,hisp,f,65-69,0.070091,synthetic_seed
RI,2023,white,hisp,f,70-74,0.106913,synthetic_seed
RI,2023,white,hisp,f,75-79,0.166183,synthetic_seed
RI,2023,white,hisp,f,80-84,0.260499,synthetic_seed
RI,2023,white,hisp,f,85+,0.449212,synthetic_seed
RI,2023,black,non-hisp,m,0-4,0.003135,synthetic_seed
RI,2023,black,non-hisp,m,5-9,0.000627,synthetic_seed
RI,2023,black,non-hisp,m,10-14,0.000627,synthetic_seed
RI,2023,black,non-hisp,m,15-19,0.003135,synthetic_seed
RI,2023,black,non-hisp,m,20-24,0.005016,synthetic_seed
RI,2023,black,non-hisp,m,25-29,0.00627,synthetic_seed
RI,2023,black,non-hisp,m,30-34,0.008151,synthetic_seed
RI,2023,black,non-hisp,m,35-39,0.011286,synthetic_seed
RI,2023,black,non-hisp,m,40-44,0.01555,synthetic_seed
RI,2023,black,non-hisp,m,45-49,0.023074,synthetic_seed
RI,2023,black,non-hisp,m,50-54,0.034109,synthetic_seed
RI,2023,black,non-hisp,m,55-59,0.049408,synthetic_seed
RI,2023,black,non-hisp,m,60-64,0.073484,synthetic_seed
RI,2023,black,non-hisp,m,65-69,0.108847,synthetic_seed
RI,2023,black,non-hisp,m,70-74,0.16603,synthetic_seed
RI,2023,black,non-hisp,m,75-79,0.258073,synthetic_seed
RI,2023,black,non-hisp,m,80-84,0.40454,synthetic_seed
RI,2023,black,non-hisp,m,85+,0.6976,synthetic_seed
RI,2023,black,non-hisp,f,0-4,0.002221,synthetic_seed
RI,2023,black,non-hisp,f,5-9,0.000444,synthetic_seed
RI,2023,black,non-hisp,f,10-14,0.000444,synthetic_seed
RI,2023,black,non-hisp,f,15-19,0.002221,synthetic_seed
RI,2023,black,non-hisp,f,20-24,0.003553,synthetic_seed
RI,2023,black,non-hisp,f,25-29,0.004441,synthetic_seed
RI,2023,black,non-hisp,f,30-34,0.005774,synthetic_seed
RI,2023,black,non-hisp,f,35-39,0.007994,synthetic_seed
RI,2023,black,non-hisp,f,40-44,0.011014,synthetic_seed
RI,2023,black,non-hisp,f,45-49,0.016344,synthetic_seed
RI,2023,black,non-hisp,f,50-54,0.02416,synthetic_seed
RI,2023,black,non-hisp,f,55-59,0.034997,synthetic_seed
RI,2023,black,non-hisp,f,60-64,0.052051,synthetic_seed
RI,2023,black,non-hisp,f,65-69,0.0771,synthetic_seed
RI,2023,black,non-hisp,f,70-74,0.117604,synthetic_seed
RI,2023,black,non-hisp,f,75-79,0.182802,synthetic_seed
RI,2023,black,non-hisp,f,80-84,0.286549,synthetic_seed
RI,2023,black,non-hisp,f,85+,0.494133,synthetic_seed
RI,2023,black,hisp,m,0-4,0.003135,synthetic_seed
RI,2023,black,hisp,m,5-9,0.000627,synthetic_seed
RI,2023,black,hisp,m,10-14,0.000627,synthetic_seed
RI,2023,black,hisp,m,15-19,0.003135,synthetic_seed
RI,2023,black,hisp,m,20-24,0.005016,synthetic_seed
RI,2023,black,hisp,m,25-29,0.00627,synthetic_seed
RI,2023,black,hisp,m,30-34,0.008151,synthetic_seed
RI,2023,black,hisp,m,35-39,0.011286,synthetic_seed
RI,2023,black,hisp,m,40-44,0.01555,synthetic_seed
RI,2023,black,hisp,m,45-49,0.023074,synthetic_seed
RI,2023,black,hisp,m,50-54,0.034109,synthetic_seed
RI,2023,black,hisp,m,55-59,0.049408,synthetic_seed
RI,2023,black,hisp,m,60-64,0.073484,synthetic_seed
RI,2023,black,hisp,m,65-69,0.108847,synthetic_seed
RI,2023,black,hisp,m,70-74,0.16603,synthetic_seed
RI,2023,black,hisp,m,75-79,0.258073,synthetic_seed
RI,2023,black,hisp,m,80-84,0.40454,synthetic_seed
RI,2023,black,hisp,m,85+,0.6976,synthetic_seed
RI,2023,black,hisp,f,0-4,0.002221,synthetic_seed
RI,2023,black,hisp,f,5-9,0.000444,synthetic_seed
RI,2023,black,hisp,f,10-14,0.000444,synthetic_seed
RI,2023,black,hisp,f,15-19,0.002221,synthetic_seed
RI,2023,black,hisp,f,20-24,0.003553,synthetic_seed
RI,2023,black,hisp,f,25-29,0.004441,synthetic_seed
RI,2023,black,hisp,f,30-34,0.005774,synthetic_seed
RI,2023,black,hisp,f,35-39,0.007994,synthetic_seed
RI,2023,black,hisp,f,40-44,0.011014,synthetic_seed
RI,2023,black,hisp,f,45-49,0.016344,synthetic_seed
RI,2023,black,hisp,f,50-54,0.02416,synthetic_seed
RI,2023,black,hisp,f,55-59,0.034997,synthetic_seed
RI,2023,black,hisp,f,60-64,0.052051,synthetic_seed
RI,2023,black,hisp,f,65-69,0.0771,synthetic_seed
RI,2023,black,hisp,f,70-74,0.117604,synthetic_seed
RI,2023,black,hisp,f,75-79,0.182802,synthetic_seed
RI,2023,black,hisp,f,80-84,0.286549,synthetic_seed
RI,2023,black,hisp,f,85+,0.494133,synthetic_seed
RI,2023,asian,non-hisp,m,0-4,0.002707,synthetic_seed
RI,2023,asian,non-hisp,m,5-9,0.000541,synthetic_seed
RI,2023,asian,non-hisp,m,10-14,0.000541,synthetic_seed
RI,2023,asian,non-hisp,m,15-19,0.002707,synthetic_seed
RI,2023,asian,non-hisp,m,20-24,0.004332,synthetic_seed
RI,2023,asian,non-hisp,m,25-29,0.005415,synthetic_seed
RI,2023,asian,non-hisp,m,30-34,0.007039,synthetic_seed
RI,2023,asian,non-hisp,m,35-39,0.009747,synthetic_seed
RI,2023,asian,non-hisp,m,40-44,0.013429,synthetic_seed
RI,2023,asian,non-hisp,m,45-49,0.019927,synthetic_seed
RI,2023,asian,non-hisp,m,50-54,0.029458,synthetic_seed
RI,2023,asian,non-hisp,m,55-59,0.04267,synthetic_seed
RI,2023,asian,non-hisp,m,60-64,0.063464,synthetic_seed
RI,2023,asian,non-hisp,m,65-69,0.094004,synthetic_seed
RI,2023,asian,non-hisp,m,70-74,0.143389,synthetic_seed
RI,2023,asian,non-hisp,m,75-79,0.222881,synthetic_seed
RI,2023,asian,non-hisp,m,80-84,0.349376,synthetic_seed
RI,2023,asian,non-hisp,m,85+,0.602473,synthetic_seed
RI,2023,asian,non-hisp,f,0-4,0.001918,synthetic_seed
RI,2023,asian,non-hisp,f,5-9,0.000384,synthetic_seed
RI,2023,asian,non-hisp,f,10-14,0.000384,synthetic_seed
RI,2023,asian,non-hisp,f,15-19,0.001918,synthetic_seed
RI,2023,asian,non-hisp,f,20-24,0.003069,synthetic_seed
RI,2023,asian,non-hisp,f,25-29,0.003836,synthetic_seed
RI,2023,asian,non-hisp,f,30-34,0.004986,synthetic_seed
RI,2023,asian,non-hisp,f,35-39,0.006904,synthetic_seed
RI,2023,asian,non-hisp,f,40-44,0.009512,synthetic_seed
RI,2023,asian,non-hisp,f,45-49,0.014115,synthetic_seed
RI,2023,asian,non-hisp,f,50-54,0.020866,synthetic_seed
RI,2023,asian,non-hisp,f,55-59,0.030225,synthetic_seed
RI,2023,asian,non-hisp,f,60-64,0.044954,synthetic_seed
RI,2023,asian,non-hisp,f,65-69,0.066586,synthetic_seed
RI,2023,asian,non-hisp,f,70-74,0.101567,synthetic_seed
RI,2023,asian,non-hisp,f,75-79,0.157874,synthetic_seed
RI,2023,asian,non-hisp,f,80-84,0.247475,synthetic_seed
RI,2023,asian,non-hisp,f,85+,0.426752,synthetic_seed
RI,2023,asian,hisp,m,0-4,0.002707,synthetic_seed
RI,2023,asian,hisp,m,5-9,0.000541,synthetic_seed
RI,2023,asian,hisp,m,10-14,0.000541,synthetic_seed
RI,2023,asian,hisp,m,15-19,0.002707,synthetic_seed
RI,2023,asian,hisp,m,20-24,0.004332,synthetic_seed
RI,2023,asian,hisp,m,25-29,0.005415,synthetic_seed
RI,2023,asian,hisp,m,30-34,0.007039,synthetic_seed
RI,2023,asian,hisp,m,35-39,0.009747,synthetic_seed
RI,2023,asian,hisp,m,40-44,0.013429,synthetic_seed
RI,2023,asian,hisp,m,45-49,0.019927,synthetic_seed
RI,2023,asian,hisp,m,50-54,0.029458,synthetic_seed
RI,2023,asian,hisp,m,55-59,0.04267,synthetic_seed
RI,2023,asian,hisp,m,60-64,0.063464,synthetic_seed
RI,2023,asian,hisp,m,65-69,0.094004,synthetic_seed
RI,2023,asian,hisp,m,70-74,0.143389,synthetic_seed
RI,2023,asian,hisp,m,75-79,0.222881,synthetic_seed
RI,2023,asian,hisp,m,80-84,0.349376,synthetic_seed
RI,2023,asian,hisp,m,85+,0.602473,synthetic_seed
RI,2023,asian,hisp,f,0-4,0.001918,synthetic_seed
RI,2023,asian,hisp,f,5-9,0.000384,synthetic_seed
RI,2023,asian,hisp,f,10-14,0.000384,synthetic_seed
RI,2023,asian,hisp,f,15-19,0.001918,synthetic_seed
RI,2023,asian,hisp,f,20-24,0.003069,synthetic_seed
RI,2023,asian,hisp,f,25-29,0.003836,synthetic_seed
RI,2023,asian,hisp,f,30-34,0.004986,synthetic_seed
RI,2023,asian,hisp,f,35-39,0.006904,synthetic_seed
RI,2023,asian,hisp,f,40-44,0.009512,synthetic_seed
RI,2023,asian,hisp,f,45-49,0.014115,synthetic_seed
RI,2023,asian,hisp,f,50-54,0.020866,synthetic_seed
RI,2023,asian,hisp,f,55-59,0.030225,synthetic_seed
RI,2023,asian,hisp,f,60-64,0.044954,synthetic_seed
RI,2023,asian,hisp,f,65-69,0.066586,synthetic_seed
RI,2023,asian,hisp,f,70-74,0.101567,synthetic_seed
RI,2023,asian,hisp,f,75-79,0.157874,synthetic_seed
RI,2023,asian,hisp,f,80-84,0.247475,synthetic_seed
RI,2023,asian,hisp,f,85+,0.426752,synthetic_seed
RI,2023,other,non-hisp,m,0-4,0.00285,synthetic_seed
RI,2023,other,non-hisp,m,5-9,0.00057,synthetic_seed
RI,2023,other,non-hisp,m,10-14,0.00057,synthetic_seed
RI,2023,other,non-hisp,m,15-19,0.00285,synthetic_seed
RI,2023,other,non-hisp,m,20-24,0.00456,synthetic_seed
RI,2023,other,non-hisp,m,25-29,0.0057,synthetic_seed
RI,2023,other,non-hisp,m,30-34,0.00741,synthetic_seed
RI,2023,other,non-hisp,m,35-39,0.01026,synthetic_seed
RI,2023,other,non-hisp,m,40-44,0.014136,synthetic_seed
RI,2023,other,non-hisp,m,45-49,0.020976,synthetic_seed
RI,2023,other,non-hisp,m,50-54,0.031008,synthetic_seed
RI,2023,other,non-hisp,m,55-59,0.044916,synthetic_seed
RI,2023,other,non-hisp,m,60-64,0.066804,synthetic_seed
RI,2023,other,non-hisp,m,65-69,0.098952,synthetic_seed
RI,2023,other,non-hisp,m,70-74,0.150936,synthetic_seed
RI,2023,other,non-hisp,m,75-79,0.234612,synthetic_seed
RI,2023,other,non-hisp,m,80-84,0.367764,synthetic_seed
RI,2023,other,non-hisp,m,85+,0.634182,synthetic_seed
RI,2023,other,non-hisp,f,0-4,0.002019,synthetic_seed
RI,2023,other,non-hisp,f,5-9,0.000404,synthetic_seed
RI,2023,other,non-hisp,f,10-14,0.000404,synthetic_seed
RI,2023,other,non-hisp,f,15-19,0.002019,synthetic_seed
RI,2023,other,non-hisp,f,20-24,0.00323,synthetic_seed
RI,2023,other,non-hisp,f,25-29,0.004037,synthetic_seed
RI,2023,other,non-hisp,f,30-34,0.005249,synthetic_seed
RI,2023,other,non-hisp,f,35-39,0.007267,synthetic_seed
RI,2023,other,non-hisp,f,40-44,0.010013,synthetic_seed
RI,2023,other,non-hisp,f,45-49,0.014858,synthetic_seed
RI,2023,other,non-hisp,f,50-54,0.021964,synthetic_seed
RI,2023,other,non-hisp,f,55-59,0.031815,synthetic_seed
RI,2023,other,non-hisp,f,60-64,0.047319,synthetic_seed
RI,2023,other,non-hisp,f,65-69,0.070091,synthetic_seed
RI,2023,other,non-hisp,f,70-74,0.106913,synthetic_seed
RI,2023,other,non-hisp,f,75-79,0.166183,synthetic_seed
RI,2023,other,non-hisp,f,80-84,0.260499,synthetic_seed
RI,2023,other,non-hisp,f,85+,0.449212,synthetic_seed
RI,2023,other,hisp,m,0-4,0.00285,synthetic_seed
RI,2023,other,hisp,m,5-9,0.00057,synthetic_seed
RI,2023,other,hisp,m,10-14,0.00057,synthetic_seed
RI,2023,other,hisp,m,15-19,0.00285,synthetic_seed
RI,2023,other,hisp,m,20-24,0.00456,synthetic_seed
RI,2023,other,hisp,m,25-29,0.0057,synthetic_seed
RI,2023,other,hisp,m,30-34,0.00741,synthetic_seed
RI,2023,other,hisp,m,35-39,0.01026,synthetic_seed
RI,2023,other,hisp,m,40-44,0.014136,synthetic_seed
RI,2023,other,hisp,m,45-49,0.020976,synthetic_seed
RI,2023,other,hisp,m,50-54,0.031008,synthetic_seed
RI,2023,other,hisp,m,55-59,0.044916,synthetic_seed
RI,2023,other,hisp,m,60-64,0.066804,synthetic_seed
RI,2023,other,hisp,m,65-69,0.098952,synthetic_seed
RI,2023,other,hisp,m,70-74,0.150936,synthetic_seed
RI,2023,other,hisp,m,75-79,0.234612,synthetic_seed
RI,2023,other,hisp,m,80-84,0.367764,synthetic_seed
RI,2023,other,hisp,m,85+,0.634182,synthetic_seed
RI,2023,other,hisp,f,0-4,0.002019,synthetic_seed
RI,2023,other,hisp,f,5-9,0.000404,synthetic_seed
RI,2023,other,hisp,f,10-14,0.000404,synthetic_seed
RI,2023,other,hisp,f,15-19,0.002019,synthetic_seed
RI,2023,other,hisp,f,20-24,0.00323,synthetic_seed
RI,2023,other,hisp,f,25-29,0.004037,synthetic_seed
RI,2023,other,hisp,f,30-34,0.005249,synthetic_seed
RI,2023,other,hisp,f,35-39,0.007267,synthetic_seed
RI,2023,other,hisp,f,40-44,0.010013,synthetic_seed
RI,2023,other,hisp,f,45-49,0.014858,synthetic_seed
RI,2023,other,hisp,f,50-54,0.021964,synthetic_seed
RI,2023,other,hisp,f,55-59,0.031815,synthetic_seed
RI,2023,other,hisp,f,60-64,0.047319,synthetic_seed
RI,2023,other,hisp,f,65-69,0.070091,synthetic_seed
RI,2023,other,hisp,f,70-74,0.106913,synthetic_seed
RI,2023,other,hisp,f,75-79,0.166183,synthetic_seed
RI,2023,other,hisp,f,80-84,0.260499,synthetic_seed
RI,2023,other,hisp,f,85+,0.449212,synthetic_seed
SC,2023,white,non-hisp,m,0-4,0.00324,synthetic_seed
SC,2023,white,non-hisp,m,5-9,0.000648,synthetic_seed
SC,2023,white,non-hisp,m,10-14,0.000648,synthetic_seed
SC,2023,white,non-hisp,m,15-19,0.00324,synthetic_seed
SC,2023,white,non-hisp,m,20-24,0.005184,synthetic_seed
SC,2023,white,non-hisp,m,25-29,0.00648,synthetic_seed
SC,2023,white,non-hisp,m,30-34,0.008424,synthetic_seed
SC,2023,white,non-hisp,m,35-39,0.011664,synthetic_seed
SC,2023,white,non-hisp,m,40-44,0.01607,synthetic_seed
SC,2023,white,non-hisp,m,45-49,0.023846,synthetic_seed
SC,2023,white,non-hisp,m,50-54,0.035251,synthetic_seed
SC,2023,white,non-hisp,m,55-59,0.051062,synthetic_seed
SC,2023,white,non-hisp,m,60-64,0.075946,synthetic_seed
SC,2023,white,non-hisp,m,65-69,0.112493,synthetic_seed
SC,2023,white,non-hisp,m,70-74,0.17159,synthetic_seed
SC,2023,white,non-hisp,m,75-79,0.266717,synthetic_seed
SC,2023,white,non-hisp,m,80-84,0.41809,synthetic_seed
SC,2023,white,non-hisp,m,85+,0.720965,synthetic_seed
SC,2023,white,non-hisp,f,0-4,0.002295,synthetic_seed
SC,2023,white,non-hisp,f,5-9,0.000459,synthetic_seed
SC,2023,white,non-hisp,f,10-14,0.000459,synthetic_seed
SC,2023,white,non-hisp,f,15-19,0.002295,synthetic_seed
SC,2023,white,non-hisp,f,20-24,0.003672,synthetic_seed
SC,2023,white,non-hisp,f,25-29,0.00459,synthetic_seed
SC,2023,white,non-hisp,f,30-34,0.005967,synthetic_seed
SC,2023,white,non-hisp,f,35-39,0.008262,synthetic_seed
SC,2023,white,non-hisp,f,40-44,0.011383,synthetic_seed
SC,2023,white,non-hisp,f,45-49,0.016891,synthetic_seed
SC,2023,white,non-hisp,f,50-54,0.02497,synthetic_seed
SC,2023,white,non-hisp,f,55-59,0.036169,synthetic_seed
SC,2023,white,non-hisp,f,60-64,0.053795,synthetic_seed
SC,2023,white,non-hisp,f,65-69,0.079682,synthetic_seed
SC,2023,white,non-hisp,f,70-74,0.121543,synthetic_seed
SC,2023,white,non-hisp,f,75-79,0.188924,synthetic_seed
SC,2023,white,non-hisp,f,80-84,0.296147,synthetic_seed
SC,2023,white,non-hisp,f,85+,0.510683,synthetic_seed
SC,2023,white,hisp,m,0-4,0.00324,synthetic_seed
SC,2023,white,hisp,m,5-9,0.000648,synthetic_seed
SC,2023,white,hisp,m,10-14,0.000648,synthetic_seed
SC,2023,white,hisp,m,15-19,0.00324,synthetic_seed
SC,2023,white,hisp,m,20-24,0.005184,synthetic_seed
SC,2023,white,hisp,m,25-29,0.00648,synthetic_seed
SC,2023,white,hisp,m,30-34,0.008424,synthetic_seed
SC,2023,white,hisp,m,35-39,0.011664,synthetic_seed
SC,2023,white,hisp,m,40-44,0.01607,synthetic_seed
SC,2023,white,hisp,m,45-49,0.023846,synthetic_seed
SC,2023,white,hisp,m,50-54,0.035251,synthetic_seed
SC,2023,white,hisp,m,55-59,0.051062,synthetic_seed
SC,2023,white,hisp,m,60-64,0.075946,synthetic_seed
SC,2023,white,hisp,m,65-69,0.112493,synthetic_seed
SC,2023,white,hisp,m,70-74,0.17159,synthetic_seed
SC,2023,white,hisp,m,75-79,0.266717,synthetic_seed
SC,2023,white,hisp,m,80-84,0.41809,synthetic_seed
SC,2023,white,hisp,m,85+,0.720965,synthetic_seed
SC,2023,white,hisp,f,0-4,0.002295,synthetic_seed
SC,2023,white,hisp,f,5-9,0.000459,synthetic_seed
SC,2023,white,hisp,f,10-14,0.000459,synthetic_seed
SC,2023,white,hisp,f,15-19,0.002295,synthetic_seed
SC,2023,white,hisp,f,20-24,0.003672,synthetic_seed
SC,2023,white,hisp,f,25-29,0.00459,synthetic_seed
SC,2023,white,hisp,f,30-34,0.005967,synthetic_seed
SC,2023,white,hisp,f,35-39,0.008262,synthetic_seed
SC,2023,white,hisp,f,40-44,0.011383,synthetic_seed
SC,2023,white,hisp,f,45-49,0.016891,synthetic_seed
SC,2023,white,hisp,f,50-54,0.02497,synthetic_seed
SC,2023,white,hisp,f,55-59,0.036169,synthetic_seed
SC,2023,white,hisp,f,60-64,0.053795,synthetic_seed
SC,2023,white,hisp,f,65-69,0.079682,synthetic_seed
SC,2023,white,hisp,f,70-74,0.121543,synthetic_seed
SC,2023,white,hisp,f,75-79,0.188924,synthetic_seed
SC,2023,white,hisp,f,80-84,0.296147,synthetic_seed
SC,2023,white,hisp,f,85+,0.510683,synthetic_seed
SC,2023,black,non-hisp,m,0-4,0.003564,synthetic_seed
SC,2023,black,non-hisp,m,5-9,0.000713,synthetic_seed
SC,2023,black,non-hisp,m,10-14,0.000713,synthetic_seed
SC,2023,black,non-hisp,m,15-19,0.003564,synthetic_seed
SC,2023,black,non-hisp,m,20-24,0.005702,synthetic_seed
SC,2023,black,non-hisp,m,25-29,0.007128,synthetic_seed
SC,2023,black,non-hisp,m,30-34,0.009266,synthetic_seed
SC,2023,black,non-hisp,m,35-39,0.01283,synthetic_seed
SC,2023,black,non-hisp,m,40-44,0.017677,synthetic_seed
SC,2023,black,non-hisp,m,45-49,0.026231,synthetic_seed
SC,2023,black,non-hisp,m,50-54,0.038776,synthetic_seed
SC,2023,black,non-hisp,m,55-59,0.056169,synthetic_seed
SC,2023,black,non-hisp,m,60-64,0.08354,synthetic_seed
SC,2023,black,non-hisp,m,65-69,0.123742,synthetic_seed
SC,2023,black,non-hisp,m,70-74,0.188749,synthetic_seed
SC,2023,black,non-hisp,m,75-79,0.293388,synthetic_seed
SC,2023,black,non-hisp,m,80-84,0.459899,synthetic_seed
SC,2023,black,non-hisp,m,85+,0.793061,synthetic_seed
SC,2023,black,non-hisp,f,0-4,0.002525,synthetic_seed
SC,2023,black,non-hisp,f,5-9,0.000505,synthetic_seed
SC,2023,black,non-hisp,f,10-14,0.000505,synthetic_seed
SC,2023,black,non-hisp,f,15-19,0.002525,synthetic_seed
SC,2023,black,non-hisp,f,20-24,0.004039,synthetic_seed
SC,2023,black,non-hisp,f,25-29,0.005049,synthetic_seed
SC,2023,black,non-hisp,f,30-34,0.006564,synthetic_seed
SC,2023,black,non-hisp,f,35-39,0.009088,synthetic_seed
SC,2023,black,non-hisp,f,40-44,0.012522,synthetic_seed
SC,2023,black,non-hisp,f,45-49,0.01858,synthetic_seed
SC,2023,black,non-hisp,f,50-54,0.027467,synthetic_seed
SC,2023,black,non-hisp,f,55-59,0.039786,synthetic_seed
SC,2023,black,non-hisp,f,60-64,0.059174,synthetic_seed
SC,2023,black,non-hisp,f,65-69,0.087651,synthetic_seed
SC,2023,black,non-hisp,f,70-74,0.133698,synthetic_seed
SC,2023,black,non-hisp,f,75-79,0.207817,synthetic_seed
SC,2023,black,non-hisp,f,80-84,0.325761,synthetic_seed
SC,2023,black,non-hisp,f,85+,0.561752,synthetic_seed
SC,2023,black,hisp,m,0-4,0.003564,synthetic_seed
SC,2023,black,hisp,m,5-9,0.000713,synthetic_seed
SC,2023,black,hisp,m,10-14,0.000713,synthetic_seed
SC,2023,black,hisp,m,15-19,0.003564,synthetic_seed
SC,2023,black,hisp,m,20-24,0.005702,synthetic_seed
SC,2023,black,hisp,m,25-29,0.007128,synthetic_seed
SC,2023,black,hisp,m,30-34,0.009266,synthetic_seed
SC,2023,black,hisp,m,35-39,0.01283,synthetic_seed
SC,2023,black,hisp,m,40-44,0.017677,synthetic_seed
SC,2023,black,hisp,m,45-49,0.026231,synthetic_seed
SC,2023,black,hisp,m,50-54,0.038776,synthetic_seed
SC,2023,black,hisp,m,55-59,0.056169,synthetic_seed
SC,2023,black,hisp,m,60-64,0.08354,synthetic_seed
SC,2023,black,hisp,m,65-69,0.123742,synthetic_seed
SC,2023,black,hisp,m,70-74,0.188749,synthetic_seed
SC,2023,black,hisp,m,75-79,0.293388,synthetic_seed
SC,2023,black,hisp,m,80-84,0.459899,synthetic_seed
SC,2023,black,hisp,m,85+,0.793061,synthetic_seed
SC,2023,black,hisp,f,0-4,0.002525,synthetic_seed
SC,2023,black,hisp,f,5-9,0.000505,synthetic_seed
SC,2023,black,hisp,f,10-14,0.000505,synthetic_seed
SC,2023,black,hisp,f,15-19,0.002525,synthetic_seed
SC,2023,black,hisp,f,20-24,0.004039,synthetic_seed
SC,2023,black,hisp,f,25-29,0.005049,synthetic_seed
SC,2023,black,hisp,f,30-34,0.006564,synthetic_seed
SC,2023,black,hisp,f,35-39,0.009088,synthetic_seed
SC,2023,black,hisp,f,40-44,0.012522,synthetic_seed
SC,2023,black,hisp,f,45-49,0.01858,synthetic_seed
SC,2023,black,hisp,f,50-54,0.027467,synthetic_seed
SC,2023,black,hisp,f,55-59,0.039786,synthetic_seed
SC,2023,black,hisp,f,60-64,0.059174,synthetic_seed
SC,2023,black,hisp,f,65-69,0.087651,synthetic_seed
SC,2023,black,hisp,f,70-74,0.133698,synthetic_seed
SC,2023,black,hisp,f,75-79,0.207817,synthetic_seed
SC,2023,black,hisp,f,80-84,0.325761,synthetic_seed
SC,2023,black,hisp,f,85+,0.561752,synthetic_seed
SC,2023,asian,non-hisp,m,0-4,0.003078,synthetic_seed
SC,2023,asian,non-hisp,m,5-9,0.000616,synthetic_seed
SC,2023,asian,non-hisp,m,10-14,0.000616,synthetic_seed
SC,2023,asian,non-hisp,m,15-19,0.003078,synthetic_seed
SC,2023,asian,non-hisp,m,20-24,0.004925,synthetic_seed
SC,2023,asian,non-hisp,m,25-29,0.006156,synthetic_seed
SC,2023,asian,non-hisp,m,30-34,0.008003,synthetic_seed
SC,2023,asian,non-hisp,m,35-39,0.011081,synthetic_seed
SC,2023,asian,non-hisp,m,40-44,0.015267,synthetic_seed
SC,2023,asian,non-hisp,m,45-49,0.022654,synthetic_seed
SC,2023,asian,non-hisp,m,50-54,0.033489,synthetic_seed
SC,2023,asian,non-hisp,m,55-59,0.048509,synthetic_seed
SC,2023,asian,non-hisp,m,60-64,0.072148,synthetic_seed
SC,2023,asian,non-hisp,m,65-69,0.106868,synthetic_seed
SC,2023,asian,non-hisp,m,70-74,0.163011,synthetic_seed
SC,2023,asian,non-hisp,m,75-79,0.253381,synthetic_seed
SC,2023,asian,non-hisp,m,80-84,0.397185,synthetic_seed
SC,2023,asian,non-hisp,m,85+,0.684917,synthetic_seed
SC,2023,asian,non-hisp,f,0-4,0.00218,synthetic_seed
SC,2023,asian,non-hisp,f,5-9,0.000436,synthetic_seed
SC,2023,asian,non-hisp,f,10-14,0.000436,synthetic_seed
SC,2023,asian,non-hisp,f,15-19,0.00218,synthetic_seed
SC,2023,asian,non-hisp,f,20-24,0.003488,synthetic_seed
SC,2023,asian,non-hisp,f,25-29,0.00436,synthetic_seed
SC,2023,asian,non-hisp,f,30-34,0.005669,synthetic_seed
SC,2023,asian,non-hisp,f,35-39,0.007849,synthetic_seed
SC,2023,asian,non-hisp,f,40-44,0.010814,synthetic_seed
SC,2023,asian,non-hisp,f,45-49,0.016047,synthetic_seed
SC,2023,asian,non-hisp,f,50-54,0.023721,synthetic_seed
SC,2023,asian,non-hisp,f,55-59,0.034361,synthetic_seed
SC,2023,asian,non-hisp,f,60-64,0.051105,synthetic_seed
SC,2023,asian,non-hisp,f,65-69,0.075698,synthetic_seed
SC,2023,asian,non-hisp,f,70-74,0.115466,synthetic_seed
SC,2023,asian,non-hisp,f,75-79,0.179478,synthetic_seed
SC,2023,asian,non-hisp,f,80-84,0.281339,synthetic_seed
SC,2023,asian,non-hisp,f,85+,0.485149,synthetic_seed
SC,2023,asian,hisp,m,0-4,0.003078,synthetic_seed
SC,2023,asian,hisp,m,5-9,0.000616,synthetic_seed
SC,2023,asian,hisp,m,10-14,0.000616,synthetic_seed
SC,2023,asian,hisp,m,15-19,0.003078,synthetic_seed
SC,2023,asian,hisp,m,20-24,0.004925,synthetic_seed
SC,2023,asian,hisp,m,25-29,0.006156,synthetic_seed
SC,2023,asian,hisp,m,30-34,0.008003,synthetic_seed
SC,2023,asian,hisp,m,35-39,0.011081,synthetic_seed
SC,2023,asian,hisp,m,40-44,0.015267,synthetic_seed
SC,2023,asian,hisp,m,45-49,0.022654,synthetic_seed
SC,2023,asian,hisp,m,50-54,0.033489,synthetic_seed
SC,2023,asian,hisp,m,55-59,0.048509,synthetic_seed
SC,2023,asian,hisp,m,60-64,0.072148,synthetic_seed
SC,2023,asian,hisp,m,65-69,0.106868,synthetic_seed
SC,2023,asian,hisp,m,70-74,0.163011,synthetic_seed
SC,2023,asian,hisp,m,75-79,0.253381,synthetic_seed
SC,2023,asian,hisp,m,80-84,0.397185,synthetic_seed
SC,2023,asian,hisp,m,85+,0.684917,synthetic_seed
SC,2023,asian,hisp,f,0-4,0.00218,synthetic_seed
SC,2023,asian,hisp,f,5-9,0.000436,synthetic_seed
SC,2023,asian,hisp,f,10-14,0.000436,synthetic_seed
SC,2023,asian,hisp,f,15-19,0.00218,synthetic_seed
SC,2023,asian,hisp,f,20-24,0.003488,synthetic_seed
SC,2023,asian,hisp,f,25-29,0.00436,synthetic_seed
SC,2023,asian,hisp,f,30-34,0.005669,synthetic_seed
SC,2023,asian,hisp,f,35-39,0.007849,synthetic_seed
SC,2023,asian,hisp,f,40-44,0.010814,synthetic_seed
SC,2023,asian,hisp,f,45-49,0.016047,synthetic_seed
SC,2023,asian,hisp,f,50-54,0.023721,synthetic_seed
SC,2023,asian,hisp,f,55-59,0.034361,synthetic_seed
SC,2023,asian,hisp,f,60-64,0.051105,synthetic_seed
SC,2023,asian,hisp,f,65-69,0.075698,synthetic_seed
SC,2023,asian,hisp,f,70-74,0.115466,synthetic_seed
SC,2023,asian,hisp,f,75-79,0.179478,synthetic_seed
SC,2023,asian,hisp,f,80-84,0.281339,synthetic_seed
SC,2023,asian,hisp,f,85+,0.485149,synthetic_seed
SC,2023,other,non-hisp,m,0-4,0.00324,synthetic_seed
SC,2023,other,non-hisp,m,5-9,0.000648,synthetic_seed
SC,2023,other,non-hisp,m,10-14,0.000648,synthetic_seed
SC,2023,other,non-hisp,m,15-19,0.00324,synthetic_seed
SC,2023,other,non-hisp,m,20-24,0.005184,synthetic_seed
SC,2023,other,non-hisp,m,25-29,0.00648,synthetic_seed
SC,2023,other,non-hisp,m,30-34,0.008424,synthetic_seed
SC,2023,other,non-hisp,m,35-39,0.011664,synthetic_seed
SC,2023,other,non-hisp,m,40-44,0.01607,synthetic_seed
SC,2023,other,non-hisp,m,45-49,0.023846,synthetic_seed
SC,2023,other,non-hisp,m,50-54,0.035251,synthetic_seed
SC,2023,other,non-hisp,m,55-59,0.051062,synthetic_seed
SC,2023,other,non-hisp,m,60-64,0.075946,synthetic_seed
SC,2023,other,non-hisp,m,65-69,0.112493,synthetic_seed
SC,2023,other,non-hisp,m,70-74,0.17159,synthetic_seed
SC,2023,other,non-hisp,m,75-79,0.266717,synthetic_seed
SC,2023,other,non-hisp,m,80-84,0.41809,synthetic_seed
SC,2023,other,non-hisp,m,85+,0.720965,synthetic_seed
SC,2023,other,non-hisp,f,0-4,0.002295,synthetic_seed
SC,2023,other,non-hisp,f,5-9,0.000459,synthetic_seed
SC,2023,other,non-hisp,f,10-14,0.000459,synthetic_seed
SC,2023,other,non-hisp,f,15-19,0.002295,synthetic_seed
SC,2023,other,non-hisp,f,20-24,0.003672,synthetic_seed
SC,2023,other,non-hisp,f,25-29,0.00459,synthetic_seed
SC,2023,other,non-hisp,f,30-34,0.005967,synthetic_seed
SC,2023,other,non-hisp,f,35-39,0.008262,synthetic_seed
SC,2023,other,non-hisp,f,40-44,0.011383,synthetic_seed
SC,2023,other,non-hisp,f,45-49,0.016891,synthetic_seed
SC,2023,other,non-hisp,f,50-54,0.02497,synthetic_seed
SC,2023,other,non-hisp,f,55-59,0.036169,synthetic_seed
SC,2023,other,non-hisp,f,60-64,0.053795,synthetic_seed
SC,2023,other,non-hisp,f,65-69,0.079682,synthetic_seed
SC,2023,other,non-hisp,f,70-74,0.121543,synthetic_seed
SC,2023,other,non-hisp,f,75-79,0.188924,synthetic_seed
SC,2023,other,non-hisp,f,80-84,0.296147,synthetic_seed
SC,2023,other,non-hisp,f,85+,0.510683,synthetic_seed
SC,2023,other,hisp,m,0-4,0.00324,synthetic_seed
SC,2023,other,hisp,m,5-9,0.000648,synthetic_seed
SC,2023,other,hisp,m,10-14,0.000648,synthetic_seed
SC,2023,other,hisp,m,15-19,0.00324,synthetic_seed
SC,2023,other,hisp,m,20-24,0.005184,synthetic_seed
SC,2023,other,hisp,m,25-29,0.00648,synthetic_seed
SC,2023,other,hisp,m,30-34,0.008424,synthetic_seed
SC,2023,other,hisp,m,35-39,0.011664,synthetic_seed
SC,2023,other,hisp,m,40-44,0.01607,synthetic_seed
SC,2023,other,hisp,m,45-49,0.023846,synthetic_seed
SC,2023,other,hisp,m,50-54,0.035251,synthetic_seed
SC,2023,other,hisp,m,55-59,0.051062,synthetic_seed
SC,2023,other,hisp,m,60-64,0.075946,synthetic_seed
SC,2023,other,hisp,m,65-69,0.112493,synthetic_seed
SC,2023,other,hisp,m,70-74,0.17159,synthetic_seed
SC,2023,other,hisp,m,75-79,0.266717,synthetic_seed
SC,2023,other,hisp,m,80-84,0.41809,synthetic_seed
SC,2023,other,hisp,m,85+,0.720965,synthetic_seed
SC,2023,other,hisp,f,0-4,0.002295,synthetic_seed
SC,2023,other,hisp,f,5-9,0.000459,synthetic_seed
SC,2023,other,hisp,f,10-14,0.000459,synthetic_seed
SC,2023,other,hisp,f,15-19,0.002295,synthetic_seed
SC,2023,other,hisp,f,20-24,0.003672,synthetic_seed
SC,2023,other,hisp,f,25-29,0.00459,synthetic_seed
SC,2023,other,hisp,f,30-34,0.005967,synthetic_seed
SC,2023,other,hisp,f,35-39,0.008262,synthetic_seed
SC,2023,other,hisp,f,40-44,0.011383,synthetic_seed
SC,2023,other,hisp,f,45-49,0.016891,synthetic_seed
SC,2023,other,hisp,f,50-54,0.02497,synthetic_seed
SC,2023,other,hisp,f,55-59,0.036169,synthetic_seed
SC,2023,other,hisp,f,60-64,0.053795,synthetic_seed
SC,2023,other,hisp,f,65-69,0.079682,synthetic_seed
SC,2023,other,hisp,f,70-74,0.121543,synthetic_seed
SC,2023,other,hisp,f,75-79,0.188924,synthetic_seed
SC,2023,other,hisp,f,80-84,0.296147,synthetic_seed
SC,2023,other,hisp,f,85+,0.510683,synthetic_seed
SD,2023,white,non-hisp,m,0-4,0.00306,synthetic_seed
SD,2023,white,non-hisp,m,5-9,0.000612,synthetic_seed
SD,2023,white,non-hisp,m,10-14,0.000612,synthetic_seed
SD,2023,white,non-hisp,m,15-19,0.00306,synthetic_seed
SD,2023,white,non-hisp,m,20-24,0.004896,synthetic_seed
SD,2023,white,non-hisp,m,25-29,0.00612,synthetic_seed
SD,2023,white,non-hisp,m,30-34,0.007956,synthetic_seed
SD,2023,white,non-hisp,m,35-39,0.011016,synthetic_seed
SD,2023,white,non-hisp,m,40-44,0.015178,synthetic_seed
SD,2023,white,non-hisp,m,45-49,0.022522,synthetic_seed
SD,2023,white,non-hisp,m,50-54,0.033293,synthetic_seed
SD,2023,white,non-hisp,m,55-59,0.048226,synthetic_seed
SD,2023,white,non-hisp,m,60-64,0.071726,synthetic_seed
SD,2023,white,non-hisp,m,65-69,0.106243,synthetic_seed
SD,2023,white,non-hisp,m,70-74,0.162058,synthetic_seed
SD,2023,white,non-hisp,m,75-79,0.251899,synthetic_seed
SD,2023,white,non-hisp,m,80-84,0.394862,synthetic_seed
SD,2023,white,non-hisp,m,85+,0.680911,synthetic_seed
SD,2023,white,non-hisp,f,0-4,0.002168,synthetic_seed
SD,2023,white,non-hisp,f,5-9,0.000434,synthetic_seed
SD,2023,white,non-hisp,f,10-14,0.000434,synthetic_seed
SD,2023,white,non-hisp,f,15-19,0.002168,synthetic_seed
SD,2023,white,non-hisp,f,20-24,0.003468,synthetic_seed
SD,2023,white,non-hisp,f,25-29,0.004335,synthetic_seed
SD,2023,white,non-hisp,f,30-34,0.005635,synthetic_seed
SD,2023,white,non-hisp,f,35-39,0.007803,synthetic_seed
SD,2023,white,non-hisp,f,40-44,0.010751,synthetic_seed
SD,2023,white,non-hisp,f,45-49,0.015953,synthetic_seed
SD,2023,white,non-hisp,f,50-54,0.023582,synthetic_seed
SD,2023,white,non-hisp,f,55-59,0.03416,synthetic_seed
SD,2023,white,non-hisp,f,60-64,0.050806,synthetic_seed
SD,2023,white,non-hisp,f,65-69,0.075256,synthetic_seed
SD,2023,white,non-hisp,f,70-74,0.114791,synthetic_seed
SD,2023,white,non-hisp,f,75-79,0.178429,synthetic_seed
SD,2023,white,non-hisp,f,80-84,0.279694,synthetic_seed
SD,2023,white,non-hisp,f,85+,0.482312,synthetic_seed
SD,2023,white,hisp,m,0-4,0.00306,synthetic_seed
SD,2023,white,hisp,m,5-9,0.000612,synthetic_seed
SD,2023,white,hisp,m,10-14,0.000612,synthetic_seed
SD,2023,white,hisp,m,15-19,0.00306,synthetic_seed
SD,2023,white,hisp,m,20-24,0.004896,synthetic_seed
SD,2023,white,hisp,m,25-29,0.00612,synthetic_seed
SD,2023,white,hisp,m,30-34,0.007956,synthetic_seed
SD,2023,white,hisp,m,35-39,0.011016,synthetic_seed
SD,2023,white,hisp,m,40-44,0.015178,synthetic_seed
SD,2023,white,hisp,m,45-49,0.022522,synthetic_seed
SD,2023,white,hisp,m,50-54,0.033293,synthetic_seed
SD,2023,white,hisp,m,55-59,0.048226,synthetic_seed
SD,2023,white,hisp,m,60-64,0.071726,synthetic_seed
SD,2023,white,hisp,m,65-69,0.106243,synthetic_seed
SD,2023,white,hisp,m,70-74,0.162058,synthetic_seed
SD,2023,white,hisp,m,75-79,0.251899,synthetic_seed
SD,2023,white,hisp,m,80-84,0.394862,synthetic_seed
SD,2023,white,hisp,m,85+,0.680911,synthetic_seed
SD,2023,white,hisp,f,0-4,0.002168,synthetic_seed
SD,2023,white,hisp,f,5-9,0.000434,synthetic_seed
SD,2023,white,hisp,f,10-14,0.000434,synthetic_seed
SD,2023,white,hisp,f,15-19,0.002168,synthetic_seed
SD,2023,white,hisp,f,20-24,0.003468,synthetic_seed
SD,2023,white,hisp,f,25-29,0.004335,synthetic_seed
SD,2023,white,hisp,f,30-34,0.005635,synthetic_seed
SD,2023,white,hisp,f,35-39,0.007803,synthetic_seed
SD,2023,white,hisp,f,40-44,0.010751,synthetic_seed
SD,2023,white,hisp,f,45-49,0.015953,synthetic_seed
SD,2023,white,hisp,f,50-54,0.023582,synthetic_seed
SD,2023,white,hisp,f,55-59,0.03416,synthetic_seed
SD,2023,white,hisp,f,60-64,0.050806,synthetic_seed
SD,2023,white,hisp,f,65-69,0.075256,synthetic_seed
SD,2023,white,hisp,f,70-74,0.114791,synthetic_seed
SD,2023,white,hisp,f,75-79,0.178429,synthetic_seed
SD,2023,white,hisp,f,80-84,0.279694,synthetic_seed
SD,2023,white,hisp,f,85+,0.482312,synthetic_seed
SD,2023,black,non-hisp,m,0-4,0.003366,synthetic_seed
SD,2023,black,non-hisp,m,5-9,0.000673,synthetic_seed
SD,2023,black,non-hisp,m,10-14,0.000673,synthetic_seed
SD,2023,black,non-hisp,m,15-19,0.003366,synthetic_seed
SD,2023,black,non-hisp,m,20-24,0.005386,synthetic_seed
SD,2023,black,non-hisp,m,25-29,0.006732,synthetic_seed
SD,2023,black,non-hisp,m,30-34,0.008752,synthetic_seed
SD,2023,black,non-hisp,m,35-39,0.012118,synthetic_seed
SD,2023,black,non-hisp,m,40-44,0.016695,synthetic_seed
SD,2023,black,non-hisp,m,45-49,0.024774,synthetic_seed
SD,2023,black,non-hisp,m,50-54,0.036622,synthetic_seed
SD,2023,black,non-hisp,m,55-59,0.053048,synthetic_seed
SD,2023,black,non-hisp,m,60-64,0.078899,synthetic_seed
SD,2023,black,non-hisp,m,65-69,0.116868,synthetic_seed
SD,2023,black,non-hisp,m,70-74,0.178263,synthetic_seed
SD,2023,black,non-hisp,m,75-79,0.277089,synthetic_seed
SD,2023,black,non-hisp,m,80-84,0.434349,synthetic_seed
SD,2023,black,non-hisp,m,85+,0.749002,synthetic_seed
SD,2023,black,non-hisp,f,0-4,0.002384,synthetic_seed
SD,2023,black,non-hisp,f,5-9,0.000477,synthetic_seed
SD,2023,black,non-hisp,f,10-14,0.000477,synthetic_seed
SD,2023,black,non-hisp,f,15-19,0.002384,synthetic_seed
SD,2023,black,non-hisp,f,20-24,0.003815,synthetic_seed
SD,2023,black,non-hisp,f,25-29,0.004769,synthetic_seed
SD,2023,black,non-hisp,f,30-34,0.006199,synthetic_seed
SD,2023,black,non-hisp,f,35-39,0.008583,synthetic_seed
SD,2023,black,non-hisp,f,40-44,0.011826,synthetic_seed
SD,2023,black,non-hisp,f,45-49,0.017548,synthetic_seed
SD,2023,black,non-hisp,f,50-54,0.025941,synthetic_seed
SD,2023,black,non-hisp,f,55-59,0.037576,synthetic_seed
SD,2023,black,non-hisp,f,60-64,0.055887,synthetic_seed
SD,2023,black,non-hisp,f,65-69,0.082781,synthetic_seed
SD,2023,black,non-hisp,f,70-74,0.12627,synthetic_seed
SD,2023,black,non-hisp,f,75-79,0.196271,synthetic_seed
SD,2023,black,non-hisp,f,80-84,0.307664,synthetic_seed
SD,2023,black,non-hisp,f,85+,0.530543,synthetic_seed
SD,2023,black,hisp,m,0-4,0.003366,synthetic_seed
SD,2023,black,hisp,m,5-9,0.000673,synthetic_seed
SD,2023,black,hisp,m,10-14,0.000673,synthetic_seed
SD,2023,black,hisp,m,15-19,0.003366,synthetic_seed
SD,2023,black,hisp,m,20-24,0.005386,synthetic_seed
SD,2023,black,hisp,m,25-29,0.006732,synthetic_seed
SD,2023,black,hisp,m,30-34,0.008752,synthetic_seed
SD,2023,black,hisp,m,35-39,0.012118,synthetic_seed
SD,2023,black,hisp,m,40-44,0.016695,synthetic_seed
SD,2023,black,hisp,m,45-49,0.024774,synthetic_seed
SD,2023,black,hisp,m,50-54,0.036622,synthetic_seed
SD,2023,black,hisp,m,55-59,0.053048,synthetic_seed
SD,2023,black,hisp,m,60-64,0.078899,synthetic_seed
SD,2023,black,hisp,m,65-69,0.116868,synthetic_seed
SD,2023,black,hisp,m,70-74,0.178263,synthetic_seed
SD,2023,black,hisp,m,75-79,0.277089,synthetic_seed
SD,2023,black,hisp,m,80-84,0.434349,synthetic_seed
SD,2023,black,hisp,m,85+,0.749002,synthetic_seed
SD,2023,black,hisp,f,0-4,0.002384,synthetic_seed
SD,2023,black,hisp,f,5-9,0.000477,synthetic_seed
SD,2023,black,hisp,f,10-14,0.000477,synthetic_seed
SD,2023,black,hisp,f,15-19,0.002384,synthetic_seed
SD,2023,black,hisp,f,20-24,0.003815,synthetic_seed
SD,2023,black,hisp,f,25-29,0.004769,synthetic_seed
SD,2023,black,hisp,f,30-34,0.006199,synthetic_seed
SD,2023,black,hisp,f,35-39,0.008583,synthetic_seed
SD,2023,black,hisp,f,40-44,0.011826,synthetic_seed
SD,2023,black,hisp,f,45-49,0.017548,synthetic_seed
SD,2023,black,hisp,f,50-54,0.025941,synthetic_seed
SD,2023,black,hisp,f,55-59,0.037576,synthetic_seed
SD,2023,black,hisp,f,60-64,0.055887,synthetic_seed
SD,2023,black,hisp,f,65-69,0.082781,synthetic_seed
SD,2023,black,hisp,f,70-74,0.12627,synthetic_seed
SD,2023,black,hisp,f,75-79,0.196271,synthetic_seed
SD,2023,black,hisp,f,80-84,0.307664,synthetic_seed
SD,2023,black,hisp,f,85+,0.530543,synthetic_seed
SD,2023,asian,non-hisp,m,0-4,0.002907,synthetic_seed
SD,2023,asian,non-hisp,m,5-9,0.000581,synthetic_seed
SD,2023,asian,non-hisp,m,10-14,0.000581,synthetic_seed
SD,2023,asian,non-hisp,m,15-19,0.002907,synthetic_seed
SD,2023,asian,non-hisp,m,20-24,0.004651,synthetic_seed
SD,2023,asian,non-hisp,m,25-29,0.005814,synthetic_seed
SD,2023,asian,non-hisp,m,30-34,0.007558,synthetic_seed
SD,2023,asian,non-hisp,m,35-39,0.010465,synthetic_seed
SD,2023,asian,non-hisp,m,40-44,0.014419,synthetic_seed
SD,2023,asian,non-hisp,m,45-49,0.021396,synthetic_seed
SD,2023,asian,non-hisp,m,50-54,0.031628,synthetic_seed
SD,2023,asian,non-hisp,m,55-59,0.045814,synthetic_seed
SD,2023,asian,non-hisp,m,60-64,0.06814,synthetic_seed
SD,2023,asian,non-hisp,m,65-69,0.100931,synthetic_seed
SD,2023,asian,non-hisp,m,70-74,0.153955,synthetic_seed
SD,2023,asian,non-hisp,m,75-79,0.239304,synthetic_seed
SD,2023,asian,non-hisp,m,80-84,0.375119,synthetic_seed
SD,2023,asian,non-hisp,m,85+,0.646866,synthetic_seed
SD,2023,asian,non-hisp,f,0-4,0.002059,synthetic_seed
SD,2023,asian,non-hisp,f,5-9,0.000412,synthetic_seed
SD,2023,asian,non-hisp,f,10-14,0.000412,synthetic_seed
SD,2023,asian,non-hisp,f,15-19,0.002059,synthetic_seed
SD,2023,asian,non-hisp,f,20-24,0.003295,synthetic_seed
SD,2023,asian,non-hisp,f,25-29,0.004118,synthetic_seed
SD,2023,asian,non-hisp,f,30-34,0.005354,synthetic_seed
SD,2023,asian,non-hisp,f,35-39,0.007413,synthetic_seed
SD,2023,asian,non-hisp,f,40-44,0.010213,synthetic_seed
SD,2023,asian,non-hisp,f,45-49,0.015155,synthetic_seed
SD,2023,asian,non-hisp,f,50-54,0.022403,synthetic_seed
SD,2023,asian,non-hisp,f,55-59,0.032452,synthetic_seed
SD,2023,asian,non-hisp,f,60-64,0.048266,synthetic_seed
SD,2023,asian,non-hisp,f,65-69,0.071493,synthetic_seed
SD,2023,asian,non-hisp,f,70-74,0.109051,synthetic_seed
SD,2023,asian,non-hisp,f,75-79,0.169507,synthetic_seed
SD,2023,asian,non-hisp,f,80-84,0.265709,synthetic_seed
SD,2023,asian,non-hisp,f,85+,0.458196,synthetic_seed
SD,2023,asian,hisp,m,0-4,0.002907,synthetic_seed
SD,2023,asian,hisp,m,5-9,0.000581,synthetic_seed
SD,2023,asian,hisp,m,10-14,0.000581,synthetic_seed
SD,2023,asian,hisp,m,15-19,0.002907,synthetic_seed
SD,2023,asian,hisp,m,20-24,0.004651,synthetic_seed
SD,2023,asian,hisp,m,25-29,0.005814,synthetic_seed
SD,2023,asian,hisp,m,30-34,0.007558,synthetic_seed
SD,2023,asian,hisp,m,35-39,0.010465,synthetic_seed
SD,2023,asian,hisp,m,40-44,0.014419,synthetic_seed
SD,2023,asian,hisp,m,45-49,0.021396,synthetic_seed
SD,2023,asian,hisp,m,50-54,0.031628,synthetic_seed
SD,2023,asian,hisp,m,55-59,0.045814,synthetic_seed
SD,2023,asian,hisp,m,60-64,0.06814,synthetic_seed
SD,2023,asian,hisp,m,65-69,0.100931,synthetic_seed
SD,2023,asian,hisp,m,70-74,0.153955,synthetic_seed
SD,2023,asian,hisp,m,75-79,0.239304,synthetic_seed
SD,2023,asian,hisp,m,80-84,0.375119,synthetic_seed
SD,2023,asian,hisp,m,85+,0.646866,synthetic_seed
SD,2023,asian,hisp,f,0-4,0.002059,synthetic_seed
SD,2023,asian,hisp,f,5-9,0.000412,synthetic_seed
SD,2023,asian,hisp,f,10-14,0.000412,synthetic_seed
SD,2023,asian,hisp,f,15-19,0.002059,synthetic_seed
SD,2023,asian,hisp,f,20-24,0.003295,synthetic_seed
SD,2023,asian,hisp,f,25-29,0.004118,synthetic_seed
SD,2023,asian,hisp,f,30-34,0.005354,synthetic_seed
SD,2023,asian,hisp,f,35-39,0.007413,synthetic_seed
SD,2023,asian,hisp,f,40-44,0.010213,synthetic_seed
SD,2023,asian,hisp,f,45-49,0.015155,synthetic_seed
SD,2023,asian,hisp,f,50-54,0.022403,synthetic_seed
SD,2023,asian,hisp,f,55-59,0.032452,synthetic_seed
SD,2023,asian,hisp,f,60-64,0.048266,synthetic_seed
SD,2023,asian,hisp,f,65-69,0.071493,synthetic_seed
SD,2023,asian,hisp,f,70-74,0.109051,synthetic_seed
SD,2023,asian,hisp,f,75-79,0.169507,synthetic_seed
SD,2023,asian,hisp,f,80-84,0.265709,synthetic_seed
SD,2023,asian,hisp,f,85+,0.458196,synthetic_seed
SD,2023,other,non-hisp,m,0-4,0.00306,synthetic_seed
SD,2023,other,non-hisp,m,5-9,0.000612,synthetic_seed
SD,2023,other,non-hisp,m,10-14,0.000612,synthetic_seed
SD,2023,other,non-hisp,m,15-19,0.00306,synthetic_seed
SD,2023,other,non-hisp,m,20-24,0.004896,synthetic_seed
SD,2023,other,non-hisp,m,25-29,0.00612,synthetic_seed
SD,2023,other,non-hisp,m,30-34,0.007956,synthetic_seed
SD,2023,other,non-hisp,m,35-39,0.011016,synthetic_seed
SD,2023,other,non-hisp,m,40-44,0.015178,synthetic_seed
SD,2023,other,non-hisp,m,45-49,0.022522,synthetic_seed
SD,2023,other,non-hisp,m,50-54,0.033293,synthetic_seed
SD,2023,other,non-hisp,m,55-59,0.048226,synthetic_seed
SD,2023,other,non-hisp,m,60-64,0.071726,synthetic_seed
SD,2023,other,non-hisp,m,65-69,0.106243,synthetic_seed
SD,2023,other,non-hisp,m,70-74,0.162058,synthetic_seed
SD,2023,other,non-hisp,m,75-79,0.251899,synthetic_seed
SD,2023,other,non-hisp,m,80-84,0.394862,synthetic_seed
SD,2023,other,non-hisp,m,85+,0.680911,synthetic_seed
SD,2023,other,non-hisp,f,0-4,0.002168,synthetic_seed
SD,2023,other,non-hisp,f,5-9,0.000434,synthetic_seed
SD,2023,other,non-hisp,f,10-14,0.000434,synthetic_seed
SD,2023,other,non-hisp,f,15-19,0.002168,synthetic_seed
SD,2023,other,non-hisp,f,20-24,0.003468,synthetic_seed
SD,2023,other,non-hisp,f,25-29,0.004335,synthetic_seed
SD,2023,other,non-hisp,f,30-34,0.005635,synthetic_seed
SD,2023,other,non-hisp,f,35-39,0.007803,synthetic_seed
SD,2023,other,non-hisp,f,40-44,0.010751,synthetic_seed
SD,2023,other,non-hisp,f,45-49,0.015953,synthetic_seed
SD,2023,other,non-hisp,f,50-54,0.023582,synthetic_seed
SD,2023,other,non-hisp,f,55-59,0.03416,synthetic_seed
SD,2023,other,non-hisp,f,60-64,0.050806,synthetic_seed
SD,2023,other,non-hisp,f,65-69,0.075256,synthetic_seed
SD,2023,other,non-hisp,f,70-74,0.114791,synthetic_seed
SD,2023,other,non-hisp,f,75-79,0.178429,synthetic_seed
SD,2023,other,non-hisp,f,80-84,0.279694,synthetic_seed
SD,2023,other,non-hisp,f,85+,0.482312,synthetic_seed
SD,2023,other,hisp,m,0-4,0.00306,synthetic_seed
SD,2023,other,hisp,m,5-9,0.000612,synthetic_seed
SD,2023,other,hisp,m,10-14,0.000612,synthetic_seed
SD,2023,other,hisp,m,15-19,0.00306,synthetic_seed
SD,2023,other,hisp,m,20-24,0.004896,synthetic_seed
SD,2023,other,hisp,m,25-29,0.00612,synthetic_seed
SD,2023,other,hisp,m,30-34,0.007956,synthetic_seed
SD,2023,other,hisp,m,35-39,0.011016,synthetic_seed
SD,2023,other,hisp,m,40-44,0.015178,synthetic_seed
SD,2023,other,hisp,m,45-49,0.022522,synthetic_seed
SD,2023,other,hisp,m,50-54,0.033293,synthetic_seed
SD,2023,other,hisp,m,55-59,0.048226,synthetic_seed
SD,2023,other,hisp,m,60-64,0.071726,synthetic_seed
SD,2023,other,hisp,m,65-69,0.106243,synthetic_seed
SD,2023,other,hisp,m,70-74,0.162058,synthetic_seed
SD,2023,other,hisp,m,75-79,0.251899,synthetic_seed
SD,2023,other,hisp,m,80-84,0.394862,synthetic_seed
SD,2023,other,hisp,m,85+,0.680911,synthetic_seed
SD,2023,other,hisp,f,0-4,0.002168,synthetic_seed
SD,2023,other,hisp,f,5-9,0.000434,synthetic_seed
SD,2023,other,hisp,f,10-14,0.000434,synthetic_seed
SD,2023,other,hisp,f,15-19,0.002168,synthetic_seed
SD,2023,other,hisp,f,20-24,0.003468,synthetic_seed
SD,2023,other,hisp,f,25-29,0.004335,synthetic_seed
SD,2023,other,hisp,f,30-34,0.005635,synthetic_seed
SD,2023,other,hisp,f,35-39,0.007803,synthetic_seed
SD,2023,other,hisp,f,40-44,0.010751,synthetic_seed
SD,2023,other,hisp,f,45-49,0.015953,synthetic_seed
SD,2023,other,hisp,f,50-54,0.023582,synthetic_seed
SD,2023,other,hisp,f,55-59,0.03416,synthetic_seed
SD,2023,other,hisp,f,60-64,0.050806,synthetic_seed
SD,2023,other,hisp,f,65-69,0.075256,synthetic_seed
SD,2023,other,hisp,f,70-74,0.114791,synthetic_seed
SD,2023,other,hisp,f,75-79,0.178429,synthetic_seed
SD,2023,other,hisp,f,80-84,0.279694,synthetic_seed
SD,2023,other,hisp,f,85+,0.482312,synthetic_seed
TN,2023,white,non-hisp,m,0-4,0.00324,synthetic_seed
TN,2023,white,non-hisp,m,5-9,0.000648,synthetic_seed
TN,2023,white,non-hisp,m,10-14,0.000648,synthetic_seed
TN,2023,white,non-hisp,m,15-19,0.00324,synthetic_seed
TN,2023,white,non-hisp,m,20-24,0.005184,synthetic_seed
TN,2023,white,non-hisp,m,25-29,0.00648,synthetic_seed
TN,2023,white,non-hisp,m,30-34,0.008424,synthetic_seed
TN,2023,white,non-hisp,m,35-39,0.011664,synthetic_seed
TN,2023,white,non-hisp,m,40-44,0.01607,synthetic_seed
TN,2023,white,non-hisp,m,45-49,0.023846,synthetic_seed
TN,2023,white,non-hisp,m,50-54,0.035251,synthetic_seed
TN,2023,white,non-hisp,m,55-59,0.051062,synthetic_seed
TN,2023,white,non-hisp,m,60-64,0.075946,synthetic_seed
TN,2023,white,non-hisp,m,65-69,0.112493,synthetic_seed
TN,2023,white,non-hisp,m,70-74,0.17159,synthetic_seed
TN,2023,white,non-hisp,m,75-79,0.266717,synthetic_seed
TN,2023,white,non-hisp,m,80-84,0.41809,synthetic_seed
TN,2023,white,non-hisp,m,85+,0.720965,synthetic_seed
TN,2023,white,non-hisp,f,0-4,0.002295,synthetic_seed
TN,2023,white,non-hisp,f,5-9,0.000459,synthetic_seed
TN,2023,white,non-hisp,f,10-14,0.000459,synthetic_seed
TN,2023,white,non-hisp,f,15-19,0.002295,synthetic_seed
TN,2023,white,non-hisp,f,20-24,0.003672,synthetic_seed
TN,2023,white,non-hisp,f,25-29,0.00459,synthetic_seed
TN,2023,white,non-hisp,f,30-34,0.005967,synthetic_seed
TN,2023,white,non-hisp,f,35-39,0.008262,synthetic_seed
TN,2023,white,non-hisp,f,40-44,0.011383,synthetic_seed
TN,2023,white,non-hisp,f,45-49,0.016891,synthetic_seed
TN,2023,white,non-hisp,f,50-54,0.02497,synthetic_seed
TN,2023,white,non-hisp,f,55-59,0.036169,synthetic_seed
TN,2023,white,non-hisp,f,60-64,0.053795,synthetic_seed
TN,2023,white,non-hisp,f,65-69,0.079682,synthetic_seed
TN,2023,white,non-hisp,f,70-74,0.121543,synthetic_seed
TN,2023,white,non-hisp,f,75-79,0.188924,synthetic_seed
TN,2023,white,non-hisp,f,80-84,0.296147,synthetic_seed
TN,2023,white,non-hisp,f,85+,0.510683,synthetic_seed
TN,2023,white,hisp,m,0-4,0.00324,synthetic_seed
TN,2023,white,hisp,m,5-9,0.000648,synthetic_seed
TN,2023,white,hisp,m,10-14,0.000648,synthetic_seed
TN,2023,white,hisp,m,15-19,0.00324,synthetic_seed
TN,2023,white,hisp,m,20-24,0.005184,synthetic_seed
TN,2023,white,hisp,m,25-29,0.00648,synthetic_seed
TN,2023,white,hisp,m,30-34,0.008424,synthetic_seed
TN,2023,white,hisp,m,35-39,0.011664,synthetic_seed
TN,2023,white,hisp,m,40-44,0.01607,synthetic_seed
TN,2023,white,hisp,m,45-49,0.023846,synthetic_seed
TN,2023,white,hisp,m,50-54,0.035251,synthetic_seed
TN,2023,white,hisp,m,55-59,0.051062,synthetic_seed
TN,2023,white,hisp,m,60-64,0.075946,synthetic_seed
TN,2023,white,hisp,m,65-69,0.112493,synthetic_seed
TN,2023,white,hisp,m,70-74,0.17159,synthetic_seed
TN,2023,white,hisp,m,75-79,0.266717,synthetic_seed
TN,2023,white,hisp,m,80-84,0.41809,synthetic_seed
TN,2023,white,hisp,m,85+,0.720965,synthetic_seed
TN,2023,white,hisp,f,0-4,0.002295,synthetic_seed
TN,2023,white,hisp,f,5-9,0.000459,synthetic_seed
TN,2023,white,hisp,f,10-14,0.000459,synthetic_seed
TN,2023,white,hisp,f,15-19,0.002295,synthetic_seed
TN,2023,white,hisp,f,20-24,0.003672,synthetic_seed
TN,2023,white,hisp,f,25-29,0.00459,synthetic_seed
TN,2023,white,hisp,f,30-34,0.005967,synthetic_seed
TN,2023,white,hisp,f,35-39,0.008262,synthetic_seed
TN,2023,white,hisp,f,40-44,0.011383,synthetic_seed
TN,2023,white,hisp,f,45-49,0.016891,synthetic_seed
TN,2023,white,hisp,f,50-54,0.02497,synthetic_seed
TN,2023,white,hisp,f,55-59,0.036169,synthetic_seed
TN,2023,white,hisp,f,60-64,0.053795,synthetic_seed
TN,2023,white,hisp,f,65-69,0.079682,synthetic_seed
TN,2023,white,hisp,f,70-74,0.121543,synthetic_seed
TN,2023,white,hisp,f,75-79,0.188924,synthetic_seed
TN,2023,white,hisp,f,80-84,0.296147,synthetic_seed
TN,2023,white,hisp,f,85+,0.510683,synthetic_seed
TN,2023,black,non-hisp,m,0-4,0.003564,synthetic_seed
TN,2023,black,non-hisp,m,5-9,0.000713,synthetic_seed
TN,2023,black,non-hisp,m,10-14,0.000713,synthetic_seed
TN,2023,black,non-hisp,m,15-19,0.003564,synthetic_seed
TN,2023,black,non-hisp,m,20-24,0.005702,synthetic_seed
TN,2023,black,non-hisp,m,25-29,0.007128,synthetic_seed
TN,2023,black,non-hisp,m,30-34,0.009266,synthetic_seed
TN,2023,black,non-hisp,m,35-39,0.01283,synthetic_seed
TN,2023,black,non-hisp,m,40-44,0.017677,synthetic_seed
TN,2023,black,non-hisp,m,45-49,0.026231,synthetic_seed
TN,2023,black,non-hisp,m,50-54,0.038776,synthetic_seed
TN,2023,black,non-hisp,m,55-59,0.056169,synthetic_seed
TN,2023,black,non-hisp,m,60-64,0.08354,synthetic_seed
TN,2023,black,non-hisp,m,65-69,0.123742,synthetic_seed
TN,2023,black,non-hisp,m,70-74,0.188749,synthetic_seed
TN,2023,black,non-hisp,m,75-79,0.293388,synthetic_seed
TN,2023,black,non-hisp,m,80-84,0.459899,synthetic_seed
TN,2023,black,non-hisp,m,85+,0.793061,synthetic_seed
TN,2023,black,non-hisp,f,0-4,0.002525,synthetic_seed
TN,2023,black,non-hisp,f,5-9,0.000505,synthetic_seed
TN,2023,black,non-hisp,f,10-14,0.000505,synthetic_seed
TN,2023,black,non-hisp,f,15-19,0.002525,synthetic_seed
TN,2023,black,non-hisp,f,20-24,0.004039,synthetic_seed
TN,2023,black,non-hisp,f,25-29,0.005049,synthetic_seed
TN,2023,black,non-hisp,f,30-34,0.006564,synthetic_seed
TN,2023,black,non-hisp,f,35-39,0.009088,synthetic_seed
TN,2023,black,non-hisp,f,40-44,0.012522,synthetic_seed
TN,2023,black,non-hisp,f,45-49,0.01858,synthetic_seed
TN,2023,black,non-hisp,f,50-54,0.027467,synthetic_seed
TN,2023,black,non-hisp,f,55-59,0.039786,synthetic_seed
TN,2023,black,non-hisp,f,60-64,0.059174,synthetic_seed
TN,2023,black,non-hisp,f,65-69,0.087651,synthetic_seed
TN,2023,black,non-hisp,f,70-74,0.133698,synthetic_seed
TN,2023,black,non-hisp,f,75-79,0.207817,synthetic_seed
TN,2023,black,non-hisp,f,80-84,0.325761,synthetic_seed
TN,2023,black,non-hisp,f,85+,0.561752,synthetic_seed
TN,2023,black,hisp,m,0-4,0.003564,synthetic_seed
TN,2023,black,hisp,m,5-9,0.000713,synthetic_seed
TN,2023,black,hisp,m,10-14,0.000713,synthetic_seed
TN,2023,black,hisp,m,15-19,0.003564,synthetic_seed
TN,2023,black,hisp,m,20-24,0.005702,synthetic_seed
TN,2023,black,hisp,m,25-29,0.007128,synthetic_seed
TN,2023,black,hisp,m,30-34,0.009266,synthetic_seed
TN,2023,black,hisp,m,35-39,0.01283,synthetic_seed
TN,2023,black,hisp,m,40-44,0.017677,synthetic_seed
TN,2023,black,hisp,m,45-49,0.026231,synthetic_seed
TN,2023,black,hisp,m,50-54,0.038776,synthetic_seed
TN,2023,black,hisp,m,55-59,0.056169,synthetic_seed
TN,2023,black,hisp,m,60-64,0.08354,synthetic_seed
TN,2023,black,hisp,m,65-69,0.123742,synthetic_seed
TN,2023,black,hisp,m,70-74,0.188749,synthetic_seed
TN,2023,black,hisp,m,75-79,0.293388,synthetic_seed
TN,2023,black,hisp,m,80-84,0.459899,synthetic_seed
TN,2023,black,hisp,m,85+,0.793061,synthetic_seed
TN,2023,black,hisp,f,0-4,0.002525,synthetic_seed
TN,2023,black,hisp,f,5-9,0.000505,synthetic_seed
TN,2023,black,hisp,f,10-14,0.000505,synthetic_seed
TN,2023,black,hisp,f,15-19,0.002525,synthetic_seed
TN,2023,black,hisp,f,20-24,0.004039,synthetic_seed
TN,2023,black,hisp,f,25-29,0.005049,synthetic_seed
TN,2023,black,hisp,f,30-34,0.006564,synthetic_seed
TN,2023,black,hisp,f,35-39,0.009088,synthetic_seed
TN,2023,black,hisp,f,40-44,0.012522,synthetic_seed
TN,2023,black,hisp,f,45-49,0.01858,synthetic_seed
TN,2023,black,hisp,f,50-54,0.027467,synthetic_seed
TN,2023,black,hisp,f,55-59,0.039786,synthetic_seed
TN,2023,black,hisp,f,60-64,0.059174,synthetic_seed
TN,2023,black,hisp,f,65-69,0.087651,synthetic_seed
TN,2023,black,hisp,f,70-74,0.133698,synthetic_seed
TN,2023,black,hisp,f,75-79,0.207817,synthetic_seed
TN,2023,black,hisp,f,80-84,0.325761,synthetic_seed
TN,2023,black,hisp,f,85+,0.561752,synthetic_seed
TN,2023,asian,non-hisp,m,0-4,0.003078,synthetic_seed
TN,2023,asian,non-hisp,m,5-9,0.000616,synthetic_seed
TN,2023,asian,non-hisp,m,10-14,0.000616,synthetic_seed
TN,2023,asian,non-hisp,m,15-19,0.003078,synthetic_seed
TN,2023,asian,non-hisp,m,20-24,0.004925,synthetic_seed
TN,2023,asian,non-hisp,m,25-29,0.006156,synthetic_seed
TN,2023,asian,non-hisp,m,30-34,0.008003,synthetic_seed
TN,2023,asian,non-hisp,m,35-39,0.011081,synthetic_seed
TN,2023,asian,non-hisp,m,40-44,0.015267,synthetic_seed
TN,2023,asian,non-hisp,m,45-49,0.022654,synthetic_seed
TN,2023,asian,non-hisp,m,50-54,0.033489,synthetic_seed
TN,2023,asian,non-hisp,m,55-59,0.048509,synthetic_seed
TN,2023,asian,non-hisp,m,60-64,0.072148,synthetic_seed
TN,2023,asian,non-hisp,m,65-69,0.106868,synthetic_seed
TN,2023,asian,non-hisp,m,70-74,0.163011,synthetic_seed
TN,2023,asian,non-hisp,m,75-79,0.253381,synthetic_seed
TN,2023,asian,non-hisp,m,80-84,0.397185,synthetic_seed
TN,2023,asian,non-hisp,m,85+,0.684917,synthetic_seed
TN,2023,asian,non-hisp,f,0-4,0.00218,synthetic_seed
TN,2023,asian,non-hisp,f,5-9,0.000436,synthetic_seed
TN,2023,asian,non-hisp,f,10-14,0.000436,synthetic_seed
TN,2023,asian,non-hisp,f,15-19,0.00218,synthetic_seed
TN,2023,asian,non-hisp,f,20-24,0.003488,synthetic_seed
TN,2023,asian,non-hisp,f,25-29,0.00436,synthetic_seed
TN,2023,asian,non-hisp,f,30-34,0.005669,synthetic_seed
TN,2023,asian,non-hisp,f,35-39,0.007849,synthetic_seed
TN,2023,asian,non-hisp,f,40-44,0.010814,synthetic_seed
TN,2023,asian,non-hisp,f,45-49,0.016047,synthetic_seed
TN,2023,asian,non-hisp,f,50-54,0.023721,synthetic_seed
TN,2023,asian,non-hisp,f,55-59,0.034361,synthetic_seed
TN,2023,asian,non-hisp,f,60-64,0.051105,synthetic_seed
TN,2023,asian,non-hisp,f,65-69,0.075698,synthetic_seed
TN,2023,asian,non-hisp,f,70-74,0.115466,synthetic_seed
TN,2023,asian,non-hisp,f,75-79,0.179478,synthetic_seed
TN,2023,asian,non-hisp,f,80-84,0.281339,synthetic_seed
TN,2023,asian,non-hisp,f,85+,0.485149,synthetic_seed
TN,2023,asian,hisp,m,0-4,0.003078,synthetic_seed
TN,2023,asian,hisp,m,5-9,0.000616,synthetic_seed
TN,2023,asian,hisp,m,10-14,0.000616,synthetic_seed
TN,2023,asian,hisp,m,15-19,0.003078,synthetic_seed
TN,2023,asian,hisp,m,20-24,0.004925,synthetic_seed
TN,2023,asian,hisp,m,25-29,0.006156,synthetic_seed
TN,2023,asian,hisp,m,30-34,0.008003,synthetic_seed
TN,2023,asian,hisp,m,35-39,0.011081,synthetic_seed
TN,2023,asian,hisp,m,40-44,0.015267,synthetic_seed
TN,2023,asian,hisp,m,45-49,0.022654,synthetic_seed
TN,2023,asian,hisp,m,50-54,0.033489,synthetic_seed
TN,2023,asian,hisp,m,55-59,0.048509,synthetic_seed
TN,2023,asian,hisp,m,60-64,0.072148,synthetic_seed
TN,2023,asian,hisp,m,65-69,0.106868,synthetic_seed
TN,2023,asian,hisp,m,70-74,0.163011,synthetic_seed
TN,2023,asian,hisp,m,75-79,0.253381,synthetic_seed
TN,2023,asian,hisp,m,80-84,0.397185,synthetic_seed
TN,2023,asian,hisp,m,85+,0.684917,synthetic_seed
TN,2023,asian,hisp,f,0-4,0.00218,synthetic_seed
TN,2023,asian,hisp,f,5-9,0.000436,synthetic_seed
TN,2023,asian,hisp,f,10-14,0.000436,synthetic_seed
TN,2023,asian,hisp,f,15-19,0.00218,synthetic_seed
TN,2023,asian,hisp,f,20-24,0.003488,synthetic_seed
TN,2023,asian,hisp,f,25-29,0.00436,synthetic_seed
TN,2023,asian,hisp,f,30-34,0.005669,synthetic_seed
TN,2023,asian,hisp,f,35-39,0.007849,synthetic_seed
TN,2023,asian,hisp,f,40-44,0.010814,synthetic_seed
TN,2023,asian,hisp,f,45-49,0.016047,synthetic_seed
TN,2023,asian,hisp,f,50-54,0.023721,synthetic_seed
TN,2023,asian,hisp,f,55-59,0.034361,synthetic_seed
TN,2023,asian,hisp,f,60-64,0.051105,synthetic_seed
TN,2023,asian,hisp,f,65-69,0.075698,synthetic_seed
TN,2023,asian,hisp,f,70-74,0.115466,synthetic_seed
TN,2023,asian,hisp,f,75-79,0.179478,synthetic_seed
TN,2023,asian,hisp,f,80-84,0.281339,synthetic_seed
TN,2023,asian,hisp,f,85+,0.485149,synthetic_seed
TN,2023,other,non-hisp,m,0-4,0.00324,synthetic_seed
TN,2023,other,non-hisp,m,5-9,0.000648,synthetic_seed
TN,2023,other,non-hisp,m,10-14,0.000648,synthetic_seed
TN,2023,other,non-hisp,m,15-19,0.00324,synthetic_seed
TN,2023,other,non-hisp,m,20-24,0.005184,synthetic_seed
TN,2023,other,non-hisp,m,25-29,0.00648,synthetic_seed
TN,2023,other,non-hisp,m,30-34,0.008424,synthetic_seed
TN,2023,other,non-hisp,m,35-39,0.011664,synthetic_seed
TN,2023,other,non-hisp,m,40-44,0.01607,synthetic_seed
TN,2023,other,non-hisp,m,45-49,0.023846,synthetic_seed
TN,2023,other,non-hisp,m,50-54,0.035251,synthetic_seed
TN,2023,other,non-hisp,m,55-59,0.051062,synthetic_seed
TN,2023,other,non-hisp,m,60-64,0.075946,synthetic_seed
TN,2023,other,non-hisp,m,65-69,0.112493,synthetic_seed
TN,2023,other,non-hisp,m,70-74,0.17159,synthetic_seed
TN,2023,other,non-hisp,m,75-79,0.266717,synthetic_seed
TN,2023,other,non-hisp,m,80-84,0.41809,synthetic_seed
TN,2023,other,non-hisp,m,85+,0.720965,synthetic_seed
TN,2023,other,non-hisp,f,0-4,0.002295,synthetic_seed
TN,2023,other,non-hisp,f,5-9,0.000459,synthetic_seed
TN,2023,other,non-hisp,f,10-14,0.000459,synthetic_seed
TN,2023,other,non-hisp,f,15-19,0.002295,synthetic_seed
TN,2023,other,non-hisp,f,20-24,0.003672,synthetic_seed
TN,2023,other,non-hisp,f,25-29,0.00459,synthetic_seed
TN,2023,other,non-hisp,f,30-34,0.005967,synthetic_seed
TN,2023,other,non-hisp,f,35-39,0.008262,synthetic_seed
TN,2023,other,non-hisp,f,40-44,0.011383,synthetic_seed
TN,2023,other,non-hisp,f,45-49,0.016891,synthetic_seed
TN,2023,other,non-hisp,f,50-54,0.02497,synthetic_seed
TN,2023,other,non-hisp,f,55-59,0.036169,synthetic_seed
TN,2023,other,non-hisp,f,60-64,0.053795,synthetic_seed
TN,2023,other,non-hisp,f,65-69,0.079682,synthetic_seed
TN,2023,other,non-hisp,f,70-74,0.121543,synthetic_seed
TN,2023,other,non-hisp,f,75-79,0.188924,synthetic_seed
TN,2023,other,non-hisp,f,80-84,0.296147,synthetic_seed
TN,2023,other,non-hisp,f,85+,0.510683,synthetic_seed
TN,2023,other,hisp,m,0-4,0.00324,synthetic_seed
TN,2023,other,hisp,m,5-9,0.000648,synthetic_seed
TN,2023,other,hisp,m,10-14,0.000648,synthetic_seed
TN,2023,other,hisp,m,15-19,0.00324,synthetic_seed
TN,2023,other,hisp,m,20-24,0.005184,synthetic_seed
TN,2023,other,hisp,m,25-29,0.00648,synthetic_seed
TN,2023,other,hisp,m,30-34,0.008424,synthetic_seed
TN,2023,other,hisp,m,35-39,0.011664,synthetic_seed
TN,2023,other,hisp,m,40-44,0.01607,synthetic_seed
TN,2023,other,hisp,m,45-49,0.023846,synthetic_seed
TN,2023,other,hisp,m,50-54,0.035251,synthetic_seed
TN,2023,other,hisp,m,55-59,0.051062,synthetic_seed
TN,2023,other,hisp,m,60-64,0.075946,synthetic_seed
TN,2023,other,hisp,m,65-69,0.112493,synthetic_seed
TN,2023,other,hisp,m,70-74,0.17159,synthetic_seed
TN,2023,other,hisp,m,75-79,0.266717,synthetic_seed
TN,2023,other,hisp,m,80-84,0.41809,synthetic_seed
TN,2023,other,hisp,m,85+,0.720965,synthetic_seed
TN,2023,other,hisp,f,0-4,0.002295,synthetic_seed
TN,2023,other,hisp,f,5-9,0.000459,synthetic_seed
TN,2023,other,hisp,f,10-14,0.000459,synthetic_seed
TN,2023,other,hisp,f,15-19,0.002295,synthetic_seed
TN,2023,other,hisp,f,20-24,0.003672,synthetic_seed
TN,2023,other,hisp,f,25-29,0.00459,synthetic_seed
TN,2023,other,hisp,f,30-34,0.005967,synthetic_seed
TN,2023,other,hisp,f,35-39,0.008262,synthetic_seed
TN,2023,other,hisp,f,40-44,0.011383,synthetic_seed
TN,2023,other,hisp,f,45-49,0.016891,synthetic_seed
TN,2023,other,hisp,f,50-54,0.02497,synthetic_seed
TN,2023,other,hisp,f,55-59,0.036169,synthetic_seed
TN,2023,other,hisp,f,60-64,0.053795,synthetic_seed
TN,2023,other,hisp,f,65-69,0.079682,synthetic_seed
TN,2023,other,hisp,f,70-74,0.121543,synthetic_seed
TN,2023,other,hisp,f,75-79,0.188924,synthetic_seed
TN,2023,other,hisp,f,80-84,0.296147,synthetic_seed
TN,2023,other,hisp,f,85+,0.510683,synthetic_seed
TX,2023,white,non-hisp,m,0-4,0.00324,synthetic_seed
TX,2023,white,non-hisp,m,5-9,0.000648,synthetic_seed
TX,2023,white,non-hisp,m,10-14,0.000648,synthetic_seed
TX,2023,white,non-hisp,m,15-19,0.00324,synthetic_seed
TX,2023,white,non-hisp,m,20-24,0.005184,synthetic_seed
TX,2023,white,non-hisp,m,25-29,0.00648,synthetic_seed
TX,2023,white,non-hisp,m,30-34,0.008424,synthetic_seed
TX,2023,white,non-hisp,m,35-39,0.011664,synthetic_seed
TX,2023,white,non-hisp,m,40-44,0.01607,synthetic_seed
TX,2023,white,non-hisp,m,45-49,0.023846,synthetic_seed
TX,2023,white,non-hisp,m,50-54,0.035251,synthetic_seed
TX,2023,white,non-hisp,m,55-59,0.051062,synthetic_seed
TX,2023,white,non-hisp,m,60-64,0.075946,synthetic_seed
TX,2023,white,non-hisp,m,65-69,0.112493,synthetic_seed
TX,2023,white,non-hisp,m,70-74,0.17159,synthetic_seed
TX,2023,white,non-hisp,m,75-79,0.266717,synthetic_seed
TX,2023,white,non-hisp,m,80-84,0.41809,synthetic_seed
TX,2023,white,non-hisp,m,85+,0.720965,synthetic_seed
TX,2023,white,non-hisp,f,0-4,0.002295,synthetic_seed
TX,2023,white,non-hisp,f,5-9,0.000459,synthetic_seed
TX,2023,white,non-hisp,f,10-14,0.000459,synthetic_seed
TX,2023,white,non-hisp,f,15-19,0.002295,synthetic_seed
TX,2023,white,non-hisp,f,20-24,0.003672,synthetic_seed
TX,2023,white,non-hisp,f,25-29,0.00459,synthetic_seed
TX,2023,white,non-hisp,f,30-34,0.005967,synthetic_seed
TX,2023,white,non-hisp,f,35-39,0.008262,synthetic_seed
TX,2023,white,non-hisp,f,40-44,0.011383,synthetic_seed
TX,2023,white,non-hisp,f,45-49,0.016891,synthetic_seed
TX,2023,white,non-hisp,f,50-54,0.02497,synthetic_seed
TX,2023,white,non-hisp,f,55-59,0.036169,synthetic_seed
TX,2023,white,non-hisp,f,60-64,0.053795,synthetic_seed
TX,2023,white,non-hisp,f,65-69,0.079682,synthetic_seed
TX,2023,white,non-hisp,f,70-74,0.121543,synthetic_seed
TX,2023,white,non-hisp,f,75-79,0.188924,synthetic_seed
TX,2023,white,non-hisp,f,80-84,0.296147,synthetic_seed
TX,2023,white,non-hisp,f,85+,0.510683,synthetic_seed
TX,2023,white,hisp,m,0-4,0.00324,synthetic_seed
TX,2023,white,hisp,m,5-9,0.000648,synthetic_seed
TX,2023,white,hisp,m,10-14,0.000648,synthetic_seed
TX,2023,white,hisp,m,15-19,0.00324,synthetic_seed
TX,2023,white,hisp,m,20-24,0.005184,synthetic_seed
TX,2023,white,hisp,m,25-29,0.00648,synthetic_seed
TX,2023,white,hisp,m,30-34,0.008424,synthetic_seed
TX,2023,white,hisp,m,35-39,0.011664,synthetic_seed
TX,2023,white,hisp,m,40-44,0.01607,synthetic_seed
TX,2023,white,hisp,m,45-49,0.023846,synthetic_seed
TX,2023,white,hisp,m,50-54,0.035251,synthetic_seed
TX,2023,white,hisp,m,55-59,0.051062,synthetic_seed
TX,2023,white,hisp,m,60-64,0.075946,synthetic_seed
TX,2023,white,hisp,m,65-69,0.112493,synthetic_seed
TX,2023,white,hisp,m,70-74,0.17159,synthetic_seed
TX,2023,white,hisp,m,75-79,0.266717,synthetic_seed
TX,2023,white,hisp,m,80-84,0.41809,synthetic_seed
TX,2023,white,hisp,m,85+,0.720965,synthetic_seed
TX,2023,white,hisp,f,0-4,0.002295,synthetic_seed
TX,2023,white,hisp,f,5-9,0.000459,synthetic_seed
TX,2023,white,hisp,f,10-14,0.000459,synthetic_seed
TX,2023,white,hisp,f,15-19,0.002295,synthetic_seed
TX,2023,white,hisp,f,20-24,0.003672,synthetic_seed
TX,2023,white,hisp,f,25-29,0.00459,synthetic_seed
TX,2023,white,hisp,f,30-34,0.005967,synthetic_seed
TX,2023,white,hisp,f,35-39,0.008262,synthetic_seed
TX,2023,white,hisp,f,40-44,0.011383,synthetic_seed
TX,2023,white,hisp,f,45-49,0.016891,synthetic_seed
TX,2023,white,hisp,f,50-54,0.02497,synthetic_seed
TX,2023,white,hisp,f,55-59,0.036169,synthetic_seed
TX,2023,white,hisp,f,60-64,0.053795,synthetic_seed
TX,2023,white,hisp,f,65-69,0.079682,synthetic_seed
TX,2023,white,hisp,f,70-74,0.121543,synthetic_seed
TX,2023,white,hisp,f,75-79,0.188924,synthetic_seed
TX,2023,white,hisp,f,80-84,0.296147,synthetic_seed
TX,2023,white,hisp,f,85+,0.510683,synthetic_seed
TX,2023,black,non-hisp,m,0-4,0.003564,synthetic_seed
TX,2023,black,non-hisp,m,5-9,0.000713,synthetic_seed
TX,2023,black,non-hisp,m,10-14,0.000713,synthetic_seed
TX,2023,black,non-hisp,m,15-19,0.003564,synthetic_seed
TX,2023,black,non-hisp,m,20-24,0.005702,synthetic_seed
TX,2023,black,non-hisp,m,25-29,0.007128,synthetic_seed
TX,2023,black,non-hisp,m,30-34,0.009266,synthetic_seed
TX,2023,black,non-hisp,m,35-39,0.01283,synthetic_seed
TX,2023,black,non-hisp,m,40-44,0.017677,synthetic_seed
TX,2023,black,non-hisp,m,45-49,0.026231,synthetic_seed
TX,2023,black,non-hisp,m,50-54,0.038776,synthetic_seed
TX,2023,black,non-hisp,m,55-59,0.056169,synthetic_seed
TX,2023,black,non-hisp,m,60-64,0.08354,synthetic_seed
TX,2023,black,non-hisp,m,65-69,0.123742,synthetic_seed
TX,2023,black,non-hisp,m,70-74,0.188749,synthetic_seed
TX,2023,black,non-hisp,m,75-79,0.293388,synthetic_seed
TX,2023,black,non-hisp,m,80-84,0.459899,synthetic_seed
TX,2023,black,non-hisp,m,85+,0.793061,synthetic_seed
TX,2023,black,non-hisp,f,0-4,0.002525,synthetic_seed
TX,2023,black,non-hisp,f,5-9,0.000505,synthetic_seed
TX,2023,black,non-hisp,f,10-14,0.000505,synthetic_seed
TX,2023,black,non-hisp,f,15-19,0.002525,synthetic_seed
TX,2023,black,non-hisp,f,20-24,0.004039,synthetic_seed
TX,2023,black,non-hisp,f,25-29,0.005049,synthetic_seed
TX,2023,black,non-hisp,f,30-34,0.006564,synthetic_seed
TX,2023,black,non-hisp,f,35-39,0.009088,synthetic_seed
TX,2023,black,non-hisp,f,40-44,0.012522,synthetic_seed
TX,2023,black,non-hisp,f,45-49,0.01858,synthetic_seed
TX,2023,black,non-hisp,f,50-54,0.027467,synthetic_seed
TX,2023,black,non-hisp,f,55-59,0.039786,synthetic_seed
TX,2023,black,non-hisp,f,60-64,0.059174,synthetic_seed
TX,2023,black,non-hisp,f,65-69,0.087651,synthetic_seed
TX,2023,black,non-hisp,f,70-74,0.133698,synthetic_seed
TX,2023,black,non-hisp,f,75-79,0.207817,synthetic_seed
TX,2023,black,non-hisp,f,80-84,0.325761,synthetic_seed
TX,2023,black,non-hisp,f,85+,0.561752,synthetic_seed
TX,2023,black,hisp,m,0-4,0.003564,synthetic_seed
TX,2023,black,hisp,m,5-9,0.000713,synthetic_seed
TX,2023,black,hisp,m,10-14,0.000713,synthetic_seed
TX,2023,black,hisp,m,15-19,0.003564,synthetic_seed
TX,2023,black,hisp,m,20-24,0.005702,synthetic_seed
TX,2023,black,hisp,m,25-29,0.007128,synthetic_seed
TX,2023,black,hisp,m,30-34,0.009266,synthetic_seed
TX,2023,black,hisp,m,35-39,0.01283,synthetic_seed
TX,2023,black,hisp,m,40-44,0.017677,synthetic_seed
TX,2023,black,hisp,m,45-49,0.026231,synthetic_seed
TX,2023,black,hisp,m,50-54,0.038776,synthetic_seed
TX,2023,black,hisp,m,55-59,0.056169,synthetic_seed
TX,2023,black,hisp,m,60-64,0.08354,synthetic_seed
TX,2023,black,hisp,m,65-69,0.123742,synthetic_seed
TX,2023,black,hisp,m,70-74,0.188749,synthetic_seed
TX,2023,black,hisp,m,75-79,0.293388,synthetic_seed
TX,2023,black,hisp,m,80-84,0.459899,synthetic_seed
TX,2023,black,hisp,m,85+,0.793061,synthetic_seed
TX,2023,black,hisp,f,0-4,0.002525,synthetic_seed
TX,2023,black,hisp,f,5-9,0.000505,synthetic_seed
TX,2023,black,hisp,f,10-14,0.000505,synthetic_seed
TX,2023,black,hisp,f,15-19,0.002525,synthetic_seed
TX,2023,black,hisp,f,20-24,0.004039,synthetic_seed
TX,2023,black,hisp,f,25-29,0.005049,synthetic_seed
TX,2023,black,hisp,f,30-34,0.006564,synthetic_seed
TX,2023,black,hisp,f,35-39,0.009088,synthetic_seed
TX,2023,black,hisp,f,40-44,0.012522,synthetic_seed
TX,2023,black,hisp,f,45-49,0.01858,synthetic_seed
TX,2023,black,hisp,f,50-54,0.027467,synthetic_seed
TX,2023,black,hisp,f,55-59,0.039786,synthetic_seed
TX,2023,black,hisp,f,60-64,0.059174,synthetic_seed
TX,2023,black,hisp,f,65-69,0.087651,synthetic_seed
TX,2023,black,hisp,f,70-74,0.133698,synthetic_seed
TX,2023,black,hisp,f,75-79,0.207817,synthetic_seed
TX,2023,black,hisp,f,80-84,0.325761,synthetic_seed
TX,2023,black,hisp,f,85+,0.561752,synthetic_seed
TX,2023,asian,non-hisp,m,0-4,0.003078,synthetic_seed
TX,2023,asian,non-hisp,m,5-9,0.000616,synthetic_seed
TX,2023,asian,non-hisp,m,10-14,0.000616,synthetic_seed
TX,2023,asian,non-hisp,m,15-19,0.003078,synthetic_seed
TX,2023,asian,non-hisp,m,20-24,0.004925,synthetic_seed
TX,2023,asian,non-hisp,m,25-29,0.006156,synthetic_seed
TX,2023,asian,non-hisp,m,30-34,0.008003,synthetic_seed
TX,2023,asian,non-hisp,m,35-39,0.011081,synthetic_seed
TX,2023,asian,non-hisp,m,40-44,0.015267,synthetic_seed
TX,2023,asian,non-hisp,m,45-49,0.022654,synthetic_seed
TX,2023,asian,non-hisp,m,50-54,0.033489,synthetic_seed
TX,2023,asian,non-hisp,m,55-59,0.048509,synthetic_seed
TX,2023,asian,non-hisp,m,60-64,0.072148,synthetic_seed
TX,2023,asian,non-hisp,m,65-69,0.106868,synthetic_seed
TX,2023,asian,non-hisp,m,70-74,0.163011,synthetic_seed
TX,2023,asian,non-hisp,m,75-79,0.253381,synthetic_seed
TX,2023,asian,non-hisp,m,80-84,0.397185,synthetic_seed
TX,2023,asian,non-hisp,m,85+,0.684917,synthetic_seed
TX,2023,asian,non-hisp,f,0-4,0.00218,synthetic_seed
TX,2023,asian,non-hisp,f,5-9,0.000436,synthetic_seed
TX,2023,asian,non-hisp,f,10-14,0.000436,synthetic_seed
TX,2023,asian,non-hisp,f,15-19,0.00218,synthetic_seed
TX,2023,asian,non-hisp,f,20-24,0.003488,synthetic_seed
TX,2023,asian,non-hisp,f,25-29,0.00436,synthetic_seed
TX,2023,asian,non-hisp,f,30-34,0.005669,synthetic_seed
TX,2023,asian,non-hisp,f,35-39,0.007849,synthetic_seed
TX,2023,asian,non-hisp,f,40-44,0.010814,synthetic_seed
TX,2023,asian,non-hisp,f,45-49,0.016047,synthetic_seed
TX,2023,asian,non-hisp,f,50-54,0.023721,synthetic_seed
TX,2023,asian,non-hisp,f,55-59,0.034361,synthetic_seed
TX,2023,asian,non-hisp,f,60-64,0.051105,synthetic_seed
TX,2023,asian,non-hisp,f,65-69,0.075698,synthetic_seed
TX,2023,asian,non-hisp,f,70-74,0.115466,synthetic_seed
TX,2023,asian,non-hisp,f,75-79,0.179478,synthetic_seed
TX,2023,asian,non-hisp,f,80-84,0.281339,synthetic_seed
TX,2023,asian,non-hisp,f,85+,0.485149,synthetic_seed
TX,2023,asian,hisp,m,0-4,0.003078,synthetic_seed
TX,2023,asian,hisp,m,5-9,0.000616,synthetic_seed
TX,2023,asian,hisp,m,10-14,0.000616,synthetic_seed
TX,2023,asian,hisp,m,15-19,0.003078,synthetic_seed
TX,2023,asian,hisp,m,20-24,0.004925,synthetic_seed
TX,2023,asian,hisp,m,25-29,0.006156,synthetic_seed
TX,2023,asian,hisp,m,30-34,0.008003,synthetic_seed
TX,2023,asian,hisp,m,35-39,0.011081,synthetic_seed
TX,2023,asian,hisp,m,40-44,0.015267,synthetic_seed
TX,2023,asian,hisp,m,45-49,0.022654,synthetic_seed
TX,2023,asian,hisp,m,50-54,0.033489,synthetic_seed
TX,2023,asian,hisp,m,55-59,0.048509,synthetic_seed
TX,2023,asian,hisp,m,60-64,0.072148,synthetic_seed
TX,2023,asian,hisp,m,65-69,0.106868,synthetic_seed
TX,2023,asian,hisp,m,70-74,0.163011,synthetic_seed
TX,2023,asian,hisp,m,75-79,0.253381,synthetic_seed
TX,2023,asian,hisp,m,80-84,0.397185,synthetic_seed
TX,2023,asian,hisp,m,85+,0.684917,synthetic_seed
TX,2023,asian,hisp,f,0-4,0.00218,synthetic_seed
TX,2023,asian,hisp,f,5-9,0.000436,synthetic_seed
TX,2023,asian,hisp,f,10-14,0.000436,synthetic_seed
TX,2023,asian,hisp,f,15-19,0.00218,synthetic_seed
TX,2023,asian,hisp,f,20-24,0.003488,synthetic_seed
TX,2023,asian,hisp,f,25-29,0.00436,synthetic_seed
TX,2023,asian,hisp,f,30-34,0.005669,synthetic_seed
TX,2023,asian,hisp,f,35-39,0.007849,synthetic_seed
TX,2023,asian,hisp,f,40-44,0.010814,synthetic_seed
TX,2023,asian,hisp,f,45-49,0.016047,synthetic_seed
TX,2023,asian,hisp,f,50-54,0.023721,synthetic_seed
TX,2023,asian,hisp,f,55-59,0.034361,synthetic_seed
TX,2023,asian,hisp,f,60-64,0.051105,synthetic_seed
TX,2023,asian,hisp,f,65-69,0.075698,synthetic_seed
TX,2023,asian,hisp,f,70-74,0.115466,synthetic_seed
TX,2023,asian,hisp,f,75-79,0.179478,synthetic_seed
TX,2023,asian,hisp,f,80-84,0.281339,synthetic_seed
TX,2023,asian,hisp,f,85+,0.485149,synthetic_seed
TX,2023,other,non-hisp,m,0-4,0.00324,synthetic_seed
TX,2023,other,non-hisp,m,5-9,0.000648,synthetic_seed
TX,2023,other,non-hisp,m,10-14,0.000648,synthetic_seed
TX,2023,other,non-hisp,m,15-19,0.00324,synthetic_seed
TX,2023,other,non-hisp,m,20-24,0.005184,synthetic_seed
TX,2023,other,non-hisp,m,25-29,0.00648,synthetic_seed
TX,2023,other,non-hisp,m,30-34,0.008424,synthetic_seed
TX,2023,other,non-hisp,m,35-39,0.011664,synthetic_seed
TX,2023,other,non-hisp,m,40-44,0.01607,synthetic_seed
TX,2023,other,non-hisp,m,45-49,0.023846,synthetic_seed
TX,2023,other,non-hisp,m,50-54,0.035251,synthetic_seed
TX,2023,other,non-hisp,m,55-59,0.051062,synthetic_seed
TX,2023,other,non-hisp,m,60-64,0.075946,synthetic_seed
TX,2023,other,non-hisp,m,65-69,0.112493,synthetic_seed
TX,2023,other,non-hisp,m,70-74,0.17159,synthetic_seed
TX,2023,other,non-hisp,m,75-79,0.266717,synthetic_seed
TX,2023,other,non-hisp,m,80-84,0.41809,synthetic_seed
TX,2023,other,non-hisp,m,85+,0.720965,synthetic_seed
TX,2023,other,non-hisp,f,0-4,0.002295,synthetic_seed
TX,2023,other,non-hisp,f,5-9,0.000459,synthetic_seed
TX,2023,other,non-hisp,f,10-14,0.000459,synthetic_seed
TX,2023,other,non-hisp,f,15-19,0.002295,synthetic_seed
TX,2023,other,non-hisp,f,20-24,0.003672,synthetic_seed
TX,2023,other,non-hisp,f,25-29,0.00459,synthetic_seed
TX,2023,other,non-hisp,f,30-34,0.005967,synthetic_seed
TX,2023,other,non-hisp,f,35-39,0.008262,synthetic_seed
TX,2023,other,non-hisp,f,40-44,0.011383,synthetic_seed
TX,2023,other,non-hisp,f,45-49,0.016891,synthetic_seed
TX,2023,other,non-hisp,f,50-54,0.02497,synthetic_seed
TX,2023,other,non-hisp,f,55-59,0.036169,synthetic_seed
TX,2023,other,non-hisp,f,60-64,0.053795,synthetic_seed
TX,2023,other,non-hisp,f,65-69,0.079682,synthetic_seed
TX,2023,other,non-hisp,f,70-74,0.121543,synthetic_seed
TX,2023,other,non-hisp,f,75-79,0.188924,synthetic_seed
TX,2023,other,non-hisp,f,80-84,0.296147,synthetic_seed
TX,2023,other,non-hisp,f,85+,0.510683,synthetic_seed
TX,2023,other,hisp,m,0-4,0.00324,synthetic_seed
TX,2023,other,hisp,m,5-9,0.000648,synthetic_seed
TX,2023,other,hisp,m,10-14,0.000648,synthetic_seed
TX,2023,other,hisp,m,15-19,0.00324,synthetic_seed
TX,2023,other,hisp,m,20-24,0.005184,synthetic_seed
TX,2023,other,hisp,m,25-29,0.00648,synthetic_seed
TX,2023,other,hisp,m,30-34,0.008424,synthetic_seed
TX,2023,other,hisp,m,35-39,0.011664,synthetic_seed
TX,2023,other,hisp,m,40-44,0.01607,synthetic_seed
TX,2023,other,hisp,m,45-49,0.023846,synthetic_seed
TX,2023,other,hisp,m,50-54,0.035251,synthetic_seed
TX,2023,other,hisp,m,55-59,0.051062,synthetic_seed
TX,2023,other,hisp,m,60-64,0.075946,synthetic_seed
TX,2023,other,hisp,m,65-69,0.112493,synthetic_seed
TX,2023,other,hisp,m,70-74,0.17159,synthetic_seed
TX,2023,other,hisp,m,75-79,0.266717,synthetic_seed
TX,2023,other,hisp,m,80-84,0.41809,synthetic_seed
TX,2023,other,hisp,m,85+,0.720965,synthetic_seed
TX,2023,other,hisp,f,0-4,0.002295,synthetic_seed
TX,2023,other,hisp,f,5-9,0.000459,synthetic_seed
TX,2023,other,hisp,f,10-14,0.000459,synthetic_seed
TX,2023,other,hisp,f,15-19,0.002295,synthetic_seed
TX,2023,other,hisp,f,20-24,0.003672,synthetic_seed
TX,2023,other,hisp,f,25-29,0.00459,synthetic_seed
TX,2023,other,hisp,f,30-34,0.005967,synthetic_seed
TX,2023,other,hisp,f,35-39,0.008262,synthetic_seed
TX,2023,other,hisp,f,40-44,0.011383,synthetic_seed
TX,2023,other,hisp,f,45-49,0.016891,synthetic_seed
TX,2023,other,hisp,f,50-54,0.02497,synthetic_seed
TX,2023,other,hisp,f,55-59,0.036169,synthetic_seed
TX,2023,other,hisp,f,60-64,0.053795,synthetic_seed
TX,2023,other,hisp,f,65-69,0.079682,synthetic_seed
TX,2023,other,hisp,f,70-74,0.121543,synthetic_seed
TX,2023,other,hisp,f,75-79,0.188924,synthetic_seed
TX,2023,other,hisp,f,80-84,0.296147,synthetic_seed
TX,2023,other,hisp,f,85+,0.510683,synthetic_seed
UT,2023,white,non-hisp,m,0-4,0.00291,synthetic_seed
UT,2023,white,non-hisp,m,5-9,0.000582,synthetic_seed
UT,2023,white,non-hisp,m,10-14,0.000582,synthetic_seed
UT,2023,white,non-hisp,m,15-19,0.00291,synthetic_seed
UT,2023,white,non-hisp,m,20-24,0.004656,synthetic_seed
UT,2023,white,non-hisp,m,25-29,0.00582,synthetic_seed
UT,2023,white,non-hisp,m,30-34,0.007566,synthetic_seed
UT,2023,white,non-hisp,m,35-39,0.010476,synthetic_seed
UT,2023,white,non-hisp,m,40-44,0.014434,synthetic_seed
UT,2023,white,non-hisp,m,45-49,0.021418,synthetic_seed
UT,2023,white,non-hisp,m,50-54,0.031661,synthetic_seed
UT,2023,white,non-hisp,m,55-59,0.045862,synthetic_seed
UT,2023,white,non-hisp,m,60-64,0.06821,synthetic_seed
UT,2023,white,non-hisp,m,65-69,0.101035,synthetic_seed
UT,2023,white,non-hisp,m,70-74,0.154114,synthetic_seed
UT,2023,white,non-hisp,m,75-79,0.239551,synthetic_seed
UT,2023,white,non-hisp,m,80-84,0.375506,synthetic_seed
UT,2023,white,non-hisp,m,85+,0.647533,synthetic_seed
UT,2023,white,non-hisp,f,0-4,0.002061,synthetic_seed
UT,2023,white,non-hisp,f,5-9,0.000412,synthetic_seed
UT,2023,white,non-hisp,f,10-14,0.000412,synthetic_seed
UT,2023,white,non-hisp,f,15-19,0.002061,synthetic_seed
UT,2023,white,non-hisp,f,20-24,0.003298,synthetic_seed
UT,2023,white,non-hisp,f,25-29,0.004123,synthetic_seed
UT,2023,white,non-hisp,f,30-34,0.005359,synthetic_seed
UT,2023,white,non-hisp,f,35-39,0.007421,synthetic_seed
UT,2023,white,non-hisp,f,40-44,0.010224,synthetic_seed
UT,2023,white,non-hisp,f,45-49,0.015171,synthetic_seed
UT,2023,white,non-hisp,f,50-54,0.022426,synthetic_seed
UT,2023,white,non-hisp,f,55-59,0.032485,synthetic_seed
UT,2023,white,non-hisp,f,60-64,0.048316,synthetic_seed
UT,2023,white,non-hisp,f,65-69,0.071567,synthetic_seed
UT,2023,white,non-hisp,f,70-74,0.109164,synthetic_seed
UT,2023,white,non-hisp,f,75-79,0.169682,synthetic_seed
UT,2023,white,non-hisp,f,80-84,0.265984,synthetic_seed
UT,2023,white,non-hisp,f,85+,0.458669,synthetic_seed
UT,2023,white,hisp,m,0-4,0.00291,synthetic_seed
UT,2023,white,hisp,m,5-9,0.000582,synthetic_seed
UT,2023,white,hisp,m,10-14,0.000582,synthetic_seed
UT,2023,white,hisp,m,15-19,0.00291,synthetic_seed
UT,2023,white,hisp,m,20-24,0.004656,synthetic_seed
UT,2023,white,hisp,m,25-29,0.00582,synthetic_seed
UT,2023,white,hisp,m,30-34,0.007566,synthetic_seed
UT,2023,white,hisp,m,35-39,0.010476,synthetic_seed
UT,2023,white,hisp,m,40-44,0.014434,synthetic_seed
UT,2023,white,hisp,m,45-49,0.021418,synthetic_seed
UT,2023,white,hisp,m,50-54,0.031661,synthetic_seed
UT,2023,white,hisp,m,55-59,0.045862,synthetic_seed
UT,2023,white,hisp,m,60-64,0.06821,synthetic_seed
UT,2023,white,hisp,m,65-69,0.101035,synthetic_seed
UT,2023,white,hisp,m,70-74,0.154114,synthetic_seed
UT,2023,white,hisp,m,75-79,0.239551,synthetic_seed
UT,2023,white,hisp,m,80-84,0.375506,synthetic_seed
UT,2023,white,hisp,m,85+,0.647533,synthetic_seed
UT,2023,white,hisp,f,0-4,0.002061,synthetic_seed
UT,2023,white,hisp,f,5-9,0.000412,synthetic_seed
UT,2023,white,hisp,f,10-14,0.000412,synthetic_seed
UT,2023,white,hisp,f,15-19,0.002061,synthetic_seed
UT,2023,white,hisp,f,20-24,0.003298,synthetic_seed
UT,2023,white,hisp,f,25-29,0.004123,synthetic_seed
UT,2023,white,hisp,f,30-34,0.005359,synthetic_seed
UT,2023,white,hisp,f,35-39,0.007421,synthetic_seed
UT,2023,white,hisp,f,40-44,0.010224,synthetic_seed
UT,2023,white,hisp,f,45-49,0.015171,synthetic_seed
UT,2023,white,hisp,f,50-54,0.022426,synthetic_seed
UT,2023,white,hisp,f,55-59,0.032485,synthetic_seed
UT,2023,white,hisp,f,60-64,0.048316,synthetic_seed
UT,2023,white,hisp,f,65-69,0.071567,synthetic_seed
UT,2023,white,hisp,f,70-74,0.109164,synthetic_seed
UT,2023,white,hisp,f,75-79,0.169682,synthetic_seed
UT,2023,white,hisp,f,80-84,0.265984,synthetic_seed
UT,2023,white,hisp,f,85+,0.458669,synthetic_seed
UT,2023,black,non-hisp,m,0-4,0.003201,synthetic_seed
UT,2023,black,non-hisp,m,5-9,0.00064,synthetic_seed
UT,2023,black,non-hisp,m,10-14,0.00064,synthetic_seed
UT,2023,black,non-hisp,m,15-19,0.003201,synthetic_seed
UT,2023,black,non-hisp,m,20-24,0.005122,synthetic_seed
UT,2023,black,non-hisp,m,25-29,0.006402,synthetic_seed
UT,2023,black,non-hisp,m,30-34,0.008323,synthetic_seed
UT,2023,black,non-hisp,m,35-39,0.011524,synthetic_seed
UT,2023,black,non-hisp,m,40-44,0.015877,synthetic_seed
UT,2023,black,non-hisp,m,45-49,0.023559,synthetic_seed
UT,2023,black,non-hisp,m,50-54,0.034827,synthetic_seed
UT,2023,black,non-hisp,m,55-59,0.050448,synthetic_seed
UT,2023,black,non-hisp,m,60-64,0.075031,synthetic_seed
UT,2023,black,non-hisp,m,65-69,0.111139,synthetic_seed
UT,2023,black,non-hisp,m,70-74,0.169525,synthetic_seed
UT,2023,black,non-hisp,m,75-79,0.263506,synthetic_seed
UT,2023,black,non-hisp,m,80-84,0.413057,synthetic_seed
UT,2023,black,non-hisp,m,85+,0.712287,synthetic_seed
UT,2023,black,non-hisp,f,0-4,0.002267,synthetic_seed
UT,2023,black,non-hisp,f,5-9,0.000453,synthetic_seed
UT,2023,black,non-hisp,f,10-14,0.000453,synthetic_seed
UT,2023,black,non-hisp,f,15-19,0.002267,synthetic_seed
UT,2023,black,non-hisp,f,20-24,0.003628,synthetic_seed
UT,2023,black,non-hisp,f,25-29,0.004535,synthetic_seed
UT,2023,black,non-hisp,f,30-34,0.005895,synthetic_seed
UT,2023,black,non-hisp,f,35-39,0.008163,synthetic_seed
UT,2023,black,non-hisp,f,40-44,0.011246,synthetic_seed
UT,2023,black,non-hisp,f,45-49,0.016688,synthetic_seed
UT,2023,black,non-hisp,f,50-54,0.024669,synthetic_seed
UT,2023,black,non-hisp,f,55-59,0.035734,synthetic_seed
UT,2023,black,non-hisp,f,60-64,0.053147,synthetic_seed
UT,2023,black,non-hisp,f,65-69,0.078723,synthetic_seed
UT,2023,black,non-hisp,f,70-74,0.12008,synthetic_seed
UT,2023,black,non-hisp,f,75-79,0.18665,synthetic_seed
UT,2023,black,non-hisp,f,80-84,0.292582,synthetic_seed
UT,2023,black,non-hisp,f,85+,0.504536,synthetic_seed
UT,2023,black,hisp,m,0-4,0.003201,synthetic_seed
UT,2023,black,hisp,m,5-9,0.00064,synthetic_seed
UT,2023,black,hisp,m,10-14,0.00064,synthetic_seed
UT,2023,black,hisp,m,15-19,0.003201,synthetic_seed
UT,2023,black,hisp,m,20-24,0.005122,synthetic_seed
UT,2023,black,hisp,m,25-29,0.006402,synthetic_seed
UT,2023,black,hisp,m,30-34,0.008323,synthetic_seed
UT,2023,black,hisp,m,35-39,0.011524,synthetic_seed
UT,2023,black,hisp,m,40-44,0.015877,synthetic_seed
UT,2023,black,hisp,m,45-49,0.023559,synthetic_seed
UT,2023,black,hisp,m,50-54,0.034827,synthetic_seed
UT,2023,black,hisp,m,55-59,0.050448,synthetic_seed
UT,2023,black,hisp,m,60-64,0.075031,synthetic_seed
UT,2023,black,hisp,m,65-69,0.111139,synthetic_seed
UT,2023,black,hisp,m,70-74,0.169525,synthetic_seed
UT,2023,black,hisp,m,75-79,0.263506,synthetic_seed
UT,2023,black,hisp,m,80-84,0.413057,synthetic_seed
UT,2023,black,hisp,m,85+,0.712287,synthetic_seed
UT,2023,black,hisp,f,0-4,0.002267,synthetic_seed
UT,2023,black,hisp,f,5-9,0.000453,synthetic_seed
UT,2023,black,hisp,f,10-14,0.000453,synthetic_seed
UT,2023,black,hisp,f,15-19,0.002267,synthetic_seed
UT,2023,black,hisp,f,20-24,0.003628,synthetic_seed
UT,2023,black,hisp,f,25-29,0.004535,synthetic_seed
UT,2023,black,hisp,f,30-34,0.005895,synthetic_seed
UT,2023,black,hisp,f,35-39,0.008163,synthetic_seed
UT,2023,black,hisp,f,40-44,0.011246,synthetic_seed
UT,2023,black,hisp,f,45-49,0.016688,synthetic_seed
UT,2023,black,hisp,f,50-54,0.024669,synthetic_seed
UT,2023,black,hisp,f,55-59,0.035734,synthetic_seed
UT,2023,black,hisp,f,60-64,0.053147,synthetic_seed
UT,2023,black,hisp,f,65-69,0.078723,synthetic_seed
UT,2023,black,hisp,f,70-74,0.12008,synthetic_seed
UT,2023,black,hisp,f,75-79,0.18665,synthetic_seed
UT,2023,black,hisp,f,80-84,0.292582,synthetic_seed
UT,2023,black,hisp,f,85+,0.504536,synthetic_seed
UT,2023,asian,non-hisp,m,0-4,0.002764,synthetic_seed
UT,2023,asian,non-hisp,m,5-9,0.000553,synthetic_seed
UT,2023,asian,non-hisp,m,10-14,0.000553,synthetic_seed
UT,2023,asian,non-hisp,m,15-19,0.002764,synthetic_seed
UT,2023,asian,non-hisp,m,20-24,0.004423,synthetic_seed
UT,2023,asian,non-hisp,m,25-29,0.005529,synthetic_seed
UT,2023,asian,non-hisp,m,30-34,0.007188,synthetic_seed
UT,2023,asian,non-hisp,m,35-39,0.009952,synthetic_seed
UT,2023,asian,non-hisp,m,40-44,0.013712,synthetic_seed
UT,2023,asian,non-hisp,m,45-49,0.020347,synthetic_seed
UT,2023,asian,non-hisp,m,50-54,0.030078,synthetic_seed
UT,2023,asian,non-hisp,m,55-59,0.043569,synthetic_seed
UT,2023,asian,non-hisp,m,60-64,0.0648,synthetic_seed
UT,2023,asian,non-hisp,m,65-69,0.095983,synthetic_seed
UT,2023,asian,non-hisp,m,70-74,0.146408,synthetic_seed
UT,2023,asian,non-hisp,m,75-79,0.227574,synthetic_seed
UT,2023,asian,non-hisp,m,80-84,0.356731,synthetic_seed
UT,2023,asian,non-hisp,m,85+,0.615157,synthetic_seed
UT,2023,asian,non-hisp,f,0-4,0.001958,synthetic_seed
UT,2023,asian,non-hisp,f,5-9,0.000392,synthetic_seed
UT,2023,asian,non-hisp,f,10-14,0.000392,synthetic_seed
UT,2023,asian,non-hisp,f,15-19,0.001958,synthetic_seed
UT,2023,asian,non-hisp,f,20-24,0.003133,synthetic_seed
UT,2023,asian,non-hisp,f,25-29,0.003916,synthetic_seed
UT,2023,asian,non-hisp,f,30-34,0.005091,synthetic_seed
UT,2023,asian,non-hisp,f,35-39,0.007049,synthetic_seed
UT,2023,asian,non-hisp,f,40-44,0.009713,synthetic_seed
UT,2023,asian,non-hisp,f,45-49,0.014412,synthetic_seed
UT,2023,asian,non-hisp,f,50-54,0.021305,synthetic_seed
UT,2023,asian,non-hisp,f,55-59,0.030861,synthetic_seed
UT,2023,asian,non-hisp,f,60-64,0.0459,synthetic_seed
UT,2023,asian,non-hisp,f,65-69,0.067988,synthetic_seed
UT,2023,asian,non-hisp,f,70-74,0.103706,synthetic_seed
UT,2023,asian,non-hisp,f,75-79,0.161198,synthetic_seed
UT,2023,asian,non-hisp,f,80-84,0.252685,synthetic_seed
UT,2023,asian,non-hisp,f,85+,0.435736,synthetic_seed
UT,2023,asian,hisp,m,0-4,0.002764,synthetic_seed
UT,2023,asian,hisp,m,5-9,0.000553,synthetic_seed
UT,2023,asian,hisp,m,10-14,0.000553,synthetic_seed
UT,2023,asian,hisp,m,15-19,0.002764,synthetic_seed
UT,2023,asian,hisp,m,20-24,0.004423,synthetic_seed
UT,2023,asian,hisp,m,25-29,0.005529,synthetic_seed
UT,2023,asian,hisp,m,30-34,0.007188,synthetic_seed
UT,2023,asian,hisp,m,35-39,0.009952,synthetic_seed
UT,2023,asian,hisp,m,40-44,0.013712,synthetic_seed
UT,2023,asian,hisp,m,45-49,0.020347,synthetic_seed
UT,2023,asian,hisp,m,50-54,0.030078,synthetic_seed
UT,2023,asian,hisp,m,55-59,0.043569,synthetic_seed
UT,2023,asian,hisp,m,60-64,0.0648,synthetic_seed
UT,2023,asian,hisp,m,65-69,0.095983,synthetic_seed
UT,2023,asian,hisp,m,70-74,0.146408,synthetic_seed
UT,2023,asian,hisp,m,75-79,0.227574,synthetic_seed
UT,2023,asian,hisp,m,80-84,0.356731,synthetic_seed
UT,2023,asian,hisp,m,85+,0.615157,synthetic_seed
UT,2023,asian,hisp,f,0-4,0.001958,synthetic_seed
UT,2023,asian,hisp,f,5-9,0.000392,synthetic_seed
UT,2023,asian,hisp,f,10-14,0.000392,synthetic_seed
UT,2023,asian,hisp,f,15-19,0.001958,synthetic_seed
UT,2023,asian,hisp,f,20-24,0.003133,synthetic_seed
UT,2023,asian,hisp,f,25-29,0.003916,synthetic_seed
UT,2023,asian,hisp,f,30-34,0.005091,synthetic_seed
UT,2023,asian,hisp,f,35-39,0.007049,synthetic_seed
UT,2023,asian,hisp,f,40-44,0.009713,synthetic_seed
UT,2023,asian,hisp,f,45-49,0.014412,synthetic_seed
UT,2023,asian,hisp,f,50-54,0.021305,synthetic_seed
UT,2023,asian,hisp,f,55-59,0.030861,synthetic_seed
UT,2023,asian,hisp,f,60-64,0.0459,synthetic_seed
UT,2023,asian,hisp,f,65-69,0.067988,synthetic_seed
UT,2023,asian,hisp,f,70-74,0.103706,synthetic_seed
UT,2023,asian,hisp,f,75-79,0.161198,synthetic_seed
UT,2023,asian,hisp,f,80-84,0.252685,synthetic_seed
UT,2023,asian,hisp,f,85+,0.435736,synthetic_seed
UT,2023,other,non-hisp,m,0-4,0.00291,synthetic_seed
UT,2023,other,non-hisp,m,5-9,0.000582,synthetic_seed
UT,2023,other,non-hisp,m,10-14,0.000582,synthetic_seed
UT,2023,other,non-hisp,m,15-19,0.00291,synthetic_seed
UT,2023,other,non-hisp,m,20-24,0.004656,synthetic_seed
UT,2023,other,non-hisp,m,25-29,0.00582,synthetic_seed
UT,2023,other,non-hisp,m,30-34,0.007566,synthetic_seed
UT,2023,other,non-hisp,m,35-39,0.010476,synthetic_seed
UT,2023,other,non-hisp,m,40-44,0.014434,synthetic_seed
UT,2023,other,non-hisp,m,45-49,0.021418,synthetic_seed
UT,2023,other,non-hisp,m,50-54,0.031661,synthetic_seed
UT,2023,other,non-hisp,m,55-59,0.045862,synthetic_seed
UT,2023,other,non-hisp,m,60-64,0.06821,synthetic_seed
UT,2023,other,non-hisp,m,65-69,0.101035,synthetic_seed
UT,2023,other,non-hisp,m,70-74,0.154114,synthetic_seed
UT,2023,other,non-hisp,m,75-79,0.239551,synthetic_seed
UT,2023,other,non-hisp,m,80-84,0.375506,synthetic_seed
UT,2023,other,non-hisp,m,85+,0.647533,synthetic_seed
UT,2023,other,non-hisp,f,0-4,0.002061,synthetic_seed
UT,2023,other,non-hisp,f,5-9,0.000412,synthetic_seed
UT,2023,other,non-hisp,f,10-14,0.000412,synthetic_seed
UT,2023,other,non-hisp,f,15-19,0.002061,synthetic_seed
UT,2023,other,non-hisp,f,20-24,0.003298,synthetic_seed
UT,2023,other,non-hisp,f,25-29,0.004123,synthetic_seed
UT,2023,other,non-hisp,f,30-34,0.005359,synthetic_seed
UT,2023,other,non-hisp,f,35-39,0.007421,synthetic_seed
UT,2023,other,non-hisp,f,40-44,0.010224,synthetic_seed
UT,2023,other,non-hisp,f,45-49,0.015171,synthetic_seed
UT,2023,other,non-hisp,f,50-54,0.022426,synthetic_seed
UT,2023,other,non-hisp,f,55-59,0.032485,synthetic_seed
UT,2023,other,non-hisp,f,60-64,0.048316,synthetic_seed
UT,2023,other,non-hisp,f,65-69,0.071567,synthetic_seed
UT,2023,other,non-hisp,f,70-74,0.109164,synthetic_seed
UT,2023,other,non-hisp,f,75-79,0.169682,synthetic_seed
UT,2023,other,non-hisp,f,80-84,0.265984,synthetic_seed
UT,2023,other,non-hisp,f,85+,0.458669,synthetic_seed
UT,2023,other,hisp,m,0-4,0.00291,synthetic_seed
UT,2023,other,hisp,m,5-9,0.000582,synthetic_seed
UT,2023,other,hisp,m,10-14,0.000582,synthetic_seed
UT,2023,other,hisp,m,15-19,0.00291,synthetic_seed
UT,2023,other,hisp,m,20-24,0.004656,synthetic_seed
UT,2023,other,hisp,m,25-29,0.00582,synthetic_seed
UT,2023,other,hisp,m,30-34,0.007566,synthetic_seed
UT,2023,other,hisp,m,35-39,0.010476,synthetic_seed
UT,2023,other,hisp,m,40-44,0.014434,synthetic_seed
UT,2023,other,hisp,m,45-49,0.021418,synthetic_seed
UT,2023,other,hisp,m,50-54,0.031661,synthetic_seed
UT,2023,other,hisp,m,55-59,0.045862,synthetic_seed
UT,2023,other,hisp,m,60-64,0.06821,synthetic_seed
UT,2023,other,hisp,m,65-69,0.101035,synthetic_seed
UT,2023,other,hisp,m,70-74,0.154114,synthetic_seed
UT,2023,other,hisp,m,75-79,0.239551,synthetic_seed
UT,2023,other,hisp,m,80-84,0.375506,synthetic_seed
UT,2023,other,hisp,m,85+,0.647533,synthetic_seed
UT,2023,other,hisp,f,0-4,0.002061,synthetic_seed
UT,2023,other,hisp,f,5-9,0.000412,synthetic_seed
UT,2023,other,hisp,f,10-14,0.000412,synthetic_seed
UT,2023,other,hisp,f,15-19,0.002061,synthetic_seed
UT,2023,other,hisp,f,20-24,0.003298,synthetic_seed
UT,2023,other,hisp,f,25-29,0.004123,synthetic_seed
UT,2023,other,hisp,f,30-34,0.005359,synthetic_seed
UT,2023,other,hisp,f,35-39,0.007421,synthetic_seed
UT,2023,other,hisp,f,40-44,0.010224,synthetic_seed
UT,2023,other,hisp,f,45-49,0.015171,synthetic_seed
UT,2023,other,hisp,f,50-54,0.022426,synthetic_seed
UT,2023,other,hisp,f,55-59,0.032485,synthetic_seed
UT,2023,other,hisp,f,60-64,0.048316,synthetic_seed
UT,2023,other,hisp,f,65-69,0.071567,synthetic_seed
UT,2023,other,hisp,f,70-74,0.109164,synthetic_seed
UT,2023,other,hisp,f,75-79,0.169682,synthetic_seed
UT,2023,other,hisp,f,80-84,0.265984,synthetic_seed
UT,2023,other,hisp,f,85+,0.458669,synthetic_seed
VT,2023,white,non-hisp,m,0-4,0.00285,synthetic_seed
VT,2023,white,non-hisp,m,5-9,0.00057,synthetic_seed
VT,2023,white,non-hisp,m,10-14,0.00057,synthetic_seed
VT,2023,white,non-hisp,m,15-19,0.00285,synthetic_seed
VT,2023,white,non-hisp,m,20-24,0.00456,synthetic_seed
VT,2023,white,non-hisp,m,25-29,0.0057,synthetic_seed
VT,2023,white,non-hisp,m,30-34,0.00741,synthetic_seed
VT,2023,white,non-hisp,m,35-39,0.01026,synthetic_seed
VT,2023,white,non-hisp,m,40-44,0.014136,synthetic_seed
VT,2023,white,non-hisp,m,45-49,0.020976,synthetic_seed
VT,2023,white,non-hisp,m,50-54,0.031008,synthetic_seed
VT,2023,white,non-hisp,m,55-59,0.044916,synthetic_seed
VT,2023,white,non-hisp,m,60-64,0.066804,synthetic_seed
VT,2023,white,non-hisp,m,65-69,0.098952,synthetic_seed
VT,2023,white,non-hisp,m,70-74,0.150936,synthetic_seed
VT,2023,white,non-hisp,m,75-79,0.234612,synthetic_seed
VT,2023,white,non-hisp,m,80-84,0.367764,synthetic_seed
VT,2023,white,non-hisp,m,85+,0.634182,synthetic_seed
VT,2023,white,non-hisp,f,0-4,0.002019,synthetic_seed
VT,2023,white,non-hisp,f,5-9,0.000404,synthetic_seed
VT,2023,white,non-hisp,f,10-14,0.000404,synthetic_seed
VT,2023,white,non-hisp,f,15-19,0.002019,synthetic_seed
VT,2023,white,non-hisp,f,20-24,0.00323,synthetic_seed
VT,2023,white,non-hisp,f,25-29,0.004037,synthetic_seed
VT,2023,white,non-hisp,f,30-34,0.005249,synthetic_seed
VT,2023,white,non-hisp,f,35-39,0.007267,synthetic_seed
VT,2023,white,non-hisp,f,40-44,0.010013,synthetic_seed
VT,2023,white,non-hisp,f,45-49,0.014858,synthetic_seed
VT,2023,white,non-hisp,f,50-54,0.021964,synthetic_seed
VT,2023,white,non-hisp,f,55-59,0.031815,synthetic_seed
VT,2023,white,non-hisp,f,60-64,0.047319,synthetic_seed
VT,2023,white,non-hisp,f,65-69,0.070091,synthetic_seed
VT,2023,white,non-hisp,f,70-74,0.106913,synthetic_seed
VT,2023,white,non-hisp,f,75-79,0.166183,synthetic_seed
VT,2023,white,non-hisp,f,80-84,0.260499,synthetic_seed
VT,2023,white,non-hisp,f,85+,0.449212,synthetic_seed
VT,2023,white,hisp,m,0-4,0.00285,synthetic_seed
VT,2023,white,hisp,m,5-9,0.00057,synthetic_seed
VT,2023,white,hisp,m,10-14,0.00057,synthetic_seed
VT,2023,white,hisp,m,15-19,0.00285,synthetic_seed
VT,2023,white,hisp,m,20-24,0.00456,synthetic_seed
VT,2023,white,hisp,m,25-29,0.0057,synthetic_seed
VT,2023,white,hisp,m,30-34,0.00741,synthetic_seed
VT,2023,white,hisp,m,35-39,0.01026,synthetic_seed
VT,2023,white,hisp,m,40-44,0.014136,synthetic_seed
VT,2023,white,hisp,m,45-49,0.020976,synthetic_seed
VT,2023,white,hisp,m,50-54,0.031008,synthetic_seed
VT,2023,white,hisp,m,55-59,0.044916,synthetic_seed
VT,2023,white,hisp,m,60-64,0.066804,synthetic_seed
VT,2023,white,hisp,m,65-69,0.098952,synthetic_seed
VT,2023,white,hisp,m,70-74,0.150936,synthetic_seed
VT,2023,white,hisp,m,75-79,0.234612,synthetic_seed
VT,2023,white,hisp,m,80-84,0.367764,synthetic_seed
VT,2023,white,hisp,m,85+,0.634182,synthetic_seed
VT,2023,white,hisp,f,0-4,0.002019,synthetic_seed
VT,2023,white,hisp,f,5-9,0.000404,synthetic_seed
VT,2023,white,hisp,f,10-14,0.000404,synthetic_seed
VT,2023,white,hisp,f,15-19,0.002019,synthetic_seed
VT,2023,white,hisp,f,20-24,0.00323,synthetic_seed
VT,2023,white,hisp,f,25-29,0.004037,synthetic_seed
VT,2023,white,hisp,f,30-34,0.005249,synthetic_seed
VT,2023,white,hisp,f,35-39,0.007267,synthetic_seed
VT,2023,white,hisp,f,40-44,0.010013,synthetic_seed
VT,2023,white,hisp,f,45-49,0.014858,synthetic_seed
VT,2023,white,hisp,f,50-54,0.021964,synthetic_seed
VT,2023,white,hisp,f,55-59,0.031815,synthetic_seed
VT,2023,white,hisp,f,60-64,0.047319,synthetic_seed
VT,2023,white,hisp,f,65-69,0.070091,synthetic_seed
VT,2023,white,hisp,f,70-74,0.106913,synthetic_seed
VT,2023,white,hisp,f,75-79,0.166183,synthetic_seed
VT,2023,white,hisp,f,80-84,0.260499,synthetic_seed
VT,2023,white,hisp,f,85+,0.449212,synthetic_seed
VT,2023,black,non-hisp,m,0-4,0.003135,synthetic_seed
VT,2023,black,non-hisp,m,5-9,0.000627,synthetic_seed
VT,2023,black,non-hisp,m,10-14,0.000627,synthetic_seed
VT,2023,black,non-hisp,m,15-19,0.003135,synthetic_seed
VT,2023,black,non-hisp,m,20-24,0.005016,synthetic_seed
VT,2023,black,non-hisp,m,25-29,0.00627,synthetic_seed
VT,2023,black,non-hisp,m,30-34,0.008151,synthetic_seed
VT,2023,black,non-hisp,m,35-39,0.011286,synthetic_seed
VT,2023,black,non-hisp,m,40-44,0.01555,synthetic_seed
VT,2023,black,non-hisp,m,45-49,0.023074,synthetic_seed
VT,2023,black,non-hisp,m,50-54,0.034109,synthetic_seed
VT,2023,black,non-hisp,m,55-59,0.049408,synthetic_seed
VT,2023,black,non-hisp,m,60-64,0.073484,synthetic_seed
VT,2023,black,non-hisp,m,65-69,0.108847,synthetic_seed
VT,2023,black,non-hisp,m,70-74,0.16603,synthetic_seed
VT,2023,black,non-hisp,m,75-79,0.258073,synthetic_seed
VT,2023,black,non-hisp,m,80-84,0.40454,synthetic_seed
VT,2023,black,non-hisp,m,85+,0.6976,synthetic_seed
VT,2023,black,non-hisp,f,0-4,0.002221,synthetic_seed
VT,2023,black,non-hisp,f,5-9,0.000444,synthetic_seed
VT,2023,black,non-hisp,f,10-14,0.000444,synthetic_seed
VT,2023,black,non-hisp,f,15-19,0.002221,synthetic_seed
VT,2023,black,non-hisp,f,20-24,0.003553,synthetic_seed
VT,2023,black,non-hisp,f,25-29,0.004441,synthetic_seed
VT,2023,black,non-hisp,f,30-34,0.005774,synthetic_seed
VT,2023,black,non-hisp,f,35-39,0.007994,synthetic_seed
VT,2023,black,non-hisp,f,40-44,0.011014,synthetic_seed
VT,2023,black,non-hisp,f,45-49,0.016344,synthetic_seed
VT,2023,black,non-hisp,f,50-54,0.02416,synthetic_seed
VT,2023,black,non-hisp,f,55-59,0.034997,synthetic_seed
VT,2023,black,non-hisp,f,60-64,0.052051,synthetic_seed
VT,2023,black,non-hisp,f,65-69,0.0771,synthetic_seed
VT,2023,black,non-hisp,f,70-74,0.117604,synthetic_seed
VT,2023,black,non-hisp,f,75-79,0.182802,synthetic_seed
VT,2023,black,non-hisp,f,80-84,0.286549,synthetic_seed
VT,2023,black,non-hisp,f,85+,0.494133,synthetic_seed
VT,2023,black,hisp,m,0-4,0.003135,synthetic_seed
VT,2023,black,hisp,m,5-9,0.000627,synthetic_seed
VT,2023,black,hisp,m,10-14,0.000627,synthetic_seed
VT,2023,black,hisp,m,15-19,0.003135,synthetic_seed
VT,2023,black,hisp,m,20-24,0.005016,synthetic_seed
VT,2023,black,hisp,m,25-29,0.00627,synthetic_seed
VT,2023,black,hisp,m,30-34,0.008151,synthetic_seed
VT,2023,black,hisp,m,35-39,0.011286,synthetic_seed
VT,2023,black,hisp,m,40-44,0.01555,synthetic_seed
VT,2023,black,hisp,m,45-49,0.023074,synthetic_seed
VT,2023,black,hisp,m,50-54,0.034109,synthetic_seed
VT,2023,black,hisp,m,55-59,0.049408,synthetic_seed
VT,2023,black,hisp,m,60-64,0.073484,synthetic_seed
VT,2023,black,hisp,m,65-69,0.108847,synthetic_seed
VT,2023,black,hisp,m,70-74,0.16603,synthetic_seed
VT,2023,black,hisp,m,75-79,0.258073,synthetic_seed
VT,2023,black,hisp,m,80-84,0.40454,synthetic_seed
VT,2023,black,hisp,m,85+,0.6976,synthetic_seed
VT,2023,black,hisp,f,0-4,0.002221,synthetic_seed
VT,2023,black,hisp,f,5-9,0.000444,synthetic_seed
VT,2023,black,hisp,f,10-14,0.000444,synthetic_seed
VT,2023,black,hisp,f,15-19,0.002221,synthetic_seed
VT,2023,black,hisp,f,20-24,0.003553,synthetic_seed
VT,2023,black,hisp,f,25-29,0.004441,synthetic_seed
VT,2023,black,hisp,f,30-34,0.005774,synthetic_seed
VT,2023,black,hisp,f,35-39,0.007994,synthetic_seed
VT,2023,black,hisp,f,40-44,0.011014,synthetic_seed
VT,2023,black,hisp,f,45-49,0.016344,synthetic_seed
VT,2023,black,hisp,f,50-54,0.02416,synthetic_seed
VT,2023,black,hisp,f,55-59,0.034997,synthetic_seed
VT,2023,black,hisp,f,60-64,0.052051,synthetic_seed
VT,2023,black,hisp,f,65-69,0.0771,synthetic_seed
VT,2023,black,hisp,f,70-74,0.117604,synthetic_seed
VT,2023,black,hisp,f,75-79,0.182802,synthetic_seed
VT,2023,black,hisp,f,80-84,0.286549,synthetic_seed
VT,2023,black,hisp,f,85+,0.494133,synthetic_seed
VT,2023,asian,non-hisp,m,0-4,0.002707,synthetic_seed
VT,2023,asian,non-hisp,m,5-9,0.000541,synthetic_seed
VT,2023,asian,non-hisp,m,10-14,0.000541,synthetic_seed
VT,2023,asian,non-hisp,m,15-19,0.002707,synthetic_seed
VT,2023,asian,non-hisp,m,20-24,0.004332,synthetic_seed
VT,2023,asian,non-hisp,m,25-29,0.005415,synthetic_seed
VT,2023,asian,non-hisp,m,30-34,0.007039,synthetic_seed
VT,2023,asian,non-hisp,m,35-39,0.009747,synthetic_seed
VT,2023,asian,non-hisp,m,40-44,0.013429,synthetic_seed
VT,2023,asian,non-hisp,m,45-49,0.019927,synthetic_seed
VT,2023,asian,non-hisp,m,50-54,0.029458,synthetic_seed
VT,2023,asian,non-hisp,m,55-59,0.04267,synthetic_seed
VT,2023,asian,non-hisp,m,60-64,0.063464,synthetic_seed
VT,2023,asian,non-hisp,m,65-69,0.094004,synthetic_seed
VT,2023,asian,non-hisp,m,70-74,0.143389,synthetic_seed
VT,2023,asian,non-hisp,m,75-79,0.222881,synthetic_seed
VT,2023,asian,non-hisp,m,80-84,0.349376,synthetic_seed
VT,2023,asian,non-hisp,m,85+,0.602473,synthetic_seed
VT,2023,asian,non-hisp,f,0-4,0.001918,synthetic_seed
VT,2023,asian,non-hisp,f,5-9,0.000384,synthetic_seed
VT,2023,asian,non-hisp,f,10-14,0.000384,synthetic_seed
VT,2023,asian,non-hisp,f,15-19,0.001918,synthetic_seed
VT,2023,asian,non-hisp,f,20-24,0.003069,synthetic_seed
VT,2023,asian,non-hisp,f,25-29,0.003836,synthetic_seed
VT,2023,asian,non-hisp,f,30-34,0.004986,synthetic_seed
VT,2023,asian,non-hisp,f,35-39,0.006904,synthetic_seed
VT,2023,asian,non-hisp,f,40-44,0.009512,synthetic_seed
VT,2023,asian,non-hisp,f,45-49,0.014115,synthetic_seed
VT,2023,asian,non-hisp,f,50-54,0.020866,synthetic_seed
VT,2023,asian,non-hisp,f,55-59,0.030225,synthetic_seed
VT,2023,asian,non-hisp,f,60-64,0.044954,synthetic_seed
VT,2023,asian,non-hisp,f,65-69,0.066586,synthetic_seed
VT,2023,asian,non-hisp,f,70-74,0.101567,synthetic_seed
VT,2023,asian,non-hisp,f,75-79,0.157874,synthetic_seed
VT,2023,asian,non-hisp,f,80-84,0.247475,synthetic_seed
VT,2023,asian,non-hisp,f,85+,0.426752,synthetic_seed
VT,2023,asian,hisp,m,0-4,0.002707,synthetic_seed
VT,2023,asian,hisp,m,5-9,0.000541,synthetic_seed
VT,2023,asian,hisp,m,10-14,0.000541,synthetic_seed
VT,2023,asian,hisp,m,15-19,0.002707,synthetic_seed
VT,2023,asian,hisp,m,20-24,0.004332,synthetic_seed
VT,2023,asian,hisp,m,25-29,0.005415,synthetic_seed
VT,2023,asian,hisp,m,30-34,0.007039,synthetic_seed
VT,2023,asian,hisp,m,35-39,0.009747,synthetic_seed
VT,2023,asian,hisp,m,40-44,0.013429,synthetic_seed
VT,2023,asian,hisp,m,45-49,0.019927,synthetic_seed
VT,2023,asian,hisp,m,50-54,0.029458,synthetic_seed
VT,2023,asian,hisp,m,55-59,0.04267,synthetic_seed
VT,2023,asian,hisp,m,60-64,0.063464,synthetic_seed
VT,2023,asian,hisp,m,65-69,0.094004,synthetic_seed
VT,2023,asian,hisp,m,70-74,0.143389,synthetic_seed
VT,2023,asian,hisp,m,75-79,0.222881,synthetic_seed
VT,2023,asian,hisp,m,80-84,0.349376,synthetic_seed
VT,2023,asian,hisp,m,85+,0.602473,synthetic_seed
VT,2023,asian,hisp,f,0-4,0.001918,synthetic_seed
VT,2023,asian,hisp,f,5-9,0.000384,synthetic_seed
VT,2023,asian,hisp,f,10-14,0.000384,synthetic_seed
VT,2023,asian,hisp,f,15-19,0.001918,synthetic_seed
VT,2023,asian,hisp,f,20-24,0.003069,synthetic_seed
VT,2023,asian,hisp,f,25-29,0.003836,synthetic_seed
VT,2023,asian,hisp,f,30-34,0.004986,synthetic_seed
VT,2023,asian,hisp,f,35-39,0.006904,synthetic_seed
VT,2023,asian,hisp,f,40-44,0.009512,synthetic_seed
VT,2023,asian,hisp,f,45-49,0.014115,synthetic_seed
VT,2023,asian,hisp,f,50-54,0.020866,synthetic_seed
VT,2023,asian,hisp,f,55-59,0.030225,synthetic_seed
VT,2023,asian,hisp,f,60-64,0.044954,synthetic_seed
VT,2023,asian,hisp,f,65-69,0.066586,synthetic_seed
VT,2023,asian,hisp,f,70-74,0.101567,synthetic_seed
VT,2023,asian,hisp,f,75-79,0.157874,synthetic_seed
VT,2023,asian,hisp,f,80-84,0.247475,synthetic_seed
VT,2023,asian,hisp,f,85+,0.426752,synthetic_seed
VT,2023,other,non-hisp,m,0-4,0.00285,synthetic_seed
VT,2023,other,non-hisp,m,5-9,0.00057,synthetic_seed
VT,2023,other,non-hisp,m,10-14,0.00057,synthetic_seed
VT,2023,other,non-hisp,m,15-19,0.00285,synthetic_seed
VT,2023,other,non-hisp,m,20-24,0.00456,synthetic_seed
VT,2023,other,non-hisp,m,25-29,0.0057,synthetic_seed
VT,2023,other,non-hisp,m,30-34,0.00741,synthetic_seed
VT,2023,other,non-hisp,m,35-39,0.01026,synthetic_seed
VT,2023,other,non-hisp,m,40-44,0.014136,synthetic_seed
VT,2023,other,non-hisp,m,45-49,0.020976,synthetic_seed
VT,2023,other,non-hisp,m,50-54,0.031008,synthetic_seed
VT,2023,other,non-hisp,m,55-59,0.044916,synthetic_seed
VT,2023,other,non-hisp,m,60-64,0.066804,synthetic_seed
VT,2023,other,non-hisp,m,65-69,0.098952,synthetic_seed
VT,2023,other,non-hisp,m,70-74,0.150936,synthetic_seed
VT,2023,other,non-hisp,m,75-79,0.234612,synthetic_seed
VT,2023,other,non-hisp,m,80-84,0.367764,synthetic_seed
VT,2023,other,non-hisp,m,85+,0.634182,synthetic_seed
VT,2023,other,non-hisp,f,0-4,0.002019,synthetic_seed
VT,2023,other,non-hisp,f,5-9,0.000404,synthetic_seed
VT,2023,other,non-hisp,f,10-14,0.000404,synthetic_seed
VT,2023,other,non-hisp,f,15-19,0.002019,synthetic_seed
VT,2023,other,non-hisp,f,20-24,0.00323,synthetic_seed
VT,2023,other,non-hisp,f,25-29,0.004037,synthetic_seed
VT,2023,other,non-hisp,f,30-34,0.005249,synthetic_seed
VT,2023,other,non-hisp,f,35-39,0.007267,synthetic_seed
VT,2023,other,non-hisp,f,40-44,0.010013,synthetic_seed
VT,2023,other,non-hisp,f,45-49,0.014858,synthetic_seed
VT,2023,other,non-hisp,f,50-54,0.021964,synthetic_seed
VT,2023,other,non-hisp,f,55-59,0.031815,synthetic_seed
VT,2023,other,non-hisp,f,60-64,0.047319,synthetic_seed
VT,2023,other,non-hisp,f,65-69,0.070091,synthetic_seed
VT,2023,other,non-hisp,f,70-74,0.106913,synthetic_seed
VT,2023,other,non-hisp,f,75-79,0.166183,synthetic_seed
VT,2023,other,non-hisp,f,80-84,0.260499,synthetic_seed
VT,2023,other,non-hisp,f,85+,0.449212,synthetic_seed
VT,2023,other,hisp,m,0-4,0.00285,synthetic_seed
VT,2023,other,hisp,m,5-9,0.00057,synthetic_seed
VT,2023,other,hisp,m,10-14,0.00057,synthetic_seed
VT,2023,other,hisp,m,15-19,0.00285,synthetic_seed
VT,2023,other,hisp,m,20-24,0.00456,synthetic_seed
VT,2023,other,hisp,m,25-29,0.0057,synthetic_seed
VT,2023,other,hisp,m,30-34,0.00741,synthetic_seed
VT,2023,other,hisp,m,35-39,0.01026,synthetic_seed
VT,2023,other,hisp,m,40-44,0.014136,synthetic_seed
VT,2023,other,hisp,m,45-49,0.020976,synthetic_seed
VT,2023,other,hisp,m,50-54,0.031008,synthetic_seed
VT,2023,other,hisp,m,55-59,0.044916,synthetic_seed
VT,2023,other,hisp,m,60-64,0.066804,synthetic_seed
VT,2023,other,hisp,m,65-69,0.098952,synthetic_seed
VT,2023,other,hisp,m,70-74,0.150936,synthetic_seed
VT,2023,other,hisp,m,75-79,0.234612,synthetic_seed
VT,2023,other,hisp,m,80-84,0.367764,synthetic_seed
VT,2023,other,hisp,m,85+,0.634182,synthetic_seed
VT,2023,other,hisp,f,0-4,0.002019,synthetic_seed
VT,2023,other,hisp,f,5-9,0.000404,synthetic_seed
VT,2023,other,hisp,f,10-14,0.000404,synthetic_seed
VT,2023,other,hisp,f,15-19,0.002019,synthetic_seed
VT,2023,other,hisp,f,20-24,0.00323,synthetic_seed
VT,2023,other,hisp,f,25-29,0.004037,synthetic_seed
VT,2023,other,hisp,f,30-34,0.005249,synthetic_seed
VT,2023,other,hisp,f,35-39,0.007267,synthetic_seed
VT,2023,other,hisp,f,40-44,0.010013,synthetic_seed
VT,2023,other,hisp,f,45-49,0.014858,synthetic_seed
VT,2023,other,hisp,f,50-54,0.021964,synthetic_seed
VT,2023,other,hisp,f,55-59,0.031815,synthetic_seed
VT,2023,other,hisp,f,60-64,0.047319,synthetic_seed
VT,2023,other,hisp,f,65-69,0.070091,synthetic_seed
VT,2023,other,hisp,f,70-74,0.106913,synthetic_seed
VT,2023,other,hisp,f,75-79,0.166183,synthetic_seed
VT,2023,other,hisp,f,80-84,0.260499,synthetic_seed
VT,2023,other,hisp,f,85+,0.449212,synthetic_seed
VA,2023,white,non-hisp,m,0-4,0.00324,synthetic_seed
VA,2023,white,non-hisp,m,5-9,0.000648,synthetic_seed
VA,2023,white,non-hisp,m,10-14,0.000648,synthetic_seed
VA,2023,white,non-hisp,m,15-19,0.00324,synthetic_seed
VA,2023,white,non-hisp,m,20-24,0.005184,synthetic_seed
VA,2023,white,non-hisp,m,25-29,0.00648,synthetic_seed
VA,2023,white,non-hisp,m,30-34,0.008424,synthetic_seed
VA,2023,white,non-hisp,m,35-39,0.011664,synthetic_seed
VA,2023,white,non-hisp,m,40-44,0.01607,synthetic_seed
VA,2023,white,non-hisp,m,45-49,0.023846,synthetic_seed
VA,2023,white,non-hisp,m,50-54,0.035251,synthetic_seed
VA,2023,white,non-hisp,m,55-59,0.051062,synthetic_seed
VA,2023,white,non-hisp,m,60-64,0.075946,synthetic_seed
VA,2023,white,non-hisp,m,65-69,0.112493,synthetic_seed
VA,2023,white,non-hisp,m,70-74,0.17159,synthetic_seed
VA,2023,white,non-hisp,m,75-79,0.266717,synthetic_seed
VA,2023,white,non-hisp,m,80-84,0.41809,synthetic_seed
VA,2023,white,non-hisp,m,85+,0.720965,synthetic_seed
VA,2023,white,non-hisp,f,0-4,0.002295,synthetic_seed
VA,2023,white,non-hisp,f,5-9,0.000459,synthetic_seed
VA,2023,white,non-hisp,f,10-14,0.000459,synthetic_seed
VA,2023,white,non-hisp,f,15-19,0.002295,synthetic_seed
VA,2023,white,non-hisp,f,20-24,0.003672,synthetic_seed
VA,2023,white,non-hisp,f,25-29,0.00459,synthetic_seed
VA,2023,white,non-hisp,f,30-34,0.005967,synthetic_seed
VA,2023,white,non-hisp,f,35-39,0.008262,synthetic_seed
VA,2023,white,non-hisp,f,40-44,0.011383,synthetic_seed
VA,2023,white,non-hisp,f,45-49,0.016891,synthetic_seed
VA,2023,white,non-hisp,f,50-54,0.02497,synthetic_seed
VA,2023,white,non-hisp,f,55-59,0.036169,synthetic_seed
VA,2023,white,non-hisp,f,60-64,0.053795,synthetic_seed
VA,2023,white,non-hisp,f,65-69,0.079682,synthetic_seed
VA,2023,white,non-hisp,f,70-74,0.121543,synthetic_seed
VA,2023,white,non-hisp,f,75-79,0.188924,synthetic_seed
VA,2023,white,non-hisp,f,80-84,0.296147,synthetic_seed
VA,2023,white,non-hisp,f,85+,0.510683,synthetic_seed
VA,2023,white,hisp,m,0-4,0.00324,synthetic_seed
VA,2023,white,hisp,m,5-9,0.000648,synthetic_seed
VA,2023,white,hisp,m,10-14,0.000648,synthetic_seed
VA,2023,white,hisp,m,15-19,0.00324,synthetic_seed
VA,2023,white,hisp,m,20-24,0.005184,synthetic_seed
VA,2023,white,hisp,m,25-29,0.00648,synthetic_seed
VA,2023,white,hisp,m,30-34,0.008424,synthetic_seed
VA,2023,white,hisp,m,35-39,0.011664,synthetic_seed
VA,2023,white,hisp,m,40-44,0.01607,synthetic_seed
VA,2023,white,hisp,m,45-49,0.023846,synthetic_seed
VA,2023,white,hisp,m,50-54,0.035251,synthetic_seed
VA,2023,white,hisp,m,55-59,0.051062,synthetic_seed
VA,2023,white,hisp,m,60-64,0.075946,synthetic_seed
VA,2023,white,hisp,m,65-69,0.112493,synthetic_seed
VA,2023,white,hisp,m,70-74,0.17159,synthetic_seed
VA,2023,white,hisp,m,75-79,0.266717,synthetic_seed
VA,2023,white,hisp,m,80-84,0.41809,synthetic_seed
VA,2023,white,hisp,m,85+,0.720965,synthetic_seed
VA,2023,white,hisp,f,0-4,0.002295,synthetic_seed
VA,2023,white,hisp,f,5-9,0.000459,synthetic_seed
VA,2023,white,hisp,f,10-14,0.000459,synthetic_seed
VA,2023,white,hisp,f,15-19,0.002295,synthetic_seed
VA,2023,white,hisp,f,20-24,0.003672,synthetic_seed
VA,2023,white,hisp,f,25-29,0.00459,synthetic_seed
VA,2023,white,hisp,f,30-34,0.005967,synthetic_seed
VA,2023,white,hisp,f,35-39,0.008262,synthetic_seed
VA,2023,white,hisp,f,40-44,0.011383,synthetic_seed
VA,2023,white,hisp,f,45-49,0.016891,synthetic_seed
VA,2023,white,hisp,f,50-54,0.02497,synthetic_seed
VA,2023,white,hisp,f,55-59,0.036169,synthetic_seed
VA,2023,white,hisp,f,60-64,0.053795,synthetic_seed
VA,2023,white,hisp,f,65-69,0.079682,synthetic_seed
VA,2023,white,hisp,f,70-74,0.121543,synthetic_seed
VA,2023,white,hisp,f,75-79,0.188924,synthetic_seed
VA,2023,white,hisp,f,80-84,0.296147,synthetic_seed
VA,2023,white,hisp,f,85+,0.510683,synthetic_seed
VA,2023,black,non-hisp,m,0-4,0.003564,synthetic_seed
VA,2023,black,non-hisp,m,5-9,0.000713,synthetic_seed
VA,2023,black,non-hisp,m,10-14,0.000713,synthetic_seed
VA,2023,black,non-hisp,m,15-19,0.003564,synthetic_seed
VA,2023,black,non-hisp,m,20-24,0.005702,synthetic_seed
VA,2023,black,non-hisp,m,25-29,0.007128,synthetic_seed
VA,2023,black,non-hisp,m,30-34,0.009266,synthetic_seed
VA,2023,black,non-hisp,m,35-39,0.01283,synthetic_seed
VA,2023,black,non-hisp,m,40-44,0.017677,synthetic_seed
VA,2023,black,non-hisp,m,45-49,0.026231,synthetic_seed
VA,2023,black,non-hisp,m,50-54,0.038776,synthetic_seed
VA,2023,black,non-hisp,m,55-59,0.056169,synthetic_seed
VA,2023,black,non-hisp,m,60-64,0.08354,synthetic_seed
VA,2023,black,non-hisp,m,65-69,0.123742,synthetic_seed
VA,2023,black,non-hisp,m,70-74,0.188749,synthetic_seed
VA,2023,black,non-hisp,m,75-79,0.293388,synthetic_seed
VA,2023,black,non-hisp,m,80-84,0.459899,synthetic_seed
VA,2023,black,non-hisp,m,85+,0.793061,synthetic_seed
VA,2023,black,non-hisp,f,0-4,0.002525,synthetic_seed
VA,2023,black,non-hisp,f,5-9,0.000505,synthetic_seed
VA,2023,black,non-hisp,f,10-14,0.000505,synthetic_seed
VA,2023,black,non-hisp,f,15-19,0.002525,synthetic_seed
VA,2023,black,non-hisp,f,20-24,0.004039,synthetic_seed
VA,2023,black,non-hisp,f,25-29,0.005049,synthetic_seed
VA,2023,black,non-hisp,f,30-34,0.006564,synthetic_seed
VA,2023,black,non-hisp,f,35-39,0.009088,synthetic_seed
VA,2023,black,non-hisp,f,40-44,0.012522,synthetic_seed
VA,2023,black,non-hisp,f,45-49,0.01858,synthetic_seed
VA,2023,black,non-hisp,f,50-54,0.027467,synthetic_seed
VA,2023,black,non-hisp,f,55-59,0.039786,synthetic_seed
VA,2023,black,non-hisp,f,60-64,0.059174,synthetic_seed
VA,2023,black,non-hisp,f,65-69,0.087651,synthetic_seed
VA,2023,black,non-hisp,f,70-74,0.133698,synthetic_seed
VA,2023,black,non-hisp,f,75-79,0.207817,synthetic_seed
VA,2023,black,non-hisp,f,80-84,0.325761,synthetic_seed
VA,2023,black,non-hisp,f,85+,0.561752,synthetic_seed
VA,2023,black,hisp,m,0-4,0.003564,synthetic_seed
VA,2023,black,hisp,m,5-9,0.000713,synthetic_seed
VA,2023,black,hisp,m,10-14,0.000713,synthetic_seed
VA,2023,black,hisp,m,15-19,0.003564,synthetic_seed
VA,2023,black,hisp,m,20-24,0.005702,synthetic_seed
VA,2023,black,hisp,m,25-29,0.007128,synthetic_seed
VA,2023,black,hisp,m,30-34,0.009266,synthetic_seed
VA,2023,black,hisp,m,35-39,0.01283,synthetic_seed
VA,2023,black,hisp,m,40-44,0.017677,synthetic_seed
VA,2023,black,hisp,m,45-49,0.026231,synthetic_seed
VA,2023,black,hisp,m,50-54,0.038776,synthetic_seed
VA,2023,black,hisp,m,55-59,0.056169,synthetic_seed
VA,2023,black,hisp,m,60-64,0.08354,synthetic_seed
VA,2023,black,hisp,m,65-69,0.123742,synthetic_seed
VA,2023,black,hisp,m,70-74,0.188749,synthetic_seed
VA,2023,black,hisp,m,75-79,0.293388,synthetic_seed
VA,2023,black,hisp,m,80-84,0.459899,synthetic_seed
VA,2023,black,hisp,m,85+,0.793061,synthetic_seed
VA,2023,black,hisp,f,0-4,0.002525,synthetic_seed
VA,2023,black,hisp,f,5-9,0.000505,synthetic_seed
VA,2023,black,hisp,f,10-14,0.000505,synthetic_seed
VA,2023,black,hisp,f,15-19,0.002525,synthetic_seed
VA,2023,black,hisp,f,20-24,0.004039,synthetic_seed
VA,2023,black,hisp,f,25-29,0.005049,synthetic_seed
VA,2023,black,hisp,f,30-34,0.006564,synthetic_seed
VA,2023,black,hisp,f,35-39,0.009088,synthetic_seed
VA,2023,black,hisp,f,40-44,0.012522,synthetic_seed
VA,2023,black,hisp,f,45-49,0.01858,synthetic_seed
VA,2023,black,hisp,f,50-54,0.027467,synthetic_seed
VA,2023,black,hisp,f,55-59,0.039786,synthetic_seed
VA,2023,black,hisp,f,60-64,0.059174,synthetic_seed
VA,2023,black,hisp,f,65-69,0.087651,synthetic_seed
VA,2023,black,hisp,f,70-74,0.133698,synthetic_seed
VA,2023,black,hisp,f,75-79,0.207817,synthetic_seed
VA,2023,black,hisp,f,80-84,0.325761,synthetic_seed
VA,2023,black,hisp,f,85+,0.561752,synthetic_seed
VA,2023,asian,non-hisp,m,0-4,0.003078,synthetic_seed
VA,2023,asian,non-hisp,m,5-9,0.000616,synthetic_seed
VA,2023,asian,non-hisp,m,10-14,0.000616,synthetic_seed
VA,2023,asian,non-hisp,m,15-19,0.003078,synthetic_seed
VA,2023,asian,non-hisp,m,20-24,0.004925,synthetic_seed
VA,2023,asian,non-hisp,m,25-29,0.006156,synthetic_seed
VA,2023,asian,non-hisp,m,30-34,0.008003,synthetic_seed
VA,2023,asian,non-hisp,m,35-39,0.011081,synthetic_seed
VA,2023,asian,non-hisp,m,40-44,0.015267,synthetic_seed
VA,2023,asian,non-hisp,m,45-49,0.022654,synthetic_seed
VA,2023,asian,non-hisp,m,50-54,0.033489,synthetic_seed
VA,2023,asian,non-hisp,m,55-59,0.048509,synthetic_seed
VA,2023,asian,non-hisp,m,60-64,0.072148,synthetic_seed
VA,2023,asian,non-hisp,m,65-69,0.106868,synthetic_seed
VA,2023,asian,non-hisp,m,70-74,0.163011,synthetic_seed
VA,2023,asian,non-hisp,m,75-79,0.253381,synthetic_seed
VA,2023,asian,non-hisp,m,80-84,0.397185,synthetic_seed
VA,2023,asian,non-hisp,m,85+,0.684917,synthetic_seed
VA,2023,asian,non-hisp,f,0-4,0.00218,synthetic_seed
VA,2023,asian,non-hisp,f,5-9,0.000436,synthetic_seed
VA,2023,asian,non-hisp,f,10-14,0.000436,synthetic_seed
VA,2023,asian,non-hisp,f,15-19,0.00218,synthetic_seed
VA,2023,asian,non-hisp,f,20-24,0.003488,synthetic_seed
VA,2023,asian,non-hisp,f,25-29,0.00436,synthetic_seed
VA,2023,asian,non-hisp,f,30-34,0.005669,synthetic_seed
VA,2023,asian,non-hisp,f,35-39,0.007849,synthetic_seed
VA,2023,asian,non-hisp,f,40-44,0.010814,synthetic_seed
VA,2023,asian,non-hisp,f,45-49,0.016047,synthetic_seed
VA,2023,asian,non-hisp,f,50-54,0.023721,synthetic_seed
VA,2023,asian,non-hisp,f,55-59,0.034361,synthetic_seed
VA,2023,asian,non-hisp,f,60-64,0.051105,synthetic_seed
VA,2023,asian,non-hisp,f,65-69,0.075698,synthetic_seed
VA,2023,asian,non-hisp,f,70-74,0.115466,synthetic_seed
VA,2023,asian,non-hisp,f,75-79,0.179478,synthetic_seed
VA,2023,asian,non-hisp,f,80-84,0.281339,synthetic_seed
VA,2023,asian,non-hisp,f,85+,0.485149,synthetic_seed
VA,2023,asian,hisp,m,0-4,0.003078,synthetic_seed
VA,2023,asian,hisp,m,5-9,0.000616,synthetic_seed
VA,2023,asian,hisp,m,10-14,0.000616,synthetic_seed
VA,2023,asian,hisp,m,15-19,0.003078,synthetic_seed
VA,2023,asian,hisp,m,20-24,0.004925,synthetic_seed
VA,2023,asian,hisp,m,25-29,0.006156,synthetic_seed
VA,2023,asian,hisp,m,30-34,0.008003,synthetic_seed
VA,2023,asian,hisp,m,35-39,0.011081,synthetic_seed
VA,2023,asian,hisp,m,40-44,0.015267,synthetic_seed
VA,2023,asian,hisp,m,45-49,0.022654,synthetic_seed
VA,2023,asian,hisp,m,50-54,0.033489,synthetic_seed
VA,2023,asian,hisp,m,55-59,0.048509,synthetic_seed
VA,2023,asian,hisp,m,60-64,0.072148,synthetic_seed
VA,2023,asian,hisp,m,65-69,0.106868,synthetic_seed
VA,2023,asian,hisp,m,70-74,0.163011,synthetic_seed
VA,2023,asian,hisp,m,75-79,0.253381,synthetic_seed
VA,2023,asian,hisp,m,80-84,0.397185,synthetic_seed
VA,2023,asian,hisp,m,85+,0.684917,synthetic_seed
VA,2023,asian,hisp,f,0-4,0.00218,synthetic_seed
VA,2023,asian,hisp,f,5-9,0.000436,synthetic_seed
VA,2023,asian,hisp,f,10-14,0.000436,synthetic_seed
VA,2023,asian,hisp,f,15-19,0.00218,synthetic_seed
VA,2023,asian,hisp,f,20-24,0.003488,synthetic_seed
VA,2023,asian,hisp,f,25-29,0.00436,synthetic_seed
VA,2023,asian,hisp,f,30-34,0.005669,synthetic_seed
VA,2023,asian,hisp,f,35-39,0.007849,synthetic_seed
VA,2023,asian,hisp,f,40-44,0.010814,synthetic_seed
VA,2023,asian,hisp,f,45-49,0.016047,synthetic_seed
VA,2023,asian,hisp,f,50-54,0.023721,synthetic_seed
VA,2023,asian,hisp,f,55-59,0.034361,synthetic_seed
VA,2023,asian,hisp,f,60-64,0.051105,synthetic_seed
VA,2023,asian,hisp,f,65-69,0.075698,synthetic_seed
VA,2023,asian,hisp,f,70-74,0.115466,synthetic_seed
VA,2023,asian,hisp,f,75-79,0.179478,synthetic_seed
VA,2023,asian,hisp,f,80-84,0.281339,synthetic_seed
VA,2023,asian,hisp,f,85+,0.485149,synthetic_seed
VA,2023,other,non-hisp,m,0-4,0.00324,synthetic_seed
VA,2023,other,non-hisp,m,5-9,0.000648,synthetic_seed
VA,2023,other,non-hisp,m,10-14,0.000648,synthetic_seed
VA,2023,other,non-hisp,m,15-19,0.00324,synthetic_seed
VA,2023,other,non-hisp,m,20-24,0.005184,synthetic_seed
VA,2023,other,non-hisp,m,25-29,0.00648,synthetic_seed
VA,2023,other,non-hisp,m,30-34,0.008424,synthetic_seed
VA,2023,other,non-hisp,m,35-39,0.011664,synthetic_seed
VA,2023,other,non-hisp,m,40-44,0.01607,synthetic_seed
VA,2023,other,non-hisp,m,45-49,0.023846,synthetic_seed
VA,2023,other,non-hisp,m,50-54,0.035251,synthetic_seed
VA,2023,other,non-hisp,m,55-59,0.051062,synthetic_seed
VA,2023,other,non-hisp,m,60-64,0.075946,synthetic_seed
VA,2023,other,non-hisp,m,65-69,0.112493,synthetic_seed
VA,2023,other,non-hisp,m,70-74,0.17159,synthetic_seed
VA,2023,other,non-hisp,m,75-79,0.266717,synthetic_seed
VA,2023,other,non-hisp,m,80-84,0.41809,synthetic_seed
VA,2023,other,non-hisp,m,85+,0.720965,synthetic_seed
VA,2023,other,non-hisp,f,0-4,0.002295,synthetic_seed
VA,2023,other,non-hisp,f,5-9,0.000459,synthetic_seed
VA,2023,other,non-hisp,f,10-14,0.000459,synthetic_seed
VA,2023,other,non-hisp,f,15-19,0.002295,synthetic_seed
VA,2023,other,non-hisp,f,20-24,0.003672,synthetic_seed
VA,2023,other,non-hisp,f,25-29,0.00459,synthetic_seed
VA,2023,other,non-hisp,f,30-34,0.005967,synthetic_seed
VA,2023,other,non-hisp,f,35-39,0.008262,synthetic_seed
VA,2023,other,non-hisp,f,40-44,0.011383,synthetic_seed
VA,2023,other,non-hisp,f,45-49,0.016891,synthetic_seed
VA,2023,other,non-hisp,f,50-54,0.02497,synthetic_seed
VA,2023,other,non-hisp,f,55-59,0.036169,synthetic_seed
VA,2023,other,non-hisp,f,60-64,0.053795,synthetic_seed
VA,2023,other,non-hisp,f,65-69,0.079682,synthetic_seed
VA,2023,other,non-hisp,f,70-74,0.121543,synthetic_seed
VA,2023,other,non-hisp,f,75-79,0.188924,synthetic_seed
VA,2023,other,non-hisp,f,80-84,0.296147,synthetic_seed
VA,2023,other,non-hisp,f,85+,0.510683,synthetic_seed
VA,2023,other,hisp,m,0-4,0.00324,synthetic_seed
VA,2023,other,hisp,m,5-9,0.000648,synthetic_seed
VA,2023,other,hisp,m,10-14,0.000648,synthetic_seed
VA,2023,other,hisp,m,15-19,0.00324,synthetic_seed
VA,2023,other,hisp,m,20-24,0.005184,synthetic_seed
VA,2023,other,hisp,m,25-29,0.00648,synthetic_seed
VA,2023,other,hisp,m,30-34,0.008424,synthetic_seed
VA,2023,other,hisp,m,35-39,0.011664,synthetic_seed
VA,2023,other,hisp,m,40-44,0.01607,synthetic_seed
VA,2023,other,hisp,m,45-49,0.023846,synthetic_seed
VA,2023,other,hisp,m,50-54,0.035251,synthetic_seed
VA,2023,other,hisp,m,55-59,0.051062,synthetic_seed
VA,2023,other,hisp,m,60-64,0.075946,synthetic_seed
VA,2023,other,hisp,m,65-69,0.112493,synthetic_seed
VA,2023,other,hisp,m,70-74,0.17159,synthetic_seed
VA,2023,other,hisp,m,75-79,0.266717,synthetic_seed
VA,2023,other,hisp,m,80-84,0.41809,synthetic_seed
VA,2023,other,hisp,m,85+,0.720965,synthetic_seed
VA,2023,other,hisp,f,0-4,0.002295,synthetic_seed
VA,2023,other,hisp,f,5-9,0.000459,synthetic_seed
VA,2023,other,hisp,f,10-14,0.000459,synthetic_seed
VA,2023,other,hisp,f,15-19,0.002295,synthetic_seed
VA,2023,other,hisp,f,20-24,0.003672,synthetic_seed
VA,2023,other,hisp,f,25-29,0.00459,synthetic_seed
VA,2023,other,hisp,f,30-34,0.005967,synthetic_seed
VA,2023,other,hisp,f,35-39,0.008262,synthetic_seed
VA,2023,other,hisp,f,40-44,0.011383,synthetic_seed
VA,2023,other,hisp,f,45-49,0.016891,synthetic_seed
VA,2023,other,hisp,f,50-54,0.02497,synthetic_seed
VA,2023,other,hisp,f,55-59,0.036169,synthetic_seed
VA,2023,other,hisp,f,60-64,0.053795,synthetic_seed
VA,2023,other,hisp,f,65-69,0.079682,synthetic_seed
VA,2023,other,hisp,f,70-74,0.121543,synthetic_seed
VA,2023,other,hisp,f,75-79,0.188924,synthetic_seed
VA,2023,other,hisp,f,80-84,0.296147,synthetic_seed
VA,2023,other,hisp,f,85+,0.510683,synthetic_seed
WA,2023,white,non-hisp,m,0-4,0.00291,synthetic_seed
WA,2023,white,non-hisp,m,5-9,0.000582,synthetic_seed
WA,2023,white,non-hisp,m,10-14,0.000582,synthetic_seed
WA,2023,white,non-hisp,m,15-19,0.00291,synthetic_seed
WA,2023,white,non-hisp,m,20-24,0.004656,synthetic_seed
WA,2023,white,non-hisp,m,25-29,0.00582,synthetic_seed
WA,2023,white,non-hisp,m,30-34,0.007566,synthetic_seed
WA,2023,white,non-hisp,m,35-39,0.010476,synthetic_seed
WA,2023,white,non-hisp,m,40-44,0.014434,synthetic_seed
WA,2023,white,non-hisp,m,45-49,0.021418,synthetic_seed
WA,2023,white,non-hisp,m,50-54,0.031661,synthetic_seed
WA,2023,white,non-hisp,m,55-59,0.045862,synthetic_seed
WA,2023,white,non-hisp,m,60-64,0.06821,synthetic_seed
WA,2023,white,non-hisp,m,65-69,0.101035,synthetic_seed
WA,2023,white,non-hisp,m,70-74,0.154114,synthetic_seed
WA,2023,white,non-hisp,m,75-79,0.239551,synthetic_seed
WA,2023,white,non-hisp,m,80-84,0.375506,synthetic_seed
WA,2023,white,non-hisp,m,85+,0.647533,synthetic_seed
WA,2023,white,non-hisp,f,0-4,0.002061,synthetic_seed
WA,2023,white,non-hisp,f,5-9,0.000412,synthetic_seed
WA,2023,white,non-hisp,f,10-14,0.000412,synthetic_seed
WA,2023,white,non-hisp,f,15-19,0.002061,synthetic_seed
WA,2023,white,non-hisp,f,20-24,0.003298,synthetic_seed
WA,2023,white,non-hisp,f,25-29,0.004123,synthetic_seed
WA,2023,white,non-hisp,f,30-34,0.005359,synthetic_seed
WA,2023,white,non-hisp,f,35-39,0.007421,synthetic_seed
WA,2023,white,non-hisp,f,40-44,0.010224,synthetic_seed
WA,2023,white,non-hisp,f,45-49,0.015171,synthetic_seed
WA,2023,white,non-hisp,f,50-54,0.022426,synthetic_seed
WA,2023,white,non-hisp,f,55-59,0.032485,synthetic_seed
WA,2023,white,non-hisp,f,60-64,0.048316,synthetic_seed
WA,2023,white,non-hisp,f,65-69,0.071567,synthetic_seed
WA,2023,white,non-hisp,f,70-74,0.109164,synthetic_seed
WA,2023,white,non-hisp,f,75-79,0.169682,synthetic_seed
WA,2023,white,non-hisp,f,80-84,0.265984,synthetic_seed
WA,2023,white,non-hisp,f,85+,0.458669,synthetic_seed
WA,2023,white,hisp,m,0-4,0.00291,synthetic_seed
WA,2023,white,hisp,m,5-9,0.000582,synthetic_seed
WA,2023,white,hisp,m,10-14,0.000582,synthetic_seed
WA,2023,white,hisp,m,15-19,0.00291,synthetic_seed
WA,2023,white,hisp,m,20-24,0.004656,synthetic_seed
WA,2023,white,hisp,m,25-29,0.00582,synthetic_seed
WA,2023,white,hisp,m,30-34,0.007566,synthetic_seed
WA,2023,white,hisp,m,35-39,0.010476,synthetic_seed
WA,2023,white,hisp,m,40-44,0.014434,synthetic_seed
WA,2023,white,hisp,m,45-49,0.021418,synthetic_seed
WA,2023,white,hisp,m,50-54,0.031661,synthetic_seed
WA,2023,white,hisp,m,55-59,0.045862,synthetic_seed
WA,2023,white,hisp,m,60-64,0.06821,synthetic_seed
WA,2023,white,hisp,m,65-69,0.101035,synthetic_seed
WA,2023,white,hisp,m,70-74,0.154114,synthetic_seed
WA,2023,white,hisp,m,75-79,0.239551,synthetic_seed
WA,2023,white,hisp,m,80-84,0.375506,synthetic_seed
WA,2023,white,hisp,m,85+,0.647533,synthetic_seed
WA,2023,white,hisp,f,0-4,0.002061,synthetic_seed
WA,2023,white,hisp,f,5-9,0.000412,synthetic_seed
WA,2023,white,hisp,f,10-14,0.000412,synthetic_seed
WA,2023,white,hisp,f,15-19,0.002061,synthetic_seed
WA,2023,white,hisp,f,20-24,0.003298,synthetic_seed
WA,2023,white,hisp,f,25-29,0.004123,synthetic_seed
WA,2023,white,hisp,f,30-34,0.005359,synthetic_seed
WA,2023,white,hisp,f,35-39,0.007421,synthetic_seed
WA,2023,white,hisp,f,40-44,0.010224,synthetic_seed
WA,2023,white,hisp,f,45-49,0.015171,synthetic_seed
WA,2023,white,hisp,f,50-54,0.022426,synthetic_seed
WA,2023,white,hisp,f,55-59,0.032485,synthetic_seed
WA,2023,white,hisp,f,60-64,0.048316,synthetic_seed
WA,2023,white,hisp,f,65-69,0.071567,synthetic_seed
WA,2023,white,hisp,f,70-74,0.109164,synthetic_seed
WA,2023,white,hisp,f,75-79,0.169682,synthetic_seed
WA,2023,white,hisp,f,80-84,0.265984,synthetic_seed
WA,2023,white,hisp,f,85+,0.458669,synthetic_seed
WA,2023,black,non-hisp,m,0-4,0.003201,synthetic_seed
WA,2023,black,non-hisp,m,5-9,0.00064,synthetic_seed
WA,2023,black,non-hisp,m,10-14,0.00064,synthetic_seed
WA,2023,black,non-hisp,m,15-19,0.003201,synthetic_seed
WA,2023,black,non-hisp,m,20-24,0.005122,synthetic_seed
WA,2023,black,non-hisp,m,25-29,0.006402,synthetic_seed
WA,2023,black,non-hisp,m,30-34,0.008323,synthetic_seed
WA,2023,black,non-hisp,m,35-39,0.011524,synthetic_seed
WA,2023,black,non-hisp,m,40-44,0.015877,synthetic_seed
WA,2023,black,non-hisp,m,45-49,0.023559,synthetic_seed
WA,2023,black,non-hisp,m,50-54,0.034827,synthetic_seed
WA,2023,black,non-hisp,m,55-59,0.050448,synthetic_seed
WA,2023,black,non-hisp,m,60-64,0.075031,synthetic_seed
WA,2023,black,non-hisp,m,65-69,0.111139,synthetic_seed
WA,2023,black,non-hisp,m,70-74,0.169525,synthetic_seed
WA,2023,black,non-hisp,m,75-79,0.263506,synthetic_seed
WA,2023,black,non-hisp,m,80-84,0.413057,synthetic_seed
WA,2023,black,non-hisp,m,85+,0.712287,synthetic_seed
WA,2023,black,non-hisp,f,0-4,0.002267,synthetic_seed
WA,2023,black,non-hisp,f,5-9,0.000453,synthetic_seed
WA,2023,black,non-hisp,f,10-14,0.000453,synthetic_seed
WA,2023,black,non-hisp,f,15-19,0.002267,synthetic_seed
WA,2023,black,non-hisp,f,20-24,0.003628,synthetic_seed
WA,2023,black,non-hisp,f,25-29,0.004535,synthetic_seed
WA,2023,black,non-hisp,f,30-34,0.005895,synthetic_seed
WA,2023,black,non-hisp,f,35-39,0.008163,synthetic_seed
WA,2023,black,non-hisp,f,40-44,0.011246,synthetic_seed
WA,2023,black,non-hisp,f,45-49,0.016688,synthetic_seed
WA,2023,black,non-hisp,f,50-54,0.024669,synthetic_seed
WA,2023,black,non-hisp,f,55-59,0.035734,synthetic_seed
WA,2023,black,non-hisp,f,60-64,0.053147,synthetic_seed
WA,2023,black,non-hisp,f,65-69,0.078723,synthetic_seed
WA,2023,black,non-hisp,f,70-74,0.12008,synthetic_seed
WA,2023,black,non-hisp,f,75-79,0.18665,synthetic_seed
WA,2023,black,non-hisp,f,80-84,0.292582,synthetic_seed
WA,2023,black,non-hisp,f,85+,0.504536,synthetic_seed
WA,2023,black,hisp,m,0-4,0.003201,synthetic_seed
WA,2023,black,hisp,m,5-9,0.00064,synthetic_seed
WA,2023,black,hisp,m,10-14,0.00064,synthetic_seed
WA,2023,black,hisp,m,15-19,0.003201,synthetic_seed
WA,2023,black,hisp,m,20-24,0.005122,synthetic_seed
WA,2023,black,hisp,m,25-29,0.006402,synthetic_seed
WA,2023,black,hisp,m,30-34,0.008323,synthetic_seed
WA,2023,black,hisp,m,35-39,0.011524,synthetic_seed
WA,2023,black,hisp,m,40-44,0.015877,synthetic_seed
WA,2023,black,hisp,m,45-49,0.023559,synthetic_seed
WA,2023,black,hisp,m,50-54,0.034827,synthetic_seed
WA,2023,black,hisp,m,55-59,0.050448,synthetic_seed
WA,2023,black,hisp,m,60-64,0.075031,synthetic_seed
WA,2023,black,hisp,m,65-69,0.111139,synthetic_seed
WA,2023,black,hisp,m,70-74,0.169525,synthetic_seed
WA,2023,black,hisp,m,75-79,0.263506,synthetic_seed
WA,2023,black,hisp,m,80-84,0.413057,synthetic_seed
WA,2023,black,hisp,m,85+,0.712287,synthetic_seed
WA,2023,black,hisp,f,0-4,0.002267,synthetic_seed
WA,2023,black,hisp,f,5-9,0.000453,synthetic_seed
WA,2023,black,hisp,f,10-14,0.000453,synthetic_seed
WA,2023,black,hisp,f,15-19,0.002267,synthetic_seed
WA,2023,black,hisp,f,20-24,0.003628,synthetic_seed
WA,2023,black,hisp,f,25-29,0.004535,synthetic_seed
WA,2023,black,hisp,f,30-34,0.005895,synthetic_seed
WA,2023,black,hisp,f,35-39,0.008163,synthetic_seed
WA,2023,black,hisp,f,40-44,0.011246,synthetic_seed
WA,2023,black,hisp,f,45-49,0.016688,synthetic_seed
WA,2023,black,hisp,f,50-54,0.024669,synthetic_seed
WA,2023,black,hisp,f,55-59,0.035734,synthetic_seed
WA,2023,black,hisp,f,60-64,0.053147,synthetic_seed
WA,2023,black,hisp,f,65-69,0.078723,synthetic_seed
WA,2023,black,hisp,f,70-74,0.12008,synthetic_seed
WA,2023,black,hisp,f,75-79,0.18665,synthetic_seed
WA,2023,black,hisp,f,80-84,0.292582,synthetic_seed
WA,2023,black,hisp,f,85+,0.504536,synthetic_seed
WA,2023,asian,non-hisp,m,0-4,0.002764,synthetic_seed
WA,2023,asian,non-hisp,m,5-9,0.000553,synthetic_seed
WA,2023,asian,non-hisp,m,10-14,0.000553,synthetic_seed
WA,2023,asian,non-hisp,m,15-19,0.002764,synthetic_seed
WA,2023,asian,non-hisp,m,20-24,0.004423,synthetic_seed
WA,2023,asian,non-hisp,m,25-29,0.005529,synthetic_seed
WA,2023,asian,non-hisp,m,30-34,0.007188,synthetic_seed
WA,2023,asian,non-hisp,m,35-39,0.009952,synthetic_seed
WA,2023,asian,non-hisp,m,40-44,0.013712,synthetic_seed
WA,2023,asian,non-hisp,m,45-49,0.020347,synthetic_seed
WA,2023,asian,non-hisp,m,50-54,0.030078,synthetic_seed
WA,2023,asian,non-hisp,m,55-59,0.043569,synthetic_seed
WA,2023,asian,non-hisp,m,60-64,0.0648,synthetic_seed
WA,2023,asian,non-hisp,m,65-69,0.095983,synthetic_seed
WA,2023,asian,non-hisp,m,70-74,0.146408,synthetic_seed
WA,2023,asian,non-hisp,m,75-79,0.227574,synthetic_seed
WA,2023,asian,non-hisp,m,80-84,0.356731,synthetic_seed
WA,2023,asian,non-hisp,m,85+,0.615157,synthetic_seed
WA,2023,asian,non-hisp,f,0-4,0.001958,synthetic_seed
WA,2023,asian,non-hisp,f,5-9,0.000392,synthetic_seed
WA,2023,asian,non-hisp,f,10-14,0.000392,synthetic_seed
WA,2023,asian,non-hisp,f,15-19,0.001958,synthetic_seed
WA,2023,asian,non-hisp,f,20-24,0.003133,synthetic_seed
WA,2023,asian,non-hisp,f,25-29,0.003916,synthetic_seed
WA,2023,asian,non-hisp,f,30-34,0.005091,synthetic_seed
WA,2023,asian,non-hisp,f,35-39,0.007049,synthetic_seed
WA,2023,asian,non-hisp,f,40-44,0.009713,synthetic_seed
WA,2023,asian,non-hisp,f,45-49,0.014412,synthetic_seed
WA,2023,asian,non-hisp,f,50-54,0.021305,synthetic_seed
WA,2023,asian,non-hisp,f,55-59,0.030861,synthetic_seed
WA,2023,asian,non-hisp,f,60-64,0.0459,synthetic_seed
WA,2023,asian,non-hisp,f,65-69,0.067988,synthetic_seed
WA,2023,asian,non-hisp,f,70-74,0.103706,synthetic_seed
WA,2023,asian,non-hisp,f,75-79,0.161198,synthetic_seed
WA,2023,asian,non-hisp,f,80-84,0.252685,synthetic_seed
WA,2023,asian,non-hisp,f,85+,0.435736,synthetic_seed
WA,2023,asian,hisp,m,0-4,0.002764,synthetic_seed
WA,2023,asian,hisp,m,5-9,0.000553,synthetic_seed
WA,2023,asian,hisp,m,10-14,0.000553,synthetic_seed
WA,2023,asian,hisp,m,15-19,0.002764,synthetic_seed
WA,2023,asian,hisp,m,20-24,0.004423,synthetic_seed
WA,2023,asian,hisp,m,25-29,0.005529,synthetic_seed
WA,2023,asian,hisp,m,30-34,0.007188,synthetic_seed
WA,2023,asian,hisp,m,35-39,0.009952,synthetic_seed
WA,2023,asian,hisp,m,40-44,0.013712,synthetic_seed
WA,2023,asian,hisp,m,45-49,0.020347,synthetic_seed
WA,2023,asian,hisp,m,50-54,0.030078,synthetic_seed
WA,2023,asian,hisp,m,55-59,0.043569,synthetic_seed
WA,2023,asian,hisp,m,60-64,0.0648,synthetic_seed
WA,2023,asian,hisp,m,65-69,0.095983,synthetic_seed
WA,2023,asian,hisp,m,70-74,0.146408,synthetic_seed
WA,2023,asian,hisp,m,75-79,0.227574,synthetic_seed
WA,2023,asian,hisp,m,80-84,0.356731,synthetic_seed
WA,2023,asian,hisp,m,85+,0.615157,synthetic_seed
WA,2023,asian,hisp,f,0-4,0.001958,synthetic_seed
WA,2023,asian,hisp,f,5-9,0.000392,synthetic_seed
WA,2023,asian,hisp,f,10-14,0.000392,synthetic_seed
WA,2023,asian,hisp,f,15-19,0.001958,synthetic_seed
WA,2023,asian,hisp,f,20-24,0.003133,synthetic_seed
WA,2023,asian,hisp,f,25-29,0.003916,synthetic_seed
WA,2023,asian,hisp,f,30-34,0.005091,synthetic_seed
WA,2023,asian,hisp,f,35-39,0.007049,synthetic_seed
WA,2023,asian,hisp,f,40-44,0.009713,synthetic_seed
WA,2023,asian,hisp,f,45-49,0.014412,synthetic_seed
WA,2023,asian,hisp,f,50-54,0.021305,synthetic_seed
WA,2023,asian,hisp,f,55-59,0.030861,synthetic_seed
WA,2023,asian,hisp,f,60-64,0.0459,synthetic_seed
WA,2023,asian,hisp,f,65-69,0.067988,synthetic_seed
WA,2023,asian,hisp,f,70-74,0.103706,synthetic_seed
WA,2023,asian,hisp,f,75-79,0.161198,synthetic_seed
WA,2023,asian,hisp,f,80-84,0.252685,synthetic_seed
WA,2023,asian,hisp,f,85+,0.435736,synthetic_seed
WA,2023,other,non-hisp,m,0-4,0.00291,synthetic_seed
WA,2023,other,non-hisp,m,5-9,0.000582,synthetic_seed
WA,2023,other,non-hisp,m,10-14,0.000582,synthetic_seed
WA,2023,other,non-hisp,m,15-19,0.00291,synthetic_seed
WA,2023,other,non-hisp,m,20-24,0.004656,synthetic_seed
WA,2023,other,non-hisp,m,25-29,0.00582,synthetic_seed
WA,2023,other,non-hisp,m,30-34,0.007566,synthetic_seed
WA,2023,other,non-hisp,m,35-39,0.010476,synthetic_seed
WA,2023,other,non-hisp,m,40-44,0.014434,synthetic_seed
WA,2023,other,non-hisp,m,45-49,0.021418,synthetic_seed
WA,2023,other,non-hisp,m,50-54,0.031661,synthetic_seed
WA,2023,other,non-hisp,m,55-59,0.045862,synthetic_seed
WA,2023,other,non-hisp,m,60-64,0.06821,synthetic_seed
WA,2023,other,non-hisp,m,65-69,0.101035,synthetic_seed
WA,2023,other,non-hisp,m,70-74,0.154114,synthetic_seed
WA,2023,other,non-hisp,m,75-79,0.239551,synthetic_seed
WA,2023,other,non-hisp,m,80-84,0.375506,synthetic_seed
WA,2023,other,non-hisp,m,85+,0.647533,synthetic_seed
WA,2023,other,non-hisp,f,0-4,0.002061,synthetic_seed
WA,2023,other,non-hisp,f,5-9,0.000412,synthetic_seed
WA,2023,other,non-hisp,f,10-14,0.000412,synthetic_seed
WA,2023,other,non-hisp,f,15-19,0.002061,synthetic_seed
WA,2023,other,non-hisp,f,20-24,0.003298,synthetic_seed
WA,2023,other,non-hisp,f,25-29,0.004123,synthetic_seed
WA,2023,other,non-hisp,f,30-34,0.005359,synthetic_seed
WA,2023,other,non-hisp,f,35-39,0.007421,synthetic_seed
WA,2023,other,non-hisp,f,40-44,0.010224,synthetic_seed
WA,2023,other,non-hisp,f,45-49,0.015171,synthetic_seed
WA,2023,other,non-hisp,f,50-54,0.022426,synthetic_seed
WA,2023,other,non-hisp,f,55-59,0.032485,synthetic_seed
WA,2023,other,non-hisp,f,60-64,0.048316,synthetic_seed
WA,2023,other,non-hisp,f,65-69,0.071567,synthetic_seed
WA,2023,other,non-hisp,f,70-74,0.109164,synthetic_seed
WA,2023,other,non-hisp,f,75-79,0.169682,synthetic_seed
WA,2023,other,non-hisp,f,80-84,0.265984,synthetic_seed
WA,2023,other,non-hisp,f,85+,0.458669,synthetic_seed
WA,2023,other,hisp,m,0-4,0.00291,synthetic_seed
WA,2023,other,hisp,m,5-9,0.000582,synthetic_seed
WA,2023,other,hisp,m,10-14,0.000582,synthetic_seed
WA,2023,other,hisp,m,15-19,0.00291,synthetic_seed
WA,2023,other,hisp,m,20-24,0.004656,synthetic_seed
WA,2023,other,hisp,m,25-29,0.00582,synthetic_seed
WA,2023,other,hisp,m,30-34,0.007566,synthetic_seed
WA,2023,other,hisp,m,35-39,0.010476,synthetic_seed
WA,2023,other,hisp,m,40-44,0.014434,synthetic_seed
WA,2023,other,hisp,m,45-49,0.021418,synthetic_seed
WA,2023,other,hisp,m,50-54,0.031661,synthetic_seed
WA,2023,other,hisp,m,55-59,0.045862,synthetic_seed
WA,2023,other,hisp,m,60-64,0.06821,synthetic_seed
WA,2023,other,hisp,m,65-69,0.101035,synthetic_seed
WA,2023,other,hisp,m,70-74,0.154114,synthetic_seed
WA,2023,other,hisp,m,75-79,0.239551,synthetic_seed
WA,2023,other,hisp,m,80-84,0.375506,synthetic_seed
WA,2023,other,hisp,m,85+,0.647533,synthetic_seed
WA,2023,other,hisp,f,0-4,0.002061,synthetic_seed
WA,2023,other,hisp,f,5-9,0.000412,synthetic_seed
WA,2023,other,hisp,f,10-14,0.000412,synthetic_seed
WA,2023,other,hisp,f,15-19,0.002061,synthetic_seed
WA,2023,other,hisp,f,20-24,0.003298,synthetic_seed
WA,2023,other,hisp,f,25-29,0.004123,synthetic_seed
WA,2023,other,hisp,f,30-34,0.005359,synthetic_seed
WA,2023,other,hisp,f,35-39,0.007421,synthetic_seed
WA,2023,other,hisp,f,40-44,0.010224,synthetic_seed
WA,2023,other,hisp,f,45-49,0.015171,synthetic_seed
WA,2023,other,hisp,f,50-54,0.022426,synthetic_seed
WA,2023,other,hisp,f,55-59,0.032485,synthetic_seed
WA,2023,other,hisp,f,60-64,0.048316,synthetic_seed
WA,2023,other,hisp,f,65-69,0.071567,synthetic_seed
WA,2023,other,hisp,f,70-74,0.109164,synthetic_seed
WA,2023,other,hisp,f,75-79,0.169682,synthetic_seed
WA,2023,other,hisp,f,80-84,0.265984,synthetic_seed
WA,2023,other,hisp,f,85+,0.458669,synthetic_seed
WV,2023,white,non-hisp,m,0-4,0.00324,synthetic_seed
WV,2023,white,non-hisp,m,5-9,0.000648,synthetic_seed
WV,2023,white,non-hisp,m,10-14,0.000648,synthetic_seed
WV,2023,white,non-hisp,m,15-19,0.00324,synthetic_seed
WV,2023,white,non-hisp,m,20-24,0.005184,synthetic_seed
WV,2023,white,non-hisp,m,25-29,0.00648,synthetic_seed
WV,2023,white,non-hisp,m,30-34,0.008424,synthetic_seed
WV,2023,white,non-hisp,m,35-39,0.011664,synthetic_seed
WV,2023,white,non-hisp,m,40-44,0.01607,synthetic_seed
WV,2023,white,non-hisp,m,45-49,0.023846,synthetic_seed
WV,2023,white,non-hisp,m,50-54,0.035251,synthetic_seed
WV,2023,white,non-hisp,m,55-59,0.051062,synthetic_seed
WV,2023,white,non-hisp,m,60-64,0.075946,synthetic_seed
WV,2023,white,non-hisp,m,65-69,0.112493,synthetic_seed
WV,2023,white,non-hisp,m,70-74,0.17159,synthetic_seed
WV,2023,white,non-hisp,m,75-79,0.266717,synthetic_seed
WV,2023,white,non-hisp,m,80-84,0.41809,synthetic_seed
WV,2023,white,non-hisp,m,85+,0.720965,synthetic_seed
WV,2023,white,non-hisp,f,0-4,0.002295,synthetic_seed
WV,2023,white,non-hisp,f,5-9,0.000459,synthetic_seed
WV,2023,white,non-hisp,f,10-14,0.000459,synthetic_seed
WV,2023,white,non-hisp,f,15-19,0.002295,synthetic_seed
WV,2023,white,non-hisp,f,20-24,0.003672,synthetic_seed
WV,2023,white,non-hisp,f,25-29,0.00459,synthetic_seed
WV,2023,white,non-hisp,f,30-34,0.005967,synthetic_seed
WV,2023,white,non-hisp,f,35-39,0.008262,synthetic_seed
WV,2023,white,non-hisp,f,40-44,0.011383,synthetic_seed
WV,2023,white,non-hisp,f,45-49,0.016891,synthetic_seed
WV,2023,white,non-hisp,f,50-54,0.02497,synthetic_seed
WV,2023,white,non-hisp,f,55-59,0.036169,synthetic_seed
WV,2023,white,non-hisp,f,60-64,0.053795,synthetic_seed
WV,2023,white,non-hisp,f,65-69,0.079682,synthetic_seed
WV,2023,white,non-hisp,f,70-74,0.121543,synthetic_seed
WV,2023,white,non-hisp,f,75-79,0.188924,synthetic_seed
WV,2023,white,non-hisp,f,80-84,0.296147,synthetic_seed
WV,2023,white,non-hisp,f,85+,0.510683,synthetic_seed
WV,2023,white,hisp,m,0-4,0.00324,synthetic_seed
WV,2023,white,hisp,m,5-9,0.000648,synthetic_seed
WV,2023,white,hisp,m,10-14,0.000648,synthetic_seed
WV,2023,white,hisp,m,15-19,0.00324,synthetic_seed
WV,2023,white,hisp,m,20-24,0.005184,synthetic_seed
WV,2023,white,hisp,m,25-29,0.00648,synthetic_seed
WV,2023,white,hisp,m,30-34,0.008424,synthetic_seed
WV,2023,white,hisp,m,35-39,0.011664,synthetic_seed
WV,2023,white,hisp,m,40-44,0.01607,synthetic_seed
WV,2023,white,hisp,m,45-49,0.023846,synthetic_seed
WV,2023,white,hisp,m,50-54,0.035251,synthetic_seed
WV,2023,white,hisp,m,55-59,0.051062,synthetic_seed
WV,2023,white,hisp,m,60-64,0.075946,synthetic_seed
WV,2023,white,hisp,m,65-69,0.112493,synthetic_seed
WV,2023,white,hisp,m,70-74,0.17159,synthetic_seed
WV,2023,white,hisp,m,75-79,0.266717,synthetic_seed
WV,2023,white,hisp,m,80-84,0.41809,synthetic_seed
WV,2023,white,hisp,m,85+,0.720965,synthetic_seed
WV,2023,white,hisp,f,0-4,0.002295,synthetic_seed
WV,2023,white,hisp,f,5-9,0.000459,synthetic_seed
WV,2023,white,hisp,f,10-14,0.000459,synthetic_seed
WV,2023,white,hisp,f,15-19,0.002295,synthetic_seed
WV,2023,white,hisp,f,20-24,0.003672,synthetic_seed
WV,2023,white,hisp,f,25-29,0.00459,synthetic_seed
WV,2023,white,hisp,f,30-34,0.005967,synthetic_seed
WV,2023,white,hisp,f,35-39,0.008262,synthetic_seed
WV,2023,white,hisp,f,40-44,0.011383,synthetic_seed
WV,2023,white,hisp,f,45-49,0.016891,synthetic_seed
WV,2023,white,hisp,f,50-54,0.02497,synthetic_seed
WV,2023,white,hisp,f,55-59,0.036169,synthetic_seed
WV,2023,white,hisp,f,60-64,0.053795,synthetic_seed
WV,2023,white,hisp,f,65-69,0.079682,synthetic_seed
WV,2023,white,hisp,f,70-74,0.121543,synthetic_seed
WV,2023,white,hisp,f,75-79,0.188924,synthetic_seed
WV,2023,white,hisp,f,80-84,0.296147,synthetic_seed
WV,2023,white,hisp,f,85+,0.510683,synthetic_seed
WV,2023,black,non-hisp,m,0-4,0.003564,synthetic_seed
WV,2023,black,non-hisp,m,5-9,0.000713,synthetic_seed
WV,2023,black,non-hisp,m,10-14,0.000713,synthetic_seed
WV,2023,black,non-hisp,m,15-19,0.003564,synthetic_seed
WV,2023,black,non-hisp,m,20-24,0.005702,synthetic_seed
WV,2023,black,non-hisp,m,25-29,0.007128,synthetic_seed
WV,2023,black,non-hisp,m,30-34,0.009266,synthetic_seed
WV,2023,black,non-hisp,m,35-39,0.01283,synthetic_seed
WV,2023,black,non-hisp,m,40-44,0.017677,synthetic_seed
WV,2023,black,non-hisp,m,45-49,0.026231,synthetic_seed
WV,2023,black,non-hisp,m,50-54,0.038776,synthetic_seed
WV,2023,black,non-hisp,m,55-59,0.056169,synthetic_seed
WV,2023,black,non-hisp,m,60-64,0.08354,synthetic_seed
WV,2023,black,non-hisp,m,65-69,0.123742,synthetic_seed
WV,2023,black,non-hisp,m,70-74,0.188749,synthetic_seed
WV,2023,black,non-hisp,m,75-79,0.293388,synthetic_seed
WV,2023,black,non-hisp,m,80-84,0.459899,synthetic_seed
WV,2023,black,non-hisp,m,85+,0.793061,synthetic_seed
WV,2023,black,non-hisp,f,0-4,0.002525,synthetic_seed
WV,2023,black,non-hisp,f,5-9,0.000505,synthetic_seed
WV,2023,black,non-hisp,f,10-14,0.000505,synthetic_seed
WV,2023,black,non-hisp,f,15-19,0.002525,synthetic_seed
WV,2023,black,non-hisp,f,20-24,0.004039,synthetic_seed
WV,2023,black,non-hisp,f,25-29,0.005049,synthetic_seed
WV,2023,black,non-hisp,f,30-34,0.006564,synthetic_seed
WV,2023,black,non-hisp,f,35-39,0.009088,synthetic_seed
WV,2023,black,non-hisp,f,40-44,0.012522,synthetic_seed
WV,2023,black,non-hisp,f,45-49,0.01858,synthetic_seed
WV,2023,black,non-hisp,f,50-54,0.027467,synthetic_seed
WV,2023,black,non-hisp,f,55-59,0.039786,synthetic_seed
WV,2023,black,non-hisp,f,60-64,0.059174,synthetic_seed
WV,2023,black,non-hisp,f,65-69,0.087651,synthetic_seed
WV,2023,black,non-hisp,f,70-74,0.133698,synthetic_seed
WV,2023,black,non-hisp,f,75-79,0.207817,synthetic_seed
WV,2023,black,non-hisp,f,80-84,0.325761,synthetic_seed
WV,2023,black,non-hisp,f,85+,0.561752,synthetic_seed
WV,2023,black,hisp,m,0-4,0.003564,synthetic_seed
WV,2023,black,hisp,m,5-9,0.000713,synthetic_seed
WV,2023,black,hisp,m,10-14,0.000713,synthetic_seed
WV,2023,black,hisp,m,15-19,0.003564,synthetic_seed
WV,2023,black,hisp,m,20-24,0.005702,synthetic_seed
WV,2023,black,hisp,m,25-29,0.007128,synthetic_seed
WV,2023,black,hisp,m,30-34,0.009266,synthetic_seed
WV,2023,black,hisp,m,35-39,0.01283,synthetic_seed
WV,2023,black,hisp,m,40-44,0.017677,synthetic_seed
WV,2023,black,hisp,m,45-49,0.026231,synthetic_seed
WV,2023,black,hisp,m,50-54,0.038776,synthetic_seed
WV,2023,black,hisp,m,55-59,0.056169,synthetic_seed
WV,2023,black,hisp,m,60-64,0.08354,synthetic_seed
WV,2023,black,hisp,m,65-69,0.123742,synthetic_seed
WV,2023,black,hisp,m,70-74,0.188749,synthetic_seed
WV,2023,black,hisp,m,75-79,0.293388,synthetic_seed
WV,2023,black,hisp,m,80-84,0.459899,synthetic_seed
WV,2023,black,hisp,m,85+,0.793061,synthetic_seed
WV,2023,black,hisp,f,0-4,0.002525,synthetic_seed
WV,2023,black,hisp,f,5-9,0.000505,synthetic_seed
WV,2023,black,hisp,f,10-14,0.000505,synthetic_seed
WV,2023,black,hisp,f,15-19,0.002525,synthetic_seed
WV,2023,black,hisp,f,20-24,0.004039,synthetic_seed
WV,2023,black,hisp,f,25-29,0.005049,synthetic_seed
WV,2023,black,hisp,f,30-34,0.006564,synthetic_seed
WV,2023,black,hisp,f,35-39,0.009088,synthetic_seed
WV,2023,black,hisp,f,40-44,0.012522,synthetic_seed
WV,2023,black,hisp,f,45-49,0.01858,synthetic_seed
WV,2023,black,hisp,f,50-54,0.027467,synthetic_seed
WV,2023,black,hisp,f,55-59,0.039786,synthetic_seed
WV,2023,black,hisp,f,60-64,0.059174,synthetic_seed
WV,2023,black,hisp,f,65-69,0.087651,synthetic_seed
WV,2023,black,hisp,f,70-74,0.133698,synthetic_seed
WV,2023,black,hisp,f,75-79,0.207817,synthetic_seed
WV,2023,black,hisp,f,80-84,0.325761,synthetic_seed
WV,2023,black,hisp,f,85+,0.561752,synthetic_seed
WV,2023,asian,non-hisp,m,0-4,0.003078,synthetic_seed
WV,2023,asian,non-hisp,m,5-9,0.000616,synthetic_seed
WV,2023,asian,non-hisp,m,10-14,0.000616,synthetic_seed
WV,2023,asian,non-hisp,m,15-19,0.003078,synthetic_seed
WV,2023,asian,non-hisp,m,20-24,0.004925,synthetic_seed
WV,2023,asian,non-hisp,m,25-29,0.006156,synthetic_seed
WV,2023,asian,non-hisp,m,30-34,0.008003,synthetic_seed
WV,2023,asian,non-hisp,m,35-39,0.011081,synthetic_seed
WV,2023,asian,non-hisp,m,40-44,0.015267,synthetic_seed
WV,2023,asian,non-hisp,m,45-49,0.022654,synthetic_seed
WV,2023,asian,non-hisp,m,50-54,0.033489,synthetic_seed
WV,2023,asian,non-hisp,m,55-59,0.048509,synthetic_seed
WV,2023,asian,non-hisp,m,60-64,0.072148,synthetic_seed
WV,2023,asian,non-hisp,m,65-69,0.106868,synthetic_seed
WV,2023,asian,non-hisp,m,70-74,0.163011,synthetic_seed
WV,2023,asian,non-hisp,m,75-79,0.253381,synthetic_seed
WV,2023,asian,non-hisp,m,80-84,0.397185,synthetic_seed
WV,2023,asian,non-hisp,m,85+,0.684917,synthetic_seed
WV,2023,asian,non-hisp,f,0-4,0.00218,synthetic_seed
WV,2023,asian,non-hisp,f,5-9,0.000436,synthetic_seed
WV,2023,asian,non-hisp,f,10-14,0.000436,synthetic_seed
WV,2023,asian,non-hisp,f,15-19,0.00218,synthetic_seed
WV,2023,asian,non-hisp,f,20-24,0.003488,synthetic_seed
WV,2023,asian,non-hisp,f,25-29,0.00436,synthetic_seed
WV,2023,asian,non-hisp,f,30-34,0.005669,synthetic_seed
WV,2023,asian,non-hisp,f,35-39,0.007849,synthetic_seed
WV,2023,asian,non-hisp,f,40-44,0.010814,synthetic_seed
WV,2023,asian,non-hisp,f,45-49,0.016047,synthetic_seed
WV,2023,asian,non-hisp,f,50-54,0.023721,synthetic_seed
WV,2023,asian,non-hisp,f,55-59,0.034361,synthetic_seed
WV,2023,asian,non-hisp,f,60-64,0.051105,synthetic_seed
WV,2023,asian,non-hisp,f,65-69,0.075698,synthetic_seed
WV,2023,asian,non-hisp,f,70-74,0.115466,synthetic_seed
WV,2023,asian,non-hisp,f,75-79,0.179478,synthetic_seed
WV,2023,asian,non-hisp,f,80-84,0.281339,synthetic_seed
WV,2023,asian,non-hisp,f,85+,0.485149,synthetic_seed
WV,2023,asian,hisp,m,0-4,0.003078,synthetic_seed
WV,2023,asian,hisp,m,5-9,0.000616,synthetic_seed
WV,2023,asian,hisp,m,10-14,0.000616,synthetic_seed
WV,2023,asian,hisp,m,15-19,0.003078,synthetic_seed
WV,2023,asian,hisp,m,20-24,0.004925,synthetic_seed
WV,2023,asian,hisp,m,25-29,0.006156,synthetic_seed
WV,2023,asian,hisp,m,30-34,0.008003,synthetic_seed
WV,2023,asian,hisp,m,35-39,0.011081,synthetic_seed
WV,2023,asian,hisp,m,40-44,0.015267,synthetic_seed
WV,2023,asian,hisp,m,45-49,0.022654,synthetic_seed
WV,2023,asian,hisp,m,50-54,0.033489,synthetic_seed
WV,2023,asian,hisp,m,55-59,0.048509,synthetic_seed
WV,2023,asian,hisp,m,60-64,0.072148,synthetic_seed
WV,2023,asian,hisp,m,65-69,0.106868,synthetic_seed
WV,2023,asian,hisp,m,70-74,0.163011,synthetic_seed
WV,2023,asian,hisp,m,75-79,0.253381,synthetic_seed
WV,2023,asian,hisp,m,80-84,0.397185,synthetic_seed
WV,2023,asian,hisp,m,85+,0.684917,synthetic_seed
WV,2023,asian,hisp,f,0-4,0.00218,synthetic_seed
WV,2023,asian,hisp,f,5-9,0.000436,synthetic_seed
WV,2023,asian,hisp,f,10-14,0.000436,synthetic_seed
WV,2023,asian,hisp,f,15-19,0.00218,synthetic_seed
WV,2023,asian,hisp,f,20-24,0.003488,synthetic_seed
WV,2023,asian,hisp,f,25-29,0.00436,synthetic_seed
WV,2023,asian,hisp,f,30-34,0.005669,synthetic_seed
WV,2023,asian,hisp,f,35-39,0.007849,synthetic_seed
WV,2023,asian,hisp,f,40-44,0.010814,synthetic_seed
WV,2023,asian,hisp,f,45-49,0.016047,synthetic_seed
WV,2023,asian,hisp,f,50-54,0.023721,synthetic_seed
WV,2023,asian,hisp,f,55-59,0.034361,synthetic_seed
WV,2023,asian,hisp,f,60-64,0.051105,synthetic_seed
WV,2023,asian,hisp,f,65-69,0.075698,synthetic_seed
WV,2023,asian,hisp,f,70-74,0.115466,synthetic_seed
WV,2023,asian,hisp,f,75-79,0.179478,synthetic_seed
WV,2023,asian,hisp,f,80-84,0.281339,synthetic_seed
WV,2023,asian,hisp,f,85+,0.485149,synthetic_seed
WV,2023,other,non-hisp,m,0-4,0.00324,synthetic_seed
WV,2023,other,non-hisp,m,5-9,0.000648,synthetic_seed
WV,2023,other,non-hisp,m,10-14,0.000648,synthetic_seed
WV,2023,other,non-hisp,m,15-19,0.00324,synthetic_seed
WV,2023,other,non-hisp,m,20-24,0.005184,synthetic_seed
WV,2023,other,non-hisp,m,25-29,0.00648,synthetic_seed
WV,2023,other,non-hisp,m,30-34,0.008424,synthetic_seed
WV,2023,other,non-hisp,m,35-39,0.011664,synthetic_seed
WV,2023,other,non-hisp,m,40-44,0.01607,synthetic_seed
WV,2023,other,non-hisp,m,45-49,0.023846,synthetic_seed
WV,2023,other,non-hisp,m,50-54,0.035251,synthetic_seed
WV,2023,other,non-hisp,m,55-59,0.051062,synthetic_seed
WV,2023,other,non-hisp,m,60-64,0.075946,synthetic_seed
WV,2023,other,non-hisp,m,65-69,0.112493,synthetic_seed
WV,2023,other,non-hisp,m,70-74,0.17159,synthetic_seed
WV,2023,other,non-hisp,m,75-79,0.266717,synthetic_seed
WV,2023,other,non-hisp,m,80-84,0.41809,synthetic_seed
WV,2023,other,non-hisp,m,85+,0.720965,synthetic_seed
WV,2023,other,non-hisp,f,0-4,0.002295,synthetic_seed
WV,2023,other,non-hisp,f,5-9,0.000459,synthetic_seed
WV,2023,other,non-hisp,f,10-14,0.000459,synthetic_seed
WV,2023,other,non-hisp,f,15-19,0.002295,synthetic_seed
WV,2023,other,non-hisp,f,20-24,0.003672,synthetic_seed
WV,2023,other,non-hisp,f,25-29,0.00459,synthetic_seed
WV,2023,other,non-hisp,f,30-34,0.005967,synthetic_seed
WV,2023,other,non-hisp,f,35-39,0.008262,synthetic_seed
WV,2023,other,non-hisp,f,40-44,0.011383,synthetic_seed
WV,2023,other,non-hisp,f,45-49,0.016891,synthetic_seed
WV,2023,other,non-hisp,f,50-54,0.02497,synthetic_seed
WV,2023,other,non-hisp,f,55-59,0.036169,synthetic_seed
WV,2023,other,non-hisp,f,60-64,0.053795,synthetic_seed
WV,2023,other,non-hisp,f,65-69,0.079682,synthetic_seed
WV,2023,other,non-hisp,f,70-74,0.121543,synthetic_seed
WV,2023,other,non-hisp,f,75-79,0.188924,synthetic_seed
WV,2023,other,non-hisp,f,80-84,0.296147,synthetic_seed
WV,2023,other,non-hisp,f,85+,0.510683,synthetic_seed
WV,2023,other,hisp,m,0-4,0.00324,synthetic_seed
WV,2023,other,hisp,m,5-9,0.000648,synthetic_seed
WV,2023,other,hisp,m,10-14,0.000648,synthetic_seed
WV,2023,other,hisp,m,15-19,0.00324,synthetic_seed
WV,2023,other,hisp,m,20-24,0.005184,synthetic_seed
WV,2023,other,hisp,m,25-29,0.00648,synthetic_seed
WV,2023,other,hisp,m,30-34,0.008424,synthetic_seed
WV,2023,other,hisp,m,35-39,0.011664,synthetic_seed
WV,2023,other,hisp,m,40-44,0.01607,synthetic_seed
WV,2023,other,hisp,m,45-49,0.023846,synthetic_seed
WV,2023,other,hisp,m,50-54,0.035251,synthetic_seed
WV,2023,other,hisp,m,55-59,0.051062,synthetic_seed
WV,2023,other,hisp,m,60-64,0.075946,synthetic_seed
WV,2023,other,hisp,m,65-69,0.112493,synthetic_seed
WV,2023,other,hisp,m,70-74,0.17159,synthetic_seed
WV,2023,other,hisp,m,75-79,0.266717,synthetic_seed
WV,2023,other,hisp,m,80-84,0.41809,synthetic_seed
WV,2023,other,hisp,m,85+,0.720965,synthetic_seed
WV,2023,other,hisp,f,0-4,0.002295,synthetic_seed
WV,2023,other,hisp,f,5-9,0.000459,synthetic_seed
WV,2023,other,hisp,f,10-14,0.000459,synthetic_seed
WV,2023,other,hisp,f,15-19,0.002295,synthetic_seed
WV,2023,other,hisp,f,20-24,0.003672,synthetic_seed
WV,2023,other,hisp,f,25-29,0.00459,synthetic_seed
WV,2023,other,hisp,f,30-34,0.005967,synthetic_seed
WV,2023,other,hisp,f,35-39,0.008262,synthetic_seed
WV,2023,other,hisp,f,40-44,0.011383,synthetic_seed
WV,2023,other,hisp,f,45-49,0.016891,synthetic_seed
WV,2023,other,hisp,f,50-54,0.02497,synthetic_seed
WV,2023,other,hisp,f,55-59,0.036169,synthetic_seed
WV,2023,other,hisp,f,60-64,0.053795,synthetic_seed
WV,2023,other,hisp,f,65-69,0.079682,synthetic_seed
WV,2023,other,hisp,f,70-74,0.121543,synthetic_seed
WV,2023,other,hisp,f,75-79,0.188924,synthetic_seed
WV,2023,other,hisp,f,80-84,0.296147,synthetic_seed
WV,2023,other,hisp,f,85+,0.510683,synthetic_seed
WI,2023,white,non-hisp,m,0-4,0.00306,synthetic_seed
WI,2023,white,non-hisp,m,5-9,0.000612,synthetic_seed
WI,2023,white,non-hisp,m,10-14,0.000612,synthetic_seed
WI,2023,white,non-hisp,m,15-19,0.00306,synthetic_seed
WI,2023,white,non-hisp,m,20-24,0.004896,synthetic_seed
WI,2023,white,non-hisp,m,25-29,0.00612,synthetic_seed
WI,2023,white,non-hisp,m,30-34,0.007956,synthetic_seed
WI,2023,white,non-hisp,m,35-39,0.011016,synthetic_seed
WI,2023,white,non-hisp,m,40-44,0.015178,synthetic_seed
WI,2023,white,non-hisp,m,45-49,0.022522,synthetic_seed
WI,2023,white,non-hisp,m,50-54,0.033293,synthetic_seed
WI,2023,white,non-hisp,m,55-59,0.048226,synthetic_seed
WI,2023,white,non-hisp,m,60-64,0.071726,synthetic_seed
WI,2023,white,non-hisp,m,65-69,0.106243,synthetic_seed
WI,2023,white,non-hisp,m,70-74,0.162058,synthetic_seed
WI,2023,white,non-hisp,m,75-79,0.251899,synthetic_seed
WI,2023,white,non-hisp,m,80-84,0.394862,synthetic_seed
WI,2023,white,non-hisp,m,85+,0.680911,synthetic_seed
WI,2023,white,non-hisp,f,0-4,0.002168,synthetic_seed
WI,2023,white,non-hisp,f,5-9,0.000434,synthetic_seed
WI,2023,white,non-hisp,f,10-14,0.000434,synthetic_seed
WI,2023,white,non-hisp,f,15-19,0.002168,synthetic_seed
WI,2023,white,non-hisp,f,20-24,0.003468,synthetic_seed
WI,2023,white,non-hisp,f,25-29,0.004335,synthetic_seed
WI,2023,white,non-hisp,f,30-34,0.005635,synthetic_seed
WI,2023,white,non-hisp,f,35-39,0.007803,synthetic_seed
WI,2023,white,non-hisp,f,40-44,0.010751,synthetic_seed
WI,2023,white,non-hisp,f,45-49,0.015953,synthetic_seed
WI,2023,white,non-hisp,f,50-54,0.023582,synthetic_seed
WI,2023,white,non-hisp,f,55-59,0.03416,synthetic_seed
WI,2023,white,non-hisp,f,60-64,0.050806,synthetic_seed
WI,2023,white,non-hisp,f,65-69,0.075256,synthetic_seed
WI,2023,white,non-hisp,f,70-74,0.114791,synthetic_seed
WI,2023,white,non-hisp,f,75-79,0.178429,synthetic_seed
WI,2023,white,non-hisp,f,80-84,0.279694,synthetic_seed
WI,2023,white,non-hisp,f,85+,0.482312,synthetic_seed
WI,2023,white,hisp,m,0-4,0.00306,synthetic_seed
WI,2023,white,hisp,m,5-9,0.000612,synthetic_seed
WI,2023,white,hisp,m,10-14,0.000612,synthetic_seed
WI,2023,white,hisp,m,15-19,0.00306,synthetic_seed
WI,2023,white,hisp,m,20-24,0.004896,synthetic_seed
WI,2023,white,hisp,m,25-29,0.00612,synthetic_seed
WI,2023,white,hisp,m,30-34,0.007956,synthetic_seed
WI,2023,white,hisp,m,35-39,0.011016,synthetic_seed
WI,2023,white,hisp,m,40-44,0.015178,synthetic_seed
WI,2023,white,hisp,m,45-49,0.022522,synthetic_seed
WI,2023,white,hisp,m,50-54,0.033293,synthetic_seed
WI,2023,white,hisp,m,55-59,0.048226,synthetic_seed
WI,2023,white,hisp,m,60-64,0.071726,synthetic_seed
WI,2023,white,hisp,m,65-69,0.106243,synthetic_seed
WI,2023,white,hisp,m,70-74,0.162058,synthetic_seed
WI,2023,white,hisp,m,75-79,0.251899,synthetic_seed
WI,2023,white,hisp,m,80-84,0.394862,synthetic_seed
WI,2023,white,hisp,m,85+,0.680911,synthetic_seed
WI,2023,white,hisp,f,0-4,0.002168,synthetic_seed
WI,2023,white,hisp,f,5-9,0.000434,synthetic_seed
WI,2023,white,hisp,f,10-14,0.000434,synthetic_seed
WI,2023,white,hisp,f,15-19,0.002168,synthetic_seed
WI,2023,white,hisp,f,20-24,0.003468,synthetic_seed
WI,2023,white,hisp,f,25-29,0.004335,synthetic_seed
WI,2023,white,hisp,f,30-34,0.005635,synthetic_seed
WI,2023,white,hisp,f,35-39,0.007803,synthetic_seed
WI,2023,white,hisp,f,40-44,0.010751,synthetic_seed
WI,2023,white,hisp,f,45-49,0.015953,synthetic_seed
WI,2023,white,hisp,f,50-54,0.023582,synthetic_seed
WI,2023,white,hisp,f,55-59,0.03416,synthetic_seed
WI,2023,white,hisp,f,60-64,0.050806,synthetic_seed
WI,2023,white,hisp,f,65-69,0.075256,synthetic_seed
WI,2023,white,hisp,f,70-74,0.114791,synthetic_seed
WI,2023,white,hisp,f,75-79,0.178429,synthetic_seed
WI,2023,white,hisp,f,80-84,0.279694,synthetic_seed
WI,2023,white,hisp,f,85+,0.482312,synthetic_seed
WI,2023,black,non-hisp,m,0-4,0.003366,synthetic_seed
WI,2023,black,non-hisp,m,5-9,0.000673,synthetic_seed
WI,2023,black,non-hisp,m,10-14,0.000673,synthetic_seed
WI,2023,black,non-hisp,m,15-19,0.003366,synthetic_seed
WI,2023,black,non-hisp,m,20-24,0.005386,synthetic_seed
WI,2023,black,non-hisp,m,25-29,0.006732,synthetic_seed
WI,2023,black,non-hisp,m,30-34,0.008752,synthetic_seed
WI,2023,black,non-hisp,m,35-39,0.012118,synthetic_seed
WI,2023,black,non-hisp,m,40-44,0.016695,synthetic_seed
WI,2023,black,non-hisp,m,45-49,0.024774,synthetic_seed
WI,2023,black,non-hisp,m,50-54,0.036622,synthetic_seed
WI,2023,black,non-hisp,m,55-59,0.053048,synthetic_seed
WI,2023,black,non-hisp,m,60-64,0.078899,synthetic_seed
WI,2023,black,non-hisp,m,65-69,0.116868,synthetic_seed
WI,2023,black,non-hisp,m,70-74,0.178263,synthetic_seed
WI,2023,black,non-hisp,m,75-79,0.277089,synthetic_seed
WI,2023,black,non-hisp,m,80-84,0.434349,synthetic_seed
WI,2023,black,non-hisp,m,85+,0.749002,synthetic_seed
WI,2023,black,non-hisp,f,0-4,0.002384,synthetic_seed
WI,2023,black,non-hisp,f,5-9,0.000477,synthetic_seed
WI,2023,black,non-hisp,f,10-14,0.000477,synthetic_seed
WI,2023,black,non-hisp,f,15-19,0.002384,synthetic_seed
WI,2023,black,non-hisp,f,20-24,0.003815,synthetic_seed
WI,2023,black,non-hisp,f,25-29,0.004769,synthetic_seed
WI,2023,black,non-hisp,f,30-34,0.006199,synthetic_seed
WI,2023,black,non-hisp,f,35-39,0.008583,synthetic_seed
WI,2023,black,non-hisp,f,40-44,0.011826,synthetic_seed
WI,2023,black,non-hisp,f,45-49,0.017548,synthetic_seed
WI,2023,black,non-hisp,f,50-54,0.025941,synthetic_seed
WI,2023,black,non-hisp,f,55-59,0.037576,synthetic_seed
WI,2023,black,non-hisp,f,60-64,0.055887,synthetic_seed
WI,2023,black,non-hisp,f,65-69,0.082781,synthetic_seed
WI,2023,black,non-hisp,f,70-74,0.12627,synthetic_seed
WI,2023,black,non-hisp,f,75-79,0.196271,synthetic_seed
WI,2023,black,non-hisp,f,80-84,0.307664,synthetic_seed
WI,2023,black,non-hisp,f,85+,0.530543,synthetic_seed
WI,2023,black,hisp,m,0-4,0.003366,synthetic_seed
WI,2023,black,hisp,m,5-9,0.000673,synthetic_seed
WI,2023,black,hisp,m,10-14,0.000673,synthetic_seed
WI,2023,black,hisp,m,15-19,0.003366,synthetic_seed
WI,2023,black,hisp,m,20-24,0.005386,synthetic_seed
WI,2023,black,hisp,m,25-29,0.006732,synthetic_seed
WI,2023,black,hisp,m,30-34,0.008752,synthetic_seed
WI,2023,black,hisp,m,35-39,0.012118,synthetic_seed
WI,2023,black,hisp,m,40-44,0.016695,synthetic_seed
WI,2023,black,hisp,m,45-49,0.024774,synthetic_seed
WI,2023,black,hisp,m,50-54,0.036622,synthetic_seed
WI,2023,black,hisp,m,55-59,0.053048,synthetic_seed
WI,2023,black,hisp,m,60-64,0.078899,synthetic_seed
WI,2023,black,hisp,m,65-69,0.116868,synthetic_seed
WI,2023,black,hisp,m,70-74,0.178263,synthetic_seed
WI,2023,black,hisp,m,75-79,0.277089,synthetic_seed
WI,2023,black,hisp,m,80-84,0.434349,synthetic_seed
WI,2023,black,hisp,m,85+,0.749002,synthetic_seed
WI,2023,black,hisp,f,0-4,0.002384,synthetic_seed
WI,2023,black,hisp,f,5-9,0.000477,synthetic_seed
WI,2023,black,hisp,f,10-14,0.000477,synthetic_seed
WI,2023,black,hisp,f,15-19,0.002384,synthetic_seed
WI,2023,black,hisp,f,20-24,0.003815,synthetic_seed
WI,2023,black,hisp,f,25-29,0.004769,synthetic_seed
WI,2023,black,hisp,f,30-34,0.006199,synthetic_seed
WI,2023,black,hisp,f,35-39,0.008583,synthetic_seed
WI,2023,black,hisp,f,40-44,0.011826,synthetic_seed
WI,2023,black,hisp,f,45-49,0.017548,synthetic_seed
WI,2023,black,hisp,f,50-54,0.025941,synthetic_seed
WI,2023,black,hisp,f,55-59,0.037576,synthetic_seed
WI,2023,black,hisp,f,60-64,0.055887,synthetic_seed
WI,2023,black,hisp,f,65-69,0.082781,synthetic_seed
WI,2023,black,hisp,f,70-74,0.12627,synthetic_seed
WI,2023,black,hisp,f,75-79,0.196271,synthetic_seed
WI,2023,black,hisp,f,80-84,0.307664,synthetic_seed
WI,2023,black,hisp,f,85+,0.530543,synthetic_seed
WI,2023,asian,non-hisp,m,0-4,0.002907,synthetic_seed
WI,2023,asian,non-hisp,m,5-9,0.000581,synthetic_seed
WI,2023,asian,non-hisp,m,10-14,0.000581,synthetic_seed
WI,2023,asian,non-hisp,m,15-19,0.002907,synthetic_seed
WI,2023,asian,non-hisp,m,20-24,0.004651,synthetic_seed
WI,2023,asian,non-hisp,m,25-29,0.005814,synthetic_seed
WI,2023,asian,non-hisp,m,30-34,0.007558,synthetic_seed
WI,2023,asian,non-hisp,m,35-39,0.010465,synthetic_seed
WI,2023,asian,non-hisp,m,40-44,0.014419,synthetic_seed
WI,2023,asian,non-hisp,m,45-49,0.021396,synthetic_seed
WI,2023,asian,non-hisp,m,50-54,0.031628,synthetic_seed
WI,2023,asian,non-hisp,m,55-59,0.045814,synthetic_seed
WI,2023,asian,non-hisp,m,60-64,0.06814,synthetic_seed
WI,2023,asian,non-hisp,m,65-69,0.100931,synthetic_seed
WI,2023,asian,non-hisp,m,70-74,0.153955,synthetic_seed
WI,2023,asian,non-hisp,m,75-79,0.239304,synthetic_seed
WI,2023,asian,non-hisp,m,80-84,0.375119,synthetic_seed
WI,2023,asian,non-hisp,m,85+,0.646866,synthetic_seed
WI,2023,asian,non-hisp,f,0-4,0.002059,synthetic_seed
WI,2023,asian,non-hisp,f,5-9,0.000412,synthetic_seed
WI,2023,asian,non-hisp,f,10-14,0.000412,synthetic_seed
WI,2023,asian,non-hisp,f,15-19,0.002059,synthetic_seed
WI,2023,asian,non-hisp,f,20-24,0.003295,synthetic_seed
WI,2023,asian,non-hisp,f,25-29,0.004118,synthetic_seed
WI,2023,asian,non-hisp,f,30-34,0.005354,synthetic_seed
WI,2023,asian,non-hisp,f,35-39,0.007413,synthetic_seed
WI,2023,asian,non-hisp,f,40-44,0.010213,synthetic_seed
WI,2023,asian,non-hisp,f,45-49,0.015155,synthetic_seed
WI,2023,asian,non-hisp,f,50-54,0.022403,synthetic_seed
WI,2023,asian,non-hisp,f,55-59,0.032452,synthetic_seed
WI,2023,asian,non-hisp,f,60-64,0.048266,synthetic_seed
WI,2023,asian,non-hisp,f,65-69,0.071493,synthetic_seed
WI,2023,asian,non-hisp,f,70-74,0.109051,synthetic_seed
WI,2023,asian,non-hisp,f,75-79,0.169507,synthetic_seed
WI,2023,asian,non-hisp,f,80-84,0.265709,synthetic_seed
WI,2023,asian,non-hisp,f,85+,0.458196,synthetic_seed
WI,2023,asian,hisp,m,0-4,0.002907,synthetic_seed
WI,2023,asian,hisp,m,5-9,0.000581,synthetic_seed
WI,2023,asian,hisp,m,10-14,0.000581,synthetic_seed
WI,2023,asian,hisp,m,15-19,0.002907,synthetic_seed
WI,2023,asian,hisp,m,20-24,0.004651,synthetic_seed
WI,2023,asian,hisp,m,25-29,0.005814,synthetic_seed
WI,2023,asian,hisp,m,30-34,0.007558,synthetic_seed
WI,2023,asian,hisp,m,35-39,0.010465,synthetic_seed
WI,2023,asian,hisp,m,40-44,0.014419,synthetic_seed
WI,2023,asian,hisp,m,45-49,0.021396,synthetic_seed
WI,2023,asian,hisp,m,50-54,0.031628,synthetic_seed
WI,2023,asian,hisp,m,55-59,0.045814,synthetic_seed
WI,2023,asian,hisp,m,60-64,0.06814,synthetic_seed
WI,2023,asian,hisp,m,65-69,0.100931,synthetic_seed
WI,2023,asian,hisp,m,70-74,0.153955,synthetic_seed
WI,2023,asian,hisp,m,75-79,0.239304,synthetic_seed
WI,2023,asian,hisp,m,80-84,0.375119,synthetic_seed
WI,2023,asian,hisp,m,85+,0.646866,synthetic_seed
WI,2023,asian,hisp,f,0-4,0.002059,synthetic_seed
WI,2023,asian,hisp,f,5-9,0.000412,synthetic_seed
WI,2023,asian,hisp,f,10-14,0.000412,synthetic_seed
WI,2023,asian,hisp,f,15-19,0.002059,synthetic_seed
WI,2023,asian,hisp,f,20-24,0.003295,synthetic_seed
WI,2023,asian,hisp,f,25-29,0.004118,synthetic_seed
WI,2023,asian,hisp,f,30-34,0.005354,synthetic_seed
WI,2023,asian,hisp,f,35-39,0.007413,synthetic_seed
WI,2023,asian,hisp,f,40-44,0.010213,synthetic_seed
WI,2023,asian,hisp,f,45-49,0.015155,synthetic_seed
WI,2023,asian,hisp,f,50-54,0.022403,synthetic_seed
WI,2023,asian,hisp,f,55-59,0.032452,synthetic_seed
WI,2023,asian,hisp,f,60-64,0.048266,synthetic_seed
WI,2023,asian,hisp,f,65-69,0.071493,synthetic_seed
WI,2023,asian,hisp,f,70-74,0.109051,synthetic_seed
WI,2023,asian,hisp,f,75-79,0.169507,synthetic_seed
WI,2023,asian,hisp,f,80-84,0.265709,synthetic_seed
WI,2023,asian,hisp,f,85+,0.458196,synthetic_seed
WI,2023,other,non-hisp,m,0-4,0.00306,synthetic_seed
WI,2023,other,non-hisp,m,5-9,0.000612,synthetic_seed
WI,2023,other,non-hisp,m,10-14,0.000612,synthetic_seed
WI,2023,other,non-hisp,m,15-19,0.00306,synthetic_seed
WI,2023,other,non-hisp,m,20-24,0.004896,synthetic_seed
WI,2023,other,non-hisp,m,25-29,0.00612,synthetic_seed
WI,2023,other,non-hisp,m,30-34,0.007956,synthetic_seed
WI,2023,other,non-hisp,m,35-39,0.011016,synthetic_seed
WI,2023,other,non-hisp,m,40-44,0.015178,synthetic_seed
WI,2023,other,non-hisp,m,45-49,0.022522,synthetic_seed
WI,2023,other,non-hisp,m,50-54,0.033293,synthetic_seed
WI,2023,other,non-hisp,m,55-59,0.048226,synthetic_seed
WI,2023,other,non-hisp,m,60-64,0.071726,synthetic_seed
WI,2023,other,non-hisp,m,65-69,0.106243,synthetic_seed
WI,2023,other,non-hisp,m,70-74,0.162058,synthetic_seed
WI,2023,other,non-hisp,m,75-79,0.251899,synthetic_seed
WI,2023,other,non-hisp,m,80-84,0.394862,synthetic_seed
WI,2023,other,non-hisp,m,85+,0.680911,synthetic_seed
WI,2023,other,non-hisp,f,0-4,0.002168,synthetic_seed
WI,2023,other,non-hisp,f,5-9,0.000434,synthetic_seed
WI,2023,other,non-hisp,f,10-14,0.000434,synthetic_seed
WI,2023,other,non-hisp,f,15-19,0.002168,synthetic_seed
WI,2023,other,non-hisp,f,20-24,0.003468,synthetic_seed
WI,2023,other,non-hisp,f,25-29,0.004335,synthetic_seed
WI,2023,other,non-hisp,f,30-34,0.005635,synthetic_seed
WI,2023,other,non-hisp,f,35-39,0.007803,synthetic_seed
WI,2023,other,non-hisp,f,40-44,0.010751,synthetic_seed
WI,2023,other,non-hisp,f,45-49,0.015953,synthetic_seed
WI,2023,other,non-hisp,f,50-54,0.023582,synthetic_seed
WI,2023,other,non-hisp,f,55-59,0.03416,synthetic_seed
WI,2023,other,non-hisp,f,60-64,0.050806,synthetic_seed
WI,2023,other,non-hisp,f,65-69,0.075256,synthetic_seed
WI,2023,other,non-hisp,f,70-74,0.114791,synthetic_seed
WI,2023,other,non-hisp,f,75-79,0.178429,synthetic_seed
WI,2023,other,non-hisp,f,80-84,0.279694,synthetic_seed
WI,2023,other,non-hisp,f,85+,0.482312,synthetic_seed
WI,2023,other,hisp,m,0-4,0.00306,synthetic_seed
WI,2023,other,hisp,m,5-9,0.000612,synthetic_seed
WI,2023,other,hisp,m,10-14,0.000612,synthetic_seed
WI,2023,other,hisp,m,15-19,0.00306,synthetic_seed
WI,2023,other,hisp,m,20-24,0.004896,synthetic_seed
WI,2023,other,hisp,m,25-29,0.00612,synthetic_seed
WI,2023,other,hisp,m,30-34,0.007956,synthetic_seed
WI,2023,other,hisp,m,35-39,0.011016,synthetic_seed
WI,2023,other,hisp,m,40-44,0.015178,synthetic_seed
WI,2023,other,hisp,m,45-49,0.022522,synthetic_seed
WI,2023,other,hisp,m,50-54,0.033293,synthetic_seed
WI,2023,other,hisp,m,55-59,0.048226,synthetic_seed
WI,2023,other,hisp,m,60-64,0.071726,synthetic_seed
WI,2023,other,hisp,m,65-69,0.106243,synthetic_seed
WI,2023,other,hisp,m,70-74,0.162058,synthetic_seed
WI,2023,other,hisp,m,75-79,0.251899,synthetic_seed
WI,2023,other,hisp,m,80-84,0.394862,synthetic_seed
WI,2023,other,hisp,m,85+,0.680911,synthetic_seed
WI,2023,other,hisp,f,0-4,0.002168,synthetic_seed
WI,2023,other,hisp,f,5-9,0.000434,synthetic_seed
WI,2023,other,hisp,f,10-14,0.000434,synthetic_seed
WI,2023,other,hisp,f,15-19,0.002168,synthetic_seed
WI,2023,other,hisp,f,20-24,0.003468,synthetic_seed
WI,2023,other,hisp,f,25-29,0.004335,synthetic_seed
WI,2023,other,hisp,f,30-34,0.005635,synthetic_seed
WI,2023,other,hisp,f,35-39,0.007803,synthetic_seed
WI,2023,other,hisp,f,40-44,0.010751,synthetic_seed
WI,2023,other,hisp,f,45-49,0.015953,synthetic_seed
WI,2023,other,hisp,f,50-54,0.023582,synthetic_seed
WI,2023,other,hisp,f,55-59,0.03416,synthetic_seed
WI,2023,other,hisp,f,60-64,0.050806,synthetic_seed
WI,2023,other,hisp,f,65-69,0.075256,synthetic_seed
WI,2023,other,hisp,f,70-74,0.114791,synthetic_seed
WI,2023,other,hisp,f,75-79,0.178429,synthetic_seed
WI,2023,other,hisp,f,80-84,0.279694,synthetic_seed
WI,2023,other,hisp,f,85+,0.482312,synthetic_seed
WY,2023,white,non-hisp,m,0-4,0.00291,synthetic_seed
WY,2023,white,non-hisp,m,5-9,0.000582,synthetic_seed
WY,2023,white,non-hisp,m,10-14,0.000582,synthetic_seed
WY,2023,white,non-hisp,m,15-19,0.00291,synthetic_seed
WY,2023,white,non-hisp,m,20-24,0.004656,synthetic_seed
WY,2023,white,non-hisp,m,25-29,0.00582,synthetic_seed
WY,2023,white,non-hisp,m,30-34,0.007566,synthetic_seed
WY,2023,white,non-hisp,m,35-39,0.010476,synthetic_seed
WY,2023,white,non-hisp,m,40-44,0.014434,synthetic_seed
WY,2023,white,non-hisp,m,45-49,0.021418,synthetic_seed
WY,2023,white,non-hisp,m,50-54,0.031661,synthetic_seed
WY,2023,white,non-hisp,m,55-59,0.045862,synthetic_seed
WY,2023,white,non-hisp,m,60-64,0.06821,synthetic_seed
WY,2023,white,non-hisp,m,65-69,0.101035,synthetic_seed
WY,2023,white,non-hisp,m,70-74,0.154114,synthetic_seed
WY,2023,white,non-hisp,m,75-79,0.239551,synthetic_seed
WY,2023,white,non-hisp,m,80-84,0.375506,synthetic_seed
WY,2023,white,non-hisp,m,85+,0.647533,synthetic_seed
WY,2023,white,non-hisp,f,0-4,0.002061,synthetic_seed
WY,2023,white,non-hisp,f,5-9,0.000412,synthetic_seed
WY,2023,white,non-hisp,f,10-14,0.000412,synthetic_seed
WY,2023,white,non-hisp,f,15-19,0.002061,synthetic_seed
WY,2023,white,non-hisp,f,20-24,0.003298,synthetic_seed
WY,2023,white,non-hisp,f,25-29,0.004123,synthetic_seed
WY,2023,white,non-hisp,f,30-34,0.005359,synthetic_seed
WY,2023,white,non-hisp,f,35-39,0.007421,synthetic_seed
WY,2023,white,non-hisp,f,40-44,0.010224,synthetic_seed
WY,2023,white,non-hisp,f,45-49,0.015171,synthetic_seed
WY,2023,white,non-hisp,f,50-54,0.022426,synthetic_seed
WY,2023,white,non-hisp,f,55-59,0.032485,synthetic_seed
WY,2023,white,non-hisp,f,60-64,0.048316,synthetic_seed
WY,2023,white,non-hisp,f,65-69,0.071567,synthetic_seed
WY,2023,white,non-hisp,f,70-74,0.109164,synthetic_seed
WY,2023,white,non-hisp,f,75-79,0.169682,synthetic_seed
WY,2023,white,non-hisp,f,80-84,0.265984,synthetic_seed
WY,2023,white,non-hisp,f,85+,0.458669,synthetic_seed
WY,2023,white,hisp,m,0-4,0.00291,synthetic_seed
WY,2023,white,hisp,m,5-9,0.000582,synthetic_seed
WY,2023,white,hisp,m,10-14,0.000582,synthetic_seed
WY,2023,white,hisp,m,15-19,0.00291,synthetic_seed
WY,2023,white,hisp,m,20-24,0.004656,synthetic_seed
WY,2023,white,hisp,m,25-29,0.00582,synthetic_seed
WY,2023,white,hisp,m,30-34,0.007566,synthetic_seed
WY,2023,white,hisp,m,35-39,0.010476,synthetic_seed
WY,2023,white,hisp,m,40-44,0.014434,synthetic_seed
WY,2023,white,hisp,m,45-49,0.021418,synthetic_seed
WY,2023,white,hisp,m,50-54,0.031661,synthetic_seed
WY,2023,white,hisp,m,55-59,0.045862,synthetic_seed
WY,2023,white,hisp,m,60-64,0.06821,synthetic_seed
WY,2023,white,hisp,m,65-69,0.101035,synthetic_seed
WY,2023,white,hisp,m,70-74,0.154114,synthetic_seed
WY,2023,white,hisp,m,75-79,0.239551,synthetic_seed
WY,2023,white,hisp,m,80-84,0.375506,synthetic_seed
WY,2023,white,hisp,m,85+,0.647533,synthetic_seed
WY,2023,white,hisp,f,0-4,0.002061,synthetic_seed
WY,2023,white,hisp,f,5-9,0.000412,synthetic_seed
WY,2023,white,hisp,f,10-14,0.000412,synthetic_seed
WY,2023,white,hisp,f,15-19,0.002061,synthetic_seed
WY,2023,white,hisp,f,20-24,0.003298,synthetic_seed
WY,2023,white,hisp,f,25-29,0.004123,synthetic_seed
WY,2023,white,hisp,f,30-34,0.005359,synthetic_seed
WY,2023,white,hisp,f,35-39,0.007421,synthetic_seed
WY,2023,white,hisp,f,40-44,0.010224,synthetic_seed
WY,2023,white,hisp,f,45-49,0.015171,synthetic_seed
WY,2023,white,hisp,f,50-54,0.022426,synthetic_seed
WY,2023,white,hisp,f,55-59,0.032485,synthetic_seed
WY,2023,white,hisp,f,60-64,0.048316,synthetic_seed
WY,2023,white,hisp,f,65-69,0.071567,synthetic_seed
WY,2023,white,hisp,f,70-74,0.109164,synthetic_seed
WY,2023,white,hisp,f,75-79,0.169682,synthetic_seed
WY,2023,white,hisp,f,80-84,0.265984,synthetic_seed
WY,2023,white,hisp,f,85+,0.458669,synthetic_seed
WY,2023,black,non-hisp,m,0-4,0.003201,synthetic_seed
WY,2023,black,non-hisp,m,5-9,0.00064,synthetic_seed
WY,2023,black,non-hisp,m,10-14,0.00064,synthetic_seed
WY,2023,black,non-hisp,m,15-19,0.003201,synthetic_seed
WY,2023,black,non-hisp,m,20-24,0.005122,synthetic_seed
WY,2023,black,non-hisp,m,25-29,0.006402,synthetic_seed
WY,2023,black,non-hisp,m,30-34,0.008323,synthetic_seed
WY,2023,black,non-hisp,m,35-39,0.011524,synthetic_seed
WY,2023,black,non-hisp,m,40-44,0.015877,synthetic_seed
WY,2023,black,non-hisp,m,45-49,0.023559,synthetic_seed
WY,2023,black,non-hisp,m,50-54,0.034827,synthetic_seed
WY,2023,black,non-hisp,m,55-59,0.050448,synthetic_seed
WY,2023,black,non-hisp,m,60-64,0.075031,synthetic_seed
WY,2023,black,non-hisp,m,65-69,0.111139,synthetic_seed
WY,2023,black,non-hisp,m,70-74,0.169525,synthetic_seed
WY,2023,black,non-hisp,m,75-79,0.263506,synthetic_seed
WY,2023,black,non-hisp,m,80-84,0.413057,synthetic_seed
WY,2023,black,non-hisp,m,85+,0.712287,synthetic_seed
WY,2023,black,non-hisp,f,0-4,0.002267,synthetic_seed
WY,2023,black,non-hisp,f,5-9,0.000453,synthetic_seed
WY,2023,black,non-hisp,f,10-14,0.000453,synthetic_seed
WY,2023,black,non-hisp,f,15-19,0.002267,synthetic_seed
WY,2023,black,non-hisp,f,20-24,0.003628,synthetic_seed
WY,2023,black,non-hisp,f,25-29,0.004535,synthetic_seed
WY,2023,black,non-hisp,f,30-34,0.005895,synthetic_seed
WY,2023,black,non-hisp,f,35-39,0.008163,synthetic_seed
WY,2023,black,non-hisp,f,40-44,0.011246,synthetic_seed
WY,2023,black,non-hisp,f,45-49,0.016688,synthetic_seed
WY,2023,black,non-hisp,f,50-54,0.024669,synthetic_seed
WY,2023,black,non-hisp,f,55-59,0.035734,synthetic_seed
WY,2023,black,non-hisp,f,60-64,0.053147,synthetic_seed
WY,2023,black,non-hisp,f,65-69,0.078723,synthetic_seed
WY,2023,black,non-hisp,f,70-74,0.12008,synthetic_seed
WY,2023,black,non-hisp,f,75-79,0.18665,synthetic_seed
WY,2023,black,non-hisp,f,80-84,0.292582,synthetic_seed
WY,2023,black,non-hisp,f,85+,0.504536,synthetic_seed
WY,2023,black,hisp,m,0-4,0.003201,synthetic_seed
WY,2023,black,hisp,m,5-9,0.00064,synthetic_seed
WY,2023,black,hisp,m,10-14,0.00064,synthetic_seed
WY,2023,black,hisp,m,15-19,0.003201,synthetic_seed
WY,2023,black,hisp,m,20-24,0.005122,synthetic_seed
WY,2023,black,hisp,m,25-29,0.006402,synthetic_seed
WY,2023,black,hisp,m,30-34,0.008323,synthetic_seed
WY,2023,black,hisp,m,35-39,0.011524,synthetic_seed
WY,2023,black,hisp,m,40-44,0.015877,synthetic_seed
WY,2023,black,hisp,m,45-49,0.023559,synthetic_seed
WY,2023,black,hisp,m,50-54,0.034827,synthetic_seed
WY,2023,black,hisp,m,55-59,0.050448,synthetic_seed
WY,2023,black,hisp,m,60-64,0.075031,synthetic_seed
WY,2023,black,hisp,m,65-69,0.111139,synthetic_seed
WY,2023,black,hisp,m,70-74,0.169525,synthetic_seed
WY,2023,black,hisp,m,75-79,0.263506,synthetic_seed
WY,2023,black,hisp,m,80-84,0.413057,synthetic_seed
WY,2023,black,hisp,m,85+,0.712287,synthetic_seed
WY,2023,black,hisp,f,0-4,0.002267,synthetic_seed
WY,2023,black,hisp,f,5-9,0.000453,synthetic_seed
WY,2023,black,hisp,f,10-14,0.000453,synthetic_seed
WY,2023,black,hisp,f,15-19,0.002267,synthetic_seed
WY,2023,black,hisp,f,20-24,0.003628,synthetic_seed
WY,2023,black,hisp,f,25-29,0.004535,synthetic_seed
WY,2023,black,hisp,f,30-34,0.005895,synthetic_seed
WY,2023,black,hisp,f,35-39,0.008163,synthetic_seed
WY,2023,black,hisp,f,40-44,0.011246,synthetic_seed
WY,2023,black,hisp,f,45-49,0.016688,synthetic_seed
WY,2023,black,hisp,f,50-54,0.024669,synthetic_seed
WY,2023,black,hisp,f,55-59,0.035734,synthetic_seed
WY,2023,black,hisp,f,60-64,0.053147,synthetic_seed
WY,2023,black,hisp,f,65-69,0.078723,synthetic_seed
WY,2023,black,hisp,f,70-74,0.12008,synthetic_seed
WY,2023,black,hisp,f,75-79,0.18665,synthetic_seed
WY,2023,black,hisp,f,80-84,0.292582,synthetic_seed
WY,2023,black,hisp,f,85+,0.504536,synthetic_seed
WY,2023,asian,non-hisp,m,0-4,0.002764,synthetic_seed
WY,2023,asian,non-hisp,m,5-9,0.000553,synthetic_seed
WY,2023,asian,non-hisp,m,10-14,0.000553,synthetic_seed
WY,2023,asian,non-hisp,m,15-19,0.002764,synthetic_seed
WY,2023,asian,non-hisp,m,20-24,0.004423,synthetic_seed
WY,2023,asian,non-hisp,m,25-29,0.005529,synthetic_seed
WY,2023,asian,non-hisp,m,30-34,0.007188,synthetic_seed
WY,2023,asian,non-hisp,m,35-39,0.009952,synthetic_seed
WY,2023,asian,non-hisp,m,40-44,0.013712,synthetic_seed
WY,2023,asian,non-hisp,m,45-49,0.020347,synthetic_seed
WY,2023,asian,non-hisp,m,50-54,0.030078,synthetic_seed
WY,2023,asian,non-hisp,m,55-59,0.043569,synthetic_seed
WY,2023,asian,non-hisp,m,60-64,0.0648,synthetic_seed
WY,2023,asian,non-hisp,m,65-69,0.095983,synthetic_seed
WY,2023,asian,non-hisp,m,70-74,0.146408,synthetic_seed
WY,2023,asian,non-hisp,m,75-79,0.227574,synthetic_seed
WY,2023,asian,non-hisp,m,80-84,0.356731,synthetic_seed
WY,2023,asian,non-hisp,m,85+,0.615157,synthetic_seed
WY,2023,asian,non-hisp,f,0-4,0.001958,synthetic_seed
WY,2023,asian,non-hisp,f,5-9,0.000392,synthetic_seed
WY,2023,asian,non-hisp,f,10-14,0.000392,synthetic_seed
WY,2023,asian,non-hisp,f,15-19,0.001958,synthetic_seed
WY,2023,asian,non-hisp,f,20-24,0.003133,synthetic_seed
WY,2023,asian,non-hisp,f,25-29,0.003916,synthetic_seed
WY,2023,asian,non-hisp,f,30-34,0.005091,synthetic_seed
WY,2023,asian,non-hisp,f,35-39,0.007049,synthetic_seed
WY,2023,asian,non-hisp,f,40-44,0.009713,synthetic_seed
WY,2023,asian,non-hisp,f,45-49,0.014412,synthetic_seed
WY,2023,asian,non-hisp,f,50-54,0.021305,synthetic_seed
WY,2023,asian,non-hisp,f,55-59,0.030861,synthetic_seed
WY,2023,asian,non-hisp,f,60-64,0.0459,synthetic_seed
WY,2023,asian,non-hisp,f,65-69,0.067988,synthetic_seed
WY,2023,asian,non-hisp,f,70-74,0.103706,synthetic_seed
WY,2023,asian,non-hisp,f,75-79,0.161198,synthetic_seed
WY,2023,asian,non-hisp,f,80-84,0.252685,synthetic_seed
WY,2023,asian,non-hisp,f,85+,0.435736,synthetic_seed
WY,2023,asian,hisp,m,0-4,0.002764,synthetic_seed
WY,2023,asian,hisp,m,5-9,0.000553,synthetic_seed
WY,2023,asian,hisp,m,10-14,0.000553,synthetic_seed
WY,2023,asian,hisp,m,15-19,0.002764,synthetic_seed
WY,2023,asian,hisp,m,20-24,0.004423,synthetic_seed
WY,2023,asian,hisp,m,25-29,0.005529,synthetic_seed
WY,2023,asian,hisp,m,30-34,0.007188,synthetic_seed
WY,2023,asian,hisp,m,35-39,0.009952,synthetic_seed
WY,2023,asian,hisp,m,40-44,0.013712,synthetic_seed
WY,2023,asian,hisp,m,45-49,0.020347,synthetic_seed
WY,2023,asian,hisp,m,50-54,0.030078,synthetic_seed
WY,2023,asian,hisp,m,55-59,0.043569,synthetic_seed
WY,2023,asian,hisp,m,60-64,0.0648,synthetic_seed
WY,2023,asian,hisp,m,65-69,0.095983,synthetic_seed
WY,2023,asian,hisp,m,70-74,0.146408,synthetic_seed
WY,2023,asian,hisp,m,75-79,0.227574,synthetic_seed
WY,2023,asian,hisp,m,80-84,0.356731,synthetic_seed
WY,2023,asian,hisp,m,85+,0.615157,synthetic_seed
WY,2023,asian,hisp,f,0-4,0.001958,synthetic_seed
WY,2023,asian,hisp,f,5-9,0.000392,synthetic_seed
WY,2023,asian,hisp,f,10-14,0.000392,synthetic_seed
WY,2023,asian,hisp,f,15-19,0.001958,synthetic_seed
WY,2023,asian,hisp,f,20-24,0.003133,synthetic_seed
WY,2023,asian,hisp,f,25-29,0.003916,synthetic_seed
WY,2023,asian,hisp,f,30-34,0.005091,synthetic_seed
WY,2023,asian,hisp,f,35-39,0.007049,synthetic_seed
WY,2023,asian,hisp,f,40-44,0.009713,synthetic_seed
WY,2023,asian,hisp,f,45-49,0.014412,synthetic_seed
WY,2023,asian,hisp,f,50-54,0.021305,synthetic_seed
WY,2023,asian,hisp,f,55-59,0.030861,synthetic_seed
WY,2023,asian,hisp,f,60-64,0.0459,synthetic_seed
WY,2023,asian,hisp,f,65-69,0.067988,synthetic_seed
WY,2023,asian,hisp,f,70-74,0.103706,synthetic_seed
WY,2023,asian,hisp,f,75-79,0.161198,synthetic_seed
WY,2023,asian,hisp,f,80-84,0.252685,synthetic_seed
WY,2023,asian,hisp,f,85+,0.435736,synthetic_seed
WY,2023,other,non-hisp,m,0-4,0.00291,synthetic_seed
WY,2023,other,non-hisp,m,5-9,0.000582,synthetic_seed
WY,2023,other,non-hisp,m,10-14,0.000582,synthetic_seed
WY,2023,other,non-hisp,m,15-19,0.00291,synthetic_seed
WY,2023,other,non-hisp,m,20-24,0.004656,synthetic_seed
WY,2023,other,non-hisp,m,25-29,0.00582,synthetic_seed
WY,2023,other,non-hisp,m,30-34,0.007566,synthetic_seed
WY,2023,other,non-hisp,m,35-39,0.010476,synthetic_seed
WY,2023,other,non-hisp,m,40-44,0.014434,synthetic_seed
WY,2023,other,non-hisp,m,45-49,0.021418,synthetic_seed
WY,2023,other,non-hisp,m,50-54,0.031661,synthetic_seed
WY,2023,other,non-hisp,m,55-59,0.045862,synthetic_seed
WY,2023,other,non-hisp,m,60-64,0.06821,synthetic_seed
WY,2023,other,non-hisp,m,65-69,0.101035,synthetic_seed
WY,2023,other,non-hisp,m,70-74,0.154114,synthetic_seed
WY,2023,other,non-hisp,m,75-79,0.239551,synthetic_seed
WY,2023,other,non-hisp,m,80-84,0.375506,synthetic_seed
WY,2023,other,non-hisp,m,85+,0.647533,synthetic_seed
WY,2023,other,non-hisp,f,0-4,0.002061,synthetic_seed
WY,2023,other,non-hisp,f,5-9,0.000412,synthetic_seed
WY,2023,other,non-hisp,f,10-14,0.000412,synthetic_seed
WY,2023,other,non-hisp,f,15-19,0.002061,synthetic_seed
WY,2023,other,non-hisp,f,20-24,0.003298,synthetic_seed
WY,2023,other,non-hisp,f,25-29,0.004123,synthetic_seed
WY,2023,other,non-hisp,f,30-34,0.005359,synthetic_seed
WY,2023,other,non-hisp,f,35-39,0.007421,synthetic_seed
WY,2023,other,non-hisp,f,40-44,0.010224,synthetic_seed
WY,2023,other,non-hisp,f,45-49,0.015171,synthetic_seed
WY,2023,other,non-hisp,f,50-54,0.022426,synthetic_seed
WY,2023,other,non-hisp,f,55-59,0.032485,synthetic_seed
WY,2023,other,non-hisp,f,60-64,0.048316,synthetic_seed
WY,2023,other,non-hisp,f,65-69,0.071567,synthetic_seed
WY,2023,other,non-hisp,f,70-74,0.109164,synthetic_seed
WY,2023,other,non-hisp,f,75-79,0.169682,synthetic_seed
WY,2023,other,non-hisp,f,80-84,0.265984,synthetic_seed
WY,2023,other,non-hisp,f,85+,0.458669,synthetic_seed
WY,2023,other,hisp,m,0-4,0.00291,synthetic_seed
WY,2023,other,hisp,m,5-9,0.000582,synthetic_seed
WY,2023,other,hisp,m,10-14,0.000582,synthetic_seed
WY,2023,other,hisp,m,15-19,0.00291,synthetic_seed
WY,2023,other,hisp,m,20-24,0.004656,synthetic_seed
WY,2023,other,hisp,m,25-29,0.00582,synthetic_seed
WY,2023,other,hisp,m,30-34,0.007566,synthetic_seed
WY,2023,other,hisp,m,35-39,0.010476,synthetic_seed
WY,2023,other,hisp,m,40-44,0.014434,synthetic_seed
WY,2023,other,hisp,m,45-49,0.021418,synthetic_seed
WY,2023,other,hisp,m,50-54,0.031661,synthetic_seed
WY,2023,other,hisp,m,55-59,0.045862,synthetic_seed
WY,2023,other,hisp,m,60-64,0.06821,synthetic_seed
WY,2023,other,hisp,m,65-69,0.101035,synthetic_seed
WY,2023,other,hisp,m,70-74,0.154114,synthetic_seed
WY,2023,other,hisp,m,75-79,0.239551,synthetic_seed
WY,2023,other,hisp,m,80-84,0.375506,synthetic_seed
WY,2023,other,hisp,m,85+,0.647533,synthetic_seed
WY,2023,other,hisp,f,0-4,0.002061,synthetic_seed
WY,2023,other,hisp,f,5-9,0.000412,synthetic_seed
WY,2023,other,hisp,f,10-14,0.000412,synthetic_seed
WY,2023,other,hisp,f,15-19,0.002061,synthetic_seed
WY,2023,other,hisp,f,20-24,0.003298,synthetic_seed
WY,2023,other,hisp,f,25-29,0.004123,synthetic_seed
WY,2023,other,hisp,f,30-34,0.005359,synthetic_seed
WY,2023,other,hisp,f,35-39,0.007421,synthetic_seed
WY,2023,other,hisp,f,40-44,0.010224,synthetic_seed
WY,2023,other,hisp,f,45-49,0.015171,synthetic_seed
WY,2023,other,hisp,f,50-54,0.022426,synthetic_seed
WY,2023,other,hisp,f,55-59,0.032485,synthetic_seed
WY,2023,other,hisp,f,60-64,0.048316,synthetic_seed
WY,2023,other,hisp,f,65-69,0.071567,synthetic_seed
WY,2023,other,hisp,f,70-74,0.109164,synthetic_seed
WY,2023,other,hisp,f,75-79,0.169682,synthetic_seed
WY,2023,other,hisp,f,80-84,0.265984,synthetic_seed
WY,2023,other,hisp,f,85+,0.458669,synthetic_seed
