state_code,year,race,origin,sex,age_group,population,is_projection
WI,2018,white,non-hisp,m,0-4,136519,0
WI,2018,white,non-hisp,f,0-4,136519,0
WI,2018,white,non-hisp,m,5-9,141227,0
WI,2018,white,non-hisp,f,5-9,141227,0
WI,2018,white,non-hisp,m,10-14,150642,0
WI,2018,white,non-hisp,f,10-14,150642,0
WI,2018,white,non-hisp,m,15-19,150642,0
WI,2018,white,non-hisp,f,15-19,150642,0
WI,2018,white,non-hisp,m,20-24,155350,0
WI,2018,white,non-hisp,f,20-24,155350,0
WI,2018,white,non-hisp,m,25-29,164765,0
WI,2018,white,non-hisp,f,25-29,164765,0
WI,2018,white,non-hisp,m,30-34,164765,0
WI,2018,white,non-hisp,f,30-34,164765,0
WI,2018,white,non-hisp,m,35-39,160057,0
WI,2018,white,non-hisp,f,35-39,160057,0
WI,2018,white,non-hisp,m,40-44,148288,0
WI,2018,white,non-hisp,f,40-44,148288,0
WI,2018,white,non-hisp,m,45-49,141227,0
WI,2018,white,non-hisp,f,45-49,141227,0
WI,2018,white,non-hisp,m,50-54,150642,0
WI,2018,white,non-hisp,f,50-54,150642,0
WI,2018,white,non-hisp,m,55-59,157703,0
WI,2018,white,non-hisp,f,55-59,157703,0
WI,2018,white,non-hisp,m,60-64,150642,0
WI,2018,white,non-hisp,f,60-64,150642,0
WI,2018,white,non-hisp,m,65-69,127104,0
WI,2018,white,non-hisp,f,65-69,127104,0
WI,2018,white,non-hisp,m,70-74,105920,0
WI,2018,white,non-hisp,f,70-74,105920,0
WI,2018,white,non-hisp,m,75-79,75321,0
WI,2018,white,non-hisp,f,75-79,75321,0
WI,2018,white,non-hisp,m,80-84,37661,0
WI,2018,white,non-hisp,f,80-84,56491,0
WI,2018,white,non-hisp,m,85+,39544,0
WI,2018,white,non-hisp,f,85+,59315,0
WI,2018,black,non-hisp,m,0-4,10546,0
WI,2018,black,non-hisp,f,0-4,10546,0
WI,2018,black,non-hisp,m,5-9,10909,0
WI,2018,black,non-hisp,f,5-9,10909,0
WI,2018,black,non-hisp,m,10-14,11637,0
WI,2018,black,non-hisp,f,10-14,11637,0
WI,2018,black,non-hisp,m,15-19,11637,0
WI,2018,black,non-hisp,f,15-19,11637,0
WI,2018,black,non-hisp,m,20-24,12000,0
WI,2018,black,non-hisp,f,20-24,12000,0
WI,2018,black,non-hisp,m,25-29,12727,0
WI,2018,black,non-hisp,f,25-29,12727,0
WI,2018,black,non-hisp,m,30-34,12727,0
WI,2018,black,non-hisp,f,30-34,12727,0
WI,2018,black,non-hisp,m,35-39,12364,0
WI,2018,black,non-hisp,f,35-39,12364,0
WI,2018,black,non-hisp,m,40-44,11455,0
WI,2018,black,non-hisp,f,40-44,11455,0
WI,2018,black,non-hisp,m,45-49,10909,0
WI,2018,black,non-hisp,f,45-49,10909,0
WI,2018,black,non-hisp,m,50-54,11637,0
WI,2018,black,non-hisp,f,50-54,11637,0
WI,2018,black,non-hisp,m,55-59,12182,0
WI,2018,black,non-hisp,f,55-59,12182,0
WI,2018,black,non-hisp,m,60-64,11637,0
WI,2018,black,non-hisp,f,60-64,11637,0
WI,2018,black,non-hisp,m,65-69,9818,0
WI,2018,black,non-hisp,f,65-69,9818,0
WI,2018,black,non-hisp,m,70-74,8182,0
WI,2018,black,non-hisp,f,70-74,8182,0
WI,2018,black,non-hisp,m,75-79,5818,0
WI,2018,black,non-hisp,f,75-79,5818,0
WI,2018,black,non-hisp,m,80-84,2909,0
WI,2018,black,non-hisp,f,80-84,4364,0
WI,2018,black,non-hisp,m,85+,3055,0
WI,2018,black,non-hisp,f,85+,4582,0
WI,2018,asian,non-hisp,m,0-4,4739,0
WI,2018,asian,non-hisp,f,0-4,4739,0
WI,2018,asian,non-hisp,m,5-9,4903,0
WI,2018,asian,non-hisp,f,5-9,4903,0
WI,2018,asian,non-hisp,m,10-14,5229,0
WI,2018,asian,non-hisp,f,10-14,5229,0
WI,2018,asian,non-hisp,m,15-19,5229,0
WI,2018,asian,non-hisp,f,15-19,5229,0
WI,2018,asian,non-hisp,m,20-24,5393,0
WI,2018,asian,non-hisp,f,20-24,5393,0
WI,2018,asian,non-hisp,m,25-29,5720,0
WI,2018,asian,non-hisp,f,25-29,5720,0
WI,2018,asian,non-hisp,m,30-34,5720,0
WI,2018,asian,non-hisp,f,30-34,5720,0
WI,2018,asian,non-hisp,m,35-39,5556,0
WI,2018,asian,non-hisp,f,35-39,5556,0
WI,2018,asian,non-hisp,m,40-44,5148,0
WI,2018,asian,non-hisp,f,40-44,5148,0
WI,2018,asian,non-hisp,m,45-49,4903,0
WI,2018,asian,non-hisp,f,45-49,4903,0
WI,2018,asian,non-hisp,m,50-54,5229,0
WI,2018,asian,non-hisp,f,50-54,5229,0
WI,2018,asian,non-hisp,m,55-59,5475,0
WI,2018,asian,non-hisp,f,55-59,5475,0
WI,2018,asian,non-hisp,m,60-64,5229,0
WI,2018,asian,non-hisp,f,60-64,5229,0
WI,2018,asian,non-hisp,m,65-69,4412,0
WI,2018,asian,non-hisp,f,65-69,4412,0
WI,2018,asian,non-hisp,m,70-74,3677,0
WI,2018,asian,non-hisp,f,70-74,3677,0
WI,2018,asian,non-hisp,m,75-79,2615,0
WI,2018,asian,non-hisp,f,75-79,2615,0
WI,2018,asian,non-hisp,m,80-84,1307,0
WI,2018,asian,non-hisp,f,80-84,1961,0
WI,2018,asian,non-hisp,m,85+,1373,0
WI,2018,asian,non-hisp,f,85+,2059,0
WI,2018,other,non-hisp,m,0-4,5078,0
WI,2018,other,non-hisp,f,0-4,5078,0
WI,2018,other,non-hisp,m,5-9,5253,0
WI,2018,other,non-hisp,f,5-9,5253,0
WI,2018,other,non-hisp,m,10-14,5603,0
WI,2018,other,non-hisp,f,10-14,5603,0
WI,2018,other,non-hisp,m,15-19,5603,0
WI,2018,other,non-hisp,f,15-19,5603,0
WI,2018,other,non-hisp,m,20-24,5778,0
WI,2018,other,non-hisp,f,20-24,5778,0
WI,2018,other,non-hisp,m,25-29,6129,0
WI,2018,other,non-hisp,f,25-29,6129,0
WI,2018,other,non-hisp,m,30-34,6129,0
WI,2018,other,non-hisp,f,30-34,6129,0
WI,2018,other,non-hisp,m,35-39,5954,0
WI,2018,other,non-hisp,f,35-39,5954,0
WI,2018,other,non-hisp,m,40-44,5516,0
WI,2018,other,non-hisp,f,40-44,5516,0
WI,2018,other,non-hisp,m,45-49,5253,0
WI,2018,other,non-hisp,f,45-49,5253,0
WI,2018,other,non-hisp,m,50-54,5603,0
WI,2018,other,non-hisp,f,50-54,5603,0
WI,2018,other,non-hisp,m,55-59,5866,0
WI,2018,other,non-hisp,f,55-59,5866,0
WI,2018,other,non-hisp,m,60-64,5603,0
WI,2018,other,non-hisp,f,60-64,5603,0
WI,2018,other,non-hisp,m,65-69,4728,0
WI,2018,other,non-hisp,f,65-69,4728,0
WI,2018,other,non-hisp,m,70-74,3940,0
WI,2018,other,non-hisp,f,70-74,3940,0
WI,2018,other,non-hisp,m,75-79,2802,0
WI,2018,other,non-hisp,f,75-79,2802,0
WI,2018,other,non-hisp,m,80-84,1401,0
WI,2018,other,non-hisp,f,80-84,2101,0
WI,2018,other,non-hisp,m,85+,1471,0
WI,2018,other,non-hisp,f,85+,2206,0
WI,2018,white,hisp,m,0-4,7241,0
WI,2018,white,hisp,f,0-4,7241,0
WI,2018,white,hisp,m,5-9,7490,0
WI,2018,white,hisp,f,5-9,7490,0
WI,2018,white,hisp,m,10-14,7990,0
WI,2018,white,hisp,f,10-14,7990,0
WI,2018,white,hisp,m,15-19,7990,0
WI,2018,white,hisp,f,15-19,7990,0
WI,2018,white,hisp,m,20-24,8239,0
WI,2018,white,hisp,f,20-24,8239,0
WI,2018,white,hisp,m,25-29,8739,0
WI,2018,white,hisp,f,25-29,8739,0
WI,2018,white,hisp,m,30-34,8739,0
WI,2018,white,hisp,f,30-34,8739,0
WI,2018,white,hisp,m,35-39,8489,0
WI,2018,white,hisp,f,35-39,8489,0
WI,2018,white,hisp,m,40-44,7865,0
WI,2018,white,hisp,f,40-44,7865,0
WI,2018,white,hisp,m,45-49,7490,0
WI,2018,white,hisp,f,45-49,7490,0
WI,2018,white,hisp,m,50-54,7990,0
WI,2018,white,hisp,f,50-54,7990,0
WI,2018,white,hisp,m,55-59,8364,0
WI,2018,white,hisp,f,55-59,8364,0
WI,2018,white,hisp,m,60-64,7990,0
WI,2018,white,hisp,f,60-64,7990,0
WI,2018,white,hisp,m,65-69,6741,0
WI,2018,white,hisp,f,65-69,6741,0
WI,2018,white,hisp,m,70-74,5618,0
WI,2018,white,hisp,f,70-74,5618,0
WI,2018,white,hisp,m,75-79,3995,0
WI,2018,white,hisp,f,75-79,3995,0
WI,2018,white,hisp,m,80-84,1997,0
WI,2018,white,hisp,f,80-84,2996,0
WI,2018,white,hisp,m,85+,2097,0
WI,2018,white,hisp,f,85+,3146,0
WI,2018,black,hisp,m,0-4,203,0
WI,2018,black,hisp,f,0-4,203,0
WI,2018,black,hisp,m,5-9,210,0
WI,2018,black,hisp,f,5-9,210,0
WI,2018,black,hisp,m,10-14,224,0
WI,2018,black,hisp,f,10-14,224,0
WI,2018,black,hisp,m,15-19,224,0
WI,2018,black,hisp,f,15-19,224,0
WI,2018,black,hisp,m,20-24,231,0
WI,2018,black,hisp,f,20-24,231,0
WI,2018,black,hisp,m,25-29,245,0
WI,2018,black,hisp,f,25-29,245,0
WI,2018,black,hisp,m,30-34,245,0
WI,2018,black,hisp,f,30-34,245,0
WI,2018,black,hisp,m,35-39,238,0
WI,2018,black,hisp,f,35-39,238,0
WI,2018,black,hisp,m,40-44,220,0
WI,2018,black,hisp,f,40-44,220,0
WI,2018,black,hisp,m,45-49,210,0
WI,2018,black,hisp,f,45-49,210,0
WI,2018,black,hisp,m,50-54,224,0
WI,2018,black,hisp,f,50-54,224,0
WI,2018,black,hisp,m,55-59,234,0
WI,2018,black,hisp,f,55-59,234,0
WI,2018,black,hisp,m,60-64,224,0
WI,2018,black,hisp,f,60-64,224,0
WI,2018,black,hisp,m,65-69,189,0
WI,2018,black,hisp,f,65-69,189,0
WI,2018,black,hisp,m,70-74,157,0
WI,2018,black,hisp,f,70-74,157,0
WI,2018,black,hisp,m,75-79,112,0
WI,2018,black,hisp,f,75-79,112,0
WI,2018,black,hisp,m,80-84,56,0
WI,2018,black,hisp,f,80-84,84,0
WI,2018,black,hisp,m,85+,59,0
WI,2018,black,hisp,f,85+,88,0
WI,2018,asian,hisp,m,0-4,57,0
WI,2018,asian,hisp,f,0-4,57,0
WI,2018,asian,hisp,m,5-9,59,0
WI,2018,asian,hisp,f,5-9,59,0
WI,2018,asian,hisp,m,10-14,63,0
WI,2018,asian,hisp,f,10-14,63,0
WI,2018,asian,hisp,m,15-19,63,0
WI,2018,asian,hisp,f,15-19,63,0
WI,2018,asian,hisp,m,20-24,65,0
WI,2018,asian,hisp,f,20-24,65,0
WI,2018,asian,hisp,m,25-29,69,0
WI,2018,asian,hisp,f,25-29,69,0
WI,2018,asian,hisp,m,30-34,69,0
WI,2018,asian,hisp,f,30-34,69,0
WI,2018,asian,hisp,m,35-39,67,0
WI,2018,asian,hisp,f,35-39,67,0
WI,2018,asian,hisp,m,40-44,62,0
WI,2018,asian,hisp,f,40-44,62,0
WI,2018,asian,hisp,m,45-49,59,0
WI,2018,asian,hisp,f,45-49,59,0
WI,2018,asian,hisp,m,50-54,63,0
WI,2018,asian,hisp,f,50-54,63,0
WI,2018,asian,hisp,m,55-59,66,0
WI,2018,asian,hisp,f,55-59,66,0
WI,2018,asian,hisp,m,60-64,63,0
WI,2018,asian,hisp,f,60-64,63,0
WI,2018,asian,hisp,m,65-69,53,0
WI,2018,asian,hisp,f,65-69,53,0
WI,2018,asian,hisp,m,70-74,44,0
WI,2018,asian,hisp,f,70-74,44,0
WI,2018,asian,hisp,m,75-79,31,0
WI,2018,asian,hisp,f,75-79,31,0
WI,2018,asian,hisp,m,80-84,16,0
WI,2018,asian,hisp,f,80-84,24,0
WI,2018,asian,hisp,m,85+,16,0
WI,2018,asian,hisp,f,85+,25,0
WI,2018,other,hisp,m,0-4,4211,0
WI,2018,other,hisp,f,0-4,4211,0
WI,2018,other,hisp,m,5-9,4356,0
WI,2018,other,hisp,f,5-9,4356,0
WI,2018,other,hisp,m,10-14,4647,0
WI,2018,other,hisp,f,10-14,4647,0
WI,2018,other,hisp,m,15-19,4647,0
WI,2018,other,hisp,f,15-19,4647,0
WI,2018,other,hisp,m,20-24,4792,0
WI,2018,other,hisp,f,20-24,4792,0
WI,2018,other,hisp,m,25-29,5082,0
WI,2018,other,hisp,f,25-29,5082,0
WI,2018,other,hisp,m,30-34,5082,0
WI,2018,other,hisp,f,30-34,5082,0
WI,2018,other,hisp,m,35-39,4937,0
WI,2018,other,hisp,f,35-39,4937,0
WI,2018,other,hisp,m,40-44,4574,0
WI,2018,other,hisp,f,40-44,4574,0
WI,2018,other,hisp,m,45-49,4356,0
WI,2018,other,hisp,f,45-49,4356,0
WI,2018,other,hisp,m,50-54,4647,0
WI,2018,other,hisp,f,50-54,4647,0
WI,2018,other,hisp,m,55-59,4864,0
WI,2018,other,hisp,f,55-59,4864,0
WI,2018,other,hisp,m,60-64,4647,0
WI,2018,other,hisp,f,60-64,4647,0
WI,2018,other,hisp,m,65-69,3921,0
WI,2018,other,hisp,f,65-69,3921,0
WI,2018,other,hisp,m,70-74,3267,0
WI,2018,other,hisp,f,70-74,3267,0
WI,2018,other,hisp,m,75-79,2323,0
WI,2018,other,hisp,f,75-79,2323,0
WI,2018,other,hisp,m,80-84,1162,0
WI,2018,other,hisp,f,80-84,1742,0
WI,2018,other,hisp,m,85+,1220,0
WI,2018,other,hisp,f,85+,1830,0
WY,2018,white,non-hisp,m,0-4,14066,0
WY,2018,white,non-hisp,f,0-4,14066,0
WY,2018,white,non-hisp,m,5-9,14551,0
WY,2018,white,non-hisp,f,5-9,14551,0
WY,2018,white,non-hisp,m,10-14,15521,0
WY,2018,white,non-hisp,f,10-14,15521,0
WY,2018,white,non-hisp,m,15-19,15521,0
WY,2018,white,non-hisp,f,15-19,15521,0
WY,2018,white,non-hisp,m,20-24,16006,0
WY,2018,white,non-hisp,f,20-24,16006,0
WY,2018,white,non-hisp,m,25-29,16976,0
WY,2018,white,non-hisp,f,25-29,16976,0
WY,2018,white,non-hisp,m,30-34,16976,0
WY,2018,white,non-hisp,f,30-34,16976,0
WY,2018,white,non-hisp,m,35-39,16491,0
WY,2018,white,non-hisp,f,35-39,16491,0
WY,2018,white,non-hisp,m,40-44,15279,0
WY,2018,white,non-hisp,f,40-44,15279,0
WY,2018,white,non-hisp,m,45-49,14551,0
WY,2018,white,non-hisp,f,45-49,14551,0
WY,2018,white,non-hisp,m,50-54,15521,0
WY,2018,white,non-hisp,f,50-54,15521,0
WY,2018,white,non-hisp,m,55-59,16249,0
WY,2018,white,non-hisp,f,55-59,16249,0
WY,2018,white,non-hisp,m,60-64,15521,0
WY,2018,white,non-hisp,f,60-64,15521,0
WY,2018,white,non-hisp,m,65-69,13096,0
WY,2018,white,non-hisp,f,65-69,13096,0
WY,2018,white,non-hisp,m,70-74,10913,0
WY,2018,white,non-hisp,f,70-74,10913,0
WY,2018,white,non-hisp,m,75-79,7761,0
WY,2018,white,non-hisp,f,75-79,7761,0
WY,2018,white,non-hisp,m,80-84,3880,0
WY,2018,white,non-hisp,f,80-84,5820,0
WY,2018,white,non-hisp,m,85+,4074,0
WY,2018,white,non-hisp,f,85+,6112,0
WY,2018,black,non-hisp,m,0-4,90,0
WY,2018,black,non-hisp,f,0-4,90,0
WY,2018,black,non-hisp,m,5-9,93,0
WY,2018,black,non-hisp,f,5-9,93,0
WY,2018,black,non-hisp,m,10-14,99,0
WY,2018,black,non-hisp,f,10-14,99,0
WY,2018,black,non-hisp,m,15-19,99,0
WY,2018,black,non-hisp,f,15-19,99,0
WY,2018,black,non-hisp,m,20-24,102,0
WY,2018,black,non-hisp,f,20-24,102,0
WY,2018,black,non-hisp,m,25-29,109,0
WY,2018,black,non-hisp,f,25-29,109,0
WY,2018,black,non-hisp,m,30-34,109,0
WY,2018,black,non-hisp,f,30-34,109,0
WY,2018,black,non-hisp,m,35-39,105,0
WY,2018,black,non-hisp,f,35-39,105,0
WY,2018,black,non-hisp,m,40-44,98,0
WY,2018,black,non-hisp,f,40-44,98,0
WY,2018,black,non-hisp,m,45-49,93,0
WY,2018,black,non-hisp,f,45-49,93,0
WY,2018,black,non-hisp,m,50-54,99,0
WY,2018,black,non-hisp,f,50-54,99,0
WY,2018,black,non-hisp,m,55-59,104,0
WY,2018,black,non-hisp,f,55-59,104,0
WY,2018,black,non-hisp,m,60-64,99,0
WY,2018,black,non-hisp,f,60-64,99,0
WY,2018,black,non-hisp,m,65-69,84,0
WY,2018,black,non-hisp,f,65-69,84,0
WY,2018,black,non-hisp,m,70-74,70,0
WY,2018,black,non-hisp,f,70-74,70,0
WY,2018,black,non-hisp,m,75-79,50,0
WY,2018,black,non-hisp,f,75-79,50,0
WY,2018,black,non-hisp,m,80-84,25,0
WY,2018,black,non-hisp,f,80-84,37,0
WY,2018,black,non-hisp,m,85+,26,0
WY,2018,black,non-hisp,f,85+,39,0
WY,2018,asian,non-hisp,m,0-4,163,0
WY,2018,asian,non-hisp,f,0-4,163,0
WY,2018,asian,non-hisp,m,5-9,168,0
WY,2018,asian,non-hisp,f,5-9,168,0
WY,2018,asian,non-hisp,m,10-14,180,0
WY,2018,asian,non-hisp,f,10-14,180,0
WY,2018,asian,non-hisp,m,15-19,180,0
WY,2018,asian,non-hisp,f,15-19,180,0
WY,2018,asian,non-hisp,m,20-24,185,0
WY,2018,asian,non-hisp,f,20-24,185,0
WY,2018,asian,non-hisp,m,25-29,196,0
WY,2018,asian,non-hisp,f,25-29,196,0
WY,2018,asian,non-hisp,m,30-34,196,0
WY,2018,asian,non-hisp,f,30-34,196,0
WY,2018,asian,non-hisp,m,35-39,191,0
WY,2018,asian,non-hisp,f,35-39,191,0
WY,2018,asian,non-hisp,m,40-44,177,0
WY,2018,asian,non-hisp,f,40-44,177,0
WY,2018,asian,non-hisp,m,45-49,168,0
WY,2018,asian,non-hisp,f,45-49,168,0
WY,2018,asian,non-hisp,m,50-54,180,0
WY,2018,asian,non-hisp,f,50-54,180,0
WY,2018,asian,non-hisp,m,55-59,188,0
WY,2018,asian,non-hisp,f,55-59,188,0
WY,2018,asian,non-hisp,m,60-64,180,0
WY,2018,asian,non-hisp,f,60-64,180,0
WY,2018,asian,non-hisp,m,65-69,152,0
WY,2018,asian,non-hisp,f,65-69,152,0
WY,2018,asian,non-hisp,m,70-74,126,0
WY,2018,asian,non-hisp,f,70-74,126,0
WY,2018,asian,non-hisp,m,75-79,90,0
WY,2018,asian,non-hisp,f,75-79,90,0
WY,2018,asian,non-hisp,m,80-84,45,0
WY,2018,asian,non-hisp,f,80-84,67,0
WY,2018,asian,non-hisp,m,85+,47,0
WY,2018,asian,non-hisp,f,85+,71,0
WY,2018,other,non-hisp,m,0-4,757,0
WY,2018,other,non-hisp,f,0-4,757,0
WY,2018,other,non-hisp,m,5-9,783,0
WY,2018,other,non-hisp,f,5-9,783,0
WY,2018,other,non-hisp,m,10-14,835,0
WY,2018,other,non-hisp,f,10-14,835,0
WY,2018,other,non-hisp,m,15-19,835,0
WY,2018,other,non-hisp,f,15-19,835,0
WY,2018,other,non-hisp,m,20-24,861,0
WY,2018,other,non-hisp,f,20-24,861,0
WY,2018,other,non-hisp,m,25-29,913,0
WY,2018,other,non-hisp,f,25-29,913,0
WY,2018,other,non-hisp,m,30-34,913,0
WY,2018,other,non-hisp,f,30-34,913,0
WY,2018,other,non-hisp,m,35-39,887,0
WY,2018,other,non-hisp,f,35-39,887,0
WY,2018,other,non-hisp,m,40-44,822,0
WY,2018,other,non-hisp,f,40-44,822,0
WY,2018,other,non-hisp,m,45-49,783,0
WY,2018,other,non-hisp,f,45-49,783,0
WY,2018,other,non-hisp,m,50-54,835,0
WY,2018,other,non-hisp,f,50-54,835,0
WY,2018,other,non-hisp,m,55-59,874,0
WY,2018,other,non-hisp,f,55-59,874,0
WY,2018,other,non-hisp,m,60-64,835,0
WY,2018,other,non-hisp,f,60-64,835,0
WY,2018,other,non-hisp,m,65-69,704,0
WY,2018,other,non-hisp,f,65-69,704,0
WY,2018,other,non-hisp,m,70-74,587,0
WY,2018,other,non-hisp,f,70-74,587,0
WY,2018,other,non-hisp,m,75-79,417,0
WY,2018,other,non-hisp,f,75-79,417,0
WY,2018,other,non-hisp,m,80-84,209,0
WY,2018,other,non-hisp,f,80-84,313,0
WY,2018,other,non-hisp,m,85+,219,0
WY,2018,other,non-hisp,f,85+,329,0
WY,2018,white,hisp,m,0-4,1259,0
WY,2018,white,hisp,f,0-4,1259,0
WY,2018,white,hisp,m,5-9,1302,0
WY,2018,white,hisp,f,5-9,1302,0
WY,2018,white,hisp,m,10-14,1389,0
WY,2018,white,hisp,f,10-14,1389,0
WY,2018,white,hisp,m,15-19,1389,0
WY,2018,white,hisp,f,15-19,1389,0
WY,2018,white,hisp,m,20-24,1433,0
WY,2018,white,hisp,f,20-24,1433,0
WY,2018,white,hisp,m,25-29,1519,0
WY,2018,white,hisp,f,25-29,1519,0
WY,2018,white,hisp,m,30-34,1519,0
WY,2018,white,hisp,f,30-34,1519,0
WY,2018,white,hisp,m,35-39,1476,0
WY,2018,white,hisp,f,35-39,1476,0
WY,2018,white,hisp,m,40-44,1368,0
WY,2018,white,hisp,f,40-44,1368,0
WY,2018,white,hisp,m,45-49,1302,0
WY,2018,white,hisp,f,45-49,1302,0
WY,2018,white,hisp,m,50-54,1389,0
WY,2018,white,hisp,f,50-54,1389,0
WY,2018,white,hisp,m,55-59,1454,0
WY,2018,white,hisp,f,55-59,1454,0
WY,2018,white,hisp,m,60-64,1389,0
WY,2018,white,hisp,f,60-64,1389,0
WY,2018,white,hisp,m,65-69,1172,0
WY,2018,white,hisp,f,65-69,1172,0
WY,2018,white,hisp,m,70-74,977,0
WY,2018,white,hisp,f,70-74,977,0
WY,2018,white,hisp,m,75-79,695,0
WY,2018,white,hisp,f,75-79,695,0
WY,2018,white,hisp,m,80-84,347,0
WY,2018,white,hisp,f,80-84,521,0
WY,2018,white,hisp,m,85+,365,0
WY,2018,white,hisp,f,85+,547,0
WY,2018,black,hisp,m,0-4,16,0
WY,2018,black,hisp,f,0-4,16,0
WY,2018,black,hisp,m,5-9,17,0
WY,2018,black,hisp,f,5-9,17,0
WY,2018,black,hisp,m,10-14,18,0
WY,2018,black,hisp,f,10-14,18,0
WY,2018,black,hisp,m,15-19,18,0
WY,2018,black,hisp,f,15-19,18,0
WY,2018,black,hisp,m,20-24,19,0
WY,2018,black,hisp,f,20-24,19,0
WY,2018,black,hisp,m,25-29,20,0
WY,2018,black,hisp,f,25-29,20,0
WY,2018,black,hisp,m,30-34,20,0
WY,2018,black,hisp,f,30-34,20,0
WY,2018,black,hisp,m,35-39,19,0
WY,2018,black,hisp,f,35-39,19,0
WY,2018,black,hisp,m,40-44,18,0
WY,2018,black,hisp,f,40-44,18,0
WY,2018,black,hisp,m,45-49,17,0
WY,2018,black,hisp,f,45-49,17,0
WY,2018,black,hisp,m,50-54,18,0
WY,2018,black,hisp,f,50-54,18,0
WY,2018,black,hisp,m,55-59,19,0
WY,2018,black,hisp,f,55-59,19,0
WY,2018,black,hisp,m,60-64,18,0
WY,2018,black,hisp,f,60-64,18,0
WY,2018,black,hisp,m,65-69,15,0
WY,2018,black,hisp,f,65-69,15,0
WY,2018,black,hisp,m,70-74,13,0
WY,2018,black,hisp,f,70-74,13,0
WY,2018,black,hisp,m,75-79,9,0
WY,2018,black,hisp,f,75-79,9,0
WY,2018,black,hisp,m,80-84,5,0
WY,2018,black,hisp,f,80-84,7,0
WY,2018,black,hisp,m,85+,5,0
WY,2018,black,hisp,f,85+,7,0
WY,2018,asian,hisp,m,0-4,6,0
WY,2018,asian,hisp,f,0-4,6,0
WY,2018,asian,hisp,m,5-9,6,0
WY,2018,asian,hisp,f,5-9,6,0
WY,2018,asian,hisp,m,10-14,6,0
WY,2018,asian,hisp,f,10-14,6,0
WY,2018,asian,hisp,m,15-19,6,0
WY,2018,asian,hisp,f,15-19,6,0
WY,2018,asian,hisp,m,20-24,6,0
WY,2018,asian,hisp,f,20-24,6,0
WY,2018,asian,hisp,m,25-29,7,0
WY,2018,asian,hisp,f,25-29,7,0
WY,2018,asian,hisp,m,30-34,7,0
WY,2018,asian,hisp,f,30-34,7,0
WY,2018,asian,hisp,m,35-39,7,0
WY,2018,asian,hisp,f,35-39,7,0
WY,2018,asian,hisp,m,40-44,6,0
WY,2018,asian,hisp,f,40-44,6,0
WY,2018,asian,hisp,m,45-49,6,0
WY,2018,asian,hisp,f,45-49,6,0
WY,2018,asian,hisp,m,50-54,6,0
WY,2018,asian,hisp,f,50-54,6,0
WY,2018,asian,hisp,m,55-59,7,0
WY,2018,asian,hisp,f,55-59,7,0
WY,2018,asian,hisp,m,60-64,6,0
WY,2018,asian,hisp,f,60-64,6,0
WY,2018,asian,hisp,m,65-69,5,0
WY,2018,asian,hisp,f,65-69,5,0
WY,2018,asian,hisp,m,70-74,4,0
WY,2018,asian,hisp,f,70-74,4,0
WY,2018,asian,hisp,m,75-79,3,0
WY,2018,asian,hisp,f,75-79,3,0
WY,2018,asian,hisp,m,80-84,2,0
WY,2018,asian,hisp,f,80-84,2,0
WY,2018,asian,hisp,m,85+,2,0
WY,2018,asian,hisp,f,85+,2,0
WY,2018,other,hisp,m,0-4,398,0
WY,2018,other,hisp,f,0-4,398,0
WY,2018,other,hisp,m,5-9,412,0
WY,2018,other,hisp,f,5-9,412,0
WY,2018,other,hisp,m,10-14,439,0
WY,2018,other,hisp,f,10-14,439,0
WY,2018,other,hisp,m,15-19,439,0
WY,2018,other,hisp,f,15-19,439,0
WY,2018,other,hisp,m,20-24,453,0
WY,2018,other,hisp,f,20-24,453,0
WY,2018,other,hisp,m,25-29,480,0
WY,2018,other,hisp,f,25-29,480,0
WY,2018,other,hisp,m,30-34,480,0
WY,2018,other,hisp,f,30-34,480,0
WY,2018,other,hisp,m,35-39,467,0
WY,2018,other,hisp,f,35-39,467,0
WY,2018,other,hisp,m,40-44,432,0
WY,2018,other,hisp,f,40-44,432,0
WY,2018,other,hisp,m,45-49,412,0
WY,2018,other,hisp,f,45-49,412,0
WY,2018,other,hisp,m,50-54,439,0
WY,2018,other,hisp,f,50-54,439,0
WY,2018,other,hisp,m,55-59,460,0
WY,2018,other,hisp,f,55-59,460,0
WY,2018,other,hisp,m,60-64,439,0
WY,2018,other,hisp,f,60-64,439,0
WY,2018,other,hisp,m,65-69,370,0
WY,2018,other,hisp,f,65-69,370,0
WY,2018,other,hisp,m,70-74,309,0
WY,2018,other,hisp,f,70-74,309,0
WY,2018,other,hisp,m,75-79,220,0
WY,2018,other,hisp,f,75-79,220,0
WY,2018,other,hisp,m,80-84,110,0
WY,2018,other,hisp,f,80-84,165,0
WY,2018,other,hisp,m,85+,115,0
WY,2018,other,hisp,f,85+,173,0
MS,2018,white,non-hisp,m,0-4,48844,0
MS,2018,white,non-hisp,f,0-4,48844,0
MS,2018,white,non-hisp,m,5-9,50528,0
MS,2018,white,non-hisp,f,5-9,50528,0
MS,2018,white,non-hisp,m,10-14,53897,0
MS,2018,white,non-hisp,f,10-14,53897,0
MS,2018,white,non-hisp,m,15-19,53897,0
MS,2018,white,non-hisp,f,15-19,53897,0
MS,2018,white,non-hisp,m,20-24,55581,0
MS,2018,white,non-hisp,f,20-24,55581,0
MS,2018,white,non-hisp,m,25-29,58950,0
MS,2018,white,non-hisp,f,25-29,58950,0
MS,2018,white,non-hisp,m,30-34,58950,0
MS,2018,white,non-hisp,f,30-34,58950,0
MS,2018,white,non-hisp,m,35-39,57265,0
MS,2018,white,non-hisp,f,35-39,57265,0
MS,2018,white,non-hisp,m,40-44,53055,0
MS,2018,white,non-hisp,f,40-44,53055,0
MS,2018,white,non-hisp,m,45-49,50528,0
MS,2018,white,non-hisp,f,45-49,50528,0
MS,2018,white,non-hisp,m,50-54,53897,0
MS,2018,white,non-hisp,f,50-54,53897,0
MS,2018,white,non-hisp,m,55-59,56423,0
MS,2018,white,non-hisp,f,55-59,56423,0
MS,2018,white,non-hisp,m,60-64,53897,0
MS,2018,white,non-hisp,f,60-64,53897,0
MS,2018,white,non-hisp,m,65-69,45475,0
MS,2018,white,non-hisp,f,65-69,45475,0
MS,2018,white,non-hisp,m,70-74,37896,0
MS,2018,white,non-hisp,f,70-74,37896,0
MS,2018,white,non-hisp,m,75-79,26948,0
MS,2018,white,non-hisp,f,75-79,26948,0
MS,2018,white,non-hisp,m,80-84,13474,0
MS,2018,white,non-hisp,f,80-84,20211,0
MS,2018,white,non-hisp,m,85+,14148,0
MS,2018,white,non-hisp,f,85+,21222,0
MS,2018,black,non-hisp,m,0-4,32780,0
MS,2018,black,non-hisp,f,0-4,32780,0
MS,2018,black,non-hisp,m,5-9,33911,0
MS,2018,black,non-hisp,f,5-9,33911,0
MS,2018,black,non-hisp,m,10-14,36171,0
MS,2018,black,non-hisp,f,10-14,36171,0
MS,2018,black,non-hisp,m,15-19,36171,0
MS,2018,black,non-hisp,f,15-19,36171,0
MS,2018,black,non-hisp,m,20-24,37302,0
MS,2018,black,non-hisp,f,20-24,37302,0
MS,2018,black,non-hisp,m,25-29,39562,0
MS,2018,black,non-hisp,f,25-29,39562,0
MS,2018,black,non-hisp,m,30-34,39562,0
MS,2018,black,non-hisp,f,30-34,39562,0
MS,2018,black,non-hisp,m,35-39,38432,0
MS,2018,black,non-hisp,f,35-39,38432,0
MS,2018,black,non-hisp,m,40-44,35606,0
MS,2018,black,non-hisp,f,40-44,35606,0
MS,2018,black,non-hisp,m,45-49,33911,0
MS,2018,black,non-hisp,f,45-49,33911,0
MS,2018,black,non-hisp,m,50-54,36171,0
MS,2018,black,non-hisp,f,50-54,36171,0
MS,2018,black,non-hisp,m,55-59,37867,0
MS,2018,black,non-hisp,f,55-59,37867,0
MS,2018,black,non-hisp,m,60-64,36171,0
MS,2018,black,non-hisp,f,60-64,36171,0
MS,2018,black,non-hisp,m,65-69,30520,0
MS,2018,black,non-hisp,f,65-69,30520,0
MS,2018,black,non-hisp,m,70-74,25433,0
MS,2018,black,non-hisp,f,70-74,25433,0
MS,2018,black,non-hisp,m,75-79,18086,0
MS,2018,black,non-hisp,f,75-79,18086,0
MS,2018,black,non-hisp,m,80-84,9043,0
MS,2018,black,non-hisp,f,80-84,13564,0
MS,2018,black,non-hisp,m,85+,9495,0
MS,2018,black,non-hisp,f,85+,14242,0
MS,2018,asian,non-hisp,m,0-4,749,0
MS,2018,asian,non-hisp,f,0-4,749,0
MS,2018,asian,non-hisp,m,5-9,775,0
MS,2018,asian,non-hisp,f,5-9,775,0
MS,2018,asian,non-hisp,m,10-14,826,0
MS,2018,asian,non-hisp,f,10-14,826,0
MS,2018,asian,non-hisp,m,15-19,826,0
MS,2018,asian,non-hisp,f,15-19,826,0
MS,2018,asian,non-hisp,m,20-24,852,0
MS,2018,asian,non-hisp,f,20-24,852,0
MS,2018,asian,non-hisp,m,25-29,904,0
MS,2018,asian,non-hisp,f,25-29,904,0
MS,2018,asian,non-hisp,m,30-34,904,0
MS,2018,asian,non-hisp,f,30-34,904,0
MS,2018,asian,non-hisp,m,35-39,878,0
MS,2018,asian,non-hisp,f,35-39,878,0
MS,2018,asian,non-hisp,m,40-44,813,0
MS,2018,asian,non-hisp,f,40-44,813,0
MS,2018,asian,non-hisp,m,45-49,775,0
MS,2018,asian,non-hisp,f,45-49,775,0
MS,2018,asian,non-hisp,m,50-54,826,0
MS,2018,asian,non-hisp,f,50-54,826,0
MS,2018,asian,non-hisp,m,55-59,865,0
MS,2018,asian,non-hisp,f,55-59,865,0
MS,2018,asian,non-hisp,m,60-64,826,0
MS,2018,asian,non-hisp,f,60-64,826,0
MS,2018,asian,non-hisp,m,65-69,697,0
MS,2018,asian,non-hisp,f,65-69,697,0
MS,2018,asian,non-hisp,m,70-74,581,0
MS,2018,asian,non-hisp,f,70-74,581,0
MS,2018,asian,non-hisp,m,75-79,413,0
MS,2018,asian,non-hisp,f,75-79,413,0
MS,2018,asian,non-hisp,m,80-84,207,0
MS,2018,asian,non-hisp,f,80-84,310,0
MS,2018,asian,non-hisp,m,85+,217,0
MS,2018,asian,non-hisp,f,85+,325,0
MS,2018,other,non-hisp,m,0-4,1710,0
MS,2018,other,non-hisp,f,0-4,1710,0
MS,2018,other,non-hisp,m,5-9,1769,0
MS,2018,other,non-hisp,f,5-9,1769,0
MS,2018,other,non-hisp,m,10-14,1887,0
MS,2018,other,non-hisp,f,10-14,1887,0
MS,2018,other,non-hisp,m,15-19,1887,0
MS,2018,other,non-hisp,f,15-19,1887,0
MS,2018,other,non-hisp,m,20-24,1946,0
MS,2018,other,non-hisp,f,20-24,1946,0
MS,2018,other,non-hisp,m,25-29,2063,0
MS,2018,other,non-hisp,f,25-29,2063,0
MS,2018,other,non-hisp,m,30-34,2063,0
MS,2018,other,non-hisp,f,30-34,2063,0
MS,2018,other,non-hisp,m,35-39,2005,0
MS,2018,other,non-hisp,f,35-39,2005,0
MS,2018,other,non-hisp,m,40-44,1857,0
MS,2018,other,non-hisp,f,40-44,1857,0
MS,2018,other,non-hisp,m,45-49,1769,0
MS,2018,other,non-hisp,f,45-49,1769,0
MS,2018,other,non-hisp,m,50-54,1887,0
MS,2018,other,non-hisp,f,50-54,1887,0
MS,2018,other,non-hisp,m,55-59,1975,0
MS,2018,other,non-hisp,f,55-59,1975,0
MS,2018,other,non-hisp,m,60-64,1887,0
MS,2018,other,non-hisp,f,60-64,1887,0
MS,2018,other,non-hisp,m,65-69,1592,0
MS,2018,other,non-hisp,f,65-69,1592,0
MS,2018,other,non-hisp,m,70-74,1327,0
MS,2018,other,non-hisp,f,70-74,1327,0
MS,2018,other,non-hisp,m,75-79,943,0
MS,2018,other,non-hisp,f,75-79,943,0
MS,2018,other,non-hisp,m,80-84,472,0
MS,2018,other,non-hisp,f,80-84,707,0
MS,2018,other,non-hisp,m,85+,495,0
MS,2018,other,non-hisp,f,85+,743,0
MS,2018,white,hisp,m,0-4,1484,0
MS,2018,white,hisp,f,0-4,1484,0
MS,2018,white,hisp,m,5-9,1535,0
MS,2018,white,hisp,f,5-9,1535,0
MS,2018,white,hisp,m,10-14,1638,0
MS,2018,white,hisp,f,10-14,1638,0
MS,2018,white,hisp,m,15-19,1638,0
MS,2018,white,hisp,f,15-19,1638,0
MS,2018,white,hisp,m,20-24,1689,0
MS,2018,white,hisp,f,20-24,1689,0
MS,2018,white,hisp,m,25-29,1791,0
MS,2018,white,hisp,f,25-29,1791,0
MS,2018,white,hisp,m,30-34,1791,0
MS,2018,white,hisp,f,30-34,1791,0
MS,2018,white,hisp,m,35-39,1740,0
MS,2018,white,hisp,f,35-39,1740,0
MS,2018,white,hisp,m,40-44,1612,0
MS,2018,white,hisp,f,40-44,1612,0
MS,2018,white,hisp,m,45-49,1535,0
MS,2018,white,hisp,f,45-49,1535,0
MS,2018,white,hisp,m,50-54,1638,0
MS,2018,white,hisp,f,50-54,1638,0
MS,2018,white,hisp,m,55-59,1714,0
MS,2018,white,hisp,f,55-59,1714,0
MS,2018,white,hisp,m,60-64,1638,0
MS,2018,white,hisp,f,60-64,1638,0
MS,2018,white,hisp,m,65-69,1382,0
MS,2018,white,hisp,f,65-69,1382,0
MS,2018,white,hisp,m,70-74,1152,0
MS,2018,white,hisp,f,70-74,1152,0
MS,2018,white,hisp,m,75-79,819,0
MS,2018,white,hisp,f,75-79,819,0
MS,2018,white,hisp,m,80-84,409,0
MS,2018,white,hisp,f,80-84,614,0
MS,2018,white,hisp,m,85+,430,0
MS,2018,white,hisp,f,85+,645,0
MS,2018,black,hisp,m,0-4,152,0
MS,2018,black,hisp,f,0-4,152,0
MS,2018,black,hisp,m,5-9,157,0
MS,2018,black,hisp,f,5-9,157,0
MS,2018,black,hisp,m,10-14,168,0
MS,2018,black,hisp,f,10-14,168,0
MS,2018,black,hisp,m,15-19,168,0
MS,2018,black,hisp,f,15-19,168,0
MS,2018,black,hisp,m,20-24,173,0
MS,2018,black,hisp,f,20-24,173,0
MS,2018,black,hisp,m,25-29,184,0
MS,2018,black,hisp,f,25-29,184,0
MS,2018,black,hisp,m,30-34,184,0
MS,2018,black,hisp,f,30-34,184,0
MS,2018,black,hisp,m,35-39,178,0
MS,2018,black,hisp,f,35-39,178,0
MS,2018,black,hisp,m,40-44,165,0
MS,2018,black,hisp,f,40-44,165,0
MS,2018,black,hisp,m,45-49,157,0
MS,2018,black,hisp,f,45-49,157,0
MS,2018,black,hisp,m,50-54,168,0
MS,2018,black,hisp,f,50-54,168,0
MS,2018,black,hisp,m,55-59,176,0
MS,2018,black,hisp,f,55-59,176,0
MS,2018,black,hisp,m,60-64,168,0
MS,2018,black,hisp,f,60-64,168,0
MS,2018,black,hisp,m,65-69,142,0
MS,2018,black,hisp,f,65-69,142,0
MS,2018,black,hisp,m,70-74,118,0
MS,2018,black,hisp,f,70-74,118,0
MS,2018,black,hisp,m,75-79,84,0
MS,2018,black,hisp,f,75-79,84,0
MS,2018,black,hisp,m,80-84,42,0
MS,2018,black,hisp,f,80-84,63,0
MS,2018,black,hisp,m,85+,44,0
MS,2018,black,hisp,f,85+,66,0
MS,2018,asian,hisp,m,0-4,9,0
MS,2018,asian,hisp,f,0-4,9,0
MS,2018,asian,hisp,m,5-9,10,0
MS,2018,asian,hisp,f,5-9,10,0
MS,2018,asian,hisp,m,10-14,10,0
MS,2018,asian,hisp,f,10-14,10,0
MS,2018,asian,hisp,m,15-19,10,0
MS,2018,asian,hisp,f,15-19,10,0
MS,2018,asian,hisp,m,20-24,11,0
MS,2018,asian,hisp,f,20-24,11,0
MS,2018,asian,hisp,m,25-29,11,0
MS,2018,asian,hisp,f,25-29,11,0
MS,2018,asian,hisp,m,30-34,11,0
MS,2018,asian,hisp,f,30-34,11,0
MS,2018,asian,hisp,m,35-39,11,0
MS,2018,asian,hisp,f,35-39,11,0
MS,2018,asian,hisp,m,40-44,10,0
MS,2018,asian,hisp,f,40-44,10,0
MS,2018,asian,hisp,m,45-49,10,0
MS,2018,asian,hisp,f,45-49,10,0
MS,2018,asian,hisp,m,50-54,10,0
MS,2018,asian,hisp,f,50-54,10,0
MS,2018,asian,hisp,m,55-59,11,0
MS,2018,asian,hisp,f,55-59,11,0
MS,2018,asian,hisp,m,60-64,10,0
MS,2018,asian,hisp,f,60-64,10,0
MS,2018,asian,hisp,m,65-69,9,0
MS,2018,asian,hisp,f,65-69,9,0
MS,2018,asian,hisp,m,70-74,7,0
MS,2018,asian,hisp,f,70-74,7,0
MS,2018,asian,hisp,m,75-79,5,0
MS,2018,asian,hisp,f,75-79,5,0
MS,2018,asian,hisp,m,80-84,3,0
MS,2018,asian,hisp,f,80-84,4,0
MS,2018,asian,hisp,m,85+,3,0
MS,2018,asian,hisp,f,85+,4,0
MS,2018,other,hisp,m,0-4,881,0
MS,2018,other,hisp,f,0-4,881,0
MS,2018,other,hisp,m,5-9,911,0
MS,2018,other,hisp,f,5-9,911,0
MS,2018,other,hisp,m,10-14,972,0
MS,2018,other,hisp,f,10-14,972,0
MS,2018,other,hisp,m,15-19,972,0
MS,2018,other,hisp,f,15-19,972,0
MS,2018,other,hisp,m,20-24,1002,0
MS,2018,other,hisp,f,20-24,1002,0
MS,2018,other,hisp,m,25-29,1063,0
MS,2018,other,hisp,f,25-29,1063,0
MS,2018,other,hisp,m,30-34,1063,0
MS,2018,other,hisp,f,30-34,1063,0
MS,2018,other,hisp,m,35-39,1033,0
MS,2018,other,hisp,f,35-39,1033,0
MS,2018,other,hisp,m,40-44,957,0
MS,2018,other,hisp,f,40-44,957,0
MS,2018,other,hisp,m,45-49,911,0
MS,2018,other,hisp,f,45-49,911,0
MS,2018,other,hisp,m,50-54,972,0
MS,2018,other,hisp,f,50-54,972,0
MS,2018,other,hisp,m,55-59,1018,0
MS,2018,other,hisp,f,55-59,1018,0
MS,2018,other,hisp,m,60-64,972,0
MS,2018,other,hisp,f,60-64,972,0
MS,2018,other,hisp,m,65-69,820,0
MS,2018,other,hisp,f,65-69,820,0
MS,2018,other,hisp,m,70-74,684,0
MS,2018,other,hisp,f,70-74,684,0
MS,2018,other,hisp,m,75-79,486,0
MS,2018,other,hisp,f,75-79,486,0
MS,2018,other,hisp,m,80-84,243,0
MS,2018,other,hisp,f,80-84,365,0
MS,2018,other,hisp,m,85+,255,0
MS,2018,other,hisp,f,85+,383,0
MO,2018,white,non-hisp,m,0-4,140858,0
MO,2018,white,non-hisp,f,0-4,140858,0
MO,2018,white,non-hisp,m,5-9,145715,0
MO,2018,white,non-hisp,f,5-9,145715,0
MO,2018,white,non-hisp,m,10-14,155430,0
MO,2018,white,non-hisp,f,10-14,155430,0
MO,2018,white,non-hisp,m,15-19,155430,0
MO,2018,white,non-hisp,f,15-19,155430,0
MO,2018,white,non-hisp,m,20-24,160287,0
MO,2018,white,non-hisp,f,20-24,160287,0
MO,2018,white,non-hisp,m,25-29,170001,0
MO,2018,white,non-hisp,f,25-29,170001,0
MO,2018,white,non-hisp,m,30-34,170001,0
MO,2018,white,non-hisp,f,30-34,170001,0
MO,2018,white,non-hisp,m,35-39,165144,0
MO,2018,white,non-hisp,f,35-39,165144,0
MO,2018,white,non-hisp,m,40-44,153001,0
MO,2018,white,non-hisp,f,40-44,153001,0
MO,2018,white,non-hisp,m,45-49,145715,0
MO,2018,white,non-hisp,f,45-49,145715,0
MO,2018,white,non-hisp,m,50-54,155430,0
MO,2018,white,non-hisp,f,50-54,155430,0
MO,2018,white,non-hisp,m,55-59,162715,0
MO,2018,white,non-hisp,f,55-59,162715,0
MO,2018,white,non-hisp,m,60-64,155430,0
MO,2018,white,non-hisp,f,60-64,155430,0
MO,2018,white,non-hisp,m,65-69,131144,0
MO,2018,white,non-hisp,f,65-69,131144,0
MO,2018,white,non-hisp,m,70-74,109286,0
MO,2018,white,non-hisp,f,70-74,109286,0
MO,2018,white,non-hisp,m,75-79,77715,0
MO,2018,white,non-hisp,f,75-79,77715,0
MO,2018,white,non-hisp,m,80-84,38857,0
MO,2018,white,non-hisp,f,80-84,58286,0
MO,2018,white,non-hisp,m,85+,40800,0
MO,2018,white,non-hisp,f,85+,61200,0
MO,2018,black,non-hisp,m,0-4,20261,0
MO,2018,black,non-hisp,f,0-4,20261,0
MO,2018,black,non-hisp,m,5-9,20959,0
MO,2018,black,non-hisp,f,5-9,20959,0
MO,2018,black,non-hisp,m,10-14,22357,0
MO,2018,black,non-hisp,f,10-14,22357,0
MO,2018,black,non-hisp,m,15-19,22357,0
MO,2018,black,non-hisp,f,15-19,22357,0
MO,2018,black,non-hisp,m,20-24,23055,0
MO,2018,black,non-hisp,f,20-24,23055,0
MO,2018,black,non-hisp,m,25-29,24452,0
MO,2018,black,non-hisp,f,25-29,24452,0
MO,2018,black,non-hisp,m,30-34,24452,0
MO,2018,black,non-hisp,f,30-34,24452,0
MO,2018,black,non-hisp,m,35-39,23754,0
MO,2018,black,non-hisp,f,35-39,23754,0
MO,2018,black,non-hisp,m,40-44,22007,0
MO,2018,black,non-hisp,f,40-44,22007,0
MO,2018,black,non-hisp,m,45-49,20959,0
MO,2018,black,non-hisp,f,45-49,20959,0
MO,2018,black,non-hisp,m,50-54,22357,0
MO,2018,black,non-hisp,f,50-54,22357,0
MO,2018,black,non-hisp,m,55-59,23404,0
MO,2018,black,non-hisp,f,55-59,23404,0
MO,2018,black,non-hisp,m,60-64,22357,0
MO,2018,black,non-hisp,f,60-64,22357,0
MO,2018,black,non-hisp,m,65-69,18863,0
MO,2018,black,non-hisp,f,65-69,18863,0
MO,2018,black,non-hisp,m,70-74,15719,0
MO,2018,black,non-hisp,f,70-74,15719,0
MO,2018,black,non-hisp,m,75-79,11178,0
MO,2018,black,non-hisp,f,75-79,11178,0
MO,2018,black,non-hisp,m,80-84,5589,0
MO,2018,black,non-hisp,f,80-84,8384,0
MO,2018,black,non-hisp,m,85+,5869,0
MO,2018,black,non-hisp,f,85+,8803,0
MO,2018,asian,non-hisp,m,0-4,3493,0
MO,2018,asian,non-hisp,f,0-4,3493,0
MO,2018,asian,non-hisp,m,5-9,3613,0
MO,2018,asian,non-hisp,f,5-9,3613,0
MO,2018,asian,non-hisp,m,10-14,3854,0
MO,2018,asian,non-hisp,f,10-14,3854,0
MO,2018,asian,non-hisp,m,15-19,3854,0
MO,2018,asian,non-hisp,f,15-19,3854,0
MO,2018,asian,non-hisp,m,20-24,3975,0
MO,2018,asian,non-hisp,f,20-24,3975,0
MO,2018,asian,non-hisp,m,25-29,4215,0
MO,2018,asian,non-hisp,f,25-29,4215,0
MO,2018,asian,non-hisp,m,30-34,4215,0
MO,2018,asian,non-hisp,f,30-34,4215,0
MO,2018,asian,non-hisp,m,35-39,4095,0
MO,2018,asian,non-hisp,f,35-39,4095,0
MO,2018,asian,non-hisp,m,40-44,3794,0
MO,2018,asian,non-hisp,f,40-44,3794,0
MO,2018,asian,non-hisp,m,45-49,3613,0
MO,2018,asian,non-hisp,f,45-49,3613,0
MO,2018,asian,non-hisp,m,50-54,3854,0
MO,2018,asian,non-hisp,f,50-54,3854,0
MO,2018,asian,non-hisp,m,55-59,4035,0
MO,2018,asian,non-hisp,f,55-59,4035,0
MO,2018,asian,non-hisp,m,60-64,3854,0
MO,2018,asian,non-hisp,f,60-64,3854,0
MO,2018,asian,non-hisp,m,65-69,3252,0
MO,2018,asian,non-hisp,f,65-69,3252,0
MO,2018,asian,non-hisp,m,70-74,2710,0
MO,2018,asian,non-hisp,f,70-74,2710,0
MO,2018,asian,non-hisp,m,75-79,1927,0
MO,2018,asian,non-hisp,f,75-79,1927,0
MO,2018,asian,non-hisp,m,80-84,964,0
MO,2018,asian,non-hisp,f,80-84,1445,0
MO,2018,asian,non-hisp,m,85+,1012,0
MO,2018,asian,non-hisp,f,85+,1518,0
MO,2018,other,non-hisp,m,0-4,5705,0
MO,2018,other,non-hisp,f,0-4,5705,0
MO,2018,other,non-hisp,m,5-9,5902,0
MO,2018,other,non-hisp,f,5-9,5902,0
MO,2018,other,non-hisp,m,10-14,6295,0
MO,2018,other,non-hisp,f,10-14,6295,0
MO,2018,other,non-hisp,m,15-19,6295,0
MO,2018,other,non-hisp,f,15-19,6295,0
MO,2018,other,non-hisp,m,20-24,6492,0
MO,2018,other,non-hisp,f,20-24,6492,0
MO,2018,other,non-hisp,m,25-29,6885,0
MO,2018,other,non-hisp,f,25-29,6885,0
MO,2018,other,non-hisp,m,30-34,6885,0
MO,2018,other,non-hisp,f,30-34,6885,0
MO,2018,other,non-hisp,m,35-39,6689,0
MO,2018,other,non-hisp,f,35-39,6689,0
MO,2018,other,non-hisp,m,40-44,6197,0
MO,2018,other,non-hisp,f,40-44,6197,0
MO,2018,other,non-hisp,m,45-49,5902,0
MO,2018,other,non-hisp,f,45-49,5902,0
MO,2018,other,non-hisp,m,50-54,6295,0
MO,2018,other,non-hisp,f,50-54,6295,0
MO,2018,other,non-hisp,m,55-59,6590,0
MO,2018,other,non-hisp,f,55-59,6590,0
MO,2018,other,non-hisp,m,60-64,6295,0
MO,2018,other,non-hisp,f,60-64,6295,0
MO,2018,other,non-hisp,m,65-69,5312,0
MO,2018,other,non-hisp,f,65-69,5312,0
MO,2018,other,non-hisp,m,70-74,4426,0
MO,2018,other,non-hisp,f,70-74,4426,0
MO,2018,other,non-hisp,m,75-79,3148,0
MO,2018,other,non-hisp,f,75-79,3148,0
MO,2018,other,non-hisp,m,80-84,1574,0
MO,2018,other,non-hisp,f,80-84,2361,0
MO,2018,other,non-hisp,m,85+,1652,0
MO,2018,other,non-hisp,f,85+,2479,0
MO,2018,white,hisp,m,0-4,5163,0
MO,2018,white,hisp,f,0-4,5163,0
MO,2018,white,hisp,m,5-9,5341,0
MO,2018,white,hisp,f,5-9,5341,0
MO,2018,white,hisp,m,10-14,5697,0
MO,2018,white,hisp,f,10-14,5697,0
MO,2018,white,hisp,m,15-19,5697,0
MO,2018,white,hisp,f,15-19,5697,0
MO,2018,white,hisp,m,20-24,5875,0
MO,2018,white,hisp,f,20-24,5875,0
MO,2018,white,hisp,m,25-29,6231,0
MO,2018,white,hisp,f,25-29,6231,0
MO,2018,white,hisp,m,30-34,6231,0
MO,2018,white,hisp,f,30-34,6231,0
MO,2018,white,hisp,m,35-39,6053,0
MO,2018,white,hisp,f,35-39,6053,0
MO,2018,white,hisp,m,40-44,5608,0
MO,2018,white,hisp,f,40-44,5608,0
MO,2018,white,hisp,m,45-49,5341,0
MO,2018,white,hisp,f,45-49,5341,0
MO,2018,white,hisp,m,50-54,5697,0
MO,2018,white,hisp,f,50-54,5697,0
MO,2018,white,hisp,m,55-59,5964,0
MO,2018,white,hisp,f,55-59,5964,0
MO,2018,white,hisp,m,60-64,5697,0
MO,2018,white,hisp,f,60-64,5697,0
MO,2018,white,hisp,m,65-69,4807,0
MO,2018,white,hisp,f,65-69,4807,0
MO,2018,white,hisp,m,70-74,4006,0
MO,2018,white,hisp,f,70-74,4006,0
MO,2018,white,hisp,m,75-79,2848,0
MO,2018,white,hisp,f,75-79,2848,0
MO,2018,white,hisp,m,80-84,1424,0
MO,2018,white,hisp,f,80-84,2136,0
MO,2018,white,hisp,m,85+,1495,0
MO,2018,white,hisp,f,85+,2243,0
MO,2018,black,hisp,m,0-4,165,0
MO,2018,black,hisp,f,0-4,165,0
MO,2018,black,hisp,m,5-9,171,0
MO,2018,black,hisp,f,5-9,171,0
MO,2018,black,hisp,m,10-14,182,0
MO,2018,black,hisp,f,10-14,182,0
MO,2018,black,hisp,m,15-19,182,0
MO,2018,black,hisp,f,15-19,182,0
MO,2018,black,hisp,m,20-24,188,0
MO,2018,black,hisp,f,20-24,188,0
MO,2018,black,hisp,m,25-29,199,0
MO,2018,black,hisp,f,25-29,199,0
MO,2018,black,hisp,m,30-34,199,0
MO,2018,black,hisp,f,30-34,199,0
MO,2018,black,hisp,m,35-39,193,0
MO,2018,black,hisp,f,35-39,193,0
MO,2018,black,hisp,m,40-44,179,0
MO,2018,black,hisp,f,40-44,179,0
MO,2018,black,hisp,m,45-49,171,0
MO,2018,black,hisp,f,45-49,171,0
MO,2018,black,hisp,m,50-54,182,0
MO,2018,black,hisp,f,50-54,182,0
MO,2018,black,hisp,m,55-59,190,0
MO,2018,black,hisp,f,55-59,190,0
MO,2018,black,hisp,m,60-64,182,0
MO,2018,black,hisp,f,60-64,182,0
MO,2018,black,hisp,m,65-69,154,0
MO,2018,black,hisp,f,65-69,154,0
MO,2018,black,hisp,m,70-74,128,0
MO,2018,black,hisp,f,70-74,128,0
MO,2018,black,hisp,m,75-79,91,0
MO,2018,black,hisp,f,75-79,91,0
MO,2018,black,hisp,m,80-84,45,0
MO,2018,black,hisp,f,80-84,68,0
MO,2018,black,hisp,m,85+,48,0
MO,2018,black,hisp,f,85+,72,0
MO,2018,asian,hisp,m,0-4,28,0
MO,2018,asian,hisp,f,0-4,28,0
MO,2018,asian,hisp,m,5-9,29,0
MO,2018,asian,hisp,f,5-9,29,0
MO,2018,asian,hisp,m,10-14,31,0
MO,2018,asian,hisp,f,10-14,31,0
MO,2018,asian,hisp,m,15-19,31,0
MO,2018,asian,hisp,f,15-19,31,0
MO,2018,asian,hisp,m,20-24,32,0
MO,2018,asian,hisp,f,20-24,32,0
MO,2018,asian,hisp,m,25-29,34,0
MO,2018,asian,hisp,f,25-29,34,0
MO,2018,asian,hisp,m,30-34,34,0
MO,2018,asian,hisp,f,30-34,34,0
MO,2018,asian,hisp,m,35-39,33,0
MO,2018,asian,hisp,f,35-39,33,0
MO,2018,asian,hisp,m,40-44,31,0
MO,2018,asian,hisp,f,40-44,31,0
MO,2018,asian,hisp,m,45-49,29,0
MO,2018,asian,hisp,f,45-49,29,0
MO,2018,asian,hisp,m,50-54,31,0
MO,2018,asian,hisp,f,50-54,31,0
MO,2018,asian,hisp,m,55-59,33,0
MO,2018,asian,hisp,f,55-59,33,0
MO,2018,asian,hisp,m,60-64,31,0
MO,2018,asian,hisp,f,60-64,31,0
MO,2018,asian,hisp,m,65-69,26,0
MO,2018,asian,hisp,f,65-69,26,0
MO,2018,asian,hisp,m,70-74,22,0
MO,2018,asian,hisp,f,70-74,22,0
MO,2018,asian,hisp,m,75-79,16,0
MO,2018,asian,hisp,f,75-79,16,0
MO,2018,asian,hisp,m,80-84,8,0
MO,2018,asian,hisp,f,80-84,12,0
MO,2018,asian,hisp,m,85+,8,0
MO,2018,asian,hisp,f,85+,12,0
MO,2018,other,hisp,m,0-4,1995,0
MO,2018,other,hisp,f,0-4,1995,0
MO,2018,other,hisp,m,5-9,2064,0
MO,2018,other,hisp,f,5-9,2064,0
MO,2018,other,hisp,m,10-14,2201,0
MO,2018,other,hisp,f,10-14,2201,0
MO,2018,other,hisp,m,15-19,2201,0
MO,2018,other,hisp,f,15-19,2201,0
MO,2018,other,hisp,m,20-24,2270,0
MO,2018,other,hisp,f,20-24,2270,0
MO,2018,other,hisp,m,25-29,2408,0
MO,2018,other,hisp,f,25-29,2408,0
MO,2018,other,hisp,m,30-34,2408,0
MO,2018,other,hisp,f,30-34,2408,0
MO,2018,other,hisp,m,35-39,2339,0
MO,2018,other,hisp,f,35-39,2339,0
MO,2018,other,hisp,m,40-44,2167,0
MO,2018,other,hisp,f,40-44,2167,0
MO,2018,other,hisp,m,45-49,2064,0
MO,2018,other,hisp,f,45-49,2064,0
MO,2018,other,hisp,m,50-54,2201,0
MO,2018,other,hisp,f,50-54,2201,0
MO,2018,other,hisp,m,55-59,2304,0
MO,2018,other,hisp,f,55-59,2304,0
MO,2018,other,hisp,m,60-64,2201,0
MO,2018,other,hisp,f,60-64,2201,0
MO,2018,other,hisp,m,65-69,1857,0
MO,2018,other,hisp,f,65-69,1857,0
MO,2018,other,hisp,m,70-74,1548,0
MO,2018,other,hisp,f,70-74,1548,0
MO,2018,other,hisp,m,75-79,1101,0
MO,2018,other,hisp,f,75-79,1101,0
MO,2018,other,hisp,m,80-84,550,0
MO,2018,other,hisp,f,80-84,825,0
MO,2018,other,hisp,m,85+,578,0
MO,2018,other,hisp,f,85+,867,0
MT,2018,white,non-hisp,m,0-4,26454,0
MT,2018,white,non-hisp,f,0-4,26454,0
MT,2018,white,non-hisp,m,5-9,27366,0
MT,2018,white,non-hisp,f,5-9,27366,0
MT,2018,white,non-hisp,m,10-14,29190,0
MT,2018,white,non-hisp,f,10-14,29190,0
MT,2018,white,non-hisp,m,15-19,29190,0
MT,2018,white,non-hisp,f,15-19,29190,0
MT,2018,white,non-hisp,m,20-24,30103,0
MT,2018,white,non-hisp,f,20-24,30103,0
MT,2018,white,non-hisp,m,25-29,31927,0
MT,2018,white,non-hisp,f,25-29,31927,0
MT,2018,white,non-hisp,m,30-34,31927,0
MT,2018,white,non-hisp,f,30-34,31927,0
MT,2018,white,non-hisp,m,35-39,31015,0
MT,2018,white,non-hisp,f,35-39,31015,0
MT,2018,white,non-hisp,m,40-44,28734,0
MT,2018,white,non-hisp,f,40-44,28734,0
MT,2018,white,non-hisp,m,45-49,27366,0
MT,2018,white,non-hisp,f,45-49,27366,0
MT,2018,white,non-hisp,m,50-54,29190,0
MT,2018,white,non-hisp,f,50-54,29190,0
MT,2018,white,non-hisp,m,55-59,30559,0
MT,2018,white,non-hisp,f,55-59,30559,0
MT,2018,white,non-hisp,m,60-64,29190,0
MT,2018,white,non-hisp,f,60-64,29190,0
MT,2018,white,non-hisp,m,65-69,24629,0
MT,2018,white,non-hisp,f,65-69,24629,0
MT,2018,white,non-hisp,m,70-74,20524,0
MT,2018,white,non-hisp,f,70-74,20524,0
MT,2018,white,non-hisp,m,75-79,14595,0
MT,2018,white,non-hisp,f,75-79,14595,0
MT,2018,white,non-hisp,m,80-84,7298,0
MT,2018,white,non-hisp,f,80-84,10946,0
MT,2018,white,non-hisp,m,85+,7662,0
MT,2018,white,non-hisp,f,85+,11494,0
MT,2018,black,non-hisp,m,0-4,142,0
MT,2018,black,non-hisp,f,0-4,142,0
MT,2018,black,non-hisp,m,5-9,147,0
MT,2018,black,non-hisp,f,5-9,147,0
MT,2018,black,non-hisp,m,10-14,157,0
MT,2018,black,non-hisp,f,10-14,157,0
MT,2018,black,non-hisp,m,15-19,157,0
MT,2018,black,non-hisp,f,15-19,157,0
MT,2018,black,non-hisp,m,20-24,162,0
MT,2018,black,non-hisp,f,20-24,162,0
MT,2018,black,non-hisp,m,25-29,171,0
MT,2018,black,non-hisp,f,25-29,171,0
MT,2018,black,non-hisp,m,30-34,171,0
MT,2018,black,non-hisp,f,30-34,171,0
MT,2018,black,non-hisp,m,35-39,167,0
MT,2018,black,non-hisp,f,35-39,167,0
MT,2018,black,non-hisp,m,40-44,154,0
MT,2018,black,non-hisp,f,40-44,154,0
MT,2018,black,non-hisp,m,45-49,147,0
MT,2018,black,non-hisp,f,45-49,147,0
MT,2018,black,non-hisp,m,50-54,157,0
MT,2018,black,non-hisp,f,50-54,157,0
MT,2018,black,non-hisp,m,55-59,164,0
MT,2018,black,non-hisp,f,55-59,164,0
MT,2018,black,non-hisp,m,60-64,157,0
MT,2018,black,non-hisp,f,60-64,157,0
MT,2018,black,non-hisp,m,65-69,132,0
MT,2018,black,non-hisp,f,65-69,132,0
MT,2018,black,non-hisp,m,70-74,110,0
MT,2018,black,non-hisp,f,70-74,110,0
MT,2018,black,non-hisp,m,75-79,78,0
MT,2018,black,non-hisp,f,75-79,78,0
MT,2018,black,non-hisp,m,80-84,39,0
MT,2018,black,non-hisp,f,80-84,59,0
MT,2018,black,non-hisp,m,85+,41,0
MT,2018,black,non-hisp,f,85+,62,0
MT,2018,asian,non-hisp,m,0-4,246,0
MT,2018,asian,non-hisp,f,0-4,246,0
MT,2018,asian,non-hisp,m,5-9,254,0
MT,2018,asian,non-hisp,f,5-9,254,0
MT,2018,asian,non-hisp,m,10-14,271,0
MT,2018,asian,non-hisp,f,10-14,271,0
MT,2018,asian,non-hisp,m,15-19,271,0
MT,2018,asian,non-hisp,f,15-19,271,0
MT,2018,asian,non-hisp,m,20-24,280,0
MT,2018,asian,non-hisp,f,20-24,280,0
MT,2018,asian,non-hisp,m,25-29,297,0
MT,2018,asian,non-hisp,f,25-29,297,0
MT,2018,asian,non-hisp,m,30-34,297,0
MT,2018,asian,non-hisp,f,30-34,297,0
MT,2018,asian,non-hisp,m,35-39,288,0
MT,2018,asian,non-hisp,f,35-39,288,0
MT,2018,asian,non-hisp,m,40-44,267,0
MT,2018,asian,non-hisp,f,40-44,267,0
MT,2018,asian,non-hisp,m,45-49,254,0
MT,2018,asian,non-hisp,f,45-49,254,0
MT,2018,asian,non-hisp,m,50-54,271,0
MT,2018,asian,non-hisp,f,50-54,271,0
MT,2018,asian,non-hisp,m,55-59,284,0
MT,2018,asian,non-hisp,f,55-59,284,0
MT,2018,asian,non-hisp,m,60-64,271,0
MT,2018,asian,non-hisp,f,60-64,271,0
MT,2018,asian,non-hisp,m,65-69,229,0
MT,2018,asian,non-hisp,f,65-69,229,0
MT,2018,asian,non-hisp,m,70-74,191,0
MT,2018,asian,non-hisp,f,70-74,191,0
MT,2018,asian,non-hisp,m,75-79,136,0
MT,2018,asian,non-hisp,f,75-79,136,0
MT,2018,asian,non-hisp,m,80-84,68,0
MT,2018,asian,non-hisp,f,80-84,102,0
MT,2018,asian,non-hisp,m,85+,71,0
MT,2018,asian,non-hisp,f,85+,107,0
MT,2018,other,non-hisp,m,0-4,2759,0
MT,2018,other,non-hisp,f,0-4,2759,0
MT,2018,other,non-hisp,m,5-9,2854,0
MT,2018,other,non-hisp,f,5-9,2854,0
MT,2018,other,non-hisp,m,10-14,3044,0
MT,2018,other,non-hisp,f,10-14,3044,0
MT,2018,other,non-hisp,m,15-19,3044,0
MT,2018,other,non-hisp,f,15-19,3044,0
MT,2018,other,non-hisp,m,20-24,3139,0
MT,2018,other,non-hisp,f,20-24,3139,0
MT,2018,other,non-hisp,m,25-29,3329,0
MT,2018,other,non-hisp,f,25-29,3329,0
MT,2018,other,non-hisp,m,30-34,3329,0
MT,2018,other,non-hisp,f,30-34,3329,0
MT,2018,other,non-hisp,m,35-39,3234,0
MT,2018,other,non-hisp,f,35-39,3234,0
MT,2018,other,non-hisp,m,40-44,2997,0
MT,2018,other,non-hisp,f,40-44,2997,0
MT,2018,other,non-hisp,m,45-49,2854,0
MT,2018,other,non-hisp,f,45-49,2854,0
MT,2018,other,non-hisp,m,50-54,3044,0
MT,2018,other,non-hisp,f,50-54,3044,0
MT,2018,other,non-hisp,m,55-59,3187,0
MT,2018,other,non-hisp,f,55-59,3187,0
MT,2018,other,non-hisp,m,60-64,3044,0
MT,2018,other,non-hisp,f,60-64,3044,0
MT,2018,other,non-hisp,m,65-69,2568,0
MT,2018,other,non-hisp,f,65-69,2568,0
MT,2018,other,non-hisp,m,70-74,2140,0
MT,2018,other,non-hisp,f,70-74,2140,0
MT,2018,other,non-hisp,m,75-79,1522,0
MT,2018,other,non-hisp,f,75-79,1522,0
MT,2018,other,non-hisp,m,80-84,761,0
MT,2018,other,non-hisp,f,80-84,1142,0
MT,2018,other,non-hisp,m,85+,799,0
MT,2018,other,non-hisp,f,85+,1199,0
MT,2018,white,hisp,m,0-4,848,0
MT,2018,white,hisp,f,0-4,848,0
MT,2018,white,hisp,m,5-9,877,0
MT,2018,white,hisp,f,5-9,877,0
MT,2018,white,hisp,m,10-14,936,0
MT,2018,white,hisp,f,10-14,936,0
MT,2018,white,hisp,m,15-19,936,0
MT,2018,white,hisp,f,15-19,936,0
MT,2018,white,hisp,m,20-24,965,0
MT,2018,white,hisp,f,20-24,965,0
MT,2018,white,hisp,m,25-29,1023,0
MT,2018,white,hisp,f,25-29,1023,0
MT,2018,white,hisp,m,30-34,1023,0
MT,2018,white,hisp,f,30-34,1023,0
MT,2018,white,hisp,m,35-39,994,0
MT,2018,white,hisp,f,35-39,994,0
MT,2018,white,hisp,m,40-44,921,0
MT,2018,white,hisp,f,40-44,921,0
MT,2018,white,hisp,m,45-49,877,0
MT,2018,white,hisp,f,45-49,877,0
MT,2018,white,hisp,m,50-54,936,0
MT,2018,white,hisp,f,50-54,936,0
MT,2018,white,hisp,m,55-59,979,0
MT,2018,white,hisp,f,55-59,979,0
MT,2018,white,hisp,m,60-64,936,0
MT,2018,white,hisp,f,60-64,936,0
MT,2018,white,hisp,m,65-69,789,0
MT,2018,white,hisp,f,65-69,789,0
MT,2018,white,hisp,m,70-74,658,0
MT,2018,white,hisp,f,70-74,658,0
MT,2018,white,hisp,m,75-79,468,0
MT,2018,white,hisp,f,75-79,468,0
MT,2018,white,hisp,m,80-84,234,0
MT,2018,white,hisp,f,80-84,351,0
MT,2018,white,hisp,m,85+,246,0
MT,2018,white,hisp,f,85+,368,0
MT,2018,black,hisp,m,0-4,5,0
MT,2018,black,hisp,f,0-4,5,0
MT,2018,black,hisp,m,5-9,5,0
MT,2018,black,hisp,f,5-9,5,0
MT,2018,black,hisp,m,10-14,5,0
MT,2018,black,hisp,f,10-14,5,0
MT,2018,black,hisp,m,15-19,5,0
MT,2018,black,hisp,f,15-19,5,0
MT,2018,black,hisp,m,20-24,5,0
MT,2018,black,hisp,f,20-24,5,0
MT,2018,black,hisp,m,25-29,5,0
MT,2018,black,hisp,f,25-29,5,0
MT,2018,black,hisp,m,30-34,5,0
MT,2018,black,hisp,f,30-34,5,0
MT,2018,black,hisp,m,35-39,5,0
MT,2018,black,hisp,f,35-39,5,0
MT,2018,black,hisp,m,40-44,5,0
MT,2018,black,hisp,f,40-44,5,0
MT,2018,black,hisp,m,45-49,5,0
MT,2018,black,hisp,f,45-49,5,0
MT,2018,black,hisp,m,50-54,5,0
MT,2018,black,hisp,f,50-54,5,0
MT,2018,black,hisp,m,55-59,5,0
MT,2018,black,hisp,f,55-59,5,0
MT,2018,black,hisp,m,60-64,5,0
MT,2018,black,hisp,f,60-64,5,0
MT,2018,black,hisp,m,65-69,4,0
MT,2018,black,hisp,f,65-69,4,0
MT,2018,black,hisp,m,70-74,4,0
MT,2018,black,hisp,f,70-74,4,0
MT,2018,black,hisp,m,75-79,3,0
MT,2018,black,hisp,f,75-79,3,0
MT,2018,black,hisp,m,80-84,1,0
MT,2018,black,hisp,f,80-84,2,0
MT,2018,black,hisp,m,85+,1,0
MT,2018,black,hisp,f,85+,2,0
MT,2018,asian,hisp,m,0-4,1,0
MT,2018,asian,hisp,f,0-4,1,0
MT,2018,asian,hisp,m,5-9,1,0
MT,2018,asian,hisp,f,5-9,1,0
MT,2018,asian,hisp,m,10-14,1,0
MT,2018,asian,hisp,f,10-14,1,0
MT,2018,asian,hisp,m,15-19,1,0
MT,2018,asian,hisp,f,15-19,1,0
MT,2018,asian,hisp,m,20-24,1,0
MT,2018,asian,hisp,f,20-24,1,0
MT,2018,asian,hisp,m,25-29,2,0
MT,2018,asian,hisp,f,25-29,2,0
MT,2018,asian,hisp,m,30-34,2,0
MT,2018,asian,hisp,f,30-34,2,0
MT,2018,asian,hisp,m,35-39,1,0
MT,2018,asian,hisp,f,35-39,1,0
MT,2018,asian,hisp,m,40-44,1,0
MT,2018,asian,hisp,f,40-44,1,0
MT,2018,asian,hisp,m,45-49,1,0
MT,2018,asian,hisp,f,45-49,1,0
MT,2018,asian,hisp,m,50-54,1,0
MT,2018,asian,hisp,f,50-54,1,0
MT,2018,asian,hisp,m,55-59,1,0
MT,2018,asian,hisp,f,55-59,1,0
MT,2018,asian,hisp,m,60-64,1,0
MT,2018,asian,hisp,f,60-64,1,0
MT,2018,asian,hisp,m,65-69,1,0
MT,2018,asian,hisp,f,65-69,1,0
MT,2018,asian,hisp,m,70-74,1,0
MT,2018,asian,hisp,f,70-74,1,0
MT,2018,asian,hisp,m,75-79,1,0
MT,2018,asian,hisp,f,75-79,1,0
MT,2018,asian,hisp,m,80-84,0,0
MT,2018,asian,hisp,f,80-84,1,0
MT,2018,asian,hisp,m,85+,0,0
MT,2018,asian,hisp,f,85+,1,0
MT,2018,other,hisp,m,0-4,353,0
MT,2018,other,hisp,f,0-4,353,0
MT,2018,other,hisp,m,5-9,365,0
MT,2018,other,hisp,f,5-9,365,0
MT,2018,other,hisp,m,10-14,389,0
MT,2018,other,hisp,f,10-14,389,0
MT,2018,other,hisp,m,15-19,389,0
MT,2018,other,hisp,f,15-19,389,0
MT,2018,other,hisp,m,20-24,402,0
MT,2018,other,hisp,f,20-24,402,0
MT,2018,other,hisp,m,25-29,426,0
MT,2018,other,hisp,f,25-29,426,0
MT,2018,other,hisp,m,30-34,426,0
MT,2018,other,hisp,f,30-34,426,0
MT,2018,other,hisp,m,35-39,414,0
MT,2018,other,hisp,f,35-39,414,0
MT,2018,other,hisp,m,40-44,383,0
MT,2018,other,hisp,f,40-44,383,0
MT,2018,other,hisp,m,45-49,365,0
MT,2018,other,hisp,f,45-49,365,0
MT,2018,other,hisp,m,50-54,389,0
MT,2018,other,hisp,f,50-54,389,0
MT,2018,other,hisp,m,55-59,408,0
MT,2018,other,hisp,f,55-59,408,0
MT,2018,other,hisp,m,60-64,389,0
MT,2018,other,hisp,f,60-64,389,0
MT,2018,other,hisp,m,65-69,329,0
MT,2018,other,hisp,f,65-69,329,0
MT,2018,other,hisp,m,70-74,274,0
MT,2018,other,hisp,f,70-74,274,0
MT,2018,other,hisp,m,75-79,195,0
MT,2018,other,hisp,f,75-79,195,0
MT,2018,other,hisp,m,80-84,97,0
MT,2018,other,hisp,f,80-84,146,0
MT,2018,other,hisp,m,85+,102,0
MT,2018,other,hisp,f,85+,153,0
NE,2018,white,non-hisp,m,0-4,43943,0
NE,2018,white,non-hisp,f,0-4,43943,0
NE,2018,white,non-hisp,m,5-9,45458,0
NE,2018,white,non-hisp,f,5-9,45458,0
NE,2018,white,non-hisp,m,10-14,48488,0
NE,2018,white,non-hisp,f,10-14,48488,0
NE,2018,white,non-hisp,m,15-19,48488,0
NE,2018,white,non-hisp,f,15-19,48488,0
NE,2018,white,non-hisp,m,20-24,50004,0
NE,2018,white,non-hisp,f,20-24,50004,0
NE,2018,white,non-hisp,m,25-29,53034,0
NE,2018,white,non-hisp,f,25-29,53034,0
NE,2018,white,non-hisp,m,30-34,53034,0
NE,2018,white,non-hisp,f,30-34,53034,0
NE,2018,white,non-hisp,m,35-39,51519,0
NE,2018,white,non-hisp,f,35-39,51519,0
NE,2018,white,non-hisp,m,40-44,47731,0
NE,2018,white,non-hisp,f,40-44,47731,0
NE,2018,white,non-hisp,m,45-49,45458,0
NE,2018,white,non-hisp,f,45-49,45458,0
NE,2018,white,non-hisp,m,50-54,48488,0
NE,2018,white,non-hisp,f,50-54,48488,0
NE,2018,white,non-hisp,m,55-59,50761,0
NE,2018,white,non-hisp,f,55-59,50761,0
NE,2018,white,non-hisp,m,60-64,48488,0
NE,2018,white,non-hisp,f,60-64,48488,0
NE,2018,white,non-hisp,m,65-69,40912,0
NE,2018,white,non-hisp,f,65-69,40912,0
NE,2018,white,non-hisp,m,70-74,34093,0
NE,2018,white,non-hisp,f,70-74,34093,0
NE,2018,white,non-hisp,m,75-79,24244,0
NE,2018,white,non-hisp,f,75-79,24244,0
NE,2018,white,non-hisp,m,80-84,12122,0
NE,2018,white,non-hisp,f,80-84,18183,0
NE,2018,white,non-hisp,m,85+,12728,0
NE,2018,white,non-hisp,f,85+,19092,0
NE,2018,black,non-hisp,m,0-4,2592,0
NE,2018,black,non-hisp,f,0-4,2592,0
NE,2018,black,non-hisp,m,5-9,2681,0
NE,2018,black,non-hisp,f,5-9,2681,0
NE,2018,black,non-hisp,m,10-14,2860,0
NE,2018,black,non-hisp,f,10-14,2860,0
NE,2018,black,non-hisp,m,15-19,2860,0
NE,2018,black,non-hisp,f,15-19,2860,0
NE,2018,black,non-hisp,m,20-24,2949,0
NE,2018,black,non-hisp,f,20-24,2949,0
NE,2018,black,non-hisp,m,25-29,3128,0
NE,2018,black,non-hisp,f,25-29,3128,0
NE,2018,black,non-hisp,m,30-34,3128,0
NE,2018,black,non-hisp,f,30-34,3128,0
NE,2018,black,non-hisp,m,35-39,3039,0
NE,2018,black,non-hisp,f,35-39,3039,0
NE,2018,black,non-hisp,m,40-44,2815,0
NE,2018,black,non-hisp,f,40-44,2815,0
NE,2018,black,non-hisp,m,45-49,2681,0
NE,2018,black,non-hisp,f,45-49,2681,0
NE,2018,black,non-hisp,m,50-54,2860,0
NE,2018,black,non-hisp,f,50-54,2860,0
NE,2018,black,non-hisp,m,55-59,2994,0
NE,2018,black,non-hisp,f,55-59,2994,0
NE,2018,black,non-hisp,m,60-64,2860,0
NE,2018,black,non-hisp,f,60-64,2860,0
NE,2018,black,non-hisp,m,65-69,2413,0
NE,2018,black,non-hisp,f,65-69,2413,0
NE,2018,black,non-hisp,m,70-74,2011,0
NE,2018,black,non-hisp,f,70-74,2011,0
NE,2018,black,non-hisp,m,75-79,1430,0
NE,2018,black,non-hisp,f,75-79,1430,0
NE,2018,black,non-hisp,m,80-84,715,0
NE,2018,black,non-hisp,f,80-84,1073,0
NE,2018,black,non-hisp,m,85+,751,0
NE,2018,black,non-hisp,f,85+,1126,0
NE,2018,asian,non-hisp,m,0-4,1320,0
NE,2018,asian,non-hisp,f,0-4,1320,0
NE,2018,asian,non-hisp,m,5-9,1366,0
NE,2018,asian,non-hisp,f,5-9,1366,0
NE,2018,asian,non-hisp,m,10-14,1457,0
NE,2018,asian,non-hisp,f,10-14,1457,0
NE,2018,asian,non-hisp,m,15-19,1457,0
NE,2018,asian,non-hisp,f,15-19,1457,0
NE,2018,asian,non-hisp,m,20-24,1503,0
NE,2018,asian,non-hisp,f,20-24,1503,0
NE,2018,asian,non-hisp,m,25-29,1594,0
NE,2018,asian,non-hisp,f,25-29,1594,0
NE,2018,asian,non-hisp,m,30-34,1594,0
NE,2018,asian,non-hisp,f,30-34,1594,0
NE,2018,asian,non-hisp,m,35-39,1548,0
NE,2018,asian,non-hisp,f,35-39,1548,0
NE,2018,asian,non-hisp,m,40-44,1434,0
NE,2018,asian,non-hisp,f,40-44,1434,0
NE,2018,asian,non-hisp,m,45-49,1366,0
NE,2018,asian,non-hisp,f,45-49,1366,0
NE,2018,asian,non-hisp,m,50-54,1457,0
NE,2018,asian,non-hisp,f,50-54,1457,0
NE,2018,asian,non-hisp,m,55-59,1525,0
NE,2018,asian,non-hisp,f,55-59,1525,0
NE,2018,asian,non-hisp,m,60-64,1457,0
NE,2018,asian,non-hisp,f,60-64,1457,0
NE,2018,asian,non-hisp,m,65-69,1229,0
NE,2018,asian,non-hisp,f,65-69,1229,0
NE,2018,asian,non-hisp,m,70-74,1025,0
NE,2018,asian,non-hisp,f,70-74,1025,0
NE,2018,asian,non-hisp,m,75-79,729,0
NE,2018,asian,non-hisp,f,75-79,729,0
NE,2018,asian,non-hisp,m,80-84,364,0
NE,2018,asian,non-hisp,f,80-84,546,0
NE,2018,asian,non-hisp,m,85+,382,0
NE,2018,asian,non-hisp,f,85+,574,0
NE,2018,other,non-hisp,m,0-4,1874,0
NE,2018,other,non-hisp,f,0-4,1874,0
NE,2018,other,non-hisp,m,5-9,1938,0
NE,2018,other,non-hisp,f,5-9,1938,0
NE,2018,other,non-hisp,m,10-14,2068,0
NE,2018,other,non-hisp,f,10-14,2068,0
NE,2018,other,non-hisp,m,15-19,2068,0
NE,2018,other,non-hisp,f,15-19,2068,0
NE,2018,other,non-hisp,m,20-24,2132,0
NE,2018,other,non-hisp,f,20-24,2132,0
NE,2018,other,non-hisp,m,25-29,2261,0
NE,2018,other,non-hisp,f,25-29,2261,0
NE,2018,other,non-hisp,m,30-34,2261,0
NE,2018,other,non-hisp,f,30-34,2261,0
NE,2018,other,non-hisp,m,35-39,2197,0
NE,2018,other,non-hisp,f,35-39,2197,0
NE,2018,other,non-hisp,m,40-44,2035,0
NE,2018,other,non-hisp,f,40-44,2035,0
NE,2018,other,non-hisp,m,45-49,1938,0
NE,2018,other,non-hisp,f,45-49,1938,0
NE,2018,other,non-hisp,m,50-54,2068,0
NE,2018,other,non-hisp,f,50-54,2068,0
NE,2018,other,non-hisp,m,55-59,2165,0
NE,2018,other,non-hisp,f,55-59,2165,0
NE,2018,other,non-hisp,m,60-64,2068,0
NE,2018,other,non-hisp,f,60-64,2068,0
NE,2018,other,non-hisp,m,65-69,1745,0
NE,2018,other,non-hisp,f,65-69,1745,0
NE,2018,other,non-hisp,m,70-74,1454,0
NE,2018,other,non-hisp,f,70-74,1454,0
NE,2018,other,non-hisp,m,75-79,1034,0
NE,2018,other,non-hisp,f,75-79,1034,0
NE,2018,other,non-hisp,m,80-84,517,0
NE,2018,other,non-hisp,f,80-84,775,0
NE,2018,other,non-hisp,m,85+,543,0
NE,2018,other,non-hisp,f,85+,814,0
NE,2018,white,hisp,m,0-4,4400,0
NE,2018,white,hisp,f,0-4,4400,0
NE,2018,white,hisp,m,5-9,4552,0
NE,2018,white,hisp,f,5-9,4552,0
NE,2018,white,hisp,m,10-14,4855,0
NE,2018,white,hisp,f,10-14,4855,0
NE,2018,white,hisp,m,15-19,4855,0
NE,2018,white,hisp,f,15-19,4855,0
NE,2018,white,hisp,m,20-24,5007,0
NE,2018,white,hisp,f,20-24,5007,0
NE,2018,white,hisp,m,25-29,5311,0
NE,2018,white,hisp,f,25-29,5311,0
NE,2018,white,hisp,m,30-34,5311,0
NE,2018,white,hisp,f,30-34,5311,0
NE,2018,white,hisp,m,35-39,5159,0
NE,2018,white,hisp,f,35-39,5159,0
NE,2018,white,hisp,m,40-44,4779,0
NE,2018,white,hisp,f,40-44,4779,0
NE,2018,white,hisp,m,45-49,4552,0
NE,2018,white,hisp,f,45-49,4552,0
NE,2018,white,hisp,m,50-54,4855,0
NE,2018,white,hisp,f,50-54,4855,0
NE,2018,white,hisp,m,55-59,5083,0
NE,2018,white,hisp,f,55-59,5083,0
NE,2018,white,hisp,m,60-64,4855,0
NE,2018,white,hisp,f,60-64,4855,0
NE,2018,white,hisp,m,65-69,4097,0
NE,2018,white,hisp,f,65-69,4097,0
NE,2018,white,hisp,m,70-74,3414,0
NE,2018,white,hisp,f,70-74,3414,0
NE,2018,white,hisp,m,75-79,2428,0
NE,2018,white,hisp,f,75-79,2428,0
NE,2018,white,hisp,m,80-84,1214,0
NE,2018,white,hisp,f,80-84,1821,0
NE,2018,white,hisp,m,85+,1275,0
NE,2018,white,hisp,f,85+,1912,0
NE,2018,black,hisp,m,0-4,53,0
NE,2018,black,hisp,f,0-4,53,0
NE,2018,black,hisp,m,5-9,55,0
NE,2018,black,hisp,f,5-9,55,0
NE,2018,black,hisp,m,10-14,59,0
NE,2018,black,hisp,f,10-14,59,0
NE,2018,black,hisp,m,15-19,59,0
NE,2018,black,hisp,f,15-19,59,0
NE,2018,black,hisp,m,20-24,61,0
NE,2018,black,hisp,f,20-24,61,0
NE,2018,black,hisp,m,25-29,65,0
NE,2018,black,hisp,f,25-29,65,0
NE,2018,black,hisp,m,30-34,65,0
NE,2018,black,hisp,f,30-34,65,0
NE,2018,black,hisp,m,35-39,63,0
NE,2018,black,hisp,f,35-39,63,0
NE,2018,black,hisp,m,40-44,58,0
NE,2018,black,hisp,f,40-44,58,0
NE,2018,black,hisp,m,45-49,55,0
NE,2018,black,hisp,f,45-49,55,0
NE,2018,black,hisp,m,50-54,59,0
NE,2018,black,hisp,f,50-54,59,0
NE,2018,black,hisp,m,55-59,62,0
NE,2018,black,hisp,f,55-59,62,0
NE,2018,black,hisp,m,60-64,59,0
NE,2018,black,hisp,f,60-64,59,0
NE,2018,black,hisp,m,65-69,50,0
NE,2018,black,hisp,f,65-69,50,0
NE,2018,black,hisp,m,70-74,41,0
NE,2018,black,hisp,f,70-74,41,0
NE,2018,black,hisp,m,75-79,30,0
NE,2018,black,hisp,f,75-79,30,0
NE,2018,black,hisp,m,80-84,15,0
NE,2018,black,hisp,f,80-84,22,0
NE,2018,black,hisp,m,85+,15,0
NE,2018,black,hisp,f,85+,23,0
NE,2018,asian,hisp,m,0-4,7,0
NE,2018,asian,hisp,f,0-4,7,0
NE,2018,asian,hisp,m,5-9,7,0
NE,2018,asian,hisp,f,5-9,7,0
NE,2018,asian,hisp,m,10-14,8,0
NE,2018,asian,hisp,f,10-14,8,0
NE,2018,asian,hisp,m,15-19,8,0
NE,2018,asian,hisp,f,15-19,8,0
NE,2018,asian,hisp,m,20-24,8,0
NE,2018,asian,hisp,f,20-24,8,0
NE,2018,asian,hisp,m,25-29,9,0
NE,2018,asian,hisp,f,25-29,9,0
NE,2018,asian,hisp,m,30-34,9,0
NE,2018,asian,hisp,f,30-34,9,0
NE,2018,asian,hisp,m,35-39,8,0
NE,2018,asian,hisp,f,35-39,8,0
NE,2018,asian,hisp,m,40-44,8,0
NE,2018,asian,hisp,f,40-44,8,0
NE,2018,asian,hisp,m,45-49,7,0
NE,2018,asian,hisp,f,45-49,7,0
NE,2018,asian,hisp,m,50-54,8,0
NE,2018,asian,hisp,f,50-54,8,0
NE,2018,asian,hisp,m,55-59,8,0
NE,2018,asian,hisp,f,55-59,8,0
NE,2018,asian,hisp,m,60-64,8,0
NE,2018,asian,hisp,f,60-64,8,0
NE,2018,asian,hisp,m,65-69,7,0
NE,2018,asian,hisp,f,65-69,7,0
NE,2018,asian,hisp,m,70-74,6,0
NE,2018,asian,hisp,f,70-74,6,0
NE,2018,asian,hisp,m,75-79,4,0
NE,2018,asian,hisp,f,75-79,4,0
NE,2018,asian,hisp,m,80-84,2,0
NE,2018,asian,hisp,f,80-84,3,0
NE,2018,asian,hisp,m,85+,2,0
NE,2018,asian,hisp,f,85+,3,0
NE,2018,other,hisp,m,0-4,1759,0
NE,2018,other,hisp,f,0-4,1759,0
NE,2018,other,hisp,m,5-9,1820,0
NE,2018,other,hisp,f,5-9,1820,0
NE,2018,other,hisp,m,10-14,1941,0
NE,2018,other,hisp,f,10-14,1941,0
NE,2018,other,hisp,m,15-19,1941,0
NE,2018,other,hisp,f,15-19,1941,0
NE,2018,other,hisp,m,20-24,2002,0
NE,2018,other,hisp,f,20-24,2002,0
NE,2018,other,hisp,m,25-29,2123,0
NE,2018,other,hisp,f,25-29,2123,0
NE,2018,other,hisp,m,30-34,2123,0
NE,2018,other,hisp,f,30-34,2123,0
NE,2018,other,hisp,m,35-39,2063,0
NE,2018,other,hisp,f,35-39,2063,0
NE,2018,other,hisp,m,40-44,1911,0
NE,2018,other,hisp,f,40-44,1911,0
NE,2018,other,hisp,m,45-49,1820,0
NE,2018,other,hisp,f,45-49,1820,0
NE,2018,other,hisp,m,50-54,1941,0
NE,2018,other,hisp,f,50-54,1941,0
NE,2018,other,hisp,m,55-59,2032,0
NE,2018,other,hisp,f,55-59,2032,0
NE,2018,other,hisp,m,60-64,1941,0
NE,2018,other,hisp,f,60-64,1941,0
NE,2018,other,hisp,m,65-69,1638,0
NE,2018,other,hisp,f,65-69,1638,0
NE,2018,other,hisp,m,70-74,1365,0
NE,2018,other,hisp,f,70-74,1365,0
NE,2018,other,hisp,m,75-79,971,0
NE,2018,other,hisp,f,75-79,971,0
NE,2018,other,hisp,m,80-84,485,0
NE,2018,other,hisp,f,80-84,728,0
NE,2018,other,hisp,m,85+,510,0
NE,2018,other,hisp,f,85+,764,0
NV,2018,white,non-hisp,m,0-4,42618,0
NV,2018,white,non-hisp,f,0-4,42618,0
NV,2018,white,non-hisp,m,5-9,44088,0
NV,2018,white,non-hisp,f,5-9,44088,0
NV,2018,white,non-hisp,m,10-14,47027,0
NV,2018,white,non-hisp,f,10-14,47027,0
NV,2018,white,non-hisp,m,15-19,47027,0
NV,2018,white,non-hisp,f,15-19,47027,0
NV,2018,white,non-hisp,m,20-24,48497,0
NV,2018,white,non-hisp,f,20-24,48497,0
NV,2018,white,non-hisp,m,25-29,51436,0
NV,2018,white,non-hisp,f,25-29,51436,0
NV,2018,white,non-hisp,m,30-34,51436,0
NV,2018,white,non-hisp,f,30-34,51436,0
NV,2018,white,non-hisp,m,35-39,49966,0
NV,2018,white,non-hisp,f,35-39,49966,0
NV,2018,white,non-hisp,m,40-44,46292,0
NV,2018,white,non-hisp,f,40-44,46292,0
NV,2018,white,non-hisp,m,45-49,44088,0
NV,2018,white,non-hisp,f,45-49,44088,0
NV,2018,white,non-hisp,m,50-54,47027,0
NV,2018,white,non-hisp,f,50-54,47027,0
NV,2018,white,non-hisp,m,55-59,49231,0
NV,2018,white,non-hisp,f,55-59,49231,0
NV,2018,white,non-hisp,m,60-64,47027,0
NV,2018,white,non-hisp,f,60-64,47027,0
NV,2018,white,non-hisp,m,65-69,39679,0
NV,2018,white,non-hisp,f,65-69,39679,0
NV,2018,white,non-hisp,m,70-74,33066,0
NV,2018,white,non-hisp,f,70-74,33066,0
NV,2018,white,non-hisp,m,75-79,23513,0
NV,2018,white,non-hisp,f,75-79,23513,0
NV,2018,white,non-hisp,m,80-84,11757,0
NV,2018,white,non-hisp,f,80-84,17635,0
NV,2018,white,non-hisp,m,85+,12345,0
NV,2018,white,non-hisp,f,85+,18517,0
NV,2018,black,non-hisp,m,0-4,7727,0
NV,2018,black,non-hisp,f,0-4,7727,0
NV,2018,black,non-hisp,m,5-9,7993,0
NV,2018,black,non-hisp,f,5-9,7993,0
NV,2018,black,non-hisp,m,10-14,8526,0
NV,2018,black,non-hisp,f,10-14,8526,0
NV,2018,black,non-hisp,m,15-19,8526,0
NV,2018,black,non-hisp,f,15-19,8526,0
NV,2018,black,non-hisp,m,20-24,8793,0
NV,2018,black,non-hisp,f,20-24,8793,0
NV,2018,black,non-hisp,m,25-29,9325,0
NV,2018,black,non-hisp,f,25-29,9325,0
NV,2018,black,non-hisp,m,30-34,9325,0
NV,2018,black,non-hisp,f,30-34,9325,0
NV,2018,black,non-hisp,m,35-39,9059,0
NV,2018,black,non-hisp,f,35-39,9059,0
NV,2018,black,non-hisp,m,40-44,8393,0
NV,2018,black,non-hisp,f,40-44,8393,0
NV,2018,black,non-hisp,m,45-49,7993,0
NV,2018,black,non-hisp,f,45-49,7993,0
NV,2018,black,non-hisp,m,50-54,8526,0
NV,2018,black,non-hisp,f,50-54,8526,0
NV,2018,black,non-hisp,m,55-59,8926,0
NV,2018,black,non-hisp,f,55-59,8926,0
NV,2018,black,non-hisp,m,60-64,8526,0
NV,2018,black,non-hisp,f,60-64,8526,0
NV,2018,black,non-hisp,m,65-69,7194,0
NV,2018,black,non-hisp,f,65-69,7194,0
NV,2018,black,non-hisp,m,70-74,5995,0
NV,2018,black,non-hisp,f,70-74,5995,0
NV,2018,black,non-hisp,m,75-79,4263,0
NV,2018,black,non-hisp,f,75-79,4263,0
NV,2018,black,non-hisp,m,80-84,2132,0
NV,2018,black,non-hisp,f,80-84,3197,0
NV,2018,black,non-hisp,m,85+,2238,0
NV,2018,black,non-hisp,f,85+,3357,0
NV,2018,asian,non-hisp,m,0-4,7090,0
NV,2018,asian,non-hisp,f,0-4,7090,0
NV,2018,asian,non-hisp,m,5-9,7334,0
NV,2018,asian,non-hisp,f,5-9,7334,0
NV,2018,asian,non-hisp,m,10-14,7823,0
NV,2018,asian,non-hisp,f,10-14,7823,0
NV,2018,asian,non-hisp,m,15-19,7823,0
NV,2018,asian,non-hisp,f,15-19,7823,0
NV,2018,asian,non-hisp,m,20-24,8068,0
NV,2018,asian,non-hisp,f,20-24,8068,0
NV,2018,asian,non-hisp,m,25-29,8556,0
NV,2018,asian,non-hisp,f,25-29,8556,0
NV,2018,asian,non-hisp,m,30-34,8556,0
NV,2018,asian,non-hisp,f,30-34,8556,0
NV,2018,asian,non-hisp,m,35-39,8312,0
NV,2018,asian,non-hisp,f,35-39,8312,0
NV,2018,asian,non-hisp,m,40-44,7701,0
NV,2018,asian,non-hisp,f,40-44,7701,0
NV,2018,asian,non-hisp,m,45-49,7334,0
NV,2018,asian,non-hisp,f,45-49,7334,0
NV,2018,asian,non-hisp,m,50-54,7823,0
NV,2018,asian,non-hisp,f,50-54,7823,0
NV,2018,asian,non-hisp,m,55-59,8190,0
NV,2018,asian,non-hisp,f,55-59,8190,0
NV,2018,asian,non-hisp,m,60-64,7823,0
NV,2018,asian,non-hisp,f,60-64,7823,0
NV,2018,asian,non-hisp,m,65-69,6601,0
NV,2018,asian,non-hisp,f,65-69,6601,0
NV,2018,asian,non-hisp,m,70-74,5501,0
NV,2018,asian,non-hisp,f,70-74,5501,0
NV,2018,asian,non-hisp,m,75-79,3912,0
NV,2018,asian,non-hisp,f,75-79,3912,0
NV,2018,asian,non-hisp,m,80-84,1956,0
NV,2018,asian,non-hisp,f,80-84,2934,0
NV,2018,asian,non-hisp,m,85+,2054,0
NV,2018,asian,non-hisp,f,85+,3080,0
NV,2018,other,non-hisp,m,0-4,5010,0
NV,2018,other,non-hisp,f,0-4,5010,0
NV,2018,other,non-hisp,m,5-9,5182,0
NV,2018,other,non-hisp,f,5-9,5182,0
NV,2018,other,non-hisp,m,10-14,5528,0
NV,2018,other,non-hisp,f,10-14,5528,0
NV,2018,other,non-hisp,m,15-19,5528,0
NV,2018,other,non-hisp,f,15-19,5528,0
NV,2018,other,non-hisp,m,20-24,5701,0
NV,2018,other,non-hisp,f,20-24,5701,0
NV,2018,other,non-hisp,m,25-29,6046,0
NV,2018,other,non-hisp,f,25-29,6046,0
NV,2018,other,non-hisp,m,30-34,6046,0
NV,2018,other,non-hisp,f,30-34,6046,0
NV,2018,other,non-hisp,m,35-39,5873,0
NV,2018,other,non-hisp,f,35-39,5873,0
NV,2018,other,non-hisp,m,40-44,5441,0
NV,2018,other,non-hisp,f,40-44,5441,0
NV,2018,other,non-hisp,m,45-49,5182,0
NV,2018,other,non-hisp,f,45-49,5182,0
NV,2018,other,non-hisp,m,50-54,5528,0
NV,2018,other,non-hisp,f,50-54,5528,0
NV,2018,other,non-hisp,m,55-59,5787,0
NV,2018,other,non-hisp,f,55-59,5787,0
NV,2018,other,non-hisp,m,60-64,5528,0
NV,2018,other,non-hisp,f,60-64,5528,0
NV,2018,other,non-hisp,m,65-69,4664,0
NV,2018,other,non-hisp,f,65-69,4664,0
NV,2018,other,non-hisp,m,70-74,3887,0
NV,2018,other,non-hisp,f,70-74,3887,0
NV,2018,other,non-hisp,m,75-79,2764,0
NV,2018,other,non-hisp,f,75-79,2764,0
NV,2018,other,non-hisp,m,80-84,1382,0
NV,2018,other,non-hisp,f,80-84,2073,0
NV,2018,other,non-hisp,m,85+,1451,0
NV,2018,other,non-hisp,f,85+,2177,0
NV,2018,white,hisp,m,0-4,13206,0
NV,2018,white,hisp,f,0-4,13206,0
NV,2018,white,hisp,m,5-9,13661,0
NV,2018,white,hisp,f,5-9,13661,0
NV,2018,white,hisp,m,10-14,14572,0
NV,2018,white,hisp,f,10-14,14572,0
NV,2018,white,hisp,m,15-19,14572,0
NV,2018,white,hisp,f,15-19,14572,0
NV,2018,white,hisp,m,20-24,15028,0
NV,2018,white,hisp,f,20-24,15028,0
NV,2018,white,hisp,m,25-29,15938,0
NV,2018,white,hisp,f,25-29,15938,0
NV,2018,white,hisp,m,30-34,15938,0
NV,2018,white,hisp,f,30-34,15938,0
NV,2018,white,hisp,m,35-39,15483,0
NV,2018,white,hisp,f,35-39,15483,0
NV,2018,white,hisp,m,40-44,14345,0
NV,2018,white,hisp,f,40-44,14345,0
NV,2018,white,hisp,m,45-49,13661,0
NV,2018,white,hisp,f,45-49,13661,0
NV,2018,white,hisp,m,50-54,14572,0
NV,2018,white,hisp,f,50-54,14572,0
NV,2018,white,hisp,m,55-59,15255,0
NV,2018,white,hisp,f,55-59,15255,0
NV,2018,white,hisp,m,60-64,14572,0
NV,2018,white,hisp,f,60-64,14572,0
NV,2018,white,hisp,m,65-69,12295,0
NV,2018,white,hisp,f,65-69,12295,0
NV,2018,white,hisp,m,70-74,10246,0
NV,2018,white,hisp,f,70-74,10246,0
NV,2018,white,hisp,m,75-79,7286,0
NV,2018,white,hisp,f,75-79,7286,0
NV,2018,white,hisp,m,80-84,3643,0
NV,2018,white,hisp,f,80-84,5465,0
NV,2018,white,hisp,m,85+,3825,0
NV,2018,white,hisp,f,85+,5738,0
NV,2018,black,hisp,m,0-4,404,0
NV,2018,black,hisp,f,0-4,404,0
NV,2018,black,hisp,m,5-9,418,0
NV,2018,black,hisp,f,5-9,418,0
NV,2018,black,hisp,m,10-14,446,0
NV,2018,black,hisp,f,10-14,446,0
NV,2018,black,hisp,m,15-19,446,0
NV,2018,black,hisp,f,15-19,446,0
NV,2018,black,hisp,m,20-24,460,0
NV,2018,black,hisp,f,20-24,460,0
NV,2018,black,hisp,m,25-29,488,0
NV,2018,black,hisp,f,25-29,488,0
NV,2018,black,hisp,m,30-34,488,0
NV,2018,black,hisp,f,30-34,488,0
NV,2018,black,hisp,m,35-39,474,0
NV,2018,black,hisp,f,35-39,474,0
NV,2018,black,hisp,m,40-44,439,0
NV,2018,black,hisp,f,40-44,439,0
NV,2018,black,hisp,m,45-49,418,0
NV,2018,black,hisp,f,45-49,418,0
NV,2018,black,hisp,m,50-54,446,0
NV,2018,black,hisp,f,50-54,446,0
NV,2018,black,hisp,m,55-59,467,0
NV,2018,black,hisp,f,55-59,467,0
NV,2018,black,hisp,m,60-64,446,0
NV,2018,black,hisp,f,60-64,446,0
NV,2018,black,hisp,m,65-69,377,0
NV,2018,black,hisp,f,65-69,377,0
NV,2018,black,hisp,m,70-74,314,0
NV,2018,black,hisp,f,70-74,314,0
NV,2018,black,hisp,m,75-79,223,0
NV,2018,black,hisp,f,75-79,223,0
NV,2018,black,hisp,m,80-84,112,0
NV,2018,black,hisp,f,80-84,167,0
NV,2018,black,hisp,m,85+,117,0
NV,2018,black,hisp,f,85+,176,0
NV,2018,asian,hisp,m,0-4,164,0
NV,2018,asian,hisp,f,0-4,164,0
NV,2018,asian,hisp,m,5-9,170,0
NV,2018,asian,hisp,f,5-9,170,0
NV,2018,asian,hisp,m,10-14,181,0
NV,2018,asian,hisp,f,10-14,181,0
NV,2018,asian,hisp,m,15-19,181,0
NV,2018,asian,hisp,f,15-19,181,0
NV,2018,asian,hisp,m,20-24,187,0
NV,2018,asian,hisp,f,20-24,187,0
NV,2018,asian,hisp,m,25-29,198,0
NV,2018,asian,hisp,f,25-29,198,0
NV,2018,asian,hisp,m,30-34,198,0
NV,2018,asian,hisp,f,30-34,198,0
NV,2018,asian,hisp,m,35-39,193,0
NV,2018,asian,hisp,f,35-39,193,0
NV,2018,asian,hisp,m,40-44,178,0
NV,2018,asian,hisp,f,40-44,178,0
NV,2018,asian,hisp,m,45-49,170,0
NV,2018,asian,hisp,f,45-49,170,0
NV,2018,asian,hisp,m,50-54,181,0
NV,2018,asian,hisp,f,50-54,181,0
NV,2018,asian,hisp,m,55-59,190,0
NV,2018,asian,hisp,f,55-59,190,0
NV,2018,asian,hisp,m,60-64,181,0
NV,2018,asian,hisp,f,60-64,181,0
NV,2018,asian,hisp,m,65-69,153,0
NV,2018,asian,hisp,f,65-69,153,0
NV,2018,asian,hisp,m,70-74,127,0
NV,2018,asian,hisp,f,70-74,127,0
NV,2018,asian,hisp,m,75-79,91,0
NV,2018,asian,hisp,f,75-79,91,0
NV,2018,asian,hisp,m,80-84,45,0
NV,2018,asian,hisp,f,80-84,68,0
NV,2018,asian,hisp,m,85+,48,0
NV,2018,asian,hisp,f,85+,71,0
NV,2018,other,hisp,m,0-4,11778,0
NV,2018,other,hisp,f,0-4,11778,0
NV,2018,other,hisp,m,5-9,12185,0
NV,2018,other,hisp,f,5-9,12185,0
NV,2018,other,hisp,m,10-14,12997,0
NV,2018,other,hisp,f,10-14,12997,0
NV,2018,other,hisp,m,15-19,12997,0
NV,2018,other,hisp,f,15-19,12997,0
NV,2018,other,hisp,m,20-24,13403,0
NV,2018,other,hisp,f,20-24,13403,0
NV,2018,other,hisp,m,25-29,14215,0
NV,2018,other,hisp,f,25-29,14215,0
NV,2018,other,hisp,m,30-34,14215,0
NV,2018,other,hisp,f,30-34,14215,0
NV,2018,other,hisp,m,35-39,13809,0
NV,2018,other,hisp,f,35-39,13809,0
NV,2018,other,hisp,m,40-44,12794,0
NV,2018,other,hisp,f,40-44,12794,0
NV,2018,other,hisp,m,45-49,12185,0
NV,2018,other,hisp,f,45-49,12185,0
NV,2018,other,hisp,m,50-54,12997,0
NV,2018,other,hisp,f,50-54,12997,0
NV,2018,other,hisp,m,55-59,13606,0
NV,2018,other,hisp,f,55-59,13606,0
NV,2018,other,hisp,m,60-64,12997,0
NV,2018,other,hisp,f,60-64,12997,0
NV,2018,other,hisp,m,65-69,10966,0
NV,2018,other,hisp,f,65-69,10966,0
NV,2018,other,hisp,m,70-74,9138,0
NV,2018,other,hisp,f,70-74,9138,0
NV,2018,other,hisp,m,75-79,6498,0
NV,2018,other,hisp,f,75-79,6498,0
NV,2018,other,hisp,m,80-84,3249,0
NV,2018,other,hisp,f,80-84,4874,0
NV,2018,other,hisp,m,85+,3412,0
NV,2018,other,hisp,f,85+,5118,0
NH,2018,white,non-hisp,m,0-4,35315,0
NH,2018,white,non-hisp,f,0-4,35315,0
NH,2018,white,non-hisp,m,5-9,36533,0
NH,2018,white,non-hisp,f,5-9,36533,0
NH,2018,white,non-hisp,m,10-14,38969,0
NH,2018,white,non-hisp,f,10-14,38969,0
NH,2018,white,non-hisp,m,15-19,38969,0
NH,2018,white,non-hisp,f,15-19,38969,0
NH,2018,white,non-hisp,m,20-24,40186,0
NH,2018,white,non-hisp,f,20-24,40186,0
NH,2018,white,non-hisp,m,25-29,42622,0
NH,2018,white,non-hisp,f,25-29,42622,0
NH,2018,white,non-hisp,m,30-34,42622,0
NH,2018,white,non-hisp,f,30-34,42622,0
NH,2018,white,non-hisp,m,35-39,41404,0
NH,2018,white,non-hisp,f,35-39,41404,0
NH,2018,white,non-hisp,m,40-44,38360,0
NH,2018,white,non-hisp,f,40-44,38360,0
NH,2018,white,non-hisp,m,45-49,36533,0
NH,2018,white,non-hisp,f,45-49,36533,0
NH,2018,white,non-hisp,m,50-54,38969,0
NH,2018,white,non-hisp,f,50-54,38969,0
NH,2018,white,non-hisp,m,55-59,40795,0
NH,2018,white,non-hisp,f,55-59,40795,0
NH,2018,white,non-hisp,m,60-64,38969,0
NH,2018,white,non-hisp,f,60-64,38969,0
NH,2018,white,non-hisp,m,65-69,32880,0
NH,2018,white,non-hisp,f,65-69,32880,0
NH,2018,white,non-hisp,m,70-74,27400,0
NH,2018,white,non-hisp,f,70-74,27400,0
NH,2018,white,non-hisp,m,75-79,19484,0
NH,2018,white,non-hisp,f,75-79,19484,0
NH,2018,white,non-hisp,m,80-84,9742,0
NH,2018,white,non-hisp,f,80-84,14613,0
NH,2018,white,non-hisp,m,85+,10229,0
NH,2018,white,non-hisp,f,85+,15344,0
NH,2018,black,non-hisp,m,0-4,550,0
NH,2018,black,non-hisp,f,0-4,550,0
NH,2018,black,non-hisp,m,5-9,568,0
NH,2018,black,non-hisp,f,5-9,568,0
NH,2018,black,non-hisp,m,10-14,606,0
NH,2018,black,non-hisp,f,10-14,606,0
NH,2018,black,non-hisp,m,15-19,606,0
NH,2018,black,non-hisp,f,15-19,606,0
NH,2018,black,non-hisp,m,20-24,625,0
NH,2018,black,non-hisp,f,20-24,625,0
NH,2018,black,non-hisp,m,25-29,663,0
NH,2018,black,non-hisp,f,25-29,663,0
NH,2018,black,non-hisp,m,30-34,663,0
NH,2018,black,non-hisp,f,30-34,663,0
NH,2018,black,non-hisp,m,35-39,644,0
NH,2018,black,non-hisp,f,35-39,644,0
NH,2018,black,non-hisp,m,40-44,597,0
NH,2018,black,non-hisp,f,40-44,597,0
NH,2018,black,non-hisp,m,45-49,568,0
NH,2018,black,non-hisp,f,45-49,568,0
NH,2018,black,non-hisp,m,50-54,606,0
NH,2018,black,non-hisp,f,50-54,606,0
NH,2018,black,non-hisp,m,55-59,635,0
NH,2018,black,non-hisp,f,55-59,635,0
NH,2018,black,non-hisp,m,60-64,606,0
NH,2018,black,non-hisp,f,60-64,606,0
NH,2018,black,non-hisp,m,65-69,512,0
NH,2018,black,non-hisp,f,65-69,512,0
NH,2018,black,non-hisp,m,70-74,426,0
NH,2018,black,non-hisp,f,70-74,426,0
NH,2018,black,non-hisp,m,75-79,303,0
NH,2018,black,non-hisp,f,75-79,303,0
NH,2018,black,non-hisp,m,80-84,152,0
NH,2018,black,non-hisp,f,80-84,227,0
NH,2018,black,non-hisp,m,85+,159,0
NH,2018,black,non-hisp,f,85+,239,0
NH,2018,asian,non-hisp,m,0-4,1041,0
NH,2018,asian,non-hisp,f,0-4,1041,0
NH,2018,asian,non-hisp,m,5-9,1077,0
NH,2018,asian,non-hisp,f,5-9,1077,0
NH,2018,asian,non-hisp,m,10-14,1149,0
NH,2018,asian,non-hisp,f,10-14,1149,0
NH,2018,asian,non-hisp,m,15-19,1149,0
NH,2018,asian,non-hisp,f,15-19,1149,0
NH,2018,asian,non-hisp,m,20-24,1185,0
NH,2018,asian,non-hisp,f,20-24,1185,0
NH,2018,asian,non-hisp,m,25-29,1257,0
NH,2018,asian,non-hisp,f,25-29,1257,0
NH,2018,asian,non-hisp,m,30-34,1257,0
NH,2018,asian,non-hisp,f,30-34,1257,0
NH,2018,asian,non-hisp,m,35-39,1221,0
NH,2018,asian,non-hisp,f,35-39,1221,0
NH,2018,asian,non-hisp,m,40-44,1131,0
NH,2018,asian,non-hisp,f,40-44,1131,0
NH,2018,asian,non-hisp,m,45-49,1077,0
NH,2018,asian,non-hisp,f,45-49,1077,0
NH,2018,asian,non-hisp,m,50-54,1149,0
NH,2018,asian,non-hisp,f,50-54,1149,0
NH,2018,asian,non-hisp,m,55-59,1203,0
NH,2018,asian,non-hisp,f,55-59,1203,0
NH,2018,asian,non-hisp,m,60-64,1149,0
NH,2018,asian,non-hisp,f,60-64,1149,0
NH,2018,asian,non-hisp,m,65-69,969,0
NH,2018,asian,non-hisp,f,65-69,969,0
NH,2018,asian,non-hisp,m,70-74,808,0
NH,2018,asian,non-hisp,f,70-74,808,0
NH,2018,asian,non-hisp,m,75-79,574,0
NH,2018,asian,non-hisp,f,75-79,574,0
NH,2018,asian,non-hisp,m,80-84,287,0
NH,2018,asian,non-hisp,f,80-84,431,0
NH,2018,asian,non-hisp,m,85+,302,0
NH,2018,asian,non-hisp,f,85+,452,0
NH,2018,other,non-hisp,m,0-4,905,0
NH,2018,other,non-hisp,f,0-4,905,0
NH,2018,other,non-hisp,m,5-9,936,0
NH,2018,other,non-hisp,f,5-9,936,0
NH,2018,other,non-hisp,m,10-14,998,0
NH,2018,other,non-hisp,f,10-14,998,0
NH,2018,other,non-hisp,m,15-19,998,0
NH,2018,other,non-hisp,f,15-19,998,0
NH,2018,other,non-hisp,m,20-24,1029,0
NH,2018,other,non-hisp,f,20-24,1029,0
NH,2018,other,non-hisp,m,25-29,1092,0
NH,2018,other,non-hisp,f,25-29,1092,0
NH,2018,other,non-hisp,m,30-34,1092,0
NH,2018,other,non-hisp,f,30-34,1092,0
NH,2018,other,non-hisp,m,35-39,1061,0
NH,2018,other,non-hisp,f,35-39,1061,0
NH,2018,other,non-hisp,m,40-44,983,0
NH,2018,other,non-hisp,f,40-44,983,0
NH,2018,other,non-hisp,m,45-49,936,0
NH,2018,other,non-hisp,f,45-49,936,0
NH,2018,other,non-hisp,m,50-54,998,0
NH,2018,other,non-hisp,f,50-54,998,0
NH,2018,other,non-hisp,m,55-59,1045,0
NH,2018,other,non-hisp,f,55-59,1045,0
NH,2018,other,non-hisp,m,60-64,998,0
NH,2018,other,non-hisp,f,60-64,998,0
NH,2018,other,non-hisp,m,65-69,842,0
NH,2018,other,non-hisp,f,65-69,842,0
NH,2018,other,non-hisp,m,70-74,702,0
NH,2018,other,non-hisp,f,70-74,702,0
NH,2018,other,non-hisp,m,75-79,499,0
NH,2018,other,non-hisp,f,75-79,499,0
NH,2018,other,non-hisp,m,80-84,250,0
NH,2018,other,non-hisp,f,80-84,374,0
NH,2018,other,non-hisp,m,85+,262,0
NH,2018,other,non-hisp,f,85+,393,0
NH,2018,white,hisp,m,0-4,1049,0
NH,2018,white,hisp,f,0-4,1049,0
NH,2018,white,hisp,m,5-9,1085,0
NH,2018,white,hisp,f,5-9,1085,0
NH,2018,white,hisp,m,10-14,1157,0
NH,2018,white,hisp,f,10-14,1157,0
NH,2018,white,hisp,m,15-19,1157,0
NH,2018,white,hisp,f,15-19,1157,0
NH,2018,white,hisp,m,20-24,1193,0
NH,2018,white,hisp,f,20-24,1193,0
NH,2018,white,hisp,m,25-29,1266,0
NH,2018,white,hisp,f,25-29,1266,0
NH,2018,white,hisp,m,30-34,1266,0
NH,2018,white,hisp,f,30-34,1266,0
NH,2018,white,hisp,m,35-39,1230,0
NH,2018,white,hisp,f,35-39,1230,0
NH,2018,white,hisp,m,40-44,1139,0
NH,2018,white,hisp,f,40-44,1139,0
NH,2018,white,hisp,m,45-49,1085,0
NH,2018,white,hisp,f,45-49,1085,0
NH,2018,white,hisp,m,50-54,1157,0
NH,2018,white,hisp,f,50-54,1157,0
NH,2018,white,hisp,m,55-59,1211,0
NH,2018,white,hisp,f,55-59,1211,0
NH,2018,white,hisp,m,60-64,1157,0
NH,2018,white,hisp,f,60-64,1157,0
NH,2018,white,hisp,m,65-69,976,0
NH,2018,white,hisp,f,65-69,976,0
NH,2018,white,hisp,m,70-74,814,0
NH,2018,white,hisp,f,70-74,814,0
NH,2018,white,hisp,m,75-79,579,0
NH,2018,white,hisp,f,75-79,579,0
NH,2018,white,hisp,m,80-84,289,0
NH,2018,white,hisp,f,80-84,434,0
NH,2018,white,hisp,m,85+,304,0
NH,2018,white,hisp,f,85+,456,0
NH,2018,black,hisp,m,0-4,130,0
NH,2018,black,hisp,f,0-4,130,0
NH,2018,black,hisp,m,5-9,134,0
NH,2018,black,hisp,f,5-9,134,0
NH,2018,black,hisp,m,10-14,143,0
NH,2018,black,hisp,f,10-14,143,0
NH,2018,black,hisp,m,15-19,143,0
NH,2018,black,hisp,f,15-19,143,0
NH,2018,black,hisp,m,20-24,148,0
NH,2018,black,hisp,f,20-24,148,0
NH,2018,black,hisp,m,25-29,157,0
NH,2018,black,hisp,f,25-29,157,0
NH,2018,black,hisp,m,30-34,157,0
NH,2018,black,hisp,f,30-34,157,0
NH,2018,black,hisp,m,35-39,152,0
NH,2018,black,hisp,f,35-39,152,0
NH,2018,black,hisp,m,40-44,141,0
NH,2018,black,hisp,f,40-44,141,0
NH,2018,black,hisp,m,45-49,134,0
NH,2018,black,hisp,f,45-49,134,0
NH,2018,black,hisp,m,50-54,143,0
NH,2018,black,hisp,f,50-54,143,0
NH,2018,black,hisp,m,55-59,150,0
NH,2018,black,hisp,f,55-59,150,0
NH,2018,black,hisp,m,60-64,143,0
NH,2018,black,hisp,f,60-64,143,0
NH,2018,black,hisp,m,65-69,121,0
NH,2018,black,hisp,f,65-69,121,0
NH,2018,black,hisp,m,70-74,101,0
NH,2018,black,hisp,f,70-74,101,0
NH,2018,black,hisp,m,75-79,72,0
NH,2018,black,hisp,f,75-79,72,0
NH,2018,black,hisp,m,80-84,36,0
NH,2018,black,hisp,f,80-84,54,0
NH,2018,black,hisp,m,85+,38,0
NH,2018,black,hisp,f,85+,56,0
NH,2018,asian,hisp,m,0-4,4,0
NH,2018,asian,hisp,f,0-4,4,0
NH,2018,asian,hisp,m,5-9,4,0
NH,2018,asian,hisp,f,5-9,4,0
NH,2018,asian,hisp,m,10-14,5,0
NH,2018,asian,hisp,f,10-14,5,0
NH,2018,asian,hisp,m,15-19,5,0
NH,2018,asian,hisp,f,15-19,5,0
NH,2018,asian,hisp,m,20-24,5,0
NH,2018,asian,hisp,f,20-24,5,0
NH,2018,asian,hisp,m,25-29,5,0
NH,2018,asian,hisp,f,25-29,5,0
NH,2018,asian,hisp,m,30-34,5,0
NH,2018,asian,hisp,f,30-34,5,0
NH,2018,asian,hisp,m,35-39,5,0
NH,2018,asian,hisp,f,35-39,5,0
NH,2018,asian,hisp,m,40-44,5,0
NH,2018,asian,hisp,f,40-44,5,0
NH,2018,asian,hisp,m,45-49,4,0
NH,2018,asian,hisp,f,45-49,4,0
NH,2018,asian,hisp,m,50-54,5,0
NH,2018,asian,hisp,f,50-54,5,0
NH,2018,asian,hisp,m,55-59,5,0
NH,2018,asian,hisp,f,55-59,5,0
NH,2018,asian,hisp,m,60-64,5,0
NH,2018,asian,hisp,f,60-64,5,0
NH,2018,asian,hisp,m,65-69,4,0
NH,2018,asian,hisp,f,65-69,4,0
NH,2018,asian,hisp,m,70-74,3,0
NH,2018,asian,hisp,f,70-74,3,0
NH,2018,asian,hisp,m,75-79,2,0
NH,2018,asian,hisp,f,75-79,2,0
NH,2018,asian,hisp,m,80-84,1,0
NH,2018,asian,hisp,f,80-84,2,0
NH,2018,asian,hisp,m,85+,1,0
NH,2018,asian,hisp,f,85+,2,0
NH,2018,other,hisp,m,0-4,344,0
NH,2018,other,hisp,f,0-4,344,0
NH,2018,other,hisp,m,5-9,356,0
NH,2018,other,hisp,f,5-9,356,0
NH,2018,other,hisp,m,10-14,379,0
NH,2018,other,hisp,f,10-14,379,0
NH,2018,other,hisp,m,15-19,379,0
NH,2018,other,hisp,f,15-19,379,0
NH,2018,other,hisp,m,20-24,391,0
NH,2018,other,hisp,f,20-24,391,0
NH,2018,other,hisp,m,25-29,415,0
NH,2018,other,hisp,f,25-29,415,0
NH,2018,other,hisp,m,30-34,415,0
NH,2018,other,hisp,f,30-34,415,0
NH,2018,other,hisp,m,35-39,403,0
NH,2018,other,hisp,f,35-39,403,0
NH,2018,other,hisp,m,40-44,373,0
NH,2018,other,hisp,f,40-44,373,0
NH,2018,other,hisp,m,45-49,356,0
NH,2018,other,hisp,f,45-49,356,0
NH,2018,other,hisp,m,50-54,379,0
NH,2018,other,hisp,f,50-54,379,0
NH,2018,other,hisp,m,55-59,397,0
NH,2018,other,hisp,f,55-59,397,0
NH,2018,other,hisp,m,60-64,379,0
NH,2018,other,hisp,f,60-64,379,0
NH,2018,other,hisp,m,65-69,320,0
NH,2018,other,hisp,f,65-69,320,0
NH,2018,other,hisp,m,70-74,267,0
NH,2018,other,hisp,f,70-74,267,0
NH,2018,other,hisp,m,75-79,190,0
NH,2018,other,hisp,f,75-79,190,0
NH,2018,other,hisp,m,80-84,95,0
NH,2018,other,hisp,f,80-84,142,0
NH,2018,other,hisp,m,85+,100,0
NH,2018,other,hisp,f,85+,149,0
NJ,2018,white,non-hisp,m,0-4,141071,0
NJ,2018,white,non-hisp,f,0-4,141071,0
NJ,2018,white,non-hisp,m,5-9,145936,0
NJ,2018,white,non-hisp,f,5-9,145936,0
NJ,2018,white,non-hisp,m,10-14,155665,0
NJ,2018,white,non-hisp,f,10-14,155665,0
NJ,2018,white,non-hisp,m,15-19,155665,0
NJ,2018,white,non-hisp,f,15-19,155665,0
NJ,2018,white,non-hisp,m,20-24,160530,0
NJ,2018,white,non-hisp,f,20-24,160530,0
NJ,2018,white,non-hisp,m,25-29,170259,0
NJ,2018,white,non-hisp,f,25-29,170259,0
NJ,2018,white,non-hisp,m,30-34,170259,0
NJ,2018,white,non-hisp,f,30-34,170259,0
NJ,2018,white,non-hisp,m,35-39,165394,0
NJ,2018,white,non-hisp,f,35-39,165394,0
NJ,2018,white,non-hisp,m,40-44,153233,0
NJ,2018,white,non-hisp,f,40-44,153233,0
NJ,2018,white,non-hisp,m,45-49,145936,0
NJ,2018,white,non-hisp,f,45-49,145936,0
NJ,2018,white,non-hisp,m,50-54,155665,0
NJ,2018,white,non-hisp,f,50-54,155665,0
NJ,2018,white,non-hisp,m,55-59,162962,0
NJ,2018,white,non-hisp,f,55-59,162962,0
NJ,2018,white,non-hisp,m,60-64,155665,0
NJ,2018,white,non-hisp,f,60-64,155665,0
NJ,2018,white,non-hisp,m,65-69,131342,0
NJ,2018,white,non-hisp,f,65-69,131342,0
NJ,2018,white,non-hisp,m,70-74,109452,0
NJ,2018,white,non-hisp,f,70-74,109452,0
NJ,2018,white,non-hisp,m,75-79,77833,0
NJ,2018,white,non-hisp,f,75-79,77833,0
NJ,2018,white,non-hisp,m,80-84,38916,0
NJ,2018,white,non-hisp,f,80-84,58374,0
NJ,2018,white,non-hisp,m,85+,40862,0
NJ,2018,white,non-hisp,f,85+,61293,0
NJ,2018,black,non-hisp,m,0-4,32992,0
NJ,2018,black,non-hisp,f,0-4,32992,0
NJ,2018,black,non-hisp,m,5-9,34129,0
NJ,2018,black,non-hisp,f,5-9,34129,0
NJ,2018,black,non-hisp,m,10-14,36405,0
NJ,2018,black,non-hisp,f,10-14,36405,0
NJ,2018,black,non-hisp,m,15-19,36405,0
NJ,2018,black,non-hisp,f,15-19,36405,0
NJ,2018,black,non-hisp,m,20-24,37542,0
NJ,2018,black,non-hisp,f,20-24,37542,0
NJ,2018,black,non-hisp,m,25-29,39818,0
NJ,2018,black,non-hisp,f,25-29,39818,0
NJ,2018,black,non-hisp,m,30-34,39818,0
NJ,2018,black,non-hisp,f,30-34,39818,0
NJ,2018,black,non-hisp,m,35-39,38680,0
NJ,2018,black,non-hisp,f,35-39,38680,0
NJ,2018,black,non-hisp,m,40-44,35836,0
NJ,2018,black,non-hisp,f,40-44,35836,0
NJ,2018,black,non-hisp,m,45-49,34129,0
NJ,2018,black,non-hisp,f,45-49,34129,0
NJ,2018,black,non-hisp,m,50-54,36405,0
NJ,2018,black,non-hisp,f,50-54,36405,0
NJ,2018,black,non-hisp,m,55-59,38111,0
NJ,2018,black,non-hisp,f,55-59,38111,0
NJ,2018,black,non-hisp,m,60-64,36405,0
NJ,2018,black,non-hisp,f,60-64,36405,0
NJ,2018,black,non-hisp,m,65-69,30716,0
NJ,2018,black,non-hisp,f,65-69,30716,0
NJ,2018,black,non-hisp,m,70-74,25597,0
NJ,2018,black,non-hisp,f,70-74,25597,0
NJ,2018,black,non-hisp,m,75-79,18202,0
NJ,2018,black,non-hisp,f,75-79,18202,0
NJ,2018,black,non-hisp,m,80-84,9101,0
NJ,2018,black,non-hisp,f,80-84,13652,0
NJ,2018,black,non-hisp,m,85+,9556,0
NJ,2018,black,non-hisp,f,85+,14334,0
NJ,2018,asian,non-hisp,m,0-4,24975,0
NJ,2018,asian,non-hisp,f,0-4,24975,0
NJ,2018,asian,non-hisp,m,5-9,25837,0
NJ,2018,asian,non-hisp,f,5-9,25837,0
NJ,2018,asian,non-hisp,m,10-14,27559,0
NJ,2018,asian,non-hisp,f,10-14,27559,0
NJ,2018,asian,non-hisp,m,15-19,27559,0
NJ,2018,asian,non-hisp,f,15-19,27559,0
NJ,2018,asian,non-hisp,m,20-24,28420,0
NJ,2018,asian,non-hisp,f,20-24,28420,0
NJ,2018,asian,non-hisp,m,25-29,30143,0
NJ,2018,asian,non-hisp,f,25-29,30143,0
NJ,2018,asian,non-hisp,m,30-34,30143,0
NJ,2018,asian,non-hisp,f,30-34,30143,0
NJ,2018,asian,non-hisp,m,35-39,29282,0
NJ,2018,asian,non-hisp,f,35-39,29282,0
NJ,2018,asian,non-hisp,m,40-44,27129,0
NJ,2018,asian,non-hisp,f,40-44,27129,0
NJ,2018,asian,non-hisp,m,45-49,25837,0
NJ,2018,asian,non-hisp,f,45-49,25837,0
NJ,2018,asian,non-hisp,m,50-54,27559,0
NJ,2018,asian,non-hisp,f,50-54,27559,0
NJ,2018,asian,non-hisp,m,55-59,28851,0
NJ,2018,asian,non-hisp,f,55-59,28851,0
NJ,2018,asian,non-hisp,m,60-64,27559,0
NJ,2018,asian,non-hisp,f,60-64,27559,0
NJ,2018,asian,non-hisp,m,65-69,23253,0
NJ,2018,asian,non-hisp,f,65-69,23253,0
NJ,2018,asian,non-hisp,m,70-74,19378,0
NJ,2018,asian,non-hisp,f,70-74,19378,0
NJ,2018,asian,non-hisp,m,75-79,13780,0
NJ,2018,asian,non-hisp,f,75-79,13780,0
NJ,2018,asian,non-hisp,m,80-84,6890,0
NJ,2018,asian,non-hisp,f,80-84,10335,0
NJ,2018,asian,non-hisp,m,85+,7234,0
NJ,2018,asian,non-hisp,f,85+,10851,0
NJ,2018,other,non-hisp,m,0-4,5967,0
NJ,2018,other,non-hisp,f,0-4,5967,0
NJ,2018,other,non-hisp,m,5-9,6173,0
NJ,2018,other,non-hisp,f,5-9,6173,0
NJ,2018,other,non-hisp,m,10-14,6584,0
NJ,2018,other,non-hisp,f,10-14,6584,0
NJ,2018,other,non-hisp,m,15-19,6584,0
NJ,2018,other,non-hisp,f,15-19,6584,0
NJ,2018,other,non-hisp,m,20-24,6790,0
NJ,2018,other,non-hisp,f,20-24,6790,0
NJ,2018,other,non-hisp,m,25-29,7202,0
NJ,2018,other,non-hisp,f,25-29,7202,0
NJ,2018,other,non-hisp,m,30-34,7202,0
NJ,2018,other,non-hisp,f,30-34,7202,0
NJ,2018,other,non-hisp,m,35-39,6996,0
NJ,2018,other,non-hisp,f,35-39,6996,0
NJ,2018,other,non-hisp,m,40-44,6481,0
NJ,2018,other,non-hisp,f,40-44,6481,0
NJ,2018,other,non-hisp,m,45-49,6173,0
NJ,2018,other,non-hisp,f,45-49,6173,0
NJ,2018,other,non-hisp,m,50-54,6584,0
NJ,2018,other,non-hisp,f,50-54,6584,0
NJ,2018,other,non-hisp,m,55-59,6893,0
NJ,2018,other,non-hisp,f,55-59,6893,0
NJ,2018,other,non-hisp,m,60-64,6584,0
NJ,2018,other,non-hisp,f,60-64,6584,0
NJ,2018,other,non-hisp,m,65-69,5555,0
NJ,2018,other,non-hisp,f,65-69,5555,0
NJ,2018,other,non-hisp,m,70-74,4630,0
NJ,2018,other,non-hisp,f,70-74,4630,0
NJ,2018,other,non-hisp,m,75-79,3292,0
NJ,2018,other,non-hisp,f,75-79,3292,0
NJ,2018,other,non-hisp,m,80-84,1646,0
NJ,2018,other,non-hisp,f,80-84,2469,0
NJ,2018,other,non-hisp,m,85+,1728,0
NJ,2018,other,non-hisp,f,85+,2593,0
NJ,2018,white,hisp,m,0-4,31668,0
NJ,2018,white,hisp,f,0-4,31668,0
NJ,2018,white,hisp,m,5-9,32760,0
NJ,2018,white,hisp,f,5-9,32760,0
NJ,2018,white,hisp,m,10-14,34944,0
NJ,2018,white,hisp,f,10-14,34944,0
NJ,2018,white,hisp,m,15-19,34944,0
NJ,2018,white,hisp,f,15-19,34944,0
NJ,2018,white,hisp,m,20-24,36036,0
NJ,2018,white,hisp,f,20-24,36036,0
NJ,2018,white,hisp,m,25-29,38220,0
NJ,2018,white,hisp,f,25-29,38220,0
NJ,2018,white,hisp,m,30-34,38220,0
NJ,2018,white,hisp,f,30-34,38220,0
NJ,2018,white,hisp,m,35-39,37128,0
NJ,2018,white,hisp,f,35-39,37128,0
NJ,2018,white,hisp,m,40-44,34398,0
NJ,2018,white,hisp,f,40-44,34398,0
NJ,2018,white,hisp,m,45-49,32760,0
NJ,2018,white,hisp,f,45-49,32760,0
NJ,2018,white,hisp,m,50-54,34944,0
NJ,2018,white,hisp,f,50-54,34944,0
NJ,2018,white,hisp,m,55-59,36582,0
NJ,2018,white,hisp,f,55-59,36582,0
NJ,2018,white,hisp,m,60-64,34944,0
NJ,2018,white,hisp,f,60-64,34944,0
NJ,2018,white,hisp,m,65-69,29484,0
NJ,2018,white,hisp,f,65-69,29484,0
NJ,2018,white,hisp,m,70-74,24570,0
NJ,2018,white,hisp,f,70-74,24570,0
NJ,2018,white,hisp,m,75-79,17472,0
NJ,2018,white,hisp,f,75-79,17472,0
NJ,2018,white,hisp,m,80-84,8736,0
NJ,2018,white,hisp,f,80-84,13104,0
NJ,2018,white,hisp,m,85+,9173,0
NJ,2018,white,hisp,f,85+,13759,0
NJ,2018,black,hisp,m,0-4,2040,0
NJ,2018,black,hisp,f,0-4,2040,0
NJ,2018,black,hisp,m,5-9,2110,0
NJ,2018,black,hisp,f,5-9,2110,0
NJ,2018,black,hisp,m,10-14,2251,0
NJ,2018,black,hisp,f,10-14,2251,0
NJ,2018,black,hisp,m,15-19,2251,0
NJ,2018,black,hisp,f,15-19,2251,0
NJ,2018,black,hisp,m,20-24,2322,0
NJ,2018,black,hisp,f,20-24,2322,0
NJ,2018,black,hisp,m,25-29,2462,0
NJ,2018,black,hisp,f,25-29,2462,0
NJ,2018,black,hisp,m,30-34,2462,0
NJ,2018,black,hisp,f,30-34,2462,0
NJ,2018,black,hisp,m,35-39,2392,0
NJ,2018,black,hisp,f,35-39,2392,0
NJ,2018,black,hisp,m,40-44,2216,0
NJ,2018,black,hisp,f,40-44,2216,0
NJ,2018,black,hisp,m,45-49,2110,0
NJ,2018,black,hisp,f,45-49,2110,0
NJ,2018,black,hisp,m,50-54,2251,0
NJ,2018,black,hisp,f,50-54,2251,0
NJ,2018,black,hisp,m,55-59,2357,0
NJ,2018,black,hisp,f,55-59,2357,0
NJ,2018,black,hisp,m,60-64,2251,0
NJ,2018,black,hisp,f,60-64,2251,0
NJ,2018,black,hisp,m,65-69,1899,0
NJ,2018,black,hisp,f,65-69,1899,0
NJ,2018,black,hisp,m,70-74,1583,0
NJ,2018,black,hisp,f,70-74,1583,0
NJ,2018,black,hisp,m,75-79,1126,0
NJ,2018,black,hisp,f,75-79,1126,0
NJ,2018,black,hisp,m,80-84,563,0
NJ,2018,black,hisp,f,80-84,844,0
NJ,2018,black,hisp,m,85+,591,0
NJ,2018,black,hisp,f,85+,886,0
NJ,2018,asian,hisp,m,0-4,203,0
NJ,2018,asian,hisp,f,0-4,203,0
NJ,2018,asian,hisp,m,5-9,210,0
NJ,2018,asian,hisp,f,5-9,210,0
NJ,2018,asian,hisp,m,10-14,224,0
NJ,2018,asian,hisp,f,10-14,224,0
NJ,2018,asian,hisp,m,15-19,224,0
NJ,2018,asian,hisp,f,15-19,224,0
NJ,2018,asian,hisp,m,20-24,231,0
NJ,2018,asian,hisp,f,20-24,231,0
NJ,2018,asian,hisp,m,25-29,245,0
NJ,2018,asian,hisp,f,25-29,245,0
NJ,2018,asian,hisp,m,30-34,245,0
NJ,2018,asian,hisp,f,30-34,245,0
NJ,2018,asian,hisp,m,35-39,238,0
NJ,2018,asian,hisp,f,35-39,238,0
NJ,2018,asian,hisp,m,40-44,220,0
NJ,2018,asian,hisp,f,40-44,220,0
NJ,2018,asian,hisp,m,45-49,210,0
NJ,2018,asian,hisp,f,45-49,210,0
NJ,2018,asian,hisp,m,50-54,224,0
NJ,2018,asian,hisp,f,50-54,224,0
NJ,2018,asian,hisp,m,55-59,234,0
NJ,2018,asian,hisp,f,55-59,234,0
NJ,2018,asian,hisp,m,60-64,224,0
NJ,2018,asian,hisp,f,60-64,224,0
NJ,2018,asian,hisp,m,65-69,189,0
NJ,2018,asian,hisp,f,65-69,189,0
NJ,2018,asian,hisp,m,70-74,157,0
NJ,2018,asian,hisp,f,70-74,157,0
NJ,2018,asian,hisp,m,75-79,112,0
NJ,2018,asian,hisp,f,75-79,112,0
NJ,2018,asian,hisp,m,80-84,56,0
NJ,2018,asian,hisp,f,80-84,84,0
NJ,2018,asian,hisp,m,85+,59,0
NJ,2018,asian,hisp,f,85+,88,0
NJ,2018,other,hisp,m,0-4,19430,0
NJ,2018,other,hisp,f,0-4,19430,0
NJ,2018,other,hisp,m,5-9,20100,0
NJ,2018,other,hisp,f,5-9,20100,0
NJ,2018,other,hisp,m,10-14,21440,0
NJ,2018,other,hisp,f,10-14,21440,0
NJ,2018,other,hisp,m,15-19,21440,0
NJ,2018,other,hisp,f,15-19,21440,0
NJ,2018,other,hisp,m,20-24,22110,0
NJ,2018,other,hisp,f,20-24,22110,0
NJ,2018,other,hisp,m,25-29,23450,0
NJ,2018,other,hisp,f,25-29,23450,0
NJ,2018,other,hisp,m,30-34,23450,0
NJ,2018,other,hisp,f,30-34,23450,0
NJ,2018,other,hisp,m,35-39,22780,0
NJ,2018,other,hisp,f,35-39,22780,0
NJ,2018,other,hisp,m,40-44,21105,0
NJ,2018,other,hisp,f,40-44,21105,0
NJ,2018,other,hisp,m,45-49,20100,0
NJ,2018,other,hisp,f,45-49,20100,0
NJ,2018,other,hisp,m,50-54,21440,0
NJ,2018,other,hisp,f,50-54,21440,0
NJ,2018,other,hisp,m,55-59,22445,0
NJ,2018,other,hisp,f,55-59,22445,0
NJ,2018,other,hisp,m,60-64,21440,0
NJ,2018,other,hisp,f,60-64,21440,0
NJ,2018,other,hisp,m,65-69,18090,0
NJ,2018,other,hisp,f,65-69,18090,0
NJ,2018,other,hisp,m,70-74,15075,0
NJ,2018,other,hisp,f,70-74,15075,0
NJ,2018,other,hisp,m,75-79,10720,0
NJ,2018,other,hisp,f,75-79,10720,0
NJ,2018,other,hisp,m,80-84,5360,0
NJ,2018,other,hisp,f,80-84,8040,0
NJ,2018,other,hisp,m,85+,5628,0
NJ,2018,other,hisp,f,85+,8442,0
NM,2018,white,non-hisp,m,0-4,22418,0
NM,2018,white,non-hisp,f,0-4,22418,0
NM,2018,white,non-hisp,m,5-9,23191,0
NM,2018,white,non-hisp,f,5-9,23191,0
NM,2018,white,non-hisp,m,10-14,24737,0
NM,2018,white,non-hisp,f,10-14,24737,0
NM,2018,white,non-hisp,m,15-19,24737,0
NM,2018,white,non-hisp,f,15-19,24737,0
NM,2018,white,non-hisp,m,20-24,25510,0
NM,2018,white,non-hisp,f,20-24,25510,0
NM,2018,white,non-hisp,m,25-29,27056,0
NM,2018,white,non-hisp,f,25-29,27056,0
NM,2018,white,non-hisp,m,30-34,27056,0
NM,2018,white,non-hisp,f,30-34,27056,0
NM,2018,white,non-hisp,m,35-39,26283,0
NM,2018,white,non-hisp,f,35-39,26283,0
NM,2018,white,non-hisp,m,40-44,24351,0
NM,2018,white,non-hisp,f,40-44,24351,0
NM,2018,white,non-hisp,m,45-49,23191,0
NM,2018,white,non-hisp,f,45-49,23191,0
NM,2018,white,non-hisp,m,50-54,24737,0
NM,2018,white,non-hisp,f,50-54,24737,0
NM,2018,white,non-hisp,m,55-59,25897,0
NM,2018,white,non-hisp,f,55-59,25897,0
NM,2018,white,non-hisp,m,60-64,24737,0
NM,2018,white,non-hisp,f,60-64,24737,0
NM,2018,white,non-hisp,m,65-69,20872,0
NM,2018,white,non-hisp,f,65-69,20872,0
NM,2018,white,non-hisp,m,70-74,17393,0
NM,2018,white,non-hisp,f,70-74,17393,0
NM,2018,white,non-hisp,m,75-79,12369,0
NM,2018,white,non-hisp,f,75-79,12369,0
NM,2018,white,non-hisp,m,80-84,6184,0
NM,2018,white,non-hisp,f,80-84,9276,0
NM,2018,white,non-hisp,m,85+,6494,0
NM,2018,white,non-hisp,f,85+,9740,0
NM,2018,black,non-hisp,m,0-4,1158,0
NM,2018,black,non-hisp,f,0-4,1158,0
NM,2018,black,non-hisp,m,5-9,1198,0
NM,2018,black,non-hisp,f,5-9,1198,0
NM,2018,black,non-hisp,m,10-14,1278,0
NM,2018,black,non-hisp,f,10-14,1278,0
NM,2018,black,non-hisp,m,15-19,1278,0
NM,2018,black,non-hisp,f,15-19,1278,0
NM,2018,black,non-hisp,m,20-24,1318,0
NM,2018,black,non-hisp,f,20-24,1318,0
NM,2018,black,non-hisp,m,25-29,1398,0
NM,2018,black,non-hisp,f,25-29,1398,0
NM,2018,black,non-hisp,m,30-34,1398,0
NM,2018,black,non-hisp,f,30-34,1398,0
NM,2018,black,non-hisp,m,35-39,1358,0
NM,2018,black,non-hisp,f,35-39,1358,0
NM,2018,black,non-hisp,m,40-44,1258,0
NM,2018,black,non-hisp,f,40-44,1258,0
NM,2018,black,non-hisp,m,45-49,1198,0
NM,2018,black,non-hisp,f,45-49,1198,0
NM,2018,black,non-hisp,m,50-54,1278,0
NM,2018,black,non-hisp,f,50-54,1278,0
NM,2018,black,non-hisp,m,55-59,1338,0
NM,2018,black,non-hisp,f,55-59,1338,0
NM,2018,black,non-hisp,m,60-64,1278,0
NM,2018,black,non-hisp,f,60-64,1278,0
NM,2018,black,non-hisp,m,65-69,1078,0
NM,2018,black,non-hisp,f,65-69,1078,0
NM,2018,black,non-hisp,m,70-74,899,0
NM,2018,black,non-hisp,f,70-74,899,0
NM,2018,black,non-hisp,m,75-79,639,0
NM,2018,black,non-hisp,f,75-79,639,0
NM,2018,black,non-hisp,m,80-84,320,0
NM,2018,black,non-hisp,f,80-84,479,0
NM,2018,black,non-hisp,m,85+,335,0
NM,2018,black,non-hisp,f,85+,503,0
NM,2018,asian,non-hisp,m,0-4,922,0
NM,2018,asian,non-hisp,f,0-4,922,0
NM,2018,asian,non-hisp,m,5-9,954,0
NM,2018,asian,non-hisp,f,5-9,954,0
NM,2018,asian,non-hisp,m,10-14,1018,0
NM,2018,asian,non-hisp,f,10-14,1018,0
NM,2018,asian,non-hisp,m,15-19,1018,0
NM,2018,asian,non-hisp,f,15-19,1018,0
NM,2018,asian,non-hisp,m,20-24,1050,0
NM,2018,asian,non-hisp,f,20-24,1050,0
NM,2018,asian,non-hisp,m,25-29,1113,0
NM,2018,asian,non-hisp,f,25-29,1113,0
NM,2018,asian,non-hisp,m,30-34,1113,0
NM,2018,asian,non-hisp,f,30-34,1113,0
NM,2018,asian,non-hisp,m,35-39,1081,0
NM,2018,asian,non-hisp,f,35-39,1081,0
NM,2018,asian,non-hisp,m,40-44,1002,0
NM,2018,asian,non-hisp,f,40-44,1002,0
NM,2018,asian,non-hisp,m,45-49,954,0
NM,2018,asian,non-hisp,f,45-49,954,0
NM,2018,asian,non-hisp,m,50-54,1018,0
NM,2018,asian,non-hisp,f,50-54,1018,0
NM,2018,asian,non-hisp,m,55-59,1066,0
NM,2018,asian,non-hisp,f,55-59,1066,0
NM,2018,asian,non-hisp,m,60-64,1018,0
NM,2018,asian,non-hisp,f,60-64,1018,0
NM,2018,asian,non-hisp,m,65-69,859,0
NM,2018,asian,non-hisp,f,65-69,859,0
NM,2018,asian,non-hisp,m,70-74,716,0
NM,2018,asian,non-hisp,f,70-74,716,0
NM,2018,asian,non-hisp,m,75-79,509,0
NM,2018,asian,non-hisp,f,75-79,509,0
NM,2018,asian,non-hisp,m,80-84,254,0
NM,2018,asian,non-hisp,f,80-84,382,0
NM,2018,asian,non-hisp,m,85+,267,0
NM,2018,asian,non-hisp,f,85+,401,0
NM,2018,other,non-hisp,m,0-4,6421,0
NM,2018,other,non-hisp,f,0-4,6421,0
NM,2018,other,non-hisp,m,5-9,6642,0
NM,2018,other,non-hisp,f,5-9,6642,0
NM,2018,other,non-hisp,m,10-14,7085,0
NM,2018,other,non-hisp,f,10-14,7085,0
NM,2018,other,non-hisp,m,15-19,7085,0
NM,2018,other,non-hisp,f,15-19,7085,0
NM,2018,other,non-hisp,m,20-24,7307,0
NM,2018,other,non-hisp,f,20-24,7307,0
NM,2018,other,non-hisp,m,25-29,7749,0
NM,2018,other,non-hisp,f,25-29,7749,0
NM,2018,other,non-hisp,m,30-34,7749,0
NM,2018,other,non-hisp,f,30-34,7749,0
NM,2018,other,non-hisp,m,35-39,7528,0
NM,2018,other,non-hisp,f,35-39,7528,0
NM,2018,other,non-hisp,m,40-44,6975,0
NM,2018,other,non-hisp,f,40-44,6975,0
NM,2018,other,non-hisp,m,45-49,6642,0
NM,2018,other,non-hisp,f,45-49,6642,0
NM,2018,other,non-hisp,m,50-54,7085,0
NM,2018,other,non-hisp,f,50-54,7085,0
NM,2018,other,non-hisp,m,55-59,7417,0
NM,2018,other,non-hisp,f,55-59,7417,0
NM,2018,other,non-hisp,m,60-64,7085,0
NM,2018,other,non-hisp,f,60-64,7085,0
NM,2018,other,non-hisp,m,65-69,5978,0
NM,2018,other,non-hisp,f,65-69,5978,0
NM,2018,other,non-hisp,m,70-74,4982,0
NM,2018,other,non-hisp,f,70-74,4982,0
NM,2018,other,non-hisp,m,75-79,3543,0
NM,2018,other,non-hisp,f,75-79,3543,0
NM,2018,other,non-hisp,m,80-84,1771,0
NM,2018,other,non-hisp,f,80-84,2657,0
NM,2018,other,non-hisp,m,85+,1860,0
NM,2018,other,non-hisp,f,85+,2790,0
NM,2018,white,hisp,m,0-4,23980,0
NM,2018,white,hisp,f,0-4,23980,0
NM,2018,white,hisp,m,5-9,24807,0
NM,2018,white,hisp,f,5-9,24807,0
NM,2018,white,hisp,m,10-14,26461,0
NM,2018,white,hisp,f,10-14,26461,0
NM,2018,white,hisp,m,15-19,26461,0
NM,2018,white,hisp,f,15-19,26461,0
NM,2018,white,hisp,m,20-24,27288,0
NM,2018,white,hisp,f,20-24,27288,0
NM,2018,white,hisp,m,25-29,28941,0
NM,2018,white,hisp,f,25-29,28941,0
NM,2018,white,hisp,m,30-34,28941,0
NM,2018,white,hisp,f,30-34,28941,0
NM,2018,white,hisp,m,35-39,28115,0
NM,2018,white,hisp,f,35-39,28115,0
NM,2018,white,hisp,m,40-44,26047,0
NM,2018,white,hisp,f,40-44,26047,0
NM,2018,white,hisp,m,45-49,24807,0
NM,2018,white,hisp,f,45-49,24807,0
NM,2018,white,hisp,m,50-54,26461,0
NM,2018,white,hisp,f,50-54,26461,0
NM,2018,white,hisp,m,55-59,27701,0
NM,2018,white,hisp,f,55-59,27701,0
NM,2018,white,hisp,m,60-64,26461,0
NM,2018,white,hisp,f,60-64,26461,0
NM,2018,white,hisp,m,65-69,22326,0
NM,2018,white,hisp,f,65-69,22326,0
NM,2018,white,hisp,m,70-74,18605,0
NM,2018,white,hisp,f,70-74,18605,0
NM,2018,white,hisp,m,75-79,13230,0
NM,2018,white,hisp,f,75-79,13230,0
NM,2018,white,hisp,m,80-84,6615,0
NM,2018,white,hisp,f,80-84,9923,0
NM,2018,white,hisp,m,85+,6946,0
NM,2018,white,hisp,f,85+,10419,0
NM,2018,black,hisp,m,0-4,178,0
NM,2018,black,hisp,f,0-4,178,0
NM,2018,black,hisp,m,5-9,184,0
NM,2018,black,hisp,f,5-9,184,0
NM,2018,black,hisp,m,10-14,196,0
NM,2018,black,hisp,f,10-14,196,0
NM,2018,black,hisp,m,15-19,196,0
NM,2018,black,hisp,f,15-19,196,0
NM,2018,black,hisp,m,20-24,202,0
NM,2018,black,hisp,f,20-24,202,0
NM,2018,black,hisp,m,25-29,214,0
NM,2018,black,hisp,f,25-29,214,0
NM,2018,black,hisp,m,30-34,214,0
NM,2018,black,hisp,f,30-34,214,0
NM,2018,black,hisp,m,35-39,208,0
NM,2018,black,hisp,f,35-39,208,0
NM,2018,black,hisp,m,40-44,193,0
NM,2018,black,hisp,f,40-44,193,0
NM,2018,black,hisp,m,45-49,184,0
NM,2018,black,hisp,f,45-49,184,0
NM,2018,black,hisp,m,50-54,196,0
NM,2018,black,hisp,f,50-54,196,0
NM,2018,black,hisp,m,55-59,205,0
NM,2018,black,hisp,f,55-59,205,0
NM,2018,black,hisp,m,60-64,196,0
NM,2018,black,hisp,f,60-64,196,0
NM,2018,black,hisp,m,65-69,165,0
NM,2018,black,hisp,f,65-69,165,0
NM,2018,black,hisp,m,70-74,138,0
NM,2018,black,hisp,f,70-74,138,0
NM,2018,black,hisp,m,75-79,98,0
NM,2018,black,hisp,f,75-79,98,0
NM,2018,black,hisp,m,80-84,49,0
NM,2018,black,hisp,f,80-84,73,0
NM,2018,black,hisp,m,85+,51,0
NM,2018,black,hisp,f,85+,77,0
NM,2018,asian,hisp,m,0-4,68,0
NM,2018,asian,hisp,f,0-4,68,0
NM,2018,asian,hisp,m,5-9,70,0
NM,2018,asian,hisp,f,5-9,70,0
NM,2018,asian,hisp,m,10-14,75,0
NM,2018,asian,hisp,f,10-14,75,0
NM,2018,asian,hisp,m,15-19,75,0
NM,2018,asian,hisp,f,15-19,75,0
NM,2018,asian,hisp,m,20-24,77,0
NM,2018,asian,hisp,f,20-24,77,0
NM,2018,asian,hisp,m,25-29,82,0
NM,2018,asian,hisp,f,25-29,82,0
NM,2018,asian,hisp,m,30-34,82,0
NM,2018,asian,hisp,f,30-34,82,0
NM,2018,asian,hisp,m,35-39,80,0
NM,2018,asian,hisp,f,35-39,80,0
NM,2018,asian,hisp,m,40-44,74,0
NM,2018,asian,hisp,f,40-44,74,0
NM,2018,asian,hisp,m,45-49,70,0
NM,2018,asian,hisp,f,45-49,70,0
NM,2018,asian,hisp,m,50-54,75,0
NM,2018,asian,hisp,f,50-54,75,0
NM,2018,asian,hisp,m,55-59,79,0
NM,2018,asian,hisp,f,55-59,79,0
NM,2018,asian,hisp,m,60-64,75,0
NM,2018,asian,hisp,f,60-64,75,0
NM,2018,asian,hisp,m,65-69,63,0
NM,2018,asian,hisp,f,65-69,63,0
NM,2018,asian,hisp,m,70-74,53,0
NM,2018,asian,hisp,f,70-74,53,0
NM,2018,asian,hisp,m,75-79,38,0
NM,2018,asian,hisp,f,75-79,38,0
NM,2018,asian,hisp,m,80-84,19,0
NM,2018,asian,hisp,f,80-84,28,0
NM,2018,asian,hisp,m,85+,20,0
NM,2018,asian,hisp,f,85+,30,0
NM,2018,other,hisp,m,0-4,5622,0
NM,2018,other,hisp,f,0-4,5622,0
NM,2018,other,hisp,m,5-9,5816,0
NM,2018,other,hisp,f,5-9,5816,0
NM,2018,other,hisp,m,10-14,6203,0
NM,2018,other,hisp,f,10-14,6203,0
NM,2018,other,hisp,m,15-19,6203,0
NM,2018,other,hisp,f,15-19,6203,0
NM,2018,other,hisp,m,20-24,6397,0
NM,2018,other,hisp,f,20-24,6397,0
NM,2018,other,hisp,m,25-29,6785,0
NM,2018,other,hisp,f,25-29,6785,0
NM,2018,other,hisp,m,30-34,6785,0
NM,2018,other,hisp,f,30-34,6785,0
NM,2018,other,hisp,m,35-39,6591,0
NM,2018,other,hisp,f,35-39,6591,0
NM,2018,other,hisp,m,40-44,6107,0
NM,2018,other,hisp,f,40-44,6107,0
NM,2018,other,hisp,m,45-49,5816,0
NM,2018,other,hisp,f,45-49,5816,0
NM,2018,other,hisp,m,50-54,6203,0
NM,2018,other,hisp,f,50-54,6203,0
NM,2018,other,hisp,m,55-59,6494,0
NM,2018,other,hisp,f,55-59,6494,0
NM,2018,other,hisp,m,60-64,6203,0
NM,2018,other,hisp,f,60-64,6203,0
NM,2018,other,hisp,m,65-69,5234,0
NM,2018,other,hisp,f,65-69,5234,0
NM,2018,other,hisp,m,70-74,4362,0
NM,2018,other,hisp,f,70-74,4362,0
NM,2018,other,hisp,m,75-79,3102,0
NM,2018,other,hisp,f,75-79,3102,0
NM,2018,other,hisp,m,80-84,1551,0
NM,2018,other,hisp,f,80-84,2326,0
NM,2018,other,hisp,m,85+,1628,0
NM,2018,other,hisp,f,85+,2443,0
NY,2018,white,non-hisp,m,0-4,313036,0
NY,2018,white,non-hisp,f,0-4,313036,0
NY,2018,white,non-hisp,m,5-9,323830,0
NY,2018,white,non-hisp,f,5-9,323830,0
NY,2018,white,non-hisp,m,10-14,345419,0
NY,2018,white,non-hisp,f,10-14,345419,0
NY,2018,white,non-hisp,m,15-19,345419,0
NY,2018,white,non-hisp,f,15-19,345419,0
NY,2018,white,non-hisp,m,20-24,356213,0
NY,2018,white,non-hisp,f,20-24,356213,0
NY,2018,white,non-hisp,m,25-29,377802,0
NY,2018,white,non-hisp,f,25-29,377802,0
NY,2018,white,non-hisp,m,30-34,377802,0
NY,2018,white,non-hisp,f,30-34,377802,0
NY,2018,white,non-hisp,m,35-39,367008,0
NY,2018,white,non-hisp,f,35-39,367008,0
NY,2018,white,non-hisp,m,40-44,340022,0
NY,2018,white,non-hisp,f,40-44,340022,0
NY,2018,white,non-hisp,m,45-49,323830,0
NY,2018,white,non-hisp,f,45-49,323830,0
NY,2018,white,non-hisp,m,50-54,345419,0
NY,2018,white,non-hisp,f,50-54,345419,0
NY,2018,white,non-hisp,m,55-59,361611,0
NY,2018,white,non-hisp,f,55-59,361611,0
NY,2018,white,non-hisp,m,60-64,345419,0
NY,2018,white,non-hisp,f,60-64,345419,0
NY,2018,white,non-hisp,m,65-69,291447,0
NY,2018,white,non-hisp,f,65-69,291447,0
NY,2018,white,non-hisp,m,70-74,242873,0
NY,2018,white,non-hisp,f,70-74,242873,0
NY,2018,white,non-hisp,m,75-79,172710,0
NY,2018,white,non-hisp,f,75-79,172710,0
NY,2018,white,non-hisp,m,80-84,86355,0
NY,2018,white,non-hisp,f,80-84,129532,0
NY,2018,white,non-hisp,m,85+,90673,0
NY,2018,white,non-hisp,f,85+,136009,0
NY,2018,black,non-hisp,m,0-4,80898,0
NY,2018,black,non-hisp,f,0-4,80898,0
NY,2018,black,non-hisp,m,5-9,83688,0
NY,2018,black,non-hisp,f,5-9,83688,0
NY,2018,black,non-hisp,m,10-14,89267,0
NY,2018,black,non-hisp,f,10-14,89267,0
NY,2018,black,non-hisp,m,15-19,89267,0
NY,2018,black,non-hisp,f,15-19,89267,0
NY,2018,black,non-hisp,m,20-24,92056,0
NY,2018,black,non-hisp,f,20-24,92056,0
NY,2018,black,non-hisp,m,25-29,97635,0
NY,2018,black,non-hisp,f,25-29,97635,0
NY,2018,black,non-hisp,m,30-34,97635,0
NY,2018,black,non-hisp,f,30-34,97635,0
NY,2018,black,non-hisp,m,35-39,94846,0
NY,2018,black,non-hisp,f,35-39,94846,0
NY,2018,black,non-hisp,m,40-44,87872,0
NY,2018,black,non-hisp,f,40-44,87872,0
NY,2018,black,non-hisp,m,45-49,83688,0
NY,2018,black,non-hisp,f,45-49,83688,0
NY,2018,black,non-hisp,m,50-54,89267,0
NY,2018,black,non-hisp,f,50-54,89267,0
NY,2018,black,non-hisp,m,55-59,93451,0
NY,2018,black,non-hisp,f,55-59,93451,0
NY,2018,black,non-hisp,m,60-64,89267,0
NY,2018,black,non-hisp,f,60-64,89267,0
NY,2018,black,non-hisp,m,65-69,75319,0
NY,2018,black,non-hisp,f,65-69,75319,0
NY,2018,black,non-hisp,m,70-74,62766,0
NY,2018,black,non-hisp,f,70-74,62766,0
NY,2018,black,non-hisp,m,75-79,44633,0
NY,2018,black,non-hisp,f,75-79,44633,0
NY,2018,black,non-hisp,m,80-84,22317,0
NY,2018,black,non-hisp,f,80-84,33475,0
NY,2018,black,non-hisp,m,85+,23433,0
NY,2018,black,non-hisp,f,85+,35149,0
NY,2018,asian,non-hisp,m,0-4,47897,0
NY,2018,asian,non-hisp,f,0-4,47897,0
NY,2018,asian,non-hisp,m,5-9,49549,0
NY,2018,asian,non-hisp,f,5-9,49549,0
NY,2018,asian,non-hisp,m,10-14,52852,0
NY,2018,asian,non-hisp,f,10-14,52852,0
NY,2018,asian,non-hisp,m,15-19,52852,0
NY,2018,asian,non-hisp,f,15-19,52852,0
NY,2018,asian,non-hisp,m,20-24,54504,0
NY,2018,asian,non-hisp,f,20-24,54504,0
NY,2018,asian,non-hisp,m,25-29,57807,0
NY,2018,asian,non-hisp,f,25-29,57807,0
NY,2018,asian,non-hisp,m,30-34,57807,0
NY,2018,asian,non-hisp,f,30-34,57807,0
NY,2018,asian,non-hisp,m,35-39,56156,0
NY,2018,asian,non-hisp,f,35-39,56156,0
NY,2018,asian,non-hisp,m,40-44,52027,0
NY,2018,asian,non-hisp,f,40-44,52027,0
NY,2018,asian,non-hisp,m,45-49,49549,0
NY,2018,asian,non-hisp,f,45-49,49549,0
NY,2018,asian,non-hisp,m,50-54,52852,0
NY,2018,asian,non-hisp,f,50-54,52852,0
NY,2018,asian,non-hisp,m,55-59,55330,0
NY,2018,asian,non-hisp,f,55-59,55330,0
NY,2018,asian,non-hisp,m,60-64,52852,0
NY,2018,asian,non-hisp,f,60-64,52852,0
NY,2018,asian,non-hisp,m,65-69,44594,0
NY,2018,asian,non-hisp,f,65-69,44594,0
NY,2018,asian,non-hisp,m,70-74,37162,0
NY,2018,asian,non-hisp,f,70-74,37162,0
NY,2018,asian,non-hisp,m,75-79,26426,0
NY,2018,asian,non-hisp,f,75-79,26426,0
NY,2018,asian,non-hisp,m,80-84,13213,0
NY,2018,asian,non-hisp,f,80-84,19820,0
NY,2018,asian,non-hisp,m,85+,13874,0
NY,2018,asian,non-hisp,f,85+,20811,0
NY,2018,other,non-hisp,m,0-4,16069,0
NY,2018,other,non-hisp,f,0-4,16069,0
NY,2018,other,non-hisp,m,5-9,16624,0
NY,2018,other,non-hisp,f,5-9,16624,0
NY,2018,other,non-hisp,m,10-14,17732,0
NY,2018,other,non-hisp,f,10-14,17732,0
NY,2018,other,non-hisp,m,15-19,17732,0
NY,2018,other,non-hisp,f,15-19,17732,0
NY,2018,other,non-hisp,m,20-24,18286,0
NY,2018,other,non-hisp,f,20-24,18286,0
NY,2018,other,non-hisp,m,25-29,19394,0
NY,2018,other,non-hisp,f,25-29,19394,0
NY,2018,other,non-hisp,m,30-34,19394,0
NY,2018,other,non-hisp,f,30-34,19394,0
NY,2018,other,non-hisp,m,35-39,18840,0
NY,2018,other,non-hisp,f,35-39,18840,0
NY,2018,other,non-hisp,m,40-44,17455,0
NY,2018,other,non-hisp,f,40-44,17455,0
NY,2018,other,non-hisp,m,45-49,16624,0
NY,2018,other,non-hisp,f,45-49,16624,0
NY,2018,other,non-hisp,m,50-54,17732,0
NY,2018,other,non-hisp,f,50-54,17732,0
NY,2018,other,non-hisp,m,55-59,18563,0
NY,2018,other,non-hisp,f,55-59,18563,0
NY,2018,other,non-hisp,m,60-64,17732,0
NY,2018,other,non-hisp,f,60-64,17732,0
NY,2018,other,non-hisp,m,65-69,14961,0
NY,2018,other,non-hisp,f,65-69,14961,0
NY,2018,other,non-hisp,m,70-74,12468,0
NY,2018,other,non-hisp,f,70-74,12468,0
NY,2018,other,non-hisp,m,75-79,8866,0
NY,2018,other,non-hisp,f,75-79,8866,0
NY,2018,other,non-hisp,m,80-84,4433,0
NY,2018,other,non-hisp,f,80-84,6649,0
NY,2018,other,non-hisp,m,85+,4655,0
NY,2018,other,non-hisp,f,85+,6982,0
NY,2018,white,hisp,m,0-4,45856,0
NY,2018,white,hisp,f,0-4,45856,0
NY,2018,white,hisp,m,5-9,47438,0
NY,2018,white,hisp,f,5-9,47438,0
NY,2018,white,hisp,m,10-14,50600,0
NY,2018,white,hisp,f,10-14,50600,0
NY,2018,white,hisp,m,15-19,50600,0
NY,2018,white,hisp,f,15-19,50600,0
NY,2018,white,hisp,m,20-24,52181,0
NY,2018,white,hisp,f,20-24,52181,0
NY,2018,white,hisp,m,25-29,55344,0
NY,2018,white,hisp,f,25-29,55344,0
NY,2018,white,hisp,m,30-34,55344,0
NY,2018,white,hisp,f,30-34,55344,0
NY,2018,white,hisp,m,35-39,53763,0
NY,2018,white,hisp,f,35-39,53763,0
NY,2018,white,hisp,m,40-44,49810,0
NY,2018,white,hisp,f,40-44,49810,0
NY,2018,white,hisp,m,45-49,47438,0
NY,2018,white,hisp,f,45-49,47438,0
NY,2018,white,hisp,m,50-54,50600,0
NY,2018,white,hisp,f,50-54,50600,0
NY,2018,white,hisp,m,55-59,52972,0
NY,2018,white,hisp,f,55-59,52972,0
NY,2018,white,hisp,m,60-64,50600,0
NY,2018,white,hisp,f,60-64,50600,0
NY,2018,white,hisp,m,65-69,42694,0
NY,2018,white,hisp,f,65-69,42694,0
NY,2018,white,hisp,m,70-74,35578,0
NY,2018,white,hisp,f,70-74,35578,0
NY,2018,white,hisp,m,75-79,25300,0
NY,2018,white,hisp,f,75-79,25300,0
NY,2018,white,hisp,m,80-84,12650,0
NY,2018,white,hisp,f,80-84,18975,0
NY,2018,white,hisp,m,85+,13283,0
NY,2018,white,hisp,f,85+,19924,0
NY,2018,black,hisp,m,0-4,8111,0
NY,2018,black,hisp,f,0-4,8111,0
NY,2018,black,hisp,m,5-9,8390,0
NY,2018,black,hisp,f,5-9,8390,0
NY,2018,black,hisp,m,10-14,8950,0
NY,2018,black,hisp,f,10-14,8950,0
NY,2018,black,hisp,m,15-19,8950,0
NY,2018,black,hisp,f,15-19,8950,0
NY,2018,black,hisp,m,20-24,9229,0
NY,2018,black,hisp,f,20-24,9229,0
NY,2018,black,hisp,m,25-29,9789,0
NY,2018,black,hisp,f,25-29,9789,0
NY,2018,black,hisp,m,30-34,9789,0
NY,2018,black,hisp,f,30-34,9789,0
NY,2018,black,hisp,m,35-39,9509,0
NY,2018,black,hisp,f,35-39,9509,0
NY,2018,black,hisp,m,40-44,8810,0
NY,2018,black,hisp,f,40-44,8810,0
NY,2018,black,hisp,m,45-49,8390,0
NY,2018,black,hisp,f,45-49,8390,0
NY,2018,black,hisp,m,50-54,8950,0
NY,2018,black,hisp,f,50-54,8950,0
NY,2018,black,hisp,m,55-59,9369,0
NY,2018,black,hisp,f,55-59,9369,0
NY,2018,black,hisp,m,60-64,8950,0
NY,2018,black,hisp,f,60-64,8950,0
NY,2018,black,hisp,m,65-69,7551,0
NY,2018,black,hisp,f,65-69,7551,0
NY,2018,black,hisp,m,70-74,6293,0
NY,2018,black,hisp,f,70-74,6293,0
NY,2018,black,hisp,m,75-79,4475,0
NY,2018,black,hisp,f,75-79,4475,0
NY,2018,black,hisp,m,80-84,2237,0
NY,2018,black,hisp,f,80-84,3356,0
NY,2018,black,hisp,m,85+,2349,0
NY,2018,black,hisp,f,85+,3524,0
NY,2018,asian,hisp,m,0-4,420,0
NY,2018,asian,hisp,f,0-4,420,0
NY,2018,asian,hisp,m,5-9,434,0
NY,2018,asian,hisp,f,5-9,434,0
NY,2018,asian,hisp,m,10-14,463,0
NY,2018,asian,hisp,f,10-14,463,0
NY,2018,asian,hisp,m,15-19,463,0
NY,2018,asian,hisp,f,15-19,463,0
NY,2018,asian,hisp,m,20-24,478,0
NY,2018,asian,hisp,f,20-24,478,0
NY,2018,asian,hisp,m,25-29,507,0
NY,2018,asian,hisp,f,25-29,507,0
NY,2018,asian,hisp,m,30-34,507,0
NY,2018,asian,hisp,f,30-34,507,0
NY,2018,asian,hisp,m,35-39,492,0
NY,2018,asian,hisp,f,35-39,492,0
NY,2018,asian,hisp,m,40-44,456,0
NY,2018,asian,hisp,f,40-44,456,0
NY,2018,asian,hisp,m,45-49,434,0
NY,2018,asian,hisp,f,45-49,434,0
NY,2018,asian,hisp,m,50-54,463,0
NY,2018,asian,hisp,f,50-54,463,0
NY,2018,asian,hisp,m,55-59,485,0
NY,2018,asian,hisp,f,55-59,485,0
NY,2018,asian,hisp,m,60-64,463,0
NY,2018,asian,hisp,f,60-64,463,0
NY,2018,asian,hisp,m,65-69,391,0
NY,2018,asian,hisp,f,65-69,391,0
NY,2018,asian,hisp,m,70-74,326,0
NY,2018,asian,hisp,f,70-74,326,0
NY,2018,asian,hisp,m,75-79,232,0
NY,2018,asian,hisp,f,75-79,232,0
NY,2018,asian,hisp,m,80-84,116,0
NY,2018,asian,hisp,f,80-84,174,0
NY,2018,asian,hisp,m,85+,122,0
NY,2018,asian,hisp,f,85+,182,0
NY,2018,other,hisp,m,0-4,54436,0
NY,2018,other,hisp,f,0-4,54436,0
NY,2018,other,hisp,m,5-9,56314,0
NY,2018,other,hisp,f,5-9,56314,0
NY,2018,other,hisp,m,10-14,60068,0
NY,2018,other,hisp,f,10-14,60068,0
NY,2018,other,hisp,m,15-19,60068,0
NY,2018,other,hisp,f,15-19,60068,0
NY,2018,other,hisp,m,20-24,61945,0
NY,2018,other,hisp,f,20-24,61945,0
NY,2018,other,hisp,m,25-29,65699,0
NY,2018,other,hisp,f,25-29,65699,0
NY,2018,other,hisp,m,30-34,65699,0
NY,2018,other,hisp,f,30-34,65699,0
NY,2018,other,hisp,m,35-39,63822,0
NY,2018,other,hisp,f,35-39,63822,0
NY,2018,other,hisp,m,40-44,59129,0
NY,2018,other,hisp,f,40-44,59129,0
NY,2018,other,hisp,m,45-49,56314,0
NY,2018,other,hisp,f,45-49,56314,0
NY,2018,other,hisp,m,50-54,60068,0
NY,2018,other,hisp,f,50-54,60068,0
NY,2018,other,hisp,m,55-59,62883,0
NY,2018,other,hisp,f,55-59,62883,0
NY,2018,other,hisp,m,60-64,60068,0
NY,2018,other,hisp,f,60-64,60068,0
NY,2018,other,hisp,m,65-69,50682,0
NY,2018,other,hisp,f,65-69,50682,0
NY,2018,other,hisp,m,70-74,42235,0
NY,2018,other,hisp,f,70-74,42235,0
NY,2018,other,hisp,m,75-79,30034,0
NY,2018,other,hisp,f,75-79,30034,0
NY,2018,other,hisp,m,80-84,15017,0
NY,2018,other,hisp,f,80-84,22525,0
NY,2018,other,hisp,m,85+,15768,0
NY,2018,other,hisp,f,85+,23652,0
NC,2018,white,non-hisp,m,0-4,188673,0
NC,2018,white,non-hisp,f,0-4,188673,0
NC,2018,white,non-hisp,m,5-9,195179,0
NC,2018,white,non-hisp,f,5-9,195179,0
NC,2018,white,non-hisp,m,10-14,208191,0
NC,2018,white,non-hisp,f,10-14,208191,0
NC,2018,white,non-hisp,m,15-19,208191,0
NC,2018,white,non-hisp,f,15-19,208191,0
NC,2018,white,non-hisp,m,20-24,214697,0
NC,2018,white,non-hisp,f,20-24,214697,0
NC,2018,white,non-hisp,m,25-29,227709,0
NC,2018,white,non-hisp,f,25-29,227709,0
NC,2018,white,non-hisp,m,30-34,227709,0
NC,2018,white,non-hisp,f,30-34,227709,0
NC,2018,white,non-hisp,m,35-39,221203,0
NC,2018,white,non-hisp,f,35-39,221203,0
NC,2018,white,non-hisp,m,40-44,204938,0
NC,2018,white,non-hisp,f,40-44,204938,0
NC,2018,white,non-hisp,m,45-49,195179,0
NC,2018,white,non-hisp,f,45-49,195179,0
NC,2018,white,non-hisp,m,50-54,208191,0
NC,2018,white,non-hisp,f,50-54,208191,0
NC,2018,white,non-hisp,m,55-59,217950,0
NC,2018,white,non-hisp,f,55-59,217950,0
NC,2018,white,non-hisp,m,60-64,208191,0
NC,2018,white,non-hisp,f,60-64,208191,0
NC,2018,white,non-hisp,m,65-69,175661,0
NC,2018,white,non-hisp,f,65-69,175661,0
NC,2018,white,non-hisp,m,70-74,146384,0
NC,2018,white,non-hisp,f,70-74,146384,0
NC,2018,white,non-hisp,m,75-79,104096,0
NC,2018,white,non-hisp,f,75-79,104096,0
NC,2018,white,non-hisp,m,80-84,52048,0
NC,2018,white,non-hisp,f,80-84,78072,0
NC,2018,white,non-hisp,m,85+,54650,0
NC,2018,white,non-hisp,f,85+,81975,0
NC,2018,black,non-hisp,m,0-4,63349,0
NC,2018,black,non-hisp,f,0-4,63349,0
NC,2018,black,non-hisp,m,5-9,65533,0
NC,2018,black,non-hisp,f,5-9,65533,0
NC,2018,black,non-hisp,m,10-14,69902,0
NC,2018,black,non-hisp,f,10-14,69902,0
NC,2018,black,non-hisp,m,15-19,69902,0
NC,2018,black,non-hisp,f,15-19,69902,0
NC,2018,black,non-hisp,m,20-24,72087,0
NC,2018,black,non-hisp,f,20-24,72087,0
NC,2018,black,non-hisp,m,25-29,76456,0
NC,2018,black,non-hisp,f,25-29,76456,0
NC,2018,black,non-hisp,m,30-34,76456,0
NC,2018,black,non-hisp,f,30-34,76456,0
NC,2018,black,non-hisp,m,35-39,74271,0
NC,2018,black,non-hisp,f,35-39,74271,0
NC,2018,black,non-hisp,m,40-44,68810,0
NC,2018,black,non-hisp,f,40-44,68810,0
NC,2018,black,non-hisp,m,45-49,65533,0
NC,2018,black,non-hisp,f,45-49,65533,0
NC,2018,black,non-hisp,m,50-54,69902,0
NC,2018,black,non-hisp,f,50-54,69902,0
NC,2018,black,non-hisp,m,55-59,73179,0
NC,2018,black,non-hisp,f,55-59,73179,0
NC,2018,black,non-hisp,m,60-64,69902,0
NC,2018,black,non-hisp,f,60-64,69902,0
NC,2018,black,non-hisp,m,65-69,58980,0
NC,2018,black,non-hisp,f,65-69,58980,0
NC,2018,black,non-hisp,m,70-74,49150,0
NC,2018,black,non-hisp,f,70-74,49150,0
NC,2018,black,non-hisp,m,75-79,34951,0
NC,2018,black,non-hisp,f,75-79,34951,0
NC,2018,black,non-hisp,m,80-84,17476,0
NC,2018,black,non-hisp,f,80-84,26213,0
NC,2018,black,non-hisp,m,85+,18349,0
NC,2018,black,non-hisp,f,85+,27524,0
NC,2018,asian,non-hisp,m,0-4,8806,0
NC,2018,asian,non-hisp,f,0-4,8806,0
NC,2018,asian,non-hisp,m,5-9,9110,0
NC,2018,asian,non-hisp,f,5-9,9110,0
NC,2018,asian,non-hisp,m,10-14,9717,0
NC,2018,asian,non-hisp,f,10-14,9717,0
NC,2018,asian,non-hisp,m,15-19,9717,0
NC,2018,asian,non-hisp,f,15-19,9717,0
NC,2018,asian,non-hisp,m,20-24,10020,0
NC,2018,asian,non-hisp,f,20-24,10020,0
NC,2018,asian,non-hisp,m,25-29,10628,0
NC,2018,asian,non-hisp,f,25-29,10628,0
NC,2018,asian,non-hisp,m,30-34,10628,0
NC,2018,asian,non-hisp,f,30-34,10628,0
NC,2018,asian,non-hisp,m,35-39,10324,0
NC,2018,asian,non-hisp,f,35-39,10324,0
NC,2018,asian,non-hisp,m,40-44,9565,0
NC,2018,asian,non-hisp,f,40-44,9565,0
NC,2018,asian,non-hisp,m,45-49,9110,0
NC,2018,asian,non-hisp,f,45-49,9110,0
NC,2018,asian,non-hisp,m,50-54,9717,0
NC,2018,asian,non-hisp,f,50-54,9717,0
NC,2018,asian,non-hisp,m,55-59,10172,0
NC,2018,asian,non-hisp,f,55-59,10172,0
NC,2018,asian,non-hisp,m,60-64,9717,0
NC,2018,asian,non-hisp,f,60-64,9717,0
NC,2018,asian,non-hisp,m,65-69,8199,0
NC,2018,asian,non-hisp,f,65-69,8199,0
NC,2018,asian,non-hisp,m,70-74,6832,0
NC,2018,asian,non-hisp,f,70-74,6832,0
NC,2018,asian,non-hisp,m,75-79,4858,0
NC,2018,asian,non-hisp,f,75-79,4858,0
NC,2018,asian,non-hisp,m,80-84,2429,0
NC,2018,asian,non-hisp,f,80-84,3644,0
NC,2018,asian,non-hisp,m,85+,2551,0
NC,2018,asian,non-hisp,f,85+,3826,0
NC,2018,other,non-hisp,m,0-4,11427,0
NC,2018,other,non-hisp,f,0-4,11427,0
NC,2018,other,non-hisp,m,5-9,11821,0
NC,2018,other,non-hisp,f,5-9,11821,0
NC,2018,other,non-hisp,m,10-14,12609,0
NC,2018,other,non-hisp,f,10-14,12609,0
NC,2018,other,non-hisp,m,15-19,12609,0
NC,2018,other,non-hisp,f,15-19,12609,0
NC,2018,other,non-hisp,m,20-24,13003,0
NC,2018,other,non-hisp,f,20-24,13003,0
NC,2018,other,non-hisp,m,25-29,13791,0
NC,2018,other,non-hisp,f,25-29,13791,0
NC,2018,other,non-hisp,m,30-34,13791,0
NC,2018,other,non-hisp,f,30-34,13791,0
NC,2018,other,non-hisp,m,35-39,13397,0
NC,2018,other,non-hisp,f,35-39,13397,0
NC,2018,other,non-hisp,m,40-44,12412,0
NC,2018,other,non-hisp,f,40-44,12412,0
NC,2018,other,non-hisp,m,45-49,11821,0
NC,2018,other,non-hisp,f,45-49,11821,0
NC,2018,other,non-hisp,m,50-54,12609,0
NC,2018,other,non-hisp,f,50-54,12609,0
NC,2018,other,non-hisp,m,55-59,13200,0
NC,2018,other,non-hisp,f,55-59,13200,0
NC,2018,other,non-hisp,m,60-64,12609,0
NC,2018,other,non-hisp,f,60-64,12609,0
NC,2018,other,non-hisp,m,65-69,10639,0
NC,2018,other,non-hisp,f,65-69,10639,0
NC,2018,other,non-hisp,m,70-74,8865,0
NC,2018,other,non-hisp,f,70-74,8865,0
NC,2018,other,non-hisp,m,75-79,6304,0
NC,2018,other,non-hisp,f,75-79,6304,0
NC,2018,other,non-hisp,m,80-84,3152,0
NC,2018,other,non-hisp,f,80-84,4728,0
NC,2018,other,non-hisp,m,85+,3310,0
NC,2018,other,non-hisp,f,85+,4965,0
NC,2018,white,hisp,m,0-4,17185,0
NC,2018,white,hisp,f,0-4,17185,0
NC,2018,white,hisp,m,5-9,17778,0
NC,2018,white,hisp,f,5-9,17778,0
NC,2018,white,hisp,m,10-14,18963,0
NC,2018,white,hisp,f,10-14,18963,0
NC,2018,white,hisp,m,15-19,18963,0
NC,2018,white,hisp,f,15-19,18963,0
NC,2018,white,hisp,m,20-24,19556,0
NC,2018,white,hisp,f,20-24,19556,0
NC,2018,white,hisp,m,25-29,20741,0
NC,2018,white,hisp,f,25-29,20741,0
NC,2018,white,hisp,m,30-34,20741,0
NC,2018,white,hisp,f,30-34,20741,0
NC,2018,white,hisp,m,35-39,20148,0
NC,2018,white,hisp,f,35-39,20148,0
NC,2018,white,hisp,m,40-44,18667,0
NC,2018,white,hisp,f,40-44,18667,0
NC,2018,white,hisp,m,45-49,17778,0
NC,2018,white,hisp,f,45-49,17778,0
NC,2018,white,hisp,m,50-54,18963,0
NC,2018,white,hisp,f,50-54,18963,0
NC,2018,white,hisp,m,55-59,19852,0
NC,2018,white,hisp,f,55-59,19852,0
NC,2018,white,hisp,m,60-64,18963,0
NC,2018,white,hisp,f,60-64,18963,0
NC,2018,white,hisp,m,65-69,16000,0
NC,2018,white,hisp,f,65-69,16000,0
NC,2018,white,hisp,m,70-74,13333,0
NC,2018,white,hisp,f,70-74,13333,0
NC,2018,white,hisp,m,75-79,9482,0
NC,2018,white,hisp,f,75-79,9482,0
NC,2018,white,hisp,m,80-84,4741,0
NC,2018,white,hisp,f,80-84,7111,0
NC,2018,white,hisp,m,85+,4978,0
NC,2018,white,hisp,f,85+,7467,0
NC,2018,black,hisp,m,0-4,1104,0
NC,2018,black,hisp,f,0-4,1104,0
NC,2018,black,hisp,m,5-9,1143,0
NC,2018,black,hisp,f,5-9,1143,0
NC,2018,black,hisp,m,10-14,1219,0
NC,2018,black,hisp,f,10-14,1219,0
NC,2018,black,hisp,m,15-19,1219,0
NC,2018,black,hisp,f,15-19,1219,0
NC,2018,black,hisp,m,20-24,1257,0
NC,2018,black,hisp,f,20-24,1257,0
NC,2018,black,hisp,m,25-29,1333,0
NC,2018,black,hisp,f,25-29,1333,0
NC,2018,black,hisp,m,30-34,1333,0
NC,2018,black,hisp,f,30-34,1333,0
NC,2018,black,hisp,m,35-39,1295,0
NC,2018,black,hisp,f,35-39,1295,0
NC,2018,black,hisp,m,40-44,1200,0
NC,2018,black,hisp,f,40-44,1200,0
NC,2018,black,hisp,m,45-49,1143,0
NC,2018,black,hisp,f,45-49,1143,0
NC,2018,black,hisp,m,50-54,1219,0
NC,2018,black,hisp,f,50-54,1219,0
NC,2018,black,hisp,m,55-59,1276,0
NC,2018,black,hisp,f,55-59,1276,0
NC,2018,black,hisp,m,60-64,1219,0
NC,2018,black,hisp,f,60-64,1219,0
NC,2018,black,hisp,m,65-69,1028,0
NC,2018,black,hisp,f,65-69,1028,0
NC,2018,black,hisp,m,70-74,857,0
NC,2018,black,hisp,f,70-74,857,0
NC,2018,black,hisp,m,75-79,609,0
NC,2018,black,hisp,f,75-79,609,0
NC,2018,black,hisp,m,80-84,305,0
NC,2018,black,hisp,f,80-84,457,0
NC,2018,black,hisp,m,85+,320,0
NC,2018,black,hisp,f,85+,480,0
NC,2018,asian,hisp,m,0-4,88,0
NC,2018,asian,hisp,f,0-4,88,0
NC,2018,asian,hisp,m,5-9,91,0
NC,2018,asian,hisp,f,5-9,91,0
NC,2018,asian,hisp,m,10-14,97,0
NC,2018,asian,hisp,f,10-14,97,0
NC,2018,asian,hisp,m,15-19,97,0
NC,2018,asian,hisp,f,15-19,97,0
NC,2018,asian,hisp,m,20-24,100,0
NC,2018,asian,hisp,f,20-24,100,0
NC,2018,asian,hisp,m,25-29,106,0
NC,2018,asian,hisp,f,25-29,106,0
NC,2018,asian,hisp,m,30-34,106,0
NC,2018,asian,hisp,f,30-34,106,0
NC,2018,asian,hisp,m,35-39,103,0
NC,2018,asian,hisp,f,35-39,103,0
NC,2018,asian,hisp,m,40-44,95,0
NC,2018,asian,hisp,f,40-44,95,0
NC,2018,asian,hisp,m,45-49,91,0
NC,2018,asian,hisp,f,45-49,91,0
NC,2018,asian,hisp,m,50-54,97,0
NC,2018,asian,hisp,f,50-54,97,0
NC,2018,asian,hisp,m,55-59,102,0
NC,2018,asian,hisp,f,55-59,102,0
NC,2018,asian,hisp,m,60-64,97,0
NC,2018,asian,hisp,f,60-64,97,0
NC,2018,asian,hisp,m,65-69,82,0
NC,2018,asian,hisp,f,65-69,82,0
NC,2018,asian,hisp,m,70-74,68,0
NC,2018,asian,hisp,f,70-74,68,0
NC,2018,asian,hisp,m,75-79,48,0
NC,2018,asian,hisp,f,75-79,48,0
NC,2018,asian,hisp,m,80-84,24,0
NC,2018,asian,hisp,f,80-84,36,0
NC,2018,asian,hisp,m,85+,25,0
NC,2018,asian,hisp,f,85+,38,0
NC,2018,other,hisp,m,0-4,10493,0
NC,2018,other,hisp,f,0-4,10493,0
NC,2018,other,hisp,m,5-9,10855,0
NC,2018,other,hisp,f,5-9,10855,0
NC,2018,other,hisp,m,10-14,11578,0
NC,2018,other,hisp,f,10-14,11578,0
NC,2018,other,hisp,m,15-19,11578,0
NC,2018,other,hisp,f,15-19,11578,0
NC,2018,other,hisp,m,20-24,11940,0
NC,2018,other,hisp,f,20-24,11940,0
NC,2018,other,hisp,m,25-29,12664,0
NC,2018,other,hisp,f,25-29,12664,0
NC,2018,other,hisp,m,30-34,12664,0
NC,2018,other,hisp,f,30-34,12664,0
NC,2018,other,hisp,m,35-39,12302,0
NC,2018,other,hisp,f,35-39,12302,0
NC,2018,other,hisp,m,40-44,11397,0
NC,2018,other,hisp,f,40-44,11397,0
NC,2018,other,hisp,m,45-49,10855,0
NC,2018,other,hisp,f,45-49,10855,0
NC,2018,other,hisp,m,50-54,11578,0
NC,2018,other,hisp,f,50-54,11578,0
NC,2018,other,hisp,m,55-59,12121,0
NC,2018,other,hisp,f,55-59,12121,0
NC,2018,other,hisp,m,60-64,11578,0
NC,2018,other,hisp,f,60-64,11578,0
NC,2018,other,hisp,m,65-69,9769,0
NC,2018,other,hisp,f,65-69,9769,0
NC,2018,other,hisp,m,70-74,8141,0
NC,2018,other,hisp,f,70-74,8141,0
NC,2018,other,hisp,m,75-79,5789,0
NC,2018,other,hisp,f,75-79,5789,0
NC,2018,other,hisp,m,80-84,2895,0
NC,2018,other,hisp,f,80-84,4342,0
NC,2018,other,hisp,m,85+,3039,0
NC,2018,other,hisp,f,85+,4559,0
ND,2018,white,non-hisp,m,0-4,18472,0
ND,2018,white,non-hisp,f,0-4,18472,0
ND,2018,white,non-hisp,m,5-9,19109,0
ND,2018,white,non-hisp,f,5-9,19109,0
ND,2018,white,non-hisp,m,10-14,20382,0
ND,2018,white,non-hisp,f,10-14,20382,0
ND,2018,white,non-hisp,m,15-19,20382,0
ND,2018,white,non-hisp,f,15-19,20382,0
ND,2018,white,non-hisp,m,20-24,21019,0
ND,2018,white,non-hisp,f,20-24,21019,0
ND,2018,white,non-hisp,m,25-29,22293,0
ND,2018,white,non-hisp,f,25-29,22293,0
ND,2018,white,non-hisp,m,30-34,22293,0
ND,2018,white,non-hisp,f,30-34,22293,0
ND,2018,white,non-hisp,m,35-39,21656,0
ND,2018,white,non-hisp,f,35-39,21656,0
ND,2018,white,non-hisp,m,40-44,20064,0
ND,2018,white,non-hisp,f,40-44,20064,0
ND,2018,white,non-hisp,m,45-49,19109,0
ND,2018,white,non-hisp,f,45-49,19109,0
ND,2018,white,non-hisp,m,50-54,20382,0
ND,2018,white,non-hisp,f,50-54,20382,0
ND,2018,white,non-hisp,m,55-59,21338,0
ND,2018,white,non-hisp,f,55-59,21338,0
ND,2018,white,non-hisp,m,60-64,20382,0
ND,2018,white,non-hisp,f,60-64,20382,0
ND,2018,white,non-hisp,m,65-69,17198,0
ND,2018,white,non-hisp,f,65-69,17198,0
ND,2018,white,non-hisp,m,70-74,14331,0
ND,2018,white,non-hisp,f,70-74,14331,0
ND,2018,white,non-hisp,m,75-79,10191,0
ND,2018,white,non-hisp,f,75-79,10191,0
ND,2018,white,non-hisp,m,80-84,5096,0
ND,2018,white,non-hisp,f,80-84,7643,0
ND,2018,white,non-hisp,m,85+,5350,0
ND,2018,white,non-hisp,f,85+,8026,0
ND,2018,black,non-hisp,m,0-4,741,0
ND,2018,black,non-hisp,f,0-4,741,0
ND,2018,black,non-hisp,m,5-9,766,0
ND,2018,black,non-hisp,f,5-9,766,0
ND,2018,black,non-hisp,m,10-14,817,0
ND,2018,black,non-hisp,f,10-14,817,0
ND,2018,black,non-hisp,m,15-19,817,0
ND,2018,black,non-hisp,f,15-19,817,0
ND,2018,black,non-hisp,m,20-24,843,0
ND,2018,black,non-hisp,f,20-24,843,0
ND,2018,black,non-hisp,m,25-29,894,0
ND,2018,black,non-hisp,f,25-29,894,0
ND,2018,black,non-hisp,m,30-34,894,0
ND,2018,black,non-hisp,f,30-34,894,0
ND,2018,black,non-hisp,m,35-39,868,0
ND,2018,black,non-hisp,f,35-39,868,0
ND,2018,black,non-hisp,m,40-44,805,0
ND,2018,black,non-hisp,f,40-44,805,0
ND,2018,black,non-hisp,m,45-49,766,0
ND,2018,black,non-hisp,f,45-49,766,0
ND,2018,black,non-hisp,m,50-54,817,0
ND,2018,black,non-hisp,f,50-54,817,0
ND,2018,black,non-hisp,m,55-59,856,0
ND,2018,black,non-hisp,f,55-59,856,0
ND,2018,black,non-hisp,m,60-64,817,0
ND,2018,black,non-hisp,f,60-64,817,0
ND,2018,black,non-hisp,m,65-69,690,0
ND,2018,black,non-hisp,f,65-69,690,0
ND,2018,black,non-hisp,m,70-74,575,0
ND,2018,black,non-hisp,f,70-74,575,0
ND,2018,black,non-hisp,m,75-79,409,0
ND,2018,black,non-hisp,f,75-79,409,0
ND,2018,black,non-hisp,m,80-84,204,0
ND,2018,black,non-hisp,f,80-84,306,0
ND,2018,black,non-hisp,m,85+,215,0
ND,2018,black,non-hisp,f,85+,322,0
ND,2018,asian,non-hisp,m,0-4,396,0
ND,2018,asian,non-hisp,f,0-4,396,0
ND,2018,asian,non-hisp,m,5-9,409,0
ND,2018,asian,non-hisp,f,5-9,409,0
ND,2018,asian,non-hisp,m,10-14,437,0
ND,2018,asian,non-hisp,f,10-14,437,0
ND,2018,asian,non-hisp,m,15-19,437,0
ND,2018,asian,non-hisp,f,15-19,437,0
ND,2018,asian,non-hisp,m,20-24,450,0
ND,2018,asian,non-hisp,f,20-24,450,0
ND,2018,asian,non-hisp,m,25-29,477,0
ND,2018,asian,non-hisp,f,25-29,477,0
ND,2018,asian,non-hisp,m,30-34,477,0
ND,2018,asian,non-hisp,f,30-34,477,0
ND,2018,asian,non-hisp,m,35-39,464,0
ND,2018,asian,non-hisp,f,35-39,464,0
ND,2018,asian,non-hisp,m,40-44,430,0
ND,2018,asian,non-hisp,f,40-44,430,0
ND,2018,asian,non-hisp,m,45-49,409,0
ND,2018,asian,non-hisp,f,45-49,409,0
ND,2018,asian,non-hisp,m,50-54,437,0
ND,2018,asian,non-hisp,f,50-54,437,0
ND,2018,asian,non-hisp,m,55-59,457,0
ND,2018,asian,non-hisp,f,55-59,457,0
ND,2018,asian,non-hisp,m,60-64,437,0
ND,2018,asian,non-hisp,f,60-64,437,0
ND,2018,asian,non-hisp,m,65-69,368,0
ND,2018,asian,non-hisp,f,65-69,368,0
ND,2018,asian,non-hisp,m,70-74,307,0
ND,2018,asian,non-hisp,f,70-74,307,0
ND,2018,asian,non-hisp,m,75-79,218,0
ND,2018,asian,non-hisp,f,75-79,218,0
ND,2018,asian,non-hisp,m,80-84,109,0
ND,2018,asian,non-hisp,f,80-84,164,0
ND,2018,asian,non-hisp,m,85+,115,0
ND,2018,asian,non-hisp,f,85+,172,0
ND,2018,other,non-hisp,m,0-4,1638,0
ND,2018,other,non-hisp,f,0-4,1638,0
ND,2018,other,non-hisp,m,5-9,1695,0
ND,2018,other,non-hisp,f,5-9,1695,0
ND,2018,other,non-hisp,m,10-14,1808,0
ND,2018,other,non-hisp,f,10-14,1808,0
ND,2018,other,non-hisp,m,15-19,1808,0
ND,2018,other,non-hisp,f,15-19,1808,0
ND,2018,other,non-hisp,m,20-24,1864,0
ND,2018,other,non-hisp,f,20-24,1864,0
ND,2018,other,non-hisp,m,25-29,1977,0
ND,2018,other,non-hisp,f,25-29,1977,0
ND,2018,other,non-hisp,m,30-34,1977,0
ND,2018,other,non-hisp,f,30-34,1977,0
ND,2018,other,non-hisp,m,35-39,1921,0
ND,2018,other,non-hisp,f,35-39,1921,0
ND,2018,other,non-hisp,m,40-44,1780,0
ND,2018,other,non-hisp,f,40-44,1780,0
ND,2018,other,non-hisp,m,45-49,1695,0
ND,2018,other,non-hisp,f,45-49,1695,0
ND,2018,other,non-hisp,m,50-54,1808,0
ND,2018,other,non-hisp,f,50-54,1808,0
ND,2018,other,non-hisp,m,55-59,1893,0
ND,2018,other,non-hisp,f,55-59,1893,0
ND,2018,other,non-hisp,m,60-64,1808,0
ND,2018,other,non-hisp,f,60-64,1808,0
ND,2018,other,non-hisp,m,65-69,1525,0
ND,2018,other,non-hisp,f,65-69,1525,0
ND,2018,other,non-hisp,m,70-74,1271,0
ND,2018,other,non-hisp,f,70-74,1271,0
ND,2018,other,non-hisp,m,75-79,904,0
ND,2018,other,non-hisp,f,75-79,904,0
ND,2018,other,non-hisp,m,80-84,452,0
ND,2018,other,non-hisp,f,80-84,678,0
ND,2018,other,non-hisp,m,85+,475,0
ND,2018,other,non-hisp,f,85+,712,0
ND,2018,white,hisp,m,0-4,427,0
ND,2018,white,hisp,f,0-4,427,0
ND,2018,white,hisp,m,5-9,442,0
ND,2018,white,hisp,f,5-9,442,0
ND,2018,white,hisp,m,10-14,472,0
ND,2018,white,hisp,f,10-14,472,0
ND,2018,white,hisp,m,15-19,472,0
ND,2018,white,hisp,f,15-19,472,0
ND,2018,white,hisp,m,20-24,486,0
ND,2018,white,hisp,f,20-24,486,0
ND,2018,white,hisp,m,25-29,516,0
ND,2018,white,hisp,f,25-29,516,0
ND,2018,white,hisp,m,30-34,516,0
ND,2018,white,hisp,f,30-34,516,0
ND,2018,white,hisp,m,35-39,501,0
ND,2018,white,hisp,f,35-39,501,0
ND,2018,white,hisp,m,40-44,464,0
ND,2018,white,hisp,f,40-44,464,0
ND,2018,white,hisp,m,45-49,442,0
ND,2018,white,hisp,f,45-49,442,0
ND,2018,white,hisp,m,50-54,472,0
ND,2018,white,hisp,f,50-54,472,0
ND,2018,white,hisp,m,55-59,494,0
ND,2018,white,hisp,f,55-59,494,0
ND,2018,white,hisp,m,60-64,472,0
ND,2018,white,hisp,f,60-64,472,0
ND,2018,white,hisp,m,65-69,398,0
ND,2018,white,hisp,f,65-69,398,0
ND,2018,white,hisp,m,70-74,332,0
ND,2018,white,hisp,f,70-74,332,0
ND,2018,white,hisp,m,75-79,236,0
ND,2018,white,hisp,f,75-79,236,0
ND,2018,white,hisp,m,80-84,118,0
ND,2018,white,hisp,f,80-84,177,0
ND,2018,white,hisp,m,85+,124,0
ND,2018,white,hisp,f,85+,186,0
ND,2018,black,hisp,m,0-4,10,0
ND,2018,black,hisp,f,0-4,10,0
ND,2018,black,hisp,m,5-9,11,0
ND,2018,black,hisp,f,5-9,11,0
ND,2018,black,hisp,m,10-14,11,0
ND,2018,black,hisp,f,10-14,11,0
ND,2018,black,hisp,m,15-19,11,0
ND,2018,black,hisp,f,15-19,11,0
ND,2018,black,hisp,m,20-24,12,0
ND,2018,black,hisp,f,20-24,12,0
ND,2018,black,hisp,m,25-29,12,0
ND,2018,black,hisp,f,25-29,12,0
ND,2018,black,hisp,m,30-34,12,0
ND,2018,black,hisp,f,30-34,12,0
ND,2018,black,hisp,m,35-39,12,0
ND,2018,black,hisp,f,35-39,12,0
ND,2018,black,hisp,m,40-44,11,0
ND,2018,black,hisp,f,40-44,11,0
ND,2018,black,hisp,m,45-49,11,0
ND,2018,black,hisp,f,45-49,11,0
ND,2018,black,hisp,m,50-54,11,0
ND,2018,black,hisp,f,50-54,11,0
ND,2018,black,hisp,m,55-59,12,0
ND,2018,black,hisp,f,55-59,12,0
ND,2018,black,hisp,m,60-64,11,0
ND,2018,black,hisp,f,60-64,11,0
ND,2018,black,hisp,m,65-69,10,0
ND,2018,black,hisp,f,65-69,10,0
ND,2018,black,hisp,m,70-74,8,0
ND,2018,black,hisp,f,70-74,8,0
ND,2018,black,hisp,m,75-79,6,0
ND,2018,black,hisp,f,75-79,6,0
ND,2018,black,hisp,m,80-84,3,0
ND,2018,black,hisp,f,80-84,4,0
ND,2018,black,hisp,m,85+,3,0
ND,2018,black,hisp,f,85+,4,0
ND,2018,asian,hisp,m,0-4,3,0
ND,2018,asian,hisp,f,0-4,3,0
ND,2018,asian,hisp,m,5-9,3,0
ND,2018,asian,hisp,f,5-9,3,0
ND,2018,asian,hisp,m,10-14,3,0
ND,2018,asian,hisp,f,10-14,3,0
ND,2018,asian,hisp,m,15-19,3,0
ND,2018,asian,hisp,f,15-19,3,0
ND,2018,asian,hisp,m,20-24,4,0
ND,2018,asian,hisp,f,20-24,4,0
ND,2018,asian,hisp,m,25-29,4,0
ND,2018,asian,hisp,f,25-29,4,0
ND,2018,asian,hisp,m,30-34,4,0
ND,2018,asian,hisp,f,30-34,4,0
ND,2018,asian,hisp,m,35-39,4,0
ND,2018,asian,hisp,f,35-39,4,0
ND,2018,asian,hisp,m,40-44,3,0
ND,2018,asian,hisp,f,40-44,3,0
ND,2018,asian,hisp,m,45-49,3,0
ND,2018,asian,hisp,f,45-49,3,0
ND,2018,asian,hisp,m,50-54,3,0
ND,2018,asian,hisp,f,50-54,3,0
ND,2018,asian,hisp,m,55-59,4,0
ND,2018,asian,hisp,f,55-59,4,0
ND,2018,asian,hisp,m,60-64,3,0
ND,2018,asian,hisp,f,60-64,3,0
ND,2018,asian,hisp,m,65-69,3,0
ND,2018,asian,hisp,f,65-69,3,0
ND,2018,asian,hisp,m,70-74,2,0
ND,2018,asian,hisp,f,70-74,2,0
ND,2018,asian,hisp,m,75-79,2,0
ND,2018,asian,hisp,f,75-79,2,0
ND,2018,asian,hisp,m,80-84,1,0
ND,2018,asian,hisp,f,80-84,1,0
ND,2018,asian,hisp,m,85+,1,0
ND,2018,asian,hisp,f,85+,1,0
ND,2018,other,hisp,m,0-4,355,0
ND,2018,other,hisp,f,0-4,355,0
ND,2018,other,hisp,m,5-9,367,0
ND,2018,other,hisp,f,5-9,367,0
ND,2018,other,hisp,m,10-14,392,0
ND,2018,other,hisp,f,10-14,392,0
ND,2018,other,hisp,m,15-19,392,0
ND,2018,other,hisp,f,15-19,392,0
ND,2018,other,hisp,m,20-24,404,0
ND,2018,other,hisp,f,20-24,404,0
ND,2018,other,hisp,m,25-29,429,0
ND,2018,other,hisp,f,25-29,429,0
ND,2018,other,hisp,m,30-34,429,0
ND,2018,other,hisp,f,30-34,429,0
ND,2018,other,hisp,m,35-39,416,0
ND,2018,other,hisp,f,35-39,416,0
ND,2018,other,hisp,m,40-44,386,0
ND,2018,other,hisp,f,40-44,386,0
ND,2018,other,hisp,m,45-49,367,0
ND,2018,other,hisp,f,45-49,367,0
ND,2018,other,hisp,m,50-54,392,0
ND,2018,other,hisp,f,50-54,392,0
ND,2018,other,hisp,m,55-59,410,0
ND,2018,other,hisp,f,55-59,410,0
ND,2018,other,hisp,m,60-64,392,0
ND,2018,other,hisp,f,60-64,392,0
ND,2018,other,hisp,m,65-69,331,0
ND,2018,other,hisp,f,65-69,331,0
ND,2018,other,hisp,m,70-74,276,0
ND,2018,other,hisp,f,70-74,276,0
ND,2018,other,hisp,m,75-79,196,0
ND,2018,other,hisp,f,75-79,196,0
ND,2018,other,hisp,m,80-84,98,0
ND,2018,other,hisp,f,80-84,147,0
ND,2018,other,hisp,m,85+,103,0
ND,2018,other,hisp,f,85+,154,0
OH,2018,white,non-hisp,m,0-4,266289,0
OH,2018,white,non-hisp,f,0-4,266289,0
OH,2018,white,non-hisp,m,5-9,275471,0
OH,2018,white,non-hisp,f,5-9,275471,0
OH,2018,white,non-hisp,m,10-14,293836,0
OH,2018,white,non-hisp,f,10-14,293836,0
OH,2018,white,non-hisp,m,15-19,293836,0
OH,2018,white,non-hisp,f,15-19,293836,0
OH,2018,white,non-hisp,m,20-24,303019,0
OH,2018,white,non-hisp,f,20-24,303019,0
OH,2018,white,non-hisp,m,25-29,321383,0
OH,2018,white,non-hisp,f,25-29,321383,0
OH,2018,white,non-hisp,m,30-34,321383,0
OH,2018,white,non-hisp,f,30-34,321383,0
OH,2018,white,non-hisp,m,35-39,312201,0
OH,2018,white,non-hisp,f,35-39,312201,0
OH,2018,white,non-hisp,m,40-44,289245,0
OH,2018,white,non-hisp,f,40-44,289245,0
OH,2018,white,non-hisp,m,45-49,275471,0
OH,2018,white,non-hisp,f,45-49,275471,0
OH,2018,white,non-hisp,m,50-54,293836,0
OH,2018,white,non-hisp,f,50-54,293836,0
OH,2018,white,non-hisp,m,55-59,307610,0
OH,2018,white,non-hisp,f,55-59,307610,0
OH,2018,white,non-hisp,m,60-64,293836,0
OH,2018,white,non-hisp,f,60-64,293836,0
OH,2018,white,non-hisp,m,65-69,247924,0
OH,2018,white,non-hisp,f,65-69,247924,0
OH,2018,white,non-hisp,m,70-74,206604,0
OH,2018,white,non-hisp,f,70-74,206604,0
OH,2018,white,non-hisp,m,75-79,146918,0
OH,2018,white,non-hisp,f,75-79,146918,0
OH,2018,white,non-hisp,m,80-84,73459,0
OH,2018,white,non-hisp,f,80-84,110189,0
OH,2018,white,non-hisp,m,85+,77132,0
OH,2018,white,non-hisp,f,85+,115698,0
OH,2018,black,non-hisp,m,0-4,41352,0
OH,2018,black,non-hisp,f,0-4,41352,0
OH,2018,black,non-hisp,m,5-9,42778,0
OH,2018,black,non-hisp,f,5-9,42778,0
OH,2018,black,non-hisp,m,10-14,45630,0
OH,2018,black,non-hisp,f,10-14,45630,0
OH,2018,black,non-hisp,m,15-19,45630,0
OH,2018,black,non-hisp,f,15-19,45630,0
OH,2018,black,non-hisp,m,20-24,47056,0
OH,2018,black,non-hisp,f,20-24,47056,0
OH,2018,black,non-hisp,m,25-29,49908,0
OH,2018,black,non-hisp,f,25-29,49908,0
OH,2018,black,non-hisp,m,30-34,49908,0
OH,2018,black,non-hisp,f,30-34,49908,0
OH,2018,black,non-hisp,m,35-39,48482,0
OH,2018,black,non-hisp,f,35-39,48482,0
OH,2018,black,non-hisp,m,40-44,44917,0
OH,2018,black,non-hisp,f,40-44,44917,0
OH,2018,black,non-hisp,m,45-49,42778,0
OH,2018,black,non-hisp,f,45-49,42778,0
OH,2018,black,non-hisp,m,50-54,45630,0
OH,2018,black,non-hisp,f,50-54,45630,0
OH,2018,black,non-hisp,m,55-59,47769,0
OH,2018,black,non-hisp,f,55-59,47769,0
OH,2018,black,non-hisp,m,60-64,45630,0
OH,2018,black,non-hisp,f,60-64,45630,0
OH,2018,black,non-hisp,m,65-69,38500,0
OH,2018,black,non-hisp,f,65-69,38500,0
OH,2018,black,non-hisp,m,70-74,32083,0
OH,2018,black,non-hisp,f,70-74,32083,0
OH,2018,black,non-hisp,m,75-79,22815,0
OH,2018,black,non-hisp,f,75-79,22815,0
OH,2018,black,non-hisp,m,80-84,11407,0
OH,2018,black,non-hisp,f,80-84,17111,0
OH,2018,black,non-hisp,m,85+,11978,0
OH,2018,black,non-hisp,f,85+,17967,0
OH,2018,asian,non-hisp,m,0-4,7810,0
OH,2018,asian,non-hisp,f,0-4,7810,0
OH,2018,asian,non-hisp,m,5-9,8079,0
OH,2018,asian,non-hisp,f,5-9,8079,0
OH,2018,asian,non-hisp,m,10-14,8618,0
OH,2018,asian,non-hisp,f,10-14,8618,0
OH,2018,asian,non-hisp,m,15-19,8618,0
OH,2018,asian,non-hisp,f,15-19,8618,0
OH,2018,asian,non-hisp,m,20-24,8887,0
OH,2018,asian,non-hisp,f,20-24,8887,0
OH,2018,asian,non-hisp,m,25-29,9426,0
OH,2018,asian,non-hisp,f,25-29,9426,0
OH,2018,asian,non-hisp,m,30-34,9426,0
OH,2018,asian,non-hisp,f,30-34,9426,0
OH,2018,asian,non-hisp,m,35-39,9157,0
OH,2018,asian,non-hisp,f,35-39,9157,0
OH,2018,asian,non-hisp,m,40-44,8483,0
OH,2018,asian,non-hisp,f,40-44,8483,0
OH,2018,asian,non-hisp,m,45-49,8079,0
OH,2018,asian,non-hisp,f,45-49,8079,0
OH,2018,asian,non-hisp,m,50-54,8618,0
OH,2018,asian,non-hisp,f,50-54,8618,0
OH,2018,asian,non-hisp,m,55-59,9022,0
OH,2018,asian,non-hisp,f,55-59,9022,0
OH,2018,asian,non-hisp,m,60-64,8618,0
OH,2018,asian,non-hisp,f,60-64,8618,0
OH,2018,asian,non-hisp,m,65-69,7271,0
OH,2018,asian,non-hisp,f,65-69,7271,0
OH,2018,asian,non-hisp,m,70-74,6060,0
OH,2018,asian,non-hisp,f,70-74,6060,0
OH,2018,asian,non-hisp,m,75-79,4309,0
OH,2018,asian,non-hisp,f,75-79,4309,0
OH,2018,asian,non-hisp,m,80-84,2155,0
OH,2018,asian,non-hisp,f,80-84,3232,0
OH,2018,asian,non-hisp,m,85+,2262,0
OH,2018,asian,non-hisp,f,85+,3393,0
OH,2018,other,non-hisp,m,0-4,10321,0
OH,2018,other,non-hisp,f,0-4,10321,0
OH,2018,other,non-hisp,m,5-9,10677,0
OH,2018,other,non-hisp,f,5-9,10677,0
OH,2018,other,non-hisp,m,10-14,11389,0
OH,2018,other,non-hisp,f,10-14,11389,0
OH,2018,other,non-hisp,m,15-19,11389,0
OH,2018,other,non-hisp,f,15-19,11389,0
OH,2018,other,non-hisp,m,20-24,11745,0
OH,2018,other,non-hisp,f,20-24,11745,0
OH,2018,other,non-hisp,m,25-29,12456,0
OH,2018,other,non-hisp,f,25-29,12456,0
OH,2018,other,non-hisp,m,30-34,12456,0
OH,2018,other,non-hisp,f,30-34,12456,0
OH,2018,other,non-hisp,m,35-39,12100,0
OH,2018,other,non-hisp,f,35-39,12100,0
OH,2018,other,non-hisp,m,40-44,11211,0
OH,2018,other,non-hisp,f,40-44,11211,0
OH,2018,other,non-hisp,m,45-49,10677,0
OH,2018,other,non-hisp,f,45-49,10677,0
OH,2018,other,non-hisp,m,50-54,11389,0
OH,2018,other,non-hisp,f,50-54,11389,0
OH,2018,other,non-hisp,m,55-59,11923,0
OH,2018,other,non-hisp,f,55-59,11923,0
OH,2018,other,non-hisp,m,60-64,11389,0
OH,2018,other,non-hisp,f,60-64,11389,0
OH,2018,other,non-hisp,m,65-69,9609,0
OH,2018,other,non-hisp,f,65-69,9609,0
OH,2018,other,non-hisp,m,70-74,8008,0
OH,2018,other,non-hisp,f,70-74,8008,0
OH,2018,other,non-hisp,m,75-79,5694,0
OH,2018,other,non-hisp,f,75-79,5694,0
OH,2018,other,non-hisp,m,80-84,2847,0
OH,2018,other,non-hisp,f,80-84,4271,0
OH,2018,other,non-hisp,m,85+,2990,0
OH,2018,other,non-hisp,f,85+,4484,0
OH,2018,white,hisp,m,0-4,8368,0
OH,2018,white,hisp,f,0-4,8368,0
OH,2018,white,hisp,m,5-9,8657,0
OH,2018,white,hisp,f,5-9,8657,0
OH,2018,white,hisp,m,10-14,9234,0
OH,2018,white,hisp,f,10-14,9234,0
OH,2018,white,hisp,m,15-19,9234,0
OH,2018,white,hisp,f,15-19,9234,0
OH,2018,white,hisp,m,20-24,9522,0
OH,2018,white,hisp,f,20-24,9522,0
OH,2018,white,hisp,m,25-29,10099,0
OH,2018,white,hisp,f,25-29,10099,0
OH,2018,white,hisp,m,30-34,10099,0
OH,2018,white,hisp,f,30-34,10099,0
OH,2018,white,hisp,m,35-39,9811,0
OH,2018,white,hisp,f,35-39,9811,0
OH,2018,white,hisp,m,40-44,9090,0
OH,2018,white,hisp,f,40-44,9090,0
OH,2018,white,hisp,m,45-49,8657,0
OH,2018,white,hisp,f,45-49,8657,0
OH,2018,white,hisp,m,50-54,9234,0
OH,2018,white,hisp,f,50-54,9234,0
OH,2018,white,hisp,m,55-59,9667,0
OH,2018,white,hisp,f,55-59,9667,0
OH,2018,white,hisp,m,60-64,9234,0
OH,2018,white,hisp,f,60-64,9234,0
OH,2018,white,hisp,m,65-69,7791,0
OH,2018,white,hisp,f,65-69,7791,0
OH,2018,white,hisp,m,70-74,6493,0
OH,2018,white,hisp,f,70-74,6493,0
OH,2018,white,hisp,m,75-79,4617,0
OH,2018,white,hisp,f,75-79,4617,0
OH,2018,white,hisp,m,80-84,2308,0
OH,2018,white,hisp,f,80-84,3463,0
OH,2018,white,hisp,m,85+,2424,0
OH,2018,white,hisp,f,85+,3636,0
OH,2018,black,hisp,m,0-4,591,0
OH,2018,black,hisp,f,0-4,591,0
OH,2018,black,hisp,m,5-9,611,0
OH,2018,black,hisp,f,5-9,611,0
OH,2018,black,hisp,m,10-14,652,0
OH,2018,black,hisp,f,10-14,652,0
OH,2018,black,hisp,m,15-19,652,0
OH,2018,black,hisp,f,15-19,652,0
OH,2018,black,hisp,m,20-24,672,0
OH,2018,black,hisp,f,20-24,672,0
OH,2018,black,hisp,m,25-29,713,0
OH,2018,black,hisp,f,25-29,713,0
OH,2018,black,hisp,m,30-34,713,0
OH,2018,black,hisp,f,30-34,713,0
OH,2018,black,hisp,m,35-39,693,0
OH,2018,black,hisp,f,35-39,693,0
OH,2018,black,hisp,m,40-44,642,0
OH,2018,black,hisp,f,40-44,642,0
OH,2018,black,hisp,m,45-49,611,0
OH,2018,black,hisp,f,45-49,611,0
OH,2018,black,hisp,m,50-54,652,0
OH,2018,black,hisp,f,50-54,652,0
OH,2018,black,hisp,m,55-59,683,0
OH,2018,black,hisp,f,55-59,683,0
OH,2018,black,hisp,m,60-64,652,0
OH,2018,black,hisp,f,60-64,652,0
OH,2018,black,hisp,m,65-69,550,0
OH,2018,black,hisp,f,65-69,550,0
OH,2018,black,hisp,m,70-74,458,0
OH,2018,black,hisp,f,70-74,458,0
OH,2018,black,hisp,m,75-79,326,0
OH,2018,black,hisp,f,75-79,326,0
OH,2018,black,hisp,m,80-84,163,0
OH,2018,black,hisp,f,80-84,245,0
OH,2018,black,hisp,m,85+,171,0
OH,2018,black,hisp,f,85+,257,0
OH,2018,asian,hisp,m,0-4,71,0
OH,2018,asian,hisp,f,0-4,71,0
OH,2018,asian,hisp,m,5-9,73,0
OH,2018,asian,hisp,f,5-9,73,0
OH,2018,asian,hisp,m,10-14,78,0
OH,2018,asian,hisp,f,10-14,78,0
OH,2018,asian,hisp,m,15-19,78,0
OH,2018,asian,hisp,f,15-19,78,0
OH,2018,asian,hisp,m,20-24,81,0
OH,2018,asian,hisp,f,20-24,81,0
OH,2018,asian,hisp,m,25-29,86,0
OH,2018,asian,hisp,f,25-29,86,0
OH,2018,asian,hisp,m,30-34,86,0
OH,2018,asian,hisp,f,30-34,86,0
OH,2018,asian,hisp,m,35-39,83,0
OH,2018,asian,hisp,f,35-39,83,0
OH,2018,asian,hisp,m,40-44,77,0
OH,2018,asian,hisp,f,40-44,77,0
OH,2018,asian,hisp,m,45-49,73,0
OH,2018,asian,hisp,f,45-49,73,0
OH,2018,asian,hisp,m,50-54,78,0
OH,2018,asian,hisp,f,50-54,78,0
OH,2018,asian,hisp,m,55-59,82,0
OH,2018,asian,hisp,f,55-59,82,0
OH,2018,asian,hisp,m,60-64,78,0
OH,2018,asian,hisp,f,60-64,78,0
OH,2018,asian,hisp,m,65-69,66,0
OH,2018,asian,hisp,f,65-69,66,0
OH,2018,asian,hisp,m,70-74,55,0
OH,2018,asian,hisp,f,70-74,55,0
OH,2018,asian,hisp,m,75-79,39,0
OH,2018,asian,hisp,f,75-79,39,0
OH,2018,asian,hisp,m,80-84,20,0
OH,2018,asian,hisp,f,80-84,29,0
OH,2018,asian,hisp,m,85+,21,0
OH,2018,asian,hisp,f,85+,31,0
OH,2018,other,hisp,m,0-4,4192,0
OH,2018,other,hisp,f,0-4,4192,0
OH,2018,other,hisp,m,5-9,4336,0
OH,2018,other,hisp,f,5-9,4336,0
OH,2018,other,hisp,m,10-14,4625,0
OH,2018,other,hisp,f,10-14,4625,0
OH,2018,other,hisp,m,15-19,4625,0
OH,2018,other,hisp,f,15-19,4625,0
OH,2018,other,hisp,m,20-24,4770,0
OH,2018,other,hisp,f,20-24,4770,0
OH,2018,other,hisp,m,25-29,5059,0
OH,2018,other,hisp,f,25-29,5059,0
OH,2018,other,hisp,m,30-34,5059,0
OH,2018,other,hisp,f,30-34,5059,0
OH,2018,other,hisp,m,35-39,4914,0
OH,2018,other,hisp,f,35-39,4914,0
OH,2018,other,hisp,m,40-44,4553,0
OH,2018,other,hisp,f,40-44,4553,0
OH,2018,other,hisp,m,45-49,4336,0
OH,2018,other,hisp,f,45-49,4336,0
OH,2018,other,hisp,m,50-54,4625,0
OH,2018,other,hisp,f,50-54,4625,0
OH,2018,other,hisp,m,55-59,4842,0
OH,2018,other,hisp,f,55-59,4842,0
OH,2018,other,hisp,m,60-64,4625,0
OH,2018,other,hisp,f,60-64,4625,0
OH,2018,other,hisp,m,65-69,3902,0
OH,2018,other,hisp,f,65-69,3902,0
OH,2018,other,hisp,m,70-74,3252,0
OH,2018,other,hisp,f,70-74,3252,0
OH,2018,other,hisp,m,75-79,2313,0
OH,2018,other,hisp,f,75-79,2313,0
OH,2018,other,hisp,m,80-84,1156,0
OH,2018,other,hisp,f,80-84,1734,0
OH,2018,other,hisp,m,85+,1214,0
OH,2018,other,hisp,f,85+,1821,0
OK,2018,white,non-hisp,m,0-4,74541,0
OK,2018,white,non-hisp,f,0-4,74541,0
OK,2018,white,non-hisp,m,5-9,77111,0
OK,2018,white,non-hisp,f,5-9,77111,0
OK,2018,white,non-hisp,m,10-14,82252,0
OK,2018,white,non-hisp,f,10-14,82252,0
OK,2018,white,non-hisp,m,15-19,82252,0
OK,2018,white,non-hisp,f,15-19,82252,0
OK,2018,white,non-hisp,m,20-24,84822,0
OK,2018,white,non-hisp,f,20-24,84822,0
OK,2018,white,non-hisp,m,25-29,89963,0
OK,2018,white,non-hisp,f,25-29,89963,0
OK,2018,white,non-hisp,m,30-34,89963,0
OK,2018,white,non-hisp,f,30-34,89963,0
OK,2018,white,non-hisp,m,35-39,87392,0
OK,2018,white,non-hisp,f,35-39,87392,0
OK,2018,white,non-hisp,m,40-44,80967,0
OK,2018,white,non-hisp,f,40-44,80967,0
OK,2018,white,non-hisp,m,45-49,77111,0
OK,2018,white,non-hisp,f,45-49,77111,0
OK,2018,white,non-hisp,m,50-54,82252,0
OK,2018,white,non-hisp,f,50-54,82252,0
OK,2018,white,non-hisp,m,55-59,86107,0
OK,2018,white,non-hisp,f,55-59,86107,0
OK,2018,white,non-hisp,m,60-64,82252,0
OK,2018,white,non-hisp,f,60-64,82252,0
OK,2018,white,non-hisp,m,65-69,69400,0
OK,2018,white,non-hisp,f,65-69,69400,0
OK,2018,white,non-hisp,m,70-74,57833,0
OK,2018,white,non-hisp,f,70-74,57833,0
OK,2018,white,non-hisp,m,75-79,41126,0
OK,2018,white,non-hisp,f,75-79,41126,0
OK,2018,white,non-hisp,m,80-84,20563,0
OK,2018,white,non-hisp,f,80-84,30844,0
OK,2018,white,non-hisp,m,85+,21591,0
OK,2018,white,non-hisp,f,85+,32387,0
OK,2018,black,non-hisp,m,0-4,8195,0
OK,2018,black,non-hisp,f,0-4,8195,0
OK,2018,black,non-hisp,m,5-9,8477,0
OK,2018,black,non-hisp,f,5-9,8477,0
OK,2018,black,non-hisp,m,10-14,9042,0
OK,2018,black,non-hisp,f,10-14,9042,0
OK,2018,black,non-hisp,m,15-19,9042,0
OK,2018,black,non-hisp,f,15-19,9042,0
OK,2018,black,non-hisp,m,20-24,9325,0
OK,2018,black,non-hisp,f,20-24,9325,0
OK,2018,black,non-hisp,m,25-29,9890,0
OK,2018,black,non-hisp,f,25-29,9890,0
OK,2018,black,non-hisp,m,30-34,9890,0
OK,2018,black,non-hisp,f,30-34,9890,0
OK,2018,black,non-hisp,m,35-39,9607,0
OK,2018,black,non-hisp,f,35-39,9607,0
OK,2018,black,non-hisp,m,40-44,8901,0
OK,2018,black,non-hisp,f,40-44,8901,0
OK,2018,black,non-hisp,m,45-49,8477,0
OK,2018,black,non-hisp,f,45-49,8477,0
OK,2018,black,non-hisp,m,50-54,9042,0
OK,2018,black,non-hisp,f,50-54,9042,0
OK,2018,black,non-hisp,m,55-59,9466,0
OK,2018,black,non-hisp,f,55-59,9466,0
OK,2018,black,non-hisp,m,60-64,9042,0
OK,2018,black,non-hisp,f,60-64,9042,0
OK,2018,black,non-hisp,m,65-69,7629,0
OK,2018,black,non-hisp,f,65-69,7629,0
OK,2018,black,non-hisp,m,70-74,6358,0
OK,2018,black,non-hisp,f,70-74,6358,0
OK,2018,black,non-hisp,m,75-79,4521,0
OK,2018,black,non-hisp,f,75-79,4521,0
OK,2018,black,non-hisp,m,80-84,2261,0
OK,2018,black,non-hisp,f,80-84,3391,0
OK,2018,black,non-hisp,m,85+,2374,0
OK,2018,black,non-hisp,f,85+,3560,0
OK,2018,asian,non-hisp,m,0-4,2434,0
OK,2018,asian,non-hisp,f,0-4,2434,0
OK,2018,asian,non-hisp,m,5-9,2518,0
OK,2018,asian,non-hisp,f,5-9,2518,0
OK,2018,asian,non-hisp,m,10-14,2685,0
OK,2018,asian,non-hisp,f,10-14,2685,0
OK,2018,asian,non-hisp,m,15-19,2685,0
OK,2018,asian,non-hisp,f,15-19,2685,0
OK,2018,asian,non-hisp,m,20-24,2769,0
OK,2018,asian,non-hisp,f,20-24,2769,0
OK,2018,asian,non-hisp,m,25-29,2937,0
OK,2018,asian,non-hisp,f,25-29,2937,0
OK,2018,asian,non-hisp,m,30-34,2937,0
OK,2018,asian,non-hisp,f,30-34,2937,0
OK,2018,asian,non-hisp,m,35-39,2853,0
OK,2018,asian,non-hisp,f,35-39,2853,0
OK,2018,asian,non-hisp,m,40-44,2643,0
OK,2018,asian,non-hisp,f,40-44,2643,0
OK,2018,asian,non-hisp,m,45-49,2518,0
OK,2018,asian,non-hisp,f,45-49,2518,0
OK,2018,asian,non-hisp,m,50-54,2685,0
OK,2018,asian,non-hisp,f,50-54,2685,0
OK,2018,asian,non-hisp,m,55-59,2811,0
OK,2018,asian,non-hisp,f,55-59,2811,0
OK,2018,asian,non-hisp,m,60-64,2685,0
OK,2018,asian,non-hisp,f,60-64,2685,0
OK,2018,asian,non-hisp,m,65-69,2266,0
OK,2018,asian,non-hisp,f,65-69,2266,0
OK,2018,asian,non-hisp,m,70-74,1888,0
OK,2018,asian,non-hisp,f,70-74,1888,0
OK,2018,asian,non-hisp,m,75-79,1343,0
OK,2018,asian,non-hisp,f,75-79,1343,0
OK,2018,asian,non-hisp,m,80-84,671,0
OK,2018,asian,non-hisp,f,80-84,1007,0
OK,2018,asian,non-hisp,m,85+,705,0
OK,2018,asian,non-hisp,f,85+,1057,0
OK,2018,other,non-hisp,m,0-4,16737,0
OK,2018,other,non-hisp,f,0-4,16737,0
OK,2018,other,non-hisp,m,5-9,17314,0
OK,2018,other,non-hisp,f,5-9,17314,0
OK,2018,other,non-hisp,m,10-14,18469,0
OK,2018,other,non-hisp,f,10-14,18469,0
OK,2018,other,non-hisp,m,15-19,18469,0
OK,2018,other,non-hisp,f,15-19,18469,0
OK,2018,other,non-hisp,m,20-24,19046,0
OK,2018,other,non-hisp,f,20-24,19046,0
OK,2018,other,non-hisp,m,25-29,20200,0
OK,2018,other,non-hisp,f,25-29,20200,0
OK,2018,other,non-hisp,m,30-34,20200,0
OK,2018,other,non-hisp,f,30-34,20200,0
OK,2018,other,non-hisp,m,35-39,19623,0
OK,2018,other,non-hisp,f,35-39,19623,0
OK,2018,other,non-hisp,m,40-44,18180,0
OK,2018,other,non-hisp,f,40-44,18180,0
OK,2018,other,non-hisp,m,45-49,17314,0
OK,2018,other,non-hisp,f,45-49,17314,0
OK,2018,other,non-hisp,m,50-54,18469,0
OK,2018,other,non-hisp,f,50-54,18469,0
OK,2018,other,non-hisp,m,55-59,19334,0
OK,2018,other,non-hisp,f,55-59,19334,0
OK,2018,other,non-hisp,m,60-64,18469,0
OK,2018,other,non-hisp,f,60-64,18469,0
OK,2018,other,non-hisp,m,65-69,15583,0
OK,2018,other,non-hisp,f,65-69,15583,0
OK,2018,other,non-hisp,m,70-74,12986,0
OK,2018,other,non-hisp,f,70-74,12986,0
OK,2018,other,non-hisp,m,75-79,9234,0
OK,2018,other,non-hisp,f,75-79,9234,0
OK,2018,other,non-hisp,m,80-84,4617,0
OK,2018,other,non-hisp,f,80-84,6926,0
OK,2018,other,non-hisp,m,85+,4848,0
OK,2018,other,non-hisp,f,85+,7272,0
OK,2018,white,hisp,m,0-4,7991,0
OK,2018,white,hisp,f,0-4,7991,0
OK,2018,white,hisp,m,5-9,8266,0
OK,2018,white,hisp,f,5-9,8266,0
OK,2018,white,hisp,m,10-14,8817,0
OK,2018,white,hisp,f,10-14,8817,0
OK,2018,white,hisp,m,15-19,8817,0
OK,2018,white,hisp,f,15-19,8817,0
OK,2018,white,hisp,m,20-24,9093,0
OK,2018,white,hisp,f,20-24,9093,0
OK,2018,white,hisp,m,25-29,9644,0
OK,2018,white,hisp,f,25-29,9644,0
OK,2018,white,hisp,m,30-34,9644,0
OK,2018,white,hisp,f,30-34,9644,0
OK,2018,white,hisp,m,35-39,9368,0
OK,2018,white,hisp,f,35-39,9368,0
OK,2018,white,hisp,m,40-44,8679,0
OK,2018,white,hisp,f,40-44,8679,0
OK,2018,white,hisp,m,45-49,8266,0
OK,2018,white,hisp,f,45-49,8266,0
OK,2018,white,hisp,m,50-54,8817,0
OK,2018,white,hisp,f,50-54,8817,0
OK,2018,white,hisp,m,55-59,9231,0
OK,2018,white,hisp,f,55-59,9231,0
OK,2018,white,hisp,m,60-64,8817,0
OK,2018,white,hisp,f,60-64,8817,0
OK,2018,white,hisp,m,65-69,7440,0
OK,2018,white,hisp,f,65-69,7440,0
OK,2018,white,hisp,m,70-74,6200,0
OK,2018,white,hisp,f,70-74,6200,0
OK,2018,white,hisp,m,75-79,4409,0
OK,2018,white,hisp,f,75-79,4409,0
OK,2018,white,hisp,m,80-84,2204,0
OK,2018,white,hisp,f,80-84,3306,0
OK,2018,white,hisp,m,85+,2315,0
OK,2018,white,hisp,f,85+,3472,0
OK,2018,black,hisp,m,0-4,148,0
OK,2018,black,hisp,f,0-4,148,0
OK,2018,black,hisp,m,5-9,153,0
OK,2018,black,hisp,f,5-9,153,0
OK,2018,black,hisp,m,10-14,163,0
OK,2018,black,hisp,f,10-14,163,0
OK,2018,black,hisp,m,15-19,163,0
OK,2018,black,hisp,f,15-19,163,0
OK,2018,black,hisp,m,20-24,169,0
OK,2018,black,hisp,f,20-24,169,0
OK,2018,black,hisp,m,25-29,179,0
OK,2018,black,hisp,f,25-29,179,0
OK,2018,black,hisp,m,30-34,179,0
OK,2018,black,hisp,f,30-34,179,0
OK,2018,black,hisp,m,35-39,174,0
OK,2018,black,hisp,f,35-39,174,0
OK,2018,black,hisp,m,40-44,161,0
OK,2018,black,hisp,f,40-44,161,0
OK,2018,black,hisp,m,45-49,153,0
OK,2018,black,hisp,f,45-49,153,0
OK,2018,black,hisp,m,50-54,163,0
OK,2018,black,hisp,f,50-54,163,0
OK,2018,black,hisp,m,55-59,171,0
OK,2018,black,hisp,f,55-59,171,0
OK,2018,black,hisp,m,60-64,163,0
OK,2018,black,hisp,f,60-64,163,0
OK,2018,black,hisp,m,65-69,138,0
OK,2018,black,hisp,f,65-69,138,0
OK,2018,black,hisp,m,70-74,115,0
OK,2018,black,hisp,f,70-74,115,0
OK,2018,black,hisp,m,75-79,82,0
OK,2018,black,hisp,f,75-79,82,0
OK,2018,black,hisp,m,80-84,41,0
OK,2018,black,hisp,f,80-84,61,0
OK,2018,black,hisp,m,85+,43,0
OK,2018,black,hisp,f,85+,64,0
OK,2018,asian,hisp,m,0-4,22,0
OK,2018,asian,hisp,f,0-4,22,0
OK,2018,asian,hisp,m,5-9,23,0
OK,2018,asian,hisp,f,5-9,23,0
OK,2018,asian,hisp,m,10-14,25,0
OK,2018,asian,hisp,f,10-14,25,0
OK,2018,asian,hisp,m,15-19,25,0
OK,2018,asian,hisp,f,15-19,25,0
OK,2018,asian,hisp,m,20-24,26,0
OK,2018,asian,hisp,f,20-24,26,0
OK,2018,asian,hisp,m,25-29,27,0
OK,2018,asian,hisp,f,25-29,27,0
OK,2018,asian,hisp,m,30-34,27,0
OK,2018,asian,hisp,f,30-34,27,0
OK,2018,asian,hisp,m,35-39,26,0
OK,2018,asian,hisp,f,35-39,26,0
OK,2018,asian,hisp,m,40-44,24,0
OK,2018,asian,hisp,f,40-44,24,0
OK,2018,asian,hisp,m,45-49,23,0
OK,2018,asian,hisp,f,45-49,23,0
OK,2018,asian,hisp,m,50-54,25,0
OK,2018,asian,hisp,f,50-54,25,0
OK,2018,asian,hisp,m,55-59,26,0
OK,2018,asian,hisp,f,55-59,26,0
OK,2018,asian,hisp,m,60-64,25,0
OK,2018,asian,hisp,f,60-64,25,0
OK,2018,asian,hisp,m,65-69,21,0
OK,2018,asian,hisp,f,65-69,21,0
OK,2018,asian,hisp,m,70-74,17,0
OK,2018,asian,hisp,f,70-74,17,0
OK,2018,asian,hisp,m,75-79,12,0
OK,2018,asian,hisp,f,75-79,12,0
OK,2018,asian,hisp,m,80-84,6,0
OK,2018,asian,hisp,f,80-84,9,0
OK,2018,asian,hisp,m,85+,7,0
OK,2018,asian,hisp,f,85+,10,0
OK,2018,other,hisp,m,0-4,4282,0
OK,2018,other,hisp,f,0-4,4282,0
OK,2018,other,hisp,m,5-9,4430,0
OK,2018,other,hisp,f,5-9,4430,0
OK,2018,other,hisp,m,10-14,4725,0
OK,2018,other,hisp,f,10-14,4725,0
OK,2018,other,hisp,m,15-19,4725,0
OK,2018,other,hisp,f,15-19,4725,0
OK,2018,other,hisp,m,20-24,4873,0
OK,2018,other,hisp,f,20-24,4873,0
OK,2018,other,hisp,m,25-29,5168,0
OK,2018,other,hisp,f,25-29,5168,0
OK,2018,other,hisp,m,30-34,5168,0
OK,2018,other,hisp,f,30-34,5168,0
OK,2018,other,hisp,m,35-39,5020,0
OK,2018,other,hisp,f,35-39,5020,0
OK,2018,other,hisp,m,40-44,4651,0
OK,2018,other,hisp,f,40-44,4651,0
OK,2018,other,hisp,m,45-49,4430,0
OK,2018,other,hisp,f,45-49,4430,0
OK,2018,other,hisp,m,50-54,4725,0
OK,2018,other,hisp,f,50-54,4725,0
OK,2018,other,hisp,m,55-59,4946,0
OK,2018,other,hisp,f,55-59,4946,0
OK,2018,other,hisp,m,60-64,4725,0
OK,2018,other,hisp,f,60-64,4725,0
OK,2018,other,hisp,m,65-69,3987,0
OK,2018,other,hisp,f,65-69,3987,0
OK,2018,other,hisp,m,70-74,3322,0
OK,2018,other,hisp,f,70-74,3322,0
OK,2018,other,hisp,m,75-79,2362,0
OK,2018,other,hisp,f,75-79,2362,0
OK,2018,other,hisp,m,80-84,1181,0
OK,2018,other,hisp,f,80-84,1772,0
OK,2018,other,hisp,m,85+,1240,0
OK,2018,other,hisp,f,85+,1860,0
OR,2018,white,non-hisp,m,0-4,91280,0
OR,2018,white,non-hisp,f,0-4,91280,0
OR,2018,white,non-hisp,m,5-9,94428,0
OR,2018,white,non-hisp,f,5-9,94428,0
OR,2018,white,non-hisp,m,10-14,100723,0
OR,2018,white,non-hisp,f,10-14,100723,0
OR,2018,white,non-hisp,m,15-19,100723,0
OR,2018,white,non-hisp,f,15-19,100723,0
OR,2018,white,non-hisp,m,20-24,103871,0
OR,2018,white,non-hisp,f,20-24,103871,0
OR,2018,white,non-hisp,m,25-29,110166,0
OR,2018,white,non-hisp,f,25-29,110166,0
OR,2018,white,non-hisp,m,30-34,110166,0
OR,2018,white,non-hisp,f,30-34,110166,0
OR,2018,white,non-hisp,m,35-39,107018,0
OR,2018,white,non-hisp,f,35-39,107018,0
OR,2018,white,non-hisp,m,40-44,99149,0
OR,2018,white,non-hisp,f,40-44,99149,0
OR,2018,white,non-hisp,m,45-49,94428,0
OR,2018,white,non-hisp,f,45-49,94428,0
OR,2018,white,non-hisp,m,50-54,100723,0
OR,2018,white,non-hisp,f,50-54,100723,0
OR,2018,white,non-hisp,m,55-59,105445,0
OR,2018,white,non-hisp,f,55-59,105445,0
OR,2018,white,non-hisp,m,60-64,100723,0
OR,2018,white,non-hisp,f,60-64,100723,0
OR,2018,white,non-hisp,m,65-69,84985,0
OR,2018,white,non-hisp,f,65-69,84985,0
OR,2018,white,non-hisp,m,70-74,70821,0
OR,2018,white,non-hisp,f,70-74,70821,0
OR,2018,white,non-hisp,m,75-79,50362,0
OR,2018,white,non-hisp,f,75-79,50362,0
OR,2018,white,non-hisp,m,80-84,25181,0
OR,2018,white,non-hisp,f,80-84,37771,0
OR,2018,white,non-hisp,m,85+,26440,0
OR,2018,white,non-hisp,f,85+,39660,0
OR,2018,black,non-hisp,m,0-4,2260,0
OR,2018,black,non-hisp,f,0-4,2260,0
OR,2018,black,non-hisp,m,5-9,2337,0
OR,2018,black,non-hisp,f,5-9,2337,0
OR,2018,black,non-hisp,m,10-14,2493,0
OR,2018,black,non-hisp,f,10-14,2493,0
OR,2018,black,non-hisp,m,15-19,2493,0
OR,2018,black,non-hisp,f,15-19,2493,0
OR,2018,black,non-hisp,m,20-24,2571,0
OR,2018,black,non-hisp,f,20-24,2571,0
OR,2018,black,non-hisp,m,25-29,2727,0
OR,2018,black,non-hisp,f,25-29,2727,0
OR,2018,black,non-hisp,m,30-34,2727,0
OR,2018,black,non-hisp,f,30-34,2727,0
OR,2018,black,non-hisp,m,35-39,2649,0
OR,2018,black,non-hisp,f,35-39,2649,0
OR,2018,black,non-hisp,m,40-44,2454,0
OR,2018,black,non-hisp,f,40-44,2454,0
OR,2018,black,non-hisp,m,45-49,2337,0
OR,2018,black,non-hisp,f,45-49,2337,0
OR,2018,black,non-hisp,m,50-54,2493,0
OR,2018,black,non-hisp,f,50-54,2493,0
OR,2018,black,non-hisp,m,55-59,2610,0
OR,2018,black,non-hisp,f,55-59,2610,0
OR,2018,black,non-hisp,m,60-64,2493,0
OR,2018,black,non-hisp,f,60-64,2493,0
OR,2018,black,non-hisp,m,65-69,2104,0
OR,2018,black,non-hisp,f,65-69,2104,0
OR,2018,black,non-hisp,m,70-74,1753,0
OR,2018,black,non-hisp,f,70-74,1753,0
OR,2018,black,non-hisp,m,75-79,1247,0
OR,2018,black,non-hisp,f,75-79,1247,0
OR,2018,black,non-hisp,m,80-84,623,0
OR,2018,black,non-hisp,f,80-84,935,0
OR,2018,black,non-hisp,m,85+,654,0
OR,2018,black,non-hisp,f,85+,982,0
OR,2018,asian,non-hisp,m,0-4,5465,0
OR,2018,asian,non-hisp,f,0-4,5465,0
OR,2018,asian,non-hisp,m,5-9,5654,0
OR,2018,asian,non-hisp,f,5-9,5654,0
OR,2018,asian,non-hisp,m,10-14,6031,0
OR,2018,asian,non-hisp,f,10-14,6031,0
OR,2018,asian,non-hisp,m,15-19,6031,0
OR,2018,asian,non-hisp,f,15-19,6031,0
OR,2018,asian,non-hisp,m,20-24,6219,0
OR,2018,asian,non-hisp,f,20-24,6219,0
OR,2018,asian,non-hisp,m,25-29,6596,0
OR,2018,asian,non-hisp,f,25-29,6596,0
OR,2018,asian,non-hisp,m,30-34,6596,0
OR,2018,asian,non-hisp,f,30-34,6596,0
OR,2018,asian,non-hisp,m,35-39,6408,0
OR,2018,asian,non-hisp,f,35-39,6408,0
OR,2018,asian,non-hisp,m,40-44,5936,0
OR,2018,asian,non-hisp,f,40-44,5936,0
OR,2018,asian,non-hisp,m,45-49,5654,0
OR,2018,asian,non-hisp,f,45-49,5654,0
OR,2018,asian,non-hisp,m,50-54,6031,0
OR,2018,asian,non-hisp,f,50-54,6031,0
OR,2018,asian,non-hisp,m,55-59,6313,0
OR,2018,asian,non-hisp,f,55-59,6313,0
OR,2018,asian,non-hisp,m,60-64,6031,0
OR,2018,asian,non-hisp,f,60-64,6031,0
OR,2018,asian,non-hisp,m,65-69,5088,0
OR,2018,asian,non-hisp,f,65-69,5088,0
OR,2018,asian,non-hisp,m,70-74,4240,0
OR,2018,asian,non-hisp,f,70-74,4240,0
OR,2018,asian,non-hisp,m,75-79,3015,0
OR,2018,asian,non-hisp,f,75-79,3015,0
OR,2018,asian,non-hisp,m,80-84,1508,0
OR,2018,asian,non-hisp,f,80-84,2262,0
OR,2018,asian,non-hisp,m,85+,1583,0
OR,2018,asian,non-hisp,f,85+,2375,0
OR,2018,other,non-hisp,m,0-4,6390,0
OR,2018,other,non-hisp,f,0-4,6390,0
OR,2018,other,non-hisp,m,5-9,6610,0
OR,2018,other,non-hisp,f,5-9,6610,0
OR,2018,other,non-hisp,m,10-14,7051,0
OR,2018,other,non-hisp,f,10-14,7051,0
OR,2018,other,non-hisp,m,15-19,7051,0
OR,2018,other,non-hisp,f,15-19,7051,0
OR,2018,other,non-hisp,m,20-24,7271,0
OR,2018,other,non-hisp,f,20-24,7271,0
OR,2018,other,non-hisp,m,25-29,7712,0
OR,2018,other,non-hisp,f,25-29,7712,0
OR,2018,other,non-hisp,m,30-34,7712,0
OR,2018,other,non-hisp,f,30-34,7712,0
OR,2018,other,non-hisp,m,35-39,7492,0
OR,2018,other,non-hisp,f,35-39,7492,0
OR,2018,other,non-hisp,m,40-44,6941,0
OR,2018,other,non-hisp,f,40-44,6941,0
OR,2018,other,non-hisp,m,45-49,6610,0
OR,2018,other,non-hisp,f,45-49,6610,0
OR,2018,other,non-hisp,m,50-54,7051,0
OR,2018,other,non-hisp,f,50-54,7051,0
OR,2018,other,non-hisp,m,55-59,7381,0
OR,2018,other,non-hisp,f,55-59,7381,0
OR,2018,other,non-hisp,m,60-64,7051,0
OR,2018,other,non-hisp,f,60-64,7051,0
OR,2018,other,non-hisp,m,65-69,5949,0
OR,2018,other,non-hisp,f,65-69,5949,0
OR,2018,other,non-hisp,m,70-74,4958,0
OR,2018,other,non-hisp,f,70-74,4958,0
OR,2018,other,non-hisp,m,75-79,3525,0
OR,2018,other,non-hisp,f,75-79,3525,0
OR,2018,other,non-hisp,m,80-84,1763,0
OR,2018,other,non-hisp,f,80-84,2644,0
OR,2018,other,non-hisp,m,85+,1851,0
OR,2018,other,non-hisp,f,85+,2776,0
OR,2018,white,hisp,m,0-4,10654,0
OR,2018,white,hisp,f,0-4,10654,0
OR,2018,white,hisp,m,5-9,11021,0
OR,2018,white,hisp,f,5-9,11021,0
OR,2018,white,hisp,m,10-14,11756,0
OR,2018,white,hisp,f,10-14,11756,0
OR,2018,white,hisp,m,15-19,11756,0
OR,2018,white,hisp,f,15-19,11756,0
OR,2018,white,hisp,m,20-24,12124,0
OR,2018,white,hisp,f,20-24,12124,0
OR,2018,white,hisp,m,25-29,12858,0
OR,2018,white,hisp,f,25-29,12858,0
OR,2018,white,hisp,m,30-34,12858,0
OR,2018,white,hisp,f,30-34,12858,0
OR,2018,white,hisp,m,35-39,12491,0
OR,2018,white,hisp,f,35-39,12491,0
OR,2018,white,hisp,m,40-44,11573,0
OR,2018,white,hisp,f,40-44,11573,0
OR,2018,white,hisp,m,45-49,11021,0
OR,2018,white,hisp,f,45-49,11021,0
OR,2018,white,hisp,m,50-54,11756,0
OR,2018,white,hisp,f,50-54,11756,0
OR,2018,white,hisp,m,55-59,12307,0
OR,2018,white,hisp,f,55-59,12307,0
OR,2018,white,hisp,m,60-64,11756,0
OR,2018,white,hisp,f,60-64,11756,0
OR,2018,white,hisp,m,65-69,9919,0
OR,2018,white,hisp,f,65-69,9919,0
OR,2018,white,hisp,m,70-74,8266,0
OR,2018,white,hisp,f,70-74,8266,0
OR,2018,white,hisp,m,75-79,5878,0
OR,2018,white,hisp,f,75-79,5878,0
OR,2018,white,hisp,m,80-84,2939,0
OR,2018,white,hisp,f,80-84,4409,0
OR,2018,white,hisp,m,85+,3086,0
OR,2018,white,hisp,f,85+,4629,0
OR,2018,black,hisp,m,0-4,120,0
OR,2018,black,hisp,f,0-4,120,0
OR,2018,black,hisp,m,5-9,124,0
OR,2018,black,hisp,f,5-9,124,0
OR,2018,black,hisp,m,10-14,132,0
OR,2018,black,hisp,f,10-14,132,0
OR,2018,black,hisp,m,15-19,132,0
OR,2018,black,hisp,f,15-19,132,0
OR,2018,black,hisp,m,20-24,136,0
OR,2018,black,hisp,f,20-24,136,0
OR,2018,black,hisp,m,25-29,145,0
OR,2018,black,hisp,f,25-29,145,0
OR,2018,black,hisp,m,30-34,145,0
OR,2018,black,hisp,f,30-34,145,0
OR,2018,black,hisp,m,35-39,140,0
OR,2018,black,hisp,f,35-39,140,0
OR,2018,black,hisp,m,40-44,130,0
OR,2018,black,hisp,f,40-44,130,0
OR,2018,black,hisp,m,45-49,124,0
OR,2018,black,hisp,f,45-49,124,0
OR,2018,black,hisp,m,50-54,132,0
OR,2018,black,hisp,f,50-54,132,0
OR,2018,black,hisp,m,55-59,138,0
OR,2018,black,hisp,f,55-59,138,0
OR,2018,black,hisp,m,60-64,132,0
OR,2018,black,hisp,f,60-64,132,0
OR,2018,black,hisp,m,65-69,112,0
OR,2018,black,hisp,f,65-69,112,0
OR,2018,black,hisp,m,70-74,93,0
OR,2018,black,hisp,f,70-74,93,0
OR,2018,black,hisp,m,75-79,66,0
OR,2018,black,hisp,f,75-79,66,0
OR,2018,black,hisp,m,80-84,33,0
OR,2018,black,hisp,f,80-84,50,0
OR,2018,black,hisp,m,85+,35,0
OR,2018,black,hisp,f,85+,52,0
OR,2018,asian,hisp,m,0-4,64,0
OR,2018,asian,hisp,f,0-4,64,0
OR,2018,asian,hisp,m,5-9,67,0
OR,2018,asian,hisp,f,5-9,67,0
OR,2018,asian,hisp,m,10-14,71,0
OR,2018,asian,hisp,f,10-14,71,0
OR,2018,asian,hisp,m,15-19,71,0
OR,2018,asian,hisp,f,15-19,71,0
OR,2018,asian,hisp,m,20-24,73,0
OR,2018,asian,hisp,f,20-24,73,0
OR,2018,asian,hisp,m,25-29,78,0
OR,2018,asian,hisp,f,25-29,78,0
OR,2018,asian,hisp,m,30-34,78,0
OR,2018,asian,hisp,f,30-34,78,0
OR,2018,asian,hisp,m,35-39,76,0
OR,2018,asian,hisp,f,35-39,76,0
OR,2018,asian,hisp,m,40-44,70,0
OR,2018,asian,hisp,f,40-44,70,0
OR,2018,asian,hisp,m,45-49,67,0
OR,2018,asian,hisp,f,45-49,67,0
OR,2018,asian,hisp,m,50-54,71,0
OR,2018,asian,hisp,f,50-54,71,0
OR,2018,asian,hisp,m,55-59,74,0
OR,2018,asian,hisp,f,55-59,74,0
OR,2018,asian,hisp,m,60-64,71,0
OR,2018,asian,hisp,f,60-64,71,0
OR,2018,asian,hisp,m,65-69,60,0
OR,2018,asian,hisp,f,65-69,60,0
OR,2018,asian,hisp,m,70-74,50,0
OR,2018,asian,hisp,f,70-74,50,0
OR,2018,asian,hisp,m,75-79,36,0
OR,2018,asian,hisp,f,75-79,36,0
OR,2018,asian,hisp,m,80-84,18,0
OR,2018,asian,hisp,f,80-84,27,0
OR,2018,asian,hisp,m,85+,19,0
OR,2018,asian,hisp,f,85+,28,0
OR,2018,other,hisp,m,0-4,5297,0
OR,2018,other,hisp,f,0-4,5297,0
OR,2018,other,hisp,m,5-9,5480,0
OR,2018,other,hisp,f,5-9,5480,0
OR,2018,other,hisp,m,10-14,5845,0
OR,2018,other,hisp,f,10-14,5845,0
OR,2018,other,hisp,m,15-19,5845,0
OR,2018,other,hisp,f,15-19,5845,0
OR,2018,other,hisp,m,20-24,6028,0
OR,2018,other,hisp,f,20-24,6028,0
OR,2018,other,hisp,m,25-29,6393,0
OR,2018,other,hisp,f,25-29,6393,0
OR,2018,other,hisp,m,30-34,6393,0
OR,2018,other,hisp,f,30-34,6393,0
OR,2018,other,hisp,m,35-39,6211,0
OR,2018,other,hisp,f,35-39,6211,0
OR,2018,other,hisp,m,40-44,5754,0
OR,2018,other,hisp,f,40-44,5754,0
OR,2018,other,hisp,m,45-49,5480,0
OR,2018,other,hisp,f,45-49,5480,0
OR,2018,other,hisp,m,50-54,5845,0
OR,2018,other,hisp,f,50-54,5845,0
OR,2018,other,hisp,m,55-59,6119,0
OR,2018,other,hisp,f,55-59,6119,0
OR,2018,other,hisp,m,60-64,5845,0
OR,2018,other,hisp,f,60-64,5845,0
OR,2018,other,hisp,m,65-69,4932,0
OR,2018,other,hisp,f,65-69,4932,0
OR,2018,other,hisp,m,70-74,4110,0
OR,2018,other,hisp,f,70-74,4110,0
OR,2018,other,hisp,m,75-79,2923,0
OR,2018,other,hisp,f,75-79,2923,0
OR,2018,other,hisp,m,80-84,1461,0
OR,2018,other,hisp,f,80-84,2192,0
OR,2018,other,hisp,m,85+,1534,0
OR,2018,other,hisp,f,85+,2302,0
PA,2018,white,non-hisp,m,0-4,281975,0
PA,2018,white,non-hisp,f,0-4,281975,0
PA,2018,white,non-hisp,m,5-9,291699,0
PA,2018,white,non-hisp,f,5-9,291699,0
PA,2018,white,non-hisp,m,10-14,311145,0
PA,2018,white,non-hisp,f,10-14,311145,0
PA,2018,white,non-hisp,m,15-19,311145,0
PA,2018,white,non-hisp,f,15-19,311145,0
PA,2018,white,non-hisp,m,20-24,320869,0
PA,2018,white,non-hisp,f,20-24,320869,0
PA,2018,white,non-hisp,m,25-29,340315,0
PA,2018,white,non-hisp,f,25-29,340315,0
PA,2018,white,non-hisp,m,30-34,340315,0
PA,2018,white,non-hisp,f,30-34,340315,0
PA,2018,white,non-hisp,m,35-39,330592,0
PA,2018,white,non-hisp,f,35-39,330592,0
PA,2018,white,non-hisp,m,40-44,306284,0
PA,2018,white,non-hisp,f,40-44,306284,0
PA,2018,white,non-hisp,m,45-49,291699,0
PA,2018,white,non-hisp,f,45-49,291699,0
PA,2018,white,non-hisp,m,50-54,311145,0
PA,2018,white,non-hisp,f,50-54,311145,0
PA,2018,white,non-hisp,m,55-59,325730,0
PA,2018,white,non-hisp,f,55-59,325730,0
PA,2018,white,non-hisp,m,60-64,311145,0
PA,2018,white,non-hisp,f,60-64,311145,0
PA,2018,white,non-hisp,m,65-69,262529,0
PA,2018,white,non-hisp,f,65-69,262529,0
PA,2018,white,non-hisp,m,70-74,218774,0
PA,2018,white,non-hisp,f,70-74,218774,0
PA,2018,white,non-hisp,m,75-79,155573,0
PA,2018,white,non-hisp,f,75-79,155573,0
PA,2018,white,non-hisp,m,80-84,77786,0
PA,2018,white,non-hisp,f,80-84,116679,0
PA,2018,white,non-hisp,m,85+,81676,0
PA,2018,white,non-hisp,f,85+,122513,0
PA,2018,black,non-hisp,m,0-4,39231,0
PA,2018,black,non-hisp,f,0-4,39231,0
PA,2018,black,non-hisp,m,5-9,40584,0
PA,2018,black,non-hisp,f,5-9,40584,0
PA,2018,black,non-hisp,m,10-14,43290,0
PA,2018,black,non-hisp,f,10-14,43290,0
PA,2018,black,non-hisp,m,15-19,43290,0
PA,2018,black,non-hisp,f,15-19,43290,0
PA,2018,black,non-hisp,m,20-24,44643,0
PA,2018,black,non-hisp,f,20-24,44643,0
PA,2018,black,non-hisp,m,25-29,47348,0
PA,2018,black,non-hisp,f,25-29,47348,0
PA,2018,black,non-hisp,m,30-34,47348,0
PA,2018,black,non-hisp,f,30-34,47348,0
PA,2018,black,non-hisp,m,35-39,45995,0
PA,2018,black,non-hisp,f,35-39,45995,0
PA,2018,black,non-hisp,m,40-44,42613,0
PA,2018,black,non-hisp,f,40-44,42613,0
PA,2018,black,non-hisp,m,45-49,40584,0
PA,2018,black,non-hisp,f,45-49,40584,0
PA,2018,black,non-hisp,m,50-54,43290,0
PA,2018,black,non-hisp,f,50-54,43290,0
PA,2018,black,non-hisp,m,55-59,45319,0
PA,2018,black,non-hisp,f,55-59,45319,0
PA,2018,black,non-hisp,m,60-64,43290,0
PA,2018,black,non-hisp,f,60-64,43290,0
PA,2018,black,non-hisp,m,65-69,36526,0
PA,2018,black,non-hisp,f,65-69,36526,0
PA,2018,black,non-hisp,m,70-74,30438,0
PA,2018,black,non-hisp,f,70-74,30438,0
PA,2018,black,non-hisp,m,75-79,21645,0
PA,2018,black,non-hisp,f,75-79,21645,0
PA,2018,black,non-hisp,m,80-84,10822,0
PA,2018,black,non-hisp,f,80-84,16234,0
PA,2018,black,non-hisp,m,85+,11364,0
PA,2018,black,non-hisp,f,85+,17045,0
PA,2018,asian,non-hisp,m,0-4,13052,0
PA,2018,asian,non-hisp,f,0-4,13052,0
PA,2018,asian,non-hisp,m,5-9,13502,0
PA,2018,asian,non-hisp,f,5-9,13502,0
PA,2018,asian,non-hisp,m,10-14,14402,0
PA,2018,asian,non-hisp,f,10-14,14402,0
PA,2018,asian,non-hisp,m,15-19,14402,0
PA,2018,asian,non-hisp,f,15-19,14402,0
PA,2018,asian,non-hisp,m,20-24,14853,0
PA,2018,asian,non-hisp,f,20-24,14853,0
PA,2018,asian,non-hisp,m,25-29,15753,0
PA,2018,asian,non-hisp,f,25-29,15753,0
PA,2018,asian,non-hisp,m,30-34,15753,0
PA,2018,asian,non-hisp,f,30-34,15753,0
PA,2018,asian,non-hisp,m,35-39,15303,0
PA,2018,asian,non-hisp,f,35-39,15303,0
PA,2018,asian,non-hisp,m,40-44,14177,0
PA,2018,asian,non-hisp,f,40-44,14177,0
PA,2018,asian,non-hisp,m,45-49,13502,0
PA,2018,asian,non-hisp,f,45-49,13502,0
PA,2018,asian,non-hisp,m,50-54,14402,0
PA,2018,asian,non-hisp,f,50-54,14402,0
PA,2018,asian,non-hisp,m,55-59,15078,0
PA,2018,asian,non-hisp,f,55-59,15078,0
PA,2018,asian,non-hisp,m,60-64,14402,0
PA,2018,asian,non-hisp,f,60-64,14402,0
PA,2018,asian,non-hisp,m,65-69,12152,0
PA,2018,asian,non-hisp,f,65-69,12152,0
PA,2018,asian,non-hisp,m,70-74,10127,0
PA,2018,asian,non-hisp,f,70-74,10127,0
PA,2018,asian,non-hisp,m,75-79,7201,0
PA,2018,asian,non-hisp,f,75-79,7201,0
PA,2018,asian,non-hisp,m,80-84,3601,0
PA,2018,asian,non-hisp,f,80-84,5401,0
PA,2018,asian,non-hisp,m,85+,3781,0
PA,2018,asian,non-hisp,f,85+,5671,0
PA,2018,other,non-hisp,m,0-4,8878,0
PA,2018,other,non-hisp,f,0-4,8878,0
PA,2018,other,non-hisp,m,5-9,9184,0
PA,2018,other,non-hisp,f,5-9,9184,0
PA,2018,other,non-hisp,m,10-14,9796,0
PA,2018,other,non-hisp,f,10-14,9796,0
PA,2018,other,non-hisp,m,15-19,9796,0
PA,2018,other,non-hisp,f,15-19,9796,0
PA,2018,other,non-hisp,m,20-24,10102,0
PA,2018,other,non-hisp,f,20-24,10102,0
PA,2018,other,non-hisp,m,25-29,10714,0
PA,2018,other,non-hisp,f,25-29,10714,0
PA,2018,other,non-hisp,m,30-34,10714,0
PA,2018,other,non-hisp,f,30-34,10714,0
PA,2018,other,non-hisp,m,35-39,10408,0
PA,2018,other,non-hisp,f,35-39,10408,0
PA,2018,other,non-hisp,m,40-44,9643,0
PA,2018,other,non-hisp,f,40-44,9643,0
PA,2018,other,non-hisp,m,45-49,9184,0
PA,2018,other,non-hisp,f,45-49,9184,0
PA,2018,other,non-hisp,m,50-54,9796,0
PA,2018,other,non-hisp,f,50-54,9796,0
PA,2018,other,non-hisp,m,55-59,10255,0
PA,2018,other,non-hisp,f,55-59,10255,0
PA,2018,other,non-hisp,m,60-64,9796,0
PA,2018,other,non-hisp,f,60-64,9796,0
PA,2018,other,non-hisp,m,65-69,8265,0
PA,2018,other,non-hisp,f,65-69,8265,0
PA,2018,other,non-hisp,m,70-74,6888,0
PA,2018,other,non-hisp,f,70-74,6888,0
PA,2018,other,non-hisp,m,75-79,4898,0
PA,2018,other,non-hisp,f,75-79,4898,0
PA,2018,other,non-hisp,m,80-84,2449,0
PA,2018,other,non-hisp,f,80-84,3674,0
PA,2018,other,non-hisp,m,85+,2571,0
PA,2018,other,non-hisp,f,85+,3857,0
PA,2018,white,hisp,m,0-4,15451,0
PA,2018,white,hisp,f,0-4,15451,0
PA,2018,white,hisp,m,5-9,15984,0
PA,2018,white,hisp,f,5-9,15984,0
PA,2018,white,hisp,m,10-14,17049,0
PA,2018,white,hisp,f,10-14,17049,0
PA,2018,white,hisp,m,15-19,17049,0
PA,2018,white,hisp,f,15-19,17049,0
PA,2018,white,hisp,m,20-24,17582,0
PA,2018,white,hisp,f,20-24,17582,0
PA,2018,white,hisp,m,25-29,18648,0
PA,2018,white,hisp,f,25-29,18648,0
PA,2018,white,hisp,m,30-34,18648,0
PA,2018,white,hisp,f,30-34,18648,0
PA,2018,white,hisp,m,35-39,18115,0
PA,2018,white,hisp,f,35-39,18115,0
PA,2018,white,hisp,m,40-44,16783,0
PA,2018,white,hisp,f,40-44,16783,0
PA,2018,white,hisp,m,45-49,15984,0
PA,2018,white,hisp,f,45-49,15984,0
PA,2018,white,hisp,m,50-54,17049,0
PA,2018,white,hisp,f,50-54,17049,0
PA,2018,white,hisp,m,55-59,17849,0
PA,2018,white,hisp,f,55-59,17849,0
PA,2018,white,hisp,m,60-64,17049,0
PA,2018,white,hisp,f,60-64,17049,0
PA,2018,white,hisp,m,65-69,14385,0
PA,2018,white,hisp,f,65-69,14385,0
PA,2018,white,hisp,m,70-74,11988,0
PA,2018,white,hisp,f,70-74,11988,0
PA,2018,white,hisp,m,75-79,8525,0
PA,2018,white,hisp,f,75-79,8525,0
PA,2018,white,hisp,m,80-84,4262,0
PA,2018,white,hisp,f,80-84,6394,0
PA,2018,white,hisp,m,85+,4475,0
PA,2018,white,hisp,f,85+,6713,0
PA,2018,black,hisp,m,0-4,2192,0
PA,2018,black,hisp,f,0-4,2192,0
PA,2018,black,hisp,m,5-9,2268,0
PA,2018,black,hisp,f,5-9,2268,0
PA,2018,black,hisp,m,10-14,2419,0
PA,2018,black,hisp,f,10-14,2419,0
PA,2018,black,hisp,m,15-19,2419,0
PA,2018,black,hisp,f,15-19,2419,0
PA,2018,black,hisp,m,20-24,2495,0
PA,2018,black,hisp,f,20-24,2495,0
PA,2018,black,hisp,m,25-29,2646,0
PA,2018,black,hisp,f,25-29,2646,0
PA,2018,black,hisp,m,30-34,2646,0
PA,2018,black,hisp,f,30-34,2646,0
PA,2018,black,hisp,m,35-39,2570,0
PA,2018,black,hisp,f,35-39,2570,0
PA,2018,black,hisp,m,40-44,2381,0
PA,2018,black,hisp,f,40-44,2381,0
PA,2018,black,hisp,m,45-49,2268,0
PA,2018,black,hisp,f,45-49,2268,0
PA,2018,black,hisp,m,50-54,2419,0
PA,2018,black,hisp,f,50-54,2419,0
PA,2018,black,hisp,m,55-59,2533,0
PA,2018,black,hisp,f,55-59,2533,0
PA,2018,black,hisp,m,60-64,2419,0
PA,2018,black,hisp,f,60-64,2419,0
PA,2018,black,hisp,m,65-69,2041,0
PA,2018,black,hisp,f,65-69,2041,0
PA,2018,black,hisp,m,70-74,1701,0
PA,2018,black,hisp,f,70-74,1701,0
PA,2018,black,hisp,m,75-79,1210,0
PA,2018,black,hisp,f,75-79,1210,0
PA,2018,black,hisp,m,80-84,605,0
PA,2018,black,hisp,f,80-84,907,0
PA,2018,black,hisp,m,85+,635,0
PA,2018,black,hisp,f,85+,953,0
PA,2018,asian,hisp,m,0-4,144,0
PA,2018,asian,hisp,f,0-4,144,0
PA,2018,asian,hisp,m,5-9,148,0
PA,2018,asian,hisp,f,5-9,148,0
PA,2018,asian,hisp,m,10-14,158,0
PA,2018,asian,hisp,f,10-14,158,0
PA,2018,asian,hisp,m,15-19,158,0
PA,2018,asian,hisp,f,15-19,158,0
PA,2018,asian,hisp,m,20-24,163,0
PA,2018,asian,hisp,f,20-24,163,0
PA,2018,asian,hisp,m,25-29,173,0
PA,2018,asian,hisp,f,25-29,173,0
PA,2018,asian,hisp,m,30-34,173,0
PA,2018,asian,hisp,f,30-34,173,0
PA,2018,asian,hisp,m,35-39,168,0
PA,2018,asian,hisp,f,35-39,168,0
PA,2018,asian,hisp,m,40-44,156,0
PA,2018,asian,hisp,f,40-44,156,0
PA,2018,asian,hisp,m,45-49,148,0
PA,2018,asian,hisp,f,45-49,148,0
PA,2018,asian,hisp,m,50-54,158,0
PA,2018,asian,hisp,f,50-54,158,0
PA,2018,asian,hisp,m,55-59,166,0
PA,2018,asian,hisp,f,55-59,166,0
PA,2018,asian,hisp,m,60-64,158,0
PA,2018,asian,hisp,f,60-64,158,0
PA,2018,asian,hisp,m,65-69,134,0
PA,2018,asian,hisp,f,65-69,134,0
PA,2018,asian,hisp,m,70-74,111,0
PA,2018,asian,hisp,f,70-74,111,0
PA,2018,asian,hisp,m,75-79,79,0
PA,2018,asian,hisp,f,75-79,79,0
PA,2018,asian,hisp,m,80-84,40,0
PA,2018,asian,hisp,f,80-84,59,0
PA,2018,asian,hisp,m,85+,42,0
PA,2018,asian,hisp,f,85+,62,0
PA,2018,other,hisp,m,0-4,10481,0
PA,2018,other,hisp,f,0-4,10481,0
PA,2018,other,hisp,m,5-9,10842,0
PA,2018,other,hisp,f,5-9,10842,0
PA,2018,other,hisp,m,10-14,11565,0
PA,2018,other,hisp,f,10-14,11565,0
PA,2018,other,hisp,m,15-19,11565,0
PA,2018,other,hisp,f,15-19,11565,0
PA,2018,other,hisp,m,20-24,11927,0
PA,2018,other,hisp,f,20-24,11927,0
PA,2018,other,hisp,m,25-29,12650,0
PA,2018,other,hisp,f,25-29,12650,0
PA,2018,other,hisp,m,30-34,12650,0
PA,2018,other,hisp,f,30-34,12650,0
PA,2018,other,hisp,m,35-39,12288,0
PA,2018,other,hisp,f,35-39,12288,0
PA,2018,other,hisp,m,40-44,11385,0
PA,2018,other,hisp,f,40-44,11385,0
PA,2018,other,hisp,m,45-49,10842,0
PA,2018,other,hisp,f,45-49,10842,0
PA,2018,other,hisp,m,50-54,11565,0
PA,2018,other,hisp,f,50-54,11565,0
PA,2018,other,hisp,m,55-59,12107,0
PA,2018,other,hisp,f,55-59,12107,0
PA,2018,other,hisp,m,60-64,11565,0
PA,2018,other,hisp,f,60-64,11565,0
PA,2018,other,hisp,m,65-69,9758,0
PA,2018,other,hisp,f,65-69,9758,0
PA,2018,other,hisp,m,70-74,8132,0
PA,2018,other,hisp,f,70-74,8132,0
PA,2018,other,hisp,m,75-79,5783,0
PA,2018,other,hisp,f,75-79,5783,0
PA,2018,other,hisp,m,80-84,2891,0
PA,2018,other,hisp,f,80-84,4337,0
PA,2018,other,hisp,m,85+,3036,0
PA,2018,other,hisp,f,85+,4554,0
RI,2018,white,non-hisp,m,0-4,21895,0
RI,2018,white,non-hisp,f,0-4,21895,0
RI,2018,white,non-hisp,m,5-9,22650,0
RI,2018,white,non-hisp,f,5-9,22650,0
RI,2018,white,non-hisp,m,10-14,24160,0
RI,2018,white,non-hisp,f,10-14,24160,0
RI,2018,white,non-hisp,m,15-19,24160,0
RI,2018,white,non-hisp,f,15-19,24160,0
RI,2018,white,non-hisp,m,20-24,24915,0
RI,2018,white,non-hisp,f,20-24,24915,0
RI,2018,white,non-hisp,m,25-29,26425,0
RI,2018,white,non-hisp,f,25-29,26425,0
RI,2018,white,non-hisp,m,30-34,26425,0
RI,2018,white,non-hisp,f,30-34,26425,0
RI,2018,white,non-hisp,m,35-39,25670,0
RI,2018,white,non-hisp,f,35-39,25670,0
RI,2018,white,non-hisp,m,40-44,23782,0
RI,2018,white,non-hisp,f,40-44,23782,0
RI,2018,white,non-hisp,m,45-49,22650,0
RI,2018,white,non-hisp,f,45-49,22650,0
RI,2018,white,non-hisp,m,50-54,24160,0
RI,2018,white,non-hisp,f,50-54,24160,0
RI,2018,white,non-hisp,m,55-59,25292,0
RI,2018,white,non-hisp,f,55-59,25292,0
RI,2018,white,non-hisp,m,60-64,24160,0
RI,2018,white,non-hisp,f,60-64,24160,0
RI,2018,white,non-hisp,m,65-69,20385,0
RI,2018,white,non-hisp,f,65-69,20385,0
RI,2018,white,non-hisp,m,70-74,16987,0
RI,2018,white,non-hisp,f,70-74,16987,0
RI,2018,white,non-hisp,m,75-79,12080,0
RI,2018,white,non-hisp,f,75-79,12080,0
RI,2018,white,non-hisp,m,80-84,6040,0
RI,2018,white,non-hisp,f,80-84,9060,0
RI,2018,white,non-hisp,m,85+,6342,0
RI,2018,white,non-hisp,f,85+,9513,0
RI,2018,black,non-hisp,m,0-4,1789,0
RI,2018,black,non-hisp,f,0-4,1789,0
RI,2018,black,non-hisp,m,5-9,1851,0
RI,2018,black,non-hisp,f,5-9,1851,0
RI,2018,black,non-hisp,m,10-14,1974,0
RI,2018,black,non-hisp,f,10-14,1974,0
RI,2018,black,non-hisp,m,15-19,1974,0
RI,2018,black,non-hisp,f,15-19,1974,0
RI,2018,black,non-hisp,m,20-24,2036,0
RI,2018,black,non-hisp,f,20-24,2036,0
RI,2018,black,non-hisp,m,25-29,2159,0
RI,2018,black,non-hisp,f,25-29,2159,0
RI,2018,black,non-hisp,m,30-34,2159,0
RI,2018,black,non-hisp,f,30-34,2159,0
RI,2018,black,non-hisp,m,35-39,2097,0
RI,2018,black,non-hisp,f,35-39,2097,0
RI,2018,black,non-hisp,m,40-44,1943,0
RI,2018,black,non-hisp,f,40-44,1943,0
RI,2018,black,non-hisp,m,45-49,1851,0
RI,2018,black,non-hisp,f,45-49,1851,0
RI,2018,black,non-hisp,m,50-54,1974,0
RI,2018,black,non-hisp,f,50-54,1974,0
RI,2018,black,non-hisp,m,55-59,2067,0
RI,2018,black,non-hisp,f,55-59,2067,0
RI,2018,black,non-hisp,m,60-64,1974,0
RI,2018,black,non-hisp,f,60-64,1974,0
RI,2018,black,non-hisp,m,65-69,1666,0
RI,2018,black,non-hisp,f,65-69,1666,0
RI,2018,black,non-hisp,m,70-74,1388,0
RI,2018,black,non-hisp,f,70-74,1388,0
RI,2018,black,non-hisp,m,75-79,987,0
RI,2018,black,non-hisp,f,75-79,987,0
RI,2018,black,non-hisp,m,80-84,494,0
RI,2018,black,non-hisp,f,80-84,740,0
RI,2018,black,non-hisp,m,85+,518,0
RI,2018,black,non-hisp,f,85+,777,0
RI,2018,asian,non-hisp,m,0-4,1026,0
RI,2018,asian,non-hisp,f,0-4,1026,0
RI,2018,asian,non-hisp,m,5-9,1061,0
RI,2018,asian,non-hisp,f,5-9,1061,0
RI,2018,asian,non-hisp,m,10-14,1132,0
RI,2018,asian,non-hisp,f,10-14,1132,0
RI,2018,asian,non-hisp,m,15-19,1132,0
RI,2018,asian,non-hisp,f,15-19,1132,0
RI,2018,asian,non-hisp,m,20-24,1167,0
RI,2018,asian,non-hisp,f,20-24,1167,0
RI,2018,asian,non-hisp,m,25-29,1238,0
RI,2018,asian,non-hisp,f,25-29,1238,0
RI,2018,asian,non-hisp,m,30-34,1238,0
RI,2018,asian,non-hisp,f,30-34,1238,0
RI,2018,asian,non-hisp,m,35-39,1203,0
RI,2018,asian,non-hisp,f,35-39,1203,0
RI,2018,asian,non-hisp,m,40-44,1114,0
RI,2018,asian,non-hisp,f,40-44,1114,0
RI,2018,asian,non-hisp,m,45-49,1061,0
RI,2018,asian,non-hisp,f,45-49,1061,0
RI,2018,asian,non-hisp,m,50-54,1132,0
RI,2018,asian,non-hisp,f,50-54,1132,0
RI,2018,asian,non-hisp,m,55-59,1185,0
RI,2018,asian,non-hisp,f,55-59,1185,0
RI,2018,asian,non-hisp,m,60-64,1132,0
RI,2018,asian,non-hisp,f,60-64,1132,0
RI,2018,asian,non-hisp,m,65-69,955,0
RI,2018,asian,non-hisp,f,65-69,955,0
RI,2018,asian,non-hisp,m,70-74,796,0
RI,2018,asian,non-hisp,f,70-74,796,0
RI,2018,asian,non-hisp,m,75-79,566,0
RI,2018,asian,non-hisp,f,75-79,566,0
RI,2018,asian,non-hisp,m,80-84,283,0
RI,2018,asian,non-hisp,f,80-84,425,0
RI,2018,asian,non-hisp,m,85+,297,0
RI,2018,asian,non-hisp,f,85+,446,0
RI,2018,other,non-hisp,m,0-4,1071,0
RI,2018,other,non-hisp,f,0-4,1071,0
RI,2018,other,non-hisp,m,5-9,1107,0
RI,2018,other,non-hisp,f,5-9,1107,0
RI,2018,other,non-hisp,m,10-14,1181,0
RI,2018,other,non-hisp,f,10-14,1181,0
RI,2018,other,non-hisp,m,15-19,1181,0
RI,2018,other,non-hisp,f,15-19,1181,0
RI,2018,other,non-hisp,m,20-24,1218,0
RI,2018,other,non-hisp,f,20-24,1218,0
RI,2018,other,non-hisp,m,25-29,1292,0
RI,2018,other,non-hisp,f,25-29,1292,0
RI,2018,other,non-hisp,m,30-34,1292,0
RI,2018,other,non-hisp,f,30-34,1292,0
RI,2018,other,non-hisp,m,35-39,1255,0
RI,2018,other,non-hisp,f,35-39,1255,0
RI,2018,other,non-hisp,m,40-44,1163,0
RI,2018,other,non-hisp,f,40-44,1163,0
RI,2018,other,non-hisp,m,45-49,1107,0
RI,2018,other,non-hisp,f,45-49,1107,0
RI,2018,other,non-hisp,m,50-54,1181,0
RI,2018,other,non-hisp,f,50-54,1181,0
RI,2018,other,non-hisp,m,55-59,1237,0
RI,2018,other,non-hisp,f,55-59,1237,0
RI,2018,other,non-hisp,m,60-64,1181,0
RI,2018,other,non-hisp,f,60-64,1181,0
RI,2018,other,non-hisp,m,65-69,997,0
RI,2018,other,non-hisp,f,65-69,997,0
RI,2018,other,non-hisp,m,70-74,831,0
RI,2018,other,non-hisp,f,70-74,831,0
RI,2018,other,non-hisp,m,75-79,591,0
RI,2018,other,non-hisp,f,75-79,591,0
RI,2018,other,non-hisp,m,80-84,295,0
RI,2018,other,non-hisp,f,80-84,443,0
RI,2018,other,non-hisp,m,85+,310,0
RI,2018,other,non-hisp,f,85+,465,0
RI,2018,white,hisp,m,0-4,2837,0
RI,2018,white,hisp,f,0-4,2837,0
RI,2018,white,hisp,m,5-9,2934,0
RI,2018,white,hisp,f,5-9,2934,0
RI,2018,white,hisp,m,10-14,3130,0
RI,2018,white,hisp,f,10-14,3130,0
RI,2018,white,hisp,m,15-19,3130,0
RI,2018,white,hisp,f,15-19,3130,0
RI,2018,white,hisp,m,20-24,3228,0
RI,2018,white,hisp,f,20-24,3228,0
RI,2018,white,hisp,m,25-29,3424,0
RI,2018,white,hisp,f,25-29,3424,0
RI,2018,white,hisp,m,30-34,3424,0
RI,2018,white,hisp,f,30-34,3424,0
RI,2018,white,hisp,m,35-39,3326,0
RI,2018,white,hisp,f,35-39,3326,0
RI,2018,white,hisp,m,40-44,3081,0
RI,2018,white,hisp,f,40-44,3081,0
RI,2018,white,hisp,m,45-49,2934,0
RI,2018,white,hisp,f,45-49,2934,0
RI,2018,white,hisp,m,50-54,3130,0
RI,2018,white,hisp,f,50-54,3130,0
RI,2018,white,hisp,m,55-59,3277,0
RI,2018,white,hisp,f,55-59,3277,0
RI,2018,white,hisp,m,60-64,3130,0
RI,2018,white,hisp,f,60-64,3130,0
RI,2018,white,hisp,m,65-69,2641,0
RI,2018,white,hisp,f,65-69,2641,0
RI,2018,white,hisp,m,70-74,2201,0
RI,2018,white,hisp,f,70-74,2201,0
RI,2018,white,hisp,m,75-79,1565,0
RI,2018,white,hisp,f,75-79,1565,0
RI,2018,white,hisp,m,80-84,783,0
RI,2018,white,hisp,f,80-84,1174,0
RI,2018,white,hisp,m,85+,822,0
RI,2018,white,hisp,f,85+,1232,0
RI,2018,black,hisp,m,0-4,263,0
RI,2018,black,hisp,f,0-4,263,0
RI,2018,black,hisp,m,5-9,272,0
RI,2018,black,hisp,f,5-9,272,0
RI,2018,black,hisp,m,10-14,290,0
RI,2018,black,hisp,f,10-14,290,0
RI,2018,black,hisp,m,15-19,290,0
RI,2018,black,hisp,f,15-19,290,0
RI,2018,black,hisp,m,20-24,299,0
RI,2018,black,hisp,f,20-24,299,0
RI,2018,black,hisp,m,25-29,317,0
RI,2018,black,hisp,f,25-29,317,0
RI,2018,black,hisp,m,30-34,317,0
RI,2018,black,hisp,f,30-34,317,0
RI,2018,black,hisp,m,35-39,308,0
RI,2018,black,hisp,f,35-39,308,0
RI,2018,black,hisp,m,40-44,285,0
RI,2018,black,hisp,f,40-44,285,0
RI,2018,black,hisp,m,45-49,272,0
RI,2018,black,hisp,f,45-49,272,0
RI,2018,black,hisp,m,50-54,290,0
RI,2018,black,hisp,f,50-54,290,0
RI,2018,black,hisp,m,55-59,303,0
RI,2018,black,hisp,f,55-59,303,0
RI,2018,black,hisp,m,60-64,290,0
RI,2018,black,hisp,f,60-64,290,0
RI,2018,black,hisp,m,65-69,245,0
RI,2018,black,hisp,f,65-69,245,0
RI,2018,black,hisp,m,70-74,204,0
RI,2018,black,hisp,f,70-74,204,0
RI,2018,black,hisp,m,75-79,145,0
RI,2018,black,hisp,f,75-79,145,0
RI,2018,black,hisp,m,80-84,72,0
RI,2018,black,hisp,f,80-84,109,0
RI,2018,black,hisp,m,85+,76,0
RI,2018,black,hisp,f,85+,114,0
RI,2018,asian,hisp,m,0-4,20,0
RI,2018,asian,hisp,f,0-4,20,0
RI,2018,asian,hisp,m,5-9,21,0
RI,2018,asian,hisp,f,5-9,21,0
RI,2018,asian,hisp,m,10-14,22,0
RI,2018,asian,hisp,f,10-14,22,0
RI,2018,asian,hisp,m,15-19,22,0
RI,2018,asian,hisp,f,15-19,22,0
RI,2018,asian,hisp,m,20-24,23,0
RI,2018,asian,hisp,f,20-24,23,0
RI,2018,asian,hisp,m,25-29,24,0
RI,2018,asian,hisp,f,25-29,24,0
RI,2018,asian,hisp,m,30-34,24,0
RI,2018,asian,hisp,f,30-34,24,0
RI,2018,asian,hisp,m,35-39,23,0
RI,2018,asian,hisp,f,35-39,23,0
RI,2018,asian,hisp,m,40-44,22,0
RI,2018,asian,hisp,f,40-44,22,0
RI,2018,asian,hisp,m,45-49,21,0
RI,2018,asian,hisp,f,45-49,21,0
RI,2018,asian,hisp,m,50-54,22,0
RI,2018,asian,hisp,f,50-54,22,0
RI,2018,asian,hisp,m,55-59,23,0
RI,2018,asian,hisp,f,55-59,23,0
RI,2018,asian,hisp,m,60-64,22,0
RI,2018,asian,hisp,f,60-64,22,0
RI,2018,asian,hisp,m,65-69,19,0
RI,2018,asian,hisp,f,65-69,19,0
RI,2018,asian,hisp,m,70-74,15,0
RI,2018,asian,hisp,f,70-74,15,0
RI,2018,asian,hisp,m,75-79,11,0
RI,2018,asian,hisp,f,75-79,11,0
RI,2018,asian,hisp,m,80-84,5,0
RI,2018,asian,hisp,f,80-84,8,0
RI,2018,asian,hisp,m,85+,6,0
RI,2018,asian,hisp,f,85+,9,0
RI,2018,other,hisp,m,0-4,1763,0
RI,2018,other,hisp,f,0-4,1763,0
RI,2018,other,hisp,m,5-9,1823,0
RI,2018,other,hisp,f,5-9,1823,0
RI,2018,other,hisp,m,10-14,1945,0
RI,2018,other,hisp,f,10-14,1945,0
RI,2018,other,hisp,m,15-19,1945,0
RI,2018,other,hisp,f,15-19,1945,0
RI,2018,other,hisp,m,20-24,2006,0
RI,2018,other,hisp,f,20-24,2006,0
RI,2018,other,hisp,m,25-29,2127,0
RI,2018,other,hisp,f,25-29,2127,0
RI,2018,other,hisp,m,30-34,2127,0
RI,2018,other,hisp,f,30-34,2127,0
RI,2018,other,hisp,m,35-39,2067,0
RI,2018,other,hisp,f,35-39,2067,0
RI,2018,other,hisp,m,40-44,1915,0
RI,2018,other,hisp,f,40-44,1915,0
RI,2018,other,hisp,m,45-49,1823,0
RI,2018,other,hisp,f,45-49,1823,0
RI,2018,other,hisp,m,50-54,1945,0
RI,2018,other,hisp,f,50-54,1945,0
RI,2018,other,hisp,m,55-59,2036,0
RI,2018,other,hisp,f,55-59,2036,0
RI,2018,other,hisp,m,60-64,1945,0
RI,2018,other,hisp,f,60-64,1945,0
RI,2018,other,hisp,m,65-69,1641,0
RI,2018,other,hisp,f,65-69,1641,0
RI,2018,other,hisp,m,70-74,1368,0
RI,2018,other,hisp,f,70-74,1368,0
RI,2018,other,hisp,m,75-79,973,0
RI,2018,other,hisp,f,75-79,973,0
RI,2018,other,hisp,m,80-84,486,0
RI,2018,other,hisp,f,80-84,729,0
RI,2018,other,hisp,m,85+,511,0
RI,2018,other,hisp,f,85+,766,0
SC,2018,white,non-hisp,m,0-4,93664,0
SC,2018,white,non-hisp,f,0-4,93664,0
SC,2018,white,non-hisp,m,5-9,96894,0
SC,2018,white,non-hisp,f,5-9,96894,0
SC,2018,white,non-hisp,m,10-14,103353,0
SC,2018,white,non-hisp,f,10-14,103353,0
SC,2018,white,non-hisp,m,15-19,103353,0
SC,2018,white,non-hisp,f,15-19,103353,0
SC,2018,white,non-hisp,m,20-24,106583,0
SC,2018,white,non-hisp,f,20-24,106583,0
SC,2018,white,non-hisp,m,25-29,113043,0
SC,2018,white,non-hisp,f,25-29,113043,0
SC,2018,white,non-hisp,m,30-34,113043,0
SC,2018,white,non-hisp,f,30-34,113043,0
SC,2018,white,non-hisp,m,35-39,109813,0
SC,2018,white,non-hisp,f,35-39,109813,0
SC,2018,white,non-hisp,m,40-44,101738,0
SC,2018,white,non-hisp,f,40-44,101738,0
SC,2018,white,non-hisp,m,45-49,96894,0
SC,2018,white,non-hisp,f,45-49,96894,0
SC,2018,white,non-hisp,m,50-54,103353,0
SC,2018,white,non-hisp,f,50-54,103353,0
SC,2018,white,non-hisp,m,55-59,108198,0
SC,2018,white,non-hisp,f,55-59,108198,0
SC,2018,white,non-hisp,m,60-64,103353,0
SC,2018,white,non-hisp,f,60-64,103353,0
SC,2018,white,non-hisp,m,65-69,87204,0
SC,2018,white,non-hisp,f,65-69,87204,0
SC,2018,white,non-hisp,m,70-74,72670,0
SC,2018,white,non-hisp,f,70-74,72670,0
SC,2018,white,non-hisp,m,75-79,51677,0
SC,2018,white,non-hisp,f,75-79,51677,0
SC,2018,white,non-hisp,m,80-84,25838,0
SC,2018,white,non-hisp,f,80-84,38758,0
SC,2018,white,non-hisp,m,85+,27130,0
SC,2018,white,non-hisp,f,85+,40695,0
SC,2018,black,non-hisp,m,0-4,39007,0
SC,2018,black,non-hisp,f,0-4,39007,0
SC,2018,black,non-hisp,m,5-9,40352,0
SC,2018,black,non-hisp,f,5-9,40352,0
SC,2018,black,non-hisp,m,10-14,43042,0
SC,2018,black,non-hisp,f,10-14,43042,0
SC,2018,black,non-hisp,m,15-19,43042,0
SC,2018,black,non-hisp,f,15-19,43042,0
SC,2018,black,non-hisp,m,20-24,44388,0
SC,2018,black,non-hisp,f,20-24,44388,0
SC,2018,black,non-hisp,m,25-29,47078,0
SC,2018,black,non-hisp,f,25-29,47078,0
SC,2018,black,non-hisp,m,30-34,47078,0
SC,2018,black,non-hisp,f,30-34,47078,0
SC,2018,black,non-hisp,m,35-39,45733,0
SC,2018,black,non-hisp,f,35-39,45733,0
SC,2018,black,non-hisp,m,40-44,42370,0
SC,2018,black,non-hisp,f,40-44,42370,0
SC,2018,black,non-hisp,m,45-49,40352,0
SC,2018,black,non-hisp,f,45-49,40352,0
SC,2018,black,non-hisp,m,50-54,43042,0
SC,2018,black,non-hisp,f,50-54,43042,0
SC,2018,black,non-hisp,m,55-59,45060,0
SC,2018,black,non-hisp,f,55-59,45060,0
SC,2018,black,non-hisp,m,60-64,43042,0
SC,2018,black,non-hisp,f,60-64,43042,0
SC,2018,black,non-hisp,m,65-69,36317,0
SC,2018,black,non-hisp,f,65-69,36317,0
SC,2018,black,non-hisp,m,70-74,30264,0
SC,2018,black,non-hisp,f,70-74,30264,0
SC,2018,black,non-hisp,m,75-79,21521,0
SC,2018,black,non-hisp,f,75-79,21521,0
SC,2018,black,non-hisp,m,80-84,10761,0
SC,2018,black,non-hisp,f,80-84,16141,0
SC,2018,black,non-hisp,m,85+,11299,0
SC,2018,black,non-hisp,f,85+,16948,0
SC,2018,asian,non-hisp,m,0-4,2339,0
SC,2018,asian,non-hisp,f,0-4,2339,0
SC,2018,asian,non-hisp,m,5-9,2419,0
SC,2018,asian,non-hisp,f,5-9,2419,0
SC,2018,asian,non-hisp,m,10-14,2580,0
SC,2018,asian,non-hisp,f,10-14,2580,0
SC,2018,asian,non-hisp,m,15-19,2580,0
SC,2018,asian,non-hisp,f,15-19,2580,0
SC,2018,asian,non-hisp,m,20-24,2661,0
SC,2018,asian,non-hisp,f,20-24,2661,0
SC,2018,asian,non-hisp,m,25-29,2822,0
SC,2018,asian,non-hisp,f,25-29,2822,0
SC,2018,asian,non-hisp,m,30-34,2822,0
SC,2018,asian,non-hisp,f,30-34,2822,0
SC,2018,asian,non-hisp,m,35-39,2742,0
SC,2018,asian,non-hisp,f,35-39,2742,0
SC,2018,asian,non-hisp,m,40-44,2540,0
SC,2018,asian,non-hisp,f,40-44,2540,0
SC,2018,asian,non-hisp,m,45-49,2419,0
SC,2018,asian,non-hisp,f,45-49,2419,0
SC,2018,asian,non-hisp,m,50-54,2580,0
SC,2018,asian,non-hisp,f,50-54,2580,0
SC,2018,asian,non-hisp,m,55-59,2701,0
SC,2018,asian,non-hisp,f,55-59,2701,0
SC,2018,asian,non-hisp,m,60-64,2580,0
SC,2018,asian,non-hisp,f,60-64,2580,0
SC,2018,asian,non-hisp,m,65-69,2177,0
SC,2018,asian,non-hisp,f,65-69,2177,0
SC,2018,asian,non-hisp,m,70-74,1814,0
SC,2018,asian,non-hisp,f,70-74,1814,0
SC,2018,asian,non-hisp,m,75-79,1290,0
SC,2018,asian,non-hisp,f,75-79,1290,0
SC,2018,asian,non-hisp,m,80-84,645,0
SC,2018,asian,non-hisp,f,80-84,968,0
SC,2018,asian,non-hisp,m,85+,677,0
SC,2018,asian,non-hisp,f,85+,1016,0
SC,2018,other,non-hisp,m,0-4,3889,0
SC,2018,other,non-hisp,f,0-4,3889,0
SC,2018,other,non-hisp,m,5-9,4024,0
SC,2018,other,non-hisp,f,5-9,4024,0
SC,2018,other,non-hisp,m,10-14,4292,0
SC,2018,other,non-hisp,f,10-14,4292,0
SC,2018,other,non-hisp,m,15-19,4292,0
SC,2018,other,non-hisp,f,15-19,4292,0
SC,2018,other,non-hisp,m,20-24,4426,0
SC,2018,other,non-hisp,f,20-24,4426,0
SC,2018,other,non-hisp,m,25-29,4694,0
SC,2018,other,non-hisp,f,25-29,4694,0
SC,2018,other,non-hisp,m,30-34,4694,0
SC,2018,other,non-hisp,f,30-34,4694,0
SC,2018,other,non-hisp,m,35-39,4560,0
SC,2018,other,non-hisp,f,35-39,4560,0
SC,2018,other,non-hisp,m,40-44,4225,0
SC,2018,other,non-hisp,f,40-44,4225,0
SC,2018,other,non-hisp,m,45-49,4024,0
SC,2018,other,non-hisp,f,45-49,4024,0
SC,2018,other,non-hisp,m,50-54,4292,0
SC,2018,other,non-hisp,f,50-54,4292,0
SC,2018,other,non-hisp,m,55-59,4493,0
SC,2018,other,non-hisp,f,55-59,4493,0
SC,2018,other,non-hisp,m,60-64,4292,0
SC,2018,other,non-hisp,f,60-64,4292,0
SC,2018,other,non-hisp,m,65-69,3621,0
SC,2018,other,non-hisp,f,65-69,3621,0
SC,2018,other,non-hisp,m,70-74,3018,0
SC,2018,other,non-hisp,f,70-74,3018,0
SC,2018,other,non-hisp,m,75-79,2146,0
SC,2018,other,non-hisp,f,75-79,2146,0
SC,2018,other,non-hisp,m,80-84,1073,0
SC,2018,other,non-hisp,f,80-84,1609,0
SC,2018,other,non-hisp,m,85+,1127,0
SC,2018,other,non-hisp,f,85+,1690,0
SC,2018,white,hisp,m,0-4,5159,0
SC,2018,white,hisp,f,0-4,5159,0
SC,2018,white,hisp,m,5-9,5337,0
SC,2018,white,hisp,f,5-9,5337,0
SC,2018,white,hisp,m,10-14,5693,0
SC,2018,white,hisp,f,10-14,5693,0
SC,2018,white,hisp,m,15-19,5693,0
SC,2018,white,hisp,f,15-19,5693,0
SC,2018,white,hisp,m,20-24,5871,0
SC,2018,white,hisp,f,20-24,5871,0
SC,2018,white,hisp,m,25-29,6227,0
SC,2018,white,hisp,f,25-29,6227,0
SC,2018,white,hisp,m,30-34,6227,0
SC,2018,white,hisp,f,30-34,6227,0
SC,2018,white,hisp,m,35-39,6049,0
SC,2018,white,hisp,f,35-39,6049,0
SC,2018,white,hisp,m,40-44,5604,0
SC,2018,white,hisp,f,40-44,5604,0
SC,2018,white,hisp,m,45-49,5337,0
SC,2018,white,hisp,f,45-49,5337,0
SC,2018,white,hisp,m,50-54,5693,0
SC,2018,white,hisp,f,50-54,5693,0
SC,2018,white,hisp,m,55-59,5960,0
SC,2018,white,hisp,f,55-59,5960,0
SC,2018,white,hisp,m,60-64,5693,0
SC,2018,white,hisp,f,60-64,5693,0
SC,2018,white,hisp,m,65-69,4804,0
SC,2018,white,hisp,f,65-69,4804,0
SC,2018,white,hisp,m,70-74,4003,0
SC,2018,white,hisp,f,70-74,4003,0
SC,2018,white,hisp,m,75-79,2847,0
SC,2018,white,hisp,f,75-79,2847,0
SC,2018,white,hisp,m,80-84,1423,0
SC,2018,white,hisp,f,80-84,2135,0
SC,2018,white,hisp,m,85+,1494,0
SC,2018,white,hisp,f,85+,2242,0
SC,2018,black,hisp,m,0-4,247,0
SC,2018,black,hisp,f,0-4,247,0
SC,2018,black,hisp,m,5-9,256,0
SC,2018,black,hisp,f,5-9,256,0
SC,2018,black,hisp,m,10-14,273,0
SC,2018,black,hisp,f,10-14,273,0
SC,2018,black,hisp,m,15-19,273,0
SC,2018,black,hisp,f,15-19,273,0
SC,2018,black,hisp,m,20-24,281,0
SC,2018,black,hisp,f,20-24,281,0
SC,2018,black,hisp,m,25-29,298,0
SC,2018,black,hisp,f,25-29,298,0
SC,2018,black,hisp,m,30-34,298,0
SC,2018,black,hisp,f,30-34,298,0
SC,2018,black,hisp,m,35-39,290,0
SC,2018,black,hisp,f,35-39,290,0
SC,2018,black,hisp,m,40-44,268,0
SC,2018,black,hisp,f,40-44,268,0
SC,2018,black,hisp,m,45-49,256,0
SC,2018,black,hisp,f,45-49,256,0
SC,2018,black,hisp,m,50-54,273,0
SC,2018,black,hisp,f,50-54,273,0
SC,2018,black,hisp,m,55-59,285,0
SC,2018,black,hisp,f,55-59,285,0
SC,2018,black,hisp,m,60-64,273,0
SC,2018,black,hisp,f,60-64,273,0
SC,2018,black,hisp,m,65-69,230,0
SC,2018,black,hisp,f,65-69,230,0
SC,2018,black,hisp,m,70-74,192,0
SC,2018,black,hisp,f,70-74,192,0
SC,2018,black,hisp,m,75-79,136,0
SC,2018,black,hisp,f,75-79,136,0
SC,2018,black,hisp,m,80-84,68,0
SC,2018,black,hisp,f,80-84,102,0
SC,2018,black,hisp,m,85+,72,0
SC,2018,black,hisp,f,85+,107,0
SC,2018,asian,hisp,m,0-4,10,0
SC,2018,asian,hisp,f,0-4,10,0
SC,2018,asian,hisp,m,5-9,10,0
SC,2018,asian,hisp,f,5-9,10,0
SC,2018,asian,hisp,m,10-14,11,0
SC,2018,asian,hisp,f,10-14,11,0
SC,2018,asian,hisp,m,15-19,11,0
SC,2018,asian,hisp,f,15-19,11,0
SC,2018,asian,hisp,m,20-24,11,0
SC,2018,asian,hisp,f,20-24,11,0
SC,2018,asian,hisp,m,25-29,12,0
SC,2018,asian,hisp,f,25-29,12,0
SC,2018,asian,hisp,m,30-34,12,0
SC,2018,asian,hisp,f,30-34,12,0
SC,2018,asian,hisp,m,35-39,11,0
SC,2018,asian,hisp,f,35-39,11,0
SC,2018,asian,hisp,m,40-44,10,0
SC,2018,asian,hisp,f,40-44,10,0
SC,2018,asian,hisp,m,45-49,10,0
SC,2018,asian,hisp,f,45-49,10,0
SC,2018,asian,hisp,m,50-54,11,0
SC,2018,asian,hisp,f,50-54,11,0
SC,2018,asian,hisp,m,55-59,11,0
SC,2018,asian,hisp,f,55-59,11,0
SC,2018,asian,hisp,m,60-64,11,0
SC,2018,asian,hisp,f,60-64,11,0
SC,2018,asian,hisp,m,65-69,9,0
SC,2018,asian,hisp,f,65-69,9,0
SC,2018,asian,hisp,m,70-74,7,0
SC,2018,asian,hisp,f,70-74,7,0
SC,2018,asian,hisp,m,75-79,5,0
SC,2018,asian,hisp,f,75-79,5,0
SC,2018,asian,hisp,m,80-84,3,0
SC,2018,asian,hisp,f,80-84,4,0
SC,2018,asian,hisp,m,85+,3,0
SC,2018,asian,hisp,f,85+,4,0
SC,2018,other,hisp,m,0-4,3124,0
SC,2018,other,hisp,f,0-4,3124,0
SC,2018,other,hisp,m,5-9,3232,0
SC,2018,other,hisp,f,5-9,3232,0
SC,2018,other,hisp,m,10-14,3448,0
SC,2018,other,hisp,f,10-14,3448,0
SC,2018,other,hisp,m,15-19,3448,0
SC,2018,other,hisp,f,15-19,3448,0
SC,2018,other,hisp,m,20-24,3555,0
SC,2018,other,hisp,f,20-24,3555,0
SC,2018,other,hisp,m,25-29,3771,0
SC,2018,other,hisp,f,25-29,3771,0
SC,2018,other,hisp,m,30-34,3771,0
SC,2018,other,hisp,f,30-34,3771,0
SC,2018,other,hisp,m,35-39,3663,0
SC,2018,other,hisp,f,35-39,3663,0
SC,2018,other,hisp,m,40-44,3394,0
SC,2018,other,hisp,f,40-44,3394,0
SC,2018,other,hisp,m,45-49,3232,0
SC,2018,other,hisp,f,45-49,3232,0
SC,2018,other,hisp,m,50-54,3448,0
SC,2018,other,hisp,f,50-54,3448,0
SC,2018,other,hisp,m,55-59,3609,0
SC,2018,other,hisp,f,55-59,3609,0
SC,2018,other,hisp,m,60-64,3448,0
SC,2018,other,hisp,f,60-64,3448,0
SC,2018,other,hisp,m,65-69,2909,0
SC,2018,other,hisp,f,65-69,2909,0
SC,2018,other,hisp,m,70-74,2424,0
SC,2018,other,hisp,f,70-74,2424,0
SC,2018,other,hisp,m,75-79,1724,0
SC,2018,other,hisp,f,75-79,1724,0
SC,2018,other,hisp,m,80-84,862,0
SC,2018,other,hisp,f,80-84,1293,0
SC,2018,other,hisp,m,85+,905,0
SC,2018,other,hisp,f,85+,1357,0
SD,2018,white,non-hisp,m,0-4,20845,0
SD,2018,white,non-hisp,f,0-4,20845,0
SD,2018,white,non-hisp,m,5-9,21563,0
SD,2018,white,non-hisp,f,5-9,21563,0
SD,2018,white,non-hisp,m,10-14,23001,0
SD,2018,white,non-hisp,f,10-14,23001,0
SD,2018,white,non-hisp,m,15-19,23001,0
SD,2018,white,non-hisp,f,15-19,23001,0
SD,2018,white,non-hisp,m,20-24,23720,0
SD,2018,white,non-hisp,f,20-24,23720,0
SD,2018,white,non-hisp,m,25-29,25157,0
SD,2018,white,non-hisp,f,25-29,25157,0
SD,2018,white,non-hisp,m,30-34,25157,0
SD,2018,white,non-hisp,f,30-34,25157,0
SD,2018,white,non-hisp,m,35-39,24439,0
SD,2018,white,non-hisp,f,35-39,24439,0
SD,2018,white,non-hisp,m,40-44,22642,0
SD,2018,white,non-hisp,f,40-44,22642,0
SD,2018,white,non-hisp,m,45-49,21563,0
SD,2018,white,non-hisp,f,45-49,21563,0
SD,2018,white,non-hisp,m,50-54,23001,0
SD,2018,white,non-hisp,f,50-54,23001,0
SD,2018,white,non-hisp,m,55-59,24079,0
SD,2018,white,non-hisp,f,55-59,24079,0
SD,2018,white,non-hisp,m,60-64,23001,0
SD,2018,white,non-hisp,f,60-64,23001,0
SD,2018,white,non-hisp,m,65-69,19407,0
SD,2018,white,non-hisp,f,65-69,19407,0
SD,2018,white,non-hisp,m,70-74,16173,0
SD,2018,white,non-hisp,f,70-74,16173,0
SD,2018,white,non-hisp,m,75-79,11501,0
SD,2018,white,non-hisp,f,75-79,11501,0
SD,2018,white,non-hisp,m,80-84,5750,0
SD,2018,white,non-hisp,f,80-84,8625,0
SD,2018,white,non-hisp,m,85+,6038,0
SD,2018,white,non-hisp,f,85+,9057,0
SD,2018,black,non-hisp,m,0-4,548,0
SD,2018,black,non-hisp,f,0-4,548,0
SD,2018,black,non-hisp,m,5-9,567,0
SD,2018,black,non-hisp,f,5-9,567,0
SD,2018,black,non-hisp,m,10-14,605,0
SD,2018,black,non-hisp,f,10-14,605,0
SD,2018,black,non-hisp,m,15-19,605,0
SD,2018,black,non-hisp,f,15-19,605,0
SD,2018,black,non-hisp,m,20-24,624,0
SD,2018,black,non-hisp,f,20-24,624,0
SD,2018,black,non-hisp,m,25-29,661,0
SD,2018,black,non-hisp,f,25-29,661,0
SD,2018,black,non-hisp,m,30-34,661,0
SD,2018,black,non-hisp,f,30-34,661,0
SD,2018,black,non-hisp,m,35-39,642,0
SD,2018,black,non-hisp,f,35-39,642,0
SD,2018,black,non-hisp,m,40-44,595,0
SD,2018,black,non-hisp,f,40-44,595,0
SD,2018,black,non-hisp,m,45-49,567,0
SD,2018,black,non-hisp,f,45-49,567,0
SD,2018,black,non-hisp,m,50-54,605,0
SD,2018,black,non-hisp,f,50-54,605,0
SD,2018,black,non-hisp,m,55-59,633,0
SD,2018,black,non-hisp,f,55-59,633,0
SD,2018,black,non-hisp,m,60-64,605,0
SD,2018,black,non-hisp,f,60-64,605,0
SD,2018,black,non-hisp,m,65-69,510,0
SD,2018,black,non-hisp,f,65-69,510,0
SD,2018,black,non-hisp,m,70-74,425,0
SD,2018,black,non-hisp,f,70-74,425,0
SD,2018,black,non-hisp,m,75-79,302,0
SD,2018,black,non-hisp,f,75-79,302,0
SD,2018,black,non-hisp,m,80-84,151,0
SD,2018,black,non-hisp,f,80-84,227,0
SD,2018,black,non-hisp,m,85+,159,0
SD,2018,black,non-hisp,f,85+,238,0
SD,2018,asian,non-hisp,m,0-4,429,0
SD,2018,asian,non-hisp,f,0-4,429,0
SD,2018,asian,non-hisp,m,5-9,444,0
SD,2018,asian,non-hisp,f,5-9,444,0
SD,2018,asian,non-hisp,m,10-14,473,0
SD,2018,asian,non-hisp,f,10-14,473,0
SD,2018,asian,non-hisp,m,15-19,473,0
SD,2018,asian,non-hisp,f,15-19,473,0
SD,2018,asian,non-hisp,m,20-24,488,0
SD,2018,asian,non-hisp,f,20-24,488,0
SD,2018,asian,non-hisp,m,25-29,518,0
SD,2018,asian,non-hisp,f,25-29,518,0
SD,2018,asian,non-hisp,m,30-34,518,0
SD,2018,asian,non-hisp,f,30-34,518,0
SD,2018,asian,non-hisp,m,35-39,503,0
SD,2018,asian,non-hisp,f,35-39,503,0
SD,2018,asian,non-hisp,m,40-44,466,0
SD,2018,asian,non-hisp,f,40-44,466,0
SD,2018,asian,non-hisp,m,45-49,444,0
SD,2018,asian,non-hisp,f,45-49,444,0
SD,2018,asian,non-hisp,m,50-54,473,0
SD,2018,asian,non-hisp,f,50-54,473,0
SD,2018,asian,non-hisp,m,55-59,495,0
SD,2018,asian,non-hisp,f,55-59,495,0
SD,2018,asian,non-hisp,m,60-64,473,0
SD,2018,asian,non-hisp,f,60-64,473,0
SD,2018,asian,non-hisp,m,65-69,399,0
SD,2018,asian,non-hisp,f,65-69,399,0
SD,2018,asian,non-hisp,m,70-74,333,0
SD,2018,asian,non-hisp,f,70-74,333,0
SD,2018,asian,non-hisp,m,75-79,237,0
SD,2018,asian,non-hisp,f,75-79,237,0
SD,2018,asian,non-hisp,m,80-84,118,0
SD,2018,asian,non-hisp,f,80-84,177,0
SD,2018,asian,non-hisp,m,85+,124,0
SD,2018,asian,non-hisp,f,85+,186,0
SD,2018,other,non-hisp,m,0-4,2778,0
SD,2018,other,non-hisp,f,0-4,2778,0
SD,2018,other,non-hisp,m,5-9,2873,0
SD,2018,other,non-hisp,f,5-9,2873,0
SD,2018,other,non-hisp,m,10-14,3065,0
SD,2018,other,non-hisp,f,10-14,3065,0
SD,2018,other,non-hisp,m,15-19,3065,0
SD,2018,other,non-hisp,f,15-19,3065,0
SD,2018,other,non-hisp,m,20-24,3161,0
SD,2018,other,non-hisp,f,20-24,3161,0
SD,2018,other,non-hisp,m,25-29,3352,0
SD,2018,other,non-hisp,f,25-29,3352,0
SD,2018,other,non-hisp,m,30-34,3352,0
SD,2018,other,non-hisp,f,30-34,3352,0
SD,2018,other,non-hisp,m,35-39,3257,0
SD,2018,other,non-hisp,f,35-39,3257,0
SD,2018,other,non-hisp,m,40-44,3017,0
SD,2018,other,non-hisp,f,40-44,3017,0
SD,2018,other,non-hisp,m,45-49,2873,0
SD,2018,other,non-hisp,f,45-49,2873,0
SD,2018,other,non-hisp,m,50-54,3065,0
SD,2018,other,non-hisp,f,50-54,3065,0
SD,2018,other,non-hisp,m,55-59,3209,0
SD,2018,other,non-hisp,f,55-59,3209,0
SD,2018,other,non-hisp,m,60-64,3065,0
SD,2018,other,non-hisp,f,60-64,3065,0
SD,2018,other,non-hisp,m,65-69,2586,0
SD,2018,other,non-hisp,f,65-69,2586,0
SD,2018,other,non-hisp,m,70-74,2155,0
SD,2018,other,non-hisp,f,70-74,2155,0
SD,2018,other,non-hisp,m,75-79,1533,0
SD,2018,other,non-hisp,f,75-79,1533,0
SD,2018,other,non-hisp,m,80-84,766,0
SD,2018,other,non-hisp,f,80-84,1149,0
SD,2018,other,non-hisp,m,85+,805,0
SD,2018,other,non-hisp,f,85+,1207,0
SD,2018,white,hisp,m,0-4,641,0
SD,2018,white,hisp,f,0-4,641,0
SD,2018,white,hisp,m,5-9,663,0
SD,2018,white,hisp,f,5-9,663,0
SD,2018,white,hisp,m,10-14,707,0
SD,2018,white,hisp,f,10-14,707,0
SD,2018,white,hisp,m,15-19,707,0
SD,2018,white,hisp,f,15-19,707,0
SD,2018,white,hisp,m,20-24,729,0
SD,2018,white,hisp,f,20-24,729,0
SD,2018,white,hisp,m,25-29,773,0
SD,2018,white,hisp,f,25-29,773,0
SD,2018,white,hisp,m,30-34,773,0
SD,2018,white,hisp,f,30-34,773,0
SD,2018,white,hisp,m,35-39,751,0
SD,2018,white,hisp,f,35-39,751,0
SD,2018,white,hisp,m,40-44,696,0
SD,2018,white,hisp,f,40-44,696,0
SD,2018,white,hisp,m,45-49,663,0
SD,2018,white,hisp,f,45-49,663,0
SD,2018,white,hisp,m,50-54,707,0
SD,2018,white,hisp,f,50-54,707,0
SD,2018,white,hisp,m,55-59,740,0
SD,2018,white,hisp,f,55-59,740,0
SD,2018,white,hisp,m,60-64,707,0
SD,2018,white,hisp,f,60-64,707,0
SD,2018,white,hisp,m,65-69,596,0
SD,2018,white,hisp,f,65-69,596,0
SD,2018,white,hisp,m,70-74,497,0
SD,2018,white,hisp,f,70-74,497,0
SD,2018,white,hisp,m,75-79,353,0
SD,2018,white,hisp,f,75-79,353,0
SD,2018,white,hisp,m,80-84,177,0
SD,2018,white,hisp,f,80-84,265,0
SD,2018,white,hisp,m,85+,186,0
SD,2018,white,hisp,f,85+,278,0
SD,2018,black,hisp,m,0-4,5,0
SD,2018,black,hisp,f,0-4,5,0
SD,2018,black,hisp,m,5-9,5,0
SD,2018,black,hisp,f,5-9,5,0
SD,2018,black,hisp,m,10-14,5,0
SD,2018,black,hisp,f,10-14,5,0
SD,2018,black,hisp,m,15-19,5,0
SD,2018,black,hisp,f,15-19,5,0
SD,2018,black,hisp,m,20-24,5,0
SD,2018,black,hisp,f,20-24,5,0
SD,2018,black,hisp,m,25-29,6,0
SD,2018,black,hisp,f,25-29,6,0
SD,2018,black,hisp,m,30-34,6,0
SD,2018,black,hisp,f,30-34,6,0
SD,2018,black,hisp,m,35-39,6,0
SD,2018,black,hisp,f,35-39,6,0
SD,2018,black,hisp,m,40-44,5,0
SD,2018,black,hisp,f,40-44,5,0
SD,2018,black,hisp,m,45-49,5,0
SD,2018,black,hisp,f,45-49,5,0
SD,2018,black,hisp,m,50-54,5,0
SD,2018,black,hisp,f,50-54,5,0
SD,2018,black,hisp,m,55-59,5,0
SD,2018,black,hisp,f,55-59,5,0
SD,2018,black,hisp,m,60-64,5,0
SD,2018,black,hisp,f,60-64,5,0
SD,2018,black,hisp,m,65-69,4,0
SD,2018,black,hisp,f,65-69,4,0
SD,2018,black,hisp,m,70-74,4,0
SD,2018,black,hisp,f,70-74,4,0
SD,2018,black,hisp,m,75-79,3,0
SD,2018,black,hisp,f,75-79,3,0
SD,2018,black,hisp,m,80-84,1,0
SD,2018,black,hisp,f,80-84,2,0
SD,2018,black,hisp,m,85+,1,0
SD,2018,black,hisp,f,85+,2,0
SD,2018,asian,hisp,m,0-4,7,0
SD,2018,asian,hisp,f,0-4,7,0
SD,2018,asian,hisp,m,5-9,7,0
SD,2018,asian,hisp,f,5-9,7,0
SD,2018,asian,hisp,m,10-14,7,0
SD,2018,asian,hisp,f,10-14,7,0
SD,2018,asian,hisp,m,15-19,7,0
SD,2018,asian,hisp,f,15-19,7,0
SD,2018,asian,hisp,m,20-24,8,0
SD,2018,asian,hisp,f,20-24,8,0
SD,2018,asian,hisp,m,25-29,8,0
SD,2018,asian,hisp,f,25-29,8,0
SD,2018,asian,hisp,m,30-34,8,0
SD,2018,asian,hisp,f,30-34,8,0
SD,2018,asian,hisp,m,35-39,8,0
SD,2018,asian,hisp,f,35-39,8,0
SD,2018,asian,hisp,m,40-44,7,0
SD,2018,asian,hisp,f,40-44,7,0
SD,2018,asian,hisp,m,45-49,7,0
SD,2018,asian,hisp,f,45-49,7,0
SD,2018,asian,hisp,m,50-54,7,0
SD,2018,asian,hisp,f,50-54,7,0
SD,2018,asian,hisp,m,55-59,8,0
SD,2018,asian,hisp,f,55-59,8,0
SD,2018,asian,hisp,m,60-64,7,0
SD,2018,asian,hisp,f,60-64,7,0
SD,2018,asian,hisp,m,65-69,6,0
SD,2018,asian,hisp,f,65-69,6,0
SD,2018,asian,hisp,m,70-74,5,0
SD,2018,asian,hisp,f,70-74,5,0
SD,2018,asian,hisp,m,75-79,4,0
SD,2018,asian,hisp,f,75-79,4,0
SD,2018,asian,hisp,m,80-84,2,0
SD,2018,asian,hisp,f,80-84,3,0
SD,2018,asian,hisp,m,85+,2,0
SD,2018,asian,hisp,f,85+,3,0
SD,2018,other,hisp,m,0-4,334,0
SD,2018,other,hisp,f,0-4,334,0
SD,2018,other,hisp,m,5-9,345,0
SD,2018,other,hisp,f,5-9,345,0
SD,2018,other,hisp,m,10-14,368,0
SD,2018,other,hisp,f,10-14,368,0
SD,2018,other,hisp,m,15-19,368,0
SD,2018,other,hisp,f,15-19,368,0
SD,2018,other,hisp,m,20-24,380,0
SD,2018,other,hisp,f,20-24,380,0
SD,2018,other,hisp,m,25-29,403,0
SD,2018,other,hisp,f,25-29,403,0
SD,2018,other,hisp,m,30-34,403,0
SD,2018,other,hisp,f,30-34,403,0
SD,2018,other,hisp,m,35-39,391,0
SD,2018,other,hisp,f,35-39,391,0
SD,2018,other,hisp,m,40-44,362,0
SD,2018,other,hisp,f,40-44,362,0
SD,2018,other,hisp,m,45-49,345,0
SD,2018,other,hisp,f,45-49,345,0
SD,2018,other,hisp,m,50-54,368,0
SD,2018,other,hisp,f,50-54,368,0
SD,2018,other,hisp,m,55-59,385,0
SD,2018,other,hisp,f,55-59,385,0
SD,2018,other,hisp,m,60-64,368,0
SD,2018,other,hisp,f,60-64,368,0
SD,2018,other,hisp,m,65-69,311,0
SD,2018,other,hisp,f,65-69,311,0
SD,2018,other,hisp,m,70-74,259,0
SD,2018,other,hisp,f,70-74,259,0
SD,2018,other,hisp,m,75-79,184,0
SD,2018,other,hisp,f,75-79,184,0
SD,2018,other,hisp,m,80-84,92,0
SD,2018,other,hisp,f,80-84,138,0
SD,2018,other,hisp,m,85+,97,0
SD,2018,other,hisp,f,85+,145,0
TN,2018,white,non-hisp,m,0-4,144561,0
TN,2018,white,non-hisp,f,0-4,144561,0
TN,2018,white,non-hisp,m,5-9,149545,0
TN,2018,white,non-hisp,f,5-9,149545,0
TN,2018,white,non-hisp,m,10-14,159515,0
TN,2018,white,non-hisp,f,10-14,159515,0
TN,2018,white,non-hisp,m,15-19,159515,0
TN,2018,white,non-hisp,f,15-19,159515,0
TN,2018,white,non-hisp,m,20-24,164500,0
TN,2018,white,non-hisp,f,20-24,164500,0
TN,2018,white,non-hisp,m,25-29,174470,0
TN,2018,white,non-hisp,f,25-29,174470,0
TN,2018,white,non-hisp,m,30-34,174470,0
TN,2018,white,non-hisp,f,30-34,174470,0
TN,2018,white,non-hisp,m,35-39,169485,0
TN,2018,white,non-hisp,f,35-39,169485,0
TN,2018,white,non-hisp,m,40-44,157023,0
TN,2018,white,non-hisp,f,40-44,157023,0
TN,2018,white,non-hisp,m,45-49,149545,0
TN,2018,white,non-hisp,f,45-49,149545,0
TN,2018,white,non-hisp,m,50-54,159515,0
TN,2018,white,non-hisp,f,50-54,159515,0
TN,2018,white,non-hisp,m,55-59,166992,0
TN,2018,white,non-hisp,f,55-59,166992,0
TN,2018,white,non-hisp,m,60-64,159515,0
TN,2018,white,non-hisp,f,60-64,159515,0
TN,2018,white,non-hisp,m,65-69,134591,0
TN,2018,white,non-hisp,f,65-69,134591,0
TN,2018,white,non-hisp,m,70-74,112159,0
TN,2018,white,non-hisp,f,70-74,112159,0
TN,2018,white,non-hisp,m,75-79,79758,0
TN,2018,white,non-hisp,f,75-79,79758,0
TN,2018,white,non-hisp,m,80-84,39879,0
TN,2018,white,non-hisp,f,80-84,59818,0
TN,2018,white,non-hisp,m,85+,41873,0
TN,2018,white,non-hisp,f,85+,62809,0
TN,2018,black,non-hisp,m,0-4,32583,0
TN,2018,black,non-hisp,f,0-4,32583,0
TN,2018,black,non-hisp,m,5-9,33707,0
TN,2018,black,non-hisp,f,5-9,33707,0
TN,2018,black,non-hisp,m,10-14,35954,0
TN,2018,black,non-hisp,f,10-14,35954,0
TN,2018,black,non-hisp,m,15-19,35954,0
TN,2018,black,non-hisp,f,15-19,35954,0
TN,2018,black,non-hisp,m,20-24,37077,0
TN,2018,black,non-hisp,f,20-24,37077,0
TN,2018,black,non-hisp,m,25-29,39324,0
TN,2018,black,non-hisp,f,25-29,39324,0
TN,2018,black,non-hisp,m,30-34,39324,0
TN,2018,black,non-hisp,f,30-34,39324,0
TN,2018,black,non-hisp,m,35-39,38201,0
TN,2018,black,non-hisp,f,35-39,38201,0
TN,2018,black,non-hisp,m,40-44,35392,0
TN,2018,black,non-hisp,f,40-44,35392,0
TN,2018,black,non-hisp,m,45-49,33707,0
TN,2018,black,non-hisp,f,45-49,33707,0
TN,2018,black,non-hisp,m,50-54,35954,0
TN,2018,black,non-hisp,f,50-54,35954,0
TN,2018,black,non-hisp,m,55-59,37639,0
TN,2018,black,non-hisp,f,55-59,37639,0
TN,2018,black,non-hisp,m,60-64,35954,0
TN,2018,black,non-hisp,f,60-64,35954,0
TN,2018,black,non-hisp,m,65-69,30336,0
TN,2018,black,non-hisp,f,65-69,30336,0
TN,2018,black,non-hisp,m,70-74,25280,0
TN,2018,black,non-hisp,f,70-74,25280,0
TN,2018,black,non-hisp,m,75-79,17977,0
TN,2018,black,non-hisp,f,75-79,17977,0
TN,2018,black,non-hisp,m,80-84,8988,0
TN,2018,black,non-hisp,f,80-84,13483,0
TN,2018,black,non-hisp,m,85+,9438,0
TN,2018,black,non-hisp,f,85+,14157,0
TN,2018,asian,non-hisp,m,0-4,3438,0
TN,2018,asian,non-hisp,f,0-4,3438,0
TN,2018,asian,non-hisp,m,5-9,3557,0
TN,2018,asian,non-hisp,f,5-9,3557,0
TN,2018,asian,non-hisp,m,10-14,3794,0
TN,2018,asian,non-hisp,f,10-14,3794,0
TN,2018,asian,non-hisp,m,15-19,3794,0
TN,2018,asian,non-hisp,f,15-19,3794,0
TN,2018,asian,non-hisp,m,20-24,3912,0
TN,2018,asian,non-hisp,f,20-24,3912,0
TN,2018,asian,non-hisp,m,25-29,4149,0
TN,2018,asian,non-hisp,f,25-29,4149,0
TN,2018,asian,non-hisp,m,30-34,4149,0
TN,2018,asian,non-hisp,f,30-34,4149,0
TN,2018,asian,non-hisp,m,35-39,4031,0
TN,2018,asian,non-hisp,f,35-39,4031,0
TN,2018,asian,non-hisp,m,40-44,3734,0
TN,2018,asian,non-hisp,f,40-44,3734,0
TN,2018,asian,non-hisp,m,45-49,3557,0
TN,2018,asian,non-hisp,f,45-49,3557,0
TN,2018,asian,non-hisp,m,50-54,3794,0
TN,2018,asian,non-hisp,f,50-54,3794,0
TN,2018,asian,non-hisp,m,55-59,3972,0
TN,2018,asian,non-hisp,f,55-59,3972,0
TN,2018,asian,non-hisp,m,60-64,3794,0
TN,2018,asian,non-hisp,f,60-64,3794,0
TN,2018,asian,non-hisp,m,65-69,3201,0
TN,2018,asian,non-hisp,f,65-69,3201,0
TN,2018,asian,non-hisp,m,70-74,2667,0
TN,2018,asian,non-hisp,f,70-74,2667,0
TN,2018,asian,non-hisp,m,75-79,1897,0
TN,2018,asian,non-hisp,f,75-79,1897,0
TN,2018,asian,non-hisp,m,80-84,948,0
TN,2018,asian,non-hisp,f,80-84,1423,0
TN,2018,asian,non-hisp,m,85+,996,0
TN,2018,asian,non-hisp,f,85+,1494,0
TN,2018,other,non-hisp,m,0-4,4935,0
TN,2018,other,non-hisp,f,0-4,4935,0
TN,2018,other,non-hisp,m,5-9,5105,0
TN,2018,other,non-hisp,f,5-9,5105,0
TN,2018,other,non-hisp,m,10-14,5445,0
TN,2018,other,non-hisp,f,10-14,5445,0
TN,2018,other,non-hisp,m,15-19,5445,0
TN,2018,other,non-hisp,f,15-19,5445,0
TN,2018,other,non-hisp,m,20-24,5615,0
TN,2018,other,non-hisp,f,20-24,5615,0
TN,2018,other,non-hisp,m,25-29,5955,0
TN,2018,other,non-hisp,f,25-29,5955,0
TN,2018,other,non-hisp,m,30-34,5955,0
TN,2018,other,non-hisp,f,30-34,5955,0
TN,2018,other,non-hisp,m,35-39,5785,0
TN,2018,other,non-hisp,f,35-39,5785,0
TN,2018,other,non-hisp,m,40-44,5360,0
TN,2018,other,non-hisp,f,40-44,5360,0
TN,2018,other,non-hisp,m,45-49,5105,0
TN,2018,other,non-hisp,f,45-49,5105,0
TN,2018,other,non-hisp,m,50-54,5445,0
TN,2018,other,non-hisp,f,50-54,5445,0
TN,2018,other,non-hisp,m,55-59,5700,0
TN,2018,other,non-hisp,f,55-59,5700,0
TN,2018,other,non-hisp,m,60-64,5445,0
TN,2018,other,non-hisp,f,60-64,5445,0
TN,2018,other,non-hisp,m,65-69,4594,0
TN,2018,other,non-hisp,f,65-69,4594,0
TN,2018,other,non-hisp,m,70-74,3829,0
TN,2018,other,non-hisp,f,70-74,3829,0
TN,2018,other,non-hisp,m,75-79,2723,0
TN,2018,other,non-hisp,f,75-79,2723,0
TN,2018,other,non-hisp,m,80-84,1361,0
TN,2018,other,non-hisp,f,80-84,2042,0
TN,2018,other,non-hisp,m,85+,1429,0
TN,2018,other,non-hisp,f,85+,2144,0
TN,2018,white,hisp,m,0-4,7271,0
TN,2018,white,hisp,f,0-4,7271,0
TN,2018,white,hisp,m,5-9,7522,0
TN,2018,white,hisp,f,5-9,7522,0
TN,2018,white,hisp,m,10-14,8024,0
TN,2018,white,hisp,f,10-14,8024,0
TN,2018,white,hisp,m,15-19,8024,0
TN,2018,white,hisp,f,15-19,8024,0
TN,2018,white,hisp,m,20-24,8274,0
TN,2018,white,hisp,f,20-24,8274,0
TN,2018,white,hisp,m,25-29,8776,0
TN,2018,white,hisp,f,25-29,8776,0
TN,2018,white,hisp,m,30-34,8776,0
TN,2018,white,hisp,f,30-34,8776,0
TN,2018,white,hisp,m,35-39,8525,0
TN,2018,white,hisp,f,35-39,8525,0
TN,2018,white,hisp,m,40-44,7898,0
TN,2018,white,hisp,f,40-44,7898,0
TN,2018,white,hisp,m,45-49,7522,0
TN,2018,white,hisp,f,45-49,7522,0
TN,2018,white,hisp,m,50-54,8024,0
TN,2018,white,hisp,f,50-54,8024,0
TN,2018,white,hisp,m,55-59,8400,0
TN,2018,white,hisp,f,55-59,8400,0
TN,2018,white,hisp,m,60-64,8024,0
TN,2018,white,hisp,f,60-64,8024,0
TN,2018,white,hisp,m,65-69,6770,0
TN,2018,white,hisp,f,65-69,6770,0
TN,2018,white,hisp,m,70-74,5642,0
TN,2018,white,hisp,f,70-74,5642,0
TN,2018,white,hisp,m,75-79,4012,0
TN,2018,white,hisp,f,75-79,4012,0
TN,2018,white,hisp,m,80-84,2006,0
TN,2018,white,hisp,f,80-84,3009,0
TN,2018,white,hisp,m,85+,2106,0
TN,2018,white,hisp,f,85+,3159,0
TN,2018,black,hisp,m,0-4,413,0
TN,2018,black,hisp,f,0-4,413,0
TN,2018,black,hisp,m,5-9,428,0
TN,2018,black,hisp,f,5-9,428,0
TN,2018,black,hisp,m,10-14,456,0
TN,2018,black,hisp,f,10-14,456,0
TN,2018,black,hisp,m,15-19,456,0
TN,2018,black,hisp,f,15-19,456,0
TN,2018,black,hisp,m,20-24,470,0
TN,2018,black,hisp,f,20-24,470,0
TN,2018,black,hisp,m,25-29,499,0
TN,2018,black,hisp,f,25-29,499,0
TN,2018,black,hisp,m,30-34,499,0
TN,2018,black,hisp,f,30-34,499,0
TN,2018,black,hisp,m,35-39,485,0
TN,2018,black,hisp,f,35-39,485,0
TN,2018,black,hisp,m,40-44,449,0
TN,2018,black,hisp,f,40-44,449,0
TN,2018,black,hisp,m,45-49,428,0
TN,2018,black,hisp,f,45-49,428,0
TN,2018,black,hisp,m,50-54,456,0
TN,2018,black,hisp,f,50-54,456,0
TN,2018,black,hisp,m,55-59,477,0
TN,2018,black,hisp,f,55-59,477,0
TN,2018,black,hisp,m,60-64,456,0
TN,2018,black,hisp,f,60-64,456,0
TN,2018,black,hisp,m,65-69,385,0
TN,2018,black,hisp,f,65-69,385,0
TN,2018,black,hisp,m,70-74,321,0
TN,2018,black,hisp,f,70-74,321,0
TN,2018,black,hisp,m,75-79,228,0
TN,2018,black,hisp,f,75-79,228,0
TN,2018,black,hisp,m,80-84,114,0
TN,2018,black,hisp,f,80-84,171,0
TN,2018,black,hisp,m,85+,120,0
TN,2018,black,hisp,f,85+,180,0
TN,2018,asian,hisp,m,0-4,14,0
TN,2018,asian,hisp,f,0-4,14,0
TN,2018,asian,hisp,m,5-9,15,0
TN,2018,asian,hisp,f,5-9,15,0
TN,2018,asian,hisp,m,10-14,16,0
TN,2018,asian,hisp,f,10-14,16,0
TN,2018,asian,hisp,m,15-19,16,0
TN,2018,asian,hisp,f,15-19,16,0
TN,2018,asian,hisp,m,20-24,16,0
TN,2018,asian,hisp,f,20-24,16,0
TN,2018,asian,hisp,m,25-29,17,0
TN,2018,asian,hisp,f,25-29,17,0
TN,2018,asian,hisp,m,30-34,17,0
TN,2018,asian,hisp,f,30-34,17,0
TN,2018,asian,hisp,m,35-39,17,0
TN,2018,asian,hisp,f,35-39,17,0
TN,2018,asian,hisp,m,40-44,16,0
TN,2018,asian,hisp,f,40-44,16,0
TN,2018,asian,hisp,m,45-49,15,0
TN,2018,asian,hisp,f,45-49,15,0
TN,2018,asian,hisp,m,50-54,16,0
TN,2018,asian,hisp,f,50-54,16,0
TN,2018,asian,hisp,m,55-59,17,0
TN,2018,asian,hisp,f,55-59,17,0
TN,2018,asian,hisp,m,60-64,16,0
TN,2018,asian,hisp,f,60-64,16,0
TN,2018,asian,hisp,m,65-69,13,0
TN,2018,asian,hisp,f,65-69,13,0
TN,2018,asian,hisp,m,70-74,11,0
TN,2018,asian,hisp,f,70-74,11,0
TN,2018,asian,hisp,m,75-79,8,0
TN,2018,asian,hisp,f,75-79,8,0
TN,2018,asian,hisp,m,80-84,4,0
TN,2018,asian,hisp,f,80-84,6,0
TN,2018,asian,hisp,m,85+,4,0
TN,2018,asian,hisp,f,85+,6,0
TN,2018,other,hisp,m,0-4,3115,0
TN,2018,other,hisp,f,0-4,3115,0
TN,2018,other,hisp,m,5-9,3223,0
TN,2018,other,hisp,f,5-9,3223,0
TN,2018,other,hisp,m,10-14,3437,0
TN,2018,other,hisp,f,10-14,3437,0
TN,2018,other,hisp,m,15-19,3437,0
TN,2018,other,hisp,f,15-19,3437,0
TN,2018,other,hisp,m,20-24,3545,0
TN,2018,other,hisp,f,20-24,3545,0
TN,2018,other,hisp,m,25-29,3760,0
TN,2018,other,hisp,f,25-29,3760,0
TN,2018,other,hisp,m,30-34,3760,0
TN,2018,other,hisp,f,30-34,3760,0
TN,2018,other,hisp,m,35-39,3652,0
TN,2018,other,hisp,f,35-39,3652,0
TN,2018,other,hisp,m,40-44,3384,0
TN,2018,other,hisp,f,40-44,3384,0
TN,2018,other,hisp,m,45-49,3223,0
TN,2018,other,hisp,f,45-49,3223,0
TN,2018,other,hisp,m,50-54,3437,0
TN,2018,other,hisp,f,50-54,3437,0
TN,2018,other,hisp,m,55-59,3599,0
TN,2018,other,hisp,f,55-59,3599,0
TN,2018,other,hisp,m,60-64,3437,0
TN,2018,other,hisp,f,60-64,3437,0
TN,2018,other,hisp,m,65-69,2900,0
TN,2018,other,hisp,f,65-69,2900,0
TN,2018,other,hisp,m,70-74,2417,0
TN,2018,other,hisp,f,70-74,2417,0
TN,2018,other,hisp,m,75-79,1719,0
TN,2018,other,hisp,f,75-79,1719,0
TN,2018,other,hisp,m,80-84,859,0
TN,2018,other,hisp,f,80-84,1289,0
TN,2018,other,hisp,m,85+,902,0
TN,2018,other,hisp,f,85+,1353,0
TX,2018,white,non-hisp,m,0-4,344556,0
TX,2018,white,non-hisp,f,0-4,344556,0
TX,2018,white,non-hisp,m,5-9,356438,0
TX,2018,white,non-hisp,f,5-9,356438,0
TX,2018,white,non-hisp,m,10-14,380200,0
TX,2018,white,non-hisp,f,10-14,380200,0
TX,2018,white,non-hisp,m,15-19,380200,0
TX,2018,white,non-hisp,f,15-19,380200,0
TX,2018,white,non-hisp,m,20-24,392081,0
TX,2018,white,non-hisp,f,20-24,392081,0
TX,2018,white,non-hisp,m,25-29,415844,0
TX,2018,white,non-hisp,f,25-29,415844,0
TX,2018,white,non-hisp,m,30-34,415844,0
TX,2018,white,non-hisp,f,30-34,415844,0
TX,2018,white,non-hisp,m,35-39,403963,0
TX,2018,white,non-hisp,f,35-39,403963,0
TX,2018,white,non-hisp,m,40-44,374260,0
TX,2018,white,non-hisp,f,40-44,374260,0
TX,2018,white,non-hisp,m,45-49,356438,0
TX,2018,white,non-hisp,f,45-49,356438,0
TX,2018,white,non-hisp,m,50-54,380200,0
TX,2018,white,non-hisp,f,50-54,380200,0
TX,2018,white,non-hisp,m,55-59,398022,0
TX,2018,white,non-hisp,f,55-59,398022,0
TX,2018,white,non-hisp,m,60-64,380200,0
TX,2018,white,non-hisp,f,60-64,380200,0
TX,2018,white,non-hisp,m,65-69,320794,0
TX,2018,white,non-hisp,f,65-69,320794,0
TX,2018,white,non-hisp,m,70-74,267328,0
TX,2018,white,non-hisp,f,70-74,267328,0
TX,2018,white,non-hisp,m,75-79,190100,0
TX,2018,white,non-hisp,f,75-79,190100,0
TX,2018,white,non-hisp,m,80-84,95050,0
TX,2018,white,non-hisp,f,80-84,142575,0
TX,2018,white,non-hisp,m,85+,99803,0
TX,2018,white,non-hisp,f,85+,149704,0
TX,2018,black,non-hisp,m,0-4,98863,0
TX,2018,black,non-hisp,f,0-4,98863,0
TX,2018,black,non-hisp,m,5-9,102272,0
TX,2018,black,non-hisp,f,5-9,102272,0
TX,2018,black,non-hisp,m,10-14,109091,0
TX,2018,black,non-hisp,f,10-14,109091,0
TX,2018,black,non-hisp,m,15-19,109091,0
TX,2018,black,non-hisp,f,15-19,109091,0
TX,2018,black,non-hisp,m,20-24,112500,0
TX,2018,black,non-hisp,f,20-24,112500,0
TX,2018,black,non-hisp,m,25-29,119318,0
TX,2018,black,non-hisp,f,25-29,119318,0
TX,2018,black,non-hisp,m,30-34,119318,0
TX,2018,black,non-hisp,f,30-34,119318,0
TX,2018,black,non-hisp,m,35-39,115909,0
TX,2018,black,non-hisp,f,35-39,115909,0
TX,2018,black,non-hisp,m,40-44,107386,0
TX,2018,black,non-hisp,f,40-44,107386,0
TX,2018,black,non-hisp,m,45-49,102272,0
TX,2018,black,non-hisp,f,45-49,102272,0
TX,2018,black,non-hisp,m,50-54,109091,0
TX,2018,black,non-hisp,f,50-54,109091,0
TX,2018,black,non-hisp,m,55-59,114204,0
TX,2018,black,non-hisp,f,55-59,114204,0
TX,2018,black,non-hisp,m,60-64,109091,0
TX,2018,black,non-hisp,f,60-64,109091,0
TX,2018,black,non-hisp,m,65-69,92045,0
TX,2018,black,non-hisp,f,65-69,92045,0
TX,2018,black,non-hisp,m,70-74,76704,0
TX,2018,black,non-hisp,f,70-74,76704,0
TX,2018,black,non-hisp,m,75-79,54545,0
TX,2018,black,non-hisp,f,75-79,54545,0
TX,2018,black,non-hisp,m,80-84,27273,0
TX,2018,black,non-hisp,f,80-84,40909,0
TX,2018,black,non-hisp,m,85+,28636,0
TX,2018,black,non-hisp,f,85+,42954,0
TX,2018,asian,non-hisp,m,0-4,41004,0
TX,2018,asian,non-hisp,f,0-4,41004,0
TX,2018,asian,non-hisp,m,5-9,42417,0
TX,2018,asian,non-hisp,f,5-9,42417,0
TX,2018,asian,non-hisp,m,10-14,45245,0
TX,2018,asian,non-hisp,f,10-14,45245,0
TX,2018,asian,non-hisp,m,15-19,45245,0
TX,2018,asian,non-hisp,f,15-19,45245,0
TX,2018,asian,non-hisp,m,20-24,46659,0
TX,2018,asian,non-hisp,f,20-24,46659,0
TX,2018,asian,non-hisp,m,25-29,49487,0
TX,2018,asian,non-hisp,f,25-29,49487,0
TX,2018,asian,non-hisp,m,30-34,49487,0
TX,2018,asian,non-hisp,f,30-34,49487,0
TX,2018,asian,non-hisp,m,35-39,48073,0
TX,2018,asian,non-hisp,f,35-39,48073,0
TX,2018,asian,non-hisp,m,40-44,44538,0
TX,2018,asian,non-hisp,f,40-44,44538,0
TX,2018,asian,non-hisp,m,45-49,42417,0
TX,2018,asian,non-hisp,f,45-49,42417,0
TX,2018,asian,non-hisp,m,50-54,45245,0
TX,2018,asian,non-hisp,f,50-54,45245,0
TX,2018,asian,non-hisp,m,55-59,47366,0
TX,2018,asian,non-hisp,f,55-59,47366,0
TX,2018,asian,non-hisp,m,60-64,45245,0
TX,2018,asian,non-hisp,f,60-64,45245,0
TX,2018,asian,non-hisp,m,65-69,38176,0
TX,2018,asian,non-hisp,f,65-69,38176,0
TX,2018,asian,non-hisp,m,70-74,31813,0
TX,2018,asian,non-hisp,f,70-74,31813,0
TX,2018,asian,non-hisp,m,75-79,22623,0
TX,2018,asian,non-hisp,f,75-79,22623,0
TX,2018,asian,non-hisp,m,80-84,11311,0
TX,2018,asian,non-hisp,f,80-84,16967,0
TX,2018,asian,non-hisp,m,85+,11877,0
TX,2018,asian,non-hisp,f,85+,17815,0
TX,2018,other,non-hisp,m,0-4,18234,0
TX,2018,other,non-hisp,f,0-4,18234,0
TX,2018,other,non-hisp,m,5-9,18862,0
TX,2018,other,non-hisp,f,5-9,18862,0
TX,2018,other,non-hisp,m,10-14,20120,0
TX,2018,other,non-hisp,f,10-14,20120,0
TX,2018,other,non-hisp,m,15-19,20120,0
TX,2018,other,non-hisp,f,15-19,20120,0
TX,2018,other,non-hisp,m,20-24,20749,0
TX,2018,other,non-hisp,f,20-24,20749,0
TX,2018,other,non-hisp,m,25-29,22006,0
TX,2018,other,non-hisp,f,25-29,22006,0
TX,2018,other,non-hisp,m,30-34,22006,0
TX,2018,other,non-hisp,f,30-34,22006,0
TX,2018,other,non-hisp,m,35-39,21377,0
TX,2018,other,non-hisp,f,35-39,21377,0
TX,2018,other,non-hisp,m,40-44,19806,0
TX,2018,other,non-hisp,f,40-44,19806,0
TX,2018,other,non-hisp,m,45-49,18862,0
TX,2018,other,non-hisp,f,45-49,18862,0
TX,2018,other,non-hisp,m,50-54,20120,0
TX,2018,other,non-hisp,f,50-54,20120,0
TX,2018,other,non-hisp,m,55-59,21063,0
TX,2018,other,non-hisp,f,55-59,21063,0
TX,2018,other,non-hisp,m,60-64,20120,0
TX,2018,other,non-hisp,f,60-64,20120,0
TX,2018,other,non-hisp,m,65-69,16976,0
TX,2018,other,non-hisp,f,65-69,16976,0
TX,2018,other,non-hisp,m,70-74,14147,0
TX,2018,other,non-hisp,f,70-74,14147,0
TX,2018,other,non-hisp,m,75-79,10060,0
TX,2018,other,non-hisp,f,75-79,10060,0
TX,2018,other,non-hisp,m,80-84,5030,0
TX,2018,other,non-hisp,f,80-84,7545,0
TX,2018,other,non-hisp,m,85+,5281,0
TX,2018,other,non-hisp,f,85+,7922,0
TX,2018,white,hisp,m,0-4,267316,0
TX,2018,white,hisp,f,0-4,267316,0
TX,2018,white,hisp,m,5-9,276534,0
TX,2018,white,hisp,f,5-9,276534,0
TX,2018,white,hisp,m,10-14,294970,0
TX,2018,white,hisp,f,10-14,294970,0
TX,2018,white,hisp,m,15-19,294970,0
TX,2018,white,hisp,f,15-19,294970,0
TX,2018,white,hisp,m,20-24,304188,0
TX,2018,white,hisp,f,20-24,304188,0
TX,2018,white,hisp,m,25-29,322623,0
TX,2018,white,hisp,f,25-29,322623,0
TX,2018,white,hisp,m,30-34,322623,0
TX,2018,white,hisp,f,30-34,322623,0
TX,2018,white,hisp,m,35-39,313406,0
TX,2018,white,hisp,f,35-39,313406,0
TX,2018,white,hisp,m,40-44,290361,0
TX,2018,white,hisp,f,40-44,290361,0
TX,2018,white,hisp,m,45-49,276534,0
TX,2018,white,hisp,f,45-49,276534,0
TX,2018,white,hisp,m,50-54,294970,0
TX,2018,white,hisp,f,50-54,294970,0
TX,2018,white,hisp,m,55-59,308797,0
TX,2018,white,hisp,f,55-59,308797,0
TX,2018,white,hisp,m,60-64,294970,0
TX,2018,white,hisp,f,60-64,294970,0
TX,2018,white,hisp,m,65-69,248881,0
TX,2018,white,hisp,f,65-69,248881,0
TX,2018,white,hisp,m,70-74,207401,0
TX,2018,white,hisp,f,70-74,207401,0
TX,2018,white,hisp,m,75-79,147485,0
TX,2018,white,hisp,f,75-79,147485,0
TX,2018,white,hisp,m,80-84,73742,0
TX,2018,white,hisp,f,80-84,110614,0
TX,2018,white,hisp,m,85+,77430,0
TX,2018,white,hisp,f,85+,116144,0
TX,2018,black,hisp,m,0-4,3420,0
TX,2018,black,hisp,f,0-4,3420,0
TX,2018,black,hisp,m,5-9,3538,0
TX,2018,black,hisp,f,5-9,3538,0
TX,2018,black,hisp,m,10-14,3774,0
TX,2018,black,hisp,f,10-14,3774,0
TX,2018,black,hisp,m,15-19,3774,0
TX,2018,black,hisp,f,15-19,3774,0
TX,2018,black,hisp,m,20-24,3892,0
TX,2018,black,hisp,f,20-24,3892,0
TX,2018,black,hisp,m,25-29,4128,0
TX,2018,black,hisp,f,25-29,4128,0
TX,2018,black,hisp,m,30-34,4128,0
TX,2018,black,hisp,f,30-34,4128,0
TX,2018,black,hisp,m,35-39,4010,0
TX,2018,black,hisp,f,35-39,4010,0
TX,2018,black,hisp,m,40-44,3715,0
TX,2018,black,hisp,f,40-44,3715,0
TX,2018,black,hisp,m,45-49,3538,0
TX,2018,black,hisp,f,45-49,3538,0
TX,2018,black,hisp,m,50-54,3774,0
TX,2018,black,hisp,f,50-54,3774,0
TX,2018,black,hisp,m,55-59,3951,0
TX,2018,black,hisp,f,55-59,3951,0
TX,2018,black,hisp,m,60-64,3774,0
TX,2018,black,hisp,f,60-64,3774,0
TX,2018,black,hisp,m,65-69,3185,0
TX,2018,black,hisp,f,65-69,3185,0
TX,2018,black,hisp,m,70-74,2654,0
TX,2018,black,hisp,f,70-74,2654,0
TX,2018,black,hisp,m,75-79,1887,0
TX,2018,black,hisp,f,75-79,1887,0
TX,2018,black,hisp,m,80-84,944,0
TX,2018,black,hisp,f,80-84,1415,0
TX,2018,black,hisp,m,85+,991,0
TX,2018,black,hisp,f,85+,1486,0
TX,2018,asian,hisp,m,0-4,491,0
TX,2018,asian,hisp,f,0-4,491,0
TX,2018,asian,hisp,m,5-9,508,0
TX,2018,asian,hisp,f,5-9,508,0
TX,2018,asian,hisp,m,10-14,542,0
TX,2018,asian,hisp,f,10-14,542,0
TX,2018,asian,hisp,m,15-19,542,0
TX,2018,asian,hisp,f,15-19,542,0
TX,2018,asian,hisp,m,20-24,559,0
TX,2018,asian,hisp,f,20-24,559,0
TX,2018,asian,hisp,m,25-29,593,0
TX,2018,asian,hisp,f,25-29,593,0
TX,2018,asian,hisp,m,30-34,593,0
TX,2018,asian,hisp,f,30-34,593,0
TX,2018,asian,hisp,m,35-39,576,0
TX,2018,asian,hisp,f,35-39,576,0
TX,2018,asian,hisp,m,40-44,534,0
TX,2018,asian,hisp,f,40-44,534,0
TX,2018,asian,hisp,m,45-49,508,0
TX,2018,asian,hisp,f,45-49,508,0
TX,2018,asian,hisp,m,50-54,542,0
TX,2018,asian,hisp,f,50-54,542,0
TX,2018,asian,hisp,m,55-59,568,0
TX,2018,asian,hisp,f,55-59,568,0
TX,2018,asian,hisp,m,60-64,542,0
TX,2018,asian,hisp,f,60-64,542,0
TX,2018,asian,hisp,m,65-69,457,0
TX,2018,asian,hisp,f,65-69,457,0
TX,2018,asian,hisp,m,70-74,381,0
TX,2018,asian,hisp,f,70-74,381,0
TX,2018,asian,hisp,m,75-79,271,0
TX,2018,asian,hisp,f,75-79,271,0
TX,2018,asian,hisp,m,80-84,136,0
TX,2018,asian,hisp,f,80-84,203,0
TX,2018,asian,hisp,m,85+,142,0
TX,2018,asian,hisp,f,85+,213,0
TX,2018,other,hisp,m,0-4,58468,0
TX,2018,other,hisp,f,0-4,58468,0
TX,2018,other,hisp,m,5-9,60484,0
TX,2018,other,hisp,f,5-9,60484,0
TX,2018,other,hisp,m,10-14,64517,0
TX,2018,other,hisp,f,10-14,64517,0
TX,2018,other,hisp,m,15-19,64517,0
TX,2018,other,hisp,f,15-19,64517,0
TX,2018,other,hisp,m,20-24,66533,0
TX,2018,other,hisp,f,20-24,66533,0
TX,2018,other,hisp,m,25-29,70565,0
TX,2018,other,hisp,f,25-29,70565,0
TX,2018,other,hisp,m,30-34,70565,0
TX,2018,other,hisp,f,30-34,70565,0
TX,2018,other,hisp,m,35-39,68549,0
TX,2018,other,hisp,f,35-39,68549,0
TX,2018,other,hisp,m,40-44,63509,0
TX,2018,other,hisp,f,40-44,63509,0
TX,2018,other,hisp,m,45-49,60484,0
TX,2018,other,hisp,f,45-49,60484,0
TX,2018,other,hisp,m,50-54,64517,0
TX,2018,other,hisp,f,50-54,64517,0
TX,2018,other,hisp,m,55-59,67541,0
TX,2018,other,hisp,f,55-59,67541,0
TX,2018,other,hisp,m,60-64,64517,0
TX,2018,other,hisp,f,60-64,64517,0
TX,2018,other,hisp,m,65-69,54436,0
TX,2018,other,hisp,f,65-69,54436,0
TX,2018,other,hisp,m,70-74,45363,0
TX,2018,other,hisp,f,70-74,45363,0
TX,2018,other,hisp,m,75-79,32258,0
TX,2018,other,hisp,f,75-79,32258,0
TX,2018,other,hisp,m,80-84,16129,0
TX,2018,other,hisp,f,80-84,24194,0
TX,2018,other,hisp,m,85+,16936,0
TX,2018,other,hisp,f,85+,25403,0
VT,2018,white,non-hisp,m,0-4,16818,0
VT,2018,white,non-hisp,f,0-4,16818,0
VT,2018,white,non-hisp,m,5-9,17398,0
VT,2018,white,non-hisp,f,5-9,17398,0
VT,2018,white,non-hisp,m,10-14,18558,0
VT,2018,white,non-hisp,f,10-14,18558,0
VT,2018,white,non-hisp,m,15-19,18558,0
VT,2018,white,non-hisp,f,15-19,18558,0
VT,2018,white,non-hisp,m,20-24,19138,0
VT,2018,white,non-hisp,f,20-24,19138,0
VT,2018,white,non-hisp,m,25-29,20298,0
VT,2018,white,non-hisp,f,25-29,20298,0
VT,2018,white,non-hisp,m,30-34,20298,0
VT,2018,white,non-hisp,f,30-34,20298,0
VT,2018,white,non-hisp,m,35-39,19718,0
VT,2018,white,non-hisp,f,35-39,19718,0
VT,2018,white,non-hisp,m,40-44,18268,0
VT,2018,white,non-hisp,f,40-44,18268,0
VT,2018,white,non-hisp,m,45-49,17398,0
VT,2018,white,non-hisp,f,45-49,17398,0
VT,2018,white,non-hisp,m,50-54,18558,0
VT,2018,white,non-hisp,f,50-54,18558,0
VT,2018,white,non-hisp,m,55-59,19428,0
VT,2018,white,non-hisp,f,55-59,19428,0
VT,2018,white,non-hisp,m,60-64,18558,0
VT,2018,white,non-hisp,f,60-64,18558,0
VT,2018,white,non-hisp,m,65-69,15658,0
VT,2018,white,non-hisp,f,65-69,15658,0
VT,2018,white,non-hisp,m,70-74,13049,0
VT,2018,white,non-hisp,f,70-74,13049,0
VT,2018,white,non-hisp,m,75-79,9279,0
VT,2018,white,non-hisp,f,75-79,9279,0
VT,2018,white,non-hisp,m,80-84,4640,0
VT,2018,white,non-hisp,f,80-84,6959,0
VT,2018,white,non-hisp,m,85+,4872,0
VT,2018,white,non-hisp,f,85+,7307,0
VT,2018,black,non-hisp,m,0-4,209,0
VT,2018,black,non-hisp,f,0-4,209,0
VT,2018,black,non-hisp,m,5-9,216,0
VT,2018,black,non-hisp,f,5-9,216,0
VT,2018,black,non-hisp,m,10-14,231,0
VT,2018,black,non-hisp,f,10-14,231,0
VT,2018,black,non-hisp,m,15-19,231,0
VT,2018,black,non-hisp,f,15-19,231,0
VT,2018,black,non-hisp,m,20-24,238,0
VT,2018,black,non-hisp,f,20-24,238,0
VT,2018,black,non-hisp,m,25-29,252,0
VT,2018,black,non-hisp,f,25-29,252,0
VT,2018,black,non-hisp,m,30-34,252,0
VT,2018,black,non-hisp,f,30-34,252,0
VT,2018,black,non-hisp,m,35-39,245,0
VT,2018,black,non-hisp,f,35-39,245,0
VT,2018,black,non-hisp,m,40-44,227,0
VT,2018,black,non-hisp,f,40-44,227,0
VT,2018,black,non-hisp,m,45-49,216,0
VT,2018,black,non-hisp,f,45-49,216,0
VT,2018,black,non-hisp,m,50-54,231,0
VT,2018,black,non-hisp,f,50-54,231,0
VT,2018,black,non-hisp,m,55-59,241,0
VT,2018,black,non-hisp,f,55-59,241,0
VT,2018,black,non-hisp,m,60-64,231,0
VT,2018,black,non-hisp,f,60-64,231,0
VT,2018,black,non-hisp,m,65-69,195,0
VT,2018,black,non-hisp,f,65-69,195,0
VT,2018,black,non-hisp,m,70-74,162,0
VT,2018,black,non-hisp,f,70-74,162,0
VT,2018,black,non-hisp,m,75-79,115,0
VT,2018,black,non-hisp,f,75-79,115,0
VT,2018,black,non-hisp,m,80-84,58,0
VT,2018,black,non-hisp,f,80-84,86,0
VT,2018,black,non-hisp,m,85+,61,0
VT,2018,black,non-hisp,f,85+,91,0
VT,2018,asian,non-hisp,m,0-4,343,0
VT,2018,asian,non-hisp,f,0-4,343,0
VT,2018,asian,non-hisp,m,5-9,355,0
VT,2018,asian,non-hisp,f,5-9,355,0
VT,2018,asian,non-hisp,m,10-14,379,0
VT,2018,asian,non-hisp,f,10-14,379,0
VT,2018,asian,non-hisp,m,15-19,379,0
VT,2018,asian,non-hisp,f,15-19,379,0
VT,2018,asian,non-hisp,m,20-24,391,0
VT,2018,asian,non-hisp,f,20-24,391,0
VT,2018,asian,non-hisp,m,25-29,414,0
VT,2018,asian,non-hisp,f,25-29,414,0
VT,2018,asian,non-hisp,m,30-34,414,0
VT,2018,asian,non-hisp,f,30-34,414,0
VT,2018,asian,non-hisp,m,35-39,403,0
VT,2018,asian,non-hisp,f,35-39,403,0
VT,2018,asian,non-hisp,m,40-44,373,0
VT,2018,asian,non-hisp,f,40-44,373,0
VT,2018,asian,non-hisp,m,45-49,355,0
VT,2018,asian,non-hisp,f,45-49,355,0
VT,2018,asian,non-hisp,m,50-54,379,0
VT,2018,asian,non-hisp,f,50-54,379,0
VT,2018,asian,non-hisp,m,55-59,397,0
VT,2018,asian,non-hisp,f,55-59,397,0
VT,2018,asian,non-hisp,m,60-64,379,0
VT,2018,asian,non-hisp,f,60-64,379,0
VT,2018,asian,non-hisp,m,65-69,320,0
VT,2018,asian,non-hisp,f,65-69,320,0
VT,2018,asian,non-hisp,m,70-74,266,0
VT,2018,asian,non-hisp,f,70-74,266,0
VT,2018,asian,non-hisp,m,75-79,189,0
VT,2018,asian,non-hisp,f,75-79,189,0
VT,2018,asian,non-hisp,m,80-84,95,0
VT,2018,asian,non-hisp,f,80-84,142,0
VT,2018,asian,non-hisp,m,85+,99,0
VT,2018,asian,non-hisp,f,85+,149,0
VT,2018,other,non-hisp,m,0-4,431,0
VT,2018,other,non-hisp,f,0-4,431,0
VT,2018,other,non-hisp,m,5-9,446,0
VT,2018,other,non-hisp,f,5-9,446,0
VT,2018,other,non-hisp,m,10-14,475,0
VT,2018,other,non-hisp,f,10-14,475,0
VT,2018,other,non-hisp,m,15-19,475,0
VT,2018,other,non-hisp,f,15-19,475,0
VT,2018,other,non-hisp,m,20-24,490,0
VT,2018,other,non-hisp,f,20-24,490,0
VT,2018,other,non-hisp,m,25-29,520,0
VT,2018,other,non-hisp,f,25-29,520,0
VT,2018,other,non-hisp,m,30-34,520,0
VT,2018,other,non-hisp,f,30-34,520,0
VT,2018,other,non-hisp,m,35-39,505,0
VT,2018,other,non-hisp,f,35-39,505,0
VT,2018,other,non-hisp,m,40-44,468,0
VT,2018,other,non-hisp,f,40-44,468,0
VT,2018,other,non-hisp,m,45-49,446,0
VT,2018,other,non-hisp,f,45-49,446,0
VT,2018,other,non-hisp,m,50-54,475,0
VT,2018,other,non-hisp,f,50-54,475,0
VT,2018,other,non-hisp,m,55-59,498,0
VT,2018,other,non-hisp,f,55-59,498,0
VT,2018,other,non-hisp,m,60-64,475,0
VT,2018,other,non-hisp,f,60-64,475,0
VT,2018,other,non-hisp,m,65-69,401,0
VT,2018,other,non-hisp,f,65-69,401,0
VT,2018,other,non-hisp,m,70-74,334,0
VT,2018,other,non-hisp,f,70-74,334,0
VT,2018,other,non-hisp,m,75-79,238,0
VT,2018,other,non-hisp,f,75-79,238,0
VT,2018,other,non-hisp,m,80-84,119,0
VT,2018,other,non-hisp,f,80-84,178,0
VT,2018,other,non-hisp,m,85+,125,0
VT,2018,other,non-hisp,f,85+,187,0
VT,2018,white,hisp,m,0-4,272,0
VT,2018,white,hisp,f,0-4,272,0
VT,2018,white,hisp,m,5-9,282,0
VT,2018,white,hisp,f,5-9,282,0
VT,2018,white,hisp,m,10-14,301,0
VT,2018,white,hisp,f,10-14,301,0
VT,2018,white,hisp,m,15-19,301,0
VT,2018,white,hisp,f,15-19,301,0
VT,2018,white,hisp,m,20-24,310,0
VT,2018,white,hisp,f,20-24,310,0
VT,2018,white,hisp,m,25-29,329,0
VT,2018,white,hisp,f,25-29,329,0
VT,2018,white,hisp,m,30-34,329,0
VT,2018,white,hisp,f,30-34,329,0
VT,2018,white,hisp,m,35-39,319,0
VT,2018,white,hisp,f,35-39,319,0
VT,2018,white,hisp,m,40-44,296,0
VT,2018,white,hisp,f,40-44,296,0
VT,2018,white,hisp,m,45-49,282,0
VT,2018,white,hisp,f,45-49,282,0
VT,2018,white,hisp,m,50-54,301,0
VT,2018,white,hisp,f,50-54,301,0
VT,2018,white,hisp,m,55-59,315,0
VT,2018,white,hisp,f,55-59,315,0
VT,2018,white,hisp,m,60-64,301,0
VT,2018,white,hisp,f,60-64,301,0
VT,2018,white,hisp,m,65-69,254,0
VT,2018,white,hisp,f,65-69,254,0
VT,2018,white,hisp,m,70-74,211,0
VT,2018,white,hisp,f,70-74,211,0
VT,2018,white,hisp,m,75-79,150,0
VT,2018,white,hisp,f,75-79,150,0
VT,2018,white,hisp,m,80-84,75,0
VT,2018,white,hisp,f,80-84,113,0
VT,2018,white,hisp,m,85+,79,0
VT,2018,white,hisp,f,85+,118,0
VT,2018,black,hisp,m,0-4,12,0
VT,2018,black,hisp,f,0-4,12,0
VT,2018,black,hisp,m,5-9,12,0
VT,2018,black,hisp,f,5-9,12,0
VT,2018,black,hisp,m,10-14,13,0
VT,2018,black,hisp,f,10-14,13,0
VT,2018,black,hisp,m,15-19,13,0
VT,2018,black,hisp,f,15-19,13,0
VT,2018,black,hisp,m,20-24,14,0
VT,2018,black,hisp,f,20-24,14,0
VT,2018,black,hisp,m,25-29,15,0
VT,2018,black,hisp,f,25-29,15,0
VT,2018,black,hisp,m,30-34,15,0
VT,2018,black,hisp,f,30-34,15,0
VT,2018,black,hisp,m,35-39,14,0
VT,2018,black,hisp,f,35-39,14,0
VT,2018,black,hisp,m,40-44,13,0
VT,2018,black,hisp,f,40-44,13,0
VT,2018,black,hisp,m,45-49,12,0
VT,2018,black,hisp,f,45-49,12,0
VT,2018,black,hisp,m,50-54,13,0
VT,2018,black,hisp,f,50-54,13,0
VT,2018,black,hisp,m,55-59,14,0
VT,2018,black,hisp,f,55-59,14,0
VT,2018,black,hisp,m,60-64,13,0
VT,2018,black,hisp,f,60-64,13,0
VT,2018,black,hisp,m,65-69,11,0
VT,2018,black,hisp,f,65-69,11,0
VT,2018,black,hisp,m,70-74,9,0
VT,2018,black,hisp,f,70-74,9,0
VT,2018,black,hisp,m,75-79,7,0
VT,2018,black,hisp,f,75-79,7,0
VT,2018,black,hisp,m,80-84,3,0
VT,2018,black,hisp,f,80-84,5,0
VT,2018,black,hisp,m,85+,3,0
VT,2018,black,hisp,f,85+,5,0
VT,2018,asian,hisp,m,0-4,1,0
VT,2018,asian,hisp,f,0-4,1,0
VT,2018,asian,hisp,m,5-9,1,0
VT,2018,asian,hisp,f,5-9,1,0
VT,2018,asian,hisp,m,10-14,1,0
VT,2018,asian,hisp,f,10-14,1,0
VT,2018,asian,hisp,m,15-19,1,0
VT,2018,asian,hisp,f,15-19,1,0
VT,2018,asian,hisp,m,20-24,1,0
VT,2018,asian,hisp,f,20-24,1,0
VT,2018,asian,hisp,m,25-29,1,0
VT,2018,asian,hisp,f,25-29,1,0
VT,2018,asian,hisp,m,30-34,1,0
VT,2018,asian,hisp,f,30-34,1,0
VT,2018,asian,hisp,m,35-39,1,0
VT,2018,asian,hisp,f,35-39,1,0
VT,2018,asian,hisp,m,40-44,1,0
VT,2018,asian,hisp,f,40-44,1,0
VT,2018,asian,hisp,m,45-49,1,0
VT,2018,asian,hisp,f,45-49,1,0
VT,2018,asian,hisp,m,50-54,1,0
VT,2018,asian,hisp,f,50-54,1,0
VT,2018,asian,hisp,m,55-59,1,0
VT,2018,asian,hisp,f,55-59,1,0
VT,2018,asian,hisp,m,60-64,1,0
VT,2018,asian,hisp,f,60-64,1,0
VT,2018,asian,hisp,m,65-69,0,0
VT,2018,asian,hisp,f,65-69,0,0
VT,2018,asian,hisp,m,70-74,0,0
VT,2018,asian,hisp,f,70-74,0,0
VT,2018,asian,hisp,m,75-79,0,0
VT,2018,asian,hisp,f,75-79,0,0
VT,2018,asian,hisp,m,80-84,0,0
VT,2018,asian,hisp,f,80-84,0,0
VT,2018,asian,hisp,m,85+,0,0
VT,2018,asian,hisp,f,85+,0,0
VT,2018,other,hisp,m,0-4,76,0
VT,2018,other,hisp,f,0-4,76,0
VT,2018,other,hisp,m,5-9,79,0
VT,2018,other,hisp,f,5-9,79,0
VT,2018,other,hisp,m,10-14,84,0
VT,2018,other,hisp,f,10-14,84,0
VT,2018,other,hisp,m,15-19,84,0
VT,2018,other,hisp,f,15-19,84,0
VT,2018,other,hisp,m,20-24,87,0
VT,2018,other,hisp,f,20-24,87,0
VT,2018,other,hisp,m,25-29,92,0
VT,2018,other,hisp,f,25-29,92,0
VT,2018,other,hisp,m,30-34,92,0
VT,2018,other,hisp,f,30-34,92,0
VT,2018,other,hisp,m,35-39,89,0
VT,2018,other,hisp,f,35-39,89,0
VT,2018,other,hisp,m,40-44,83,0
VT,2018,other,hisp,f,40-44,83,0
VT,2018,other,hisp,m,45-49,79,0
VT,2018,other,hisp,f,45-49,79,0
VT,2018,other,hisp,m,50-54,84,0
VT,2018,other,hisp,f,50-54,84,0
VT,2018,other,hisp,m,55-59,88,0
VT,2018,other,hisp,f,55-59,88,0
VT,2018,other,hisp,m,60-64,84,0
VT,2018,other,hisp,f,60-64,84,0
VT,2018,other,hisp,m,65-69,71,0
VT,2018,other,hisp,f,65-69,71,0
VT,2018,other,hisp,m,70-74,59,0
VT,2018,other,hisp,f,70-74,59,0
VT,2018,other,hisp,m,75-79,42,0
VT,2018,other,hisp,f,75-79,42,0
VT,2018,other,hisp,m,80-84,21,0
VT,2018,other,hisp,f,80-84,31,0
VT,2018,other,hisp,m,85+,22,0
VT,2018,other,hisp,f,85+,33,0
UT,2018,white,non-hisp,m,0-4,71337,0
UT,2018,white,non-hisp,f,0-4,71337,0
UT,2018,white,non-hisp,m,5-9,73797,0
UT,2018,white,non-hisp,f,5-9,73797,0
UT,2018,white,non-hisp,m,10-14,78717,0
UT,2018,white,non-hisp,f,10-14,78717,0
UT,2018,white,non-hisp,m,15-19,78717,0
UT,2018,white,non-hisp,f,15-19,78717,0
UT,2018,white,non-hisp,m,20-24,81176,0
UT,2018,white,non-hisp,f,20-24,81176,0
UT,2018,white,non-hisp,m,25-29,86096,0
UT,2018,white,non-hisp,f,25-29,86096,0
UT,2018,white,non-hisp,m,30-34,86096,0
UT,2018,white,non-hisp,f,30-34,86096,0
UT,2018,white,non-hisp,m,35-39,83636,0
UT,2018,white,non-hisp,f,35-39,83636,0
UT,2018,white,non-hisp,m,40-44,77487,0
UT,2018,white,non-hisp,f,40-44,77487,0
UT,2018,white,non-hisp,m,45-49,73797,0
UT,2018,white,non-hisp,f,45-49,73797,0
UT,2018,white,non-hisp,m,50-54,78717,0
UT,2018,white,non-hisp,f,50-54,78717,0
UT,2018,white,non-hisp,m,55-59,82406,0
UT,2018,white,non-hisp,f,55-59,82406,0
UT,2018,white,non-hisp,m,60-64,78717,0
UT,2018,white,non-hisp,f,60-64,78717,0
UT,2018,white,non-hisp,m,65-69,66417,0
UT,2018,white,non-hisp,f,65-69,66417,0
UT,2018,white,non-hisp,m,70-74,55348,0
UT,2018,white,non-hisp,f,70-74,55348,0
UT,2018,white,non-hisp,m,75-79,39358,0
UT,2018,white,non-hisp,f,75-79,39358,0
UT,2018,white,non-hisp,m,80-84,19679,0
UT,2018,white,non-hisp,f,80-84,29519,0
UT,2018,white,non-hisp,m,85+,20663,0
UT,2018,white,non-hisp,f,85+,30995,0
UT,2018,black,non-hisp,m,0-4,1089,0
UT,2018,black,non-hisp,f,0-4,1089,0
UT,2018,black,non-hisp,m,5-9,1126,0
UT,2018,black,non-hisp,f,5-9,1126,0
UT,2018,black,non-hisp,m,10-14,1201,0
UT,2018,black,non-hisp,f,10-14,1201,0
UT,2018,black,non-hisp,m,15-19,1201,0
UT,2018,black,non-hisp,f,15-19,1201,0
UT,2018,black,non-hisp,m,20-24,1239,0
UT,2018,black,non-hisp,f,20-24,1239,0
UT,2018,black,non-hisp,m,25-29,1314,0
UT,2018,black,non-hisp,f,25-29,1314,0
UT,2018,black,non-hisp,m,30-34,1314,0
UT,2018,black,non-hisp,f,30-34,1314,0
UT,2018,black,non-hisp,m,35-39,1277,0
UT,2018,black,non-hisp,f,35-39,1277,0
UT,2018,black,non-hisp,m,40-44,1183,0
UT,2018,black,non-hisp,f,40-44,1183,0
UT,2018,black,non-hisp,m,45-49,1126,0
UT,2018,black,non-hisp,f,45-49,1126,0
UT,2018,black,non-hisp,m,50-54,1201,0
UT,2018,black,non-hisp,f,50-54,1201,0
UT,2018,black,non-hisp,m,55-59,1258,0
UT,2018,black,non-hisp,f,55-59,1258,0
UT,2018,black,non-hisp,m,60-64,1201,0
UT,2018,black,non-hisp,f,60-64,1201,0
UT,2018,black,non-hisp,m,65-69,1014,0
UT,2018,black,non-hisp,f,65-69,1014,0
UT,2018,black,non-hisp,m,70-74,845,0
UT,2018,black,non-hisp,f,70-74,845,0
UT,2018,black,non-hisp,m,75-79,601,0
UT,2018,black,non-hisp,f,75-79,601,0
UT,2018,black,non-hisp,m,80-84,300,0
UT,2018,black,non-hisp,f,80-84,451,0
UT,2018,black,non-hisp,m,85+,315,0
UT,2018,black,non-hisp,f,85+,473,0
UT,2018,asian,non-hisp,m,0-4,2169,0
UT,2018,asian,non-hisp,f,0-4,2169,0
UT,2018,asian,non-hisp,m,5-9,2244,0
UT,2018,asian,non-hisp,f,5-9,2244,0
UT,2018,asian,non-hisp,m,10-14,2393,0
UT,2018,asian,non-hisp,f,10-14,2393,0
UT,2018,asian,non-hisp,m,15-19,2393,0
UT,2018,asian,non-hisp,f,15-19,2393,0
UT,2018,asian,non-hisp,m,20-24,2468,0
UT,2018,asian,non-hisp,f,20-24,2468,0
UT,2018,asian,non-hisp,m,25-29,2617,0
UT,2018,asian,non-hisp,f,25-29,2617,0
UT,2018,asian,non-hisp,m,30-34,2617,0
UT,2018,asian,non-hisp,f,30-34,2617,0
UT,2018,asian,non-hisp,m,35-39,2543,0
UT,2018,asian,non-hisp,f,35-39,2543,0
UT,2018,asian,non-hisp,m,40-44,2356,0
UT,2018,asian,non-hisp,f,40-44,2356,0
UT,2018,asian,non-hisp,m,45-49,2244,0
UT,2018,asian,non-hisp,f,45-49,2244,0
UT,2018,asian,non-hisp,m,50-54,2393,0
UT,2018,asian,non-hisp,f,50-54,2393,0
UT,2018,asian,non-hisp,m,55-59,2505,0
UT,2018,asian,non-hisp,f,55-59,2505,0
UT,2018,asian,non-hisp,m,60-64,2393,0
UT,2018,asian,non-hisp,f,60-64,2393,0
UT,2018,asian,non-hisp,m,65-69,2019,0
UT,2018,asian,non-hisp,f,65-69,2019,0
UT,2018,asian,non-hisp,m,70-74,1683,0
UT,2018,asian,non-hisp,f,70-74,1683,0
UT,2018,asian,non-hisp,m,75-79,1197,0
UT,2018,asian,non-hisp,f,75-79,1197,0
UT,2018,asian,non-hisp,m,80-84,598,0
UT,2018,asian,non-hisp,f,80-84,897,0
UT,2018,asian,non-hisp,m,85+,628,0
UT,2018,asian,non-hisp,f,85+,942,0
UT,2018,other,non-hisp,m,0-4,4021,0
UT,2018,other,non-hisp,f,0-4,4021,0
UT,2018,other,non-hisp,m,5-9,4160,0
UT,2018,other,non-hisp,f,5-9,4160,0
UT,2018,other,non-hisp,m,10-14,4437,0
UT,2018,other,non-hisp,f,10-14,4437,0
UT,2018,other,non-hisp,m,15-19,4437,0
UT,2018,other,non-hisp,f,15-19,4437,0
UT,2018,other,non-hisp,m,20-24,4576,0
UT,2018,other,non-hisp,f,20-24,4576,0
UT,2018,other,non-hisp,m,25-29,4853,0
UT,2018,other,non-hisp,f,25-29,4853,0
UT,2018,other,non-hisp,m,30-34,4853,0
UT,2018,other,non-hisp,f,30-34,4853,0
UT,2018,other,non-hisp,m,35-39,4715,0
UT,2018,other,non-hisp,f,35-39,4715,0
UT,2018,other,non-hisp,m,40-44,4368,0
UT,2018,other,non-hisp,f,40-44,4368,0
UT,2018,other,non-hisp,m,45-49,4160,0
UT,2018,other,non-hisp,f,45-49,4160,0
UT,2018,other,non-hisp,m,50-54,4437,0
UT,2018,other,non-hisp,f,50-54,4437,0
UT,2018,other,non-hisp,m,55-59,4645,0
UT,2018,other,non-hisp,f,55-59,4645,0
UT,2018,other,non-hisp,m,60-64,4437,0
UT,2018,other,non-hisp,f,60-64,4437,0
UT,2018,other,non-hisp,m,65-69,3744,0
UT,2018,other,non-hisp,f,65-69,3744,0
UT,2018,other,non-hisp,m,70-74,3120,0
UT,2018,other,non-hisp,f,70-74,3120,0
UT,2018,other,non-hisp,m,75-79,2219,0
UT,2018,other,non-hisp,f,75-79,2219,0
UT,2018,other,non-hisp,m,80-84,1109,0
UT,2018,other,non-hisp,f,80-84,1664,0
UT,2018,other,non-hisp,m,85+,1165,0
UT,2018,other,non-hisp,f,85+,1747,0
UT,2018,white,hisp,m,0-4,7201,0
UT,2018,white,hisp,f,0-4,7201,0
UT,2018,white,hisp,m,5-9,7449,0
UT,2018,white,hisp,f,5-9,7449,0
UT,2018,white,hisp,m,10-14,7946,0
UT,2018,white,hisp,f,10-14,7946,0
UT,2018,white,hisp,m,15-19,7946,0
UT,2018,white,hisp,f,15-19,7946,0
UT,2018,white,hisp,m,20-24,8194,0
UT,2018,white,hisp,f,20-24,8194,0
UT,2018,white,hisp,m,25-29,8691,0
UT,2018,white,hisp,f,25-29,8691,0
UT,2018,white,hisp,m,30-34,8691,0
UT,2018,white,hisp,f,30-34,8691,0
UT,2018,white,hisp,m,35-39,8442,0
UT,2018,white,hisp,f,35-39,8442,0
UT,2018,white,hisp,m,40-44,7822,0
UT,2018,white,hisp,f,40-44,7822,0
UT,2018,white,hisp,m,45-49,7449,0
UT,2018,white,hisp,f,45-49,7449,0
UT,2018,white,hisp,m,50-54,7946,0
UT,2018,white,hisp,f,50-54,7946,0
UT,2018,white,hisp,m,55-59,8318,0
UT,2018,white,hisp,f,55-59,8318,0
UT,2018,white,hisp,m,60-64,7946,0
UT,2018,white,hisp,f,60-64,7946,0
UT,2018,white,hisp,m,65-69,6704,0
UT,2018,white,hisp,f,65-69,6704,0
UT,2018,white,hisp,m,70-74,5587,0
UT,2018,white,hisp,f,70-74,5587,0
UT,2018,white,hisp,m,75-79,3973,0
UT,2018,white,hisp,f,75-79,3973,0
UT,2018,white,hisp,m,80-84,1986,0
UT,2018,white,hisp,f,80-84,2980,0
UT,2018,white,hisp,m,85+,2086,0
UT,2018,white,hisp,f,85+,3129,0
UT,2018,black,hisp,m,0-4,82,0
UT,2018,black,hisp,f,0-4,82,0
UT,2018,black,hisp,m,5-9,85,0
UT,2018,black,hisp,f,5-9,85,0
UT,2018,black,hisp,m,10-14,90,0
UT,2018,black,hisp,f,10-14,90,0
UT,2018,black,hisp,m,15-19,90,0
UT,2018,black,hisp,f,15-19,90,0
UT,2018,black,hisp,m,20-24,93,0
UT,2018,black,hisp,f,20-24,93,0
UT,2018,black,hisp,m,25-29,99,0
UT,2018,black,hisp,f,25-29,99,0
UT,2018,black,hisp,m,30-34,99,0
UT,2018,black,hisp,f,30-34,99,0
UT,2018,black,hisp,m,35-39,96,0
UT,2018,black,hisp,f,35-39,96,0
UT,2018,black,hisp,m,40-44,89,0
UT,2018,black,hisp,f,40-44,89,0
UT,2018,black,hisp,m,45-49,85,0
UT,2018,black,hisp,f,45-49,85,0
UT,2018,black,hisp,m,50-54,90,0
UT,2018,black,hisp,f,50-54,90,0
UT,2018,black,hisp,m,55-59,94,0
UT,2018,black,hisp,f,55-59,94,0
UT,2018,black,hisp,m,60-64,90,0
UT,2018,black,hisp,f,60-64,90,0
UT,2018,black,hisp,m,65-69,76,0
UT,2018,black,hisp,f,65-69,76,0
UT,2018,black,hisp,m,70-74,63,0
UT,2018,black,hisp,f,70-74,63,0
UT,2018,black,hisp,m,75-79,45,0
UT,2018,black,hisp,f,75-79,45,0
UT,2018,black,hisp,m,80-84,23,0
UT,2018,black,hisp,f,80-84,34,0
UT,2018,black,hisp,m,85+,24,0
UT,2018,black,hisp,f,85+,36,0
UT,2018,asian,hisp,m,0-4,32,0
UT,2018,asian,hisp,f,0-4,32,0
UT,2018,asian,hisp,m,5-9,33,0
UT,2018,asian,hisp,f,5-9,33,0
UT,2018,asian,hisp,m,10-14,36,0
UT,2018,asian,hisp,f,10-14,36,0
UT,2018,asian,hisp,m,15-19,36,0
UT,2018,asian,hisp,f,15-19,36,0
UT,2018,asian,hisp,m,20-24,37,0
UT,2018,asian,hisp,f,20-24,37,0
UT,2018,asian,hisp,m,25-29,39,0
UT,2018,asian,hisp,f,25-29,39,0
UT,2018,asian,hisp,m,30-34,39,0
UT,2018,asian,hisp,f,30-34,39,0
UT,2018,asian,hisp,m,35-39,38,0
UT,2018,asian,hisp,f,35-39,38,0
UT,2018,asian,hisp,m,40-44,35,0
UT,2018,asian,hisp,f,40-44,35,0
UT,2018,asian,hisp,m,45-49,33,0
UT,2018,asian,hisp,f,45-49,33,0
UT,2018,asian,hisp,m,50-54,36,0
UT,2018,asian,hisp,f,50-54,36,0
UT,2018,asian,hisp,m,55-59,37,0
UT,2018,asian,hisp,f,55-59,37,0
UT,2018,asian,hisp,m,60-64,36,0
UT,2018,asian,hisp,f,60-64,36,0
UT,2018,asian,hisp,m,65-69,30,0
UT,2018,asian,hisp,f,65-69,30,0
UT,2018,asian,hisp,m,70-74,25,0
UT,2018,asian,hisp,f,70-74,25,0
UT,2018,asian,hisp,m,75-79,18,0
UT,2018,asian,hisp,f,75-79,18,0
UT,2018,asian,hisp,m,80-84,9,0
UT,2018,asian,hisp,f,80-84,13,0
UT,2018,asian,hisp,m,85+,9,0
UT,2018,asian,hisp,f,85+,14,0
UT,2018,other,hisp,m,0-4,5742,0
UT,2018,other,hisp,f,0-4,5742,0
UT,2018,other,hisp,m,5-9,5939,0
UT,2018,other,hisp,f,5-9,5939,0
UT,2018,other,hisp,m,10-14,6335,0
UT,2018,other,hisp,f,10-14,6335,0
UT,2018,other,hisp,m,15-19,6335,0
UT,2018,other,hisp,f,15-19,6335,0
UT,2018,other,hisp,m,20-24,6533,0
UT,2018,other,hisp,f,20-24,6533,0
UT,2018,other,hisp,m,25-29,6929,0
UT,2018,other,hisp,f,25-29,6929,0
UT,2018,other,hisp,m,30-34,6929,0
UT,2018,other,hisp,f,30-34,6929,0
UT,2018,other,hisp,m,35-39,6731,0
UT,2018,other,hisp,f,35-39,6731,0
UT,2018,other,hisp,m,40-44,6236,0
UT,2018,other,hisp,f,40-44,6236,0
UT,2018,other,hisp,m,45-49,5939,0
UT,2018,other,hisp,f,45-49,5939,0
UT,2018,other,hisp,m,50-54,6335,0
UT,2018,other,hisp,f,50-54,6335,0
UT,2018,other,hisp,m,55-59,6632,0
UT,2018,other,hisp,f,55-59,6632,0
UT,2018,other,hisp,m,60-64,6335,0
UT,2018,other,hisp,f,60-64,6335,0
UT,2018,other,hisp,m,65-69,5346,0
UT,2018,other,hisp,f,65-69,5346,0
UT,2018,other,hisp,m,70-74,4455,0
UT,2018,other,hisp,f,70-74,4455,0
UT,2018,other,hisp,m,75-79,3168,0
UT,2018,other,hisp,f,75-79,3168,0
UT,2018,other,hisp,m,80-84,1584,0
UT,2018,other,hisp,f,80-84,2376,0
UT,2018,other,hisp,m,85+,1663,0
UT,2018,other,hisp,f,85+,2495,0
VA,2018,white,non-hisp,m,0-4,151505,0
VA,2018,white,non-hisp,f,0-4,151505,0
VA,2018,white,non-hisp,m,5-9,156729,0
VA,2018,white,non-hisp,f,5-9,156729,0
VA,2018,white,non-hisp,m,10-14,167177,0
VA,2018,white,non-hisp,f,10-14,167177,0
VA,2018,white,non-hisp,m,15-19,167177,0
VA,2018,white,non-hisp,f,15-19,167177,0
VA,2018,white,non-hisp,m,20-24,172402,0
VA,2018,white,non-hisp,f,20-24,172402,0
VA,2018,white,non-hisp,m,25-29,182850,0
VA,2018,white,non-hisp,f,25-29,182850,0
VA,2018,white,non-hisp,m,30-34,182850,0
VA,2018,white,non-hisp,f,30-34,182850,0
VA,2018,white,non-hisp,m,35-39,177626,0
VA,2018,white,non-hisp,f,35-39,177626,0
VA,2018,white,non-hisp,m,40-44,164565,0
VA,2018,white,non-hisp,f,40-44,164565,0
VA,2018,white,non-hisp,m,45-49,156729,0
VA,2018,white,non-hisp,f,45-49,156729,0
VA,2018,white,non-hisp,m,50-54,167177,0
VA,2018,white,non-hisp,f,50-54,167177,0
VA,2018,white,non-hisp,m,55-59,175014,0
VA,2018,white,non-hisp,f,55-59,175014,0
VA,2018,white,non-hisp,m,60-64,167177,0
VA,2018,white,non-hisp,f,60-64,167177,0
VA,2018,white,non-hisp,m,65-69,141056,0
VA,2018,white,non-hisp,f,65-69,141056,0
VA,2018,white,non-hisp,m,70-74,117547,0
VA,2018,white,non-hisp,f,70-74,117547,0
VA,2018,white,non-hisp,m,75-79,83589,0
VA,2018,white,non-hisp,f,75-79,83589,0
VA,2018,white,non-hisp,m,80-84,41794,0
VA,2018,white,non-hisp,f,80-84,62692,0
VA,2018,white,non-hisp,m,85+,43884,0
VA,2018,white,non-hisp,f,85+,65826,0
VA,2018,black,non-hisp,m,0-4,46335,0
VA,2018,black,non-hisp,f,0-4,46335,0
VA,2018,black,non-hisp,m,5-9,47933,0
VA,2018,black,non-hisp,f,5-9,47933,0
VA,2018,black,non-hisp,m,10-14,51128,0
VA,2018,black,non-hisp,f,10-14,51128,0
VA,2018,black,non-hisp,m,15-19,51128,0
VA,2018,black,non-hisp,f,15-19,51128,0
VA,2018,black,non-hisp,m,20-24,52726,0
VA,2018,black,non-hisp,f,20-24,52726,0
VA,2018,black,non-hisp,m,25-29,55922,0
VA,2018,black,non-hisp,f,25-29,55922,0
VA,2018,black,non-hisp,m,30-34,55922,0
VA,2018,black,non-hisp,f,30-34,55922,0
VA,2018,black,non-hisp,m,35-39,54324,0
VA,2018,black,non-hisp,f,35-39,54324,0
VA,2018,black,non-hisp,m,40-44,50329,0
VA,2018,black,non-hisp,f,40-44,50329,0
VA,2018,black,non-hisp,m,45-49,47933,0
VA,2018,black,non-hisp,f,45-49,47933,0
VA,2018,black,non-hisp,m,50-54,51128,0
VA,2018,black,non-hisp,f,50-54,51128,0
VA,2018,black,non-hisp,m,55-59,53525,0
VA,2018,black,non-hisp,f,55-59,53525,0
VA,2018,black,non-hisp,m,60-64,51128,0
VA,2018,black,non-hisp,f,60-64,51128,0
VA,2018,black,non-hisp,m,65-69,43140,0
VA,2018,black,non-hisp,f,65-69,43140,0
VA,2018,black,non-hisp,m,70-74,35950,0
VA,2018,black,non-hisp,f,70-74,35950,0
VA,2018,black,non-hisp,m,75-79,25564,0
VA,2018,black,non-hisp,f,75-79,25564,0
VA,2018,black,non-hisp,m,80-84,12782,0
VA,2018,black,non-hisp,f,80-84,19173,0
VA,2018,black,non-hisp,m,85+,13421,0
VA,2018,black,non-hisp,f,85+,20132,0
VA,2018,asian,non-hisp,m,0-4,15970,0
VA,2018,asian,non-hisp,f,0-4,15970,0
VA,2018,asian,non-hisp,m,5-9,16521,0
VA,2018,asian,non-hisp,f,5-9,16521,0
VA,2018,asian,non-hisp,m,10-14,17622,0
VA,2018,asian,non-hisp,f,10-14,17622,0
VA,2018,asian,non-hisp,m,15-19,17622,0
VA,2018,asian,non-hisp,f,15-19,17622,0
VA,2018,asian,non-hisp,m,20-24,18173,0
VA,2018,asian,non-hisp,f,20-24,18173,0
VA,2018,asian,non-hisp,m,25-29,19274,0
VA,2018,asian,non-hisp,f,25-29,19274,0
VA,2018,asian,non-hisp,m,30-34,19274,0
VA,2018,asian,non-hisp,f,30-34,19274,0
VA,2018,asian,non-hisp,m,35-39,18724,0
VA,2018,asian,non-hisp,f,35-39,18724,0
VA,2018,asian,non-hisp,m,40-44,17347,0
VA,2018,asian,non-hisp,f,40-44,17347,0
VA,2018,asian,non-hisp,m,45-49,16521,0
VA,2018,asian,non-hisp,f,45-49,16521,0
VA,2018,asian,non-hisp,m,50-54,17622,0
VA,2018,asian,non-hisp,f,50-54,17622,0
VA,2018,asian,non-hisp,m,55-59,18448,0
VA,2018,asian,non-hisp,f,55-59,18448,0
VA,2018,asian,non-hisp,m,60-64,17622,0
VA,2018,asian,non-hisp,f,60-64,17622,0
VA,2018,asian,non-hisp,m,65-69,14869,0
VA,2018,asian,non-hisp,f,65-69,14869,0
VA,2018,asian,non-hisp,m,70-74,12391,0
VA,2018,asian,non-hisp,f,70-74,12391,0
VA,2018,asian,non-hisp,m,75-79,8811,0
VA,2018,asian,non-hisp,f,75-79,8811,0
VA,2018,asian,non-hisp,m,80-84,4406,0
VA,2018,asian,non-hisp,f,80-84,6608,0
VA,2018,asian,non-hisp,m,85+,4626,0
VA,2018,asian,non-hisp,f,85+,6939,0
VA,2018,other,non-hisp,m,0-4,9632,0
VA,2018,other,non-hisp,f,0-4,9632,0
VA,2018,other,non-hisp,m,5-9,9964,0
VA,2018,other,non-hisp,f,5-9,9964,0
VA,2018,other,non-hisp,m,10-14,10628,0
VA,2018,other,non-hisp,f,10-14,10628,0
VA,2018,other,non-hisp,m,15-19,10628,0
VA,2018,other,non-hisp,f,15-19,10628,0
VA,2018,other,non-hisp,m,20-24,10960,0
VA,2018,other,non-hisp,f,20-24,10960,0
VA,2018,other,non-hisp,m,25-29,11624,0
VA,2018,other,non-hisp,f,25-29,11624,0
VA,2018,other,non-hisp,m,30-34,11624,0
VA,2018,other,non-hisp,f,30-34,11624,0
VA,2018,other,non-hisp,m,35-39,11292,0
VA,2018,other,non-hisp,f,35-39,11292,0
VA,2018,other,non-hisp,m,40-44,10462,0
VA,2018,other,non-hisp,f,40-44,10462,0
VA,2018,other,non-hisp,m,45-49,9964,0
VA,2018,other,non-hisp,f,45-49,9964,0
VA,2018,other,non-hisp,m,50-54,10628,0
VA,2018,other,non-hisp,f,50-54,10628,0
VA,2018,other,non-hisp,m,55-59,11126,0
VA,2018,other,non-hisp,f,55-59,11126,0
VA,2018,other,non-hisp,m,60-64,10628,0
VA,2018,other,non-hisp,f,60-64,10628,0
VA,2018,other,non-hisp,m,65-69,8967,0
VA,2018,other,non-hisp,f,65-69,8967,0
VA,2018,other,non-hisp,m,70-74,7473,0
VA,2018,other,non-hisp,f,70-74,7473,0
VA,2018,other,non-hisp,m,75-79,5314,0
VA,2018,other,non-hisp,f,75-79,5314,0
VA,2018,other,non-hisp,m,80-84,2657,0
VA,2018,other,non-hisp,f,80-84,3985,0
VA,2018,other,non-hisp,m,85+,2790,0
VA,2018,other,non-hisp,f,85+,4185,0
VA,2018,white,hisp,m,0-4,14885,0
VA,2018,white,hisp,f,0-4,14885,0
VA,2018,white,hisp,m,5-9,15399,0
VA,2018,white,hisp,f,5-9,15399,0
VA,2018,white,hisp,m,10-14,16425,0
VA,2018,white,hisp,f,10-14,16425,0
VA,2018,white,hisp,m,15-19,16425,0
VA,2018,white,hisp,f,15-19,16425,0
VA,2018,white,hisp,m,20-24,16938,0
VA,2018,white,hisp,f,20-24,16938,0
VA,2018,white,hisp,m,25-29,17965,0
VA,2018,white,hisp,f,25-29,17965,0
VA,2018,white,hisp,m,30-34,17965,0
VA,2018,white,hisp,f,30-34,17965,0
VA,2018,white,hisp,m,35-39,17452,0
VA,2018,white,hisp,f,35-39,17452,0
VA,2018,white,hisp,m,40-44,16168,0
VA,2018,white,hisp,f,40-44,16168,0
VA,2018,white,hisp,m,45-49,15399,0
VA,2018,white,hisp,f,45-49,15399,0
VA,2018,white,hisp,m,50-54,16425,0
VA,2018,white,hisp,f,50-54,16425,0
VA,2018,white,hisp,m,55-59,17195,0
VA,2018,white,hisp,f,55-59,17195,0
VA,2018,white,hisp,m,60-64,16425,0
VA,2018,white,hisp,f,60-64,16425,0
VA,2018,white,hisp,m,65-69,13859,0
VA,2018,white,hisp,f,65-69,13859,0
VA,2018,white,hisp,m,70-74,11549,0
VA,2018,white,hisp,f,70-74,11549,0
VA,2018,white,hisp,m,75-79,8213,0
VA,2018,white,hisp,f,75-79,8213,0
VA,2018,white,hisp,m,80-84,4106,0
VA,2018,white,hisp,f,80-84,6159,0
VA,2018,white,hisp,m,85+,4312,0
VA,2018,white,hisp,f,85+,6467,0
VA,2018,black,hisp,m,0-4,979,0
VA,2018,black,hisp,f,0-4,979,0
VA,2018,black,hisp,m,5-9,1013,0
VA,2018,black,hisp,f,5-9,1013,0
VA,2018,black,hisp,m,10-14,1080,0
VA,2018,black,hisp,f,10-14,1080,0
VA,2018,black,hisp,m,15-19,1080,0
VA,2018,black,hisp,f,15-19,1080,0
VA,2018,black,hisp,m,20-24,1114,0
VA,2018,black,hisp,f,20-24,1114,0
VA,2018,black,hisp,m,25-29,1181,0
VA,2018,black,hisp,f,25-29,1181,0
VA,2018,black,hisp,m,30-34,1181,0
VA,2018,black,hisp,f,30-34,1181,0
VA,2018,black,hisp,m,35-39,1148,0
VA,2018,black,hisp,f,35-39,1148,0
VA,2018,black,hisp,m,40-44,1063,0
VA,2018,black,hisp,f,40-44,1063,0
VA,2018,black,hisp,m,45-49,1013,0
VA,2018,black,hisp,f,45-49,1013,0
VA,2018,black,hisp,m,50-54,1080,0
VA,2018,black,hisp,f,50-54,1080,0
VA,2018,black,hisp,m,55-59,1131,0
VA,2018,black,hisp,f,55-59,1131,0
VA,2018,black,hisp,m,60-64,1080,0
VA,2018,black,hisp,f,60-64,1080,0
VA,2018,black,hisp,m,65-69,911,0
VA,2018,black,hisp,f,65-69,911,0
VA,2018,black,hisp,m,70-74,759,0
VA,2018,black,hisp,f,70-74,759,0
VA,2018,black,hisp,m,75-79,540,0
VA,2018,black,hisp,f,75-79,540,0
VA,2018,black,hisp,m,80-84,270,0
VA,2018,black,hisp,f,80-84,405,0
VA,2018,black,hisp,m,85+,284,0
VA,2018,black,hisp,f,85+,425,0
VA,2018,asian,hisp,m,0-4,137,0
VA,2018,asian,hisp,f,0-4,137,0
VA,2018,asian,hisp,m,5-9,142,0
VA,2018,asian,hisp,f,5-9,142,0
VA,2018,asian,hisp,m,10-14,151,0
VA,2018,asian,hisp,f,10-14,151,0
VA,2018,asian,hisp,m,15-19,151,0
VA,2018,asian,hisp,f,15-19,151,0
VA,2018,asian,hisp,m,20-24,156,0
VA,2018,asian,hisp,f,20-24,156,0
VA,2018,asian,hisp,m,25-29,165,0
VA,2018,asian,hisp,f,25-29,165,0
VA,2018,asian,hisp,m,30-34,165,0
VA,2018,asian,hisp,f,30-34,165,0
VA,2018,asian,hisp,m,35-39,161,0
VA,2018,asian,hisp,f,35-39,161,0
VA,2018,asian,hisp,m,40-44,149,0
VA,2018,asian,hisp,f,40-44,149,0
VA,2018,asian,hisp,m,45-49,142,0
VA,2018,asian,hisp,f,45-49,142,0
VA,2018,asian,hisp,m,50-54,151,0
VA,2018,asian,hisp,f,50-54,151,0
VA,2018,asian,hisp,m,55-59,158,0
VA,2018,asian,hisp,f,55-59,158,0
VA,2018,asian,hisp,m,60-64,151,0
VA,2018,asian,hisp,f,60-64,151,0
VA,2018,asian,hisp,m,65-69,128,0
VA,2018,asian,hisp,f,65-69,128,0
VA,2018,asian,hisp,m,70-74,106,0
VA,2018,asian,hisp,f,70-74,106,0
VA,2018,asian,hisp,m,75-79,76,0
VA,2018,asian,hisp,f,75-79,76,0
VA,2018,asian,hisp,m,80-84,38,0
VA,2018,asian,hisp,f,80-84,57,0
VA,2018,asian,hisp,m,85+,40,0
VA,2018,asian,hisp,f,85+,60,0
VA,2018,other,hisp,m,0-4,7570,0
VA,2018,other,hisp,f,0-4,7570,0
VA,2018,other,hisp,m,5-9,7831,0
VA,2018,other,hisp,f,5-9,7831,0
VA,2018,other,hisp,m,10-14,8354,0
VA,2018,other,hisp,f,10-14,8354,0
VA,2018,other,hisp,m,15-19,8354,0
VA,2018,other,hisp,f,15-19,8354,0
VA,2018,other,hisp,m,20-24,8615,0
VA,2018,other,hisp,f,20-24,8615,0
VA,2018,other,hisp,m,25-29,9137,0
VA,2018,other,hisp,f,25-29,9137,0
VA,2018,other,hisp,m,30-34,9137,0
VA,2018,other,hisp,f,30-34,9137,0
VA,2018,other,hisp,m,35-39,8876,0
VA,2018,other,hisp,f,35-39,8876,0
VA,2018,other,hisp,m,40-44,8223,0
VA,2018,other,hisp,f,40-44,8223,0
VA,2018,other,hisp,m,45-49,7831,0
VA,2018,other,hisp,f,45-49,7831,0
VA,2018,other,hisp,m,50-54,8354,0
VA,2018,other,hisp,f,50-54,8354,0
VA,2018,other,hisp,m,55-59,8745,0
VA,2018,other,hisp,f,55-59,8745,0
VA,2018,other,hisp,m,60-64,8354,0
VA,2018,other,hisp,f,60-64,8354,0
VA,2018,other,hisp,m,65-69,7048,0
VA,2018,other,hisp,f,65-69,7048,0
VA,2018,other,hisp,m,70-74,5874,0
VA,2018,other,hisp,f,70-74,5874,0
VA,2018,other,hisp,m,75-79,4177,0
VA,2018,other,hisp,f,75-79,4177,0
VA,2018,other,hisp,m,80-84,2088,0
VA,2018,other,hisp,f,80-84,3133,0
VA,2018,other,hisp,m,85+,2193,0
VA,2018,other,hisp,f,85+,3289,0
WA,2018,white,non-hisp,m,0-4,148227,0
WA,2018,white,non-hisp,f,0-4,148227,0
WA,2018,white,non-hisp,m,5-9,153338,0
WA,2018,white,non-hisp,f,5-9,153338,0
WA,2018,white,non-hisp,m,10-14,163561,0
WA,2018,white,non-hisp,f,10-14,163561,0
WA,2018,white,non-hisp,m,15-19,163561,0
WA,2018,white,non-hisp,f,15-19,163561,0
WA,2018,white,non-hisp,m,20-24,168672,0
WA,2018,white,non-hisp,f,20-24,168672,0
WA,2018,white,non-hisp,m,25-29,178895,0
WA,2018,white,non-hisp,f,25-29,178895,0
WA,2018,white,non-hisp,m,30-34,178895,0
WA,2018,white,non-hisp,f,30-34,178895,0
WA,2018,white,non-hisp,m,35-39,173783,0
WA,2018,white,non-hisp,f,35-39,173783,0
WA,2018,white,non-hisp,m,40-44,161005,0
WA,2018,white,non-hisp,f,40-44,161005,0
WA,2018,white,non-hisp,m,45-49,153338,0
WA,2018,white,non-hisp,f,45-49,153338,0
WA,2018,white,non-hisp,m,50-54,163561,0
WA,2018,white,non-hisp,f,50-54,163561,0
WA,2018,white,non-hisp,m,55-59,171228,0
WA,2018,white,non-hisp,f,55-59,171228,0
WA,2018,white,non-hisp,m,60-64,163561,0
WA,2018,white,non-hisp,f,60-64,163561,0
WA,2018,white,non-hisp,m,65-69,138004,0
WA,2018,white,non-hisp,f,65-69,138004,0
WA,2018,white,non-hisp,m,70-74,115004,0
WA,2018,white,non-hisp,f,70-74,115004,0
WA,2018,white,non-hisp,m,75-79,81780,0
WA,2018,white,non-hisp,f,75-79,81780,0
WA,2018,white,non-hisp,m,80-84,40890,0
WA,2018,white,non-hisp,f,80-84,61335,0
WA,2018,white,non-hisp,m,85+,42935,0
WA,2018,white,non-hisp,f,85+,64402,0
WA,2018,black,non-hisp,m,0-4,8175,0
WA,2018,black,non-hisp,f,0-4,8175,0
WA,2018,black,non-hisp,m,5-9,8457,0
WA,2018,black,non-hisp,f,5-9,8457,0
WA,2018,black,non-hisp,m,10-14,9021,0
WA,2018,black,non-hisp,f,10-14,9021,0
WA,2018,black,non-hisp,m,15-19,9021,0
WA,2018,black,non-hisp,f,15-19,9021,0
WA,2018,black,non-hisp,m,20-24,9303,0
WA,2018,black,non-hisp,f,20-24,9303,0
WA,2018,black,non-hisp,m,25-29,9867,0
WA,2018,black,non-hisp,f,25-29,9867,0
WA,2018,black,non-hisp,m,30-34,9867,0
WA,2018,black,non-hisp,f,30-34,9867,0
WA,2018,black,non-hisp,m,35-39,9585,0
WA,2018,black,non-hisp,f,35-39,9585,0
WA,2018,black,non-hisp,m,40-44,8880,0
WA,2018,black,non-hisp,f,40-44,8880,0
WA,2018,black,non-hisp,m,45-49,8457,0
WA,2018,black,non-hisp,f,45-49,8457,0
WA,2018,black,non-hisp,m,50-54,9021,0
WA,2018,black,non-hisp,f,50-54,9021,0
WA,2018,black,non-hisp,m,55-59,9444,0
WA,2018,black,non-hisp,f,55-59,9444,0
WA,2018,black,non-hisp,m,60-64,9021,0
WA,2018,black,non-hisp,f,60-64,9021,0
WA,2018,black,non-hisp,m,65-69,7611,0
WA,2018,black,non-hisp,f,65-69,7611,0
WA,2018,black,non-hisp,m,70-74,6343,0
WA,2018,black,non-hisp,f,70-74,6343,0
WA,2018,black,non-hisp,m,75-79,4510,0
WA,2018,black,non-hisp,f,75-79,4510,0
WA,2018,black,non-hisp,m,80-84,2255,0
WA,2018,black,non-hisp,f,80-84,3383,0
WA,2018,black,non-hisp,m,85+,2368,0
WA,2018,black,non-hisp,f,85+,3552,0
WA,2018,asian,non-hisp,m,0-4,19007,0
WA,2018,asian,non-hisp,f,0-4,19007,0
WA,2018,asian,non-hisp,m,5-9,19662,0
WA,2018,asian,non-hisp,f,5-9,19662,0
WA,2018,asian,non-hisp,m,10-14,20973,0
WA,2018,asian,non-hisp,f,10-14,20973,0
WA,2018,asian,non-hisp,m,15-19,20973,0
WA,2018,asian,non-hisp,f,15-19,20973,0
WA,2018,asian,non-hisp,m,20-24,21629,0
WA,2018,asian,non-hisp,f,20-24,21629,0
WA,2018,asian,non-hisp,m,25-29,22940,0
WA,2018,asian,non-hisp,f,25-29,22940,0
WA,2018,asian,non-hisp,m,30-34,22940,0
WA,2018,asian,non-hisp,f,30-34,22940,0
WA,2018,asian,non-hisp,m,35-39,22284,0
WA,2018,asian,non-hisp,f,35-39,22284,0
WA,2018,asian,non-hisp,m,40-44,20646,0
WA,2018,asian,non-hisp,f,40-44,20646,0
WA,2018,asian,non-hisp,m,45-49,19662,0
WA,2018,asian,non-hisp,f,45-49,19662,0
WA,2018,asian,non-hisp,m,50-54,20973,0
WA,2018,asian,non-hisp,f,50-54,20973,0
WA,2018,asian,non-hisp,m,55-59,21956,0
WA,2018,asian,non-hisp,f,55-59,21956,0
WA,2018,asian,non-hisp,m,60-64,20973,0
WA,2018,asian,non-hisp,f,60-64,20973,0
WA,2018,asian,non-hisp,m,65-69,17696,0
WA,2018,asian,non-hisp,f,65-69,17696,0
WA,2018,asian,non-hisp,m,70-74,14747,0
WA,2018,asian,non-hisp,f,70-74,14747,0
WA,2018,asian,non-hisp,m,75-79,10487,0
WA,2018,asian,non-hisp,f,75-79,10487,0
WA,2018,asian,non-hisp,m,80-84,5243,0
WA,2018,asian,non-hisp,f,80-84,7865,0
WA,2018,asian,non-hisp,m,85+,5505,0
WA,2018,asian,non-hisp,f,85+,8258,0
WA,2018,other,non-hisp,m,0-4,14983,0
WA,2018,other,non-hisp,f,0-4,14983,0
WA,2018,other,non-hisp,m,5-9,15499,0
WA,2018,other,non-hisp,f,5-9,15499,0
WA,2018,other,non-hisp,m,10-14,16533,0
WA,2018,other,non-hisp,f,10-14,16533,0
WA,2018,other,non-hisp,m,15-19,16533,0
WA,2018,other,non-hisp,f,15-19,16533,0
WA,2018,other,non-hisp,m,20-24,17049,0
WA,2018,other,non-hisp,f,20-24,17049,0
WA,2018,other,non-hisp,m,25-29,18083,0
WA,2018,other,non-hisp,f,25-29,18083,0
WA,2018,other,non-hisp,m,30-34,18083,0
WA,2018,other,non-hisp,f,30-34,18083,0
WA,2018,other,non-hisp,m,35-39,17566,0
WA,2018,other,non-hisp,f,35-39,17566,0
WA,2018,other,non-hisp,m,40-44,16274,0
WA,2018,other,non-hisp,f,40-44,16274,0
WA,2018,other,non-hisp,m,45-49,15499,0
WA,2018,other,non-hisp,f,45-49,15499,0
WA,2018,other,non-hisp,m,50-54,16533,0
WA,2018,other,non-hisp,f,50-54,16533,0
WA,2018,other,non-hisp,m,55-59,17308,0
WA,2018,other,non-hisp,f,55-59,17308,0
WA,2018,other,non-hisp,m,60-64,16533,0
WA,2018,other,non-hisp,f,60-64,16533,0
WA,2018,other,non-hisp,m,65-69,13949,0
WA,2018,other,non-hisp,f,65-69,13949,0
WA,2018,other,non-hisp,m,70-74,11625,0
WA,2018,other,non-hisp,f,70-74,11625,0
WA,2018,other,non-hisp,m,75-79,8266,0
WA,2018,other,non-hisp,f,75-79,8266,0
WA,2018,other,non-hisp,m,80-84,4133,0
WA,2018,other,non-hisp,f,80-84,6200,0
WA,2018,other,non-hisp,m,85+,4340,0
WA,2018,other,non-hisp,f,85+,6510,0
WA,2018,white,hisp,m,0-4,15138,0
WA,2018,white,hisp,f,0-4,15138,0
WA,2018,white,hisp,m,5-9,15660,0
WA,2018,white,hisp,f,5-9,15660,0
WA,2018,white,hisp,m,10-14,16704,0
WA,2018,white,hisp,f,10-14,16704,0
WA,2018,white,hisp,m,15-19,16704,0
WA,2018,white,hisp,f,15-19,16704,0
WA,2018,white,hisp,m,20-24,17226,0
WA,2018,white,hisp,f,20-24,17226,0
WA,2018,white,hisp,m,25-29,18270,0
WA,2018,white,hisp,f,25-29,18270,0
WA,2018,white,hisp,m,30-34,18270,0
WA,2018,white,hisp,f,30-34,18270,0
WA,2018,white,hisp,m,35-39,17748,0
WA,2018,white,hisp,f,35-39,17748,0
WA,2018,white,hisp,m,40-44,16443,0
WA,2018,white,hisp,f,40-44,16443,0
WA,2018,white,hisp,m,45-49,15660,0
WA,2018,white,hisp,f,45-49,15660,0
WA,2018,white,hisp,m,50-54,16704,0
WA,2018,white,hisp,f,50-54,16704,0
WA,2018,white,hisp,m,55-59,17487,0
WA,2018,white,hisp,f,55-59,17487,0
WA,2018,white,hisp,m,60-64,16704,0
WA,2018,white,hisp,f,60-64,16704,0
WA,2018,white,hisp,m,65-69,14094,0
WA,2018,white,hisp,f,65-69,14094,0
WA,2018,white,hisp,m,70-74,11745,0
WA,2018,white,hisp,f,70-74,11745,0
WA,2018,white,hisp,m,75-79,8352,0
WA,2018,white,hisp,f,75-79,8352,0
WA,2018,white,hisp,m,80-84,4176,0
WA,2018,white,hisp,f,80-84,6264,0
WA,2018,white,hisp,m,85+,4385,0
WA,2018,white,hisp,f,85+,6577,0
WA,2018,black,hisp,m,0-4,287,0
WA,2018,black,hisp,f,0-4,287,0
WA,2018,black,hisp,m,5-9,297,0
WA,2018,black,hisp,f,5-9,297,0
WA,2018,black,hisp,m,10-14,317,0
WA,2018,black,hisp,f,10-14,317,0
WA,2018,black,hisp,m,15-19,317,0
WA,2018,black,hisp,f,15-19,317,0
WA,2018,black,hisp,m,20-24,327,0
WA,2018,black,hisp,f,20-24,327,0
WA,2018,black,hisp,m,25-29,347,0
WA,2018,black,hisp,f,25-29,347,0
WA,2018,black,hisp,m,30-34,347,0
WA,2018,black,hisp,f,30-34,347,0
WA,2018,black,hisp,m,35-39,337,0
WA,2018,black,hisp,f,35-39,337,0
WA,2018,black,hisp,m,40-44,312,0
WA,2018,black,hisp,f,40-44,312,0
WA,2018,black,hisp,m,45-49,297,0
WA,2018,black,hisp,f,45-49,297,0
WA,2018,black,hisp,m,50-54,317,0
WA,2018,black,hisp,f,50-54,317,0
WA,2018,black,hisp,m,55-59,332,0
WA,2018,black,hisp,f,55-59,332,0
WA,2018,black,hisp,m,60-64,317,0
WA,2018,black,hisp,f,60-64,317,0
WA,2018,black,hisp,m,65-69,267,0
WA,2018,black,hisp,f,65-69,267,0
WA,2018,black,hisp,m,70-74,223,0
WA,2018,black,hisp,f,70-74,223,0
WA,2018,black,hisp,m,75-79,158,0
WA,2018,black,hisp,f,75-79,158,0
WA,2018,black,hisp,m,80-84,79,0
WA,2018,black,hisp,f,80-84,119,0
WA,2018,black,hisp,m,85+,83,0
WA,2018,black,hisp,f,85+,125,0
WA,2018,asian,hisp,m,0-4,185,0
WA,2018,asian,hisp,f,0-4,185,0
WA,2018,asian,hisp,m,5-9,191,0
WA,2018,asian,hisp,f,5-9,191,0
WA,2018,asian,hisp,m,10-14,204,0
WA,2018,asian,hisp,f,10-14,204,0
WA,2018,asian,hisp,m,15-19,204,0
WA,2018,asian,hisp,f,15-19,204,0
WA,2018,asian,hisp,m,20-24,210,0
WA,2018,asian,hisp,f,20-24,210,0
WA,2018,asian,hisp,m,25-29,223,0
WA,2018,asian,hisp,f,25-29,223,0
WA,2018,asian,hisp,m,30-34,223,0
WA,2018,asian,hisp,f,30-34,223,0
WA,2018,asian,hisp,m,35-39,216,0
WA,2018,asian,hisp,f,35-39,216,0
WA,2018,asian,hisp,m,40-44,201,0
WA,2018,asian,hisp,f,40-44,201,0
WA,2018,asian,hisp,m,45-49,191,0
WA,2018,asian,hisp,f,45-49,191,0
WA,2018,asian,hisp,m,50-54,204,0
WA,2018,asian,hisp,f,50-54,204,0
WA,2018,asian,hisp,m,55-59,213,0
WA,2018,asian,hisp,f,55-59,213,0
WA,2018,asian,hisp,m,60-64,204,0
WA,2018,asian,hisp,f,60-64,204,0
WA,2018,asian,hisp,m,65-69,172,0
WA,2018,asian,hisp,f,65-69,172,0
WA,2018,asian,hisp,m,70-74,143,0
WA,2018,asian,hisp,f,70-74,143,0
WA,2018,asian,hisp,m,75-79,102,0
WA,2018,asian,hisp,f,75-79,102,0
WA,2018,asian,hisp,m,80-84,51,0
WA,2018,asian,hisp,f,80-84,76,0
WA,2018,asian,hisp,m,85+,53,0
WA,2018,asian,hisp,f,85+,80,0
WA,2018,other,hisp,m,0-4,12531,0
WA,2018,other,hisp,f,0-4,12531,0
WA,2018,other,hisp,m,5-9,12963,0
WA,2018,other,hisp,f,5-9,12963,0
WA,2018,other,hisp,m,10-14,13827,0
WA,2018,other,hisp,f,10-14,13827,0
WA,2018,other,hisp,m,15-19,13827,0
WA,2018,other,hisp,f,15-19,13827,0
WA,2018,other,hisp,m,20-24,14259,0
WA,2018,other,hisp,f,20-24,14259,0
WA,2018,other,hisp,m,25-29,15123,0
WA,2018,other,hisp,f,25-29,15123,0
WA,2018,other,hisp,m,30-34,15123,0
WA,2018,other,hisp,f,30-34,15123,0
WA,2018,other,hisp,m,35-39,14691,0
WA,2018,other,hisp,f,35-39,14691,0
WA,2018,other,hisp,m,40-44,13611,0
WA,2018,other,hisp,f,40-44,13611,0
WA,2018,other,hisp,m,45-49,12963,0
WA,2018,other,hisp,f,45-49,12963,0
WA,2018,other,hisp,m,50-54,13827,0
WA,2018,other,hisp,f,50-54,13827,0
WA,2018,other,hisp,m,55-59,14475,0
WA,2018,other,hisp,f,55-59,14475,0
WA,2018,other,hisp,m,60-64,13827,0
WA,2018,other,hisp,f,60-64,13827,0
WA,2018,other,hisp,m,65-69,11666,0
WA,2018,other,hisp,f,65-69,11666,0
WA,2018,other,hisp,m,70-74,9722,0
WA,2018,other,hisp,f,70-74,9722,0
WA,2018,other,hisp,m,75-79,6913,0
WA,2018,other,hisp,f,75-79,6913,0
WA,2018,other,hisp,m,80-84,3457,0
WA,2018,other,hisp,f,80-84,5185,0
WA,2018,other,hisp,m,85+,3630,0
WA,2018,other,hisp,f,85+,5444,0
WV,2018,white,non-hisp,m,0-4,48191,0
WV,2018,white,non-hisp,f,0-4,48191,0
WV,2018,white,non-hisp,m,5-9,49853,0
WV,2018,white,non-hisp,f,5-9,49853,0
WV,2018,white,non-hisp,m,10-14,53177,0
WV,2018,white,non-hisp,f,10-14,53177,0
WV,2018,white,non-hisp,m,15-19,53177,0
WV,2018,white,non-hisp,f,15-19,53177,0
WV,2018,white,non-hisp,m,20-24,54839,0
WV,2018,white,non-hisp,f,20-24,54839,0
WV,2018,white,non-hisp,m,25-29,58162,0
WV,2018,white,non-hisp,f,25-29,58162,0
WV,2018,white,non-hisp,m,30-34,58162,0
WV,2018,white,non-hisp,f,30-34,58162,0
WV,2018,white,non-hisp,m,35-39,56500,0
WV,2018,white,non-hisp,f,35-39,56500,0
WV,2018,white,non-hisp,m,40-44,52346,0
WV,2018,white,non-hisp,f,40-44,52346,0
WV,2018,white,non-hisp,m,45-49,49853,0
WV,2018,white,non-hisp,f,45-49,49853,0
WV,2018,white,non-hisp,m,50-54,53177,0
WV,2018,white,non-hisp,f,50-54,53177,0
WV,2018,white,non-hisp,m,55-59,55669,0
WV,2018,white,non-hisp,f,55-59,55669,0
WV,2018,white,non-hisp,m,60-64,53177,0
WV,2018,white,non-hisp,f,60-64,53177,0
WV,2018,white,non-hisp,m,65-69,44868,0
WV,2018,white,non-hisp,f,65-69,44868,0
WV,2018,white,non-hisp,m,70-74,37390,0
WV,2018,white,non-hisp,f,70-74,37390,0
WV,2018,white,non-hisp,m,75-79,26588,0
WV,2018,white,non-hisp,f,75-79,26588,0
WV,2018,white,non-hisp,m,80-84,13294,0
WV,2018,white,non-hisp,f,80-84,19941,0
WV,2018,white,non-hisp,m,85+,13959,0
WV,2018,white,non-hisp,f,85+,20938,0
WV,2018,black,non-hisp,m,0-4,1973,0
WV,2018,black,non-hisp,f,0-4,1973,0
WV,2018,black,non-hisp,m,5-9,2041,0
WV,2018,black,non-hisp,f,5-9,2041,0
WV,2018,black,non-hisp,m,10-14,2177,0
WV,2018,black,non-hisp,f,10-14,2177,0
WV,2018,black,non-hisp,m,15-19,2177,0
WV,2018,black,non-hisp,f,15-19,2177,0
WV,2018,black,non-hisp,m,20-24,2245,0
WV,2018,black,non-hisp,f,20-24,2245,0
WV,2018,black,non-hisp,m,25-29,2381,0
WV,2018,black,non-hisp,f,25-29,2381,0
WV,2018,black,non-hisp,m,30-34,2381,0
WV,2018,black,non-hisp,f,30-34,2381,0
WV,2018,black,non-hisp,m,35-39,2313,0
WV,2018,black,non-hisp,f,35-39,2313,0
WV,2018,black,non-hisp,m,40-44,2143,0
WV,2018,black,non-hisp,f,40-44,2143,0
WV,2018,black,non-hisp,m,45-49,2041,0
WV,2018,black,non-hisp,f,45-49,2041,0
WV,2018,black,non-hisp,m,50-54,2177,0
WV,2018,black,non-hisp,f,50-54,2177,0
WV,2018,black,non-hisp,m,55-59,2279,0
WV,2018,black,non-hisp,f,55-59,2279,0
WV,2018,black,non-hisp,m,60-64,2177,0
WV,2018,black,non-hisp,f,60-64,2177,0
WV,2018,black,non-hisp,m,65-69,1837,0
WV,2018,black,non-hisp,f,65-69,1837,0
WV,2018,black,non-hisp,m,70-74,1531,0
WV,2018,black,non-hisp,f,70-74,1531,0
WV,2018,black,non-hisp,m,75-79,1089,0
WV,2018,black,non-hisp,f,75-79,1089,0
WV,2018,black,non-hisp,m,80-84,544,0
WV,2018,black,non-hisp,f,80-84,817,0
WV,2018,black,non-hisp,m,85+,572,0
WV,2018,black,non-hisp,f,85+,857,0
WV,2018,asian,non-hisp,m,0-4,386,0
WV,2018,asian,non-hisp,f,0-4,386,0
WV,2018,asian,non-hisp,m,5-9,399,0
WV,2018,asian,non-hisp,f,5-9,399,0
WV,2018,asian,non-hisp,m,10-14,426,0
WV,2018,asian,non-hisp,f,10-14,426,0
WV,2018,asian,non-hisp,m,15-19,426,0
WV,2018,asian,non-hisp,f,15-19,426,0
WV,2018,asian,non-hisp,m,20-24,439,0
WV,2018,asian,non-hisp,f,20-24,439,0
WV,2018,asian,non-hisp,m,25-29,466,0
WV,2018,asian,non-hisp,f,25-29,466,0
WV,2018,asian,non-hisp,m,30-34,466,0
WV,2018,asian,non-hisp,f,30-34,466,0
WV,2018,asian,non-hisp,m,35-39,453,0
WV,2018,asian,non-hisp,f,35-39,453,0
WV,2018,asian,non-hisp,m,40-44,419,0
WV,2018,asian,non-hisp,f,40-44,419,0
WV,2018,asian,non-hisp,m,45-49,399,0
WV,2018,asian,non-hisp,f,45-49,399,0
WV,2018,asian,non-hisp,m,50-54,426,0
WV,2018,asian,non-hisp,f,50-54,426,0
WV,2018,asian,non-hisp,m,55-59,446,0
WV,2018,asian,non-hisp,f,55-59,446,0
WV,2018,asian,non-hisp,m,60-64,426,0
WV,2018,asian,non-hisp,f,60-64,426,0
WV,2018,asian,non-hisp,m,65-69,359,0
WV,2018,asian,non-hisp,f,65-69,359,0
WV,2018,asian,non-hisp,m,70-74,299,0
WV,2018,asian,non-hisp,f,70-74,299,0
WV,2018,asian,non-hisp,m,75-79,213,0
WV,2018,asian,non-hisp,f,75-79,213,0
WV,2018,asian,non-hisp,m,80-84,106,0
WV,2018,asian,non-hisp,f,80-84,160,0
WV,2018,asian,non-hisp,m,85+,112,0
WV,2018,asian,non-hisp,f,85+,168,0
WV,2018,other,non-hisp,m,0-4,1077,0
WV,2018,other,non-hisp,f,0-4,1077,0
WV,2018,other,non-hisp,m,5-9,1114,0
WV,2018,other,non-hisp,f,5-9,1114,0
WV,2018,other,non-hisp,m,10-14,1188,0
WV,2018,other,non-hisp,f,10-14,1188,0
WV,2018,other,non-hisp,m,15-19,1188,0
WV,2018,other,non-hisp,f,15-19,1188,0
WV,2018,other,non-hisp,m,20-24,1226,0
WV,2018,other,non-hisp,f,20-24,1226,0
WV,2018,other,non-hisp,m,25-29,1300,0
WV,2018,other,non-hisp,f,25-29,1300,0
WV,2018,other,non-hisp,m,30-34,1300,0
WV,2018,other,non-hisp,f,30-34,1300,0
WV,2018,other,non-hisp,m,35-39,1263,0
WV,2018,other,non-hisp,f,35-39,1263,0
WV,2018,other,non-hisp,m,40-44,1170,0
WV,2018,other,non-hisp,f,40-44,1170,0
WV,2018,other,non-hisp,m,45-49,1114,0
WV,2018,other,non-hisp,f,45-49,1114,0
WV,2018,other,non-hisp,m,50-54,1188,0
WV,2018,other,non-hisp,f,50-54,1188,0
WV,2018,other,non-hisp,m,55-59,1244,0
WV,2018,other,non-hisp,f,55-59,1244,0
WV,2018,other,non-hisp,m,60-64,1188,0
WV,2018,other,non-hisp,f,60-64,1188,0
WV,2018,other,non-hisp,m,65-69,1003,0
WV,2018,other,non-hisp,f,65-69,1003,0
WV,2018,other,non-hisp,m,70-74,836,0
WV,2018,other,non-hisp,f,70-74,836,0
WV,2018,other,non-hisp,m,75-79,594,0
WV,2018,other,non-hisp,f,75-79,594,0
WV,2018,other,non-hisp,m,80-84,297,0
WV,2018,other,non-hisp,f,80-84,446,0
WV,2018,other,non-hisp,m,85+,312,0
WV,2018,other,non-hisp,f,85+,468,0
WV,2018,white,hisp,m,0-4,522,0
WV,2018,white,hisp,f,0-4,522,0
WV,2018,white,hisp,m,5-9,540,0
WV,2018,white,hisp,f,5-9,540,0
WV,2018,white,hisp,m,10-14,576,0
WV,2018,white,hisp,f,10-14,576,0
WV,2018,white,hisp,m,15-19,576,0
WV,2018,white,hisp,f,15-19,576,0
WV,2018,white,hisp,m,20-24,594,0
WV,2018,white,hisp,f,20-24,594,0
WV,2018,white,hisp,m,25-29,630,0
WV,2018,white,hisp,f,25-29,630,0
WV,2018,white,hisp,m,30-34,630,0
WV,2018,white,hisp,f,30-34,630,0
WV,2018,white,hisp,m,35-39,612,0
WV,2018,white,hisp,f,35-39,612,0
WV,2018,white,hisp,m,40-44,567,0
WV,2018,white,hisp,f,40-44,567,0
WV,2018,white,hisp,m,45-49,540,0
WV,2018,white,hisp,f,45-49,540,0
WV,2018,white,hisp,m,50-54,576,0
WV,2018,white,hisp,f,50-54,576,0
WV,2018,white,hisp,m,55-59,603,0
WV,2018,white,hisp,f,55-59,603,0
WV,2018,white,hisp,m,60-64,576,0
WV,2018,white,hisp,f,60-64,576,0
WV,2018,white,hisp,m,65-69,486,0
WV,2018,white,hisp,f,65-69,486,0
WV,2018,white,hisp,m,70-74,405,0
WV,2018,white,hisp,f,70-74,405,0
WV,2018,white,hisp,m,75-79,288,0
WV,2018,white,hisp,f,75-79,288,0
WV,2018,white,hisp,m,80-84,144,0
WV,2018,white,hisp,f,80-84,216,0
WV,2018,white,hisp,m,85+,151,0
WV,2018,white,hisp,f,85+,227,0
WV,2018,black,hisp,m,0-4,18,0
WV,2018,black,hisp,f,0-4,18,0
WV,2018,black,hisp,m,5-9,19,0
WV,2018,black,hisp,f,5-9,19,0
WV,2018,black,hisp,m,10-14,20,0
WV,2018,black,hisp,f,10-14,20,0
WV,2018,black,hisp,m,15-19,20,0
WV,2018,black,hisp,f,15-19,20,0
WV,2018,black,hisp,m,20-24,21,0
WV,2018,black,hisp,f,20-24,21,0
WV,2018,black,hisp,m,25-29,22,0
WV,2018,black,hisp,f,25-29,22,0
WV,2018,black,hisp,m,30-34,22,0
WV,2018,black,hisp,f,30-34,22,0
WV,2018,black,hisp,m,35-39,22,0
WV,2018,black,hisp,f,35-39,22,0
WV,2018,black,hisp,m,40-44,20,0
WV,2018,black,hisp,f,40-44,20,0
WV,2018,black,hisp,m,45-49,19,0
WV,2018,black,hisp,f,45-49,19,0
WV,2018,black,hisp,m,50-54,20,0
WV,2018,black,hisp,f,50-54,20,0
WV,2018,black,hisp,m,55-59,21,0
WV,2018,black,hisp,f,55-59,21,0
WV,2018,black,hisp,m,60-64,20,0
WV,2018,black,hisp,f,60-64,20,0
WV,2018,black,hisp,m,65-69,17,0
WV,2018,black,hisp,f,65-69,17,0
WV,2018,black,hisp,m,70-74,14,0
WV,2018,black,hisp,f,70-74,14,0
WV,2018,black,hisp,m,75-79,10,0
WV,2018,black,hisp,f,75-79,10,0
WV,2018,black,hisp,m,80-84,5,0
WV,2018,black,hisp,f,80-84,8,0
WV,2018,black,hisp,m,85+,5,0
WV,2018,black,hisp,f,85+,8,0
WV,2018,asian,hisp,m,0-4,4,0
WV,2018,asian,hisp,f,0-4,4,0
WV,2018,asian,hisp,m,5-9,4,0
WV,2018,asian,hisp,f,5-9,4,0
WV,2018,asian,hisp,m,10-14,5,0
WV,2018,asian,hisp,f,10-14,5,0
WV,2018,asian,hisp,m,15-19,5,0
WV,2018,asian,hisp,f,15-19,5,0
WV,2018,asian,hisp,m,20-24,5,0
WV,2018,asian,hisp,f,20-24,5,0
WV,2018,asian,hisp,m,25-29,5,0
WV,2018,asian,hisp,f,25-29,5,0
WV,2018,asian,hisp,m,30-34,5,0
WV,2018,asian,hisp,f,30-34,5,0
WV,2018,asian,hisp,m,35-39,5,0
WV,2018,asian,hisp,f,35-39,5,0
WV,2018,asian,hisp,m,40-44,5,0
WV,2018,asian,hisp,f,40-44,5,0
WV,2018,asian,hisp,m,45-49,4,0
WV,2018,asian,hisp,f,45-49,4,0
WV,2018,asian,hisp,m,50-54,5,0
WV,2018,asian,hisp,f,50-54,5,0
WV,2018,asian,hisp,m,55-59,5,0
WV,2018,asian,hisp,f,55-59,5,0
WV,2018,asian,hisp,m,60-64,5,0
WV,2018,asian,hisp,f,60-64,5,0
WV,2018,asian,hisp,m,65-69,4,0
WV,2018,asian,hisp,f,65-69,4,0
WV,2018,asian,hisp,m,70-74,3,0
WV,2018,asian,hisp,f,70-74,3,0
WV,2018,asian,hisp,m,75-79,2,0
WV,2018,asian,hisp,f,75-79,2,0
WV,2018,asian,hisp,m,80-84,1,0
WV,2018,asian,hisp,f,80-84,2,0
WV,2018,asian,hisp,m,85+,1,0
WV,2018,asian,hisp,f,85+,2,0
WV,2018,other,hisp,m,0-4,197,0
WV,2018,other,hisp,f,0-4,197,0
WV,2018,other,hisp,m,5-9,204,0
WV,2018,other,hisp,f,5-9,204,0
WV,2018,other,hisp,m,10-14,217,0
WV,2018,other,hisp,f,10-14,217,0
WV,2018,other,hisp,m,15-19,217,0
WV,2018,other,hisp,f,15-19,217,0
WV,2018,other,hisp,m,20-24,224,0
WV,2018,other,hisp,f,20-24,224,0
WV,2018,other,hisp,m,25-29,237,0
WV,2018,other,hisp,f,25-29,237,0
WV,2018,other,hisp,m,30-34,237,0
WV,2018,other,hisp,f,30-34,237,0
WV,2018,other,hisp,m,35-39,231,0
WV,2018,other,hisp,f,35-39,231,0
WV,2018,other,hisp,m,40-44,214,0
WV,2018,other,hisp,f,40-44,214,0
WV,2018,other,hisp,m,45-49,204,0
WV,2018,other,hisp,f,45-49,204,0
WV,2018,other,hisp,m,50-54,217,0
WV,2018,other,hisp,f,50-54,217,0
WV,2018,other,hisp,m,55-59,227,0
WV,2018,other,hisp,f,55-59,227,0
WV,2018,other,hisp,m,60-64,217,0
WV,2018,other,hisp,f,60-64,217,0
WV,2018,other,hisp,m,65-69,183,0
WV,2018,other,hisp,f,65-69,183,0
WV,2018,other,hisp,m,70-74,153,0
WV,2018,other,hisp,f,70-74,153,0
WV,2018,other,hisp,m,75-79,109,0
WV,2018,other,hisp,f,75-79,109,0
WV,2018,other,hisp,m,80-84,54,0
WV,2018,other,hisp,f,80-84,81,0
WV,2018,other,hisp,m,85+,57,0
WV,2018,other,hisp,f,85+,85,0
AL,2018,white,non-hisp,m,0-4,92573,0
AL,2018,white,non-hisp,f,0-4,92573,0
AL,2018,white,non-hisp,m,5-9,95765,0
AL,2018,white,non-hisp,f,5-9,95765,0
AL,2018,white,non-hisp,m,10-14,102149,0
AL,2018,white,non-hisp,f,10-14,102149,0
AL,2018,white,non-hisp,m,15-19,102149,0
AL,2018,white,non-hisp,f,15-19,102149,0
AL,2018,white,non-hisp,m,20-24,105342,0
AL,2018,white,non-hisp,f,20-24,105342,0
AL,2018,white,non-hisp,m,25-29,111726,0
AL,2018,white,non-hisp,f,25-29,111726,0
AL,2018,white,non-hisp,m,30-34,111726,0
AL,2018,white,non-hisp,f,30-34,111726,0
AL,2018,white,non-hisp,m,35-39,108534,0
AL,2018,white,non-hisp,f,35-39,108534,0
AL,2018,white,non-hisp,m,40-44,100553,0
AL,2018,white,non-hisp,f,40-44,100553,0
AL,2018,white,non-hisp,m,45-49,95765,0
AL,2018,white,non-hisp,f,45-49,95765,0
AL,2018,white,non-hisp,m,50-54,102149,0
AL,2018,white,non-hisp,f,50-54,102149,0
AL,2018,white,non-hisp,m,55-59,106938,0
AL,2018,white,non-hisp,f,55-59,106938,0
AL,2018,white,non-hisp,m,60-64,102149,0
AL,2018,white,non-hisp,f,60-64,102149,0
AL,2018,white,non-hisp,m,65-69,86189,0
AL,2018,white,non-hisp,f,65-69,86189,0
AL,2018,white,non-hisp,m,70-74,71824,0
AL,2018,white,non-hisp,f,70-74,71824,0
AL,2018,white,non-hisp,m,75-79,51075,0
AL,2018,white,non-hisp,f,75-79,51075,0
AL,2018,white,non-hisp,m,80-84,25537,0
AL,2018,white,non-hisp,f,80-84,38306,0
AL,2018,white,non-hisp,m,85+,26814,0
AL,2018,white,non-hisp,f,85+,40221,0
AL,2018,black,non-hisp,m,0-4,37659,0
AL,2018,black,non-hisp,f,0-4,37659,0
AL,2018,black,non-hisp,m,5-9,38958,0
AL,2018,black,non-hisp,f,5-9,38958,0
AL,2018,black,non-hisp,m,10-14,41555,0
AL,2018,black,non-hisp,f,10-14,41555,0
AL,2018,black,non-hisp,m,15-19,41555,0
AL,2018,black,non-hisp,f,15-19,41555,0
AL,2018,black,non-hisp,m,20-24,42854,0
AL,2018,black,non-hisp,f,20-24,42854,0
AL,2018,black,non-hisp,m,25-29,45451,0
AL,2018,black,non-hisp,f,25-29,45451,0
AL,2018,black,non-hisp,m,30-34,45451,0
AL,2018,black,non-hisp,f,30-34,45451,0
AL,2018,black,non-hisp,m,35-39,44153,0
AL,2018,black,non-hisp,f,35-39,44153,0
AL,2018,black,non-hisp,m,40-44,40906,0
AL,2018,black,non-hisp,f,40-44,40906,0
AL,2018,black,non-hisp,m,45-49,38958,0
AL,2018,black,non-hisp,f,45-49,38958,0
AL,2018,black,non-hisp,m,50-54,41555,0
AL,2018,black,non-hisp,f,50-54,41555,0
AL,2018,black,non-hisp,m,55-59,43503,0
AL,2018,black,non-hisp,f,55-59,43503,0
AL,2018,black,non-hisp,m,60-64,41555,0
AL,2018,black,non-hisp,f,60-64,41555,0
AL,2018,black,non-hisp,m,65-69,35062,0
AL,2018,black,non-hisp,f,65-69,35062,0
AL,2018,black,non-hisp,m,70-74,29219,0
AL,2018,black,non-hisp,f,70-74,29219,0
AL,2018,black,non-hisp,m,75-79,20778,0
AL,2018,black,non-hisp,f,75-79,20778,0
AL,2018,black,non-hisp,m,80-84,10389,0
AL,2018,black,non-hisp,f,80-84,15583,0
AL,2018,black,non-hisp,m,85+,10908,0
AL,2018,black,non-hisp,f,85+,16362,0
AL,2018,asian,non-hisp,m,0-4,1883,0
AL,2018,asian,non-hisp,f,0-4,1883,0
AL,2018,asian,non-hisp,m,5-9,1948,0
AL,2018,asian,non-hisp,f,5-9,1948,0
AL,2018,asian,non-hisp,m,10-14,2078,0
AL,2018,asian,non-hisp,f,10-14,2078,0
AL,2018,asian,non-hisp,m,15-19,2078,0
AL,2018,asian,non-hisp,f,15-19,2078,0
AL,2018,asian,non-hisp,m,20-24,2143,0
AL,2018,asian,non-hisp,f,20-24,2143,0
AL,2018,asian,non-hisp,m,25-29,2273,0
AL,2018,asian,non-hisp,f,25-29,2273,0
AL,2018,asian,non-hisp,m,30-34,2273,0
AL,2018,asian,non-hisp,f,30-34,2273,0
AL,2018,asian,non-hisp,m,35-39,2208,0
AL,2018,asian,non-hisp,f,35-39,2208,0
AL,2018,asian,non-hisp,m,40-44,2046,0
AL,2018,asian,non-hisp,f,40-44,2046,0
AL,2018,asian,non-hisp,m,45-49,1948,0
AL,2018,asian,non-hisp,f,45-49,1948,0
AL,2018,asian,non-hisp,m,50-54,2078,0
AL,2018,asian,non-hisp,f,50-54,2078,0
AL,2018,asian,non-hisp,m,55-59,2176,0
AL,2018,asian,non-hisp,f,55-59,2176,0
AL,2018,asian,non-hisp,m,60-64,2078,0
AL,2018,asian,non-hisp,f,60-64,2078,0
AL,2018,asian,non-hisp,m,65-69,1753,0
AL,2018,asian,non-hisp,f,65-69,1753,0
AL,2018,asian,non-hisp,m,70-74,1461,0
AL,2018,asian,non-hisp,f,70-74,1461,0
AL,2018,asian,non-hisp,m,75-79,1039,0
AL,2018,asian,non-hisp,f,75-79,1039,0
AL,2018,asian,non-hisp,m,80-84,520,0
AL,2018,asian,non-hisp,f,80-84,779,0
AL,2018,asian,non-hisp,m,85+,546,0
AL,2018,asian,non-hisp,f,85+,818,0
AL,2018,other,non-hisp,m,0-4,3499,0
AL,2018,other,non-hisp,f,0-4,3499,0
AL,2018,other,non-hisp,m,5-9,3620,0
AL,2018,other,non-hisp,f,5-9,3620,0
AL,2018,other,non-hisp,m,10-14,3862,0
AL,2018,other,non-hisp,f,10-14,3862,0
AL,2018,other,non-hisp,m,15-19,3862,0
AL,2018,other,non-hisp,f,15-19,3862,0
AL,2018,other,non-hisp,m,20-24,3982,0
AL,2018,other,non-hisp,f,20-24,3982,0
AL,2018,other,non-hisp,m,25-29,4224,0
AL,2018,other,non-hisp,f,25-29,4224,0
AL,2018,other,non-hisp,m,30-34,4224,0
AL,2018,other,non-hisp,f,30-34,4224,0
AL,2018,other,non-hisp,m,35-39,4103,0
AL,2018,other,non-hisp,f,35-39,4103,0
AL,2018,other,non-hisp,m,40-44,3801,0
AL,2018,other,non-hisp,f,40-44,3801,0
AL,2018,other,non-hisp,m,45-49,3620,0
AL,2018,other,non-hisp,f,45-49,3620,0
AL,2018,other,non-hisp,m,50-54,3862,0
AL,2018,other,non-hisp,f,50-54,3862,0
AL,2018,other,non-hisp,m,55-59,4043,0
AL,2018,other,non-hisp,f,55-59,4043,0
AL,2018,other,non-hisp,m,60-64,3862,0
AL,2018,other,non-hisp,f,60-64,3862,0
AL,2018,other,non-hisp,m,65-69,3258,0
AL,2018,other,non-hisp,f,65-69,3258,0
AL,2018,other,non-hisp,m,70-74,2715,0
AL,2018,other,non-hisp,f,70-74,2715,0
AL,2018,other,non-hisp,m,75-79,1931,0
AL,2018,other,non-hisp,f,75-79,1931,0
AL,2018,other,non-hisp,m,80-84,965,0
AL,2018,other,non-hisp,f,80-84,1448,0
AL,2018,other,non-hisp,m,85+,1014,0
AL,2018,other,non-hisp,f,85+,1520,0
AL,2018,white,hisp,m,0-4,3325,0
AL,2018,white,hisp,f,0-4,3325,0
AL,2018,white,hisp,m,5-9,3440,0
AL,2018,white,hisp,f,5-9,3440,0
AL,2018,white,hisp,m,10-14,3669,0
AL,2018,white,hisp,f,10-14,3669,0
AL,2018,white,hisp,m,15-19,3669,0
AL,2018,white,hisp,f,15-19,3669,0
AL,2018,white,hisp,m,20-24,3784,0
AL,2018,white,hisp,f,20-24,3784,0
AL,2018,white,hisp,m,25-29,4013,0
AL,2018,white,hisp,f,25-29,4013,0
AL,2018,white,hisp,m,30-34,4013,0
AL,2018,white,hisp,f,30-34,4013,0
AL,2018,white,hisp,m,35-39,3899,0
AL,2018,white,hisp,f,35-39,3899,0
AL,2018,white,hisp,m,40-44,3612,0
AL,2018,white,hisp,f,40-44,3612,0
AL,2018,white,hisp,m,45-49,3440,0
AL,2018,white,hisp,f,45-49,3440,0
AL,2018,white,hisp,m,50-54,3669,0
AL,2018,white,hisp,f,50-54,3669,0
AL,2018,white,hisp,m,55-59,3841,0
AL,2018,white,hisp,f,55-59,3841,0
AL,2018,white,hisp,m,60-64,3669,0
AL,2018,white,hisp,f,60-64,3669,0
AL,2018,white,hisp,m,65-69,3096,0
AL,2018,white,hisp,f,65-69,3096,0
AL,2018,white,hisp,m,70-74,2580,0
AL,2018,white,hisp,f,70-74,2580,0
AL,2018,white,hisp,m,75-79,1835,0
AL,2018,white,hisp,f,75-79,1835,0
AL,2018,white,hisp,m,80-84,917,0
AL,2018,white,hisp,f,80-84,1376,0
AL,2018,white,hisp,m,85+,963,0
AL,2018,white,hisp,f,85+,1445,0
AL,2018,black,hisp,m,0-4,245,0
AL,2018,black,hisp,f,0-4,245,0
AL,2018,black,hisp,m,5-9,253,0
AL,2018,black,hisp,f,5-9,253,0
AL,2018,black,hisp,m,10-14,270,0
AL,2018,black,hisp,f,10-14,270,0
AL,2018,black,hisp,m,15-19,270,0
AL,2018,black,hisp,f,15-19,270,0
AL,2018,black,hisp,m,20-24,278,0
AL,2018,black,hisp,f,20-24,278,0
AL,2018,black,hisp,m,25-29,295,0
AL,2018,black,hisp,f,25-29,295,0
AL,2018,black,hisp,m,30-34,295,0
AL,2018,black,hisp,f,30-34,295,0
AL,2018,black,hisp,m,35-39,287,0
AL,2018,black,hisp,f,35-39,287,0
AL,2018,black,hisp,m,40-44,266,0
AL,2018,black,hisp,f,40-44,266,0
AL,2018,black,hisp,m,45-49,253,0
AL,2018,black,hisp,f,45-49,253,0
AL,2018,black,hisp,m,50-54,270,0
AL,2018,black,hisp,f,50-54,270,0
AL,2018,black,hisp,m,55-59,283,0
AL,2018,black,hisp,f,55-59,283,0
AL,2018,black,hisp,m,60-64,270,0
AL,2018,black,hisp,f,60-64,270,0
AL,2018,black,hisp,m,65-69,228,0
AL,2018,black,hisp,f,65-69,228,0
AL,2018,black,hisp,m,70-74,190,0
AL,2018,black,hisp,f,70-74,190,0
AL,2018,black,hisp,m,75-79,135,0
AL,2018,black,hisp,f,75-79,135,0
AL,2018,black,hisp,m,80-84,67,0
AL,2018,black,hisp,f,80-84,101,0
AL,2018,black,hisp,m,85+,71,0
AL,2018,black,hisp,f,85+,106,0
AL,2018,asian,hisp,m,0-4,4,0
AL,2018,asian,hisp,f,0-4,4,0
AL,2018,asian,hisp,m,5-9,5,0
AL,2018,asian,hisp,f,5-9,5,0
AL,2018,asian,hisp,m,10-14,5,0
AL,2018,asian,hisp,f,10-14,5,0
AL,2018,asian,hisp,m,15-19,5,0
AL,2018,asian,hisp,f,15-19,5,0
AL,2018,asian,hisp,m,20-24,5,0
AL,2018,asian,hisp,f,20-24,5,0
AL,2018,asian,hisp,m,25-29,5,0
AL,2018,asian,hisp,f,25-29,5,0
AL,2018,asian,hisp,m,30-34,5,0
AL,2018,asian,hisp,f,30-34,5,0
AL,2018,asian,hisp,m,35-39,5,0
AL,2018,asian,hisp,f,35-39,5,0
AL,2018,asian,hisp,m,40-44,5,0
AL,2018,asian,hisp,f,40-44,5,0
AL,2018,asian,hisp,m,45-49,5,0
AL,2018,asian,hisp,f,45-49,5,0
AL,2018,asian,hisp,m,50-54,5,0
AL,2018,asian,hisp,f,50-54,5,0
AL,2018,asian,hisp,m,55-59,5,0
AL,2018,asian,hisp,f,55-59,5,0
AL,2018,asian,hisp,m,60-64,5,0
AL,2018,asian,hisp,f,60-64,5,0
AL,2018,asian,hisp,m,65-69,4,0
AL,2018,asian,hisp,f,65-69,4,0
AL,2018,asian,hisp,m,70-74,3,0
AL,2018,asian,hisp,f,70-74,3,0
AL,2018,asian,hisp,m,75-79,2,0
AL,2018,asian,hisp,f,75-79,2,0
AL,2018,asian,hisp,m,80-84,1,0
AL,2018,asian,hisp,f,80-84,2,0
AL,2018,asian,hisp,m,85+,1,0
AL,2018,asian,hisp,f,85+,2,0
AL,2018,other,hisp,m,0-4,2559,0
AL,2018,other,hisp,f,0-4,2559,0
AL,2018,other,hisp,m,5-9,2647,0
AL,2018,other,hisp,f,5-9,2647,0
AL,2018,other,hisp,m,10-14,2823,0
AL,2018,other,hisp,f,10-14,2823,0
AL,2018,other,hisp,m,15-19,2823,0
AL,2018,other,hisp,f,15-19,2823,0
AL,2018,other,hisp,m,20-24,2911,0
AL,2018,other,hisp,f,20-24,2911,0
AL,2018,other,hisp,m,25-29,3088,0
AL,2018,other,hisp,f,25-29,3088,0
AL,2018,other,hisp,m,30-34,3088,0
AL,2018,other,hisp,f,30-34,3088,0
AL,2018,other,hisp,m,35-39,3000,0
AL,2018,other,hisp,f,35-39,3000,0
AL,2018,other,hisp,m,40-44,2779,0
AL,2018,other,hisp,f,40-44,2779,0
AL,2018,other,hisp,m,45-49,2647,0
AL,2018,other,hisp,f,45-49,2647,0
AL,2018,other,hisp,m,50-54,2823,0
AL,2018,other,hisp,f,50-54,2823,0
AL,2018,other,hisp,m,55-59,2956,0
AL,2018,other,hisp,f,55-59,2956,0
AL,2018,other,hisp,m,60-64,2823,0
AL,2018,other,hisp,f,60-64,2823,0
AL,2018,other,hisp,m,65-69,2382,0
AL,2018,other,hisp,f,65-69,2382,0
AL,2018,other,hisp,m,70-74,1985,0
AL,2018,other,hisp,f,70-74,1985,0
AL,2018,other,hisp,m,75-79,1412,0
AL,2018,other,hisp,f,75-79,1412,0
AL,2018,other,hisp,m,80-84,706,0
AL,2018,other,hisp,f,80-84,1059,0
AL,2018,other,hisp,m,85+,741,0
AL,2018,other,hisp,f,85+,1112,0
AK,2018,white,non-hisp,m,0-4,12856,0
AK,2018,white,non-hisp,f,0-4,12856,0
AK,2018,white,non-hisp,m,5-9,13299,0
AK,2018,white,non-hisp,f,5-9,13299,0
AK,2018,white,non-hisp,m,10-14,14186,0
AK,2018,white,non-hisp,f,10-14,14186,0
AK,2018,white,non-hisp,m,15-19,14186,0
AK,2018,white,non-hisp,f,15-19,14186,0
AK,2018,white,non-hisp,m,20-24,14629,0
AK,2018,white,non-hisp,f,20-24,14629,0
AK,2018,white,non-hisp,m,25-29,15516,0
AK,2018,white,non-hisp,f,25-29,15516,0
AK,2018,white,non-hisp,m,30-34,15516,0
AK,2018,white,non-hisp,f,30-34,15516,0
AK,2018,white,non-hisp,m,35-39,15072,0
AK,2018,white,non-hisp,f,35-39,15072,0
AK,2018,white,non-hisp,m,40-44,13964,0
AK,2018,white,non-hisp,f,40-44,13964,0
AK,2018,white,non-hisp,m,45-49,13299,0
AK,2018,white,non-hisp,f,45-49,13299,0
AK,2018,white,non-hisp,m,50-54,14186,0
AK,2018,white,non-hisp,f,50-54,14186,0
AK,2018,white,non-hisp,m,55-59,14851,0
AK,2018,white,non-hisp,f,55-59,14851,0
AK,2018,white,non-hisp,m,60-64,14186,0
AK,2018,white,non-hisp,f,60-64,14186,0
AK,2018,white,non-hisp,m,65-69,11969,0
AK,2018,white,non-hisp,f,65-69,11969,0
AK,2018,white,non-hisp,m,70-74,9974,0
AK,2018,white,non-hisp,f,70-74,9974,0
AK,2018,white,non-hisp,m,75-79,7093,0
AK,2018,white,non-hisp,f,75-79,7093,0
AK,2018,white,non-hisp,m,80-84,3546,0
AK,2018,white,non-hisp,f,80-84,5320,0
AK,2018,white,non-hisp,m,85+,3724,0
AK,2018,white,non-hisp,f,85+,5586,0
AK,2018,black,non-hisp,m,0-4,696,0
AK,2018,black,non-hisp,f,0-4,696,0
AK,2018,black,non-hisp,m,5-9,720,0
AK,2018,black,non-hisp,f,5-9,720,0
AK,2018,black,non-hisp,m,10-14,768,0
AK,2018,black,non-hisp,f,10-14,768,0
AK,2018,black,non-hisp,m,15-19,768,0
AK,2018,black,non-hisp,f,15-19,768,0
AK,2018,black,non-hisp,m,20-24,792,0
AK,2018,black,non-hisp,f,20-24,792,0
AK,2018,black,non-hisp,m,25-29,840,0
AK,2018,black,non-hisp,f,25-29,840,0
AK,2018,black,non-hisp,m,30-34,840,0
AK,2018,black,non-hisp,f,30-34,840,0
AK,2018,black,non-hisp,m,35-39,816,0
AK,2018,black,non-hisp,f,35-39,816,0
AK,2018,black,non-hisp,m,40-44,756,0
AK,2018,black,non-hisp,f,40-44,756,0
AK,2018,black,non-hisp,m,45-49,720,0
AK,2018,black,non-hisp,f,45-49,720,0
AK,2018,black,non-hisp,m,50-54,768,0
AK,2018,black,non-hisp,f,50-54,768,0
AK,2018,black,non-hisp,m,55-59,804,0
AK,2018,black,non-hisp,f,55-59,804,0
AK,2018,black,non-hisp,m,60-64,768,0
AK,2018,black,non-hisp,f,60-64,768,0
AK,2018,black,non-hisp,m,65-69,648,0
AK,2018,black,non-hisp,f,65-69,648,0
AK,2018,black,non-hisp,m,70-74,540,0
AK,2018,black,non-hisp,f,70-74,540,0
AK,2018,black,non-hisp,m,75-79,384,0
AK,2018,black,non-hisp,f,75-79,384,0
AK,2018,black,non-hisp,m,80-84,192,0
AK,2018,black,non-hisp,f,80-84,288,0
AK,2018,black,non-hisp,m,85+,202,0
AK,2018,black,non-hisp,f,85+,303,0
AK,2018,asian,non-hisp,m,0-4,1320,0
AK,2018,asian,non-hisp,f,0-4,1320,0
AK,2018,asian,non-hisp,m,5-9,1365,0
AK,2018,asian,non-hisp,f,5-9,1365,0
AK,2018,asian,non-hisp,m,10-14,1456,0
AK,2018,asian,non-hisp,f,10-14,1456,0
AK,2018,asian,non-hisp,m,15-19,1456,0
AK,2018,asian,non-hisp,f,15-19,1456,0
AK,2018,asian,non-hisp,m,20-24,1502,0
AK,2018,asian,non-hisp,f,20-24,1502,0
AK,2018,asian,non-hisp,m,25-29,1593,0
AK,2018,asian,non-hisp,f,25-29,1593,0
AK,2018,asian,non-hisp,m,30-34,1593,0
AK,2018,asian,non-hisp,f,30-34,1593,0
AK,2018,asian,non-hisp,m,35-39,1547,0
AK,2018,asian,non-hisp,f,35-39,1547,0
AK,2018,asian,non-hisp,m,40-44,1434,0
AK,2018,asian,non-hisp,f,40-44,1434,0
AK,2018,asian,non-hisp,m,45-49,1365,0
AK,2018,asian,non-hisp,f,45-49,1365,0
AK,2018,asian,non-hisp,m,50-54,1456,0
AK,2018,asian,non-hisp,f,50-54,1456,0
AK,2018,asian,non-hisp,m,55-59,1525,0
AK,2018,asian,non-hisp,f,55-59,1525,0
AK,2018,asian,non-hisp,m,60-64,1456,0
AK,2018,asian,non-hisp,f,60-64,1456,0
AK,2018,asian,non-hisp,m,65-69,1229,0
AK,2018,asian,non-hisp,f,65-69,1229,0
AK,2018,asian,non-hisp,m,70-74,1024,0
AK,2018,asian,non-hisp,f,70-74,1024,0
AK,2018,asian,non-hisp,m,75-79,728,0
AK,2018,asian,non-hisp,f,75-79,728,0
AK,2018,asian,non-hisp,m,80-84,364,0
AK,2018,asian,non-hisp,f,80-84,546,0
AK,2018,asian,non-hisp,m,85+,382,0
AK,2018,asian,non-hisp,f,85+,573,0
AK,2018,other,non-hisp,m,0-4,4975,0
AK,2018,other,non-hisp,f,0-4,4975,0
AK,2018,other,non-hisp,m,5-9,5146,0
AK,2018,other,non-hisp,f,5-9,5146,0
AK,2018,other,non-hisp,m,10-14,5489,0
AK,2018,other,non-hisp,f,10-14,5489,0
AK,2018,other,non-hisp,m,15-19,5489,0
AK,2018,other,non-hisp,f,15-19,5489,0
AK,2018,other,non-hisp,m,20-24,5661,0
AK,2018,other,non-hisp,f,20-24,5661,0
AK,2018,other,non-hisp,m,25-29,6004,0
AK,2018,other,non-hisp,f,25-29,6004,0
AK,2018,other,non-hisp,m,30-34,6004,0
AK,2018,other,non-hisp,f,30-34,6004,0
AK,2018,other,non-hisp,m,35-39,5832,0
AK,2018,other,non-hisp,f,35-39,5832,0
AK,2018,other,non-hisp,m,40-44,5404,0
AK,2018,other,non-hisp,f,40-44,5404,0
AK,2018,other,non-hisp,m,45-49,5146,0
AK,2018,other,non-hisp,f,45-49,5146,0
AK,2018,other,non-hisp,m,50-54,5489,0
AK,2018,other,non-hisp,f,50-54,5489,0
AK,2018,other,non-hisp,m,55-59,5747,0
AK,2018,other,non-hisp,f,55-59,5747,0
AK,2018,other,non-hisp,m,60-64,5489,0
AK,2018,other,non-hisp,f,60-64,5489,0
AK,2018,other,non-hisp,m,65-69,4632,0
AK,2018,other,non-hisp,f,65-69,4632,0
AK,2018,other,non-hisp,m,70-74,3860,0
AK,2018,other,non-hisp,f,70-74,3860,0
AK,2018,other,non-hisp,m,75-79,2745,0
AK,2018,other,non-hisp,f,75-79,2745,0
AK,2018,other,non-hisp,m,80-84,1372,0
AK,2018,other,non-hisp,f,80-84,2058,0
AK,2018,other,non-hisp,m,85+,1441,0
AK,2018,other,non-hisp,f,85+,2161,0
AK,2018,white,hisp,m,0-4,906,0
AK,2018,white,hisp,f,0-4,906,0
AK,2018,white,hisp,m,5-9,938,0
AK,2018,white,hisp,f,5-9,938,0
AK,2018,white,hisp,m,10-14,1000,0
AK,2018,white,hisp,f,10-14,1000,0
AK,2018,white,hisp,m,15-19,1000,0
AK,2018,white,hisp,f,15-19,1000,0
AK,2018,white,hisp,m,20-24,1031,0
AK,2018,white,hisp,f,20-24,1031,0
AK,2018,white,hisp,m,25-29,1094,0
AK,2018,white,hisp,f,25-29,1094,0
AK,2018,white,hisp,m,30-34,1094,0
AK,2018,white,hisp,f,30-34,1094,0
AK,2018,white,hisp,m,35-39,1063,0
AK,2018,white,hisp,f,35-39,1063,0
AK,2018,white,hisp,m,40-44,984,0
AK,2018,white,hisp,f,40-44,984,0
AK,2018,white,hisp,m,45-49,938,0
AK,2018,white,hisp,f,45-49,938,0
AK,2018,white,hisp,m,50-54,1000,0
AK,2018,white,hisp,f,50-54,1000,0
AK,2018,white,hisp,m,55-59,1047,0
AK,2018,white,hisp,f,55-59,1047,0
AK,2018,white,hisp,m,60-64,1000,0
AK,2018,white,hisp,f,60-64,1000,0
AK,2018,white,hisp,m,65-69,844,0
AK,2018,white,hisp,f,65-69,844,0
AK,2018,white,hisp,m,70-74,703,0
AK,2018,white,hisp,f,70-74,703,0
AK,2018,white,hisp,m,75-79,500,0
AK,2018,white,hisp,f,75-79,500,0
AK,2018,white,hisp,m,80-84,250,0
AK,2018,white,hisp,f,80-84,375,0
AK,2018,white,hisp,m,85+,263,0
AK,2018,white,hisp,f,85+,394,0
AK,2018,black,hisp,m,0-4,34,0
AK,2018,black,hisp,f,0-4,34,0
AK,2018,black,hisp,m,5-9,36,0
AK,2018,black,hisp,f,5-9,36,0
AK,2018,black,hisp,m,10-14,38,0
AK,2018,black,hisp,f,10-14,38,0
AK,2018,black,hisp,m,15-19,38,0
AK,2018,black,hisp,f,15-19,38,0
AK,2018,black,hisp,m,20-24,39,0
AK,2018,black,hisp,f,20-24,39,0
AK,2018,black,hisp,m,25-29,42,0
AK,2018,black,hisp,f,25-29,42,0
AK,2018,black,hisp,m,30-34,42,0
AK,2018,black,hisp,f,30-34,42,0
AK,2018,black,hisp,m,35-39,40,0
AK,2018,black,hisp,f,35-39,40,0
AK,2018,black,hisp,m,40-44,37,0
AK,2018,black,hisp,f,40-44,37,0
AK,2018,black,hisp,m,45-49,36,0
AK,2018,black,hisp,f,45-49,36,0
AK,2018,black,hisp,m,50-54,38,0
AK,2018,black,hisp,f,50-54,38,0
AK,2018,black,hisp,m,55-59,40,0
AK,2018,black,hisp,f,55-59,40,0
AK,2018,black,hisp,m,60-64,38,0
AK,2018,black,hisp,f,60-64,38,0
AK,2018,black,hisp,m,65-69,32,0
AK,2018,black,hisp,f,65-69,32,0
AK,2018,black,hisp,m,70-74,27,0
AK,2018,black,hisp,f,70-74,27,0
AK,2018,black,hisp,m,75-79,19,0
AK,2018,black,hisp,f,75-79,19,0
AK,2018,black,hisp,m,80-84,9,0
AK,2018,black,hisp,f,80-84,14,0
AK,2018,black,hisp,m,85+,10,0
AK,2018,black,hisp,f,85+,15,0
AK,2018,asian,hisp,m,0-4,25,0
AK,2018,asian,hisp,f,0-4,25,0
AK,2018,asian,hisp,m,5-9,26,0
AK,2018,asian,hisp,f,5-9,26,0
AK,2018,asian,hisp,m,10-14,28,0
AK,2018,asian,hisp,f,10-14,28,0
AK,2018,asian,hisp,m,15-19,28,0
AK,2018,asian,hisp,f,15-19,28,0
AK,2018,asian,hisp,m,20-24,29,0
AK,2018,asian,hisp,f,20-24,29,0
AK,2018,asian,hisp,m,25-29,30,0
AK,2018,asian,hisp,f,25-29,30,0
AK,2018,asian,hisp,m,30-34,30,0
AK,2018,asian,hisp,f,30-34,30,0
AK,2018,asian,hisp,m,35-39,30,0
AK,2018,asian,hisp,f,35-39,30,0
AK,2018,asian,hisp,m,40-44,27,0
AK,2018,asian,hisp,f,40-44,27,0
AK,2018,asian,hisp,m,45-49,26,0
AK,2018,asian,hisp,f,45-49,26,0
AK,2018,asian,hisp,m,50-54,28,0
AK,2018,asian,hisp,f,50-54,28,0
AK,2018,asian,hisp,m,55-59,29,0
AK,2018,asian,hisp,f,55-59,29,0
AK,2018,asian,hisp,m,60-64,28,0
AK,2018,asian,hisp,f,60-64,28,0
AK,2018,asian,hisp,m,65-69,23,0
AK,2018,asian,hisp,f,65-69,23,0
AK,2018,asian,hisp,m,70-74,20,0
AK,2018,asian,hisp,f,70-74,20,0
AK,2018,asian,hisp,m,75-79,14,0
AK,2018,asian,hisp,f,75-79,14,0
AK,2018,asian,hisp,m,80-84,7,0
AK,2018,asian,hisp,f,80-84,10,0
AK,2018,asian,hisp,m,85+,7,0
AK,2018,asian,hisp,f,85+,11,0
AK,2018,other,hisp,m,0-4,573,0
AK,2018,other,hisp,f,0-4,573,0
AK,2018,other,hisp,m,5-9,593,0
AK,2018,other,hisp,f,5-9,593,0
AK,2018,other,hisp,m,10-14,632,0
AK,2018,other,hisp,f,10-14,632,0
AK,2018,other,hisp,m,15-19,632,0
AK,2018,other,hisp,f,15-19,632,0
AK,2018,other,hisp,m,20-24,652,0
AK,2018,other,hisp,f,20-24,652,0
AK,2018,other,hisp,m,25-29,692,0
AK,2018,other,hisp,f,25-29,692,0
AK,2018,other,hisp,m,30-34,692,0
AK,2018,other,hisp,f,30-34,692,0
AK,2018,other,hisp,m,35-39,672,0
AK,2018,other,hisp,f,35-39,672,0
AK,2018,other,hisp,m,40-44,623,0
AK,2018,other,hisp,f,40-44,623,0
AK,2018,other,hisp,m,45-49,593,0
AK,2018,other,hisp,f,45-49,593,0
AK,2018,other,hisp,m,50-54,632,0
AK,2018,other,hisp,f,50-54,632,0
AK,2018,other,hisp,m,55-59,662,0
AK,2018,other,hisp,f,55-59,662,0
AK,2018,other,hisp,m,60-64,632,0
AK,2018,other,hisp,f,60-64,632,0
AK,2018,other,hisp,m,65-69,534,0
AK,2018,other,hisp,f,65-69,534,0
AK,2018,other,hisp,m,70-74,445,0
AK,2018,other,hisp,f,70-74,445,0
AK,2018,other,hisp,m,75-79,316,0
AK,2018,other,hisp,f,75-79,316,0
AK,2018,other,hisp,m,80-84,158,0
AK,2018,other,hisp,f,80-84,237,0
AK,2018,other,hisp,m,85+,166,0
AK,2018,other,hisp,f,85+,249,0
AZ,2018,white,non-hisp,m,0-4,112933,0
AZ,2018,white,non-hisp,f,0-4,112933,0
AZ,2018,white,non-hisp,m,5-9,116828,0
AZ,2018,white,non-hisp,f,5-9,116828,0
AZ,2018,white,non-hisp,m,10-14,124616,0
AZ,2018,white,non-hisp,f,10-14,124616,0
AZ,2018,white,non-hisp,m,15-19,124616,0
AZ,2018,white,non-hisp,f,15-19,124616,0
AZ,2018,white,non-hisp,m,20-24,128510,0
AZ,2018,white,non-hisp,f,20-24,128510,0
AZ,2018,white,non-hisp,m,25-29,136299,0
AZ,2018,white,non-hisp,f,25-29,136299,0
AZ,2018,white,non-hisp,m,30-34,136299,0
AZ,2018,white,non-hisp,f,30-34,136299,0
AZ,2018,white,non-hisp,m,35-39,132404,0
AZ,2018,white,non-hisp,f,35-39,132404,0
AZ,2018,white,non-hisp,m,40-44,122669,0
AZ,2018,white,non-hisp,f,40-44,122669,0
AZ,2018,white,non-hisp,m,45-49,116828,0
AZ,2018,white,non-hisp,f,45-49,116828,0
AZ,2018,white,non-hisp,m,50-54,124616,0
AZ,2018,white,non-hisp,f,50-54,124616,0
AZ,2018,white,non-hisp,m,55-59,130457,0
AZ,2018,white,non-hisp,f,55-59,130457,0
AZ,2018,white,non-hisp,m,60-64,124616,0
AZ,2018,white,non-hisp,f,60-64,124616,0
AZ,2018,white,non-hisp,m,65-69,105145,0
AZ,2018,white,non-hisp,f,65-69,105145,0
AZ,2018,white,non-hisp,m,70-74,87621,0
AZ,2018,white,non-hisp,f,70-74,87621,0
AZ,2018,white,non-hisp,m,75-79,62308,0
AZ,2018,white,non-hisp,f,75-79,62308,0
AZ,2018,white,non-hisp,m,80-84,31154,0
AZ,2018,white,non-hisp,f,80-84,46731,0
AZ,2018,white,non-hisp,m,85+,32712,0
AZ,2018,white,non-hisp,f,85+,49068,0
AZ,2018,black,non-hisp,m,0-4,9001,0
AZ,2018,black,non-hisp,f,0-4,9001,0
AZ,2018,black,non-hisp,m,5-9,9312,0
AZ,2018,black,non-hisp,f,5-9,9312,0
AZ,2018,black,non-hisp,m,10-14,9932,0
AZ,2018,black,non-hisp,f,10-14,9932,0
AZ,2018,black,non-hisp,m,15-19,9932,0
AZ,2018,black,non-hisp,f,15-19,9932,0
AZ,2018,black,non-hisp,m,20-24,10243,0
AZ,2018,black,non-hisp,f,20-24,10243,0
AZ,2018,black,non-hisp,m,25-29,10864,0
AZ,2018,black,non-hisp,f,25-29,10864,0
AZ,2018,black,non-hisp,m,30-34,10864,0
AZ,2018,black,non-hisp,f,30-34,10864,0
AZ,2018,black,non-hisp,m,35-39,10553,0
AZ,2018,black,non-hisp,f,35-39,10553,0
AZ,2018,black,non-hisp,m,40-44,9777,0
AZ,2018,black,non-hisp,f,40-44,9777,0
AZ,2018,black,non-hisp,m,45-49,9312,0
AZ,2018,black,non-hisp,f,45-49,9312,0
AZ,2018,black,non-hisp,m,50-54,9932,0
AZ,2018,black,non-hisp,f,50-54,9932,0
AZ,2018,black,non-hisp,m,55-59,10398,0
AZ,2018,black,non-hisp,f,55-59,10398,0
AZ,2018,black,non-hisp,m,60-64,9932,0
AZ,2018,black,non-hisp,f,60-64,9932,0
AZ,2018,black,non-hisp,m,65-69,8380,0
AZ,2018,black,non-hisp,f,65-69,8380,0
AZ,2018,black,non-hisp,m,70-74,6984,0
AZ,2018,black,non-hisp,f,70-74,6984,0
AZ,2018,black,non-hisp,m,75-79,4966,0
AZ,2018,black,non-hisp,f,75-79,4966,0
AZ,2018,black,non-hisp,m,80-84,2483,0
AZ,2018,black,non-hisp,f,80-84,3725,0
AZ,2018,black,non-hisp,m,85+,2607,0
AZ,2018,black,non-hisp,f,85+,3911,0
AZ,2018,asian,non-hisp,m,0-4,6731,0
AZ,2018,asian,non-hisp,f,0-4,6731,0
AZ,2018,asian,non-hisp,m,5-9,6963,0
AZ,2018,asian,non-hisp,f,5-9,6963,0
AZ,2018,asian,non-hisp,m,10-14,7427,0
AZ,2018,asian,non-hisp,f,10-14,7427,0
AZ,2018,asian,non-hisp,m,15-19,7427,0
AZ,2018,asian,non-hisp,f,15-19,7427,0
AZ,2018,asian,non-hisp,m,20-24,7659,0
AZ,2018,asian,non-hisp,f,20-24,7659,0
AZ,2018,asian,non-hisp,m,25-29,8124,0
AZ,2018,asian,non-hisp,f,25-29,8124,0
AZ,2018,asian,non-hisp,m,30-34,8124,0
AZ,2018,asian,non-hisp,f,30-34,8124,0
AZ,2018,asian,non-hisp,m,35-39,7892,0
AZ,2018,asian,non-hisp,f,35-39,7892,0
AZ,2018,asian,non-hisp,m,40-44,7311,0
AZ,2018,asian,non-hisp,f,40-44,7311,0
AZ,2018,asian,non-hisp,m,45-49,6963,0
AZ,2018,asian,non-hisp,f,45-49,6963,0
AZ,2018,asian,non-hisp,m,50-54,7427,0
AZ,2018,asian,non-hisp,f,50-54,7427,0
AZ,2018,asian,non-hisp,m,55-59,7776,0
AZ,2018,asian,non-hisp,f,55-59,7776,0
AZ,2018,asian,non-hisp,m,60-64,7427,0
AZ,2018,asian,non-hisp,f,60-64,7427,0
AZ,2018,asian,non-hisp,m,65-69,6267,0
AZ,2018,asian,non-hisp,f,65-69,6267,0
AZ,2018,asian,non-hisp,m,70-74,5222,0
AZ,2018,asian,non-hisp,f,70-74,5222,0
AZ,2018,asian,non-hisp,m,75-79,3714,0
AZ,2018,asian,non-hisp,f,75-79,3714,0
AZ,2018,asian,non-hisp,m,80-84,1857,0
AZ,2018,asian,non-hisp,f,80-84,2785,0
AZ,2018,asian,non-hisp,m,85+,1950,0
AZ,2018,asian,non-hisp,f,85+,2925,0
AZ,2018,other,non-hisp,m,0-4,13588,0
AZ,2018,other,non-hisp,f,0-4,13588,0
AZ,2018,other,non-hisp,m,5-9,14057,0
AZ,2018,other,non-hisp,f,5-9,14057,0
AZ,2018,other,non-hisp,m,10-14,14994,0
AZ,2018,other,non-hisp,f,10-14,14994,0
AZ,2018,other,non-hisp,m,15-19,14994,0
AZ,2018,other,non-hisp,f,15-19,14994,0
AZ,2018,other,non-hisp,m,20-24,15463,0
AZ,2018,other,non-hisp,f,20-24,15463,0
AZ,2018,other,non-hisp,m,25-29,16400,0
AZ,2018,other,non-hisp,f,25-29,16400,0
AZ,2018,other,non-hisp,m,30-34,16400,0
AZ,2018,other,non-hisp,f,30-34,16400,0
AZ,2018,other,non-hisp,m,35-39,15931,0
AZ,2018,other,non-hisp,f,35-39,15931,0
AZ,2018,other,non-hisp,m,40-44,14760,0
AZ,2018,other,non-hisp,f,40-44,14760,0
AZ,2018,other,non-hisp,m,45-49,14057,0
AZ,2018,other,non-hisp,f,45-49,14057,0
AZ,2018,other,non-hisp,m,50-54,14994,0
AZ,2018,other,non-hisp,f,50-54,14994,0
AZ,2018,other,non-hisp,m,55-59,15697,0
AZ,2018,other,non-hisp,f,55-59,15697,0
AZ,2018,other,non-hisp,m,60-64,14994,0
AZ,2018,other,non-hisp,f,60-64,14994,0
AZ,2018,other,non-hisp,m,65-69,12651,0
AZ,2018,other,non-hisp,f,65-69,12651,0
AZ,2018,other,non-hisp,m,70-74,10543,0
AZ,2018,other,non-hisp,f,70-74,10543,0
AZ,2018,other,non-hisp,m,75-79,7497,0
AZ,2018,other,non-hisp,f,75-79,7497,0
AZ,2018,other,non-hisp,m,80-84,3748,0
AZ,2018,other,non-hisp,f,80-84,5623,0
AZ,2018,other,non-hisp,m,85+,3936,0
AZ,2018,other,non-hisp,f,85+,5904,0
AZ,2018,white,hisp,m,0-4,49191,0
AZ,2018,white,hisp,f,0-4,49191,0
AZ,2018,white,hisp,m,5-9,50888,0
AZ,2018,white,hisp,f,5-9,50888,0
AZ,2018,white,hisp,m,10-14,54280,0
AZ,2018,white,hisp,f,10-14,54280,0
AZ,2018,white,hisp,m,15-19,54280,0
AZ,2018,white,hisp,f,15-19,54280,0
AZ,2018,white,hisp,m,20-24,55976,0
AZ,2018,white,hisp,f,20-24,55976,0
AZ,2018,white,hisp,m,25-29,59369,0
AZ,2018,white,hisp,f,25-29,59369,0
AZ,2018,white,hisp,m,30-34,59369,0
AZ,2018,white,hisp,f,30-34,59369,0
AZ,2018,white,hisp,m,35-39,57673,0
AZ,2018,white,hisp,f,35-39,57673,0
AZ,2018,white,hisp,m,40-44,53432,0
AZ,2018,white,hisp,f,40-44,53432,0
AZ,2018,white,hisp,m,45-49,50888,0
AZ,2018,white,hisp,f,45-49,50888,0
AZ,2018,white,hisp,m,50-54,54280,0
AZ,2018,white,hisp,f,50-54,54280,0
AZ,2018,white,hisp,m,55-59,56825,0
AZ,2018,white,hisp,f,55-59,56825,0
AZ,2018,white,hisp,m,60-64,54280,0
AZ,2018,white,hisp,f,60-64,54280,0
AZ,2018,white,hisp,m,65-69,45799,0
AZ,2018,white,hisp,f,65-69,45799,0
AZ,2018,white,hisp,m,70-74,38166,0
AZ,2018,white,hisp,f,70-74,38166,0
AZ,2018,white,hisp,m,75-79,27140,0
AZ,2018,white,hisp,f,75-79,27140,0
AZ,2018,white,hisp,m,80-84,13570,0
AZ,2018,white,hisp,f,80-84,20355,0
AZ,2018,white,hisp,m,85+,14249,0
AZ,2018,white,hisp,f,85+,21373,0
AZ,2018,black,hisp,m,0-4,753,0
AZ,2018,black,hisp,f,0-4,753,0
AZ,2018,black,hisp,m,5-9,779,0
AZ,2018,black,hisp,f,5-9,779,0
AZ,2018,black,hisp,m,10-14,830,0
AZ,2018,black,hisp,f,10-14,830,0
AZ,2018,black,hisp,m,15-19,830,0
AZ,2018,black,hisp,f,15-19,830,0
AZ,2018,black,hisp,m,20-24,856,0
AZ,2018,black,hisp,f,20-24,856,0
AZ,2018,black,hisp,m,25-29,908,0
AZ,2018,black,hisp,f,25-29,908,0
AZ,2018,black,hisp,m,30-34,908,0
AZ,2018,black,hisp,f,30-34,908,0
AZ,2018,black,hisp,m,35-39,882,0
AZ,2018,black,hisp,f,35-39,882,0
AZ,2018,black,hisp,m,40-44,817,0
AZ,2018,black,hisp,f,40-44,817,0
AZ,2018,black,hisp,m,45-49,779,0
AZ,2018,black,hisp,f,45-49,779,0
AZ,2018,black,hisp,m,50-54,830,0
AZ,2018,black,hisp,f,50-54,830,0
AZ,2018,black,hisp,m,55-59,869,0
AZ,2018,black,hisp,f,55-59,869,0
AZ,2018,black,hisp,m,60-64,830,0
AZ,2018,black,hisp,f,60-64,830,0
AZ,2018,black,hisp,m,65-69,701,0
AZ,2018,black,hisp,f,65-69,701,0
AZ,2018,black,hisp,m,70-74,584,0
AZ,2018,black,hisp,f,70-74,584,0
AZ,2018,black,hisp,m,75-79,415,0
AZ,2018,black,hisp,f,75-79,415,0
AZ,2018,black,hisp,m,80-84,208,0
AZ,2018,black,hisp,f,80-84,311,0
AZ,2018,black,hisp,m,85+,218,0
AZ,2018,black,hisp,f,85+,327,0
AZ,2018,asian,hisp,m,0-4,167,0
AZ,2018,asian,hisp,f,0-4,167,0
AZ,2018,asian,hisp,m,5-9,173,0
AZ,2018,asian,hisp,f,5-9,173,0
AZ,2018,asian,hisp,m,10-14,185,0
AZ,2018,asian,hisp,f,10-14,185,0
AZ,2018,asian,hisp,m,15-19,185,0
AZ,2018,asian,hisp,f,15-19,185,0
AZ,2018,asian,hisp,m,20-24,190,0
AZ,2018,asian,hisp,f,20-24,190,0
AZ,2018,asian,hisp,m,25-29,202,0
AZ,2018,asian,hisp,f,25-29,202,0
AZ,2018,asian,hisp,m,30-34,202,0
AZ,2018,asian,hisp,f,30-34,202,0
AZ,2018,asian,hisp,m,35-39,196,0
AZ,2018,asian,hisp,f,35-39,196,0
AZ,2018,asian,hisp,m,40-44,182,0
AZ,2018,asian,hisp,f,40-44,182,0
AZ,2018,asian,hisp,m,45-49,173,0
AZ,2018,asian,hisp,f,45-49,173,0
AZ,2018,asian,hisp,m,50-54,185,0
AZ,2018,asian,hisp,f,50-54,185,0
AZ,2018,asian,hisp,m,55-59,193,0
AZ,2018,asian,hisp,f,55-59,193,0
AZ,2018,asian,hisp,m,60-64,185,0
AZ,2018,asian,hisp,f,60-64,185,0
AZ,2018,asian,hisp,m,65-69,156,0
AZ,2018,asian,hisp,f,65-69,156,0
AZ,2018,asian,hisp,m,70-74,130,0
AZ,2018,asian,hisp,f,70-74,130,0
AZ,2018,asian,hisp,m,75-79,92,0
AZ,2018,asian,hisp,f,75-79,92,0
AZ,2018,asian,hisp,m,80-84,46,0
AZ,2018,asian,hisp,f,80-84,69,0
AZ,2018,asian,hisp,m,85+,48,0
AZ,2018,asian,hisp,f,85+,73,0
AZ,2018,other,hisp,m,0-4,15613,0
AZ,2018,other,hisp,f,0-4,15613,0
AZ,2018,other,hisp,m,5-9,16151,0
AZ,2018,other,hisp,f,5-9,16151,0
AZ,2018,other,hisp,m,10-14,17228,0
AZ,2018,other,hisp,f,10-14,17228,0
AZ,2018,other,hisp,m,15-19,17228,0
AZ,2018,other,hisp,f,15-19,17228,0
AZ,2018,other,hisp,m,20-24,17766,0
AZ,2018,other,hisp,f,20-24,17766,0
AZ,2018,other,hisp,m,25-29,18843,0
AZ,2018,other,hisp,f,25-29,18843,0
AZ,2018,other,hisp,m,30-34,18843,0
AZ,2018,other,hisp,f,30-34,18843,0
AZ,2018,other,hisp,m,35-39,18304,0
AZ,2018,other,hisp,f,35-39,18304,0
AZ,2018,other,hisp,m,40-44,16959,0
AZ,2018,other,hisp,f,40-44,16959,0
AZ,2018,other,hisp,m,45-49,16151,0
AZ,2018,other,hisp,f,45-49,16151,0
AZ,2018,other,hisp,m,50-54,17228,0
AZ,2018,other,hisp,f,50-54,17228,0
AZ,2018,other,hisp,m,55-59,18035,0
AZ,2018,other,hisp,f,55-59,18035,0
AZ,2018,other,hisp,m,60-64,17228,0
AZ,2018,other,hisp,f,60-64,17228,0
AZ,2018,other,hisp,m,65-69,14536,0
AZ,2018,other,hisp,f,65-69,14536,0
AZ,2018,other,hisp,m,70-74,12113,0
AZ,2018,other,hisp,f,70-74,12113,0
AZ,2018,other,hisp,m,75-79,8614,0
AZ,2018,other,hisp,f,75-79,8614,0
AZ,2018,other,hisp,m,80-84,4307,0
AZ,2018,other,hisp,f,80-84,6460,0
AZ,2018,other,hisp,m,85+,4522,0
AZ,2018,other,hisp,f,85+,6783,0
AR,2018,white,non-hisp,m,0-4,63051,0
AR,2018,white,non-hisp,f,0-4,63051,0
AR,2018,white,non-hisp,m,5-9,65225,0
AR,2018,white,non-hisp,f,5-9,65225,0
AR,2018,white,non-hisp,m,10-14,69573,0
AR,2018,white,non-hisp,f,10-14,69573,0
AR,2018,white,non-hisp,m,15-19,69573,0
AR,2018,white,non-hisp,f,15-19,69573,0
AR,2018,white,non-hisp,m,20-24,71748,0
AR,2018,white,non-hisp,f,20-24,71748,0
AR,2018,white,non-hisp,m,25-29,76096,0
AR,2018,white,non-hisp,f,25-29,76096,0
AR,2018,white,non-hisp,m,30-34,76096,0
AR,2018,white,non-hisp,f,30-34,76096,0
AR,2018,white,non-hisp,m,35-39,73922,0
AR,2018,white,non-hisp,f,35-39,73922,0
AR,2018,white,non-hisp,m,40-44,68486,0
AR,2018,white,non-hisp,f,40-44,68486,0
AR,2018,white,non-hisp,m,45-49,65225,0
AR,2018,white,non-hisp,f,45-49,65225,0
AR,2018,white,non-hisp,m,50-54,69573,0
AR,2018,white,non-hisp,f,50-54,69573,0
AR,2018,white,non-hisp,m,55-59,72835,0
AR,2018,white,non-hisp,f,55-59,72835,0
AR,2018,white,non-hisp,m,60-64,69573,0
AR,2018,white,non-hisp,f,60-64,69573,0
AR,2018,white,non-hisp,m,65-69,58703,0
AR,2018,white,non-hisp,f,65-69,58703,0
AR,2018,white,non-hisp,m,70-74,48919,0
AR,2018,white,non-hisp,f,70-74,48919,0
AR,2018,white,non-hisp,m,75-79,34787,0
AR,2018,white,non-hisp,f,75-79,34787,0
AR,2018,white,non-hisp,m,80-84,17393,0
AR,2018,white,non-hisp,f,80-84,26090,0
AR,2018,white,non-hisp,m,85+,18263,0
AR,2018,white,non-hisp,f,85+,27395,0
AR,2018,black,non-hisp,m,0-4,13181,0
AR,2018,black,non-hisp,f,0-4,13181,0
AR,2018,black,non-hisp,m,5-9,13636,0
AR,2018,black,non-hisp,f,5-9,13636,0
AR,2018,black,non-hisp,m,10-14,14545,0
AR,2018,black,non-hisp,f,10-14,14545,0
AR,2018,black,non-hisp,m,15-19,14545,0
AR,2018,black,non-hisp,f,15-19,14545,0
AR,2018,black,non-hisp,m,20-24,14999,0
AR,2018,black,non-hisp,f,20-24,14999,0
AR,2018,black,non-hisp,m,25-29,15908,0
AR,2018,black,non-hisp,f,25-29,15908,0
AR,2018,black,non-hisp,m,30-34,15908,0
AR,2018,black,non-hisp,f,30-34,15908,0
AR,2018,black,non-hisp,m,35-39,15454,0
AR,2018,black,non-hisp,f,35-39,15454,0
AR,2018,black,non-hisp,m,40-44,14317,0
AR,2018,black,non-hisp,f,40-44,14317,0
AR,2018,black,non-hisp,m,45-49,13636,0
AR,2018,black,non-hisp,f,45-49,13636,0
AR,2018,black,non-hisp,m,50-54,14545,0
AR,2018,black,non-hisp,f,50-54,14545,0
AR,2018,black,non-hisp,m,55-59,15226,0
AR,2018,black,non-hisp,f,55-59,15226,0
AR,2018,black,non-hisp,m,60-64,14545,0
AR,2018,black,non-hisp,f,60-64,14545,0
AR,2018,black,non-hisp,m,65-69,12272,0
AR,2018,black,non-hisp,f,65-69,12272,0
AR,2018,black,non-hisp,m,70-74,10227,0
AR,2018,black,non-hisp,f,70-74,10227,0
AR,2018,black,non-hisp,m,75-79,7272,0
AR,2018,black,non-hisp,f,75-79,7272,0
AR,2018,black,non-hisp,m,80-84,3636,0
AR,2018,black,non-hisp,f,80-84,5454,0
AR,2018,black,non-hisp,m,85+,3818,0
AR,2018,black,non-hisp,f,85+,5727,0
AR,2018,asian,non-hisp,m,0-4,1354,0
AR,2018,asian,non-hisp,f,0-4,1354,0
AR,2018,asian,non-hisp,m,5-9,1400,0
AR,2018,asian,non-hisp,f,5-9,1400,0
AR,2018,asian,non-hisp,m,10-14,1494,0
AR,2018,asian,non-hisp,f,10-14,1494,0
AR,2018,asian,non-hisp,m,15-19,1494,0
AR,2018,asian,non-hisp,f,15-19,1494,0
AR,2018,asian,non-hisp,m,20-24,1540,0
AR,2018,asian,non-hisp,f,20-24,1540,0
AR,2018,asian,non-hisp,m,25-29,1634,0
AR,2018,asian,non-hisp,f,25-29,1634,0
AR,2018,asian,non-hisp,m,30-34,1634,0
AR,2018,asian,non-hisp,f,30-34,1634,0
AR,2018,asian,non-hisp,m,35-39,1587,0
AR,2018,asian,non-hisp,f,35-39,1587,0
AR,2018,asian,non-hisp,m,40-44,1470,0
AR,2018,asian,non-hisp,f,40-44,1470,0
AR,2018,asian,non-hisp,m,45-49,1400,0
AR,2018,asian,non-hisp,f,45-49,1400,0
AR,2018,asian,non-hisp,m,50-54,1494,0
AR,2018,asian,non-hisp,f,50-54,1494,0
AR,2018,asian,non-hisp,m,55-59,1564,0
AR,2018,asian,non-hisp,f,55-59,1564,0
AR,2018,asian,non-hisp,m,60-64,1494,0
AR,2018,asian,non-hisp,f,60-64,1494,0
AR,2018,asian,non-hisp,m,65-69,1260,0
AR,2018,asian,non-hisp,f,65-69,1260,0
AR,2018,asian,non-hisp,m,70-74,1050,0
AR,2018,asian,non-hisp,f,70-74,1050,0
AR,2018,asian,non-hisp,m,75-79,747,0
AR,2018,asian,non-hisp,f,75-79,747,0
AR,2018,asian,non-hisp,m,80-84,373,0
AR,2018,asian,non-hisp,f,80-84,560,0
AR,2018,asian,non-hisp,m,85+,392,0
AR,2018,asian,non-hisp,f,85+,588,0
AR,2018,other,non-hisp,m,0-4,3137,0
AR,2018,other,non-hisp,f,0-4,3137,0
AR,2018,other,non-hisp,m,5-9,3245,0
AR,2018,other,non-hisp,f,5-9,3245,0
AR,2018,other,non-hisp,m,10-14,3461,0
AR,2018,other,non-hisp,f,10-14,3461,0
AR,2018,other,non-hisp,m,15-19,3461,0
AR,2018,other,non-hisp,f,15-19,3461,0
AR,2018,other,non-hisp,m,20-24,3569,0
AR,2018,other,non-hisp,f,20-24,3569,0
AR,2018,other,non-hisp,m,25-29,3785,0
AR,2018,other,non-hisp,f,25-29,3785,0
AR,2018,other,non-hisp,m,30-34,3785,0
AR,2018,other,non-hisp,f,30-34,3785,0
AR,2018,other,non-hisp,m,35-39,3677,0
AR,2018,other,non-hisp,f,35-39,3677,0
AR,2018,other,non-hisp,m,40-44,3407,0
AR,2018,other,non-hisp,f,40-44,3407,0
AR,2018,other,non-hisp,m,45-49,3245,0
AR,2018,other,non-hisp,f,45-49,3245,0
AR,2018,other,non-hisp,m,50-54,3461,0
AR,2018,other,non-hisp,f,50-54,3461,0
AR,2018,other,non-hisp,m,55-59,3623,0
AR,2018,other,non-hisp,f,55-59,3623,0
AR,2018,other,non-hisp,m,60-64,3461,0
AR,2018,other,non-hisp,f,60-64,3461,0
AR,2018,other,non-hisp,m,65-69,2920,0
AR,2018,other,non-hisp,f,65-69,2920,0
AR,2018,other,non-hisp,m,70-74,2434,0
AR,2018,other,non-hisp,f,70-74,2434,0
AR,2018,other,non-hisp,m,75-79,1730,0
AR,2018,other,non-hisp,f,75-79,1730,0
AR,2018,other,non-hisp,m,80-84,865,0
AR,2018,other,non-hisp,f,80-84,1298,0
AR,2018,other,non-hisp,m,85+,909,0
AR,2018,other,non-hisp,f,85+,1363,0
AR,2018,white,hisp,m,0-4,3826,0
AR,2018,white,hisp,f,0-4,3826,0
AR,2018,white,hisp,m,5-9,3958,0
AR,2018,white,hisp,f,5-9,3958,0
AR,2018,white,hisp,m,10-14,4222,0
AR,2018,white,hisp,f,10-14,4222,0
AR,2018,white,hisp,m,15-19,4222,0
AR,2018,white,hisp,f,15-19,4222,0
AR,2018,white,hisp,m,20-24,4354,0
AR,2018,white,hisp,f,20-24,4354,0
AR,2018,white,hisp,m,25-29,4618,0
AR,2018,white,hisp,f,25-29,4618,0
AR,2018,white,hisp,m,30-34,4618,0
AR,2018,white,hisp,f,30-34,4618,0
AR,2018,white,hisp,m,35-39,4486,0
AR,2018,white,hisp,f,35-39,4486,0
AR,2018,white,hisp,m,40-44,4156,0
AR,2018,white,hisp,f,40-44,4156,0
AR,2018,white,hisp,m,45-49,3958,0
AR,2018,white,hisp,f,45-49,3958,0
AR,2018,white,hisp,m,50-54,4222,0
AR,2018,white,hisp,f,50-54,4222,0
AR,2018,white,hisp,m,55-59,4420,0
AR,2018,white,hisp,f,55-59,4420,0
AR,2018,white,hisp,m,60-64,4222,0
AR,2018,white,hisp,f,60-64,4222,0
AR,2018,white,hisp,m,65-69,3562,0
AR,2018,white,hisp,f,65-69,3562,0
AR,2018,white,hisp,m,70-74,2968,0
AR,2018,white,hisp,f,70-74,2968,0
AR,2018,white,hisp,m,75-79,2111,0
AR,2018,white,hisp,f,75-79,2111,0
AR,2018,white,hisp,m,80-84,1055,0
AR,2018,white,hisp,f,80-84,1583,0
AR,2018,white,hisp,m,85+,1108,0
AR,2018,white,hisp,f,85+,1662,0
AR,2018,black,hisp,m,0-4,64,0
AR,2018,black,hisp,f,0-4,64,0
AR,2018,black,hisp,m,5-9,66,0
AR,2018,black,hisp,f,5-9,66,0
AR,2018,black,hisp,m,10-14,70,0
AR,2018,black,hisp,f,10-14,70,0
AR,2018,black,hisp,m,15-19,70,0
AR,2018,black,hisp,f,15-19,70,0
AR,2018,black,hisp,m,20-24,72,0
AR,2018,black,hisp,f,20-24,72,0
AR,2018,black,hisp,m,25-29,77,0
AR,2018,black,hisp,f,25-29,77,0
AR,2018,black,hisp,m,30-34,77,0
AR,2018,black,hisp,f,30-34,77,0
AR,2018,black,hisp,m,35-39,75,0
AR,2018,black,hisp,f,35-39,75,0
AR,2018,black,hisp,m,40-44,69,0
AR,2018,black,hisp,f,40-44,69,0
AR,2018,black,hisp,m,45-49,66,0
AR,2018,black,hisp,f,45-49,66,0
AR,2018,black,hisp,m,50-54,70,0
AR,2018,black,hisp,f,50-54,70,0
AR,2018,black,hisp,m,55-59,73,0
AR,2018,black,hisp,f,55-59,73,0
AR,2018,black,hisp,m,60-64,70,0
AR,2018,black,hisp,f,60-64,70,0
AR,2018,black,hisp,m,65-69,59,0
AR,2018,black,hisp,f,65-69,59,0
AR,2018,black,hisp,m,70-74,49,0
AR,2018,black,hisp,f,70-74,49,0
AR,2018,black,hisp,m,75-79,35,0
AR,2018,black,hisp,f,75-79,35,0
AR,2018,black,hisp,m,80-84,18,0
AR,2018,black,hisp,f,80-84,26,0
AR,2018,black,hisp,m,85+,18,0
AR,2018,black,hisp,f,85+,28,0
AR,2018,asian,hisp,m,0-4,25,0
AR,2018,asian,hisp,f,0-4,25,0
AR,2018,asian,hisp,m,5-9,26,0
AR,2018,asian,hisp,f,5-9,26,0
AR,2018,asian,hisp,m,10-14,28,0
AR,2018,asian,hisp,f,10-14,28,0
AR,2018,asian,hisp,m,15-19,28,0
AR,2018,asian,hisp,f,15-19,28,0
AR,2018,asian,hisp,m,20-24,29,0
AR,2018,asian,hisp,f,20-24,29,0
AR,2018,asian,hisp,m,25-29,30,0
AR,2018,asian,hisp,f,25-29,30,0
AR,2018,asian,hisp,m,30-34,30,0
AR,2018,asian,hisp,f,30-34,30,0
AR,2018,asian,hisp,m,35-39,29,0
AR,2018,asian,hisp,f,35-39,29,0
AR,2018,asian,hisp,m,40-44,27,0
AR,2018,asian,hisp,f,40-44,27,0
AR,2018,asian,hisp,m,45-49,26,0
AR,2018,asian,hisp,f,45-49,26,0
AR,2018,asian,hisp,m,50-54,28,0
AR,2018,asian,hisp,f,50-54,28,0
AR,2018,asian,hisp,m,55-59,29,0
AR,2018,asian,hisp,f,55-59,29,0
AR,2018,asian,hisp,m,60-64,28,0
AR,2018,asian,hisp,f,60-64,28,0
AR,2018,asian,hisp,m,65-69,23,0
AR,2018,asian,hisp,f,65-69,23,0
AR,2018,asian,hisp,m,70-74,20,0
AR,2018,asian,hisp,f,70-74,20,0
AR,2018,asian,hisp,m,75-79,14,0
AR,2018,asian,hisp,f,75-79,14,0
AR,2018,asian,hisp,m,80-84,7,0
AR,2018,asian,hisp,f,80-84,10,0
AR,2018,asian,hisp,m,85+,7,0
AR,2018,asian,hisp,f,85+,11,0
AR,2018,other,hisp,m,0-4,2764,0
AR,2018,other,hisp,f,0-4,2764,0
AR,2018,other,hisp,m,5-9,2859,0
AR,2018,other,hisp,f,5-9,2859,0
AR,2018,other,hisp,m,10-14,3050,0
AR,2018,other,hisp,f,10-14,3050,0
AR,2018,other,hisp,m,15-19,3050,0
AR,2018,other,hisp,f,15-19,3050,0
AR,2018,other,hisp,m,20-24,3145,0
AR,2018,other,hisp,f,20-24,3145,0
AR,2018,other,hisp,m,25-29,3336,0
AR,2018,other,hisp,f,25-29,3336,0
AR,2018,other,hisp,m,30-34,3336,0
AR,2018,other,hisp,f,30-34,3336,0
AR,2018,other,hisp,m,35-39,3241,0
AR,2018,other,hisp,f,35-39,3241,0
AR,2018,other,hisp,m,40-44,3002,0
AR,2018,other,hisp,f,40-44,3002,0
AR,2018,other,hisp,m,45-49,2859,0
AR,2018,other,hisp,f,45-49,2859,0
AR,2018,other,hisp,m,50-54,3050,0
AR,2018,other,hisp,f,50-54,3050,0
AR,2018,other,hisp,m,55-59,3193,0
AR,2018,other,hisp,f,55-59,3193,0
AR,2018,other,hisp,m,60-64,3050,0
AR,2018,other,hisp,f,60-64,3050,0
AR,2018,other,hisp,m,65-69,2573,0
AR,2018,other,hisp,f,65-69,2573,0
AR,2018,other,hisp,m,70-74,2144,0
AR,2018,other,hisp,f,70-74,2144,0
AR,2018,other,hisp,m,75-79,1525,0
AR,2018,other,hisp,f,75-79,1525,0
AR,2018,other,hisp,m,80-84,762,0
AR,2018,other,hisp,f,80-84,1144,0
AR,2018,other,hisp,m,85+,801,0
AR,2018,other,hisp,f,85+,1201,0
CA,2018,white,non-hisp,m,0-4,420369,0
CA,2018,white,non-hisp,f,0-4,420369,0
CA,2018,white,non-hisp,m,5-9,434864,0
CA,2018,white,non-hisp,f,5-9,434864,0
CA,2018,white,non-hisp,m,10-14,463855,0
CA,2018,white,non-hisp,f,10-14,463855,0
CA,2018,white,non-hisp,m,15-19,463855,0
CA,2018,white,non-hisp,f,15-19,463855,0
CA,2018,white,non-hisp,m,20-24,478351,0
CA,2018,white,non-hisp,f,20-24,478351,0
CA,2018,white,non-hisp,m,25-29,507342,0
CA,2018,white,non-hisp,f,25-29,507342,0
CA,2018,white,non-hisp,m,30-34,507342,0
CA,2018,white,non-hisp,f,30-34,507342,0
CA,2018,white,non-hisp,m,35-39,492846,0
CA,2018,white,non-hisp,f,35-39,492846,0
CA,2018,white,non-hisp,m,40-44,456608,0
CA,2018,white,non-hisp,f,40-44,456608,0
CA,2018,white,non-hisp,m,45-49,434864,0
CA,2018,white,non-hisp,f,45-49,434864,0
CA,2018,white,non-hisp,m,50-54,463855,0
CA,2018,white,non-hisp,f,50-54,463855,0
CA,2018,white,non-hisp,m,55-59,485599,0
CA,2018,white,non-hisp,f,55-59,485599,0
CA,2018,white,non-hisp,m,60-64,463855,0
CA,2018,white,non-hisp,f,60-64,463855,0
CA,2018,white,non-hisp,m,65-69,391378,0
CA,2018,white,non-hisp,f,65-69,391378,0
CA,2018,white,non-hisp,m,70-74,326148,0
CA,2018,white,non-hisp,f,70-74,326148,0
CA,2018,white,non-hisp,m,75-79,231928,0
CA,2018,white,non-hisp,f,75-79,231928,0
CA,2018,white,non-hisp,m,80-84,115964,0
CA,2018,white,non-hisp,f,80-84,173946,0
CA,2018,white,non-hisp,m,85+,121762,0
CA,2018,white,non-hisp,f,85+,182643,0
CA,2018,black,non-hisp,m,0-4,63193,0
CA,2018,black,non-hisp,f,0-4,63193,0
CA,2018,black,non-hisp,m,5-9,65372,0
CA,2018,black,non-hisp,f,5-9,65372,0
CA,2018,black,non-hisp,m,10-14,69730,0
CA,2018,black,non-hisp,f,10-14,69730,0
CA,2018,black,non-hisp,m,15-19,69730,0
CA,2018,black,non-hisp,f,15-19,69730,0
CA,2018,black,non-hisp,m,20-24,71910,0
CA,2018,black,non-hisp,f,20-24,71910,0
CA,2018,black,non-hisp,m,25-29,76268,0
CA,2018,black,non-hisp,f,25-29,76268,0
CA,2018,black,non-hisp,m,30-34,76268,0
CA,2018,black,non-hisp,f,30-34,76268,0
CA,2018,black,non-hisp,m,35-39,74089,0
CA,2018,black,non-hisp,f,35-39,74089,0
CA,2018,black,non-hisp,m,40-44,68641,0
CA,2018,black,non-hisp,f,40-44,68641,0
CA,2018,black,non-hisp,m,45-49,65372,0
CA,2018,black,non-hisp,f,45-49,65372,0
CA,2018,black,non-hisp,m,50-54,69730,0
CA,2018,black,non-hisp,f,50-54,69730,0
CA,2018,black,non-hisp,m,55-59,72999,0
CA,2018,black,non-hisp,f,55-59,72999,0
CA,2018,black,non-hisp,m,60-64,69730,0
CA,2018,black,non-hisp,f,60-64,69730,0
CA,2018,black,non-hisp,m,65-69,58835,0
CA,2018,black,non-hisp,f,65-69,58835,0
CA,2018,black,non-hisp,m,70-74,49029,0
CA,2018,black,non-hisp,f,70-74,49029,0
CA,2018,black,non-hisp,m,75-79,34865,0
CA,2018,black,non-hisp,f,75-79,34865,0
CA,2018,black,non-hisp,m,80-84,17433,0
CA,2018,black,non-hisp,f,80-84,26149,0
CA,2018,black,non-hisp,m,85+,18304,0
CA,2018,black,non-hisp,f,85+,27456,0
CA,2018,asian,non-hisp,m,0-4,166515,0
CA,2018,asian,non-hisp,f,0-4,166515,0
CA,2018,asian,non-hisp,m,5-9,172257,0
CA,2018,asian,non-hisp,f,5-9,172257,0
CA,2018,asian,non-hisp,m,10-14,183740,0
CA,2018,asian,non-hisp,f,10-14,183740,0
CA,2018,asian,non-hisp,m,15-19,183740,0
CA,2018,asian,non-hisp,f,15-19,183740,0
CA,2018,asian,non-hisp,m,20-24,189482,0
CA,2018,asian,non-hisp,f,20-24,189482,0
CA,2018,asian,non-hisp,m,25-29,200966,0
CA,2018,asian,non-hisp,f,25-29,200966,0
CA,2018,asian,non-hisp,m,30-34,200966,0
CA,2018,asian,non-hisp,f,30-34,200966,0
CA,2018,asian,non-hisp,m,35-39,195224,0
CA,2018,asian,non-hisp,f,35-39,195224,0
CA,2018,asian,non-hisp,m,40-44,180869,0
CA,2018,asian,non-hisp,f,40-44,180869,0
CA,2018,asian,non-hisp,m,45-49,172257,0
CA,2018,asian,non-hisp,f,45-49,172257,0
CA,2018,asian,non-hisp,m,50-54,183740,0
CA,2018,asian,non-hisp,f,50-54,183740,0
CA,2018,asian,non-hisp,m,55-59,192353,0
CA,2018,asian,non-hisp,f,55-59,192353,0
CA,2018,asian,non-hisp,m,60-64,183740,0
CA,2018,asian,non-hisp,f,60-64,183740,0
CA,2018,asian,non-hisp,m,65-69,155031,0
CA,2018,asian,non-hisp,f,65-69,155031,0
CA,2018,asian,non-hisp,m,70-74,129192,0
CA,2018,asian,non-hisp,f,70-74,129192,0
CA,2018,asian,non-hisp,m,75-79,91870,0
CA,2018,asian,non-hisp,f,75-79,91870,0
CA,2018,asian,non-hisp,m,80-84,45935,0
CA,2018,asian,non-hisp,f,80-84,68903,0
CA,2018,asian,non-hisp,m,85+,48232,0
CA,2018,asian,non-hisp,f,85+,72348,0
CA,2018,other,non-hisp,m,0-4,46413,0
CA,2018,other,non-hisp,f,0-4,46413,0
CA,2018,other,non-hisp,m,5-9,48014,0
CA,2018,other,non-hisp,f,5-9,48014,0
CA,2018,other,non-hisp,m,10-14,51215,0
CA,2018,other,non-hisp,f,10-14,51215,0
CA,2018,other,non-hisp,m,15-19,51215,0
CA,2018,other,non-hisp,f,15-19,51215,0
CA,2018,other,non-hisp,m,20-24,52815,0
CA,2018,other,non-hisp,f,20-24,52815,0
CA,2018,other,non-hisp,m,25-29,56016,0
CA,2018,other,non-hisp,f,25-29,56016,0
CA,2018,other,non-hisp,m,30-34,56016,0
CA,2018,other,non-hisp,f,30-34,56016,0
CA,2018,other,non-hisp,m,35-39,54416,0
CA,2018,other,non-hisp,f,35-39,54416,0
CA,2018,other,non-hisp,m,40-44,50414,0
CA,2018,other,non-hisp,f,40-44,50414,0
CA,2018,other,non-hisp,m,45-49,48014,0
CA,2018,other,non-hisp,f,45-49,48014,0
CA,2018,other,non-hisp,m,50-54,51215,0
CA,2018,other,non-hisp,f,50-54,51215,0
CA,2018,other,non-hisp,m,55-59,53615,0
CA,2018,other,non-hisp,f,55-59,53615,0
CA,2018,other,non-hisp,m,60-64,51215,0
CA,2018,other,non-hisp,f,60-64,51215,0
CA,2018,other,non-hisp,m,65-69,43212,0
CA,2018,other,non-hisp,f,65-69,43212,0
CA,2018,other,non-hisp,m,70-74,36010,0
CA,2018,other,non-hisp,f,70-74,36010,0
CA,2018,other,non-hisp,m,75-79,25607,0
CA,2018,other,non-hisp,f,75-79,25607,0
CA,2018,other,non-hisp,m,80-84,12804,0
CA,2018,other,non-hisp,f,80-84,19206,0
CA,2018,other,non-hisp,m,85+,13444,0
CA,2018,other,non-hisp,f,85+,20166,0
CA,2018,white,hisp,m,0-4,262157,0
CA,2018,white,hisp,f,0-4,262157,0
CA,2018,white,hisp,m,5-9,271197,0
CA,2018,white,hisp,f,5-9,271197,0
CA,2018,white,hisp,m,10-14,289277,0
CA,2018,white,hisp,f,10-14,289277,0
CA,2018,white,hisp,m,15-19,289277,0
CA,2018,white,hisp,f,15-19,289277,0
CA,2018,white,hisp,m,20-24,298317,0
CA,2018,white,hisp,f,20-24,298317,0
CA,2018,white,hisp,m,25-29,316397,0
CA,2018,white,hisp,f,25-29,316397,0
CA,2018,white,hisp,m,30-34,316397,0
CA,2018,white,hisp,f,30-34,316397,0
CA,2018,white,hisp,m,35-39,307357,0
CA,2018,white,hisp,f,35-39,307357,0
CA,2018,white,hisp,m,40-44,284757,0
CA,2018,white,hisp,f,40-44,284757,0
CA,2018,white,hisp,m,45-49,271197,0
CA,2018,white,hisp,f,45-49,271197,0
CA,2018,white,hisp,m,50-54,289277,0
CA,2018,white,hisp,f,50-54,289277,0
CA,2018,white,hisp,m,55-59,302837,0
CA,2018,white,hisp,f,55-59,302837,0
CA,2018,white,hisp,m,60-64,289277,0
CA,2018,white,hisp,f,60-64,289277,0
CA,2018,white,hisp,m,65-69,244078,0
CA,2018,white,hisp,f,65-69,244078,0
CA,2018,white,hisp,m,70-74,203398,0
CA,2018,white,hisp,f,70-74,203398,0
CA,2018,white,hisp,m,75-79,144639,0
CA,2018,white,hisp,f,75-79,144639,0
CA,2018,white,hisp,m,80-84,72319,0
CA,2018,white,hisp,f,80-84,108479,0
CA,2018,white,hisp,m,85+,75935,0
CA,2018,white,hisp,f,85+,113903,0
CA,2018,black,hisp,m,0-4,3038,0
CA,2018,black,hisp,f,0-4,3038,0
CA,2018,black,hisp,m,5-9,3143,0
CA,2018,black,hisp,f,5-9,3143,0
CA,2018,black,hisp,m,10-14,3353,0
CA,2018,black,hisp,f,10-14,3353,0
CA,2018,black,hisp,m,15-19,3353,0
CA,2018,black,hisp,f,15-19,3353,0
CA,2018,black,hisp,m,20-24,3457,0
CA,2018,black,hisp,f,20-24,3457,0
CA,2018,black,hisp,m,25-29,3667,0
CA,2018,black,hisp,f,25-29,3667,0
CA,2018,black,hisp,m,30-34,3667,0
CA,2018,black,hisp,f,30-34,3667,0
CA,2018,black,hisp,m,35-39,3562,0
CA,2018,black,hisp,f,35-39,3562,0
CA,2018,black,hisp,m,40-44,3300,0
CA,2018,black,hisp,f,40-44,3300,0
CA,2018,black,hisp,m,45-49,3143,0
CA,2018,black,hisp,f,45-49,3143,0
CA,2018,black,hisp,m,50-54,3353,0
CA,2018,black,hisp,f,50-54,3353,0
CA,2018,black,hisp,m,55-59,3510,0
CA,2018,black,hisp,f,55-59,3510,0
CA,2018,black,hisp,m,60-64,3353,0
CA,2018,black,hisp,f,60-64,3353,0
CA,2018,black,hisp,m,65-69,2829,0
CA,2018,black,hisp,f,65-69,2829,0
CA,2018,black,hisp,m,70-74,2357,0
CA,2018,black,hisp,f,70-74,2357,0
CA,2018,black,hisp,m,75-79,1676,0
CA,2018,black,hisp,f,75-79,1676,0
CA,2018,black,hisp,m,80-84,838,0
CA,2018,black,hisp,f,80-84,1257,0
CA,2018,black,hisp,m,85+,880,0
CA,2018,black,hisp,f,85+,1320,0
CA,2018,asian,hisp,m,0-4,2311,0
CA,2018,asian,hisp,f,0-4,2311,0
CA,2018,asian,hisp,m,5-9,2391,0
CA,2018,asian,hisp,f,5-9,2391,0
CA,2018,asian,hisp,m,10-14,2550,0
CA,2018,asian,hisp,f,10-14,2550,0
CA,2018,asian,hisp,m,15-19,2550,0
CA,2018,asian,hisp,f,15-19,2550,0
CA,2018,asian,hisp,m,20-24,2630,0
CA,2018,asian,hisp,f,20-24,2630,0
CA,2018,asian,hisp,m,25-29,2789,0
CA,2018,asian,hisp,f,25-29,2789,0
CA,2018,asian,hisp,m,30-34,2789,0
CA,2018,asian,hisp,f,30-34,2789,0
CA,2018,asian,hisp,m,35-39,2710,0
CA,2018,asian,hisp,f,35-39,2710,0
CA,2018,asian,hisp,m,40-44,2511,0
CA,2018,asian,hisp,f,40-44,2511,0
CA,2018,asian,hisp,m,45-49,2391,0
CA,2018,asian,hisp,f,45-49,2391,0
CA,2018,asian,hisp,m,50-54,2550,0
CA,2018,asian,hisp,f,50-54,2550,0
CA,2018,asian,hisp,m,55-59,2670,0
CA,2018,asian,hisp,f,55-59,2670,0
CA,2018,asian,hisp,m,60-64,2550,0
CA,2018,asian,hisp,f,60-64,2550,0
CA,2018,asian,hisp,m,65-69,2152,0
CA,2018,asian,hisp,f,65-69,2152,0
CA,2018,asian,hisp,m,70-74,1793,0
CA,2018,asian,hisp,f,70-74,1793,0
CA,2018,asian,hisp,m,75-79,1275,0
CA,2018,asian,hisp,f,75-79,1275,0
CA,2018,asian,hisp,m,80-84,638,0
CA,2018,asian,hisp,f,80-84,956,0
CA,2018,asian,hisp,m,85+,669,0
CA,2018,asian,hisp,f,85+,1004,0
CA,2018,other,hisp,m,0-4,183157,0
CA,2018,other,hisp,f,0-4,183157,0
CA,2018,other,hisp,m,5-9,189473,0
CA,2018,other,hisp,f,5-9,189473,0
CA,2018,other,hisp,m,10-14,202104,0
CA,2018,other,hisp,f,10-14,202104,0
CA,2018,other,hisp,m,15-19,202104,0
CA,2018,other,hisp,f,15-19,202104,0
CA,2018,other,hisp,m,20-24,208420,0
CA,2018,other,hisp,f,20-24,208420,0
CA,2018,other,hisp,m,25-29,221052,0
CA,2018,other,hisp,f,25-29,221052,0
CA,2018,other,hisp,m,30-34,221052,0
CA,2018,other,hisp,f,30-34,221052,0
CA,2018,other,hisp,m,35-39,214736,0
CA,2018,other,hisp,f,35-39,214736,0
CA,2018,other,hisp,m,40-44,198947,0
CA,2018,other,hisp,f,40-44,198947,0
CA,2018,other,hisp,m,45-49,189473,0
CA,2018,other,hisp,f,45-49,189473,0
CA,2018,other,hisp,m,50-54,202104,0
CA,2018,other,hisp,f,50-54,202104,0
CA,2018,other,hisp,m,55-59,211578,0
CA,2018,other,hisp,f,55-59,211578,0
CA,2018,other,hisp,m,60-64,202104,0
CA,2018,other,hisp,f,60-64,202104,0
CA,2018,other,hisp,m,65-69,170526,0
CA,2018,other,hisp,f,65-69,170526,0
CA,2018,other,hisp,m,70-74,142105,0
CA,2018,other,hisp,f,70-74,142105,0
CA,2018,other,hisp,m,75-79,101052,0
CA,2018,other,hisp,f,75-79,101052,0
CA,2018,other,hisp,m,80-84,50526,0
CA,2018,other,hisp,f,80-84,75789,0
CA,2018,other,hisp,m,85+,53052,0
CA,2018,other,hisp,f,85+,79579,0
CO,2018,white,non-hisp,m,0-4,111916,0
CO,2018,white,non-hisp,f,0-4,111916,0
CO,2018,white,non-hisp,m,5-9,115775,0
CO,2018,white,non-hisp,f,5-9,115775,0
CO,2018,white,non-hisp,m,10-14,123493,0
CO,2018,white,non-hisp,f,10-14,123493,0
CO,2018,white,non-hisp,m,15-19,123493,0
CO,2018,white,non-hisp,f,15-19,123493,0
CO,2018,white,non-hisp,m,20-24,127353,0
CO,2018,white,non-hisp,f,20-24,127353,0
CO,2018,white,non-hisp,m,25-29,135071,0
CO,2018,white,non-hisp,f,25-29,135071,0
CO,2018,white,non-hisp,m,30-34,135071,0
CO,2018,white,non-hisp,f,30-34,135071,0
CO,2018,white,non-hisp,m,35-39,131212,0
CO,2018,white,non-hisp,f,35-39,131212,0
CO,2018,white,non-hisp,m,40-44,121564,0
CO,2018,white,non-hisp,f,40-44,121564,0
CO,2018,white,non-hisp,m,45-49,115775,0
CO,2018,white,non-hisp,f,45-49,115775,0
CO,2018,white,non-hisp,m,50-54,123493,0
CO,2018,white,non-hisp,f,50-54,123493,0
CO,2018,white,non-hisp,m,55-59,129282,0
CO,2018,white,non-hisp,f,55-59,129282,0
CO,2018,white,non-hisp,m,60-64,123493,0
CO,2018,white,non-hisp,f,60-64,123493,0
CO,2018,white,non-hisp,m,65-69,104198,0
CO,2018,white,non-hisp,f,65-69,104198,0
CO,2018,white,non-hisp,m,70-74,86831,0
CO,2018,white,non-hisp,f,70-74,86831,0
CO,2018,white,non-hisp,m,75-79,61747,0
CO,2018,white,non-hisp,f,75-79,61747,0
CO,2018,white,non-hisp,m,80-84,30873,0
CO,2018,white,non-hisp,f,80-84,46310,0
CO,2018,white,non-hisp,m,85+,32417,0
CO,2018,white,non-hisp,f,85+,48626,0
CO,2018,black,non-hisp,m,0-4,6476,0
CO,2018,black,non-hisp,f,0-4,6476,0
CO,2018,black,non-hisp,m,5-9,6699,0
CO,2018,black,non-hisp,f,5-9,6699,0
CO,2018,black,non-hisp,m,10-14,7146,0
CO,2018,black,non-hisp,f,10-14,7146,0
CO,2018,black,non-hisp,m,15-19,7146,0
CO,2018,black,non-hisp,f,15-19,7146,0
CO,2018,black,non-hisp,m,20-24,7369,0
CO,2018,black,non-hisp,f,20-24,7369,0
CO,2018,black,non-hisp,m,25-29,7815,0
CO,2018,black,non-hisp,f,25-29,7815,0
CO,2018,black,non-hisp,m,30-34,7815,0
CO,2018,black,non-hisp,f,30-34,7815,0
CO,2018,black,non-hisp,m,35-39,7592,0
CO,2018,black,non-hisp,f,35-39,7592,0
CO,2018,black,non-hisp,m,40-44,7034,0
CO,2018,black,non-hisp,f,40-44,7034,0
CO,2018,black,non-hisp,m,45-49,6699,0
CO,2018,black,non-hisp,f,45-49,6699,0
CO,2018,black,non-hisp,m,50-54,7146,0
CO,2018,black,non-hisp,f,50-54,7146,0
CO,2018,black,non-hisp,m,55-59,7481,0
CO,2018,black,non-hisp,f,55-59,7481,0
CO,2018,black,non-hisp,m,60-64,7146,0
CO,2018,black,non-hisp,f,60-64,7146,0
CO,2018,black,non-hisp,m,65-69,6029,0
CO,2018,black,non-hisp,f,65-69,6029,0
CO,2018,black,non-hisp,m,70-74,5024,0
CO,2018,black,non-hisp,f,70-74,5024,0
CO,2018,black,non-hisp,m,75-79,3573,0
CO,2018,black,non-hisp,f,75-79,3573,0
CO,2018,black,non-hisp,m,80-84,1786,0
CO,2018,black,non-hisp,f,80-84,2680,0
CO,2018,black,non-hisp,m,85+,1876,0
CO,2018,black,non-hisp,f,85+,2814,0
CO,2018,asian,non-hisp,m,0-4,5147,0
CO,2018,asian,non-hisp,f,0-4,5147,0
CO,2018,asian,non-hisp,m,5-9,5325,0
CO,2018,asian,non-hisp,f,5-9,5325,0
CO,2018,asian,non-hisp,m,10-14,5680,0
CO,2018,asian,non-hisp,f,10-14,5680,0
CO,2018,asian,non-hisp,m,15-19,5680,0
CO,2018,asian,non-hisp,f,15-19,5680,0
CO,2018,asian,non-hisp,m,20-24,5857,0
CO,2018,asian,non-hisp,f,20-24,5857,0
CO,2018,asian,non-hisp,m,25-29,6212,0
CO,2018,asian,non-hisp,f,25-29,6212,0
CO,2018,asian,non-hisp,m,30-34,6212,0
CO,2018,asian,non-hisp,f,30-34,6212,0
CO,2018,asian,non-hisp,m,35-39,6035,0
CO,2018,asian,non-hisp,f,35-39,6035,0
CO,2018,asian,non-hisp,m,40-44,5591,0
CO,2018,asian,non-hisp,f,40-44,5591,0
CO,2018,asian,non-hisp,m,45-49,5325,0
CO,2018,asian,non-hisp,f,45-49,5325,0
CO,2018,asian,non-hisp,m,50-54,5680,0
CO,2018,asian,non-hisp,f,50-54,5680,0
CO,2018,asian,non-hisp,m,55-59,5946,0
CO,2018,asian,non-hisp,f,55-59,5946,0
CO,2018,asian,non-hisp,m,60-64,5680,0
CO,2018,asian,non-hisp,f,60-64,5680,0
CO,2018,asian,non-hisp,m,65-69,4792,0
CO,2018,asian,non-hisp,f,65-69,4792,0
CO,2018,asian,non-hisp,m,70-74,3994,0
CO,2018,asian,non-hisp,f,70-74,3994,0
CO,2018,asian,non-hisp,m,75-79,2840,0
CO,2018,asian,non-hisp,f,75-79,2840,0
CO,2018,asian,non-hisp,m,80-84,1420,0
CO,2018,asian,non-hisp,f,80-84,2130,0
CO,2018,asian,non-hisp,m,85+,1491,0
CO,2018,asian,non-hisp,f,85+,2236,0
CO,2018,other,non-hisp,m,0-4,5814,0
CO,2018,other,non-hisp,f,0-4,5814,0
CO,2018,other,non-hisp,m,5-9,6014,0
CO,2018,other,non-hisp,f,5-9,6014,0
CO,2018,other,non-hisp,m,10-14,6415,0
CO,2018,other,non-hisp,f,10-14,6415,0
CO,2018,other,non-hisp,m,15-19,6415,0
CO,2018,other,non-hisp,f,15-19,6415,0
CO,2018,other,non-hisp,m,20-24,6616,0
CO,2018,other,non-hisp,f,20-24,6616,0
CO,2018,other,non-hisp,m,25-29,7017,0
CO,2018,other,non-hisp,f,25-29,7017,0
CO,2018,other,non-hisp,m,30-34,7017,0
CO,2018,other,non-hisp,f,30-34,7017,0
CO,2018,other,non-hisp,m,35-39,6816,0
CO,2018,other,non-hisp,f,35-39,6816,0
CO,2018,other,non-hisp,m,40-44,6315,0
CO,2018,other,non-hisp,f,40-44,6315,0
CO,2018,other,non-hisp,m,45-49,6014,0
CO,2018,other,non-hisp,f,45-49,6014,0
CO,2018,other,non-hisp,m,50-54,6415,0
CO,2018,other,non-hisp,f,50-54,6415,0
CO,2018,other,non-hisp,m,55-59,6716,0
CO,2018,other,non-hisp,f,55-59,6716,0
CO,2018,other,non-hisp,m,60-64,6415,0
CO,2018,other,non-hisp,f,60-64,6415,0
CO,2018,other,non-hisp,m,65-69,5413,0
CO,2018,other,non-hisp,f,65-69,5413,0
CO,2018,other,non-hisp,m,70-74,4511,0
CO,2018,other,non-hisp,f,70-74,4511,0
CO,2018,other,non-hisp,m,75-79,3208,0
CO,2018,other,non-hisp,f,75-79,3208,0
CO,2018,other,non-hisp,m,80-84,1604,0
CO,2018,other,non-hisp,f,80-84,2406,0
CO,2018,other,non-hisp,m,85+,1684,0
CO,2018,other,non-hisp,f,85+,2526,0
CO,2018,white,hisp,m,0-4,27014,0
CO,2018,white,hisp,f,0-4,27014,0
CO,2018,white,hisp,m,5-9,27945,0
CO,2018,white,hisp,f,5-9,27945,0
CO,2018,white,hisp,m,10-14,29808,0
CO,2018,white,hisp,f,10-14,29808,0
CO,2018,white,hisp,m,15-19,29808,0
CO,2018,white,hisp,f,15-19,29808,0
CO,2018,white,hisp,m,20-24,30740,0
CO,2018,white,hisp,f,20-24,30740,0
CO,2018,white,hisp,m,25-29,32603,0
CO,2018,white,hisp,f,25-29,32603,0
CO,2018,white,hisp,m,30-34,32603,0
CO,2018,white,hisp,f,30-34,32603,0
CO,2018,white,hisp,m,35-39,31671,0
CO,2018,white,hisp,f,35-39,31671,0
CO,2018,white,hisp,m,40-44,29342,0
CO,2018,white,hisp,f,40-44,29342,0
CO,2018,white,hisp,m,45-49,27945,0
CO,2018,white,hisp,f,45-49,27945,0
CO,2018,white,hisp,m,50-54,29808,0
CO,2018,white,hisp,f,50-54,29808,0
CO,2018,white,hisp,m,55-59,31205,0
CO,2018,white,hisp,f,55-59,31205,0
CO,2018,white,hisp,m,60-64,29808,0
CO,2018,white,hisp,f,60-64,29808,0
CO,2018,white,hisp,m,65-69,25151,0
CO,2018,white,hisp,f,65-69,25151,0
CO,2018,white,hisp,m,70-74,20959,0
CO,2018,white,hisp,f,70-74,20959,0
CO,2018,white,hisp,m,75-79,14904,0
CO,2018,white,hisp,f,75-79,14904,0
CO,2018,white,hisp,m,80-84,7452,0
CO,2018,white,hisp,f,80-84,11178,0
CO,2018,white,hisp,m,85+,7825,0
CO,2018,white,hisp,f,85+,11737,0
CO,2018,black,hisp,m,0-4,414,0
CO,2018,black,hisp,f,0-4,414,0
CO,2018,black,hisp,m,5-9,428,0
CO,2018,black,hisp,f,5-9,428,0
CO,2018,black,hisp,m,10-14,457,0
CO,2018,black,hisp,f,10-14,457,0
CO,2018,black,hisp,m,15-19,457,0
CO,2018,black,hisp,f,15-19,457,0
CO,2018,black,hisp,m,20-24,471,0
CO,2018,black,hisp,f,20-24,471,0
CO,2018,black,hisp,m,25-29,500,0
CO,2018,black,hisp,f,25-29,500,0
CO,2018,black,hisp,m,30-34,500,0
CO,2018,black,hisp,f,30-34,500,0
CO,2018,black,hisp,m,35-39,485,0
CO,2018,black,hisp,f,35-39,485,0
CO,2018,black,hisp,m,40-44,450,0
CO,2018,black,hisp,f,40-44,450,0
CO,2018,black,hisp,m,45-49,428,0
CO,2018,black,hisp,f,45-49,428,0
CO,2018,black,hisp,m,50-54,457,0
CO,2018,black,hisp,f,50-54,457,0
CO,2018,black,hisp,m,55-59,478,0
CO,2018,black,hisp,f,55-59,478,0
CO,2018,black,hisp,m,60-64,457,0
CO,2018,black,hisp,f,60-64,457,0
CO,2018,black,hisp,m,65-69,386,0
CO,2018,black,hisp,f,65-69,386,0
CO,2018,black,hisp,m,70-74,321,0
CO,2018,black,hisp,f,70-74,321,0
CO,2018,black,hisp,m,75-79,228,0
CO,2018,black,hisp,f,75-79,228,0
CO,2018,black,hisp,m,80-84,114,0
CO,2018,black,hisp,f,80-84,171,0
CO,2018,black,hisp,m,85+,120,0
CO,2018,black,hisp,f,85+,180,0
CO,2018,asian,hisp,m,0-4,81,0
CO,2018,asian,hisp,f,0-4,81,0
CO,2018,asian,hisp,m,5-9,83,0
CO,2018,asian,hisp,f,5-9,83,0
CO,2018,asian,hisp,m,10-14,89,0
CO,2018,asian,hisp,f,10-14,89,0
CO,2018,asian,hisp,m,15-19,89,0
CO,2018,asian,hisp,f,15-19,89,0
CO,2018,asian,hisp,m,20-24,92,0
CO,2018,asian,hisp,f,20-24,92,0
CO,2018,asian,hisp,m,25-29,97,0
CO,2018,asian,hisp,f,25-29,97,0
CO,2018,asian,hisp,m,30-34,97,0
CO,2018,asian,hisp,f,30-34,97,0
CO,2018,asian,hisp,m,35-39,95,0
CO,2018,asian,hisp,f,35-39,95,0
CO,2018,asian,hisp,m,40-44,88,0
CO,2018,asian,hisp,f,40-44,88,0
CO,2018,asian,hisp,m,45-49,83,0
CO,2018,asian,hisp,f,45-49,83,0
CO,2018,asian,hisp,m,50-54,89,0
CO,2018,asian,hisp,f,50-54,89,0
CO,2018,asian,hisp,m,55-59,93,0
CO,2018,asian,hisp,f,55-59,93,0
CO,2018,asian,hisp,m,60-64,89,0
CO,2018,asian,hisp,f,60-64,89,0
CO,2018,asian,hisp,m,65-69,75,0
CO,2018,asian,hisp,f,65-69,75,0
CO,2018,asian,hisp,m,70-74,63,0
CO,2018,asian,hisp,f,70-74,63,0
CO,2018,asian,hisp,m,75-79,45,0
CO,2018,asian,hisp,f,75-79,45,0
CO,2018,asian,hisp,m,80-84,22,0
CO,2018,asian,hisp,f,80-84,33,0
CO,2018,asian,hisp,m,85+,23,0
CO,2018,asian,hisp,f,85+,35,0
CO,2018,other,hisp,m,0-4,8310,0
CO,2018,other,hisp,f,0-4,8310,0
CO,2018,other,hisp,m,5-9,8597,0
CO,2018,other,hisp,f,5-9,8597,0
CO,2018,other,hisp,m,10-14,9170,0
CO,2018,other,hisp,f,10-14,9170,0
CO,2018,other,hisp,m,15-19,9170,0
CO,2018,other,hisp,f,15-19,9170,0
CO,2018,other,hisp,m,20-24,9456,0
CO,2018,other,hisp,f,20-24,9456,0
CO,2018,other,hisp,m,25-29,10030,0
CO,2018,other,hisp,f,25-29,10030,0
CO,2018,other,hisp,m,30-34,10030,0
CO,2018,other,hisp,f,30-34,10030,0
CO,2018,other,hisp,m,35-39,9743,0
CO,2018,other,hisp,f,35-39,9743,0
CO,2018,other,hisp,m,40-44,9027,0
CO,2018,other,hisp,f,40-44,9027,0
CO,2018,other,hisp,m,45-49,8597,0
CO,2018,other,hisp,f,45-49,8597,0
CO,2018,other,hisp,m,50-54,9170,0
CO,2018,other,hisp,f,50-54,9170,0
CO,2018,other,hisp,m,55-59,9600,0
CO,2018,other,hisp,f,55-59,9600,0
CO,2018,other,hisp,m,60-64,9170,0
CO,2018,other,hisp,f,60-64,9170,0
CO,2018,other,hisp,m,65-69,7737,0
CO,2018,other,hisp,f,65-69,7737,0
CO,2018,other,hisp,m,70-74,6448,0
CO,2018,other,hisp,f,70-74,6448,0
CO,2018,other,hisp,m,75-79,4585,0
CO,2018,other,hisp,f,75-79,4585,0
CO,2018,other,hisp,m,80-84,2292,0
CO,2018,other,hisp,f,80-84,3439,0
CO,2018,other,hisp,m,85+,2407,0
CO,2018,other,hisp,f,85+,3611,0
DE,2018,white,non-hisp,m,0-4,17345,0
DE,2018,white,non-hisp,f,0-4,17345,0
DE,2018,white,non-hisp,m,5-9,17943,0
DE,2018,white,non-hisp,f,5-9,17943,0
DE,2018,white,non-hisp,m,10-14,19139,0
DE,2018,white,non-hisp,f,10-14,19139,0
DE,2018,white,non-hisp,m,15-19,19139,0
DE,2018,white,non-hisp,f,15-19,19139,0
DE,2018,white,non-hisp,m,20-24,19737,0
DE,2018,white,non-hisp,f,20-24,19737,0
DE,2018,white,non-hisp,m,25-29,20934,0
DE,2018,white,non-hisp,f,25-29,20934,0
DE,2018,white,non-hisp,m,30-34,20934,0
DE,2018,white,non-hisp,f,30-34,20934,0
DE,2018,white,non-hisp,m,35-39,20336,0
DE,2018,white,non-hisp,f,35-39,20336,0
DE,2018,white,non-hisp,m,40-44,18840,0
DE,2018,white,non-hisp,f,40-44,18840,0
DE,2018,white,non-hisp,m,45-49,17943,0
DE,2018,white,non-hisp,f,45-49,17943,0
DE,2018,white,non-hisp,m,50-54,19139,0
DE,2018,white,non-hisp,f,50-54,19139,0
DE,2018,white,non-hisp,m,55-59,20037,0
DE,2018,white,non-hisp,f,55-59,20037,0
DE,2018,white,non-hisp,m,60-64,19139,0
DE,2018,white,non-hisp,f,60-64,19139,0
DE,2018,white,non-hisp,m,65-69,16149,0
DE,2018,white,non-hisp,f,65-69,16149,0
DE,2018,white,non-hisp,m,70-74,13457,0
DE,2018,white,non-hisp,f,70-74,13457,0
DE,2018,white,non-hisp,m,75-79,9570,0
DE,2018,white,non-hisp,f,75-79,9570,0
DE,2018,white,non-hisp,m,80-84,4785,0
DE,2018,white,non-hisp,f,80-84,7177,0
DE,2018,white,non-hisp,m,85+,5024,0
DE,2018,white,non-hisp,f,85+,7536,0
DE,2018,black,non-hisp,m,0-4,6116,0
DE,2018,black,non-hisp,f,0-4,6116,0
DE,2018,black,non-hisp,m,5-9,6327,0
DE,2018,black,non-hisp,f,5-9,6327,0
DE,2018,black,non-hisp,m,10-14,6749,0
DE,2018,black,non-hisp,f,10-14,6749,0
DE,2018,black,non-hisp,m,15-19,6749,0
DE,2018,black,non-hisp,f,15-19,6749,0
DE,2018,black,non-hisp,m,20-24,6960,0
DE,2018,black,non-hisp,f,20-24,6960,0
DE,2018,black,non-hisp,m,25-29,7382,0
DE,2018,black,non-hisp,f,25-29,7382,0
DE,2018,black,non-hisp,m,30-34,7382,0
DE,2018,black,non-hisp,f,30-34,7382,0
DE,2018,black,non-hisp,m,35-39,7171,0
DE,2018,black,non-hisp,f,35-39,7171,0
DE,2018,black,non-hisp,m,40-44,6644,0
DE,2018,black,non-hisp,f,40-44,6644,0
DE,2018,black,non-hisp,m,45-49,6327,0
DE,2018,black,non-hisp,f,45-49,6327,0
DE,2018,black,non-hisp,m,50-54,6749,0
DE,2018,black,non-hisp,f,50-54,6749,0
DE,2018,black,non-hisp,m,55-59,7065,0
DE,2018,black,non-hisp,f,55-59,7065,0
DE,2018,black,non-hisp,m,60-64,6749,0
DE,2018,black,non-hisp,f,60-64,6749,0
DE,2018,black,non-hisp,m,65-69,5695,0
DE,2018,black,non-hisp,f,65-69,5695,0
DE,2018,black,non-hisp,m,70-74,4745,0
DE,2018,black,non-hisp,f,70-74,4745,0
DE,2018,black,non-hisp,m,75-79,3375,0
DE,2018,black,non-hisp,f,75-79,3375,0
DE,2018,black,non-hisp,m,80-84,1687,0
DE,2018,black,non-hisp,f,80-84,2531,0
DE,2018,black,non-hisp,m,85+,1772,0
DE,2018,black,non-hisp,f,85+,2657,0
DE,2018,asian,non-hisp,m,0-4,1127,0
DE,2018,asian,non-hisp,f,0-4,1127,0
DE,2018,asian,non-hisp,m,5-9,1166,0
DE,2018,asian,non-hisp,f,5-9,1166,0
DE,2018,asian,non-hisp,m,10-14,1244,0
DE,2018,asian,non-hisp,f,10-14,1244,0
DE,2018,asian,non-hisp,m,15-19,1244,0
DE,2018,asian,non-hisp,f,15-19,1244,0
DE,2018,asian,non-hisp,m,20-24,1282,0
DE,2018,asian,non-hisp,f,20-24,1282,0
DE,2018,asian,non-hisp,m,25-29,1360,0
DE,2018,asian,non-hisp,f,25-29,1360,0
DE,2018,asian,non-hisp,m,30-34,1360,0
DE,2018,asian,non-hisp,f,30-34,1360,0
DE,2018,asian,non-hisp,m,35-39,1321,0
DE,2018,asian,non-hisp,f,35-39,1321,0
DE,2018,asian,non-hisp,m,40-44,1224,0
DE,2018,asian,non-hisp,f,40-44,1224,0
DE,2018,asian,non-hisp,m,45-49,1166,0
DE,2018,asian,non-hisp,f,45-49,1166,0
DE,2018,asian,non-hisp,m,50-54,1244,0
DE,2018,asian,non-hisp,f,50-54,1244,0
DE,2018,asian,non-hisp,m,55-59,1302,0
DE,2018,asian,non-hisp,f,55-59,1302,0
DE,2018,asian,non-hisp,m,60-64,1244,0
DE,2018,asian,non-hisp,f,60-64,1244,0
DE,2018,asian,non-hisp,m,65-69,1049,0
DE,2018,asian,non-hisp,f,65-69,1049,0
DE,2018,asian,non-hisp,m,70-74,874,0
DE,2018,asian,non-hisp,f,70-74,874,0
DE,2018,asian,non-hisp,m,75-79,622,0
DE,2018,asian,non-hisp,f,75-79,622,0
DE,2018,asian,non-hisp,m,80-84,311,0
DE,2018,asian,non-hisp,f,80-84,466,0
DE,2018,asian,non-hisp,m,85+,326,0
DE,2018,asian,non-hisp,f,85+,490,0
DE,2018,other,non-hisp,m,0-4,792,0
DE,2018,other,non-hisp,f,0-4,792,0
DE,2018,other,non-hisp,m,5-9,820,0
DE,2018,other,non-hisp,f,5-9,820,0
DE,2018,other,non-hisp,m,10-14,874,0
DE,2018,other,non-hisp,f,10-14,874,0
DE,2018,other,non-hisp,m,15-19,874,0
DE,2018,other,non-hisp,f,15-19,874,0
DE,2018,other,non-hisp,m,20-24,902,0
DE,2018,other,non-hisp,f,20-24,902,0
DE,2018,other,non-hisp,m,25-29,956,0
DE,2018,other,non-hisp,f,25-29,956,0
DE,2018,other,non-hisp,m,30-34,956,0
DE,2018,other,non-hisp,f,30-34,956,0
DE,2018,other,non-hisp,m,35-39,929,0
DE,2018,other,non-hisp,f,35-39,929,0
DE,2018,other,non-hisp,m,40-44,861,0
DE,2018,other,non-hisp,f,40-44,861,0
DE,2018,other,non-hisp,m,45-49,820,0
DE,2018,other,non-hisp,f,45-49,820,0
DE,2018,other,non-hisp,m,50-54,874,0
DE,2018,other,non-hisp,f,50-54,874,0
DE,2018,other,non-hisp,m,55-59,915,0
DE,2018,other,non-hisp,f,55-59,915,0
DE,2018,other,non-hisp,m,60-64,874,0
DE,2018,other,non-hisp,f,60-64,874,0
DE,2018,other,non-hisp,m,65-69,738,0
DE,2018,other,non-hisp,f,65-69,738,0
DE,2018,other,non-hisp,m,70-74,615,0
DE,2018,other,non-hisp,f,70-74,615,0
DE,2018,other,non-hisp,m,75-79,437,0
DE,2018,other,non-hisp,f,75-79,437,0
DE,2018,other,non-hisp,m,80-84,219,0
DE,2018,other,non-hisp,f,80-84,328,0
DE,2018,other,non-hisp,m,85+,230,0
DE,2018,other,non-hisp,f,85+,344,0
DE,2018,white,hisp,m,0-4,1789,0
DE,2018,white,hisp,f,0-4,1789,0
DE,2018,white,hisp,m,5-9,1850,0
DE,2018,white,hisp,f,5-9,1850,0
DE,2018,white,hisp,m,10-14,1974,0
DE,2018,white,hisp,f,10-14,1974,0
DE,2018,white,hisp,m,15-19,1974,0
DE,2018,white,hisp,f,15-19,1974,0
DE,2018,white,hisp,m,20-24,2035,0
DE,2018,white,hisp,f,20-24,2035,0
DE,2018,white,hisp,m,25-29,2159,0
DE,2018,white,hisp,f,25-29,2159,0
DE,2018,white,hisp,m,30-34,2159,0
DE,2018,white,hisp,f,30-34,2159,0
DE,2018,white,hisp,m,35-39,2097,0
DE,2018,white,hisp,f,35-39,2097,0
DE,2018,white,hisp,m,40-44,1943,0
DE,2018,white,hisp,f,40-44,1943,0
DE,2018,white,hisp,m,45-49,1850,0
DE,2018,white,hisp,f,45-49,1850,0
DE,2018,white,hisp,m,50-54,1974,0
DE,2018,white,hisp,f,50-54,1974,0
DE,2018,white,hisp,m,55-59,2066,0
DE,2018,white,hisp,f,55-59,2066,0
DE,2018,white,hisp,m,60-64,1974,0
DE,2018,white,hisp,f,60-64,1974,0
DE,2018,white,hisp,m,65-69,1665,0
DE,2018,white,hisp,f,65-69,1665,0
DE,2018,white,hisp,m,70-74,1388,0
DE,2018,white,hisp,f,70-74,1388,0
DE,2018,white,hisp,m,75-79,987,0
DE,2018,white,hisp,f,75-79,987,0
DE,2018,white,hisp,m,80-84,493,0
DE,2018,white,hisp,f,80-84,740,0
DE,2018,white,hisp,m,85+,518,0
DE,2018,white,hisp,f,85+,777,0
DE,2018,black,hisp,m,0-4,194,0
DE,2018,black,hisp,f,0-4,194,0
DE,2018,black,hisp,m,5-9,201,0
DE,2018,black,hisp,f,5-9,201,0
DE,2018,black,hisp,m,10-14,214,0
DE,2018,black,hisp,f,10-14,214,0
DE,2018,black,hisp,m,15-19,214,0
DE,2018,black,hisp,f,15-19,214,0
DE,2018,black,hisp,m,20-24,221,0
DE,2018,black,hisp,f,20-24,221,0
DE,2018,black,hisp,m,25-29,234,0
DE,2018,black,hisp,f,25-29,234,0
DE,2018,black,hisp,m,30-34,234,0
DE,2018,black,hisp,f,30-34,234,0
DE,2018,black,hisp,m,35-39,227,0
DE,2018,black,hisp,f,35-39,227,0
DE,2018,black,hisp,m,40-44,211,0
DE,2018,black,hisp,f,40-44,211,0
DE,2018,black,hisp,m,45-49,201,0
DE,2018,black,hisp,f,45-49,201,0
DE,2018,black,hisp,m,50-54,214,0
DE,2018,black,hisp,f,50-54,214,0
DE,2018,black,hisp,m,55-59,224,0
DE,2018,black,hisp,f,55-59,224,0
DE,2018,black,hisp,m,60-64,214,0
DE,2018,black,hisp,f,60-64,214,0
DE,2018,black,hisp,m,65-69,181,0
DE,2018,black,hisp,f,65-69,181,0
DE,2018,black,hisp,m,70-74,150,0
DE,2018,black,hisp,f,70-74,150,0
DE,2018,black,hisp,m,75-79,107,0
DE,2018,black,hisp,f,75-79,107,0
DE,2018,black,hisp,m,80-84,53,0
DE,2018,black,hisp,f,80-84,80,0
DE,2018,black,hisp,m,85+,56,0
DE,2018,black,hisp,f,85+,84,0
DE,2018,asian,hisp,m,0-4,5,0
DE,2018,asian,hisp,f,0-4,5,0
DE,2018,asian,hisp,m,5-9,5,0
DE,2018,asian,hisp,f,5-9,5,0
DE,2018,asian,hisp,m,10-14,5,0
DE,2018,asian,hisp,f,10-14,5,0
DE,2018,asian,hisp,m,15-19,5,0
DE,2018,asian,hisp,f,15-19,5,0
DE,2018,asian,hisp,m,20-24,5,0
DE,2018,asian,hisp,f,20-24,5,0
DE,2018,asian,hisp,m,25-29,6,0
DE,2018,asian,hisp,f,25-29,6,0
DE,2018,asian,hisp,m,30-34,6,0
DE,2018,asian,hisp,f,30-34,6,0
DE,2018,asian,hisp,m,35-39,6,0
DE,2018,asian,hisp,f,35-39,6,0
DE,2018,asian,hisp,m,40-44,5,0
DE,2018,asian,hisp,f,40-44,5,0
DE,2018,asian,hisp,m,45-49,5,0
DE,2018,asian,hisp,f,45-49,5,0
DE,2018,asian,hisp,m,50-54,5,0
DE,2018,asian,hisp,f,50-54,5,0
DE,2018,asian,hisp,m,55-59,5,0
DE,2018,asian,hisp,f,55-59,5,0
DE,2018,asian,hisp,m,60-64,5,0
DE,2018,asian,hisp,f,60-64,5,0
DE,2018,asian,hisp,m,65-69,4,0
DE,2018,asian,hisp,f,65-69,4,0
DE,2018,asian,hisp,m,70-74,4,0
DE,2018,asian,hisp,f,70-74,4,0
DE,2018,asian,hisp,m,75-79,3,0
DE,2018,asian,hisp,f,75-79,3,0
DE,2018,asian,hisp,m,80-84,1,0
DE,2018,asian,hisp,f,80-84,2,0
DE,2018,asian,hisp,m,85+,1,0
DE,2018,asian,hisp,f,85+,2,0
DE,2018,other,hisp,m,0-4,680,0
DE,2018,other,hisp,f,0-4,680,0
DE,2018,other,hisp,m,5-9,704,0
DE,2018,other,hisp,f,5-9,704,0
DE,2018,other,hisp,m,10-14,750,0
DE,2018,other,hisp,f,10-14,750,0
DE,2018,other,hisp,m,15-19,750,0
DE,2018,other,hisp,f,15-19,750,0
DE,2018,other,hisp,m,20-24,774,0
DE,2018,other,hisp,f,20-24,774,0
DE,2018,other,hisp,m,25-29,821,0
DE,2018,other,hisp,f,25-29,821,0
DE,2018,other,hisp,m,30-34,821,0
DE,2018,other,hisp,f,30-34,821,0
DE,2018,other,hisp,m,35-39,797,0
DE,2018,other,hisp,f,35-39,797,0
DE,2018,other,hisp,m,40-44,739,0
DE,2018,other,hisp,f,40-44,739,0
DE,2018,other,hisp,m,45-49,704,0
DE,2018,other,hisp,f,45-49,704,0
DE,2018,other,hisp,m,50-54,750,0
DE,2018,other,hisp,f,50-54,750,0
DE,2018,other,hisp,m,55-59,786,0
DE,2018,other,hisp,f,55-59,786,0
DE,2018,other,hisp,m,60-64,750,0
DE,2018,other,hisp,f,60-64,750,0
DE,2018,other,hisp,m,65-69,633,0
DE,2018,other,hisp,f,65-69,633,0
DE,2018,other,hisp,m,70-74,528,0
DE,2018,other,hisp,f,70-74,528,0
DE,2018,other,hisp,m,75-79,375,0
DE,2018,other,hisp,f,75-79,375,0
DE,2018,other,hisp,m,80-84,188,0
DE,2018,other,hisp,f,80-84,281,0
DE,2018,other,hisp,m,85+,197,0
DE,2018,other,hisp,f,85+,295,0
DC,2018,white,non-hisp,m,0-4,7522,0
DC,2018,white,non-hisp,f,0-4,7522,0
DC,2018,white,non-hisp,m,5-9,7781,0
DC,2018,white,non-hisp,f,5-9,7781,0
DC,2018,white,non-hisp,m,10-14,8300,0
DC,2018,white,non-hisp,f,10-14,8300,0
DC,2018,white,non-hisp,m,15-19,8300,0
DC,2018,white,non-hisp,f,15-19,8300,0
DC,2018,white,non-hisp,m,20-24,8559,0
DC,2018,white,non-hisp,f,20-24,8559,0
DC,2018,white,non-hisp,m,25-29,9078,0
DC,2018,white,non-hisp,f,25-29,9078,0
DC,2018,white,non-hisp,m,30-34,9078,0
DC,2018,white,non-hisp,f,30-34,9078,0
DC,2018,white,non-hisp,m,35-39,8819,0
DC,2018,white,non-hisp,f,35-39,8819,0
DC,2018,white,non-hisp,m,40-44,8170,0
DC,2018,white,non-hisp,f,40-44,8170,0
DC,2018,white,non-hisp,m,45-49,7781,0
DC,2018,white,non-hisp,f,45-49,7781,0
DC,2018,white,non-hisp,m,50-54,8300,0
DC,2018,white,non-hisp,f,50-54,8300,0
DC,2018,white,non-hisp,m,55-59,8689,0
DC,2018,white,non-hisp,f,55-59,8689,0
DC,2018,white,non-hisp,m,60-64,8300,0
DC,2018,white,non-hisp,f,60-64,8300,0
DC,2018,white,non-hisp,m,65-69,7003,0
DC,2018,white,non-hisp,f,65-69,7003,0
DC,2018,white,non-hisp,m,70-74,5836,0
DC,2018,white,non-hisp,f,70-74,5836,0
DC,2018,white,non-hisp,m,75-79,4150,0
DC,2018,white,non-hisp,f,75-79,4150,0
DC,2018,white,non-hisp,m,80-84,2075,0
DC,2018,white,non-hisp,f,80-84,3112,0
DC,2018,white,non-hisp,m,85+,2179,0
DC,2018,white,non-hisp,f,85+,3268,0
DC,2018,black,non-hisp,m,0-4,9038,0
DC,2018,black,non-hisp,f,0-4,9038,0
DC,2018,black,non-hisp,m,5-9,9350,0
DC,2018,black,non-hisp,f,5-9,9350,0
DC,2018,black,non-hisp,m,10-14,9973,0
DC,2018,black,non-hisp,f,10-14,9973,0
DC,2018,black,non-hisp,m,15-19,9973,0
DC,2018,black,non-hisp,f,15-19,9973,0
DC,2018,black,non-hisp,m,20-24,10285,0
DC,2018,black,non-hisp,f,20-24,10285,0
DC,2018,black,non-hisp,m,25-29,10908,0
DC,2018,black,non-hisp,f,25-29,10908,0
DC,2018,black,non-hisp,m,30-34,10908,0
DC,2018,black,non-hisp,f,30-34,10908,0
DC,2018,black,non-hisp,m,35-39,10596,0
DC,2018,black,non-hisp,f,35-39,10596,0
DC,2018,black,non-hisp,m,40-44,9817,0
DC,2018,black,non-hisp,f,40-44,9817,0
DC,2018,black,non-hisp,m,45-49,9350,0
DC,2018,black,non-hisp,f,45-49,9350,0
DC,2018,black,non-hisp,m,50-54,9973,0
DC,2018,black,non-hisp,f,50-54,9973,0
DC,2018,black,non-hisp,m,55-59,10440,0
DC,2018,black,non-hisp,f,55-59,10440,0
DC,2018,black,non-hisp,m,60-64,9973,0
DC,2018,black,non-hisp,f,60-64,9973,0
DC,2018,black,non-hisp,m,65-69,8415,0
DC,2018,black,non-hisp,f,65-69,8415,0
DC,2018,black,non-hisp,m,70-74,7012,0
DC,2018,black,non-hisp,f,70-74,7012,0
DC,2018,black,non-hisp,m,75-79,4986,0
DC,2018,black,non-hisp,f,75-79,4986,0
DC,2018,black,non-hisp,m,80-84,2493,0
DC,2018,black,non-hisp,f,80-84,3740,0
DC,2018,black,non-hisp,m,85+,2618,0
DC,2018,black,non-hisp,f,85+,3927,0
DC,2018,asian,non-hisp,m,0-4,782,0
DC,2018,asian,non-hisp,f,0-4,782,0
DC,2018,asian,non-hisp,m,5-9,809,0
DC,2018,asian,non-hisp,f,5-9,809,0
DC,2018,asian,non-hisp,m,10-14,863,0
DC,2018,asian,non-hisp,f,10-14,863,0
DC,2018,asian,non-hisp,m,15-19,863,0
DC,2018,asian,non-hisp,f,15-19,863,0
DC,2018,asian,non-hisp,m,20-24,890,0
DC,2018,asian,non-hisp,f,20-24,890,0
DC,2018,asian,non-hisp,m,25-29,944,0
DC,2018,asian,non-hisp,f,25-29,944,0
DC,2018,asian,non-hisp,m,30-34,944,0
DC,2018,asian,non-hisp,f,30-34,944,0
DC,2018,asian,non-hisp,m,35-39,917,0
DC,2018,asian,non-hisp,f,35-39,917,0
DC,2018,asian,non-hisp,m,40-44,849,0
DC,2018,asian,non-hisp,f,40-44,849,0
DC,2018,asian,non-hisp,m,45-49,809,0
DC,2018,asian,non-hisp,f,45-49,809,0
DC,2018,asian,non-hisp,m,50-54,863,0
DC,2018,asian,non-hisp,f,50-54,863,0
DC,2018,asian,non-hisp,m,55-59,903,0
DC,2018,asian,non-hisp,f,55-59,903,0
DC,2018,asian,non-hisp,m,60-64,863,0
DC,2018,asian,non-hisp,f,60-64,863,0
DC,2018,asian,non-hisp,m,65-69,728,0
DC,2018,asian,non-hisp,f,65-69,728,0
DC,2018,asian,non-hisp,m,70-74,607,0
DC,2018,asian,non-hisp,f,70-74,607,0
DC,2018,asian,non-hisp,m,75-79,431,0
DC,2018,asian,non-hisp,f,75-79,431,0
DC,2018,asian,non-hisp,m,80-84,216,0
DC,2018,asian,non-hisp,f,80-84,324,0
DC,2018,asian,non-hisp,m,85+,226,0
DC,2018,asian,non-hisp,f,85+,340,0
DC,2018,other,non-hisp,m,0-4,731,0
DC,2018,other,non-hisp,f,0-4,731,0
DC,2018,other,non-hisp,m,5-9,757,0
DC,2018,other,non-hisp,f,5-9,757,0
DC,2018,other,non-hisp,m,10-14,807,0
DC,2018,other,non-hisp,f,10-14,807,0
DC,2018,other,non-hisp,m,15-19,807,0
DC,2018,other,non-hisp,f,15-19,807,0
DC,2018,other,non-hisp,m,20-24,832,0
DC,2018,other,non-hisp,f,20-24,832,0
DC,2018,other,non-hisp,m,25-29,883,0
DC,2018,other,non-hisp,f,25-29,883,0
DC,2018,other,non-hisp,m,30-34,883,0
DC,2018,other,non-hisp,f,30-34,883,0
DC,2018,other,non-hisp,m,35-39,858,0
DC,2018,other,non-hisp,f,35-39,858,0
DC,2018,other,non-hisp,m,40-44,794,0
DC,2018,other,non-hisp,f,40-44,794,0
DC,2018,other,non-hisp,m,45-49,757,0
DC,2018,other,non-hisp,f,45-49,757,0
DC,2018,other,non-hisp,m,50-54,807,0
DC,2018,other,non-hisp,f,50-54,807,0
DC,2018,other,non-hisp,m,55-59,845,0
DC,2018,other,non-hisp,f,55-59,845,0
DC,2018,other,non-hisp,m,60-64,807,0
DC,2018,other,non-hisp,f,60-64,807,0
DC,2018,other,non-hisp,m,65-69,681,0
DC,2018,other,non-hisp,f,65-69,681,0
DC,2018,other,non-hisp,m,70-74,567,0
DC,2018,other,non-hisp,f,70-74,567,0
DC,2018,other,non-hisp,m,75-79,404,0
DC,2018,other,non-hisp,f,75-79,404,0
DC,2018,other,non-hisp,m,80-84,202,0
DC,2018,other,non-hisp,f,80-84,303,0
DC,2018,other,non-hisp,m,85+,212,0
DC,2018,other,non-hisp,f,85+,318,0
DC,2018,white,hisp,m,0-4,1084,0
DC,2018,white,hisp,f,0-4,1084,0
DC,2018,white,hisp,m,5-9,1121,0
DC,2018,white,hisp,f,5-9,1121,0
DC,2018,white,hisp,m,10-14,1196,0
DC,2018,white,hisp,f,10-14,1196,0
DC,2018,white,hisp,m,15-19,1196,0
DC,2018,white,hisp,f,15-19,1196,0
DC,2018,white,hisp,m,20-24,1233,0
DC,2018,white,hisp,f,20-24,1233,0
DC,2018,white,hisp,m,25-29,1308,0
DC,2018,white,hisp,f,25-29,1308,0
DC,2018,white,hisp,m,30-34,1308,0
DC,2018,white,hisp,f,30-34,1308,0
DC,2018,white,hisp,m,35-39,1271,0
DC,2018,white,hisp,f,35-39,1271,0
DC,2018,white,hisp,m,40-44,1177,0
DC,2018,white,hisp,f,40-44,1177,0
DC,2018,white,hisp,m,45-49,1121,0
DC,2018,white,hisp,f,45-49,1121,0
DC,2018,white,hisp,m,50-54,1196,0
DC,2018,white,hisp,f,50-54,1196,0
DC,2018,white,hisp,m,55-59,1252,0
DC,2018,white,hisp,f,55-59,1252,0
DC,2018,white,hisp,m,60-64,1196,0
DC,2018,white,hisp,f,60-64,1196,0
DC,2018,white,hisp,m,65-69,1009,0
DC,2018,white,hisp,f,65-69,1009,0
DC,2018,white,hisp,m,70-74,841,0
DC,2018,white,hisp,f,70-74,841,0
DC,2018,white,hisp,m,75-79,598,0
DC,2018,white,hisp,f,75-79,598,0
DC,2018,white,hisp,m,80-84,299,0
DC,2018,white,hisp,f,80-84,449,0
DC,2018,white,hisp,m,85+,314,0
DC,2018,white,hisp,f,85+,471,0
DC,2018,black,hisp,m,0-4,236,0
DC,2018,black,hisp,f,0-4,236,0
DC,2018,black,hisp,m,5-9,244,0
DC,2018,black,hisp,f,5-9,244,0
DC,2018,black,hisp,m,10-14,260,0
DC,2018,black,hisp,f,10-14,260,0
DC,2018,black,hisp,m,15-19,260,0
DC,2018,black,hisp,f,15-19,260,0
DC,2018,black,hisp,m,20-24,268,0
DC,2018,black,hisp,f,20-24,268,0
DC,2018,black,hisp,m,25-29,284,0
DC,2018,black,hisp,f,25-29,284,0
DC,2018,black,hisp,m,30-34,284,0
DC,2018,black,hisp,f,30-34,284,0
DC,2018,black,hisp,m,35-39,276,0
DC,2018,black,hisp,f,35-39,276,0
DC,2018,black,hisp,m,40-44,256,0
DC,2018,black,hisp,f,40-44,256,0
DC,2018,black,hisp,m,45-49,244,0
DC,2018,black,hisp,f,45-49,244,0
DC,2018,black,hisp,m,50-54,260,0
DC,2018,black,hisp,f,50-54,260,0
DC,2018,black,hisp,m,55-59,272,0
DC,2018,black,hisp,f,55-59,272,0
DC,2018,black,hisp,m,60-64,260,0
DC,2018,black,hisp,f,60-64,260,0
DC,2018,black,hisp,m,65-69,219,0
DC,2018,black,hisp,f,65-69,219,0
DC,2018,black,hisp,m,70-74,183,0
DC,2018,black,hisp,f,70-74,183,0
DC,2018,black,hisp,m,75-79,130,0
DC,2018,black,hisp,f,75-79,130,0
DC,2018,black,hisp,m,80-84,65,0
DC,2018,black,hisp,f,80-84,97,0
DC,2018,black,hisp,m,85+,68,0
DC,2018,black,hisp,f,85+,102,0
DC,2018,asian,hisp,m,0-4,17,0
DC,2018,asian,hisp,f,0-4,17,0
DC,2018,asian,hisp,m,5-9,17,0
DC,2018,asian,hisp,f,5-9,17,0
DC,2018,asian,hisp,m,10-14,19,0
DC,2018,asian,hisp,f,10-14,19,0
DC,2018,asian,hisp,m,15-19,19,0
DC,2018,asian,hisp,f,15-19,19,0
DC,2018,asian,hisp,m,20-24,19,0
DC,2018,asian,hisp,f,20-24,19,0
DC,2018,asian,hisp,m,25-29,20,0
DC,2018,asian,hisp,f,25-29,20,0
DC,2018,asian,hisp,m,30-34,20,0
DC,2018,asian,hisp,f,30-34,20,0
DC,2018,asian,hisp,m,35-39,20,0
DC,2018,asian,hisp,f,35-39,20,0
DC,2018,asian,hisp,m,40-44,18,0
DC,2018,asian,hisp,f,40-44,18,0
DC,2018,asian,hisp,m,45-49,17,0
DC,2018,asian,hisp,f,45-49,17,0
DC,2018,asian,hisp,m,50-54,19,0
DC,2018,asian,hisp,f,50-54,19,0
DC,2018,asian,hisp,m,55-59,19,0
DC,2018,asian,hisp,f,55-59,19,0
DC,2018,asian,hisp,m,60-64,19,0
DC,2018,asian,hisp,f,60-64,19,0
DC,2018,asian,hisp,m,65-69,16,0
DC,2018,asian,hisp,f,65-69,16,0
DC,2018,asian,hisp,m,70-74,13,0
DC,2018,asian,hisp,f,70-74,13,0
DC,2018,asian,hisp,m,75-79,9,0
DC,2018,asian,hisp,f,75-79,9,0
DC,2018,asian,hisp,m,80-84,5,0
DC,2018,asian,hisp,f,80-84,7,0
DC,2018,asian,hisp,m,85+,5,0
DC,2018,asian,hisp,f,85+,7,0
DC,2018,other,hisp,m,0-4,962,0
DC,2018,other,hisp,f,0-4,962,0
DC,2018,other,hisp,m,5-9,995,0
DC,2018,other,hisp,f,5-9,995,0
DC,2018,other,hisp,m,10-14,1061,0
DC,2018,other,hisp,f,10-14,1061,0
DC,2018,other,hisp,m,15-19,1061,0
DC,2018,other,hisp,f,15-19,1061,0
DC,2018,other,hisp,m,20-24,1095,0
DC,2018,other,hisp,f,20-24,1095,0
DC,2018,other,hisp,m,25-29,1161,0
DC,2018,other,hisp,f,25-29,1161,0
DC,2018,other,hisp,m,30-34,1161,0
DC,2018,other,hisp,f,30-34,1161,0
DC,2018,other,hisp,m,35-39,1128,0
DC,2018,other,hisp,f,35-39,1128,0
DC,2018,other,hisp,m,40-44,1045,0
DC,2018,other,hisp,f,40-44,1045,0
DC,2018,other,hisp,m,45-49,995,0
DC,2018,other,hisp,f,45-49,995,0
DC,2018,other,hisp,m,50-54,1061,0
DC,2018,other,hisp,f,50-54,1061,0
DC,2018,other,hisp,m,55-59,1111,0
DC,2018,other,hisp,f,55-59,1111,0
DC,2018,other,hisp,m,60-64,1061,0
DC,2018,other,hisp,f,60-64,1061,0
DC,2018,other,hisp,m,65-69,896,0
DC,2018,other,hisp,f,65-69,896,0
DC,2018,other,hisp,m,70-74,746,0
DC,2018,other,hisp,f,70-74,746,0
DC,2018,other,hisp,m,75-79,531,0
DC,2018,other,hisp,f,75-79,531,0
DC,2018,other,hisp,m,80-84,265,0
DC,2018,other,hisp,f,80-84,398,0
DC,2018,other,hisp,m,85+,279,0
DC,2018,other,hisp,f,85+,418,0
CT,2018,white,non-hisp,m,0-4,68661,0
CT,2018,white,non-hisp,f,0-4,68661,0
CT,2018,white,non-hisp,m,5-9,71029,0
CT,2018,white,non-hisp,f,5-9,71029,0
CT,2018,white,non-hisp,m,10-14,75764,0
CT,2018,white,non-hisp,f,10-14,75764,0
CT,2018,white,non-hisp,m,15-19,75764,0
CT,2018,white,non-hisp,f,15-19,75764,0
CT,2018,white,non-hisp,m,20-24,78132,0
CT,2018,white,non-hisp,f,20-24,78132,0
CT,2018,white,non-hisp,m,25-29,82867,0
CT,2018,white,non-hisp,f,25-29,82867,0
CT,2018,white,non-hisp,m,30-34,82867,0
CT,2018,white,non-hisp,f,30-34,82867,0
CT,2018,white,non-hisp,m,35-39,80500,0
CT,2018,white,non-hisp,f,35-39,80500,0
CT,2018,white,non-hisp,m,40-44,74581,0
CT,2018,white,non-hisp,f,40-44,74581,0
CT,2018,white,non-hisp,m,45-49,71029,0
CT,2018,white,non-hisp,f,45-49,71029,0
CT,2018,white,non-hisp,m,50-54,75764,0
CT,2018,white,non-hisp,f,50-54,75764,0
CT,2018,white,non-hisp,m,55-59,79316,0
CT,2018,white,non-hisp,f,55-59,79316,0
CT,2018,white,non-hisp,m,60-64,75764,0
CT,2018,white,non-hisp,f,60-64,75764,0
CT,2018,white,non-hisp,m,65-69,63926,0
CT,2018,white,non-hisp,f,65-69,63926,0
CT,2018,white,non-hisp,m,70-74,53272,0
CT,2018,white,non-hisp,f,70-74,53272,0
CT,2018,white,non-hisp,m,75-79,37882,0
CT,2018,white,non-hisp,f,75-79,37882,0
CT,2018,white,non-hisp,m,80-84,18941,0
CT,2018,white,non-hisp,f,80-84,28412,0
CT,2018,white,non-hisp,m,85+,19888,0
CT,2018,white,non-hisp,f,85+,29832,0
CT,2018,black,non-hisp,m,0-4,10358,0
CT,2018,black,non-hisp,f,0-4,10358,0
CT,2018,black,non-hisp,m,5-9,10715,0
CT,2018,black,non-hisp,f,5-9,10715,0
CT,2018,black,non-hisp,m,10-14,11429,0
CT,2018,black,non-hisp,f,10-14,11429,0
CT,2018,black,non-hisp,m,15-19,11429,0
CT,2018,black,non-hisp,f,15-19,11429,0
CT,2018,black,non-hisp,m,20-24,11786,0
CT,2018,black,non-hisp,f,20-24,11786,0
CT,2018,black,non-hisp,m,25-29,12501,0
CT,2018,black,non-hisp,f,25-29,12501,0
CT,2018,black,non-hisp,m,30-34,12501,0
CT,2018,black,non-hisp,f,30-34,12501,0
CT,2018,black,non-hisp,m,35-39,12144,0
CT,2018,black,non-hisp,f,35-39,12144,0
CT,2018,black,non-hisp,m,40-44,11251,0
CT,2018,black,non-hisp,f,40-44,11251,0
CT,2018,black,non-hisp,m,45-49,10715,0
CT,2018,black,non-hisp,f,45-49,10715,0
CT,2018,black,non-hisp,m,50-54,11429,0
CT,2018,black,non-hisp,f,50-54,11429,0
CT,2018,black,non-hisp,m,55-59,11965,0
CT,2018,black,non-hisp,f,55-59,11965,0
CT,2018,black,non-hisp,m,60-64,11429,0
CT,2018,black,non-hisp,f,60-64,11429,0
CT,2018,black,non-hisp,m,65-69,9643,0
CT,2018,black,non-hisp,f,65-69,9643,0
CT,2018,black,non-hisp,m,70-74,8036,0
CT,2018,black,non-hisp,f,70-74,8036,0
CT,2018,black,non-hisp,m,75-79,5715,0
CT,2018,black,non-hisp,f,75-79,5715,0
CT,2018,black,non-hisp,m,80-84,2857,0
CT,2018,black,non-hisp,f,80-84,4286,0
CT,2018,black,non-hisp,m,85+,3000,0
CT,2018,black,non-hisp,f,85+,4500,0
CT,2018,asian,non-hisp,m,0-4,4781,0
CT,2018,asian,non-hisp,f,0-4,4781,0
CT,2018,asian,non-hisp,m,5-9,4946,0
CT,2018,asian,non-hisp,f,5-9,4946,0
CT,2018,asian,non-hisp,m,10-14,5275,0
CT,2018,asian,non-hisp,f,10-14,5275,0
CT,2018,asian,non-hisp,m,15-19,5275,0
CT,2018,asian,non-hisp,f,15-19,5275,0
CT,2018,asian,non-hisp,m,20-24,5440,0
CT,2018,asian,non-hisp,f,20-24,5440,0
CT,2018,asian,non-hisp,m,25-29,5770,0
CT,2018,asian,non-hisp,f,25-29,5770,0
CT,2018,asian,non-hisp,m,30-34,5770,0
CT,2018,asian,non-hisp,f,30-34,5770,0
CT,2018,asian,non-hisp,m,35-39,5605,0
CT,2018,asian,non-hisp,f,35-39,5605,0
CT,2018,asian,non-hisp,m,40-44,5193,0
CT,2018,asian,non-hisp,f,40-44,5193,0
CT,2018,asian,non-hisp,m,45-49,4946,0
CT,2018,asian,non-hisp,f,45-49,4946,0
CT,2018,asian,non-hisp,m,50-54,5275,0
CT,2018,asian,non-hisp,f,50-54,5275,0
CT,2018,asian,non-hisp,m,55-59,5523,0
CT,2018,asian,non-hisp,f,55-59,5523,0
CT,2018,asian,non-hisp,m,60-64,5275,0
CT,2018,asian,non-hisp,f,60-64,5275,0
CT,2018,asian,non-hisp,m,65-69,4451,0
CT,2018,asian,non-hisp,f,65-69,4451,0
CT,2018,asian,non-hisp,m,70-74,3709,0
CT,2018,asian,non-hisp,f,70-74,3709,0
CT,2018,asian,non-hisp,m,75-79,2638,0
CT,2018,asian,non-hisp,f,75-79,2638,0
CT,2018,asian,non-hisp,m,80-84,1319,0
CT,2018,asian,non-hisp,f,80-84,1978,0
CT,2018,asian,non-hisp,m,85+,1385,0
CT,2018,asian,non-hisp,f,85+,2077,0
CT,2018,other,non-hisp,m,0-4,2703,0
CT,2018,other,non-hisp,f,0-4,2703,0
CT,2018,other,non-hisp,m,5-9,2796,0
CT,2018,other,non-hisp,f,5-9,2796,0
CT,2018,other,non-hisp,m,10-14,2982,0
CT,2018,other,non-hisp,f,10-14,2982,0
CT,2018,other,non-hisp,m,15-19,2982,0
CT,2018,other,non-hisp,f,15-19,2982,0
CT,2018,other,non-hisp,m,20-24,3075,0
CT,2018,other,non-hisp,f,20-24,3075,0
CT,2018,other,non-hisp,m,25-29,3262,0
CT,2018,other,non-hisp,f,25-29,3262,0
CT,2018,other,non-hisp,m,30-34,3262,0
CT,2018,other,non-hisp,f,30-34,3262,0
CT,2018,other,non-hisp,m,35-39,3169,0
CT,2018,other,non-hisp,f,35-39,3169,0
CT,2018,other,non-hisp,m,40-44,2936,0
CT,2018,other,non-hisp,f,40-44,2936,0
CT,2018,other,non-hisp,m,45-49,2796,0
CT,2018,other,non-hisp,f,45-49,2796,0
CT,2018,other,non-hisp,m,50-54,2982,0
CT,2018,other,non-hisp,f,50-54,2982,0
CT,2018,other,non-hisp,m,55-59,3122,0
CT,2018,other,non-hisp,f,55-59,3122,0
CT,2018,other,non-hisp,m,60-64,2982,0
CT,2018,other,non-hisp,f,60-64,2982,0
CT,2018,other,non-hisp,m,65-69,2516,0
CT,2018,other,non-hisp,f,65-69,2516,0
CT,2018,other,non-hisp,m,70-74,2097,0
CT,2018,other,non-hisp,f,70-74,2097,0
CT,2018,other,non-hisp,m,75-79,1491,0
CT,2018,other,non-hisp,f,75-79,1491,0
CT,2018,other,non-hisp,m,80-84,746,0
CT,2018,other,non-hisp,f,80-84,1118,0
CT,2018,other,non-hisp,m,85+,783,0
CT,2018,other,non-hisp,f,85+,1174,0
CT,2018,white,hisp,m,0-4,9294,0
CT,2018,white,hisp,f,0-4,9294,0
CT,2018,white,hisp,m,5-9,9615,0
CT,2018,white,hisp,f,5-9,9615,0
CT,2018,white,hisp,m,10-14,10256,0
CT,2018,white,hisp,f,10-14,10256,0
CT,2018,white,hisp,m,15-19,10256,0
CT,2018,white,hisp,f,15-19,10256,0
CT,2018,white,hisp,m,20-24,10576,0
CT,2018,white,hisp,f,20-24,10576,0
CT,2018,white,hisp,m,25-29,11218,0
CT,2018,white,hisp,f,25-29,11218,0
CT,2018,white,hisp,m,30-34,11218,0
CT,2018,white,hisp,f,30-34,11218,0
CT,2018,white,hisp,m,35-39,10897,0
CT,2018,white,hisp,f,35-39,10897,0
CT,2018,white,hisp,m,40-44,10096,0
CT,2018,white,hisp,f,40-44,10096,0
CT,2018,white,hisp,m,45-49,9615,0
CT,2018,white,hisp,f,45-49,9615,0
CT,2018,white,hisp,m,50-54,10256,0
CT,2018,white,hisp,f,50-54,10256,0
CT,2018,white,hisp,m,55-59,10737,0
CT,2018,white,hisp,f,55-59,10737,0
CT,2018,white,hisp,m,60-64,10256,0
CT,2018,white,hisp,f,60-64,10256,0
CT,2018,white,hisp,m,65-69,8654,0
CT,2018,white,hisp,f,65-69,8654,0
CT,2018,white,hisp,m,70-74,7211,0
CT,2018,white,hisp,f,70-74,7211,0
CT,2018,white,hisp,m,75-79,5128,0
CT,2018,white,hisp,f,75-79,5128,0
CT,2018,white,hisp,m,80-84,2564,0
CT,2018,white,hisp,f,80-84,3846,0
CT,2018,white,hisp,m,85+,2692,0
CT,2018,white,hisp,f,85+,4038,0
CT,2018,black,hisp,m,0-4,997,0
CT,2018,black,hisp,f,0-4,997,0
CT,2018,black,hisp,m,5-9,1032,0
CT,2018,black,hisp,f,5-9,1032,0
CT,2018,black,hisp,m,10-14,1100,0
CT,2018,black,hisp,f,10-14,1100,0
CT,2018,black,hisp,m,15-19,1100,0
CT,2018,black,hisp,f,15-19,1100,0
CT,2018,black,hisp,m,20-24,1135,0
CT,2018,black,hisp,f,20-24,1135,0
CT,2018,black,hisp,m,25-29,1204,0
CT,2018,black,hisp,f,25-29,1204,0
CT,2018,black,hisp,m,30-34,1204,0
CT,2018,black,hisp,f,30-34,1204,0
CT,2018,black,hisp,m,35-39,1169,0
CT,2018,black,hisp,f,35-39,1169,0
CT,2018,black,hisp,m,40-44,1083,0
CT,2018,black,hisp,f,40-44,1083,0
CT,2018,black,hisp,m,45-49,1032,0
CT,2018,black,hisp,f,45-49,1032,0
CT,2018,black,hisp,m,50-54,1100,0
CT,2018,black,hisp,f,50-54,1100,0
CT,2018,black,hisp,m,55-59,1152,0
CT,2018,black,hisp,f,55-59,1152,0
CT,2018,black,hisp,m,60-64,1100,0
CT,2018,black,hisp,f,60-64,1100,0
CT,2018,black,hisp,m,65-69,928,0
CT,2018,black,hisp,f,65-69,928,0
CT,2018,black,hisp,m,70-74,774,0
CT,2018,black,hisp,f,70-74,774,0
CT,2018,black,hisp,m,75-79,550,0
CT,2018,black,hisp,f,75-79,550,0
CT,2018,black,hisp,m,80-84,275,0
CT,2018,black,hisp,f,80-84,413,0
CT,2018,black,hisp,m,85+,289,0
CT,2018,black,hisp,f,85+,433,0
CT,2018,asian,hisp,m,0-4,29,0
CT,2018,asian,hisp,f,0-4,29,0
CT,2018,asian,hisp,m,5-9,30,0
CT,2018,asian,hisp,f,5-9,30,0
CT,2018,asian,hisp,m,10-14,32,0
CT,2018,asian,hisp,f,10-14,32,0
CT,2018,asian,hisp,m,15-19,32,0
CT,2018,asian,hisp,f,15-19,32,0
CT,2018,asian,hisp,m,20-24,33,0
CT,2018,asian,hisp,f,20-24,33,0
CT,2018,asian,hisp,m,25-29,35,0
CT,2018,asian,hisp,f,25-29,35,0
CT,2018,asian,hisp,m,30-34,35,0
CT,2018,asian,hisp,f,30-34,35,0
CT,2018,asian,hisp,m,35-39,34,0
CT,2018,asian,hisp,f,35-39,34,0
CT,2018,asian,hisp,m,40-44,31,0
CT,2018,asian,hisp,f,40-44,31,0
CT,2018,asian,hisp,m,45-49,30,0
CT,2018,asian,hisp,f,45-49,30,0
CT,2018,asian,hisp,m,50-54,32,0
CT,2018,asian,hisp,f,50-54,32,0
CT,2018,asian,hisp,m,55-59,33,0
CT,2018,asian,hisp,f,55-59,33,0
CT,2018,asian,hisp,m,60-64,32,0
CT,2018,asian,hisp,f,60-64,32,0
CT,2018,asian,hisp,m,65-69,27,0
CT,2018,asian,hisp,f,65-69,27,0
CT,2018,asian,hisp,m,70-74,22,0
CT,2018,asian,hisp,f,70-74,22,0
CT,2018,asian,hisp,m,75-79,16,0
CT,2018,asian,hisp,f,75-79,16,0
CT,2018,asian,hisp,m,80-84,8,0
CT,2018,asian,hisp,f,80-84,12,0
CT,2018,asian,hisp,m,85+,8,0
CT,2018,asian,hisp,f,85+,13,0
CT,2018,other,hisp,m,0-4,6784,0
CT,2018,other,hisp,f,0-4,6784,0
CT,2018,other,hisp,m,5-9,7018,0
CT,2018,other,hisp,f,5-9,7018,0
CT,2018,other,hisp,m,10-14,7486,0
CT,2018,other,hisp,f,10-14,7486,0
CT,2018,other,hisp,m,15-19,7486,0
CT,2018,other,hisp,f,15-19,7486,0
CT,2018,other,hisp,m,20-24,7720,0
CT,2018,other,hisp,f,20-24,7720,0
CT,2018,other,hisp,m,25-29,8187,0
CT,2018,other,hisp,f,25-29,8187,0
CT,2018,other,hisp,m,30-34,8187,0
CT,2018,other,hisp,f,30-34,8187,0
CT,2018,other,hisp,m,35-39,7953,0
CT,2018,other,hisp,f,35-39,7953,0
CT,2018,other,hisp,m,40-44,7369,0
CT,2018,other,hisp,f,40-44,7369,0
CT,2018,other,hisp,m,45-49,7018,0
CT,2018,other,hisp,f,45-49,7018,0
CT,2018,other,hisp,m,50-54,7486,0
CT,2018,other,hisp,f,50-54,7486,0
CT,2018,other,hisp,m,55-59,7837,0
CT,2018,other,hisp,f,55-59,7837,0
CT,2018,other,hisp,m,60-64,7486,0
CT,2018,other,hisp,f,60-64,7486,0
CT,2018,other,hisp,m,65-69,6316,0
CT,2018,other,hisp,f,65-69,6316,0
CT,2018,other,hisp,m,70-74,5263,0
CT,2018,other,hisp,f,70-74,5263,0
CT,2018,other,hisp,m,75-79,3743,0
CT,2018,other,hisp,f,75-79,3743,0
CT,2018,other,hisp,m,80-84,1871,0
CT,2018,other,hisp,f,80-84,2807,0
CT,2018,other,hisp,m,85+,1965,0
CT,2018,other,hisp,f,85+,2947,0
FL,2018,white,non-hisp,m,0-4,328984,0
FL,2018,white,non-hisp,f,0-4,328984,0
FL,2018,white,non-hisp,m,5-9,340328,0
FL,2018,white,non-hisp,f,5-9,340328,0
FL,2018,white,non-hisp,m,10-14,363016,0
FL,2018,white,non-hisp,f,10-14,363016,0
FL,2018,white,non-hisp,m,15-19,363016,0
FL,2018,white,non-hisp,f,15-19,363016,0
FL,2018,white,non-hisp,m,20-24,374361,0
FL,2018,white,non-hisp,f,20-24,374361,0
FL,2018,white,non-hisp,m,25-29,397049,0
FL,2018,white,non-hisp,f,25-29,397049,0
FL,2018,white,non-hisp,m,30-34,397049,0
FL,2018,white,non-hisp,f,30-34,397049,0
FL,2018,white,non-hisp,m,35-39,385705,0
FL,2018,white,non-hisp,f,35-39,385705,0
FL,2018,white,non-hisp,m,40-44,357344,0
FL,2018,white,non-hisp,f,40-44,357344,0
FL,2018,white,non-hisp,m,45-49,340328,0
FL,2018,white,non-hisp,f,45-49,340328,0
FL,2018,white,non-hisp,m,50-54,363016,0
FL,2018,white,non-hisp,f,50-54,363016,0
FL,2018,white,non-hisp,m,55-59,380033,0
FL,2018,white,non-hisp,f,55-59,380033,0
FL,2018,white,non-hisp,m,60-64,363016,0
FL,2018,white,non-hisp,f,60-64,363016,0
FL,2018,white,non-hisp,m,65-69,306295,0
FL,2018,white,non-hisp,f,65-69,306295,0
FL,2018,white,non-hisp,m,70-74,255246,0
FL,2018,white,non-hisp,f,70-74,255246,0
FL,2018,white,non-hisp,m,75-79,181508,0
FL,2018,white,non-hisp,f,75-79,181508,0
FL,2018,white,non-hisp,m,80-84,90754,0
FL,2018,white,non-hisp,f,80-84,136131,0
FL,2018,white,non-hisp,m,85+,95292,0
FL,2018,white,non-hisp,f,85+,142938,0
FL,2018,black,non-hisp,m,0-4,94324,0
FL,2018,black,non-hisp,f,0-4,94324,0
FL,2018,black,non-hisp,m,5-9,97577,0
FL,2018,black,non-hisp,f,5-9,97577,0
FL,2018,black,non-hisp,m,10-14,104082,0
FL,2018,black,non-hisp,f,10-14,104082,0
FL,2018,black,non-hisp,m,15-19,104082,0
FL,2018,black,non-hisp,f,15-19,104082,0
FL,2018,black,non-hisp,m,20-24,107334,0
FL,2018,black,non-hisp,f,20-24,107334,0
FL,2018,black,non-hisp,m,25-29,113840,0
FL,2018,black,non-hisp,f,25-29,113840,0
FL,2018,black,non-hisp,m,30-34,113840,0
FL,2018,black,non-hisp,f,30-34,113840,0
FL,2018,black,non-hisp,m,35-39,110587,0
FL,2018,black,non-hisp,f,35-39,110587,0
FL,2018,black,non-hisp,m,40-44,102456,0
FL,2018,black,non-hisp,f,40-44,102456,0
FL,2018,black,non-hisp,m,45-49,97577,0
FL,2018,black,non-hisp,f,45-49,97577,0
FL,2018,black,non-hisp,m,50-54,104082,0
FL,2018,black,non-hisp,f,50-54,104082,0
FL,2018,black,non-hisp,m,55-59,108961,0
FL,2018,black,non-hisp,f,55-59,108961,0
FL,2018,black,non-hisp,m,60-64,104082,0
FL,2018,black,non-hisp,f,60-64,104082,0
FL,2018,black,non-hisp,m,65-69,87819,0
FL,2018,black,non-hisp,f,65-69,87819,0
FL,2018,black,non-hisp,m,70-74,73183,0
FL,2018,black,non-hisp,f,70-74,73183,0
FL,2018,black,non-hisp,m,75-79,52041,0
FL,2018,black,non-hisp,f,75-79,52041,0
FL,2018,black,non-hisp,m,80-84,26020,0
FL,2018,black,non-hisp,f,80-84,39031,0
FL,2018,black,non-hisp,m,85+,27321,0
FL,2018,black,non-hisp,f,85+,40982,0
FL,2018,asian,non-hisp,m,0-4,16827,0
FL,2018,asian,non-hisp,f,0-4,16827,0
FL,2018,asian,non-hisp,m,5-9,17407,0
FL,2018,asian,non-hisp,f,5-9,17407,0
FL,2018,asian,non-hisp,m,10-14,18567,0
FL,2018,asian,non-hisp,f,10-14,18567,0
FL,2018,asian,non-hisp,m,15-19,18567,0
FL,2018,asian,non-hisp,f,15-19,18567,0
FL,2018,asian,non-hisp,m,20-24,19148,0
FL,2018,asian,non-hisp,f,20-24,19148,0
FL,2018,asian,non-hisp,m,25-29,20308,0
FL,2018,asian,non-hisp,f,25-29,20308,0
FL,2018,asian,non-hisp,m,30-34,20308,0
FL,2018,asian,non-hisp,f,30-34,20308,0
FL,2018,asian,non-hisp,m,35-39,19728,0
FL,2018,asian,non-hisp,f,35-39,19728,0
FL,2018,asian,non-hisp,m,40-44,18277,0
FL,2018,asian,non-hisp,f,40-44,18277,0
FL,2018,asian,non-hisp,m,45-49,17407,0
FL,2018,asian,non-hisp,f,45-49,17407,0
FL,2018,asian,non-hisp,m,50-54,18567,0
FL,2018,asian,non-hisp,f,50-54,18567,0
FL,2018,asian,non-hisp,m,55-59,19438,0
FL,2018,asian,non-hisp,f,55-59,19438,0
FL,2018,asian,non-hisp,m,60-64,18567,0
FL,2018,asian,non-hisp,f,60-64,18567,0
FL,2018,asian,non-hisp,m,65-69,15666,0
FL,2018,asian,non-hisp,f,65-69,15666,0
FL,2018,asian,non-hisp,m,70-74,13055,0
FL,2018,asian,non-hisp,f,70-74,13055,0
FL,2018,asian,non-hisp,m,75-79,9284,0
FL,2018,asian,non-hisp,f,75-79,9284,0
FL,2018,asian,non-hisp,m,80-84,4642,0
FL,2018,asian,non-hisp,f,80-84,6963,0
FL,2018,asian,non-hisp,m,85+,4874,0
FL,2018,asian,non-hisp,f,85+,7311,0
FL,2018,other,non-hisp,m,0-4,16235,0
FL,2018,other,non-hisp,f,0-4,16235,0
FL,2018,other,non-hisp,m,5-9,16795,0
FL,2018,other,non-hisp,f,5-9,16795,0
FL,2018,other,non-hisp,m,10-14,17914,0
FL,2018,other,non-hisp,f,10-14,17914,0
FL,2018,other,non-hisp,m,15-19,17914,0
FL,2018,other,non-hisp,f,15-19,17914,0
FL,2018,other,non-hisp,m,20-24,18474,0
FL,2018,other,non-hisp,f,20-24,18474,0
FL,2018,other,non-hisp,m,25-29,19594,0
FL,2018,other,non-hisp,f,25-29,19594,0
FL,2018,other,non-hisp,m,30-34,19594,0
FL,2018,other,non-hisp,f,30-34,19594,0
FL,2018,other,non-hisp,m,35-39,19034,0
FL,2018,other,non-hisp,f,35-39,19034,0
FL,2018,other,non-hisp,m,40-44,17634,0
FL,2018,other,non-hisp,f,40-44,17634,0
FL,2018,other,non-hisp,m,45-49,16795,0
FL,2018,other,non-hisp,f,45-49,16795,0
FL,2018,other,non-hisp,m,50-54,17914,0
FL,2018,other,non-hisp,f,50-54,17914,0
FL,2018,other,non-hisp,m,55-59,18754,0
FL,2018,other,non-hisp,f,55-59,18754,0
FL,2018,other,non-hisp,m,60-64,17914,0
FL,2018,other,non-hisp,f,60-64,17914,0
FL,2018,other,non-hisp,m,65-69,15115,0
FL,2018,other,non-hisp,f,65-69,15115,0
FL,2018,other,non-hisp,m,70-74,12596,0
FL,2018,other,non-hisp,f,70-74,12596,0
FL,2018,other,non-hisp,m,75-79,8957,0
FL,2018,other,non-hisp,f,75-79,8957,0
FL,2018,other,non-hisp,m,80-84,4479,0
FL,2018,other,non-hisp,f,80-84,6718,0
FL,2018,other,non-hisp,m,85+,4703,0
FL,2018,other,non-hisp,f,85+,7054,0
FL,2018,white,hisp,m,0-4,132104,0
FL,2018,white,hisp,f,0-4,132104,0
FL,2018,white,hisp,m,5-9,136659,0
FL,2018,white,hisp,f,5-9,136659,0
FL,2018,white,hisp,m,10-14,145770,0
FL,2018,white,hisp,f,10-14,145770,0
FL,2018,white,hisp,m,15-19,145770,0
FL,2018,white,hisp,f,15-19,145770,0
FL,2018,white,hisp,m,20-24,150325,0
FL,2018,white,hisp,f,20-24,150325,0
FL,2018,white,hisp,m,25-29,159436,0
FL,2018,white,hisp,f,25-29,159436,0
FL,2018,white,hisp,m,30-34,159436,0
FL,2018,white,hisp,f,30-34,159436,0
FL,2018,white,hisp,m,35-39,154881,0
FL,2018,white,hisp,f,35-39,154881,0
FL,2018,white,hisp,m,40-44,143492,0
FL,2018,white,hisp,f,40-44,143492,0
FL,2018,white,hisp,m,45-49,136659,0
FL,2018,white,hisp,f,45-49,136659,0
FL,2018,white,hisp,m,50-54,145770,0
FL,2018,white,hisp,f,50-54,145770,0
FL,2018,white,hisp,m,55-59,152603,0
FL,2018,white,hisp,f,55-59,152603,0
FL,2018,white,hisp,m,60-64,145770,0
FL,2018,white,hisp,f,60-64,145770,0
FL,2018,white,hisp,m,65-69,122993,0
FL,2018,white,hisp,f,65-69,122993,0
FL,2018,white,hisp,m,70-74,102495,0
FL,2018,white,hisp,f,70-74,102495,0
FL,2018,white,hisp,m,75-79,72885,0
FL,2018,white,hisp,f,75-79,72885,0
FL,2018,white,hisp,m,80-84,36443,0
FL,2018,white,hisp,f,80-84,54664,0
FL,2018,white,hisp,m,85+,38265,0
FL,2018,white,hisp,f,85+,57397,0
FL,2018,black,hisp,m,0-4,4587,0
FL,2018,black,hisp,f,0-4,4587,0
FL,2018,black,hisp,m,5-9,4745,0
FL,2018,black,hisp,f,5-9,4745,0
FL,2018,black,hisp,m,10-14,5062,0
FL,2018,black,hisp,f,10-14,5062,0
FL,2018,black,hisp,m,15-19,5062,0
FL,2018,black,hisp,f,15-19,5062,0
FL,2018,black,hisp,m,20-24,5220,0
FL,2018,black,hisp,f,20-24,5220,0
FL,2018,black,hisp,m,25-29,5536,0
FL,2018,black,hisp,f,25-29,5536,0
FL,2018,black,hisp,m,30-34,5536,0
FL,2018,black,hisp,f,30-34,5536,0
FL,2018,black,hisp,m,35-39,5378,0
FL,2018,black,hisp,f,35-39,5378,0
FL,2018,black,hisp,m,40-44,4983,0
FL,2018,black,hisp,f,40-44,4983,0
FL,2018,black,hisp,m,45-49,4745,0
FL,2018,black,hisp,f,45-49,4745,0
FL,2018,black,hisp,m,50-54,5062,0
FL,2018,black,hisp,f,50-54,5062,0
FL,2018,black,hisp,m,55-59,5299,0
FL,2018,black,hisp,f,55-59,5299,0
FL,2018,black,hisp,m,60-64,5062,0
FL,2018,black,hisp,f,60-64,5062,0
FL,2018,black,hisp,m,65-69,4271,0
FL,2018,black,hisp,f,65-69,4271,0
FL,2018,black,hisp,m,70-74,3559,0
FL,2018,black,hisp,f,70-74,3559,0
FL,2018,black,hisp,m,75-79,2531,0
FL,2018,black,hisp,f,75-79,2531,0
FL,2018,black,hisp,m,80-84,1265,0
FL,2018,black,hisp,f,80-84,1898,0
FL,2018,black,hisp,m,85+,1329,0
FL,2018,black,hisp,f,85+,1993,0
FL,2018,asian,hisp,m,0-4,389,0
FL,2018,asian,hisp,f,0-4,389,0
FL,2018,asian,hisp,m,5-9,402,0
FL,2018,asian,hisp,f,5-9,402,0
FL,2018,asian,hisp,m,10-14,429,0
FL,2018,asian,hisp,f,10-14,429,0
FL,2018,asian,hisp,m,15-19,429,0
FL,2018,asian,hisp,f,15-19,429,0
FL,2018,asian,hisp,m,20-24,442,0
FL,2018,asian,hisp,f,20-24,442,0
FL,2018,asian,hisp,m,25-29,469,0
FL,2018,asian,hisp,f,25-29,469,0
FL,2018,asian,hisp,m,30-34,469,0
FL,2018,asian,hisp,f,30-34,469,0
FL,2018,asian,hisp,m,35-39,456,0
FL,2018,asian,hisp,f,35-39,456,0
FL,2018,asian,hisp,m,40-44,422,0
FL,2018,asian,hisp,f,40-44,422,0
FL,2018,asian,hisp,m,45-49,402,0
FL,2018,asian,hisp,f,45-49,402,0
FL,2018,asian,hisp,m,50-54,429,0
FL,2018,asian,hisp,f,50-54,429,0
FL,2018,asian,hisp,m,55-59,449,0
FL,2018,asian,hisp,f,55-59,449,0
FL,2018,asian,hisp,m,60-64,429,0
FL,2018,asian,hisp,f,60-64,429,0
FL,2018,asian,hisp,m,65-69,362,0
FL,2018,asian,hisp,f,65-69,362,0
FL,2018,asian,hisp,m,70-74,302,0
FL,2018,asian,hisp,f,70-74,302,0
FL,2018,asian,hisp,m,75-79,214,0
FL,2018,asian,hisp,f,75-79,214,0
FL,2018,asian,hisp,m,80-84,107,0
FL,2018,asian,hisp,f,80-84,161,0
FL,2018,asian,hisp,m,85+,113,0
FL,2018,asian,hisp,f,85+,169,0
FL,2018,other,hisp,m,0-4,24231,0
FL,2018,other,hisp,f,0-4,24231,0
FL,2018,other,hisp,m,5-9,25067,0
FL,2018,other,hisp,f,5-9,25067,0
FL,2018,other,hisp,m,10-14,26738,0
FL,2018,other,hisp,f,10-14,26738,0
FL,2018,other,hisp,m,15-19,26738,0
FL,2018,other,hisp,f,15-19,26738,0
FL,2018,other,hisp,m,20-24,27573,0
FL,2018,other,hisp,f,20-24,27573,0
FL,2018,other,hisp,m,25-29,29244,0
FL,2018,other,hisp,f,25-29,29244,0
FL,2018,other,hisp,m,30-34,29244,0
FL,2018,other,hisp,f,30-34,29244,0
FL,2018,other,hisp,m,35-39,28409,0
FL,2018,other,hisp,f,35-39,28409,0
FL,2018,other,hisp,m,40-44,26320,0
FL,2018,other,hisp,f,40-44,26320,0
FL,2018,other,hisp,m,45-49,25067,0
FL,2018,other,hisp,f,45-49,25067,0
FL,2018,other,hisp,m,50-54,26738,0
FL,2018,other,hisp,f,50-54,26738,0
FL,2018,other,hisp,m,55-59,27991,0
FL,2018,other,hisp,f,55-59,27991,0
FL,2018,other,hisp,m,60-64,26738,0
FL,2018,other,hisp,f,60-64,26738,0
FL,2018,other,hisp,m,65-69,22560,0
FL,2018,other,hisp,f,65-69,22560,0
FL,2018,other,hisp,m,70-74,18800,0
FL,2018,other,hisp,f,70-74,18800,0
FL,2018,other,hisp,m,75-79,13369,0
FL,2018,other,hisp,f,75-79,13369,0
FL,2018,other,hisp,m,80-84,6684,0
FL,2018,other,hisp,f,80-84,10027,0
FL,2018,other,hisp,m,85+,7019,0
FL,2018,other,hisp,f,85+,10528,0
GA,2018,white,non-hisp,m,0-4,159320,0
GA,2018,white,non-hisp,f,0-4,159320,0
GA,2018,white,non-hisp,m,5-9,164814,0
GA,2018,white,non-hisp,f,5-9,164814,0
GA,2018,white,non-hisp,m,10-14,175802,0
GA,2018,white,non-hisp,f,10-14,175802,0
GA,2018,white,non-hisp,m,15-19,175802,0
GA,2018,white,non-hisp,f,15-19,175802,0
GA,2018,white,non-hisp,m,20-24,181296,0
GA,2018,white,non-hisp,f,20-24,181296,0
GA,2018,white,non-hisp,m,25-29,192283,0
GA,2018,white,non-hisp,f,25-29,192283,0
GA,2018,white,non-hisp,m,30-34,192283,0
GA,2018,white,non-hisp,f,30-34,192283,0
GA,2018,white,non-hisp,m,35-39,186789,0
GA,2018,white,non-hisp,f,35-39,186789,0
GA,2018,white,non-hisp,m,40-44,173055,0
GA,2018,white,non-hisp,f,40-44,173055,0
GA,2018,white,non-hisp,m,45-49,164814,0
GA,2018,white,non-hisp,f,45-49,164814,0
GA,2018,white,non-hisp,m,50-54,175802,0
GA,2018,white,non-hisp,f,50-54,175802,0
GA,2018,white,non-hisp,m,55-59,184042,0
GA,2018,white,non-hisp,f,55-59,184042,0
GA,2018,white,non-hisp,m,60-64,175802,0
GA,2018,white,non-hisp,f,60-64,175802,0
GA,2018,white,non-hisp,m,65-69,148333,0
GA,2018,white,non-hisp,f,65-69,148333,0
GA,2018,white,non-hisp,m,70-74,123611,0
GA,2018,white,non-hisp,f,70-74,123611,0
GA,2018,white,non-hisp,m,75-79,87901,0
GA,2018,white,non-hisp,f,75-79,87901,0
GA,2018,white,non-hisp,m,80-84,43950,0
GA,2018,white,non-hisp,f,80-84,65926,0
GA,2018,white,non-hisp,m,85+,46148,0
GA,2018,white,non-hisp,f,85+,69222,0
GA,2018,black,non-hisp,m,0-4,95153,0
GA,2018,black,non-hisp,f,0-4,95153,0
GA,2018,black,non-hisp,m,5-9,98434,0
GA,2018,black,non-hisp,f,5-9,98434,0
GA,2018,black,non-hisp,m,10-14,104996,0
GA,2018,black,non-hisp,f,10-14,104996,0
GA,2018,black,non-hisp,m,15-19,104996,0
GA,2018,black,non-hisp,f,15-19,104996,0
GA,2018,black,non-hisp,m,20-24,108278,0
GA,2018,black,non-hisp,f,20-24,108278,0
GA,2018,black,non-hisp,m,25-29,114840,0
GA,2018,black,non-hisp,f,25-29,114840,0
GA,2018,black,non-hisp,m,30-34,114840,0
GA,2018,black,non-hisp,f,30-34,114840,0
GA,2018,black,non-hisp,m,35-39,111559,0
GA,2018,black,non-hisp,f,35-39,111559,0
GA,2018,black,non-hisp,m,40-44,103356,0
GA,2018,black,non-hisp,f,40-44,103356,0
GA,2018,black,non-hisp,m,45-49,98434,0
GA,2018,black,non-hisp,f,45-49,98434,0
GA,2018,black,non-hisp,m,50-54,104996,0
GA,2018,black,non-hisp,f,50-54,104996,0
GA,2018,black,non-hisp,m,55-59,109918,0
GA,2018,black,non-hisp,f,55-59,109918,0
GA,2018,black,non-hisp,m,60-64,104996,0
GA,2018,black,non-hisp,f,60-64,104996,0
GA,2018,black,non-hisp,m,65-69,88591,0
GA,2018,black,non-hisp,f,65-69,88591,0
GA,2018,black,non-hisp,m,70-74,73826,0
GA,2018,black,non-hisp,f,70-74,73826,0
GA,2018,black,non-hisp,m,75-79,52498,0
GA,2018,black,non-hisp,f,75-79,52498,0
GA,2018,black,non-hisp,m,80-84,26249,0
GA,2018,black,non-hisp,f,80-84,39374,0
GA,2018,black,non-hisp,m,85+,27562,0
GA,2018,black,non-hisp,f,85+,41342,0
GA,2018,asian,non-hisp,m,0-4,12515,0
GA,2018,asian,non-hisp,f,0-4,12515,0
GA,2018,asian,non-hisp,m,5-9,12947,0
GA,2018,asian,non-hisp,f,5-9,12947,0
GA,2018,asian,non-hisp,m,10-14,13810,0
GA,2018,asian,non-hisp,f,10-14,13810,0
GA,2018,asian,non-hisp,m,15-19,13810,0
GA,2018,asian,non-hisp,f,15-19,13810,0
GA,2018,asian,non-hisp,m,20-24,14241,0
GA,2018,asian,non-hisp,f,20-24,14241,0
GA,2018,asian,non-hisp,m,25-29,15104,0
GA,2018,asian,non-hisp,f,25-29,15104,0
GA,2018,asian,non-hisp,m,30-34,15104,0
GA,2018,asian,non-hisp,f,30-34,15104,0
GA,2018,asian,non-hisp,m,35-39,14673,0
GA,2018,asian,non-hisp,f,35-39,14673,0
GA,2018,asian,non-hisp,m,40-44,13594,0
GA,2018,asian,non-hisp,f,40-44,13594,0
GA,2018,asian,non-hisp,m,45-49,12947,0
GA,2018,asian,non-hisp,f,45-49,12947,0
GA,2018,asian,non-hisp,m,50-54,13810,0
GA,2018,asian,non-hisp,f,50-54,13810,0
GA,2018,asian,non-hisp,m,55-59,14457,0
GA,2018,asian,non-hisp,f,55-59,14457,0
GA,2018,asian,non-hisp,m,60-64,13810,0
GA,2018,asian,non-hisp,f,60-64,13810,0
GA,2018,asian,non-hisp,m,65-69,11652,0
GA,2018,asian,non-hisp,f,65-69,11652,0
GA,2018,asian,non-hisp,m,70-74,9710,0
GA,2018,asian,non-hisp,f,70-74,9710,0
GA,2018,asian,non-hisp,m,75-79,6905,0
GA,2018,asian,non-hisp,f,75-79,6905,0
GA,2018,asian,non-hisp,m,80-84,3452,0
GA,2018,asian,non-hisp,f,80-84,5179,0
GA,2018,asian,non-hisp,m,85+,3625,0
GA,2018,asian,non-hisp,f,85+,5438,0
GA,2018,other,non-hisp,m,0-4,8446,0
GA,2018,other,non-hisp,f,0-4,8446,0
GA,2018,other,non-hisp,m,5-9,8737,0
GA,2018,other,non-hisp,f,5-9,8737,0
GA,2018,other,non-hisp,m,10-14,9319,0
GA,2018,other,non-hisp,f,10-14,9319,0
GA,2018,other,non-hisp,m,15-19,9319,0
GA,2018,other,non-hisp,f,15-19,9319,0
GA,2018,other,non-hisp,m,20-24,9611,0
GA,2018,other,non-hisp,f,20-24,9611,0
GA,2018,other,non-hisp,m,25-29,10193,0
GA,2018,other,non-hisp,f,25-29,10193,0
GA,2018,other,non-hisp,m,30-34,10193,0
GA,2018,other,non-hisp,f,30-34,10193,0
GA,2018,other,non-hisp,m,35-39,9902,0
GA,2018,other,non-hisp,f,35-39,9902,0
GA,2018,other,non-hisp,m,40-44,9174,0
GA,2018,other,non-hisp,f,40-44,9174,0
GA,2018,other,non-hisp,m,45-49,8737,0
GA,2018,other,non-hisp,f,45-49,8737,0
GA,2018,other,non-hisp,m,50-54,9319,0
GA,2018,other,non-hisp,f,50-54,9319,0
GA,2018,other,non-hisp,m,55-59,9756,0
GA,2018,other,non-hisp,f,55-59,9756,0
GA,2018,other,non-hisp,m,60-64,9319,0
GA,2018,other,non-hisp,f,60-64,9319,0
GA,2018,other,non-hisp,m,65-69,7863,0
GA,2018,other,non-hisp,f,65-69,7863,0
GA,2018,other,non-hisp,m,70-74,6553,0
GA,2018,other,non-hisp,f,70-74,6553,0
GA,2018,other,non-hisp,m,75-79,4660,0
GA,2018,other,non-hisp,f,75-79,4660,0
GA,2018,other,non-hisp,m,80-84,2330,0
GA,2018,other,non-hisp,f,80-84,3495,0
GA,2018,other,non-hisp,m,85+,2446,0
GA,2018,other,non-hisp,f,85+,3669,0
GA,2018,white,hisp,m,0-4,18381,0
GA,2018,white,hisp,f,0-4,18381,0
GA,2018,white,hisp,m,5-9,19015,0
GA,2018,white,hisp,f,5-9,19015,0
GA,2018,white,hisp,m,10-14,20283,0
GA,2018,white,hisp,f,10-14,20283,0
GA,2018,white,hisp,m,15-19,20283,0
GA,2018,white,hisp,f,15-19,20283,0
GA,2018,white,hisp,m,20-24,20917,0
GA,2018,white,hisp,f,20-24,20917,0
GA,2018,white,hisp,m,25-29,22184,0
GA,2018,white,hisp,f,25-29,22184,0
GA,2018,white,hisp,m,30-34,22184,0
GA,2018,white,hisp,f,30-34,22184,0
GA,2018,white,hisp,m,35-39,21551,0
GA,2018,white,hisp,f,35-39,21551,0
GA,2018,white,hisp,m,40-44,19966,0
GA,2018,white,hisp,f,40-44,19966,0
GA,2018,white,hisp,m,45-49,19015,0
GA,2018,white,hisp,f,45-49,19015,0
GA,2018,white,hisp,m,50-54,20283,0
GA,2018,white,hisp,f,50-54,20283,0
GA,2018,white,hisp,m,55-59,21234,0
GA,2018,white,hisp,f,55-59,21234,0
GA,2018,white,hisp,m,60-64,20283,0
GA,2018,white,hisp,f,60-64,20283,0
GA,2018,white,hisp,m,65-69,17114,0
GA,2018,white,hisp,f,65-69,17114,0
GA,2018,white,hisp,m,70-74,14261,0
GA,2018,white,hisp,f,70-74,14261,0
GA,2018,white,hisp,m,75-79,10141,0
GA,2018,white,hisp,f,75-79,10141,0
GA,2018,white,hisp,m,80-84,5071,0
GA,2018,white,hisp,f,80-84,7606,0
GA,2018,white,hisp,m,85+,5324,0
GA,2018,white,hisp,f,85+,7986,0
GA,2018,black,hisp,m,0-4,1118,0
GA,2018,black,hisp,f,0-4,1118,0
GA,2018,black,hisp,m,5-9,1157,0
GA,2018,black,hisp,f,5-9,1157,0
GA,2018,black,hisp,m,10-14,1234,0
GA,2018,black,hisp,f,10-14,1234,0
GA,2018,black,hisp,m,15-19,1234,0
GA,2018,black,hisp,f,15-19,1234,0
GA,2018,black,hisp,m,20-24,1272,0
GA,2018,black,hisp,f,20-24,1272,0
GA,2018,black,hisp,m,25-29,1349,0
GA,2018,black,hisp,f,25-29,1349,0
GA,2018,black,hisp,m,30-34,1349,0
GA,2018,black,hisp,f,30-34,1349,0
GA,2018,black,hisp,m,35-39,1311,0
GA,2018,black,hisp,f,35-39,1311,0
GA,2018,black,hisp,m,40-44,1214,0
GA,2018,black,hisp,f,40-44,1214,0
GA,2018,black,hisp,m,45-49,1157,0
GA,2018,black,hisp,f,45-49,1157,0
GA,2018,black,hisp,m,50-54,1234,0
GA,2018,black,hisp,f,50-54,1234,0
GA,2018,black,hisp,m,55-59,1292,0
GA,2018,black,hisp,f,55-59,1292,0
GA,2018,black,hisp,m,60-64,1234,0
GA,2018,black,hisp,f,60-64,1234,0
GA,2018,black,hisp,m,65-69,1041,0
GA,2018,black,hisp,f,65-69,1041,0
GA,2018,black,hisp,m,70-74,867,0
GA,2018,black,hisp,f,70-74,867,0
GA,2018,black,hisp,m,75-79,617,0
GA,2018,black,hisp,f,75-79,617,0
GA,2018,black,hisp,m,80-84,308,0
GA,2018,black,hisp,f,80-84,463,0
GA,2018,black,hisp,m,85+,324,0
GA,2018,black,hisp,f,85+,486,0
GA,2018,asian,hisp,m,0-4,130,0
GA,2018,asian,hisp,f,0-4,130,0
GA,2018,asian,hisp,m,5-9,135,0
GA,2018,asian,hisp,f,5-9,135,0
GA,2018,asian,hisp,m,10-14,144,0
GA,2018,asian,hisp,f,10-14,144,0
GA,2018,asian,hisp,m,15-19,144,0
GA,2018,asian,hisp,f,15-19,144,0
GA,2018,asian,hisp,m,20-24,148,0
GA,2018,asian,hisp,f,20-24,148,0
GA,2018,asian,hisp,m,25-29,158,0
GA,2018,asian,hisp,f,25-29,158,0
GA,2018,asian,hisp,m,30-34,158,0
GA,2018,asian,hisp,f,30-34,158,0
GA,2018,asian,hisp,m,35-39,153,0
GA,2018,asian,hisp,f,35-39,153,0
GA,2018,asian,hisp,m,40-44,142,0
GA,2018,asian,hisp,f,40-44,142,0
GA,2018,asian,hisp,m,45-49,135,0
GA,2018,asian,hisp,f,45-49,135,0
GA,2018,asian,hisp,m,50-54,144,0
GA,2018,asian,hisp,f,50-54,144,0
GA,2018,asian,hisp,m,55-59,151,0
GA,2018,asian,hisp,f,55-59,151,0
GA,2018,asian,hisp,m,60-64,144,0
GA,2018,asian,hisp,f,60-64,144,0
GA,2018,asian,hisp,m,65-69,122,0
GA,2018,asian,hisp,f,65-69,122,0
GA,2018,asian,hisp,m,70-74,101,0
GA,2018,asian,hisp,f,70-74,101,0
GA,2018,asian,hisp,m,75-79,72,0
GA,2018,asian,hisp,f,75-79,72,0
GA,2018,asian,hisp,m,80-84,36,0
GA,2018,asian,hisp,f,80-84,54,0
GA,2018,asian,hisp,m,85+,38,0
GA,2018,asian,hisp,f,85+,57,0
GA,2018,other,hisp,m,0-4,10001,0
GA,2018,other,hisp,f,0-4,10001,0
GA,2018,other,hisp,m,5-9,10346,0
GA,2018,other,hisp,f,5-9,10346,0
GA,2018,other,hisp,m,10-14,11035,0
GA,2018,other,hisp,f,10-14,11035,0
GA,2018,other,hisp,m,15-19,11035,0
GA,2018,other,hisp,f,15-19,11035,0
GA,2018,other,hisp,m,20-24,11380,0
GA,2018,other,hisp,f,20-24,11380,0
GA,2018,other,hisp,m,25-29,12070,0
GA,2018,other,hisp,f,25-29,12070,0
GA,2018,other,hisp,m,30-34,12070,0
GA,2018,other,hisp,f,30-34,12070,0
GA,2018,other,hisp,m,35-39,11725,0
GA,2018,other,hisp,f,35-39,11725,0
GA,2018,other,hisp,m,40-44,10863,0
GA,2018,other,hisp,f,40-44,10863,0
GA,2018,other,hisp,m,45-49,10346,0
GA,2018,other,hisp,f,45-49,10346,0
GA,2018,other,hisp,m,50-54,11035,0
GA,2018,other,hisp,f,50-54,11035,0
GA,2018,other,hisp,m,55-59,11553,0
GA,2018,other,hisp,f,55-59,11553,0
GA,2018,other,hisp,m,60-64,11035,0
GA,2018,other,hisp,f,60-64,11035,0
GA,2018,other,hisp,m,65-69,9311,0
GA,2018,other,hisp,f,65-69,9311,0
GA,2018,other,hisp,m,70-74,7759,0
GA,2018,other,hisp,f,70-74,7759,0
GA,2018,other,hisp,m,75-79,5518,0
GA,2018,other,hisp,f,75-79,5518,0
GA,2018,other,hisp,m,80-84,2759,0
GA,2018,other,hisp,f,80-84,4138,0
GA,2018,other,hisp,m,85+,2897,0
GA,2018,other,hisp,f,85+,4345,0
ID,2018,white,non-hisp,m,0-4,41599,0
ID,2018,white,non-hisp,f,0-4,41599,0
ID,2018,white,non-hisp,m,5-9,43034,0
ID,2018,white,non-hisp,f,5-9,43034,0
ID,2018,white,non-hisp,m,10-14,45903,0
ID,2018,white,non-hisp,f,10-14,45903,0
ID,2018,white,non-hisp,m,15-19,45903,0
ID,2018,white,non-hisp,f,15-19,45903,0
ID,2018,white,non-hisp,m,20-24,47337,0
ID,2018,white,non-hisp,f,20-24,47337,0
ID,2018,white,non-hisp,m,25-29,50206,0
ID,2018,white,non-hisp,f,25-29,50206,0
ID,2018,white,non-hisp,m,30-34,50206,0
ID,2018,white,non-hisp,f,30-34,50206,0
ID,2018,white,non-hisp,m,35-39,48772,0
ID,2018,white,non-hisp,f,35-39,48772,0
ID,2018,white,non-hisp,m,40-44,45186,0
ID,2018,white,non-hisp,f,40-44,45186,0
ID,2018,white,non-hisp,m,45-49,43034,0
ID,2018,white,non-hisp,f,45-49,43034,0
ID,2018,white,non-hisp,m,50-54,45903,0
ID,2018,white,non-hisp,f,50-54,45903,0
ID,2018,white,non-hisp,m,55-59,48055,0
ID,2018,white,non-hisp,f,55-59,48055,0
ID,2018,white,non-hisp,m,60-64,45903,0
ID,2018,white,non-hisp,f,60-64,45903,0
ID,2018,white,non-hisp,m,65-69,38731,0
ID,2018,white,non-hisp,f,65-69,38731,0
ID,2018,white,non-hisp,m,70-74,32275,0
ID,2018,white,non-hisp,f,70-74,32275,0
ID,2018,white,non-hisp,m,75-79,22951,0
ID,2018,white,non-hisp,f,75-79,22951,0
ID,2018,white,non-hisp,m,80-84,11476,0
ID,2018,white,non-hisp,f,80-84,17214,0
ID,2018,white,non-hisp,m,85+,12049,0
ID,2018,white,non-hisp,f,85+,18074,0
ID,2018,black,non-hisp,m,0-4,290,0
ID,2018,black,non-hisp,f,0-4,290,0
ID,2018,black,non-hisp,m,5-9,300,0
ID,2018,black,non-hisp,f,5-9,300,0
ID,2018,black,non-hisp,m,10-14,320,0
ID,2018,black,non-hisp,f,10-14,320,0
ID,2018,black,non-hisp,m,15-19,320,0
ID,2018,black,non-hisp,f,15-19,320,0
ID,2018,black,non-hisp,m,20-24,330,0
ID,2018,black,non-hisp,f,20-24,330,0
ID,2018,black,non-hisp,m,25-29,350,0
ID,2018,black,non-hisp,f,25-29,350,0
ID,2018,black,non-hisp,m,30-34,350,0
ID,2018,black,non-hisp,f,30-34,350,0
ID,2018,black,non-hisp,m,35-39,340,0
ID,2018,black,non-hisp,f,35-39,340,0
ID,2018,black,non-hisp,m,40-44,315,0
ID,2018,black,non-hisp,f,40-44,315,0
ID,2018,black,non-hisp,m,45-49,300,0
ID,2018,black,non-hisp,f,45-49,300,0
ID,2018,black,non-hisp,m,50-54,320,0
ID,2018,black,non-hisp,f,50-54,320,0
ID,2018,black,non-hisp,m,55-59,335,0
ID,2018,black,non-hisp,f,55-59,335,0
ID,2018,black,non-hisp,m,60-64,320,0
ID,2018,black,non-hisp,f,60-64,320,0
ID,2018,black,non-hisp,m,65-69,270,0
ID,2018,black,non-hisp,f,65-69,270,0
ID,2018,black,non-hisp,m,70-74,225,0
ID,2018,black,non-hisp,f,70-74,225,0
ID,2018,black,non-hisp,m,75-79,160,0
ID,2018,black,non-hisp,f,75-79,160,0
ID,2018,black,non-hisp,m,80-84,80,0
ID,2018,black,non-hisp,f,80-84,120,0
ID,2018,black,non-hisp,m,85+,84,0
ID,2018,black,non-hisp,f,85+,126,0
ID,2018,asian,non-hisp,m,0-4,759,0
ID,2018,asian,non-hisp,f,0-4,759,0
ID,2018,asian,non-hisp,m,5-9,786,0
ID,2018,asian,non-hisp,f,5-9,786,0
ID,2018,asian,non-hisp,m,10-14,838,0
ID,2018,asian,non-hisp,f,10-14,838,0
ID,2018,asian,non-hisp,m,15-19,838,0
ID,2018,asian,non-hisp,f,15-19,838,0
ID,2018,asian,non-hisp,m,20-24,864,0
ID,2018,asian,non-hisp,f,20-24,864,0
ID,2018,asian,non-hisp,m,25-29,917,0
ID,2018,asian,non-hisp,f,25-29,917,0
ID,2018,asian,non-hisp,m,30-34,917,0
ID,2018,asian,non-hisp,f,30-34,917,0
ID,2018,asian,non-hisp,m,35-39,890,0
ID,2018,asian,non-hisp,f,35-39,890,0
ID,2018,asian,non-hisp,m,40-44,825,0
ID,2018,asian,non-hisp,f,40-44,825,0
ID,2018,asian,non-hisp,m,45-49,786,0
ID,2018,asian,non-hisp,f,45-49,786,0
ID,2018,asian,non-hisp,m,50-54,838,0
ID,2018,asian,non-hisp,f,50-54,838,0
ID,2018,asian,non-hisp,m,55-59,877,0
ID,2018,asian,non-hisp,f,55-59,877,0
ID,2018,asian,non-hisp,m,60-64,838,0
ID,2018,asian,non-hisp,f,60-64,838,0
ID,2018,asian,non-hisp,m,65-69,707,0
ID,2018,asian,non-hisp,f,65-69,707,0
ID,2018,asian,non-hisp,m,70-74,589,0
ID,2018,asian,non-hisp,f,70-74,589,0
ID,2018,asian,non-hisp,m,75-79,419,0
ID,2018,asian,non-hisp,f,75-79,419,0
ID,2018,asian,non-hisp,m,80-84,209,0
ID,2018,asian,non-hisp,f,80-84,314,0
ID,2018,asian,non-hisp,m,85+,220,0
ID,2018,asian,non-hisp,f,85+,330,0
ID,2018,other,non-hisp,m,0-4,1772,0
ID,2018,other,non-hisp,f,0-4,1772,0
ID,2018,other,non-hisp,m,5-9,1833,0
ID,2018,other,non-hisp,f,5-9,1833,0
ID,2018,other,non-hisp,m,10-14,1955,0
ID,2018,other,non-hisp,f,10-14,1955,0
ID,2018,other,non-hisp,m,15-19,1955,0
ID,2018,other,non-hisp,f,15-19,1955,0
ID,2018,other,non-hisp,m,20-24,2016,0
ID,2018,other,non-hisp,f,20-24,2016,0
ID,2018,other,non-hisp,m,25-29,2138,0
ID,2018,other,non-hisp,f,25-29,2138,0
ID,2018,other,non-hisp,m,30-34,2138,0
ID,2018,other,non-hisp,f,30-34,2138,0
ID,2018,other,non-hisp,m,35-39,2077,0
ID,2018,other,non-hisp,f,35-39,2077,0
ID,2018,other,non-hisp,m,40-44,1924,0
ID,2018,other,non-hisp,f,40-44,1924,0
ID,2018,other,non-hisp,m,45-49,1833,0
ID,2018,other,non-hisp,f,45-49,1833,0
ID,2018,other,non-hisp,m,50-54,1955,0
ID,2018,other,non-hisp,f,50-54,1955,0
ID,2018,other,non-hisp,m,55-59,2046,0
ID,2018,other,non-hisp,f,55-59,2046,0
ID,2018,other,non-hisp,m,60-64,1955,0
ID,2018,other,non-hisp,f,60-64,1955,0
ID,2018,other,non-hisp,m,65-69,1649,0
ID,2018,other,non-hisp,f,65-69,1649,0
ID,2018,other,non-hisp,m,70-74,1374,0
ID,2018,other,non-hisp,f,70-74,1374,0
ID,2018,other,non-hisp,m,75-79,977,0
ID,2018,other,non-hisp,f,75-79,977,0
ID,2018,other,non-hisp,m,80-84,489,0
ID,2018,other,non-hisp,f,80-84,733,0
ID,2018,other,non-hisp,m,85+,513,0
ID,2018,other,non-hisp,f,85+,770,0
ID,2018,white,hisp,m,0-4,4129,0
ID,2018,white,hisp,f,0-4,4129,0
ID,2018,white,hisp,m,5-9,4271,0
ID,2018,white,hisp,f,5-9,4271,0
ID,2018,white,hisp,m,10-14,4556,0
ID,2018,white,hisp,f,10-14,4556,0
ID,2018,white,hisp,m,15-19,4556,0
ID,2018,white,hisp,f,15-19,4556,0
ID,2018,white,hisp,m,20-24,4699,0
ID,2018,white,hisp,f,20-24,4699,0
ID,2018,white,hisp,m,25-29,4983,0
ID,2018,white,hisp,f,25-29,4983,0
ID,2018,white,hisp,m,30-34,4983,0
ID,2018,white,hisp,f,30-34,4983,0
ID,2018,white,hisp,m,35-39,4841,0
ID,2018,white,hisp,f,35-39,4841,0
ID,2018,white,hisp,m,40-44,4485,0
ID,2018,white,hisp,f,40-44,4485,0
ID,2018,white,hisp,m,45-49,4271,0
ID,2018,white,hisp,f,45-49,4271,0
ID,2018,white,hisp,m,50-54,4556,0
ID,2018,white,hisp,f,50-54,4556,0
ID,2018,white,hisp,m,55-59,4770,0
ID,2018,white,hisp,f,55-59,4770,0
ID,2018,white,hisp,m,60-64,4556,0
ID,2018,white,hisp,f,60-64,4556,0
ID,2018,white,hisp,m,65-69,3844,0
ID,2018,white,hisp,f,65-69,3844,0
ID,2018,white,hisp,m,70-74,3204,0
ID,2018,white,hisp,f,70-74,3204,0
ID,2018,white,hisp,m,75-79,2278,0
ID,2018,white,hisp,f,75-79,2278,0
ID,2018,white,hisp,m,80-84,1139,0
ID,2018,white,hisp,f,80-84,1709,0
ID,2018,white,hisp,m,85+,1196,0
ID,2018,white,hisp,f,85+,1794,0
ID,2018,black,hisp,m,0-4,60,0
ID,2018,black,hisp,f,0-4,60,0
ID,2018,black,hisp,m,5-9,62,0
ID,2018,black,hisp,f,5-9,62,0
ID,2018,black,hisp,m,10-14,66,0
ID,2018,black,hisp,f,10-14,66,0
ID,2018,black,hisp,m,15-19,66,0
ID,2018,black,hisp,f,15-19,66,0
ID,2018,black,hisp,m,20-24,68,0
ID,2018,black,hisp,f,20-24,68,0
ID,2018,black,hisp,m,25-29,72,0
ID,2018,black,hisp,f,25-29,72,0
ID,2018,black,hisp,m,30-34,72,0
ID,2018,black,hisp,f,30-34,72,0
ID,2018,black,hisp,m,35-39,70,0
ID,2018,black,hisp,f,35-39,70,0
ID,2018,black,hisp,m,40-44,65,0
ID,2018,black,hisp,f,40-44,65,0
ID,2018,black,hisp,m,45-49,62,0
ID,2018,black,hisp,f,45-49,62,0
ID,2018,black,hisp,m,50-54,66,0
ID,2018,black,hisp,f,50-54,66,0
ID,2018,black,hisp,m,55-59,69,0
ID,2018,black,hisp,f,55-59,69,0
ID,2018,black,hisp,m,60-64,66,0
ID,2018,black,hisp,f,60-64,66,0
ID,2018,black,hisp,m,65-69,56,0
ID,2018,black,hisp,f,65-69,56,0
ID,2018,black,hisp,m,70-74,47,0
ID,2018,black,hisp,f,70-74,47,0
ID,2018,black,hisp,m,75-79,33,0
ID,2018,black,hisp,f,75-79,33,0
ID,2018,black,hisp,m,80-84,17,0
ID,2018,black,hisp,f,80-84,25,0
ID,2018,black,hisp,m,85+,17,0
ID,2018,black,hisp,f,85+,26,0
ID,2018,asian,hisp,m,0-4,24,0
ID,2018,asian,hisp,f,0-4,24,0
ID,2018,asian,hisp,m,5-9,25,0
ID,2018,asian,hisp,f,5-9,25,0
ID,2018,asian,hisp,m,10-14,27,0
ID,2018,asian,hisp,f,10-14,27,0
ID,2018,asian,hisp,m,15-19,27,0
ID,2018,asian,hisp,f,15-19,27,0
ID,2018,asian,hisp,m,20-24,28,0
ID,2018,asian,hisp,f,20-24,28,0
ID,2018,asian,hisp,m,25-29,29,0
ID,2018,asian,hisp,f,25-29,29,0
ID,2018,asian,hisp,m,30-34,29,0
ID,2018,asian,hisp,f,30-34,29,0
ID,2018,asian,hisp,m,35-39,29,0
ID,2018,asian,hisp,f,35-39,29,0
ID,2018,asian,hisp,m,40-44,26,0
ID,2018,asian,hisp,f,40-44,26,0
ID,2018,asian,hisp,m,45-49,25,0
ID,2018,asian,hisp,f,45-49,25,0
ID,2018,asian,hisp,m,50-54,27,0
ID,2018,asian,hisp,f,50-54,27,0
ID,2018,asian,hisp,m,55-59,28,0
ID,2018,asian,hisp,f,55-59,28,0
ID,2018,asian,hisp,m,60-64,27,0
ID,2018,asian,hisp,f,60-64,27,0
ID,2018,asian,hisp,m,65-69,23,0
ID,2018,asian,hisp,f,65-69,23,0
ID,2018,asian,hisp,m,70-74,19,0
ID,2018,asian,hisp,f,70-74,19,0
ID,2018,asian,hisp,m,75-79,13,0
ID,2018,asian,hisp,f,75-79,13,0
ID,2018,asian,hisp,m,80-84,7,0
ID,2018,asian,hisp,f,80-84,10,0
ID,2018,asian,hisp,m,85+,7,0
ID,2018,asian,hisp,f,85+,11,0
ID,2018,other,hisp,m,0-4,2238,0
ID,2018,other,hisp,f,0-4,2238,0
ID,2018,other,hisp,m,5-9,2315,0
ID,2018,other,hisp,f,5-9,2315,0
ID,2018,other,hisp,m,10-14,2470,0
ID,2018,other,hisp,f,10-14,2470,0
ID,2018,other,hisp,m,15-19,2470,0
ID,2018,other,hisp,f,15-19,2470,0
ID,2018,other,hisp,m,20-24,2547,0
ID,2018,other,hisp,f,20-24,2547,0
ID,2018,other,hisp,m,25-29,2701,0
ID,2018,other,hisp,f,25-29,2701,0
ID,2018,other,hisp,m,30-34,2701,0
ID,2018,other,hisp,f,30-34,2701,0
ID,2018,other,hisp,m,35-39,2624,0
ID,2018,other,hisp,f,35-39,2624,0
ID,2018,other,hisp,m,40-44,2431,0
ID,2018,other,hisp,f,40-44,2431,0
ID,2018,other,hisp,m,45-49,2315,0
ID,2018,other,hisp,f,45-49,2315,0
ID,2018,other,hisp,m,50-54,2470,0
ID,2018,other,hisp,f,50-54,2470,0
ID,2018,other,hisp,m,55-59,2585,0
ID,2018,other,hisp,f,55-59,2585,0
ID,2018,other,hisp,m,60-64,2470,0
ID,2018,other,hisp,f,60-64,2470,0
ID,2018,other,hisp,m,65-69,2084,0
ID,2018,other,hisp,f,65-69,2084,0
ID,2018,other,hisp,m,70-74,1736,0
ID,2018,other,hisp,f,70-74,1736,0
ID,2018,other,hisp,m,75-79,1235,0
ID,2018,other,hisp,f,75-79,1235,0
ID,2018,other,hisp,m,80-84,617,0
ID,2018,other,hisp,f,80-84,926,0
ID,2018,other,hisp,m,85+,648,0
ID,2018,other,hisp,f,85+,972,0
HI,2018,white,non-hisp,m,0-4,8943,0
HI,2018,white,non-hisp,f,0-4,8943,0
HI,2018,white,non-hisp,m,5-9,9251,0
HI,2018,white,non-hisp,f,5-9,9251,0
HI,2018,white,non-hisp,m,10-14,9868,0
HI,2018,white,non-hisp,f,10-14,9868,0
HI,2018,white,non-hisp,m,15-19,9868,0
HI,2018,white,non-hisp,f,15-19,9868,0
HI,2018,white,non-hisp,m,20-24,10176,0
HI,2018,white,non-hisp,f,20-24,10176,0
HI,2018,white,non-hisp,m,25-29,10793,0
HI,2018,white,non-hisp,f,25-29,10793,0
HI,2018,white,non-hisp,m,30-34,10793,0
HI,2018,white,non-hisp,f,30-34,10793,0
HI,2018,white,non-hisp,m,35-39,10485,0
HI,2018,white,non-hisp,f,35-39,10485,0
HI,2018,white,non-hisp,m,40-44,9714,0
HI,2018,white,non-hisp,f,40-44,9714,0
HI,2018,white,non-hisp,m,45-49,9251,0
HI,2018,white,non-hisp,f,45-49,9251,0
HI,2018,white,non-hisp,m,50-54,9868,0
HI,2018,white,non-hisp,f,50-54,9868,0
HI,2018,white,non-hisp,m,55-59,10331,0
HI,2018,white,non-hisp,f,55-59,10331,0
HI,2018,white,non-hisp,m,60-64,9868,0
HI,2018,white,non-hisp,f,60-64,9868,0
HI,2018,white,non-hisp,m,65-69,8326,0
HI,2018,white,non-hisp,f,65-69,8326,0
HI,2018,white,non-hisp,m,70-74,6938,0
HI,2018,white,non-hisp,f,70-74,6938,0
HI,2018,white,non-hisp,m,75-79,4934,0
HI,2018,white,non-hisp,f,75-79,4934,0
HI,2018,white,non-hisp,m,80-84,2467,0
HI,2018,white,non-hisp,f,80-84,3700,0
HI,2018,white,non-hisp,m,85+,2590,0
HI,2018,white,non-hisp,f,85+,3886,0
HI,2018,black,non-hisp,m,0-4,782,0
HI,2018,black,non-hisp,f,0-4,782,0
HI,2018,black,non-hisp,m,5-9,809,0
HI,2018,black,non-hisp,f,5-9,809,0
HI,2018,black,non-hisp,m,10-14,863,0
HI,2018,black,non-hisp,f,10-14,863,0
HI,2018,black,non-hisp,m,15-19,863,0
HI,2018,black,non-hisp,f,15-19,863,0
HI,2018,black,non-hisp,m,20-24,890,0
HI,2018,black,non-hisp,f,20-24,890,0
HI,2018,black,non-hisp,m,25-29,944,0
HI,2018,black,non-hisp,f,25-29,944,0
HI,2018,black,non-hisp,m,30-34,944,0
HI,2018,black,non-hisp,f,30-34,944,0
HI,2018,black,non-hisp,m,35-39,917,0
HI,2018,black,non-hisp,f,35-39,917,0
HI,2018,black,non-hisp,m,40-44,850,0
HI,2018,black,non-hisp,f,40-44,850,0
HI,2018,black,non-hisp,m,45-49,809,0
HI,2018,black,non-hisp,f,45-49,809,0
HI,2018,black,non-hisp,m,50-54,863,0
HI,2018,black,non-hisp,f,50-54,863,0
HI,2018,black,non-hisp,m,55-59,904,0
HI,2018,black,non-hisp,f,55-59,904,0
HI,2018,black,non-hisp,m,60-64,863,0
HI,2018,black,non-hisp,f,60-64,863,0
HI,2018,black,non-hisp,m,65-69,728,0
HI,2018,black,non-hisp,f,65-69,728,0
HI,2018,black,non-hisp,m,70-74,607,0
HI,2018,black,non-hisp,f,70-74,607,0
HI,2018,black,non-hisp,m,75-79,432,0
HI,2018,black,non-hisp,f,75-79,432,0
HI,2018,black,non-hisp,m,80-84,216,0
HI,2018,black,non-hisp,f,80-84,324,0
HI,2018,black,non-hisp,m,85+,227,0
HI,2018,black,non-hisp,f,85+,340,0
HI,2018,asian,non-hisp,m,0-4,15116,0
HI,2018,asian,non-hisp,f,0-4,15116,0
HI,2018,asian,non-hisp,m,5-9,15637,0
HI,2018,asian,non-hisp,f,5-9,15637,0
HI,2018,asian,non-hisp,m,10-14,16680,0
HI,2018,asian,non-hisp,f,10-14,16680,0
HI,2018,asian,non-hisp,m,15-19,16680,0
HI,2018,asian,non-hisp,f,15-19,16680,0
HI,2018,asian,non-hisp,m,20-24,17201,0
HI,2018,asian,non-hisp,f,20-24,17201,0
HI,2018,asian,non-hisp,m,25-29,18243,0
HI,2018,asian,non-hisp,f,25-29,18243,0
HI,2018,asian,non-hisp,m,30-34,18243,0
HI,2018,asian,non-hisp,f,30-34,18243,0
HI,2018,asian,non-hisp,m,35-39,17722,0
HI,2018,asian,non-hisp,f,35-39,17722,0
HI,2018,asian,non-hisp,m,40-44,16419,0
HI,2018,asian,non-hisp,f,40-44,16419,0
HI,2018,asian,non-hisp,m,45-49,15637,0
HI,2018,asian,non-hisp,f,45-49,15637,0
HI,2018,asian,non-hisp,m,50-54,16680,0
HI,2018,asian,non-hisp,f,50-54,16680,0
HI,2018,asian,non-hisp,m,55-59,17461,0
HI,2018,asian,non-hisp,f,55-59,17461,0
HI,2018,asian,non-hisp,m,60-64,16680,0
HI,2018,asian,non-hisp,f,60-64,16680,0
HI,2018,asian,non-hisp,m,65-69,14073,0
HI,2018,asian,non-hisp,f,65-69,14073,0
HI,2018,asian,non-hisp,m,70-74,11728,0
HI,2018,asian,non-hisp,f,70-74,11728,0
HI,2018,asian,non-hisp,m,75-79,8340,0
HI,2018,asian,non-hisp,f,75-79,8340,0
HI,2018,asian,non-hisp,m,80-84,4170,0
HI,2018,asian,non-hisp,f,80-84,6255,0
HI,2018,asian,non-hisp,m,85+,4378,0
HI,2018,asian,non-hisp,f,85+,6568,0
HI,2018,other,non-hisp,m,0-4,11964,0
HI,2018,other,non-hisp,f,0-4,11964,0
HI,2018,other,non-hisp,m,5-9,12376,0
HI,2018,other,non-hisp,f,5-9,12376,0
HI,2018,other,non-hisp,m,10-14,13201,0
HI,2018,other,non-hisp,f,10-14,13201,0
HI,2018,other,non-hisp,m,15-19,13201,0
HI,2018,other,non-hisp,f,15-19,13201,0
HI,2018,other,non-hisp,m,20-24,13614,0
HI,2018,other,non-hisp,f,20-24,13614,0
HI,2018,other,non-hisp,m,25-29,14439,0
HI,2018,other,non-hisp,f,25-29,14439,0
HI,2018,other,non-hisp,m,30-34,14439,0
HI,2018,other,non-hisp,f,30-34,14439,0
HI,2018,other,non-hisp,m,35-39,14027,0
HI,2018,other,non-hisp,f,35-39,14027,0
HI,2018,other,non-hisp,m,40-44,12995,0
HI,2018,other,non-hisp,f,40-44,12995,0
HI,2018,other,non-hisp,m,45-49,12376,0
HI,2018,other,non-hisp,f,45-49,12376,0
HI,2018,other,non-hisp,m,50-54,13201,0
HI,2018,other,non-hisp,f,50-54,13201,0
HI,2018,other,non-hisp,m,55-59,13820,0
HI,2018,other,non-hisp,f,55-59,13820,0
HI,2018,other,non-hisp,m,60-64,13201,0
HI,2018,other,non-hisp,f,60-64,13201,0
HI,2018,other,non-hisp,m,65-69,11139,0
HI,2018,other,non-hisp,f,65-69,11139,0
HI,2018,other,non-hisp,m,70-74,9282,0
HI,2018,other,non-hisp,f,70-74,9282,0
HI,2018,other,non-hisp,m,75-79,6601,0
HI,2018,other,non-hisp,f,75-79,6601,0
HI,2018,other,non-hisp,m,80-84,3300,0
HI,2018,other,non-hisp,f,80-84,4951,0
HI,2018,other,non-hisp,m,85+,3465,0
HI,2018,other,non-hisp,f,85+,5198,0
HI,2018,white,hisp,m,0-4,1081,0
HI,2018,white,hisp,f,0-4,1081,0
HI,2018,white,hisp,m,5-9,1118,0
HI,2018,white,hisp,f,5-9,1118,0
HI,2018,white,hisp,m,10-14,1193,0
HI,2018,white,hisp,f,10-14,1193,0
HI,2018,white,hisp,m,15-19,1193,0
HI,2018,white,hisp,f,15-19,1193,0
HI,2018,white,hisp,m,20-24,1230,0
HI,2018,white,hisp,f,20-24,1230,0
HI,2018,white,hisp,m,25-29,1305,0
HI,2018,white,hisp,f,25-29,1305,0
HI,2018,white,hisp,m,30-34,1305,0
HI,2018,white,hisp,f,30-34,1305,0
HI,2018,white,hisp,m,35-39,1267,0
HI,2018,white,hisp,f,35-39,1267,0
HI,2018,white,hisp,m,40-44,1174,0
HI,2018,white,hisp,f,40-44,1174,0
HI,2018,white,hisp,m,45-49,1118,0
HI,2018,white,hisp,f,45-49,1118,0
HI,2018,white,hisp,m,50-54,1193,0
HI,2018,white,hisp,f,50-54,1193,0
HI,2018,white,hisp,m,55-59,1249,0
HI,2018,white,hisp,f,55-59,1249,0
HI,2018,white,hisp,m,60-64,1193,0
HI,2018,white,hisp,f,60-64,1193,0
HI,2018,white,hisp,m,65-69,1006,0
HI,2018,white,hisp,f,65-69,1006,0
HI,2018,white,hisp,m,70-74,839,0
HI,2018,white,hisp,f,70-74,839,0
HI,2018,white,hisp,m,75-79,596,0
HI,2018,white,hisp,f,75-79,596,0
HI,2018,white,hisp,m,80-84,298,0
HI,2018,white,hisp,f,80-84,447,0
HI,2018,white,hisp,m,85+,313,0
HI,2018,white,hisp,f,85+,470,0
HI,2018,black,hisp,m,0-4,39,0
HI,2018,black,hisp,f,0-4,39,0
HI,2018,black,hisp,m,5-9,40,0
HI,2018,black,hisp,f,5-9,40,0
HI,2018,black,hisp,m,10-14,43,0
HI,2018,black,hisp,f,10-14,43,0
HI,2018,black,hisp,m,15-19,43,0
HI,2018,black,hisp,f,15-19,43,0
HI,2018,black,hisp,m,20-24,44,0
HI,2018,black,hisp,f,20-24,44,0
HI,2018,black,hisp,m,25-29,47,0
HI,2018,black,hisp,f,25-29,47,0
HI,2018,black,hisp,m,30-34,47,0
HI,2018,black,hisp,f,30-34,47,0
HI,2018,black,hisp,m,35-39,46,0
HI,2018,black,hisp,f,35-39,46,0
HI,2018,black,hisp,m,40-44,42,0
HI,2018,black,hisp,f,40-44,42,0
HI,2018,black,hisp,m,45-49,40,0
HI,2018,black,hisp,f,45-49,40,0
HI,2018,black,hisp,m,50-54,43,0
HI,2018,black,hisp,f,50-54,43,0
HI,2018,black,hisp,m,55-59,45,0
HI,2018,black,hisp,f,55-59,45,0
HI,2018,black,hisp,m,60-64,43,0
HI,2018,black,hisp,f,60-64,43,0
HI,2018,black,hisp,m,65-69,36,0
HI,2018,black,hisp,f,65-69,36,0
HI,2018,black,hisp,m,70-74,30,0
HI,2018,black,hisp,f,70-74,30,0
HI,2018,black,hisp,m,75-79,22,0
HI,2018,black,hisp,f,75-79,22,0
HI,2018,black,hisp,m,80-84,11,0
HI,2018,black,hisp,f,80-84,16,0
HI,2018,black,hisp,m,85+,11,0
HI,2018,black,hisp,f,85+,17,0
HI,2018,asian,hisp,m,0-4,384,0
HI,2018,asian,hisp,f,0-4,384,0
HI,2018,asian,hisp,m,5-9,397,0
HI,2018,asian,hisp,f,5-9,397,0
HI,2018,asian,hisp,m,10-14,424,0
HI,2018,asian,hisp,f,10-14,424,0
HI,2018,asian,hisp,m,15-19,424,0
HI,2018,asian,hisp,f,15-19,424,0
HI,2018,asian,hisp,m,20-24,437,0
HI,2018,asian,hisp,f,20-24,437,0
HI,2018,asian,hisp,m,25-29,463,0
HI,2018,asian,hisp,f,25-29,463,0
HI,2018,asian,hisp,m,30-34,463,0
HI,2018,asian,hisp,f,30-34,463,0
HI,2018,asian,hisp,m,35-39,450,0
HI,2018,asian,hisp,f,35-39,450,0
HI,2018,asian,hisp,m,40-44,417,0
HI,2018,asian,hisp,f,40-44,417,0
HI,2018,asian,hisp,m,45-49,397,0
HI,2018,asian,hisp,f,45-49,397,0
HI,2018,asian,hisp,m,50-54,424,0
HI,2018,asian,hisp,f,50-54,424,0
HI,2018,asian,hisp,m,55-59,444,0
HI,2018,asian,hisp,f,55-59,444,0
HI,2018,asian,hisp,m,60-64,424,0
HI,2018,asian,hisp,f,60-64,424,0
HI,2018,asian,hisp,m,65-69,358,0
HI,2018,asian,hisp,f,65-69,358,0
HI,2018,asian,hisp,m,70-74,298,0
HI,2018,asian,hisp,f,70-74,298,0
HI,2018,asian,hisp,m,75-79,212,0
HI,2018,asian,hisp,f,75-79,212,0
HI,2018,asian,hisp,m,80-84,106,0
HI,2018,asian,hisp,f,80-84,159,0
HI,2018,asian,hisp,m,85+,111,0
HI,2018,asian,hisp,f,85+,167,0
HI,2018,other,hisp,m,0-4,2885,0
HI,2018,other,hisp,f,0-4,2885,0
HI,2018,other,hisp,m,5-9,2985,0
HI,2018,other,hisp,f,5-9,2985,0
HI,2018,other,hisp,m,10-14,3184,0
HI,2018,other,hisp,f,10-14,3184,0
HI,2018,other,hisp,m,15-19,3184,0
HI,2018,other,hisp,f,15-19,3184,0
HI,2018,other,hisp,m,20-24,3283,0
HI,2018,other,hisp,f,20-24,3283,0
HI,2018,other,hisp,m,25-29,3482,0
HI,2018,other,hisp,f,25-29,3482,0
HI,2018,other,hisp,m,30-34,3482,0
HI,2018,other,hisp,f,30-34,3482,0
HI,2018,other,hisp,m,35-39,3383,0
HI,2018,other,hisp,f,35-39,3383,0
HI,2018,other,hisp,m,40-44,3134,0
HI,2018,other,hisp,f,40-44,3134,0
HI,2018,other,hisp,m,45-49,2985,0
HI,2018,other,hisp,f,45-49,2985,0
HI,2018,other,hisp,m,50-54,3184,0
HI,2018,other,hisp,f,50-54,3184,0
HI,2018,other,hisp,m,55-59,3333,0
HI,2018,other,hisp,f,55-59,3333,0
HI,2018,other,hisp,m,60-64,3184,0
HI,2018,other,hisp,f,60-64,3184,0
HI,2018,other,hisp,m,65-69,2686,0
HI,2018,other,hisp,f,65-69,2686,0
HI,2018,other,hisp,m,70-74,2239,0
HI,2018,other,hisp,f,70-74,2239,0
HI,2018,other,hisp,m,75-79,1592,0
HI,2018,other,hisp,f,75-79,1592,0
HI,2018,other,hisp,m,80-84,796,0
HI,2018,other,hisp,f,80-84,1194,0
HI,2018,other,hisp,m,85+,836,0
HI,2018,other,hisp,f,85+,1254,0
IL,2018,white,non-hisp,m,0-4,225061,0
IL,2018,white,non-hisp,f,0-4,225061,0
IL,2018,white,non-hisp,m,5-9,232822,0
IL,2018,white,non-hisp,f,5-9,232822,0
IL,2018,white,non-hisp,m,10-14,248343,0
IL,2018,white,non-hisp,f,10-14,248343,0
IL,2018,white,non-hisp,m,15-19,248343,0
IL,2018,white,non-hisp,f,15-19,248343,0
IL,2018,white,non-hisp,m,20-24,256104,0
IL,2018,white,non-hisp,f,20-24,256104,0
IL,2018,white,non-hisp,m,25-29,271626,0
IL,2018,white,non-hisp,f,25-29,271626,0
IL,2018,white,non-hisp,m,30-34,271626,0
IL,2018,white,non-hisp,f,30-34,271626,0
IL,2018,white,non-hisp,m,35-39,263865,0
IL,2018,white,non-hisp,f,35-39,263865,0
IL,2018,white,non-hisp,m,40-44,244463,0
IL,2018,white,non-hisp,f,40-44,244463,0
IL,2018,white,non-hisp,m,45-49,232822,0
IL,2018,white,non-hisp,f,45-49,232822,0
IL,2018,white,non-hisp,m,50-54,248343,0
IL,2018,white,non-hisp,f,50-54,248343,0
IL,2018,white,non-hisp,m,55-59,259985,0
IL,2018,white,non-hisp,f,55-59,259985,0
IL,2018,white,non-hisp,m,60-64,248343,0
IL,2018,white,non-hisp,f,60-64,248343,0
IL,2018,white,non-hisp,m,65-69,209540,0
IL,2018,white,non-hisp,f,65-69,209540,0
IL,2018,white,non-hisp,m,70-74,174616,0
IL,2018,white,non-hisp,f,70-74,174616,0
IL,2018,white,non-hisp,m,75-79,124172,0
IL,2018,white,non-hisp,f,75-79,124172,0
IL,2018,white,non-hisp,m,80-84,62086,0
IL,2018,white,non-hisp,f,80-84,93129,0
IL,2018,white,non-hisp,m,85+,65190,0
IL,2018,white,non-hisp,f,85+,97785,0
IL,2018,black,non-hisp,m,0-4,51020,0
IL,2018,black,non-hisp,f,0-4,51020,0
IL,2018,black,non-hisp,m,5-9,52779,0
IL,2018,black,non-hisp,f,5-9,52779,0
IL,2018,black,non-hisp,m,10-14,56298,0
IL,2018,black,non-hisp,f,10-14,56298,0
IL,2018,black,non-hisp,m,15-19,56298,0
IL,2018,black,non-hisp,f,15-19,56298,0
IL,2018,black,non-hisp,m,20-24,58057,0
IL,2018,black,non-hisp,f,20-24,58057,0
IL,2018,black,non-hisp,m,25-29,61576,0
IL,2018,black,non-hisp,f,25-29,61576,0
IL,2018,black,non-hisp,m,30-34,61576,0
IL,2018,black,non-hisp,f,30-34,61576,0
IL,2018,black,non-hisp,m,35-39,59817,0
IL,2018,black,non-hisp,f,35-39,59817,0
IL,2018,black,non-hisp,m,40-44,55418,0
IL,2018,black,non-hisp,f,40-44,55418,0
IL,2018,black,non-hisp,m,45-49,52779,0
IL,2018,black,non-hisp,f,45-49,52779,0
IL,2018,black,non-hisp,m,50-54,56298,0
IL,2018,black,non-hisp,f,50-54,56298,0
IL,2018,black,non-hisp,m,55-59,58937,0
IL,2018,black,non-hisp,f,55-59,58937,0
IL,2018,black,non-hisp,m,60-64,56298,0
IL,2018,black,non-hisp,f,60-64,56298,0
IL,2018,black,non-hisp,m,65-69,47502,0
IL,2018,black,non-hisp,f,65-69,47502,0
IL,2018,black,non-hisp,m,70-74,39585,0
IL,2018,black,non-hisp,f,70-74,39585,0
IL,2018,black,non-hisp,m,75-79,28149,0
IL,2018,black,non-hisp,f,75-79,28149,0
IL,2018,black,non-hisp,m,80-84,14075,0
IL,2018,black,non-hisp,f,80-84,21112,0
IL,2018,black,non-hisp,m,85+,14778,0
IL,2018,black,non-hisp,f,85+,22167,0
IL,2018,asian,non-hisp,m,0-4,20647,0
IL,2018,asian,non-hisp,f,0-4,20647,0
IL,2018,asian,non-hisp,m,5-9,21359,0
IL,2018,asian,non-hisp,f,5-9,21359,0
IL,2018,asian,non-hisp,m,10-14,22783,0
IL,2018,asian,non-hisp,f,10-14,22783,0
IL,2018,asian,non-hisp,m,15-19,22783,0
IL,2018,asian,non-hisp,f,15-19,22783,0
IL,2018,asian,non-hisp,m,20-24,23495,0
IL,2018,asian,non-hisp,f,20-24,23495,0
IL,2018,asian,non-hisp,m,25-29,24919,0
IL,2018,asian,non-hisp,f,25-29,24919,0
IL,2018,asian,non-hisp,m,30-34,24919,0
IL,2018,asian,non-hisp,f,30-34,24919,0
IL,2018,asian,non-hisp,m,35-39,24207,0
IL,2018,asian,non-hisp,f,35-39,24207,0
IL,2018,asian,non-hisp,m,40-44,22427,0
IL,2018,asian,non-hisp,f,40-44,22427,0
IL,2018,asian,non-hisp,m,45-49,21359,0
IL,2018,asian,non-hisp,f,45-49,21359,0
IL,2018,asian,non-hisp,m,50-54,22783,0
IL,2018,asian,non-hisp,f,50-54,22783,0
IL,2018,asian,non-hisp,m,55-59,23851,0
IL,2018,asian,non-hisp,f,55-59,23851,0
IL,2018,asian,non-hisp,m,60-64,22783,0
IL,2018,asian,non-hisp,f,60-64,22783,0
IL,2018,asian,non-hisp,m,65-69,19223,0
IL,2018,asian,non-hisp,f,65-69,19223,0
IL,2018,asian,non-hisp,m,70-74,16019,0
IL,2018,asian,non-hisp,f,70-74,16019,0
IL,2018,asian,non-hisp,m,75-79,11392,0
IL,2018,asian,non-hisp,f,75-79,11392,0
IL,2018,asian,non-hisp,m,80-84,5696,0
IL,2018,asian,non-hisp,f,80-84,8544,0
IL,2018,asian,non-hisp,m,85+,5981,0
IL,2018,asian,non-hisp,f,85+,8971,0
IL,2018,other,non-hisp,m,0-4,8706,0
IL,2018,other,non-hisp,f,0-4,8706,0
IL,2018,other,non-hisp,m,5-9,9006,0
IL,2018,other,non-hisp,f,5-9,9006,0
IL,2018,other,non-hisp,m,10-14,9606,0
IL,2018,other,non-hisp,f,10-14,9606,0
IL,2018,other,non-hisp,m,15-19,9606,0
IL,2018,other,non-hisp,f,15-19,9606,0
IL,2018,other,non-hisp,m,20-24,9906,0
IL,2018,other,non-hisp,f,20-24,9906,0
IL,2018,other,non-hisp,m,25-29,10507,0
IL,2018,other,non-hisp,f,25-29,10507,0
IL,2018,other,non-hisp,m,30-34,10507,0
IL,2018,other,non-hisp,f,30-34,10507,0
IL,2018,other,non-hisp,m,35-39,10207,0
IL,2018,other,non-hisp,f,35-39,10207,0
IL,2018,other,non-hisp,m,40-44,9456,0
IL,2018,other,non-hisp,f,40-44,9456,0
IL,2018,other,non-hisp,m,45-49,9006,0
IL,2018,other,non-hisp,f,45-49,9006,0
IL,2018,other,non-hisp,m,50-54,9606,0
IL,2018,other,non-hisp,f,50-54,9606,0
IL,2018,other,non-hisp,m,55-59,10056,0
IL,2018,other,non-hisp,f,55-59,10056,0
IL,2018,other,non-hisp,m,60-64,9606,0
IL,2018,other,non-hisp,f,60-64,9606,0
IL,2018,other,non-hisp,m,65-69,8105,0
IL,2018,other,non-hisp,f,65-69,8105,0
IL,2018,other,non-hisp,m,70-74,6754,0
IL,2018,other,non-hisp,f,70-74,6754,0
IL,2018,other,non-hisp,m,75-79,4803,0
IL,2018,other,non-hisp,f,75-79,4803,0
IL,2018,other,non-hisp,m,80-84,2402,0
IL,2018,other,non-hisp,f,80-84,3602,0
IL,2018,other,non-hisp,m,85+,2522,0
IL,2018,other,non-hisp,f,85+,3782,0
IL,2018,white,hisp,m,0-4,39858,0
IL,2018,white,hisp,f,0-4,39858,0
IL,2018,white,hisp,m,5-9,41232,0
IL,2018,white,hisp,f,5-9,41232,0
IL,2018,white,hisp,m,10-14,43981,0
IL,2018,white,hisp,f,10-14,43981,0
IL,2018,white,hisp,m,15-19,43981,0
IL,2018,white,hisp,f,15-19,43981,0
IL,2018,white,hisp,m,20-24,45356,0
IL,2018,white,hisp,f,20-24,45356,0
IL,2018,white,hisp,m,25-29,48104,0
IL,2018,white,hisp,f,25-29,48104,0
IL,2018,white,hisp,m,30-34,48104,0
IL,2018,white,hisp,f,30-34,48104,0
IL,2018,white,hisp,m,35-39,46730,0
IL,2018,white,hisp,f,35-39,46730,0
IL,2018,white,hisp,m,40-44,43294,0
IL,2018,white,hisp,f,40-44,43294,0
IL,2018,white,hisp,m,45-49,41232,0
IL,2018,white,hisp,f,45-49,41232,0
IL,2018,white,hisp,m,50-54,43981,0
IL,2018,white,hisp,f,50-54,43981,0
IL,2018,white,hisp,m,55-59,46043,0
IL,2018,white,hisp,f,55-59,46043,0
IL,2018,white,hisp,m,60-64,43981,0
IL,2018,white,hisp,f,60-64,43981,0
IL,2018,white,hisp,m,65-69,37109,0
IL,2018,white,hisp,f,65-69,37109,0
IL,2018,white,hisp,m,70-74,30924,0
IL,2018,white,hisp,f,70-74,30924,0
IL,2018,white,hisp,m,75-79,21991,0
IL,2018,white,hisp,f,75-79,21991,0
IL,2018,white,hisp,m,80-84,10995,0
IL,2018,white,hisp,f,80-84,16493,0
IL,2018,white,hisp,m,85+,11545,0
IL,2018,white,hisp,f,85+,17318,0
IL,2018,black,hisp,m,0-4,979,0
IL,2018,black,hisp,f,0-4,979,0
IL,2018,black,hisp,m,5-9,1013,0
IL,2018,black,hisp,f,5-9,1013,0
IL,2018,black,hisp,m,10-14,1080,0
IL,2018,black,hisp,f,10-14,1080,0
IL,2018,black,hisp,m,15-19,1080,0
IL,2018,black,hisp,f,15-19,1080,0
IL,2018,black,hisp,m,20-24,1114,0
IL,2018,black,hisp,f,20-24,1114,0
IL,2018,black,hisp,m,25-29,1182,0
IL,2018,black,hisp,f,25-29,1182,0
IL,2018,black,hisp,m,30-34,1182,0
IL,2018,black,hisp,f,30-34,1182,0
IL,2018,black,hisp,m,35-39,1148,0
IL,2018,black,hisp,f,35-39,1148,0
IL,2018,black,hisp,m,40-44,1064,0
IL,2018,black,hisp,f,40-44,1064,0
IL,2018,black,hisp,m,45-49,1013,0
IL,2018,black,hisp,f,45-49,1013,0
IL,2018,black,hisp,m,50-54,1080,0
IL,2018,black,hisp,f,50-54,1080,0
IL,2018,black,hisp,m,55-59,1131,0
IL,2018,black,hisp,f,55-59,1131,0
IL,2018,black,hisp,m,60-64,1080,0
IL,2018,black,hisp,f,60-64,1080,0
IL,2018,black,hisp,m,65-69,912,0
IL,2018,black,hisp,f,65-69,912,0
IL,2018,black,hisp,m,70-74,760,0
IL,2018,black,hisp,f,70-74,760,0
IL,2018,black,hisp,m,75-79,540,0
IL,2018,black,hisp,f,75-79,540,0
IL,2018,black,hisp,m,80-84,270,0
IL,2018,black,hisp,f,80-84,405,0
IL,2018,black,hisp,m,85+,284,0
IL,2018,black,hisp,f,85+,425,0
IL,2018,asian,hisp,m,0-4,173,0
IL,2018,asian,hisp,f,0-4,173,0
IL,2018,asian,hisp,m,5-9,179,0
IL,2018,asian,hisp,f,5-9,179,0
IL,2018,asian,hisp,m,10-14,191,0
IL,2018,asian,hisp,f,10-14,191,0
IL,2018,asian,hisp,m,15-19,191,0
IL,2018,asian,hisp,f,15-19,191,0
IL,2018,asian,hisp,m,20-24,197,0
IL,2018,asian,hisp,f,20-24,197,0
IL,2018,asian,hisp,m,25-29,209,0
IL,2018,asian,hisp,f,25-29,209,0
IL,2018,asian,hisp,m,30-34,209,0
IL,2018,asian,hisp,f,30-34,209,0
IL,2018,asian,hisp,m,35-39,203,0
IL,2018,asian,hisp,f,35-39,203,0
IL,2018,asian,hisp,m,40-44,188,0
IL,2018,asian,hisp,f,40-44,188,0
IL,2018,asian,hisp,m,45-49,179,0
IL,2018,asian,hisp,f,45-49,179,0
IL,2018,asian,hisp,m,50-54,191,0
IL,2018,asian,hisp,f,50-54,191,0
IL,2018,asian,hisp,m,55-59,200,0
IL,2018,asian,hisp,f,55-59,200,0
IL,2018,asian,hisp,m,60-64,191,0
IL,2018,asian,hisp,f,60-64,191,0
IL,2018,asian,hisp,m,65-69,161,0
IL,2018,asian,hisp,f,65-69,161,0
IL,2018,asian,hisp,m,70-74,134,0
IL,2018,asian,hisp,f,70-74,134,0
IL,2018,asian,hisp,m,75-79,95,0
IL,2018,asian,hisp,f,75-79,95,0
IL,2018,asian,hisp,m,80-84,48,0
IL,2018,asian,hisp,f,80-84,72,0
IL,2018,asian,hisp,m,85+,50,0
IL,2018,asian,hisp,f,85+,75,0
IL,2018,other,hisp,m,0-4,23047,0
IL,2018,other,hisp,f,0-4,23047,0
IL,2018,other,hisp,m,5-9,23842,0
IL,2018,other,hisp,f,5-9,23842,0
IL,2018,other,hisp,m,10-14,25431,0
IL,2018,other,hisp,f,10-14,25431,0
IL,2018,other,hisp,m,15-19,25431,0
IL,2018,other,hisp,f,15-19,25431,0
IL,2018,other,hisp,m,20-24,26226,0
IL,2018,other,hisp,f,20-24,26226,0
IL,2018,other,hisp,m,25-29,27815,0
IL,2018,other,hisp,f,25-29,27815,0
IL,2018,other,hisp,m,30-34,27815,0
IL,2018,other,hisp,f,30-34,27815,0
IL,2018,other,hisp,m,35-39,27021,0
IL,2018,other,hisp,f,35-39,27021,0
IL,2018,other,hisp,m,40-44,25034,0
IL,2018,other,hisp,f,40-44,25034,0
IL,2018,other,hisp,m,45-49,23842,0
IL,2018,other,hisp,f,45-49,23842,0
IL,2018,other,hisp,m,50-54,25431,0
IL,2018,other,hisp,f,50-54,25431,0
IL,2018,other,hisp,m,55-59,26623,0
IL,2018,other,hisp,f,55-59,26623,0
IL,2018,other,hisp,m,60-64,25431,0
IL,2018,other,hisp,f,60-64,25431,0
IL,2018,other,hisp,m,65-69,21458,0
IL,2018,other,hisp,f,65-69,21458,0
IL,2018,other,hisp,m,70-74,17881,0
IL,2018,other,hisp,f,70-74,17881,0
IL,2018,other,hisp,m,75-79,12716,0
IL,2018,other,hisp,f,75-79,12716,0
IL,2018,other,hisp,m,80-84,6358,0
IL,2018,other,hisp,f,80-84,9537,0
IL,2018,other,hisp,m,85+,6676,0
IL,2018,other,hisp,f,85+,10014,0
IN,2018,white,non-hisp,m,0-4,152722,0
IN,2018,white,non-hisp,f,0-4,152722,0
IN,2018,white,non-hisp,m,5-9,157989,0
IN,2018,white,non-hisp,f,5-9,157989,0
IN,2018,white,non-hisp,m,10-14,168521,0
IN,2018,white,non-hisp,f,10-14,168521,0
IN,2018,white,non-hisp,m,15-19,168521,0
IN,2018,white,non-hisp,f,15-19,168521,0
IN,2018,white,non-hisp,m,20-24,173787,0
IN,2018,white,non-hisp,f,20-24,173787,0
IN,2018,white,non-hisp,m,25-29,184320,0
IN,2018,white,non-hisp,f,25-29,184320,0
IN,2018,white,non-hisp,m,30-34,184320,0
IN,2018,white,non-hisp,f,30-34,184320,0
IN,2018,white,non-hisp,m,35-39,179054,0
IN,2018,white,non-hisp,f,35-39,179054,0
IN,2018,white,non-hisp,m,40-44,165888,0
IN,2018,white,non-hisp,f,40-44,165888,0
IN,2018,white,non-hisp,m,45-49,157989,0
IN,2018,white,non-hisp,f,45-49,157989,0
IN,2018,white,non-hisp,m,50-54,168521,0
IN,2018,white,non-hisp,f,50-54,168521,0
IN,2018,white,non-hisp,m,55-59,176421,0
IN,2018,white,non-hisp,f,55-59,176421,0
IN,2018,white,non-hisp,m,60-64,168521,0
IN,2018,white,non-hisp,f,60-64,168521,0
IN,2018,white,non-hisp,m,65-69,142190,0
IN,2018,white,non-hisp,f,65-69,142190,0
IN,2018,white,non-hisp,m,70-74,118491,0
IN,2018,white,non-hisp,f,70-74,118491,0
IN,2018,white,non-hisp,m,75-79,84261,0
IN,2018,white,non-hisp,f,75-79,84261,0
IN,2018,white,non-hisp,m,80-84,42130,0
IN,2018,white,non-hisp,f,80-84,63195,0
IN,2018,white,non-hisp,m,85+,44237,0
IN,2018,white,non-hisp,f,85+,66355,0
IN,2018,black,non-hisp,m,0-4,18229,0
IN,2018,black,non-hisp,f,0-4,18229,0
IN,2018,black,non-hisp,m,5-9,18858,0
IN,2018,black,non-hisp,f,5-9,18858,0
IN,2018,black,non-hisp,m,10-14,20115,0
IN,2018,black,non-hisp,f,10-14,20115,0
IN,2018,black,non-hisp,m,15-19,20115,0
IN,2018,black,non-hisp,f,15-19,20115,0
IN,2018,black,non-hisp,m,20-24,20744,0
IN,2018,black,non-hisp,f,20-24,20744,0
IN,2018,black,non-hisp,m,25-29,22001,0
IN,2018,black,non-hisp,f,25-29,22001,0
IN,2018,black,non-hisp,m,30-34,22001,0
IN,2018,black,non-hisp,f,30-34,22001,0
IN,2018,black,non-hisp,m,35-39,21373,0
IN,2018,black,non-hisp,f,35-39,21373,0
IN,2018,black,non-hisp,m,40-44,19801,0
IN,2018,black,non-hisp,f,40-44,19801,0
IN,2018,black,non-hisp,m,45-49,18858,0
IN,2018,black,non-hisp,f,45-49,18858,0
IN,2018,black,non-hisp,m,50-54,20115,0
IN,2018,black,non-hisp,f,50-54,20115,0
IN,2018,black,non-hisp,m,55-59,21058,0
IN,2018,black,non-hisp,f,55-59,21058,0
IN,2018,black,non-hisp,m,60-64,20115,0
IN,2018,black,non-hisp,f,60-64,20115,0
IN,2018,black,non-hisp,m,65-69,16972,0
IN,2018,black,non-hisp,f,65-69,16972,0
IN,2018,black,non-hisp,m,70-74,14144,0
IN,2018,black,non-hisp,f,70-74,14144,0
IN,2018,black,non-hisp,m,75-79,10058,0
IN,2018,black,non-hisp,f,75-79,10058,0
IN,2018,black,non-hisp,m,80-84,5029,0
IN,2018,black,non-hisp,f,80-84,7543,0
IN,2018,black,non-hisp,m,85+,5280,0
IN,2018,black,non-hisp,f,85+,7920,0
IN,2018,asian,non-hisp,m,0-4,4435,0
IN,2018,asian,non-hisp,f,0-4,4435,0
IN,2018,asian,non-hisp,m,5-9,4588,0
IN,2018,asian,non-hisp,f,5-9,4588,0
IN,2018,asian,non-hisp,m,10-14,4894,0
IN,2018,asian,non-hisp,f,10-14,4894,0
IN,2018,asian,non-hisp,m,15-19,4894,0
IN,2018,asian,non-hisp,f,15-19,4894,0
IN,2018,asian,non-hisp,m,20-24,5047,0
IN,2018,asian,non-hisp,f,20-24,5047,0
IN,2018,asian,non-hisp,m,25-29,5353,0
IN,2018,asian,non-hisp,f,25-29,5353,0
IN,2018,asian,non-hisp,m,30-34,5353,0
IN,2018,asian,non-hisp,f,30-34,5353,0
IN,2018,asian,non-hisp,m,35-39,5200,0
IN,2018,asian,non-hisp,f,35-39,5200,0
IN,2018,asian,non-hisp,m,40-44,4818,0
IN,2018,asian,non-hisp,f,40-44,4818,0
IN,2018,asian,non-hisp,m,45-49,4588,0
IN,2018,asian,non-hisp,f,45-49,4588,0
IN,2018,asian,non-hisp,m,50-54,4894,0
IN,2018,asian,non-hisp,f,50-54,4894,0
IN,2018,asian,non-hisp,m,55-59,5123,0
IN,2018,asian,non-hisp,f,55-59,5123,0
IN,2018,asian,non-hisp,m,60-64,4894,0
IN,2018,asian,non-hisp,f,60-64,4894,0
IN,2018,asian,non-hisp,m,65-69,4129,0
IN,2018,asian,non-hisp,f,65-69,4129,0
IN,2018,asian,non-hisp,m,70-74,3441,0
IN,2018,asian,non-hisp,f,70-74,3441,0
IN,2018,asian,non-hisp,m,75-79,2447,0
IN,2018,asian,non-hisp,f,75-79,2447,0
IN,2018,asian,non-hisp,m,80-84,1224,0
IN,2018,asian,non-hisp,f,80-84,1835,0
IN,2018,asian,non-hisp,m,85+,1285,0
IN,2018,asian,non-hisp,f,85+,1927,0
IN,2018,other,non-hisp,m,0-4,4977,0
IN,2018,other,non-hisp,f,0-4,4977,0
IN,2018,other,non-hisp,m,5-9,5149,0
IN,2018,other,non-hisp,f,5-9,5149,0
IN,2018,other,non-hisp,m,10-14,5492,0
IN,2018,other,non-hisp,f,10-14,5492,0
IN,2018,other,non-hisp,m,15-19,5492,0
IN,2018,other,non-hisp,f,15-19,5492,0
IN,2018,other,non-hisp,m,20-24,5664,0
IN,2018,other,non-hisp,f,20-24,5664,0
IN,2018,other,non-hisp,m,25-29,6007,0
IN,2018,other,non-hisp,f,25-29,6007,0
IN,2018,other,non-hisp,m,30-34,6007,0
IN,2018,other,non-hisp,f,30-34,6007,0
IN,2018,other,non-hisp,m,35-39,5835,0
IN,2018,other,non-hisp,f,35-39,5835,0
IN,2018,other,non-hisp,m,40-44,5406,0
IN,2018,other,non-hisp,f,40-44,5406,0
IN,2018,other,non-hisp,m,45-49,5149,0
IN,2018,other,non-hisp,f,45-49,5149,0
IN,2018,other,non-hisp,m,50-54,5492,0
IN,2018,other,non-hisp,f,50-54,5492,0
IN,2018,other,non-hisp,m,55-59,5750,0
IN,2018,other,non-hisp,f,55-59,5750,0
IN,2018,other,non-hisp,m,60-64,5492,0
IN,2018,other,non-hisp,f,60-64,5492,0
IN,2018,other,non-hisp,m,65-69,4634,0
IN,2018,other,non-hisp,f,65-69,4634,0
IN,2018,other,non-hisp,m,70-74,3862,0
IN,2018,other,non-hisp,f,70-74,3862,0
IN,2018,other,non-hisp,m,75-79,2746,0
IN,2018,other,non-hisp,f,75-79,2746,0
IN,2018,other,non-hisp,m,80-84,1373,0
IN,2018,other,non-hisp,f,80-84,2060,0
IN,2018,other,non-hisp,m,85+,1442,0
IN,2018,other,non-hisp,f,85+,2163,0
IN,2018,white,hisp,m,0-4,7936,0
IN,2018,white,hisp,f,0-4,7936,0
IN,2018,white,hisp,m,5-9,8209,0
IN,2018,white,hisp,f,5-9,8209,0
IN,2018,white,hisp,m,10-14,8757,0
IN,2018,white,hisp,f,10-14,8757,0
IN,2018,white,hisp,m,15-19,8757,0
IN,2018,white,hisp,f,15-19,8757,0
IN,2018,white,hisp,m,20-24,9030,0
IN,2018,white,hisp,f,20-24,9030,0
IN,2018,white,hisp,m,25-29,9577,0
IN,2018,white,hisp,f,25-29,9577,0
IN,2018,white,hisp,m,30-34,9577,0
IN,2018,white,hisp,f,30-34,9577,0
IN,2018,white,hisp,m,35-39,9304,0
IN,2018,white,hisp,f,35-39,9304,0
IN,2018,white,hisp,m,40-44,8620,0
IN,2018,white,hisp,f,40-44,8620,0
IN,2018,white,hisp,m,45-49,8209,0
IN,2018,white,hisp,f,45-49,8209,0
IN,2018,white,hisp,m,50-54,8757,0
IN,2018,white,hisp,f,50-54,8757,0
IN,2018,white,hisp,m,55-59,9167,0
IN,2018,white,hisp,f,55-59,9167,0
IN,2018,white,hisp,m,60-64,8757,0
IN,2018,white,hisp,f,60-64,8757,0
IN,2018,white,hisp,m,65-69,7388,0
IN,2018,white,hisp,f,65-69,7388,0
IN,2018,white,hisp,m,70-74,6157,0
IN,2018,white,hisp,f,70-74,6157,0
IN,2018,white,hisp,m,75-79,4378,0
IN,2018,white,hisp,f,75-79,4378,0
IN,2018,white,hisp,m,80-84,2189,0
IN,2018,white,hisp,f,80-84,3284,0
IN,2018,white,hisp,m,85+,2299,0
IN,2018,white,hisp,f,85+,3448,0
IN,2018,black,hisp,m,0-4,252,0
IN,2018,black,hisp,f,0-4,252,0
IN,2018,black,hisp,m,5-9,260,0
IN,2018,black,hisp,f,5-9,260,0
IN,2018,black,hisp,m,10-14,278,0
IN,2018,black,hisp,f,10-14,278,0
IN,2018,black,hisp,m,15-19,278,0
IN,2018,black,hisp,f,15-19,278,0
IN,2018,black,hisp,m,20-24,286,0
IN,2018,black,hisp,f,20-24,286,0
IN,2018,black,hisp,m,25-29,304,0
IN,2018,black,hisp,f,25-29,304,0
IN,2018,black,hisp,m,30-34,304,0
IN,2018,black,hisp,f,30-34,304,0
IN,2018,black,hisp,m,35-39,295,0
IN,2018,black,hisp,f,35-39,295,0
IN,2018,black,hisp,m,40-44,273,0
IN,2018,black,hisp,f,40-44,273,0
IN,2018,black,hisp,m,45-49,260,0
IN,2018,black,hisp,f,45-49,260,0
IN,2018,black,hisp,m,50-54,278,0
IN,2018,black,hisp,f,50-54,278,0
IN,2018,black,hisp,m,55-59,291,0
IN,2018,black,hisp,f,55-59,291,0
IN,2018,black,hisp,m,60-64,278,0
IN,2018,black,hisp,f,60-64,278,0
IN,2018,black,hisp,m,65-69,234,0
IN,2018,black,hisp,f,65-69,234,0
IN,2018,black,hisp,m,70-74,195,0
IN,2018,black,hisp,f,70-74,195,0
IN,2018,black,hisp,m,75-79,139,0
IN,2018,black,hisp,f,75-79,139,0
IN,2018,black,hisp,m,80-84,69,0
IN,2018,black,hisp,f,80-84,104,0
IN,2018,black,hisp,m,85+,73,0
IN,2018,black,hisp,f,85+,109,0
IN,2018,asian,hisp,m,0-4,37,0
IN,2018,asian,hisp,f,0-4,37,0
IN,2018,asian,hisp,m,5-9,38,0
IN,2018,asian,hisp,f,5-9,38,0
IN,2018,asian,hisp,m,10-14,41,0
IN,2018,asian,hisp,f,10-14,41,0
IN,2018,asian,hisp,m,15-19,41,0
IN,2018,asian,hisp,f,15-19,41,0
IN,2018,asian,hisp,m,20-24,42,0
IN,2018,asian,hisp,f,20-24,42,0
IN,2018,asian,hisp,m,25-29,45,0
IN,2018,asian,hisp,f,25-29,45,0
IN,2018,asian,hisp,m,30-34,45,0
IN,2018,asian,hisp,f,30-34,45,0
IN,2018,asian,hisp,m,35-39,44,0
IN,2018,asian,hisp,f,35-39,44,0
IN,2018,asian,hisp,m,40-44,40,0
IN,2018,asian,hisp,f,40-44,40,0
IN,2018,asian,hisp,m,45-49,38,0
IN,2018,asian,hisp,f,45-49,38,0
IN,2018,asian,hisp,m,50-54,41,0
IN,2018,asian,hisp,f,50-54,41,0
IN,2018,asian,hisp,m,55-59,43,0
IN,2018,asian,hisp,f,55-59,43,0
IN,2018,asian,hisp,m,60-64,41,0
IN,2018,asian,hisp,f,60-64,41,0
IN,2018,asian,hisp,m,65-69,35,0
IN,2018,asian,hisp,f,65-69,35,0
IN,2018,asian,hisp,m,70-74,29,0
IN,2018,asian,hisp,f,70-74,29,0
IN,2018,asian,hisp,m,75-79,20,0
IN,2018,asian,hisp,f,75-79,20,0
IN,2018,asian,hisp,m,80-84,10,0
IN,2018,asian,hisp,f,80-84,15,0
IN,2018,asian,hisp,m,85+,11,0
IN,2018,asian,hisp,f,85+,16,0
IN,2018,other,hisp,m,0-4,5476,0
IN,2018,other,hisp,f,0-4,5476,0
IN,2018,other,hisp,m,5-9,5665,0
IN,2018,other,hisp,f,5-9,5665,0
IN,2018,other,hisp,m,10-14,6042,0
IN,2018,other,hisp,f,10-14,6042,0
IN,2018,other,hisp,m,15-19,6042,0
IN,2018,other,hisp,f,15-19,6042,0
IN,2018,other,hisp,m,20-24,6231,0
IN,2018,other,hisp,f,20-24,6231,0
IN,2018,other,hisp,m,25-29,6609,0
IN,2018,other,hisp,f,25-29,6609,0
IN,2018,other,hisp,m,30-34,6609,0
IN,2018,other,hisp,f,30-34,6609,0
IN,2018,other,hisp,m,35-39,6420,0
IN,2018,other,hisp,f,35-39,6420,0
IN,2018,other,hisp,m,40-44,5948,0
IN,2018,other,hisp,f,40-44,5948,0
IN,2018,other,hisp,m,45-49,5665,0
IN,2018,other,hisp,f,45-49,5665,0
IN,2018,other,hisp,m,50-54,6042,0
IN,2018,other,hisp,f,50-54,6042,0
IN,2018,other,hisp,m,55-59,6326,0
IN,2018,other,hisp,f,55-59,6326,0
IN,2018,other,hisp,m,60-64,6042,0
IN,2018,other,hisp,f,60-64,6042,0
IN,2018,other,hisp,m,65-69,5098,0
IN,2018,other,hisp,f,65-69,5098,0
IN,2018,other,hisp,m,70-74,4249,0
IN,2018,other,hisp,f,70-74,4249,0
IN,2018,other,hisp,m,75-79,3021,0
IN,2018,other,hisp,f,75-79,3021,0
IN,2018,other,hisp,m,80-84,1511,0
IN,2018,other,hisp,f,80-84,2266,0
IN,2018,other,hisp,m,85+,1586,0
IN,2018,other,hisp,f,85+,2379,0
IA,2018,white,non-hisp,m,0-4,78172,0
IA,2018,white,non-hisp,f,0-4,78172,0
IA,2018,white,non-hisp,m,5-9,80867,0
IA,2018,white,non-hisp,f,5-9,80867,0
IA,2018,white,non-hisp,m,10-14,86259,0
IA,2018,white,non-hisp,f,10-14,86259,0
IA,2018,white,non-hisp,m,15-19,86259,0
IA,2018,white,non-hisp,f,15-19,86259,0
IA,2018,white,non-hisp,m,20-24,88954,0
IA,2018,white,non-hisp,f,20-24,88954,0
IA,2018,white,non-hisp,m,25-29,94345,0
IA,2018,white,non-hisp,f,25-29,94345,0
IA,2018,white,non-hisp,m,30-34,94345,0
IA,2018,white,non-hisp,f,30-34,94345,0
IA,2018,white,non-hisp,m,35-39,91650,0
IA,2018,white,non-hisp,f,35-39,91650,0
IA,2018,white,non-hisp,m,40-44,84911,0
IA,2018,white,non-hisp,f,40-44,84911,0
IA,2018,white,non-hisp,m,45-49,80867,0
IA,2018,white,non-hisp,f,45-49,80867,0
IA,2018,white,non-hisp,m,50-54,86259,0
IA,2018,white,non-hisp,f,50-54,86259,0
IA,2018,white,non-hisp,m,55-59,90302,0
IA,2018,white,non-hisp,f,55-59,90302,0
IA,2018,white,non-hisp,m,60-64,86259,0
IA,2018,white,non-hisp,f,60-64,86259,0
IA,2018,white,non-hisp,m,65-69,72781,0
IA,2018,white,non-hisp,f,65-69,72781,0
IA,2018,white,non-hisp,m,70-74,60651,0
IA,2018,white,non-hisp,f,70-74,60651,0
IA,2018,white,non-hisp,m,75-79,43129,0
IA,2018,white,non-hisp,f,75-79,43129,0
IA,2018,white,non-hisp,m,80-84,21565,0
IA,2018,white,non-hisp,f,80-84,32347,0
IA,2018,white,non-hisp,m,85+,22643,0
IA,2018,white,non-hisp,f,85+,33964,0
IA,2018,black,non-hisp,m,0-4,3293,0
IA,2018,black,non-hisp,f,0-4,3293,0
IA,2018,black,non-hisp,m,5-9,3407,0
IA,2018,black,non-hisp,f,5-9,3407,0
IA,2018,black,non-hisp,m,10-14,3634,0
IA,2018,black,non-hisp,f,10-14,3634,0
IA,2018,black,non-hisp,m,15-19,3634,0
IA,2018,black,non-hisp,f,15-19,3634,0
IA,2018,black,non-hisp,m,20-24,3748,0
IA,2018,black,non-hisp,f,20-24,3748,0
IA,2018,black,non-hisp,m,25-29,3975,0
IA,2018,black,non-hisp,f,25-29,3975,0
IA,2018,black,non-hisp,m,30-34,3975,0
IA,2018,black,non-hisp,f,30-34,3975,0
IA,2018,black,non-hisp,m,35-39,3861,0
IA,2018,black,non-hisp,f,35-39,3861,0
IA,2018,black,non-hisp,m,40-44,3577,0
IA,2018,black,non-hisp,f,40-44,3577,0
IA,2018,black,non-hisp,m,45-49,3407,0
IA,2018,black,non-hisp,f,45-49,3407,0
IA,2018,black,non-hisp,m,50-54,3634,0
IA,2018,black,non-hisp,f,50-54,3634,0
IA,2018,black,non-hisp,m,55-59,3804,0
IA,2018,black,non-hisp,f,55-59,3804,0
IA,2018,black,non-hisp,m,60-64,3634,0
IA,2018,black,non-hisp,f,60-64,3634,0
IA,2018,black,non-hisp,m,65-69,3066,0
IA,2018,black,non-hisp,f,65-69,3066,0
IA,2018,black,non-hisp,m,70-74,2555,0
IA,2018,black,non-hisp,f,70-74,2555,0
IA,2018,black,non-hisp,m,75-79,1817,0
IA,2018,black,non-hisp,f,75-79,1817,0
IA,2018,black,non-hisp,m,80-84,908,0
IA,2018,black,non-hisp,f,80-84,1363,0
IA,2018,black,non-hisp,m,85+,954,0
IA,2018,black,non-hisp,f,85+,1431,0
IA,2018,asian,non-hisp,m,0-4,2310,0
IA,2018,asian,non-hisp,f,0-4,2310,0
IA,2018,asian,non-hisp,m,5-9,2389,0
IA,2018,asian,non-hisp,f,5-9,2389,0
IA,2018,asian,non-hisp,m,10-14,2549,0
IA,2018,asian,non-hisp,f,10-14,2549,0
IA,2018,asian,non-hisp,m,15-19,2549,0
IA,2018,asian,non-hisp,f,15-19,2549,0
IA,2018,asian,non-hisp,m,20-24,2628,0
IA,2018,asian,non-hisp,f,20-24,2628,0
IA,2018,asian,non-hisp,m,25-29,2788,0
IA,2018,asian,non-hisp,f,25-29,2788,0
IA,2018,asian,non-hisp,m,30-34,2788,0
IA,2018,asian,non-hisp,f,30-34,2788,0
IA,2018,asian,non-hisp,m,35-39,2708,0
IA,2018,asian,non-hisp,f,35-39,2708,0
IA,2018,asian,non-hisp,m,40-44,2509,0
IA,2018,asian,non-hisp,f,40-44,2509,0
IA,2018,asian,non-hisp,m,45-49,2389,0
IA,2018,asian,non-hisp,f,45-49,2389,0
IA,2018,asian,non-hisp,m,50-54,2549,0
IA,2018,asian,non-hisp,f,50-54,2549,0
IA,2018,asian,non-hisp,m,55-59,2668,0
IA,2018,asian,non-hisp,f,55-59,2668,0
IA,2018,asian,non-hisp,m,60-64,2549,0
IA,2018,asian,non-hisp,f,60-64,2549,0
IA,2018,asian,non-hisp,m,65-69,2150,0
IA,2018,asian,non-hisp,f,65-69,2150,0
IA,2018,asian,non-hisp,m,70-74,1792,0
IA,2018,asian,non-hisp,f,70-74,1792,0
IA,2018,asian,non-hisp,m,75-79,1274,0
IA,2018,asian,non-hisp,f,75-79,1274,0
IA,2018,asian,non-hisp,m,80-84,637,0
IA,2018,asian,non-hisp,f,80-84,956,0
IA,2018,asian,non-hisp,m,85+,669,0
IA,2018,asian,non-hisp,f,85+,1004,0
IA,2018,other,non-hisp,m,0-4,2201,0
IA,2018,other,non-hisp,f,0-4,2201,0
IA,2018,other,non-hisp,m,5-9,2277,0
IA,2018,other,non-hisp,f,5-9,2277,0
IA,2018,other,non-hisp,m,10-14,2428,0
IA,2018,other,non-hisp,f,10-14,2428,0
IA,2018,other,non-hisp,m,15-19,2428,0
IA,2018,other,non-hisp,f,15-19,2428,0
IA,2018,other,non-hisp,m,20-24,2504,0
IA,2018,other,non-hisp,f,20-24,2504,0
IA,2018,other,non-hisp,m,25-29,2656,0
IA,2018,other,non-hisp,f,25-29,2656,0
IA,2018,other,non-hisp,m,30-34,2656,0
IA,2018,other,non-hisp,f,30-34,2656,0
IA,2018,other,non-hisp,m,35-39,2580,0
IA,2018,other,non-hisp,f,35-39,2580,0
IA,2018,other,non-hisp,m,40-44,2390,0
IA,2018,other,non-hisp,f,40-44,2390,0
IA,2018,other,non-hisp,m,45-49,2277,0
IA,2018,other,non-hisp,f,45-49,2277,0
IA,2018,other,non-hisp,m,50-54,2428,0
IA,2018,other,non-hisp,f,50-54,2428,0
IA,2018,other,non-hisp,m,55-59,2542,0
IA,2018,other,non-hisp,f,55-59,2542,0
IA,2018,other,non-hisp,m,60-64,2428,0
IA,2018,other,non-hisp,f,60-64,2428,0
IA,2018,other,non-hisp,m,65-69,2049,0
IA,2018,other,non-hisp,f,65-69,2049,0
IA,2018,other,non-hisp,m,70-74,1707,0
IA,2018,other,non-hisp,f,70-74,1707,0
IA,2018,other,non-hisp,m,75-79,1214,0
IA,2018,other,non-hisp,f,75-79,1214,0
IA,2018,other,non-hisp,m,80-84,607,0
IA,2018,other,non-hisp,f,80-84,911,0
IA,2018,other,non-hisp,m,85+,637,0
IA,2018,other,non-hisp,f,85+,956,0
IA,2018,white,hisp,m,0-4,4365,0
IA,2018,white,hisp,f,0-4,4365,0
IA,2018,white,hisp,m,5-9,4515,0
IA,2018,white,hisp,f,5-9,4515,0
IA,2018,white,hisp,m,10-14,4817,0
IA,2018,white,hisp,f,10-14,4817,0
IA,2018,white,hisp,m,15-19,4817,0
IA,2018,white,hisp,f,15-19,4817,0
IA,2018,white,hisp,m,20-24,4967,0
IA,2018,white,hisp,f,20-24,4967,0
IA,2018,white,hisp,m,25-29,5268,0
IA,2018,white,hisp,f,25-29,5268,0
IA,2018,white,hisp,m,30-34,5268,0
IA,2018,white,hisp,f,30-34,5268,0
IA,2018,white,hisp,m,35-39,5118,0
IA,2018,white,hisp,f,35-39,5118,0
IA,2018,white,hisp,m,40-44,4741,0
IA,2018,white,hisp,f,40-44,4741,0
IA,2018,white,hisp,m,45-49,4515,0
IA,2018,white,hisp,f,45-49,4515,0
IA,2018,white,hisp,m,50-54,4817,0
IA,2018,white,hisp,f,50-54,4817,0
IA,2018,white,hisp,m,55-59,5042,0
IA,2018,white,hisp,f,55-59,5042,0
IA,2018,white,hisp,m,60-64,4817,0
IA,2018,white,hisp,f,60-64,4817,0
IA,2018,white,hisp,m,65-69,4064,0
IA,2018,white,hisp,f,65-69,4064,0
IA,2018,white,hisp,m,70-74,3387,0
IA,2018,white,hisp,f,70-74,3387,0
IA,2018,white,hisp,m,75-79,2408,0
IA,2018,white,hisp,f,75-79,2408,0
IA,2018,white,hisp,m,80-84,1204,0
IA,2018,white,hisp,f,80-84,1806,0
IA,2018,white,hisp,m,85+,1264,0
IA,2018,white,hisp,f,85+,1897,0
IA,2018,black,hisp,m,0-4,46,0
IA,2018,black,hisp,f,0-4,46,0
IA,2018,black,hisp,m,5-9,47,0
IA,2018,black,hisp,f,5-9,47,0
IA,2018,black,hisp,m,10-14,50,0
IA,2018,black,hisp,f,10-14,50,0
IA,2018,black,hisp,m,15-19,50,0
IA,2018,black,hisp,f,15-19,50,0
IA,2018,black,hisp,m,20-24,52,0
IA,2018,black,hisp,f,20-24,52,0
IA,2018,black,hisp,m,25-29,55,0
IA,2018,black,hisp,f,25-29,55,0
IA,2018,black,hisp,m,30-34,55,0
IA,2018,black,hisp,f,30-34,55,0
IA,2018,black,hisp,m,35-39,54,0
IA,2018,black,hisp,f,35-39,54,0
IA,2018,black,hisp,m,40-44,50,0
IA,2018,black,hisp,f,40-44,50,0
IA,2018,black,hisp,m,45-49,47,0
IA,2018,black,hisp,f,45-49,47,0
IA,2018,black,hisp,m,50-54,50,0
IA,2018,black,hisp,f,50-54,50,0
IA,2018,black,hisp,m,55-59,53,0
IA,2018,black,hisp,f,55-59,53,0
IA,2018,black,hisp,m,60-64,50,0
IA,2018,black,hisp,f,60-64,50,0
IA,2018,black,hisp,m,65-69,43,0
IA,2018,black,hisp,f,65-69,43,0
IA,2018,black,hisp,m,70-74,35,0
IA,2018,black,hisp,f,70-74,35,0
IA,2018,black,hisp,m,75-79,25,0
IA,2018,black,hisp,f,75-79,25,0
IA,2018,black,hisp,m,80-84,13,0
IA,2018,black,hisp,f,80-84,19,0
IA,2018,black,hisp,m,85+,13,0
IA,2018,black,hisp,f,85+,20,0
IA,2018,asian,hisp,m,0-4,10,0
IA,2018,asian,hisp,f,0-4,10,0
IA,2018,asian,hisp,m,5-9,10,0
IA,2018,asian,hisp,f,5-9,10,0
IA,2018,asian,hisp,m,10-14,10,0
IA,2018,asian,hisp,f,10-14,10,0
IA,2018,asian,hisp,m,15-19,10,0
IA,2018,asian,hisp,f,15-19,10,0
IA,2018,asian,hisp,m,20-24,11,0
IA,2018,asian,hisp,f,20-24,11,0
IA,2018,asian,hisp,m,25-29,11,0
IA,2018,asian,hisp,f,25-29,11,0
IA,2018,asian,hisp,m,30-34,11,0
IA,2018,asian,hisp,f,30-34,11,0
IA,2018,asian,hisp,m,35-39,11,0
IA,2018,asian,hisp,f,35-39,11,0
IA,2018,asian,hisp,m,40-44,10,0
IA,2018,asian,hisp,f,40-44,10,0
IA,2018,asian,hisp,m,45-49,10,0
IA,2018,asian,hisp,f,45-49,10,0
IA,2018,asian,hisp,m,50-54,10,0
IA,2018,asian,hisp,f,50-54,10,0
IA,2018,asian,hisp,m,55-59,11,0
IA,2018,asian,hisp,f,55-59,11,0
IA,2018,asian,hisp,m,60-64,10,0
IA,2018,asian,hisp,f,60-64,10,0
IA,2018,asian,hisp,m,65-69,9,0
IA,2018,asian,hisp,f,65-69,9,0
IA,2018,asian,hisp,m,70-74,7,0
IA,2018,asian,hisp,f,70-74,7,0
IA,2018,asian,hisp,m,75-79,5,0
IA,2018,asian,hisp,f,75-79,5,0
IA,2018,asian,hisp,m,80-84,3,0
IA,2018,asian,hisp,f,80-84,4,0
IA,2018,asian,hisp,m,85+,3,0
IA,2018,asian,hisp,f,85+,4,0
IA,2018,other,hisp,m,0-4,1133,0
IA,2018,other,hisp,f,0-4,1133,0
IA,2018,other,hisp,m,5-9,1172,0
IA,2018,other,hisp,f,5-9,1172,0
IA,2018,other,hisp,m,10-14,1250,0
IA,2018,other,hisp,f,10-14,1250,0
IA,2018,other,hisp,m,15-19,1250,0
IA,2018,other,hisp,f,15-19,1250,0
IA,2018,other,hisp,m,20-24,1289,0
IA,2018,other,hisp,f,20-24,1289,0
IA,2018,other,hisp,m,25-29,1367,0
IA,2018,other,hisp,f,25-29,1367,0
IA,2018,other,hisp,m,30-34,1367,0
IA,2018,other,hisp,f,30-34,1367,0
IA,2018,other,hisp,m,35-39,1328,0
IA,2018,other,hisp,f,35-39,1328,0
IA,2018,other,hisp,m,40-44,1230,0
IA,2018,other,hisp,f,40-44,1230,0
IA,2018,other,hisp,m,45-49,1172,0
IA,2018,other,hisp,f,45-49,1172,0
IA,2018,other,hisp,m,50-54,1250,0
IA,2018,other,hisp,f,50-54,1250,0
IA,2018,other,hisp,m,55-59,1308,0
IA,2018,other,hisp,f,55-59,1308,0
IA,2018,other,hisp,m,60-64,1250,0
IA,2018,other,hisp,f,60-64,1250,0
IA,2018,other,hisp,m,65-69,1054,0
IA,2018,other,hisp,f,65-69,1054,0
IA,2018,other,hisp,m,70-74,879,0
IA,2018,other,hisp,f,70-74,879,0
IA,2018,other,hisp,m,75-79,625,0
IA,2018,other,hisp,f,75-79,625,0
IA,2018,other,hisp,m,80-84,312,0
IA,2018,other,hisp,f,80-84,469,0
IA,2018,other,hisp,m,85+,328,0
IA,2018,other,hisp,f,85+,492,0
KS,2018,white,non-hisp,m,0-4,63851,0
KS,2018,white,non-hisp,f,0-4,63851,0
KS,2018,white,non-hisp,m,5-9,66052,0
KS,2018,white,non-hisp,f,5-9,66052,0
KS,2018,white,non-hisp,m,10-14,70456,0
KS,2018,white,non-hisp,f,10-14,70456,0
KS,2018,white,non-hisp,m,15-19,70456,0
KS,2018,white,non-hisp,f,15-19,70456,0
KS,2018,white,non-hisp,m,20-24,72657,0
KS,2018,white,non-hisp,f,20-24,72657,0
KS,2018,white,non-hisp,m,25-29,77061,0
KS,2018,white,non-hisp,f,25-29,77061,0
KS,2018,white,non-hisp,m,30-34,77061,0
KS,2018,white,non-hisp,f,30-34,77061,0
KS,2018,white,non-hisp,m,35-39,74859,0
KS,2018,white,non-hisp,f,35-39,74859,0
KS,2018,white,non-hisp,m,40-44,69355,0
KS,2018,white,non-hisp,f,40-44,69355,0
KS,2018,white,non-hisp,m,45-49,66052,0
KS,2018,white,non-hisp,f,45-49,66052,0
KS,2018,white,non-hisp,m,50-54,70456,0
KS,2018,white,non-hisp,f,50-54,70456,0
KS,2018,white,non-hisp,m,55-59,73758,0
KS,2018,white,non-hisp,f,55-59,73758,0
KS,2018,white,non-hisp,m,60-64,70456,0
KS,2018,white,non-hisp,f,60-64,70456,0
KS,2018,white,non-hisp,m,65-69,59447,0
KS,2018,white,non-hisp,f,65-69,59447,0
KS,2018,white,non-hisp,m,70-74,49539,0
KS,2018,white,non-hisp,f,70-74,49539,0
KS,2018,white,non-hisp,m,75-79,35228,0
KS,2018,white,non-hisp,f,75-79,35228,0
KS,2018,white,non-hisp,m,80-84,17614,0
KS,2018,white,non-hisp,f,80-84,26421,0
KS,2018,white,non-hisp,m,85+,18495,0
KS,2018,white,non-hisp,f,85+,27742,0
KS,2018,black,non-hisp,m,0-4,4731,0
KS,2018,black,non-hisp,f,0-4,4731,0
KS,2018,black,non-hisp,m,5-9,4894,0
KS,2018,black,non-hisp,f,5-9,4894,0
KS,2018,black,non-hisp,m,10-14,5220,0
KS,2018,black,non-hisp,f,10-14,5220,0
KS,2018,black,non-hisp,m,15-19,5220,0
KS,2018,black,non-hisp,f,15-19,5220,0
KS,2018,black,non-hisp,m,20-24,5383,0
KS,2018,black,non-hisp,f,20-24,5383,0
KS,2018,black,non-hisp,m,25-29,5710,0
KS,2018,black,non-hisp,f,25-29,5710,0
KS,2018,black,non-hisp,m,30-34,5710,0
KS,2018,black,non-hisp,f,30-34,5710,0
KS,2018,black,non-hisp,m,35-39,5546,0
KS,2018,black,non-hisp,f,35-39,5546,0
KS,2018,black,non-hisp,m,40-44,5139,0
KS,2018,black,non-hisp,f,40-44,5139,0
KS,2018,black,non-hisp,m,45-49,4894,0
KS,2018,black,non-hisp,f,45-49,4894,0
KS,2018,black,non-hisp,m,50-54,5220,0
KS,2018,black,non-hisp,f,50-54,5220,0
KS,2018,black,non-hisp,m,55-59,5465,0
KS,2018,black,non-hisp,f,55-59,5465,0
KS,2018,black,non-hisp,m,60-64,5220,0
KS,2018,black,non-hisp,f,60-64,5220,0
KS,2018,black,non-hisp,m,65-69,4405,0
KS,2018,black,non-hisp,f,65-69,4405,0
KS,2018,black,non-hisp,m,70-74,3670,0
KS,2018,black,non-hisp,f,70-74,3670,0
KS,2018,black,non-hisp,m,75-79,2610,0
KS,2018,black,non-hisp,f,75-79,2610,0
KS,2018,black,non-hisp,m,80-84,1305,0
KS,2018,black,non-hisp,f,80-84,1958,0
KS,2018,black,non-hisp,m,85+,1370,0
KS,2018,black,non-hisp,f,85+,2055,0
KS,2018,asian,non-hisp,m,0-4,2373,0
KS,2018,asian,non-hisp,f,0-4,2373,0
KS,2018,asian,non-hisp,m,5-9,2455,0
KS,2018,asian,non-hisp,f,5-9,2455,0
KS,2018,asian,non-hisp,m,10-14,2618,0
KS,2018,asian,non-hisp,f,10-14,2618,0
KS,2018,asian,non-hisp,m,15-19,2618,0
KS,2018,asian,non-hisp,f,15-19,2618,0
KS,2018,asian,non-hisp,m,20-24,2700,0
KS,2018,asian,non-hisp,f,20-24,2700,0
KS,2018,asian,non-hisp,m,25-29,2864,0
KS,2018,asian,non-hisp,f,25-29,2864,0
KS,2018,asian,non-hisp,m,30-34,2864,0
KS,2018,asian,non-hisp,f,30-34,2864,0
KS,2018,asian,non-hisp,m,35-39,2782,0
KS,2018,asian,non-hisp,f,35-39,2782,0
KS,2018,asian,non-hisp,m,40-44,2577,0
KS,2018,asian,non-hisp,f,40-44,2577,0
KS,2018,asian,non-hisp,m,45-49,2455,0
KS,2018,asian,non-hisp,f,45-49,2455,0
KS,2018,asian,non-hisp,m,50-54,2618,0
KS,2018,asian,non-hisp,f,50-54,2618,0
KS,2018,asian,non-hisp,m,55-59,2741,0
KS,2018,asian,non-hisp,f,55-59,2741,0
KS,2018,asian,non-hisp,m,60-64,2618,0
KS,2018,asian,non-hisp,f,60-64,2618,0
KS,2018,asian,non-hisp,m,65-69,2209,0
KS,2018,asian,non-hisp,f,65-69,2209,0
KS,2018,asian,non-hisp,m,70-74,1841,0
KS,2018,asian,non-hisp,f,70-74,1841,0
KS,2018,asian,non-hisp,m,75-79,1309,0
KS,2018,asian,non-hisp,f,75-79,1309,0
KS,2018,asian,non-hisp,m,80-84,655,0
KS,2018,asian,non-hisp,f,80-84,982,0
KS,2018,asian,non-hisp,m,85+,687,0
KS,2018,asian,non-hisp,f,85+,1031,0
KS,2018,other,non-hisp,m,0-4,3375,0
KS,2018,other,non-hisp,f,0-4,3375,0
KS,2018,other,non-hisp,m,5-9,3491,0
KS,2018,other,non-hisp,f,5-9,3491,0
KS,2018,other,non-hisp,m,10-14,3724,0
KS,2018,other,non-hisp,f,10-14,3724,0
KS,2018,other,non-hisp,m,15-19,3724,0
KS,2018,other,non-hisp,f,15-19,3724,0
KS,2018,other,non-hisp,m,20-24,3840,0
KS,2018,other,non-hisp,f,20-24,3840,0
KS,2018,other,non-hisp,m,25-29,4073,0
KS,2018,other,non-hisp,f,25-29,4073,0
KS,2018,other,non-hisp,m,30-34,4073,0
KS,2018,other,non-hisp,f,30-34,4073,0
KS,2018,other,non-hisp,m,35-39,3957,0
KS,2018,other,non-hisp,f,35-39,3957,0
KS,2018,other,non-hisp,m,40-44,3666,0
KS,2018,other,non-hisp,f,40-44,3666,0
KS,2018,other,non-hisp,m,45-49,3491,0
KS,2018,other,non-hisp,f,45-49,3491,0
KS,2018,other,non-hisp,m,50-54,3724,0
KS,2018,other,non-hisp,f,50-54,3724,0
KS,2018,other,non-hisp,m,55-59,3898,0
KS,2018,other,non-hisp,f,55-59,3898,0
KS,2018,other,non-hisp,m,60-64,3724,0
KS,2018,other,non-hisp,f,60-64,3724,0
KS,2018,other,non-hisp,m,65-69,3142,0
KS,2018,other,non-hisp,f,65-69,3142,0
KS,2018,other,non-hisp,m,70-74,2618,0
KS,2018,other,non-hisp,f,70-74,2618,0
KS,2018,other,non-hisp,m,75-79,1862,0
KS,2018,other,non-hisp,f,75-79,1862,0
KS,2018,other,non-hisp,m,80-84,931,0
KS,2018,other,non-hisp,f,80-84,1396,0
KS,2018,other,non-hisp,m,85+,977,0
KS,2018,other,non-hisp,f,85+,1466,0
KS,2018,white,hisp,m,0-4,7107,0
KS,2018,white,hisp,f,0-4,7107,0
KS,2018,white,hisp,m,5-9,7352,0
KS,2018,white,hisp,f,5-9,7352,0
KS,2018,white,hisp,m,10-14,7843,0
KS,2018,white,hisp,f,10-14,7843,0
KS,2018,white,hisp,m,15-19,7843,0
KS,2018,white,hisp,f,15-19,7843,0
KS,2018,white,hisp,m,20-24,8088,0
KS,2018,white,hisp,f,20-24,8088,0
KS,2018,white,hisp,m,25-29,8578,0
KS,2018,white,hisp,f,25-29,8578,0
KS,2018,white,hisp,m,30-34,8578,0
KS,2018,white,hisp,f,30-34,8578,0
KS,2018,white,hisp,m,35-39,8333,0
KS,2018,white,hisp,f,35-39,8333,0
KS,2018,white,hisp,m,40-44,7720,0
KS,2018,white,hisp,f,40-44,7720,0
KS,2018,white,hisp,m,45-49,7352,0
KS,2018,white,hisp,f,45-49,7352,0
KS,2018,white,hisp,m,50-54,7843,0
KS,2018,white,hisp,f,50-54,7843,0
KS,2018,white,hisp,m,55-59,8210,0
KS,2018,white,hisp,f,55-59,8210,0
KS,2018,white,hisp,m,60-64,7843,0
KS,2018,white,hisp,f,60-64,7843,0
KS,2018,white,hisp,m,65-69,6617,0
KS,2018,white,hisp,f,65-69,6617,0
KS,2018,white,hisp,m,70-74,5514,0
KS,2018,white,hisp,f,70-74,5514,0
KS,2018,white,hisp,m,75-79,3921,0
KS,2018,white,hisp,f,75-79,3921,0
KS,2018,white,hisp,m,80-84,1961,0
KS,2018,white,hisp,f,80-84,2941,0
KS,2018,white,hisp,m,85+,2059,0
KS,2018,white,hisp,f,85+,3088,0
KS,2018,black,hisp,m,0-4,232,0
KS,2018,black,hisp,f,0-4,232,0
KS,2018,black,hisp,m,5-9,240,0
KS,2018,black,hisp,f,5-9,240,0
KS,2018,black,hisp,m,10-14,256,0
KS,2018,black,hisp,f,10-14,256,0
KS,2018,black,hisp,m,15-19,256,0
KS,2018,black,hisp,f,15-19,256,0
KS,2018,black,hisp,m,20-24,264,0
KS,2018,black,hisp,f,20-24,264,0
KS,2018,black,hisp,m,25-29,280,0
KS,2018,black,hisp,f,25-29,280,0
KS,2018,black,hisp,m,30-34,280,0
KS,2018,black,hisp,f,30-34,280,0
KS,2018,black,hisp,m,35-39,272,0
KS,2018,black,hisp,f,35-39,272,0
KS,2018,black,hisp,m,40-44,252,0
KS,2018,black,hisp,f,40-44,252,0
KS,2018,black,hisp,m,45-49,240,0
KS,2018,black,hisp,f,45-49,240,0
KS,2018,black,hisp,m,50-54,256,0
KS,2018,black,hisp,f,50-54,256,0
KS,2018,black,hisp,m,55-59,268,0
KS,2018,black,hisp,f,55-59,268,0
KS,2018,black,hisp,m,60-64,256,0
KS,2018,black,hisp,f,60-64,256,0
KS,2018,black,hisp,m,65-69,216,0
KS,2018,black,hisp,f,65-69,216,0
KS,2018,black,hisp,m,70-74,180,0
KS,2018,black,hisp,f,70-74,180,0
KS,2018,black,hisp,m,75-79,128,0
KS,2018,black,hisp,f,75-79,128,0
KS,2018,black,hisp,m,80-84,64,0
KS,2018,black,hisp,f,80-84,96,0
KS,2018,black,hisp,m,85+,67,0
KS,2018,black,hisp,f,85+,101,0
KS,2018,asian,hisp,m,0-4,18,0
KS,2018,asian,hisp,f,0-4,18,0
KS,2018,asian,hisp,m,5-9,19,0
KS,2018,asian,hisp,f,5-9,19,0
KS,2018,asian,hisp,m,10-14,20,0
KS,2018,asian,hisp,f,10-14,20,0
KS,2018,asian,hisp,m,15-19,20,0
KS,2018,asian,hisp,f,15-19,20,0
KS,2018,asian,hisp,m,20-24,20,0
KS,2018,asian,hisp,f,20-24,20,0
KS,2018,asian,hisp,m,25-29,22,0
KS,2018,asian,hisp,f,25-29,22,0
KS,2018,asian,hisp,m,30-34,22,0
KS,2018,asian,hisp,f,30-34,22,0
KS,2018,asian,hisp,m,35-39,21,0
KS,2018,asian,hisp,f,35-39,21,0
KS,2018,asian,hisp,m,40-44,20,0
KS,2018,asian,hisp,f,40-44,20,0
KS,2018,asian,hisp,m,45-49,19,0
KS,2018,asian,hisp,f,45-49,19,0
KS,2018,asian,hisp,m,50-54,20,0
KS,2018,asian,hisp,f,50-54,20,0
KS,2018,asian,hisp,m,55-59,21,0
KS,2018,asian,hisp,f,55-59,21,0
KS,2018,asian,hisp,m,60-64,20,0
KS,2018,asian,hisp,f,60-64,20,0
KS,2018,asian,hisp,m,65-69,17,0
KS,2018,asian,hisp,f,65-69,17,0
KS,2018,asian,hisp,m,70-74,14,0
KS,2018,asian,hisp,f,70-74,14,0
KS,2018,asian,hisp,m,75-79,10,0
KS,2018,asian,hisp,f,75-79,10,0
KS,2018,asian,hisp,m,80-84,5,0
KS,2018,asian,hisp,f,80-84,7,0
KS,2018,asian,hisp,m,85+,5,0
KS,2018,asian,hisp,f,85+,8,0
KS,2018,other,hisp,m,0-4,2747,0
KS,2018,other,hisp,f,0-4,2747,0
KS,2018,other,hisp,m,5-9,2842,0
KS,2018,other,hisp,f,5-9,2842,0
KS,2018,other,hisp,m,10-14,3031,0
KS,2018,other,hisp,f,10-14,3031,0
KS,2018,other,hisp,m,15-19,3031,0
KS,2018,other,hisp,f,15-19,3031,0
KS,2018,other,hisp,m,20-24,3126,0
KS,2018,other,hisp,f,20-24,3126,0
KS,2018,other,hisp,m,25-29,3316,0
KS,2018,other,hisp,f,25-29,3316,0
KS,2018,other,hisp,m,30-34,3316,0
KS,2018,other,hisp,f,30-34,3316,0
KS,2018,other,hisp,m,35-39,3221,0
KS,2018,other,hisp,f,35-39,3221,0
KS,2018,other,hisp,m,40-44,2984,0
KS,2018,other,hisp,f,40-44,2984,0
KS,2018,other,hisp,m,45-49,2842,0
KS,2018,other,hisp,f,45-49,2842,0
KS,2018,other,hisp,m,50-54,3031,0
KS,2018,other,hisp,f,50-54,3031,0
KS,2018,other,hisp,m,55-59,3174,0
KS,2018,other,hisp,f,55-59,3174,0
KS,2018,other,hisp,m,60-64,3031,0
KS,2018,other,hisp,f,60-64,3031,0
KS,2018,other,hisp,m,65-69,2558,0
KS,2018,other,hisp,f,65-69,2558,0
KS,2018,other,hisp,m,70-74,2131,0
KS,2018,other,hisp,f,70-74,2131,0
KS,2018,other,hisp,m,75-79,1516,0
KS,2018,other,hisp,f,75-79,1516,0
KS,2018,other,hisp,m,80-84,758,0
KS,2018,other,hisp,f,80-84,1137,0
KS,2018,other,hisp,m,85+,796,0
KS,2018,other,hisp,f,85+,1194,0
KY,2018,white,non-hisp,m,0-4,109506,0
KY,2018,white,non-hisp,f,0-4,109506,0
KY,2018,white,non-hisp,m,5-9,113282,0
KY,2018,white,non-hisp,f,5-9,113282,0
KY,2018,white,non-hisp,m,10-14,120834,0
KY,2018,white,non-hisp,f,10-14,120834,0
KY,2018,white,non-hisp,m,15-19,120834,0
KY,2018,white,non-hisp,f,15-19,120834,0
KY,2018,white,non-hisp,m,20-24,124610,0
KY,2018,white,non-hisp,f,20-24,124610,0
KY,2018,white,non-hisp,m,25-29,132162,0
KY,2018,white,non-hisp,f,25-29,132162,0
KY,2018,white,non-hisp,m,30-34,132162,0
KY,2018,white,non-hisp,f,30-34,132162,0
KY,2018,white,non-hisp,m,35-39,128386,0
KY,2018,white,non-hisp,f,35-39,128386,0
KY,2018,white,non-hisp,m,40-44,118946,0
KY,2018,white,non-hisp,f,40-44,118946,0
KY,2018,white,non-hisp,m,45-49,113282,0
KY,2018,white,non-hisp,f,45-49,113282,0
KY,2018,white,non-hisp,m,50-54,120834,0
KY,2018,white,non-hisp,f,50-54,120834,0
KY,2018,white,non-hisp,m,55-59,126498,0
KY,2018,white,non-hisp,f,55-59,126498,0
KY,2018,white,non-hisp,m,60-64,120834,0
KY,2018,white,non-hisp,f,60-64,120834,0
KY,2018,white,non-hisp,m,65-69,101953,0
KY,2018,white,non-hisp,f,65-69,101953,0
KY,2018,white,non-hisp,m,70-74,84961,0
KY,2018,white,non-hisp,f,70-74,84961,0
KY,2018,white,non-hisp,m,75-79,60417,0
KY,2018,white,non-hisp,f,75-79,60417,0
KY,2018,white,non-hisp,m,80-84,30208,0
KY,2018,white,non-hisp,f,80-84,45313,0
KY,2018,white,non-hisp,m,85+,31719,0
KY,2018,white,non-hisp,f,85+,47578,0
KY,2018,black,non-hisp,m,0-4,10137,0
KY,2018,black,non-hisp,f,0-4,10137,0
KY,2018,black,non-hisp,m,5-9,10486,0
KY,2018,black,non-hisp,f,5-9,10486,0
KY,2018,black,non-hisp,m,10-14,11185,0
KY,2018,black,non-hisp,f,10-14,11185,0
KY,2018,black,non-hisp,m,15-19,11185,0
KY,2018,black,non-hisp,f,15-19,11185,0
KY,2018,black,non-hisp,m,20-24,11535,0
KY,2018,black,non-hisp,f,20-24,11535,0
KY,2018,black,non-hisp,m,25-29,12234,0
KY,2018,black,non-hisp,f,25-29,12234,0
KY,2018,black,non-hisp,m,30-34,12234,0
KY,2018,black,non-hisp,f,30-34,12234,0
KY,2018,black,non-hisp,m,35-39,11884,0
KY,2018,black,non-hisp,f,35-39,11884,0
KY,2018,black,non-hisp,m,40-44,11011,0
KY,2018,black,non-hisp,f,40-44,11011,0
KY,2018,black,non-hisp,m,45-49,10486,0
KY,2018,black,non-hisp,f,45-49,10486,0
KY,2018,black,non-hisp,m,50-54,11185,0
KY,2018,black,non-hisp,f,50-54,11185,0
KY,2018,black,non-hisp,m,55-59,11710,0
KY,2018,black,non-hisp,f,55-59,11710,0
KY,2018,black,non-hisp,m,60-64,11185,0
KY,2018,black,non-hisp,f,60-64,11185,0
KY,2018,black,non-hisp,m,65-69,9438,0
KY,2018,black,non-hisp,f,65-69,9438,0
KY,2018,black,non-hisp,m,70-74,7865,0
KY,2018,black,non-hisp,f,70-74,7865,0
KY,2018,black,non-hisp,m,75-79,5593,0
KY,2018,black,non-hisp,f,75-79,5593,0
KY,2018,black,non-hisp,m,80-84,2796,0
KY,2018,black,non-hisp,f,80-84,4195,0
KY,2018,black,non-hisp,m,85+,2936,0
KY,2018,black,non-hisp,f,85+,4404,0
KY,2018,asian,non-hisp,m,0-4,1880,0
KY,2018,asian,non-hisp,f,0-4,1880,0
KY,2018,asian,non-hisp,m,5-9,1945,0
KY,2018,asian,non-hisp,f,5-9,1945,0
KY,2018,asian,non-hisp,m,10-14,2075,0
KY,2018,asian,non-hisp,f,10-14,2075,0
KY,2018,asian,non-hisp,m,15-19,2075,0
KY,2018,asian,non-hisp,f,15-19,2075,0
KY,2018,asian,non-hisp,m,20-24,2139,0
KY,2018,asian,non-hisp,f,20-24,2139,0
KY,2018,asian,non-hisp,m,25-29,2269,0
KY,2018,asian,non-hisp,f,25-29,2269,0
KY,2018,asian,non-hisp,m,30-34,2269,0
KY,2018,asian,non-hisp,f,30-34,2269,0
KY,2018,asian,non-hisp,m,35-39,2204,0
KY,2018,asian,non-hisp,f,35-39,2204,0
KY,2018,asian,non-hisp,m,40-44,2042,0
KY,2018,asian,non-hisp,f,40-44,2042,0
KY,2018,asian,non-hisp,m,45-49,1945,0
KY,2018,asian,non-hisp,f,45-49,1945,0
KY,2018,asian,non-hisp,m,50-54,2075,0
KY,2018,asian,non-hisp,f,50-54,2075,0
KY,2018,asian,non-hisp,m,55-59,2172,0
KY,2018,asian,non-hisp,f,55-59,2172,0
KY,2018,asian,non-hisp,m,60-64,2075,0
KY,2018,asian,non-hisp,f,60-64,2075,0
KY,2018,asian,non-hisp,m,65-69,1750,0
KY,2018,asian,non-hisp,f,65-69,1750,0
KY,2018,asian,non-hisp,m,70-74,1459,0
KY,2018,asian,non-hisp,f,70-74,1459,0
KY,2018,asian,non-hisp,m,75-79,1037,0
KY,2018,asian,non-hisp,f,75-79,1037,0
KY,2018,asian,non-hisp,m,80-84,519,0
KY,2018,asian,non-hisp,f,80-84,778,0
KY,2018,asian,non-hisp,m,85+,545,0
KY,2018,asian,non-hisp,f,85+,817,0
KY,2018,other,non-hisp,m,0-4,3378,0
KY,2018,other,non-hisp,f,0-4,3378,0
KY,2018,other,non-hisp,m,5-9,3494,0
KY,2018,other,non-hisp,f,5-9,3494,0
KY,2018,other,non-hisp,m,10-14,3727,0
KY,2018,other,non-hisp,f,10-14,3727,0
KY,2018,other,non-hisp,m,15-19,3727,0
KY,2018,other,non-hisp,f,15-19,3727,0
KY,2018,other,non-hisp,m,20-24,3843,0
KY,2018,other,non-hisp,f,20-24,3843,0
KY,2018,other,non-hisp,m,25-29,4076,0
KY,2018,other,non-hisp,f,25-29,4076,0
KY,2018,other,non-hisp,m,30-34,4076,0
KY,2018,other,non-hisp,f,30-34,4076,0
KY,2018,other,non-hisp,m,35-39,3960,0
KY,2018,other,non-hisp,f,35-39,3960,0
KY,2018,other,non-hisp,m,40-44,3669,0
KY,2018,other,non-hisp,f,40-44,3669,0
KY,2018,other,non-hisp,m,45-49,3494,0
KY,2018,other,non-hisp,f,45-49,3494,0
KY,2018,other,non-hisp,m,50-54,3727,0
KY,2018,other,non-hisp,f,50-54,3727,0
KY,2018,other,non-hisp,m,55-59,3902,0
KY,2018,other,non-hisp,f,55-59,3902,0
KY,2018,other,non-hisp,m,60-64,3727,0
KY,2018,other,non-hisp,f,60-64,3727,0
KY,2018,other,non-hisp,m,65-69,3145,0
KY,2018,other,non-hisp,f,65-69,3145,0
KY,2018,other,non-hisp,m,70-74,2621,0
KY,2018,other,non-hisp,f,70-74,2621,0
KY,2018,other,non-hisp,m,75-79,1864,0
KY,2018,other,non-hisp,f,75-79,1864,0
KY,2018,other,non-hisp,m,80-84,932,0
KY,2018,other,non-hisp,f,80-84,1398,0
KY,2018,other,non-hisp,m,85+,978,0
KY,2018,other,non-hisp,f,85+,1468,0
KY,2018,white,hisp,m,0-4,2870,0
KY,2018,white,hisp,f,0-4,2870,0
KY,2018,white,hisp,m,5-9,2969,0
KY,2018,white,hisp,f,5-9,2969,0
KY,2018,white,hisp,m,10-14,3167,0
KY,2018,white,hisp,f,10-14,3167,0
KY,2018,white,hisp,m,15-19,3167,0
KY,2018,white,hisp,f,15-19,3167,0
KY,2018,white,hisp,m,20-24,3266,0
KY,2018,white,hisp,f,20-24,3266,0
KY,2018,white,hisp,m,25-29,3464,0
KY,2018,white,hisp,f,25-29,3464,0
KY,2018,white,hisp,m,30-34,3464,0
KY,2018,white,hisp,f,30-34,3464,0
KY,2018,white,hisp,m,35-39,3365,0
KY,2018,white,hisp,f,35-39,3365,0
KY,2018,white,hisp,m,40-44,3117,0
KY,2018,white,hisp,f,40-44,3117,0
KY,2018,white,hisp,m,45-49,2969,0
KY,2018,white,hisp,f,45-49,2969,0
KY,2018,white,hisp,m,50-54,3167,0
KY,2018,white,hisp,f,50-54,3167,0
KY,2018,white,hisp,m,55-59,3315,0
KY,2018,white,hisp,f,55-59,3315,0
KY,2018,white,hisp,m,60-64,3167,0
KY,2018,white,hisp,f,60-64,3167,0
KY,2018,white,hisp,m,65-69,2672,0
KY,2018,white,hisp,f,65-69,2672,0
KY,2018,white,hisp,m,70-74,2227,0
KY,2018,white,hisp,f,70-74,2227,0
KY,2018,white,hisp,m,75-79,1583,0
KY,2018,white,hisp,f,75-79,1583,0
KY,2018,white,hisp,m,80-84,792,0
KY,2018,white,hisp,f,80-84,1188,0
KY,2018,white,hisp,m,85+,831,0
KY,2018,white,hisp,f,85+,1247,0
KY,2018,black,hisp,m,0-4,151,0
KY,2018,black,hisp,f,0-4,151,0
KY,2018,black,hisp,m,5-9,157,0
KY,2018,black,hisp,f,5-9,157,0
KY,2018,black,hisp,m,10-14,167,0
KY,2018,black,hisp,f,10-14,167,0
KY,2018,black,hisp,m,15-19,167,0
KY,2018,black,hisp,f,15-19,167,0
KY,2018,black,hisp,m,20-24,172,0
KY,2018,black,hisp,f,20-24,172,0
KY,2018,black,hisp,m,25-29,183,0
KY,2018,black,hisp,f,25-29,183,0
KY,2018,black,hisp,m,30-34,183,0
KY,2018,black,hisp,f,30-34,183,0
KY,2018,black,hisp,m,35-39,177,0
KY,2018,black,hisp,f,35-39,177,0
KY,2018,black,hisp,m,40-44,164,0
KY,2018,black,hisp,f,40-44,164,0
KY,2018,black,hisp,m,45-49,157,0
KY,2018,black,hisp,f,45-49,157,0
KY,2018,black,hisp,m,50-54,167,0
KY,2018,black,hisp,f,50-54,167,0
KY,2018,black,hisp,m,55-59,175,0
KY,2018,black,hisp,f,55-59,175,0
KY,2018,black,hisp,m,60-64,167,0
KY,2018,black,hisp,f,60-64,167,0
KY,2018,black,hisp,m,65-69,141,0
KY,2018,black,hisp,f,65-69,141,0
KY,2018,black,hisp,m,70-74,117,0
KY,2018,black,hisp,f,70-74,117,0
KY,2018,black,hisp,m,75-79,84,0
KY,2018,black,hisp,f,75-79,84,0
KY,2018,black,hisp,m,80-84,42,0
KY,2018,black,hisp,f,80-84,63,0
KY,2018,black,hisp,m,85+,44,0
KY,2018,black,hisp,f,85+,66,0
KY,2018,asian,hisp,m,0-4,14,0
KY,2018,asian,hisp,f,0-4,14,0
KY,2018,asian,hisp,m,5-9,14,0
KY,2018,asian,hisp,f,5-9,14,0
KY,2018,asian,hisp,m,10-14,15,0
KY,2018,asian,hisp,f,10-14,15,0
KY,2018,asian,hisp,m,15-19,15,0
KY,2018,asian,hisp,f,15-19,15,0
KY,2018,asian,hisp,m,20-24,16,0
KY,2018,asian,hisp,f,20-24,16,0
KY,2018,asian,hisp,m,25-29,16,0
KY,2018,asian,hisp,f,25-29,16,0
KY,2018,asian,hisp,m,30-34,16,0
KY,2018,asian,hisp,f,30-34,16,0
KY,2018,asian,hisp,m,35-39,16,0
KY,2018,asian,hisp,f,35-39,16,0
KY,2018,asian,hisp,m,40-44,15,0
KY,2018,asian,hisp,f,40-44,15,0
KY,2018,asian,hisp,m,45-49,14,0
KY,2018,asian,hisp,f,45-49,14,0
KY,2018,asian,hisp,m,50-54,15,0
KY,2018,asian,hisp,f,50-54,15,0
KY,2018,asian,hisp,m,55-59,16,0
KY,2018,asian,hisp,f,55-59,16,0
KY,2018,asian,hisp,m,60-64,15,0
KY,2018,asian,hisp,f,60-64,15,0
KY,2018,asian,hisp,m,65-69,13,0
KY,2018,asian,hisp,f,65-69,13,0
KY,2018,asian,hisp,m,70-74,11,0
KY,2018,asian,hisp,f,70-74,11,0
KY,2018,asian,hisp,m,75-79,8,0
KY,2018,asian,hisp,f,75-79,8,0
KY,2018,asian,hisp,m,80-84,4,0
KY,2018,asian,hisp,f,80-84,6,0
KY,2018,asian,hisp,m,85+,4,0
KY,2018,asian,hisp,f,85+,6,0
KY,2018,other,hisp,m,0-4,1649,0
KY,2018,other,hisp,f,0-4,1649,0
KY,2018,other,hisp,m,5-9,1705,0
KY,2018,other,hisp,f,5-9,1705,0
KY,2018,other,hisp,m,10-14,1819,0
KY,2018,other,hisp,f,10-14,1819,0
KY,2018,other,hisp,m,15-19,1819,0
KY,2018,other,hisp,f,15-19,1819,0
KY,2018,other,hisp,m,20-24,1876,0
KY,2018,other,hisp,f,20-24,1876,0
KY,2018,other,hisp,m,25-29,1990,0
KY,2018,other,hisp,f,25-29,1990,0
KY,2018,other,hisp,m,30-34,1990,0
KY,2018,other,hisp,f,30-34,1990,0
KY,2018,other,hisp,m,35-39,1933,0
KY,2018,other,hisp,f,35-39,1933,0
KY,2018,other,hisp,m,40-44,1791,0
KY,2018,other,hisp,f,40-44,1791,0
KY,2018,other,hisp,m,45-49,1705,0
KY,2018,other,hisp,f,45-49,1705,0
KY,2018,other,hisp,m,50-54,1819,0
KY,2018,other,hisp,f,50-54,1819,0
KY,2018,other,hisp,m,55-59,1904,0
KY,2018,other,hisp,f,55-59,1904,0
KY,2018,other,hisp,m,60-64,1819,0
KY,2018,other,hisp,f,60-64,1819,0
KY,2018,other,hisp,m,65-69,1535,0
KY,2018,other,hisp,f,65-69,1535,0
KY,2018,other,hisp,m,70-74,1279,0
KY,2018,other,hisp,f,70-74,1279,0
KY,2018,other,hisp,m,75-79,910,0
KY,2018,other,hisp,f,75-79,910,0
KY,2018,other,hisp,m,80-84,455,0
KY,2018,other,hisp,f,80-84,682,0
KY,2018,other,hisp,m,85+,478,0
KY,2018,other,hisp,f,85+,716,0
LA,2018,white,non-hisp,m,0-4,78902,0
LA,2018,white,non-hisp,f,0-4,78902,0
LA,2018,white,non-hisp,m,5-9,81623,0
LA,2018,white,non-hisp,f,5-9,81623,0
LA,2018,white,non-hisp,m,10-14,87065,0
LA,2018,white,non-hisp,f,10-14,87065,0
LA,2018,white,non-hisp,m,15-19,87065,0
LA,2018,white,non-hisp,f,15-19,87065,0
LA,2018,white,non-hisp,m,20-24,89786,0
LA,2018,white,non-hisp,f,20-24,89786,0
LA,2018,white,non-hisp,m,25-29,95227,0
LA,2018,white,non-hisp,f,25-29,95227,0
LA,2018,white,non-hisp,m,30-34,95227,0
LA,2018,white,non-hisp,f,30-34,95227,0
LA,2018,white,non-hisp,m,35-39,92506,0
LA,2018,white,non-hisp,f,35-39,92506,0
LA,2018,white,non-hisp,m,40-44,85704,0
LA,2018,white,non-hisp,f,40-44,85704,0
LA,2018,white,non-hisp,m,45-49,81623,0
LA,2018,white,non-hisp,f,45-49,81623,0
LA,2018,white,non-hisp,m,50-54,87065,0
LA,2018,white,non-hisp,f,50-54,87065,0
LA,2018,white,non-hisp,m,55-59,91146,0
LA,2018,white,non-hisp,f,55-59,91146,0
LA,2018,white,non-hisp,m,60-64,87065,0
LA,2018,white,non-hisp,f,60-64,87065,0
LA,2018,white,non-hisp,m,65-69,73461,0
LA,2018,white,non-hisp,f,65-69,73461,0
LA,2018,white,non-hisp,m,70-74,61217,0
LA,2018,white,non-hisp,f,70-74,61217,0
LA,2018,white,non-hisp,m,75-79,43532,0
LA,2018,white,non-hisp,f,75-79,43532,0
LA,2018,white,non-hisp,m,80-84,21766,0
LA,2018,white,non-hisp,f,80-84,32649,0
LA,2018,white,non-hisp,m,85+,22855,0
LA,2018,white,non-hisp,f,85+,34282,0
LA,2018,black,non-hisp,m,0-4,43471,0
LA,2018,black,non-hisp,f,0-4,43471,0
LA,2018,black,non-hisp,m,5-9,44970,0
LA,2018,black,non-hisp,f,5-9,44970,0
LA,2018,black,non-hisp,m,10-14,47968,0
LA,2018,black,non-hisp,f,10-14,47968,0
LA,2018,black,non-hisp,m,15-19,47968,0
LA,2018,black,non-hisp,f,15-19,47968,0
LA,2018,black,non-hisp,m,20-24,49467,0
LA,2018,black,non-hisp,f,20-24,49467,0
LA,2018,black,non-hisp,m,25-29,52465,0
LA,2018,black,non-hisp,f,25-29,52465,0
LA,2018,black,non-hisp,m,30-34,52465,0
LA,2018,black,non-hisp,f,30-34,52465,0
LA,2018,black,non-hisp,m,35-39,50966,0
LA,2018,black,non-hisp,f,35-39,50966,0
LA,2018,black,non-hisp,m,40-44,47219,0
LA,2018,black,non-hisp,f,40-44,47219,0
LA,2018,black,non-hisp,m,45-49,44970,0
LA,2018,black,non-hisp,f,45-49,44970,0
LA,2018,black,non-hisp,m,50-54,47968,0
LA,2018,black,non-hisp,f,50-54,47968,0
LA,2018,black,non-hisp,m,55-59,50217,0
LA,2018,black,non-hisp,f,55-59,50217,0
LA,2018,black,non-hisp,m,60-64,47968,0
LA,2018,black,non-hisp,f,60-64,47968,0
LA,2018,black,non-hisp,m,65-69,40473,0
LA,2018,black,non-hisp,f,65-69,40473,0
LA,2018,black,non-hisp,m,70-74,33728,0
LA,2018,black,non-hisp,f,70-74,33728,0
LA,2018,black,non-hisp,m,75-79,23984,0
LA,2018,black,non-hisp,f,75-79,23984,0
LA,2018,black,non-hisp,m,80-84,11992,0
LA,2018,black,non-hisp,f,80-84,17988,0
LA,2018,black,non-hisp,m,85+,12592,0
LA,2018,black,non-hisp,f,85+,18888,0
LA,2018,asian,non-hisp,m,0-4,2171,0
LA,2018,asian,non-hisp,f,0-4,2171,0
LA,2018,asian,non-hisp,m,5-9,2245,0
LA,2018,asian,non-hisp,f,5-9,2245,0
LA,2018,asian,non-hisp,m,10-14,2395,0
LA,2018,asian,non-hisp,f,10-14,2395,0
LA,2018,asian,non-hisp,m,15-19,2395,0
LA,2018,asian,non-hisp,f,15-19,2395,0
LA,2018,asian,non-hisp,m,20-24,2470,0
LA,2018,asian,non-hisp,f,20-24,2470,0
LA,2018,asian,non-hisp,m,25-29,2620,0
LA,2018,asian,non-hisp,f,25-29,2620,0
LA,2018,asian,non-hisp,m,30-34,2620,0
LA,2018,asian,non-hisp,f,30-34,2620,0
LA,2018,asian,non-hisp,m,35-39,2545,0
LA,2018,asian,non-hisp,f,35-39,2545,0
LA,2018,asian,non-hisp,m,40-44,2358,0
LA,2018,asian,non-hisp,f,40-44,2358,0
LA,2018,asian,non-hisp,m,45-49,2245,0
LA,2018,asian,non-hisp,f,45-49,2245,0
LA,2018,asian,non-hisp,m,50-54,2395,0
LA,2018,asian,non-hisp,f,50-54,2395,0
LA,2018,asian,non-hisp,m,55-59,2507,0
LA,2018,asian,non-hisp,f,55-59,2507,0
LA,2018,asian,non-hisp,m,60-64,2395,0
LA,2018,asian,non-hisp,f,60-64,2395,0
LA,2018,asian,non-hisp,m,65-69,2021,0
LA,2018,asian,non-hisp,f,65-69,2021,0
LA,2018,asian,non-hisp,m,70-74,1684,0
LA,2018,asian,non-hisp,f,70-74,1684,0
LA,2018,asian,non-hisp,m,75-79,1198,0
LA,2018,asian,non-hisp,f,75-79,1198,0
LA,2018,asian,non-hisp,m,80-84,599,0
LA,2018,asian,non-hisp,f,80-84,898,0
LA,2018,asian,non-hisp,m,85+,629,0
LA,2018,asian,non-hisp,f,85+,943,0
LA,2018,other,non-hisp,m,0-4,3637,0
LA,2018,other,non-hisp,f,0-4,3637,0
LA,2018,other,non-hisp,m,5-9,3762,0
LA,2018,other,non-hisp,f,5-9,3762,0
LA,2018,other,non-hisp,m,10-14,4013,0
LA,2018,other,non-hisp,f,10-14,4013,0
LA,2018,other,non-hisp,m,15-19,4013,0
LA,2018,other,non-hisp,f,15-19,4013,0
LA,2018,other,non-hisp,m,20-24,4138,0
LA,2018,other,non-hisp,f,20-24,4138,0
LA,2018,other,non-hisp,m,25-29,4389,0
LA,2018,other,non-hisp,f,25-29,4389,0
LA,2018,other,non-hisp,m,30-34,4389,0
LA,2018,other,non-hisp,f,30-34,4389,0
LA,2018,other,non-hisp,m,35-39,4263,0
LA,2018,other,non-hisp,f,35-39,4263,0
LA,2018,other,non-hisp,m,40-44,3950,0
LA,2018,other,non-hisp,f,40-44,3950,0
LA,2018,other,non-hisp,m,45-49,3762,0
LA,2018,other,non-hisp,f,45-49,3762,0
LA,2018,other,non-hisp,m,50-54,4013,0
LA,2018,other,non-hisp,f,50-54,4013,0
LA,2018,other,non-hisp,m,55-59,4201,0
LA,2018,other,non-hisp,f,55-59,4201,0
LA,2018,other,non-hisp,m,60-64,4013,0
LA,2018,other,non-hisp,f,60-64,4013,0
LA,2018,other,non-hisp,m,65-69,3386,0
LA,2018,other,non-hisp,f,65-69,3386,0
LA,2018,other,non-hisp,m,70-74,2821,0
LA,2018,other,non-hisp,f,70-74,2821,0
LA,2018,other,non-hisp,m,75-79,2006,0
LA,2018,other,non-hisp,f,75-79,2006,0
LA,2018,other,non-hisp,m,80-84,1003,0
LA,2018,other,non-hisp,f,80-84,1505,0
LA,2018,other,non-hisp,m,85+,1053,0
LA,2018,other,non-hisp,f,85+,1580,0
LA,2018,white,hisp,m,0-4,4534,0
LA,2018,white,hisp,f,0-4,4534,0
LA,2018,white,hisp,m,5-9,4690,0
LA,2018,white,hisp,f,5-9,4690,0
LA,2018,white,hisp,m,10-14,5003,0
LA,2018,white,hisp,f,10-14,5003,0
LA,2018,white,hisp,m,15-19,5003,0
LA,2018,white,hisp,f,15-19,5003,0
LA,2018,white,hisp,m,20-24,5159,0
LA,2018,white,hisp,f,20-24,5159,0
LA,2018,white,hisp,m,25-29,5472,0
LA,2018,white,hisp,f,25-29,5472,0
LA,2018,white,hisp,m,30-34,5472,0
LA,2018,white,hisp,f,30-34,5472,0
LA,2018,white,hisp,m,35-39,5316,0
LA,2018,white,hisp,f,35-39,5316,0
LA,2018,white,hisp,m,40-44,4925,0
LA,2018,white,hisp,f,40-44,4925,0
LA,2018,white,hisp,m,45-49,4690,0
LA,2018,white,hisp,f,45-49,4690,0
LA,2018,white,hisp,m,50-54,5003,0
LA,2018,white,hisp,f,50-54,5003,0
LA,2018,white,hisp,m,55-59,5237,0
LA,2018,white,hisp,f,55-59,5237,0
LA,2018,white,hisp,m,60-64,5003,0
LA,2018,white,hisp,f,60-64,5003,0
LA,2018,white,hisp,m,65-69,4221,0
LA,2018,white,hisp,f,65-69,4221,0
LA,2018,white,hisp,m,70-74,3518,0
LA,2018,white,hisp,f,70-74,3518,0
LA,2018,white,hisp,m,75-79,2501,0
LA,2018,white,hisp,f,75-79,2501,0
LA,2018,white,hisp,m,80-84,1251,0
LA,2018,white,hisp,f,80-84,1876,0
LA,2018,white,hisp,m,85+,1313,0
LA,2018,white,hisp,f,85+,1970,0
LA,2018,black,hisp,m,0-4,302,0
LA,2018,black,hisp,f,0-4,302,0
LA,2018,black,hisp,m,5-9,312,0
LA,2018,black,hisp,f,5-9,312,0
LA,2018,black,hisp,m,10-14,333,0
LA,2018,black,hisp,f,10-14,333,0
LA,2018,black,hisp,m,15-19,333,0
LA,2018,black,hisp,f,15-19,333,0
LA,2018,black,hisp,m,20-24,343,0
LA,2018,black,hisp,f,20-24,343,0
LA,2018,black,hisp,m,25-29,364,0
LA,2018,black,hisp,f,25-29,364,0
LA,2018,black,hisp,m,30-34,364,0
LA,2018,black,hisp,f,30-34,364,0
LA,2018,black,hisp,m,35-39,354,0
LA,2018,black,hisp,f,35-39,354,0
LA,2018,black,hisp,m,40-44,328,0
LA,2018,black,hisp,f,40-44,328,0
LA,2018,black,hisp,m,45-49,312,0
LA,2018,black,hisp,f,45-49,312,0
LA,2018,black,hisp,m,50-54,333,0
LA,2018,black,hisp,f,50-54,333,0
LA,2018,black,hisp,m,55-59,348,0
LA,2018,black,hisp,f,55-59,348,0
LA,2018,black,hisp,m,60-64,333,0
LA,2018,black,hisp,f,60-64,333,0
LA,2018,black,hisp,m,65-69,281,0
LA,2018,black,hisp,f,65-69,281,0
LA,2018,black,hisp,m,70-74,234,0
LA,2018,black,hisp,f,70-74,234,0
LA,2018,black,hisp,m,75-79,166,0
LA,2018,black,hisp,f,75-79,166,0
LA,2018,black,hisp,m,80-84,83,0
LA,2018,black,hisp,f,80-84,125,0
LA,2018,black,hisp,m,85+,87,0
LA,2018,black,hisp,f,85+,131,0
LA,2018,asian,hisp,m,0-4,41,0
LA,2018,asian,hisp,f,0-4,41,0
LA,2018,asian,hisp,m,5-9,42,0
LA,2018,asian,hisp,f,5-9,42,0
LA,2018,asian,hisp,m,10-14,45,0
LA,2018,asian,hisp,f,10-14,45,0
LA,2018,asian,hisp,m,15-19,45,0
LA,2018,asian,hisp,f,15-19,45,0
LA,2018,asian,hisp,m,20-24,47,0
LA,2018,asian,hisp,f,20-24,47,0
LA,2018,asian,hisp,m,25-29,49,0
LA,2018,asian,hisp,f,25-29,49,0
LA,2018,asian,hisp,m,30-34,49,0
LA,2018,asian,hisp,f,30-34,49,0
LA,2018,asian,hisp,m,35-39,48,0
LA,2018,asian,hisp,f,35-39,48,0
LA,2018,asian,hisp,m,40-44,44,0
LA,2018,asian,hisp,f,40-44,44,0
LA,2018,asian,hisp,m,45-49,42,0
LA,2018,asian,hisp,f,45-49,42,0
LA,2018,asian,hisp,m,50-54,45,0
LA,2018,asian,hisp,f,50-54,45,0
LA,2018,asian,hisp,m,55-59,47,0
LA,2018,asian,hisp,f,55-59,47,0
LA,2018,asian,hisp,m,60-64,45,0
LA,2018,asian,hisp,f,60-64,45,0
LA,2018,asian,hisp,m,65-69,38,0
LA,2018,asian,hisp,f,65-69,38,0
LA,2018,asian,hisp,m,70-74,32,0
LA,2018,asian,hisp,f,70-74,32,0
LA,2018,asian,hisp,m,75-79,23,0
LA,2018,asian,hisp,f,75-79,23,0
LA,2018,asian,hisp,m,80-84,11,0
LA,2018,asian,hisp,f,80-84,17,0
LA,2018,asian,hisp,m,85+,12,0
LA,2018,asian,hisp,f,85+,18,0
LA,2018,other,hisp,m,0-4,2082,0
LA,2018,other,hisp,f,0-4,2082,0
LA,2018,other,hisp,m,5-9,2154,0
LA,2018,other,hisp,f,5-9,2154,0
LA,2018,other,hisp,m,10-14,2298,0
LA,2018,other,hisp,f,10-14,2298,0
LA,2018,other,hisp,m,15-19,2298,0
LA,2018,other,hisp,f,15-19,2298,0
LA,2018,other,hisp,m,20-24,2370,0
LA,2018,other,hisp,f,20-24,2370,0
LA,2018,other,hisp,m,25-29,2513,0
LA,2018,other,hisp,f,25-29,2513,0
LA,2018,other,hisp,m,30-34,2513,0
LA,2018,other,hisp,f,30-34,2513,0
LA,2018,other,hisp,m,35-39,2441,0
LA,2018,other,hisp,f,35-39,2441,0
LA,2018,other,hisp,m,40-44,2262,0
LA,2018,other,hisp,f,40-44,2262,0
LA,2018,other,hisp,m,45-49,2154,0
LA,2018,other,hisp,f,45-49,2154,0
LA,2018,other,hisp,m,50-54,2298,0
LA,2018,other,hisp,f,50-54,2298,0
LA,2018,other,hisp,m,55-59,2405,0
LA,2018,other,hisp,f,55-59,2405,0
LA,2018,other,hisp,m,60-64,2298,0
LA,2018,other,hisp,f,60-64,2298,0
LA,2018,other,hisp,m,65-69,1939,0
LA,2018,other,hisp,f,65-69,1939,0
LA,2018,other,hisp,m,70-74,1616,0
LA,2018,other,hisp,f,70-74,1616,0
LA,2018,other,hisp,m,75-79,1149,0
LA,2018,other,hisp,f,75-79,1149,0
LA,2018,other,hisp,m,80-84,574,0
LA,2018,other,hisp,f,80-84,862,0
LA,2018,other,hisp,m,85+,603,0
LA,2018,other,hisp,f,85+,905,0
ME,2018,white,non-hisp,m,0-4,36105,0
ME,2018,white,non-hisp,f,0-4,36105,0
ME,2018,white,non-hisp,m,5-9,37350,0
ME,2018,white,non-hisp,f,5-9,37350,0
ME,2018,white,non-hisp,m,10-14,39840,0
ME,2018,white,non-hisp,f,10-14,39840,0
ME,2018,white,non-hisp,m,15-19,39840,0
ME,2018,white,non-hisp,f,15-19,39840,0
ME,2018,white,non-hisp,m,20-24,41085,0
ME,2018,white,non-hisp,f,20-24,41085,0
ME,2018,white,non-hisp,m,25-29,43575,0
ME,2018,white,non-hisp,f,25-29,43575,0
ME,2018,white,non-hisp,m,30-34,43575,0
ME,2018,white,non-hisp,f,30-34,43575,0
ME,2018,white,non-hisp,m,35-39,42330,0
ME,2018,white,non-hisp,f,35-39,42330,0
ME,2018,white,non-hisp,m,40-44,39218,0
ME,2018,white,non-hisp,f,40-44,39218,0
ME,2018,white,non-hisp,m,45-49,37350,0
ME,2018,white,non-hisp,f,45-49,37350,0
ME,2018,white,non-hisp,m,50-54,39840,0
ME,2018,white,non-hisp,f,50-54,39840,0
ME,2018,white,non-hisp,m,55-59,41708,0
ME,2018,white,non-hisp,f,55-59,41708,0
ME,2018,white,non-hisp,m,60-64,39840,0
ME,2018,white,non-hisp,f,60-64,39840,0
ME,2018,white,non-hisp,m,65-69,33615,0
ME,2018,white,non-hisp,f,65-69,33615,0
ME,2018,white,non-hisp,m,70-74,28013,0
ME,2018,white,non-hisp,f,70-74,28013,0
ME,2018,white,non-hisp,m,75-79,19920,0
ME,2018,white,non-hisp,f,75-79,19920,0
ME,2018,white,non-hisp,m,80-84,9960,0
ME,2018,white,non-hisp,f,80-84,14940,0
ME,2018,white,non-hisp,m,85+,10458,0
ME,2018,white,non-hisp,f,85+,15687,0
ME,2018,black,non-hisp,m,0-4,537,0
ME,2018,black,non-hisp,f,0-4,537,0
ME,2018,black,non-hisp,m,5-9,555,0
ME,2018,black,non-hisp,f,5-9,555,0
ME,2018,black,non-hisp,m,10-14,592,0
ME,2018,black,non-hisp,f,10-14,592,0
ME,2018,black,non-hisp,m,15-19,592,0
ME,2018,black,non-hisp,f,15-19,592,0
ME,2018,black,non-hisp,m,20-24,611,0
ME,2018,black,non-hisp,f,20-24,611,0
ME,2018,black,non-hisp,m,25-29,648,0
ME,2018,black,non-hisp,f,25-29,648,0
ME,2018,black,non-hisp,m,30-34,648,0
ME,2018,black,non-hisp,f,30-34,648,0
ME,2018,black,non-hisp,m,35-39,629,0
ME,2018,black,non-hisp,f,35-39,629,0
ME,2018,black,non-hisp,m,40-44,583,0
ME,2018,black,non-hisp,f,40-44,583,0
ME,2018,black,non-hisp,m,45-49,555,0
ME,2018,black,non-hisp,f,45-49,555,0
ME,2018,black,non-hisp,m,50-54,592,0
ME,2018,black,non-hisp,f,50-54,592,0
ME,2018,black,non-hisp,m,55-59,620,0
ME,2018,black,non-hisp,f,55-59,620,0
ME,2018,black,non-hisp,m,60-64,592,0
ME,2018,black,non-hisp,f,60-64,592,0
ME,2018,black,non-hisp,m,65-69,500,0
ME,2018,black,non-hisp,f,65-69,500,0
ME,2018,black,non-hisp,m,70-74,416,0
ME,2018,black,non-hisp,f,70-74,416,0
ME,2018,black,non-hisp,m,75-79,296,0
ME,2018,black,non-hisp,f,75-79,296,0
ME,2018,black,non-hisp,m,80-84,148,0
ME,2018,black,non-hisp,f,80-84,222,0
ME,2018,black,non-hisp,m,85+,155,0
ME,2018,black,non-hisp,f,85+,233,0
ME,2018,asian,non-hisp,m,0-4,445,0
ME,2018,asian,non-hisp,f,0-4,445,0
ME,2018,asian,non-hisp,m,5-9,461,0
ME,2018,asian,non-hisp,f,5-9,461,0
ME,2018,asian,non-hisp,m,10-14,491,0
ME,2018,asian,non-hisp,f,10-14,491,0
ME,2018,asian,non-hisp,m,15-19,491,0
ME,2018,asian,non-hisp,f,15-19,491,0
ME,2018,asian,non-hisp,m,20-24,507,0
ME,2018,asian,non-hisp,f,20-24,507,0
ME,2018,asian,non-hisp,m,25-29,537,0
ME,2018,asian,non-hisp,f,25-29,537,0
ME,2018,asian,non-hisp,m,30-34,537,0
ME,2018,asian,non-hisp,f,30-34,537,0
ME,2018,asian,non-hisp,m,35-39,522,0
ME,2018,asian,non-hisp,f,35-39,522,0
ME,2018,asian,non-hisp,m,40-44,484,0
ME,2018,asian,non-hisp,f,40-44,484,0
ME,2018,asian,non-hisp,m,45-49,461,0
ME,2018,asian,non-hisp,f,45-49,461,0
ME,2018,asian,non-hisp,m,50-54,491,0
ME,2018,asian,non-hisp,f,50-54,491,0
ME,2018,asian,non-hisp,m,55-59,514,0
ME,2018,asian,non-hisp,f,55-59,514,0
ME,2018,asian,non-hisp,m,60-64,491,0
ME,2018,asian,non-hisp,f,60-64,491,0
ME,2018,asian,non-hisp,m,65-69,415,0
ME,2018,asian,non-hisp,f,65-69,415,0
ME,2018,asian,non-hisp,m,70-74,346,0
ME,2018,asian,non-hisp,f,70-74,346,0
ME,2018,asian,non-hisp,m,75-79,246,0
ME,2018,asian,non-hisp,f,75-79,246,0
ME,2018,asian,non-hisp,m,80-84,123,0
ME,2018,asian,non-hisp,f,80-84,184,0
ME,2018,asian,non-hisp,m,85+,129,0
ME,2018,asian,non-hisp,f,85+,193,0
ME,2018,other,non-hisp,m,0-4,1077,0
ME,2018,other,non-hisp,f,0-4,1077,0
ME,2018,other,non-hisp,m,5-9,1114,0
ME,2018,other,non-hisp,f,5-9,1114,0
ME,2018,other,non-hisp,m,10-14,1188,0
ME,2018,other,non-hisp,f,10-14,1188,0
ME,2018,other,non-hisp,m,15-19,1188,0
ME,2018,other,non-hisp,f,15-19,1188,0
ME,2018,other,non-hisp,m,20-24,1225,0
ME,2018,other,non-hisp,f,20-24,1225,0
ME,2018,other,non-hisp,m,25-29,1300,0
ME,2018,other,non-hisp,f,25-29,1300,0
ME,2018,other,non-hisp,m,30-34,1300,0
ME,2018,other,non-hisp,f,30-34,1300,0
ME,2018,other,non-hisp,m,35-39,1263,0
ME,2018,other,non-hisp,f,35-39,1263,0
ME,2018,other,non-hisp,m,40-44,1170,0
ME,2018,other,non-hisp,f,40-44,1170,0
ME,2018,other,non-hisp,m,45-49,1114,0
ME,2018,other,non-hisp,f,45-49,1114,0
ME,2018,other,non-hisp,m,50-54,1188,0
ME,2018,other,non-hisp,f,50-54,1188,0
ME,2018,other,non-hisp,m,55-59,1244,0
ME,2018,other,non-hisp,f,55-59,1244,0
ME,2018,other,non-hisp,m,60-64,1188,0
ME,2018,other,non-hisp,f,60-64,1188,0
ME,2018,other,non-hisp,m,65-69,1003,0
ME,2018,other,non-hisp,f,65-69,1003,0
ME,2018,other,non-hisp,m,70-74,836,0
ME,2018,other,non-hisp,f,70-74,836,0
ME,2018,other,non-hisp,m,75-79,594,0
ME,2018,other,non-hisp,f,75-79,594,0
ME,2018,other,non-hisp,m,80-84,297,0
ME,2018,other,non-hisp,f,80-84,446,0
ME,2018,other,non-hisp,m,85+,312,0
ME,2018,other,non-hisp,f,85+,468,0
ME,2018,white,hisp,m,0-4,477,0
ME,2018,white,hisp,f,0-4,477,0
ME,2018,white,hisp,m,5-9,494,0
ME,2018,white,hisp,f,5-9,494,0
ME,2018,white,hisp,m,10-14,526,0
ME,2018,white,hisp,f,10-14,526,0
ME,2018,white,hisp,m,15-19,526,0
ME,2018,white,hisp,f,15-19,526,0
ME,2018,white,hisp,m,20-24,543,0
ME,2018,white,hisp,f,20-24,543,0
ME,2018,white,hisp,m,25-29,576,0
ME,2018,white,hisp,f,25-29,576,0
ME,2018,white,hisp,m,30-34,576,0
ME,2018,white,hisp,f,30-34,576,0
ME,2018,white,hisp,m,35-39,559,0
ME,2018,white,hisp,f,35-39,559,0
ME,2018,white,hisp,m,40-44,518,0
ME,2018,white,hisp,f,40-44,518,0
ME,2018,white,hisp,m,45-49,494,0
ME,2018,white,hisp,f,45-49,494,0
ME,2018,white,hisp,m,50-54,526,0
ME,2018,white,hisp,f,50-54,526,0
ME,2018,white,hisp,m,55-59,551,0
ME,2018,white,hisp,f,55-59,551,0
ME,2018,white,hisp,m,60-64,526,0
ME,2018,white,hisp,f,60-64,526,0
ME,2018,white,hisp,m,65-69,444,0
ME,2018,white,hisp,f,65-69,444,0
ME,2018,white,hisp,m,70-74,370,0
ME,2018,white,hisp,f,70-74,370,0
ME,2018,white,hisp,m,75-79,263,0
ME,2018,white,hisp,f,75-79,263,0
ME,2018,white,hisp,m,80-84,132,0
ME,2018,white,hisp,f,80-84,197,0
ME,2018,white,hisp,m,85+,138,0
ME,2018,white,hisp,f,85+,207,0
ME,2018,black,hisp,m,0-4,13,0
ME,2018,black,hisp,f,0-4,13,0
ME,2018,black,hisp,m,5-9,14,0
ME,2018,black,hisp,f,5-9,14,0
ME,2018,black,hisp,m,10-14,14,0
ME,2018,black,hisp,f,10-14,14,0
ME,2018,black,hisp,m,15-19,14,0
ME,2018,black,hisp,f,15-19,14,0
ME,2018,black,hisp,m,20-24,15,0
ME,2018,black,hisp,f,20-24,15,0
ME,2018,black,hisp,m,25-29,16,0
ME,2018,black,hisp,f,25-29,16,0
ME,2018,black,hisp,m,30-34,16,0
ME,2018,black,hisp,f,30-34,16,0
ME,2018,black,hisp,m,35-39,15,0
ME,2018,black,hisp,f,35-39,15,0
ME,2018,black,hisp,m,40-44,14,0
ME,2018,black,hisp,f,40-44,14,0
ME,2018,black,hisp,m,45-49,14,0
ME,2018,black,hisp,f,45-49,14,0
ME,2018,black,hisp,m,50-54,14,0
ME,2018,black,hisp,f,50-54,14,0
ME,2018,black,hisp,m,55-59,15,0
ME,2018,black,hisp,f,55-59,15,0
ME,2018,black,hisp,m,60-64,14,0
ME,2018,black,hisp,f,60-64,14,0
ME,2018,black,hisp,m,65-69,12,0
ME,2018,black,hisp,f,65-69,12,0
ME,2018,black,hisp,m,70-74,10,0
ME,2018,black,hisp,f,70-74,10,0
ME,2018,black,hisp,m,75-79,7,0
ME,2018,black,hisp,f,75-79,7,0
ME,2018,black,hisp,m,80-84,4,0
ME,2018,black,hisp,f,80-84,5,0
ME,2018,black,hisp,m,85+,4,0
ME,2018,black,hisp,f,85+,6,0
ME,2018,asian,hisp,m,0-4,9,0
ME,2018,asian,hisp,f,0-4,9,0
ME,2018,asian,hisp,m,5-9,10,0
ME,2018,asian,hisp,f,5-9,10,0
ME,2018,asian,hisp,m,10-14,10,0
ME,2018,asian,hisp,f,10-14,10,0
ME,2018,asian,hisp,m,15-19,10,0
ME,2018,asian,hisp,f,15-19,10,0
ME,2018,asian,hisp,m,20-24,11,0
ME,2018,asian,hisp,f,20-24,11,0
ME,2018,asian,hisp,m,25-29,11,0
ME,2018,asian,hisp,f,25-29,11,0
ME,2018,asian,hisp,m,30-34,11,0
ME,2018,asian,hisp,f,30-34,11,0
ME,2018,asian,hisp,m,35-39,11,0
ME,2018,asian,hisp,f,35-39,11,0
ME,2018,asian,hisp,m,40-44,10,0
ME,2018,asian,hisp,f,40-44,10,0
ME,2018,asian,hisp,m,45-49,10,0
ME,2018,asian,hisp,f,45-49,10,0
ME,2018,asian,hisp,m,50-54,10,0
ME,2018,asian,hisp,f,50-54,10,0
ME,2018,asian,hisp,m,55-59,11,0
ME,2018,asian,hisp,f,55-59,11,0
ME,2018,asian,hisp,m,60-64,10,0
ME,2018,asian,hisp,f,60-64,10,0
ME,2018,asian,hisp,m,65-69,9,0
ME,2018,asian,hisp,f,65-69,9,0
ME,2018,asian,hisp,m,70-74,7,0
ME,2018,asian,hisp,f,70-74,7,0
ME,2018,asian,hisp,m,75-79,5,0
ME,2018,asian,hisp,f,75-79,5,0
ME,2018,asian,hisp,m,80-84,3,0
ME,2018,asian,hisp,f,80-84,4,0
ME,2018,asian,hisp,m,85+,3,0
ME,2018,asian,hisp,f,85+,4,0
ME,2018,other,hisp,m,0-4,150,0
ME,2018,other,hisp,f,0-4,150,0
ME,2018,other,hisp,m,5-9,155,0
ME,2018,other,hisp,f,5-9,155,0
ME,2018,other,hisp,m,10-14,166,0
ME,2018,other,hisp,f,10-14,166,0
ME,2018,other,hisp,m,15-19,166,0
ME,2018,other,hisp,f,15-19,166,0
ME,2018,other,hisp,m,20-24,171,0
ME,2018,other,hisp,f,20-24,171,0
ME,2018,other,hisp,m,25-29,181,0
ME,2018,other,hisp,f,25-29,181,0
ME,2018,other,hisp,m,30-34,181,0
ME,2018,other,hisp,f,30-34,181,0
ME,2018,other,hisp,m,35-39,176,0
ME,2018,other,hisp,f,35-39,176,0
ME,2018,other,hisp,m,40-44,163,0
ME,2018,other,hisp,f,40-44,163,0
ME,2018,other,hisp,m,45-49,155,0
ME,2018,other,hisp,f,45-49,155,0
ME,2018,other,hisp,m,50-54,166,0
ME,2018,other,hisp,f,50-54,166,0
ME,2018,other,hisp,m,55-59,173,0
ME,2018,other,hisp,f,55-59,173,0
ME,2018,other,hisp,m,60-64,166,0
ME,2018,other,hisp,f,60-64,166,0
ME,2018,other,hisp,m,65-69,140,0
ME,2018,other,hisp,f,65-69,140,0
ME,2018,other,hisp,m,70-74,117,0
ME,2018,other,hisp,f,70-74,117,0
ME,2018,other,hisp,m,75-79,83,0
ME,2018,other,hisp,f,75-79,83,0
ME,2018,other,hisp,m,80-84,41,0
ME,2018,other,hisp,f,80-84,62,0
ME,2018,other,hisp,m,85+,44,0
ME,2018,other,hisp,f,85+,65,0
MD,2018,white,non-hisp,m,0-4,88019,0
MD,2018,white,non-hisp,f,0-4,88019,0
MD,2018,white,non-hisp,m,5-9,91054,0
MD,2018,white,non-hisp,f,5-9,91054,0
MD,2018,white,non-hisp,m,10-14,97125,0
MD,2018,white,non-hisp,f,10-14,97125,0
MD,2018,white,non-hisp,m,15-19,97125,0
MD,2018,white,non-hisp,f,15-19,97125,0
MD,2018,white,non-hisp,m,20-24,100160,0
MD,2018,white,non-hisp,f,20-24,100160,0
MD,2018,white,non-hisp,m,25-29,106230,0
MD,2018,white,non-hisp,f,25-29,106230,0
MD,2018,white,non-hisp,m,30-34,106230,0
MD,2018,white,non-hisp,f,30-34,106230,0
MD,2018,white,non-hisp,m,35-39,103195,0
MD,2018,white,non-hisp,f,35-39,103195,0
MD,2018,white,non-hisp,m,40-44,95607,0
MD,2018,white,non-hisp,f,40-44,95607,0
MD,2018,white,non-hisp,m,45-49,91054,0
MD,2018,white,non-hisp,f,45-49,91054,0
MD,2018,white,non-hisp,m,50-54,97125,0
MD,2018,white,non-hisp,f,50-54,97125,0
MD,2018,white,non-hisp,m,55-59,101677,0
MD,2018,white,non-hisp,f,55-59,101677,0
MD,2018,white,non-hisp,m,60-64,97125,0
MD,2018,white,non-hisp,f,60-64,97125,0
MD,2018,white,non-hisp,m,65-69,81949,0
MD,2018,white,non-hisp,f,65-69,81949,0
MD,2018,white,non-hisp,m,70-74,68291,0
MD,2018,white,non-hisp,f,70-74,68291,0
MD,2018,white,non-hisp,m,75-79,48562,0
MD,2018,white,non-hisp,f,75-79,48562,0
MD,2018,white,non-hisp,m,80-84,24281,0
MD,2018,white,non-hisp,f,80-84,36422,0
MD,2018,white,non-hisp,m,85+,25495,0
MD,2018,white,non-hisp,f,85+,38243,0
MD,2018,black,non-hisp,m,0-4,51681,0
MD,2018,black,non-hisp,f,0-4,51681,0
MD,2018,black,non-hisp,m,5-9,53463,0
MD,2018,black,non-hisp,f,5-9,53463,0
MD,2018,black,non-hisp,m,10-14,57027,0
MD,2018,black,non-hisp,f,10-14,57027,0
MD,2018,black,non-hisp,m,15-19,57027,0
MD,2018,black,non-hisp,f,15-19,57027,0
MD,2018,black,non-hisp,m,20-24,58809,0
MD,2018,black,non-hisp,f,20-24,58809,0
MD,2018,black,non-hisp,m,25-29,62373,0
MD,2018,black,non-hisp,f,25-29,62373,0
MD,2018,black,non-hisp,m,30-34,62373,0
MD,2018,black,non-hisp,f,30-34,62373,0
MD,2018,black,non-hisp,m,35-39,60591,0
MD,2018,black,non-hisp,f,35-39,60591,0
MD,2018,black,non-hisp,m,40-44,56136,0
MD,2018,black,non-hisp,f,40-44,56136,0
MD,2018,black,non-hisp,m,45-49,53463,0
MD,2018,black,non-hisp,f,45-49,53463,0
MD,2018,black,non-hisp,m,50-54,57027,0
MD,2018,black,non-hisp,f,50-54,57027,0
MD,2018,black,non-hisp,m,55-59,59700,0
MD,2018,black,non-hisp,f,55-59,59700,0
MD,2018,black,non-hisp,m,60-64,57027,0
MD,2018,black,non-hisp,f,60-64,57027,0
MD,2018,black,non-hisp,m,65-69,48116,0
MD,2018,black,non-hisp,f,65-69,48116,0
MD,2018,black,non-hisp,m,70-74,40097,0
MD,2018,black,non-hisp,f,70-74,40097,0
MD,2018,black,non-hisp,m,75-79,28513,0
MD,2018,black,non-hisp,f,75-79,28513,0
MD,2018,black,non-hisp,m,80-84,14257,0
MD,2018,black,non-hisp,f,80-84,21385,0
MD,2018,black,non-hisp,m,85+,14970,0
MD,2018,black,non-hisp,f,85+,22454,0
MD,2018,asian,non-hisp,m,0-4,10927,0
MD,2018,asian,non-hisp,f,0-4,10927,0
MD,2018,asian,non-hisp,m,5-9,11304,0
MD,2018,asian,non-hisp,f,5-9,11304,0
MD,2018,asian,non-hisp,m,10-14,12058,0
MD,2018,asian,non-hisp,f,10-14,12058,0
MD,2018,asian,non-hisp,m,15-19,12058,0
MD,2018,asian,non-hisp,f,15-19,12058,0
MD,2018,asian,non-hisp,m,20-24,12435,0
MD,2018,asian,non-hisp,f,20-24,12435,0
MD,2018,asian,non-hisp,m,25-29,13188,0
MD,2018,asian,non-hisp,f,25-29,13188,0
MD,2018,asian,non-hisp,m,30-34,13188,0
MD,2018,asian,non-hisp,f,30-34,13188,0
MD,2018,asian,non-hisp,m,35-39,12811,0
MD,2018,asian,non-hisp,f,35-39,12811,0
MD,2018,asian,non-hisp,m,40-44,11869,0
MD,2018,asian,non-hisp,f,40-44,11869,0
MD,2018,asian,non-hisp,m,45-49,11304,0
MD,2018,asian,non-hisp,f,45-49,11304,0
MD,2018,asian,non-hisp,m,50-54,12058,0
MD,2018,asian,non-hisp,f,50-54,12058,0
MD,2018,asian,non-hisp,m,55-59,12623,0
MD,2018,asian,non-hisp,f,55-59,12623,0
MD,2018,asian,non-hisp,m,60-64,12058,0
MD,2018,asian,non-hisp,f,60-64,12058,0
MD,2018,asian,non-hisp,m,65-69,10174,0
MD,2018,asian,non-hisp,f,65-69,10174,0
MD,2018,asian,non-hisp,m,70-74,8478,0
MD,2018,asian,non-hisp,f,70-74,8478,0
MD,2018,asian,non-hisp,m,75-79,6029,0
MD,2018,asian,non-hisp,f,75-79,6029,0
MD,2018,asian,non-hisp,m,80-84,3014,0
MD,2018,asian,non-hisp,f,80-84,4522,0
MD,2018,asian,non-hisp,m,85+,3165,0
MD,2018,asian,non-hisp,f,85+,4748,0
MD,2018,other,non-hisp,m,0-4,6387,0
MD,2018,other,non-hisp,f,0-4,6387,0
MD,2018,other,non-hisp,m,5-9,6607,0
MD,2018,other,non-hisp,f,5-9,6607,0
MD,2018,other,non-hisp,m,10-14,7048,0
MD,2018,other,non-hisp,f,10-14,7048,0
MD,2018,other,non-hisp,m,15-19,7048,0
MD,2018,other,non-hisp,f,15-19,7048,0
MD,2018,other,non-hisp,m,20-24,7268,0
MD,2018,other,non-hisp,f,20-24,7268,0
MD,2018,other,non-hisp,m,25-29,7708,0
MD,2018,other,non-hisp,f,25-29,7708,0
MD,2018,other,non-hisp,m,30-34,7708,0
MD,2018,other,non-hisp,f,30-34,7708,0
MD,2018,other,non-hisp,m,35-39,7488,0
MD,2018,other,non-hisp,f,35-39,7488,0
MD,2018,other,non-hisp,m,40-44,6938,0
MD,2018,other,non-hisp,f,40-44,6938,0
MD,2018,other,non-hisp,m,45-49,6607,0
MD,2018,other,non-hisp,f,45-49,6607,0
MD,2018,other,non-hisp,m,50-54,7048,0
MD,2018,other,non-hisp,f,50-54,7048,0
MD,2018,other,non-hisp,m,55-59,7378,0
MD,2018,other,non-hisp,f,55-59,7378,0
MD,2018,other,non-hisp,m,60-64,7048,0
MD,2018,other,non-hisp,f,60-64,7048,0
MD,2018,other,non-hisp,m,65-69,5946,0
MD,2018,other,non-hisp,f,65-69,5946,0
MD,2018,other,non-hisp,m,70-74,4955,0
MD,2018,other,non-hisp,f,70-74,4955,0
MD,2018,other,non-hisp,m,75-79,3524,0
MD,2018,other,non-hisp,f,75-79,3524,0
MD,2018,other,non-hisp,m,80-84,1762,0
MD,2018,other,non-hisp,f,80-84,2643,0
MD,2018,other,non-hisp,m,85+,1850,0
MD,2018,other,non-hisp,f,85+,2775,0
MD,2018,white,hisp,m,0-4,7827,0
MD,2018,white,hisp,f,0-4,7827,0
MD,2018,white,hisp,m,5-9,8097,0
MD,2018,white,hisp,f,5-9,8097,0
MD,2018,white,hisp,m,10-14,8637,0
MD,2018,white,hisp,f,10-14,8637,0
MD,2018,white,hisp,m,15-19,8637,0
MD,2018,white,hisp,f,15-19,8637,0
MD,2018,white,hisp,m,20-24,8907,0
MD,2018,white,hisp,f,20-24,8907,0
MD,2018,white,hisp,m,25-29,9446,0
MD,2018,white,hisp,f,25-29,9446,0
MD,2018,white,hisp,m,30-34,9446,0
MD,2018,white,hisp,f,30-34,9446,0
MD,2018,white,hisp,m,35-39,9177,0
MD,2018,white,hisp,f,35-39,9177,0
MD,2018,white,hisp,m,40-44,8502,0
MD,2018,white,hisp,f,40-44,8502,0
MD,2018,white,hisp,m,45-49,8097,0
MD,2018,white,hisp,f,45-49,8097,0
MD,2018,white,hisp,m,50-54,8637,0
MD,2018,white,hisp,f,50-54,8637,0
MD,2018,white,hisp,m,55-59,9042,0
MD,2018,white,hisp,f,55-59,9042,0
MD,2018,white,hisp,m,60-64,8637,0
MD,2018,white,hisp,f,60-64,8637,0
MD,2018,white,hisp,m,65-69,7287,0
MD,2018,white,hisp,f,65-69,7287,0
MD,2018,white,hisp,m,70-74,6073,0
MD,2018,white,hisp,f,70-74,6073,0
MD,2018,white,hisp,m,75-79,4318,0
MD,2018,white,hisp,f,75-79,4318,0
MD,2018,white,hisp,m,80-84,2159,0
MD,2018,white,hisp,f,80-84,3239,0
MD,2018,white,hisp,m,85+,2267,0
MD,2018,white,hisp,f,85+,3401,0
MD,2018,black,hisp,m,0-4,835,0
MD,2018,black,hisp,f,0-4,835,0
MD,2018,black,hisp,m,5-9,864,0
MD,2018,black,hisp,f,5-9,864,0
MD,2018,black,hisp,m,10-14,921,0
MD,2018,black,hisp,f,10-14,921,0
MD,2018,black,hisp,m,15-19,921,0
MD,2018,black,hisp,f,15-19,921,0
MD,2018,black,hisp,m,20-24,950,0
MD,2018,black,hisp,f,20-24,950,0
MD,2018,black,hisp,m,25-29,1008,0
MD,2018,black,hisp,f,25-29,1008,0
MD,2018,black,hisp,m,30-34,1008,0
MD,2018,black,hisp,f,30-34,1008,0
MD,2018,black,hisp,m,35-39,979,0
MD,2018,black,hisp,f,35-39,979,0
MD,2018,black,hisp,m,40-44,907,0
MD,2018,black,hisp,f,40-44,907,0
MD,2018,black,hisp,m,45-49,864,0
MD,2018,black,hisp,f,45-49,864,0
MD,2018,black,hisp,m,50-54,921,0
MD,2018,black,hisp,f,50-54,921,0
MD,2018,black,hisp,m,55-59,965,0
MD,2018,black,hisp,f,55-59,965,0
MD,2018,black,hisp,m,60-64,921,0
MD,2018,black,hisp,f,60-64,921,0
MD,2018,black,hisp,m,65-69,777,0
MD,2018,black,hisp,f,65-69,777,0
MD,2018,black,hisp,m,70-74,648,0
MD,2018,black,hisp,f,70-74,648,0
MD,2018,black,hisp,m,75-79,461,0
MD,2018,black,hisp,f,75-79,461,0
MD,2018,black,hisp,m,80-84,230,0
MD,2018,black,hisp,f,80-84,346,0
MD,2018,black,hisp,m,85+,242,0
MD,2018,black,hisp,f,85+,363,0
MD,2018,asian,hisp,m,0-4,63,0
MD,2018,asian,hisp,f,0-4,63,0
MD,2018,asian,hisp,m,5-9,65,0
MD,2018,asian,hisp,f,5-9,65,0
MD,2018,asian,hisp,m,10-14,70,0
MD,2018,asian,hisp,f,10-14,70,0
MD,2018,asian,hisp,m,15-19,70,0
MD,2018,asian,hisp,f,15-19,70,0
MD,2018,asian,hisp,m,20-24,72,0
MD,2018,asian,hisp,f,20-24,72,0
MD,2018,asian,hisp,m,25-29,76,0
MD,2018,asian,hisp,f,25-29,76,0
MD,2018,asian,hisp,m,30-34,76,0
MD,2018,asian,hisp,f,30-34,76,0
MD,2018,asian,hisp,m,35-39,74,0
MD,2018,asian,hisp,f,35-39,74,0
MD,2018,asian,hisp,m,40-44,69,0
MD,2018,asian,hisp,f,40-44,69,0
MD,2018,asian,hisp,m,45-49,65,0
MD,2018,asian,hisp,f,45-49,65,0
MD,2018,asian,hisp,m,50-54,70,0
MD,2018,asian,hisp,f,50-54,70,0
MD,2018,asian,hisp,m,55-59,73,0
MD,2018,asian,hisp,f,55-59,73,0
MD,2018,asian,hisp,m,60-64,70,0
MD,2018,asian,hisp,f,60-64,70,0
MD,2018,asian,hisp,m,65-69,59,0
MD,2018,asian,hisp,f,65-69,59,0
MD,2018,asian,hisp,m,70-74,49,0
MD,2018,asian,hisp,f,70-74,49,0
MD,2018,asian,hisp,m,75-79,35,0
MD,2018,asian,hisp,f,75-79,35,0
MD,2018,asian,hisp,m,80-84,17,0
MD,2018,asian,hisp,f,80-84,26,0
MD,2018,asian,hisp,m,85+,18,0
MD,2018,asian,hisp,f,85+,27,0
MD,2018,other,hisp,m,0-4,9499,0
MD,2018,other,hisp,f,0-4,9499,0
MD,2018,other,hisp,m,5-9,9827,0
MD,2018,other,hisp,f,5-9,9827,0
MD,2018,other,hisp,m,10-14,10482,0
MD,2018,other,hisp,f,10-14,10482,0
MD,2018,other,hisp,m,15-19,10482,0
MD,2018,other,hisp,f,15-19,10482,0
MD,2018,other,hisp,m,20-24,10810,0
MD,2018,other,hisp,f,20-24,10810,0
MD,2018,other,hisp,m,25-29,11465,0
MD,2018,other,hisp,f,25-29,11465,0
MD,2018,other,hisp,m,30-34,11465,0
MD,2018,other,hisp,f,30-34,11465,0
MD,2018,other,hisp,m,35-39,11137,0
MD,2018,other,hisp,f,35-39,11137,0
MD,2018,other,hisp,m,40-44,10318,0
MD,2018,other,hisp,f,40-44,10318,0
MD,2018,other,hisp,m,45-49,9827,0
MD,2018,other,hisp,f,45-49,9827,0
MD,2018,other,hisp,m,50-54,10482,0
MD,2018,other,hisp,f,50-54,10482,0
MD,2018,other,hisp,m,55-59,10973,0
MD,2018,other,hisp,f,55-59,10973,0
MD,2018,other,hisp,m,60-64,10482,0
MD,2018,other,hisp,f,60-64,10482,0
MD,2018,other,hisp,m,65-69,8844,0
MD,2018,other,hisp,f,65-69,8844,0
MD,2018,other,hisp,m,70-74,7370,0
MD,2018,other,hisp,f,70-74,7370,0
MD,2018,other,hisp,m,75-79,5241,0
MD,2018,other,hisp,f,75-79,5241,0
MD,2018,other,hisp,m,80-84,2620,0
MD,2018,other,hisp,f,80-84,3931,0
MD,2018,other,hisp,m,85+,2752,0
MD,2018,other,hisp,f,85+,4127,0
MA,2018,white,non-hisp,m,0-4,141590,0
MA,2018,white,non-hisp,f,0-4,141590,0
MA,2018,white,non-hisp,m,5-9,146473,0
MA,2018,white,non-hisp,f,5-9,146473,0
MA,2018,white,non-hisp,m,10-14,156237,0
MA,2018,white,non-hisp,f,10-14,156237,0
MA,2018,white,non-hisp,m,15-19,156237,0
MA,2018,white,non-hisp,f,15-19,156237,0
MA,2018,white,non-hisp,m,20-24,161120,0
MA,2018,white,non-hisp,f,20-24,161120,0
MA,2018,white,non-hisp,m,25-29,170885,0
MA,2018,white,non-hisp,f,25-29,170885,0
MA,2018,white,non-hisp,m,30-34,170885,0
MA,2018,white,non-hisp,f,30-34,170885,0
MA,2018,white,non-hisp,m,35-39,166002,0
MA,2018,white,non-hisp,f,35-39,166002,0
MA,2018,white,non-hisp,m,40-44,153796,0
MA,2018,white,non-hisp,f,40-44,153796,0
MA,2018,white,non-hisp,m,45-49,146473,0
MA,2018,white,non-hisp,f,45-49,146473,0
MA,2018,white,non-hisp,m,50-54,156237,0
MA,2018,white,non-hisp,f,50-54,156237,0
MA,2018,white,non-hisp,m,55-59,163561,0
MA,2018,white,non-hisp,f,55-59,163561,0
MA,2018,white,non-hisp,m,60-64,156237,0
MA,2018,white,non-hisp,f,60-64,156237,0
MA,2018,white,non-hisp,m,65-69,131825,0
MA,2018,white,non-hisp,f,65-69,131825,0
MA,2018,white,non-hisp,m,70-74,109854,0
MA,2018,white,non-hisp,f,70-74,109854,0
MA,2018,white,non-hisp,m,75-79,78119,0
MA,2018,white,non-hisp,f,75-79,78119,0
MA,2018,white,non-hisp,m,80-84,39059,0
MA,2018,white,non-hisp,f,80-84,58589,0
MA,2018,white,non-hisp,m,85+,41012,0
MA,2018,white,non-hisp,f,85+,61518,0
MA,2018,black,non-hisp,m,0-4,14027,0
MA,2018,black,non-hisp,f,0-4,14027,0
MA,2018,black,non-hisp,m,5-9,14510,0
MA,2018,black,non-hisp,f,5-9,14510,0
MA,2018,black,non-hisp,m,10-14,15478,0
MA,2018,black,non-hisp,f,10-14,15478,0
MA,2018,black,non-hisp,m,15-19,15478,0
MA,2018,black,non-hisp,f,15-19,15478,0
MA,2018,black,non-hisp,m,20-24,15961,0
MA,2018,black,non-hisp,f,20-24,15961,0
MA,2018,black,non-hisp,m,25-29,16929,0
MA,2018,black,non-hisp,f,25-29,16929,0
MA,2018,black,non-hisp,m,30-34,16929,0
MA,2018,black,non-hisp,f,30-34,16929,0
MA,2018,black,non-hisp,m,35-39,16445,0
MA,2018,black,non-hisp,f,35-39,16445,0
MA,2018,black,non-hisp,m,40-44,15236,0
MA,2018,black,non-hisp,f,40-44,15236,0
MA,2018,black,non-hisp,m,45-49,14510,0
MA,2018,black,non-hisp,f,45-49,14510,0
MA,2018,black,non-hisp,m,50-54,15478,0
MA,2018,black,non-hisp,f,50-54,15478,0
MA,2018,black,non-hisp,m,55-59,16203,0
MA,2018,black,non-hisp,f,55-59,16203,0
MA,2018,black,non-hisp,m,60-64,15478,0
MA,2018,black,non-hisp,f,60-64,15478,0
MA,2018,black,non-hisp,m,65-69,13059,0
MA,2018,black,non-hisp,f,65-69,13059,0
MA,2018,black,non-hisp,m,70-74,10883,0
MA,2018,black,non-hisp,f,70-74,10883,0
MA,2018,black,non-hisp,m,75-79,7739,0
MA,2018,black,non-hisp,f,75-79,7739,0
MA,2018,black,non-hisp,m,80-84,3869,0
MA,2018,black,non-hisp,f,80-84,5804,0
MA,2018,black,non-hisp,m,85+,4063,0
MA,2018,black,non-hisp,f,85+,6094,0
MA,2018,asian,non-hisp,m,0-4,13591,0
MA,2018,asian,non-hisp,f,0-4,13591,0
MA,2018,asian,non-hisp,m,5-9,14060,0
MA,2018,asian,non-hisp,f,5-9,14060,0
MA,2018,asian,non-hisp,m,10-14,14997,0
MA,2018,asian,non-hisp,f,10-14,14997,0
MA,2018,asian,non-hisp,m,15-19,14997,0
MA,2018,asian,non-hisp,f,15-19,14997,0
MA,2018,asian,non-hisp,m,20-24,15466,0
MA,2018,asian,non-hisp,f,20-24,15466,0
MA,2018,asian,non-hisp,m,25-29,16403,0
MA,2018,asian,non-hisp,f,25-29,16403,0
MA,2018,asian,non-hisp,m,30-34,16403,0
MA,2018,asian,non-hisp,f,30-34,16403,0
MA,2018,asian,non-hisp,m,35-39,15935,0
MA,2018,asian,non-hisp,f,35-39,15935,0
MA,2018,asian,non-hisp,m,40-44,14763,0
MA,2018,asian,non-hisp,f,40-44,14763,0
MA,2018,asian,non-hisp,m,45-49,14060,0
MA,2018,asian,non-hisp,f,45-49,14060,0
MA,2018,asian,non-hisp,m,50-54,14997,0
MA,2018,asian,non-hisp,f,50-54,14997,0
MA,2018,asian,non-hisp,m,55-59,15700,0
MA,2018,asian,non-hisp,f,55-59,15700,0
MA,2018,asian,non-hisp,m,60-64,14997,0
MA,2018,asian,non-hisp,f,60-64,14997,0
MA,2018,asian,non-hisp,m,65-69,12654,0
MA,2018,asian,non-hisp,f,65-69,12654,0
MA,2018,asian,non-hisp,m,70-74,10545,0
MA,2018,asian,non-hisp,f,70-74,10545,0
MA,2018,asian,non-hisp,m,75-79,7499,0
MA,2018,asian,non-hisp,f,75-79,7499,0
MA,2018,asian,non-hisp,m,80-84,3749,0
MA,2018,asian,non-hisp,f,80-84,5624,0
MA,2018,asian,non-hisp,m,85+,3937,0
MA,2018,asian,non-hisp,f,85+,5905,0
MA,2018,other,non-hisp,m,0-4,6398,0
MA,2018,other,non-hisp,f,0-4,6398,0
MA,2018,other,non-hisp,m,5-9,6618,0
MA,2018,other,non-hisp,f,5-9,6618,0
MA,2018,other,non-hisp,m,10-14,7060,0
MA,2018,other,non-hisp,f,10-14,7060,0
MA,2018,other,non-hisp,m,15-19,7060,0
MA,2018,other,non-hisp,f,15-19,7060,0
MA,2018,other,non-hisp,m,20-24,7280,0
MA,2018,other,non-hisp,f,20-24,7280,0
MA,2018,other,non-hisp,m,25-29,7721,0
MA,2018,other,non-hisp,f,25-29,7721,0
MA,2018,other,non-hisp,m,30-34,7721,0
MA,2018,other,non-hisp,f,30-34,7721,0
MA,2018,other,non-hisp,m,35-39,7501,0
MA,2018,other,non-hisp,f,35-39,7501,0
MA,2018,other,non-hisp,m,40-44,6949,0
MA,2018,other,non-hisp,f,40-44,6949,0
MA,2018,other,non-hisp,m,45-49,6618,0
MA,2018,other,non-hisp,f,45-49,6618,0
MA,2018,other,non-hisp,m,50-54,7060,0
MA,2018,other,non-hisp,f,50-54,7060,0
MA,2018,other,non-hisp,m,55-59,7391,0
MA,2018,other,non-hisp,f,55-59,7391,0
MA,2018,other,non-hisp,m,60-64,7060,0
MA,2018,other,non-hisp,f,60-64,7060,0
MA,2018,other,non-hisp,m,65-69,5957,0
MA,2018,other,non-hisp,f,65-69,5957,0
MA,2018,other,non-hisp,m,70-74,4964,0
MA,2018,other,non-hisp,f,70-74,4964,0
MA,2018,other,non-hisp,m,75-79,3530,0
MA,2018,other,non-hisp,f,75-79,3530,0
MA,2018,other,non-hisp,m,80-84,1765,0
MA,2018,other,non-hisp,f,80-84,2647,0
MA,2018,other,non-hisp,m,85+,1853,0
MA,2018,other,non-hisp,f,85+,2780,0
MA,2018,white,hisp,m,0-4,13130,0
MA,2018,white,hisp,f,0-4,13130,0
MA,2018,white,hisp,m,5-9,13583,0
MA,2018,white,hisp,f,5-9,13583,0
MA,2018,white,hisp,m,10-14,14488,0
MA,2018,white,hisp,f,10-14,14488,0
MA,2018,white,hisp,m,15-19,14488,0
MA,2018,white,hisp,f,15-19,14488,0
MA,2018,white,hisp,m,20-24,14941,0
MA,2018,white,hisp,f,20-24,14941,0
MA,2018,white,hisp,m,25-29,15846,0
MA,2018,white,hisp,f,25-29,15846,0
MA,2018,white,hisp,m,30-34,15846,0
MA,2018,white,hisp,f,30-34,15846,0
MA,2018,white,hisp,m,35-39,15394,0
MA,2018,white,hisp,f,35-39,15394,0
MA,2018,white,hisp,m,40-44,14262,0
MA,2018,white,hisp,f,40-44,14262,0
MA,2018,white,hisp,m,45-49,13583,0
MA,2018,white,hisp,f,45-49,13583,0
MA,2018,white,hisp,m,50-54,14488,0
MA,2018,white,hisp,f,50-54,14488,0
MA,2018,white,hisp,m,55-59,15167,0
MA,2018,white,hisp,f,55-59,15167,0
MA,2018,white,hisp,m,60-64,14488,0
MA,2018,white,hisp,f,60-64,14488,0
MA,2018,white,hisp,m,65-69,12224,0
MA,2018,white,hisp,f,65-69,12224,0
MA,2018,white,hisp,m,70-74,10187,0
MA,2018,white,hisp,f,70-74,10187,0
MA,2018,white,hisp,m,75-79,7244,0
MA,2018,white,hisp,f,75-79,7244,0
MA,2018,white,hisp,m,80-84,3622,0
MA,2018,white,hisp,f,80-84,5433,0
MA,2018,white,hisp,m,85+,3803,0
MA,2018,white,hisp,f,85+,5705,0
MA,2018,black,hisp,m,0-4,1562,0
MA,2018,black,hisp,f,0-4,1562,0
MA,2018,black,hisp,m,5-9,1616,0
MA,2018,black,hisp,f,5-9,1616,0
MA,2018,black,hisp,m,10-14,1723,0
MA,2018,black,hisp,f,10-14,1723,0
MA,2018,black,hisp,m,15-19,1723,0
MA,2018,black,hisp,f,15-19,1723,0
MA,2018,black,hisp,m,20-24,1777,0
MA,2018,black,hisp,f,20-24,1777,0
MA,2018,black,hisp,m,25-29,1885,0
MA,2018,black,hisp,f,25-29,1885,0
MA,2018,black,hisp,m,30-34,1885,0
MA,2018,black,hisp,f,30-34,1885,0
MA,2018,black,hisp,m,35-39,1831,0
MA,2018,black,hisp,f,35-39,1831,0
MA,2018,black,hisp,m,40-44,1696,0
MA,2018,black,hisp,f,40-44,1696,0
MA,2018,black,hisp,m,45-49,1616,0
MA,2018,black,hisp,f,45-49,1616,0
MA,2018,black,hisp,m,50-54,1723,0
MA,2018,black,hisp,f,50-54,1723,0
MA,2018,black,hisp,m,55-59,1804,0
MA,2018,black,hisp,f,55-59,1804,0
MA,2018,black,hisp,m,60-64,1723,0
MA,2018,black,hisp,f,60-64,1723,0
MA,2018,black,hisp,m,65-69,1454,0
MA,2018,black,hisp,f,65-69,1454,0
MA,2018,black,hisp,m,70-74,1212,0
MA,2018,black,hisp,f,70-74,1212,0
MA,2018,black,hisp,m,75-79,862,0
MA,2018,black,hisp,f,75-79,862,0
MA,2018,black,hisp,m,80-84,431,0
MA,2018,black,hisp,f,80-84,646,0
MA,2018,black,hisp,m,85+,452,0
MA,2018,black,hisp,f,85+,679,0
MA,2018,asian,hisp,m,0-4,108,0
MA,2018,asian,hisp,f,0-4,108,0
MA,2018,asian,hisp,m,5-9,112,0
MA,2018,asian,hisp,f,5-9,112,0
MA,2018,asian,hisp,m,10-14,120,0
MA,2018,asian,hisp,f,10-14,120,0
MA,2018,asian,hisp,m,15-19,120,0
MA,2018,asian,hisp,f,15-19,120,0
MA,2018,asian,hisp,m,20-24,123,0
MA,2018,asian,hisp,f,20-24,123,0
MA,2018,asian,hisp,m,25-29,131,0
MA,2018,asian,hisp,f,25-29,131,0
MA,2018,asian,hisp,m,30-34,131,0
MA,2018,asian,hisp,f,30-34,131,0
MA,2018,asian,hisp,m,35-39,127,0
MA,2018,asian,hisp,f,35-39,127,0
MA,2018,asian,hisp,m,40-44,118,0
MA,2018,asian,hisp,f,40-44,118,0
MA,2018,asian,hisp,m,45-49,112,0
MA,2018,asian,hisp,f,45-49,112,0
MA,2018,asian,hisp,m,50-54,120,0
MA,2018,asian,hisp,f,50-54,120,0
MA,2018,asian,hisp,m,55-59,125,0
MA,2018,asian,hisp,f,55-59,125,0
MA,2018,asian,hisp,m,60-64,120,0
MA,2018,asian,hisp,f,60-64,120,0
MA,2018,asian,hisp,m,65-69,101,0
MA,2018,asian,hisp,f,65-69,101,0
MA,2018,asian,hisp,m,70-74,84,0
MA,2018,asian,hisp,f,70-74,84,0
MA,2018,asian,hisp,m,75-79,60,0
MA,2018,asian,hisp,f,75-79,60,0
MA,2018,asian,hisp,m,80-84,30,0
MA,2018,asian,hisp,f,80-84,45,0
MA,2018,asian,hisp,m,85+,31,0
MA,2018,asian,hisp,f,85+,47,0
MA,2018,other,hisp,m,0-4,9757,0
MA,2018,other,hisp,f,0-4,9757,0
MA,2018,other,hisp,m,5-9,10093,0
MA,2018,other,hisp,f,5-9,10093,0
MA,2018,other,hisp,m,10-14,10766,0
MA,2018,other,hisp,f,10-14,10766,0
MA,2018,other,hisp,m,15-19,10766,0
MA,2018,other,hisp,f,15-19,10766,0
MA,2018,other,hisp,m,20-24,11102,0
MA,2018,other,hisp,f,20-24,11102,0
MA,2018,other,hisp,m,25-29,11775,0
MA,2018,other,hisp,f,25-29,11775,0
MA,2018,other,hisp,m,30-34,11775,0
MA,2018,other,hisp,f,30-34,11775,0
MA,2018,other,hisp,m,35-39,11439,0
MA,2018,other,hisp,f,35-39,11439,0
MA,2018,other,hisp,m,40-44,10598,0
MA,2018,other,hisp,f,40-44,10598,0
MA,2018,other,hisp,m,45-49,10093,0
MA,2018,other,hisp,f,45-49,10093,0
MA,2018,other,hisp,m,50-54,10766,0
MA,2018,other,hisp,f,50-54,10766,0
MA,2018,other,hisp,m,55-59,11271,0
MA,2018,other,hisp,f,55-59,11271,0
MA,2018,other,hisp,m,60-64,10766,0
MA,2018,other,hisp,f,60-64,10766,0
MA,2018,other,hisp,m,65-69,9084,0
MA,2018,other,hisp,f,65-69,9084,0
MA,2018,other,hisp,m,70-74,7570,0
MA,2018,other,hisp,f,70-74,7570,0
MA,2018,other,hisp,m,75-79,5383,0
MA,2018,other,hisp,f,75-79,5383,0
MA,2018,other,hisp,m,80-84,2691,0
MA,2018,other,hisp,f,80-84,4037,0
MA,2018,other,hisp,m,85+,2826,0
MA,2018,other,hisp,f,85+,4239,0
MI,2018,white,non-hisp,m,0-4,216805,0
MI,2018,white,non-hisp,f,0-4,216805,0
MI,2018,white,non-hisp,m,5-9,224281,0
MI,2018,white,non-hisp,f,5-9,224281,0
MI,2018,white,non-hisp,m,10-14,239234,0
MI,2018,white,non-hisp,f,10-14,239234,0
MI,2018,white,non-hisp,m,15-19,239234,0
MI,2018,white,non-hisp,f,15-19,239234,0
MI,2018,white,non-hisp,m,20-24,246710,0
MI,2018,white,non-hisp,f,20-24,246710,0
MI,2018,white,non-hisp,m,25-29,261662,0
MI,2018,white,non-hisp,f,25-29,261662,0
MI,2018,white,non-hisp,m,30-34,261662,0
MI,2018,white,non-hisp,f,30-34,261662,0
MI,2018,white,non-hisp,m,35-39,254186,0
MI,2018,white,non-hisp,f,35-39,254186,0
MI,2018,white,non-hisp,m,40-44,235495,0
MI,2018,white,non-hisp,f,40-44,235495,0
MI,2018,white,non-hisp,m,45-49,224281,0
MI,2018,white,non-hisp,f,45-49,224281,0
MI,2018,white,non-hisp,m,50-54,239234,0
MI,2018,white,non-hisp,f,50-54,239234,0
MI,2018,white,non-hisp,m,55-59,250448,0
MI,2018,white,non-hisp,f,55-59,250448,0
MI,2018,white,non-hisp,m,60-64,239234,0
MI,2018,white,non-hisp,f,60-64,239234,0
MI,2018,white,non-hisp,m,65-69,201853,0
MI,2018,white,non-hisp,f,65-69,201853,0
MI,2018,white,non-hisp,m,70-74,168211,0
MI,2018,white,non-hisp,f,70-74,168211,0
MI,2018,white,non-hisp,m,75-79,119617,0
MI,2018,white,non-hisp,f,75-79,119617,0
MI,2018,white,non-hisp,m,80-84,59808,0
MI,2018,white,non-hisp,f,80-84,89713,0
MI,2018,white,non-hisp,m,85+,62799,0
MI,2018,white,non-hisp,f,85+,94198,0
MI,2018,black,non-hisp,m,0-4,39532,0
MI,2018,black,non-hisp,f,0-4,39532,0
MI,2018,black,non-hisp,m,5-9,40895,0
MI,2018,black,non-hisp,f,5-9,40895,0
MI,2018,black,non-hisp,m,10-14,43622,0
MI,2018,black,non-hisp,f,10-14,43622,0
MI,2018,black,non-hisp,m,15-19,43622,0
MI,2018,black,non-hisp,f,15-19,43622,0
MI,2018,black,non-hisp,m,20-24,44985,0
MI,2018,black,non-hisp,f,20-24,44985,0
MI,2018,black,non-hisp,m,25-29,47711,0
MI,2018,black,non-hisp,f,25-29,47711,0
MI,2018,black,non-hisp,m,30-34,47711,0
MI,2018,black,non-hisp,f,30-34,47711,0
MI,2018,black,non-hisp,m,35-39,46348,0
MI,2018,black,non-hisp,f,35-39,46348,0
MI,2018,black,non-hisp,m,40-44,42940,0
MI,2018,black,non-hisp,f,40-44,42940,0
MI,2018,black,non-hisp,m,45-49,40895,0
MI,2018,black,non-hisp,f,45-49,40895,0
MI,2018,black,non-hisp,m,50-54,43622,0
MI,2018,black,non-hisp,f,50-54,43622,0
MI,2018,black,non-hisp,m,55-59,45667,0
MI,2018,black,non-hisp,f,55-59,45667,0
MI,2018,black,non-hisp,m,60-64,43622,0
MI,2018,black,non-hisp,f,60-64,43622,0
MI,2018,black,non-hisp,m,65-69,36806,0
MI,2018,black,non-hisp,f,65-69,36806,0
MI,2018,black,non-hisp,m,70-74,30672,0
MI,2018,black,non-hisp,f,70-74,30672,0
MI,2018,black,non-hisp,m,75-79,21811,0
MI,2018,black,non-hisp,f,75-79,21811,0
MI,2018,black,non-hisp,m,80-84,10905,0
MI,2018,black,non-hisp,f,80-84,16358,0
MI,2018,black,non-hisp,m,85+,11451,0
MI,2018,black,non-hisp,f,85+,17176,0
MI,2018,asian,non-hisp,m,0-4,9406,0
MI,2018,asian,non-hisp,f,0-4,9406,0
MI,2018,asian,non-hisp,m,5-9,9731,0
MI,2018,asian,non-hisp,f,5-9,9731,0
MI,2018,asian,non-hisp,m,10-14,10379,0
MI,2018,asian,non-hisp,f,10-14,10379,0
MI,2018,asian,non-hisp,m,15-19,10379,0
MI,2018,asian,non-hisp,f,15-19,10379,0
MI,2018,asian,non-hisp,m,20-24,10704,0
MI,2018,asian,non-hisp,f,20-24,10704,0
MI,2018,asian,non-hisp,m,25-29,11353,0
MI,2018,asian,non-hisp,f,25-29,11353,0
MI,2018,asian,non-hisp,m,30-34,11353,0
MI,2018,asian,non-hisp,f,30-34,11353,0
MI,2018,asian,non-hisp,m,35-39,11028,0
MI,2018,asian,non-hisp,f,35-39,11028,0
MI,2018,asian,non-hisp,m,40-44,10217,0
MI,2018,asian,non-hisp,f,40-44,10217,0
MI,2018,asian,non-hisp,m,45-49,9731,0
MI,2018,asian,non-hisp,f,45-49,9731,0
MI,2018,asian,non-hisp,m,50-54,10379,0
MI,2018,asian,non-hisp,f,50-54,10379,0
MI,2018,asian,non-hisp,m,55-59,10866,0
MI,2018,asian,non-hisp,f,55-59,10866,0
MI,2018,asian,non-hisp,m,60-64,10379,0
MI,2018,asian,non-hisp,f,60-64,10379,0
MI,2018,asian,non-hisp,m,65-69,8758,0
MI,2018,asian,non-hisp,f,65-69,8758,0
MI,2018,asian,non-hisp,m,70-74,7298,0
MI,2018,asian,non-hisp,f,70-74,7298,0
MI,2018,asian,non-hisp,m,75-79,5190,0
MI,2018,asian,non-hisp,f,75-79,5190,0
MI,2018,asian,non-hisp,m,80-84,2595,0
MI,2018,asian,non-hisp,f,80-84,3892,0
MI,2018,asian,non-hisp,m,85+,2725,0
MI,2018,asian,non-hisp,f,85+,4087,0
MI,2018,other,non-hisp,m,0-4,9133,0
MI,2018,other,non-hisp,f,0-4,9133,0
MI,2018,other,non-hisp,m,5-9,9448,0
MI,2018,other,non-hisp,f,5-9,9448,0
MI,2018,other,non-hisp,m,10-14,10078,0
MI,2018,other,non-hisp,f,10-14,10078,0
MI,2018,other,non-hisp,m,15-19,10078,0
MI,2018,other,non-hisp,f,15-19,10078,0
MI,2018,other,non-hisp,m,20-24,10393,0
MI,2018,other,non-hisp,f,20-24,10393,0
MI,2018,other,non-hisp,m,25-29,11023,0
MI,2018,other,non-hisp,f,25-29,11023,0
MI,2018,other,non-hisp,m,30-34,11023,0
MI,2018,other,non-hisp,f,30-34,11023,0
MI,2018,other,non-hisp,m,35-39,10708,0
MI,2018,other,non-hisp,f,35-39,10708,0
MI,2018,other,non-hisp,m,40-44,9921,0
MI,2018,other,non-hisp,f,40-44,9921,0
MI,2018,other,non-hisp,m,45-49,9448,0
MI,2018,other,non-hisp,f,45-49,9448,0
MI,2018,other,non-hisp,m,50-54,10078,0
MI,2018,other,non-hisp,f,50-54,10078,0
MI,2018,other,non-hisp,m,55-59,10551,0
MI,2018,other,non-hisp,f,55-59,10551,0
MI,2018,other,non-hisp,m,60-64,10078,0
MI,2018,other,non-hisp,f,60-64,10078,0
MI,2018,other,non-hisp,m,65-69,8504,0
MI,2018,other,non-hisp,f,65-69,8504,0
MI,2018,other,non-hisp,m,70-74,7086,0
MI,2018,other,non-hisp,f,70-74,7086,0
MI,2018,other,non-hisp,m,75-79,5039,0
MI,2018,other,non-hisp,f,75-79,5039,0
MI,2018,other,non-hisp,m,80-84,2520,0
MI,2018,other,non-hisp,f,80-84,3779,0
MI,2018,other,non-hisp,m,85+,2646,0
MI,2018,other,non-hisp,f,85+,3968,0
MI,2018,white,hisp,m,0-4,10128,0
MI,2018,white,hisp,f,0-4,10128,0
MI,2018,white,hisp,m,5-9,10477,0
MI,2018,white,hisp,f,5-9,10477,0
MI,2018,white,hisp,m,10-14,11176,0
MI,2018,white,hisp,f,10-14,11176,0
MI,2018,white,hisp,m,15-19,11176,0
MI,2018,white,hisp,f,15-19,11176,0
MI,2018,white,hisp,m,20-24,11525,0
MI,2018,white,hisp,f,20-24,11525,0
MI,2018,white,hisp,m,25-29,12223,0
MI,2018,white,hisp,f,25-29,12223,0
MI,2018,white,hisp,m,30-34,12223,0
MI,2018,white,hisp,f,30-34,12223,0
MI,2018,white,hisp,m,35-39,11874,0
MI,2018,white,hisp,f,35-39,11874,0
MI,2018,white,hisp,m,40-44,11001,0
MI,2018,white,hisp,f,40-44,11001,0
MI,2018,white,hisp,m,45-49,10477,0
MI,2018,white,hisp,f,45-49,10477,0
MI,2018,white,hisp,m,50-54,11176,0
MI,2018,white,hisp,f,50-54,11176,0
MI,2018,white,hisp,m,55-59,11699,0
MI,2018,white,hisp,f,55-59,11699,0
MI,2018,white,hisp,m,60-64,11176,0
MI,2018,white,hisp,f,60-64,11176,0
MI,2018,white,hisp,m,65-69,9429,0
MI,2018,white,hisp,f,65-69,9429,0
MI,2018,white,hisp,m,70-74,7858,0
MI,2018,white,hisp,f,70-74,7858,0
MI,2018,white,hisp,m,75-79,5588,0
MI,2018,white,hisp,f,75-79,5588,0
MI,2018,white,hisp,m,80-84,2794,0
MI,2018,white,hisp,f,80-84,4191,0
MI,2018,white,hisp,m,85+,2934,0
MI,2018,white,hisp,f,85+,4400,0
MI,2018,black,hisp,m,0-4,393,0
MI,2018,black,hisp,f,0-4,393,0
MI,2018,black,hisp,m,5-9,407,0
MI,2018,black,hisp,f,5-9,407,0
MI,2018,black,hisp,m,10-14,434,0
MI,2018,black,hisp,f,10-14,434,0
MI,2018,black,hisp,m,15-19,434,0
MI,2018,black,hisp,f,15-19,434,0
MI,2018,black,hisp,m,20-24,448,0
MI,2018,black,hisp,f,20-24,448,0
MI,2018,black,hisp,m,25-29,475,0
MI,2018,black,hisp,f,25-29,475,0
MI,2018,black,hisp,m,30-34,475,0
MI,2018,black,hisp,f,30-34,475,0
MI,2018,black,hisp,m,35-39,461,0
MI,2018,black,hisp,f,35-39,461,0
MI,2018,black,hisp,m,40-44,427,0
MI,2018,black,hisp,f,40-44,427,0
MI,2018,black,hisp,m,45-49,407,0
MI,2018,black,hisp,f,45-49,407,0
MI,2018,black,hisp,m,50-54,434,0
MI,2018,black,hisp,f,50-54,434,0
MI,2018,black,hisp,m,55-59,455,0
MI,2018,black,hisp,f,55-59,455,0
MI,2018,black,hisp,m,60-64,434,0
MI,2018,black,hisp,f,60-64,434,0
MI,2018,black,hisp,m,65-69,366,0
MI,2018,black,hisp,f,65-69,366,0
MI,2018,black,hisp,m,70-74,305,0
MI,2018,black,hisp,f,70-74,305,0
MI,2018,black,hisp,m,75-79,217,0
MI,2018,black,hisp,f,75-79,217,0
MI,2018,black,hisp,m,80-84,109,0
MI,2018,black,hisp,f,80-84,163,0
MI,2018,black,hisp,m,85+,114,0
MI,2018,black,hisp,f,85+,171,0
MI,2018,asian,hisp,m,0-4,43,0
MI,2018,asian,hisp,f,0-4,43,0
MI,2018,asian,hisp,m,5-9,44,0
MI,2018,asian,hisp,f,5-9,44,0
MI,2018,asian,hisp,m,10-14,47,0
MI,2018,asian,hisp,f,10-14,47,0
MI,2018,asian,hisp,m,15-19,47,0
MI,2018,asian,hisp,f,15-19,47,0
MI,2018,asian,hisp,m,20-24,49,0
MI,2018,asian,hisp,f,20-24,49,0
MI,2018,asian,hisp,m,25-29,51,0
MI,2018,asian,hisp,f,25-29,51,0
MI,2018,asian,hisp,m,30-34,51,0
MI,2018,asian,hisp,f,30-34,51,0
MI,2018,asian,hisp,m,35-39,50,0
MI,2018,asian,hisp,f,35-39,50,0
MI,2018,asian,hisp,m,40-44,46,0
MI,2018,asian,hisp,f,40-44,46,0
MI,2018,asian,hisp,m,45-49,44,0
MI,2018,asian,hisp,f,45-49,44,0
MI,2018,asian,hisp,m,50-54,47,0
MI,2018,asian,hisp,f,50-54,47,0
MI,2018,asian,hisp,m,55-59,49,0
MI,2018,asian,hisp,f,55-59,49,0
MI,2018,asian,hisp,m,60-64,47,0
MI,2018,asian,hisp,f,60-64,47,0
MI,2018,asian,hisp,m,65-69,40,0
MI,2018,asian,hisp,f,65-69,40,0
MI,2018,asian,hisp,m,70-74,33,0
MI,2018,asian,hisp,f,70-74,33,0
MI,2018,asian,hisp,m,75-79,24,0
MI,2018,asian,hisp,f,75-79,24,0
MI,2018,asian,hisp,m,80-84,12,0
MI,2018,asian,hisp,f,80-84,18,0
MI,2018,asian,hisp,m,85+,12,0
MI,2018,asian,hisp,f,85+,19,0
MI,2018,other,hisp,m,0-4,4440,0
MI,2018,other,hisp,f,0-4,4440,0
MI,2018,other,hisp,m,5-9,4593,0
MI,2018,other,hisp,f,5-9,4593,0
MI,2018,other,hisp,m,10-14,4899,0
MI,2018,other,hisp,f,10-14,4899,0
MI,2018,other,hisp,m,15-19,4899,0
MI,2018,other,hisp,f,15-19,4899,0
MI,2018,other,hisp,m,20-24,5052,0
MI,2018,other,hisp,f,20-24,5052,0
MI,2018,other,hisp,m,25-29,5359,0
MI,2018,other,hisp,f,25-29,5359,0
MI,2018,other,hisp,m,30-34,5359,0
MI,2018,other,hisp,f,30-34,5359,0
MI,2018,other,hisp,m,35-39,5206,0
MI,2018,other,hisp,f,35-39,5206,0
MI,2018,other,hisp,m,40-44,4823,0
MI,2018,other,hisp,f,40-44,4823,0
MI,2018,other,hisp,m,45-49,4593,0
MI,2018,other,hisp,f,45-49,4593,0
MI,2018,other,hisp,m,50-54,4899,0
MI,2018,other,hisp,f,50-54,4899,0
MI,2018,other,hisp,m,55-59,5129,0
MI,2018,other,hisp,f,55-59,5129,0
MI,2018,other,hisp,m,60-64,4899,0
MI,2018,other,hisp,f,60-64,4899,0
MI,2018,other,hisp,m,65-69,4134,0
MI,2018,other,hisp,f,65-69,4134,0
MI,2018,other,hisp,m,70-74,3445,0
MI,2018,other,hisp,f,70-74,3445,0
MI,2018,other,hisp,m,75-79,2450,0
MI,2018,other,hisp,f,75-79,2450,0
MI,2018,other,hisp,m,80-84,1225,0
MI,2018,other,hisp,f,80-84,1837,0
MI,2018,other,hisp,m,85+,1286,0
MI,2018,other,hisp,f,85+,1929,0
MN,2018,white,non-hisp,m,0-4,129206,0
MN,2018,white,non-hisp,f,0-4,129206,0
MN,2018,white,non-hisp,m,5-9,133662,0
MN,2018,white,non-hisp,f,5-9,133662,0
MN,2018,white,non-hisp,m,10-14,142572,0
MN,2018,white,non-hisp,f,10-14,142572,0
MN,2018,white,non-hisp,m,15-19,142572,0
MN,2018,white,non-hisp,f,15-19,142572,0
MN,2018,white,non-hisp,m,20-24,147028,0
MN,2018,white,non-hisp,f,20-24,147028,0
MN,2018,white,non-hisp,m,25-29,155939,0
MN,2018,white,non-hisp,f,25-29,155939,0
MN,2018,white,non-hisp,m,30-34,155939,0
MN,2018,white,non-hisp,f,30-34,155939,0
MN,2018,white,non-hisp,m,35-39,151483,0
MN,2018,white,non-hisp,f,35-39,151483,0
MN,2018,white,non-hisp,m,40-44,140345,0
MN,2018,white,non-hisp,f,40-44,140345,0
MN,2018,white,non-hisp,m,45-49,133662,0
MN,2018,white,non-hisp,f,45-49,133662,0
MN,2018,white,non-hisp,m,50-54,142572,0
MN,2018,white,non-hisp,f,50-54,142572,0
MN,2018,white,non-hisp,m,55-59,149255,0
MN,2018,white,non-hisp,f,55-59,149255,0
MN,2018,white,non-hisp,m,60-64,142572,0
MN,2018,white,non-hisp,f,60-64,142572,0
MN,2018,white,non-hisp,m,65-69,120295,0
MN,2018,white,non-hisp,f,65-69,120295,0
MN,2018,white,non-hisp,m,70-74,100246,0
MN,2018,white,non-hisp,f,70-74,100246,0
MN,2018,white,non-hisp,m,75-79,71286,0
MN,2018,white,non-hisp,f,75-79,71286,0
MN,2018,white,non-hisp,m,80-84,35643,0
MN,2018,white,non-hisp,f,80-84,53465,0
MN,2018,white,non-hisp,m,85+,37425,0
MN,2018,white,non-hisp,f,85+,56138,0
MN,2018,black,non-hisp,m,0-4,10510,0
MN,2018,black,non-hisp,f,0-4,10510,0
MN,2018,black,non-hisp,m,5-9,10873,0
MN,2018,black,non-hisp,f,5-9,10873,0
MN,2018,black,non-hisp,m,10-14,11597,0
MN,2018,black,non-hisp,f,10-14,11597,0
MN,2018,black,non-hisp,m,15-19,11597,0
MN,2018,black,non-hisp,f,15-19,11597,0
MN,2018,black,non-hisp,m,20-24,11960,0
MN,2018,black,non-hisp,f,20-24,11960,0
MN,2018,black,non-hisp,m,25-29,12685,0
MN,2018,black,non-hisp,f,25-29,12685,0
MN,2018,black,non-hisp,m,30-34,12685,0
MN,2018,black,non-hisp,f,30-34,12685,0
MN,2018,black,non-hisp,m,35-39,12322,0
MN,2018,black,non-hisp,f,35-39,12322,0
MN,2018,black,non-hisp,m,40-44,11416,0
MN,2018,black,non-hisp,f,40-44,11416,0
MN,2018,black,non-hisp,m,45-49,10873,0
MN,2018,black,non-hisp,f,45-49,10873,0
MN,2018,black,non-hisp,m,50-54,11597,0
MN,2018,black,non-hisp,f,50-54,11597,0
MN,2018,black,non-hisp,m,55-59,12141,0
MN,2018,black,non-hisp,f,55-59,12141,0
MN,2018,black,non-hisp,m,60-64,11597,0
MN,2018,black,non-hisp,f,60-64,11597,0
MN,2018,black,non-hisp,m,65-69,9785,0
MN,2018,black,non-hisp,f,65-69,9785,0
MN,2018,black,non-hisp,m,70-74,8154,0
MN,2018,black,non-hisp,f,70-74,8154,0
MN,2018,black,non-hisp,m,75-79,5799,0
MN,2018,black,non-hisp,f,75-79,5799,0
MN,2018,black,non-hisp,m,80-84,2899,0
MN,2018,black,non-hisp,f,80-84,4349,0
MN,2018,black,non-hisp,m,85+,3044,0
MN,2018,black,non-hisp,f,85+,4566,0
MN,2018,asian,non-hisp,m,0-4,7860,0
MN,2018,asian,non-hisp,f,0-4,7860,0
MN,2018,asian,non-hisp,m,5-9,8132,0
MN,2018,asian,non-hisp,f,5-9,8132,0
MN,2018,asian,non-hisp,m,10-14,8674,0
MN,2018,asian,non-hisp,f,10-14,8674,0
MN,2018,asian,non-hisp,m,15-19,8674,0
MN,2018,asian,non-hisp,f,15-19,8674,0
MN,2018,asian,non-hisp,m,20-24,8945,0
MN,2018,asian,non-hisp,f,20-24,8945,0
MN,2018,asian,non-hisp,m,25-29,9487,0
MN,2018,asian,non-hisp,f,25-29,9487,0
MN,2018,asian,non-hisp,m,30-34,9487,0
MN,2018,asian,non-hisp,f,30-34,9487,0
MN,2018,asian,non-hisp,m,35-39,9216,0
MN,2018,asian,non-hisp,f,35-39,9216,0
MN,2018,asian,non-hisp,m,40-44,8538,0
MN,2018,asian,non-hisp,f,40-44,8538,0
MN,2018,asian,non-hisp,m,45-49,8132,0
MN,2018,asian,non-hisp,f,45-49,8132,0
MN,2018,asian,non-hisp,m,50-54,8674,0
MN,2018,asian,non-hisp,f,50-54,8674,0
MN,2018,asian,non-hisp,m,55-59,9080,0
MN,2018,asian,non-hisp,f,55-59,9080,0
MN,2018,asian,non-hisp,m,60-64,8674,0
MN,2018,asian,non-hisp,f,60-64,8674,0
MN,2018,asian,non-hisp,m,65-69,7318,0
MN,2018,asian,non-hisp,f,65-69,7318,0
MN,2018,asian,non-hisp,m,70-74,6099,0
MN,2018,asian,non-hisp,f,70-74,6099,0
MN,2018,asian,non-hisp,m,75-79,4337,0
MN,2018,asian,non-hisp,f,75-79,4337,0
MN,2018,asian,non-hisp,m,80-84,2168,0
MN,2018,asian,non-hisp,f,80-84,3253,0
MN,2018,asian,non-hisp,m,85+,2277,0
MN,2018,asian,non-hisp,f,85+,3415,0
MN,2018,other,non-hisp,m,0-4,6215,0
MN,2018,other,non-hisp,f,0-4,6215,0
MN,2018,other,non-hisp,m,5-9,6429,0
MN,2018,other,non-hisp,f,5-9,6429,0
MN,2018,other,non-hisp,m,10-14,6858,0
MN,2018,other,non-hisp,f,10-14,6858,0
MN,2018,other,non-hisp,m,15-19,6858,0
MN,2018,other,non-hisp,f,15-19,6858,0
MN,2018,other,non-hisp,m,20-24,7072,0
MN,2018,other,non-hisp,f,20-24,7072,0
MN,2018,other,non-hisp,m,25-29,7501,0
MN,2018,other,non-hisp,f,25-29,7501,0
MN,2018,other,non-hisp,m,30-34,7501,0
MN,2018,other,non-hisp,f,30-34,7501,0
MN,2018,other,non-hisp,m,35-39,7286,0
MN,2018,other,non-hisp,f,35-39,7286,0
MN,2018,other,non-hisp,m,40-44,6751,0
MN,2018,other,non-hisp,f,40-44,6751,0
MN,2018,other,non-hisp,m,45-49,6429,0
MN,2018,other,non-hisp,f,45-49,6429,0
MN,2018,other,non-hisp,m,50-54,6858,0
MN,2018,other,non-hisp,f,50-54,6858,0
MN,2018,other,non-hisp,m,55-59,7179,0
MN,2018,other,non-hisp,f,55-59,7179,0
MN,2018,other,non-hisp,m,60-64,6858,0
MN,2018,other,non-hisp,f,60-64,6858,0
MN,2018,other,non-hisp,m,65-69,5786,0
MN,2018,other,non-hisp,f,65-69,5786,0
MN,2018,other,non-hisp,m,70-74,4822,0
MN,2018,other,non-hisp,f,70-74,4822,0
MN,2018,other,non-hisp,m,75-79,3429,0
MN,2018,other,non-hisp,f,75-79,3429,0
MN,2018,other,non-hisp,m,80-84,1714,0
MN,2018,other,non-hisp,f,80-84,2572,0
MN,2018,other,non-hisp,m,85+,1800,0
MN,2018,other,non-hisp,f,85+,2700,0
MN,2018,white,hisp,m,0-4,5046,0
MN,2018,white,hisp,f,0-4,5046,0
MN,2018,white,hisp,m,5-9,5220,0
MN,2018,white,hisp,f,5-9,5220,0
MN,2018,white,hisp,m,10-14,5568,0
MN,2018,white,hisp,f,10-14,5568,0
MN,2018,white,hisp,m,15-19,5568,0
MN,2018,white,hisp,f,15-19,5568,0
MN,2018,white,hisp,m,20-24,5742,0
MN,2018,white,hisp,f,20-24,5742,0
MN,2018,white,hisp,m,25-29,6090,0
MN,2018,white,hisp,f,25-29,6090,0
MN,2018,white,hisp,m,30-34,6090,0
MN,2018,white,hisp,f,30-34,6090,0
MN,2018,white,hisp,m,35-39,5916,0
MN,2018,white,hisp,f,35-39,5916,0
MN,2018,white,hisp,m,40-44,5481,0
MN,2018,white,hisp,f,40-44,5481,0
MN,2018,white,hisp,m,45-49,5220,0
MN,2018,white,hisp,f,45-49,5220,0
MN,2018,white,hisp,m,50-54,5568,0
MN,2018,white,hisp,f,50-54,5568,0
MN,2018,white,hisp,m,55-59,5829,0
MN,2018,white,hisp,f,55-59,5829,0
MN,2018,white,hisp,m,60-64,5568,0
MN,2018,white,hisp,f,60-64,5568,0
MN,2018,white,hisp,m,65-69,4698,0
MN,2018,white,hisp,f,65-69,4698,0
MN,2018,white,hisp,m,70-74,3915,0
MN,2018,white,hisp,f,70-74,3915,0
MN,2018,white,hisp,m,75-79,2784,0
MN,2018,white,hisp,f,75-79,2784,0
MN,2018,white,hisp,m,80-84,1392,0
MN,2018,white,hisp,f,80-84,2088,0
MN,2018,white,hisp,m,85+,1461,0
MN,2018,white,hisp,f,85+,2192,0
MN,2018,black,hisp,m,0-4,152,0
MN,2018,black,hisp,f,0-4,152,0
MN,2018,black,hisp,m,5-9,157,0
MN,2018,black,hisp,f,5-9,157,0
MN,2018,black,hisp,m,10-14,167,0
MN,2018,black,hisp,f,10-14,167,0
MN,2018,black,hisp,m,15-19,167,0
MN,2018,black,hisp,f,15-19,167,0
MN,2018,black,hisp,m,20-24,173,0
MN,2018,black,hisp,f,20-24,173,0
MN,2018,black,hisp,m,25-29,183,0
MN,2018,black,hisp,f,25-29,183,0
MN,2018,black,hisp,m,30-34,183,0
MN,2018,black,hisp,f,30-34,183,0
MN,2018,black,hisp,m,35-39,178,0
MN,2018,black,hisp,f,35-39,178,0
MN,2018,black,hisp,m,40-44,165,0
MN,2018,black,hisp,f,40-44,165,0
MN,2018,black,hisp,m,45-49,157,0
MN,2018,black,hisp,f,45-49,157,0
MN,2018,black,hisp,m,50-54,167,0
MN,2018,black,hisp,f,50-54,167,0
MN,2018,black,hisp,m,55-59,175,0
MN,2018,black,hisp,f,55-59,175,0
MN,2018,black,hisp,m,60-64,167,0
MN,2018,black,hisp,f,60-64,167,0
MN,2018,black,hisp,m,65-69,141,0
MN,2018,black,hisp,f,65-69,141,0
MN,2018,black,hisp,m,70-74,118,0
MN,2018,black,hisp,f,70-74,118,0
MN,2018,black,hisp,m,75-79,84,0
MN,2018,black,hisp,f,75-79,84,0
MN,2018,black,hisp,m,80-84,42,0
MN,2018,black,hisp,f,80-84,63,0
MN,2018,black,hisp,m,85+,44,0
MN,2018,black,hisp,f,85+,66,0
MN,2018,asian,hisp,m,0-4,60,0
MN,2018,asian,hisp,f,0-4,60,0
MN,2018,asian,hisp,m,5-9,62,0
MN,2018,asian,hisp,f,5-9,62,0
MN,2018,asian,hisp,m,10-14,66,0
MN,2018,asian,hisp,f,10-14,66,0
MN,2018,asian,hisp,m,15-19,66,0
MN,2018,asian,hisp,f,15-19,66,0
MN,2018,asian,hisp,m,20-24,68,0
MN,2018,asian,hisp,f,20-24,68,0
MN,2018,asian,hisp,m,25-29,73,0
MN,2018,asian,hisp,f,25-29,73,0
MN,2018,asian,hisp,m,30-34,73,0
MN,2018,asian,hisp,f,30-34,73,0
MN,2018,asian,hisp,m,35-39,71,0
MN,2018,asian,hisp,f,35-39,71,0
MN,2018,asian,hisp,m,40-44,65,0
MN,2018,asian,hisp,f,40-44,65,0
MN,2018,asian,hisp,m,45-49,62,0
MN,2018,asian,hisp,f,45-49,62,0
MN,2018,asian,hisp,m,50-54,66,0
MN,2018,asian,hisp,f,50-54,66,0
MN,2018,asian,hisp,m,55-59,70,0
MN,2018,asian,hisp,f,55-59,70,0
MN,2018,asian,hisp,m,60-64,66,0
MN,2018,asian,hisp,f,60-64,66,0
MN,2018,asian,hisp,m,65-69,56,0
MN,2018,asian,hisp,f,65-69,56,0
MN,2018,asian,hisp,m,70-74,47,0
MN,2018,asian,hisp,f,70-74,47,0
MN,2018,asian,hisp,m,75-79,33,0
MN,2018,asian,hisp,f,75-79,33,0
MN,2018,asian,hisp,m,80-84,17,0
MN,2018,asian,hisp,f,80-84,25,0
MN,2018,asian,hisp,m,85+,17,0
MN,2018,asian,hisp,f,85+,26,0
MN,2018,other,hisp,m,0-4,3675,0
MN,2018,other,hisp,f,0-4,3675,0
MN,2018,other,hisp,m,5-9,3802,0
MN,2018,other,hisp,f,5-9,3802,0
MN,2018,other,hisp,m,10-14,4055,0
MN,2018,other,hisp,f,10-14,4055,0
MN,2018,other,hisp,m,15-19,4055,0
MN,2018,other,hisp,f,15-19,4055,0
MN,2018,other,hisp,m,20-24,4182,0
MN,2018,other,hisp,f,20-24,4182,0
MN,2018,other,hisp,m,25-29,4435,0
MN,2018,other,hisp,f,25-29,4435,0
MN,2018,other,hisp,m,30-34,4435,0
MN,2018,other,hisp,f,30-34,4435,0
MN,2018,other,hisp,m,35-39,4308,0
MN,2018,other,hisp,f,35-39,4308,0
MN,2018,other,hisp,m,40-44,3992,0
MN,2018,other,hisp,f,40-44,3992,0
MN,2018,other,hisp,m,45-49,3802,0
MN,2018,other,hisp,f,45-49,3802,0
MN,2018,other,hisp,m,50-54,4055,0
MN,2018,other,hisp,f,50-54,4055,0
MN,2018,other,hisp,m,55-59,4245,0
MN,2018,other,hisp,f,55-59,4245,0
MN,2018,other,hisp,m,60-64,4055,0
MN,2018,other,hisp,f,60-64,4055,0
MN,2018,other,hisp,m,65-69,3421,0
MN,2018,other,hisp,f,65-69,3421,0
MN,2018,other,hisp,m,70-74,2851,0
MN,2018,other,hisp,f,70-74,2851,0
MN,2018,other,hisp,m,75-79,2027,0
MN,2018,other,hisp,f,75-79,2027,0
MN,2018,other,hisp,m,80-84,1014,0
MN,2018,other,hisp,f,80-84,1521,0
MN,2018,other,hisp,m,85+,1064,0
MN,2018,other,hisp,f,85+,1597,0
