state_code,year,race,origin,sex,age_group,population,is_projection
AL,2023,white,non-hisp,m,0-4,93832,0
AL,2023,white,non-hisp,f,0-4,93832,0
AL,2023,white,non-hisp,m,5-9,97068,0
AL,2023,white,non-hisp,f,5-9,97068,0
AL,2023,white,non-hisp,m,10-14,103539,0
AL,2023,white,non-hisp,f,10-14,103539,0
AL,2023,white,non-hisp,m,15-19,103539,0
AL,2023,white,non-hisp,f,15-19,103539,0
AL,2023,white,non-hisp,m,20-24,106774,0
AL,2023,white,non-hisp,f,20-24,106774,0
AL,2023,white,non-hisp,m,25-29,113245,0
AL,2023,white,non-hisp,f,25-29,113245,0
AL,2023,white,non-hisp,m,30-34,113245,0
AL,2023,white,non-hisp,f,30-34,113245,0
AL,2023,white,non-hisp,m,35-39,110010,0
AL,2023,white,non-hisp,f,35-39,110010,0
AL,2023,white,non-hisp,m,40-44,101921,0
AL,2023,white,non-hisp,f,40-44,101921,0
AL,2023,white,non-hisp,m,45-49,97068,0
AL,2023,white,non-hisp,f,45-49,97068,0
AL,2023,white,non-hisp,m,50-54,103539,0
AL,2023,white,non-hisp,f,50-54,103539,0
AL,2023,white,non-hisp,m,55-59,108392,0
AL,2023,white,non-hisp,f,55-59,108392,0
AL,2023,white,non-hisp,m,60-64,103539,0
AL,2023,white,non-hisp,f,60-64,103539,0
AL,2023,white,non-hisp,m,65-69,87361,0
AL,2023,white,non-hisp,f,65-69,87361,0
AL,2023,white,non-hisp,m,70-74,72801,0
AL,2023,white,non-hisp,f,70-74,72801,0
AL,2023,white,non-hisp,m,75-79,51769,0
AL,2023,white,non-hisp,f,75-79,51769,0
AL,2023,white,non-hisp,m,80-84,25885,0
AL,2023,white,non-hisp,f,80-84,38827,0
AL,2023,white,non-hisp,m,85+,27179,0
AL,2023,white,non-hisp,f,85+,40768,0
AL,2023,black,non-hisp,m,0-4,37522,0
AL,2023,black,non-hisp,f,0-4,37522,0
AL,2023,black,non-hisp,m,5-9,38816,0
AL,2023,black,non-hisp,f,5-9,38816,0
AL,2023,black,non-hisp,m,10-14,41404,0
AL,2023,black,non-hisp,f,10-14,41404,0
AL,2023,black,non-hisp,m,15-19,41404,0
AL,2023,black,non-hisp,f,15-19,41404,0
AL,2023,black,non-hisp,m,20-24,42698,0
AL,2023,black,non-hisp,f,20-24,42698,0
AL,2023,black,non-hisp,m,25-29,45286,0
AL,2023,black,non-hisp,f,25-29,45286,0
AL,2023,black,non-hisp,m,30-34,45286,0
AL,2023,black,non-hisp,f,30-34,45286,0
AL,2023,black,non-hisp,m,35-39,43992,0
AL,2023,black,non-hisp,f,35-39,43992,0
AL,2023,black,non-hisp,m,40-44,40757,0
AL,2023,black,non-hisp,f,40-44,40757,0
AL,2023,black,non-hisp,m,45-49,38816,0
AL,2023,black,non-hisp,f,45-49,38816,0
AL,2023,black,non-hisp,m,50-54,41404,0
AL,2023,black,non-hisp,f,50-54,41404,0
AL,2023,black,non-hisp,m,55-59,43345,0
AL,2023,black,non-hisp,f,55-59,43345,0
AL,2023,black,non-hisp,m,60-64,41404,0
AL,2023,black,non-hisp,f,60-64,41404,0
AL,2023,black,non-hisp,m,65-69,34935,0
AL,2023,black,non-hisp,f,65-69,34935,0
AL,2023,black,non-hisp,m,70-74,29112,0
AL,2023,black,non-hisp,f,70-74,29112,0
AL,2023,black,non-hisp,m,75-79,20702,0
AL,2023,black,non-hisp,f,75-79,20702,0
AL,2023,black,non-hisp,m,80-84,10351,0
AL,2023,black,non-hisp,f,80-84,15527,0
AL,2023,black,non-hisp,m,85+,10869,0
AL,2023,black,non-hisp,f,85+,16303,0
AL,2023,asian,non-hisp,m,0-4,2229,0
AL,2023,asian,non-hisp,f,0-4,2229,0
AL,2023,asian,non-hisp,m,5-9,2306,0
AL,2023,asian,non-hisp,f,5-9,2306,0
AL,2023,asian,non-hisp,m,10-14,2460,0
AL,2023,asian,non-hisp,f,10-14,2460,0
AL,2023,asian,non-hisp,m,15-19,2460,0
AL,2023,asian,non-hisp,f,15-19,2460,0
AL,2023,asian,non-hisp,m,20-24,2536,0
AL,2023,asian,non-hisp,f,20-24,2536,0
AL,2023,asian,non-hisp,m,25-29,2690,0
AL,2023,asian,non-hisp,f,25-29,2690,0
AL,2023,asian,non-hisp,m,30-34,2690,0
AL,2023,asian,non-hisp,f,30-34,2690,0
AL,2023,asian,non-hisp,m,35-39,2613,0
AL,2023,asian,non-hisp,f,35-39,2613,0
AL,2023,asian,non-hisp,m,40-44,2421,0
AL,2023,asian,non-hisp,f,40-44,2421,0
AL,2023,asian,non-hisp,m,45-49,2306,0
AL,2023,asian,non-hisp,f,45-49,2306,0
AL,2023,asian,non-hisp,m,50-54,2460,0
AL,2023,asian,non-hisp,f,50-54,2460,0
AL,2023,asian,non-hisp,m,55-59,2575,0
AL,2023,asian,non-hisp,f,55-59,2575,0
AL,2023,asian,non-hisp,m,60-64,2460,0
AL,2023,asian,non-hisp,f,60-64,2460,0
AL,2023,asian,non-hisp,m,65-69,2075,0
AL,2023,asian,non-hisp,f,65-69,2075,0
AL,2023,asian,non-hisp,m,70-74,1729,0
AL,2023,asian,non-hisp,f,70-74,1729,0
AL,2023,asian,non-hisp,m,75-79,1230,0
AL,2023,asian,non-hisp,f,75-79,1230,0
AL,2023,asian,non-hisp,m,80-84,615,0
AL,2023,asian,non-hisp,f,80-84,922,0
AL,2023,asian,non-hisp,m,85+,646,0
AL,2023,asian,non-hisp,f,85+,968,0
AL,2023,other,non-hisp,m,0-4,6126,0
AL,2023,other,non-hisp,f,0-4,6126,0
AL,2023,other,non-hisp,m,5-9,6337,0
AL,2023,other,non-hisp,f,5-9,6337,0
AL,2023,other,non-hisp,m,10-14,6760,0
AL,2023,other,non-hisp,f,10-14,6760,0
AL,2023,other,non-hisp,m,15-19,6760,0
AL,2023,other,non-hisp,f,15-19,6760,0
AL,2023,other,non-hisp,m,20-24,6971,0
AL,2023,other,non-hisp,f,20-24,6971,0
AL,2023,other,non-hisp,m,25-29,7393,0
AL,2023,other,non-hisp,f,25-29,7393,0
AL,2023,other,non-hisp,m,30-34,7393,0
AL,2023,other,non-hisp,f,30-34,7393,0
AL,2023,other,non-hisp,m,35-39,7182,0
AL,2023,other,non-hisp,f,35-39,7182,0
AL,2023,other,non-hisp,m,40-44,6654,0
AL,2023,other,non-hisp,f,40-44,6654,0
AL,2023,other,non-hisp,m,45-49,6337,0
AL,2023,other,non-hisp,f,45-49,6337,0
AL,2023,other,non-hisp,m,50-54,6760,0
AL,2023,other,non-hisp,f,50-54,6760,0
AL,2023,other,non-hisp,m,55-59,7077,0
AL,2023,other,non-hisp,f,55-59,7077,0
AL,2023,other,non-hisp,m,60-64,6760,0
AL,2023,other,non-hisp,f,60-64,6760,0
AL,2023,other,non-hisp,m,65-69,5704,0
AL,2023,other,non-hisp,f,65-69,5704,0
AL,2023,other,non-hisp,m,70-74,4753,0
AL,2023,other,non-hisp,f,70-74,4753,0
AL,2023,other,non-hisp,m,75-79,3380,0
AL,2023,other,non-hisp,f,75-79,3380,0
AL,2023,other,non-hisp,m,80-84,1690,0
AL,2023,other,non-hisp,f,80-84,2535,0
AL,2023,other,non-hisp,m,85+,1774,0
AL,2023,other,non-hisp,f,85+,2662,0
AL,2023,white,hisp,m,0-4,1982,0
AL,2023,white,hisp,f,0-4,1982,0
AL,2023,white,hisp,m,5-9,2051,0
AL,2023,white,hisp,f,5-9,2051,0
AL,2023,white,hisp,m,10-14,2187,0
AL,2023,white,hisp,f,10-14,2187,0
AL,2023,white,hisp,m,15-19,2187,0
AL,2023,white,hisp,f,15-19,2187,0
AL,2023,white,hisp,m,20-24,2256,0
AL,2023,white,hisp,f,20-24,2256,0
AL,2023,white,hisp,m,25-29,2392,0
AL,2023,white,hisp,f,25-29,2392,0
AL,2023,white,hisp,m,30-34,2392,0
AL,2023,white,hisp,f,30-34,2392,0
AL,2023,white,hisp,m,35-39,2324,0
AL,2023,white,hisp,f,35-39,2324,0
AL,2023,white,hisp,m,40-44,2153,0
AL,2023,white,hisp,f,40-44,2153,0
AL,2023,white,hisp,m,45-49,2051,0
AL,2023,white,hisp,f,45-49,2051,0
AL,2023,white,hisp,m,50-54,2187,0
AL,2023,white,hisp,f,50-54,2187,0
AL,2023,white,hisp,m,55-59,2290,0
AL,2023,white,hisp,f,55-59,2290,0
AL,2023,white,hisp,m,60-64,2187,0
AL,2023,white,hisp,f,60-64,2187,0
AL,2023,white,hisp,m,65-69,1846,0
AL,2023,white,hisp,f,65-69,1846,0
AL,2023,white,hisp,m,70-74,1538,0
AL,2023,white,hisp,f,70-74,1538,0
AL,2023,white,hisp,m,75-79,1094,0
AL,2023,white,hisp,f,75-79,1094,0
AL,2023,white,hisp,m,80-84,547,0
AL,2023,white,hisp,f,80-84,820,0
AL,2023,white,hisp,m,85+,574,0
AL,2023,white,hisp,f,85+,861,0
AL,2023,black,hisp,m,0-4,142,0
AL,2023,black,hisp,f,0-4,142,0
AL,2023,black,hisp,m,5-9,146,0
AL,2023,black,hisp,f,5-9,146,0
AL,2023,black,hisp,m,10-14,156,0
AL,2023,black,hisp,f,10-14,156,0
AL,2023,black,hisp,m,15-19,156,0
AL,2023,black,hisp,f,15-19,156,0
AL,2023,black,hisp,m,20-24,161,0
AL,2023,black,hisp,f,20-24,161,0
AL,2023,black,hisp,m,25-29,171,0
AL,2023,black,hisp,f,25-29,171,0
AL,2023,black,hisp,m,30-34,171,0
AL,2023,black,hisp,f,30-34,171,0
AL,2023,black,hisp,m,35-39,166,0
AL,2023,black,hisp,f,35-39,166,0
AL,2023,black,hisp,m,40-44,154,0
AL,2023,black,hisp,f,40-44,154,0
AL,2023,black,hisp,m,45-49,146,0
AL,2023,black,hisp,f,45-49,146,0
AL,2023,black,hisp,m,50-54,156,0
AL,2023,black,hisp,f,50-54,156,0
AL,2023,black,hisp,m,55-59,164,0
AL,2023,black,hisp,f,55-59,164,0
AL,2023,black,hisp,m,60-64,156,0
AL,2023,black,hisp,f,60-64,156,0
AL,2023,black,hisp,m,65-69,132,0
AL,2023,black,hisp,f,65-69,132,0
AL,2023,black,hisp,m,70-74,110,0
AL,2023,black,hisp,f,70-74,110,0
AL,2023,black,hisp,m,75-79,78,0
AL,2023,black,hisp,f,75-79,78,0
AL,2023,black,hisp,m,80-84,39,0
AL,2023,black,hisp,f,80-84,59,0
AL,2023,black,hisp,m,85+,41,0
AL,2023,black,hisp,f,85+,62,0
AL,2023,asian,hisp,m,0-4,17,0
AL,2023,asian,hisp,f,0-4,17,0
AL,2023,asian,hisp,m,5-9,18,0
AL,2023,asian,hisp,f,5-9,18,0
AL,2023,asian,hisp,m,10-14,19,0
AL,2023,asian,hisp,f,10-14,19,0
AL,2023,asian,hisp,m,15-19,19,0
AL,2023,asian,hisp,f,15-19,19,0
AL,2023,asian,hisp,m,20-24,19,0
AL,2023,asian,hisp,f,20-24,19,0
AL,2023,asian,hisp,m,25-29,20,0
AL,2023,asian,hisp,f,25-29,20,0
AL,2023,asian,hisp,m,30-34,20,0
AL,2023,asian,hisp,f,30-34,20,0
AL,2023,asian,hisp,m,35-39,20,0
AL,2023,asian,hisp,f,35-39,20,0
AL,2023,asian,hisp,m,40-44,18,0
AL,2023,asian,hisp,f,40-44,18,0
AL,2023,asian,hisp,m,45-49,18,0
AL,2023,asian,hisp,f,45-49,18,0
AL,2023,asian,hisp,m,50-54,19,0
AL,2023,asian,hisp,f,50-54,19,0
AL,2023,asian,hisp,m,55-59,20,0
AL,2023,asian,hisp,f,55-59,20,0
AL,2023,asian,hisp,m,60-64,19,0
AL,2023,asian,hisp,f,60-64,19,0
AL,2023,asian,hisp,m,65-69,16,0
AL,2023,asian,hisp,f,65-69,16,0
AL,2023,asian,hisp,m,70-74,13,0
AL,2023,asian,hisp,f,70-74,13,0
AL,2023,asian,hisp,m,75-79,9,0
AL,2023,asian,hisp,f,75-79,9,0
AL,2023,asian,hisp,m,80-84,5,0
AL,2023,asian,hisp,f,80-84,7,0
AL,2023,asian,hisp,m,85+,5,0
AL,2023,asian,hisp,f,85+,7,0
AL,2023,other,hisp,m,0-4,6295,0
AL,2023,other,hisp,f,0-4,6295,0
AL,2023,other,hisp,m,5-9,6513,0
AL,2023,other,hisp,f,5-9,6513,0
AL,2023,other,hisp,m,10-14,6947,0
AL,2023,other,hisp,f,10-14,6947,0
AL,2023,other,hisp,m,15-19,6947,0
AL,2023,other,hisp,f,15-19,6947,0
AL,2023,other,hisp,m,20-24,7164,0
AL,2023,other,hisp,f,20-24,7164,0
AL,2023,other,hisp,m,25-29,7598,0
AL,2023,other,hisp,f,25-29,7598,0
AL,2023,other,hisp,m,30-34,7598,0
AL,2023,other,hisp,f,30-34,7598,0
AL,2023,other,hisp,m,35-39,7381,0
AL,2023,other,hisp,f,35-39,7381,0
AL,2023,other,hisp,m,40-44,6838,0
AL,2023,other,hisp,f,40-44,6838,0
AL,2023,other,hisp,m,45-49,6513,0
AL,2023,other,hisp,f,45-49,6513,0
AL,2023,other,hisp,m,50-54,6947,0
AL,2023,other,hisp,f,50-54,6947,0
AL,2023,other,hisp,m,55-59,7272,0
AL,2023,other,hisp,f,55-59,7272,0
AL,2023,other,hisp,m,60-64,6947,0
AL,2023,other,hisp,f,60-64,6947,0
AL,2023,other,hisp,m,65-69,5861,0
AL,2023,other,hisp,f,65-69,5861,0
AL,2023,other,hisp,m,70-74,4884,0
AL,2023,other,hisp,f,70-74,4884,0
AL,2023,other,hisp,m,75-79,3473,0
AL,2023,other,hisp,f,75-79,3473,0
AL,2023,other,hisp,m,80-84,1737,0
AL,2023,other,hisp,f,80-84,2605,0
AL,2023,other,hisp,m,85+,1824,0
AL,2023,other,hisp,f,85+,2735,0
AK,2023,white,non-hisp,m,0-4,12264,0
AK,2023,white,non-hisp,f,0-4,12264,0
AK,2023,white,non-hisp,m,5-9,12686,0
AK,2023,white,non-hisp,f,5-9,12686,0
AK,2023,white,non-hisp,m,10-14,13532,0
AK,2023,white,non-hisp,f,10-14,13532,0
AK,2023,white,non-hisp,m,15-19,13532,0
AK,2023,white,non-hisp,f,15-19,13532,0
AK,2023,white,non-hisp,m,20-24,13955,0
AK,2023,white,non-hisp,f,20-24,13955,0
AK,2023,white,non-hisp,m,25-29,14801,0
AK,2023,white,non-hisp,f,25-29,14801,0
AK,2023,white,non-hisp,m,30-34,14801,0
AK,2023,white,non-hisp,f,30-34,14801,0
AK,2023,white,non-hisp,m,35-39,14378,0
AK,2023,white,non-hisp,f,35-39,14378,0
AK,2023,white,non-hisp,m,40-44,13321,0
AK,2023,white,non-hisp,f,40-44,13321,0
AK,2023,white,non-hisp,m,45-49,12686,0
AK,2023,white,non-hisp,f,45-49,12686,0
AK,2023,white,non-hisp,m,50-54,13532,0
AK,2023,white,non-hisp,f,50-54,13532,0
AK,2023,white,non-hisp,m,55-59,14167,0
AK,2023,white,non-hisp,f,55-59,14167,0
AK,2023,white,non-hisp,m,60-64,13532,0
AK,2023,white,non-hisp,f,60-64,13532,0
AK,2023,white,non-hisp,m,65-69,11418,0
AK,2023,white,non-hisp,f,65-69,11418,0
AK,2023,white,non-hisp,m,70-74,9515,0
AK,2023,white,non-hisp,f,70-74,9515,0
AK,2023,white,non-hisp,m,75-79,6766,0
AK,2023,white,non-hisp,f,75-79,6766,0
AK,2023,white,non-hisp,m,80-84,3383,0
AK,2023,white,non-hisp,f,80-84,5075,0
AK,2023,white,non-hisp,m,85+,3552,0
AK,2023,white,non-hisp,f,85+,5328,0
AK,2023,black,non-hisp,m,0-4,588,0
AK,2023,black,non-hisp,f,0-4,588,0
AK,2023,black,non-hisp,m,5-9,608,0
AK,2023,black,non-hisp,f,5-9,608,0
AK,2023,black,non-hisp,m,10-14,649,0
AK,2023,black,non-hisp,f,10-14,649,0
AK,2023,black,non-hisp,m,15-19,649,0
AK,2023,black,non-hisp,f,15-19,649,0
AK,2023,black,non-hisp,m,20-24,669,0
AK,2023,black,non-hisp,f,20-24,669,0
AK,2023,black,non-hisp,m,25-29,710,0
AK,2023,black,non-hisp,f,25-29,710,0
AK,2023,black,non-hisp,m,30-34,710,0
AK,2023,black,non-hisp,f,30-34,710,0
AK,2023,black,non-hisp,m,35-39,689,0
AK,2023,black,non-hisp,f,35-39,689,0
AK,2023,black,non-hisp,m,40-44,639,0
AK,2023,black,non-hisp,f,40-44,639,0
AK,2023,black,non-hisp,m,45-49,608,0
AK,2023,black,non-hisp,f,45-49,608,0
AK,2023,black,non-hisp,m,50-54,649,0
AK,2023,black,non-hisp,f,50-54,649,0
AK,2023,black,non-hisp,m,55-59,679,0
AK,2023,black,non-hisp,f,55-59,679,0
AK,2023,black,non-hisp,m,60-64,649,0
AK,2023,black,non-hisp,f,60-64,649,0
AK,2023,black,non-hisp,m,65-69,547,0
AK,2023,black,non-hisp,f,65-69,547,0
AK,2023,black,non-hisp,m,70-74,456,0
AK,2023,black,non-hisp,f,70-74,456,0
AK,2023,black,non-hisp,m,75-79,324,0
AK,2023,black,non-hisp,f,75-79,324,0
AK,2023,black,non-hisp,m,80-84,162,0
AK,2023,black,non-hisp,f,80-84,243,0
AK,2023,black,non-hisp,m,85+,170,0
AK,2023,black,non-hisp,f,85+,255,0
AK,2023,asian,non-hisp,m,0-4,1244,0
AK,2023,asian,non-hisp,f,0-4,1244,0
AK,2023,asian,non-hisp,m,5-9,1287,0
AK,2023,asian,non-hisp,f,5-9,1287,0
AK,2023,asian,non-hisp,m,10-14,1373,0
AK,2023,asian,non-hisp,f,10-14,1373,0
AK,2023,asian,non-hisp,m,15-19,1373,0
AK,2023,asian,non-hisp,f,15-19,1373,0
AK,2023,asian,non-hisp,m,20-24,1416,0
AK,2023,asian,non-hisp,f,20-24,1416,0
AK,2023,asian,non-hisp,m,25-29,1502,0
AK,2023,asian,non-hisp,f,25-29,1502,0
AK,2023,asian,non-hisp,m,30-34,1502,0
AK,2023,asian,non-hisp,f,30-34,1502,0
AK,2023,asian,non-hisp,m,35-39,1459,0
AK,2023,asian,non-hisp,f,35-39,1459,0
AK,2023,asian,non-hisp,m,40-44,1352,0
AK,2023,asian,non-hisp,f,40-44,1352,0
AK,2023,asian,non-hisp,m,45-49,1287,0
AK,2023,asian,non-hisp,f,45-49,1287,0
AK,2023,asian,non-hisp,m,50-54,1373,0
AK,2023,asian,non-hisp,f,50-54,1373,0
AK,2023,asian,non-hisp,m,55-59,1437,0
AK,2023,asian,non-hisp,f,55-59,1437,0
AK,2023,asian,non-hisp,m,60-64,1373,0
AK,2023,asian,non-hisp,f,60-64,1373,0
AK,2023,asian,non-hisp,m,65-69,1159,0
AK,2023,asian,non-hisp,f,65-69,1159,0
AK,2023,asian,non-hisp,m,70-74,965,0
AK,2023,asian,non-hisp,f,70-74,965,0
AK,2023,asian,non-hisp,m,75-79,687,0
AK,2023,asian,non-hisp,f,75-79,687,0
AK,2023,asian,non-hisp,m,80-84,343,0
AK,2023,asian,non-hisp,f,80-84,515,0
AK,2023,asian,non-hisp,m,85+,360,0
AK,2023,asian,non-hisp,f,85+,541,0
AK,2023,other,non-hisp,m,0-4,5582,0
AK,2023,other,non-hisp,f,0-4,5582,0
AK,2023,other,non-hisp,m,5-9,5774,0
AK,2023,other,non-hisp,f,5-9,5774,0
AK,2023,other,non-hisp,m,10-14,6159,0
AK,2023,other,non-hisp,f,10-14,6159,0
AK,2023,other,non-hisp,m,15-19,6159,0
AK,2023,other,non-hisp,f,15-19,6159,0
AK,2023,other,non-hisp,m,20-24,6352,0
AK,2023,other,non-hisp,f,20-24,6352,0
AK,2023,other,non-hisp,m,25-29,6737,0
AK,2023,other,non-hisp,f,25-29,6737,0
AK,2023,other,non-hisp,m,30-34,6737,0
AK,2023,other,non-hisp,f,30-34,6737,0
AK,2023,other,non-hisp,m,35-39,6544,0
AK,2023,other,non-hisp,f,35-39,6544,0
AK,2023,other,non-hisp,m,40-44,6063,0
AK,2023,other,non-hisp,f,40-44,6063,0
AK,2023,other,non-hisp,m,45-49,5774,0
AK,2023,other,non-hisp,f,45-49,5774,0
AK,2023,other,non-hisp,m,50-54,6159,0
AK,2023,other,non-hisp,f,50-54,6159,0
AK,2023,other,non-hisp,m,55-59,6448,0
AK,2023,other,non-hisp,f,55-59,6448,0
AK,2023,other,non-hisp,m,60-64,6159,0
AK,2023,other,non-hisp,f,60-64,6159,0
AK,2023,other,non-hisp,m,65-69,5197,0
AK,2023,other,non-hisp,f,65-69,5197,0
AK,2023,other,non-hisp,m,70-74,4331,0
AK,2023,other,non-hisp,f,70-74,4331,0
AK,2023,other,non-hisp,m,75-79,3080,0
AK,2023,other,non-hisp,f,75-79,3080,0
AK,2023,other,non-hisp,m,80-84,1540,0
AK,2023,other,non-hisp,f,80-84,2310,0
AK,2023,other,non-hisp,m,85+,1617,0
AK,2023,other,non-hisp,f,85+,2425,0
AK,2023,white,hisp,m,0-4,405,0
AK,2023,white,hisp,f,0-4,405,0
AK,2023,white,hisp,m,5-9,419,0
AK,2023,white,hisp,f,5-9,419,0
AK,2023,white,hisp,m,10-14,447,0
AK,2023,white,hisp,f,10-14,447,0
AK,2023,white,hisp,m,15-19,447,0
AK,2023,white,hisp,f,15-19,447,0
AK,2023,white,hisp,m,20-24,461,0
AK,2023,white,hisp,f,20-24,461,0
AK,2023,white,hisp,m,25-29,489,0
AK,2023,white,hisp,f,25-29,489,0
AK,2023,white,hisp,m,30-34,489,0
AK,2023,white,hisp,f,30-34,489,0
AK,2023,white,hisp,m,35-39,475,0
AK,2023,white,hisp,f,35-39,475,0
AK,2023,white,hisp,m,40-44,440,0
AK,2023,white,hisp,f,40-44,440,0
AK,2023,white,hisp,m,45-49,419,0
AK,2023,white,hisp,f,45-49,419,0
AK,2023,white,hisp,m,50-54,447,0
AK,2023,white,hisp,f,50-54,447,0
AK,2023,white,hisp,m,55-59,468,0
AK,2023,white,hisp,f,55-59,468,0
AK,2023,white,hisp,m,60-64,447,0
AK,2023,white,hisp,f,60-64,447,0
AK,2023,white,hisp,m,65-69,377,0
AK,2023,white,hisp,f,65-69,377,0
AK,2023,white,hisp,m,70-74,315,0
AK,2023,white,hisp,f,70-74,315,0
AK,2023,white,hisp,m,75-79,224,0
AK,2023,white,hisp,f,75-79,224,0
AK,2023,white,hisp,m,80-84,112,0
AK,2023,white,hisp,f,80-84,168,0
AK,2023,white,hisp,m,85+,117,0
AK,2023,white,hisp,f,85+,176,0
AK,2023,black,hisp,m,0-4,22,0
AK,2023,black,hisp,f,0-4,22,0
AK,2023,black,hisp,m,5-9,22,0
AK,2023,black,hisp,f,5-9,22,0
AK,2023,black,hisp,m,10-14,24,0
AK,2023,black,hisp,f,10-14,24,0
AK,2023,black,hisp,m,15-19,24,0
AK,2023,black,hisp,f,15-19,24,0
AK,2023,black,hisp,m,20-24,25,0
AK,2023,black,hisp,f,20-24,25,0
AK,2023,black,hisp,m,25-29,26,0
AK,2023,black,hisp,f,25-29,26,0
AK,2023,black,hisp,m,30-34,26,0
AK,2023,black,hisp,f,30-34,26,0
AK,2023,black,hisp,m,35-39,25,0
AK,2023,black,hisp,f,35-39,25,0
AK,2023,black,hisp,m,40-44,23,0
AK,2023,black,hisp,f,40-44,23,0
AK,2023,black,hisp,m,45-49,22,0
AK,2023,black,hisp,f,45-49,22,0
AK,2023,black,hisp,m,50-54,24,0
AK,2023,black,hisp,f,50-54,24,0
AK,2023,black,hisp,m,55-59,25,0
AK,2023,black,hisp,f,55-59,25,0
AK,2023,black,hisp,m,60-64,24,0
AK,2023,black,hisp,f,60-64,24,0
AK,2023,black,hisp,m,65-69,20,0
AK,2023,black,hisp,f,65-69,20,0
AK,2023,black,hisp,m,70-74,17,0
AK,2023,black,hisp,f,70-74,17,0
AK,2023,black,hisp,m,75-79,12,0
AK,2023,black,hisp,f,75-79,12,0
AK,2023,black,hisp,m,80-84,6,0
AK,2023,black,hisp,f,80-84,9,0
AK,2023,black,hisp,m,85+,6,0
AK,2023,black,hisp,f,85+,9,0
AK,2023,asian,hisp,m,0-4,12,0
AK,2023,asian,hisp,f,0-4,12,0
AK,2023,asian,hisp,m,5-9,13,0
AK,2023,asian,hisp,f,5-9,13,0
AK,2023,asian,hisp,m,10-14,13,0
AK,2023,asian,hisp,f,10-14,13,0
AK,2023,asian,hisp,m,15-19,13,0
AK,2023,asian,hisp,f,15-19,13,0
AK,2023,asian,hisp,m,20-24,14,0
AK,2023,asian,hisp,f,20-24,14,0
AK,2023,asian,hisp,m,25-29,15,0
AK,2023,asian,hisp,f,25-29,15,0
AK,2023,asian,hisp,m,30-34,15,0
AK,2023,asian,hisp,f,30-34,15,0
AK,2023,asian,hisp,m,35-39,14,0
AK,2023,asian,hisp,f,35-39,14,0
AK,2023,asian,hisp,m,40-44,13,0
AK,2023,asian,hisp,f,40-44,13,0
AK,2023,asian,hisp,m,45-49,13,0
AK,2023,asian,hisp,f,45-49,13,0
AK,2023,asian,hisp,m,50-54,13,0
AK,2023,asian,hisp,f,50-54,13,0
AK,2023,asian,hisp,m,55-59,14,0
AK,2023,asian,hisp,f,55-59,14,0
AK,2023,asian,hisp,m,60-64,13,0
AK,2023,asian,hisp,f,60-64,13,0
AK,2023,asian,hisp,m,65-69,11,0
AK,2023,asian,hisp,f,65-69,11,0
AK,2023,asian,hisp,m,70-74,9,0
AK,2023,asian,hisp,f,70-74,9,0
AK,2023,asian,hisp,m,75-79,7,0
AK,2023,asian,hisp,f,75-79,7,0
AK,2023,asian,hisp,m,80-84,3,0
AK,2023,asian,hisp,f,80-84,5,0
AK,2023,asian,hisp,m,85+,4,0
AK,2023,asian,hisp,f,85+,5,0
AK,2023,other,hisp,m,0-4,1152,0
AK,2023,other,hisp,f,0-4,1152,0
AK,2023,other,hisp,m,5-9,1191,0
AK,2023,other,hisp,f,5-9,1191,0
AK,2023,other,hisp,m,10-14,1271,0
AK,2023,other,hisp,f,10-14,1271,0
AK,2023,other,hisp,m,15-19,1271,0
AK,2023,other,hisp,f,15-19,1271,0
AK,2023,other,hisp,m,20-24,1311,0
AK,2023,other,hisp,f,20-24,1311,0
AK,2023,other,hisp,m,25-29,1390,0
AK,2023,other,hisp,f,25-29,1390,0
AK,2023,other,hisp,m,30-34,1390,0
AK,2023,other,hisp,f,30-34,1390,0
AK,2023,other,hisp,m,35-39,1350,0
AK,2023,other,hisp,f,35-39,1350,0
AK,2023,other,hisp,m,40-44,1251,0
AK,2023,other,hisp,f,40-44,1251,0
AK,2023,other,hisp,m,45-49,1191,0
AK,2023,other,hisp,f,45-49,1191,0
AK,2023,other,hisp,m,50-54,1271,0
AK,2023,other,hisp,f,50-54,1271,0
AK,2023,other,hisp,m,55-59,1330,0
AK,2023,other,hisp,f,55-59,1330,0
AK,2023,other,hisp,m,60-64,1271,0
AK,2023,other,hisp,f,60-64,1271,0
AK,2023,other,hisp,m,65-69,1072,0
AK,2023,other,hisp,f,65-69,1072,0
AK,2023,other,hisp,m,70-74,894,0
AK,2023,other,hisp,f,70-74,894,0
AK,2023,other,hisp,m,75-79,635,0
AK,2023,other,hisp,f,75-79,635,0
AK,2023,other,hisp,m,80-84,318,0
AK,2023,other,hisp,f,80-84,477,0
AK,2023,other,hisp,m,85+,334,0
AK,2023,other,hisp,f,85+,500,0
AZ,2023,white,non-hisp,m,0-4,112653,0
AZ,2023,white,non-hisp,f,0-4,112653,0
AZ,2023,white,non-hisp,m,5-9,116537,0
AZ,2023,white,non-hisp,f,5-9,116537,0
AZ,2023,white,non-hisp,m,10-14,124306,0
AZ,2023,white,non-hisp,f,10-14,124306,0
AZ,2023,white,non-hisp,m,15-19,124306,0
AZ,2023,white,non-hisp,f,15-19,124306,0
AZ,2023,white,non-hisp,m,20-24,128191,0
AZ,2023,white,non-hisp,f,20-24,128191,0
AZ,2023,white,non-hisp,m,25-29,135960,0
AZ,2023,white,non-hisp,f,25-29,135960,0
AZ,2023,white,non-hisp,m,30-34,135960,0
AZ,2023,white,non-hisp,f,30-34,135960,0
AZ,2023,white,non-hisp,m,35-39,132075,0
AZ,2023,white,non-hisp,f,35-39,132075,0
AZ,2023,white,non-hisp,m,40-44,122364,0
AZ,2023,white,non-hisp,f,40-44,122364,0
AZ,2023,white,non-hisp,m,45-49,116537,0
AZ,2023,white,non-hisp,f,45-49,116537,0
AZ,2023,white,non-hisp,m,50-54,124306,0
AZ,2023,white,non-hisp,f,50-54,124306,0
AZ,2023,white,non-hisp,m,55-59,130133,0
AZ,2023,white,non-hisp,f,55-59,130133,0
AZ,2023,white,non-hisp,m,60-64,124306,0
AZ,2023,white,non-hisp,f,60-64,124306,0
AZ,2023,white,non-hisp,m,65-69,104883,0
AZ,2023,white,non-hisp,f,65-69,104883,0
AZ,2023,white,non-hisp,m,70-74,87403,0
AZ,2023,white,non-hisp,f,70-74,87403,0
AZ,2023,white,non-hisp,m,75-79,62153,0
AZ,2023,white,non-hisp,f,75-79,62153,0
AZ,2023,white,non-hisp,m,80-84,31077,0
AZ,2023,white,non-hisp,f,80-84,46615,0
AZ,2023,white,non-hisp,m,85+,32630,0
AZ,2023,white,non-hisp,f,85+,48946,0
AZ,2023,black,non-hisp,m,0-4,9713,0
AZ,2023,black,non-hisp,f,0-4,9713,0
AZ,2023,black,non-hisp,m,5-9,10048,0
AZ,2023,black,non-hisp,f,5-9,10048,0
AZ,2023,black,non-hisp,m,10-14,10718,0
AZ,2023,black,non-hisp,f,10-14,10718,0
AZ,2023,black,non-hisp,m,15-19,10718,0
AZ,2023,black,non-hisp,f,15-19,10718,0
AZ,2023,black,non-hisp,m,20-24,11053,0
AZ,2023,black,non-hisp,f,20-24,11053,0
AZ,2023,black,non-hisp,m,25-29,11723,0
AZ,2023,black,non-hisp,f,25-29,11723,0
AZ,2023,black,non-hisp,m,30-34,11723,0
AZ,2023,black,non-hisp,f,30-34,11723,0
AZ,2023,black,non-hisp,m,35-39,11388,0
AZ,2023,black,non-hisp,f,35-39,11388,0
AZ,2023,black,non-hisp,m,40-44,10550,0
AZ,2023,black,non-hisp,f,40-44,10550,0
AZ,2023,black,non-hisp,m,45-49,10048,0
AZ,2023,black,non-hisp,f,45-49,10048,0
AZ,2023,black,non-hisp,m,50-54,10718,0
AZ,2023,black,non-hisp,f,50-54,10718,0
AZ,2023,black,non-hisp,m,55-59,11220,0
AZ,2023,black,non-hisp,f,55-59,11220,0
AZ,2023,black,non-hisp,m,60-64,10718,0
AZ,2023,black,non-hisp,f,60-64,10718,0
AZ,2023,black,non-hisp,m,65-69,9043,0
AZ,2023,black,non-hisp,f,65-69,9043,0
AZ,2023,black,non-hisp,m,70-74,7536,0
AZ,2023,black,non-hisp,f,70-74,7536,0
AZ,2023,black,non-hisp,m,75-79,5359,0
AZ,2023,black,non-hisp,f,75-79,5359,0
AZ,2023,black,non-hisp,m,80-84,2679,0
AZ,2023,black,non-hisp,f,80-84,4019,0
AZ,2023,black,non-hisp,m,85+,2813,0
AZ,2023,black,non-hisp,f,85+,4220,0
AZ,2023,asian,non-hisp,m,0-4,7519,0
AZ,2023,asian,non-hisp,f,0-4,7519,0
AZ,2023,asian,non-hisp,m,5-9,7778,0
AZ,2023,asian,non-hisp,f,5-9,7778,0
AZ,2023,asian,non-hisp,m,10-14,8296,0
AZ,2023,asian,non-hisp,f,10-14,8296,0
AZ,2023,asian,non-hisp,m,15-19,8296,0
AZ,2023,asian,non-hisp,f,15-19,8296,0
AZ,2023,asian,non-hisp,m,20-24,8556,0
AZ,2023,asian,non-hisp,f,20-24,8556,0
AZ,2023,asian,non-hisp,m,25-29,9074,0
AZ,2023,asian,non-hisp,f,25-29,9074,0
AZ,2023,asian,non-hisp,m,30-34,9074,0
AZ,2023,asian,non-hisp,f,30-34,9074,0
AZ,2023,asian,non-hisp,m,35-39,8815,0
AZ,2023,asian,non-hisp,f,35-39,8815,0
AZ,2023,asian,non-hisp,m,40-44,8167,0
AZ,2023,asian,non-hisp,f,40-44,8167,0
AZ,2023,asian,non-hisp,m,45-49,7778,0
AZ,2023,asian,non-hisp,f,45-49,7778,0
AZ,2023,asian,non-hisp,m,50-54,8296,0
AZ,2023,asian,non-hisp,f,50-54,8296,0
AZ,2023,asian,non-hisp,m,55-59,8685,0
AZ,2023,asian,non-hisp,f,55-59,8685,0
AZ,2023,asian,non-hisp,m,60-64,8296,0
AZ,2023,asian,non-hisp,f,60-64,8296,0
AZ,2023,asian,non-hisp,m,65-69,7000,0
AZ,2023,asian,non-hisp,f,65-69,7000,0
AZ,2023,asian,non-hisp,m,70-74,5833,0
AZ,2023,asian,non-hisp,f,70-74,5833,0
AZ,2023,asian,non-hisp,m,75-79,4148,0
AZ,2023,asian,non-hisp,f,75-79,4148,0
AZ,2023,asian,non-hisp,m,80-84,2074,0
AZ,2023,asian,non-hisp,f,80-84,3111,0
AZ,2023,asian,non-hisp,m,85+,2178,0
AZ,2023,asian,non-hisp,f,85+,3267,0
AZ,2023,other,non-hisp,m,0-4,17567,0
AZ,2023,other,non-hisp,f,0-4,17567,0
AZ,2023,other,non-hisp,m,5-9,18173,0
AZ,2023,other,non-hisp,f,5-9,18173,0
AZ,2023,other,non-hisp,m,10-14,19385,0
AZ,2023,other,non-hisp,f,10-14,19385,0
AZ,2023,other,non-hisp,m,15-19,19385,0
AZ,2023,other,non-hisp,f,15-19,19385,0
AZ,2023,other,non-hisp,m,20-24,19991,0
AZ,2023,other,non-hisp,f,20-24,19991,0
AZ,2023,other,non-hisp,m,25-29,21202,0
AZ,2023,other,non-hisp,f,25-29,21202,0
AZ,2023,other,non-hisp,m,30-34,21202,0
AZ,2023,other,non-hisp,f,30-34,21202,0
AZ,2023,other,non-hisp,m,35-39,20596,0
AZ,2023,other,non-hisp,f,35-39,20596,0
AZ,2023,other,non-hisp,m,40-44,19082,0
AZ,2023,other,non-hisp,f,40-44,19082,0
AZ,2023,other,non-hisp,m,45-49,18173,0
AZ,2023,other,non-hisp,f,45-49,18173,0
AZ,2023,other,non-hisp,m,50-54,19385,0
AZ,2023,other,non-hisp,f,50-54,19385,0
AZ,2023,other,non-hisp,m,55-59,20293,0
AZ,2023,other,non-hisp,f,55-59,20293,0
AZ,2023,other,non-hisp,m,60-64,19385,0
AZ,2023,other,non-hisp,f,60-64,19385,0
AZ,2023,other,non-hisp,m,65-69,16356,0
AZ,2023,other,non-hisp,f,65-69,16356,0
AZ,2023,other,non-hisp,m,70-74,13630,0
AZ,2023,other,non-hisp,f,70-74,13630,0
AZ,2023,other,non-hisp,m,75-79,9692,0
AZ,2023,other,non-hisp,f,75-79,9692,0
AZ,2023,other,non-hisp,m,80-84,4846,0
AZ,2023,other,non-hisp,f,80-84,7269,0
AZ,2023,other,non-hisp,m,85+,5088,0
AZ,2023,other,non-hisp,f,85+,7633,0
AZ,2023,white,hisp,m,0-4,12903,0
AZ,2023,white,hisp,f,0-4,12903,0
AZ,2023,white,hisp,m,5-9,13348,0
AZ,2023,white,hisp,f,5-9,13348,0
AZ,2023,white,hisp,m,10-14,14238,0
AZ,2023,white,hisp,f,10-14,14238,0
AZ,2023,white,hisp,m,15-19,14238,0
AZ,2023,white,hisp,f,15-19,14238,0
AZ,2023,white,hisp,m,20-24,14683,0
AZ,2023,white,hisp,f,20-24,14683,0
AZ,2023,white,hisp,m,25-29,15573,0
AZ,2023,white,hisp,f,25-29,15573,0
AZ,2023,white,hisp,m,30-34,15573,0
AZ,2023,white,hisp,f,30-34,15573,0
AZ,2023,white,hisp,m,35-39,15128,0
AZ,2023,white,hisp,f,35-39,15128,0
AZ,2023,white,hisp,m,40-44,14015,0
AZ,2023,white,hisp,f,40-44,14015,0
AZ,2023,white,hisp,m,45-49,13348,0
AZ,2023,white,hisp,f,45-49,13348,0
AZ,2023,white,hisp,m,50-54,14238,0
AZ,2023,white,hisp,f,50-54,14238,0
AZ,2023,white,hisp,m,55-59,14905,0
AZ,2023,white,hisp,f,55-59,14905,0
AZ,2023,white,hisp,m,60-64,14238,0
AZ,2023,white,hisp,f,60-64,14238,0
AZ,2023,white,hisp,m,65-69,12013,0
AZ,2023,white,hisp,f,65-69,12013,0
AZ,2023,white,hisp,m,70-74,10011,0
AZ,2023,white,hisp,f,70-74,10011,0
AZ,2023,white,hisp,m,75-79,7119,0
AZ,2023,white,hisp,f,75-79,7119,0
AZ,2023,white,hisp,m,80-84,3559,0
AZ,2023,white,hisp,f,80-84,5339,0
AZ,2023,white,hisp,m,85+,3737,0
AZ,2023,white,hisp,f,85+,5606,0
AZ,2023,black,hisp,m,0-4,635,0
AZ,2023,black,hisp,f,0-4,635,0
AZ,2023,black,hisp,m,5-9,657,0
AZ,2023,black,hisp,f,5-9,657,0
AZ,2023,black,hisp,m,10-14,701,0
AZ,2023,black,hisp,f,10-14,701,0
AZ,2023,black,hisp,m,15-19,701,0
AZ,2023,black,hisp,f,15-19,701,0
AZ,2023,black,hisp,m,20-24,723,0
AZ,2023,black,hisp,f,20-24,723,0
AZ,2023,black,hisp,m,25-29,767,0
AZ,2023,black,hisp,f,25-29,767,0
AZ,2023,black,hisp,m,30-34,767,0
AZ,2023,black,hisp,f,30-34,767,0
AZ,2023,black,hisp,m,35-39,745,0
AZ,2023,black,hisp,f,35-39,745,0
AZ,2023,black,hisp,m,40-44,690,0
AZ,2023,black,hisp,f,40-44,690,0
AZ,2023,black,hisp,m,45-49,657,0
AZ,2023,black,hisp,f,45-49,657,0
AZ,2023,black,hisp,m,50-54,701,0
AZ,2023,black,hisp,f,50-54,701,0
AZ,2023,black,hisp,m,55-59,734,0
AZ,2023,black,hisp,f,55-59,734,0
AZ,2023,black,hisp,m,60-64,701,0
AZ,2023,black,hisp,f,60-64,701,0
AZ,2023,black,hisp,m,65-69,591,0
AZ,2023,black,hisp,f,65-69,591,0
AZ,2023,black,hisp,m,70-74,493,0
AZ,2023,black,hisp,f,70-74,493,0
AZ,2023,black,hisp,m,75-79,350,0
AZ,2023,black,hisp,f,75-79,350,0
AZ,2023,black,hisp,m,80-84,175,0
AZ,2023,black,hisp,f,80-84,263,0
AZ,2023,black,hisp,m,85+,184,0
AZ,2023,black,hisp,f,85+,276,0
AZ,2023,asian,hisp,m,0-4,311,0
AZ,2023,asian,hisp,f,0-4,311,0
AZ,2023,asian,hisp,m,5-9,322,0
AZ,2023,asian,hisp,f,5-9,322,0
AZ,2023,asian,hisp,m,10-14,343,0
AZ,2023,asian,hisp,f,10-14,343,0
AZ,2023,asian,hisp,m,15-19,343,0
AZ,2023,asian,hisp,f,15-19,343,0
AZ,2023,asian,hisp,m,20-24,354,0
AZ,2023,asian,hisp,f,20-24,354,0
AZ,2023,asian,hisp,m,25-29,376,0
AZ,2023,asian,hisp,f,25-29,376,0
AZ,2023,asian,hisp,m,30-34,376,0
AZ,2023,asian,hisp,f,30-34,376,0
AZ,2023,asian,hisp,m,35-39,365,0
AZ,2023,asian,hisp,f,35-39,365,0
AZ,2023,asian,hisp,m,40-44,338,0
AZ,2023,asian,hisp,f,40-44,338,0
AZ,2023,asian,hisp,m,45-49,322,0
AZ,2023,asian,hisp,f,45-49,322,0
AZ,2023,asian,hisp,m,50-54,343,0
AZ,2023,asian,hisp,f,50-54,343,0
AZ,2023,asian,hisp,m,55-59,360,0
AZ,2023,asian,hisp,f,55-59,360,0
AZ,2023,asian,hisp,m,60-64,343,0
AZ,2023,asian,hisp,f,60-64,343,0
AZ,2023,asian,hisp,m,65-69,290,0
AZ,2023,asian,hisp,f,65-69,290,0
AZ,2023,asian,hisp,m,70-74,242,0
AZ,2023,asian,hisp,f,70-74,242,0
AZ,2023,asian,hisp,m,75-79,172,0
AZ,2023,asian,hisp,f,75-79,172,0
AZ,2023,asian,hisp,m,80-84,86,0
AZ,2023,asian,hisp,f,80-84,129,0
AZ,2023,asian,hisp,m,85+,90,0
AZ,2023,asian,hisp,f,85+,135,0
AZ,2023,other,hisp,m,0-4,54208,0
AZ,2023,other,hisp,f,0-4,54208,0
AZ,2023,other,hisp,m,5-9,56077,0
AZ,2023,other,hisp,f,5-9,56077,0
AZ,2023,other,hisp,m,10-14,59816,0
AZ,2023,other,hisp,f,10-14,59816,0
AZ,2023,other,hisp,m,15-19,59816,0
AZ,2023,other,hisp,f,15-19,59816,0
AZ,2023,other,hisp,m,20-24,61685,0
AZ,2023,other,hisp,f,20-24,61685,0
AZ,2023,other,hisp,m,25-29,65423,0
AZ,2023,other,hisp,f,25-29,65423,0
AZ,2023,other,hisp,m,30-34,65423,0
AZ,2023,other,hisp,f,30-34,65423,0
AZ,2023,other,hisp,m,35-39,63554,0
AZ,2023,other,hisp,f,35-39,63554,0
AZ,2023,other,hisp,m,40-44,58881,0
AZ,2023,other,hisp,f,40-44,58881,0
AZ,2023,other,hisp,m,45-49,56077,0
AZ,2023,other,hisp,f,45-49,56077,0
AZ,2023,other,hisp,m,50-54,59816,0
AZ,2023,other,hisp,f,50-54,59816,0
AZ,2023,other,hisp,m,55-59,62620,0
AZ,2023,other,hisp,f,55-59,62620,0
AZ,2023,other,hisp,m,60-64,59816,0
AZ,2023,other,hisp,f,60-64,59816,0
AZ,2023,other,hisp,m,65-69,50470,0
AZ,2023,other,hisp,f,65-69,50470,0
AZ,2023,other,hisp,m,70-74,42058,0
AZ,2023,other,hisp,f,70-74,42058,0
AZ,2023,other,hisp,m,75-79,29908,0
AZ,2023,other,hisp,f,75-79,29908,0
AZ,2023,other,hisp,m,80-84,14954,0
AZ,2023,other,hisp,f,80-84,22431,0
AZ,2023,other,hisp,m,85+,15702,0
AZ,2023,other,hisp,f,85+,23552,0
AR,2023,white,non-hisp,m,0-4,59707,0
AR,2023,white,non-hisp,f,0-4,59707,0
AR,2023,white,non-hisp,m,5-9,61766,0
AR,2023,white,non-hisp,f,5-9,61766,0
AR,2023,white,non-hisp,m,10-14,65883,0
AR,2023,white,non-hisp,f,10-14,65883,0
AR,2023,white,non-hisp,m,15-19,65883,0
AR,2023,white,non-hisp,f,15-19,65883,0
AR,2023,white,non-hisp,m,20-24,67942,0
AR,2023,white,non-hisp,f,20-24,67942,0
AR,2023,white,non-hisp,m,25-29,72060,0
AR,2023,white,non-hisp,f,25-29,72060,0
AR,2023,white,non-hisp,m,30-34,72060,0
AR,2023,white,non-hisp,f,30-34,72060,0
AR,2023,white,non-hisp,m,35-39,70001,0
AR,2023,white,non-hisp,f,35-39,70001,0
AR,2023,white,non-hisp,m,40-44,64854,0
AR,2023,white,non-hisp,f,40-44,64854,0
AR,2023,white,non-hisp,m,45-49,61766,0
AR,2023,white,non-hisp,f,45-49,61766,0
AR,2023,white,non-hisp,m,50-54,65883,0
AR,2023,white,non-hisp,f,50-54,65883,0
AR,2023,white,non-hisp,m,55-59,68972,0
AR,2023,white,non-hisp,f,55-59,68972,0
AR,2023,white,non-hisp,m,60-64,65883,0
AR,2023,white,non-hisp,f,60-64,65883,0
AR,2023,white,non-hisp,m,65-69,55589,0
AR,2023,white,non-hisp,f,65-69,55589,0
AR,2023,white,non-hisp,m,70-74,46324,0
AR,2023,white,non-hisp,f,70-74,46324,0
AR,2023,white,non-hisp,m,75-79,32942,0
AR,2023,white,non-hisp,f,75-79,32942,0
AR,2023,white,non-hisp,m,80-84,16471,0
AR,2023,white,non-hisp,f,80-84,24706,0
AR,2023,white,non-hisp,m,85+,17294,0
AR,2023,white,non-hisp,f,85+,25942,0
AR,2023,black,non-hisp,m,0-4,12732,0
AR,2023,black,non-hisp,f,0-4,12732,0
AR,2023,black,non-hisp,m,5-9,13171,0
AR,2023,black,non-hisp,f,5-9,13171,0
AR,2023,black,non-hisp,m,10-14,14049,0
AR,2023,black,non-hisp,f,10-14,14049,0
AR,2023,black,non-hisp,m,15-19,14049,0
AR,2023,black,non-hisp,f,15-19,14049,0
AR,2023,black,non-hisp,m,20-24,14488,0
AR,2023,black,non-hisp,f,20-24,14488,0
AR,2023,black,non-hisp,m,25-29,15366,0
AR,2023,black,non-hisp,f,25-29,15366,0
AR,2023,black,non-hisp,m,30-34,15366,0
AR,2023,black,non-hisp,f,30-34,15366,0
AR,2023,black,non-hisp,m,35-39,14927,0
AR,2023,black,non-hisp,f,35-39,14927,0
AR,2023,black,non-hisp,m,40-44,13829,0
AR,2023,black,non-hisp,f,40-44,13829,0
AR,2023,black,non-hisp,m,45-49,13171,0
AR,2023,black,non-hisp,f,45-49,13171,0
AR,2023,black,non-hisp,m,50-54,14049,0
AR,2023,black,non-hisp,f,50-54,14049,0
AR,2023,black,non-hisp,m,55-59,14707,0
AR,2023,black,non-hisp,f,55-59,14707,0
AR,2023,black,non-hisp,m,60-64,14049,0
AR,2023,black,non-hisp,f,60-64,14049,0
AR,2023,black,non-hisp,m,65-69,11853,0
AR,2023,black,non-hisp,f,65-69,11853,0
AR,2023,black,non-hisp,m,70-74,9878,0
AR,2023,black,non-hisp,f,70-74,9878,0
AR,2023,black,non-hisp,m,75-79,7024,0
AR,2023,black,non-hisp,f,75-79,7024,0
AR,2023,black,non-hisp,m,80-84,3512,0
AR,2023,black,non-hisp,f,80-84,5268,0
AR,2023,black,non-hisp,m,85+,3688,0
AR,2023,black,non-hisp,f,85+,5532,0
AR,2023,asian,non-hisp,m,0-4,1460,0
AR,2023,asian,non-hisp,f,0-4,1460,0
AR,2023,asian,non-hisp,m,5-9,1511,0
AR,2023,asian,non-hisp,f,5-9,1511,0
AR,2023,asian,non-hisp,m,10-14,1611,0
AR,2023,asian,non-hisp,f,10-14,1611,0
AR,2023,asian,non-hisp,m,15-19,1611,0
AR,2023,asian,non-hisp,f,15-19,1611,0
AR,2023,asian,non-hisp,m,20-24,1662,0
AR,2023,asian,non-hisp,f,20-24,1662,0
AR,2023,asian,non-hisp,m,25-29,1762,0
AR,2023,asian,non-hisp,f,25-29,1762,0
AR,2023,asian,non-hisp,m,30-34,1762,0
AR,2023,asian,non-hisp,f,30-34,1762,0
AR,2023,asian,non-hisp,m,35-39,1712,0
AR,2023,asian,non-hisp,f,35-39,1712,0
AR,2023,asian,non-hisp,m,40-44,1586,0
AR,2023,asian,non-hisp,f,40-44,1586,0
AR,2023,asian,non-hisp,m,45-49,1511,0
AR,2023,asian,non-hisp,f,45-49,1511,0
AR,2023,asian,non-hisp,m,50-54,1611,0
AR,2023,asian,non-hisp,f,50-54,1611,0
AR,2023,asian,non-hisp,m,55-59,1687,0
AR,2023,asian,non-hisp,f,55-59,1687,0
AR,2023,asian,non-hisp,m,60-64,1611,0
AR,2023,asian,non-hisp,f,60-64,1611,0
AR,2023,asian,non-hisp,m,65-69,1360,0
AR,2023,asian,non-hisp,f,65-69,1360,0
AR,2023,asian,non-hisp,m,70-74,1133,0
AR,2023,asian,non-hisp,f,70-74,1133,0
AR,2023,asian,non-hisp,m,75-79,806,0
AR,2023,asian,non-hisp,f,75-79,806,0
AR,2023,asian,non-hisp,m,80-84,403,0
AR,2023,asian,non-hisp,f,80-84,604,0
AR,2023,asian,non-hisp,m,85+,423,0
AR,2023,asian,non-hisp,f,85+,634,0
AR,2023,other,non-hisp,m,0-4,6949,0
AR,2023,other,non-hisp,f,0-4,6949,0
AR,2023,other,non-hisp,m,5-9,7188,0
AR,2023,other,non-hisp,f,5-9,7188,0
AR,2023,other,non-hisp,m,10-14,7667,0
AR,2023,other,non-hisp,f,10-14,7667,0
AR,2023,other,non-hisp,m,15-19,7667,0
AR,2023,other,non-hisp,f,15-19,7667,0
AR,2023,other,non-hisp,m,20-24,7907,0
AR,2023,other,non-hisp,f,20-24,7907,0
AR,2023,other,non-hisp,m,25-29,8386,0
AR,2023,other,non-hisp,f,25-29,8386,0
AR,2023,other,non-hisp,m,30-34,8386,0
AR,2023,other,non-hisp,f,30-34,8386,0
AR,2023,other,non-hisp,m,35-39,8147,0
AR,2023,other,non-hisp,f,35-39,8147,0
AR,2023,other,non-hisp,m,40-44,7548,0
AR,2023,other,non-hisp,f,40-44,7548,0
AR,2023,other,non-hisp,m,45-49,7188,0
AR,2023,other,non-hisp,f,45-49,7188,0
AR,2023,other,non-hisp,m,50-54,7667,0
AR,2023,other,non-hisp,f,50-54,7667,0
AR,2023,other,non-hisp,m,55-59,8027,0
AR,2023,other,non-hisp,f,55-59,8027,0
AR,2023,other,non-hisp,m,60-64,7667,0
AR,2023,other,non-hisp,f,60-64,7667,0
AR,2023,other,non-hisp,m,65-69,6469,0
AR,2023,other,non-hisp,f,65-69,6469,0
AR,2023,other,non-hisp,m,70-74,5391,0
AR,2023,other,non-hisp,f,70-74,5391,0
AR,2023,other,non-hisp,m,75-79,3834,0
AR,2023,other,non-hisp,f,75-79,3834,0
AR,2023,other,non-hisp,m,80-84,1917,0
AR,2023,other,non-hisp,f,80-84,2875,0
AR,2023,other,non-hisp,m,85+,2013,0
AR,2023,other,non-hisp,f,85+,3019,0
AR,2023,white,hisp,m,0-4,1545,0
AR,2023,white,hisp,f,0-4,1545,0
AR,2023,white,hisp,m,5-9,1599,0
AR,2023,white,hisp,f,5-9,1599,0
AR,2023,white,hisp,m,10-14,1705,0
AR,2023,white,hisp,f,10-14,1705,0
AR,2023,white,hisp,m,15-19,1705,0
AR,2023,white,hisp,f,15-19,1705,0
AR,2023,white,hisp,m,20-24,1759,0
AR,2023,white,hisp,f,20-24,1759,0
AR,2023,white,hisp,m,25-29,1865,0
AR,2023,white,hisp,f,25-29,1865,0
AR,2023,white,hisp,m,30-34,1865,0
AR,2023,white,hisp,f,30-34,1865,0
AR,2023,white,hisp,m,35-39,1812,0
AR,2023,white,hisp,f,35-39,1812,0
AR,2023,white,hisp,m,40-44,1679,0
AR,2023,white,hisp,f,40-44,1679,0
AR,2023,white,hisp,m,45-49,1599,0
AR,2023,white,hisp,f,45-49,1599,0
AR,2023,white,hisp,m,50-54,1705,0
AR,2023,white,hisp,f,50-54,1705,0
AR,2023,white,hisp,m,55-59,1785,0
AR,2023,white,hisp,f,55-59,1785,0
AR,2023,white,hisp,m,60-64,1705,0
AR,2023,white,hisp,f,60-64,1705,0
AR,2023,white,hisp,m,65-69,1439,0
AR,2023,white,hisp,f,65-69,1439,0
AR,2023,white,hisp,m,70-74,1199,0
AR,2023,white,hisp,f,70-74,1199,0
AR,2023,white,hisp,m,75-79,853,0
AR,2023,white,hisp,f,75-79,853,0
AR,2023,white,hisp,m,80-84,426,0
AR,2023,white,hisp,f,80-84,639,0
AR,2023,white,hisp,m,85+,448,0
AR,2023,white,hisp,f,85+,671,0
AR,2023,black,hisp,m,0-4,52,0
AR,2023,black,hisp,f,0-4,52,0
AR,2023,black,hisp,m,5-9,54,0
AR,2023,black,hisp,f,5-9,54,0
AR,2023,black,hisp,m,10-14,58,0
AR,2023,black,hisp,f,10-14,58,0
AR,2023,black,hisp,m,15-19,58,0
AR,2023,black,hisp,f,15-19,58,0
AR,2023,black,hisp,m,20-24,59,0
AR,2023,black,hisp,f,20-24,59,0
AR,2023,black,hisp,m,25-29,63,0
AR,2023,black,hisp,f,25-29,63,0
AR,2023,black,hisp,m,30-34,63,0
AR,2023,black,hisp,f,30-34,63,0
AR,2023,black,hisp,m,35-39,61,0
AR,2023,black,hisp,f,35-39,61,0
AR,2023,black,hisp,m,40-44,57,0
AR,2023,black,hisp,f,40-44,57,0
AR,2023,black,hisp,m,45-49,54,0
AR,2023,black,hisp,f,45-49,54,0
AR,2023,black,hisp,m,50-54,58,0
AR,2023,black,hisp,f,50-54,58,0
AR,2023,black,hisp,m,55-59,60,0
AR,2023,black,hisp,f,55-59,60,0
AR,2023,black,hisp,m,60-64,58,0
AR,2023,black,hisp,f,60-64,58,0
AR,2023,black,hisp,m,65-69,49,0
AR,2023,black,hisp,f,65-69,49,0
AR,2023,black,hisp,m,70-74,40,0
AR,2023,black,hisp,f,70-74,40,0
AR,2023,black,hisp,m,75-79,29,0
AR,2023,black,hisp,f,75-79,29,0
AR,2023,black,hisp,m,80-84,14,0
AR,2023,black,hisp,f,80-84,22,0
AR,2023,black,hisp,m,85+,15,0
AR,2023,black,hisp,f,85+,23,0
AR,2023,asian,hisp,m,0-4,39,0
AR,2023,asian,hisp,f,0-4,39,0
AR,2023,asian,hisp,m,5-9,40,0
AR,2023,asian,hisp,f,5-9,40,0
AR,2023,asian,hisp,m,10-14,43,0
AR,2023,asian,hisp,f,10-14,43,0
AR,2023,asian,hisp,m,15-19,43,0
AR,2023,asian,hisp,f,15-19,43,0
AR,2023,asian,hisp,m,20-24,44,0
AR,2023,asian,hisp,f,20-24,44,0
AR,2023,asian,hisp,m,25-29,47,0
AR,2023,asian,hisp,f,25-29,47,0
AR,2023,asian,hisp,m,30-34,47,0
AR,2023,asian,hisp,f,30-34,47,0
AR,2023,asian,hisp,m,35-39,46,0
AR,2023,asian,hisp,f,35-39,46,0
AR,2023,asian,hisp,m,40-44,42,0
AR,2023,asian,hisp,f,40-44,42,0
AR,2023,asian,hisp,m,45-49,40,0
AR,2023,asian,hisp,f,45-49,40,0
AR,2023,asian,hisp,m,50-54,43,0
AR,2023,asian,hisp,f,50-54,43,0
AR,2023,asian,hisp,m,55-59,45,0
AR,2023,asian,hisp,f,55-59,45,0
AR,2023,asian,hisp,m,60-64,43,0
AR,2023,asian,hisp,f,60-64,43,0
AR,2023,asian,hisp,m,65-69,36,0
AR,2023,asian,hisp,f,65-69,36,0
AR,2023,asian,hisp,m,70-74,30,0
AR,2023,asian,hisp,f,70-74,30,0
AR,2023,asian,hisp,m,75-79,22,0
AR,2023,asian,hisp,f,75-79,22,0
AR,2023,asian,hisp,m,80-84,11,0
AR,2023,asian,hisp,f,80-84,16,0
AR,2023,asian,hisp,m,85+,11,0
AR,2023,asian,hisp,f,85+,17,0
AR,2023,other,hisp,m,0-4,6480,0
AR,2023,other,hisp,f,0-4,6480,0
AR,2023,other,hisp,m,5-9,6704,0
AR,2023,other,hisp,f,5-9,6704,0
AR,2023,other,hisp,m,10-14,7151,0
AR,2023,other,hisp,f,10-14,7151,0
AR,2023,other,hisp,m,15-19,7151,0
AR,2023,other,hisp,f,15-19,7151,0
AR,2023,other,hisp,m,20-24,7374,0
AR,2023,other,hisp,f,20-24,7374,0
AR,2023,other,hisp,m,25-29,7821,0
AR,2023,other,hisp,f,25-29,7821,0
AR,2023,other,hisp,m,30-34,7821,0
AR,2023,other,hisp,f,30-34,7821,0
AR,2023,other,hisp,m,35-39,7598,0
AR,2023,other,hisp,f,35-39,7598,0
AR,2023,other,hisp,m,40-44,7039,0
AR,2023,other,hisp,f,40-44,7039,0
AR,2023,other,hisp,m,45-49,6704,0
AR,2023,other,hisp,f,45-49,6704,0
AR,2023,other,hisp,m,50-54,7151,0
AR,2023,other,hisp,f,50-54,7151,0
AR,2023,other,hisp,m,55-59,7486,0
AR,2023,other,hisp,f,55-59,7486,0
AR,2023,other,hisp,m,60-64,7151,0
AR,2023,other,hisp,f,60-64,7151,0
AR,2023,other,hisp,m,65-69,6034,0
AR,2023,other,hisp,f,65-69,6034,0
AR,2023,other,hisp,m,70-74,5028,0
AR,2023,other,hisp,f,70-74,5028,0
AR,2023,other,hisp,m,75-79,3575,0
AR,2023,other,hisp,f,75-79,3575,0
AR,2023,other,hisp,m,80-84,1788,0
AR,2023,other,hisp,f,80-84,2682,0
AR,2023,other,hisp,m,85+,1877,0
AR,2023,other,hisp,f,85+,2816,0
CA,2023,white,non-hisp,m,0-4,375917,0
CA,2023,white,non-hisp,f,0-4,375917,0
CA,2023,white,non-hisp,m,5-9,388879,0
CA,2023,white,non-hisp,f,5-9,388879,0
CA,2023,white,non-hisp,m,10-14,414805,0
CA,2023,white,non-hisp,f,10-14,414805,0
CA,2023,white,non-hisp,m,15-19,414805,0
CA,2023,white,non-hisp,f,15-19,414805,0
CA,2023,white,non-hisp,m,20-24,427767,0
CA,2023,white,non-hisp,f,20-24,427767,0
CA,2023,white,non-hisp,m,25-29,453693,0
CA,2023,white,non-hisp,f,25-29,453693,0
CA,2023,white,non-hisp,m,30-34,453693,0
CA,2023,white,non-hisp,f,30-34,453693,0
CA,2023,white,non-hisp,m,35-39,440730,0
CA,2023,white,non-hisp,f,35-39,440730,0
CA,2023,white,non-hisp,m,40-44,408323,0
CA,2023,white,non-hisp,f,40-44,408323,0
CA,2023,white,non-hisp,m,45-49,388879,0
CA,2023,white,non-hisp,f,45-49,388879,0
CA,2023,white,non-hisp,m,50-54,414805,0
CA,2023,white,non-hisp,f,50-54,414805,0
CA,2023,white,non-hisp,m,55-59,434249,0
CA,2023,white,non-hisp,f,55-59,434249,0
CA,2023,white,non-hisp,m,60-64,414805,0
CA,2023,white,non-hisp,f,60-64,414805,0
CA,2023,white,non-hisp,m,65-69,349991,0
CA,2023,white,non-hisp,f,65-69,349991,0
CA,2023,white,non-hisp,m,70-74,291660,0
CA,2023,white,non-hisp,f,70-74,291660,0
CA,2023,white,non-hisp,m,75-79,207402,0
CA,2023,white,non-hisp,f,75-79,207402,0
CA,2023,white,non-hisp,m,80-84,103701,0
CA,2023,white,non-hisp,f,80-84,155552,0
CA,2023,white,non-hisp,m,85+,108886,0
CA,2023,white,non-hisp,f,85+,163329,0
CA,2023,black,non-hisp,m,0-4,58140,0
CA,2023,black,non-hisp,f,0-4,58140,0
CA,2023,black,non-hisp,m,5-9,60145,0
CA,2023,black,non-hisp,f,5-9,60145,0
CA,2023,black,non-hisp,m,10-14,64155,0
CA,2023,black,non-hisp,f,10-14,64155,0
CA,2023,black,non-hisp,m,15-19,64155,0
CA,2023,black,non-hisp,f,15-19,64155,0
CA,2023,black,non-hisp,m,20-24,66159,0
CA,2023,black,non-hisp,f,20-24,66159,0
CA,2023,black,non-hisp,m,25-29,70169,0
CA,2023,black,non-hisp,f,25-29,70169,0
CA,2023,black,non-hisp,m,30-34,70169,0
CA,2023,black,non-hisp,f,30-34,70169,0
CA,2023,black,non-hisp,m,35-39,68164,0
CA,2023,black,non-hisp,f,35-39,68164,0
CA,2023,black,non-hisp,m,40-44,63152,0
CA,2023,black,non-hisp,f,40-44,63152,0
CA,2023,black,non-hisp,m,45-49,60145,0
CA,2023,black,non-hisp,f,45-49,60145,0
CA,2023,black,non-hisp,m,50-54,64155,0
CA,2023,black,non-hisp,f,50-54,64155,0
CA,2023,black,non-hisp,m,55-59,67162,0
CA,2023,black,non-hisp,f,55-59,67162,0
CA,2023,black,non-hisp,m,60-64,64155,0
CA,2023,black,non-hisp,f,60-64,64155,0
CA,2023,black,non-hisp,m,65-69,54130,0
CA,2023,black,non-hisp,f,65-69,54130,0
CA,2023,black,non-hisp,m,70-74,45109,0
CA,2023,black,non-hisp,f,70-74,45109,0
CA,2023,black,non-hisp,m,75-79,32077,0
CA,2023,black,non-hisp,f,75-79,32077,0
CA,2023,black,non-hisp,m,80-84,16039,0
CA,2023,black,non-hisp,f,80-84,24058,0
CA,2023,black,non-hisp,m,85+,16841,0
CA,2023,black,non-hisp,f,85+,25261,0
CA,2023,asian,non-hisp,m,0-4,175239,0
CA,2023,asian,non-hisp,f,0-4,175239,0
CA,2023,asian,non-hisp,m,5-9,181282,0
CA,2023,asian,non-hisp,f,5-9,181282,0
CA,2023,asian,non-hisp,m,10-14,193367,0
CA,2023,asian,non-hisp,f,10-14,193367,0
CA,2023,asian,non-hisp,m,15-19,193367,0
CA,2023,asian,non-hisp,f,15-19,193367,0
CA,2023,asian,non-hisp,m,20-24,199410,0
CA,2023,asian,non-hisp,f,20-24,199410,0
CA,2023,asian,non-hisp,m,25-29,211495,0
CA,2023,asian,non-hisp,f,25-29,211495,0
CA,2023,asian,non-hisp,m,30-34,211495,0
CA,2023,asian,non-hisp,f,30-34,211495,0
CA,2023,asian,non-hisp,m,35-39,205453,0
CA,2023,asian,non-hisp,f,35-39,205453,0
CA,2023,asian,non-hisp,m,40-44,190346,0
CA,2023,asian,non-hisp,f,40-44,190346,0
CA,2023,asian,non-hisp,m,45-49,181282,0
CA,2023,asian,non-hisp,f,45-49,181282,0
CA,2023,asian,non-hisp,m,50-54,193367,0
CA,2023,asian,non-hisp,f,50-54,193367,0
CA,2023,asian,non-hisp,m,55-59,202431,0
CA,2023,asian,non-hisp,f,55-59,202431,0
CA,2023,asian,non-hisp,m,60-64,193367,0
CA,2023,asian,non-hisp,f,60-64,193367,0
CA,2023,asian,non-hisp,m,65-69,163154,0
CA,2023,asian,non-hisp,f,65-69,163154,0
CA,2023,asian,non-hisp,m,70-74,135961,0
CA,2023,asian,non-hisp,f,70-74,135961,0
CA,2023,asian,non-hisp,m,75-79,96684,0
CA,2023,asian,non-hisp,f,75-79,96684,0
CA,2023,asian,non-hisp,m,80-84,48342,0
CA,2023,asian,non-hisp,f,80-84,72513,0
CA,2023,asian,non-hisp,m,85+,50759,0
CA,2023,asian,non-hisp,f,85+,76138,0
CA,2023,other,non-hisp,m,0-4,63642,0
CA,2023,other,non-hisp,f,0-4,63642,0
CA,2023,other,non-hisp,m,5-9,65837,0
CA,2023,other,non-hisp,f,5-9,65837,0
CA,2023,other,non-hisp,m,10-14,70226,0
CA,2023,other,non-hisp,f,10-14,70226,0
CA,2023,other,non-hisp,m,15-19,70226,0
CA,2023,other,non-hisp,f,15-19,70226,0
CA,2023,other,non-hisp,m,20-24,72420,0
CA,2023,other,non-hisp,f,20-24,72420,0
CA,2023,other,non-hisp,m,25-29,76809,0
CA,2023,other,non-hisp,f,25-29,76809,0
CA,2023,other,non-hisp,m,30-34,76809,0
CA,2023,other,non-hisp,f,30-34,76809,0
CA,2023,other,non-hisp,m,35-39,74615,0
CA,2023,other,non-hisp,f,35-39,74615,0
CA,2023,other,non-hisp,m,40-44,69128,0
CA,2023,other,non-hisp,f,40-44,69128,0
CA,2023,other,non-hisp,m,45-49,65837,0
CA,2023,other,non-hisp,f,45-49,65837,0
CA,2023,other,non-hisp,m,50-54,70226,0
CA,2023,other,non-hisp,f,50-54,70226,0
CA,2023,other,non-hisp,m,55-59,73518,0
CA,2023,other,non-hisp,f,55-59,73518,0
CA,2023,other,non-hisp,m,60-64,70226,0
CA,2023,other,non-hisp,f,60-64,70226,0
CA,2023,other,non-hisp,m,65-69,59253,0
CA,2023,other,non-hisp,f,65-69,59253,0
CA,2023,other,non-hisp,m,70-74,49377,0
CA,2023,other,non-hisp,f,70-74,49377,0
CA,2023,other,non-hisp,m,75-79,35113,0
CA,2023,other,non-hisp,f,75-79,35113,0
CA,2023,other,non-hisp,m,80-84,17556,0
CA,2023,other,non-hisp,f,80-84,26335,0
CA,2023,other,non-hisp,m,85+,18434,0
CA,2023,other,non-hisp,f,85+,27651,0
CA,2023,white,hisp,m,0-4,59062,0
CA,2023,white,hisp,f,0-4,59062,0
CA,2023,white,hisp,m,5-9,61098,0
CA,2023,white,hisp,f,5-9,61098,0
CA,2023,white,hisp,m,10-14,65171,0
CA,2023,white,hisp,f,10-14,65171,0
CA,2023,white,hisp,m,15-19,65171,0
CA,2023,white,hisp,f,15-19,65171,0
CA,2023,white,hisp,m,20-24,67208,0
CA,2023,white,hisp,f,20-24,67208,0
CA,2023,white,hisp,m,25-29,71281,0
CA,2023,white,hisp,f,25-29,71281,0
CA,2023,white,hisp,m,30-34,71281,0
CA,2023,white,hisp,f,30-34,71281,0
CA,2023,white,hisp,m,35-39,69245,0
CA,2023,white,hisp,f,35-39,69245,0
CA,2023,white,hisp,m,40-44,64153,0
CA,2023,white,hisp,f,40-44,64153,0
CA,2023,white,hisp,m,45-49,61098,0
CA,2023,white,hisp,f,45-49,61098,0
CA,2023,white,hisp,m,50-54,65171,0
CA,2023,white,hisp,f,50-54,65171,0
CA,2023,white,hisp,m,55-59,68226,0
CA,2023,white,hisp,f,55-59,68226,0
CA,2023,white,hisp,m,60-64,65171,0
CA,2023,white,hisp,f,60-64,65171,0
CA,2023,white,hisp,m,65-69,54988,0
CA,2023,white,hisp,f,65-69,54988,0
CA,2023,white,hisp,m,70-74,45824,0
CA,2023,white,hisp,f,70-74,45824,0
CA,2023,white,hisp,m,75-79,32586,0
CA,2023,white,hisp,f,75-79,32586,0
CA,2023,white,hisp,m,80-84,16293,0
CA,2023,white,hisp,f,80-84,24439,0
CA,2023,white,hisp,m,85+,17107,0
CA,2023,white,hisp,f,85+,25661,0
CA,2023,black,hisp,m,0-4,2870,0
CA,2023,black,hisp,f,0-4,2870,0
CA,2023,black,hisp,m,5-9,2969,0
CA,2023,black,hisp,f,5-9,2969,0
CA,2023,black,hisp,m,10-14,3167,0
CA,2023,black,hisp,f,10-14,3167,0
CA,2023,black,hisp,m,15-19,3167,0
CA,2023,black,hisp,f,15-19,3167,0
CA,2023,black,hisp,m,20-24,3266,0
CA,2023,black,hisp,f,20-24,3266,0
CA,2023,black,hisp,m,25-29,3463,0
CA,2023,black,hisp,f,25-29,3463,0
CA,2023,black,hisp,m,30-34,3463,0
CA,2023,black,hisp,f,30-34,3463,0
CA,2023,black,hisp,m,35-39,3365,0
CA,2023,black,hisp,f,35-39,3365,0
CA,2023,black,hisp,m,40-44,3117,0
CA,2023,black,hisp,f,40-44,3117,0
CA,2023,black,hisp,m,45-49,2969,0
CA,2023,black,hisp,f,45-49,2969,0
CA,2023,black,hisp,m,50-54,3167,0
CA,2023,black,hisp,f,50-54,3167,0
CA,2023,black,hisp,m,55-59,3315,0
CA,2023,black,hisp,f,55-59,3315,0
CA,2023,black,hisp,m,60-64,3167,0
CA,2023,black,hisp,f,60-64,3167,0
CA,2023,black,hisp,m,65-69,2672,0
CA,2023,black,hisp,f,65-69,2672,0
CA,2023,black,hisp,m,70-74,2227,0
CA,2023,black,hisp,f,70-74,2227,0
CA,2023,black,hisp,m,75-79,1583,0
CA,2023,black,hisp,f,75-79,1583,0
CA,2023,black,hisp,m,80-84,792,0
CA,2023,black,hisp,f,80-84,1187,0
CA,2023,black,hisp,m,85+,831,0
CA,2023,black,hisp,f,85+,1247,0
CA,2023,asian,hisp,m,0-4,3020,0
CA,2023,asian,hisp,f,0-4,3020,0
CA,2023,asian,hisp,m,5-9,3124,0
CA,2023,asian,hisp,f,5-9,3124,0
CA,2023,asian,hisp,m,10-14,3332,0
CA,2023,asian,hisp,f,10-14,3332,0
CA,2023,asian,hisp,m,15-19,3332,0
CA,2023,asian,hisp,f,15-19,3332,0
CA,2023,asian,hisp,m,20-24,3436,0
CA,2023,asian,hisp,f,20-24,3436,0
CA,2023,asian,hisp,m,25-29,3644,0
CA,2023,asian,hisp,f,25-29,3644,0
CA,2023,asian,hisp,m,30-34,3644,0
CA,2023,asian,hisp,f,30-34,3644,0
CA,2023,asian,hisp,m,35-39,3540,0
CA,2023,asian,hisp,f,35-39,3540,0
CA,2023,asian,hisp,m,40-44,3280,0
CA,2023,asian,hisp,f,40-44,3280,0
CA,2023,asian,hisp,m,45-49,3124,0
CA,2023,asian,hisp,f,45-49,3124,0
CA,2023,asian,hisp,m,50-54,3332,0
CA,2023,asian,hisp,f,50-54,3332,0
CA,2023,asian,hisp,m,55-59,3488,0
CA,2023,asian,hisp,f,55-59,3488,0
CA,2023,asian,hisp,m,60-64,3332,0
CA,2023,asian,hisp,f,60-64,3332,0
CA,2023,asian,hisp,m,65-69,2811,0
CA,2023,asian,hisp,f,65-69,2811,0
CA,2023,asian,hisp,m,70-74,2343,0
CA,2023,asian,hisp,f,70-74,2343,0
CA,2023,asian,hisp,m,75-79,1666,0
CA,2023,asian,hisp,f,75-79,1666,0
CA,2023,asian,hisp,m,80-84,833,0
CA,2023,asian,hisp,f,80-84,1250,0
CA,2023,asian,hisp,m,85+,875,0
CA,2023,asian,hisp,f,85+,1312,0
CA,2023,other,hisp,m,0-4,392102,0
CA,2023,other,hisp,f,0-4,392102,0
CA,2023,other,hisp,m,5-9,405622,0
CA,2023,other,hisp,f,5-9,405622,0
CA,2023,other,hisp,m,10-14,432664,0
CA,2023,other,hisp,f,10-14,432664,0
CA,2023,other,hisp,m,15-19,432664,0
CA,2023,other,hisp,f,15-19,432664,0
CA,2023,other,hisp,m,20-24,446185,0
CA,2023,other,hisp,f,20-24,446185,0
CA,2023,other,hisp,m,25-29,473226,0
CA,2023,other,hisp,f,25-29,473226,0
CA,2023,other,hisp,m,30-34,473226,0
CA,2023,other,hisp,f,30-34,473226,0
CA,2023,other,hisp,m,35-39,459705,0
CA,2023,other,hisp,f,35-39,459705,0
CA,2023,other,hisp,m,40-44,425904,0
CA,2023,other,hisp,f,40-44,425904,0
CA,2023,other,hisp,m,45-49,405622,0
CA,2023,other,hisp,f,45-49,405622,0
CA,2023,other,hisp,m,50-54,432664,0
CA,2023,other,hisp,f,50-54,432664,0
CA,2023,other,hisp,m,55-59,452945,0
CA,2023,other,hisp,f,55-59,452945,0
CA,2023,other,hisp,m,60-64,432664,0
CA,2023,other,hisp,f,60-64,432664,0
CA,2023,other,hisp,m,65-69,365060,0
CA,2023,other,hisp,f,65-69,365060,0
CA,2023,other,hisp,m,70-74,304217,0
CA,2023,other,hisp,f,70-74,304217,0
CA,2023,other,hisp,m,75-79,216332,0
CA,2023,other,hisp,f,75-79,216332,0
CA,2023,other,hisp,m,80-84,108166,0
CA,2023,other,hisp,f,80-84,162249,0
CA,2023,other,hisp,m,85+,113574,0
CA,2023,other,hisp,f,85+,170361,0
CO,2023,white,non-hisp,m,0-4,109891,0
CO,2023,white,non-hisp,f,0-4,109891,0
CO,2023,white,non-hisp,m,5-9,113680,0
CO,2023,white,non-hisp,f,5-9,113680,0
CO,2023,white,non-hisp,m,10-14,121259,0
CO,2023,white,non-hisp,f,10-14,121259,0
CO,2023,white,non-hisp,m,15-19,121259,0
CO,2023,white,non-hisp,f,15-19,121259,0
CO,2023,white,non-hisp,m,20-24,125048,0
CO,2023,white,non-hisp,f,20-24,125048,0
CO,2023,white,non-hisp,m,25-29,132627,0
CO,2023,white,non-hisp,f,25-29,132627,0
CO,2023,white,non-hisp,m,30-34,132627,0
CO,2023,white,non-hisp,f,30-34,132627,0
CO,2023,white,non-hisp,m,35-39,128837,0
CO,2023,white,non-hisp,f,35-39,128837,0
CO,2023,white,non-hisp,m,40-44,119364,0
CO,2023,white,non-hisp,f,40-44,119364,0
CO,2023,white,non-hisp,m,45-49,113680,0
CO,2023,white,non-hisp,f,45-49,113680,0
CO,2023,white,non-hisp,m,50-54,121259,0
CO,2023,white,non-hisp,f,50-54,121259,0
CO,2023,white,non-hisp,m,55-59,126943,0
CO,2023,white,non-hisp,f,55-59,126943,0
CO,2023,white,non-hisp,m,60-64,121259,0
CO,2023,white,non-hisp,f,60-64,121259,0
CO,2023,white,non-hisp,m,65-69,102312,0
CO,2023,white,non-hisp,f,65-69,102312,0
CO,2023,white,non-hisp,m,70-74,85260,0
CO,2023,white,non-hisp,f,70-74,85260,0
CO,2023,white,non-hisp,m,75-79,60629,0
CO,2023,white,non-hisp,f,75-79,60629,0
CO,2023,white,non-hisp,m,80-84,30315,0
CO,2023,white,non-hisp,f,80-84,45472,0
CO,2023,white,non-hisp,m,85+,31830,0
CO,2023,white,non-hisp,f,85+,47746,0
CO,2023,black,non-hisp,m,0-4,6284,0
CO,2023,black,non-hisp,f,0-4,6284,0
CO,2023,black,non-hisp,m,5-9,6501,0
CO,2023,black,non-hisp,f,5-9,6501,0
CO,2023,black,non-hisp,m,10-14,6934,0
CO,2023,black,non-hisp,f,10-14,6934,0
CO,2023,black,non-hisp,m,15-19,6934,0
CO,2023,black,non-hisp,f,15-19,6934,0
CO,2023,black,non-hisp,m,20-24,7151,0
CO,2023,black,non-hisp,f,20-24,7151,0
CO,2023,black,non-hisp,m,25-29,7584,0
CO,2023,black,non-hisp,f,25-29,7584,0
CO,2023,black,non-hisp,m,30-34,7584,0
CO,2023,black,non-hisp,f,30-34,7584,0
CO,2023,black,non-hisp,m,35-39,7367,0
CO,2023,black,non-hisp,f,35-39,7367,0
CO,2023,black,non-hisp,m,40-44,6826,0
CO,2023,black,non-hisp,f,40-44,6826,0
CO,2023,black,non-hisp,m,45-49,6501,0
CO,2023,black,non-hisp,f,45-49,6501,0
CO,2023,black,non-hisp,m,50-54,6934,0
CO,2023,black,non-hisp,f,50-54,6934,0
CO,2023,black,non-hisp,m,55-59,7259,0
CO,2023,black,non-hisp,f,55-59,7259,0
CO,2023,black,non-hisp,m,60-64,6934,0
CO,2023,black,non-hisp,f,60-64,6934,0
CO,2023,black,non-hisp,m,65-69,5851,0
CO,2023,black,non-hisp,f,65-69,5851,0
CO,2023,black,non-hisp,m,70-74,4876,0
CO,2023,black,non-hisp,f,70-74,4876,0
CO,2023,black,non-hisp,m,75-79,3467,0
CO,2023,black,non-hisp,f,75-79,3467,0
CO,2023,black,non-hisp,m,80-84,1734,0
CO,2023,black,non-hisp,f,80-84,2600,0
CO,2023,black,non-hisp,m,85+,1820,0
CO,2023,black,non-hisp,f,85+,2730,0
CO,2023,asian,non-hisp,m,0-4,5592,0
CO,2023,asian,non-hisp,f,0-4,5592,0
CO,2023,asian,non-hisp,m,5-9,5784,0
CO,2023,asian,non-hisp,f,5-9,5784,0
CO,2023,asian,non-hisp,m,10-14,6170,0
CO,2023,asian,non-hisp,f,10-14,6170,0
CO,2023,asian,non-hisp,m,15-19,6170,0
CO,2023,asian,non-hisp,f,15-19,6170,0
CO,2023,asian,non-hisp,m,20-24,6363,0
CO,2023,asian,non-hisp,f,20-24,6363,0
CO,2023,asian,non-hisp,m,25-29,6748,0
CO,2023,asian,non-hisp,f,25-29,6748,0
CO,2023,asian,non-hisp,m,30-34,6748,0
CO,2023,asian,non-hisp,f,30-34,6748,0
CO,2023,asian,non-hisp,m,35-39,6556,0
CO,2023,asian,non-hisp,f,35-39,6556,0
CO,2023,asian,non-hisp,m,40-44,6074,0
CO,2023,asian,non-hisp,f,40-44,6074,0
CO,2023,asian,non-hisp,m,45-49,5784,0
CO,2023,asian,non-hisp,f,45-49,5784,0
CO,2023,asian,non-hisp,m,50-54,6170,0
CO,2023,asian,non-hisp,f,50-54,6170,0
CO,2023,asian,non-hisp,m,55-59,6459,0
CO,2023,asian,non-hisp,f,55-59,6459,0
CO,2023,asian,non-hisp,m,60-64,6170,0
CO,2023,asian,non-hisp,f,60-64,6170,0
CO,2023,asian,non-hisp,m,65-69,5206,0
CO,2023,asian,non-hisp,f,65-69,5206,0
CO,2023,asian,non-hisp,m,70-74,4338,0
CO,2023,asian,non-hisp,f,70-74,4338,0
CO,2023,asian,non-hisp,m,75-79,3085,0
CO,2023,asian,non-hisp,f,75-79,3085,0
CO,2023,asian,non-hisp,m,80-84,1542,0
CO,2023,asian,non-hisp,f,80-84,2314,0
CO,2023,asian,non-hisp,m,85+,1620,0
CO,2023,asian,non-hisp,f,85+,2429,0
CO,2023,other,non-hisp,m,0-4,9931,0
CO,2023,other,non-hisp,f,0-4,9931,0
CO,2023,other,non-hisp,m,5-9,10273,0
CO,2023,other,non-hisp,f,5-9,10273,0
CO,2023,other,non-hisp,m,10-14,10958,0
CO,2023,other,non-hisp,f,10-14,10958,0
CO,2023,other,non-hisp,m,15-19,10958,0
CO,2023,other,non-hisp,f,15-19,10958,0
CO,2023,other,non-hisp,m,20-24,11301,0
CO,2023,other,non-hisp,f,20-24,11301,0
CO,2023,other,non-hisp,m,25-29,11986,0
CO,2023,other,non-hisp,f,25-29,11986,0
CO,2023,other,non-hisp,m,30-34,11986,0
CO,2023,other,non-hisp,f,30-34,11986,0
CO,2023,other,non-hisp,m,35-39,11643,0
CO,2023,other,non-hisp,f,35-39,11643,0
CO,2023,other,non-hisp,m,40-44,10787,0
CO,2023,other,non-hisp,f,40-44,10787,0
CO,2023,other,non-hisp,m,45-49,10273,0
CO,2023,other,non-hisp,f,45-49,10273,0
CO,2023,other,non-hisp,m,50-54,10958,0
CO,2023,other,non-hisp,f,50-54,10958,0
CO,2023,other,non-hisp,m,55-59,11472,0
CO,2023,other,non-hisp,f,55-59,11472,0
CO,2023,other,non-hisp,m,60-64,10958,0
CO,2023,other,non-hisp,f,60-64,10958,0
CO,2023,other,non-hisp,m,65-69,9246,0
CO,2023,other,non-hisp,f,65-69,9246,0
CO,2023,other,non-hisp,m,70-74,7705,0
CO,2023,other,non-hisp,f,70-74,7705,0
CO,2023,other,non-hisp,m,75-79,5479,0
CO,2023,other,non-hisp,f,75-79,5479,0
CO,2023,other,non-hisp,m,80-84,2740,0
CO,2023,other,non-hisp,f,80-84,4109,0
CO,2023,other,non-hisp,m,85+,2877,0
CO,2023,other,non-hisp,f,85+,4315,0
CO,2023,white,hisp,m,0-4,10065,0
CO,2023,white,hisp,f,0-4,10065,0
CO,2023,white,hisp,m,5-9,10413,0
CO,2023,white,hisp,f,5-9,10413,0
CO,2023,white,hisp,m,10-14,11107,0
CO,2023,white,hisp,f,10-14,11107,0
CO,2023,white,hisp,m,15-19,11107,0
CO,2023,white,hisp,f,15-19,11107,0
CO,2023,white,hisp,m,20-24,11454,0
CO,2023,white,hisp,f,20-24,11454,0
CO,2023,white,hisp,m,25-29,12148,0
CO,2023,white,hisp,f,25-29,12148,0
CO,2023,white,hisp,m,30-34,12148,0
CO,2023,white,hisp,f,30-34,12148,0
CO,2023,white,hisp,m,35-39,11801,0
CO,2023,white,hisp,f,35-39,11801,0
CO,2023,white,hisp,m,40-44,10933,0
CO,2023,white,hisp,f,40-44,10933,0
CO,2023,white,hisp,m,45-49,10413,0
CO,2023,white,hisp,f,45-49,10413,0
CO,2023,white,hisp,m,50-54,11107,0
CO,2023,white,hisp,f,50-54,11107,0
CO,2023,white,hisp,m,55-59,11627,0
CO,2023,white,hisp,f,55-59,11627,0
CO,2023,white,hisp,m,60-64,11107,0
CO,2023,white,hisp,f,60-64,11107,0
CO,2023,white,hisp,m,65-69,9371,0
CO,2023,white,hisp,f,65-69,9371,0
CO,2023,white,hisp,m,70-74,7809,0
CO,2023,white,hisp,f,70-74,7809,0
CO,2023,white,hisp,m,75-79,5553,0
CO,2023,white,hisp,f,75-79,5553,0
CO,2023,white,hisp,m,80-84,2777,0
CO,2023,white,hisp,f,80-84,4165,0
CO,2023,white,hisp,m,85+,2916,0
CO,2023,white,hisp,f,85+,4373,0
CO,2023,black,hisp,m,0-4,351,0
CO,2023,black,hisp,f,0-4,351,0
CO,2023,black,hisp,m,5-9,363,0
CO,2023,black,hisp,f,5-9,363,0
CO,2023,black,hisp,m,10-14,387,0
CO,2023,black,hisp,f,10-14,387,0
CO,2023,black,hisp,m,15-19,387,0
CO,2023,black,hisp,f,15-19,387,0
CO,2023,black,hisp,m,20-24,399,0
CO,2023,black,hisp,f,20-24,399,0
CO,2023,black,hisp,m,25-29,423,0
CO,2023,black,hisp,f,25-29,423,0
CO,2023,black,hisp,m,30-34,423,0
CO,2023,black,hisp,f,30-34,423,0
CO,2023,black,hisp,m,35-39,411,0
CO,2023,black,hisp,f,35-39,411,0
CO,2023,black,hisp,m,40-44,381,0
CO,2023,black,hisp,f,40-44,381,0
CO,2023,black,hisp,m,45-49,363,0
CO,2023,black,hisp,f,45-49,363,0
CO,2023,black,hisp,m,50-54,387,0
CO,2023,black,hisp,f,50-54,387,0
CO,2023,black,hisp,m,55-59,405,0
CO,2023,black,hisp,f,55-59,405,0
CO,2023,black,hisp,m,60-64,387,0
CO,2023,black,hisp,f,60-64,387,0
CO,2023,black,hisp,m,65-69,327,0
CO,2023,black,hisp,f,65-69,327,0
CO,2023,black,hisp,m,70-74,272,0
CO,2023,black,hisp,f,70-74,272,0
CO,2023,black,hisp,m,75-79,194,0
CO,2023,black,hisp,f,75-79,194,0
CO,2023,black,hisp,m,80-84,97,0
CO,2023,black,hisp,f,80-84,145,0
CO,2023,black,hisp,m,85+,102,0
CO,2023,black,hisp,f,85+,152,0
CO,2023,asian,hisp,m,0-4,114,0
CO,2023,asian,hisp,f,0-4,114,0
CO,2023,asian,hisp,m,5-9,118,0
CO,2023,asian,hisp,f,5-9,118,0
CO,2023,asian,hisp,m,10-14,126,0
CO,2023,asian,hisp,f,10-14,126,0
CO,2023,asian,hisp,m,15-19,126,0
CO,2023,asian,hisp,f,15-19,126,0
CO,2023,asian,hisp,m,20-24,130,0
CO,2023,asian,hisp,f,20-24,130,0
CO,2023,asian,hisp,m,25-29,138,0
CO,2023,asian,hisp,f,25-29,138,0
CO,2023,asian,hisp,m,30-34,138,0
CO,2023,asian,hisp,f,30-34,138,0
CO,2023,asian,hisp,m,35-39,134,0
CO,2023,asian,hisp,f,35-39,134,0
CO,2023,asian,hisp,m,40-44,124,0
CO,2023,asian,hisp,f,40-44,124,0
CO,2023,asian,hisp,m,45-49,118,0
CO,2023,asian,hisp,f,45-49,118,0
CO,2023,asian,hisp,m,50-54,126,0
CO,2023,asian,hisp,f,50-54,126,0
CO,2023,asian,hisp,m,55-59,132,0
CO,2023,asian,hisp,f,55-59,132,0
CO,2023,asian,hisp,m,60-64,126,0
CO,2023,asian,hisp,f,60-64,126,0
CO,2023,asian,hisp,m,65-69,106,0
CO,2023,asian,hisp,f,65-69,106,0
CO,2023,asian,hisp,m,70-74,89,0
CO,2023,asian,hisp,f,70-74,89,0
CO,2023,asian,hisp,m,75-79,63,0
CO,2023,asian,hisp,f,75-79,63,0
CO,2023,asian,hisp,m,80-84,32,0
CO,2023,asian,hisp,f,80-84,47,0
CO,2023,asian,hisp,m,85+,33,0
CO,2023,asian,hisp,f,85+,50,0
CO,2023,other,hisp,m,0-4,28223,0
CO,2023,other,hisp,f,0-4,28223,0
CO,2023,other,hisp,m,5-9,29196,0
CO,2023,other,hisp,f,5-9,29196,0
CO,2023,other,hisp,m,10-14,31142,0
CO,2023,other,hisp,f,10-14,31142,0
CO,2023,other,hisp,m,15-19,31142,0
CO,2023,other,hisp,f,15-19,31142,0
CO,2023,other,hisp,m,20-24,32116,0
CO,2023,other,hisp,f,20-24,32116,0
CO,2023,other,hisp,m,25-29,34062,0
CO,2023,other,hisp,f,25-29,34062,0
CO,2023,other,hisp,m,30-34,34062,0
CO,2023,other,hisp,f,30-34,34062,0
CO,2023,other,hisp,m,35-39,33089,0
CO,2023,other,hisp,f,35-39,33089,0
CO,2023,other,hisp,m,40-44,30656,0
CO,2023,other,hisp,f,40-44,30656,0
CO,2023,other,hisp,m,45-49,29196,0
CO,2023,other,hisp,f,45-49,29196,0
CO,2023,other,hisp,m,50-54,31142,0
CO,2023,other,hisp,f,50-54,31142,0
CO,2023,other,hisp,m,55-59,32602,0
CO,2023,other,hisp,f,55-59,32602,0
CO,2023,other,hisp,m,60-64,31142,0
CO,2023,other,hisp,f,60-64,31142,0
CO,2023,other,hisp,m,65-69,26276,0
CO,2023,other,hisp,f,65-69,26276,0
CO,2023,other,hisp,m,70-74,21897,0
CO,2023,other,hisp,f,70-74,21897,0
CO,2023,other,hisp,m,75-79,15571,0
CO,2023,other,hisp,f,75-79,15571,0
CO,2023,other,hisp,m,80-84,7786,0
CO,2023,other,hisp,f,80-84,11678,0
CO,2023,other,hisp,m,85+,8175,0
CO,2023,other,hisp,f,85+,12262,0
CT,2023,white,non-hisp,m,0-4,64363,0
CT,2023,white,non-hisp,f,0-4,64363,0
CT,2023,white,non-hisp,m,5-9,66582,0
CT,2023,white,non-hisp,f,5-9,66582,0
CT,2023,white,non-hisp,m,10-14,71021,0
CT,2023,white,non-hisp,f,10-14,71021,0
CT,2023,white,non-hisp,m,15-19,71021,0
CT,2023,white,non-hisp,f,15-19,71021,0
CT,2023,white,non-hisp,m,20-24,73241,0
CT,2023,white,non-hisp,f,20-24,73241,0
CT,2023,white,non-hisp,m,25-29,77679,0
CT,2023,white,non-hisp,f,25-29,77679,0
CT,2023,white,non-hisp,m,30-34,77679,0
CT,2023,white,non-hisp,f,30-34,77679,0
CT,2023,white,non-hisp,m,35-39,75460,0
CT,2023,white,non-hisp,f,35-39,75460,0
CT,2023,white,non-hisp,m,40-44,69911,0
CT,2023,white,non-hisp,f,40-44,69911,0
CT,2023,white,non-hisp,m,45-49,66582,0
CT,2023,white,non-hisp,f,45-49,66582,0
CT,2023,white,non-hisp,m,50-54,71021,0
CT,2023,white,non-hisp,f,50-54,71021,0
CT,2023,white,non-hisp,m,55-59,74350,0
CT,2023,white,non-hisp,f,55-59,74350,0
CT,2023,white,non-hisp,m,60-64,71021,0
CT,2023,white,non-hisp,f,60-64,71021,0
CT,2023,white,non-hisp,m,65-69,59924,0
CT,2023,white,non-hisp,f,65-69,59924,0
CT,2023,white,non-hisp,m,70-74,49937,0
CT,2023,white,non-hisp,f,70-74,49937,0
CT,2023,white,non-hisp,m,75-79,35511,0
CT,2023,white,non-hisp,f,75-79,35511,0
CT,2023,white,non-hisp,m,80-84,17755,0
CT,2023,white,non-hisp,f,80-84,26633,0
CT,2023,white,non-hisp,m,85+,18643,0
CT,2023,white,non-hisp,f,85+,27965,0
CT,2023,black,non-hisp,m,0-4,10420,0
CT,2023,black,non-hisp,f,0-4,10420,0
CT,2023,black,non-hisp,m,5-9,10779,0
CT,2023,black,non-hisp,f,5-9,10779,0
CT,2023,black,non-hisp,m,10-14,11497,0
CT,2023,black,non-hisp,f,10-14,11497,0
CT,2023,black,non-hisp,m,15-19,11497,0
CT,2023,black,non-hisp,f,15-19,11497,0
CT,2023,black,non-hisp,m,20-24,11857,0
CT,2023,black,non-hisp,f,20-24,11857,0
CT,2023,black,non-hisp,m,25-29,12575,0
CT,2023,black,non-hisp,f,25-29,12575,0
CT,2023,black,non-hisp,m,30-34,12575,0
CT,2023,black,non-hisp,f,30-34,12575,0
CT,2023,black,non-hisp,m,35-39,12216,0
CT,2023,black,non-hisp,f,35-39,12216,0
CT,2023,black,non-hisp,m,40-44,11318,0
CT,2023,black,non-hisp,f,40-44,11318,0
CT,2023,black,non-hisp,m,45-49,10779,0
CT,2023,black,non-hisp,f,45-49,10779,0
CT,2023,black,non-hisp,m,50-54,11497,0
CT,2023,black,non-hisp,f,50-54,11497,0
CT,2023,black,non-hisp,m,55-59,12036,0
CT,2023,black,non-hisp,f,55-59,12036,0
CT,2023,black,non-hisp,m,60-64,11497,0
CT,2023,black,non-hisp,f,60-64,11497,0
CT,2023,black,non-hisp,m,65-69,9701,0
CT,2023,black,non-hisp,f,65-69,9701,0
CT,2023,black,non-hisp,m,70-74,8084,0
CT,2023,black,non-hisp,f,70-74,8084,0
CT,2023,black,non-hisp,m,75-79,5749,0
CT,2023,black,non-hisp,f,75-79,5749,0
CT,2023,black,non-hisp,m,80-84,2874,0
CT,2023,black,non-hisp,f,80-84,4312,0
CT,2023,black,non-hisp,m,85+,3018,0
CT,2023,black,non-hisp,f,85+,4527,0
CT,2023,asian,non-hisp,m,0-4,5051,0
CT,2023,asian,non-hisp,f,0-4,5051,0
CT,2023,asian,non-hisp,m,5-9,5226,0
CT,2023,asian,non-hisp,f,5-9,5226,0
CT,2023,asian,non-hisp,m,10-14,5574,0
CT,2023,asian,non-hisp,f,10-14,5574,0
CT,2023,asian,non-hisp,m,15-19,5574,0
CT,2023,asian,non-hisp,f,15-19,5574,0
CT,2023,asian,non-hisp,m,20-24,5748,0
CT,2023,asian,non-hisp,f,20-24,5748,0
CT,2023,asian,non-hisp,m,25-29,6096,0
CT,2023,asian,non-hisp,f,25-29,6096,0
CT,2023,asian,non-hisp,m,30-34,6096,0
CT,2023,asian,non-hisp,f,30-34,6096,0
CT,2023,asian,non-hisp,m,35-39,5922,0
CT,2023,asian,non-hisp,f,35-39,5922,0
CT,2023,asian,non-hisp,m,40-44,5487,0
CT,2023,asian,non-hisp,f,40-44,5487,0
CT,2023,asian,non-hisp,m,45-49,5226,0
CT,2023,asian,non-hisp,f,45-49,5226,0
CT,2023,asian,non-hisp,m,50-54,5574,0
CT,2023,asian,non-hisp,f,50-54,5574,0
CT,2023,asian,non-hisp,m,55-59,5835,0
CT,2023,asian,non-hisp,f,55-59,5835,0
CT,2023,asian,non-hisp,m,60-64,5574,0
CT,2023,asian,non-hisp,f,60-64,5574,0
CT,2023,asian,non-hisp,m,65-69,4703,0
CT,2023,asian,non-hisp,f,65-69,4703,0
CT,2023,asian,non-hisp,m,70-74,3919,0
CT,2023,asian,non-hisp,f,70-74,3919,0
CT,2023,asian,non-hisp,m,75-79,2787,0
CT,2023,asian,non-hisp,f,75-79,2787,0
CT,2023,asian,non-hisp,m,80-84,1393,0
CT,2023,asian,non-hisp,f,80-84,2090,0
CT,2023,asian,non-hisp,m,85+,1463,0
CT,2023,asian,non-hisp,f,85+,2195,0
CT,2023,other,non-hisp,m,0-4,5540,0
CT,2023,other,non-hisp,f,0-4,5540,0
CT,2023,other,non-hisp,m,5-9,5731,0
CT,2023,other,non-hisp,f,5-9,5731,0
CT,2023,other,non-hisp,m,10-14,6113,0
CT,2023,other,non-hisp,f,10-14,6113,0
CT,2023,other,non-hisp,m,15-19,6113,0
CT,2023,other,non-hisp,f,15-19,6113,0
CT,2023,other,non-hisp,m,20-24,6304,0
CT,2023,other,non-hisp,f,20-24,6304,0
CT,2023,other,non-hisp,m,25-29,6686,0
CT,2023,other,non-hisp,f,25-29,6686,0
CT,2023,other,non-hisp,m,30-34,6686,0
CT,2023,other,non-hisp,f,30-34,6686,0
CT,2023,other,non-hisp,m,35-39,6495,0
CT,2023,other,non-hisp,f,35-39,6495,0
CT,2023,other,non-hisp,m,40-44,6018,0
CT,2023,other,non-hisp,f,40-44,6018,0
CT,2023,other,non-hisp,m,45-49,5731,0
CT,2023,other,non-hisp,f,45-49,5731,0
CT,2023,other,non-hisp,m,50-54,6113,0
CT,2023,other,non-hisp,f,50-54,6113,0
CT,2023,other,non-hisp,m,55-59,6400,0
CT,2023,other,non-hisp,f,55-59,6400,0
CT,2023,other,non-hisp,m,60-64,6113,0
CT,2023,other,non-hisp,f,60-64,6113,0
CT,2023,other,non-hisp,m,65-69,5158,0
CT,2023,other,non-hisp,f,65-69,5158,0
CT,2023,other,non-hisp,m,70-74,4298,0
CT,2023,other,non-hisp,f,70-74,4298,0
CT,2023,other,non-hisp,m,75-79,3057,0
CT,2023,other,non-hisp,f,75-79,3057,0
CT,2023,other,non-hisp,m,80-84,1528,0
CT,2023,other,non-hisp,f,80-84,2292,0
CT,2023,other,non-hisp,m,85+,1605,0
CT,2023,other,non-hisp,f,85+,2407,0
CT,2023,white,hisp,m,0-4,3320,0
CT,2023,white,hisp,f,0-4,3320,0
CT,2023,white,hisp,m,5-9,3435,0
CT,2023,white,hisp,f,5-9,3435,0
CT,2023,white,hisp,m,10-14,3664,0
CT,2023,white,hisp,f,10-14,3664,0
CT,2023,white,hisp,m,15-19,3664,0
CT,2023,white,hisp,f,15-19,3664,0
CT,2023,white,hisp,m,20-24,3778,0
CT,2023,white,hisp,f,20-24,3778,0
CT,2023,white,hisp,m,25-29,4007,0
CT,2023,white,hisp,f,25-29,4007,0
CT,2023,white,hisp,m,30-34,4007,0
CT,2023,white,hisp,f,30-34,4007,0
CT,2023,white,hisp,m,35-39,3893,0
CT,2023,white,hisp,f,35-39,3893,0
CT,2023,white,hisp,m,40-44,3606,0
CT,2023,white,hisp,f,40-44,3606,0
CT,2023,white,hisp,m,45-49,3435,0
CT,2023,white,hisp,f,45-49,3435,0
CT,2023,white,hisp,m,50-54,3664,0
CT,2023,white,hisp,f,50-54,3664,0
CT,2023,white,hisp,m,55-59,3835,0
CT,2023,white,hisp,f,55-59,3835,0
CT,2023,white,hisp,m,60-64,3664,0
CT,2023,white,hisp,f,60-64,3664,0
CT,2023,white,hisp,m,65-69,3091,0
CT,2023,white,hisp,f,65-69,3091,0
CT,2023,white,hisp,m,70-74,2576,0
CT,2023,white,hisp,f,70-74,2576,0
CT,2023,white,hisp,m,75-79,1832,0
CT,2023,white,hisp,f,75-79,1832,0
CT,2023,white,hisp,m,80-84,916,0
CT,2023,white,hisp,f,80-84,1374,0
CT,2023,white,hisp,m,85+,962,0
CT,2023,white,hisp,f,85+,1443,0
CT,2023,black,hisp,m,0-4,978,0
CT,2023,black,hisp,f,0-4,978,0
CT,2023,black,hisp,m,5-9,1012,0
CT,2023,black,hisp,f,5-9,1012,0
CT,2023,black,hisp,m,10-14,1080,0
CT,2023,black,hisp,f,10-14,1080,0
CT,2023,black,hisp,m,15-19,1080,0
CT,2023,black,hisp,f,15-19,1080,0
CT,2023,black,hisp,m,20-24,1113,0
CT,2023,black,hisp,f,20-24,1113,0
CT,2023,black,hisp,m,25-29,1181,0
CT,2023,black,hisp,f,25-29,1181,0
CT,2023,black,hisp,m,30-34,1181,0
CT,2023,black,hisp,f,30-34,1181,0
CT,2023,black,hisp,m,35-39,1147,0
CT,2023,black,hisp,f,35-39,1147,0
CT,2023,black,hisp,m,40-44,1063,0
CT,2023,black,hisp,f,40-44,1063,0
CT,2023,black,hisp,m,45-49,1012,0
CT,2023,black,hisp,f,45-49,1012,0
CT,2023,black,hisp,m,50-54,1080,0
CT,2023,black,hisp,f,50-54,1080,0
CT,2023,black,hisp,m,55-59,1130,0
CT,2023,black,hisp,f,55-59,1130,0
CT,2023,black,hisp,m,60-64,1080,0
CT,2023,black,hisp,f,60-64,1080,0
CT,2023,black,hisp,m,65-69,911,0
CT,2023,black,hisp,f,65-69,911,0
CT,2023,black,hisp,m,70-74,759,0
CT,2023,black,hisp,f,70-74,759,0
CT,2023,black,hisp,m,75-79,540,0
CT,2023,black,hisp,f,75-79,540,0
CT,2023,black,hisp,m,80-84,270,0
CT,2023,black,hisp,f,80-84,405,0
CT,2023,black,hisp,m,85+,283,0
CT,2023,black,hisp,f,85+,425,0
CT,2023,asian,hisp,m,0-4,53,0
CT,2023,asian,hisp,f,0-4,53,0
CT,2023,asian,hisp,m,5-9,55,0
CT,2023,asian,hisp,f,5-9,55,0
CT,2023,asian,hisp,m,10-14,59,0
CT,2023,asian,hisp,f,10-14,59,0
CT,2023,asian,hisp,m,15-19,59,0
CT,2023,asian,hisp,f,15-19,59,0
CT,2023,asian,hisp,m,20-24,60,0
CT,2023,asian,hisp,f,20-24,60,0
CT,2023,asian,hisp,m,25-29,64,0
CT,2023,asian,hisp,f,25-29,64,0
CT,2023,asian,hisp,m,30-34,64,0
CT,2023,asian,hisp,f,30-34,64,0
CT,2023,asian,hisp,m,35-39,62,0
CT,2023,asian,hisp,f,35-39,62,0
CT,2023,asian,hisp,m,40-44,58,0
CT,2023,asian,hisp,f,40-44,58,0
CT,2023,asian,hisp,m,45-49,55,0
CT,2023,asian,hisp,f,45-49,55,0
CT,2023,asian,hisp,m,50-54,59,0
CT,2023,asian,hisp,f,50-54,59,0
CT,2023,asian,hisp,m,55-59,61,0
CT,2023,asian,hisp,f,55-59,61,0
CT,2023,asian,hisp,m,60-64,59,0
CT,2023,asian,hisp,f,60-64,59,0
CT,2023,asian,hisp,m,65-69,49,0
CT,2023,asian,hisp,f,65-69,49,0
CT,2023,asian,hisp,m,70-74,41,0
CT,2023,asian,hisp,f,70-74,41,0
CT,2023,asian,hisp,m,75-79,29,0
CT,2023,asian,hisp,f,75-79,29,0
CT,2023,asian,hisp,m,80-84,15,0
CT,2023,asian,hisp,f,80-84,22,0
CT,2023,asian,hisp,m,85+,15,0
CT,2023,asian,hisp,f,85+,23,0
CT,2023,other,hisp,m,0-4,15173,0
CT,2023,other,hisp,f,0-4,15173,0
CT,2023,other,hisp,m,5-9,15696,0
CT,2023,other,hisp,f,5-9,15696,0
CT,2023,other,hisp,m,10-14,16742,0
CT,2023,other,hisp,f,10-14,16742,0
CT,2023,other,hisp,m,15-19,16742,0
CT,2023,other,hisp,f,15-19,16742,0
CT,2023,other,hisp,m,20-24,17265,0
CT,2023,other,hisp,f,20-24,17265,0
CT,2023,other,hisp,m,25-29,18312,0
CT,2023,other,hisp,f,25-29,18312,0
CT,2023,other,hisp,m,30-34,18312,0
CT,2023,other,hisp,f,30-34,18312,0
CT,2023,other,hisp,m,35-39,17788,0
CT,2023,other,hisp,f,35-39,17788,0
CT,2023,other,hisp,m,40-44,16480,0
CT,2023,other,hisp,f,40-44,16480,0
CT,2023,other,hisp,m,45-49,15696,0
CT,2023,other,hisp,f,45-49,15696,0
CT,2023,other,hisp,m,50-54,16742,0
CT,2023,other,hisp,f,50-54,16742,0
CT,2023,other,hisp,m,55-59,17527,0
CT,2023,other,hisp,f,55-59,17527,0
CT,2023,other,hisp,m,60-64,16742,0
CT,2023,other,hisp,f,60-64,16742,0
CT,2023,other,hisp,m,65-69,14126,0
CT,2023,other,hisp,f,65-69,14126,0
CT,2023,other,hisp,m,70-74,11772,0
CT,2023,other,hisp,f,70-74,11772,0
CT,2023,other,hisp,m,75-79,8371,0
CT,2023,other,hisp,f,75-79,8371,0
CT,2023,other,hisp,m,80-84,4186,0
CT,2023,other,hisp,f,80-84,6278,0
CT,2023,other,hisp,m,85+,4395,0
CT,2023,other,hisp,f,85+,6592,0
DE,2023,white,non-hisp,m,0-4,17366,0
DE,2023,white,non-hisp,f,0-4,17366,0
DE,2023,white,non-hisp,m,5-9,17965,0
DE,2023,white,non-hisp,f,5-9,17965,0
DE,2023,white,non-hisp,m,10-14,19162,0
DE,2023,white,non-hisp,f,10-14,19162,0
DE,2023,white,non-hisp,m,15-19,19162,0
DE,2023,white,non-hisp,f,15-19,19162,0
DE,2023,white,non-hisp,m,20-24,19761,0
DE,2023,white,non-hisp,f,20-24,19761,0
DE,2023,white,non-hisp,m,25-29,20959,0
DE,2023,white,non-hisp,f,25-29,20959,0
DE,2023,white,non-hisp,m,30-34,20959,0
DE,2023,white,non-hisp,f,30-34,20959,0
DE,2023,white,non-hisp,m,35-39,20360,0
DE,2023,white,non-hisp,f,35-39,20360,0
DE,2023,white,non-hisp,m,40-44,18863,0
DE,2023,white,non-hisp,f,40-44,18863,0
DE,2023,white,non-hisp,m,45-49,17965,0
DE,2023,white,non-hisp,f,45-49,17965,0
DE,2023,white,non-hisp,m,50-54,19162,0
DE,2023,white,non-hisp,f,50-54,19162,0
DE,2023,white,non-hisp,m,55-59,20061,0
DE,2023,white,non-hisp,f,55-59,20061,0
DE,2023,white,non-hisp,m,60-64,19162,0
DE,2023,white,non-hisp,f,60-64,19162,0
DE,2023,white,non-hisp,m,65-69,16168,0
DE,2023,white,non-hisp,f,65-69,16168,0
DE,2023,white,non-hisp,m,70-74,13474,0
DE,2023,white,non-hisp,f,70-74,13474,0
DE,2023,white,non-hisp,m,75-79,9581,0
DE,2023,white,non-hisp,f,75-79,9581,0
DE,2023,white,non-hisp,m,80-84,4791,0
DE,2023,white,non-hisp,f,80-84,7186,0
DE,2023,white,non-hisp,m,85+,5030,0
DE,2023,white,non-hisp,f,85+,7545,0
DE,2023,black,non-hisp,m,0-4,6496,0
DE,2023,black,non-hisp,f,0-4,6496,0
DE,2023,black,non-hisp,m,5-9,6720,0
DE,2023,black,non-hisp,f,5-9,6720,0
DE,2023,black,non-hisp,m,10-14,7167,0
DE,2023,black,non-hisp,f,10-14,7167,0
DE,2023,black,non-hisp,m,15-19,7167,0
DE,2023,black,non-hisp,f,15-19,7167,0
DE,2023,black,non-hisp,m,20-24,7391,0
DE,2023,black,non-hisp,f,20-24,7391,0
DE,2023,black,non-hisp,m,25-29,7839,0
DE,2023,black,non-hisp,f,25-29,7839,0
DE,2023,black,non-hisp,m,30-34,7839,0
DE,2023,black,non-hisp,f,30-34,7839,0
DE,2023,black,non-hisp,m,35-39,7615,0
DE,2023,black,non-hisp,f,35-39,7615,0
DE,2023,black,non-hisp,m,40-44,7055,0
DE,2023,black,non-hisp,f,40-44,7055,0
DE,2023,black,non-hisp,m,45-49,6720,0
DE,2023,black,non-hisp,f,45-49,6720,0
DE,2023,black,non-hisp,m,50-54,7167,0
DE,2023,black,non-hisp,f,50-54,7167,0
DE,2023,black,non-hisp,m,55-59,7503,0
DE,2023,black,non-hisp,f,55-59,7503,0
DE,2023,black,non-hisp,m,60-64,7167,0
DE,2023,black,non-hisp,f,60-64,7167,0
DE,2023,black,non-hisp,m,65-69,6048,0
DE,2023,black,non-hisp,f,65-69,6048,0
DE,2023,black,non-hisp,m,70-74,5040,0
DE,2023,black,non-hisp,f,70-74,5040,0
DE,2023,black,non-hisp,m,75-79,3584,0
DE,2023,black,non-hisp,f,75-79,3584,0
DE,2023,black,non-hisp,m,80-84,1792,0
DE,2023,black,non-hisp,f,80-84,2688,0
DE,2023,black,non-hisp,m,85+,1881,0
DE,2023,black,non-hisp,f,85+,2822,0
DE,2023,asian,non-hisp,m,0-4,1286,0
DE,2023,asian,non-hisp,f,0-4,1286,0
DE,2023,asian,non-hisp,m,5-9,1331,0
DE,2023,asian,non-hisp,f,5-9,1331,0
DE,2023,asian,non-hisp,m,10-14,1419,0
DE,2023,asian,non-hisp,f,10-14,1419,0
DE,2023,asian,non-hisp,m,15-19,1419,0
DE,2023,asian,non-hisp,f,15-19,1419,0
DE,2023,asian,non-hisp,m,20-24,1464,0
DE,2023,asian,non-hisp,f,20-24,1464,0
DE,2023,asian,non-hisp,m,25-29,1552,0
DE,2023,asian,non-hisp,f,25-29,1552,0
DE,2023,asian,non-hisp,m,30-34,1552,0
DE,2023,asian,non-hisp,f,30-34,1552,0
DE,2023,asian,non-hisp,m,35-39,1508,0
DE,2023,asian,non-hisp,f,35-39,1508,0
DE,2023,asian,non-hisp,m,40-44,1397,0
DE,2023,asian,non-hisp,f,40-44,1397,0
DE,2023,asian,non-hisp,m,45-49,1331,0
DE,2023,asian,non-hisp,f,45-49,1331,0
DE,2023,asian,non-hisp,m,50-54,1419,0
DE,2023,asian,non-hisp,f,50-54,1419,0
DE,2023,asian,non-hisp,m,55-59,1486,0
DE,2023,asian,non-hisp,f,55-59,1486,0
DE,2023,asian,non-hisp,m,60-64,1419,0
DE,2023,asian,non-hisp,f,60-64,1419,0
DE,2023,asian,non-hisp,m,65-69,1198,0
DE,2023,asian,non-hisp,f,65-69,1198,0
DE,2023,asian,non-hisp,m,70-74,998,0
DE,2023,asian,non-hisp,f,70-74,998,0
DE,2023,asian,non-hisp,m,75-79,710,0
DE,2023,asian,non-hisp,f,75-79,710,0
DE,2023,asian,non-hisp,m,80-84,355,0
DE,2023,asian,non-hisp,f,80-84,532,0
DE,2023,asian,non-hisp,m,85+,373,0
DE,2023,asian,non-hisp,f,85+,559,0
DE,2023,other,non-hisp,m,0-4,1453,0
DE,2023,other,non-hisp,f,0-4,1453,0
DE,2023,other,non-hisp,m,5-9,1503,0
DE,2023,other,non-hisp,f,5-9,1503,0
DE,2023,other,non-hisp,m,10-14,1603,0
DE,2023,other,non-hisp,f,10-14,1603,0
DE,2023,other,non-hisp,m,15-19,1603,0
DE,2023,other,non-hisp,f,15-19,1603,0
DE,2023,other,non-hisp,m,20-24,1653,0
DE,2023,other,non-hisp,f,20-24,1653,0
DE,2023,other,non-hisp,m,25-29,1754,0
DE,2023,other,non-hisp,f,25-29,1754,0
DE,2023,other,non-hisp,m,30-34,1754,0
DE,2023,other,non-hisp,f,30-34,1754,0
DE,2023,other,non-hisp,m,35-39,1704,0
DE,2023,other,non-hisp,f,35-39,1704,0
DE,2023,other,non-hisp,m,40-44,1578,0
DE,2023,other,non-hisp,f,40-44,1578,0
DE,2023,other,non-hisp,m,45-49,1503,0
DE,2023,other,non-hisp,f,45-49,1503,0
DE,2023,other,non-hisp,m,50-54,1603,0
DE,2023,other,non-hisp,f,50-54,1603,0
DE,2023,other,non-hisp,m,55-59,1678,0
DE,2023,other,non-hisp,f,55-59,1678,0
DE,2023,other,non-hisp,m,60-64,1603,0
DE,2023,other,non-hisp,f,60-64,1603,0
DE,2023,other,non-hisp,m,65-69,1353,0
DE,2023,other,non-hisp,f,65-69,1353,0
DE,2023,other,non-hisp,m,70-74,1127,0
DE,2023,other,non-hisp,f,70-74,1127,0
DE,2023,other,non-hisp,m,75-79,802,0
DE,2023,other,non-hisp,f,75-79,802,0
DE,2023,other,non-hisp,m,80-84,401,0
DE,2023,other,non-hisp,f,80-84,601,0
DE,2023,other,non-hisp,m,85+,421,0
DE,2023,other,non-hisp,f,85+,631,0
DE,2023,white,hisp,m,0-4,393,0
DE,2023,white,hisp,f,0-4,393,0
DE,2023,white,hisp,m,5-9,406,0
DE,2023,white,hisp,f,5-9,406,0
DE,2023,white,hisp,m,10-14,433,0
DE,2023,white,hisp,f,10-14,433,0
DE,2023,white,hisp,m,15-19,433,0
DE,2023,white,hisp,f,15-19,433,0
DE,2023,white,hisp,m,20-24,447,0
DE,2023,white,hisp,f,20-24,447,0
DE,2023,white,hisp,m,25-29,474,0
DE,2023,white,hisp,f,25-29,474,0
DE,2023,white,hisp,m,30-34,474,0
DE,2023,white,hisp,f,30-34,474,0
DE,2023,white,hisp,m,35-39,460,0
DE,2023,white,hisp,f,35-39,460,0
DE,2023,white,hisp,m,40-44,427,0
DE,2023,white,hisp,f,40-44,427,0
DE,2023,white,hisp,m,45-49,406,0
DE,2023,white,hisp,f,45-49,406,0
DE,2023,white,hisp,m,50-54,433,0
DE,2023,white,hisp,f,50-54,433,0
DE,2023,white,hisp,m,55-59,454,0
DE,2023,white,hisp,f,55-59,454,0
DE,2023,white,hisp,m,60-64,433,0
DE,2023,white,hisp,f,60-64,433,0
DE,2023,white,hisp,m,65-69,366,0
DE,2023,white,hisp,f,65-69,366,0
DE,2023,white,hisp,m,70-74,305,0
DE,2023,white,hisp,f,70-74,305,0
DE,2023,white,hisp,m,75-79,217,0
DE,2023,white,hisp,f,75-79,217,0
DE,2023,white,hisp,m,80-84,108,0
DE,2023,white,hisp,f,80-84,162,0
DE,2023,white,hisp,m,85+,114,0
DE,2023,white,hisp,f,85+,171,0
DE,2023,black,hisp,m,0-4,237,0
DE,2023,black,hisp,f,0-4,237,0
DE,2023,black,hisp,m,5-9,245,0
DE,2023,black,hisp,f,5-9,245,0
DE,2023,black,hisp,m,10-14,262,0
DE,2023,black,hisp,f,10-14,262,0
DE,2023,black,hisp,m,15-19,262,0
DE,2023,black,hisp,f,15-19,262,0
DE,2023,black,hisp,m,20-24,270,0
DE,2023,black,hisp,f,20-24,270,0
DE,2023,black,hisp,m,25-29,286,0
DE,2023,black,hisp,f,25-29,286,0
DE,2023,black,hisp,m,30-34,286,0
DE,2023,black,hisp,f,30-34,286,0
DE,2023,black,hisp,m,35-39,278,0
DE,2023,black,hisp,f,35-39,278,0
DE,2023,black,hisp,m,40-44,258,0
DE,2023,black,hisp,f,40-44,258,0
DE,2023,black,hisp,m,45-49,245,0
DE,2023,black,hisp,f,45-49,245,0
DE,2023,black,hisp,m,50-54,262,0
DE,2023,black,hisp,f,50-54,262,0
DE,2023,black,hisp,m,55-59,274,0
DE,2023,black,hisp,f,55-59,274,0
DE,2023,black,hisp,m,60-64,262,0
DE,2023,black,hisp,f,60-64,262,0
DE,2023,black,hisp,m,65-69,221,0
DE,2023,black,hisp,f,65-69,221,0
DE,2023,black,hisp,m,70-74,184,0
DE,2023,black,hisp,f,70-74,184,0
DE,2023,black,hisp,m,75-79,131,0
DE,2023,black,hisp,f,75-79,131,0
DE,2023,black,hisp,m,80-84,65,0
DE,2023,black,hisp,f,80-84,98,0
DE,2023,black,hisp,m,85+,69,0
DE,2023,black,hisp,f,85+,103,0
DE,2023,asian,hisp,m,0-4,3,0
DE,2023,asian,hisp,f,0-4,3,0
DE,2023,asian,hisp,m,5-9,3,0
DE,2023,asian,hisp,f,5-9,3,0
DE,2023,asian,hisp,m,10-14,4,0
DE,2023,asian,hisp,f,10-14,4,0
DE,2023,asian,hisp,m,15-19,4,0
DE,2023,asian,hisp,f,15-19,4,0
DE,2023,asian,hisp,m,20-24,4,0
DE,2023,asian,hisp,f,20-24,4,0
DE,2023,asian,hisp,m,25-29,4,0
DE,2023,asian,hisp,f,25-29,4,0
DE,2023,asian,hisp,m,30-34,4,0
DE,2023,asian,hisp,f,30-34,4,0
DE,2023,asian,hisp,m,35-39,4,0
DE,2023,asian,hisp,f,35-39,4,0
DE,2023,asian,hisp,m,40-44,4,0
DE,2023,asian,hisp,f,40-44,4,0
DE,2023,asian,hisp,m,45-49,3,0
DE,2023,asian,hisp,f,45-49,3,0
DE,2023,asian,hisp,m,50-54,4,0
DE,2023,asian,hisp,f,50-54,4,0
DE,2023,asian,hisp,m,55-59,4,0
DE,2023,asian,hisp,f,55-59,4,0
DE,2023,asian,hisp,m,60-64,4,0
DE,2023,asian,hisp,f,60-64,4,0
DE,2023,asian,hisp,m,65-69,3,0
DE,2023,asian,hisp,f,65-69,3,0
DE,2023,asian,hisp,m,70-74,3,0
DE,2023,asian,hisp,f,70-74,3,0
DE,2023,asian,hisp,m,75-79,2,0
DE,2023,asian,hisp,f,75-79,2,0
DE,2023,asian,hisp,m,80-84,1,0
DE,2023,asian,hisp,f,80-84,1,0
DE,2023,asian,hisp,m,85+,1,0
DE,2023,asian,hisp,f,85+,1,0
DE,2023,other,hisp,m,0-4,2691,0
DE,2023,other,hisp,f,0-4,2691,0
DE,2023,other,hisp,m,5-9,2784,0
DE,2023,other,hisp,f,5-9,2784,0
DE,2023,other,hisp,m,10-14,2969,0
DE,2023,other,hisp,f,10-14,2969,0
DE,2023,other,hisp,m,15-19,2969,0
DE,2023,other,hisp,f,15-19,2969,0
DE,2023,other,hisp,m,20-24,3062,0
DE,2023,other,hisp,f,20-24,3062,0
DE,2023,other,hisp,m,25-29,3248,0
DE,2023,other,hisp,f,25-29,3248,0
DE,2023,other,hisp,m,30-34,3248,0
DE,2023,other,hisp,f,30-34,3248,0
DE,2023,other,hisp,m,35-39,3155,0
DE,2023,other,hisp,f,35-39,3155,0
DE,2023,other,hisp,m,40-44,2923,0
DE,2023,other,hisp,f,40-44,2923,0
DE,2023,other,hisp,m,45-49,2784,0
DE,2023,other,hisp,f,45-49,2784,0
DE,2023,other,hisp,m,50-54,2969,0
DE,2023,other,hisp,f,50-54,2969,0
DE,2023,other,hisp,m,55-59,3109,0
DE,2023,other,hisp,f,55-59,3109,0
DE,2023,other,hisp,m,60-64,2969,0
DE,2023,other,hisp,f,60-64,2969,0
DE,2023,other,hisp,m,65-69,2505,0
DE,2023,other,hisp,f,65-69,2505,0
DE,2023,other,hisp,m,70-74,2088,0
DE,2023,other,hisp,f,70-74,2088,0
DE,2023,other,hisp,m,75-79,1485,0
DE,2023,other,hisp,f,75-79,1485,0
DE,2023,other,hisp,m,80-84,742,0
DE,2023,other,hisp,f,80-84,1114,0
DE,2023,other,hisp,m,85+,779,0
DE,2023,other,hisp,f,85+,1169,0
DC,2023,white,non-hisp,m,0-4,7314,0
DC,2023,white,non-hisp,f,0-4,7314,0
DC,2023,white,non-hisp,m,5-9,7566,0
DC,2023,white,non-hisp,f,5-9,7566,0
DC,2023,white,non-hisp,m,10-14,8071,0
DC,2023,white,non-hisp,f,10-14,8071,0
DC,2023,white,non-hisp,m,15-19,8071,0
DC,2023,white,non-hisp,f,15-19,8071,0
DC,2023,white,non-hisp,m,20-24,8323,0
DC,2023,white,non-hisp,f,20-24,8323,0
DC,2023,white,non-hisp,m,25-29,8827,0
DC,2023,white,non-hisp,f,25-29,8827,0
DC,2023,white,non-hisp,m,30-34,8827,0
DC,2023,white,non-hisp,f,30-34,8827,0
DC,2023,white,non-hisp,m,35-39,8575,0
DC,2023,white,non-hisp,f,35-39,8575,0
DC,2023,white,non-hisp,m,40-44,7945,0
DC,2023,white,non-hisp,f,40-44,7945,0
DC,2023,white,non-hisp,m,45-49,7566,0
DC,2023,white,non-hisp,f,45-49,7566,0
DC,2023,white,non-hisp,m,50-54,8071,0
DC,2023,white,non-hisp,f,50-54,8071,0
DC,2023,white,non-hisp,m,55-59,8449,0
DC,2023,white,non-hisp,f,55-59,8449,0
DC,2023,white,non-hisp,m,60-64,8071,0
DC,2023,white,non-hisp,f,60-64,8071,0
DC,2023,white,non-hisp,m,65-69,6810,0
DC,2023,white,non-hisp,f,65-69,6810,0
DC,2023,white,non-hisp,m,70-74,5675,0
DC,2023,white,non-hisp,f,70-74,5675,0
DC,2023,white,non-hisp,m,75-79,4035,0
DC,2023,white,non-hisp,f,75-79,4035,0
DC,2023,white,non-hisp,m,80-84,2018,0
DC,2023,white,non-hisp,f,80-84,3027,0
DC,2023,white,non-hisp,m,85+,2119,0
DC,2023,white,non-hisp,f,85+,3178,0
DC,2023,black,non-hisp,m,0-4,7908,0
DC,2023,black,non-hisp,f,0-4,7908,0
DC,2023,black,non-hisp,m,5-9,8181,0
DC,2023,black,non-hisp,f,5-9,8181,0
DC,2023,black,non-hisp,m,10-14,8727,0
DC,2023,black,non-hisp,f,10-14,8727,0
DC,2023,black,non-hisp,m,15-19,8727,0
DC,2023,black,non-hisp,f,15-19,8727,0
DC,2023,black,non-hisp,m,20-24,8999,0
DC,2023,black,non-hisp,f,20-24,8999,0
DC,2023,black,non-hisp,m,25-29,9545,0
DC,2023,black,non-hisp,f,25-29,9545,0
DC,2023,black,non-hisp,m,30-34,9545,0
DC,2023,black,non-hisp,f,30-34,9545,0
DC,2023,black,non-hisp,m,35-39,9272,0
DC,2023,black,non-hisp,f,35-39,9272,0
DC,2023,black,non-hisp,m,40-44,8590,0
DC,2023,black,non-hisp,f,40-44,8590,0
DC,2023,black,non-hisp,m,45-49,8181,0
DC,2023,black,non-hisp,f,45-49,8181,0
DC,2023,black,non-hisp,m,50-54,8727,0
DC,2023,black,non-hisp,f,50-54,8727,0
DC,2023,black,non-hisp,m,55-59,9136,0
DC,2023,black,non-hisp,f,55-59,9136,0
DC,2023,black,non-hisp,m,60-64,8727,0
DC,2023,black,non-hisp,f,60-64,8727,0
DC,2023,black,non-hisp,m,65-69,7363,0
DC,2023,black,non-hisp,f,65-69,7363,0
DC,2023,black,non-hisp,m,70-74,6136,0
DC,2023,black,non-hisp,f,70-74,6136,0
DC,2023,black,non-hisp,m,75-79,4363,0
DC,2023,black,non-hisp,f,75-79,4363,0
DC,2023,black,non-hisp,m,80-84,2182,0
DC,2023,black,non-hisp,f,80-84,3272,0
DC,2023,black,non-hisp,m,85+,2291,0
DC,2023,black,non-hisp,f,85+,3436,0
DC,2023,asian,non-hisp,m,0-4,811,0
DC,2023,asian,non-hisp,f,0-4,811,0
DC,2023,asian,non-hisp,m,5-9,839,0
DC,2023,asian,non-hisp,f,5-9,839,0
DC,2023,asian,non-hisp,m,10-14,895,0
DC,2023,asian,non-hisp,f,10-14,895,0
DC,2023,asian,non-hisp,m,15-19,895,0
DC,2023,asian,non-hisp,f,15-19,895,0
DC,2023,asian,non-hisp,m,20-24,923,0
DC,2023,asian,non-hisp,f,20-24,923,0
DC,2023,asian,non-hisp,m,25-29,979,0
DC,2023,asian,non-hisp,f,25-29,979,0
DC,2023,asian,non-hisp,m,30-34,979,0
DC,2023,asian,non-hisp,f,30-34,979,0
DC,2023,asian,non-hisp,m,35-39,951,0
DC,2023,asian,non-hisp,f,35-39,951,0
DC,2023,asian,non-hisp,m,40-44,881,0
DC,2023,asian,non-hisp,f,40-44,881,0
DC,2023,asian,non-hisp,m,45-49,839,0
DC,2023,asian,non-hisp,f,45-49,839,0
DC,2023,asian,non-hisp,m,50-54,895,0
DC,2023,asian,non-hisp,f,50-54,895,0
DC,2023,asian,non-hisp,m,55-59,937,0
DC,2023,asian,non-hisp,f,55-59,937,0
DC,2023,asian,non-hisp,m,60-64,895,0
DC,2023,asian,non-hisp,f,60-64,895,0
DC,2023,asian,non-hisp,m,65-69,755,0
DC,2023,asian,non-hisp,f,65-69,755,0
DC,2023,asian,non-hisp,m,70-74,629,0
DC,2023,asian,non-hisp,f,70-74,629,0
DC,2023,asian,non-hisp,m,75-79,448,0
DC,2023,asian,non-hisp,f,75-79,448,0
DC,2023,asian,non-hisp,m,80-84,224,0
DC,2023,asian,non-hisp,f,80-84,336,0
DC,2023,asian,non-hisp,m,85+,235,0
DC,2023,asian,non-hisp,f,85+,353,0
DC,2023,other,non-hisp,m,0-4,1294,0
DC,2023,other,non-hisp,f,0-4,1294,0
DC,2023,other,non-hisp,m,5-9,1339,0
DC,2023,other,non-hisp,f,5-9,1339,0
DC,2023,other,non-hisp,m,10-14,1428,0
DC,2023,other,non-hisp,f,10-14,1428,0
DC,2023,other,non-hisp,m,15-19,1428,0
DC,2023,other,non-hisp,f,15-19,1428,0
DC,2023,other,non-hisp,m,20-24,1472,0
DC,2023,other,non-hisp,f,20-24,1472,0
DC,2023,other,non-hisp,m,25-29,1562,0
DC,2023,other,non-hisp,f,25-29,1562,0
DC,2023,other,non-hisp,m,30-34,1562,0
DC,2023,other,non-hisp,f,30-34,1562,0
DC,2023,other,non-hisp,m,35-39,1517,0
DC,2023,other,non-hisp,f,35-39,1517,0
DC,2023,other,non-hisp,m,40-44,1405,0
DC,2023,other,non-hisp,f,40-44,1405,0
DC,2023,other,non-hisp,m,45-49,1339,0
DC,2023,other,non-hisp,f,45-49,1339,0
DC,2023,other,non-hisp,m,50-54,1428,0
DC,2023,other,non-hisp,f,50-54,1428,0
DC,2023,other,non-hisp,m,55-59,1495,0
DC,2023,other,non-hisp,f,55-59,1495,0
DC,2023,other,non-hisp,m,60-64,1428,0
DC,2023,other,non-hisp,f,60-64,1428,0
DC,2023,other,non-hisp,m,65-69,1205,0
DC,2023,other,non-hisp,f,65-69,1205,0
DC,2023,other,non-hisp,m,70-74,1004,0
DC,2023,other,non-hisp,f,70-74,1004,0
DC,2023,other,non-hisp,m,75-79,714,0
DC,2023,other,non-hisp,f,75-79,714,0
DC,2023,other,non-hisp,m,80-84,357,0
DC,2023,other,non-hisp,f,80-84,535,0
DC,2023,other,non-hisp,m,85+,375,0
DC,2023,other,non-hisp,f,85+,562,0
DC,2023,white,hisp,m,0-4,324,0
DC,2023,white,hisp,f,0-4,324,0
DC,2023,white,hisp,m,5-9,336,0
DC,2023,white,hisp,f,5-9,336,0
DC,2023,white,hisp,m,10-14,358,0
DC,2023,white,hisp,f,10-14,358,0
DC,2023,white,hisp,m,15-19,358,0
DC,2023,white,hisp,f,15-19,358,0
DC,2023,white,hisp,m,20-24,369,0
DC,2023,white,hisp,f,20-24,369,0
DC,2023,white,hisp,m,25-29,392,0
DC,2023,white,hisp,f,25-29,392,0
DC,2023,white,hisp,m,30-34,392,0
DC,2023,white,hisp,f,30-34,392,0
DC,2023,white,hisp,m,35-39,380,0
DC,2023,white,hisp,f,35-39,380,0
DC,2023,white,hisp,m,40-44,352,0
DC,2023,white,hisp,f,40-44,352,0
DC,2023,white,hisp,m,45-49,336,0
DC,2023,white,hisp,f,45-49,336,0
DC,2023,white,hisp,m,50-54,358,0
DC,2023,white,hisp,f,50-54,358,0
DC,2023,white,hisp,m,55-59,375,0
DC,2023,white,hisp,f,55-59,375,0
DC,2023,white,hisp,m,60-64,358,0
DC,2023,white,hisp,f,60-64,358,0
DC,2023,white,hisp,m,65-69,302,0
DC,2023,white,hisp,f,65-69,302,0
DC,2023,white,hisp,m,70-74,252,0
DC,2023,white,hisp,f,70-74,252,0
DC,2023,white,hisp,m,75-79,179,0
DC,2023,white,hisp,f,75-79,179,0
DC,2023,white,hisp,m,80-84,89,0
DC,2023,white,hisp,f,80-84,134,0
DC,2023,white,hisp,m,85+,94,0
DC,2023,white,hisp,f,85+,141,0
DC,2023,black,hisp,m,0-4,137,0
DC,2023,black,hisp,f,0-4,137,0
DC,2023,black,hisp,m,5-9,142,0
DC,2023,black,hisp,f,5-9,142,0
DC,2023,black,hisp,m,10-14,151,0
DC,2023,black,hisp,f,10-14,151,0
DC,2023,black,hisp,m,15-19,151,0
DC,2023,black,hisp,f,15-19,151,0
DC,2023,black,hisp,m,20-24,156,0
DC,2023,black,hisp,f,20-24,156,0
DC,2023,black,hisp,m,25-29,165,0
DC,2023,black,hisp,f,25-29,165,0
DC,2023,black,hisp,m,30-34,165,0
DC,2023,black,hisp,f,30-34,165,0
DC,2023,black,hisp,m,35-39,161,0
DC,2023,black,hisp,f,35-39,161,0
DC,2023,black,hisp,m,40-44,149,0
DC,2023,black,hisp,f,40-44,149,0
DC,2023,black,hisp,m,45-49,142,0
DC,2023,black,hisp,f,45-49,142,0
DC,2023,black,hisp,m,50-54,151,0
DC,2023,black,hisp,f,50-54,151,0
DC,2023,black,hisp,m,55-59,158,0
DC,2023,black,hisp,f,55-59,158,0
DC,2023,black,hisp,m,60-64,151,0
DC,2023,black,hisp,f,60-64,151,0
DC,2023,black,hisp,m,65-69,128,0
DC,2023,black,hisp,f,65-69,128,0
DC,2023,black,hisp,m,70-74,106,0
DC,2023,black,hisp,f,70-74,106,0
DC,2023,black,hisp,m,75-79,76,0
DC,2023,black,hisp,f,75-79,76,0
DC,2023,black,hisp,m,80-84,38,0
DC,2023,black,hisp,f,80-84,57,0
DC,2023,black,hisp,m,85+,40,0
DC,2023,black,hisp,f,85+,60,0
DC,2023,asian,hisp,m,0-4,7,0
DC,2023,asian,hisp,f,0-4,7,0
DC,2023,asian,hisp,m,5-9,7,0
DC,2023,asian,hisp,f,5-9,7,0
DC,2023,asian,hisp,m,10-14,8,0
DC,2023,asian,hisp,f,10-14,8,0
DC,2023,asian,hisp,m,15-19,8,0
DC,2023,asian,hisp,f,15-19,8,0
DC,2023,asian,hisp,m,20-24,8,0
DC,2023,asian,hisp,f,20-24,8,0
DC,2023,asian,hisp,m,25-29,9,0
DC,2023,asian,hisp,f,25-29,9,0
DC,2023,asian,hisp,m,30-34,9,0
DC,2023,asian,hisp,f,30-34,9,0
DC,2023,asian,hisp,m,35-39,8,0
DC,2023,asian,hisp,f,35-39,8,0
DC,2023,asian,hisp,m,40-44,8,0
DC,2023,asian,hisp,f,40-44,8,0
DC,2023,asian,hisp,m,45-49,7,0
DC,2023,asian,hisp,f,45-49,7,0
DC,2023,asian,hisp,m,50-54,8,0
DC,2023,asian,hisp,f,50-54,8,0
DC,2023,asian,hisp,m,55-59,8,0
DC,2023,asian,hisp,f,55-59,8,0
DC,2023,asian,hisp,m,60-64,8,0
DC,2023,asian,hisp,f,60-64,8,0
DC,2023,asian,hisp,m,65-69,7,0
DC,2023,asian,hisp,f,65-69,7,0
DC,2023,asian,hisp,m,70-74,6,0
DC,2023,asian,hisp,f,70-74,6,0
DC,2023,asian,hisp,m,75-79,4,0
DC,2023,asian,hisp,f,75-79,4,0
DC,2023,asian,hisp,m,80-84,2,0
DC,2023,asian,hisp,f,80-84,3,0
DC,2023,asian,hisp,m,85+,2,0
DC,2023,asian,hisp,f,85+,3,0
DC,2023,other,hisp,m,0-4,1894,0
DC,2023,other,hisp,f,0-4,1894,0
DC,2023,other,hisp,m,5-9,1959,0
DC,2023,other,hisp,f,5-9,1959,0
DC,2023,other,hisp,m,10-14,2090,0
DC,2023,other,hisp,f,10-14,2090,0
DC,2023,other,hisp,m,15-19,2090,0
DC,2023,other,hisp,f,15-19,2090,0
DC,2023,other,hisp,m,20-24,2155,0
DC,2023,other,hisp,f,20-24,2155,0
DC,2023,other,hisp,m,25-29,2285,0
DC,2023,other,hisp,f,25-29,2285,0
DC,2023,other,hisp,m,30-34,2285,0
DC,2023,other,hisp,f,30-34,2285,0
DC,2023,other,hisp,m,35-39,2220,0
DC,2023,other,hisp,f,35-39,2220,0
DC,2023,other,hisp,m,40-44,2057,0
DC,2023,other,hisp,f,40-44,2057,0
DC,2023,other,hisp,m,45-49,1959,0
DC,2023,other,hisp,f,45-49,1959,0
DC,2023,other,hisp,m,50-54,2090,0
DC,2023,other,hisp,f,50-54,2090,0
DC,2023,other,hisp,m,55-59,2188,0
DC,2023,other,hisp,f,55-59,2188,0
DC,2023,other,hisp,m,60-64,2090,0
DC,2023,other,hisp,f,60-64,2090,0
DC,2023,other,hisp,m,65-69,1763,0
DC,2023,other,hisp,f,65-69,1763,0
DC,2023,other,hisp,m,70-74,1469,0
DC,2023,other,hisp,f,70-74,1469,0
DC,2023,other,hisp,m,75-79,1045,0
DC,2023,other,hisp,f,75-79,1045,0
DC,2023,other,hisp,m,80-84,522,0
DC,2023,other,hisp,f,80-84,784,0
DC,2023,other,hisp,m,85+,549,0
DC,2023,other,hisp,f,85+,823,0
FL,2023,white,non-hisp,m,0-4,329748,0
FL,2023,white,non-hisp,f,0-4,329748,0
FL,2023,white,non-hisp,m,5-9,341119,0
FL,2023,white,non-hisp,f,5-9,341119,0
FL,2023,white,non-hisp,m,10-14,363860,0
FL,2023,white,non-hisp,f,10-14,363860,0
FL,2023,white,non-hisp,m,15-19,363860,0
FL,2023,white,non-hisp,f,15-19,363860,0
FL,2023,white,non-hisp,m,20-24,375231,0
FL,2023,white,non-hisp,f,20-24,375231,0
FL,2023,white,non-hisp,m,25-29,397972,0
FL,2023,white,non-hisp,f,25-29,397972,0
FL,2023,white,non-hisp,m,30-34,397972,0
FL,2023,white,non-hisp,f,30-34,397972,0
FL,2023,white,non-hisp,m,35-39,386601,0
FL,2023,white,non-hisp,f,35-39,386601,0
FL,2023,white,non-hisp,m,40-44,358175,0
FL,2023,white,non-hisp,f,40-44,358175,0
FL,2023,white,non-hisp,m,45-49,341119,0
FL,2023,white,non-hisp,f,45-49,341119,0
FL,2023,white,non-hisp,m,50-54,363860,0
FL,2023,white,non-hisp,f,50-54,363860,0
FL,2023,white,non-hisp,m,55-59,380916,0
FL,2023,white,non-hisp,f,55-59,380916,0
FL,2023,white,non-hisp,m,60-64,363860,0
FL,2023,white,non-hisp,f,60-64,363860,0
FL,2023,white,non-hisp,m,65-69,307007,0
FL,2023,white,non-hisp,f,65-69,307007,0
FL,2023,white,non-hisp,m,70-74,255839,0
FL,2023,white,non-hisp,f,70-74,255839,0
FL,2023,white,non-hisp,m,75-79,181930,0
FL,2023,white,non-hisp,f,75-79,181930,0
FL,2023,white,non-hisp,m,80-84,90965,0
FL,2023,white,non-hisp,f,80-84,136448,0
FL,2023,white,non-hisp,m,85+,95513,0
FL,2023,white,non-hisp,f,85+,143270,0
FL,2023,black,non-hisp,m,0-4,94175,0
FL,2023,black,non-hisp,f,0-4,94175,0
FL,2023,black,non-hisp,m,5-9,97422,0
FL,2023,black,non-hisp,f,5-9,97422,0
FL,2023,black,non-hisp,m,10-14,103917,0
FL,2023,black,non-hisp,f,10-14,103917,0
FL,2023,black,non-hisp,m,15-19,103917,0
FL,2023,black,non-hisp,f,15-19,103917,0
FL,2023,black,non-hisp,m,20-24,107164,0
FL,2023,black,non-hisp,f,20-24,107164,0
FL,2023,black,non-hisp,m,25-29,113659,0
FL,2023,black,non-hisp,f,25-29,113659,0
FL,2023,black,non-hisp,m,30-34,113659,0
FL,2023,black,non-hisp,f,30-34,113659,0
FL,2023,black,non-hisp,m,35-39,110412,0
FL,2023,black,non-hisp,f,35-39,110412,0
FL,2023,black,non-hisp,m,40-44,102293,0
FL,2023,black,non-hisp,f,40-44,102293,0
FL,2023,black,non-hisp,m,45-49,97422,0
FL,2023,black,non-hisp,f,45-49,97422,0
FL,2023,black,non-hisp,m,50-54,103917,0
FL,2023,black,non-hisp,f,50-54,103917,0
FL,2023,black,non-hisp,m,55-59,108788,0
FL,2023,black,non-hisp,f,55-59,108788,0
FL,2023,black,non-hisp,m,60-64,103917,0
FL,2023,black,non-hisp,f,60-64,103917,0
FL,2023,black,non-hisp,m,65-69,87680,0
FL,2023,black,non-hisp,f,65-69,87680,0
FL,2023,black,non-hisp,m,70-74,73067,0
FL,2023,black,non-hisp,f,70-74,73067,0
FL,2023,black,non-hisp,m,75-79,51958,0
FL,2023,black,non-hisp,f,75-79,51958,0
FL,2023,black,non-hisp,m,80-84,25979,0
FL,2023,black,non-hisp,f,80-84,38969,0
FL,2023,black,non-hisp,m,85+,27278,0
FL,2023,black,non-hisp,f,85+,40917,0
FL,2023,asian,non-hisp,m,0-4,19161,0
FL,2023,asian,non-hisp,f,0-4,19161,0
FL,2023,asian,non-hisp,m,5-9,19821,0
FL,2023,asian,non-hisp,f,5-9,19821,0
FL,2023,asian,non-hisp,m,10-14,21143,0
FL,2023,asian,non-hisp,f,10-14,21143,0
FL,2023,asian,non-hisp,m,15-19,21143,0
FL,2023,asian,non-hisp,f,15-19,21143,0
FL,2023,asian,non-hisp,m,20-24,21803,0
FL,2023,asian,non-hisp,f,20-24,21803,0
FL,2023,asian,non-hisp,m,25-29,23125,0
FL,2023,asian,non-hisp,f,25-29,23125,0
FL,2023,asian,non-hisp,m,30-34,23125,0
FL,2023,asian,non-hisp,f,30-34,23125,0
FL,2023,asian,non-hisp,m,35-39,22464,0
FL,2023,asian,non-hisp,f,35-39,22464,0
FL,2023,asian,non-hisp,m,40-44,20812,0
FL,2023,asian,non-hisp,f,40-44,20812,0
FL,2023,asian,non-hisp,m,45-49,19821,0
FL,2023,asian,non-hisp,f,45-49,19821,0
FL,2023,asian,non-hisp,m,50-54,21143,0
FL,2023,asian,non-hisp,f,50-54,21143,0
FL,2023,asian,non-hisp,m,55-59,22134,0
FL,2023,asian,non-hisp,f,55-59,22134,0
FL,2023,asian,non-hisp,m,60-64,21143,0
FL,2023,asian,non-hisp,f,60-64,21143,0
FL,2023,asian,non-hisp,m,65-69,17839,0
FL,2023,asian,non-hisp,f,65-69,17839,0
FL,2023,asian,non-hisp,m,70-74,14866,0
FL,2023,asian,non-hisp,f,70-74,14866,0
FL,2023,asian,non-hisp,m,75-79,10571,0
FL,2023,asian,non-hisp,f,75-79,10571,0
FL,2023,asian,non-hisp,m,80-84,5286,0
FL,2023,asian,non-hisp,f,80-84,7929,0
FL,2023,asian,non-hisp,m,85+,5550,0
FL,2023,asian,non-hisp,f,85+,8325,0
FL,2023,other,non-hisp,m,0-4,32921,0
FL,2023,other,non-hisp,f,0-4,32921,0
FL,2023,other,non-hisp,m,5-9,34057,0
FL,2023,other,non-hisp,f,5-9,34057,0
FL,2023,other,non-hisp,m,10-14,36327,0
FL,2023,other,non-hisp,f,10-14,36327,0
FL,2023,other,non-hisp,m,15-19,36327,0
FL,2023,other,non-hisp,f,15-19,36327,0
FL,2023,other,non-hisp,m,20-24,37462,0
FL,2023,other,non-hisp,f,20-24,37462,0
FL,2023,other,non-hisp,m,25-29,39733,0
FL,2023,other,non-hisp,f,25-29,39733,0
FL,2023,other,non-hisp,m,30-34,39733,0
FL,2023,other,non-hisp,f,30-34,39733,0
FL,2023,other,non-hisp,m,35-39,38597,0
FL,2023,other,non-hisp,f,35-39,38597,0
FL,2023,other,non-hisp,m,40-44,35759,0
FL,2023,other,non-hisp,f,40-44,35759,0
FL,2023,other,non-hisp,m,45-49,34057,0
FL,2023,other,non-hisp,f,45-49,34057,0
FL,2023,other,non-hisp,m,50-54,36327,0
FL,2023,other,non-hisp,f,50-54,36327,0
FL,2023,other,non-hisp,m,55-59,38030,0
FL,2023,other,non-hisp,f,55-59,38030,0
FL,2023,other,non-hisp,m,60-64,36327,0
FL,2023,other,non-hisp,f,60-64,36327,0
FL,2023,other,non-hisp,m,65-69,30651,0
FL,2023,other,non-hisp,f,65-69,30651,0
FL,2023,other,non-hisp,m,70-74,25542,0
FL,2023,other,non-hisp,f,70-74,25542,0
FL,2023,other,non-hisp,m,75-79,18163,0
FL,2023,other,non-hisp,f,75-79,18163,0
FL,2023,other,non-hisp,m,80-84,9082,0
FL,2023,other,non-hisp,f,80-84,13623,0
FL,2023,other,non-hisp,m,85+,9536,0
FL,2023,other,non-hisp,f,85+,14304,0
FL,2023,white,hisp,m,0-4,33994,0
FL,2023,white,hisp,f,0-4,33994,0
FL,2023,white,hisp,m,5-9,35166,0
FL,2023,white,hisp,f,5-9,35166,0
FL,2023,white,hisp,m,10-14,37511,0
FL,2023,white,hisp,f,10-14,37511,0
FL,2023,white,hisp,m,15-19,37511,0
FL,2023,white,hisp,f,15-19,37511,0
FL,2023,white,hisp,m,20-24,38683,0
FL,2023,white,hisp,f,20-24,38683,0
FL,2023,white,hisp,m,25-29,41027,0
FL,2023,white,hisp,f,25-29,41027,0
FL,2023,white,hisp,m,30-34,41027,0
FL,2023,white,hisp,f,30-34,41027,0
FL,2023,white,hisp,m,35-39,39855,0
FL,2023,white,hisp,f,35-39,39855,0
FL,2023,white,hisp,m,40-44,36924,0
FL,2023,white,hisp,f,40-44,36924,0
FL,2023,white,hisp,m,45-49,35166,0
FL,2023,white,hisp,f,45-49,35166,0
FL,2023,white,hisp,m,50-54,37511,0
FL,2023,white,hisp,f,50-54,37511,0
FL,2023,white,hisp,m,55-59,39269,0
FL,2023,white,hisp,f,55-59,39269,0
FL,2023,white,hisp,m,60-64,37511,0
FL,2023,white,hisp,f,60-64,37511,0
FL,2023,white,hisp,m,65-69,31650,0
FL,2023,white,hisp,f,65-69,31650,0
FL,2023,white,hisp,m,70-74,26375,0
FL,2023,white,hisp,f,70-74,26375,0
FL,2023,white,hisp,m,75-79,18755,0
FL,2023,white,hisp,f,75-79,18755,0
FL,2023,white,hisp,m,80-84,9378,0
FL,2023,white,hisp,f,80-84,14066,0
FL,2023,white,hisp,m,85+,9847,0
FL,2023,white,hisp,f,85+,14770,0
FL,2023,black,hisp,m,0-4,3329,0
FL,2023,black,hisp,f,0-4,3329,0
FL,2023,black,hisp,m,5-9,3443,0
FL,2023,black,hisp,f,5-9,3443,0
FL,2023,black,hisp,m,10-14,3673,0
FL,2023,black,hisp,f,10-14,3673,0
FL,2023,black,hisp,m,15-19,3673,0
FL,2023,black,hisp,f,15-19,3673,0
FL,2023,black,hisp,m,20-24,3788,0
FL,2023,black,hisp,f,20-24,3788,0
FL,2023,black,hisp,m,25-29,4017,0
FL,2023,black,hisp,f,25-29,4017,0
FL,2023,black,hisp,m,30-34,4017,0
FL,2023,black,hisp,f,30-34,4017,0
FL,2023,black,hisp,m,35-39,3903,0
FL,2023,black,hisp,f,35-39,3903,0
FL,2023,black,hisp,m,40-44,3616,0
FL,2023,black,hisp,f,40-44,3616,0
FL,2023,black,hisp,m,45-49,3443,0
FL,2023,black,hisp,f,45-49,3443,0
FL,2023,black,hisp,m,50-54,3673,0
FL,2023,black,hisp,f,50-54,3673,0
FL,2023,black,hisp,m,55-59,3845,0
FL,2023,black,hisp,f,55-59,3845,0
FL,2023,black,hisp,m,60-64,3673,0
FL,2023,black,hisp,f,60-64,3673,0
FL,2023,black,hisp,m,65-69,3099,0
FL,2023,black,hisp,f,65-69,3099,0
FL,2023,black,hisp,m,70-74,2583,0
FL,2023,black,hisp,f,70-74,2583,0
FL,2023,black,hisp,m,75-79,1836,0
FL,2023,black,hisp,f,75-79,1836,0
FL,2023,black,hisp,m,80-84,918,0
FL,2023,black,hisp,f,80-84,1377,0
FL,2023,black,hisp,m,85+,964,0
FL,2023,black,hisp,f,85+,1446,0
FL,2023,asian,hisp,m,0-4,556,0
FL,2023,asian,hisp,f,0-4,556,0
FL,2023,asian,hisp,m,5-9,575,0
FL,2023,asian,hisp,f,5-9,575,0
FL,2023,asian,hisp,m,10-14,613,0
FL,2023,asian,hisp,f,10-14,613,0
FL,2023,asian,hisp,m,15-19,613,0
FL,2023,asian,hisp,f,15-19,613,0
FL,2023,asian,hisp,m,20-24,632,0
FL,2023,asian,hisp,f,20-24,632,0
FL,2023,asian,hisp,m,25-29,671,0
FL,2023,asian,hisp,f,25-29,671,0
FL,2023,asian,hisp,m,30-34,671,0
FL,2023,asian,hisp,f,30-34,671,0
FL,2023,asian,hisp,m,35-39,652,0
FL,2023,asian,hisp,f,35-39,652,0
FL,2023,asian,hisp,m,40-44,604,0
FL,2023,asian,hisp,f,40-44,604,0
FL,2023,asian,hisp,m,45-49,575,0
FL,2023,asian,hisp,f,45-49,575,0
FL,2023,asian,hisp,m,50-54,613,0
FL,2023,asian,hisp,f,50-54,613,0
FL,2023,asian,hisp,m,55-59,642,0
FL,2023,asian,hisp,f,55-59,642,0
FL,2023,asian,hisp,m,60-64,613,0
FL,2023,asian,hisp,f,60-64,613,0
FL,2023,asian,hisp,m,65-69,517,0
FL,2023,asian,hisp,f,65-69,517,0
FL,2023,asian,hisp,m,70-74,431,0
FL,2023,asian,hisp,f,70-74,431,0
FL,2023,asian,hisp,m,75-79,307,0
FL,2023,asian,hisp,f,75-79,307,0
FL,2023,asian,hisp,m,80-84,153,0
FL,2023,asian,hisp,f,80-84,230,0
FL,2023,asian,hisp,m,85+,161,0
FL,2023,asian,hisp,f,85+,241,0
FL,2023,other,hisp,m,0-4,141828,0
FL,2023,other,hisp,f,0-4,141828,0
FL,2023,other,hisp,m,5-9,146718,0
FL,2023,other,hisp,f,5-9,146718,0
FL,2023,other,hisp,m,10-14,156500,0
FL,2023,other,hisp,f,10-14,156500,0
FL,2023,other,hisp,m,15-19,156500,0
FL,2023,other,hisp,f,15-19,156500,0
FL,2023,other,hisp,m,20-24,161390,0
FL,2023,other,hisp,f,20-24,161390,0
FL,2023,other,hisp,m,25-29,171172,0
FL,2023,other,hisp,f,25-29,171172,0
FL,2023,other,hisp,m,30-34,171172,0
FL,2023,other,hisp,f,30-34,171172,0
FL,2023,other,hisp,m,35-39,166281,0
FL,2023,other,hisp,f,35-39,166281,0
FL,2023,other,hisp,m,40-44,154054,0
FL,2023,other,hisp,f,40-44,154054,0
FL,2023,other,hisp,m,45-49,146718,0
FL,2023,other,hisp,f,45-49,146718,0
FL,2023,other,hisp,m,50-54,156500,0
FL,2023,other,hisp,f,50-54,156500,0
FL,2023,other,hisp,m,55-59,163836,0
FL,2023,other,hisp,f,55-59,163836,0
FL,2023,other,hisp,m,60-64,156500,0
FL,2023,other,hisp,f,60-64,156500,0
FL,2023,other,hisp,m,65-69,132047,0
FL,2023,other,hisp,f,65-69,132047,0
FL,2023,other,hisp,m,70-74,110039,0
FL,2023,other,hisp,f,70-74,110039,0
FL,2023,other,hisp,m,75-79,78250,0
FL,2023,other,hisp,f,75-79,78250,0
FL,2023,other,hisp,m,80-84,39125,0
FL,2023,other,hisp,f,80-84,58687,0
FL,2023,other,hisp,m,85+,41081,0
FL,2023,other,hisp,f,85+,61622,0
GA,2023,white,non-hisp,m,0-4,155631,0
GA,2023,white,non-hisp,f,0-4,155631,0
GA,2023,white,non-hisp,m,5-9,160998,0
GA,2023,white,non-hisp,f,5-9,160998,0
GA,2023,white,non-hisp,m,10-14,171731,0
GA,2023,white,non-hisp,f,10-14,171731,0
GA,2023,white,non-hisp,m,15-19,171731,0
GA,2023,white,non-hisp,f,15-19,171731,0
GA,2023,white,non-hisp,m,20-24,177098,0
GA,2023,white,non-hisp,f,20-24,177098,0
GA,2023,white,non-hisp,m,25-29,187831,0
GA,2023,white,non-hisp,f,25-29,187831,0
GA,2023,white,non-hisp,m,30-34,187831,0
GA,2023,white,non-hisp,f,30-34,187831,0
GA,2023,white,non-hisp,m,35-39,182464,0
GA,2023,white,non-hisp,f,35-39,182464,0
GA,2023,white,non-hisp,m,40-44,169048,0
GA,2023,white,non-hisp,f,40-44,169048,0
GA,2023,white,non-hisp,m,45-49,160998,0
GA,2023,white,non-hisp,f,45-49,160998,0
GA,2023,white,non-hisp,m,50-54,171731,0
GA,2023,white,non-hisp,f,50-54,171731,0
GA,2023,white,non-hisp,m,55-59,179781,0
GA,2023,white,non-hisp,f,55-59,179781,0
GA,2023,white,non-hisp,m,60-64,171731,0
GA,2023,white,non-hisp,f,60-64,171731,0
GA,2023,white,non-hisp,m,65-69,144898,0
GA,2023,white,non-hisp,f,65-69,144898,0
GA,2023,white,non-hisp,m,70-74,120748,0
GA,2023,white,non-hisp,f,70-74,120748,0
GA,2023,white,non-hisp,m,75-79,85865,0
GA,2023,white,non-hisp,f,75-79,85865,0
GA,2023,white,non-hisp,m,80-84,42933,0
GA,2023,white,non-hisp,f,80-84,64399,0
GA,2023,white,non-hisp,m,85+,45079,0
GA,2023,white,non-hisp,f,85+,67619,0
GA,2023,black,non-hisp,m,0-4,97404,0
GA,2023,black,non-hisp,f,0-4,97404,0
GA,2023,black,non-hisp,m,5-9,100763,0
GA,2023,black,non-hisp,f,5-9,100763,0
GA,2023,black,non-hisp,m,10-14,107480,0
GA,2023,black,non-hisp,f,10-14,107480,0
GA,2023,black,non-hisp,m,15-19,107480,0
GA,2023,black,non-hisp,f,15-19,107480,0
GA,2023,black,non-hisp,m,20-24,110839,0
GA,2023,black,non-hisp,f,20-24,110839,0
GA,2023,black,non-hisp,m,25-29,117556,0
GA,2023,black,non-hisp,f,25-29,117556,0
GA,2023,black,non-hisp,m,30-34,117556,0
GA,2023,black,non-hisp,f,30-34,117556,0
GA,2023,black,non-hisp,m,35-39,114198,0
GA,2023,black,non-hisp,f,35-39,114198,0
GA,2023,black,non-hisp,m,40-44,105801,0
GA,2023,black,non-hisp,f,40-44,105801,0
GA,2023,black,non-hisp,m,45-49,100763,0
GA,2023,black,non-hisp,f,45-49,100763,0
GA,2023,black,non-hisp,m,50-54,107480,0
GA,2023,black,non-hisp,f,50-54,107480,0
GA,2023,black,non-hisp,m,55-59,112518,0
GA,2023,black,non-hisp,f,55-59,112518,0
GA,2023,black,non-hisp,m,60-64,107480,0
GA,2023,black,non-hisp,f,60-64,107480,0
GA,2023,black,non-hisp,m,65-69,90686,0
GA,2023,black,non-hisp,f,65-69,90686,0
GA,2023,black,non-hisp,m,70-74,75572,0
GA,2023,black,non-hisp,f,70-74,75572,0
GA,2023,black,non-hisp,m,75-79,53740,0
GA,2023,black,non-hisp,f,75-79,53740,0
GA,2023,black,non-hisp,m,80-84,26870,0
GA,2023,black,non-hisp,f,80-84,40305,0
GA,2023,black,non-hisp,m,85+,28214,0
GA,2023,black,non-hisp,f,85+,42320,0
GA,2023,asian,non-hisp,m,0-4,14362,0
GA,2023,asian,non-hisp,f,0-4,14362,0
GA,2023,asian,non-hisp,m,5-9,14858,0
GA,2023,asian,non-hisp,f,5-9,14858,0
GA,2023,asian,non-hisp,m,10-14,15848,0
GA,2023,asian,non-hisp,f,10-14,15848,0
GA,2023,asian,non-hisp,m,15-19,15848,0
GA,2023,asian,non-hisp,f,15-19,15848,0
GA,2023,asian,non-hisp,m,20-24,16343,0
GA,2023,asian,non-hisp,f,20-24,16343,0
GA,2023,asian,non-hisp,m,25-29,17334,0
GA,2023,asian,non-hisp,f,25-29,17334,0
GA,2023,asian,non-hisp,m,30-34,17334,0
GA,2023,asian,non-hisp,f,30-34,17334,0
GA,2023,asian,non-hisp,m,35-39,16839,0
GA,2023,asian,non-hisp,f,35-39,16839,0
GA,2023,asian,non-hisp,m,40-44,15601,0
GA,2023,asian,non-hisp,f,40-44,15601,0
GA,2023,asian,non-hisp,m,45-49,14858,0
GA,2023,asian,non-hisp,f,45-49,14858,0
GA,2023,asian,non-hisp,m,50-54,15848,0
GA,2023,asian,non-hisp,f,50-54,15848,0
GA,2023,asian,non-hisp,m,55-59,16591,0
GA,2023,asian,non-hisp,f,55-59,16591,0
GA,2023,asian,non-hisp,m,60-64,15848,0
GA,2023,asian,non-hisp,f,60-64,15848,0
GA,2023,asian,non-hisp,m,65-69,13372,0
GA,2023,asian,non-hisp,f,65-69,13372,0
GA,2023,asian,non-hisp,m,70-74,11143,0
GA,2023,asian,non-hisp,f,70-74,11143,0
GA,2023,asian,non-hisp,m,75-79,7924,0
GA,2023,asian,non-hisp,f,75-79,7924,0
GA,2023,asian,non-hisp,m,80-84,3962,0
GA,2023,asian,non-hisp,f,80-84,5943,0
GA,2023,asian,non-hisp,m,85+,4160,0
GA,2023,asian,non-hisp,f,85+,6240,0
GA,2023,other,non-hisp,m,0-4,16995,0
GA,2023,other,non-hisp,f,0-4,16995,0
GA,2023,other,non-hisp,m,5-9,17581,0
GA,2023,other,non-hisp,f,5-9,17581,0
GA,2023,other,non-hisp,m,10-14,18754,0
GA,2023,other,non-hisp,f,10-14,18754,0
GA,2023,other,non-hisp,m,15-19,18754,0
GA,2023,other,non-hisp,f,15-19,18754,0
GA,2023,other,non-hisp,m,20-24,19340,0
GA,2023,other,non-hisp,f,20-24,19340,0
GA,2023,other,non-hisp,m,25-29,20512,0
GA,2023,other,non-hisp,f,25-29,20512,0
GA,2023,other,non-hisp,m,30-34,20512,0
GA,2023,other,non-hisp,f,30-34,20512,0
GA,2023,other,non-hisp,m,35-39,19926,0
GA,2023,other,non-hisp,f,35-39,19926,0
GA,2023,other,non-hisp,m,40-44,18460,0
GA,2023,other,non-hisp,f,40-44,18460,0
GA,2023,other,non-hisp,m,45-49,17581,0
GA,2023,other,non-hisp,f,45-49,17581,0
GA,2023,other,non-hisp,m,50-54,18754,0
GA,2023,other,non-hisp,f,50-54,18754,0
GA,2023,other,non-hisp,m,55-59,19633,0
GA,2023,other,non-hisp,f,55-59,19633,0
GA,2023,other,non-hisp,m,60-64,18754,0
GA,2023,other,non-hisp,f,60-64,18754,0
GA,2023,other,non-hisp,m,65-69,15823,0
GA,2023,other,non-hisp,f,65-69,15823,0
GA,2023,other,non-hisp,m,70-74,13186,0
GA,2023,other,non-hisp,f,70-74,13186,0
GA,2023,other,non-hisp,m,75-79,9377,0
GA,2023,other,non-hisp,f,75-79,9377,0
GA,2023,other,non-hisp,m,80-84,4688,0
GA,2023,other,non-hisp,f,80-84,7033,0
GA,2023,other,non-hisp,m,85+,4923,0
GA,2023,other,non-hisp,f,85+,7384,0
GA,2023,white,hisp,m,0-4,5286,0
GA,2023,white,hisp,f,0-4,5286,0
GA,2023,white,hisp,m,5-9,5468,0
GA,2023,white,hisp,f,5-9,5468,0
GA,2023,white,hisp,m,10-14,5833,0
GA,2023,white,hisp,f,10-14,5833,0
GA,2023,white,hisp,m,15-19,5833,0
GA,2023,white,hisp,f,15-19,5833,0
GA,2023,white,hisp,m,20-24,6015,0
GA,2023,white,hisp,f,20-24,6015,0
GA,2023,white,hisp,m,25-29,6380,0
GA,2023,white,hisp,f,25-29,6380,0
GA,2023,white,hisp,m,30-34,6380,0
GA,2023,white,hisp,f,30-34,6380,0
GA,2023,white,hisp,m,35-39,6198,0
GA,2023,white,hisp,f,35-39,6198,0
GA,2023,white,hisp,m,40-44,5742,0
GA,2023,white,hisp,f,40-44,5742,0
GA,2023,white,hisp,m,45-49,5468,0
GA,2023,white,hisp,f,45-49,5468,0
GA,2023,white,hisp,m,50-54,5833,0
GA,2023,white,hisp,f,50-54,5833,0
GA,2023,white,hisp,m,55-59,6106,0
GA,2023,white,hisp,f,55-59,6106,0
GA,2023,white,hisp,m,60-64,5833,0
GA,2023,white,hisp,f,60-64,5833,0
GA,2023,white,hisp,m,65-69,4922,0
GA,2023,white,hisp,f,65-69,4922,0
GA,2023,white,hisp,m,70-74,4101,0
GA,2023,white,hisp,f,70-74,4101,0
GA,2023,white,hisp,m,75-79,2916,0
GA,2023,white,hisp,f,75-79,2916,0
GA,2023,white,hisp,m,80-84,1458,0
GA,2023,white,hisp,f,80-84,2187,0
GA,2023,white,hisp,m,85+,1531,0
GA,2023,white,hisp,f,85+,2297,0
GA,2023,black,hisp,m,0-4,1096,0
GA,2023,black,hisp,f,0-4,1096,0
GA,2023,black,hisp,m,5-9,1134,0
GA,2023,black,hisp,f,5-9,1134,0
GA,2023,black,hisp,m,10-14,1209,0
GA,2023,black,hisp,f,10-14,1209,0
GA,2023,black,hisp,m,15-19,1209,0
GA,2023,black,hisp,f,15-19,1209,0
GA,2023,black,hisp,m,20-24,1247,0
GA,2023,black,hisp,f,20-24,1247,0
GA,2023,black,hisp,m,25-29,1323,0
GA,2023,black,hisp,f,25-29,1323,0
GA,2023,black,hisp,m,30-34,1323,0
GA,2023,black,hisp,f,30-34,1323,0
GA,2023,black,hisp,m,35-39,1285,0
GA,2023,black,hisp,f,35-39,1285,0
GA,2023,black,hisp,m,40-44,1191,0
GA,2023,black,hisp,f,40-44,1191,0
GA,2023,black,hisp,m,45-49,1134,0
GA,2023,black,hisp,f,45-49,1134,0
GA,2023,black,hisp,m,50-54,1209,0
GA,2023,black,hisp,f,50-54,1209,0
GA,2023,black,hisp,m,55-59,1266,0
GA,2023,black,hisp,f,55-59,1266,0
GA,2023,black,hisp,m,60-64,1209,0
GA,2023,black,hisp,f,60-64,1209,0
GA,2023,black,hisp,m,65-69,1020,0
GA,2023,black,hisp,f,65-69,1020,0
GA,2023,black,hisp,m,70-74,850,0
GA,2023,black,hisp,f,70-74,850,0
GA,2023,black,hisp,m,75-79,605,0
GA,2023,black,hisp,f,75-79,605,0
GA,2023,black,hisp,m,80-84,302,0
GA,2023,black,hisp,f,80-84,454,0
GA,2023,black,hisp,m,85+,317,0
GA,2023,black,hisp,f,85+,476,0
GA,2023,asian,hisp,m,0-4,135,0
GA,2023,asian,hisp,f,0-4,135,0
GA,2023,asian,hisp,m,5-9,139,0
GA,2023,asian,hisp,f,5-9,139,0
GA,2023,asian,hisp,m,10-14,149,0
GA,2023,asian,hisp,f,10-14,149,0
GA,2023,asian,hisp,m,15-19,149,0
GA,2023,asian,hisp,f,15-19,149,0
GA,2023,asian,hisp,m,20-24,153,0
GA,2023,asian,hisp,f,20-24,153,0
GA,2023,asian,hisp,m,25-29,163,0
GA,2023,asian,hisp,f,25-29,163,0
GA,2023,asian,hisp,m,30-34,163,0
GA,2023,asian,hisp,f,30-34,163,0
GA,2023,asian,hisp,m,35-39,158,0
GA,2023,asian,hisp,f,35-39,158,0
GA,2023,asian,hisp,m,40-44,146,0
GA,2023,asian,hisp,f,40-44,146,0
GA,2023,asian,hisp,m,45-49,139,0
GA,2023,asian,hisp,f,45-49,139,0
GA,2023,asian,hisp,m,50-54,149,0
GA,2023,asian,hisp,f,50-54,149,0
GA,2023,asian,hisp,m,55-59,156,0
GA,2023,asian,hisp,f,55-59,156,0
GA,2023,asian,hisp,m,60-64,149,0
GA,2023,asian,hisp,f,60-64,149,0
GA,2023,asian,hisp,m,65-69,125,0
GA,2023,asian,hisp,f,65-69,125,0
GA,2023,asian,hisp,m,70-74,105,0
GA,2023,asian,hisp,f,70-74,105,0
GA,2023,asian,hisp,m,75-79,74,0
GA,2023,asian,hisp,f,75-79,74,0
GA,2023,asian,hisp,m,80-84,37,0
GA,2023,asian,hisp,f,80-84,56,0
GA,2023,asian,hisp,m,85+,39,0
GA,2023,asian,hisp,f,85+,59,0
GA,2023,other,hisp,m,0-4,28938,0
GA,2023,other,hisp,f,0-4,28938,0
GA,2023,other,hisp,m,5-9,29936,0
GA,2023,other,hisp,f,5-9,29936,0
GA,2023,other,hisp,m,10-14,31931,0
GA,2023,other,hisp,f,10-14,31931,0
GA,2023,other,hisp,m,15-19,31931,0
GA,2023,other,hisp,f,15-19,31931,0
GA,2023,other,hisp,m,20-24,32929,0
GA,2023,other,hisp,f,20-24,32929,0
GA,2023,other,hisp,m,25-29,34925,0
GA,2023,other,hisp,f,25-29,34925,0
GA,2023,other,hisp,m,30-34,34925,0
GA,2023,other,hisp,f,30-34,34925,0
GA,2023,other,hisp,m,35-39,33927,0
GA,2023,other,hisp,f,35-39,33927,0
GA,2023,other,hisp,m,40-44,31432,0
GA,2023,other,hisp,f,40-44,31432,0
GA,2023,other,hisp,m,45-49,29936,0
GA,2023,other,hisp,f,45-49,29936,0
GA,2023,other,hisp,m,50-54,31931,0
GA,2023,other,hisp,f,50-54,31931,0
GA,2023,other,hisp,m,55-59,33428,0
GA,2023,other,hisp,f,55-59,33428,0
GA,2023,other,hisp,m,60-64,31931,0
GA,2023,other,hisp,f,60-64,31931,0
GA,2023,other,hisp,m,65-69,26942,0
GA,2023,other,hisp,f,65-69,26942,0
GA,2023,other,hisp,m,70-74,22452,0
GA,2023,other,hisp,f,70-74,22452,0
GA,2023,other,hisp,m,75-79,15966,0
GA,2023,other,hisp,f,75-79,15966,0
GA,2023,other,hisp,m,80-84,7983,0
GA,2023,other,hisp,f,80-84,11974,0
GA,2023,other,hisp,m,85+,8382,0
GA,2023,other,hisp,f,85+,12573,0
HI,2023,white,non-hisp,m,0-4,8695,0
HI,2023,white,non-hisp,f,0-4,8695,0
HI,2023,white,non-hisp,m,5-9,8994,0
HI,2023,white,non-hisp,f,5-9,8994,0
HI,2023,white,non-hisp,m,10-14,9594,0
HI,2023,white,non-hisp,f,10-14,9594,0
HI,2023,white,non-hisp,m,15-19,9594,0
HI,2023,white,non-hisp,f,15-19,9594,0
HI,2023,white,non-hisp,m,20-24,9894,0
HI,2023,white,non-hisp,f,20-24,9894,0
HI,2023,white,non-hisp,m,25-29,10494,0
HI,2023,white,non-hisp,f,25-29,10494,0
HI,2023,white,non-hisp,m,30-34,10494,0
HI,2023,white,non-hisp,f,30-34,10494,0
HI,2023,white,non-hisp,m,35-39,10194,0
HI,2023,white,non-hisp,f,35-39,10194,0
HI,2023,white,non-hisp,m,40-44,9444,0
HI,2023,white,non-hisp,f,40-44,9444,0
HI,2023,white,non-hisp,m,45-49,8994,0
HI,2023,white,non-hisp,f,45-49,8994,0
HI,2023,white,non-hisp,m,50-54,9594,0
HI,2023,white,non-hisp,f,50-54,9594,0
HI,2023,white,non-hisp,m,55-59,10044,0
HI,2023,white,non-hisp,f,55-59,10044,0
HI,2023,white,non-hisp,m,60-64,9594,0
HI,2023,white,non-hisp,f,60-64,9594,0
HI,2023,white,non-hisp,m,65-69,8095,0
HI,2023,white,non-hisp,f,65-69,8095,0
HI,2023,white,non-hisp,m,70-74,6746,0
HI,2023,white,non-hisp,f,70-74,6746,0
HI,2023,white,non-hisp,m,75-79,4797,0
HI,2023,white,non-hisp,f,75-79,4797,0
HI,2023,white,non-hisp,m,80-84,2399,0
HI,2023,white,non-hisp,f,80-84,3598,0
HI,2023,white,non-hisp,m,85+,2518,0
HI,2023,white,non-hisp,f,85+,3778,0
HI,2023,black,non-hisp,m,0-4,652,0
HI,2023,black,non-hisp,f,0-4,652,0
HI,2023,black,non-hisp,m,5-9,674,0
HI,2023,black,non-hisp,f,5-9,674,0
HI,2023,black,non-hisp,m,10-14,719,0
HI,2023,black,non-hisp,f,10-14,719,0
HI,2023,black,non-hisp,m,15-19,719,0
HI,2023,black,non-hisp,f,15-19,719,0
HI,2023,black,non-hisp,m,20-24,742,0
HI,2023,black,non-hisp,f,20-24,742,0
HI,2023,black,non-hisp,m,25-29,787,0
HI,2023,black,non-hisp,f,25-29,787,0
HI,2023,black,non-hisp,m,30-34,787,0
HI,2023,black,non-hisp,f,30-34,787,0
HI,2023,black,non-hisp,m,35-39,764,0
HI,2023,black,non-hisp,f,35-39,764,0
HI,2023,black,non-hisp,m,40-44,708,0
HI,2023,black,non-hisp,f,40-44,708,0
HI,2023,black,non-hisp,m,45-49,674,0
HI,2023,black,non-hisp,f,45-49,674,0
HI,2023,black,non-hisp,m,50-54,719,0
HI,2023,black,non-hisp,f,50-54,719,0
HI,2023,black,non-hisp,m,55-59,753,0
HI,2023,black,non-hisp,f,55-59,753,0
HI,2023,black,non-hisp,m,60-64,719,0
HI,2023,black,non-hisp,f,60-64,719,0
HI,2023,black,non-hisp,m,65-69,607,0
HI,2023,black,non-hisp,f,65-69,607,0
HI,2023,black,non-hisp,m,70-74,506,0
HI,2023,black,non-hisp,f,70-74,506,0
HI,2023,black,non-hisp,m,75-79,360,0
HI,2023,black,non-hisp,f,75-79,360,0
HI,2023,black,non-hisp,m,80-84,180,0
HI,2023,black,non-hisp,f,80-84,270,0
HI,2023,black,non-hisp,m,85+,189,0
HI,2023,black,non-hisp,f,85+,283,0
HI,2023,asian,non-hisp,m,0-4,15024,0
HI,2023,asian,non-hisp,f,0-4,15024,0
HI,2023,asian,non-hisp,m,5-9,15542,0
HI,2023,asian,non-hisp,f,5-9,15542,0
HI,2023,asian,non-hisp,m,10-14,16578,0
HI,2023,asian,non-hisp,f,10-14,16578,0
HI,2023,asian,non-hisp,m,15-19,16578,0
HI,2023,asian,non-hisp,f,15-19,16578,0
HI,2023,asian,non-hisp,m,20-24,17096,0
HI,2023,asian,non-hisp,f,20-24,17096,0
HI,2023,asian,non-hisp,m,25-29,18132,0
HI,2023,asian,non-hisp,f,25-29,18132,0
HI,2023,asian,non-hisp,m,30-34,18132,0
HI,2023,asian,non-hisp,f,30-34,18132,0
HI,2023,asian,non-hisp,m,35-39,17614,0
HI,2023,asian,non-hisp,f,35-39,17614,0
HI,2023,asian,non-hisp,m,40-44,16319,0
HI,2023,asian,non-hisp,f,40-44,16319,0
HI,2023,asian,non-hisp,m,45-49,15542,0
HI,2023,asian,non-hisp,f,45-49,15542,0
HI,2023,asian,non-hisp,m,50-54,16578,0
HI,2023,asian,non-hisp,f,50-54,16578,0
HI,2023,asian,non-hisp,m,55-59,17355,0
HI,2023,asian,non-hisp,f,55-59,17355,0
HI,2023,asian,non-hisp,m,60-64,16578,0
HI,2023,asian,non-hisp,f,60-64,16578,0
HI,2023,asian,non-hisp,m,65-69,13988,0
HI,2023,asian,non-hisp,f,65-69,13988,0
HI,2023,asian,non-hisp,m,70-74,11656,0
HI,2023,asian,non-hisp,f,70-74,11656,0
HI,2023,asian,non-hisp,m,75-79,8289,0
HI,2023,asian,non-hisp,f,75-79,8289,0
HI,2023,asian,non-hisp,m,80-84,4145,0
HI,2023,asian,non-hisp,f,80-84,6217,0
HI,2023,asian,non-hisp,m,85+,4352,0
HI,2023,asian,non-hisp,f,85+,6528,0
HI,2023,other,non-hisp,m,0-4,13040,0
HI,2023,other,non-hisp,f,0-4,13040,0
HI,2023,other,non-hisp,m,5-9,13490,0
HI,2023,other,non-hisp,f,5-9,13490,0
HI,2023,other,non-hisp,m,10-14,14389,0
HI,2023,other,non-hisp,f,10-14,14389,0
HI,2023,other,non-hisp,m,15-19,14389,0
HI,2023,other,non-hisp,f,15-19,14389,0
HI,2023,other,non-hisp,m,20-24,14839,0
HI,2023,other,non-hisp,f,20-24,14839,0
HI,2023,other,non-hisp,m,25-29,15738,0
HI,2023,other,non-hisp,f,25-29,15738,0
HI,2023,other,non-hisp,m,30-34,15738,0
HI,2023,other,non-hisp,f,30-34,15738,0
HI,2023,other,non-hisp,m,35-39,15289,0
HI,2023,other,non-hisp,f,35-39,15289,0
HI,2023,other,non-hisp,m,40-44,14165,0
HI,2023,other,non-hisp,f,40-44,14165,0
HI,2023,other,non-hisp,m,45-49,13490,0
HI,2023,other,non-hisp,f,45-49,13490,0
HI,2023,other,non-hisp,m,50-54,14389,0
HI,2023,other,non-hisp,f,50-54,14389,0
HI,2023,other,non-hisp,m,55-59,15064,0
HI,2023,other,non-hisp,f,55-59,15064,0
HI,2023,other,non-hisp,m,60-64,14389,0
HI,2023,other,non-hisp,f,60-64,14389,0
HI,2023,other,non-hisp,m,65-69,12141,0
HI,2023,other,non-hisp,f,65-69,12141,0
HI,2023,other,non-hisp,m,70-74,10118,0
HI,2023,other,non-hisp,f,70-74,10118,0
HI,2023,other,non-hisp,m,75-79,7195,0
HI,2023,other,non-hisp,f,75-79,7195,0
HI,2023,other,non-hisp,m,80-84,3597,0
HI,2023,other,non-hisp,f,80-84,5396,0
HI,2023,other,non-hisp,m,85+,3777,0
HI,2023,other,non-hisp,f,85+,5666,0
HI,2023,white,hisp,m,0-4,427,0
HI,2023,white,hisp,f,0-4,427,0
HI,2023,white,hisp,m,5-9,442,0
HI,2023,white,hisp,f,5-9,442,0
HI,2023,white,hisp,m,10-14,471,0
HI,2023,white,hisp,f,10-14,471,0
HI,2023,white,hisp,m,15-19,471,0
HI,2023,white,hisp,f,15-19,471,0
HI,2023,white,hisp,m,20-24,486,0
HI,2023,white,hisp,f,20-24,486,0
HI,2023,white,hisp,m,25-29,515,0
HI,2023,white,hisp,f,25-29,515,0
HI,2023,white,hisp,m,30-34,515,0
HI,2023,white,hisp,f,30-34,515,0
HI,2023,white,hisp,m,35-39,500,0
HI,2023,white,hisp,f,35-39,500,0
HI,2023,white,hisp,m,40-44,464,0
HI,2023,white,hisp,f,40-44,464,0
HI,2023,white,hisp,m,45-49,442,0
HI,2023,white,hisp,f,45-49,442,0
HI,2023,white,hisp,m,50-54,471,0
HI,2023,white,hisp,f,50-54,471,0
HI,2023,white,hisp,m,55-59,493,0
HI,2023,white,hisp,f,55-59,493,0
HI,2023,white,hisp,m,60-64,471,0
HI,2023,white,hisp,f,60-64,471,0
HI,2023,white,hisp,m,65-69,397,0
HI,2023,white,hisp,f,65-69,397,0
HI,2023,white,hisp,m,70-74,331,0
HI,2023,white,hisp,f,70-74,331,0
HI,2023,white,hisp,m,75-79,236,0
HI,2023,white,hisp,f,75-79,236,0
HI,2023,white,hisp,m,80-84,118,0
HI,2023,white,hisp,f,80-84,177,0
HI,2023,white,hisp,m,85+,124,0
HI,2023,white,hisp,f,85+,185,0
HI,2023,black,hisp,m,0-4,47,0
HI,2023,black,hisp,f,0-4,47,0
HI,2023,black,hisp,m,5-9,49,0
HI,2023,black,hisp,f,5-9,49,0
HI,2023,black,hisp,m,10-14,52,0
HI,2023,black,hisp,f,10-14,52,0
HI,2023,black,hisp,m,15-19,52,0
HI,2023,black,hisp,f,15-19,52,0
HI,2023,black,hisp,m,20-24,54,0
HI,2023,black,hisp,f,20-24,54,0
HI,2023,black,hisp,m,25-29,57,0
HI,2023,black,hisp,f,25-29,57,0
HI,2023,black,hisp,m,30-34,57,0
HI,2023,black,hisp,f,30-34,57,0
HI,2023,black,hisp,m,35-39,55,0
HI,2023,black,hisp,f,35-39,55,0
HI,2023,black,hisp,m,40-44,51,0
HI,2023,black,hisp,f,40-44,51,0
HI,2023,black,hisp,m,45-49,49,0
HI,2023,black,hisp,f,45-49,49,0
HI,2023,black,hisp,m,50-54,52,0
HI,2023,black,hisp,f,50-54,52,0
HI,2023,black,hisp,m,55-59,54,0
HI,2023,black,hisp,f,55-59,54,0
HI,2023,black,hisp,m,60-64,52,0
HI,2023,black,hisp,f,60-64,52,0
HI,2023,black,hisp,m,65-69,44,0
HI,2023,black,hisp,f,65-69,44,0
HI,2023,black,hisp,m,70-74,36,0
HI,2023,black,hisp,f,70-74,36,0
HI,2023,black,hisp,m,75-79,26,0
HI,2023,black,hisp,f,75-79,26,0
HI,2023,black,hisp,m,80-84,13,0
HI,2023,black,hisp,f,80-84,19,0
HI,2023,black,hisp,m,85+,14,0
HI,2023,black,hisp,f,85+,20,0
HI,2023,asian,hisp,m,0-4,250,0
HI,2023,asian,hisp,f,0-4,250,0
HI,2023,asian,hisp,m,5-9,259,0
HI,2023,asian,hisp,f,5-9,259,0
HI,2023,asian,hisp,m,10-14,276,0
HI,2023,asian,hisp,f,10-14,276,0
HI,2023,asian,hisp,m,15-19,276,0
HI,2023,asian,hisp,f,15-19,276,0
HI,2023,asian,hisp,m,20-24,284,0
HI,2023,asian,hisp,f,20-24,284,0
HI,2023,asian,hisp,m,25-29,302,0
HI,2023,asian,hisp,f,25-29,302,0
HI,2023,asian,hisp,m,30-34,302,0
HI,2023,asian,hisp,f,30-34,302,0
HI,2023,asian,hisp,m,35-39,293,0
HI,2023,asian,hisp,f,35-39,293,0
HI,2023,asian,hisp,m,40-44,272,0
HI,2023,asian,hisp,f,40-44,272,0
HI,2023,asian,hisp,m,45-49,259,0
HI,2023,asian,hisp,f,45-49,259,0
HI,2023,asian,hisp,m,50-54,276,0
HI,2023,asian,hisp,f,50-54,276,0
HI,2023,asian,hisp,m,55-59,289,0
HI,2023,asian,hisp,f,55-59,289,0
HI,2023,asian,hisp,m,60-64,276,0
HI,2023,asian,hisp,f,60-64,276,0
HI,2023,asian,hisp,m,65-69,233,0
HI,2023,asian,hisp,f,65-69,233,0
HI,2023,asian,hisp,m,70-74,194,0
HI,2023,asian,hisp,f,70-74,194,0
HI,2023,asian,hisp,m,75-79,138,0
HI,2023,asian,hisp,f,75-79,138,0
HI,2023,asian,hisp,m,80-84,69,0
HI,2023,asian,hisp,f,80-84,103,0
HI,2023,asian,hisp,m,85+,72,0
HI,2023,asian,hisp,f,85+,109,0
HI,2023,other,hisp,m,0-4,3484,0
HI,2023,other,hisp,f,0-4,3484,0
HI,2023,other,hisp,m,5-9,3604,0
HI,2023,other,hisp,f,5-9,3604,0
HI,2023,other,hisp,m,10-14,3845,0
HI,2023,other,hisp,f,10-14,3845,0
HI,2023,other,hisp,m,15-19,3845,0
HI,2023,other,hisp,f,15-19,3845,0
HI,2023,other,hisp,m,20-24,3965,0
HI,2023,other,hisp,f,20-24,3965,0
HI,2023,other,hisp,m,25-29,4205,0
HI,2023,other,hisp,f,25-29,4205,0
HI,2023,other,hisp,m,30-34,4205,0
HI,2023,other,hisp,f,30-34,4205,0
HI,2023,other,hisp,m,35-39,4085,0
HI,2023,other,hisp,f,35-39,4085,0
HI,2023,other,hisp,m,40-44,3785,0
HI,2023,other,hisp,f,40-44,3785,0
HI,2023,other,hisp,m,45-49,3604,0
HI,2023,other,hisp,f,45-49,3604,0
HI,2023,other,hisp,m,50-54,3845,0
HI,2023,other,hisp,f,50-54,3845,0
HI,2023,other,hisp,m,55-59,4025,0
HI,2023,other,hisp,f,55-59,4025,0
HI,2023,other,hisp,m,60-64,3845,0
HI,2023,other,hisp,f,60-64,3845,0
HI,2023,other,hisp,m,65-69,3244,0
HI,2023,other,hisp,f,65-69,3244,0
HI,2023,other,hisp,m,70-74,2703,0
HI,2023,other,hisp,f,70-74,2703,0
HI,2023,other,hisp,m,75-79,1922,0
HI,2023,other,hisp,f,75-79,1922,0
HI,2023,other,hisp,m,80-84,961,0
HI,2023,other,hisp,f,80-84,1442,0
HI,2023,other,hisp,m,85+,1009,0
HI,2023,other,hisp,f,85+,1514,0
ID,2023,white,non-hisp,m,0-4,44658,0
ID,2023,white,non-hisp,f,0-4,44658,0
ID,2023,white,non-hisp,m,5-9,46197,0
ID,2023,white,non-hisp,f,5-9,46197,0
ID,2023,white,non-hisp,m,10-14,49277,0
ID,2023,white,non-hisp,f,10-14,49277,0
ID,2023,white,non-hisp,m,15-19,49277,0
ID,2023,white,non-hisp,f,15-19,49277,0
ID,2023,white,non-hisp,m,20-24,50817,0
ID,2023,white,non-hisp,f,20-24,50817,0
ID,2023,white,non-hisp,m,25-29,53897,0
ID,2023,white,non-hisp,f,25-29,53897,0
ID,2023,white,non-hisp,m,30-34,53897,0
ID,2023,white,non-hisp,f,30-34,53897,0
ID,2023,white,non-hisp,m,35-39,52357,0
ID,2023,white,non-hisp,f,35-39,52357,0
ID,2023,white,non-hisp,m,40-44,48507,0
ID,2023,white,non-hisp,f,40-44,48507,0
ID,2023,white,non-hisp,m,45-49,46197,0
ID,2023,white,non-hisp,f,45-49,46197,0
ID,2023,white,non-hisp,m,50-54,49277,0
ID,2023,white,non-hisp,f,50-54,49277,0
ID,2023,white,non-hisp,m,55-59,51587,0
ID,2023,white,non-hisp,f,55-59,51587,0
ID,2023,white,non-hisp,m,60-64,49277,0
ID,2023,white,non-hisp,f,60-64,49277,0
ID,2023,white,non-hisp,m,65-69,41578,0
ID,2023,white,non-hisp,f,65-69,41578,0
ID,2023,white,non-hisp,m,70-74,34648,0
ID,2023,white,non-hisp,f,70-74,34648,0
ID,2023,white,non-hisp,m,75-79,24639,0
ID,2023,white,non-hisp,f,75-79,24639,0
ID,2023,white,non-hisp,m,80-84,12319,0
ID,2023,white,non-hisp,f,80-84,18479,0
ID,2023,white,non-hisp,m,85+,12935,0
ID,2023,white,non-hisp,f,85+,19403,0
ID,2023,black,non-hisp,m,0-4,442,0
ID,2023,black,non-hisp,f,0-4,442,0
ID,2023,black,non-hisp,m,5-9,457,0
ID,2023,black,non-hisp,f,5-9,457,0
ID,2023,black,non-hisp,m,10-14,487,0
ID,2023,black,non-hisp,f,10-14,487,0
ID,2023,black,non-hisp,m,15-19,487,0
ID,2023,black,non-hisp,f,15-19,487,0
ID,2023,black,non-hisp,m,20-24,502,0
ID,2023,black,non-hisp,f,20-24,502,0
ID,2023,black,non-hisp,m,25-29,533,0
ID,2023,black,non-hisp,f,25-29,533,0
ID,2023,black,non-hisp,m,30-34,533,0
ID,2023,black,non-hisp,f,30-34,533,0
ID,2023,black,non-hisp,m,35-39,518,0
ID,2023,black,non-hisp,f,35-39,518,0
ID,2023,black,non-hisp,m,40-44,480,0
ID,2023,black,non-hisp,f,40-44,480,0
ID,2023,black,non-hisp,m,45-49,457,0
ID,2023,black,non-hisp,f,45-49,457,0
ID,2023,black,non-hisp,m,50-54,487,0
ID,2023,black,non-hisp,f,50-54,487,0
ID,2023,black,non-hisp,m,55-59,510,0
ID,2023,black,non-hisp,f,55-59,510,0
ID,2023,black,non-hisp,m,60-64,487,0
ID,2023,black,non-hisp,f,60-64,487,0
ID,2023,black,non-hisp,m,65-69,411,0
ID,2023,black,non-hisp,f,65-69,411,0
ID,2023,black,non-hisp,m,70-74,343,0
ID,2023,black,non-hisp,f,70-74,343,0
ID,2023,black,non-hisp,m,75-79,244,0
ID,2023,black,non-hisp,f,75-79,244,0
ID,2023,black,non-hisp,m,80-84,122,0
ID,2023,black,non-hisp,f,80-84,183,0
ID,2023,black,non-hisp,m,85+,128,0
ID,2023,black,non-hisp,f,85+,192,0
ID,2023,asian,non-hisp,m,0-4,750,0
ID,2023,asian,non-hisp,f,0-4,750,0
ID,2023,asian,non-hisp,m,5-9,776,0
ID,2023,asian,non-hisp,f,5-9,776,0
ID,2023,asian,non-hisp,m,10-14,828,0
ID,2023,asian,non-hisp,f,10-14,828,0
ID,2023,asian,non-hisp,m,15-19,828,0
ID,2023,asian,non-hisp,f,15-19,828,0
ID,2023,asian,non-hisp,m,20-24,854,0
ID,2023,asian,non-hisp,f,20-24,854,0
ID,2023,asian,non-hisp,m,25-29,905,0
ID,2023,asian,non-hisp,f,25-29,905,0
ID,2023,asian,non-hisp,m,30-34,905,0
ID,2023,asian,non-hisp,f,30-34,905,0
ID,2023,asian,non-hisp,m,35-39,880,0
ID,2023,asian,non-hisp,f,35-39,880,0
ID,2023,asian,non-hisp,m,40-44,815,0
ID,2023,asian,non-hisp,f,40-44,815,0
ID,2023,asian,non-hisp,m,45-49,776,0
ID,2023,asian,non-hisp,f,45-49,776,0
ID,2023,asian,non-hisp,m,50-54,828,0
ID,2023,asian,non-hisp,f,50-54,828,0
ID,2023,asian,non-hisp,m,55-59,867,0
ID,2023,asian,non-hisp,f,55-59,867,0
ID,2023,asian,non-hisp,m,60-64,828,0
ID,2023,asian,non-hisp,f,60-64,828,0
ID,2023,asian,non-hisp,m,65-69,699,0
ID,2023,asian,non-hisp,f,65-69,699,0
ID,2023,asian,non-hisp,m,70-74,582,0
ID,2023,asian,non-hisp,f,70-74,582,0
ID,2023,asian,non-hisp,m,75-79,414,0
ID,2023,asian,non-hisp,f,75-79,414,0
ID,2023,asian,non-hisp,m,80-84,207,0
ID,2023,asian,non-hisp,f,80-84,310,0
ID,2023,asian,non-hisp,m,85+,217,0
ID,2023,asian,non-hisp,f,85+,326,0
ID,2023,other,non-hisp,m,0-4,3250,0
ID,2023,other,non-hisp,f,0-4,3250,0
ID,2023,other,non-hisp,m,5-9,3362,0
ID,2023,other,non-hisp,f,5-9,3362,0
ID,2023,other,non-hisp,m,10-14,3586,0
ID,2023,other,non-hisp,f,10-14,3586,0
ID,2023,other,non-hisp,m,15-19,3586,0
ID,2023,other,non-hisp,f,15-19,3586,0
ID,2023,other,non-hisp,m,20-24,3698,0
ID,2023,other,non-hisp,f,20-24,3698,0
ID,2023,other,non-hisp,m,25-29,3922,0
ID,2023,other,non-hisp,f,25-29,3922,0
ID,2023,other,non-hisp,m,30-34,3922,0
ID,2023,other,non-hisp,f,30-34,3922,0
ID,2023,other,non-hisp,m,35-39,3810,0
ID,2023,other,non-hisp,f,35-39,3810,0
ID,2023,other,non-hisp,m,40-44,3530,0
ID,2023,other,non-hisp,f,40-44,3530,0
ID,2023,other,non-hisp,m,45-49,3362,0
ID,2023,other,non-hisp,f,45-49,3362,0
ID,2023,other,non-hisp,m,50-54,3586,0
ID,2023,other,non-hisp,f,50-54,3586,0
ID,2023,other,non-hisp,m,55-59,3754,0
ID,2023,other,non-hisp,f,55-59,3754,0
ID,2023,other,non-hisp,m,60-64,3586,0
ID,2023,other,non-hisp,f,60-64,3586,0
ID,2023,other,non-hisp,m,65-69,3026,0
ID,2023,other,non-hisp,f,65-69,3026,0
ID,2023,other,non-hisp,m,70-74,2521,0
ID,2023,other,non-hisp,f,70-74,2521,0
ID,2023,other,non-hisp,m,75-79,1793,0
ID,2023,other,non-hisp,f,75-79,1793,0
ID,2023,other,non-hisp,m,80-84,896,0
ID,2023,other,non-hisp,f,80-84,1345,0
ID,2023,other,non-hisp,m,85+,941,0
ID,2023,other,non-hisp,f,85+,1412,0
ID,2023,white,hisp,m,0-4,1892,0
ID,2023,white,hisp,f,0-4,1892,0
ID,2023,white,hisp,m,5-9,1957,0
ID,2023,white,hisp,f,5-9,1957,0
ID,2023,white,hisp,m,10-14,2087,0
ID,2023,white,hisp,f,10-14,2087,0
ID,2023,white,hisp,m,15-19,2087,0
ID,2023,white,hisp,f,15-19,2087,0
ID,2023,white,hisp,m,20-24,2153,0
ID,2023,white,hisp,f,20-24,2153,0
ID,2023,white,hisp,m,25-29,2283,0
ID,2023,white,hisp,f,25-29,2283,0
ID,2023,white,hisp,m,30-34,2283,0
ID,2023,white,hisp,f,30-34,2283,0
ID,2023,white,hisp,m,35-39,2218,0
ID,2023,white,hisp,f,35-39,2218,0
ID,2023,white,hisp,m,40-44,2055,0
ID,2023,white,hisp,f,40-44,2055,0
ID,2023,white,hisp,m,45-49,1957,0
ID,2023,white,hisp,f,45-49,1957,0
ID,2023,white,hisp,m,50-54,2087,0
ID,2023,white,hisp,f,50-54,2087,0
ID,2023,white,hisp,m,55-59,2185,0
ID,2023,white,hisp,f,55-59,2185,0
ID,2023,white,hisp,m,60-64,2087,0
ID,2023,white,hisp,f,60-64,2087,0
ID,2023,white,hisp,m,65-69,1761,0
ID,2023,white,hisp,f,65-69,1761,0
ID,2023,white,hisp,m,70-74,1468,0
ID,2023,white,hisp,f,70-74,1468,0
ID,2023,white,hisp,m,75-79,1044,0
ID,2023,white,hisp,f,75-79,1044,0
ID,2023,white,hisp,m,80-84,522,0
ID,2023,white,hisp,f,80-84,783,0
ID,2023,white,hisp,m,85+,548,0
ID,2023,white,hisp,f,85+,822,0
ID,2023,black,hisp,m,0-4,42,0
ID,2023,black,hisp,f,0-4,42,0
ID,2023,black,hisp,m,5-9,43,0
ID,2023,black,hisp,f,5-9,43,0
ID,2023,black,hisp,m,10-14,46,0
ID,2023,black,hisp,f,10-14,46,0
ID,2023,black,hisp,m,15-19,46,0
ID,2023,black,hisp,f,15-19,46,0
ID,2023,black,hisp,m,20-24,48,0
ID,2023,black,hisp,f,20-24,48,0
ID,2023,black,hisp,m,25-29,51,0
ID,2023,black,hisp,f,25-29,51,0
ID,2023,black,hisp,m,30-34,51,0
ID,2023,black,hisp,f,30-34,51,0
ID,2023,black,hisp,m,35-39,49,0
ID,2023,black,hisp,f,35-39,49,0
ID,2023,black,hisp,m,40-44,45,0
ID,2023,black,hisp,f,40-44,45,0
ID,2023,black,hisp,m,45-49,43,0
ID,2023,black,hisp,f,45-49,43,0
ID,2023,black,hisp,m,50-54,46,0
ID,2023,black,hisp,f,50-54,46,0
ID,2023,black,hisp,m,55-59,48,0
ID,2023,black,hisp,f,55-59,48,0
ID,2023,black,hisp,m,60-64,46,0
ID,2023,black,hisp,f,60-64,46,0
ID,2023,black,hisp,m,65-69,39,0
ID,2023,black,hisp,f,65-69,39,0
ID,2023,black,hisp,m,70-74,32,0
ID,2023,black,hisp,f,70-74,32,0
ID,2023,black,hisp,m,75-79,23,0
ID,2023,black,hisp,f,75-79,23,0
ID,2023,black,hisp,m,80-84,12,0
ID,2023,black,hisp,f,80-84,17,0
ID,2023,black,hisp,m,85+,12,0
ID,2023,black,hisp,f,85+,18,0
ID,2023,asian,hisp,m,0-4,30,0
ID,2023,asian,hisp,f,0-4,30,0
ID,2023,asian,hisp,m,5-9,31,0
ID,2023,asian,hisp,f,5-9,31,0
ID,2023,asian,hisp,m,10-14,33,0
ID,2023,asian,hisp,f,10-14,33,0
ID,2023,asian,hisp,m,15-19,33,0
ID,2023,asian,hisp,f,15-19,33,0
ID,2023,asian,hisp,m,20-24,35,0
ID,2023,asian,hisp,f,20-24,35,0
ID,2023,asian,hisp,m,25-29,37,0
ID,2023,asian,hisp,f,25-29,37,0
ID,2023,asian,hisp,m,30-34,37,0
ID,2023,asian,hisp,f,30-34,37,0
ID,2023,asian,hisp,m,35-39,36,0
ID,2023,asian,hisp,f,35-39,36,0
ID,2023,asian,hisp,m,40-44,33,0
ID,2023,asian,hisp,f,40-44,33,0
ID,2023,asian,hisp,m,45-49,31,0
ID,2023,asian,hisp,f,45-49,31,0
ID,2023,asian,hisp,m,50-54,33,0
ID,2023,asian,hisp,f,50-54,33,0
ID,2023,asian,hisp,m,55-59,35,0
ID,2023,asian,hisp,f,55-59,35,0
ID,2023,asian,hisp,m,60-64,33,0
ID,2023,asian,hisp,f,60-64,33,0
ID,2023,asian,hisp,m,65-69,28,0
ID,2023,asian,hisp,f,65-69,28,0
ID,2023,asian,hisp,m,70-74,24,0
ID,2023,asian,hisp,f,70-74,24,0
ID,2023,asian,hisp,m,75-79,17,0
ID,2023,asian,hisp,f,75-79,17,0
ID,2023,asian,hisp,m,80-84,8,0
ID,2023,asian,hisp,f,80-84,13,0
ID,2023,asian,hisp,m,85+,9,0
ID,2023,asian,hisp,f,85+,13,0
ID,2023,other,hisp,m,0-4,5914,0
ID,2023,other,hisp,f,0-4,5914,0
ID,2023,other,hisp,m,5-9,6118,0
ID,2023,other,hisp,f,5-9,6118,0
ID,2023,other,hisp,m,10-14,6526,0
ID,2023,other,hisp,f,10-14,6526,0
ID,2023,other,hisp,m,15-19,6526,0
ID,2023,other,hisp,f,15-19,6526,0
ID,2023,other,hisp,m,20-24,6730,0
ID,2023,other,hisp,f,20-24,6730,0
ID,2023,other,hisp,m,25-29,7138,0
ID,2023,other,hisp,f,25-29,7138,0
ID,2023,other,hisp,m,30-34,7138,0
ID,2023,other,hisp,f,30-34,7138,0
ID,2023,other,hisp,m,35-39,6934,0
ID,2023,other,hisp,f,35-39,6934,0
ID,2023,other,hisp,m,40-44,6424,0
ID,2023,other,hisp,f,40-44,6424,0
ID,2023,other,hisp,m,45-49,6118,0
ID,2023,other,hisp,f,45-49,6118,0
ID,2023,other,hisp,m,50-54,6526,0
ID,2023,other,hisp,f,50-54,6526,0
ID,2023,other,hisp,m,55-59,6832,0
ID,2023,other,hisp,f,55-59,6832,0
ID,2023,other,hisp,m,60-64,6526,0
ID,2023,other,hisp,f,60-64,6526,0
ID,2023,other,hisp,m,65-69,5506,0
ID,2023,other,hisp,f,65-69,5506,0
ID,2023,other,hisp,m,70-74,4588,0
ID,2023,other,hisp,f,70-74,4588,0
ID,2023,other,hisp,m,75-79,3263,0
ID,2023,other,hisp,f,75-79,3263,0
ID,2023,other,hisp,m,80-84,1631,0
ID,2023,other,hisp,f,80-84,2447,0
ID,2023,other,hisp,m,85+,1713,0
ID,2023,other,hisp,f,85+,2570,0
IL,2023,white,non-hisp,m,0-4,210555,0
IL,2023,white,non-hisp,f,0-4,210555,0
IL,2023,white,non-hisp,m,5-9,217816,0
IL,2023,white,non-hisp,f,5-9,217816,0
IL,2023,white,non-hisp,m,10-14,232337,0
IL,2023,white,non-hisp,f,10-14,232337,0
IL,2023,white,non-hisp,m,15-19,232337,0
IL,2023,white,non-hisp,f,15-19,232337,0
IL,2023,white,non-hisp,m,20-24,239597,0
IL,2023,white,non-hisp,f,20-24,239597,0
IL,2023,white,non-hisp,m,25-29,254119,0
IL,2023,white,non-hisp,f,25-29,254119,0
IL,2023,white,non-hisp,m,30-34,254119,0
IL,2023,white,non-hisp,f,30-34,254119,0
IL,2023,white,non-hisp,m,35-39,246858,0
IL,2023,white,non-hisp,f,35-39,246858,0
IL,2023,white,non-hisp,m,40-44,228707,0
IL,2023,white,non-hisp,f,40-44,228707,0
IL,2023,white,non-hisp,m,45-49,217816,0
IL,2023,white,non-hisp,f,45-49,217816,0
IL,2023,white,non-hisp,m,50-54,232337,0
IL,2023,white,non-hisp,f,50-54,232337,0
IL,2023,white,non-hisp,m,55-59,243228,0
IL,2023,white,non-hisp,f,55-59,243228,0
IL,2023,white,non-hisp,m,60-64,232337,0
IL,2023,white,non-hisp,f,60-64,232337,0
IL,2023,white,non-hisp,m,65-69,196034,0
IL,2023,white,non-hisp,f,65-69,196034,0
IL,2023,white,non-hisp,m,70-74,163362,0
IL,2023,white,non-hisp,f,70-74,163362,0
IL,2023,white,non-hisp,m,75-79,116168,0
IL,2023,white,non-hisp,f,75-79,116168,0
IL,2023,white,non-hisp,m,80-84,58084,0
IL,2023,white,non-hisp,f,80-84,87126,0
IL,2023,white,non-hisp,m,85+,60988,0
IL,2023,white,non-hisp,f,85+,91483,0
IL,2023,black,non-hisp,m,0-4,47666,0
IL,2023,black,non-hisp,f,0-4,47666,0
IL,2023,black,non-hisp,m,5-9,49309,0
IL,2023,black,non-hisp,f,5-9,49309,0
IL,2023,black,non-hisp,m,10-14,52596,0
IL,2023,black,non-hisp,f,10-14,52596,0
IL,2023,black,non-hisp,m,15-19,52596,0
IL,2023,black,non-hisp,f,15-19,52596,0
IL,2023,black,non-hisp,m,20-24,54240,0
IL,2023,black,non-hisp,f,20-24,54240,0
IL,2023,black,non-hisp,m,25-29,57527,0
IL,2023,black,non-hisp,f,25-29,57527,0
IL,2023,black,non-hisp,m,30-34,57527,0
IL,2023,black,non-hisp,f,30-34,57527,0
IL,2023,black,non-hisp,m,35-39,55884,0
IL,2023,black,non-hisp,f,35-39,55884,0
IL,2023,black,non-hisp,m,40-44,51775,0
IL,2023,black,non-hisp,f,40-44,51775,0
IL,2023,black,non-hisp,m,45-49,49309,0
IL,2023,black,non-hisp,f,45-49,49309,0
IL,2023,black,non-hisp,m,50-54,52596,0
IL,2023,black,non-hisp,f,50-54,52596,0
IL,2023,black,non-hisp,m,55-59,55062,0
IL,2023,black,non-hisp,f,55-59,55062,0
IL,2023,black,non-hisp,m,60-64,52596,0
IL,2023,black,non-hisp,f,60-64,52596,0
IL,2023,black,non-hisp,m,65-69,44378,0
IL,2023,black,non-hisp,f,65-69,44378,0
IL,2023,black,non-hisp,m,70-74,36982,0
IL,2023,black,non-hisp,f,70-74,36982,0
IL,2023,black,non-hisp,m,75-79,26298,0
IL,2023,black,non-hisp,f,75-79,26298,0
IL,2023,black,non-hisp,m,80-84,13149,0
IL,2023,black,non-hisp,f,80-84,19724,0
IL,2023,black,non-hisp,m,85+,13807,0
IL,2023,black,non-hisp,f,85+,20710,0
IL,2023,asian,non-hisp,m,0-4,21599,0
IL,2023,asian,non-hisp,f,0-4,21599,0
IL,2023,asian,non-hisp,m,5-9,22344,0
IL,2023,asian,non-hisp,f,5-9,22344,0
IL,2023,asian,non-hisp,m,10-14,23833,0
IL,2023,asian,non-hisp,f,10-14,23833,0
IL,2023,asian,non-hisp,m,15-19,23833,0
IL,2023,asian,non-hisp,f,15-19,23833,0
IL,2023,asian,non-hisp,m,20-24,24578,0
IL,2023,asian,non-hisp,f,20-24,24578,0
IL,2023,asian,non-hisp,m,25-29,26068,0
IL,2023,asian,non-hisp,f,25-29,26068,0
IL,2023,asian,non-hisp,m,30-34,26068,0
IL,2023,asian,non-hisp,f,30-34,26068,0
IL,2023,asian,non-hisp,m,35-39,25323,0
IL,2023,asian,non-hisp,f,35-39,25323,0
IL,2023,asian,non-hisp,m,40-44,23461,0
IL,2023,asian,non-hisp,f,40-44,23461,0
IL,2023,asian,non-hisp,m,45-49,22344,0
IL,2023,asian,non-hisp,f,45-49,22344,0
IL,2023,asian,non-hisp,m,50-54,23833,0
IL,2023,asian,non-hisp,f,50-54,23833,0
IL,2023,asian,non-hisp,m,55-59,24951,0
IL,2023,asian,non-hisp,f,55-59,24951,0
IL,2023,asian,non-hisp,m,60-64,23833,0
IL,2023,asian,non-hisp,f,60-64,23833,0
IL,2023,asian,non-hisp,m,65-69,20109,0
IL,2023,asian,non-hisp,f,65-69,20109,0
IL,2023,asian,non-hisp,m,70-74,16758,0
IL,2023,asian,non-hisp,f,70-74,16758,0
IL,2023,asian,non-hisp,m,75-79,11917,0
IL,2023,asian,non-hisp,f,75-79,11917,0
IL,2023,asian,non-hisp,m,80-84,5958,0
IL,2023,asian,non-hisp,f,80-84,8938,0
IL,2023,asian,non-hisp,m,85+,6256,0
IL,2023,asian,non-hisp,f,85+,9384,0
IL,2023,other,non-hisp,m,0-4,15154,0
IL,2023,other,non-hisp,f,0-4,15154,0
IL,2023,other,non-hisp,m,5-9,15676,0
IL,2023,other,non-hisp,f,5-9,15676,0
IL,2023,other,non-hisp,m,10-14,16721,0
IL,2023,other,non-hisp,f,10-14,16721,0
IL,2023,other,non-hisp,m,15-19,16721,0
IL,2023,other,non-hisp,f,15-19,16721,0
IL,2023,other,non-hisp,m,20-24,17244,0
IL,2023,other,non-hisp,f,20-24,17244,0
IL,2023,other,non-hisp,m,25-29,18289,0
IL,2023,other,non-hisp,f,25-29,18289,0
IL,2023,other,non-hisp,m,30-34,18289,0
IL,2023,other,non-hisp,f,30-34,18289,0
IL,2023,other,non-hisp,m,35-39,17766,0
IL,2023,other,non-hisp,f,35-39,17766,0
IL,2023,other,non-hisp,m,40-44,16460,0
IL,2023,other,non-hisp,f,40-44,16460,0
IL,2023,other,non-hisp,m,45-49,15676,0
IL,2023,other,non-hisp,f,45-49,15676,0
IL,2023,other,non-hisp,m,50-54,16721,0
IL,2023,other,non-hisp,f,50-54,16721,0
IL,2023,other,non-hisp,m,55-59,17505,0
IL,2023,other,non-hisp,f,55-59,17505,0
IL,2023,other,non-hisp,m,60-64,16721,0
IL,2023,other,non-hisp,f,60-64,16721,0
IL,2023,other,non-hisp,m,65-69,14109,0
IL,2023,other,non-hisp,f,65-69,14109,0
IL,2023,other,non-hisp,m,70-74,11757,0
IL,2023,other,non-hisp,f,70-74,11757,0
IL,2023,other,non-hisp,m,75-79,8361,0
IL,2023,other,non-hisp,f,75-79,8361,0
IL,2023,other,non-hisp,m,80-84,4180,0
IL,2023,other,non-hisp,f,80-84,6271,0
IL,2023,other,non-hisp,m,85+,4389,0
IL,2023,other,non-hisp,f,85+,6584,0
IL,2023,white,hisp,m,0-4,10359,0
IL,2023,white,hisp,f,0-4,10359,0
IL,2023,white,hisp,m,5-9,10717,0
IL,2023,white,hisp,f,5-9,10717,0
IL,2023,white,hisp,m,10-14,11431,0
IL,2023,white,hisp,f,10-14,11431,0
IL,2023,white,hisp,m,15-19,11431,0
IL,2023,white,hisp,f,15-19,11431,0
IL,2023,white,hisp,m,20-24,11788,0
IL,2023,white,hisp,f,20-24,11788,0
IL,2023,white,hisp,m,25-29,12503,0
IL,2023,white,hisp,f,25-29,12503,0
IL,2023,white,hisp,m,30-34,12503,0
IL,2023,white,hisp,f,30-34,12503,0
IL,2023,white,hisp,m,35-39,12145,0
IL,2023,white,hisp,f,35-39,12145,0
IL,2023,white,hisp,m,40-44,11252,0
IL,2023,white,hisp,f,40-44,11252,0
IL,2023,white,hisp,m,45-49,10717,0
IL,2023,white,hisp,f,45-49,10717,0
IL,2023,white,hisp,m,50-54,11431,0
IL,2023,white,hisp,f,50-54,11431,0
IL,2023,white,hisp,m,55-59,11967,0
IL,2023,white,hisp,f,55-59,11967,0
IL,2023,white,hisp,m,60-64,11431,0
IL,2023,white,hisp,f,60-64,11431,0
IL,2023,white,hisp,m,65-69,9645,0
IL,2023,white,hisp,f,65-69,9645,0
IL,2023,white,hisp,m,70-74,8037,0
IL,2023,white,hisp,f,70-74,8037,0
IL,2023,white,hisp,m,75-79,5716,0
IL,2023,white,hisp,f,75-79,5716,0
IL,2023,white,hisp,m,80-84,2858,0
IL,2023,white,hisp,f,80-84,4287,0
IL,2023,white,hisp,m,85+,3001,0
IL,2023,white,hisp,f,85+,4501,0
IL,2023,black,hisp,m,0-4,821,0
IL,2023,black,hisp,f,0-4,821,0
IL,2023,black,hisp,m,5-9,850,0
IL,2023,black,hisp,f,5-9,850,0
IL,2023,black,hisp,m,10-14,906,0
IL,2023,black,hisp,f,10-14,906,0
IL,2023,black,hisp,m,15-19,906,0
IL,2023,black,hisp,f,15-19,906,0
IL,2023,black,hisp,m,20-24,935,0
IL,2023,black,hisp,f,20-24,935,0
IL,2023,black,hisp,m,25-29,991,0
IL,2023,black,hisp,f,25-29,991,0
IL,2023,black,hisp,m,30-34,991,0
IL,2023,black,hisp,f,30-34,991,0
IL,2023,black,hisp,m,35-39,963,0
IL,2023,black,hisp,f,35-39,963,0
IL,2023,black,hisp,m,40-44,892,0
IL,2023,black,hisp,f,40-44,892,0
IL,2023,black,hisp,m,45-49,850,0
IL,2023,black,hisp,f,45-49,850,0
IL,2023,black,hisp,m,50-54,906,0
IL,2023,black,hisp,f,50-54,906,0
IL,2023,black,hisp,m,55-59,949,0
IL,2023,black,hisp,f,55-59,949,0
IL,2023,black,hisp,m,60-64,906,0
IL,2023,black,hisp,f,60-64,906,0
IL,2023,black,hisp,m,65-69,765,0
IL,2023,black,hisp,f,65-69,765,0
IL,2023,black,hisp,m,70-74,637,0
IL,2023,black,hisp,f,70-74,637,0
IL,2023,black,hisp,m,75-79,453,0
IL,2023,black,hisp,f,75-79,453,0
IL,2023,black,hisp,m,80-84,227,0
IL,2023,black,hisp,f,80-84,340,0
IL,2023,black,hisp,m,85+,238,0
IL,2023,black,hisp,f,85+,357,0
IL,2023,asian,hisp,m,0-4,344,0
IL,2023,asian,hisp,f,0-4,344,0
IL,2023,asian,hisp,m,5-9,356,0
IL,2023,asian,hisp,f,5-9,356,0
IL,2023,asian,hisp,m,10-14,380,0
IL,2023,asian,hisp,f,10-14,380,0
IL,2023,asian,hisp,m,15-19,380,0
IL,2023,asian,hisp,f,15-19,380,0
IL,2023,asian,hisp,m,20-24,392,0
IL,2023,asian,hisp,f,20-24,392,0
IL,2023,asian,hisp,m,25-29,415,0
IL,2023,asian,hisp,f,25-29,415,0
IL,2023,asian,hisp,m,30-34,415,0
IL,2023,asian,hisp,f,30-34,415,0
IL,2023,asian,hisp,m,35-39,404,0
IL,2023,asian,hisp,f,35-39,404,0
IL,2023,asian,hisp,m,40-44,374,0
IL,2023,asian,hisp,f,40-44,374,0
IL,2023,asian,hisp,m,45-49,356,0
IL,2023,asian,hisp,f,45-49,356,0
IL,2023,asian,hisp,m,50-54,380,0
IL,2023,asian,hisp,f,50-54,380,0
IL,2023,asian,hisp,m,55-59,398,0
IL,2023,asian,hisp,f,55-59,398,0
IL,2023,asian,hisp,m,60-64,380,0
IL,2023,asian,hisp,f,60-64,380,0
IL,2023,asian,hisp,m,65-69,320,0
IL,2023,asian,hisp,f,65-69,320,0
IL,2023,asian,hisp,m,70-74,267,0
IL,2023,asian,hisp,f,70-74,267,0
IL,2023,asian,hisp,m,75-79,190,0
IL,2023,asian,hisp,f,75-79,190,0
IL,2023,asian,hisp,m,80-84,95,0
IL,2023,asian,hisp,f,80-84,142,0
IL,2023,asian,hisp,m,85+,100,0
IL,2023,asian,hisp,f,85+,150,0
IL,2023,other,hisp,m,0-4,57443,0
IL,2023,other,hisp,f,0-4,57443,0
IL,2023,other,hisp,m,5-9,59423,0
IL,2023,other,hisp,f,5-9,59423,0
IL,2023,other,hisp,m,10-14,63385,0
IL,2023,other,hisp,f,10-14,63385,0
IL,2023,other,hisp,m,15-19,63385,0
IL,2023,other,hisp,f,15-19,63385,0
IL,2023,other,hisp,m,20-24,65366,0
IL,2023,other,hisp,f,20-24,65366,0
IL,2023,other,hisp,m,25-29,69327,0
IL,2023,other,hisp,f,25-29,69327,0
IL,2023,other,hisp,m,30-34,69327,0
IL,2023,other,hisp,f,30-34,69327,0
IL,2023,other,hisp,m,35-39,67346,0
IL,2023,other,hisp,f,35-39,67346,0
IL,2023,other,hisp,m,40-44,62394,0
IL,2023,other,hisp,f,40-44,62394,0
IL,2023,other,hisp,m,45-49,59423,0
IL,2023,other,hisp,f,45-49,59423,0
IL,2023,other,hisp,m,50-54,63385,0
IL,2023,other,hisp,f,50-54,63385,0
IL,2023,other,hisp,m,55-59,66356,0
IL,2023,other,hisp,f,55-59,66356,0
IL,2023,other,hisp,m,60-64,63385,0
IL,2023,other,hisp,f,60-64,63385,0
IL,2023,other,hisp,m,65-69,53481,0
IL,2023,other,hisp,f,65-69,53481,0
IL,2023,other,hisp,m,70-74,44567,0
IL,2023,other,hisp,f,70-74,44567,0
IL,2023,other,hisp,m,75-79,31692,0
IL,2023,other,hisp,f,75-79,31692,0
IL,2023,other,hisp,m,80-84,15846,0
IL,2023,other,hisp,f,80-84,23769,0
IL,2023,other,hisp,m,85+,16639,0
IL,2023,other,hisp,f,85+,24958,0
IN,2023,white,non-hisp,m,0-4,149453,0
IN,2023,white,non-hisp,f,0-4,149453,0
IN,2023,white,non-hisp,m,5-9,154606,0
IN,2023,white,non-hisp,f,5-9,154606,0
IN,2023,white,non-hisp,m,10-14,164913,0
IN,2023,white,non-hisp,f,10-14,164913,0
IN,2023,white,non-hisp,m,15-19,164913,0
IN,2023,white,non-hisp,f,15-19,164913,0
IN,2023,white,non-hisp,m,20-24,170067,0
IN,2023,white,non-hisp,f,20-24,170067,0
IN,2023,white,non-hisp,m,25-29,180374,0
IN,2023,white,non-hisp,f,25-29,180374,0
IN,2023,white,non-hisp,m,30-34,180374,0
IN,2023,white,non-hisp,f,30-34,180374,0
IN,2023,white,non-hisp,m,35-39,175220,0
IN,2023,white,non-hisp,f,35-39,175220,0
IN,2023,white,non-hisp,m,40-44,162336,0
IN,2023,white,non-hisp,f,40-44,162336,0
IN,2023,white,non-hisp,m,45-49,154606,0
IN,2023,white,non-hisp,f,45-49,154606,0
IN,2023,white,non-hisp,m,50-54,164913,0
IN,2023,white,non-hisp,f,50-54,164913,0
IN,2023,white,non-hisp,m,55-59,172643,0
IN,2023,white,non-hisp,f,55-59,172643,0
IN,2023,white,non-hisp,m,60-64,164913,0
IN,2023,white,non-hisp,f,60-64,164913,0
IN,2023,white,non-hisp,m,65-69,139145,0
IN,2023,white,non-hisp,f,65-69,139145,0
IN,2023,white,non-hisp,m,70-74,115955,0
IN,2023,white,non-hisp,f,70-74,115955,0
IN,2023,white,non-hisp,m,75-79,82457,0
IN,2023,white,non-hisp,f,75-79,82457,0
IN,2023,white,non-hisp,m,80-84,41228,0
IN,2023,white,non-hisp,f,80-84,61842,0
IN,2023,white,non-hisp,m,85+,43290,0
IN,2023,white,non-hisp,f,85+,64935,0
IN,2023,black,non-hisp,m,0-4,17602,0
IN,2023,black,non-hisp,f,0-4,17602,0
IN,2023,black,non-hisp,m,5-9,18209,0
IN,2023,black,non-hisp,f,5-9,18209,0
IN,2023,black,non-hisp,m,10-14,19423,0
IN,2023,black,non-hisp,f,10-14,19423,0
IN,2023,black,non-hisp,m,15-19,19423,0
IN,2023,black,non-hisp,f,15-19,19423,0
IN,2023,black,non-hisp,m,20-24,20030,0
IN,2023,black,non-hisp,f,20-24,20030,0
IN,2023,black,non-hisp,m,25-29,21244,0
IN,2023,black,non-hisp,f,25-29,21244,0
IN,2023,black,non-hisp,m,30-34,21244,0
IN,2023,black,non-hisp,f,30-34,21244,0
IN,2023,black,non-hisp,m,35-39,20637,0
IN,2023,black,non-hisp,f,35-39,20637,0
IN,2023,black,non-hisp,m,40-44,19120,0
IN,2023,black,non-hisp,f,40-44,19120,0
IN,2023,black,non-hisp,m,45-49,18209,0
IN,2023,black,non-hisp,f,45-49,18209,0
IN,2023,black,non-hisp,m,50-54,19423,0
IN,2023,black,non-hisp,f,50-54,19423,0
IN,2023,black,non-hisp,m,55-59,20334,0
IN,2023,black,non-hisp,f,55-59,20334,0
IN,2023,black,non-hisp,m,60-64,19423,0
IN,2023,black,non-hisp,f,60-64,19423,0
IN,2023,black,non-hisp,m,65-69,16389,0
IN,2023,black,non-hisp,f,65-69,16389,0
IN,2023,black,non-hisp,m,70-74,13657,0
IN,2023,black,non-hisp,f,70-74,13657,0
IN,2023,black,non-hisp,m,75-79,9712,0
IN,2023,black,non-hisp,f,75-79,9712,0
IN,2023,black,non-hisp,m,80-84,4856,0
IN,2023,black,non-hisp,f,80-84,7284,0
IN,2023,black,non-hisp,m,85+,5099,0
IN,2023,black,non-hisp,f,85+,7648,0
IN,2023,asian,non-hisp,m,0-4,5227,0
IN,2023,asian,non-hisp,f,0-4,5227,0
IN,2023,asian,non-hisp,m,5-9,5408,0
IN,2023,asian,non-hisp,f,5-9,5408,0
IN,2023,asian,non-hisp,m,10-14,5768,0
IN,2023,asian,non-hisp,f,10-14,5768,0
IN,2023,asian,non-hisp,m,15-19,5768,0
IN,2023,asian,non-hisp,f,15-19,5768,0
IN,2023,asian,non-hisp,m,20-24,5948,0
IN,2023,asian,non-hisp,f,20-24,5948,0
IN,2023,asian,non-hisp,m,25-29,6309,0
IN,2023,asian,non-hisp,f,25-29,6309,0
IN,2023,asian,non-hisp,m,30-34,6309,0
IN,2023,asian,non-hisp,f,30-34,6309,0
IN,2023,asian,non-hisp,m,35-39,6129,0
IN,2023,asian,non-hisp,f,35-39,6129,0
IN,2023,asian,non-hisp,m,40-44,5678,0
IN,2023,asian,non-hisp,f,40-44,5678,0
IN,2023,asian,non-hisp,m,45-49,5408,0
IN,2023,asian,non-hisp,f,45-49,5408,0
IN,2023,asian,non-hisp,m,50-54,5768,0
IN,2023,asian,non-hisp,f,50-54,5768,0
IN,2023,asian,non-hisp,m,55-59,6039,0
IN,2023,asian,non-hisp,f,55-59,6039,0
IN,2023,asian,non-hisp,m,60-64,5768,0
IN,2023,asian,non-hisp,f,60-64,5768,0
IN,2023,asian,non-hisp,m,65-69,4867,0
IN,2023,asian,non-hisp,f,65-69,4867,0
IN,2023,asian,non-hisp,m,70-74,4056,0
IN,2023,asian,non-hisp,f,70-74,4056,0
IN,2023,asian,non-hisp,m,75-79,2884,0
IN,2023,asian,non-hisp,f,75-79,2884,0
IN,2023,asian,non-hisp,m,80-84,1442,0
IN,2023,asian,non-hisp,f,80-84,2163,0
IN,2023,asian,non-hisp,m,85+,1514,0
IN,2023,asian,non-hisp,f,85+,2271,0
IN,2023,other,non-hisp,m,0-4,9386,0
IN,2023,other,non-hisp,f,0-4,9386,0
IN,2023,other,non-hisp,m,5-9,9709,0
IN,2023,other,non-hisp,f,5-9,9709,0
IN,2023,other,non-hisp,m,10-14,10357,0
IN,2023,other,non-hisp,f,10-14,10357,0
IN,2023,other,non-hisp,m,15-19,10357,0
IN,2023,other,non-hisp,f,15-19,10357,0
IN,2023,other,non-hisp,m,20-24,10680,0
IN,2023,other,non-hisp,f,20-24,10680,0
IN,2023,other,non-hisp,m,25-29,11327,0
IN,2023,other,non-hisp,f,25-29,11327,0
IN,2023,other,non-hisp,m,30-34,11327,0
IN,2023,other,non-hisp,f,30-34,11327,0
IN,2023,other,non-hisp,m,35-39,11004,0
IN,2023,other,non-hisp,f,35-39,11004,0
IN,2023,other,non-hisp,m,40-44,10195,0
IN,2023,other,non-hisp,f,40-44,10195,0
IN,2023,other,non-hisp,m,45-49,9709,0
IN,2023,other,non-hisp,f,45-49,9709,0
IN,2023,other,non-hisp,m,50-54,10357,0
IN,2023,other,non-hisp,f,50-54,10357,0
IN,2023,other,non-hisp,m,55-59,10842,0
IN,2023,other,non-hisp,f,55-59,10842,0
IN,2023,other,non-hisp,m,60-64,10357,0
IN,2023,other,non-hisp,f,60-64,10357,0
IN,2023,other,non-hisp,m,65-69,8738,0
IN,2023,other,non-hisp,f,65-69,8738,0
IN,2023,other,non-hisp,m,70-74,7282,0
IN,2023,other,non-hisp,f,70-74,7282,0
IN,2023,other,non-hisp,m,75-79,5178,0
IN,2023,other,non-hisp,f,75-79,5178,0
IN,2023,other,non-hisp,m,80-84,2589,0
IN,2023,other,non-hisp,f,80-84,3884,0
IN,2023,other,non-hisp,m,85+,2719,0
IN,2023,other,non-hisp,f,85+,4078,0
IN,2023,white,hisp,m,0-4,3108,0
IN,2023,white,hisp,f,0-4,3108,0
IN,2023,white,hisp,m,5-9,3215,0
IN,2023,white,hisp,f,5-9,3215,0
IN,2023,white,hisp,m,10-14,3429,0
IN,2023,white,hisp,f,10-14,3429,0
IN,2023,white,hisp,m,15-19,3429,0
IN,2023,white,hisp,f,15-19,3429,0
IN,2023,white,hisp,m,20-24,3537,0
IN,2023,white,hisp,f,20-24,3537,0
IN,2023,white,hisp,m,25-29,3751,0
IN,2023,white,hisp,f,25-29,3751,0
IN,2023,white,hisp,m,30-34,3751,0
IN,2023,white,hisp,f,30-34,3751,0
IN,2023,white,hisp,m,35-39,3644,0
IN,2023,white,hisp,f,35-39,3644,0
IN,2023,white,hisp,m,40-44,3376,0
IN,2023,white,hisp,f,40-44,3376,0
IN,2023,white,hisp,m,45-49,3215,0
IN,2023,white,hisp,f,45-49,3215,0
IN,2023,white,hisp,m,50-54,3429,0
IN,2023,white,hisp,f,50-54,3429,0
IN,2023,white,hisp,m,55-59,3590,0
IN,2023,white,hisp,f,55-59,3590,0
IN,2023,white,hisp,m,60-64,3429,0
IN,2023,white,hisp,f,60-64,3429,0
IN,2023,white,hisp,m,65-69,2894,0
IN,2023,white,hisp,f,65-69,2894,0
IN,2023,white,hisp,m,70-74,2411,0
IN,2023,white,hisp,f,70-74,2411,0
IN,2023,white,hisp,m,75-79,1715,0
IN,2023,white,hisp,f,75-79,1715,0
IN,2023,white,hisp,m,80-84,857,0
IN,2023,white,hisp,f,80-84,1286,0
IN,2023,white,hisp,m,85+,900,0
IN,2023,white,hisp,f,85+,1350,0
IN,2023,black,hisp,m,0-4,245,0
IN,2023,black,hisp,f,0-4,245,0
IN,2023,black,hisp,m,5-9,253,0
IN,2023,black,hisp,f,5-9,253,0
IN,2023,black,hisp,m,10-14,270,0
IN,2023,black,hisp,f,10-14,270,0
IN,2023,black,hisp,m,15-19,270,0
IN,2023,black,hisp,f,15-19,270,0
IN,2023,black,hisp,m,20-24,279,0
IN,2023,black,hisp,f,20-24,279,0
IN,2023,black,hisp,m,25-29,295,0
IN,2023,black,hisp,f,25-29,295,0
IN,2023,black,hisp,m,30-34,295,0
IN,2023,black,hisp,f,30-34,295,0
IN,2023,black,hisp,m,35-39,287,0
IN,2023,black,hisp,f,35-39,287,0
IN,2023,black,hisp,m,40-44,266,0
IN,2023,black,hisp,f,40-44,266,0
IN,2023,black,hisp,m,45-49,253,0
IN,2023,black,hisp,f,45-49,253,0
IN,2023,black,hisp,m,50-54,270,0
IN,2023,black,hisp,f,50-54,270,0
IN,2023,black,hisp,m,55-59,283,0
IN,2023,black,hisp,f,55-59,283,0
IN,2023,black,hisp,m,60-64,270,0
IN,2023,black,hisp,f,60-64,270,0
IN,2023,black,hisp,m,65-69,228,0
IN,2023,black,hisp,f,65-69,228,0
IN,2023,black,hisp,m,70-74,190,0
IN,2023,black,hisp,f,70-74,190,0
IN,2023,black,hisp,m,75-79,135,0
IN,2023,black,hisp,f,75-79,135,0
IN,2023,black,hisp,m,80-84,68,0
IN,2023,black,hisp,f,80-84,101,0
IN,2023,black,hisp,m,85+,71,0
IN,2023,black,hisp,f,85+,106,0
IN,2023,asian,hisp,m,0-4,67,0
IN,2023,asian,hisp,f,0-4,67,0
IN,2023,asian,hisp,m,5-9,69,0
IN,2023,asian,hisp,f,5-9,69,0
IN,2023,asian,hisp,m,10-14,73,0
IN,2023,asian,hisp,f,10-14,73,0
IN,2023,asian,hisp,m,15-19,73,0
IN,2023,asian,hisp,f,15-19,73,0
IN,2023,asian,hisp,m,20-24,76,0
IN,2023,asian,hisp,f,20-24,76,0
IN,2023,asian,hisp,m,25-29,80,0
IN,2023,asian,hisp,f,25-29,80,0
IN,2023,asian,hisp,m,30-34,80,0
IN,2023,asian,hisp,f,30-34,80,0
IN,2023,asian,hisp,m,35-39,78,0
IN,2023,asian,hisp,f,35-39,78,0
IN,2023,asian,hisp,m,40-44,72,0
IN,2023,asian,hisp,f,40-44,72,0
IN,2023,asian,hisp,m,45-49,69,0
IN,2023,asian,hisp,f,45-49,69,0
IN,2023,asian,hisp,m,50-54,73,0
IN,2023,asian,hisp,f,50-54,73,0
IN,2023,asian,hisp,m,55-59,77,0
IN,2023,asian,hisp,f,55-59,77,0
IN,2023,asian,hisp,m,60-64,73,0
IN,2023,asian,hisp,f,60-64,73,0
IN,2023,asian,hisp,m,65-69,62,0
IN,2023,asian,hisp,f,65-69,62,0
IN,2023,asian,hisp,m,70-74,52,0
IN,2023,asian,hisp,f,70-74,52,0
IN,2023,asian,hisp,m,75-79,37,0
IN,2023,asian,hisp,f,75-79,37,0
IN,2023,asian,hisp,m,80-84,18,0
IN,2023,asian,hisp,f,80-84,28,0
IN,2023,asian,hisp,m,85+,19,0
IN,2023,asian,hisp,f,85+,29,0
IN,2023,other,hisp,m,0-4,13916,0
IN,2023,other,hisp,f,0-4,13916,0
IN,2023,other,hisp,m,5-9,14396,0
IN,2023,other,hisp,f,5-9,14396,0
IN,2023,other,hisp,m,10-14,15356,0
IN,2023,other,hisp,f,10-14,15356,0
IN,2023,other,hisp,m,15-19,15356,0
IN,2023,other,hisp,f,15-19,15356,0
IN,2023,other,hisp,m,20-24,15836,0
IN,2023,other,hisp,f,20-24,15836,0
IN,2023,other,hisp,m,25-29,16796,0
IN,2023,other,hisp,f,25-29,16796,0
IN,2023,other,hisp,m,30-34,16796,0
IN,2023,other,hisp,f,30-34,16796,0
IN,2023,other,hisp,m,35-39,16316,0
IN,2023,other,hisp,f,35-39,16316,0
IN,2023,other,hisp,m,40-44,15116,0
IN,2023,other,hisp,f,40-44,15116,0
IN,2023,other,hisp,m,45-49,14396,0
IN,2023,other,hisp,f,45-49,14396,0
IN,2023,other,hisp,m,50-54,15356,0
IN,2023,other,hisp,f,50-54,15356,0
IN,2023,other,hisp,m,55-59,16076,0
IN,2023,other,hisp,f,55-59,16076,0
IN,2023,other,hisp,m,60-64,15356,0
IN,2023,other,hisp,f,60-64,15356,0
IN,2023,other,hisp,m,65-69,12957,0
IN,2023,other,hisp,f,65-69,12957,0
IN,2023,other,hisp,m,70-74,10797,0
IN,2023,other,hisp,f,70-74,10797,0
IN,2023,other,hisp,m,75-79,7678,0
IN,2023,other,hisp,f,75-79,7678,0
IN,2023,other,hisp,m,80-84,3839,0
IN,2023,other,hisp,f,80-84,5759,0
IN,2023,other,hisp,m,85+,4031,0
IN,2023,other,hisp,f,85+,6046,0
IA,2023,white,non-hisp,m,0-4,76618,0
IA,2023,white,non-hisp,f,0-4,76618,0
IA,2023,white,non-hisp,m,5-9,79260,0
IA,2023,white,non-hisp,f,5-9,79260,0
IA,2023,white,non-hisp,m,10-14,84544,0
IA,2023,white,non-hisp,f,10-14,84544,0
IA,2023,white,non-hisp,m,15-19,84544,0
IA,2023,white,non-hisp,f,15-19,84544,0
IA,2023,white,non-hisp,m,20-24,87186,0
IA,2023,white,non-hisp,f,20-24,87186,0
IA,2023,white,non-hisp,m,25-29,92470,0
IA,2023,white,non-hisp,f,25-29,92470,0
IA,2023,white,non-hisp,m,30-34,92470,0
IA,2023,white,non-hisp,f,30-34,92470,0
IA,2023,white,non-hisp,m,35-39,89828,0
IA,2023,white,non-hisp,f,35-39,89828,0
IA,2023,white,non-hisp,m,40-44,83223,0
IA,2023,white,non-hisp,f,40-44,83223,0
IA,2023,white,non-hisp,m,45-49,79260,0
IA,2023,white,non-hisp,f,45-49,79260,0
IA,2023,white,non-hisp,m,50-54,84544,0
IA,2023,white,non-hisp,f,50-54,84544,0
IA,2023,white,non-hisp,m,55-59,88507,0
IA,2023,white,non-hisp,f,55-59,88507,0
IA,2023,white,non-hisp,m,60-64,84544,0
IA,2023,white,non-hisp,f,60-64,84544,0
IA,2023,white,non-hisp,m,65-69,71334,0
IA,2023,white,non-hisp,f,65-69,71334,0
IA,2023,white,non-hisp,m,70-74,59445,0
IA,2023,white,non-hisp,f,70-74,59445,0
IA,2023,white,non-hisp,m,75-79,42272,0
IA,2023,white,non-hisp,f,75-79,42272,0
IA,2023,white,non-hisp,m,80-84,21136,0
IA,2023,white,non-hisp,f,80-84,31704,0
IA,2023,white,non-hisp,m,85+,22193,0
IA,2023,white,non-hisp,f,85+,33289,0
IA,2023,black,non-hisp,m,0-4,3659,0
IA,2023,black,non-hisp,f,0-4,3659,0
IA,2023,black,non-hisp,m,5-9,3785,0
IA,2023,black,non-hisp,f,5-9,3785,0
IA,2023,black,non-hisp,m,10-14,4038,0
IA,2023,black,non-hisp,f,10-14,4038,0
IA,2023,black,non-hisp,m,15-19,4038,0
IA,2023,black,non-hisp,f,15-19,4038,0
IA,2023,black,non-hisp,m,20-24,4164,0
IA,2023,black,non-hisp,f,20-24,4164,0
IA,2023,black,non-hisp,m,25-29,4416,0
IA,2023,black,non-hisp,f,25-29,4416,0
IA,2023,black,non-hisp,m,30-34,4416,0
IA,2023,black,non-hisp,f,30-34,4416,0
IA,2023,black,non-hisp,m,35-39,4290,0
IA,2023,black,non-hisp,f,35-39,4290,0
IA,2023,black,non-hisp,m,40-44,3974,0
IA,2023,black,non-hisp,f,40-44,3974,0
IA,2023,black,non-hisp,m,45-49,3785,0
IA,2023,black,non-hisp,f,45-49,3785,0
IA,2023,black,non-hisp,m,50-54,4038,0
IA,2023,black,non-hisp,f,50-54,4038,0
IA,2023,black,non-hisp,m,55-59,4227,0
IA,2023,black,non-hisp,f,55-59,4227,0
IA,2023,black,non-hisp,m,60-64,4038,0
IA,2023,black,non-hisp,f,60-64,4038,0
IA,2023,black,non-hisp,m,65-69,3407,0
IA,2023,black,non-hisp,f,65-69,3407,0
IA,2023,black,non-hisp,m,70-74,2839,0
IA,2023,black,non-hisp,f,70-74,2839,0
IA,2023,black,non-hisp,m,75-79,2019,0
IA,2023,black,non-hisp,f,75-79,2019,0
IA,2023,black,non-hisp,m,80-84,1009,0
IA,2023,black,non-hisp,f,80-84,1514,0
IA,2023,black,non-hisp,m,85+,1060,0
IA,2023,black,non-hisp,f,85+,1590,0
IA,2023,asian,non-hisp,m,0-4,2181,0
IA,2023,asian,non-hisp,f,0-4,2181,0
IA,2023,asian,non-hisp,m,5-9,2256,0
IA,2023,asian,non-hisp,f,5-9,2256,0
IA,2023,asian,non-hisp,m,10-14,2406,0
IA,2023,asian,non-hisp,f,10-14,2406,0
IA,2023,asian,non-hisp,m,15-19,2406,0
IA,2023,asian,non-hisp,f,15-19,2406,0
IA,2023,asian,non-hisp,m,20-24,2482,0
IA,2023,asian,non-hisp,f,20-24,2482,0
IA,2023,asian,non-hisp,m,25-29,2632,0
IA,2023,asian,non-hisp,f,25-29,2632,0
IA,2023,asian,non-hisp,m,30-34,2632,0
IA,2023,asian,non-hisp,f,30-34,2632,0
IA,2023,asian,non-hisp,m,35-39,2557,0
IA,2023,asian,non-hisp,f,35-39,2557,0
IA,2023,asian,non-hisp,m,40-44,2369,0
IA,2023,asian,non-hisp,f,40-44,2369,0
IA,2023,asian,non-hisp,m,45-49,2256,0
IA,2023,asian,non-hisp,f,45-49,2256,0
IA,2023,asian,non-hisp,m,50-54,2406,0
IA,2023,asian,non-hisp,f,50-54,2406,0
IA,2023,asian,non-hisp,m,55-59,2519,0
IA,2023,asian,non-hisp,f,55-59,2519,0
IA,2023,asian,non-hisp,m,60-64,2406,0
IA,2023,asian,non-hisp,f,60-64,2406,0
IA,2023,asian,non-hisp,m,65-69,2030,0
IA,2023,asian,non-hisp,f,65-69,2030,0
IA,2023,asian,non-hisp,m,70-74,1692,0
IA,2023,asian,non-hisp,f,70-74,1692,0
IA,2023,asian,non-hisp,m,75-79,1203,0
IA,2023,asian,non-hisp,f,75-79,1203,0
IA,2023,asian,non-hisp,m,80-84,602,0
IA,2023,asian,non-hisp,f,80-84,902,0
IA,2023,asian,non-hisp,m,85+,632,0
IA,2023,asian,non-hisp,f,85+,948,0
IA,2023,other,non-hisp,m,0-4,3755,0
IA,2023,other,non-hisp,f,0-4,3755,0
IA,2023,other,non-hisp,m,5-9,3885,0
IA,2023,other,non-hisp,f,5-9,3885,0
IA,2023,other,non-hisp,m,10-14,4144,0
IA,2023,other,non-hisp,f,10-14,4144,0
IA,2023,other,non-hisp,m,15-19,4144,0
IA,2023,other,non-hisp,f,15-19,4144,0
IA,2023,other,non-hisp,m,20-24,4273,0
IA,2023,other,non-hisp,f,20-24,4273,0
IA,2023,other,non-hisp,m,25-29,4532,0
IA,2023,other,non-hisp,f,25-29,4532,0
IA,2023,other,non-hisp,m,30-34,4532,0
IA,2023,other,non-hisp,f,30-34,4532,0
IA,2023,other,non-hisp,m,35-39,4403,0
IA,2023,other,non-hisp,f,35-39,4403,0
IA,2023,other,non-hisp,m,40-44,4079,0
IA,2023,other,non-hisp,f,40-44,4079,0
IA,2023,other,non-hisp,m,45-49,3885,0
IA,2023,other,non-hisp,f,45-49,3885,0
IA,2023,other,non-hisp,m,50-54,4144,0
IA,2023,other,non-hisp,f,50-54,4144,0
IA,2023,other,non-hisp,m,55-59,4338,0
IA,2023,other,non-hisp,f,55-59,4338,0
IA,2023,other,non-hisp,m,60-64,4144,0
IA,2023,other,non-hisp,f,60-64,4144,0
IA,2023,other,non-hisp,m,65-69,3496,0
IA,2023,other,non-hisp,f,65-69,3496,0
IA,2023,other,non-hisp,m,70-74,2914,0
IA,2023,other,non-hisp,f,70-74,2914,0
IA,2023,other,non-hisp,m,75-79,2072,0
IA,2023,other,non-hisp,f,75-79,2072,0
IA,2023,other,non-hisp,m,80-84,1036,0
IA,2023,other,non-hisp,f,80-84,1554,0
IA,2023,other,non-hisp,m,85+,1088,0
IA,2023,other,non-hisp,f,85+,1632,0
IA,2023,white,hisp,m,0-4,1720,0
IA,2023,white,hisp,f,0-4,1720,0
IA,2023,white,hisp,m,5-9,1780,0
IA,2023,white,hisp,f,5-9,1780,0
IA,2023,white,hisp,m,10-14,1898,0
IA,2023,white,hisp,f,10-14,1898,0
IA,2023,white,hisp,m,15-19,1898,0
IA,2023,white,hisp,f,15-19,1898,0
IA,2023,white,hisp,m,20-24,1958,0
IA,2023,white,hisp,f,20-24,1958,0
IA,2023,white,hisp,m,25-29,2076,0
IA,2023,white,hisp,f,25-29,2076,0
IA,2023,white,hisp,m,30-34,2076,0
IA,2023,white,hisp,f,30-34,2076,0
IA,2023,white,hisp,m,35-39,2017,0
IA,2023,white,hisp,f,35-39,2017,0
IA,2023,white,hisp,m,40-44,1869,0
IA,2023,white,hisp,f,40-44,1869,0
IA,2023,white,hisp,m,45-49,1780,0
IA,2023,white,hisp,f,45-49,1780,0
IA,2023,white,hisp,m,50-54,1898,0
IA,2023,white,hisp,f,50-54,1898,0
IA,2023,white,hisp,m,55-59,1987,0
IA,2023,white,hisp,f,55-59,1987,0
IA,2023,white,hisp,m,60-64,1898,0
IA,2023,white,hisp,f,60-64,1898,0
IA,2023,white,hisp,m,65-69,1602,0
IA,2023,white,hisp,f,65-69,1602,0
IA,2023,white,hisp,m,70-74,1335,0
IA,2023,white,hisp,f,70-74,1335,0
IA,2023,white,hisp,m,75-79,949,0
IA,2023,white,hisp,f,75-79,949,0
IA,2023,white,hisp,m,80-84,475,0
IA,2023,white,hisp,f,80-84,712,0
IA,2023,white,hisp,m,85+,498,0
IA,2023,white,hisp,f,85+,747,0
IA,2023,black,hisp,m,0-4,79,0
IA,2023,black,hisp,f,0-4,79,0
IA,2023,black,hisp,m,5-9,81,0
IA,2023,black,hisp,f,5-9,81,0
IA,2023,black,hisp,m,10-14,87,0
IA,2023,black,hisp,f,10-14,87,0
IA,2023,black,hisp,m,15-19,87,0
IA,2023,black,hisp,f,15-19,87,0
IA,2023,black,hisp,m,20-24,89,0
IA,2023,black,hisp,f,20-24,89,0
IA,2023,black,hisp,m,25-29,95,0
IA,2023,black,hisp,f,25-29,95,0
IA,2023,black,hisp,m,30-34,95,0
IA,2023,black,hisp,f,30-34,95,0
IA,2023,black,hisp,m,35-39,92,0
IA,2023,black,hisp,f,35-39,92,0
IA,2023,black,hisp,m,40-44,85,0
IA,2023,black,hisp,f,40-44,85,0
IA,2023,black,hisp,m,45-49,81,0
IA,2023,black,hisp,f,45-49,81,0
IA,2023,black,hisp,m,50-54,87,0
IA,2023,black,hisp,f,50-54,87,0
IA,2023,black,hisp,m,55-59,91,0
IA,2023,black,hisp,f,55-59,91,0
IA,2023,black,hisp,m,60-64,87,0
IA,2023,black,hisp,f,60-64,87,0
IA,2023,black,hisp,m,65-69,73,0
IA,2023,black,hisp,f,65-69,73,0
IA,2023,black,hisp,m,70-74,61,0
IA,2023,black,hisp,f,70-74,61,0
IA,2023,black,hisp,m,75-79,43,0
IA,2023,black,hisp,f,75-79,43,0
IA,2023,black,hisp,m,80-84,22,0
IA,2023,black,hisp,f,80-84,33,0
IA,2023,black,hisp,m,85+,23,0
IA,2023,black,hisp,f,85+,34,0
IA,2023,asian,hisp,m,0-4,18,0
IA,2023,asian,hisp,f,0-4,18,0
IA,2023,asian,hisp,m,5-9,18,0
IA,2023,asian,hisp,f,5-9,18,0
IA,2023,asian,hisp,m,10-14,19,0
IA,2023,asian,hisp,f,10-14,19,0
IA,2023,asian,hisp,m,15-19,19,0
IA,2023,asian,hisp,f,15-19,19,0
IA,2023,asian,hisp,m,20-24,20,0
IA,2023,asian,hisp,f,20-24,20,0
IA,2023,asian,hisp,m,25-29,21,0
IA,2023,asian,hisp,f,25-29,21,0
IA,2023,asian,hisp,m,30-34,21,0
IA,2023,asian,hisp,f,30-34,21,0
IA,2023,asian,hisp,m,35-39,21,0
IA,2023,asian,hisp,f,35-39,21,0
IA,2023,asian,hisp,m,40-44,19,0
IA,2023,asian,hisp,f,40-44,19,0
IA,2023,asian,hisp,m,45-49,18,0
IA,2023,asian,hisp,f,45-49,18,0
IA,2023,asian,hisp,m,50-54,19,0
IA,2023,asian,hisp,f,50-54,19,0
IA,2023,asian,hisp,m,55-59,20,0
IA,2023,asian,hisp,f,55-59,20,0
IA,2023,asian,hisp,m,60-64,19,0
IA,2023,asian,hisp,f,60-64,19,0
IA,2023,asian,hisp,m,65-69,16,0
IA,2023,asian,hisp,f,65-69,16,0
IA,2023,asian,hisp,m,70-74,14,0
IA,2023,asian,hisp,f,70-74,14,0
IA,2023,asian,hisp,m,75-79,10,0
IA,2023,asian,hisp,f,75-79,10,0
IA,2023,asian,hisp,m,80-84,5,0
IA,2023,asian,hisp,f,80-84,7,0
IA,2023,asian,hisp,m,85+,5,0
IA,2023,asian,hisp,f,85+,8,0
IA,2023,other,hisp,m,0-4,4974,0
IA,2023,other,hisp,f,0-4,4974,0
IA,2023,other,hisp,m,5-9,5145,0
IA,2023,other,hisp,f,5-9,5145,0
IA,2023,other,hisp,m,10-14,5488,0
IA,2023,other,hisp,f,10-14,5488,0
IA,2023,other,hisp,m,15-19,5488,0
IA,2023,other,hisp,f,15-19,5488,0
IA,2023,other,hisp,m,20-24,5660,0
IA,2023,other,hisp,f,20-24,5660,0
IA,2023,other,hisp,m,25-29,6003,0
IA,2023,other,hisp,f,25-29,6003,0
IA,2023,other,hisp,m,30-34,6003,0
IA,2023,other,hisp,f,30-34,6003,0
IA,2023,other,hisp,m,35-39,5831,0
IA,2023,other,hisp,f,35-39,5831,0
IA,2023,other,hisp,m,40-44,5403,0
IA,2023,other,hisp,f,40-44,5403,0
IA,2023,other,hisp,m,45-49,5145,0
IA,2023,other,hisp,f,45-49,5145,0
IA,2023,other,hisp,m,50-54,5488,0
IA,2023,other,hisp,f,50-54,5488,0
IA,2023,other,hisp,m,55-59,5746,0
IA,2023,other,hisp,f,55-59,5746,0
IA,2023,other,hisp,m,60-64,5488,0
IA,2023,other,hisp,f,60-64,5488,0
IA,2023,other,hisp,m,65-69,4631,0
IA,2023,other,hisp,f,65-69,4631,0
IA,2023,other,hisp,m,70-74,3859,0
IA,2023,other,hisp,f,70-74,3859,0
IA,2023,other,hisp,m,75-79,2744,0
IA,2023,other,hisp,f,75-79,2744,0
IA,2023,other,hisp,m,80-84,1372,0
IA,2023,other,hisp,f,80-84,2058,0
IA,2023,other,hisp,m,85+,1441,0
IA,2023,other,hisp,f,85+,2161,0
KS,2023,white,non-hisp,m,0-4,62035,0
KS,2023,white,non-hisp,f,0-4,62035,0
KS,2023,white,non-hisp,m,5-9,64175,0
KS,2023,white,non-hisp,f,5-9,64175,0
KS,2023,white,non-hisp,m,10-14,68453,0
KS,2023,white,non-hisp,f,10-14,68453,0
KS,2023,white,non-hisp,m,15-19,68453,0
KS,2023,white,non-hisp,f,15-19,68453,0
KS,2023,white,non-hisp,m,20-24,70592,0
KS,2023,white,non-hisp,f,20-24,70592,0
KS,2023,white,non-hisp,m,25-29,74870,0
KS,2023,white,non-hisp,f,25-29,74870,0
KS,2023,white,non-hisp,m,30-34,74870,0
KS,2023,white,non-hisp,f,30-34,74870,0
KS,2023,white,non-hisp,m,35-39,72731,0
KS,2023,white,non-hisp,f,35-39,72731,0
KS,2023,white,non-hisp,m,40-44,67383,0
KS,2023,white,non-hisp,f,40-44,67383,0
KS,2023,white,non-hisp,m,45-49,64175,0
KS,2023,white,non-hisp,f,45-49,64175,0
KS,2023,white,non-hisp,m,50-54,68453,0
KS,2023,white,non-hisp,f,50-54,68453,0
KS,2023,white,non-hisp,m,55-59,71662,0
KS,2023,white,non-hisp,f,55-59,71662,0
KS,2023,white,non-hisp,m,60-64,68453,0
KS,2023,white,non-hisp,f,60-64,68453,0
KS,2023,white,non-hisp,m,65-69,57757,0
KS,2023,white,non-hisp,f,65-69,57757,0
KS,2023,white,non-hisp,m,70-74,48131,0
KS,2023,white,non-hisp,f,70-74,48131,0
KS,2023,white,non-hisp,m,75-79,34226,0
KS,2023,white,non-hisp,f,75-79,34226,0
KS,2023,white,non-hisp,m,80-84,17113,0
KS,2023,white,non-hisp,f,80-84,25670,0
KS,2023,white,non-hisp,m,85+,17969,0
KS,2023,white,non-hisp,f,85+,26953,0
KS,2023,black,non-hisp,m,0-4,4453,0
KS,2023,black,non-hisp,f,0-4,4453,0
KS,2023,black,non-hisp,m,5-9,4606,0
KS,2023,black,non-hisp,f,5-9,4606,0
KS,2023,black,non-hisp,m,10-14,4913,0
KS,2023,black,non-hisp,f,10-14,4913,0
KS,2023,black,non-hisp,m,15-19,4913,0
KS,2023,black,non-hisp,f,15-19,4913,0
KS,2023,black,non-hisp,m,20-24,5067,0
KS,2023,black,non-hisp,f,20-24,5067,0
KS,2023,black,non-hisp,m,25-29,5374,0
KS,2023,black,non-hisp,f,25-29,5374,0
KS,2023,black,non-hisp,m,30-34,5374,0
KS,2023,black,non-hisp,f,30-34,5374,0
KS,2023,black,non-hisp,m,35-39,5221,0
KS,2023,black,non-hisp,f,35-39,5221,0
KS,2023,black,non-hisp,m,40-44,4837,0
KS,2023,black,non-hisp,f,40-44,4837,0
KS,2023,black,non-hisp,m,45-49,4606,0
KS,2023,black,non-hisp,f,45-49,4606,0
KS,2023,black,non-hisp,m,50-54,4913,0
KS,2023,black,non-hisp,f,50-54,4913,0
KS,2023,black,non-hisp,m,55-59,5144,0
KS,2023,black,non-hisp,f,55-59,5144,0
KS,2023,black,non-hisp,m,60-64,4913,0
KS,2023,black,non-hisp,f,60-64,4913,0
KS,2023,black,non-hisp,m,65-69,4146,0
KS,2023,black,non-hisp,f,65-69,4146,0
KS,2023,black,non-hisp,m,70-74,3455,0
KS,2023,black,non-hisp,f,70-74,3455,0
KS,2023,black,non-hisp,m,75-79,2457,0
KS,2023,black,non-hisp,f,75-79,2457,0
KS,2023,black,non-hisp,m,80-84,1228,0
KS,2023,black,non-hisp,f,80-84,1843,0
KS,2023,black,non-hisp,m,85+,1290,0
KS,2023,black,non-hisp,f,85+,1935,0
KS,2023,asian,non-hisp,m,0-4,2212,0
KS,2023,asian,non-hisp,f,0-4,2212,0
KS,2023,asian,non-hisp,m,5-9,2289,0
KS,2023,asian,non-hisp,f,5-9,2289,0
KS,2023,asian,non-hisp,m,10-14,2441,0
KS,2023,asian,non-hisp,f,10-14,2441,0
KS,2023,asian,non-hisp,m,15-19,2441,0
KS,2023,asian,non-hisp,f,15-19,2441,0
KS,2023,asian,non-hisp,m,20-24,2518,0
KS,2023,asian,non-hisp,f,20-24,2518,0
KS,2023,asian,non-hisp,m,25-29,2670,0
KS,2023,asian,non-hisp,f,25-29,2670,0
KS,2023,asian,non-hisp,m,30-34,2670,0
KS,2023,asian,non-hisp,f,30-34,2670,0
KS,2023,asian,non-hisp,m,35-39,2594,0
KS,2023,asian,non-hisp,f,35-39,2594,0
KS,2023,asian,non-hisp,m,40-44,2403,0
KS,2023,asian,non-hisp,f,40-44,2403,0
KS,2023,asian,non-hisp,m,45-49,2289,0
KS,2023,asian,non-hisp,f,45-49,2289,0
KS,2023,asian,non-hisp,m,50-54,2441,0
KS,2023,asian,non-hisp,f,50-54,2441,0
KS,2023,asian,non-hisp,m,55-59,2556,0
KS,2023,asian,non-hisp,f,55-59,2556,0
KS,2023,asian,non-hisp,m,60-64,2441,0
KS,2023,asian,non-hisp,f,60-64,2441,0
KS,2023,asian,non-hisp,m,65-69,2060,0
KS,2023,asian,non-hisp,f,65-69,2060,0
KS,2023,asian,non-hisp,m,70-74,1716,0
KS,2023,asian,non-hisp,f,70-74,1716,0
KS,2023,asian,non-hisp,m,75-79,1221,0
KS,2023,asian,non-hisp,f,75-79,1221,0
KS,2023,asian,non-hisp,m,80-84,610,0
KS,2023,asian,non-hisp,f,80-84,915,0
KS,2023,asian,non-hisp,m,85+,641,0
KS,2023,asian,non-hisp,f,85+,961,0
KS,2023,other,non-hisp,m,0-4,4927,0
KS,2023,other,non-hisp,f,0-4,4927,0
KS,2023,other,non-hisp,m,5-9,5097,0
KS,2023,other,non-hisp,f,5-9,5097,0
KS,2023,other,non-hisp,m,10-14,5436,0
KS,2023,other,non-hisp,f,10-14,5436,0
KS,2023,other,non-hisp,m,15-19,5436,0
KS,2023,other,non-hisp,f,15-19,5436,0
KS,2023,other,non-hisp,m,20-24,5606,0
KS,2023,other,non-hisp,f,20-24,5606,0
KS,2023,other,non-hisp,m,25-29,5946,0
KS,2023,other,non-hisp,f,25-29,5946,0
KS,2023,other,non-hisp,m,30-34,5946,0
KS,2023,other,non-hisp,f,30-34,5946,0
KS,2023,other,non-hisp,m,35-39,5776,0
KS,2023,other,non-hisp,f,35-39,5776,0
KS,2023,other,non-hisp,m,40-44,5351,0
KS,2023,other,non-hisp,f,40-44,5351,0
KS,2023,other,non-hisp,m,45-49,5097,0
KS,2023,other,non-hisp,f,45-49,5097,0
KS,2023,other,non-hisp,m,50-54,5436,0
KS,2023,other,non-hisp,f,50-54,5436,0
KS,2023,other,non-hisp,m,55-59,5691,0
KS,2023,other,non-hisp,f,55-59,5691,0
KS,2023,other,non-hisp,m,60-64,5436,0
KS,2023,other,non-hisp,f,60-64,5436,0
KS,2023,other,non-hisp,m,65-69,4587,0
KS,2023,other,non-hisp,f,65-69,4587,0
KS,2023,other,non-hisp,m,70-74,3822,0
KS,2023,other,non-hisp,f,70-74,3822,0
KS,2023,other,non-hisp,m,75-79,2718,0
KS,2023,other,non-hisp,f,75-79,2718,0
KS,2023,other,non-hisp,m,80-84,1359,0
KS,2023,other,non-hisp,f,80-84,2039,0
KS,2023,other,non-hisp,m,85+,1427,0
KS,2023,other,non-hisp,f,85+,2141,0
KS,2023,white,hisp,m,0-4,2691,0
KS,2023,white,hisp,f,0-4,2691,0
KS,2023,white,hisp,m,5-9,2783,0
KS,2023,white,hisp,f,5-9,2783,0
KS,2023,white,hisp,m,10-14,2969,0
KS,2023,white,hisp,f,10-14,2969,0
KS,2023,white,hisp,m,15-19,2969,0
KS,2023,white,hisp,f,15-19,2969,0
KS,2023,white,hisp,m,20-24,3062,0
KS,2023,white,hisp,f,20-24,3062,0
KS,2023,white,hisp,m,25-29,3247,0
KS,2023,white,hisp,f,25-29,3247,0
KS,2023,white,hisp,m,30-34,3247,0
KS,2023,white,hisp,f,30-34,3247,0
KS,2023,white,hisp,m,35-39,3155,0
KS,2023,white,hisp,f,35-39,3155,0
KS,2023,white,hisp,m,40-44,2923,0
KS,2023,white,hisp,f,40-44,2923,0
KS,2023,white,hisp,m,45-49,2783,0
KS,2023,white,hisp,f,45-49,2783,0
KS,2023,white,hisp,m,50-54,2969,0
KS,2023,white,hisp,f,50-54,2969,0
KS,2023,white,hisp,m,55-59,3108,0
KS,2023,white,hisp,f,55-59,3108,0
KS,2023,white,hisp,m,60-64,2969,0
KS,2023,white,hisp,f,60-64,2969,0
KS,2023,white,hisp,m,65-69,2505,0
KS,2023,white,hisp,f,65-69,2505,0
KS,2023,white,hisp,m,70-74,2088,0
KS,2023,white,hisp,f,70-74,2088,0
KS,2023,white,hisp,m,75-79,1484,0
KS,2023,white,hisp,f,75-79,1484,0
KS,2023,white,hisp,m,80-84,742,0
KS,2023,white,hisp,f,80-84,1113,0
KS,2023,white,hisp,m,85+,779,0
KS,2023,white,hisp,f,85+,1169,0
KS,2023,black,hisp,m,0-4,101,0
KS,2023,black,hisp,f,0-4,101,0
KS,2023,black,hisp,m,5-9,105,0
KS,2023,black,hisp,f,5-9,105,0
KS,2023,black,hisp,m,10-14,112,0
KS,2023,black,hisp,f,10-14,112,0
KS,2023,black,hisp,m,15-19,112,0
KS,2023,black,hisp,f,15-19,112,0
KS,2023,black,hisp,m,20-24,115,0
KS,2023,black,hisp,f,20-24,115,0
KS,2023,black,hisp,m,25-29,122,0
KS,2023,black,hisp,f,25-29,122,0
KS,2023,black,hisp,m,30-34,122,0
KS,2023,black,hisp,f,30-34,122,0
KS,2023,black,hisp,m,35-39,119,0
KS,2023,black,hisp,f,35-39,119,0
KS,2023,black,hisp,m,40-44,110,0
KS,2023,black,hisp,f,40-44,110,0
KS,2023,black,hisp,m,45-49,105,0
KS,2023,black,hisp,f,45-49,105,0
KS,2023,black,hisp,m,50-54,112,0
KS,2023,black,hisp,f,50-54,112,0
KS,2023,black,hisp,m,55-59,117,0
KS,2023,black,hisp,f,55-59,117,0
KS,2023,black,hisp,m,60-64,112,0
KS,2023,black,hisp,f,60-64,112,0
KS,2023,black,hisp,m,65-69,94,0
KS,2023,black,hisp,f,65-69,94,0
KS,2023,black,hisp,m,70-74,79,0
KS,2023,black,hisp,f,70-74,79,0
KS,2023,black,hisp,m,75-79,56,0
KS,2023,black,hisp,f,75-79,56,0
KS,2023,black,hisp,m,80-84,28,0
KS,2023,black,hisp,f,80-84,42,0
KS,2023,black,hisp,m,85+,29,0
KS,2023,black,hisp,f,85+,44,0
KS,2023,asian,hisp,m,0-4,28,0
KS,2023,asian,hisp,f,0-4,28,0
KS,2023,asian,hisp,m,5-9,29,0
KS,2023,asian,hisp,f,5-9,29,0
KS,2023,asian,hisp,m,10-14,31,0
KS,2023,asian,hisp,f,10-14,31,0
KS,2023,asian,hisp,m,15-19,31,0
KS,2023,asian,hisp,f,15-19,31,0
KS,2023,asian,hisp,m,20-24,32,0
KS,2023,asian,hisp,f,20-24,32,0
KS,2023,asian,hisp,m,25-29,34,0
KS,2023,asian,hisp,f,25-29,34,0
KS,2023,asian,hisp,m,30-34,34,0
KS,2023,asian,hisp,f,30-34,34,0
KS,2023,asian,hisp,m,35-39,33,0
KS,2023,asian,hisp,f,35-39,33,0
KS,2023,asian,hisp,m,40-44,30,0
KS,2023,asian,hisp,f,40-44,30,0
KS,2023,asian,hisp,m,45-49,29,0
KS,2023,asian,hisp,f,45-49,29,0
KS,2023,asian,hisp,m,50-54,31,0
KS,2023,asian,hisp,f,50-54,31,0
KS,2023,asian,hisp,m,55-59,32,0
KS,2023,asian,hisp,f,55-59,32,0
KS,2023,asian,hisp,m,60-64,31,0
KS,2023,asian,hisp,f,60-64,31,0
KS,2023,asian,hisp,m,65-69,26,0
KS,2023,asian,hisp,f,65-69,26,0
KS,2023,asian,hisp,m,70-74,22,0
KS,2023,asian,hisp,f,70-74,22,0
KS,2023,asian,hisp,m,75-79,15,0
KS,2023,asian,hisp,f,75-79,15,0
KS,2023,asian,hisp,m,80-84,8,0
KS,2023,asian,hisp,f,80-84,12,0
KS,2023,asian,hisp,m,85+,8,0
KS,2023,asian,hisp,f,85+,12,0
KS,2023,other,hisp,m,0-4,8829,0
KS,2023,other,hisp,f,0-4,8829,0
KS,2023,other,hisp,m,5-9,9133,0
KS,2023,other,hisp,f,5-9,9133,0
KS,2023,other,hisp,m,10-14,9742,0
KS,2023,other,hisp,f,10-14,9742,0
KS,2023,other,hisp,m,15-19,9742,0
KS,2023,other,hisp,f,15-19,9742,0
KS,2023,other,hisp,m,20-24,10046,0
KS,2023,other,hisp,f,20-24,10046,0
KS,2023,other,hisp,m,25-29,10655,0
KS,2023,other,hisp,f,25-29,10655,0
KS,2023,other,hisp,m,30-34,10655,0
KS,2023,other,hisp,f,30-34,10655,0
KS,2023,other,hisp,m,35-39,10351,0
KS,2023,other,hisp,f,35-39,10351,0
KS,2023,other,hisp,m,40-44,9590,0
KS,2023,other,hisp,f,40-44,9590,0
KS,2023,other,hisp,m,45-49,9133,0
KS,2023,other,hisp,f,45-49,9133,0
KS,2023,other,hisp,m,50-54,9742,0
KS,2023,other,hisp,f,50-54,9742,0
KS,2023,other,hisp,m,55-59,10199,0
KS,2023,other,hisp,f,55-59,10199,0
KS,2023,other,hisp,m,60-64,9742,0
KS,2023,other,hisp,f,60-64,9742,0
KS,2023,other,hisp,m,65-69,8220,0
KS,2023,other,hisp,f,65-69,8220,0
KS,2023,other,hisp,m,70-74,6850,0
KS,2023,other,hisp,f,70-74,6850,0
KS,2023,other,hisp,m,75-79,4871,0
KS,2023,other,hisp,f,75-79,4871,0
KS,2023,other,hisp,m,80-84,2436,0
KS,2023,other,hisp,f,80-84,3653,0
KS,2023,other,hisp,m,85+,2557,0
KS,2023,other,hisp,f,85+,3836,0
KY,2023,white,non-hisp,m,0-4,107027,0
KY,2023,white,non-hisp,f,0-4,107027,0
KY,2023,white,non-hisp,m,5-9,110717,0
KY,2023,white,non-hisp,f,5-9,110717,0
KY,2023,white,non-hisp,m,10-14,118098,0
KY,2023,white,non-hisp,f,10-14,118098,0
KY,2023,white,non-hisp,m,15-19,118098,0
KY,2023,white,non-hisp,f,15-19,118098,0
KY,2023,white,non-hisp,m,20-24,121789,0
KY,2023,white,non-hisp,f,20-24,121789,0
KY,2023,white,non-hisp,m,25-29,129170,0
KY,2023,white,non-hisp,f,25-29,129170,0
KY,2023,white,non-hisp,m,30-34,129170,0
KY,2023,white,non-hisp,f,30-34,129170,0
KY,2023,white,non-hisp,m,35-39,125480,0
KY,2023,white,non-hisp,f,35-39,125480,0
KY,2023,white,non-hisp,m,40-44,116253,0
KY,2023,white,non-hisp,f,40-44,116253,0
KY,2023,white,non-hisp,m,45-49,110717,0
KY,2023,white,non-hisp,f,45-49,110717,0
KY,2023,white,non-hisp,m,50-54,118098,0
KY,2023,white,non-hisp,f,50-54,118098,0
KY,2023,white,non-hisp,m,55-59,123634,0
KY,2023,white,non-hisp,f,55-59,123634,0
KY,2023,white,non-hisp,m,60-64,118098,0
KY,2023,white,non-hisp,f,60-64,118098,0
KY,2023,white,non-hisp,m,65-69,99646,0
KY,2023,white,non-hisp,f,65-69,99646,0
KY,2023,white,non-hisp,m,70-74,83038,0
KY,2023,white,non-hisp,f,70-74,83038,0
KY,2023,white,non-hisp,m,75-79,59049,0
KY,2023,white,non-hisp,f,75-79,59049,0
KY,2023,white,non-hisp,m,80-84,29525,0
KY,2023,white,non-hisp,f,80-84,44287,0
KY,2023,white,non-hisp,m,85+,31001,0
KY,2023,white,non-hisp,f,85+,46501,0
KY,2023,black,non-hisp,m,0-4,9690,0
KY,2023,black,non-hisp,f,0-4,9690,0
KY,2023,black,non-hisp,m,5-9,10025,0
KY,2023,black,non-hisp,f,5-9,10025,0
KY,2023,black,non-hisp,m,10-14,10693,0
KY,2023,black,non-hisp,f,10-14,10693,0
KY,2023,black,non-hisp,m,15-19,10693,0
KY,2023,black,non-hisp,f,15-19,10693,0
KY,2023,black,non-hisp,m,20-24,11027,0
KY,2023,black,non-hisp,f,20-24,11027,0
KY,2023,black,non-hisp,m,25-29,11695,0
KY,2023,black,non-hisp,f,25-29,11695,0
KY,2023,black,non-hisp,m,30-34,11695,0
KY,2023,black,non-hisp,f,30-34,11695,0
KY,2023,black,non-hisp,m,35-39,11361,0
KY,2023,black,non-hisp,f,35-39,11361,0
KY,2023,black,non-hisp,m,40-44,10526,0
KY,2023,black,non-hisp,f,40-44,10526,0
KY,2023,black,non-hisp,m,45-49,10025,0
KY,2023,black,non-hisp,f,45-49,10025,0
KY,2023,black,non-hisp,m,50-54,10693,0
KY,2023,black,non-hisp,f,50-54,10693,0
KY,2023,black,non-hisp,m,55-59,11194,0
KY,2023,black,non-hisp,f,55-59,11194,0
KY,2023,black,non-hisp,m,60-64,10693,0
KY,2023,black,non-hisp,f,60-64,10693,0
KY,2023,black,non-hisp,m,65-69,9022,0
KY,2023,black,non-hisp,f,65-69,9022,0
KY,2023,black,non-hisp,m,70-74,7518,0
KY,2023,black,non-hisp,f,70-74,7518,0
KY,2023,black,non-hisp,m,75-79,5346,0
KY,2023,black,non-hisp,f,75-79,5346,0
KY,2023,black,non-hisp,m,80-84,2673,0
KY,2023,black,non-hisp,f,80-84,4010,0
KY,2023,black,non-hisp,m,85+,2807,0
KY,2023,black,non-hisp,f,85+,4210,0
KY,2023,asian,non-hisp,m,0-4,1861,0
KY,2023,asian,non-hisp,f,0-4,1861,0
KY,2023,asian,non-hisp,m,5-9,1925,0
KY,2023,asian,non-hisp,f,5-9,1925,0
KY,2023,asian,non-hisp,m,10-14,2053,0
KY,2023,asian,non-hisp,f,10-14,2053,0
KY,2023,asian,non-hisp,m,15-19,2053,0
KY,2023,asian,non-hisp,f,15-19,2053,0
KY,2023,asian,non-hisp,m,20-24,2117,0
KY,2023,asian,non-hisp,f,20-24,2117,0
KY,2023,asian,non-hisp,m,25-29,2245,0
KY,2023,asian,non-hisp,f,25-29,2245,0
KY,2023,asian,non-hisp,m,30-34,2245,0
KY,2023,asian,non-hisp,f,30-34,2245,0
KY,2023,asian,non-hisp,m,35-39,2181,0
KY,2023,asian,non-hisp,f,35-39,2181,0
KY,2023,asian,non-hisp,m,40-44,2021,0
KY,2023,asian,non-hisp,f,40-44,2021,0
KY,2023,asian,non-hisp,m,45-49,1925,0
KY,2023,asian,non-hisp,f,45-49,1925,0
KY,2023,asian,non-hisp,m,50-54,2053,0
KY,2023,asian,non-hisp,f,50-54,2053,0
KY,2023,asian,non-hisp,m,55-59,2149,0
KY,2023,asian,non-hisp,f,55-59,2149,0
KY,2023,asian,non-hisp,m,60-64,2053,0
KY,2023,asian,non-hisp,f,60-64,2053,0
KY,2023,asian,non-hisp,m,65-69,1732,0
KY,2023,asian,non-hisp,f,65-69,1732,0
KY,2023,asian,non-hisp,m,70-74,1444,0
KY,2023,asian,non-hisp,f,70-74,1444,0
KY,2023,asian,non-hisp,m,75-79,1027,0
KY,2023,asian,non-hisp,f,75-79,1027,0
KY,2023,asian,non-hisp,m,80-84,513,0
KY,2023,asian,non-hisp,f,80-84,770,0
KY,2023,asian,non-hisp,m,85+,539,0
KY,2023,asian,non-hisp,f,85+,808,0
KY,2023,other,non-hisp,m,0-4,6314,0
KY,2023,other,non-hisp,f,0-4,6314,0
KY,2023,other,non-hisp,m,5-9,6532,0
KY,2023,other,non-hisp,f,5-9,6532,0
KY,2023,other,non-hisp,m,10-14,6967,0
KY,2023,other,non-hisp,f,10-14,6967,0
KY,2023,other,non-hisp,m,15-19,6967,0
KY,2023,other,non-hisp,f,15-19,6967,0
KY,2023,other,non-hisp,m,20-24,7185,0
KY,2023,other,non-hisp,f,20-24,7185,0
KY,2023,other,non-hisp,m,25-29,7620,0
KY,2023,other,non-hisp,f,25-29,7620,0
KY,2023,other,non-hisp,m,30-34,7620,0
KY,2023,other,non-hisp,f,30-34,7620,0
KY,2023,other,non-hisp,m,35-39,7403,0
KY,2023,other,non-hisp,f,35-39,7403,0
KY,2023,other,non-hisp,m,40-44,6858,0
KY,2023,other,non-hisp,f,40-44,6858,0
KY,2023,other,non-hisp,m,45-49,6532,0
KY,2023,other,non-hisp,f,45-49,6532,0
KY,2023,other,non-hisp,m,50-54,6967,0
KY,2023,other,non-hisp,f,50-54,6967,0
KY,2023,other,non-hisp,m,55-59,7294,0
KY,2023,other,non-hisp,f,55-59,7294,0
KY,2023,other,non-hisp,m,60-64,6967,0
KY,2023,other,non-hisp,f,60-64,6967,0
KY,2023,other,non-hisp,m,65-69,5879,0
KY,2023,other,non-hisp,f,65-69,5879,0
KY,2023,other,non-hisp,m,70-74,4899,0
KY,2023,other,non-hisp,f,70-74,4899,0
KY,2023,other,non-hisp,m,75-79,3484,0
KY,2023,other,non-hisp,f,75-79,3484,0
KY,2023,other,non-hisp,m,80-84,1742,0
KY,2023,other,non-hisp,f,80-84,2613,0
KY,2023,other,non-hisp,m,85+,1829,0
KY,2023,other,non-hisp,f,85+,2743,0
KY,2023,white,hisp,m,0-4,1313,0
KY,2023,white,hisp,f,0-4,1313,0
KY,2023,white,hisp,m,5-9,1358,0
KY,2023,white,hisp,f,5-9,1358,0
KY,2023,white,hisp,m,10-14,1448,0
KY,2023,white,hisp,f,10-14,1448,0
KY,2023,white,hisp,m,15-19,1448,0
KY,2023,white,hisp,f,15-19,1448,0
KY,2023,white,hisp,m,20-24,1494,0
KY,2023,white,hisp,f,20-24,1494,0
KY,2023,white,hisp,m,25-29,1584,0
KY,2023,white,hisp,f,25-29,1584,0
KY,2023,white,hisp,m,30-34,1584,0
KY,2023,white,hisp,f,30-34,1584,0
KY,2023,white,hisp,m,35-39,1539,0
KY,2023,white,hisp,f,35-39,1539,0
KY,2023,white,hisp,m,40-44,1426,0
KY,2023,white,hisp,f,40-44,1426,0
KY,2023,white,hisp,m,45-49,1358,0
KY,2023,white,hisp,f,45-49,1358,0
KY,2023,white,hisp,m,50-54,1448,0
KY,2023,white,hisp,f,50-54,1448,0
KY,2023,white,hisp,m,55-59,1516,0
KY,2023,white,hisp,f,55-59,1516,0
KY,2023,white,hisp,m,60-64,1448,0
KY,2023,white,hisp,f,60-64,1448,0
KY,2023,white,hisp,m,65-69,1222,0
KY,2023,white,hisp,f,65-69,1222,0
KY,2023,white,hisp,m,70-74,1018,0
KY,2023,white,hisp,f,70-74,1018,0
KY,2023,white,hisp,m,75-79,724,0
KY,2023,white,hisp,f,75-79,724,0
KY,2023,white,hisp,m,80-84,362,0
KY,2023,white,hisp,f,80-84,543,0
KY,2023,white,hisp,m,85+,380,0
KY,2023,white,hisp,f,85+,570,0
KY,2023,black,hisp,m,0-4,108,0
KY,2023,black,hisp,f,0-4,108,0
KY,2023,black,hisp,m,5-9,112,0
KY,2023,black,hisp,f,5-9,112,0
KY,2023,black,hisp,m,10-14,119,0
KY,2023,black,hisp,f,10-14,119,0
KY,2023,black,hisp,m,15-19,119,0
KY,2023,black,hisp,f,15-19,119,0
KY,2023,black,hisp,m,20-24,123,0
KY,2023,black,hisp,f,20-24,123,0
KY,2023,black,hisp,m,25-29,130,0
KY,2023,black,hisp,f,25-29,130,0
KY,2023,black,hisp,m,30-34,130,0
KY,2023,black,hisp,f,30-34,130,0
KY,2023,black,hisp,m,35-39,127,0
KY,2023,black,hisp,f,35-39,127,0
KY,2023,black,hisp,m,40-44,117,0
KY,2023,black,hisp,f,40-44,117,0
KY,2023,black,hisp,m,45-49,112,0
KY,2023,black,hisp,f,45-49,112,0
KY,2023,black,hisp,m,50-54,119,0
KY,2023,black,hisp,f,50-54,119,0
KY,2023,black,hisp,m,55-59,125,0
KY,2023,black,hisp,f,55-59,125,0
KY,2023,black,hisp,m,60-64,119,0
KY,2023,black,hisp,f,60-64,119,0
KY,2023,black,hisp,m,65-69,101,0
KY,2023,black,hisp,f,65-69,101,0
KY,2023,black,hisp,m,70-74,84,0
KY,2023,black,hisp,f,70-74,84,0
KY,2023,black,hisp,m,75-79,60,0
KY,2023,black,hisp,f,75-79,60,0
KY,2023,black,hisp,m,80-84,30,0
KY,2023,black,hisp,f,80-84,45,0
KY,2023,black,hisp,m,85+,31,0
KY,2023,black,hisp,f,85+,47,0
KY,2023,asian,hisp,m,0-4,5,0
KY,2023,asian,hisp,f,0-4,5,0
KY,2023,asian,hisp,m,5-9,5,0
KY,2023,asian,hisp,f,5-9,5,0
KY,2023,asian,hisp,m,10-14,5,0
KY,2023,asian,hisp,f,10-14,5,0
KY,2023,asian,hisp,m,15-19,5,0
KY,2023,asian,hisp,f,15-19,5,0
KY,2023,asian,hisp,m,20-24,5,0
KY,2023,asian,hisp,f,20-24,5,0
KY,2023,asian,hisp,m,25-29,6,0
KY,2023,asian,hisp,f,25-29,6,0
KY,2023,asian,hisp,m,30-34,6,0
KY,2023,asian,hisp,f,30-34,6,0
KY,2023,asian,hisp,m,35-39,6,0
KY,2023,asian,hisp,f,35-39,6,0
KY,2023,asian,hisp,m,40-44,5,0
KY,2023,asian,hisp,f,40-44,5,0
KY,2023,asian,hisp,m,45-49,5,0
KY,2023,asian,hisp,f,45-49,5,0
KY,2023,asian,hisp,m,50-54,5,0
KY,2023,asian,hisp,f,50-54,5,0
KY,2023,asian,hisp,m,55-59,6,0
KY,2023,asian,hisp,f,55-59,6,0
KY,2023,asian,hisp,m,60-64,5,0
KY,2023,asian,hisp,f,60-64,5,0
KY,2023,asian,hisp,m,65-69,4,0
KY,2023,asian,hisp,f,65-69,4,0
KY,2023,asian,hisp,m,70-74,4,0
KY,2023,asian,hisp,f,70-74,4,0
KY,2023,asian,hisp,m,75-79,3,0
KY,2023,asian,hisp,f,75-79,3,0
KY,2023,asian,hisp,m,80-84,1,0
KY,2023,asian,hisp,f,80-84,2,0
KY,2023,asian,hisp,m,85+,1,0
KY,2023,asian,hisp,f,85+,2,0
KY,2023,other,hisp,m,0-4,4941,0
KY,2023,other,hisp,f,0-4,4941,0
KY,2023,other,hisp,m,5-9,5111,0
KY,2023,other,hisp,f,5-9,5111,0
KY,2023,other,hisp,m,10-14,5452,0
KY,2023,other,hisp,f,10-14,5452,0
KY,2023,other,hisp,m,15-19,5452,0
KY,2023,other,hisp,f,15-19,5452,0
KY,2023,other,hisp,m,20-24,5623,0
KY,2023,other,hisp,f,20-24,5623,0
KY,2023,other,hisp,m,25-29,5963,0
KY,2023,other,hisp,f,25-29,5963,0
KY,2023,other,hisp,m,30-34,5963,0
KY,2023,other,hisp,f,30-34,5963,0
KY,2023,other,hisp,m,35-39,5793,0
KY,2023,other,hisp,f,35-39,5793,0
KY,2023,other,hisp,m,40-44,5367,0
KY,2023,other,hisp,f,40-44,5367,0
KY,2023,other,hisp,m,45-49,5111,0
KY,2023,other,hisp,f,45-49,5111,0
KY,2023,other,hisp,m,50-54,5452,0
KY,2023,other,hisp,f,50-54,5452,0
KY,2023,other,hisp,m,55-59,5708,0
KY,2023,other,hisp,f,55-59,5708,0
KY,2023,other,hisp,m,60-64,5452,0
KY,2023,other,hisp,f,60-64,5452,0
KY,2023,other,hisp,m,65-69,4600,0
KY,2023,other,hisp,f,65-69,4600,0
KY,2023,other,hisp,m,70-74,3834,0
KY,2023,other,hisp,f,70-74,3834,0
KY,2023,other,hisp,m,75-79,2726,0
KY,2023,other,hisp,f,75-79,2726,0
KY,2023,other,hisp,m,80-84,1363,0
KY,2023,other,hisp,f,80-84,2045,0
KY,2023,other,hisp,m,85+,1431,0
KY,2023,other,hisp,f,85+,2147,0
LA,2023,white,non-hisp,m,0-4,73849,0
LA,2023,white,non-hisp,f,0-4,73849,0
LA,2023,white,non-hisp,m,5-9,76395,0
LA,2023,white,non-hisp,f,5-9,76395,0
LA,2023,white,non-hisp,m,10-14,81488,0
LA,2023,white,non-hisp,f,10-14,81488,0
LA,2023,white,non-hisp,m,15-19,81488,0
LA,2023,white,non-hisp,f,15-19,81488,0
LA,2023,white,non-hisp,m,20-24,84035,0
LA,2023,white,non-hisp,f,20-24,84035,0
LA,2023,white,non-hisp,m,25-29,89128,0
LA,2023,white,non-hisp,f,25-29,89128,0
LA,2023,white,non-hisp,m,30-34,89128,0
LA,2023,white,non-hisp,f,30-34,89128,0
LA,2023,white,non-hisp,m,35-39,86581,0
LA,2023,white,non-hisp,f,35-39,86581,0
LA,2023,white,non-hisp,m,40-44,80215,0
LA,2023,white,non-hisp,f,40-44,80215,0
LA,2023,white,non-hisp,m,45-49,76395,0
LA,2023,white,non-hisp,f,45-49,76395,0
LA,2023,white,non-hisp,m,50-54,81488,0
LA,2023,white,non-hisp,f,50-54,81488,0
LA,2023,white,non-hisp,m,55-59,85308,0
LA,2023,white,non-hisp,f,55-59,85308,0
LA,2023,white,non-hisp,m,60-64,81488,0
LA,2023,white,non-hisp,f,60-64,81488,0
LA,2023,white,non-hisp,m,65-69,68756,0
LA,2023,white,non-hisp,f,65-69,68756,0
LA,2023,white,non-hisp,m,70-74,57297,0
LA,2023,white,non-hisp,f,70-74,57297,0
LA,2023,white,non-hisp,m,75-79,40744,0
LA,2023,white,non-hisp,f,75-79,40744,0
LA,2023,white,non-hisp,m,80-84,20372,0
LA,2023,white,non-hisp,f,80-84,30558,0
LA,2023,white,non-hisp,m,85+,21391,0
LA,2023,white,non-hisp,f,85+,32086,0
LA,2023,black,non-hisp,m,0-4,39965,0
LA,2023,black,non-hisp,f,0-4,39965,0
LA,2023,black,non-hisp,m,5-9,41343,0
LA,2023,black,non-hisp,f,5-9,41343,0
LA,2023,black,non-hisp,m,10-14,44099,0
LA,2023,black,non-hisp,f,10-14,44099,0
LA,2023,black,non-hisp,m,15-19,44099,0
LA,2023,black,non-hisp,f,15-19,44099,0
LA,2023,black,non-hisp,m,20-24,45477,0
LA,2023,black,non-hisp,f,20-24,45477,0
LA,2023,black,non-hisp,m,25-29,48233,0
LA,2023,black,non-hisp,f,25-29,48233,0
LA,2023,black,non-hisp,m,30-34,48233,0
LA,2023,black,non-hisp,f,30-34,48233,0
LA,2023,black,non-hisp,m,35-39,46855,0
LA,2023,black,non-hisp,f,35-39,46855,0
LA,2023,black,non-hisp,m,40-44,43410,0
LA,2023,black,non-hisp,f,40-44,43410,0
LA,2023,black,non-hisp,m,45-49,41343,0
LA,2023,black,non-hisp,f,45-49,41343,0
LA,2023,black,non-hisp,m,50-54,44099,0
LA,2023,black,non-hisp,f,50-54,44099,0
LA,2023,black,non-hisp,m,55-59,46166,0
LA,2023,black,non-hisp,f,55-59,46166,0
LA,2023,black,non-hisp,m,60-64,44099,0
LA,2023,black,non-hisp,f,60-64,44099,0
LA,2023,black,non-hisp,m,65-69,37208,0
LA,2023,black,non-hisp,f,65-69,37208,0
LA,2023,black,non-hisp,m,70-74,31007,0
LA,2023,black,non-hisp,f,70-74,31007,0
LA,2023,black,non-hisp,m,75-79,22049,0
LA,2023,black,non-hisp,f,75-79,22049,0
LA,2023,black,non-hisp,m,80-84,11025,0
LA,2023,black,non-hisp,f,80-84,16537,0
LA,2023,black,non-hisp,m,85+,11576,0
LA,2023,black,non-hisp,f,85+,17364,0
LA,2023,asian,non-hisp,m,0-4,2289,0
LA,2023,asian,non-hisp,f,0-4,2289,0
LA,2023,asian,non-hisp,m,5-9,2368,0
LA,2023,asian,non-hisp,f,5-9,2368,0
LA,2023,asian,non-hisp,m,10-14,2526,0
LA,2023,asian,non-hisp,f,10-14,2526,0
LA,2023,asian,non-hisp,m,15-19,2526,0
LA,2023,asian,non-hisp,f,15-19,2526,0
LA,2023,asian,non-hisp,m,20-24,2604,0
LA,2023,asian,non-hisp,f,20-24,2604,0
LA,2023,asian,non-hisp,m,25-29,2762,0
LA,2023,asian,non-hisp,f,25-29,2762,0
LA,2023,asian,non-hisp,m,30-34,2762,0
LA,2023,asian,non-hisp,f,30-34,2762,0
LA,2023,asian,non-hisp,m,35-39,2683,0
LA,2023,asian,non-hisp,f,35-39,2683,0
LA,2023,asian,non-hisp,m,40-44,2486,0
LA,2023,asian,non-hisp,f,40-44,2486,0
LA,2023,asian,non-hisp,m,45-49,2368,0
LA,2023,asian,non-hisp,f,45-49,2368,0
LA,2023,asian,non-hisp,m,50-54,2526,0
LA,2023,asian,non-hisp,f,50-54,2526,0
LA,2023,asian,non-hisp,m,55-59,2644,0
LA,2023,asian,non-hisp,f,55-59,2644,0
LA,2023,asian,non-hisp,m,60-64,2526,0
LA,2023,asian,non-hisp,f,60-64,2526,0
LA,2023,asian,non-hisp,m,65-69,2131,0
LA,2023,asian,non-hisp,f,65-69,2131,0
LA,2023,asian,non-hisp,m,70-74,1776,0
LA,2023,asian,non-hisp,f,70-74,1776,0
LA,2023,asian,non-hisp,m,75-79,1263,0
LA,2023,asian,non-hisp,f,75-79,1263,0
LA,2023,asian,non-hisp,m,80-84,631,0
LA,2023,asian,non-hisp,f,80-84,947,0
LA,2023,asian,non-hisp,m,85+,663,0
LA,2023,asian,non-hisp,f,85+,994,0
LA,2023,other,non-hisp,m,0-4,7053,0
LA,2023,other,non-hisp,f,0-4,7053,0
LA,2023,other,non-hisp,m,5-9,7297,0
LA,2023,other,non-hisp,f,5-9,7297,0
LA,2023,other,non-hisp,m,10-14,7783,0
LA,2023,other,non-hisp,f,10-14,7783,0
LA,2023,other,non-hisp,m,15-19,7783,0
LA,2023,other,non-hisp,f,15-19,7783,0
LA,2023,other,non-hisp,m,20-24,8026,0
LA,2023,other,non-hisp,f,20-24,8026,0
LA,2023,other,non-hisp,m,25-29,8513,0
LA,2023,other,non-hisp,f,25-29,8513,0
LA,2023,other,non-hisp,m,30-34,8513,0
LA,2023,other,non-hisp,f,30-34,8513,0
LA,2023,other,non-hisp,m,35-39,8270,0
LA,2023,other,non-hisp,f,35-39,8270,0
LA,2023,other,non-hisp,m,40-44,7661,0
LA,2023,other,non-hisp,f,40-44,7661,0
LA,2023,other,non-hisp,m,45-49,7297,0
LA,2023,other,non-hisp,f,45-49,7297,0
LA,2023,other,non-hisp,m,50-54,7783,0
LA,2023,other,non-hisp,f,50-54,7783,0
LA,2023,other,non-hisp,m,55-59,8148,0
LA,2023,other,non-hisp,f,55-59,8148,0
LA,2023,other,non-hisp,m,60-64,7783,0
LA,2023,other,non-hisp,f,60-64,7783,0
LA,2023,other,non-hisp,m,65-69,6567,0
LA,2023,other,non-hisp,f,65-69,6567,0
LA,2023,other,non-hisp,m,70-74,5472,0
LA,2023,other,non-hisp,f,70-74,5472,0
LA,2023,other,non-hisp,m,75-79,3892,0
LA,2023,other,non-hisp,f,75-79,3892,0
LA,2023,other,non-hisp,m,80-84,1946,0
LA,2023,other,non-hisp,f,80-84,2919,0
LA,2023,other,non-hisp,m,85+,2043,0
LA,2023,other,non-hisp,f,85+,3065,0
LA,2023,white,hisp,m,0-4,1379,0
LA,2023,white,hisp,f,0-4,1379,0
LA,2023,white,hisp,m,5-9,1427,0
LA,2023,white,hisp,f,5-9,1427,0
LA,2023,white,hisp,m,10-14,1522,0
LA,2023,white,hisp,f,10-14,1522,0
LA,2023,white,hisp,m,15-19,1522,0
LA,2023,white,hisp,f,15-19,1522,0
LA,2023,white,hisp,m,20-24,1570,0
LA,2023,white,hisp,f,20-24,1570,0
LA,2023,white,hisp,m,25-29,1665,0
LA,2023,white,hisp,f,25-29,1665,0
LA,2023,white,hisp,m,30-34,1665,0
LA,2023,white,hisp,f,30-34,1665,0
LA,2023,white,hisp,m,35-39,1617,0
LA,2023,white,hisp,f,35-39,1617,0
LA,2023,white,hisp,m,40-44,1498,0
LA,2023,white,hisp,f,40-44,1498,0
LA,2023,white,hisp,m,45-49,1427,0
LA,2023,white,hisp,f,45-49,1427,0
LA,2023,white,hisp,m,50-54,1522,0
LA,2023,white,hisp,f,50-54,1522,0
LA,2023,white,hisp,m,55-59,1593,0
LA,2023,white,hisp,f,55-59,1593,0
LA,2023,white,hisp,m,60-64,1522,0
LA,2023,white,hisp,f,60-64,1522,0
LA,2023,white,hisp,m,65-69,1284,0
LA,2023,white,hisp,f,65-69,1284,0
LA,2023,white,hisp,m,70-74,1070,0
LA,2023,white,hisp,f,70-74,1070,0
LA,2023,white,hisp,m,75-79,761,0
LA,2023,white,hisp,f,75-79,761,0
LA,2023,white,hisp,m,80-84,381,0
LA,2023,white,hisp,f,80-84,571,0
LA,2023,white,hisp,m,85+,400,0
LA,2023,white,hisp,f,85+,599,0
LA,2023,black,hisp,m,0-4,205,0
LA,2023,black,hisp,f,0-4,205,0
LA,2023,black,hisp,m,5-9,212,0
LA,2023,black,hisp,f,5-9,212,0
LA,2023,black,hisp,m,10-14,226,0
LA,2023,black,hisp,f,10-14,226,0
LA,2023,black,hisp,m,15-19,226,0
LA,2023,black,hisp,f,15-19,226,0
LA,2023,black,hisp,m,20-24,233,0
LA,2023,black,hisp,f,20-24,233,0
LA,2023,black,hisp,m,25-29,247,0
LA,2023,black,hisp,f,25-29,247,0
LA,2023,black,hisp,m,30-34,247,0
LA,2023,black,hisp,f,30-34,247,0
LA,2023,black,hisp,m,35-39,240,0
LA,2023,black,hisp,f,35-39,240,0
LA,2023,black,hisp,m,40-44,223,0
LA,2023,black,hisp,f,40-44,223,0
LA,2023,black,hisp,m,45-49,212,0
LA,2023,black,hisp,f,45-49,212,0
LA,2023,black,hisp,m,50-54,226,0
LA,2023,black,hisp,f,50-54,226,0
LA,2023,black,hisp,m,55-59,237,0
LA,2023,black,hisp,f,55-59,237,0
LA,2023,black,hisp,m,60-64,226,0
LA,2023,black,hisp,f,60-64,226,0
LA,2023,black,hisp,m,65-69,191,0
LA,2023,black,hisp,f,65-69,191,0
LA,2023,black,hisp,m,70-74,159,0
LA,2023,black,hisp,f,70-74,159,0
LA,2023,black,hisp,m,75-79,113,0
LA,2023,black,hisp,f,75-79,113,0
LA,2023,black,hisp,m,80-84,57,0
LA,2023,black,hisp,f,80-84,85,0
LA,2023,black,hisp,m,85+,59,0
LA,2023,black,hisp,f,85+,89,0
LA,2023,asian,hisp,m,0-4,35,0
LA,2023,asian,hisp,f,0-4,35,0
LA,2023,asian,hisp,m,5-9,37,0
LA,2023,asian,hisp,f,5-9,37,0
LA,2023,asian,hisp,m,10-14,39,0
LA,2023,asian,hisp,f,10-14,39,0
LA,2023,asian,hisp,m,15-19,39,0
LA,2023,asian,hisp,f,15-19,39,0
LA,2023,asian,hisp,m,20-24,40,0
LA,2023,asian,hisp,f,20-24,40,0
LA,2023,asian,hisp,m,25-29,43,0
LA,2023,asian,hisp,f,25-29,43,0
LA,2023,asian,hisp,m,30-34,43,0
LA,2023,asian,hisp,f,30-34,43,0
LA,2023,asian,hisp,m,35-39,42,0
LA,2023,asian,hisp,f,35-39,42,0
LA,2023,asian,hisp,m,40-44,38,0
LA,2023,asian,hisp,f,40-44,38,0
LA,2023,asian,hisp,m,45-49,37,0
LA,2023,asian,hisp,f,45-49,37,0
LA,2023,asian,hisp,m,50-54,39,0
LA,2023,asian,hisp,f,50-54,39,0
LA,2023,asian,hisp,m,55-59,41,0
LA,2023,asian,hisp,f,55-59,41,0
LA,2023,asian,hisp,m,60-64,39,0
LA,2023,asian,hisp,f,60-64,39,0
LA,2023,asian,hisp,m,65-69,33,0
LA,2023,asian,hisp,f,65-69,33,0
LA,2023,asian,hisp,m,70-74,27,0
LA,2023,asian,hisp,f,70-74,27,0
LA,2023,asian,hisp,m,75-79,20,0
LA,2023,asian,hisp,f,75-79,20,0
LA,2023,asian,hisp,m,80-84,10,0
LA,2023,asian,hisp,f,80-84,15,0
LA,2023,asian,hisp,m,85+,10,0
LA,2023,asian,hisp,f,85+,15,0
LA,2023,other,hisp,m,0-4,7863,0
LA,2023,other,hisp,f,0-4,7863,0
LA,2023,other,hisp,m,5-9,8135,0
LA,2023,other,hisp,f,5-9,8135,0
LA,2023,other,hisp,m,10-14,8677,0
LA,2023,other,hisp,f,10-14,8677,0
LA,2023,other,hisp,m,15-19,8677,0
LA,2023,other,hisp,f,15-19,8677,0
LA,2023,other,hisp,m,20-24,8948,0
LA,2023,other,hisp,f,20-24,8948,0
LA,2023,other,hisp,m,25-29,9490,0
LA,2023,other,hisp,f,25-29,9490,0
LA,2023,other,hisp,m,30-34,9490,0
LA,2023,other,hisp,f,30-34,9490,0
LA,2023,other,hisp,m,35-39,9219,0
LA,2023,other,hisp,f,35-39,9219,0
LA,2023,other,hisp,m,40-44,8541,0
LA,2023,other,hisp,f,40-44,8541,0
LA,2023,other,hisp,m,45-49,8135,0
LA,2023,other,hisp,f,45-49,8135,0
LA,2023,other,hisp,m,50-54,8677,0
LA,2023,other,hisp,f,50-54,8677,0
LA,2023,other,hisp,m,55-59,9084,0
LA,2023,other,hisp,f,55-59,9084,0
LA,2023,other,hisp,m,60-64,8677,0
LA,2023,other,hisp,f,60-64,8677,0
LA,2023,other,hisp,m,65-69,7321,0
LA,2023,other,hisp,f,65-69,7321,0
LA,2023,other,hisp,m,70-74,6101,0
LA,2023,other,hisp,f,70-74,6101,0
LA,2023,other,hisp,m,75-79,4338,0
LA,2023,other,hisp,f,75-79,4338,0
LA,2023,other,hisp,m,80-84,2169,0
LA,2023,other,hisp,f,80-84,3254,0
LA,2023,other,hisp,m,85+,2278,0
LA,2023,other,hisp,f,85+,3417,0
ME,2023,white,non-hisp,m,0-4,36233,0
ME,2023,white,non-hisp,f,0-4,36233,0
ME,2023,white,non-hisp,m,5-9,37483,0
ME,2023,white,non-hisp,f,5-9,37483,0
ME,2023,white,non-hisp,m,10-14,39982,0
ME,2023,white,non-hisp,f,10-14,39982,0
ME,2023,white,non-hisp,m,15-19,39982,0
ME,2023,white,non-hisp,f,15-19,39982,0
ME,2023,white,non-hisp,m,20-24,41231,0
ME,2023,white,non-hisp,f,20-24,41231,0
ME,2023,white,non-hisp,m,25-29,43730,0
ME,2023,white,non-hisp,f,25-29,43730,0
ME,2023,white,non-hisp,m,30-34,43730,0
ME,2023,white,non-hisp,f,30-34,43730,0
ME,2023,white,non-hisp,m,35-39,42481,0
ME,2023,white,non-hisp,f,35-39,42481,0
ME,2023,white,non-hisp,m,40-44,39357,0
ME,2023,white,non-hisp,f,40-44,39357,0
ME,2023,white,non-hisp,m,45-49,37483,0
ME,2023,white,non-hisp,f,45-49,37483,0
ME,2023,white,non-hisp,m,50-54,39982,0
ME,2023,white,non-hisp,f,50-54,39982,0
ME,2023,white,non-hisp,m,55-59,41856,0
ME,2023,white,non-hisp,f,55-59,41856,0
ME,2023,white,non-hisp,m,60-64,39982,0
ME,2023,white,non-hisp,f,60-64,39982,0
ME,2023,white,non-hisp,m,65-69,33735,0
ME,2023,white,non-hisp,f,65-69,33735,0
ME,2023,white,non-hisp,m,70-74,28112,0
ME,2023,white,non-hisp,f,70-74,28112,0
ME,2023,white,non-hisp,m,75-79,19991,0
ME,2023,white,non-hisp,f,75-79,19991,0
ME,2023,white,non-hisp,m,80-84,9995,0
ME,2023,white,non-hisp,f,80-84,14993,0
ME,2023,white,non-hisp,m,85+,10495,0
ME,2023,white,non-hisp,f,85+,15743,0
ME,2023,black,non-hisp,m,0-4,704,0
ME,2023,black,non-hisp,f,0-4,704,0
ME,2023,black,non-hisp,m,5-9,729,0
ME,2023,black,non-hisp,f,5-9,729,0
ME,2023,black,non-hisp,m,10-14,777,0
ME,2023,black,non-hisp,f,10-14,777,0
ME,2023,black,non-hisp,m,15-19,777,0
ME,2023,black,non-hisp,f,15-19,777,0
ME,2023,black,non-hisp,m,20-24,802,0
ME,2023,black,non-hisp,f,20-24,802,0
ME,2023,black,non-hisp,m,25-29,850,0
ME,2023,black,non-hisp,f,25-29,850,0
ME,2023,black,non-hisp,m,30-34,850,0
ME,2023,black,non-hisp,f,30-34,850,0
ME,2023,black,non-hisp,m,35-39,826,0
ME,2023,black,non-hisp,f,35-39,826,0
ME,2023,black,non-hisp,m,40-44,765,0
ME,2023,black,non-hisp,f,40-44,765,0
ME,2023,black,non-hisp,m,45-49,729,0
ME,2023,black,non-hisp,f,45-49,729,0
ME,2023,black,non-hisp,m,50-54,777,0
ME,2023,black,non-hisp,f,50-54,777,0
ME,2023,black,non-hisp,m,55-59,814,0
ME,2023,black,non-hisp,f,55-59,814,0
ME,2023,black,non-hisp,m,60-64,777,0
ME,2023,black,non-hisp,f,60-64,777,0
ME,2023,black,non-hisp,m,65-69,656,0
ME,2023,black,non-hisp,f,65-69,656,0
ME,2023,black,non-hisp,m,70-74,547,0
ME,2023,black,non-hisp,f,70-74,547,0
ME,2023,black,non-hisp,m,75-79,389,0
ME,2023,black,non-hisp,f,75-79,389,0
ME,2023,black,non-hisp,m,80-84,194,0
ME,2023,black,non-hisp,f,80-84,292,0
ME,2023,black,non-hisp,m,85+,204,0
ME,2023,black,non-hisp,f,85+,306,0
ME,2023,asian,non-hisp,m,0-4,444,0
ME,2023,asian,non-hisp,f,0-4,444,0
ME,2023,asian,non-hisp,m,5-9,459,0
ME,2023,asian,non-hisp,f,5-9,459,0
ME,2023,asian,non-hisp,m,10-14,490,0
ME,2023,asian,non-hisp,f,10-14,490,0
ME,2023,asian,non-hisp,m,15-19,490,0
ME,2023,asian,non-hisp,f,15-19,490,0
ME,2023,asian,non-hisp,m,20-24,505,0
ME,2023,asian,non-hisp,f,20-24,505,0
ME,2023,asian,non-hisp,m,25-29,535,0
ME,2023,asian,non-hisp,f,25-29,535,0
ME,2023,asian,non-hisp,m,30-34,535,0
ME,2023,asian,non-hisp,f,30-34,535,0
ME,2023,asian,non-hisp,m,35-39,520,0
ME,2023,asian,non-hisp,f,35-39,520,0
ME,2023,asian,non-hisp,m,40-44,482,0
ME,2023,asian,non-hisp,f,40-44,482,0
ME,2023,asian,non-hisp,m,45-49,459,0
ME,2023,asian,non-hisp,f,45-49,459,0
ME,2023,asian,non-hisp,m,50-54,490,0
ME,2023,asian,non-hisp,f,50-54,490,0
ME,2023,asian,non-hisp,m,55-59,513,0
ME,2023,asian,non-hisp,f,55-59,513,0
ME,2023,asian,non-hisp,m,60-64,490,0
ME,2023,asian,non-hisp,f,60-64,490,0
ME,2023,asian,non-hisp,m,65-69,413,0
ME,2023,asian,non-hisp,f,65-69,413,0
ME,2023,asian,non-hisp,m,70-74,344,0
ME,2023,asian,non-hisp,f,70-74,344,0
ME,2023,asian,non-hisp,m,75-79,245,0
ME,2023,asian,non-hisp,f,75-79,245,0
ME,2023,asian,non-hisp,m,80-84,122,0
ME,2023,asian,non-hisp,f,80-84,184,0
ME,2023,asian,non-hisp,m,85+,129,0
ME,2023,asian,non-hisp,f,85+,193,0
ME,2023,other,non-hisp,m,0-4,2190,0
ME,2023,other,non-hisp,f,0-4,2190,0
ME,2023,other,non-hisp,m,5-9,2266,0
ME,2023,other,non-hisp,f,5-9,2266,0
ME,2023,other,non-hisp,m,10-14,2417,0
ME,2023,other,non-hisp,f,10-14,2417,0
ME,2023,other,non-hisp,m,15-19,2417,0
ME,2023,other,non-hisp,f,15-19,2417,0
ME,2023,other,non-hisp,m,20-24,2492,0
ME,2023,other,non-hisp,f,20-24,2492,0
ME,2023,other,non-hisp,m,25-29,2643,0
ME,2023,other,non-hisp,f,25-29,2643,0
ME,2023,other,non-hisp,m,30-34,2643,0
ME,2023,other,non-hisp,f,30-34,2643,0
ME,2023,other,non-hisp,m,35-39,2568,0
ME,2023,other,non-hisp,f,35-39,2568,0
ME,2023,other,non-hisp,m,40-44,2379,0
ME,2023,other,non-hisp,f,40-44,2379,0
ME,2023,other,non-hisp,m,45-49,2266,0
ME,2023,other,non-hisp,f,45-49,2266,0
ME,2023,other,non-hisp,m,50-54,2417,0
ME,2023,other,non-hisp,f,50-54,2417,0
ME,2023,other,non-hisp,m,55-59,2530,0
ME,2023,other,non-hisp,f,55-59,2530,0
ME,2023,other,non-hisp,m,60-64,2417,0
ME,2023,other,non-hisp,f,60-64,2417,0
ME,2023,other,non-hisp,m,65-69,2039,0
ME,2023,other,non-hisp,f,65-69,2039,0
ME,2023,other,non-hisp,m,70-74,1699,0
ME,2023,other,non-hisp,f,70-74,1699,0
ME,2023,other,non-hisp,m,75-79,1208,0
ME,2023,other,non-hisp,f,75-79,1208,0
ME,2023,other,non-hisp,m,80-84,604,0
ME,2023,other,non-hisp,f,80-84,906,0
ME,2023,other,non-hisp,m,85+,634,0
ME,2023,other,non-hisp,f,85+,952,0
ME,2023,white,hisp,m,0-4,234,0
ME,2023,white,hisp,f,0-4,234,0
ME,2023,white,hisp,m,5-9,242,0
ME,2023,white,hisp,f,5-9,242,0
ME,2023,white,hisp,m,10-14,258,0
ME,2023,white,hisp,f,10-14,258,0
ME,2023,white,hisp,m,15-19,258,0
ME,2023,white,hisp,f,15-19,258,0
ME,2023,white,hisp,m,20-24,266,0
ME,2023,white,hisp,f,20-24,266,0
ME,2023,white,hisp,m,25-29,282,0
ME,2023,white,hisp,f,25-29,282,0
ME,2023,white,hisp,m,30-34,282,0
ME,2023,white,hisp,f,30-34,282,0
ME,2023,white,hisp,m,35-39,274,0
ME,2023,white,hisp,f,35-39,274,0
ME,2023,white,hisp,m,40-44,254,0
ME,2023,white,hisp,f,40-44,254,0
ME,2023,white,hisp,m,45-49,242,0
ME,2023,white,hisp,f,45-49,242,0
ME,2023,white,hisp,m,50-54,258,0
ME,2023,white,hisp,f,50-54,258,0
ME,2023,white,hisp,m,55-59,270,0
ME,2023,white,hisp,f,55-59,270,0
ME,2023,white,hisp,m,60-64,258,0
ME,2023,white,hisp,f,60-64,258,0
ME,2023,white,hisp,m,65-69,218,0
ME,2023,white,hisp,f,65-69,218,0
ME,2023,white,hisp,m,70-74,181,0
ME,2023,white,hisp,f,70-74,181,0
ME,2023,white,hisp,m,75-79,129,0
ME,2023,white,hisp,f,75-79,129,0
ME,2023,white,hisp,m,80-84,64,0
ME,2023,white,hisp,f,80-84,97,0
ME,2023,white,hisp,m,85+,68,0
ME,2023,white,hisp,f,85+,102,0
ME,2023,black,hisp,m,0-4,15,0
ME,2023,black,hisp,f,0-4,15,0
ME,2023,black,hisp,m,5-9,15,0
ME,2023,black,hisp,f,5-9,15,0
ME,2023,black,hisp,m,10-14,16,0
ME,2023,black,hisp,f,10-14,16,0
ME,2023,black,hisp,m,15-19,16,0
ME,2023,black,hisp,f,15-19,16,0
ME,2023,black,hisp,m,20-24,17,0
ME,2023,black,hisp,f,20-24,17,0
ME,2023,black,hisp,m,25-29,18,0
ME,2023,black,hisp,f,25-29,18,0
ME,2023,black,hisp,m,30-34,18,0
ME,2023,black,hisp,f,30-34,18,0
ME,2023,black,hisp,m,35-39,17,0
ME,2023,black,hisp,f,35-39,17,0
ME,2023,black,hisp,m,40-44,16,0
ME,2023,black,hisp,f,40-44,16,0
ME,2023,black,hisp,m,45-49,15,0
ME,2023,black,hisp,f,45-49,15,0
ME,2023,black,hisp,m,50-54,16,0
ME,2023,black,hisp,f,50-54,16,0
ME,2023,black,hisp,m,55-59,17,0
ME,2023,black,hisp,f,55-59,17,0
ME,2023,black,hisp,m,60-64,16,0
ME,2023,black,hisp,f,60-64,16,0
ME,2023,black,hisp,m,65-69,14,0
ME,2023,black,hisp,f,65-69,14,0
ME,2023,black,hisp,m,70-74,11,0
ME,2023,black,hisp,f,70-74,11,0
ME,2023,black,hisp,m,75-79,8,0
ME,2023,black,hisp,f,75-79,8,0
ME,2023,black,hisp,m,80-84,4,0
ME,2023,black,hisp,f,80-84,6,0
ME,2023,black,hisp,m,85+,4,0
ME,2023,black,hisp,f,85+,6,0
ME,2023,asian,hisp,m,0-4,17,0
ME,2023,asian,hisp,f,0-4,17,0
ME,2023,asian,hisp,m,5-9,17,0
ME,2023,asian,hisp,f,5-9,17,0
ME,2023,asian,hisp,m,10-14,19,0
ME,2023,asian,hisp,f,10-14,19,0
ME,2023,asian,hisp,m,15-19,19,0
ME,2023,asian,hisp,f,15-19,19,0
ME,2023,asian,hisp,m,20-24,19,0
ME,2023,asian,hisp,f,20-24,19,0
ME,2023,asian,hisp,m,25-29,20,0
ME,2023,asian,hisp,f,25-29,20,0
ME,2023,asian,hisp,m,30-34,20,0
ME,2023,asian,hisp,f,30-34,20,0
ME,2023,asian,hisp,m,35-39,20,0
ME,2023,asian,hisp,f,35-39,20,0
ME,2023,asian,hisp,m,40-44,18,0
ME,2023,asian,hisp,f,40-44,18,0
ME,2023,asian,hisp,m,45-49,17,0
ME,2023,asian,hisp,f,45-49,17,0
ME,2023,asian,hisp,m,50-54,19,0
ME,2023,asian,hisp,f,50-54,19,0
ME,2023,asian,hisp,m,55-59,19,0
ME,2023,asian,hisp,f,55-59,19,0
ME,2023,asian,hisp,m,60-64,19,0
ME,2023,asian,hisp,f,60-64,19,0
ME,2023,asian,hisp,m,65-69,16,0
ME,2023,asian,hisp,f,65-69,16,0
ME,2023,asian,hisp,m,70-74,13,0
ME,2023,asian,hisp,f,70-74,13,0
ME,2023,asian,hisp,m,75-79,9,0
ME,2023,asian,hisp,f,75-79,9,0
ME,2023,asian,hisp,m,80-84,5,0
ME,2023,asian,hisp,f,80-84,7,0
ME,2023,asian,hisp,m,85+,5,0
ME,2023,asian,hisp,f,85+,7,0
ME,2023,other,hisp,m,0-4,639,0
ME,2023,other,hisp,f,0-4,639,0
ME,2023,other,hisp,m,5-9,661,0
ME,2023,other,hisp,f,5-9,661,0
ME,2023,other,hisp,m,10-14,705,0
ME,2023,other,hisp,f,10-14,705,0
ME,2023,other,hisp,m,15-19,705,0
ME,2023,other,hisp,f,15-19,705,0
ME,2023,other,hisp,m,20-24,727,0
ME,2023,other,hisp,f,20-24,727,0
ME,2023,other,hisp,m,25-29,771,0
ME,2023,other,hisp,f,25-29,771,0
ME,2023,other,hisp,m,30-34,771,0
ME,2023,other,hisp,f,30-34,771,0
ME,2023,other,hisp,m,35-39,749,0
ME,2023,other,hisp,f,35-39,749,0
ME,2023,other,hisp,m,40-44,694,0
ME,2023,other,hisp,f,40-44,694,0
ME,2023,other,hisp,m,45-49,661,0
ME,2023,other,hisp,f,45-49,661,0
ME,2023,other,hisp,m,50-54,705,0
ME,2023,other,hisp,f,50-54,705,0
ME,2023,other,hisp,m,55-59,738,0
ME,2023,other,hisp,f,55-59,738,0
ME,2023,other,hisp,m,60-64,705,0
ME,2023,other,hisp,f,60-64,705,0
ME,2023,other,hisp,m,65-69,595,0
ME,2023,other,hisp,f,65-69,595,0
ME,2023,other,hisp,m,70-74,496,0
ME,2023,other,hisp,f,70-74,496,0
ME,2023,other,hisp,m,75-79,353,0
ME,2023,other,hisp,f,75-79,353,0
ME,2023,other,hisp,m,80-84,176,0
ME,2023,other,hisp,f,80-84,264,0
ME,2023,other,hisp,m,85+,185,0
ME,2023,other,hisp,f,85+,278,0
MD,2023,white,non-hisp,m,0-4,83027,0
MD,2023,white,non-hisp,f,0-4,83027,0
MD,2023,white,non-hisp,m,5-9,85890,0
MD,2023,white,non-hisp,f,5-9,85890,0
MD,2023,white,non-hisp,m,10-14,91616,0
MD,2023,white,non-hisp,f,10-14,91616,0
MD,2023,white,non-hisp,m,15-19,91616,0
MD,2023,white,non-hisp,f,15-19,91616,0
MD,2023,white,non-hisp,m,20-24,94479,0
MD,2023,white,non-hisp,f,20-24,94479,0
MD,2023,white,non-hisp,m,25-29,100205,0
MD,2023,white,non-hisp,f,25-29,100205,0
MD,2023,white,non-hisp,m,30-34,100205,0
MD,2023,white,non-hisp,f,30-34,100205,0
MD,2023,white,non-hisp,m,35-39,97342,0
MD,2023,white,non-hisp,f,35-39,97342,0
MD,2023,white,non-hisp,m,40-44,90184,0
MD,2023,white,non-hisp,f,40-44,90184,0
MD,2023,white,non-hisp,m,45-49,85890,0
MD,2023,white,non-hisp,f,45-49,85890,0
MD,2023,white,non-hisp,m,50-54,91616,0
MD,2023,white,non-hisp,f,50-54,91616,0
MD,2023,white,non-hisp,m,55-59,95910,0
MD,2023,white,non-hisp,f,55-59,95910,0
MD,2023,white,non-hisp,m,60-64,91616,0
MD,2023,white,non-hisp,f,60-64,91616,0
MD,2023,white,non-hisp,m,65-69,77301,0
MD,2023,white,non-hisp,f,65-69,77301,0
MD,2023,white,non-hisp,m,70-74,64417,0
MD,2023,white,non-hisp,f,70-74,64417,0
MD,2023,white,non-hisp,m,75-79,45808,0
MD,2023,white,non-hisp,f,75-79,45808,0
MD,2023,white,non-hisp,m,80-84,22904,0
MD,2023,white,non-hisp,f,80-84,34356,0
MD,2023,white,non-hisp,m,85+,24049,0
MD,2023,white,non-hisp,f,85+,36074,0
MD,2023,black,non-hisp,m,0-4,51729,0
MD,2023,black,non-hisp,f,0-4,51729,0
MD,2023,black,non-hisp,m,5-9,53513,0
MD,2023,black,non-hisp,f,5-9,53513,0
MD,2023,black,non-hisp,m,10-14,57081,0
MD,2023,black,non-hisp,f,10-14,57081,0
MD,2023,black,non-hisp,m,15-19,57081,0
MD,2023,black,non-hisp,f,15-19,57081,0
MD,2023,black,non-hisp,m,20-24,58864,0
MD,2023,black,non-hisp,f,20-24,58864,0
MD,2023,black,non-hisp,m,25-29,62432,0
MD,2023,black,non-hisp,f,25-29,62432,0
MD,2023,black,non-hisp,m,30-34,62432,0
MD,2023,black,non-hisp,f,30-34,62432,0
MD,2023,black,non-hisp,m,35-39,60648,0
MD,2023,black,non-hisp,f,35-39,60648,0
MD,2023,black,non-hisp,m,40-44,56189,0
MD,2023,black,non-hisp,f,40-44,56189,0
MD,2023,black,non-hisp,m,45-49,53513,0
MD,2023,black,non-hisp,f,45-49,53513,0
MD,2023,black,non-hisp,m,50-54,57081,0
MD,2023,black,non-hisp,f,50-54,57081,0
MD,2023,black,non-hisp,m,55-59,59756,0
MD,2023,black,non-hisp,f,55-59,59756,0
MD,2023,black,non-hisp,m,60-64,57081,0
MD,2023,black,non-hisp,f,60-64,57081,0
MD,2023,black,non-hisp,m,65-69,48162,0
MD,2023,black,non-hisp,f,65-69,48162,0
MD,2023,black,non-hisp,m,70-74,40135,0
MD,2023,black,non-hisp,f,70-74,40135,0
MD,2023,black,non-hisp,m,75-79,28540,0
MD,2023,black,non-hisp,f,75-79,28540,0
MD,2023,black,non-hisp,m,80-84,14270,0
MD,2023,black,non-hisp,f,80-84,21405,0
MD,2023,black,non-hisp,m,85+,14984,0
MD,2023,black,non-hisp,f,85+,22476,0
MD,2023,asian,non-hisp,m,0-4,11823,0
MD,2023,asian,non-hisp,f,0-4,11823,0
MD,2023,asian,non-hisp,m,5-9,12231,0
MD,2023,asian,non-hisp,f,5-9,12231,0
MD,2023,asian,non-hisp,m,10-14,13046,0
MD,2023,asian,non-hisp,f,10-14,13046,0
MD,2023,asian,non-hisp,m,15-19,13046,0
MD,2023,asian,non-hisp,f,15-19,13046,0
MD,2023,asian,non-hisp,m,20-24,13454,0
MD,2023,asian,non-hisp,f,20-24,13454,0
MD,2023,asian,non-hisp,m,25-29,14269,0
MD,2023,asian,non-hisp,f,25-29,14269,0
MD,2023,asian,non-hisp,m,30-34,14269,0
MD,2023,asian,non-hisp,f,30-34,14269,0
MD,2023,asian,non-hisp,m,35-39,13862,0
MD,2023,asian,non-hisp,f,35-39,13862,0
MD,2023,asian,non-hisp,m,40-44,12842,0
MD,2023,asian,non-hisp,f,40-44,12842,0
MD,2023,asian,non-hisp,m,45-49,12231,0
MD,2023,asian,non-hisp,f,45-49,12231,0
MD,2023,asian,non-hisp,m,50-54,13046,0
MD,2023,asian,non-hisp,f,50-54,13046,0
MD,2023,asian,non-hisp,m,55-59,13658,0
MD,2023,asian,non-hisp,f,55-59,13658,0
MD,2023,asian,non-hisp,m,60-64,13046,0
MD,2023,asian,non-hisp,f,60-64,13046,0
MD,2023,asian,non-hisp,m,65-69,11008,0
MD,2023,asian,non-hisp,f,65-69,11008,0
MD,2023,asian,non-hisp,m,70-74,9173,0
MD,2023,asian,non-hisp,f,70-74,9173,0
MD,2023,asian,non-hisp,m,75-79,6523,0
MD,2023,asian,non-hisp,f,75-79,6523,0
MD,2023,asian,non-hisp,m,80-84,3262,0
MD,2023,asian,non-hisp,f,80-84,4892,0
MD,2023,asian,non-hisp,m,85+,3425,0
MD,2023,asian,non-hisp,f,85+,5137,0
MD,2023,other,non-hisp,m,0-4,9989,0
MD,2023,other,non-hisp,f,0-4,9989,0
MD,2023,other,non-hisp,m,5-9,10334,0
MD,2023,other,non-hisp,f,5-9,10334,0
MD,2023,other,non-hisp,m,10-14,11022,0
MD,2023,other,non-hisp,f,10-14,11022,0
MD,2023,other,non-hisp,m,15-19,11022,0
MD,2023,other,non-hisp,f,15-19,11022,0
MD,2023,other,non-hisp,m,20-24,11367,0
MD,2023,other,non-hisp,f,20-24,11367,0
MD,2023,other,non-hisp,m,25-29,12056,0
MD,2023,other,non-hisp,f,25-29,12056,0
MD,2023,other,non-hisp,m,30-34,12056,0
MD,2023,other,non-hisp,f,30-34,12056,0
MD,2023,other,non-hisp,m,35-39,11711,0
MD,2023,other,non-hisp,f,35-39,11711,0
MD,2023,other,non-hisp,m,40-44,10850,0
MD,2023,other,non-hisp,f,40-44,10850,0
MD,2023,other,non-hisp,m,45-49,10334,0
MD,2023,other,non-hisp,f,45-49,10334,0
MD,2023,other,non-hisp,m,50-54,11022,0
MD,2023,other,non-hisp,f,50-54,11022,0
MD,2023,other,non-hisp,m,55-59,11539,0
MD,2023,other,non-hisp,f,55-59,11539,0
MD,2023,other,non-hisp,m,60-64,11022,0
MD,2023,other,non-hisp,f,60-64,11022,0
MD,2023,other,non-hisp,m,65-69,9300,0
MD,2023,other,non-hisp,f,65-69,9300,0
MD,2023,other,non-hisp,m,70-74,7750,0
MD,2023,other,non-hisp,f,70-74,7750,0
MD,2023,other,non-hisp,m,75-79,5511,0
MD,2023,other,non-hisp,f,75-79,5511,0
MD,2023,other,non-hisp,m,80-84,2756,0
MD,2023,other,non-hisp,f,80-84,4133,0
MD,2023,other,non-hisp,m,85+,2893,0
MD,2023,other,non-hisp,f,85+,4340,0
MD,2023,white,hisp,m,0-4,2739,0
MD,2023,white,hisp,f,0-4,2739,0
MD,2023,white,hisp,m,5-9,2833,0
MD,2023,white,hisp,f,5-9,2833,0
MD,2023,white,hisp,m,10-14,3022,0
MD,2023,white,hisp,f,10-14,3022,0
MD,2023,white,hisp,m,15-19,3022,0
MD,2023,white,hisp,f,15-19,3022,0
MD,2023,white,hisp,m,20-24,3116,0
MD,2023,white,hisp,f,20-24,3116,0
MD,2023,white,hisp,m,25-29,3305,0
MD,2023,white,hisp,f,25-29,3305,0
MD,2023,white,hisp,m,30-34,3305,0
MD,2023,white,hisp,f,30-34,3305,0
MD,2023,white,hisp,m,35-39,3211,0
MD,2023,white,hisp,f,35-39,3211,0
MD,2023,white,hisp,m,40-44,2975,0
MD,2023,white,hisp,f,40-44,2975,0
MD,2023,white,hisp,m,45-49,2833,0
MD,2023,white,hisp,f,45-49,2833,0
MD,2023,white,hisp,m,50-54,3022,0
MD,2023,white,hisp,f,50-54,3022,0
MD,2023,white,hisp,m,55-59,3164,0
MD,2023,white,hisp,f,55-59,3164,0
MD,2023,white,hisp,m,60-64,3022,0
MD,2023,white,hisp,f,60-64,3022,0
MD,2023,white,hisp,m,65-69,2550,0
MD,2023,white,hisp,f,65-69,2550,0
MD,2023,white,hisp,m,70-74,2125,0
MD,2023,white,hisp,f,70-74,2125,0
MD,2023,white,hisp,m,75-79,1511,0
MD,2023,white,hisp,f,75-79,1511,0
MD,2023,white,hisp,m,80-84,755,0
MD,2023,white,hisp,f,80-84,1133,0
MD,2023,white,hisp,m,85+,793,0
MD,2023,white,hisp,f,85+,1190,0
MD,2023,black,hisp,m,0-4,576,0
MD,2023,black,hisp,f,0-4,576,0
MD,2023,black,hisp,m,5-9,596,0
MD,2023,black,hisp,f,5-9,596,0
MD,2023,black,hisp,m,10-14,636,0
MD,2023,black,hisp,f,10-14,636,0
MD,2023,black,hisp,m,15-19,636,0
MD,2023,black,hisp,f,15-19,636,0
MD,2023,black,hisp,m,20-24,655,0
MD,2023,black,hisp,f,20-24,655,0
MD,2023,black,hisp,m,25-29,695,0
MD,2023,black,hisp,f,25-29,695,0
MD,2023,black,hisp,m,30-34,695,0
MD,2023,black,hisp,f,30-34,695,0
MD,2023,black,hisp,m,35-39,675,0
MD,2023,black,hisp,f,35-39,675,0
MD,2023,black,hisp,m,40-44,626,0
MD,2023,black,hisp,f,40-44,626,0
MD,2023,black,hisp,m,45-49,596,0
MD,2023,black,hisp,f,45-49,596,0
MD,2023,black,hisp,m,50-54,636,0
MD,2023,black,hisp,f,50-54,636,0
MD,2023,black,hisp,m,55-59,665,0
MD,2023,black,hisp,f,55-59,665,0
MD,2023,black,hisp,m,60-64,636,0
MD,2023,black,hisp,f,60-64,636,0
MD,2023,black,hisp,m,65-69,536,0
MD,2023,black,hisp,f,65-69,536,0
MD,2023,black,hisp,m,70-74,447,0
MD,2023,black,hisp,f,70-74,447,0
MD,2023,black,hisp,m,75-79,318,0
MD,2023,black,hisp,f,75-79,318,0
MD,2023,black,hisp,m,80-84,159,0
MD,2023,black,hisp,f,80-84,238,0
MD,2023,black,hisp,m,85+,167,0
MD,2023,black,hisp,f,85+,250,0
MD,2023,asian,hisp,m,0-4,44,0
MD,2023,asian,hisp,f,0-4,44,0
MD,2023,asian,hisp,m,5-9,46,0
MD,2023,asian,hisp,f,5-9,46,0
MD,2023,asian,hisp,m,10-14,49,0
MD,2023,asian,hisp,f,10-14,49,0
MD,2023,asian,hisp,m,15-19,49,0
MD,2023,asian,hisp,f,15-19,49,0
MD,2023,asian,hisp,m,20-24,50,0
MD,2023,asian,hisp,f,20-24,50,0
MD,2023,asian,hisp,m,25-29,53,0
MD,2023,asian,hisp,f,25-29,53,0
MD,2023,asian,hisp,m,30-34,53,0
MD,2023,asian,hisp,f,30-34,53,0
MD,2023,asian,hisp,m,35-39,52,0
MD,2023,asian,hisp,f,35-39,52,0
MD,2023,asian,hisp,m,40-44,48,0
MD,2023,asian,hisp,f,40-44,48,0
MD,2023,asian,hisp,m,45-49,46,0
MD,2023,asian,hisp,f,45-49,46,0
MD,2023,asian,hisp,m,50-54,49,0
MD,2023,asian,hisp,f,50-54,49,0
MD,2023,asian,hisp,m,55-59,51,0
MD,2023,asian,hisp,f,55-59,51,0
MD,2023,asian,hisp,m,60-64,49,0
MD,2023,asian,hisp,f,60-64,49,0
MD,2023,asian,hisp,m,65-69,41,0
MD,2023,asian,hisp,f,65-69,41,0
MD,2023,asian,hisp,m,70-74,34,0
MD,2023,asian,hisp,f,70-74,34,0
MD,2023,asian,hisp,m,75-79,24,0
MD,2023,asian,hisp,f,75-79,24,0
MD,2023,asian,hisp,m,80-84,12,0
MD,2023,asian,hisp,f,80-84,18,0
MD,2023,asian,hisp,m,85+,13,0
MD,2023,asian,hisp,f,85+,19,0
MD,2023,other,hisp,m,0-4,19300,0
MD,2023,other,hisp,f,0-4,19300,0
MD,2023,other,hisp,m,5-9,19965,0
MD,2023,other,hisp,f,5-9,19965,0
MD,2023,other,hisp,m,10-14,21297,0
MD,2023,other,hisp,f,10-14,21297,0
MD,2023,other,hisp,m,15-19,21297,0
MD,2023,other,hisp,f,15-19,21297,0
MD,2023,other,hisp,m,20-24,21962,0
MD,2023,other,hisp,f,20-24,21962,0
MD,2023,other,hisp,m,25-29,23293,0
MD,2023,other,hisp,f,25-29,23293,0
MD,2023,other,hisp,m,30-34,23293,0
MD,2023,other,hisp,f,30-34,23293,0
MD,2023,other,hisp,m,35-39,22628,0
MD,2023,other,hisp,f,35-39,22628,0
MD,2023,other,hisp,m,40-44,20964,0
MD,2023,other,hisp,f,40-44,20964,0
MD,2023,other,hisp,m,45-49,19965,0
MD,2023,other,hisp,f,45-49,19965,0
MD,2023,other,hisp,m,50-54,21297,0
MD,2023,other,hisp,f,50-54,21297,0
MD,2023,other,hisp,m,55-59,22295,0
MD,2023,other,hisp,f,55-59,22295,0
MD,2023,other,hisp,m,60-64,21297,0
MD,2023,other,hisp,f,60-64,21297,0
MD,2023,other,hisp,m,65-69,17969,0
MD,2023,other,hisp,f,65-69,17969,0
MD,2023,other,hisp,m,70-74,14974,0
MD,2023,other,hisp,f,70-74,14974,0
MD,2023,other,hisp,m,75-79,10648,0
MD,2023,other,hisp,f,75-79,10648,0
MD,2023,other,hisp,m,80-84,5324,0
MD,2023,other,hisp,f,80-84,7986,0
MD,2023,other,hisp,m,85+,5590,0
MD,2023,other,hisp,f,85+,8386,0
MA,2023,white,non-hisp,m,0-4,133855,0
MA,2023,white,non-hisp,f,0-4,133855,0
MA,2023,white,non-hisp,m,5-9,138471,0
MA,2023,white,non-hisp,f,5-9,138471,0
MA,2023,white,non-hisp,m,10-14,147702,0
MA,2023,white,non-hisp,f,10-14,147702,0
MA,2023,white,non-hisp,m,15-19,147702,0
MA,2023,white,non-hisp,f,15-19,147702,0
MA,2023,white,non-hisp,m,20-24,152318,0
MA,2023,white,non-hisp,f,20-24,152318,0
MA,2023,white,non-hisp,m,25-29,161549,0
MA,2023,white,non-hisp,f,25-29,161549,0
MA,2023,white,non-hisp,m,30-34,161549,0
MA,2023,white,non-hisp,f,30-34,161549,0
MA,2023,white,non-hisp,m,35-39,156933,0
MA,2023,white,non-hisp,f,35-39,156933,0
MA,2023,white,non-hisp,m,40-44,145394,0
MA,2023,white,non-hisp,f,40-44,145394,0
MA,2023,white,non-hisp,m,45-49,138471,0
MA,2023,white,non-hisp,f,45-49,138471,0
MA,2023,white,non-hisp,m,50-54,147702,0
MA,2023,white,non-hisp,f,50-54,147702,0
MA,2023,white,non-hisp,m,55-59,154625,0
MA,2023,white,non-hisp,f,55-59,154625,0
MA,2023,white,non-hisp,m,60-64,147702,0
MA,2023,white,non-hisp,f,60-64,147702,0
MA,2023,white,non-hisp,m,65-69,124623,0
MA,2023,white,non-hisp,f,65-69,124623,0
MA,2023,white,non-hisp,m,70-74,103853,0
MA,2023,white,non-hisp,f,70-74,103853,0
MA,2023,white,non-hisp,m,75-79,73851,0
MA,2023,white,non-hisp,f,75-79,73851,0
MA,2023,white,non-hisp,m,80-84,36925,0
MA,2023,white,non-hisp,f,80-84,55388,0
MA,2023,white,non-hisp,m,85+,38772,0
MA,2023,white,non-hisp,f,85+,58158,0
MA,2023,black,non-hisp,m,0-4,13238,0
MA,2023,black,non-hisp,f,0-4,13238,0
MA,2023,black,non-hisp,m,5-9,13695,0
MA,2023,black,non-hisp,f,5-9,13695,0
MA,2023,black,non-hisp,m,10-14,14608,0
MA,2023,black,non-hisp,f,10-14,14608,0
MA,2023,black,non-hisp,m,15-19,14608,0
MA,2023,black,non-hisp,f,15-19,14608,0
MA,2023,black,non-hisp,m,20-24,15064,0
MA,2023,black,non-hisp,f,20-24,15064,0
MA,2023,black,non-hisp,m,25-29,15977,0
MA,2023,black,non-hisp,f,25-29,15977,0
MA,2023,black,non-hisp,m,30-34,15977,0
MA,2023,black,non-hisp,f,30-34,15977,0
MA,2023,black,non-hisp,m,35-39,15521,0
MA,2023,black,non-hisp,f,35-39,15521,0
MA,2023,black,non-hisp,m,40-44,14379,0
MA,2023,black,non-hisp,f,40-44,14379,0
MA,2023,black,non-hisp,m,45-49,13695,0
MA,2023,black,non-hisp,f,45-49,13695,0
MA,2023,black,non-hisp,m,50-54,14608,0
MA,2023,black,non-hisp,f,50-54,14608,0
MA,2023,black,non-hisp,m,55-59,15292,0
MA,2023,black,non-hisp,f,55-59,15292,0
MA,2023,black,non-hisp,m,60-64,14608,0
MA,2023,black,non-hisp,f,60-64,14608,0
MA,2023,black,non-hisp,m,65-69,12325,0
MA,2023,black,non-hisp,f,65-69,12325,0
MA,2023,black,non-hisp,m,70-74,10271,0
MA,2023,black,non-hisp,f,70-74,10271,0
MA,2023,black,non-hisp,m,75-79,7304,0
MA,2023,black,non-hisp,f,75-79,7304,0
MA,2023,black,non-hisp,m,80-84,3652,0
MA,2023,black,non-hisp,f,80-84,5478,0
MA,2023,black,non-hisp,m,85+,3834,0
MA,2023,black,non-hisp,f,85+,5752,0
MA,2023,asian,non-hisp,m,0-4,14860,0
MA,2023,asian,non-hisp,f,0-4,14860,0
MA,2023,asian,non-hisp,m,5-9,15372,0
MA,2023,asian,non-hisp,f,5-9,15372,0
MA,2023,asian,non-hisp,m,10-14,16397,0
MA,2023,asian,non-hisp,f,10-14,16397,0
MA,2023,asian,non-hisp,m,15-19,16397,0
MA,2023,asian,non-hisp,f,15-19,16397,0
MA,2023,asian,non-hisp,m,20-24,16910,0
MA,2023,asian,non-hisp,f,20-24,16910,0
MA,2023,asian,non-hisp,m,25-29,17934,0
MA,2023,asian,non-hisp,f,25-29,17934,0
MA,2023,asian,non-hisp,m,30-34,17934,0
MA,2023,asian,non-hisp,f,30-34,17934,0
MA,2023,asian,non-hisp,m,35-39,17422,0
MA,2023,asian,non-hisp,f,35-39,17422,0
MA,2023,asian,non-hisp,m,40-44,16141,0
MA,2023,asian,non-hisp,f,40-44,16141,0
MA,2023,asian,non-hisp,m,45-49,15372,0
MA,2023,asian,non-hisp,f,45-49,15372,0
MA,2023,asian,non-hisp,m,50-54,16397,0
MA,2023,asian,non-hisp,f,50-54,16397,0
MA,2023,asian,non-hisp,m,55-59,17166,0
MA,2023,asian,non-hisp,f,55-59,17166,0
MA,2023,asian,non-hisp,m,60-64,16397,0
MA,2023,asian,non-hisp,f,60-64,16397,0
MA,2023,asian,non-hisp,m,65-69,13835,0
MA,2023,asian,non-hisp,f,65-69,13835,0
MA,2023,asian,non-hisp,m,70-74,11529,0
MA,2023,asian,non-hisp,f,70-74,11529,0
MA,2023,asian,non-hisp,m,75-79,8199,0
MA,2023,asian,non-hisp,f,75-79,8199,0
MA,2023,asian,non-hisp,m,80-84,4099,0
MA,2023,asian,non-hisp,f,80-84,6149,0
MA,2023,asian,non-hisp,m,85+,4304,0
MA,2023,asian,non-hisp,f,85+,6456,0
MA,2023,other,non-hisp,m,0-4,13701,0
MA,2023,other,non-hisp,f,0-4,13701,0
MA,2023,other,non-hisp,m,5-9,14173,0
MA,2023,other,non-hisp,f,5-9,14173,0
MA,2023,other,non-hisp,m,10-14,15118,0
MA,2023,other,non-hisp,f,10-14,15118,0
MA,2023,other,non-hisp,m,15-19,15118,0
MA,2023,other,non-hisp,f,15-19,15118,0
MA,2023,other,non-hisp,m,20-24,15590,0
MA,2023,other,non-hisp,f,20-24,15590,0
MA,2023,other,non-hisp,m,25-29,16535,0
MA,2023,other,non-hisp,f,25-29,16535,0
MA,2023,other,non-hisp,m,30-34,16535,0
MA,2023,other,non-hisp,f,30-34,16535,0
MA,2023,other,non-hisp,m,35-39,16063,0
MA,2023,other,non-hisp,f,35-39,16063,0
MA,2023,other,non-hisp,m,40-44,14882,0
MA,2023,other,non-hisp,f,40-44,14882,0
MA,2023,other,non-hisp,m,45-49,14173,0
MA,2023,other,non-hisp,f,45-49,14173,0
MA,2023,other,non-hisp,m,50-54,15118,0
MA,2023,other,non-hisp,f,50-54,15118,0
MA,2023,other,non-hisp,m,55-59,15827,0
MA,2023,other,non-hisp,f,55-59,15827,0
MA,2023,other,non-hisp,m,60-64,15118,0
MA,2023,other,non-hisp,f,60-64,15118,0
MA,2023,other,non-hisp,m,65-69,12756,0
MA,2023,other,non-hisp,f,65-69,12756,0
MA,2023,other,non-hisp,m,70-74,10630,0
MA,2023,other,non-hisp,f,70-74,10630,0
MA,2023,other,non-hisp,m,75-79,7559,0
MA,2023,other,non-hisp,f,75-79,7559,0
MA,2023,other,non-hisp,m,80-84,3779,0
MA,2023,other,non-hisp,f,80-84,5669,0
MA,2023,other,non-hisp,m,85+,3968,0
MA,2023,other,non-hisp,f,85+,5953,0
MA,2023,white,hisp,m,0-4,3923,0
MA,2023,white,hisp,f,0-4,3923,0
MA,2023,white,hisp,m,5-9,4058,0
MA,2023,white,hisp,f,5-9,4058,0
MA,2023,white,hisp,m,10-14,4329,0
MA,2023,white,hisp,f,10-14,4329,0
MA,2023,white,hisp,m,15-19,4329,0
MA,2023,white,hisp,f,15-19,4329,0
MA,2023,white,hisp,m,20-24,4464,0
MA,2023,white,hisp,f,20-24,4464,0
MA,2023,white,hisp,m,25-29,4735,0
MA,2023,white,hisp,f,25-29,4735,0
MA,2023,white,hisp,m,30-34,4735,0
MA,2023,white,hisp,f,30-34,4735,0
MA,2023,white,hisp,m,35-39,4600,0
MA,2023,white,hisp,f,35-39,4600,0
MA,2023,white,hisp,m,40-44,4261,0
MA,2023,white,hisp,f,40-44,4261,0
MA,2023,white,hisp,m,45-49,4058,0
MA,2023,white,hisp,f,45-49,4058,0
MA,2023,white,hisp,m,50-54,4329,0
MA,2023,white,hisp,f,50-54,4329,0
MA,2023,white,hisp,m,55-59,4532,0
MA,2023,white,hisp,f,55-59,4532,0
MA,2023,white,hisp,m,60-64,4329,0
MA,2023,white,hisp,f,60-64,4329,0
MA,2023,white,hisp,m,65-69,3653,0
MA,2023,white,hisp,f,65-69,3653,0
MA,2023,white,hisp,m,70-74,3044,0
MA,2023,white,hisp,f,70-74,3044,0
MA,2023,white,hisp,m,75-79,2165,0
MA,2023,white,hisp,f,75-79,2165,0
MA,2023,white,hisp,m,80-84,1082,0
MA,2023,white,hisp,f,80-84,1623,0
MA,2023,white,hisp,m,85+,1136,0
MA,2023,white,hisp,f,85+,1705,0
MA,2023,black,hisp,m,0-4,1047,0
MA,2023,black,hisp,f,0-4,1047,0
MA,2023,black,hisp,m,5-9,1083,0
MA,2023,black,hisp,f,5-9,1083,0
MA,2023,black,hisp,m,10-14,1155,0
MA,2023,black,hisp,f,10-14,1155,0
MA,2023,black,hisp,m,15-19,1155,0
MA,2023,black,hisp,f,15-19,1155,0
MA,2023,black,hisp,m,20-24,1191,0
MA,2023,black,hisp,f,20-24,1191,0
MA,2023,black,hisp,m,25-29,1263,0
MA,2023,black,hisp,f,25-29,1263,0
MA,2023,black,hisp,m,30-34,1263,0
MA,2023,black,hisp,f,30-34,1263,0
MA,2023,black,hisp,m,35-39,1227,0
MA,2023,black,hisp,f,35-39,1227,0
MA,2023,black,hisp,m,40-44,1137,0
MA,2023,black,hisp,f,40-44,1137,0
MA,2023,black,hisp,m,45-49,1083,0
MA,2023,black,hisp,f,45-49,1083,0
MA,2023,black,hisp,m,50-54,1155,0
MA,2023,black,hisp,f,50-54,1155,0
MA,2023,black,hisp,m,55-59,1209,0
MA,2023,black,hisp,f,55-59,1209,0
MA,2023,black,hisp,m,60-64,1155,0
MA,2023,black,hisp,f,60-64,1155,0
MA,2023,black,hisp,m,65-69,975,0
MA,2023,black,hisp,f,65-69,975,0
MA,2023,black,hisp,m,70-74,812,0
MA,2023,black,hisp,f,70-74,812,0
MA,2023,black,hisp,m,75-79,578,0
MA,2023,black,hisp,f,75-79,578,0
MA,2023,black,hisp,m,80-84,289,0
MA,2023,black,hisp,f,80-84,433,0
MA,2023,black,hisp,m,85+,303,0
MA,2023,black,hisp,f,85+,455,0
MA,2023,asian,hisp,m,0-4,93,0
MA,2023,asian,hisp,f,0-4,93,0
MA,2023,asian,hisp,m,5-9,96,0
MA,2023,asian,hisp,f,5-9,96,0
MA,2023,asian,hisp,m,10-14,102,0
MA,2023,asian,hisp,f,10-14,102,0
MA,2023,asian,hisp,m,15-19,102,0
MA,2023,asian,hisp,f,15-19,102,0
MA,2023,asian,hisp,m,20-24,106,0
MA,2023,asian,hisp,f,20-24,106,0
MA,2023,asian,hisp,m,25-29,112,0
MA,2023,asian,hisp,f,25-29,112,0
MA,2023,asian,hisp,m,30-34,112,0
MA,2023,asian,hisp,f,30-34,112,0
MA,2023,asian,hisp,m,35-39,109,0
MA,2023,asian,hisp,f,35-39,109,0
MA,2023,asian,hisp,m,40-44,101,0
MA,2023,asian,hisp,f,40-44,101,0
MA,2023,asian,hisp,m,45-49,96,0
MA,2023,asian,hisp,f,45-49,96,0
MA,2023,asian,hisp,m,50-54,102,0
MA,2023,asian,hisp,f,50-54,102,0
MA,2023,asian,hisp,m,55-59,107,0
MA,2023,asian,hisp,f,55-59,107,0
MA,2023,asian,hisp,m,60-64,102,0
MA,2023,asian,hisp,f,60-64,102,0
MA,2023,asian,hisp,m,65-69,86,0
MA,2023,asian,hisp,f,65-69,86,0
MA,2023,asian,hisp,m,70-74,72,0
MA,2023,asian,hisp,f,70-74,72,0
MA,2023,asian,hisp,m,75-79,51,0
MA,2023,asian,hisp,f,75-79,51,0
MA,2023,asian,hisp,m,80-84,26,0
MA,2023,asian,hisp,f,80-84,38,0
MA,2023,asian,hisp,m,85+,27,0
MA,2023,asian,hisp,f,85+,40,0
MA,2023,other,hisp,m,0-4,22324,0
MA,2023,other,hisp,f,0-4,22324,0
MA,2023,other,hisp,m,5-9,23094,0
MA,2023,other,hisp,f,5-9,23094,0
MA,2023,other,hisp,m,10-14,24634,0
MA,2023,other,hisp,f,10-14,24634,0
MA,2023,other,hisp,m,15-19,24634,0
MA,2023,other,hisp,f,15-19,24634,0
MA,2023,other,hisp,m,20-24,25403,0
MA,2023,other,hisp,f,20-24,25403,0
MA,2023,other,hisp,m,25-29,26943,0
MA,2023,other,hisp,f,25-29,26943,0
MA,2023,other,hisp,m,30-34,26943,0
MA,2023,other,hisp,f,30-34,26943,0
MA,2023,other,hisp,m,35-39,26173,0
MA,2023,other,hisp,f,35-39,26173,0
MA,2023,other,hisp,m,40-44,24249,0
MA,2023,other,hisp,f,40-44,24249,0
MA,2023,other,hisp,m,45-49,23094,0
MA,2023,other,hisp,f,45-49,23094,0
MA,2023,other,hisp,m,50-54,24634,0
MA,2023,other,hisp,f,50-54,24634,0
MA,2023,other,hisp,m,55-59,25788,0
MA,2023,other,hisp,f,55-59,25788,0
MA,2023,other,hisp,m,60-64,24634,0
MA,2023,other,hisp,f,60-64,24634,0
MA,2023,other,hisp,m,65-69,20785,0
MA,2023,other,hisp,f,65-69,20785,0
MA,2023,other,hisp,m,70-74,17320,0
MA,2023,other,hisp,f,70-74,17320,0
MA,2023,other,hisp,m,75-79,12317,0
MA,2023,other,hisp,f,75-79,12317,0
MA,2023,other,hisp,m,80-84,6158,0
MA,2023,other,hisp,f,80-84,9238,0
MA,2023,other,hisp,m,85+,6466,0
MA,2023,other,hisp,f,85+,9699,0
MI,2023,white,non-hisp,m,0-4,210589,0
MI,2023,white,non-hisp,f,0-4,210589,0
MI,2023,white,non-hisp,m,5-9,217850,0
MI,2023,white,non-hisp,f,5-9,217850,0
MI,2023,white,non-hisp,m,10-14,232374,0
MI,2023,white,non-hisp,f,10-14,232374,0
MI,2023,white,non-hisp,m,15-19,232374,0
MI,2023,white,non-hisp,f,15-19,232374,0
MI,2023,white,non-hisp,m,20-24,239635,0
MI,2023,white,non-hisp,f,20-24,239635,0
MI,2023,white,non-hisp,m,25-29,254159,0
MI,2023,white,non-hisp,f,25-29,254159,0
MI,2023,white,non-hisp,m,30-34,254159,0
MI,2023,white,non-hisp,f,30-34,254159,0
MI,2023,white,non-hisp,m,35-39,246897,0
MI,2023,white,non-hisp,f,35-39,246897,0
MI,2023,white,non-hisp,m,40-44,228743,0
MI,2023,white,non-hisp,f,40-44,228743,0
MI,2023,white,non-hisp,m,45-49,217850,0
MI,2023,white,non-hisp,f,45-49,217850,0
MI,2023,white,non-hisp,m,50-54,232374,0
MI,2023,white,non-hisp,f,50-54,232374,0
MI,2023,white,non-hisp,m,55-59,243266,0
MI,2023,white,non-hisp,f,55-59,243266,0
MI,2023,white,non-hisp,m,60-64,232374,0
MI,2023,white,non-hisp,f,60-64,232374,0
MI,2023,white,non-hisp,m,65-69,196065,0
MI,2023,white,non-hisp,f,65-69,196065,0
MI,2023,white,non-hisp,m,70-74,163388,0
MI,2023,white,non-hisp,f,70-74,163388,0
MI,2023,white,non-hisp,m,75-79,116187,0
MI,2023,white,non-hisp,f,75-79,116187,0
MI,2023,white,non-hisp,m,80-84,58093,0
MI,2023,white,non-hisp,f,80-84,87140,0
MI,2023,white,non-hisp,m,85+,60998,0
MI,2023,white,non-hisp,f,85+,91497,0
MI,2023,black,non-hisp,m,0-4,37957,0
MI,2023,black,non-hisp,f,0-4,37957,0
MI,2023,black,non-hisp,m,5-9,39266,0
MI,2023,black,non-hisp,f,5-9,39266,0
MI,2023,black,non-hisp,m,10-14,41883,0
MI,2023,black,non-hisp,f,10-14,41883,0
MI,2023,black,non-hisp,m,15-19,41883,0
MI,2023,black,non-hisp,f,15-19,41883,0
MI,2023,black,non-hisp,m,20-24,43192,0
MI,2023,black,non-hisp,f,20-24,43192,0
MI,2023,black,non-hisp,m,25-29,45810,0
MI,2023,black,non-hisp,f,25-29,45810,0
MI,2023,black,non-hisp,m,30-34,45810,0
MI,2023,black,non-hisp,f,30-34,45810,0
MI,2023,black,non-hisp,m,35-39,44501,0
MI,2023,black,non-hisp,f,35-39,44501,0
MI,2023,black,non-hisp,m,40-44,41229,0
MI,2023,black,non-hisp,f,40-44,41229,0
MI,2023,black,non-hisp,m,45-49,39266,0
MI,2023,black,non-hisp,f,45-49,39266,0
MI,2023,black,non-hisp,m,50-54,41883,0
MI,2023,black,non-hisp,f,50-54,41883,0
MI,2023,black,non-hisp,m,55-59,43847,0
MI,2023,black,non-hisp,f,55-59,43847,0
MI,2023,black,non-hisp,m,60-64,41883,0
MI,2023,black,non-hisp,f,60-64,41883,0
MI,2023,black,non-hisp,m,65-69,35339,0
MI,2023,black,non-hisp,f,65-69,35339,0
MI,2023,black,non-hisp,m,70-74,29449,0
MI,2023,black,non-hisp,f,70-74,29449,0
MI,2023,black,non-hisp,m,75-79,20942,0
MI,2023,black,non-hisp,f,75-79,20942,0
MI,2023,black,non-hisp,m,80-84,10471,0
MI,2023,black,non-hisp,f,80-84,15706,0
MI,2023,black,non-hisp,m,85+,10994,0
MI,2023,black,non-hisp,f,85+,16492,0
MI,2023,asian,non-hisp,m,0-4,9788,0
MI,2023,asian,non-hisp,f,0-4,9788,0
MI,2023,asian,non-hisp,m,5-9,10126,0
MI,2023,asian,non-hisp,f,5-9,10126,0
MI,2023,asian,non-hisp,m,10-14,10801,0
MI,2023,asian,non-hisp,f,10-14,10801,0
MI,2023,asian,non-hisp,m,15-19,10801,0
MI,2023,asian,non-hisp,f,15-19,10801,0
MI,2023,asian,non-hisp,m,20-24,11138,0
MI,2023,asian,non-hisp,f,20-24,11138,0
MI,2023,asian,non-hisp,m,25-29,11813,0
MI,2023,asian,non-hisp,f,25-29,11813,0
MI,2023,asian,non-hisp,m,30-34,11813,0
MI,2023,asian,non-hisp,f,30-34,11813,0
MI,2023,asian,non-hisp,m,35-39,11476,0
MI,2023,asian,non-hisp,f,35-39,11476,0
MI,2023,asian,non-hisp,m,40-44,10632,0
MI,2023,asian,non-hisp,f,40-44,10632,0
MI,2023,asian,non-hisp,m,45-49,10126,0
MI,2023,asian,non-hisp,f,45-49,10126,0
MI,2023,asian,non-hisp,m,50-54,10801,0
MI,2023,asian,non-hisp,f,50-54,10801,0
MI,2023,asian,non-hisp,m,55-59,11307,0
MI,2023,asian,non-hisp,f,55-59,11307,0
MI,2023,asian,non-hisp,m,60-64,10801,0
MI,2023,asian,non-hisp,f,60-64,10801,0
MI,2023,asian,non-hisp,m,65-69,9113,0
MI,2023,asian,non-hisp,f,65-69,9113,0
MI,2023,asian,non-hisp,m,70-74,7594,0
MI,2023,asian,non-hisp,f,70-74,7594,0
MI,2023,asian,non-hisp,m,75-79,5400,0
MI,2023,asian,non-hisp,f,75-79,5400,0
MI,2023,asian,non-hisp,m,80-84,2700,0
MI,2023,asian,non-hisp,f,80-84,4050,0
MI,2023,asian,non-hisp,m,85+,2835,0
MI,2023,asian,non-hisp,f,85+,4253,0
MI,2023,other,non-hisp,m,0-4,15391,0
MI,2023,other,non-hisp,f,0-4,15391,0
MI,2023,other,non-hisp,m,5-9,15922,0
MI,2023,other,non-hisp,f,5-9,15922,0
MI,2023,other,non-hisp,m,10-14,16983,0
MI,2023,other,non-hisp,f,10-14,16983,0
MI,2023,other,non-hisp,m,15-19,16983,0
MI,2023,other,non-hisp,f,15-19,16983,0
MI,2023,other,non-hisp,m,20-24,17514,0
MI,2023,other,non-hisp,f,20-24,17514,0
MI,2023,other,non-hisp,m,25-29,18575,0
MI,2023,other,non-hisp,f,25-29,18575,0
MI,2023,other,non-hisp,m,30-34,18575,0
MI,2023,other,non-hisp,f,30-34,18575,0
MI,2023,other,non-hisp,m,35-39,18045,0
MI,2023,other,non-hisp,f,35-39,18045,0
MI,2023,other,non-hisp,m,40-44,16718,0
MI,2023,other,non-hisp,f,40-44,16718,0
MI,2023,other,non-hisp,m,45-49,15922,0
MI,2023,other,non-hisp,f,45-49,15922,0
MI,2023,other,non-hisp,m,50-54,16983,0
MI,2023,other,non-hisp,f,50-54,16983,0
MI,2023,other,non-hisp,m,55-59,17779,0
MI,2023,other,non-hisp,f,55-59,17779,0
MI,2023,other,non-hisp,m,60-64,16983,0
MI,2023,other,non-hisp,f,60-64,16983,0
MI,2023,other,non-hisp,m,65-69,14330,0
MI,2023,other,non-hisp,f,65-69,14330,0
MI,2023,other,non-hisp,m,70-74,11941,0
MI,2023,other,non-hisp,f,70-74,11941,0
MI,2023,other,non-hisp,m,75-79,8492,0
MI,2023,other,non-hisp,f,75-79,8492,0
MI,2023,other,non-hisp,m,80-84,4246,0
MI,2023,other,non-hisp,f,80-84,6369,0
MI,2023,other,non-hisp,m,85+,4458,0
MI,2023,other,non-hisp,f,85+,6687,0
MI,2023,white,hisp,m,0-4,4180,0
MI,2023,white,hisp,f,0-4,4180,0
MI,2023,white,hisp,m,5-9,4324,0
MI,2023,white,hisp,f,5-9,4324,0
MI,2023,white,hisp,m,10-14,4612,0
MI,2023,white,hisp,f,10-14,4612,0
MI,2023,white,hisp,m,15-19,4612,0
MI,2023,white,hisp,f,15-19,4612,0
MI,2023,white,hisp,m,20-24,4756,0
MI,2023,white,hisp,f,20-24,4756,0
MI,2023,white,hisp,m,25-29,5044,0
MI,2023,white,hisp,f,25-29,5044,0
MI,2023,white,hisp,m,30-34,5044,0
MI,2023,white,hisp,f,30-34,5044,0
MI,2023,white,hisp,m,35-39,4900,0
MI,2023,white,hisp,f,35-39,4900,0
MI,2023,white,hisp,m,40-44,4540,0
MI,2023,white,hisp,f,40-44,4540,0
MI,2023,white,hisp,m,45-49,4324,0
MI,2023,white,hisp,f,45-49,4324,0
MI,2023,white,hisp,m,50-54,4612,0
MI,2023,white,hisp,f,50-54,4612,0
MI,2023,white,hisp,m,55-59,4828,0
MI,2023,white,hisp,f,55-59,4828,0
MI,2023,white,hisp,m,60-64,4612,0
MI,2023,white,hisp,f,60-64,4612,0
MI,2023,white,hisp,m,65-69,3891,0
MI,2023,white,hisp,f,65-69,3891,0
MI,2023,white,hisp,m,70-74,3243,0
MI,2023,white,hisp,f,70-74,3243,0
MI,2023,white,hisp,m,75-79,2306,0
MI,2023,white,hisp,f,75-79,2306,0
MI,2023,white,hisp,m,80-84,1153,0
MI,2023,white,hisp,f,80-84,1729,0
MI,2023,white,hisp,m,85+,1211,0
MI,2023,white,hisp,f,85+,1816,0
MI,2023,black,hisp,m,0-4,341,0
MI,2023,black,hisp,f,0-4,341,0
MI,2023,black,hisp,m,5-9,353,0
MI,2023,black,hisp,f,5-9,353,0
MI,2023,black,hisp,m,10-14,376,0
MI,2023,black,hisp,f,10-14,376,0
MI,2023,black,hisp,m,15-19,376,0
MI,2023,black,hisp,f,15-19,376,0
MI,2023,black,hisp,m,20-24,388,0
MI,2023,black,hisp,f,20-24,388,0
MI,2023,black,hisp,m,25-29,411,0
MI,2023,black,hisp,f,25-29,411,0
MI,2023,black,hisp,m,30-34,411,0
MI,2023,black,hisp,f,30-34,411,0
MI,2023,black,hisp,m,35-39,400,0
MI,2023,black,hisp,f,35-39,400,0
MI,2023,black,hisp,m,40-44,370,0
MI,2023,black,hisp,f,40-44,370,0
MI,2023,black,hisp,m,45-49,353,0
MI,2023,black,hisp,f,45-49,353,0
MI,2023,black,hisp,m,50-54,376,0
MI,2023,black,hisp,f,50-54,376,0
MI,2023,black,hisp,m,55-59,394,0
MI,2023,black,hisp,f,55-59,394,0
MI,2023,black,hisp,m,60-64,376,0
MI,2023,black,hisp,f,60-64,376,0
MI,2023,black,hisp,m,65-69,317,0
MI,2023,black,hisp,f,65-69,317,0
MI,2023,black,hisp,m,70-74,264,0
MI,2023,black,hisp,f,70-74,264,0
MI,2023,black,hisp,m,75-79,188,0
MI,2023,black,hisp,f,75-79,188,0
MI,2023,black,hisp,m,80-84,94,0
MI,2023,black,hisp,f,80-84,141,0
MI,2023,black,hisp,m,85+,99,0
MI,2023,black,hisp,f,85+,148,0
MI,2023,asian,hisp,m,0-4,83,0
MI,2023,asian,hisp,f,0-4,83,0
MI,2023,asian,hisp,m,5-9,85,0
MI,2023,asian,hisp,f,5-9,85,0
MI,2023,asian,hisp,m,10-14,91,0
MI,2023,asian,hisp,f,10-14,91,0
MI,2023,asian,hisp,m,15-19,91,0
MI,2023,asian,hisp,f,15-19,91,0
MI,2023,asian,hisp,m,20-24,94,0
MI,2023,asian,hisp,f,20-24,94,0
MI,2023,asian,hisp,m,25-29,100,0
MI,2023,asian,hisp,f,25-29,100,0
MI,2023,asian,hisp,m,30-34,100,0
MI,2023,asian,hisp,f,30-34,100,0
MI,2023,asian,hisp,m,35-39,97,0
MI,2023,asian,hisp,f,35-39,97,0
MI,2023,asian,hisp,m,40-44,90,0
MI,2023,asian,hisp,f,40-44,90,0
MI,2023,asian,hisp,m,45-49,85,0
MI,2023,asian,hisp,f,45-49,85,0
MI,2023,asian,hisp,m,50-54,91,0
MI,2023,asian,hisp,f,50-54,91,0
MI,2023,asian,hisp,m,55-59,95,0
MI,2023,asian,hisp,f,55-59,95,0
MI,2023,asian,hisp,m,60-64,91,0
MI,2023,asian,hisp,f,60-64,91,0
MI,2023,asian,hisp,m,65-69,77,0
MI,2023,asian,hisp,f,65-69,77,0
MI,2023,asian,hisp,m,70-74,64,0
MI,2023,asian,hisp,f,70-74,64,0
MI,2023,asian,hisp,m,75-79,46,0
MI,2023,asian,hisp,f,75-79,46,0
MI,2023,asian,hisp,m,80-84,23,0
MI,2023,asian,hisp,f,80-84,34,0
MI,2023,asian,hisp,m,85+,24,0
MI,2023,asian,hisp,f,85+,36,0
MI,2023,other,hisp,m,0-4,12753,0
MI,2023,other,hisp,f,0-4,12753,0
MI,2023,other,hisp,m,5-9,13193,0
MI,2023,other,hisp,f,5-9,13193,0
MI,2023,other,hisp,m,10-14,14072,0
MI,2023,other,hisp,f,10-14,14072,0
MI,2023,other,hisp,m,15-19,14072,0
MI,2023,other,hisp,f,15-19,14072,0
MI,2023,other,hisp,m,20-24,14512,0
MI,2023,other,hisp,f,20-24,14512,0
MI,2023,other,hisp,m,25-29,15391,0
MI,2023,other,hisp,f,25-29,15391,0
MI,2023,other,hisp,m,30-34,15391,0
MI,2023,other,hisp,f,30-34,15391,0
MI,2023,other,hisp,m,35-39,14952,0
MI,2023,other,hisp,f,35-39,14952,0
MI,2023,other,hisp,m,40-44,13852,0
MI,2023,other,hisp,f,40-44,13852,0
MI,2023,other,hisp,m,45-49,13193,0
MI,2023,other,hisp,f,45-49,13193,0
MI,2023,other,hisp,m,50-54,14072,0
MI,2023,other,hisp,f,50-54,14072,0
MI,2023,other,hisp,m,55-59,14732,0
MI,2023,other,hisp,f,55-59,14732,0
MI,2023,other,hisp,m,60-64,14072,0
MI,2023,other,hisp,f,60-64,14072,0
MI,2023,other,hisp,m,65-69,11873,0
MI,2023,other,hisp,f,65-69,11873,0
MI,2023,other,hisp,m,70-74,9895,0
MI,2023,other,hisp,f,70-74,9895,0
MI,2023,other,hisp,m,75-79,7036,0
MI,2023,other,hisp,f,75-79,7036,0
MI,2023,other,hisp,m,80-84,3518,0
MI,2023,other,hisp,f,80-84,5277,0
MI,2023,other,hisp,m,85+,3694,0
MI,2023,other,hisp,f,85+,5541,0
MN,2023,white,non-hisp,m,0-4,125728,0
MN,2023,white,non-hisp,f,0-4,125728,0
MN,2023,white,non-hisp,m,5-9,130063,0
MN,2023,white,non-hisp,f,5-9,130063,0
MN,2023,white,non-hisp,m,10-14,138734,0
MN,2023,white,non-hisp,f,10-14,138734,0
MN,2023,white,non-hisp,m,15-19,138734,0
MN,2023,white,non-hisp,f,15-19,138734,0
MN,2023,white,non-hisp,m,20-24,143069,0
MN,2023,white,non-hisp,f,20-24,143069,0
MN,2023,white,non-hisp,m,25-29,151740,0
MN,2023,white,non-hisp,f,25-29,151740,0
MN,2023,white,non-hisp,m,30-34,151740,0
MN,2023,white,non-hisp,f,30-34,151740,0
MN,2023,white,non-hisp,m,35-39,147405,0
MN,2023,white,non-hisp,f,35-39,147405,0
MN,2023,white,non-hisp,m,40-44,136566,0
MN,2023,white,non-hisp,f,40-44,136566,0
MN,2023,white,non-hisp,m,45-49,130063,0
MN,2023,white,non-hisp,f,45-49,130063,0
MN,2023,white,non-hisp,m,50-54,138734,0
MN,2023,white,non-hisp,f,50-54,138734,0
MN,2023,white,non-hisp,m,55-59,145237,0
MN,2023,white,non-hisp,f,55-59,145237,0
MN,2023,white,non-hisp,m,60-64,138734,0
MN,2023,white,non-hisp,f,60-64,138734,0
MN,2023,white,non-hisp,m,65-69,117057,0
MN,2023,white,non-hisp,f,65-69,117057,0
MN,2023,white,non-hisp,m,70-74,97547,0
MN,2023,white,non-hisp,f,70-74,97547,0
MN,2023,white,non-hisp,m,75-79,69367,0
MN,2023,white,non-hisp,f,75-79,69367,0
MN,2023,white,non-hisp,m,80-84,34683,0
MN,2023,white,non-hisp,f,80-84,52025,0
MN,2023,white,non-hisp,m,85+,36418,0
MN,2023,white,non-hisp,f,85+,54626,0
MN,2023,black,non-hisp,m,0-4,11835,0
MN,2023,black,non-hisp,f,0-4,11835,0
MN,2023,black,non-hisp,m,5-9,12243,0
MN,2023,black,non-hisp,f,5-9,12243,0
MN,2023,black,non-hisp,m,10-14,13059,0
MN,2023,black,non-hisp,f,10-14,13059,0
MN,2023,black,non-hisp,m,15-19,13059,0
MN,2023,black,non-hisp,f,15-19,13059,0
MN,2023,black,non-hisp,m,20-24,13467,0
MN,2023,black,non-hisp,f,20-24,13467,0
MN,2023,black,non-hisp,m,25-29,14284,0
MN,2023,black,non-hisp,f,25-29,14284,0
MN,2023,black,non-hisp,m,30-34,14284,0
MN,2023,black,non-hisp,f,30-34,14284,0
MN,2023,black,non-hisp,m,35-39,13876,0
MN,2023,black,non-hisp,f,35-39,13876,0
MN,2023,black,non-hisp,m,40-44,12855,0
MN,2023,black,non-hisp,f,40-44,12855,0
MN,2023,black,non-hisp,m,45-49,12243,0
MN,2023,black,non-hisp,f,45-49,12243,0
MN,2023,black,non-hisp,m,50-54,13059,0
MN,2023,black,non-hisp,f,50-54,13059,0
MN,2023,black,non-hisp,m,55-59,13671,0
MN,2023,black,non-hisp,f,55-59,13671,0
MN,2023,black,non-hisp,m,60-64,13059,0
MN,2023,black,non-hisp,f,60-64,13059,0
MN,2023,black,non-hisp,m,65-69,11019,0
MN,2023,black,non-hisp,f,65-69,11019,0
MN,2023,black,non-hisp,m,70-74,9182,0
MN,2023,black,non-hisp,f,70-74,9182,0
MN,2023,black,non-hisp,m,75-79,6530,0
MN,2023,black,non-hisp,f,75-79,6530,0
MN,2023,black,non-hisp,m,80-84,3265,0
MN,2023,black,non-hisp,f,80-84,4897,0
MN,2023,black,non-hisp,m,85+,3428,0
MN,2023,black,non-hisp,f,85+,5142,0
MN,2023,asian,non-hisp,m,0-4,8606,0
MN,2023,asian,non-hisp,f,0-4,8606,0
MN,2023,asian,non-hisp,m,5-9,8903,0
MN,2023,asian,non-hisp,f,5-9,8903,0
MN,2023,asian,non-hisp,m,10-14,9497,0
MN,2023,asian,non-hisp,f,10-14,9497,0
MN,2023,asian,non-hisp,m,15-19,9497,0
MN,2023,asian,non-hisp,f,15-19,9497,0
MN,2023,asian,non-hisp,m,20-24,9794,0
MN,2023,asian,non-hisp,f,20-24,9794,0
MN,2023,asian,non-hisp,m,25-29,10387,0
MN,2023,asian,non-hisp,f,25-29,10387,0
MN,2023,asian,non-hisp,m,30-34,10387,0
MN,2023,asian,non-hisp,f,30-34,10387,0
MN,2023,asian,non-hisp,m,35-39,10090,0
MN,2023,asian,non-hisp,f,35-39,10090,0
MN,2023,asian,non-hisp,m,40-44,9348,0
MN,2023,asian,non-hisp,f,40-44,9348,0
MN,2023,asian,non-hisp,m,45-49,8903,0
MN,2023,asian,non-hisp,f,45-49,8903,0
MN,2023,asian,non-hisp,m,50-54,9497,0
MN,2023,asian,non-hisp,f,50-54,9497,0
MN,2023,asian,non-hisp,m,55-59,9942,0
MN,2023,asian,non-hisp,f,55-59,9942,0
MN,2023,asian,non-hisp,m,60-64,9497,0
MN,2023,asian,non-hisp,f,60-64,9497,0
MN,2023,asian,non-hisp,m,65-69,8013,0
MN,2023,asian,non-hisp,f,65-69,8013,0
MN,2023,asian,non-hisp,m,70-74,6677,0
MN,2023,asian,non-hisp,f,70-74,6677,0
MN,2023,asian,non-hisp,m,75-79,4748,0
MN,2023,asian,non-hisp,f,75-79,4748,0
MN,2023,asian,non-hisp,m,80-84,2374,0
MN,2023,asian,non-hisp,f,80-84,3561,0
MN,2023,asian,non-hisp,m,85+,2493,0
MN,2023,asian,non-hisp,f,85+,3739,0
MN,2023,other,non-hisp,m,0-4,9588,0
MN,2023,other,non-hisp,f,0-4,9588,0
MN,2023,other,non-hisp,m,5-9,9919,0
MN,2023,other,non-hisp,f,5-9,9919,0
MN,2023,other,non-hisp,m,10-14,10580,0
MN,2023,other,non-hisp,f,10-14,10580,0
MN,2023,other,non-hisp,m,15-19,10580,0
MN,2023,other,non-hisp,f,15-19,10580,0
MN,2023,other,non-hisp,m,20-24,10911,0
MN,2023,other,non-hisp,f,20-24,10911,0
MN,2023,other,non-hisp,m,25-29,11572,0
MN,2023,other,non-hisp,f,25-29,11572,0
MN,2023,other,non-hisp,m,30-34,11572,0
MN,2023,other,non-hisp,f,30-34,11572,0
MN,2023,other,non-hisp,m,35-39,11242,0
MN,2023,other,non-hisp,f,35-39,11242,0
MN,2023,other,non-hisp,m,40-44,10415,0
MN,2023,other,non-hisp,f,40-44,10415,0
MN,2023,other,non-hisp,m,45-49,9919,0
MN,2023,other,non-hisp,f,45-49,9919,0
MN,2023,other,non-hisp,m,50-54,10580,0
MN,2023,other,non-hisp,f,50-54,10580,0
MN,2023,other,non-hisp,m,55-59,11076,0
MN,2023,other,non-hisp,f,55-59,11076,0
MN,2023,other,non-hisp,m,60-64,10580,0
MN,2023,other,non-hisp,f,60-64,10580,0
MN,2023,other,non-hisp,m,65-69,8927,0
MN,2023,other,non-hisp,f,65-69,8927,0
MN,2023,other,non-hisp,m,70-74,7439,0
MN,2023,other,non-hisp,f,70-74,7439,0
MN,2023,other,non-hisp,m,75-79,5290,0
MN,2023,other,non-hisp,f,75-79,5290,0
MN,2023,other,non-hisp,m,80-84,2645,0
MN,2023,other,non-hisp,f,80-84,3968,0
MN,2023,other,non-hisp,m,85+,2777,0
MN,2023,other,non-hisp,f,85+,4166,0
MN,2023,white,hisp,m,0-4,1849,0
MN,2023,white,hisp,f,0-4,1849,0
MN,2023,white,hisp,m,5-9,1913,0
MN,2023,white,hisp,f,5-9,1913,0
MN,2023,white,hisp,m,10-14,2041,0
MN,2023,white,hisp,f,10-14,2041,0
MN,2023,white,hisp,m,15-19,2041,0
MN,2023,white,hisp,f,15-19,2041,0
MN,2023,white,hisp,m,20-24,2104,0
MN,2023,white,hisp,f,20-24,2104,0
MN,2023,white,hisp,m,25-29,2232,0
MN,2023,white,hisp,f,25-29,2232,0
MN,2023,white,hisp,m,30-34,2232,0
MN,2023,white,hisp,f,30-34,2232,0
MN,2023,white,hisp,m,35-39,2168,0
MN,2023,white,hisp,f,35-39,2168,0
MN,2023,white,hisp,m,40-44,2009,0
MN,2023,white,hisp,f,40-44,2009,0
MN,2023,white,hisp,m,45-49,1913,0
MN,2023,white,hisp,f,45-49,1913,0
MN,2023,white,hisp,m,50-54,2041,0
MN,2023,white,hisp,f,50-54,2041,0
MN,2023,white,hisp,m,55-59,2136,0
MN,2023,white,hisp,f,55-59,2136,0
MN,2023,white,hisp,m,60-64,2041,0
MN,2023,white,hisp,f,60-64,2041,0
MN,2023,white,hisp,m,65-69,1722,0
MN,2023,white,hisp,f,65-69,1722,0
MN,2023,white,hisp,m,70-74,1435,0
MN,2023,white,hisp,f,70-74,1435,0
MN,2023,white,hisp,m,75-79,1020,0
MN,2023,white,hisp,f,75-79,1020,0
MN,2023,white,hisp,m,80-84,510,0
MN,2023,white,hisp,f,80-84,765,0
MN,2023,white,hisp,m,85+,536,0
MN,2023,white,hisp,f,85+,803,0
MN,2023,black,hisp,m,0-4,140,0
MN,2023,black,hisp,f,0-4,140,0
MN,2023,black,hisp,m,5-9,145,0
MN,2023,black,hisp,f,5-9,145,0
MN,2023,black,hisp,m,10-14,154,0
MN,2023,black,hisp,f,10-14,154,0
MN,2023,black,hisp,m,15-19,154,0
MN,2023,black,hisp,f,15-19,154,0
MN,2023,black,hisp,m,20-24,159,0
MN,2023,black,hisp,f,20-24,159,0
MN,2023,black,hisp,m,25-29,169,0
MN,2023,black,hisp,f,25-29,169,0
MN,2023,black,hisp,m,30-34,169,0
MN,2023,black,hisp,f,30-34,169,0
MN,2023,black,hisp,m,35-39,164,0
MN,2023,black,hisp,f,35-39,164,0
MN,2023,black,hisp,m,40-44,152,0
MN,2023,black,hisp,f,40-44,152,0
MN,2023,black,hisp,m,45-49,145,0
MN,2023,black,hisp,f,45-49,145,0
MN,2023,black,hisp,m,50-54,154,0
MN,2023,black,hisp,f,50-54,154,0
MN,2023,black,hisp,m,55-59,162,0
MN,2023,black,hisp,f,55-59,162,0
MN,2023,black,hisp,m,60-64,154,0
MN,2023,black,hisp,f,60-64,154,0
MN,2023,black,hisp,m,65-69,130,0
MN,2023,black,hisp,f,65-69,130,0
MN,2023,black,hisp,m,70-74,109,0
MN,2023,black,hisp,f,70-74,109,0
MN,2023,black,hisp,m,75-79,77,0
MN,2023,black,hisp,f,75-79,77,0
MN,2023,black,hisp,m,80-84,39,0
MN,2023,black,hisp,f,80-84,58,0
MN,2023,black,hisp,m,85+,41,0
MN,2023,black,hisp,f,85+,61,0
MN,2023,asian,hisp,m,0-4,48,0
MN,2023,asian,hisp,f,0-4,48,0
MN,2023,asian,hisp,m,5-9,49,0
MN,2023,asian,hisp,f,5-9,49,0
MN,2023,asian,hisp,m,10-14,53,0
MN,2023,asian,hisp,f,10-14,53,0
MN,2023,asian,hisp,m,15-19,53,0
MN,2023,asian,hisp,f,15-19,53,0
MN,2023,asian,hisp,m,20-24,54,0
MN,2023,asian,hisp,f,20-24,54,0
MN,2023,asian,hisp,m,25-29,58,0
MN,2023,asian,hisp,f,25-29,58,0
MN,2023,asian,hisp,m,30-34,58,0
MN,2023,asian,hisp,f,30-34,58,0
MN,2023,asian,hisp,m,35-39,56,0
MN,2023,asian,hisp,f,35-39,56,0
MN,2023,asian,hisp,m,40-44,52,0
MN,2023,asian,hisp,f,40-44,52,0
MN,2023,asian,hisp,m,45-49,49,0
MN,2023,asian,hisp,f,45-49,49,0
MN,2023,asian,hisp,m,50-54,53,0
MN,2023,asian,hisp,f,50-54,53,0
MN,2023,asian,hisp,m,55-59,55,0
MN,2023,asian,hisp,f,55-59,55,0
MN,2023,asian,hisp,m,60-64,53,0
MN,2023,asian,hisp,f,60-64,53,0
MN,2023,asian,hisp,m,65-69,44,0
MN,2023,asian,hisp,f,65-69,44,0
MN,2023,asian,hisp,m,70-74,37,0
MN,2023,asian,hisp,f,70-74,37,0
MN,2023,asian,hisp,m,75-79,26,0
MN,2023,asian,hisp,f,75-79,26,0
MN,2023,asian,hisp,m,80-84,13,0
MN,2023,asian,hisp,f,80-84,20,0
MN,2023,asian,hisp,m,85+,14,0
MN,2023,asian,hisp,f,85+,21,0
MN,2023,other,hisp,m,0-4,8605,0
MN,2023,other,hisp,f,0-4,8605,0
MN,2023,other,hisp,m,5-9,8902,0
MN,2023,other,hisp,f,5-9,8902,0
MN,2023,other,hisp,m,10-14,9495,0
MN,2023,other,hisp,f,10-14,9495,0
MN,2023,other,hisp,m,15-19,9495,0
MN,2023,other,hisp,f,15-19,9495,0
MN,2023,other,hisp,m,20-24,9792,0
MN,2023,other,hisp,f,20-24,9792,0
MN,2023,other,hisp,m,25-29,10386,0
MN,2023,other,hisp,f,25-29,10386,0
MN,2023,other,hisp,m,30-34,10386,0
MN,2023,other,hisp,f,30-34,10386,0
MN,2023,other,hisp,m,35-39,10089,0
MN,2023,other,hisp,f,35-39,10089,0
MN,2023,other,hisp,m,40-44,9347,0
MN,2023,other,hisp,f,40-44,9347,0
MN,2023,other,hisp,m,45-49,8902,0
MN,2023,other,hisp,f,45-49,8902,0
MN,2023,other,hisp,m,50-54,9495,0
MN,2023,other,hisp,f,50-54,9495,0
MN,2023,other,hisp,m,55-59,9940,0
MN,2023,other,hisp,f,55-59,9940,0
MN,2023,other,hisp,m,60-64,9495,0
MN,2023,other,hisp,f,60-64,9495,0
MN,2023,other,hisp,m,65-69,8012,0
MN,2023,other,hisp,f,65-69,8012,0
MN,2023,other,hisp,m,70-74,6676,0
MN,2023,other,hisp,f,70-74,6676,0
MN,2023,other,hisp,m,75-79,4748,0
MN,2023,other,hisp,f,75-79,4748,0
MN,2023,other,hisp,m,80-84,2374,0
MN,2023,other,hisp,f,80-84,3561,0
MN,2023,other,hisp,m,85+,2493,0
MN,2023,other,hisp,f,85+,3739,0
MS,2023,white,non-hisp,m,0-4,46950,0
MS,2023,white,non-hisp,f,0-4,46950,0
MS,2023,white,non-hisp,m,5-9,48568,0
MS,2023,white,non-hisp,f,5-9,48568,0
MS,2023,white,non-hisp,m,10-14,51806,0
MS,2023,white,non-hisp,f,10-14,51806,0
MS,2023,white,non-hisp,m,15-19,51806,0
MS,2023,white,non-hisp,f,15-19,51806,0
MS,2023,white,non-hisp,m,20-24,53425,0
MS,2023,white,non-hisp,f,20-24,53425,0
MS,2023,white,non-hisp,m,25-29,56663,0
MS,2023,white,non-hisp,f,25-29,56663,0
MS,2023,white,non-hisp,m,30-34,56663,0
MS,2023,white,non-hisp,f,30-34,56663,0
MS,2023,white,non-hisp,m,35-39,55044,0
MS,2023,white,non-hisp,f,35-39,55044,0
MS,2023,white,non-hisp,m,40-44,50997,0
MS,2023,white,non-hisp,f,40-44,50997,0
MS,2023,white,non-hisp,m,45-49,48568,0
MS,2023,white,non-hisp,f,45-49,48568,0
MS,2023,white,non-hisp,m,50-54,51806,0
MS,2023,white,non-hisp,f,50-54,51806,0
MS,2023,white,non-hisp,m,55-59,54235,0
MS,2023,white,non-hisp,f,55-59,54235,0
MS,2023,white,non-hisp,m,60-64,51806,0
MS,2023,white,non-hisp,f,60-64,51806,0
MS,2023,white,non-hisp,m,65-69,43712,0
MS,2023,white,non-hisp,f,65-69,43712,0
MS,2023,white,non-hisp,m,70-74,36426,0
MS,2023,white,non-hisp,f,70-74,36426,0
MS,2023,white,non-hisp,m,75-79,25903,0
MS,2023,white,non-hisp,f,75-79,25903,0
MS,2023,white,non-hisp,m,80-84,12952,0
MS,2023,white,non-hisp,f,80-84,19427,0
MS,2023,white,non-hisp,m,85+,13599,0
MS,2023,white,non-hisp,f,85+,20399,0
MS,2023,black,non-hisp,m,0-4,30294,0
MS,2023,black,non-hisp,f,0-4,30294,0
MS,2023,black,non-hisp,m,5-9,31339,0
MS,2023,black,non-hisp,f,5-9,31339,0
MS,2023,black,non-hisp,m,10-14,33428,0
MS,2023,black,non-hisp,f,10-14,33428,0
MS,2023,black,non-hisp,m,15-19,33428,0
MS,2023,black,non-hisp,f,15-19,33428,0
MS,2023,black,non-hisp,m,20-24,34473,0
MS,2023,black,non-hisp,f,20-24,34473,0
MS,2023,black,non-hisp,m,25-29,36562,0
MS,2023,black,non-hisp,f,25-29,36562,0
MS,2023,black,non-hisp,m,30-34,36562,0
MS,2023,black,non-hisp,f,30-34,36562,0
MS,2023,black,non-hisp,m,35-39,35517,0
MS,2023,black,non-hisp,f,35-39,35517,0
MS,2023,black,non-hisp,m,40-44,32906,0
MS,2023,black,non-hisp,f,40-44,32906,0
MS,2023,black,non-hisp,m,45-49,31339,0
MS,2023,black,non-hisp,f,45-49,31339,0
MS,2023,black,non-hisp,m,50-54,33428,0
MS,2023,black,non-hisp,f,50-54,33428,0
MS,2023,black,non-hisp,m,55-59,34995,0
MS,2023,black,non-hisp,f,55-59,34995,0
MS,2023,black,non-hisp,m,60-64,33428,0
MS,2023,black,non-hisp,f,60-64,33428,0
MS,2023,black,non-hisp,m,65-69,28205,0
MS,2023,black,non-hisp,f,65-69,28205,0
MS,2023,black,non-hisp,m,70-74,23504,0
MS,2023,black,non-hisp,f,70-74,23504,0
MS,2023,black,non-hisp,m,75-79,16714,0
MS,2023,black,non-hisp,f,75-79,16714,0
MS,2023,black,non-hisp,m,80-84,8357,0
MS,2023,black,non-hisp,f,80-84,12536,0
MS,2023,black,non-hisp,m,85+,8775,0
MS,2023,black,non-hisp,f,85+,13162,0
MS,2023,asian,non-hisp,m,0-4,800,0
MS,2023,asian,non-hisp,f,0-4,800,0
MS,2023,asian,non-hisp,m,5-9,828,0
MS,2023,asian,non-hisp,f,5-9,828,0
MS,2023,asian,non-hisp,m,10-14,883,0
MS,2023,asian,non-hisp,f,10-14,883,0
MS,2023,asian,non-hisp,m,15-19,883,0
MS,2023,asian,non-hisp,f,15-19,883,0
MS,2023,asian,non-hisp,m,20-24,911,0
MS,2023,asian,non-hisp,f,20-24,911,0
MS,2023,asian,non-hisp,m,25-29,966,0
MS,2023,asian,non-hisp,f,25-29,966,0
MS,2023,asian,non-hisp,m,30-34,966,0
MS,2023,asian,non-hisp,f,30-34,966,0
MS,2023,asian,non-hisp,m,35-39,938,0
MS,2023,asian,non-hisp,f,35-39,938,0
MS,2023,asian,non-hisp,m,40-44,869,0
MS,2023,asian,non-hisp,f,40-44,869,0
MS,2023,asian,non-hisp,m,45-49,828,0
MS,2023,asian,non-hisp,f,45-49,828,0
MS,2023,asian,non-hisp,m,50-54,883,0
MS,2023,asian,non-hisp,f,50-54,883,0
MS,2023,asian,non-hisp,m,55-59,925,0
MS,2023,asian,non-hisp,f,55-59,925,0
MS,2023,asian,non-hisp,m,60-64,883,0
MS,2023,asian,non-hisp,f,60-64,883,0
MS,2023,asian,non-hisp,m,65-69,745,0
MS,2023,asian,non-hisp,f,65-69,745,0
MS,2023,asian,non-hisp,m,70-74,621,0
MS,2023,asian,non-hisp,f,70-74,621,0
MS,2023,asian,non-hisp,m,75-79,442,0
MS,2023,asian,non-hisp,f,75-79,442,0
MS,2023,asian,non-hisp,m,80-84,221,0
MS,2023,asian,non-hisp,f,80-84,331,0
MS,2023,asian,non-hisp,m,85+,232,0
MS,2023,asian,non-hisp,f,85+,348,0
MS,2023,other,non-hisp,m,0-4,4020,0
MS,2023,other,non-hisp,f,0-4,4020,0
MS,2023,other,non-hisp,m,5-9,4159,0
MS,2023,other,non-hisp,f,5-9,4159,0
MS,2023,other,non-hisp,m,10-14,4436,0
MS,2023,other,non-hisp,f,10-14,4436,0
MS,2023,other,non-hisp,m,15-19,4436,0
MS,2023,other,non-hisp,f,15-19,4436,0
MS,2023,other,non-hisp,m,20-24,4575,0
MS,2023,other,non-hisp,f,20-24,4575,0
MS,2023,other,non-hisp,m,25-29,4852,0
MS,2023,other,non-hisp,f,25-29,4852,0
MS,2023,other,non-hisp,m,30-34,4852,0
MS,2023,other,non-hisp,f,30-34,4852,0
MS,2023,other,non-hisp,m,35-39,4713,0
MS,2023,other,non-hisp,f,35-39,4713,0
MS,2023,other,non-hisp,m,40-44,4367,0
MS,2023,other,non-hisp,f,40-44,4367,0
MS,2023,other,non-hisp,m,45-49,4159,0
MS,2023,other,non-hisp,f,45-49,4159,0
MS,2023,other,non-hisp,m,50-54,4436,0
MS,2023,other,non-hisp,f,50-54,4436,0
MS,2023,other,non-hisp,m,55-59,4644,0
MS,2023,other,non-hisp,f,55-59,4644,0
MS,2023,other,non-hisp,m,60-64,4436,0
MS,2023,other,non-hisp,f,60-64,4436,0
MS,2023,other,non-hisp,m,65-69,3743,0
MS,2023,other,non-hisp,f,65-69,3743,0
MS,2023,other,non-hisp,m,70-74,3119,0
MS,2023,other,non-hisp,f,70-74,3119,0
MS,2023,other,non-hisp,m,75-79,2218,0
MS,2023,other,non-hisp,f,75-79,2218,0
MS,2023,other,non-hisp,m,80-84,1109,0
MS,2023,other,non-hisp,f,80-84,1664,0
MS,2023,other,non-hisp,m,85+,1165,0
MS,2023,other,non-hisp,f,85+,1747,0
MS,2023,white,hisp,m,0-4,473,0
MS,2023,white,hisp,f,0-4,473,0
MS,2023,white,hisp,m,5-9,489,0
MS,2023,white,hisp,f,5-9,489,0
MS,2023,white,hisp,m,10-14,521,0
MS,2023,white,hisp,f,10-14,521,0
MS,2023,white,hisp,m,15-19,521,0
MS,2023,white,hisp,f,15-19,521,0
MS,2023,white,hisp,m,20-24,538,0
MS,2023,white,hisp,f,20-24,538,0
MS,2023,white,hisp,m,25-29,570,0
MS,2023,white,hisp,f,25-29,570,0
MS,2023,white,hisp,m,30-34,570,0
MS,2023,white,hisp,f,30-34,570,0
MS,2023,white,hisp,m,35-39,554,0
MS,2023,white,hisp,f,35-39,554,0
MS,2023,white,hisp,m,40-44,513,0
MS,2023,white,hisp,f,40-44,513,0
MS,2023,white,hisp,m,45-49,489,0
MS,2023,white,hisp,f,45-49,489,0
MS,2023,white,hisp,m,50-54,521,0
MS,2023,white,hisp,f,50-54,521,0
MS,2023,white,hisp,m,55-59,546,0
MS,2023,white,hisp,f,55-59,546,0
MS,2023,white,hisp,m,60-64,521,0
MS,2023,white,hisp,f,60-64,521,0
MS,2023,white,hisp,m,65-69,440,0
MS,2023,white,hisp,f,65-69,440,0
MS,2023,white,hisp,m,70-74,367,0
MS,2023,white,hisp,f,70-74,367,0
MS,2023,white,hisp,m,75-79,261,0
MS,2023,white,hisp,f,75-79,261,0
MS,2023,white,hisp,m,80-84,130,0
MS,2023,white,hisp,f,80-84,196,0
MS,2023,white,hisp,m,85+,137,0
MS,2023,white,hisp,f,85+,205,0
MS,2023,black,hisp,m,0-4,79,0
MS,2023,black,hisp,f,0-4,79,0
MS,2023,black,hisp,m,5-9,82,0
MS,2023,black,hisp,f,5-9,82,0
MS,2023,black,hisp,m,10-14,87,0
MS,2023,black,hisp,f,10-14,87,0
MS,2023,black,hisp,m,15-19,87,0
MS,2023,black,hisp,f,15-19,87,0
MS,2023,black,hisp,m,20-24,90,0
MS,2023,black,hisp,f,20-24,90,0
MS,2023,black,hisp,m,25-29,95,0
MS,2023,black,hisp,f,25-29,95,0
MS,2023,black,hisp,m,30-34,95,0
MS,2023,black,hisp,f,30-34,95,0
MS,2023,black,hisp,m,35-39,92,0
MS,2023,black,hisp,f,35-39,92,0
MS,2023,black,hisp,m,40-44,86,0
MS,2023,black,hisp,f,40-44,86,0
MS,2023,black,hisp,m,45-49,82,0
MS,2023,black,hisp,f,45-49,82,0
MS,2023,black,hisp,m,50-54,87,0
MS,2023,black,hisp,f,50-54,87,0
MS,2023,black,hisp,m,55-59,91,0
MS,2023,black,hisp,f,55-59,91,0
MS,2023,black,hisp,m,60-64,87,0
MS,2023,black,hisp,f,60-64,87,0
MS,2023,black,hisp,m,65-69,73,0
MS,2023,black,hisp,f,65-69,73,0
MS,2023,black,hisp,m,70-74,61,0
MS,2023,black,hisp,f,70-74,61,0
MS,2023,black,hisp,m,75-79,44,0
MS,2023,black,hisp,f,75-79,44,0
MS,2023,black,hisp,m,80-84,22,0
MS,2023,black,hisp,f,80-84,33,0
MS,2023,black,hisp,m,85+,23,0
MS,2023,black,hisp,f,85+,34,0
MS,2023,asian,hisp,m,0-4,7,0
MS,2023,asian,hisp,f,0-4,7,0
MS,2023,asian,hisp,m,5-9,7,0
MS,2023,asian,hisp,f,5-9,7,0
MS,2023,asian,hisp,m,10-14,8,0
MS,2023,asian,hisp,f,10-14,8,0
MS,2023,asian,hisp,m,15-19,8,0
MS,2023,asian,hisp,f,15-19,8,0
MS,2023,asian,hisp,m,20-24,8,0
MS,2023,asian,hisp,f,20-24,8,0
MS,2023,asian,hisp,m,25-29,9,0
MS,2023,asian,hisp,f,25-29,9,0
MS,2023,asian,hisp,m,30-34,9,0
MS,2023,asian,hisp,f,30-34,9,0
MS,2023,asian,hisp,m,35-39,8,0
MS,2023,asian,hisp,f,35-39,8,0
MS,2023,asian,hisp,m,40-44,8,0
MS,2023,asian,hisp,f,40-44,8,0
MS,2023,asian,hisp,m,45-49,7,0
MS,2023,asian,hisp,f,45-49,7,0
MS,2023,asian,hisp,m,50-54,8,0
MS,2023,asian,hisp,f,50-54,8,0
MS,2023,asian,hisp,m,55-59,8,0
MS,2023,asian,hisp,f,55-59,8,0
MS,2023,asian,hisp,m,60-64,8,0
MS,2023,asian,hisp,f,60-64,8,0
MS,2023,asian,hisp,m,65-69,7,0
MS,2023,asian,hisp,f,65-69,7,0
MS,2023,asian,hisp,m,70-74,6,0
MS,2023,asian,hisp,f,70-74,6,0
MS,2023,asian,hisp,m,75-79,4,0
MS,2023,asian,hisp,f,75-79,4,0
MS,2023,asian,hisp,m,80-84,2,0
MS,2023,asian,hisp,f,80-84,3,0
MS,2023,asian,hisp,m,85+,2,0
MS,2023,asian,hisp,f,85+,3,0
MS,2023,other,hisp,m,0-4,2628,0
MS,2023,other,hisp,f,0-4,2628,0
MS,2023,other,hisp,m,5-9,2719,0
MS,2023,other,hisp,f,5-9,2719,0
MS,2023,other,hisp,m,10-14,2900,0
MS,2023,other,hisp,f,10-14,2900,0
MS,2023,other,hisp,m,15-19,2900,0
MS,2023,other,hisp,f,15-19,2900,0
MS,2023,other,hisp,m,20-24,2990,0
MS,2023,other,hisp,f,20-24,2990,0
MS,2023,other,hisp,m,25-29,3172,0
MS,2023,other,hisp,f,25-29,3172,0
MS,2023,other,hisp,m,30-34,3172,0
MS,2023,other,hisp,f,30-34,3172,0
MS,2023,other,hisp,m,35-39,3081,0
MS,2023,other,hisp,f,35-39,3081,0
MS,2023,other,hisp,m,40-44,2855,0
MS,2023,other,hisp,f,40-44,2855,0
MS,2023,other,hisp,m,45-49,2719,0
MS,2023,other,hisp,f,45-49,2719,0
MS,2023,other,hisp,m,50-54,2900,0
MS,2023,other,hisp,f,50-54,2900,0
MS,2023,other,hisp,m,55-59,3036,0
MS,2023,other,hisp,f,55-59,3036,0
MS,2023,other,hisp,m,60-64,2900,0
MS,2023,other,hisp,f,60-64,2900,0
MS,2023,other,hisp,m,65-69,2447,0
MS,2023,other,hisp,f,65-69,2447,0
MS,2023,other,hisp,m,70-74,2039,0
MS,2023,other,hisp,f,70-74,2039,0
MS,2023,other,hisp,m,75-79,1450,0
MS,2023,other,hisp,f,75-79,1450,0
MS,2023,other,hisp,m,80-84,725,0
MS,2023,other,hisp,f,80-84,1087,0
MS,2023,other,hisp,m,85+,761,0
MS,2023,other,hisp,f,85+,1142,0
MO,2023,white,non-hisp,m,0-4,137417,0
MO,2023,white,non-hisp,f,0-4,137417,0
MO,2023,white,non-hisp,m,5-9,142155,0
MO,2023,white,non-hisp,f,5-9,142155,0
MO,2023,white,non-hisp,m,10-14,151632,0
MO,2023,white,non-hisp,f,10-14,151632,0
MO,2023,white,non-hisp,m,15-19,151632,0
MO,2023,white,non-hisp,f,15-19,151632,0
MO,2023,white,non-hisp,m,20-24,156371,0
MO,2023,white,non-hisp,f,20-24,156371,0
MO,2023,white,non-hisp,m,25-29,165848,0
MO,2023,white,non-hisp,f,25-29,165848,0
MO,2023,white,non-hisp,m,30-34,165848,0
MO,2023,white,non-hisp,f,30-34,165848,0
MO,2023,white,non-hisp,m,35-39,161109,0
MO,2023,white,non-hisp,f,35-39,161109,0
MO,2023,white,non-hisp,m,40-44,149263,0
MO,2023,white,non-hisp,f,40-44,149263,0
MO,2023,white,non-hisp,m,45-49,142155,0
MO,2023,white,non-hisp,f,45-49,142155,0
MO,2023,white,non-hisp,m,50-54,151632,0
MO,2023,white,non-hisp,f,50-54,151632,0
MO,2023,white,non-hisp,m,55-59,158740,0
MO,2023,white,non-hisp,f,55-59,158740,0
MO,2023,white,non-hisp,m,60-64,151632,0
MO,2023,white,non-hisp,f,60-64,151632,0
MO,2023,white,non-hisp,m,65-69,127940,0
MO,2023,white,non-hisp,f,65-69,127940,0
MO,2023,white,non-hisp,m,70-74,106616,0
MO,2023,white,non-hisp,f,70-74,106616,0
MO,2023,white,non-hisp,m,75-79,75816,0
MO,2023,white,non-hisp,f,75-79,75816,0
MO,2023,white,non-hisp,m,80-84,37908,0
MO,2023,white,non-hisp,f,80-84,56862,0
MO,2023,white,non-hisp,m,85+,39803,0
MO,2023,white,non-hisp,f,85+,59705,0
MO,2023,black,non-hisp,m,0-4,19186,0
MO,2023,black,non-hisp,f,0-4,19186,0
MO,2023,black,non-hisp,m,5-9,19847,0
MO,2023,black,non-hisp,f,5-9,19847,0
MO,2023,black,non-hisp,m,10-14,21170,0
MO,2023,black,non-hisp,f,10-14,21170,0
MO,2023,black,non-hisp,m,15-19,21170,0
MO,2023,black,non-hisp,f,15-19,21170,0
MO,2023,black,non-hisp,m,20-24,21832,0
MO,2023,black,non-hisp,f,20-24,21832,0
MO,2023,black,non-hisp,m,25-29,23155,0
MO,2023,black,non-hisp,f,25-29,23155,0
MO,2023,black,non-hisp,m,30-34,23155,0
MO,2023,black,non-hisp,f,30-34,23155,0
MO,2023,black,non-hisp,m,35-39,22494,0
MO,2023,black,non-hisp,f,35-39,22494,0
MO,2023,black,non-hisp,m,40-44,20840,0
MO,2023,black,non-hisp,f,40-44,20840,0
MO,2023,black,non-hisp,m,45-49,19847,0
MO,2023,black,non-hisp,f,45-49,19847,0
MO,2023,black,non-hisp,m,50-54,21170,0
MO,2023,black,non-hisp,f,50-54,21170,0
MO,2023,black,non-hisp,m,55-59,22163,0
MO,2023,black,non-hisp,f,55-59,22163,0
MO,2023,black,non-hisp,m,60-64,21170,0
MO,2023,black,non-hisp,f,60-64,21170,0
MO,2023,black,non-hisp,m,65-69,17863,0
MO,2023,black,non-hisp,f,65-69,17863,0
MO,2023,black,non-hisp,m,70-74,14885,0
MO,2023,black,non-hisp,f,70-74,14885,0
MO,2023,black,non-hisp,m,75-79,10585,0
MO,2023,black,non-hisp,f,75-79,10585,0
MO,2023,black,non-hisp,m,80-84,5293,0
MO,2023,black,non-hisp,f,80-84,7939,0
MO,2023,black,non-hisp,m,85+,5557,0
MO,2023,black,non-hisp,f,85+,8336,0
MO,2023,asian,non-hisp,m,0-4,3682,0
MO,2023,asian,non-hisp,f,0-4,3682,0
MO,2023,asian,non-hisp,m,5-9,3809,0
MO,2023,asian,non-hisp,f,5-9,3809,0
MO,2023,asian,non-hisp,m,10-14,4063,0
MO,2023,asian,non-hisp,f,10-14,4063,0
MO,2023,asian,non-hisp,m,15-19,4063,0
MO,2023,asian,non-hisp,f,15-19,4063,0
MO,2023,asian,non-hisp,m,20-24,4190,0
MO,2023,asian,non-hisp,f,20-24,4190,0
MO,2023,asian,non-hisp,m,25-29,4444,0
MO,2023,asian,non-hisp,f,25-29,4444,0
MO,2023,asian,non-hisp,m,30-34,4444,0
MO,2023,asian,non-hisp,f,30-34,4444,0
MO,2023,asian,non-hisp,m,35-39,4317,0
MO,2023,asian,non-hisp,f,35-39,4317,0
MO,2023,asian,non-hisp,m,40-44,4000,0
MO,2023,asian,non-hisp,f,40-44,4000,0
MO,2023,asian,non-hisp,m,45-49,3809,0
MO,2023,asian,non-hisp,f,45-49,3809,0
MO,2023,asian,non-hisp,m,50-54,4063,0
MO,2023,asian,non-hisp,f,50-54,4063,0
MO,2023,asian,non-hisp,m,55-59,4253,0
MO,2023,asian,non-hisp,f,55-59,4253,0
MO,2023,asian,non-hisp,m,60-64,4063,0
MO,2023,asian,non-hisp,f,60-64,4063,0
MO,2023,asian,non-hisp,m,65-69,3428,0
MO,2023,asian,non-hisp,f,65-69,3428,0
MO,2023,asian,non-hisp,m,70-74,2857,0
MO,2023,asian,non-hisp,f,70-74,2857,0
MO,2023,asian,non-hisp,m,75-79,2032,0
MO,2023,asian,non-hisp,f,75-79,2032,0
MO,2023,asian,non-hisp,m,80-84,1016,0
MO,2023,asian,non-hisp,f,80-84,1524,0
MO,2023,asian,non-hisp,m,85+,1067,0
MO,2023,asian,non-hisp,f,85+,1600,0
MO,2023,other,non-hisp,m,0-4,9971,0
MO,2023,other,non-hisp,f,0-4,9971,0
MO,2023,other,non-hisp,m,5-9,10315,0
MO,2023,other,non-hisp,f,5-9,10315,0
MO,2023,other,non-hisp,m,10-14,11002,0
MO,2023,other,non-hisp,f,10-14,11002,0
MO,2023,other,non-hisp,m,15-19,11002,0
MO,2023,other,non-hisp,f,15-19,11002,0
MO,2023,other,non-hisp,m,20-24,11346,0
MO,2023,other,non-hisp,f,20-24,11346,0
MO,2023,other,non-hisp,m,25-29,12034,0
MO,2023,other,non-hisp,f,25-29,12034,0
MO,2023,other,non-hisp,m,30-34,12034,0
MO,2023,other,non-hisp,f,30-34,12034,0
MO,2023,other,non-hisp,m,35-39,11690,0
MO,2023,other,non-hisp,f,35-39,11690,0
MO,2023,other,non-hisp,m,40-44,10830,0
MO,2023,other,non-hisp,f,40-44,10830,0
MO,2023,other,non-hisp,m,45-49,10315,0
MO,2023,other,non-hisp,f,45-49,10315,0
MO,2023,other,non-hisp,m,50-54,11002,0
MO,2023,other,non-hisp,f,50-54,11002,0
MO,2023,other,non-hisp,m,55-59,11518,0
MO,2023,other,non-hisp,f,55-59,11518,0
MO,2023,other,non-hisp,m,60-64,11002,0
MO,2023,other,non-hisp,f,60-64,11002,0
MO,2023,other,non-hisp,m,65-69,9283,0
MO,2023,other,non-hisp,f,65-69,9283,0
MO,2023,other,non-hisp,m,70-74,7736,0
MO,2023,other,non-hisp,f,70-74,7736,0
MO,2023,other,non-hisp,m,75-79,5501,0
MO,2023,other,non-hisp,f,75-79,5501,0
MO,2023,other,non-hisp,m,80-84,2751,0
MO,2023,other,non-hisp,f,80-84,4126,0
MO,2023,other,non-hisp,m,85+,2888,0
MO,2023,other,non-hisp,f,85+,4332,0
MO,2023,white,hisp,m,0-4,2310,0
MO,2023,white,hisp,f,0-4,2310,0
MO,2023,white,hisp,m,5-9,2390,0
MO,2023,white,hisp,f,5-9,2390,0
MO,2023,white,hisp,m,10-14,2549,0
MO,2023,white,hisp,f,10-14,2549,0
MO,2023,white,hisp,m,15-19,2549,0
MO,2023,white,hisp,f,15-19,2549,0
MO,2023,white,hisp,m,20-24,2629,0
MO,2023,white,hisp,f,20-24,2629,0
MO,2023,white,hisp,m,25-29,2788,0
MO,2023,white,hisp,f,25-29,2788,0
MO,2023,white,hisp,m,30-34,2788,0
MO,2023,white,hisp,f,30-34,2788,0
MO,2023,white,hisp,m,35-39,2709,0
MO,2023,white,hisp,f,35-39,2709,0
MO,2023,white,hisp,m,40-44,2509,0
MO,2023,white,hisp,f,40-44,2509,0
MO,2023,white,hisp,m,45-49,2390,0
MO,2023,white,hisp,f,45-49,2390,0
MO,2023,white,hisp,m,50-54,2549,0
MO,2023,white,hisp,f,50-54,2549,0
MO,2023,white,hisp,m,55-59,2669,0
MO,2023,white,hisp,f,55-59,2669,0
MO,2023,white,hisp,m,60-64,2549,0
MO,2023,white,hisp,f,60-64,2549,0
MO,2023,white,hisp,m,65-69,2151,0
MO,2023,white,hisp,f,65-69,2151,0
MO,2023,white,hisp,m,70-74,1792,0
MO,2023,white,hisp,f,70-74,1792,0
MO,2023,white,hisp,m,75-79,1275,0
MO,2023,white,hisp,f,75-79,1275,0
MO,2023,white,hisp,m,80-84,637,0
MO,2023,white,hisp,f,80-84,956,0
MO,2023,white,hisp,m,85+,669,0
MO,2023,white,hisp,f,85+,1004,0
MO,2023,black,hisp,m,0-4,210,0
MO,2023,black,hisp,f,0-4,210,0
MO,2023,black,hisp,m,5-9,217,0
MO,2023,black,hisp,f,5-9,217,0
MO,2023,black,hisp,m,10-14,231,0
MO,2023,black,hisp,f,10-14,231,0
MO,2023,black,hisp,m,15-19,231,0
MO,2023,black,hisp,f,15-19,231,0
MO,2023,black,hisp,m,20-24,239,0
MO,2023,black,hisp,f,20-24,239,0
MO,2023,black,hisp,m,25-29,253,0
MO,2023,black,hisp,f,25-29,253,0
MO,2023,black,hisp,m,30-34,253,0
MO,2023,black,hisp,f,30-34,253,0
MO,2023,black,hisp,m,35-39,246,0
MO,2023,black,hisp,f,35-39,246,0
MO,2023,black,hisp,m,40-44,228,0
MO,2023,black,hisp,f,40-44,228,0
MO,2023,black,hisp,m,45-49,217,0
MO,2023,black,hisp,f,45-49,217,0
MO,2023,black,hisp,m,50-54,231,0
MO,2023,black,hisp,f,50-54,231,0
MO,2023,black,hisp,m,55-59,242,0
MO,2023,black,hisp,f,55-59,242,0
MO,2023,black,hisp,m,60-64,231,0
MO,2023,black,hisp,f,60-64,231,0
MO,2023,black,hisp,m,65-69,195,0
MO,2023,black,hisp,f,65-69,195,0
MO,2023,black,hisp,m,70-74,163,0
MO,2023,black,hisp,f,70-74,163,0
MO,2023,black,hisp,m,75-79,116,0
MO,2023,black,hisp,f,75-79,116,0
MO,2023,black,hisp,m,80-84,58,0
MO,2023,black,hisp,f,80-84,87,0
MO,2023,black,hisp,m,85+,61,0
MO,2023,black,hisp,f,85+,91,0
MO,2023,asian,hisp,m,0-4,39,0
MO,2023,asian,hisp,f,0-4,39,0
MO,2023,asian,hisp,m,5-9,41,0
MO,2023,asian,hisp,f,5-9,41,0
MO,2023,asian,hisp,m,10-14,44,0
MO,2023,asian,hisp,f,10-14,44,0
MO,2023,asian,hisp,m,15-19,44,0
MO,2023,asian,hisp,f,15-19,44,0
MO,2023,asian,hisp,m,20-24,45,0
MO,2023,asian,hisp,f,20-24,45,0
MO,2023,asian,hisp,m,25-29,48,0
MO,2023,asian,hisp,f,25-29,48,0
MO,2023,asian,hisp,m,30-34,48,0
MO,2023,asian,hisp,f,30-34,48,0
MO,2023,asian,hisp,m,35-39,46,0
MO,2023,asian,hisp,f,35-39,46,0
MO,2023,asian,hisp,m,40-44,43,0
MO,2023,asian,hisp,f,40-44,43,0
MO,2023,asian,hisp,m,45-49,41,0
MO,2023,asian,hisp,f,45-49,41,0
MO,2023,asian,hisp,m,50-54,44,0
MO,2023,asian,hisp,f,50-54,44,0
MO,2023,asian,hisp,m,55-59,46,0
MO,2023,asian,hisp,f,55-59,46,0
MO,2023,asian,hisp,m,60-64,44,0
MO,2023,asian,hisp,f,60-64,44,0
MO,2023,asian,hisp,m,65-69,37,0
MO,2023,asian,hisp,f,65-69,37,0
MO,2023,asian,hisp,m,70-74,31,0
MO,2023,asian,hisp,f,70-74,31,0
MO,2023,asian,hisp,m,75-79,22,0
MO,2023,asian,hisp,f,75-79,22,0
MO,2023,asian,hisp,m,80-84,11,0
MO,2023,asian,hisp,f,80-84,16,0
MO,2023,asian,hisp,m,85+,11,0
MO,2023,asian,hisp,f,85+,17,0
MO,2023,other,hisp,m,0-4,6874,0
MO,2023,other,hisp,f,0-4,6874,0
MO,2023,other,hisp,m,5-9,7111,0
MO,2023,other,hisp,f,5-9,7111,0
MO,2023,other,hisp,m,10-14,7585,0
MO,2023,other,hisp,f,10-14,7585,0
MO,2023,other,hisp,m,15-19,7585,0
MO,2023,other,hisp,f,15-19,7585,0
MO,2023,other,hisp,m,20-24,7822,0
MO,2023,other,hisp,f,20-24,7822,0
MO,2023,other,hisp,m,25-29,8296,0
MO,2023,other,hisp,f,25-29,8296,0
MO,2023,other,hisp,m,30-34,8296,0
MO,2023,other,hisp,f,30-34,8296,0
MO,2023,other,hisp,m,35-39,8059,0
MO,2023,other,hisp,f,35-39,8059,0
MO,2023,other,hisp,m,40-44,7466,0
MO,2023,other,hisp,f,40-44,7466,0
MO,2023,other,hisp,m,45-49,7111,0
MO,2023,other,hisp,f,45-49,7111,0
MO,2023,other,hisp,m,50-54,7585,0
MO,2023,other,hisp,f,50-54,7585,0
MO,2023,other,hisp,m,55-59,7941,0
MO,2023,other,hisp,f,55-59,7941,0
MO,2023,other,hisp,m,60-64,7585,0
MO,2023,other,hisp,f,60-64,7585,0
MO,2023,other,hisp,m,65-69,6400,0
MO,2023,other,hisp,f,65-69,6400,0
MO,2023,other,hisp,m,70-74,5333,0
MO,2023,other,hisp,f,70-74,5333,0
MO,2023,other,hisp,m,75-79,3792,0
MO,2023,other,hisp,f,75-79,3792,0
MO,2023,other,hisp,m,80-84,1896,0
MO,2023,other,hisp,f,80-84,2844,0
MO,2023,other,hisp,m,85+,1991,0
MO,2023,other,hisp,f,85+,2987,0
MT,2023,white,non-hisp,m,0-4,27366,0
MT,2023,white,non-hisp,f,0-4,27366,0
MT,2023,white,non-hisp,m,5-9,28309,0
MT,2023,white,non-hisp,f,5-9,28309,0
MT,2023,white,non-hisp,m,10-14,30197,0
MT,2023,white,non-hisp,f,10-14,30197,0
MT,2023,white,non-hisp,m,15-19,30197,0
MT,2023,white,non-hisp,f,15-19,30197,0
MT,2023,white,non-hisp,m,20-24,31140,0
MT,2023,white,non-hisp,f,20-24,31140,0
MT,2023,white,non-hisp,m,25-29,33028,0
MT,2023,white,non-hisp,f,25-29,33028,0
MT,2023,white,non-hisp,m,30-34,33028,0
MT,2023,white,non-hisp,f,30-34,33028,0
MT,2023,white,non-hisp,m,35-39,32084,0
MT,2023,white,non-hisp,f,35-39,32084,0
MT,2023,white,non-hisp,m,40-44,29725,0
MT,2023,white,non-hisp,f,40-44,29725,0
MT,2023,white,non-hisp,m,45-49,28309,0
MT,2023,white,non-hisp,f,45-49,28309,0
MT,2023,white,non-hisp,m,50-54,30197,0
MT,2023,white,non-hisp,f,50-54,30197,0
MT,2023,white,non-hisp,m,55-59,31612,0
MT,2023,white,non-hisp,f,55-59,31612,0
MT,2023,white,non-hisp,m,60-64,30197,0
MT,2023,white,non-hisp,f,60-64,30197,0
MT,2023,white,non-hisp,m,65-69,25478,0
MT,2023,white,non-hisp,f,65-69,25478,0
MT,2023,white,non-hisp,m,70-74,21232,0
MT,2023,white,non-hisp,f,70-74,21232,0
MT,2023,white,non-hisp,m,75-79,15098,0
MT,2023,white,non-hisp,f,75-79,15098,0
MT,2023,white,non-hisp,m,80-84,7549,0
MT,2023,white,non-hisp,f,80-84,11324,0
MT,2023,white,non-hisp,m,85+,7927,0
MT,2023,white,non-hisp,f,85+,11890,0
MT,2023,black,non-hisp,m,0-4,138,0
MT,2023,black,non-hisp,f,0-4,138,0
MT,2023,black,non-hisp,m,5-9,143,0
MT,2023,black,non-hisp,f,5-9,143,0
MT,2023,black,non-hisp,m,10-14,152,0
MT,2023,black,non-hisp,f,10-14,152,0
MT,2023,black,non-hisp,m,15-19,152,0
MT,2023,black,non-hisp,f,15-19,152,0
MT,2023,black,non-hisp,m,20-24,157,0
MT,2023,black,non-hisp,f,20-24,157,0
MT,2023,black,non-hisp,m,25-29,166,0
MT,2023,black,non-hisp,f,25-29,166,0
MT,2023,black,non-hisp,m,30-34,166,0
MT,2023,black,non-hisp,f,30-34,166,0
MT,2023,black,non-hisp,m,35-39,162,0
MT,2023,black,non-hisp,f,35-39,162,0
MT,2023,black,non-hisp,m,40-44,150,0
MT,2023,black,non-hisp,f,40-44,150,0
MT,2023,black,non-hisp,m,45-49,143,0
MT,2023,black,non-hisp,f,45-49,143,0
MT,2023,black,non-hisp,m,50-54,152,0
MT,2023,black,non-hisp,f,50-54,152,0
MT,2023,black,non-hisp,m,55-59,159,0
MT,2023,black,non-hisp,f,55-59,159,0
MT,2023,black,non-hisp,m,60-64,152,0
MT,2023,black,non-hisp,f,60-64,152,0
MT,2023,black,non-hisp,m,65-69,128,0
MT,2023,black,non-hisp,f,65-69,128,0
MT,2023,black,non-hisp,m,70-74,107,0
MT,2023,black,non-hisp,f,70-74,107,0
MT,2023,black,non-hisp,m,75-79,76,0
MT,2023,black,non-hisp,f,75-79,76,0
MT,2023,black,non-hisp,m,80-84,38,0
MT,2023,black,non-hisp,f,80-84,57,0
MT,2023,black,non-hisp,m,85+,40,0
MT,2023,black,non-hisp,f,85+,60,0
MT,2023,asian,non-hisp,m,0-4,258,0
MT,2023,asian,non-hisp,f,0-4,258,0
MT,2023,asian,non-hisp,m,5-9,267,0
MT,2023,asian,non-hisp,f,5-9,267,0
MT,2023,asian,non-hisp,m,10-14,285,0
MT,2023,asian,non-hisp,f,10-14,285,0
MT,2023,asian,non-hisp,m,15-19,285,0
MT,2023,asian,non-hisp,f,15-19,285,0
MT,2023,asian,non-hisp,m,20-24,294,0
MT,2023,asian,non-hisp,f,20-24,294,0
MT,2023,asian,non-hisp,m,25-29,312,0
MT,2023,asian,non-hisp,f,25-29,312,0
MT,2023,asian,non-hisp,m,30-34,312,0
MT,2023,asian,non-hisp,f,30-34,312,0
MT,2023,asian,non-hisp,m,35-39,303,0
MT,2023,asian,non-hisp,f,35-39,303,0
MT,2023,asian,non-hisp,m,40-44,281,0
MT,2023,asian,non-hisp,f,40-44,281,0
MT,2023,asian,non-hisp,m,45-49,267,0
MT,2023,asian,non-hisp,f,45-49,267,0
MT,2023,asian,non-hisp,m,50-54,285,0
MT,2023,asian,non-hisp,f,50-54,285,0
MT,2023,asian,non-hisp,m,55-59,299,0
MT,2023,asian,non-hisp,f,55-59,299,0
MT,2023,asian,non-hisp,m,60-64,285,0
MT,2023,asian,non-hisp,f,60-64,285,0
MT,2023,asian,non-hisp,m,65-69,241,0
MT,2023,asian,non-hisp,f,65-69,241,0
MT,2023,asian,non-hisp,m,70-74,201,0
MT,2023,asian,non-hisp,f,70-74,201,0
MT,2023,asian,non-hisp,m,75-79,143,0
MT,2023,asian,non-hisp,f,75-79,143,0
MT,2023,asian,non-hisp,m,80-84,71,0
MT,2023,asian,non-hisp,f,80-84,107,0
MT,2023,asian,non-hisp,m,85+,75,0
MT,2023,asian,non-hisp,f,85+,112,0
MT,2023,other,non-hisp,m,0-4,3566,0
MT,2023,other,non-hisp,f,0-4,3566,0
MT,2023,other,non-hisp,m,5-9,3689,0
MT,2023,other,non-hisp,f,5-9,3689,0
MT,2023,other,non-hisp,m,10-14,3935,0
MT,2023,other,non-hisp,f,10-14,3935,0
MT,2023,other,non-hisp,m,15-19,3935,0
MT,2023,other,non-hisp,f,15-19,3935,0
MT,2023,other,non-hisp,m,20-24,4058,0
MT,2023,other,non-hisp,f,20-24,4058,0
MT,2023,other,non-hisp,m,25-29,4304,0
MT,2023,other,non-hisp,f,25-29,4304,0
MT,2023,other,non-hisp,m,30-34,4304,0
MT,2023,other,non-hisp,f,30-34,4304,0
MT,2023,other,non-hisp,m,35-39,4181,0
MT,2023,other,non-hisp,f,35-39,4181,0
MT,2023,other,non-hisp,m,40-44,3874,0
MT,2023,other,non-hisp,f,40-44,3874,0
MT,2023,other,non-hisp,m,45-49,3689,0
MT,2023,other,non-hisp,f,45-49,3689,0
MT,2023,other,non-hisp,m,50-54,3935,0
MT,2023,other,non-hisp,f,50-54,3935,0
MT,2023,other,non-hisp,m,55-59,4120,0
MT,2023,other,non-hisp,f,55-59,4120,0
MT,2023,other,non-hisp,m,60-64,3935,0
MT,2023,other,non-hisp,f,60-64,3935,0
MT,2023,other,non-hisp,m,65-69,3320,0
MT,2023,other,non-hisp,f,65-69,3320,0
MT,2023,other,non-hisp,m,70-74,2767,0
MT,2023,other,non-hisp,f,70-74,2767,0
MT,2023,other,non-hisp,m,75-79,1968,0
MT,2023,other,non-hisp,f,75-79,1968,0
MT,2023,other,non-hisp,m,80-84,984,0
MT,2023,other,non-hisp,f,80-84,1476,0
MT,2023,other,non-hisp,m,85+,1033,0
MT,2023,other,non-hisp,f,85+,1550,0
MT,2023,white,hisp,m,0-4,435,0
MT,2023,white,hisp,f,0-4,435,0
MT,2023,white,hisp,m,5-9,450,0
MT,2023,white,hisp,f,5-9,450,0
MT,2023,white,hisp,m,10-14,480,0
MT,2023,white,hisp,f,10-14,480,0
MT,2023,white,hisp,m,15-19,480,0
MT,2023,white,hisp,f,15-19,480,0
MT,2023,white,hisp,m,20-24,495,0
MT,2023,white,hisp,f,20-24,495,0
MT,2023,white,hisp,m,25-29,525,0
MT,2023,white,hisp,f,25-29,525,0
MT,2023,white,hisp,m,30-34,525,0
MT,2023,white,hisp,f,30-34,525,0
MT,2023,white,hisp,m,35-39,510,0
MT,2023,white,hisp,f,35-39,510,0
MT,2023,white,hisp,m,40-44,473,0
MT,2023,white,hisp,f,40-44,473,0
MT,2023,white,hisp,m,45-49,450,0
MT,2023,white,hisp,f,45-49,450,0
MT,2023,white,hisp,m,50-54,480,0
MT,2023,white,hisp,f,50-54,480,0
MT,2023,white,hisp,m,55-59,503,0
MT,2023,white,hisp,f,55-59,503,0
MT,2023,white,hisp,m,60-64,480,0
MT,2023,white,hisp,f,60-64,480,0
MT,2023,white,hisp,m,65-69,405,0
MT,2023,white,hisp,f,65-69,405,0
MT,2023,white,hisp,m,70-74,338,0
MT,2023,white,hisp,f,70-74,338,0
MT,2023,white,hisp,m,75-79,240,0
MT,2023,white,hisp,f,75-79,240,0
MT,2023,white,hisp,m,80-84,120,0
MT,2023,white,hisp,f,80-84,180,0
MT,2023,white,hisp,m,85+,126,0
MT,2023,white,hisp,f,85+,189,0
MT,2023,black,hisp,m,0-4,0,0
MT,2023,black,hisp,f,0-4,0,0
MT,2023,black,hisp,m,5-9,0,0
MT,2023,black,hisp,f,5-9,0,0
MT,2023,black,hisp,m,10-14,0,0
MT,2023,black,hisp,f,10-14,0,0
MT,2023,black,hisp,m,15-19,0,0
MT,2023,black,hisp,f,15-19,0,0
MT,2023,black,hisp,m,20-24,0,0
MT,2023,black,hisp,f,20-24,0,0
MT,2023,black,hisp,m,25-29,0,0
MT,2023,black,hisp,f,25-29,0,0
MT,2023,black,hisp,m,30-34,0,0
MT,2023,black,hisp,f,30-34,0,0
MT,2023,black,hisp,m,35-39,0,0
MT,2023,black,hisp,f,35-39,0,0
MT,2023,black,hisp,m,40-44,0,0
MT,2023,black,hisp,f,40-44,0,0
MT,2023,black,hisp,m,45-49,0,0
MT,2023,black,hisp,f,45-49,0,0
MT,2023,black,hisp,m,50-54,0,0
MT,2023,black,hisp,f,50-54,0,0
MT,2023,black,hisp,m,55-59,0,0
MT,2023,black,hisp,f,55-59,0,0
MT,2023,black,hisp,m,60-64,0,0
MT,2023,black,hisp,f,60-64,0,0
MT,2023,black,hisp,m,65-69,0,0
MT,2023,black,hisp,f,65-69,0,0
MT,2023,black,hisp,m,70-74,0,0
MT,2023,black,hisp,f,70-74,0,0
MT,2023,black,hisp,m,75-79,0,0
MT,2023,black,hisp,f,75-79,0,0
MT,2023,black,hisp,m,80-84,0,0
MT,2023,black,hisp,f,80-84,0,0
MT,2023,black,hisp,m,85+,0,0
MT,2023,black,hisp,f,85+,0,0
MT,2023,asian,hisp,m,0-4,10,0
MT,2023,asian,hisp,f,0-4,10,0
MT,2023,asian,hisp,m,5-9,11,0
MT,2023,asian,hisp,f,5-9,11,0
MT,2023,asian,hisp,m,10-14,11,0
MT,2023,asian,hisp,f,10-14,11,0
MT,2023,asian,hisp,m,15-19,11,0
MT,2023,asian,hisp,f,15-19,11,0
MT,2023,asian,hisp,m,20-24,12,0
MT,2023,asian,hisp,f,20-24,12,0
MT,2023,asian,hisp,m,25-29,12,0
MT,2023,asian,hisp,f,25-29,12,0
MT,2023,asian,hisp,m,30-34,12,0
MT,2023,asian,hisp,f,30-34,12,0
MT,2023,asian,hisp,m,35-39,12,0
MT,2023,asian,hisp,f,35-39,12,0
MT,2023,asian,hisp,m,40-44,11,0
MT,2023,asian,hisp,f,40-44,11,0
MT,2023,asian,hisp,m,45-49,11,0
MT,2023,asian,hisp,f,45-49,11,0
MT,2023,asian,hisp,m,50-54,11,0
MT,2023,asian,hisp,f,50-54,11,0
MT,2023,asian,hisp,m,55-59,12,0
MT,2023,asian,hisp,f,55-59,12,0
MT,2023,asian,hisp,m,60-64,11,0
MT,2023,asian,hisp,f,60-64,11,0
MT,2023,asian,hisp,m,65-69,10,0
MT,2023,asian,hisp,f,65-69,10,0
MT,2023,asian,hisp,m,70-74,8,0
MT,2023,asian,hisp,f,70-74,8,0
MT,2023,asian,hisp,m,75-79,6,0
MT,2023,asian,hisp,f,75-79,6,0
MT,2023,asian,hisp,m,80-84,3,0
MT,2023,asian,hisp,f,80-84,4,0
MT,2023,asian,hisp,m,85+,3,0
MT,2023,asian,hisp,f,85+,4,0
MT,2023,other,hisp,m,0-4,1077,0
MT,2023,other,hisp,f,0-4,1077,0
MT,2023,other,hisp,m,5-9,1114,0
MT,2023,other,hisp,f,5-9,1114,0
MT,2023,other,hisp,m,10-14,1189,0
MT,2023,other,hisp,f,10-14,1189,0
MT,2023,other,hisp,m,15-19,1189,0
MT,2023,other,hisp,f,15-19,1189,0
MT,2023,other,hisp,m,20-24,1226,0
MT,2023,other,hisp,f,20-24,1226,0
MT,2023,other,hisp,m,25-29,1300,0
MT,2023,other,hisp,f,25-29,1300,0
MT,2023,other,hisp,m,30-34,1300,0
MT,2023,other,hisp,f,30-34,1300,0
MT,2023,other,hisp,m,35-39,1263,0
MT,2023,other,hisp,f,35-39,1263,0
MT,2023,other,hisp,m,40-44,1170,0
MT,2023,other,hisp,f,40-44,1170,0
MT,2023,other,hisp,m,45-49,1114,0
MT,2023,other,hisp,f,45-49,1114,0
MT,2023,other,hisp,m,50-54,1189,0
MT,2023,other,hisp,f,50-54,1189,0
MT,2023,other,hisp,m,55-59,1244,0
MT,2023,other,hisp,f,55-59,1244,0
MT,2023,other,hisp,m,60-64,1189,0
MT,2023,other,hisp,f,60-64,1189,0
MT,2023,other,hisp,m,65-69,1003,0
MT,2023,other,hisp,f,65-69,1003,0
MT,2023,other,hisp,m,70-74,836,0
MT,2023,other,hisp,f,70-74,836,0
MT,2023,other,hisp,m,75-79,594,0
MT,2023,other,hisp,f,75-79,594,0
MT,2023,other,hisp,m,80-84,297,0
MT,2023,other,hisp,f,80-84,446,0
MT,2023,other,hisp,m,85+,312,0
MT,2023,other,hisp,f,85+,468,0
NE,2023,white,non-hisp,m,0-4,43121,0
NE,2023,white,non-hisp,f,0-4,43121,0
NE,2023,white,non-hisp,m,5-9,44608,0
NE,2023,white,non-hisp,f,5-9,44608,0
NE,2023,white,non-hisp,m,10-14,47582,0
NE,2023,white,non-hisp,f,10-14,47582,0
NE,2023,white,non-hisp,m,15-19,47582,0
NE,2023,white,non-hisp,f,15-19,47582,0
NE,2023,white,non-hisp,m,20-24,49069,0
NE,2023,white,non-hisp,f,20-24,49069,0
NE,2023,white,non-hisp,m,25-29,52042,0
NE,2023,white,non-hisp,f,25-29,52042,0
NE,2023,white,non-hisp,m,30-34,52042,0
NE,2023,white,non-hisp,f,30-34,52042,0
NE,2023,white,non-hisp,m,35-39,50555,0
NE,2023,white,non-hisp,f,35-39,50555,0
NE,2023,white,non-hisp,m,40-44,46838,0
NE,2023,white,non-hisp,f,40-44,46838,0
NE,2023,white,non-hisp,m,45-49,44608,0
NE,2023,white,non-hisp,f,45-49,44608,0
NE,2023,white,non-hisp,m,50-54,47582,0
NE,2023,white,non-hisp,f,50-54,47582,0
NE,2023,white,non-hisp,m,55-59,49812,0
NE,2023,white,non-hisp,f,55-59,49812,0
NE,2023,white,non-hisp,m,60-64,47582,0
NE,2023,white,non-hisp,f,60-64,47582,0
NE,2023,white,non-hisp,m,65-69,40147,0
NE,2023,white,non-hisp,f,65-69,40147,0
NE,2023,white,non-hisp,m,70-74,33456,0
NE,2023,white,non-hisp,f,70-74,33456,0
NE,2023,white,non-hisp,m,75-79,23791,0
NE,2023,white,non-hisp,f,75-79,23791,0
NE,2023,white,non-hisp,m,80-84,11895,0
NE,2023,white,non-hisp,f,80-84,17843,0
NE,2023,white,non-hisp,m,85+,12490,0
NE,2023,white,non-hisp,f,85+,18735,0
NE,2023,black,non-hisp,m,0-4,2472,0
NE,2023,black,non-hisp,f,0-4,2472,0
NE,2023,black,non-hisp,m,5-9,2557,0
NE,2023,black,non-hisp,f,5-9,2557,0
NE,2023,black,non-hisp,m,10-14,2728,0
NE,2023,black,non-hisp,f,10-14,2728,0
NE,2023,black,non-hisp,m,15-19,2728,0
NE,2023,black,non-hisp,f,15-19,2728,0
NE,2023,black,non-hisp,m,20-24,2813,0
NE,2023,black,non-hisp,f,20-24,2813,0
NE,2023,black,non-hisp,m,25-29,2983,0
NE,2023,black,non-hisp,f,25-29,2983,0
NE,2023,black,non-hisp,m,30-34,2983,0
NE,2023,black,non-hisp,f,30-34,2983,0
NE,2023,black,non-hisp,m,35-39,2898,0
NE,2023,black,non-hisp,f,35-39,2898,0
NE,2023,black,non-hisp,m,40-44,2685,0
NE,2023,black,non-hisp,f,40-44,2685,0
NE,2023,black,non-hisp,m,45-49,2557,0
NE,2023,black,non-hisp,f,45-49,2557,0
NE,2023,black,non-hisp,m,50-54,2728,0
NE,2023,black,non-hisp,f,50-54,2728,0
NE,2023,black,non-hisp,m,55-59,2855,0
NE,2023,black,non-hisp,f,55-59,2855,0
NE,2023,black,non-hisp,m,60-64,2728,0
NE,2023,black,non-hisp,f,60-64,2728,0
NE,2023,black,non-hisp,m,65-69,2301,0
NE,2023,black,non-hisp,f,65-69,2301,0
NE,2023,black,non-hisp,m,70-74,1918,0
NE,2023,black,non-hisp,f,70-74,1918,0
NE,2023,black,non-hisp,m,75-79,1364,0
NE,2023,black,non-hisp,f,75-79,1364,0
NE,2023,black,non-hisp,m,80-84,682,0
NE,2023,black,non-hisp,f,80-84,1023,0
NE,2023,black,non-hisp,m,85+,716,0
NE,2023,black,non-hisp,f,85+,1074,0
NE,2023,asian,non-hisp,m,0-4,1390,0
NE,2023,asian,non-hisp,f,0-4,1390,0
NE,2023,asian,non-hisp,m,5-9,1438,0
NE,2023,asian,non-hisp,f,5-9,1438,0
NE,2023,asian,non-hisp,m,10-14,1534,0
NE,2023,asian,non-hisp,f,10-14,1534,0
NE,2023,asian,non-hisp,m,15-19,1534,0
NE,2023,asian,non-hisp,f,15-19,1534,0
NE,2023,asian,non-hisp,m,20-24,1582,0
NE,2023,asian,non-hisp,f,20-24,1582,0
NE,2023,asian,non-hisp,m,25-29,1678,0
NE,2023,asian,non-hisp,f,25-29,1678,0
NE,2023,asian,non-hisp,m,30-34,1678,0
NE,2023,asian,non-hisp,f,30-34,1678,0
NE,2023,asian,non-hisp,m,35-39,1630,0
NE,2023,asian,non-hisp,f,35-39,1630,0
NE,2023,asian,non-hisp,m,40-44,1510,0
NE,2023,asian,non-hisp,f,40-44,1510,0
NE,2023,asian,non-hisp,m,45-49,1438,0
NE,2023,asian,non-hisp,f,45-49,1438,0
NE,2023,asian,non-hisp,m,50-54,1534,0
NE,2023,asian,non-hisp,f,50-54,1534,0
NE,2023,asian,non-hisp,m,55-59,1606,0
NE,2023,asian,non-hisp,f,55-59,1606,0
NE,2023,asian,non-hisp,m,60-64,1534,0
NE,2023,asian,non-hisp,f,60-64,1534,0
NE,2023,asian,non-hisp,m,65-69,1295,0
NE,2023,asian,non-hisp,f,65-69,1295,0
NE,2023,asian,non-hisp,m,70-74,1079,0
NE,2023,asian,non-hisp,f,70-74,1079,0
NE,2023,asian,non-hisp,m,75-79,767,0
NE,2023,asian,non-hisp,f,75-79,767,0
NE,2023,asian,non-hisp,m,80-84,384,0
NE,2023,asian,non-hisp,f,80-84,575,0
NE,2023,asian,non-hisp,m,85+,403,0
NE,2023,asian,non-hisp,f,85+,604,0
NE,2023,other,non-hisp,m,0-4,2982,0
NE,2023,other,non-hisp,f,0-4,2982,0
NE,2023,other,non-hisp,m,5-9,3085,0
NE,2023,other,non-hisp,f,5-9,3085,0
NE,2023,other,non-hisp,m,10-14,3290,0
NE,2023,other,non-hisp,f,10-14,3290,0
NE,2023,other,non-hisp,m,15-19,3290,0
NE,2023,other,non-hisp,f,15-19,3290,0
NE,2023,other,non-hisp,m,20-24,3393,0
NE,2023,other,non-hisp,f,20-24,3393,0
NE,2023,other,non-hisp,m,25-29,3599,0
NE,2023,other,non-hisp,f,25-29,3599,0
NE,2023,other,non-hisp,m,30-34,3599,0
NE,2023,other,non-hisp,f,30-34,3599,0
NE,2023,other,non-hisp,m,35-39,3496,0
NE,2023,other,non-hisp,f,35-39,3496,0
NE,2023,other,non-hisp,m,40-44,3239,0
NE,2023,other,non-hisp,f,40-44,3239,0
NE,2023,other,non-hisp,m,45-49,3085,0
NE,2023,other,non-hisp,f,45-49,3085,0
NE,2023,other,non-hisp,m,50-54,3290,0
NE,2023,other,non-hisp,f,50-54,3290,0
NE,2023,other,non-hisp,m,55-59,3445,0
NE,2023,other,non-hisp,f,55-59,3445,0
NE,2023,other,non-hisp,m,60-64,3290,0
NE,2023,other,non-hisp,f,60-64,3290,0
NE,2023,other,non-hisp,m,65-69,2776,0
NE,2023,other,non-hisp,f,65-69,2776,0
NE,2023,other,non-hisp,m,70-74,2314,0
NE,2023,other,non-hisp,f,70-74,2314,0
NE,2023,other,non-hisp,m,75-79,1645,0
NE,2023,other,non-hisp,f,75-79,1645,0
NE,2023,other,non-hisp,m,80-84,823,0
NE,2023,other,non-hisp,f,80-84,1234,0
NE,2023,other,non-hisp,m,85+,864,0
NE,2023,other,non-hisp,f,85+,1296,0
NE,2023,white,hisp,m,0-4,1433,0
NE,2023,white,hisp,f,0-4,1433,0
NE,2023,white,hisp,m,5-9,1482,0
NE,2023,white,hisp,f,5-9,1482,0
NE,2023,white,hisp,m,10-14,1581,0
NE,2023,white,hisp,f,10-14,1581,0
NE,2023,white,hisp,m,15-19,1581,0
NE,2023,white,hisp,f,15-19,1581,0
NE,2023,white,hisp,m,20-24,1630,0
NE,2023,white,hisp,f,20-24,1630,0
NE,2023,white,hisp,m,25-29,1729,0
NE,2023,white,hisp,f,25-29,1729,0
NE,2023,white,hisp,m,30-34,1729,0
NE,2023,white,hisp,f,30-34,1729,0
NE,2023,white,hisp,m,35-39,1680,0
NE,2023,white,hisp,f,35-39,1680,0
NE,2023,white,hisp,m,40-44,1556,0
NE,2023,white,hisp,f,40-44,1556,0
NE,2023,white,hisp,m,45-49,1482,0
NE,2023,white,hisp,f,45-49,1482,0
NE,2023,white,hisp,m,50-54,1581,0
NE,2023,white,hisp,f,50-54,1581,0
NE,2023,white,hisp,m,55-59,1655,0
NE,2023,white,hisp,f,55-59,1655,0
NE,2023,white,hisp,m,60-64,1581,0
NE,2023,white,hisp,f,60-64,1581,0
NE,2023,white,hisp,m,65-69,1334,0
NE,2023,white,hisp,f,65-69,1334,0
NE,2023,white,hisp,m,70-74,1111,0
NE,2023,white,hisp,f,70-74,1111,0
NE,2023,white,hisp,m,75-79,790,0
NE,2023,white,hisp,f,75-79,790,0
NE,2023,white,hisp,m,80-84,395,0
NE,2023,white,hisp,f,80-84,593,0
NE,2023,white,hisp,m,85+,415,0
NE,2023,white,hisp,f,85+,622,0
NE,2023,black,hisp,m,0-4,141,0
NE,2023,black,hisp,f,0-4,141,0
NE,2023,black,hisp,m,5-9,146,0
NE,2023,black,hisp,f,5-9,146,0
NE,2023,black,hisp,m,10-14,156,0
NE,2023,black,hisp,f,10-14,156,0
NE,2023,black,hisp,m,15-19,156,0
NE,2023,black,hisp,f,15-19,156,0
NE,2023,black,hisp,m,20-24,161,0
NE,2023,black,hisp,f,20-24,161,0
NE,2023,black,hisp,m,25-29,170,0
NE,2023,black,hisp,f,25-29,170,0
NE,2023,black,hisp,m,30-34,170,0
NE,2023,black,hisp,f,30-34,170,0
NE,2023,black,hisp,m,35-39,166,0
NE,2023,black,hisp,f,35-39,166,0
NE,2023,black,hisp,m,40-44,153,0
NE,2023,black,hisp,f,40-44,153,0
NE,2023,black,hisp,m,45-49,146,0
NE,2023,black,hisp,f,45-49,146,0
NE,2023,black,hisp,m,50-54,156,0
NE,2023,black,hisp,f,50-54,156,0
NE,2023,black,hisp,m,55-59,163,0
NE,2023,black,hisp,f,55-59,163,0
NE,2023,black,hisp,m,60-64,156,0
NE,2023,black,hisp,f,60-64,156,0
NE,2023,black,hisp,m,65-69,132,0
NE,2023,black,hisp,f,65-69,132,0
NE,2023,black,hisp,m,70-74,110,0
NE,2023,black,hisp,f,70-74,110,0
NE,2023,black,hisp,m,75-79,78,0
NE,2023,black,hisp,f,75-79,78,0
NE,2023,black,hisp,m,80-84,39,0
NE,2023,black,hisp,f,80-84,58,0
NE,2023,black,hisp,m,85+,41,0
NE,2023,black,hisp,f,85+,61,0
NE,2023,asian,hisp,m,0-4,24,0
NE,2023,asian,hisp,f,0-4,24,0
NE,2023,asian,hisp,m,5-9,25,0
NE,2023,asian,hisp,f,5-9,25,0
NE,2023,asian,hisp,m,10-14,27,0
NE,2023,asian,hisp,f,10-14,27,0
NE,2023,asian,hisp,m,15-19,27,0
NE,2023,asian,hisp,f,15-19,27,0
NE,2023,asian,hisp,m,20-24,28,0
NE,2023,asian,hisp,f,20-24,28,0
NE,2023,asian,hisp,m,25-29,29,0
NE,2023,asian,hisp,f,25-29,29,0
NE,2023,asian,hisp,m,30-34,29,0
NE,2023,asian,hisp,f,30-34,29,0
NE,2023,asian,hisp,m,35-39,28,0
NE,2023,asian,hisp,f,35-39,28,0
NE,2023,asian,hisp,m,40-44,26,0
NE,2023,asian,hisp,f,40-44,26,0
NE,2023,asian,hisp,m,45-49,25,0
NE,2023,asian,hisp,f,45-49,25,0
NE,2023,asian,hisp,m,50-54,27,0
NE,2023,asian,hisp,f,50-54,27,0
NE,2023,asian,hisp,m,55-59,28,0
NE,2023,asian,hisp,f,55-59,28,0
NE,2023,asian,hisp,m,60-64,27,0
NE,2023,asian,hisp,f,60-64,27,0
NE,2023,asian,hisp,m,65-69,23,0
NE,2023,asian,hisp,f,65-69,23,0
NE,2023,asian,hisp,m,70-74,19,0
NE,2023,asian,hisp,f,70-74,19,0
NE,2023,asian,hisp,m,75-79,13,0
NE,2023,asian,hisp,f,75-79,13,0
NE,2023,asian,hisp,m,80-84,7,0
NE,2023,asian,hisp,f,80-84,10,0
NE,2023,asian,hisp,m,85+,7,0
NE,2023,asian,hisp,f,85+,11,0
NE,2023,other,hisp,m,0-4,5810,0
NE,2023,other,hisp,f,0-4,5810,0
NE,2023,other,hisp,m,5-9,6010,0
NE,2023,other,hisp,f,5-9,6010,0
NE,2023,other,hisp,m,10-14,6411,0
NE,2023,other,hisp,f,10-14,6411,0
NE,2023,other,hisp,m,15-19,6411,0
NE,2023,other,hisp,f,15-19,6411,0
NE,2023,other,hisp,m,20-24,6611,0
NE,2023,other,hisp,f,20-24,6611,0
NE,2023,other,hisp,m,25-29,7012,0
NE,2023,other,hisp,f,25-29,7012,0
NE,2023,other,hisp,m,30-34,7012,0
NE,2023,other,hisp,f,30-34,7012,0
NE,2023,other,hisp,m,35-39,6812,0
NE,2023,other,hisp,f,35-39,6812,0
NE,2023,other,hisp,m,40-44,6311,0
NE,2023,other,hisp,f,40-44,6311,0
NE,2023,other,hisp,m,45-49,6010,0
NE,2023,other,hisp,f,45-49,6010,0
NE,2023,other,hisp,m,50-54,6411,0
NE,2023,other,hisp,f,50-54,6411,0
NE,2023,other,hisp,m,55-59,6711,0
NE,2023,other,hisp,f,55-59,6711,0
NE,2023,other,hisp,m,60-64,6411,0
NE,2023,other,hisp,f,60-64,6411,0
NE,2023,other,hisp,m,65-69,5409,0
NE,2023,other,hisp,f,65-69,5409,0
NE,2023,other,hisp,m,70-74,4508,0
NE,2023,other,hisp,f,70-74,4508,0
NE,2023,other,hisp,m,75-79,3205,0
NE,2023,other,hisp,f,75-79,3205,0
NE,2023,other,hisp,m,80-84,1603,0
NE,2023,other,hisp,f,80-84,2404,0
NE,2023,other,hisp,m,85+,1683,0
NE,2023,other,hisp,f,85+,2524,0
NV,2023,white,non-hisp,m,0-4,41115,0
NV,2023,white,non-hisp,f,0-4,41115,0
NV,2023,white,non-hisp,m,5-9,42533,0
NV,2023,white,non-hisp,f,5-9,42533,0
NV,2023,white,non-hisp,m,10-14,45369,0
NV,2023,white,non-hisp,f,10-14,45369,0
NV,2023,white,non-hisp,m,15-19,45369,0
NV,2023,white,non-hisp,f,15-19,45369,0
NV,2023,white,non-hisp,m,20-24,46786,0
NV,2023,white,non-hisp,f,20-24,46786,0
NV,2023,white,non-hisp,m,25-29,49622,0
NV,2023,white,non-hisp,f,25-29,49622,0
NV,2023,white,non-hisp,m,30-34,49622,0
NV,2023,white,non-hisp,f,30-34,49622,0
NV,2023,white,non-hisp,m,35-39,48204,0
NV,2023,white,non-hisp,f,35-39,48204,0
NV,2023,white,non-hisp,m,40-44,44660,0
NV,2023,white,non-hisp,f,40-44,44660,0
NV,2023,white,non-hisp,m,45-49,42533,0
NV,2023,white,non-hisp,f,45-49,42533,0
NV,2023,white,non-hisp,m,50-54,45369,0
NV,2023,white,non-hisp,f,50-54,45369,0
NV,2023,white,non-hisp,m,55-59,47495,0
NV,2023,white,non-hisp,f,55-59,47495,0
NV,2023,white,non-hisp,m,60-64,45369,0
NV,2023,white,non-hisp,f,60-64,45369,0
NV,2023,white,non-hisp,m,65-69,38280,0
NV,2023,white,non-hisp,f,65-69,38280,0
NV,2023,white,non-hisp,m,70-74,31900,0
NV,2023,white,non-hisp,f,70-74,31900,0
NV,2023,white,non-hisp,m,75-79,22684,0
NV,2023,white,non-hisp,f,75-79,22684,0
NV,2023,white,non-hisp,m,80-84,11342,0
NV,2023,white,non-hisp,f,80-84,17013,0
NV,2023,white,non-hisp,m,85+,11909,0
NV,2023,white,non-hisp,f,85+,17864,0
NV,2023,black,non-hisp,m,0-4,8242,0
NV,2023,black,non-hisp,f,0-4,8242,0
NV,2023,black,non-hisp,m,5-9,8527,0
NV,2023,black,non-hisp,f,5-9,8527,0
NV,2023,black,non-hisp,m,10-14,9095,0
NV,2023,black,non-hisp,f,10-14,9095,0
NV,2023,black,non-hisp,m,15-19,9095,0
NV,2023,black,non-hisp,f,15-19,9095,0
NV,2023,black,non-hisp,m,20-24,9379,0
NV,2023,black,non-hisp,f,20-24,9379,0
NV,2023,black,non-hisp,m,25-29,9948,0
NV,2023,black,non-hisp,f,25-29,9948,0
NV,2023,black,non-hisp,m,30-34,9948,0
NV,2023,black,non-hisp,f,30-34,9948,0
NV,2023,black,non-hisp,m,35-39,9664,0
NV,2023,black,non-hisp,f,35-39,9664,0
NV,2023,black,non-hisp,m,40-44,8953,0
NV,2023,black,non-hisp,f,40-44,8953,0
NV,2023,black,non-hisp,m,45-49,8527,0
NV,2023,black,non-hisp,f,45-49,8527,0
NV,2023,black,non-hisp,m,50-54,9095,0
NV,2023,black,non-hisp,f,50-54,9095,0
NV,2023,black,non-hisp,m,55-59,9522,0
NV,2023,black,non-hisp,f,55-59,9522,0
NV,2023,black,non-hisp,m,60-64,9095,0
NV,2023,black,non-hisp,f,60-64,9095,0
NV,2023,black,non-hisp,m,65-69,7674,0
NV,2023,black,non-hisp,f,65-69,7674,0
NV,2023,black,non-hisp,m,70-74,6395,0
NV,2023,black,non-hisp,f,70-74,6395,0
NV,2023,black,non-hisp,m,75-79,4548,0
NV,2023,black,non-hisp,f,75-79,4548,0
NV,2023,black,non-hisp,m,80-84,2274,0
NV,2023,black,non-hisp,f,80-84,3411,0
NV,2023,black,non-hisp,m,85+,2387,0
NV,2023,black,non-hisp,f,85+,3581,0
NV,2023,asian,non-hisp,m,0-4,8278,0
NV,2023,asian,non-hisp,f,0-4,8278,0
NV,2023,asian,non-hisp,m,5-9,8563,0
NV,2023,asian,non-hisp,f,5-9,8563,0
NV,2023,asian,non-hisp,m,10-14,9134,0
NV,2023,asian,non-hisp,f,10-14,9134,0
NV,2023,asian,non-hisp,m,15-19,9134,0
NV,2023,asian,non-hisp,f,15-19,9134,0
NV,2023,asian,non-hisp,m,20-24,9419,0
NV,2023,asian,non-hisp,f,20-24,9419,0
NV,2023,asian,non-hisp,m,25-29,9990,0
NV,2023,asian,non-hisp,f,25-29,9990,0
NV,2023,asian,non-hisp,m,30-34,9990,0
NV,2023,asian,non-hisp,f,30-34,9990,0
NV,2023,asian,non-hisp,m,35-39,9705,0
NV,2023,asian,non-hisp,f,35-39,9705,0
NV,2023,asian,non-hisp,m,40-44,8991,0
NV,2023,asian,non-hisp,f,40-44,8991,0
NV,2023,asian,non-hisp,m,45-49,8563,0
NV,2023,asian,non-hisp,f,45-49,8563,0
NV,2023,asian,non-hisp,m,50-54,9134,0
NV,2023,asian,non-hisp,f,50-54,9134,0
NV,2023,asian,non-hisp,m,55-59,9562,0
NV,2023,asian,non-hisp,f,55-59,9562,0
NV,2023,asian,non-hisp,m,60-64,9134,0
NV,2023,asian,non-hisp,f,60-64,9134,0
NV,2023,asian,non-hisp,m,65-69,7707,0
NV,2023,asian,non-hisp,f,65-69,7707,0
NV,2023,asian,non-hisp,m,70-74,6422,0
NV,2023,asian,non-hisp,f,70-74,6422,0
NV,2023,asian,non-hisp,m,75-79,4567,0
NV,2023,asian,non-hisp,f,75-79,4567,0
NV,2023,asian,non-hisp,m,80-84,2283,0
NV,2023,asian,non-hisp,f,80-84,3425,0
NV,2023,asian,non-hisp,m,85+,2398,0
NV,2023,asian,non-hisp,f,85+,3596,0
NV,2023,other,non-hisp,m,0-4,7260,0
NV,2023,other,non-hisp,f,0-4,7260,0
NV,2023,other,non-hisp,m,5-9,7510,0
NV,2023,other,non-hisp,f,5-9,7510,0
NV,2023,other,non-hisp,m,10-14,8011,0
NV,2023,other,non-hisp,f,10-14,8011,0
NV,2023,other,non-hisp,m,15-19,8011,0
NV,2023,other,non-hisp,f,15-19,8011,0
NV,2023,other,non-hisp,m,20-24,8261,0
NV,2023,other,non-hisp,f,20-24,8261,0
NV,2023,other,non-hisp,m,25-29,8762,0
NV,2023,other,non-hisp,f,25-29,8762,0
NV,2023,other,non-hisp,m,30-34,8762,0
NV,2023,other,non-hisp,f,30-34,8762,0
NV,2023,other,non-hisp,m,35-39,8512,0
NV,2023,other,non-hisp,f,35-39,8512,0
NV,2023,other,non-hisp,m,40-44,7886,0
NV,2023,other,non-hisp,f,40-44,7886,0
NV,2023,other,non-hisp,m,45-49,7510,0
NV,2023,other,non-hisp,f,45-49,7510,0
NV,2023,other,non-hisp,m,50-54,8011,0
NV,2023,other,non-hisp,f,50-54,8011,0
NV,2023,other,non-hisp,m,55-59,8387,0
NV,2023,other,non-hisp,f,55-59,8387,0
NV,2023,other,non-hisp,m,60-64,8011,0
NV,2023,other,non-hisp,f,60-64,8011,0
NV,2023,other,non-hisp,m,65-69,6759,0
NV,2023,other,non-hisp,f,65-69,6759,0
NV,2023,other,non-hisp,m,70-74,5633,0
NV,2023,other,non-hisp,f,70-74,5633,0
NV,2023,other,non-hisp,m,75-79,4006,0
NV,2023,other,non-hisp,f,75-79,4006,0
NV,2023,other,non-hisp,m,80-84,2003,0
NV,2023,other,non-hisp,f,80-84,3004,0
NV,2023,other,non-hisp,m,85+,2103,0
NV,2023,other,non-hisp,f,85+,3154,0
NV,2023,white,hisp,m,0-4,5027,0
NV,2023,white,hisp,f,0-4,5027,0
NV,2023,white,hisp,m,5-9,5200,0
NV,2023,white,hisp,f,5-9,5200,0
NV,2023,white,hisp,m,10-14,5547,0
NV,2023,white,hisp,f,10-14,5547,0
NV,2023,white,hisp,m,15-19,5547,0
NV,2023,white,hisp,f,15-19,5547,0
NV,2023,white,hisp,m,20-24,5720,0
NV,2023,white,hisp,f,20-24,5720,0
NV,2023,white,hisp,m,25-29,6067,0
NV,2023,white,hisp,f,25-29,6067,0
NV,2023,white,hisp,m,30-34,6067,0
NV,2023,white,hisp,f,30-34,6067,0
NV,2023,white,hisp,m,35-39,5893,0
NV,2023,white,hisp,f,35-39,5893,0
NV,2023,white,hisp,m,40-44,5460,0
NV,2023,white,hisp,f,40-44,5460,0
NV,2023,white,hisp,m,45-49,5200,0
NV,2023,white,hisp,f,45-49,5200,0
NV,2023,white,hisp,m,50-54,5547,0
NV,2023,white,hisp,f,50-54,5547,0
NV,2023,white,hisp,m,55-59,5807,0
NV,2023,white,hisp,f,55-59,5807,0
NV,2023,white,hisp,m,60-64,5547,0
NV,2023,white,hisp,f,60-64,5547,0
NV,2023,white,hisp,m,65-69,4680,0
NV,2023,white,hisp,f,65-69,4680,0
NV,2023,white,hisp,m,70-74,3900,0
NV,2023,white,hisp,f,70-74,3900,0
NV,2023,white,hisp,m,75-79,2773,0
NV,2023,white,hisp,f,75-79,2773,0
NV,2023,white,hisp,m,80-84,1387,0
NV,2023,white,hisp,f,80-84,2080,0
NV,2023,white,hisp,m,85+,1456,0
NV,2023,white,hisp,f,85+,2184,0
NV,2023,black,hisp,m,0-4,419,0
NV,2023,black,hisp,f,0-4,419,0
NV,2023,black,hisp,m,5-9,434,0
NV,2023,black,hisp,f,5-9,434,0
NV,2023,black,hisp,m,10-14,462,0
NV,2023,black,hisp,f,10-14,462,0
NV,2023,black,hisp,m,15-19,462,0
NV,2023,black,hisp,f,15-19,462,0
NV,2023,black,hisp,m,20-24,477,0
NV,2023,black,hisp,f,20-24,477,0
NV,2023,black,hisp,m,25-29,506,0
NV,2023,black,hisp,f,25-29,506,0
NV,2023,black,hisp,m,30-34,506,0
NV,2023,black,hisp,f,30-34,506,0
NV,2023,black,hisp,m,35-39,491,0
NV,2023,black,hisp,f,35-39,491,0
NV,2023,black,hisp,m,40-44,455,0
NV,2023,black,hisp,f,40-44,455,0
NV,2023,black,hisp,m,45-49,434,0
NV,2023,black,hisp,f,45-49,434,0
NV,2023,black,hisp,m,50-54,462,0
NV,2023,black,hisp,f,50-54,462,0
NV,2023,black,hisp,m,55-59,484,0
NV,2023,black,hisp,f,55-59,484,0
NV,2023,black,hisp,m,60-64,462,0
NV,2023,black,hisp,f,60-64,462,0
NV,2023,black,hisp,m,65-69,390,0
NV,2023,black,hisp,f,65-69,390,0
NV,2023,black,hisp,m,70-74,325,0
NV,2023,black,hisp,f,70-74,325,0
NV,2023,black,hisp,m,75-79,231,0
NV,2023,black,hisp,f,75-79,231,0
NV,2023,black,hisp,m,80-84,116,0
NV,2023,black,hisp,f,80-84,173,0
NV,2023,black,hisp,m,85+,121,0
NV,2023,black,hisp,f,85+,182,0
NV,2023,asian,hisp,m,0-4,198,0
NV,2023,asian,hisp,f,0-4,198,0
NV,2023,asian,hisp,m,5-9,205,0
NV,2023,asian,hisp,f,5-9,205,0
NV,2023,asian,hisp,m,10-14,219,0
NV,2023,asian,hisp,f,10-14,219,0
NV,2023,asian,hisp,m,15-19,219,0
NV,2023,asian,hisp,f,15-19,219,0
NV,2023,asian,hisp,m,20-24,225,0
NV,2023,asian,hisp,f,20-24,225,0
NV,2023,asian,hisp,m,25-29,239,0
NV,2023,asian,hisp,f,25-29,239,0
NV,2023,asian,hisp,m,30-34,239,0
NV,2023,asian,hisp,f,30-34,239,0
NV,2023,asian,hisp,m,35-39,232,0
NV,2023,asian,hisp,f,35-39,232,0
NV,2023,asian,hisp,m,40-44,215,0
NV,2023,asian,hisp,f,40-44,215,0
NV,2023,asian,hisp,m,45-49,205,0
NV,2023,asian,hisp,f,45-49,205,0
NV,2023,asian,hisp,m,50-54,219,0
NV,2023,asian,hisp,f,50-54,219,0
NV,2023,asian,hisp,m,55-59,229,0
NV,2023,asian,hisp,f,55-59,229,0
NV,2023,asian,hisp,m,60-64,219,0
NV,2023,asian,hisp,f,60-64,219,0
NV,2023,asian,hisp,m,65-69,184,0
NV,2023,asian,hisp,f,65-69,184,0
NV,2023,asian,hisp,m,70-74,154,0
NV,2023,asian,hisp,f,70-74,154,0
NV,2023,asian,hisp,m,75-79,109,0
NV,2023,asian,hisp,f,75-79,109,0
NV,2023,asian,hisp,m,80-84,55,0
NV,2023,asian,hisp,f,80-84,82,0
NV,2023,asian,hisp,m,85+,57,0
NV,2023,asian,hisp,f,85+,86,0
NV,2023,other,hisp,m,0-4,22092,0
NV,2023,other,hisp,f,0-4,22092,0
NV,2023,other,hisp,m,5-9,22854,0
NV,2023,other,hisp,f,5-9,22854,0
NV,2023,other,hisp,m,10-14,24377,0
NV,2023,other,hisp,f,10-14,24377,0
NV,2023,other,hisp,m,15-19,24377,0
NV,2023,other,hisp,f,15-19,24377,0
NV,2023,other,hisp,m,20-24,25139,0
NV,2023,other,hisp,f,20-24,25139,0
NV,2023,other,hisp,m,25-29,26663,0
NV,2023,other,hisp,f,25-29,26663,0
NV,2023,other,hisp,m,30-34,26663,0
NV,2023,other,hisp,f,30-34,26663,0
NV,2023,other,hisp,m,35-39,25901,0
NV,2023,other,hisp,f,35-39,25901,0
NV,2023,other,hisp,m,40-44,23996,0
NV,2023,other,hisp,f,40-44,23996,0
NV,2023,other,hisp,m,45-49,22854,0
NV,2023,other,hisp,f,45-49,22854,0
NV,2023,other,hisp,m,50-54,24377,0
NV,2023,other,hisp,f,50-54,24377,0
NV,2023,other,hisp,m,55-59,25520,0
NV,2023,other,hisp,f,55-59,25520,0
NV,2023,other,hisp,m,60-64,24377,0
NV,2023,other,hisp,f,60-64,24377,0
NV,2023,other,hisp,m,65-69,20568,0
NV,2023,other,hisp,f,65-69,20568,0
NV,2023,other,hisp,m,70-74,17140,0
NV,2023,other,hisp,f,70-74,17140,0
NV,2023,other,hisp,m,75-79,12189,0
NV,2023,other,hisp,f,75-79,12189,0
NV,2023,other,hisp,m,80-84,6094,0
NV,2023,other,hisp,f,80-84,9141,0
NV,2023,other,hisp,m,85+,6399,0
NV,2023,other,hisp,f,85+,9599,0
NH,2023,white,non-hisp,m,0-4,35160,0
NH,2023,white,non-hisp,f,0-4,35160,0
NH,2023,white,non-hisp,m,5-9,36373,0
NH,2023,white,non-hisp,f,5-9,36373,0
NH,2023,white,non-hisp,m,10-14,38798,0
NH,2023,white,non-hisp,f,10-14,38798,0
NH,2023,white,non-hisp,m,15-19,38798,0
NH,2023,white,non-hisp,f,15-19,38798,0
NH,2023,white,non-hisp,m,20-24,40010,0
NH,2023,white,non-hisp,f,20-24,40010,0
NH,2023,white,non-hisp,m,25-29,42435,0
NH,2023,white,non-hisp,f,25-29,42435,0
NH,2023,white,non-hisp,m,30-34,42435,0
NH,2023,white,non-hisp,f,30-34,42435,0
NH,2023,white,non-hisp,m,35-39,41223,0
NH,2023,white,non-hisp,f,35-39,41223,0
NH,2023,white,non-hisp,m,40-44,38191,0
NH,2023,white,non-hisp,f,40-44,38191,0
NH,2023,white,non-hisp,m,45-49,36373,0
NH,2023,white,non-hisp,f,45-49,36373,0
NH,2023,white,non-hisp,m,50-54,38798,0
NH,2023,white,non-hisp,f,50-54,38798,0
NH,2023,white,non-hisp,m,55-59,40616,0
NH,2023,white,non-hisp,f,55-59,40616,0
NH,2023,white,non-hisp,m,60-64,38798,0
NH,2023,white,non-hisp,f,60-64,38798,0
NH,2023,white,non-hisp,m,65-69,32736,0
NH,2023,white,non-hisp,f,65-69,32736,0
NH,2023,white,non-hisp,m,70-74,27280,0
NH,2023,white,non-hisp,f,70-74,27280,0
NH,2023,white,non-hisp,m,75-79,19399,0
NH,2023,white,non-hisp,f,75-79,19399,0
NH,2023,white,non-hisp,m,80-84,9699,0
NH,2023,white,non-hisp,f,80-84,14549,0
NH,2023,white,non-hisp,m,85+,10184,0
NH,2023,white,non-hisp,f,85+,15277,0
NH,2023,black,non-hisp,m,0-4,570,0
NH,2023,black,non-hisp,f,0-4,570,0
NH,2023,black,non-hisp,m,5-9,589,0
NH,2023,black,non-hisp,f,5-9,589,0
NH,2023,black,non-hisp,m,10-14,629,0
NH,2023,black,non-hisp,f,10-14,629,0
NH,2023,black,non-hisp,m,15-19,629,0
NH,2023,black,non-hisp,f,15-19,629,0
NH,2023,black,non-hisp,m,20-24,648,0
NH,2023,black,non-hisp,f,20-24,648,0
NH,2023,black,non-hisp,m,25-29,687,0
NH,2023,black,non-hisp,f,25-29,687,0
NH,2023,black,non-hisp,m,30-34,687,0
NH,2023,black,non-hisp,f,30-34,687,0
NH,2023,black,non-hisp,m,35-39,668,0
NH,2023,black,non-hisp,f,35-39,668,0
NH,2023,black,non-hisp,m,40-44,619,0
NH,2023,black,non-hisp,f,40-44,619,0
NH,2023,black,non-hisp,m,45-49,589,0
NH,2023,black,non-hisp,f,45-49,589,0
NH,2023,black,non-hisp,m,50-54,629,0
NH,2023,black,non-hisp,f,50-54,629,0
NH,2023,black,non-hisp,m,55-59,658,0
NH,2023,black,non-hisp,f,55-59,658,0
NH,2023,black,non-hisp,m,60-64,629,0
NH,2023,black,non-hisp,f,60-64,629,0
NH,2023,black,non-hisp,m,65-69,530,0
NH,2023,black,non-hisp,f,65-69,530,0
NH,2023,black,non-hisp,m,70-74,442,0
NH,2023,black,non-hisp,f,70-74,442,0
NH,2023,black,non-hisp,m,75-79,314,0
NH,2023,black,non-hisp,f,75-79,314,0
NH,2023,black,non-hisp,m,80-84,157,0
NH,2023,black,non-hisp,f,80-84,236,0
NH,2023,black,non-hisp,m,85+,165,0
NH,2023,black,non-hisp,f,85+,247,0
NH,2023,asian,non-hisp,m,0-4,1041,0
NH,2023,asian,non-hisp,f,0-4,1041,0
NH,2023,asian,non-hisp,m,5-9,1077,0
NH,2023,asian,non-hisp,f,5-9,1077,0
NH,2023,asian,non-hisp,m,10-14,1149,0
NH,2023,asian,non-hisp,f,10-14,1149,0
NH,2023,asian,non-hisp,m,15-19,1149,0
NH,2023,asian,non-hisp,f,15-19,1149,0
NH,2023,asian,non-hisp,m,20-24,1185,0
NH,2023,asian,non-hisp,f,20-24,1185,0
NH,2023,asian,non-hisp,m,25-29,1257,0
NH,2023,asian,non-hisp,f,25-29,1257,0
NH,2023,asian,non-hisp,m,30-34,1257,0
NH,2023,asian,non-hisp,f,30-34,1257,0
NH,2023,asian,non-hisp,m,35-39,1221,0
NH,2023,asian,non-hisp,f,35-39,1221,0
NH,2023,asian,non-hisp,m,40-44,1131,0
NH,2023,asian,non-hisp,f,40-44,1131,0
NH,2023,asian,non-hisp,m,45-49,1077,0
NH,2023,asian,non-hisp,f,45-49,1077,0
NH,2023,asian,non-hisp,m,50-54,1149,0
NH,2023,asian,non-hisp,f,50-54,1149,0
NH,2023,asian,non-hisp,m,55-59,1203,0
NH,2023,asian,non-hisp,f,55-59,1203,0
NH,2023,asian,non-hisp,m,60-64,1149,0
NH,2023,asian,non-hisp,f,60-64,1149,0
NH,2023,asian,non-hisp,m,65-69,970,0
NH,2023,asian,non-hisp,f,65-69,970,0
NH,2023,asian,non-hisp,m,70-74,808,0
NH,2023,asian,non-hisp,f,70-74,808,0
NH,2023,asian,non-hisp,m,75-79,575,0
NH,2023,asian,non-hisp,f,75-79,575,0
NH,2023,asian,non-hisp,m,80-84,287,0
NH,2023,asian,non-hisp,f,80-84,431,0
NH,2023,asian,non-hisp,m,85+,302,0
NH,2023,asian,non-hisp,f,85+,452,0
NH,2023,other,non-hisp,m,0-4,1990,0
NH,2023,other,non-hisp,f,0-4,1990,0
NH,2023,other,non-hisp,m,5-9,2059,0
NH,2023,other,non-hisp,f,5-9,2059,0
NH,2023,other,non-hisp,m,10-14,2196,0
NH,2023,other,non-hisp,f,10-14,2196,0
NH,2023,other,non-hisp,m,15-19,2196,0
NH,2023,other,non-hisp,f,15-19,2196,0
NH,2023,other,non-hisp,m,20-24,2265,0
NH,2023,other,non-hisp,f,20-24,2265,0
NH,2023,other,non-hisp,m,25-29,2402,0
NH,2023,other,non-hisp,f,25-29,2402,0
NH,2023,other,non-hisp,m,30-34,2402,0
NH,2023,other,non-hisp,f,30-34,2402,0
NH,2023,other,non-hisp,m,35-39,2333,0
NH,2023,other,non-hisp,f,35-39,2333,0
NH,2023,other,non-hisp,m,40-44,2162,0
NH,2023,other,non-hisp,f,40-44,2162,0
NH,2023,other,non-hisp,m,45-49,2059,0
NH,2023,other,non-hisp,f,45-49,2059,0
NH,2023,other,non-hisp,m,50-54,2196,0
NH,2023,other,non-hisp,f,50-54,2196,0
NH,2023,other,non-hisp,m,55-59,2299,0
NH,2023,other,non-hisp,f,55-59,2299,0
NH,2023,other,non-hisp,m,60-64,2196,0
NH,2023,other,non-hisp,f,60-64,2196,0
NH,2023,other,non-hisp,m,65-69,1853,0
NH,2023,other,non-hisp,f,65-69,1853,0
NH,2023,other,non-hisp,m,70-74,1544,0
NH,2023,other,non-hisp,f,70-74,1544,0
NH,2023,other,non-hisp,m,75-79,1098,0
NH,2023,other,non-hisp,f,75-79,1098,0
NH,2023,other,non-hisp,m,80-84,549,0
NH,2023,other,non-hisp,f,80-84,824,0
NH,2023,other,non-hisp,m,85+,576,0
NH,2023,other,non-hisp,f,85+,865,0
NH,2023,white,hisp,m,0-4,428,0
NH,2023,white,hisp,f,0-4,428,0
NH,2023,white,hisp,m,5-9,443,0
NH,2023,white,hisp,f,5-9,443,0
NH,2023,white,hisp,m,10-14,472,0
NH,2023,white,hisp,f,10-14,472,0
NH,2023,white,hisp,m,15-19,472,0
NH,2023,white,hisp,f,15-19,472,0
NH,2023,white,hisp,m,20-24,487,0
NH,2023,white,hisp,f,20-24,487,0
NH,2023,white,hisp,m,25-29,516,0
NH,2023,white,hisp,f,25-29,516,0
NH,2023,white,hisp,m,30-34,516,0
NH,2023,white,hisp,f,30-34,516,0
NH,2023,white,hisp,m,35-39,502,0
NH,2023,white,hisp,f,35-39,502,0
NH,2023,white,hisp,m,40-44,465,0
NH,2023,white,hisp,f,40-44,465,0
NH,2023,white,hisp,m,45-49,443,0
NH,2023,white,hisp,f,45-49,443,0
NH,2023,white,hisp,m,50-54,472,0
NH,2023,white,hisp,f,50-54,472,0
NH,2023,white,hisp,m,55-59,494,0
NH,2023,white,hisp,f,55-59,494,0
NH,2023,white,hisp,m,60-64,472,0
NH,2023,white,hisp,f,60-64,472,0
NH,2023,white,hisp,m,65-69,398,0
NH,2023,white,hisp,f,65-69,398,0
NH,2023,white,hisp,m,70-74,332,0
NH,2023,white,hisp,f,70-74,332,0
NH,2023,white,hisp,m,75-79,236,0
NH,2023,white,hisp,f,75-79,236,0
NH,2023,white,hisp,m,80-84,118,0
NH,2023,white,hisp,f,80-84,177,0
NH,2023,white,hisp,m,85+,124,0
NH,2023,white,hisp,f,85+,186,0
NH,2023,black,hisp,m,0-4,52,0
NH,2023,black,hisp,f,0-4,52,0
NH,2023,black,hisp,m,5-9,54,0
NH,2023,black,hisp,f,5-9,54,0
NH,2023,black,hisp,m,10-14,58,0
NH,2023,black,hisp,f,10-14,58,0
NH,2023,black,hisp,m,15-19,58,0
NH,2023,black,hisp,f,15-19,58,0
NH,2023,black,hisp,m,20-24,59,0
NH,2023,black,hisp,f,20-24,59,0
NH,2023,black,hisp,m,25-29,63,0
NH,2023,black,hisp,f,25-29,63,0
NH,2023,black,hisp,m,30-34,63,0
NH,2023,black,hisp,f,30-34,63,0
NH,2023,black,hisp,m,35-39,61,0
NH,2023,black,hisp,f,35-39,61,0
NH,2023,black,hisp,m,40-44,57,0
NH,2023,black,hisp,f,40-44,57,0
NH,2023,black,hisp,m,45-49,54,0
NH,2023,black,hisp,f,45-49,54,0
NH,2023,black,hisp,m,50-54,58,0
NH,2023,black,hisp,f,50-54,58,0
NH,2023,black,hisp,m,55-59,60,0
NH,2023,black,hisp,f,55-59,60,0
NH,2023,black,hisp,m,60-64,58,0
NH,2023,black,hisp,f,60-64,58,0
NH,2023,black,hisp,m,65-69,49,0
NH,2023,black,hisp,f,65-69,49,0
NH,2023,black,hisp,m,70-74,41,0
NH,2023,black,hisp,f,70-74,41,0
NH,2023,black,hisp,m,75-79,29,0
NH,2023,black,hisp,f,75-79,29,0
NH,2023,black,hisp,m,80-84,14,0
NH,2023,black,hisp,f,80-84,22,0
NH,2023,black,hisp,m,85+,15,0
NH,2023,black,hisp,f,85+,23,0
NH,2023,asian,hisp,m,0-4,3,0
NH,2023,asian,hisp,f,0-4,3,0
NH,2023,asian,hisp,m,5-9,3,0
NH,2023,asian,hisp,f,5-9,3,0
NH,2023,asian,hisp,m,10-14,3,0
NH,2023,asian,hisp,f,10-14,3,0
NH,2023,asian,hisp,m,15-19,3,0
NH,2023,asian,hisp,f,15-19,3,0
NH,2023,asian,hisp,m,20-24,3,0
NH,2023,asian,hisp,f,20-24,3,0
NH,2023,asian,hisp,m,25-29,3,0
NH,2023,asian,hisp,f,25-29,3,0
NH,2023,asian,hisp,m,30-34,3,0
NH,2023,asian,hisp,f,30-34,3,0
NH,2023,asian,hisp,m,35-39,3,0
NH,2023,asian,hisp,f,35-39,3,0
NH,2023,asian,hisp,m,40-44,3,0
NH,2023,asian,hisp,f,40-44,3,0
NH,2023,asian,hisp,m,45-49,3,0
NH,2023,asian,hisp,f,45-49,3,0
NH,2023,asian,hisp,m,50-54,3,0
NH,2023,asian,hisp,f,50-54,3,0
NH,2023,asian,hisp,m,55-59,3,0
NH,2023,asian,hisp,f,55-59,3,0
NH,2023,asian,hisp,m,60-64,3,0
NH,2023,asian,hisp,f,60-64,3,0
NH,2023,asian,hisp,m,65-69,3,0
NH,2023,asian,hisp,f,65-69,3,0
NH,2023,asian,hisp,m,70-74,2,0
NH,2023,asian,hisp,f,70-74,2,0
NH,2023,asian,hisp,m,75-79,1,0
NH,2023,asian,hisp,f,75-79,1,0
NH,2023,asian,hisp,m,80-84,1,0
NH,2023,asian,hisp,f,80-84,1,0
NH,2023,asian,hisp,m,85+,1,0
NH,2023,asian,hisp,f,85+,1,0
NH,2023,other,hisp,m,0-4,1415,0
NH,2023,other,hisp,f,0-4,1415,0
NH,2023,other,hisp,m,5-9,1464,0
NH,2023,other,hisp,f,5-9,1464,0
NH,2023,other,hisp,m,10-14,1562,0
NH,2023,other,hisp,f,10-14,1562,0
NH,2023,other,hisp,m,15-19,1562,0
NH,2023,other,hisp,f,15-19,1562,0
NH,2023,other,hisp,m,20-24,1610,0
NH,2023,other,hisp,f,20-24,1610,0
NH,2023,other,hisp,m,25-29,1708,0
NH,2023,other,hisp,f,25-29,1708,0
NH,2023,other,hisp,m,30-34,1708,0
NH,2023,other,hisp,f,30-34,1708,0
NH,2023,other,hisp,m,35-39,1659,0
NH,2023,other,hisp,f,35-39,1659,0
NH,2023,other,hisp,m,40-44,1537,0
NH,2023,other,hisp,f,40-44,1537,0
NH,2023,other,hisp,m,45-49,1464,0
NH,2023,other,hisp,f,45-49,1464,0
NH,2023,other,hisp,m,50-54,1562,0
NH,2023,other,hisp,f,50-54,1562,0
NH,2023,other,hisp,m,55-59,1635,0
NH,2023,other,hisp,f,55-59,1635,0
NH,2023,other,hisp,m,60-64,1562,0
NH,2023,other,hisp,f,60-64,1562,0
NH,2023,other,hisp,m,65-69,1318,0
NH,2023,other,hisp,f,65-69,1318,0
NH,2023,other,hisp,m,70-74,1098,0
NH,2023,other,hisp,f,70-74,1098,0
NH,2023,other,hisp,m,75-79,781,0
NH,2023,other,hisp,f,75-79,781,0
NH,2023,other,hisp,m,80-84,390,0
NH,2023,other,hisp,f,80-84,586,0
NH,2023,other,hisp,m,85+,410,0
NH,2023,other,hisp,f,85+,615,0
NJ,2023,white,non-hisp,m,0-4,136378,0
NJ,2023,white,non-hisp,f,0-4,136378,0
NJ,2023,white,non-hisp,m,5-9,141081,0
NJ,2023,white,non-hisp,f,5-9,141081,0
NJ,2023,white,non-hisp,m,10-14,150486,0
NJ,2023,white,non-hisp,f,10-14,150486,0
NJ,2023,white,non-hisp,m,15-19,150486,0
NJ,2023,white,non-hisp,f,15-19,150486,0
NJ,2023,white,non-hisp,m,20-24,155189,0
NJ,2023,white,non-hisp,f,20-24,155189,0
NJ,2023,white,non-hisp,m,25-29,164594,0
NJ,2023,white,non-hisp,f,25-29,164594,0
NJ,2023,white,non-hisp,m,30-34,164594,0
NJ,2023,white,non-hisp,f,30-34,164594,0
NJ,2023,white,non-hisp,m,35-39,159891,0
NJ,2023,white,non-hisp,f,35-39,159891,0
NJ,2023,white,non-hisp,m,40-44,148135,0
NJ,2023,white,non-hisp,f,40-44,148135,0
NJ,2023,white,non-hisp,m,45-49,141081,0
NJ,2023,white,non-hisp,f,45-49,141081,0
NJ,2023,white,non-hisp,m,50-54,150486,0
NJ,2023,white,non-hisp,f,50-54,150486,0
NJ,2023,white,non-hisp,m,55-59,157540,0
NJ,2023,white,non-hisp,f,55-59,157540,0
NJ,2023,white,non-hisp,m,60-64,150486,0
NJ,2023,white,non-hisp,f,60-64,150486,0
NJ,2023,white,non-hisp,m,65-69,126973,0
NJ,2023,white,non-hisp,f,65-69,126973,0
NJ,2023,white,non-hisp,m,70-74,105810,0
NJ,2023,white,non-hisp,f,70-74,105810,0
NJ,2023,white,non-hisp,m,75-79,75243,0
NJ,2023,white,non-hisp,f,75-79,75243,0
NJ,2023,white,non-hisp,m,80-84,37621,0
NJ,2023,white,non-hisp,f,80-84,56432,0
NJ,2023,white,non-hisp,m,85+,39503,0
NJ,2023,white,non-hisp,f,85+,59254,0
NJ,2023,black,non-hisp,m,0-4,32376,0
NJ,2023,black,non-hisp,f,0-4,32376,0
NJ,2023,black,non-hisp,m,5-9,33492,0
NJ,2023,black,non-hisp,f,5-9,33492,0
NJ,2023,black,non-hisp,m,10-14,35725,0
NJ,2023,black,non-hisp,f,10-14,35725,0
NJ,2023,black,non-hisp,m,15-19,35725,0
NJ,2023,black,non-hisp,f,15-19,35725,0
NJ,2023,black,non-hisp,m,20-24,36841,0
NJ,2023,black,non-hisp,f,20-24,36841,0
NJ,2023,black,non-hisp,m,25-29,39074,0
NJ,2023,black,non-hisp,f,25-29,39074,0
NJ,2023,black,non-hisp,m,30-34,39074,0
NJ,2023,black,non-hisp,f,30-34,39074,0
NJ,2023,black,non-hisp,m,35-39,37958,0
NJ,2023,black,non-hisp,f,35-39,37958,0
NJ,2023,black,non-hisp,m,40-44,35167,0
NJ,2023,black,non-hisp,f,40-44,35167,0
NJ,2023,black,non-hisp,m,45-49,33492,0
NJ,2023,black,non-hisp,f,45-49,33492,0
NJ,2023,black,non-hisp,m,50-54,35725,0
NJ,2023,black,non-hisp,f,50-54,35725,0
NJ,2023,black,non-hisp,m,55-59,37399,0
NJ,2023,black,non-hisp,f,55-59,37399,0
NJ,2023,black,non-hisp,m,60-64,35725,0
NJ,2023,black,non-hisp,f,60-64,35725,0
NJ,2023,black,non-hisp,m,65-69,30143,0
NJ,2023,black,non-hisp,f,65-69,30143,0
NJ,2023,black,non-hisp,m,70-74,25119,0
NJ,2023,black,non-hisp,f,70-74,25119,0
NJ,2023,black,non-hisp,m,75-79,17862,0
NJ,2023,black,non-hisp,f,75-79,17862,0
NJ,2023,black,non-hisp,m,80-84,8931,0
NJ,2023,black,non-hisp,f,80-84,13397,0
NJ,2023,black,non-hisp,m,85+,9378,0
NJ,2023,black,non-hisp,f,85+,14067,0
NJ,2023,asian,non-hisp,m,0-4,27268,0
NJ,2023,asian,non-hisp,f,0-4,27268,0
NJ,2023,asian,non-hisp,m,5-9,28208,0
NJ,2023,asian,non-hisp,f,5-9,28208,0
NJ,2023,asian,non-hisp,m,10-14,30089,0
NJ,2023,asian,non-hisp,f,10-14,30089,0
NJ,2023,asian,non-hisp,m,15-19,30089,0
NJ,2023,asian,non-hisp,f,15-19,30089,0
NJ,2023,asian,non-hisp,m,20-24,31029,0
NJ,2023,asian,non-hisp,f,20-24,31029,0
NJ,2023,asian,non-hisp,m,25-29,32910,0
NJ,2023,asian,non-hisp,f,25-29,32910,0
NJ,2023,asian,non-hisp,m,30-34,32910,0
NJ,2023,asian,non-hisp,f,30-34,32910,0
NJ,2023,asian,non-hisp,m,35-39,31970,0
NJ,2023,asian,non-hisp,f,35-39,31970,0
NJ,2023,asian,non-hisp,m,40-44,29619,0
NJ,2023,asian,non-hisp,f,40-44,29619,0
NJ,2023,asian,non-hisp,m,45-49,28208,0
NJ,2023,asian,non-hisp,f,45-49,28208,0
NJ,2023,asian,non-hisp,m,50-54,30089,0
NJ,2023,asian,non-hisp,f,50-54,30089,0
NJ,2023,asian,non-hisp,m,55-59,31499,0
NJ,2023,asian,non-hisp,f,55-59,31499,0
NJ,2023,asian,non-hisp,m,60-64,30089,0
NJ,2023,asian,non-hisp,f,60-64,30089,0
NJ,2023,asian,non-hisp,m,65-69,25388,0
NJ,2023,asian,non-hisp,f,65-69,25388,0
NJ,2023,asian,non-hisp,m,70-74,21156,0
NJ,2023,asian,non-hisp,f,70-74,21156,0
NJ,2023,asian,non-hisp,m,75-79,15044,0
NJ,2023,asian,non-hisp,f,75-79,15044,0
NJ,2023,asian,non-hisp,m,80-84,7522,0
NJ,2023,asian,non-hisp,f,80-84,11283,0
NJ,2023,asian,non-hisp,m,85+,7898,0
NJ,2023,asian,non-hisp,f,85+,11848,0
NJ,2023,other,non-hisp,m,0-4,12358,0
NJ,2023,other,non-hisp,f,0-4,12358,0
NJ,2023,other,non-hisp,m,5-9,12784,0
NJ,2023,other,non-hisp,f,5-9,12784,0
NJ,2023,other,non-hisp,m,10-14,13636,0
NJ,2023,other,non-hisp,f,10-14,13636,0
NJ,2023,other,non-hisp,m,15-19,13636,0
NJ,2023,other,non-hisp,f,15-19,13636,0
NJ,2023,other,non-hisp,m,20-24,14062,0
NJ,2023,other,non-hisp,f,20-24,14062,0
NJ,2023,other,non-hisp,m,25-29,14914,0
NJ,2023,other,non-hisp,f,25-29,14914,0
NJ,2023,other,non-hisp,m,30-34,14914,0
NJ,2023,other,non-hisp,f,30-34,14914,0
NJ,2023,other,non-hisp,m,35-39,14488,0
NJ,2023,other,non-hisp,f,35-39,14488,0
NJ,2023,other,non-hisp,m,40-44,13423,0
NJ,2023,other,non-hisp,f,40-44,13423,0
NJ,2023,other,non-hisp,m,45-49,12784,0
NJ,2023,other,non-hisp,f,45-49,12784,0
NJ,2023,other,non-hisp,m,50-54,13636,0
NJ,2023,other,non-hisp,f,50-54,13636,0
NJ,2023,other,non-hisp,m,55-59,14275,0
NJ,2023,other,non-hisp,f,55-59,14275,0
NJ,2023,other,non-hisp,m,60-64,13636,0
NJ,2023,other,non-hisp,f,60-64,13636,0
NJ,2023,other,non-hisp,m,65-69,11505,0
NJ,2023,other,non-hisp,f,65-69,11505,0
NJ,2023,other,non-hisp,m,70-74,9588,0
NJ,2023,other,non-hisp,f,70-74,9588,0
NJ,2023,other,non-hisp,m,75-79,6818,0
NJ,2023,other,non-hisp,f,75-79,6818,0
NJ,2023,other,non-hisp,m,80-84,3409,0
NJ,2023,other,non-hisp,f,80-84,5114,0
NJ,2023,other,non-hisp,m,85+,3579,0
NJ,2023,other,non-hisp,f,85+,5369,0
NJ,2023,white,hisp,m,0-4,7684,0
NJ,2023,white,hisp,f,0-4,7684,0
NJ,2023,white,hisp,m,5-9,7949,0
NJ,2023,white,hisp,f,5-9,7949,0
NJ,2023,white,hisp,m,10-14,8479,0
NJ,2023,white,hisp,f,10-14,8479,0
NJ,2023,white,hisp,m,15-19,8479,0
NJ,2023,white,hisp,f,15-19,8479,0
NJ,2023,white,hisp,m,20-24,8744,0
NJ,2023,white,hisp,f,20-24,8744,0
NJ,2023,white,hisp,m,25-29,9274,0
NJ,2023,white,hisp,f,25-29,9274,0
NJ,2023,white,hisp,m,30-34,9274,0
NJ,2023,white,hisp,f,30-34,9274,0
NJ,2023,white,hisp,m,35-39,9009,0
NJ,2023,white,hisp,f,35-39,9009,0
NJ,2023,white,hisp,m,40-44,8347,0
NJ,2023,white,hisp,f,40-44,8347,0
NJ,2023,white,hisp,m,45-49,7949,0
NJ,2023,white,hisp,f,45-49,7949,0
NJ,2023,white,hisp,m,50-54,8479,0
NJ,2023,white,hisp,f,50-54,8479,0
NJ,2023,white,hisp,m,55-59,8877,0
NJ,2023,white,hisp,f,55-59,8877,0
NJ,2023,white,hisp,m,60-64,8479,0
NJ,2023,white,hisp,f,60-64,8479,0
NJ,2023,white,hisp,m,65-69,7155,0
NJ,2023,white,hisp,f,65-69,7155,0
NJ,2023,white,hisp,m,70-74,5962,0
NJ,2023,white,hisp,f,70-74,5962,0
NJ,2023,white,hisp,m,75-79,4240,0
NJ,2023,white,hisp,f,75-79,4240,0
NJ,2023,white,hisp,m,80-84,2120,0
NJ,2023,white,hisp,f,80-84,3180,0
NJ,2023,white,hisp,m,85+,2226,0
NJ,2023,white,hisp,f,85+,3339,0
NJ,2023,black,hisp,m,0-4,1709,0
NJ,2023,black,hisp,f,0-4,1709,0
NJ,2023,black,hisp,m,5-9,1768,0
NJ,2023,black,hisp,f,5-9,1768,0
NJ,2023,black,hisp,m,10-14,1886,0
NJ,2023,black,hisp,f,10-14,1886,0
NJ,2023,black,hisp,m,15-19,1886,0
NJ,2023,black,hisp,f,15-19,1886,0
NJ,2023,black,hisp,m,20-24,1944,0
NJ,2023,black,hisp,f,20-24,1944,0
NJ,2023,black,hisp,m,25-29,2062,0
NJ,2023,black,hisp,f,25-29,2062,0
NJ,2023,black,hisp,m,30-34,2062,0
NJ,2023,black,hisp,f,30-34,2062,0
NJ,2023,black,hisp,m,35-39,2003,0
NJ,2023,black,hisp,f,35-39,2003,0
NJ,2023,black,hisp,m,40-44,1856,0
NJ,2023,black,hisp,f,40-44,1856,0
NJ,2023,black,hisp,m,45-49,1768,0
NJ,2023,black,hisp,f,45-49,1768,0
NJ,2023,black,hisp,m,50-54,1886,0
NJ,2023,black,hisp,f,50-54,1886,0
NJ,2023,black,hisp,m,55-59,1974,0
NJ,2023,black,hisp,f,55-59,1974,0
NJ,2023,black,hisp,m,60-64,1886,0
NJ,2023,black,hisp,f,60-64,1886,0
NJ,2023,black,hisp,m,65-69,1591,0
NJ,2023,black,hisp,f,65-69,1591,0
NJ,2023,black,hisp,m,70-74,1326,0
NJ,2023,black,hisp,f,70-74,1326,0
NJ,2023,black,hisp,m,75-79,943,0
NJ,2023,black,hisp,f,75-79,943,0
NJ,2023,black,hisp,m,80-84,471,0
NJ,2023,black,hisp,f,80-84,707,0
NJ,2023,black,hisp,m,85+,495,0
NJ,2023,black,hisp,f,85+,742,0
NJ,2023,asian,hisp,m,0-4,249,0
NJ,2023,asian,hisp,f,0-4,249,0
NJ,2023,asian,hisp,m,5-9,257,0
NJ,2023,asian,hisp,f,5-9,257,0
NJ,2023,asian,hisp,m,10-14,275,0
NJ,2023,asian,hisp,f,10-14,275,0
NJ,2023,asian,hisp,m,15-19,275,0
NJ,2023,asian,hisp,f,15-19,275,0
NJ,2023,asian,hisp,m,20-24,283,0
NJ,2023,asian,hisp,f,20-24,283,0
NJ,2023,asian,hisp,m,25-29,300,0
NJ,2023,asian,hisp,f,25-29,300,0
NJ,2023,asian,hisp,m,30-34,300,0
NJ,2023,asian,hisp,f,30-34,300,0
NJ,2023,asian,hisp,m,35-39,292,0
NJ,2023,asian,hisp,f,35-39,292,0
NJ,2023,asian,hisp,m,40-44,270,0
NJ,2023,asian,hisp,f,40-44,270,0
NJ,2023,asian,hisp,m,45-49,257,0
NJ,2023,asian,hisp,f,45-49,257,0
NJ,2023,asian,hisp,m,50-54,275,0
NJ,2023,asian,hisp,f,50-54,275,0
NJ,2023,asian,hisp,m,55-59,287,0
NJ,2023,asian,hisp,f,55-59,287,0
NJ,2023,asian,hisp,m,60-64,275,0
NJ,2023,asian,hisp,f,60-64,275,0
NJ,2023,asian,hisp,m,65-69,232,0
NJ,2023,asian,hisp,f,65-69,232,0
NJ,2023,asian,hisp,m,70-74,193,0
NJ,2023,asian,hisp,f,70-74,193,0
NJ,2023,asian,hisp,m,75-79,137,0
NJ,2023,asian,hisp,f,75-79,137,0
NJ,2023,asian,hisp,m,80-84,69,0
NJ,2023,asian,hisp,f,80-84,103,0
NJ,2023,asian,hisp,m,85+,72,0
NJ,2023,asian,hisp,f,85+,108,0
NJ,2023,other,hisp,m,0-4,51413,0
NJ,2023,other,hisp,f,0-4,51413,0
NJ,2023,other,hisp,m,5-9,53186,0
NJ,2023,other,hisp,f,5-9,53186,0
NJ,2023,other,hisp,m,10-14,56732,0
NJ,2023,other,hisp,f,10-14,56732,0
NJ,2023,other,hisp,m,15-19,56732,0
NJ,2023,other,hisp,f,15-19,56732,0
NJ,2023,other,hisp,m,20-24,58504,0
NJ,2023,other,hisp,f,20-24,58504,0
NJ,2023,other,hisp,m,25-29,62050,0
NJ,2023,other,hisp,f,25-29,62050,0
NJ,2023,other,hisp,m,30-34,62050,0
NJ,2023,other,hisp,f,30-34,62050,0
NJ,2023,other,hisp,m,35-39,60277,0
NJ,2023,other,hisp,f,35-39,60277,0
NJ,2023,other,hisp,m,40-44,55845,0
NJ,2023,other,hisp,f,40-44,55845,0
NJ,2023,other,hisp,m,45-49,53186,0
NJ,2023,other,hisp,f,45-49,53186,0
NJ,2023,other,hisp,m,50-54,56732,0
NJ,2023,other,hisp,f,50-54,56732,0
NJ,2023,other,hisp,m,55-59,59391,0
NJ,2023,other,hisp,f,55-59,59391,0
NJ,2023,other,hisp,m,60-64,56732,0
NJ,2023,other,hisp,f,60-64,56732,0
NJ,2023,other,hisp,m,65-69,47867,0
NJ,2023,other,hisp,f,65-69,47867,0
NJ,2023,other,hisp,m,70-74,39889,0
NJ,2023,other,hisp,f,70-74,39889,0
NJ,2023,other,hisp,m,75-79,28366,0
NJ,2023,other,hisp,f,75-79,28366,0
NJ,2023,other,hisp,m,80-84,14183,0
NJ,2023,other,hisp,f,80-84,21274,0
NJ,2023,other,hisp,m,85+,14892,0
NJ,2023,other,hisp,f,85+,22338,0
NM,2023,white,non-hisp,m,0-4,22033,0
NM,2023,white,non-hisp,f,0-4,22033,0
NM,2023,white,non-hisp,m,5-9,22792,0
NM,2023,white,non-hisp,f,5-9,22792,0
NM,2023,white,non-hisp,m,10-14,24312,0
NM,2023,white,non-hisp,f,10-14,24312,0
NM,2023,white,non-hisp,m,15-19,24312,0
NM,2023,white,non-hisp,f,15-19,24312,0
NM,2023,white,non-hisp,m,20-24,25072,0
NM,2023,white,non-hisp,f,20-24,25072,0
NM,2023,white,non-hisp,m,25-29,26591,0
NM,2023,white,non-hisp,f,25-29,26591,0
NM,2023,white,non-hisp,m,30-34,26591,0
NM,2023,white,non-hisp,f,30-34,26591,0
NM,2023,white,non-hisp,m,35-39,25831,0
NM,2023,white,non-hisp,f,35-39,25831,0
NM,2023,white,non-hisp,m,40-44,23932,0
NM,2023,white,non-hisp,f,40-44,23932,0
NM,2023,white,non-hisp,m,45-49,22792,0
NM,2023,white,non-hisp,f,45-49,22792,0
NM,2023,white,non-hisp,m,50-54,24312,0
NM,2023,white,non-hisp,f,50-54,24312,0
NM,2023,white,non-hisp,m,55-59,25451,0
NM,2023,white,non-hisp,f,55-59,25451,0
NM,2023,white,non-hisp,m,60-64,24312,0
NM,2023,white,non-hisp,f,60-64,24312,0
NM,2023,white,non-hisp,m,65-69,20513,0
NM,2023,white,non-hisp,f,65-69,20513,0
NM,2023,white,non-hisp,m,70-74,17094,0
NM,2023,white,non-hisp,f,70-74,17094,0
NM,2023,white,non-hisp,m,75-79,12156,0
NM,2023,white,non-hisp,f,75-79,12156,0
NM,2023,white,non-hisp,m,80-84,6078,0
NM,2023,white,non-hisp,f,80-84,9117,0
NM,2023,white,non-hisp,m,85+,6382,0
NM,2023,white,non-hisp,f,85+,9573,0
NM,2023,black,non-hisp,m,0-4,1073,0
NM,2023,black,non-hisp,f,0-4,1073,0
NM,2023,black,non-hisp,m,5-9,1110,0
NM,2023,black,non-hisp,f,5-9,1110,0
NM,2023,black,non-hisp,m,10-14,1184,0
NM,2023,black,non-hisp,f,10-14,1184,0
NM,2023,black,non-hisp,m,15-19,1184,0
NM,2023,black,non-hisp,f,15-19,1184,0
NM,2023,black,non-hisp,m,20-24,1221,0
NM,2023,black,non-hisp,f,20-24,1221,0
NM,2023,black,non-hisp,m,25-29,1295,0
NM,2023,black,non-hisp,f,25-29,1295,0
NM,2023,black,non-hisp,m,30-34,1295,0
NM,2023,black,non-hisp,f,30-34,1295,0
NM,2023,black,non-hisp,m,35-39,1258,0
NM,2023,black,non-hisp,f,35-39,1258,0
NM,2023,black,non-hisp,m,40-44,1165,0
NM,2023,black,non-hisp,f,40-44,1165,0
NM,2023,black,non-hisp,m,45-49,1110,0
NM,2023,black,non-hisp,f,45-49,1110,0
NM,2023,black,non-hisp,m,50-54,1184,0
NM,2023,black,non-hisp,f,50-54,1184,0
NM,2023,black,non-hisp,m,55-59,1239,0
NM,2023,black,non-hisp,f,55-59,1239,0
NM,2023,black,non-hisp,m,60-64,1184,0
NM,2023,black,non-hisp,f,60-64,1184,0
NM,2023,black,non-hisp,m,65-69,999,0
NM,2023,black,non-hisp,f,65-69,999,0
NM,2023,black,non-hisp,m,70-74,832,0
NM,2023,black,non-hisp,f,70-74,832,0
NM,2023,black,non-hisp,m,75-79,592,0
NM,2023,black,non-hisp,f,75-79,592,0
NM,2023,black,non-hisp,m,80-84,296,0
NM,2023,black,non-hisp,f,80-84,444,0
NM,2023,black,non-hisp,m,85+,311,0
NM,2023,black,non-hisp,f,85+,466,0
NM,2023,asian,non-hisp,m,0-4,1042,0
NM,2023,asian,non-hisp,f,0-4,1042,0
NM,2023,asian,non-hisp,m,5-9,1078,0
NM,2023,asian,non-hisp,f,5-9,1078,0
NM,2023,asian,non-hisp,m,10-14,1150,0
NM,2023,asian,non-hisp,f,10-14,1150,0
NM,2023,asian,non-hisp,m,15-19,1150,0
NM,2023,asian,non-hisp,f,15-19,1150,0
NM,2023,asian,non-hisp,m,20-24,1185,0
NM,2023,asian,non-hisp,f,20-24,1185,0
NM,2023,asian,non-hisp,m,25-29,1257,0
NM,2023,asian,non-hisp,f,25-29,1257,0
NM,2023,asian,non-hisp,m,30-34,1257,0
NM,2023,asian,non-hisp,f,30-34,1257,0
NM,2023,asian,non-hisp,m,35-39,1221,0
NM,2023,asian,non-hisp,f,35-39,1221,0
NM,2023,asian,non-hisp,m,40-44,1132,0
NM,2023,asian,non-hisp,f,40-44,1132,0
NM,2023,asian,non-hisp,m,45-49,1078,0
NM,2023,asian,non-hisp,f,45-49,1078,0
NM,2023,asian,non-hisp,m,50-54,1150,0
NM,2023,asian,non-hisp,f,50-54,1150,0
NM,2023,asian,non-hisp,m,55-59,1203,0
NM,2023,asian,non-hisp,f,55-59,1203,0
NM,2023,asian,non-hisp,m,60-64,1150,0
NM,2023,asian,non-hisp,f,60-64,1150,0
NM,2023,asian,non-hisp,m,65-69,970,0
NM,2023,asian,non-hisp,f,65-69,970,0
NM,2023,asian,non-hisp,m,70-74,808,0
NM,2023,asian,non-hisp,f,70-74,808,0
NM,2023,asian,non-hisp,m,75-79,575,0
NM,2023,asian,non-hisp,f,75-79,575,0
NM,2023,asian,non-hisp,m,80-84,287,0
NM,2023,asian,non-hisp,f,80-84,431,0
NM,2023,asian,non-hisp,m,85+,302,0
NM,2023,asian,non-hisp,f,85+,453,0
NM,2023,other,non-hisp,m,0-4,7373,0
NM,2023,other,non-hisp,f,0-4,7373,0
NM,2023,other,non-hisp,m,5-9,7628,0
NM,2023,other,non-hisp,f,5-9,7628,0
NM,2023,other,non-hisp,m,10-14,8136,0
NM,2023,other,non-hisp,f,10-14,8136,0
NM,2023,other,non-hisp,m,15-19,8136,0
NM,2023,other,non-hisp,f,15-19,8136,0
NM,2023,other,non-hisp,m,20-24,8390,0
NM,2023,other,non-hisp,f,20-24,8390,0
NM,2023,other,non-hisp,m,25-29,8899,0
NM,2023,other,non-hisp,f,25-29,8899,0
NM,2023,other,non-hisp,m,30-34,8899,0
NM,2023,other,non-hisp,f,30-34,8899,0
NM,2023,other,non-hisp,m,35-39,8645,0
NM,2023,other,non-hisp,f,35-39,8645,0
NM,2023,other,non-hisp,m,40-44,8009,0
NM,2023,other,non-hisp,f,40-44,8009,0
NM,2023,other,non-hisp,m,45-49,7628,0
NM,2023,other,non-hisp,f,45-49,7628,0
NM,2023,other,non-hisp,m,50-54,8136,0
NM,2023,other,non-hisp,f,50-54,8136,0
NM,2023,other,non-hisp,m,55-59,8517,0
NM,2023,other,non-hisp,f,55-59,8517,0
NM,2023,other,non-hisp,m,60-64,8136,0
NM,2023,other,non-hisp,f,60-64,8136,0
NM,2023,other,non-hisp,m,65-69,6865,0
NM,2023,other,non-hisp,f,65-69,6865,0
NM,2023,other,non-hisp,m,70-74,5721,0
NM,2023,other,non-hisp,f,70-74,5721,0
NM,2023,other,non-hisp,m,75-79,4068,0
NM,2023,other,non-hisp,f,75-79,4068,0
NM,2023,other,non-hisp,m,80-84,2034,0
NM,2023,other,non-hisp,f,80-84,3051,0
NM,2023,other,non-hisp,m,85+,2136,0
NM,2023,other,non-hisp,f,85+,3204,0
NM,2023,white,hisp,m,0-4,7103,0
NM,2023,white,hisp,f,0-4,7103,0
NM,2023,white,hisp,m,5-9,7348,0
NM,2023,white,hisp,f,5-9,7348,0
NM,2023,white,hisp,m,10-14,7838,0
NM,2023,white,hisp,f,10-14,7838,0
NM,2023,white,hisp,m,15-19,7838,0
NM,2023,white,hisp,f,15-19,7838,0
NM,2023,white,hisp,m,20-24,8083,0
NM,2023,white,hisp,f,20-24,8083,0
NM,2023,white,hisp,m,25-29,8572,0
NM,2023,white,hisp,f,25-29,8572,0
NM,2023,white,hisp,m,30-34,8572,0
NM,2023,white,hisp,f,30-34,8572,0
NM,2023,white,hisp,m,35-39,8328,0
NM,2023,white,hisp,f,35-39,8328,0
NM,2023,white,hisp,m,40-44,7715,0
NM,2023,white,hisp,f,40-44,7715,0
NM,2023,white,hisp,m,45-49,7348,0
NM,2023,white,hisp,f,45-49,7348,0
NM,2023,white,hisp,m,50-54,7838,0
NM,2023,white,hisp,f,50-54,7838,0
NM,2023,white,hisp,m,55-59,8205,0
NM,2023,white,hisp,f,55-59,8205,0
NM,2023,white,hisp,m,60-64,7838,0
NM,2023,white,hisp,f,60-64,7838,0
NM,2023,white,hisp,m,65-69,6613,0
NM,2023,white,hisp,f,65-69,6613,0
NM,2023,white,hisp,m,70-74,5511,0
NM,2023,white,hisp,f,70-74,5511,0
NM,2023,white,hisp,m,75-79,3919,0
NM,2023,white,hisp,f,75-79,3919,0
NM,2023,white,hisp,m,80-84,1959,0
NM,2023,white,hisp,f,80-84,2939,0
NM,2023,white,hisp,m,85+,2057,0
NM,2023,white,hisp,f,85+,3086,0
NM,2023,black,hisp,m,0-4,156,0
NM,2023,black,hisp,f,0-4,156,0
NM,2023,black,hisp,m,5-9,162,0
NM,2023,black,hisp,f,5-9,162,0
NM,2023,black,hisp,m,10-14,173,0
NM,2023,black,hisp,f,10-14,173,0
NM,2023,black,hisp,m,15-19,173,0
NM,2023,black,hisp,f,15-19,173,0
NM,2023,black,hisp,m,20-24,178,0
NM,2023,black,hisp,f,20-24,178,0
NM,2023,black,hisp,m,25-29,189,0
NM,2023,black,hisp,f,25-29,189,0
NM,2023,black,hisp,m,30-34,189,0
NM,2023,black,hisp,f,30-34,189,0
NM,2023,black,hisp,m,35-39,183,0
NM,2023,black,hisp,f,35-39,183,0
NM,2023,black,hisp,m,40-44,170,0
NM,2023,black,hisp,f,40-44,170,0
NM,2023,black,hisp,m,45-49,162,0
NM,2023,black,hisp,f,45-49,162,0
NM,2023,black,hisp,m,50-54,173,0
NM,2023,black,hisp,f,50-54,173,0
NM,2023,black,hisp,m,55-59,181,0
NM,2023,black,hisp,f,55-59,181,0
NM,2023,black,hisp,m,60-64,173,0
NM,2023,black,hisp,f,60-64,173,0
NM,2023,black,hisp,m,65-69,146,0
NM,2023,black,hisp,f,65-69,146,0
NM,2023,black,hisp,m,70-74,121,0
NM,2023,black,hisp,f,70-74,121,0
NM,2023,black,hisp,m,75-79,86,0
NM,2023,black,hisp,f,75-79,86,0
NM,2023,black,hisp,m,80-84,43,0
NM,2023,black,hisp,f,80-84,65,0
NM,2023,black,hisp,m,85+,45,0
NM,2023,black,hisp,f,85+,68,0
NM,2023,asian,hisp,m,0-4,81,0
NM,2023,asian,hisp,f,0-4,81,0
NM,2023,asian,hisp,m,5-9,84,0
NM,2023,asian,hisp,f,5-9,84,0
NM,2023,asian,hisp,m,10-14,89,0
NM,2023,asian,hisp,f,10-14,89,0
NM,2023,asian,hisp,m,15-19,89,0
NM,2023,asian,hisp,f,15-19,89,0
NM,2023,asian,hisp,m,20-24,92,0
NM,2023,asian,hisp,f,20-24,92,0
NM,2023,asian,hisp,m,25-29,98,0
NM,2023,asian,hisp,f,25-29,98,0
NM,2023,asian,hisp,m,30-34,98,0
NM,2023,asian,hisp,f,30-34,98,0
NM,2023,asian,hisp,m,35-39,95,0
NM,2023,asian,hisp,f,35-39,95,0
NM,2023,asian,hisp,m,40-44,88,0
NM,2023,asian,hisp,f,40-44,88,0
NM,2023,asian,hisp,m,45-49,84,0
NM,2023,asian,hisp,f,45-49,84,0
NM,2023,asian,hisp,m,50-54,89,0
NM,2023,asian,hisp,f,50-54,89,0
NM,2023,asian,hisp,m,55-59,94,0
NM,2023,asian,hisp,f,55-59,94,0
NM,2023,asian,hisp,m,60-64,89,0
NM,2023,asian,hisp,f,60-64,89,0
NM,2023,asian,hisp,m,65-69,75,0
NM,2023,asian,hisp,f,65-69,75,0
NM,2023,asian,hisp,m,70-74,63,0
NM,2023,asian,hisp,f,70-74,63,0
NM,2023,asian,hisp,m,75-79,45,0
NM,2023,asian,hisp,f,75-79,45,0
NM,2023,asian,hisp,m,80-84,22,0
NM,2023,asian,hisp,f,80-84,34,0
NM,2023,asian,hisp,m,85+,23,0
NM,2023,asian,hisp,f,85+,35,0
NM,2023,other,hisp,m,0-4,22456,0
NM,2023,other,hisp,f,0-4,22456,0
NM,2023,other,hisp,m,5-9,23230,0
NM,2023,other,hisp,f,5-9,23230,0
NM,2023,other,hisp,m,10-14,24779,0
NM,2023,other,hisp,f,10-14,24779,0
NM,2023,other,hisp,m,15-19,24779,0
NM,2023,other,hisp,f,15-19,24779,0
NM,2023,other,hisp,m,20-24,25553,0
NM,2023,other,hisp,f,20-24,25553,0
NM,2023,other,hisp,m,25-29,27102,0
NM,2023,other,hisp,f,25-29,27102,0
NM,2023,other,hisp,m,30-34,27102,0
NM,2023,other,hisp,f,30-34,27102,0
NM,2023,other,hisp,m,35-39,26328,0
NM,2023,other,hisp,f,35-39,26328,0
NM,2023,other,hisp,m,40-44,24392,0
NM,2023,other,hisp,f,40-44,24392,0
NM,2023,other,hisp,m,45-49,23230,0
NM,2023,other,hisp,f,45-49,23230,0
NM,2023,other,hisp,m,50-54,24779,0
NM,2023,other,hisp,f,50-54,24779,0
NM,2023,other,hisp,m,55-59,25941,0
NM,2023,other,hisp,f,55-59,25941,0
NM,2023,other,hisp,m,60-64,24779,0
NM,2023,other,hisp,f,60-64,24779,0
NM,2023,other,hisp,m,65-69,20907,0
NM,2023,other,hisp,f,65-69,20907,0
NM,2023,other,hisp,m,70-74,17423,0
NM,2023,other,hisp,f,70-74,17423,0
NM,2023,other,hisp,m,75-79,12390,0
NM,2023,other,hisp,f,75-79,12390,0
NM,2023,other,hisp,m,80-84,6195,0
NM,2023,other,hisp,f,80-84,9292,0
NM,2023,other,hisp,m,85+,6504,0
NM,2023,other,hisp,f,85+,9757,0
NY,2023,white,non-hisp,m,0-4,299395,0
NY,2023,white,non-hisp,f,0-4,299395,0
NY,2023,white,non-hisp,m,5-9,309719,0
NY,2023,white,non-hisp,f,5-9,309719,0
NY,2023,white,non-hisp,m,10-14,330367,0
NY,2023,white,non-hisp,f,10-14,330367,0
NY,2023,white,non-hisp,m,15-19,330367,0
NY,2023,white,non-hisp,f,15-19,330367,0
NY,2023,white,non-hisp,m,20-24,340691,0
NY,2023,white,non-hisp,f,20-24,340691,0
NY,2023,white,non-hisp,m,25-29,361339,0
NY,2023,white,non-hisp,f,25-29,361339,0
NY,2023,white,non-hisp,m,30-34,361339,0
NY,2023,white,non-hisp,f,30-34,361339,0
NY,2023,white,non-hisp,m,35-39,351015,0
NY,2023,white,non-hisp,f,35-39,351015,0
NY,2023,white,non-hisp,m,40-44,325205,0
NY,2023,white,non-hisp,f,40-44,325205,0
NY,2023,white,non-hisp,m,45-49,309719,0
NY,2023,white,non-hisp,f,45-49,309719,0
NY,2023,white,non-hisp,m,50-54,330367,0
NY,2023,white,non-hisp,f,50-54,330367,0
NY,2023,white,non-hisp,m,55-59,345853,0
NY,2023,white,non-hisp,f,55-59,345853,0
NY,2023,white,non-hisp,m,60-64,330367,0
NY,2023,white,non-hisp,f,60-64,330367,0
NY,2023,white,non-hisp,m,65-69,278747,0
NY,2023,white,non-hisp,f,65-69,278747,0
NY,2023,white,non-hisp,m,70-74,232289,0
NY,2023,white,non-hisp,f,70-74,232289,0
NY,2023,white,non-hisp,m,75-79,165184,0
NY,2023,white,non-hisp,f,75-79,165184,0
NY,2023,white,non-hisp,m,80-84,82592,0
NY,2023,white,non-hisp,f,80-84,123888,0
NY,2023,white,non-hisp,m,85+,86721,0
NY,2023,white,non-hisp,f,85+,130082,0
NY,2023,black,non-hisp,m,0-4,75673,0
NY,2023,black,non-hisp,f,0-4,75673,0
NY,2023,black,non-hisp,m,5-9,78283,0
NY,2023,black,non-hisp,f,5-9,78283,0
NY,2023,black,non-hisp,m,10-14,83502,0
NY,2023,black,non-hisp,f,10-14,83502,0
NY,2023,black,non-hisp,m,15-19,83502,0
NY,2023,black,non-hisp,f,15-19,83502,0
NY,2023,black,non-hisp,m,20-24,86111,0
NY,2023,black,non-hisp,f,20-24,86111,0
NY,2023,black,non-hisp,m,25-29,91330,0
NY,2023,black,non-hisp,f,25-29,91330,0
NY,2023,black,non-hisp,m,30-34,91330,0
NY,2023,black,non-hisp,f,30-34,91330,0
NY,2023,black,non-hisp,m,35-39,88721,0
NY,2023,black,non-hisp,f,35-39,88721,0
NY,2023,black,non-hisp,m,40-44,82197,0
NY,2023,black,non-hisp,f,40-44,82197,0
NY,2023,black,non-hisp,m,45-49,78283,0
NY,2023,black,non-hisp,f,45-49,78283,0
NY,2023,black,non-hisp,m,50-54,83502,0
NY,2023,black,non-hisp,f,50-54,83502,0
NY,2023,black,non-hisp,m,55-59,87416,0
NY,2023,black,non-hisp,f,55-59,87416,0
NY,2023,black,non-hisp,m,60-64,83502,0
NY,2023,black,non-hisp,f,60-64,83502,0
NY,2023,black,non-hisp,m,65-69,70455,0
NY,2023,black,non-hisp,f,65-69,70455,0
NY,2023,black,non-hisp,m,70-74,58712,0
NY,2023,black,non-hisp,f,70-74,58712,0
NY,2023,black,non-hisp,m,75-79,41751,0
NY,2023,black,non-hisp,f,75-79,41751,0
NY,2023,black,non-hisp,m,80-84,20875,0
NY,2023,black,non-hisp,f,80-84,31313,0
NY,2023,black,non-hisp,m,85+,21919,0
NY,2023,black,non-hisp,f,85+,32879,0
NY,2023,asian,non-hisp,m,0-4,51313,0
NY,2023,asian,non-hisp,f,0-4,51313,0
NY,2023,asian,non-hisp,m,5-9,53082,0
NY,2023,asian,non-hisp,f,5-9,53082,0
NY,2023,asian,non-hisp,m,10-14,56621,0
NY,2023,asian,non-hisp,f,10-14,56621,0
NY,2023,asian,non-hisp,m,15-19,56621,0
NY,2023,asian,non-hisp,f,15-19,56621,0
NY,2023,asian,non-hisp,m,20-24,58391,0
NY,2023,asian,non-hisp,f,20-24,58391,0
NY,2023,asian,non-hisp,m,25-29,61929,0
NY,2023,asian,non-hisp,f,25-29,61929,0
NY,2023,asian,non-hisp,m,30-34,61929,0
NY,2023,asian,non-hisp,f,30-34,61929,0
NY,2023,asian,non-hisp,m,35-39,60160,0
NY,2023,asian,non-hisp,f,35-39,60160,0
NY,2023,asian,non-hisp,m,40-44,55737,0
NY,2023,asian,non-hisp,f,40-44,55737,0
NY,2023,asian,non-hisp,m,45-49,53082,0
NY,2023,asian,non-hisp,f,45-49,53082,0
NY,2023,asian,non-hisp,m,50-54,56621,0
NY,2023,asian,non-hisp,f,50-54,56621,0
NY,2023,asian,non-hisp,m,55-59,59275,0
NY,2023,asian,non-hisp,f,55-59,59275,0
NY,2023,asian,non-hisp,m,60-64,56621,0
NY,2023,asian,non-hisp,f,60-64,56621,0
NY,2023,asian,non-hisp,m,65-69,47774,0
NY,2023,asian,non-hisp,f,65-69,47774,0
NY,2023,asian,non-hisp,m,70-74,39812,0
NY,2023,asian,non-hisp,f,70-74,39812,0
NY,2023,asian,non-hisp,m,75-79,28311,0
NY,2023,asian,non-hisp,f,75-79,28311,0
NY,2023,asian,non-hisp,m,80-84,14155,0
NY,2023,asian,non-hisp,f,80-84,21233,0
NY,2023,asian,non-hisp,m,85+,14863,0
NY,2023,asian,non-hisp,f,85+,22295,0
NY,2023,other,non-hisp,m,0-4,28891,0
NY,2023,other,non-hisp,f,0-4,28891,0
NY,2023,other,non-hisp,m,5-9,29888,0
NY,2023,other,non-hisp,f,5-9,29888,0
NY,2023,other,non-hisp,m,10-14,31880,0
NY,2023,other,non-hisp,f,10-14,31880,0
NY,2023,other,non-hisp,m,15-19,31880,0
NY,2023,other,non-hisp,f,15-19,31880,0
NY,2023,other,non-hisp,m,20-24,32876,0
NY,2023,other,non-hisp,f,20-24,32876,0
NY,2023,other,non-hisp,m,25-29,34869,0
NY,2023,other,non-hisp,f,25-29,34869,0
NY,2023,other,non-hisp,m,30-34,34869,0
NY,2023,other,non-hisp,f,30-34,34869,0
NY,2023,other,non-hisp,m,35-39,33873,0
NY,2023,other,non-hisp,f,35-39,33873,0
NY,2023,other,non-hisp,m,40-44,31382,0
NY,2023,other,non-hisp,f,40-44,31382,0
NY,2023,other,non-hisp,m,45-49,29888,0
NY,2023,other,non-hisp,f,45-49,29888,0
NY,2023,other,non-hisp,m,50-54,31880,0
NY,2023,other,non-hisp,f,50-54,31880,0
NY,2023,other,non-hisp,m,55-59,33374,0
NY,2023,other,non-hisp,f,55-59,33374,0
NY,2023,other,non-hisp,m,60-64,31880,0
NY,2023,other,non-hisp,f,60-64,31880,0
NY,2023,other,non-hisp,m,65-69,26899,0
NY,2023,other,non-hisp,f,65-69,26899,0
NY,2023,other,non-hisp,m,70-74,22416,0
NY,2023,other,non-hisp,f,70-74,22416,0
NY,2023,other,non-hisp,m,75-79,15940,0
NY,2023,other,non-hisp,f,75-79,15940,0
NY,2023,other,non-hisp,m,80-84,7970,0
NY,2023,other,non-hisp,f,80-84,11955,0
NY,2023,other,non-hisp,m,85+,8369,0
NY,2023,other,non-hisp,f,85+,12553,0
NY,2023,white,hisp,m,0-4,13254,0
NY,2023,white,hisp,f,0-4,13254,0
NY,2023,white,hisp,m,5-9,13711,0
NY,2023,white,hisp,f,5-9,13711,0
NY,2023,white,hisp,m,10-14,14625,0
NY,2023,white,hisp,f,10-14,14625,0
NY,2023,white,hisp,m,15-19,14625,0
NY,2023,white,hisp,f,15-19,14625,0
NY,2023,white,hisp,m,20-24,15082,0
NY,2023,white,hisp,f,20-24,15082,0
NY,2023,white,hisp,m,25-29,15996,0
NY,2023,white,hisp,f,25-29,15996,0
NY,2023,white,hisp,m,30-34,15996,0
NY,2023,white,hisp,f,30-34,15996,0
NY,2023,white,hisp,m,35-39,15539,0
NY,2023,white,hisp,f,35-39,15539,0
NY,2023,white,hisp,m,40-44,14396,0
NY,2023,white,hisp,f,40-44,14396,0
NY,2023,white,hisp,m,45-49,13711,0
NY,2023,white,hisp,f,45-49,13711,0
NY,2023,white,hisp,m,50-54,14625,0
NY,2023,white,hisp,f,50-54,14625,0
NY,2023,white,hisp,m,55-59,15310,0
NY,2023,white,hisp,f,55-59,15310,0
NY,2023,white,hisp,m,60-64,14625,0
NY,2023,white,hisp,f,60-64,14625,0
NY,2023,white,hisp,m,65-69,12340,0
NY,2023,white,hisp,f,65-69,12340,0
NY,2023,white,hisp,m,70-74,10283,0
NY,2023,white,hisp,f,70-74,10283,0
NY,2023,white,hisp,m,75-79,7312,0
NY,2023,white,hisp,f,75-79,7312,0
NY,2023,white,hisp,m,80-84,3656,0
NY,2023,white,hisp,f,80-84,5484,0
NY,2023,white,hisp,m,85+,3839,0
NY,2023,white,hisp,f,85+,5759,0
NY,2023,black,hisp,m,0-4,5571,0
NY,2023,black,hisp,f,0-4,5571,0
NY,2023,black,hisp,m,5-9,5763,0
NY,2023,black,hisp,f,5-9,5763,0
NY,2023,black,hisp,m,10-14,6147,0
NY,2023,black,hisp,f,10-14,6147,0
NY,2023,black,hisp,m,15-19,6147,0
NY,2023,black,hisp,f,15-19,6147,0
NY,2023,black,hisp,m,20-24,6340,0
NY,2023,black,hisp,f,20-24,6340,0
NY,2023,black,hisp,m,25-29,6724,0
NY,2023,black,hisp,f,25-29,6724,0
NY,2023,black,hisp,m,30-34,6724,0
NY,2023,black,hisp,f,30-34,6724,0
NY,2023,black,hisp,m,35-39,6532,0
NY,2023,black,hisp,f,35-39,6532,0
NY,2023,black,hisp,m,40-44,6051,0
NY,2023,black,hisp,f,40-44,6051,0
NY,2023,black,hisp,m,45-49,5763,0
NY,2023,black,hisp,f,45-49,5763,0
NY,2023,black,hisp,m,50-54,6147,0
NY,2023,black,hisp,f,50-54,6147,0
NY,2023,black,hisp,m,55-59,6436,0
NY,2023,black,hisp,f,55-59,6436,0
NY,2023,black,hisp,m,60-64,6147,0
NY,2023,black,hisp,f,60-64,6147,0
NY,2023,black,hisp,m,65-69,5187,0
NY,2023,black,hisp,f,65-69,5187,0
NY,2023,black,hisp,m,70-74,4322,0
NY,2023,black,hisp,f,70-74,4322,0
NY,2023,black,hisp,m,75-79,3074,0
NY,2023,black,hisp,f,75-79,3074,0
NY,2023,black,hisp,m,80-84,1537,0
NY,2023,black,hisp,f,80-84,2305,0
NY,2023,black,hisp,m,85+,1614,0
NY,2023,black,hisp,f,85+,2421,0
NY,2023,asian,hisp,m,0-4,471,0
NY,2023,asian,hisp,f,0-4,471,0
NY,2023,asian,hisp,m,5-9,487,0
NY,2023,asian,hisp,f,5-9,487,0
NY,2023,asian,hisp,m,10-14,519,0
NY,2023,asian,hisp,f,10-14,519,0
NY,2023,asian,hisp,m,15-19,519,0
NY,2023,asian,hisp,f,15-19,519,0
NY,2023,asian,hisp,m,20-24,536,0
NY,2023,asian,hisp,f,20-24,536,0
NY,2023,asian,hisp,m,25-29,568,0
NY,2023,asian,hisp,f,25-29,568,0
NY,2023,asian,hisp,m,30-34,568,0
NY,2023,asian,hisp,f,30-34,568,0
NY,2023,asian,hisp,m,35-39,552,0
NY,2023,asian,hisp,f,35-39,552,0
NY,2023,asian,hisp,m,40-44,511,0
NY,2023,asian,hisp,f,40-44,511,0
NY,2023,asian,hisp,m,45-49,487,0
NY,2023,asian,hisp,f,45-49,487,0
NY,2023,asian,hisp,m,50-54,519,0
NY,2023,asian,hisp,f,50-54,519,0
NY,2023,asian,hisp,m,55-59,544,0
NY,2023,asian,hisp,f,55-59,544,0
NY,2023,asian,hisp,m,60-64,519,0
NY,2023,asian,hisp,f,60-64,519,0
NY,2023,asian,hisp,m,65-69,438,0
NY,2023,asian,hisp,f,65-69,438,0
NY,2023,asian,hisp,m,70-74,365,0
NY,2023,asian,hisp,f,70-74,365,0
NY,2023,asian,hisp,m,75-79,260,0
NY,2023,asian,hisp,f,75-79,260,0
NY,2023,asian,hisp,m,80-84,130,0
NY,2023,asian,hisp,f,80-84,195,0
NY,2023,asian,hisp,m,85+,136,0
NY,2023,asian,hisp,f,85+,204,0
NY,2023,other,hisp,m,0-4,92997,0
NY,2023,other,hisp,f,0-4,92997,0
NY,2023,other,hisp,m,5-9,96203,0
NY,2023,other,hisp,f,5-9,96203,0
NY,2023,other,hisp,m,10-14,102617,0
NY,2023,other,hisp,f,10-14,102617,0
NY,2023,other,hisp,m,15-19,102617,0
NY,2023,other,hisp,f,15-19,102617,0
NY,2023,other,hisp,m,20-24,105824,0
NY,2023,other,hisp,f,20-24,105824,0
NY,2023,other,hisp,m,25-29,112237,0
NY,2023,other,hisp,f,25-29,112237,0
NY,2023,other,hisp,m,30-34,112237,0
NY,2023,other,hisp,f,30-34,112237,0
NY,2023,other,hisp,m,35-39,109031,0
NY,2023,other,hisp,f,35-39,109031,0
NY,2023,other,hisp,m,40-44,101014,0
NY,2023,other,hisp,f,40-44,101014,0
NY,2023,other,hisp,m,45-49,96203,0
NY,2023,other,hisp,f,45-49,96203,0
NY,2023,other,hisp,m,50-54,102617,0
NY,2023,other,hisp,f,50-54,102617,0
NY,2023,other,hisp,m,55-59,107427,0
NY,2023,other,hisp,f,55-59,107427,0
NY,2023,other,hisp,m,60-64,102617,0
NY,2023,other,hisp,f,60-64,102617,0
NY,2023,other,hisp,m,65-69,86583,0
NY,2023,other,hisp,f,65-69,86583,0
NY,2023,other,hisp,m,70-74,72153,0
NY,2023,other,hisp,f,70-74,72153,0
NY,2023,other,hisp,m,75-79,51308,0
NY,2023,other,hisp,f,75-79,51308,0
NY,2023,other,hisp,m,80-84,25654,0
NY,2023,other,hisp,f,80-84,38481,0
NY,2023,other,hisp,m,85+,26937,0
NY,2023,other,hisp,f,85+,40405,0
NC,2023,white,non-hisp,m,0-4,187757,0
NC,2023,white,non-hisp,f,0-4,187757,0
NC,2023,white,non-hisp,m,5-9,194231,0
NC,2023,white,non-hisp,f,5-9,194231,0
NC,2023,white,non-hisp,m,10-14,207180,0
NC,2023,white,non-hisp,f,10-14,207180,0
NC,2023,white,non-hisp,m,15-19,207180,0
NC,2023,white,non-hisp,f,15-19,207180,0
NC,2023,white,non-hisp,m,20-24,213654,0
NC,2023,white,non-hisp,f,20-24,213654,0
NC,2023,white,non-hisp,m,25-29,226603,0
NC,2023,white,non-hisp,f,25-29,226603,0
NC,2023,white,non-hisp,m,30-34,226603,0
NC,2023,white,non-hisp,f,30-34,226603,0
NC,2023,white,non-hisp,m,35-39,220129,0
NC,2023,white,non-hisp,f,35-39,220129,0
NC,2023,white,non-hisp,m,40-44,203943,0
NC,2023,white,non-hisp,f,40-44,203943,0
NC,2023,white,non-hisp,m,45-49,194231,0
NC,2023,white,non-hisp,f,45-49,194231,0
NC,2023,white,non-hisp,m,50-54,207180,0
NC,2023,white,non-hisp,f,50-54,207180,0
NC,2023,white,non-hisp,m,55-59,216892,0
NC,2023,white,non-hisp,f,55-59,216892,0
NC,2023,white,non-hisp,m,60-64,207180,0
NC,2023,white,non-hisp,f,60-64,207180,0
NC,2023,white,non-hisp,m,65-69,174808,0
NC,2023,white,non-hisp,f,65-69,174808,0
NC,2023,white,non-hisp,m,70-74,145674,0
NC,2023,white,non-hisp,f,70-74,145674,0
NC,2023,white,non-hisp,m,75-79,103590,0
NC,2023,white,non-hisp,f,75-79,103590,0
NC,2023,white,non-hisp,m,80-84,51795,0
NC,2023,white,non-hisp,f,80-84,77693,0
NC,2023,white,non-hisp,m,85+,54385,0
NC,2023,white,non-hisp,f,85+,81577,0
NC,2023,black,non-hisp,m,0-4,62433,0
NC,2023,black,non-hisp,f,0-4,62433,0
NC,2023,black,non-hisp,m,5-9,64586,0
NC,2023,black,non-hisp,f,5-9,64586,0
NC,2023,black,non-hisp,m,10-14,68892,0
NC,2023,black,non-hisp,f,10-14,68892,0
NC,2023,black,non-hisp,m,15-19,68892,0
NC,2023,black,non-hisp,f,15-19,68892,0
NC,2023,black,non-hisp,m,20-24,71045,0
NC,2023,black,non-hisp,f,20-24,71045,0
NC,2023,black,non-hisp,m,25-29,75350,0
NC,2023,black,non-hisp,f,25-29,75350,0
NC,2023,black,non-hisp,m,30-34,75350,0
NC,2023,black,non-hisp,f,30-34,75350,0
NC,2023,black,non-hisp,m,35-39,73197,0
NC,2023,black,non-hisp,f,35-39,73197,0
NC,2023,black,non-hisp,m,40-44,67815,0
NC,2023,black,non-hisp,f,40-44,67815,0
NC,2023,black,non-hisp,m,45-49,64586,0
NC,2023,black,non-hisp,f,45-49,64586,0
NC,2023,black,non-hisp,m,50-54,68892,0
NC,2023,black,non-hisp,f,50-54,68892,0
NC,2023,black,non-hisp,m,55-59,72121,0
NC,2023,black,non-hisp,f,55-59,72121,0
NC,2023,black,non-hisp,m,60-64,68892,0
NC,2023,black,non-hisp,f,60-64,68892,0
NC,2023,black,non-hisp,m,65-69,58127,0
NC,2023,black,non-hisp,f,65-69,58127,0
NC,2023,black,non-hisp,m,70-74,48439,0
NC,2023,black,non-hisp,f,70-74,48439,0
NC,2023,black,non-hisp,m,75-79,34446,0
NC,2023,black,non-hisp,f,75-79,34446,0
NC,2023,black,non-hisp,m,80-84,17223,0
NC,2023,black,non-hisp,f,80-84,25834,0
NC,2023,black,non-hisp,m,85+,18084,0
NC,2023,black,non-hisp,f,85+,27126,0
NC,2023,asian,non-hisp,m,0-4,10369,0
NC,2023,asian,non-hisp,f,0-4,10369,0
NC,2023,asian,non-hisp,m,5-9,10727,0
NC,2023,asian,non-hisp,f,5-9,10727,0
NC,2023,asian,non-hisp,m,10-14,11442,0
NC,2023,asian,non-hisp,f,10-14,11442,0
NC,2023,asian,non-hisp,m,15-19,11442,0
NC,2023,asian,non-hisp,f,15-19,11442,0
NC,2023,asian,non-hisp,m,20-24,11799,0
NC,2023,asian,non-hisp,f,20-24,11799,0
NC,2023,asian,non-hisp,m,25-29,12514,0
NC,2023,asian,non-hisp,f,25-29,12514,0
NC,2023,asian,non-hisp,m,30-34,12514,0
NC,2023,asian,non-hisp,f,30-34,12514,0
NC,2023,asian,non-hisp,m,35-39,12157,0
NC,2023,asian,non-hisp,f,35-39,12157,0
NC,2023,asian,non-hisp,m,40-44,11263,0
NC,2023,asian,non-hisp,f,40-44,11263,0
NC,2023,asian,non-hisp,m,45-49,10727,0
NC,2023,asian,non-hisp,f,45-49,10727,0
NC,2023,asian,non-hisp,m,50-54,11442,0
NC,2023,asian,non-hisp,f,50-54,11442,0
NC,2023,asian,non-hisp,m,55-59,11978,0
NC,2023,asian,non-hisp,f,55-59,11978,0
NC,2023,asian,non-hisp,m,60-64,11442,0
NC,2023,asian,non-hisp,f,60-64,11442,0
NC,2023,asian,non-hisp,m,65-69,9654,0
NC,2023,asian,non-hisp,f,65-69,9654,0
NC,2023,asian,non-hisp,m,70-74,8045,0
NC,2023,asian,non-hisp,f,70-74,8045,0
NC,2023,asian,non-hisp,m,75-79,5721,0
NC,2023,asian,non-hisp,f,75-79,5721,0
NC,2023,asian,non-hisp,m,80-84,2860,0
NC,2023,asian,non-hisp,f,80-84,4291,0
NC,2023,asian,non-hisp,m,85+,3003,0
NC,2023,asian,non-hisp,f,85+,4505,0
NC,2023,other,non-hisp,m,0-4,17801,0
NC,2023,other,non-hisp,f,0-4,17801,0
NC,2023,other,non-hisp,m,5-9,18415,0
NC,2023,other,non-hisp,f,5-9,18415,0
NC,2023,other,non-hisp,m,10-14,19642,0
NC,2023,other,non-hisp,f,10-14,19642,0
NC,2023,other,non-hisp,m,15-19,19642,0
NC,2023,other,non-hisp,f,15-19,19642,0
NC,2023,other,non-hisp,m,20-24,20256,0
NC,2023,other,non-hisp,f,20-24,20256,0
NC,2023,other,non-hisp,m,25-29,21484,0
NC,2023,other,non-hisp,f,25-29,21484,0
NC,2023,other,non-hisp,m,30-34,21484,0
NC,2023,other,non-hisp,f,30-34,21484,0
NC,2023,other,non-hisp,m,35-39,20870,0
NC,2023,other,non-hisp,f,35-39,20870,0
NC,2023,other,non-hisp,m,40-44,19335,0
NC,2023,other,non-hisp,f,40-44,19335,0
NC,2023,other,non-hisp,m,45-49,18415,0
NC,2023,other,non-hisp,f,45-49,18415,0
NC,2023,other,non-hisp,m,50-54,19642,0
NC,2023,other,non-hisp,f,50-54,19642,0
NC,2023,other,non-hisp,m,55-59,20563,0
NC,2023,other,non-hisp,f,55-59,20563,0
NC,2023,other,non-hisp,m,60-64,19642,0
NC,2023,other,non-hisp,f,60-64,19642,0
NC,2023,other,non-hisp,m,65-69,16573,0
NC,2023,other,non-hisp,f,65-69,16573,0
NC,2023,other,non-hisp,m,70-74,13811,0
NC,2023,other,non-hisp,f,70-74,13811,0
NC,2023,other,non-hisp,m,75-79,9821,0
NC,2023,other,non-hisp,f,75-79,9821,0
NC,2023,other,non-hisp,m,80-84,4911,0
NC,2023,other,non-hisp,f,80-84,7366,0
NC,2023,other,non-hisp,m,85+,5156,0
NC,2023,other,non-hisp,f,85+,7734,0
NC,2023,white,hisp,m,0-4,5089,0
NC,2023,white,hisp,f,0-4,5089,0
NC,2023,white,hisp,m,5-9,5265,0
NC,2023,white,hisp,f,5-9,5265,0
NC,2023,white,hisp,m,10-14,5616,0
NC,2023,white,hisp,f,10-14,5616,0
NC,2023,white,hisp,m,15-19,5616,0
NC,2023,white,hisp,f,15-19,5616,0
NC,2023,white,hisp,m,20-24,5791,0
NC,2023,white,hisp,f,20-24,5791,0
NC,2023,white,hisp,m,25-29,6142,0
NC,2023,white,hisp,f,25-29,6142,0
NC,2023,white,hisp,m,30-34,6142,0
NC,2023,white,hisp,f,30-34,6142,0
NC,2023,white,hisp,m,35-39,5967,0
NC,2023,white,hisp,f,35-39,5967,0
NC,2023,white,hisp,m,40-44,5528,0
NC,2023,white,hisp,f,40-44,5528,0
NC,2023,white,hisp,m,45-49,5265,0
NC,2023,white,hisp,f,45-49,5265,0
NC,2023,white,hisp,m,50-54,5616,0
NC,2023,white,hisp,f,50-54,5616,0
NC,2023,white,hisp,m,55-59,5879,0
NC,2023,white,hisp,f,55-59,5879,0
NC,2023,white,hisp,m,60-64,5616,0
NC,2023,white,hisp,f,60-64,5616,0
NC,2023,white,hisp,m,65-69,4738,0
NC,2023,white,hisp,f,65-69,4738,0
NC,2023,white,hisp,m,70-74,3948,0
NC,2023,white,hisp,f,70-74,3948,0
NC,2023,white,hisp,m,75-79,2808,0
NC,2023,white,hisp,f,75-79,2808,0
NC,2023,white,hisp,m,80-84,1404,0
NC,2023,white,hisp,f,80-84,2106,0
NC,2023,white,hisp,m,85+,1474,0
NC,2023,white,hisp,f,85+,2211,0
NC,2023,black,hisp,m,0-4,874,0
NC,2023,black,hisp,f,0-4,874,0
NC,2023,black,hisp,m,5-9,904,0
NC,2023,black,hisp,f,5-9,904,0
NC,2023,black,hisp,m,10-14,964,0
NC,2023,black,hisp,f,10-14,964,0
NC,2023,black,hisp,m,15-19,964,0
NC,2023,black,hisp,f,15-19,964,0
NC,2023,black,hisp,m,20-24,995,0
NC,2023,black,hisp,f,20-24,995,0
NC,2023,black,hisp,m,25-29,1055,0
NC,2023,black,hisp,f,25-29,1055,0
NC,2023,black,hisp,m,30-34,1055,0
NC,2023,black,hisp,f,30-34,1055,0
NC,2023,black,hisp,m,35-39,1025,0
NC,2023,black,hisp,f,35-39,1025,0
NC,2023,black,hisp,m,40-44,949,0
NC,2023,black,hisp,f,40-44,949,0
NC,2023,black,hisp,m,45-49,904,0
NC,2023,black,hisp,f,45-49,904,0
NC,2023,black,hisp,m,50-54,964,0
NC,2023,black,hisp,f,50-54,964,0
NC,2023,black,hisp,m,55-59,1010,0
NC,2023,black,hisp,f,55-59,1010,0
NC,2023,black,hisp,m,60-64,964,0
NC,2023,black,hisp,f,60-64,964,0
NC,2023,black,hisp,m,65-69,814,0
NC,2023,black,hisp,f,65-69,814,0
NC,2023,black,hisp,m,70-74,678,0
NC,2023,black,hisp,f,70-74,678,0
NC,2023,black,hisp,m,75-79,482,0
NC,2023,black,hisp,f,75-79,482,0
NC,2023,black,hisp,m,80-84,241,0
NC,2023,black,hisp,f,80-84,362,0
NC,2023,black,hisp,m,85+,253,0
NC,2023,black,hisp,f,85+,380,0
NC,2023,asian,hisp,m,0-4,107,0
NC,2023,asian,hisp,f,0-4,107,0
NC,2023,asian,hisp,m,5-9,110,0
NC,2023,asian,hisp,f,5-9,110,0
NC,2023,asian,hisp,m,10-14,118,0
NC,2023,asian,hisp,f,10-14,118,0
NC,2023,asian,hisp,m,15-19,118,0
NC,2023,asian,hisp,f,15-19,118,0
NC,2023,asian,hisp,m,20-24,122,0
NC,2023,asian,hisp,f,20-24,122,0
NC,2023,asian,hisp,m,25-29,129,0
NC,2023,asian,hisp,f,25-29,129,0
NC,2023,asian,hisp,m,30-34,129,0
NC,2023,asian,hisp,f,30-34,129,0
NC,2023,asian,hisp,m,35-39,125,0
NC,2023,asian,hisp,f,35-39,125,0
NC,2023,asian,hisp,m,40-44,116,0
NC,2023,asian,hisp,f,40-44,116,0
NC,2023,asian,hisp,m,45-49,110,0
NC,2023,asian,hisp,f,45-49,110,0
NC,2023,asian,hisp,m,50-54,118,0
NC,2023,asian,hisp,f,50-54,118,0
NC,2023,asian,hisp,m,55-59,123,0
NC,2023,asian,hisp,f,55-59,123,0
NC,2023,asian,hisp,m,60-64,118,0
NC,2023,asian,hisp,f,60-64,118,0
NC,2023,asian,hisp,m,65-69,99,0
NC,2023,asian,hisp,f,65-69,99,0
NC,2023,asian,hisp,m,70-74,83,0
NC,2023,asian,hisp,f,70-74,83,0
NC,2023,asian,hisp,m,75-79,59,0
NC,2023,asian,hisp,f,75-79,59,0
NC,2023,asian,hisp,m,80-84,29,0
NC,2023,asian,hisp,f,80-84,44,0
NC,2023,asian,hisp,m,85+,31,0
NC,2023,asian,hisp,f,85+,46,0
NC,2023,other,hisp,m,0-4,29799,0
NC,2023,other,hisp,f,0-4,29799,0
NC,2023,other,hisp,m,5-9,30827,0
NC,2023,other,hisp,f,5-9,30827,0
NC,2023,other,hisp,m,10-14,32882,0
NC,2023,other,hisp,f,10-14,32882,0
NC,2023,other,hisp,m,15-19,32882,0
NC,2023,other,hisp,f,15-19,32882,0
NC,2023,other,hisp,m,20-24,33910,0
NC,2023,other,hisp,f,20-24,33910,0
NC,2023,other,hisp,m,25-29,35965,0
NC,2023,other,hisp,f,25-29,35965,0
NC,2023,other,hisp,m,30-34,35965,0
NC,2023,other,hisp,f,30-34,35965,0
NC,2023,other,hisp,m,35-39,34937,0
NC,2023,other,hisp,f,35-39,34937,0
NC,2023,other,hisp,m,40-44,32368,0
NC,2023,other,hisp,f,40-44,32368,0
NC,2023,other,hisp,m,45-49,30827,0
NC,2023,other,hisp,f,45-49,30827,0
NC,2023,other,hisp,m,50-54,32882,0
NC,2023,other,hisp,f,50-54,32882,0
NC,2023,other,hisp,m,55-59,34423,0
NC,2023,other,hisp,f,55-59,34423,0
NC,2023,other,hisp,m,60-64,32882,0
NC,2023,other,hisp,f,60-64,32882,0
NC,2023,other,hisp,m,65-69,27744,0
NC,2023,other,hisp,f,65-69,27744,0
NC,2023,other,hisp,m,70-74,23120,0
NC,2023,other,hisp,f,70-74,23120,0
NC,2023,other,hisp,m,75-79,16441,0
NC,2023,other,hisp,f,75-79,16441,0
NC,2023,other,hisp,m,80-84,8221,0
NC,2023,other,hisp,f,80-84,12331,0
NC,2023,other,hisp,m,85+,8632,0
NC,2023,other,hisp,f,85+,12947,0
ND,2023,white,non-hisp,m,0-4,18520,0
ND,2023,white,non-hisp,f,0-4,18520,0
ND,2023,white,non-hisp,m,5-9,19158,0
ND,2023,white,non-hisp,f,5-9,19158,0
ND,2023,white,non-hisp,m,10-14,20436,0
ND,2023,white,non-hisp,f,10-14,20436,0
ND,2023,white,non-hisp,m,15-19,20436,0
ND,2023,white,non-hisp,f,15-19,20436,0
ND,2023,white,non-hisp,m,20-24,21074,0
ND,2023,white,non-hisp,f,20-24,21074,0
ND,2023,white,non-hisp,m,25-29,22351,0
ND,2023,white,non-hisp,f,25-29,22351,0
ND,2023,white,non-hisp,m,30-34,22351,0
ND,2023,white,non-hisp,f,30-34,22351,0
ND,2023,white,non-hisp,m,35-39,21713,0
ND,2023,white,non-hisp,f,35-39,21713,0
ND,2023,white,non-hisp,m,40-44,20116,0
ND,2023,white,non-hisp,f,40-44,20116,0
ND,2023,white,non-hisp,m,45-49,19158,0
ND,2023,white,non-hisp,f,45-49,19158,0
ND,2023,white,non-hisp,m,50-54,20436,0
ND,2023,white,non-hisp,f,50-54,20436,0
ND,2023,white,non-hisp,m,55-59,21394,0
ND,2023,white,non-hisp,f,55-59,21394,0
ND,2023,white,non-hisp,m,60-64,20436,0
ND,2023,white,non-hisp,f,60-64,20436,0
ND,2023,white,non-hisp,m,65-69,17243,0
ND,2023,white,non-hisp,f,65-69,17243,0
ND,2023,white,non-hisp,m,70-74,14369,0
ND,2023,white,non-hisp,f,70-74,14369,0
ND,2023,white,non-hisp,m,75-79,10218,0
ND,2023,white,non-hisp,f,75-79,10218,0
ND,2023,white,non-hisp,m,80-84,5109,0
ND,2023,white,non-hisp,f,80-84,7663,0
ND,2023,white,non-hisp,m,85+,5364,0
ND,2023,white,non-hisp,f,85+,8047,0
ND,2023,black,non-hisp,m,0-4,679,0
ND,2023,black,non-hisp,f,0-4,679,0
ND,2023,black,non-hisp,m,5-9,702,0
ND,2023,black,non-hisp,f,5-9,702,0
ND,2023,black,non-hisp,m,10-14,749,0
ND,2023,black,non-hisp,f,10-14,749,0
ND,2023,black,non-hisp,m,15-19,749,0
ND,2023,black,non-hisp,f,15-19,749,0
ND,2023,black,non-hisp,m,20-24,772,0
ND,2023,black,non-hisp,f,20-24,772,0
ND,2023,black,non-hisp,m,25-29,819,0
ND,2023,black,non-hisp,f,25-29,819,0
ND,2023,black,non-hisp,m,30-34,819,0
ND,2023,black,non-hisp,f,30-34,819,0
ND,2023,black,non-hisp,m,35-39,796,0
ND,2023,black,non-hisp,f,35-39,796,0
ND,2023,black,non-hisp,m,40-44,737,0
ND,2023,black,non-hisp,f,40-44,737,0
ND,2023,black,non-hisp,m,45-49,702,0
ND,2023,black,non-hisp,f,45-49,702,0
ND,2023,black,non-hisp,m,50-54,749,0
ND,2023,black,non-hisp,f,50-54,749,0
ND,2023,black,non-hisp,m,55-59,784,0
ND,2023,black,non-hisp,f,55-59,784,0
ND,2023,black,non-hisp,m,60-64,749,0
ND,2023,black,non-hisp,f,60-64,749,0
ND,2023,black,non-hisp,m,65-69,632,0
ND,2023,black,non-hisp,f,65-69,632,0
ND,2023,black,non-hisp,m,70-74,527,0
ND,2023,black,non-hisp,f,70-74,527,0
ND,2023,black,non-hisp,m,75-79,374,0
ND,2023,black,non-hisp,f,75-79,374,0
ND,2023,black,non-hisp,m,80-84,187,0
ND,2023,black,non-hisp,f,80-84,281,0
ND,2023,black,non-hisp,m,85+,197,0
ND,2023,black,non-hisp,f,85+,295,0
ND,2023,asian,non-hisp,m,0-4,333,0
ND,2023,asian,non-hisp,f,0-4,333,0
ND,2023,asian,non-hisp,m,5-9,345,0
ND,2023,asian,non-hisp,f,5-9,345,0
ND,2023,asian,non-hisp,m,10-14,368,0
ND,2023,asian,non-hisp,f,10-14,368,0
ND,2023,asian,non-hisp,m,15-19,368,0
ND,2023,asian,non-hisp,f,15-19,368,0
ND,2023,asian,non-hisp,m,20-24,379,0
ND,2023,asian,non-hisp,f,20-24,379,0
ND,2023,asian,non-hisp,m,25-29,402,0
ND,2023,asian,non-hisp,f,25-29,402,0
ND,2023,asian,non-hisp,m,30-34,402,0
ND,2023,asian,non-hisp,f,30-34,402,0
ND,2023,asian,non-hisp,m,35-39,390,0
ND,2023,asian,non-hisp,f,35-39,390,0
ND,2023,asian,non-hisp,m,40-44,362,0
ND,2023,asian,non-hisp,f,40-44,362,0
ND,2023,asian,non-hisp,m,45-49,345,0
ND,2023,asian,non-hisp,f,45-49,345,0
ND,2023,asian,non-hisp,m,50-54,368,0
ND,2023,asian,non-hisp,f,50-54,368,0
ND,2023,asian,non-hisp,m,55-59,385,0
ND,2023,asian,non-hisp,f,55-59,385,0
ND,2023,asian,non-hisp,m,60-64,368,0
ND,2023,asian,non-hisp,f,60-64,368,0
ND,2023,asian,non-hisp,m,65-69,310,0
ND,2023,asian,non-hisp,f,65-69,310,0
ND,2023,asian,non-hisp,m,70-74,258,0
ND,2023,asian,non-hisp,f,70-74,258,0
ND,2023,asian,non-hisp,m,75-79,184,0
ND,2023,asian,non-hisp,f,75-79,184,0
ND,2023,asian,non-hisp,m,80-84,92,0
ND,2023,asian,non-hisp,f,80-84,138,0
ND,2023,asian,non-hisp,m,85+,96,0
ND,2023,asian,non-hisp,f,85+,145,0
ND,2023,other,non-hisp,m,0-4,2094,0
ND,2023,other,non-hisp,f,0-4,2094,0
ND,2023,other,non-hisp,m,5-9,2166,0
ND,2023,other,non-hisp,f,5-9,2166,0
ND,2023,other,non-hisp,m,10-14,2310,0
ND,2023,other,non-hisp,f,10-14,2310,0
ND,2023,other,non-hisp,m,15-19,2310,0
ND,2023,other,non-hisp,f,15-19,2310,0
ND,2023,other,non-hisp,m,20-24,2382,0
ND,2023,other,non-hisp,f,20-24,2382,0
ND,2023,other,non-hisp,m,25-29,2527,0
ND,2023,other,non-hisp,f,25-29,2527,0
ND,2023,other,non-hisp,m,30-34,2527,0
ND,2023,other,non-hisp,f,30-34,2527,0
ND,2023,other,non-hisp,m,35-39,2455,0
ND,2023,other,non-hisp,f,35-39,2455,0
ND,2023,other,non-hisp,m,40-44,2274,0
ND,2023,other,non-hisp,f,40-44,2274,0
ND,2023,other,non-hisp,m,45-49,2166,0
ND,2023,other,non-hisp,f,45-49,2166,0
ND,2023,other,non-hisp,m,50-54,2310,0
ND,2023,other,non-hisp,f,50-54,2310,0
ND,2023,other,non-hisp,m,55-59,2419,0
ND,2023,other,non-hisp,f,55-59,2419,0
ND,2023,other,non-hisp,m,60-64,2310,0
ND,2023,other,non-hisp,f,60-64,2310,0
ND,2023,other,non-hisp,m,65-69,1949,0
ND,2023,other,non-hisp,f,65-69,1949,0
ND,2023,other,non-hisp,m,70-74,1624,0
ND,2023,other,non-hisp,f,70-74,1624,0
ND,2023,other,non-hisp,m,75-79,1155,0
ND,2023,other,non-hisp,f,75-79,1155,0
ND,2023,other,non-hisp,m,80-84,578,0
ND,2023,other,non-hisp,f,80-84,866,0
ND,2023,other,non-hisp,m,85+,606,0
ND,2023,other,non-hisp,f,85+,910,0
ND,2023,white,hisp,m,0-4,245,0
ND,2023,white,hisp,f,0-4,245,0
ND,2023,white,hisp,m,5-9,253,0
ND,2023,white,hisp,f,5-9,253,0
ND,2023,white,hisp,m,10-14,270,0
ND,2023,white,hisp,f,10-14,270,0
ND,2023,white,hisp,m,15-19,270,0
ND,2023,white,hisp,f,15-19,270,0
ND,2023,white,hisp,m,20-24,279,0
ND,2023,white,hisp,f,20-24,279,0
ND,2023,white,hisp,m,25-29,296,0
ND,2023,white,hisp,f,25-29,296,0
ND,2023,white,hisp,m,30-34,296,0
ND,2023,white,hisp,f,30-34,296,0
ND,2023,white,hisp,m,35-39,287,0
ND,2023,white,hisp,f,35-39,287,0
ND,2023,white,hisp,m,40-44,266,0
ND,2023,white,hisp,f,40-44,266,0
ND,2023,white,hisp,m,45-49,253,0
ND,2023,white,hisp,f,45-49,253,0
ND,2023,white,hisp,m,50-54,270,0
ND,2023,white,hisp,f,50-54,270,0
ND,2023,white,hisp,m,55-59,283,0
ND,2023,white,hisp,f,55-59,283,0
ND,2023,white,hisp,m,60-64,270,0
ND,2023,white,hisp,f,60-64,270,0
ND,2023,white,hisp,m,65-69,228,0
ND,2023,white,hisp,f,65-69,228,0
ND,2023,white,hisp,m,70-74,190,0
ND,2023,white,hisp,f,70-74,190,0
ND,2023,white,hisp,m,75-79,135,0
ND,2023,white,hisp,f,75-79,135,0
ND,2023,white,hisp,m,80-84,68,0
ND,2023,white,hisp,f,80-84,101,0
ND,2023,white,hisp,m,85+,71,0
ND,2023,white,hisp,f,85+,106,0
ND,2023,black,hisp,m,0-4,31,0
ND,2023,black,hisp,f,0-4,31,0
ND,2023,black,hisp,m,5-9,32,0
ND,2023,black,hisp,f,5-9,32,0
ND,2023,black,hisp,m,10-14,34,0
ND,2023,black,hisp,f,10-14,34,0
ND,2023,black,hisp,m,15-19,34,0
ND,2023,black,hisp,f,15-19,34,0
ND,2023,black,hisp,m,20-24,35,0
ND,2023,black,hisp,f,20-24,35,0
ND,2023,black,hisp,m,25-29,38,0
ND,2023,black,hisp,f,25-29,38,0
ND,2023,black,hisp,m,30-34,38,0
ND,2023,black,hisp,f,30-34,38,0
ND,2023,black,hisp,m,35-39,37,0
ND,2023,black,hisp,f,35-39,37,0
ND,2023,black,hisp,m,40-44,34,0
ND,2023,black,hisp,f,40-44,34,0
ND,2023,black,hisp,m,45-49,32,0
ND,2023,black,hisp,f,45-49,32,0
ND,2023,black,hisp,m,50-54,34,0
ND,2023,black,hisp,f,50-54,34,0
ND,2023,black,hisp,m,55-59,36,0
ND,2023,black,hisp,f,55-59,36,0
ND,2023,black,hisp,m,60-64,34,0
ND,2023,black,hisp,f,60-64,34,0
ND,2023,black,hisp,m,65-69,29,0
ND,2023,black,hisp,f,65-69,29,0
ND,2023,black,hisp,m,70-74,24,0
ND,2023,black,hisp,f,70-74,24,0
ND,2023,black,hisp,m,75-79,17,0
ND,2023,black,hisp,f,75-79,17,0
ND,2023,black,hisp,m,80-84,9,0
ND,2023,black,hisp,f,80-84,13,0
ND,2023,black,hisp,m,85+,9,0
ND,2023,black,hisp,f,85+,14,0
ND,2023,asian,hisp,m,0-4,10,0
ND,2023,asian,hisp,f,0-4,10,0
ND,2023,asian,hisp,m,5-9,10,0
ND,2023,asian,hisp,f,5-9,10,0
ND,2023,asian,hisp,m,10-14,11,0
ND,2023,asian,hisp,f,10-14,11,0
ND,2023,asian,hisp,m,15-19,11,0
ND,2023,asian,hisp,f,15-19,11,0
ND,2023,asian,hisp,m,20-24,11,0
ND,2023,asian,hisp,f,20-24,11,0
ND,2023,asian,hisp,m,25-29,12,0
ND,2023,asian,hisp,f,25-29,12,0
ND,2023,asian,hisp,m,30-34,12,0
ND,2023,asian,hisp,f,30-34,12,0
ND,2023,asian,hisp,m,35-39,11,0
ND,2023,asian,hisp,f,35-39,11,0
ND,2023,asian,hisp,m,40-44,10,0
ND,2023,asian,hisp,f,40-44,10,0
ND,2023,asian,hisp,m,45-49,10,0
ND,2023,asian,hisp,f,45-49,10,0
ND,2023,asian,hisp,m,50-54,11,0
ND,2023,asian,hisp,f,50-54,11,0
ND,2023,asian,hisp,m,55-59,11,0
ND,2023,asian,hisp,f,55-59,11,0
ND,2023,asian,hisp,m,60-64,11,0
ND,2023,asian,hisp,f,60-64,11,0
ND,2023,asian,hisp,m,65-69,9,0
ND,2023,asian,hisp,f,65-69,9,0
ND,2023,asian,hisp,m,70-74,7,0
ND,2023,asian,hisp,f,70-74,7,0
ND,2023,asian,hisp,m,75-79,5,0
ND,2023,asian,hisp,f,75-79,5,0
ND,2023,asian,hisp,m,80-84,3,0
ND,2023,asian,hisp,f,80-84,4,0
ND,2023,asian,hisp,m,85+,3,0
ND,2023,asian,hisp,f,85+,4,0
ND,2023,other,hisp,m,0-4,823,0
ND,2023,other,hisp,f,0-4,823,0
ND,2023,other,hisp,m,5-9,851,0
ND,2023,other,hisp,f,5-9,851,0
ND,2023,other,hisp,m,10-14,908,0
ND,2023,other,hisp,f,10-14,908,0
ND,2023,other,hisp,m,15-19,908,0
ND,2023,other,hisp,f,15-19,908,0
ND,2023,other,hisp,m,20-24,936,0
ND,2023,other,hisp,f,20-24,936,0
ND,2023,other,hisp,m,25-29,993,0
ND,2023,other,hisp,f,25-29,993,0
ND,2023,other,hisp,m,30-34,993,0
ND,2023,other,hisp,f,30-34,993,0
ND,2023,other,hisp,m,35-39,965,0
ND,2023,other,hisp,f,35-39,965,0
ND,2023,other,hisp,m,40-44,894,0
ND,2023,other,hisp,f,40-44,894,0
ND,2023,other,hisp,m,45-49,851,0
ND,2023,other,hisp,f,45-49,851,0
ND,2023,other,hisp,m,50-54,908,0
ND,2023,other,hisp,f,50-54,908,0
ND,2023,other,hisp,m,55-59,951,0
ND,2023,other,hisp,f,55-59,951,0
ND,2023,other,hisp,m,60-64,908,0
ND,2023,other,hisp,f,60-64,908,0
ND,2023,other,hisp,m,65-69,766,0
ND,2023,other,hisp,f,65-69,766,0
ND,2023,other,hisp,m,70-74,639,0
ND,2023,other,hisp,f,70-74,639,0
ND,2023,other,hisp,m,75-79,454,0
ND,2023,other,hisp,f,75-79,454,0
ND,2023,other,hisp,m,80-84,227,0
ND,2023,other,hisp,f,80-84,341,0
ND,2023,other,hisp,m,85+,238,0
ND,2023,other,hisp,f,85+,358,0
OH,2023,white,non-hisp,m,0-4,258418,0
OH,2023,white,non-hisp,f,0-4,258418,0
OH,2023,white,non-hisp,m,5-9,267329,0
OH,2023,white,non-hisp,f,5-9,267329,0
OH,2023,white,non-hisp,m,10-14,285151,0
OH,2023,white,non-hisp,f,10-14,285151,0
OH,2023,white,non-hisp,m,15-19,285151,0
OH,2023,white,non-hisp,f,15-19,285151,0
OH,2023,white,non-hisp,m,20-24,294062,0
OH,2023,white,non-hisp,f,20-24,294062,0
OH,2023,white,non-hisp,m,25-29,311884,0
OH,2023,white,non-hisp,f,25-29,311884,0
OH,2023,white,non-hisp,m,30-34,311884,0
OH,2023,white,non-hisp,f,30-34,311884,0
OH,2023,white,non-hisp,m,35-39,302973,0
OH,2023,white,non-hisp,f,35-39,302973,0
OH,2023,white,non-hisp,m,40-44,280695,0
OH,2023,white,non-hisp,f,40-44,280695,0
OH,2023,white,non-hisp,m,45-49,267329,0
OH,2023,white,non-hisp,f,45-49,267329,0
OH,2023,white,non-hisp,m,50-54,285151,0
OH,2023,white,non-hisp,f,50-54,285151,0
OH,2023,white,non-hisp,m,55-59,298517,0
OH,2023,white,non-hisp,f,55-59,298517,0
OH,2023,white,non-hisp,m,60-64,285151,0
OH,2023,white,non-hisp,f,60-64,285151,0
OH,2023,white,non-hisp,m,65-69,240596,0
OH,2023,white,non-hisp,f,65-69,240596,0
OH,2023,white,non-hisp,m,70-74,200497,0
OH,2023,white,non-hisp,f,70-74,200497,0
OH,2023,white,non-hisp,m,75-79,142575,0
OH,2023,white,non-hisp,f,75-79,142575,0
OH,2023,white,non-hisp,m,80-84,71288,0
OH,2023,white,non-hisp,f,80-84,106932,0
OH,2023,white,non-hisp,m,85+,74852,0
OH,2023,white,non-hisp,f,85+,112278,0
OH,2023,black,non-hisp,m,0-4,40295,0
OH,2023,black,non-hisp,f,0-4,40295,0
OH,2023,black,non-hisp,m,5-9,41684,0
OH,2023,black,non-hisp,f,5-9,41684,0
OH,2023,black,non-hisp,m,10-14,44463,0
OH,2023,black,non-hisp,f,10-14,44463,0
OH,2023,black,non-hisp,m,15-19,44463,0
OH,2023,black,non-hisp,f,15-19,44463,0
OH,2023,black,non-hisp,m,20-24,45852,0
OH,2023,black,non-hisp,f,20-24,45852,0
OH,2023,black,non-hisp,m,25-29,48631,0
OH,2023,black,non-hisp,f,25-29,48631,0
OH,2023,black,non-hisp,m,30-34,48631,0
OH,2023,black,non-hisp,f,30-34,48631,0
OH,2023,black,non-hisp,m,35-39,47242,0
OH,2023,black,non-hisp,f,35-39,47242,0
OH,2023,black,non-hisp,m,40-44,43768,0
OH,2023,black,non-hisp,f,40-44,43768,0
OH,2023,black,non-hisp,m,45-49,41684,0
OH,2023,black,non-hisp,f,45-49,41684,0
OH,2023,black,non-hisp,m,50-54,44463,0
OH,2023,black,non-hisp,f,50-54,44463,0
OH,2023,black,non-hisp,m,55-59,46547,0
OH,2023,black,non-hisp,f,55-59,46547,0
OH,2023,black,non-hisp,m,60-64,44463,0
OH,2023,black,non-hisp,f,60-64,44463,0
OH,2023,black,non-hisp,m,65-69,37516,0
OH,2023,black,non-hisp,f,65-69,37516,0
OH,2023,black,non-hisp,m,70-74,31263,0
OH,2023,black,non-hisp,f,70-74,31263,0
OH,2023,black,non-hisp,m,75-79,22231,0
OH,2023,black,non-hisp,f,75-79,22231,0
OH,2023,black,non-hisp,m,80-84,11116,0
OH,2023,black,non-hisp,f,80-84,16674,0
OH,2023,black,non-hisp,m,85+,11672,0
OH,2023,black,non-hisp,f,85+,17507,0
OH,2023,asian,non-hisp,m,0-4,8722,0
OH,2023,asian,non-hisp,f,0-4,8722,0
OH,2023,asian,non-hisp,m,5-9,9023,0
OH,2023,asian,non-hisp,f,5-9,9023,0
OH,2023,asian,non-hisp,m,10-14,9625,0
OH,2023,asian,non-hisp,f,10-14,9625,0
OH,2023,asian,non-hisp,m,15-19,9625,0
OH,2023,asian,non-hisp,f,15-19,9625,0
OH,2023,asian,non-hisp,m,20-24,9925,0
OH,2023,asian,non-hisp,f,20-24,9925,0
OH,2023,asian,non-hisp,m,25-29,10527,0
OH,2023,asian,non-hisp,f,25-29,10527,0
OH,2023,asian,non-hisp,m,30-34,10527,0
OH,2023,asian,non-hisp,f,30-34,10527,0
OH,2023,asian,non-hisp,m,35-39,10226,0
OH,2023,asian,non-hisp,f,35-39,10226,0
OH,2023,asian,non-hisp,m,40-44,9474,0
OH,2023,asian,non-hisp,f,40-44,9474,0
OH,2023,asian,non-hisp,m,45-49,9023,0
OH,2023,asian,non-hisp,f,45-49,9023,0
OH,2023,asian,non-hisp,m,50-54,9625,0
OH,2023,asian,non-hisp,f,50-54,9625,0
OH,2023,asian,non-hisp,m,55-59,10076,0
OH,2023,asian,non-hisp,f,55-59,10076,0
OH,2023,asian,non-hisp,m,60-64,9625,0
OH,2023,asian,non-hisp,f,60-64,9625,0
OH,2023,asian,non-hisp,m,65-69,8121,0
OH,2023,asian,non-hisp,f,65-69,8121,0
OH,2023,asian,non-hisp,m,70-74,6767,0
OH,2023,asian,non-hisp,f,70-74,6767,0
OH,2023,asian,non-hisp,m,75-79,4812,0
OH,2023,asian,non-hisp,f,75-79,4812,0
OH,2023,asian,non-hisp,m,80-84,2406,0
OH,2023,asian,non-hisp,f,80-84,3609,0
OH,2023,asian,non-hisp,m,85+,2526,0
OH,2023,asian,non-hisp,f,85+,3790,0
OH,2023,other,non-hisp,m,0-4,17936,0
OH,2023,other,non-hisp,f,0-4,17936,0
OH,2023,other,non-hisp,m,5-9,18555,0
OH,2023,other,non-hisp,f,5-9,18555,0
OH,2023,other,non-hisp,m,10-14,19792,0
OH,2023,other,non-hisp,f,10-14,19792,0
OH,2023,other,non-hisp,m,15-19,19792,0
OH,2023,other,non-hisp,f,15-19,19792,0
OH,2023,other,non-hisp,m,20-24,20410,0
OH,2023,other,non-hisp,f,20-24,20410,0
OH,2023,other,non-hisp,m,25-29,21648,0
OH,2023,other,non-hisp,f,25-29,21648,0
OH,2023,other,non-hisp,m,30-34,21648,0
OH,2023,other,non-hisp,f,30-34,21648,0
OH,2023,other,non-hisp,m,35-39,21029,0
OH,2023,other,non-hisp,f,35-39,21029,0
OH,2023,other,non-hisp,m,40-44,19483,0
OH,2023,other,non-hisp,f,40-44,19483,0
OH,2023,other,non-hisp,m,45-49,18555,0
OH,2023,other,non-hisp,f,45-49,18555,0
OH,2023,other,non-hisp,m,50-54,19792,0
OH,2023,other,non-hisp,f,50-54,19792,0
OH,2023,other,non-hisp,m,55-59,20720,0
OH,2023,other,non-hisp,f,55-59,20720,0
OH,2023,other,non-hisp,m,60-64,19792,0
OH,2023,other,non-hisp,f,60-64,19792,0
OH,2023,other,non-hisp,m,65-69,16700,0
OH,2023,other,non-hisp,f,65-69,16700,0
OH,2023,other,non-hisp,m,70-74,13916,0
OH,2023,other,non-hisp,f,70-74,13916,0
OH,2023,other,non-hisp,m,75-79,9896,0
OH,2023,other,non-hisp,f,75-79,9896,0
OH,2023,other,non-hisp,m,80-84,4948,0
OH,2023,other,non-hisp,f,80-84,7422,0
OH,2023,other,non-hisp,m,85+,5195,0
OH,2023,other,non-hisp,f,85+,7793,0
OH,2023,white,hisp,m,0-4,3444,0
OH,2023,white,hisp,f,0-4,3444,0
OH,2023,white,hisp,m,5-9,3563,0
OH,2023,white,hisp,f,5-9,3563,0
OH,2023,white,hisp,m,10-14,3800,0
OH,2023,white,hisp,f,10-14,3800,0
OH,2023,white,hisp,m,15-19,3800,0
OH,2023,white,hisp,f,15-19,3800,0
OH,2023,white,hisp,m,20-24,3919,0
OH,2023,white,hisp,f,20-24,3919,0
OH,2023,white,hisp,m,25-29,4157,0
OH,2023,white,hisp,f,25-29,4157,0
OH,2023,white,hisp,m,30-34,4157,0
OH,2023,white,hisp,f,30-34,4157,0
OH,2023,white,hisp,m,35-39,4038,0
OH,2023,white,hisp,f,35-39,4038,0
OH,2023,white,hisp,m,40-44,3741,0
OH,2023,white,hisp,f,40-44,3741,0
OH,2023,white,hisp,m,45-49,3563,0
OH,2023,white,hisp,f,45-49,3563,0
OH,2023,white,hisp,m,50-54,3800,0
OH,2023,white,hisp,f,50-54,3800,0
OH,2023,white,hisp,m,55-59,3978,0
OH,2023,white,hisp,f,55-59,3978,0
OH,2023,white,hisp,m,60-64,3800,0
OH,2023,white,hisp,f,60-64,3800,0
OH,2023,white,hisp,m,65-69,3207,0
OH,2023,white,hisp,f,65-69,3207,0
OH,2023,white,hisp,m,70-74,2672,0
OH,2023,white,hisp,f,70-74,2672,0
OH,2023,white,hisp,m,75-79,1900,0
OH,2023,white,hisp,f,75-79,1900,0
OH,2023,white,hisp,m,80-84,950,0
OH,2023,white,hisp,f,80-84,1425,0
OH,2023,white,hisp,m,85+,998,0
OH,2023,white,hisp,f,85+,1496,0
OH,2023,black,hisp,m,0-4,520,0
OH,2023,black,hisp,f,0-4,520,0
OH,2023,black,hisp,m,5-9,538,0
OH,2023,black,hisp,f,5-9,538,0
OH,2023,black,hisp,m,10-14,574,0
OH,2023,black,hisp,f,10-14,574,0
OH,2023,black,hisp,m,15-19,574,0
OH,2023,black,hisp,f,15-19,574,0
OH,2023,black,hisp,m,20-24,591,0
OH,2023,black,hisp,f,20-24,591,0
OH,2023,black,hisp,m,25-29,627,0
OH,2023,black,hisp,f,25-29,627,0
OH,2023,black,hisp,m,30-34,627,0
OH,2023,black,hisp,f,30-34,627,0
OH,2023,black,hisp,m,35-39,609,0
OH,2023,black,hisp,f,35-39,609,0
OH,2023,black,hisp,m,40-44,565,0
OH,2023,black,hisp,f,40-44,565,0
OH,2023,black,hisp,m,45-49,538,0
OH,2023,black,hisp,f,45-49,538,0
OH,2023,black,hisp,m,50-54,574,0
OH,2023,black,hisp,f,50-54,574,0
OH,2023,black,hisp,m,55-59,600,0
OH,2023,black,hisp,f,55-59,600,0
OH,2023,black,hisp,m,60-64,574,0
OH,2023,black,hisp,f,60-64,574,0
OH,2023,black,hisp,m,65-69,484,0
OH,2023,black,hisp,f,65-69,484,0
OH,2023,black,hisp,m,70-74,403,0
OH,2023,black,hisp,f,70-74,403,0
OH,2023,black,hisp,m,75-79,287,0
OH,2023,black,hisp,f,75-79,287,0
OH,2023,black,hisp,m,80-84,143,0
OH,2023,black,hisp,f,80-84,215,0
OH,2023,black,hisp,m,85+,151,0
OH,2023,black,hisp,f,85+,226,0
OH,2023,asian,hisp,m,0-4,58,0
OH,2023,asian,hisp,f,0-4,58,0
OH,2023,asian,hisp,m,5-9,60,0
OH,2023,asian,hisp,f,5-9,60,0
OH,2023,asian,hisp,m,10-14,64,0
OH,2023,asian,hisp,f,10-14,64,0
OH,2023,asian,hisp,m,15-19,64,0
OH,2023,asian,hisp,f,15-19,64,0
OH,2023,asian,hisp,m,20-24,66,0
OH,2023,asian,hisp,f,20-24,66,0
OH,2023,asian,hisp,m,25-29,70,0
OH,2023,asian,hisp,f,25-29,70,0
OH,2023,asian,hisp,m,30-34,70,0
OH,2023,asian,hisp,f,30-34,70,0
OH,2023,asian,hisp,m,35-39,68,0
OH,2023,asian,hisp,f,35-39,68,0
OH,2023,asian,hisp,m,40-44,63,0
OH,2023,asian,hisp,f,40-44,63,0
OH,2023,asian,hisp,m,45-49,60,0
OH,2023,asian,hisp,f,45-49,60,0
OH,2023,asian,hisp,m,50-54,64,0
OH,2023,asian,hisp,f,50-54,64,0
OH,2023,asian,hisp,m,55-59,67,0
OH,2023,asian,hisp,f,55-59,67,0
OH,2023,asian,hisp,m,60-64,64,0
OH,2023,asian,hisp,f,60-64,64,0
OH,2023,asian,hisp,m,65-69,54,0
OH,2023,asian,hisp,f,65-69,54,0
OH,2023,asian,hisp,m,70-74,45,0
OH,2023,asian,hisp,f,70-74,45,0
OH,2023,asian,hisp,m,75-79,32,0
OH,2023,asian,hisp,f,75-79,32,0
OH,2023,asian,hisp,m,80-84,16,0
OH,2023,asian,hisp,f,80-84,24,0
OH,2023,asian,hisp,m,85+,17,0
OH,2023,asian,hisp,f,85+,25,0
OH,2023,other,hisp,m,0-4,12399,0
OH,2023,other,hisp,f,0-4,12399,0
OH,2023,other,hisp,m,5-9,12827,0
OH,2023,other,hisp,f,5-9,12827,0
OH,2023,other,hisp,m,10-14,13682,0
OH,2023,other,hisp,f,10-14,13682,0
OH,2023,other,hisp,m,15-19,13682,0
OH,2023,other,hisp,f,15-19,13682,0
OH,2023,other,hisp,m,20-24,14109,0
OH,2023,other,hisp,f,20-24,14109,0
OH,2023,other,hisp,m,25-29,14965,0
OH,2023,other,hisp,f,25-29,14965,0
OH,2023,other,hisp,m,30-34,14965,0
OH,2023,other,hisp,f,30-34,14965,0
OH,2023,other,hisp,m,35-39,14537,0
OH,2023,other,hisp,f,35-39,14537,0
OH,2023,other,hisp,m,40-44,13468,0
OH,2023,other,hisp,f,40-44,13468,0
OH,2023,other,hisp,m,45-49,12827,0
OH,2023,other,hisp,f,45-49,12827,0
OH,2023,other,hisp,m,50-54,13682,0
OH,2023,other,hisp,f,50-54,13682,0
OH,2023,other,hisp,m,55-59,14323,0
OH,2023,other,hisp,f,55-59,14323,0
OH,2023,other,hisp,m,60-64,13682,0
OH,2023,other,hisp,f,60-64,13682,0
OH,2023,other,hisp,m,65-69,11544,0
OH,2023,other,hisp,f,65-69,11544,0
OH,2023,other,hisp,m,70-74,9620,0
OH,2023,other,hisp,f,70-74,9620,0
OH,2023,other,hisp,m,75-79,6841,0
OH,2023,other,hisp,f,75-79,6841,0
OH,2023,other,hisp,m,80-84,3420,0
OH,2023,other,hisp,f,80-84,5131,0
OH,2023,other,hisp,m,85+,3591,0
OH,2023,other,hisp,f,85+,5387,0
OK,2023,white,non-hisp,m,0-4,72576,0
OK,2023,white,non-hisp,f,0-4,72576,0
OK,2023,white,non-hisp,m,5-9,75078,0
OK,2023,white,non-hisp,f,5-9,75078,0
OK,2023,white,non-hisp,m,10-14,80084,0
OK,2023,white,non-hisp,f,10-14,80084,0
OK,2023,white,non-hisp,m,15-19,80084,0
OK,2023,white,non-hisp,f,15-19,80084,0
OK,2023,white,non-hisp,m,20-24,82586,0
OK,2023,white,non-hisp,f,20-24,82586,0
OK,2023,white,non-hisp,m,25-29,87592,0
OK,2023,white,non-hisp,f,25-29,87592,0
OK,2023,white,non-hisp,m,30-34,87592,0
OK,2023,white,non-hisp,f,30-34,87592,0
OK,2023,white,non-hisp,m,35-39,85089,0
OK,2023,white,non-hisp,f,35-39,85089,0
OK,2023,white,non-hisp,m,40-44,78832,0
OK,2023,white,non-hisp,f,40-44,78832,0
OK,2023,white,non-hisp,m,45-49,75078,0
OK,2023,white,non-hisp,f,45-49,75078,0
OK,2023,white,non-hisp,m,50-54,80084,0
OK,2023,white,non-hisp,f,50-54,80084,0
OK,2023,white,non-hisp,m,55-59,83838,0
OK,2023,white,non-hisp,f,55-59,83838,0
OK,2023,white,non-hisp,m,60-64,80084,0
OK,2023,white,non-hisp,f,60-64,80084,0
OK,2023,white,non-hisp,m,65-69,67571,0
OK,2023,white,non-hisp,f,65-69,67571,0
OK,2023,white,non-hisp,m,70-74,56309,0
OK,2023,white,non-hisp,f,70-74,56309,0
OK,2023,white,non-hisp,m,75-79,40042,0
OK,2023,white,non-hisp,f,75-79,40042,0
OK,2023,white,non-hisp,m,80-84,20021,0
OK,2023,white,non-hisp,f,80-84,30031,0
OK,2023,white,non-hisp,m,85+,21022,0
OK,2023,white,non-hisp,f,85+,31533,0
OK,2023,black,non-hisp,m,0-4,7787,0
OK,2023,black,non-hisp,f,0-4,7787,0
OK,2023,black,non-hisp,m,5-9,8055,0
OK,2023,black,non-hisp,f,5-9,8055,0
OK,2023,black,non-hisp,m,10-14,8592,0
OK,2023,black,non-hisp,f,10-14,8592,0
OK,2023,black,non-hisp,m,15-19,8592,0
OK,2023,black,non-hisp,f,15-19,8592,0
OK,2023,black,non-hisp,m,20-24,8861,0
OK,2023,black,non-hisp,f,20-24,8861,0
OK,2023,black,non-hisp,m,25-29,9398,0
OK,2023,black,non-hisp,f,25-29,9398,0
OK,2023,black,non-hisp,m,30-34,9398,0
OK,2023,black,non-hisp,f,30-34,9398,0
OK,2023,black,non-hisp,m,35-39,9129,0
OK,2023,black,non-hisp,f,35-39,9129,0
OK,2023,black,non-hisp,m,40-44,8458,0
OK,2023,black,non-hisp,f,40-44,8458,0
OK,2023,black,non-hisp,m,45-49,8055,0
OK,2023,black,non-hisp,f,45-49,8055,0
OK,2023,black,non-hisp,m,50-54,8592,0
OK,2023,black,non-hisp,f,50-54,8592,0
OK,2023,black,non-hisp,m,55-59,8995,0
OK,2023,black,non-hisp,f,55-59,8995,0
OK,2023,black,non-hisp,m,60-64,8592,0
OK,2023,black,non-hisp,f,60-64,8592,0
OK,2023,black,non-hisp,m,65-69,7250,0
OK,2023,black,non-hisp,f,65-69,7250,0
OK,2023,black,non-hisp,m,70-74,6041,0
OK,2023,black,non-hisp,f,70-74,6041,0
OK,2023,black,non-hisp,m,75-79,4296,0
OK,2023,black,non-hisp,f,75-79,4296,0
OK,2023,black,non-hisp,m,80-84,2148,0
OK,2023,black,non-hisp,f,80-84,3222,0
OK,2023,black,non-hisp,m,85+,2255,0
OK,2023,black,non-hisp,f,85+,3383,0
OK,2023,asian,non-hisp,m,0-4,2721,0
OK,2023,asian,non-hisp,f,0-4,2721,0
OK,2023,asian,non-hisp,m,5-9,2815,0
OK,2023,asian,non-hisp,f,5-9,2815,0
OK,2023,asian,non-hisp,m,10-14,3002,0
OK,2023,asian,non-hisp,f,10-14,3002,0
OK,2023,asian,non-hisp,m,15-19,3002,0
OK,2023,asian,non-hisp,f,15-19,3002,0
OK,2023,asian,non-hisp,m,20-24,3096,0
OK,2023,asian,non-hisp,f,20-24,3096,0
OK,2023,asian,non-hisp,m,25-29,3284,0
OK,2023,asian,non-hisp,f,25-29,3284,0
OK,2023,asian,non-hisp,m,30-34,3284,0
OK,2023,asian,non-hisp,f,30-34,3284,0
OK,2023,asian,non-hisp,m,35-39,3190,0
OK,2023,asian,non-hisp,f,35-39,3190,0
OK,2023,asian,non-hisp,m,40-44,2955,0
OK,2023,asian,non-hisp,f,40-44,2955,0
OK,2023,asian,non-hisp,m,45-49,2815,0
OK,2023,asian,non-hisp,f,45-49,2815,0
OK,2023,asian,non-hisp,m,50-54,3002,0
OK,2023,asian,non-hisp,f,50-54,3002,0
OK,2023,asian,non-hisp,m,55-59,3143,0
OK,2023,asian,non-hisp,f,55-59,3143,0
OK,2023,asian,non-hisp,m,60-64,3002,0
OK,2023,asian,non-hisp,f,60-64,3002,0
OK,2023,asian,non-hisp,m,65-69,2533,0
OK,2023,asian,non-hisp,f,65-69,2533,0
OK,2023,asian,non-hisp,m,70-74,2111,0
OK,2023,asian,non-hisp,f,70-74,2111,0
OK,2023,asian,non-hisp,m,75-79,1501,0
OK,2023,asian,non-hisp,f,75-79,1501,0
OK,2023,asian,non-hisp,m,80-84,751,0
OK,2023,asian,non-hisp,f,80-84,1126,0
OK,2023,asian,non-hisp,m,85+,788,0
OK,2023,asian,non-hisp,f,85+,1182,0
OK,2023,other,non-hisp,m,0-4,19302,0
OK,2023,other,non-hisp,f,0-4,19302,0
OK,2023,other,non-hisp,m,5-9,19968,0
OK,2023,other,non-hisp,f,5-9,19968,0
OK,2023,other,non-hisp,m,10-14,21299,0
OK,2023,other,non-hisp,f,10-14,21299,0
OK,2023,other,non-hisp,m,15-19,21299,0
OK,2023,other,non-hisp,f,15-19,21299,0
OK,2023,other,non-hisp,m,20-24,21964,0
OK,2023,other,non-hisp,f,20-24,21964,0
OK,2023,other,non-hisp,m,25-29,23296,0
OK,2023,other,non-hisp,f,25-29,23296,0
OK,2023,other,non-hisp,m,30-34,23296,0
OK,2023,other,non-hisp,f,30-34,23296,0
OK,2023,other,non-hisp,m,35-39,22630,0
OK,2023,other,non-hisp,f,35-39,22630,0
OK,2023,other,non-hisp,m,40-44,20966,0
OK,2023,other,non-hisp,f,40-44,20966,0
OK,2023,other,non-hisp,m,45-49,19968,0
OK,2023,other,non-hisp,f,45-49,19968,0
OK,2023,other,non-hisp,m,50-54,21299,0
OK,2023,other,non-hisp,f,50-54,21299,0
OK,2023,other,non-hisp,m,55-59,22297,0
OK,2023,other,non-hisp,f,55-59,22297,0
OK,2023,other,non-hisp,m,60-64,21299,0
OK,2023,other,non-hisp,f,60-64,21299,0
OK,2023,other,non-hisp,m,65-69,17971,0
OK,2023,other,non-hisp,f,65-69,17971,0
OK,2023,other,non-hisp,m,70-74,14976,0
OK,2023,other,non-hisp,f,70-74,14976,0
OK,2023,other,non-hisp,m,75-79,10649,0
OK,2023,other,non-hisp,f,75-79,10649,0
OK,2023,other,non-hisp,m,80-84,5325,0
OK,2023,other,non-hisp,f,80-84,7987,0
OK,2023,other,non-hisp,m,85+,5591,0
OK,2023,other,non-hisp,f,85+,8386,0
OK,2023,white,hisp,m,0-4,3421,0
OK,2023,white,hisp,f,0-4,3421,0
OK,2023,white,hisp,m,5-9,3539,0
OK,2023,white,hisp,f,5-9,3539,0
OK,2023,white,hisp,m,10-14,3775,0
OK,2023,white,hisp,f,10-14,3775,0
OK,2023,white,hisp,m,15-19,3775,0
OK,2023,white,hisp,f,15-19,3775,0
OK,2023,white,hisp,m,20-24,3893,0
OK,2023,white,hisp,f,20-24,3893,0
OK,2023,white,hisp,m,25-29,4129,0
OK,2023,white,hisp,f,25-29,4129,0
OK,2023,white,hisp,m,30-34,4129,0
OK,2023,white,hisp,f,30-34,4129,0
OK,2023,white,hisp,m,35-39,4011,0
OK,2023,white,hisp,f,35-39,4011,0
OK,2023,white,hisp,m,40-44,3716,0
OK,2023,white,hisp,f,40-44,3716,0
OK,2023,white,hisp,m,45-49,3539,0
OK,2023,white,hisp,f,45-49,3539,0
OK,2023,white,hisp,m,50-54,3775,0
OK,2023,white,hisp,f,50-54,3775,0
OK,2023,white,hisp,m,55-59,3952,0
OK,2023,white,hisp,f,55-59,3952,0
OK,2023,white,hisp,m,60-64,3775,0
OK,2023,white,hisp,f,60-64,3775,0
OK,2023,white,hisp,m,65-69,3185,0
OK,2023,white,hisp,f,65-69,3185,0
OK,2023,white,hisp,m,70-74,2654,0
OK,2023,white,hisp,f,70-74,2654,0
OK,2023,white,hisp,m,75-79,1888,0
OK,2023,white,hisp,f,75-79,1888,0
OK,2023,white,hisp,m,80-84,944,0
OK,2023,white,hisp,f,80-84,1416,0
OK,2023,white,hisp,m,85+,991,0
OK,2023,white,hisp,f,85+,1486,0
OK,2023,black,hisp,m,0-4,160,0
OK,2023,black,hisp,f,0-4,160,0
OK,2023,black,hisp,m,5-9,166,0
OK,2023,black,hisp,f,5-9,166,0
OK,2023,black,hisp,m,10-14,177,0
OK,2023,black,hisp,f,10-14,177,0
OK,2023,black,hisp,m,15-19,177,0
OK,2023,black,hisp,f,15-19,177,0
OK,2023,black,hisp,m,20-24,182,0
OK,2023,black,hisp,f,20-24,182,0
OK,2023,black,hisp,m,25-29,193,0
OK,2023,black,hisp,f,25-29,193,0
OK,2023,black,hisp,m,30-34,193,0
OK,2023,black,hisp,f,30-34,193,0
OK,2023,black,hisp,m,35-39,188,0
OK,2023,black,hisp,f,35-39,188,0
OK,2023,black,hisp,m,40-44,174,0
OK,2023,black,hisp,f,40-44,174,0
OK,2023,black,hisp,m,45-49,166,0
OK,2023,black,hisp,f,45-49,166,0
OK,2023,black,hisp,m,50-54,177,0
OK,2023,black,hisp,f,50-54,177,0
OK,2023,black,hisp,m,55-59,185,0
OK,2023,black,hisp,f,55-59,185,0
OK,2023,black,hisp,m,60-64,177,0
OK,2023,black,hisp,f,60-64,177,0
OK,2023,black,hisp,m,65-69,149,0
OK,2023,black,hisp,f,65-69,149,0
OK,2023,black,hisp,m,70-74,124,0
OK,2023,black,hisp,f,70-74,124,0
OK,2023,black,hisp,m,75-79,88,0
OK,2023,black,hisp,f,75-79,88,0
OK,2023,black,hisp,m,80-84,44,0
OK,2023,black,hisp,f,80-84,66,0
OK,2023,black,hisp,m,85+,46,0
OK,2023,black,hisp,f,85+,70,0
OK,2023,asian,hisp,m,0-4,28,0
OK,2023,asian,hisp,f,0-4,28,0
OK,2023,asian,hisp,m,5-9,29,0
OK,2023,asian,hisp,f,5-9,29,0
OK,2023,asian,hisp,m,10-14,31,0
OK,2023,asian,hisp,f,10-14,31,0
OK,2023,asian,hisp,m,15-19,31,0
OK,2023,asian,hisp,f,15-19,31,0
OK,2023,asian,hisp,m,20-24,32,0
OK,2023,asian,hisp,f,20-24,32,0
OK,2023,asian,hisp,m,25-29,34,0
OK,2023,asian,hisp,f,25-29,34,0
OK,2023,asian,hisp,m,30-34,34,0
OK,2023,asian,hisp,f,30-34,34,0
OK,2023,asian,hisp,m,35-39,33,0
OK,2023,asian,hisp,f,35-39,33,0
OK,2023,asian,hisp,m,40-44,31,0
OK,2023,asian,hisp,f,40-44,31,0
OK,2023,asian,hisp,m,45-49,29,0
OK,2023,asian,hisp,f,45-49,29,0
OK,2023,asian,hisp,m,50-54,31,0
OK,2023,asian,hisp,f,50-54,31,0
OK,2023,asian,hisp,m,55-59,33,0
OK,2023,asian,hisp,f,55-59,33,0
OK,2023,asian,hisp,m,60-64,31,0
OK,2023,asian,hisp,f,60-64,31,0
OK,2023,asian,hisp,m,65-69,26,0
OK,2023,asian,hisp,f,65-69,26,0
OK,2023,asian,hisp,m,70-74,22,0
OK,2023,asian,hisp,f,70-74,22,0
OK,2023,asian,hisp,m,75-79,16,0
OK,2023,asian,hisp,f,75-79,16,0
OK,2023,asian,hisp,m,80-84,8,0
OK,2023,asian,hisp,f,80-84,12,0
OK,2023,asian,hisp,m,85+,8,0
OK,2023,asian,hisp,f,85+,12,0
OK,2023,other,hisp,m,0-4,11566,0
OK,2023,other,hisp,f,0-4,11566,0
OK,2023,other,hisp,m,5-9,11964,0
OK,2023,other,hisp,f,5-9,11964,0
OK,2023,other,hisp,m,10-14,12762,0
OK,2023,other,hisp,f,10-14,12762,0
OK,2023,other,hisp,m,15-19,12762,0
OK,2023,other,hisp,f,15-19,12762,0
OK,2023,other,hisp,m,20-24,13161,0
OK,2023,other,hisp,f,20-24,13161,0
OK,2023,other,hisp,m,25-29,13958,0
OK,2023,other,hisp,f,25-29,13958,0
OK,2023,other,hisp,m,30-34,13958,0
OK,2023,other,hisp,f,30-34,13958,0
OK,2023,other,hisp,m,35-39,13560,0
OK,2023,other,hisp,f,35-39,13560,0
OK,2023,other,hisp,m,40-44,12563,0
OK,2023,other,hisp,f,40-44,12563,0
OK,2023,other,hisp,m,45-49,11964,0
OK,2023,other,hisp,f,45-49,11964,0
OK,2023,other,hisp,m,50-54,12762,0
OK,2023,other,hisp,f,50-54,12762,0
OK,2023,other,hisp,m,55-59,13360,0
OK,2023,other,hisp,f,55-59,13360,0
OK,2023,other,hisp,m,60-64,12762,0
OK,2023,other,hisp,f,60-64,12762,0
OK,2023,other,hisp,m,65-69,10768,0
OK,2023,other,hisp,f,65-69,10768,0
OK,2023,other,hisp,m,70-74,8973,0
OK,2023,other,hisp,f,70-74,8973,0
OK,2023,other,hisp,m,75-79,6381,0
OK,2023,other,hisp,f,75-79,6381,0
OK,2023,other,hisp,m,80-84,3190,0
OK,2023,other,hisp,f,80-84,4786,0
OK,2023,other,hisp,m,85+,3350,0
OK,2023,other,hisp,f,85+,5025,0
OR,2023,white,non-hisp,m,0-4,86916,0
OR,2023,white,non-hisp,f,0-4,86916,0
OR,2023,white,non-hisp,m,5-9,89914,0
OR,2023,white,non-hisp,f,5-9,89914,0
OR,2023,white,non-hisp,m,10-14,95908,0
OR,2023,white,non-hisp,f,10-14,95908,0
OR,2023,white,non-hisp,m,15-19,95908,0
OR,2023,white,non-hisp,f,15-19,95908,0
OR,2023,white,non-hisp,m,20-24,98905,0
OR,2023,white,non-hisp,f,20-24,98905,0
OR,2023,white,non-hisp,m,25-29,104899,0
OR,2023,white,non-hisp,f,25-29,104899,0
OR,2023,white,non-hisp,m,30-34,104899,0
OR,2023,white,non-hisp,f,30-34,104899,0
OR,2023,white,non-hisp,m,35-39,101902,0
OR,2023,white,non-hisp,f,35-39,101902,0
OR,2023,white,non-hisp,m,40-44,94409,0
OR,2023,white,non-hisp,f,40-44,94409,0
OR,2023,white,non-hisp,m,45-49,89914,0
OR,2023,white,non-hisp,f,45-49,89914,0
OR,2023,white,non-hisp,m,50-54,95908,0
OR,2023,white,non-hisp,f,50-54,95908,0
OR,2023,white,non-hisp,m,55-59,100404,0
OR,2023,white,non-hisp,f,55-59,100404,0
OR,2023,white,non-hisp,m,60-64,95908,0
OR,2023,white,non-hisp,f,60-64,95908,0
OR,2023,white,non-hisp,m,65-69,80922,0
OR,2023,white,non-hisp,f,65-69,80922,0
OR,2023,white,non-hisp,m,70-74,67435,0
OR,2023,white,non-hisp,f,70-74,67435,0
OR,2023,white,non-hisp,m,75-79,47954,0
OR,2023,white,non-hisp,f,75-79,47954,0
OR,2023,white,non-hisp,m,80-84,23977,0
OR,2023,white,non-hisp,f,80-84,35965,0
OR,2023,white,non-hisp,m,85+,25176,0
OR,2023,white,non-hisp,f,85+,37764,0
OR,2023,black,non-hisp,m,0-4,2395,0
OR,2023,black,non-hisp,f,0-4,2395,0
OR,2023,black,non-hisp,m,5-9,2478,0
OR,2023,black,non-hisp,f,5-9,2478,0
OR,2023,black,non-hisp,m,10-14,2643,0
OR,2023,black,non-hisp,f,10-14,2643,0
OR,2023,black,non-hisp,m,15-19,2643,0
OR,2023,black,non-hisp,f,15-19,2643,0
OR,2023,black,non-hisp,m,20-24,2726,0
OR,2023,black,non-hisp,f,20-24,2726,0
OR,2023,black,non-hisp,m,25-29,2891,0
OR,2023,black,non-hisp,f,25-29,2891,0
OR,2023,black,non-hisp,m,30-34,2891,0
OR,2023,black,non-hisp,f,30-34,2891,0
OR,2023,black,non-hisp,m,35-39,2808,0
OR,2023,black,non-hisp,f,35-39,2808,0
OR,2023,black,non-hisp,m,40-44,2602,0
OR,2023,black,non-hisp,f,40-44,2602,0
OR,2023,black,non-hisp,m,45-49,2478,0
OR,2023,black,non-hisp,f,45-49,2478,0
OR,2023,black,non-hisp,m,50-54,2643,0
OR,2023,black,non-hisp,f,50-54,2643,0
OR,2023,black,non-hisp,m,55-59,2767,0
OR,2023,black,non-hisp,f,55-59,2767,0
OR,2023,black,non-hisp,m,60-64,2643,0
OR,2023,black,non-hisp,f,60-64,2643,0
OR,2023,black,non-hisp,m,65-69,2230,0
OR,2023,black,non-hisp,f,65-69,2230,0
OR,2023,black,non-hisp,m,70-74,1858,0
OR,2023,black,non-hisp,f,70-74,1858,0
OR,2023,black,non-hisp,m,75-79,1322,0
OR,2023,black,non-hisp,f,75-79,1322,0
OR,2023,black,non-hisp,m,80-84,661,0
OR,2023,black,non-hisp,f,80-84,991,0
OR,2023,black,non-hisp,m,85+,694,0
OR,2023,black,non-hisp,f,85+,1041,0
OR,2023,asian,non-hisp,m,0-4,5553,0
OR,2023,asian,non-hisp,f,0-4,5553,0
OR,2023,asian,non-hisp,m,5-9,5745,0
OR,2023,asian,non-hisp,f,5-9,5745,0
OR,2023,asian,non-hisp,m,10-14,6128,0
OR,2023,asian,non-hisp,f,10-14,6128,0
OR,2023,asian,non-hisp,m,15-19,6128,0
OR,2023,asian,non-hisp,f,15-19,6128,0
OR,2023,asian,non-hisp,m,20-24,6319,0
OR,2023,asian,non-hisp,f,20-24,6319,0
OR,2023,asian,non-hisp,m,25-29,6702,0
OR,2023,asian,non-hisp,f,25-29,6702,0
OR,2023,asian,non-hisp,m,30-34,6702,0
OR,2023,asian,non-hisp,f,30-34,6702,0
OR,2023,asian,non-hisp,m,35-39,6511,0
OR,2023,asian,non-hisp,f,35-39,6511,0
OR,2023,asian,non-hisp,m,40-44,6032,0
OR,2023,asian,non-hisp,f,40-44,6032,0
OR,2023,asian,non-hisp,m,45-49,5745,0
OR,2023,asian,non-hisp,f,45-49,5745,0
OR,2023,asian,non-hisp,m,50-54,6128,0
OR,2023,asian,non-hisp,f,50-54,6128,0
OR,2023,asian,non-hisp,m,55-59,6415,0
OR,2023,asian,non-hisp,f,55-59,6415,0
OR,2023,asian,non-hisp,m,60-64,6128,0
OR,2023,asian,non-hisp,f,60-64,6128,0
OR,2023,asian,non-hisp,m,65-69,5170,0
OR,2023,asian,non-hisp,f,65-69,5170,0
OR,2023,asian,non-hisp,m,70-74,4309,0
OR,2023,asian,non-hisp,f,70-74,4309,0
OR,2023,asian,non-hisp,m,75-79,3064,0
OR,2023,asian,non-hisp,f,75-79,3064,0
OR,2023,asian,non-hisp,m,80-84,1532,0
OR,2023,asian,non-hisp,f,80-84,2298,0
OR,2023,asian,non-hisp,m,85+,1609,0
OR,2023,asian,non-hisp,f,85+,2413,0
OR,2023,other,non-hisp,m,0-4,9587,0
OR,2023,other,non-hisp,f,0-4,9587,0
OR,2023,other,non-hisp,m,5-9,9917,0
OR,2023,other,non-hisp,f,5-9,9917,0
OR,2023,other,non-hisp,m,10-14,10579,0
OR,2023,other,non-hisp,f,10-14,10579,0
OR,2023,other,non-hisp,m,15-19,10579,0
OR,2023,other,non-hisp,f,15-19,10579,0
OR,2023,other,non-hisp,m,20-24,10909,0
OR,2023,other,non-hisp,f,20-24,10909,0
OR,2023,other,non-hisp,m,25-29,11570,0
OR,2023,other,non-hisp,f,25-29,11570,0
OR,2023,other,non-hisp,m,30-34,11570,0
OR,2023,other,non-hisp,f,30-34,11570,0
OR,2023,other,non-hisp,m,35-39,11240,0
OR,2023,other,non-hisp,f,35-39,11240,0
OR,2023,other,non-hisp,m,40-44,10413,0
OR,2023,other,non-hisp,f,40-44,10413,0
OR,2023,other,non-hisp,m,45-49,9917,0
OR,2023,other,non-hisp,f,45-49,9917,0
OR,2023,other,non-hisp,m,50-54,10579,0
OR,2023,other,non-hisp,f,50-54,10579,0
OR,2023,other,non-hisp,m,55-59,11074,0
OR,2023,other,non-hisp,f,55-59,11074,0
OR,2023,other,non-hisp,m,60-64,10579,0
OR,2023,other,non-hisp,f,60-64,10579,0
OR,2023,other,non-hisp,m,65-69,8926,0
OR,2023,other,non-hisp,f,65-69,8926,0
OR,2023,other,non-hisp,m,70-74,7438,0
OR,2023,other,non-hisp,f,70-74,7438,0
OR,2023,other,non-hisp,m,75-79,5289,0
OR,2023,other,non-hisp,f,75-79,5289,0
OR,2023,other,non-hisp,m,80-84,2645,0
OR,2023,other,non-hisp,f,80-84,3967,0
OR,2023,other,non-hisp,m,85+,2777,0
OR,2023,other,non-hisp,f,85+,4165,0
OR,2023,white,hisp,m,0-4,3772,0
OR,2023,white,hisp,f,0-4,3772,0
OR,2023,white,hisp,m,5-9,3902,0
OR,2023,white,hisp,f,5-9,3902,0
OR,2023,white,hisp,m,10-14,4162,0
OR,2023,white,hisp,f,10-14,4162,0
OR,2023,white,hisp,m,15-19,4162,0
OR,2023,white,hisp,f,15-19,4162,0
OR,2023,white,hisp,m,20-24,4293,0
OR,2023,white,hisp,f,20-24,4293,0
OR,2023,white,hisp,m,25-29,4553,0
OR,2023,white,hisp,f,25-29,4553,0
OR,2023,white,hisp,m,30-34,4553,0
OR,2023,white,hisp,f,30-34,4553,0
OR,2023,white,hisp,m,35-39,4423,0
OR,2023,white,hisp,f,35-39,4423,0
OR,2023,white,hisp,m,40-44,4097,0
OR,2023,white,hisp,f,40-44,4097,0
OR,2023,white,hisp,m,45-49,3902,0
OR,2023,white,hisp,f,45-49,3902,0
OR,2023,white,hisp,m,50-54,4162,0
OR,2023,white,hisp,f,50-54,4162,0
OR,2023,white,hisp,m,55-59,4358,0
OR,2023,white,hisp,f,55-59,4358,0
OR,2023,white,hisp,m,60-64,4162,0
OR,2023,white,hisp,f,60-64,4162,0
OR,2023,white,hisp,m,65-69,3512,0
OR,2023,white,hisp,f,65-69,3512,0
OR,2023,white,hisp,m,70-74,2927,0
OR,2023,white,hisp,f,70-74,2927,0
OR,2023,white,hisp,m,75-79,2081,0
OR,2023,white,hisp,f,75-79,2081,0
OR,2023,white,hisp,m,80-84,1041,0
OR,2023,white,hisp,f,80-84,1561,0
OR,2023,white,hisp,m,85+,1093,0
OR,2023,white,hisp,f,85+,1639,0
OR,2023,black,hisp,m,0-4,139,0
OR,2023,black,hisp,f,0-4,139,0
OR,2023,black,hisp,m,5-9,144,0
OR,2023,black,hisp,f,5-9,144,0
OR,2023,black,hisp,m,10-14,154,0
OR,2023,black,hisp,f,10-14,154,0
OR,2023,black,hisp,m,15-19,154,0
OR,2023,black,hisp,f,15-19,154,0
OR,2023,black,hisp,m,20-24,159,0
OR,2023,black,hisp,f,20-24,159,0
OR,2023,black,hisp,m,25-29,168,0
OR,2023,black,hisp,f,25-29,168,0
OR,2023,black,hisp,m,30-34,168,0
OR,2023,black,hisp,f,30-34,168,0
OR,2023,black,hisp,m,35-39,163,0
OR,2023,black,hisp,f,35-39,163,0
OR,2023,black,hisp,m,40-44,151,0
OR,2023,black,hisp,f,40-44,151,0
OR,2023,black,hisp,m,45-49,144,0
OR,2023,black,hisp,f,45-49,144,0
OR,2023,black,hisp,m,50-54,154,0
OR,2023,black,hisp,f,50-54,154,0
OR,2023,black,hisp,m,55-59,161,0
OR,2023,black,hisp,f,55-59,161,0
OR,2023,black,hisp,m,60-64,154,0
OR,2023,black,hisp,f,60-64,154,0
OR,2023,black,hisp,m,65-69,130,0
OR,2023,black,hisp,f,65-69,130,0
OR,2023,black,hisp,m,70-74,108,0
OR,2023,black,hisp,f,70-74,108,0
OR,2023,black,hisp,m,75-79,77,0
OR,2023,black,hisp,f,75-79,77,0
OR,2023,black,hisp,m,80-84,38,0
OR,2023,black,hisp,f,80-84,58,0
OR,2023,black,hisp,m,85+,40,0
OR,2023,black,hisp,f,85+,61,0
OR,2023,asian,hisp,m,0-4,84,0
OR,2023,asian,hisp,f,0-4,84,0
OR,2023,asian,hisp,m,5-9,87,0
OR,2023,asian,hisp,f,5-9,87,0
OR,2023,asian,hisp,m,10-14,93,0
OR,2023,asian,hisp,f,10-14,93,0
OR,2023,asian,hisp,m,15-19,93,0
OR,2023,asian,hisp,f,15-19,93,0
OR,2023,asian,hisp,m,20-24,96,0
OR,2023,asian,hisp,f,20-24,96,0
OR,2023,asian,hisp,m,25-29,101,0
OR,2023,asian,hisp,f,25-29,101,0
OR,2023,asian,hisp,m,30-34,101,0
OR,2023,asian,hisp,f,30-34,101,0
OR,2023,asian,hisp,m,35-39,98,0
OR,2023,asian,hisp,f,35-39,98,0
OR,2023,asian,hisp,m,40-44,91,0
OR,2023,asian,hisp,f,40-44,91,0
OR,2023,asian,hisp,m,45-49,87,0
OR,2023,asian,hisp,f,45-49,87,0
OR,2023,asian,hisp,m,50-54,93,0
OR,2023,asian,hisp,f,50-54,93,0
OR,2023,asian,hisp,m,55-59,97,0
OR,2023,asian,hisp,f,55-59,97,0
OR,2023,asian,hisp,m,60-64,93,0
OR,2023,asian,hisp,f,60-64,93,0
OR,2023,asian,hisp,m,65-69,78,0
OR,2023,asian,hisp,f,65-69,78,0
OR,2023,asian,hisp,m,70-74,65,0
OR,2023,asian,hisp,f,70-74,65,0
OR,2023,asian,hisp,m,75-79,46,0
OR,2023,asian,hisp,f,75-79,46,0
OR,2023,asian,hisp,m,80-84,23,0
OR,2023,asian,hisp,f,80-84,35,0
OR,2023,asian,hisp,m,85+,24,0
OR,2023,asian,hisp,f,85+,36,0
OR,2023,other,hisp,m,0-4,14320,0
OR,2023,other,hisp,f,0-4,14320,0
OR,2023,other,hisp,m,5-9,14814,0
OR,2023,other,hisp,f,5-9,14814,0
OR,2023,other,hisp,m,10-14,15801,0
OR,2023,other,hisp,f,10-14,15801,0
OR,2023,other,hisp,m,15-19,15801,0
OR,2023,other,hisp,f,15-19,15801,0
OR,2023,other,hisp,m,20-24,16295,0
OR,2023,other,hisp,f,20-24,16295,0
OR,2023,other,hisp,m,25-29,17282,0
OR,2023,other,hisp,f,25-29,17282,0
OR,2023,other,hisp,m,30-34,17282,0
OR,2023,other,hisp,f,30-34,17282,0
OR,2023,other,hisp,m,35-39,16789,0
OR,2023,other,hisp,f,35-39,16789,0
OR,2023,other,hisp,m,40-44,15554,0
OR,2023,other,hisp,f,40-44,15554,0
OR,2023,other,hisp,m,45-49,14814,0
OR,2023,other,hisp,f,45-49,14814,0
OR,2023,other,hisp,m,50-54,15801,0
OR,2023,other,hisp,f,50-54,15801,0
OR,2023,other,hisp,m,55-59,16542,0
OR,2023,other,hisp,f,55-59,16542,0
OR,2023,other,hisp,m,60-64,15801,0
OR,2023,other,hisp,f,60-64,15801,0
OR,2023,other,hisp,m,65-69,13332,0
OR,2023,other,hisp,f,65-69,13332,0
OR,2023,other,hisp,m,70-74,11110,0
OR,2023,other,hisp,f,70-74,11110,0
OR,2023,other,hisp,m,75-79,7901,0
OR,2023,other,hisp,f,75-79,7901,0
OR,2023,other,hisp,m,80-84,3950,0
OR,2023,other,hisp,f,80-84,5925,0
OR,2023,other,hisp,m,85+,4148,0
OR,2023,other,hisp,f,85+,6222,0
PA,2023,white,non-hisp,m,0-4,273310,0
PA,2023,white,non-hisp,f,0-4,273310,0
PA,2023,white,non-hisp,m,5-9,282735,0
PA,2023,white,non-hisp,f,5-9,282735,0
PA,2023,white,non-hisp,m,10-14,301584,0
PA,2023,white,non-hisp,f,10-14,301584,0
PA,2023,white,non-hisp,m,15-19,301584,0
PA,2023,white,non-hisp,f,15-19,301584,0
PA,2023,white,non-hisp,m,20-24,311008,0
PA,2023,white,non-hisp,f,20-24,311008,0
PA,2023,white,non-hisp,m,25-29,329857,0
PA,2023,white,non-hisp,f,25-29,329857,0
PA,2023,white,non-hisp,m,30-34,329857,0
PA,2023,white,non-hisp,f,30-34,329857,0
PA,2023,white,non-hisp,m,35-39,320433,0
PA,2023,white,non-hisp,f,35-39,320433,0
PA,2023,white,non-hisp,m,40-44,296871,0
PA,2023,white,non-hisp,f,40-44,296871,0
PA,2023,white,non-hisp,m,45-49,282735,0
PA,2023,white,non-hisp,f,45-49,282735,0
PA,2023,white,non-hisp,m,50-54,301584,0
PA,2023,white,non-hisp,f,50-54,301584,0
PA,2023,white,non-hisp,m,55-59,315720,0
PA,2023,white,non-hisp,f,55-59,315720,0
PA,2023,white,non-hisp,m,60-64,301584,0
PA,2023,white,non-hisp,f,60-64,301584,0
PA,2023,white,non-hisp,m,65-69,254461,0
PA,2023,white,non-hisp,f,65-69,254461,0
PA,2023,white,non-hisp,m,70-74,212051,0
PA,2023,white,non-hisp,f,70-74,212051,0
PA,2023,white,non-hisp,m,75-79,150792,0
PA,2023,white,non-hisp,f,75-79,150792,0
PA,2023,white,non-hisp,m,80-84,75396,0
PA,2023,white,non-hisp,f,80-84,113094,0
PA,2023,white,non-hisp,m,85+,79166,0
PA,2023,white,non-hisp,f,85+,118749,0
PA,2023,black,non-hisp,m,0-4,38113,0
PA,2023,black,non-hisp,f,0-4,38113,0
PA,2023,black,non-hisp,m,5-9,39428,0
PA,2023,black,non-hisp,f,5-9,39428,0
PA,2023,black,non-hisp,m,10-14,42056,0
PA,2023,black,non-hisp,f,10-14,42056,0
PA,2023,black,non-hisp,m,15-19,42056,0
PA,2023,black,non-hisp,f,15-19,42056,0
PA,2023,black,non-hisp,m,20-24,43370,0
PA,2023,black,non-hisp,f,20-24,43370,0
PA,2023,black,non-hisp,m,25-29,45999,0
PA,2023,black,non-hisp,f,25-29,45999,0
PA,2023,black,non-hisp,m,30-34,45999,0
PA,2023,black,non-hisp,f,30-34,45999,0
PA,2023,black,non-hisp,m,35-39,44685,0
PA,2023,black,non-hisp,f,35-39,44685,0
PA,2023,black,non-hisp,m,40-44,41399,0
PA,2023,black,non-hisp,f,40-44,41399,0
PA,2023,black,non-hisp,m,45-49,39428,0
PA,2023,black,non-hisp,f,45-49,39428,0
PA,2023,black,non-hisp,m,50-54,42056,0
PA,2023,black,non-hisp,f,50-54,42056,0
PA,2023,black,non-hisp,m,55-59,44028,0
PA,2023,black,non-hisp,f,55-59,44028,0
PA,2023,black,non-hisp,m,60-64,42056,0
PA,2023,black,non-hisp,f,60-64,42056,0
PA,2023,black,non-hisp,m,65-69,35485,0
PA,2023,black,non-hisp,f,65-69,35485,0
PA,2023,black,non-hisp,m,70-74,29571,0
PA,2023,black,non-hisp,f,70-74,29571,0
PA,2023,black,non-hisp,m,75-79,21028,0
PA,2023,black,non-hisp,f,75-79,21028,0
PA,2023,black,non-hisp,m,80-84,10514,0
PA,2023,black,non-hisp,f,80-84,15771,0
PA,2023,black,non-hisp,m,85+,11040,0
PA,2023,black,non-hisp,f,85+,16560,0
PA,2023,asian,non-hisp,m,0-4,14344,0
PA,2023,asian,non-hisp,f,0-4,14344,0
PA,2023,asian,non-hisp,m,5-9,14839,0
PA,2023,asian,non-hisp,f,5-9,14839,0
PA,2023,asian,non-hisp,m,10-14,15828,0
PA,2023,asian,non-hisp,f,10-14,15828,0
PA,2023,asian,non-hisp,m,15-19,15828,0
PA,2023,asian,non-hisp,f,15-19,15828,0
PA,2023,asian,non-hisp,m,20-24,16323,0
PA,2023,asian,non-hisp,f,20-24,16323,0
PA,2023,asian,non-hisp,m,25-29,17312,0
PA,2023,asian,non-hisp,f,25-29,17312,0
PA,2023,asian,non-hisp,m,30-34,17312,0
PA,2023,asian,non-hisp,f,30-34,17312,0
PA,2023,asian,non-hisp,m,35-39,16818,0
PA,2023,asian,non-hisp,f,35-39,16818,0
PA,2023,asian,non-hisp,m,40-44,15581,0
PA,2023,asian,non-hisp,f,40-44,15581,0
PA,2023,asian,non-hisp,m,45-49,14839,0
PA,2023,asian,non-hisp,f,45-49,14839,0
PA,2023,asian,non-hisp,m,50-54,15828,0
PA,2023,asian,non-hisp,f,50-54,15828,0
PA,2023,asian,non-hisp,m,55-59,16570,0
PA,2023,asian,non-hisp,f,55-59,16570,0
PA,2023,asian,non-hisp,m,60-64,15828,0
PA,2023,asian,non-hisp,f,60-64,15828,0
PA,2023,asian,non-hisp,m,65-69,13355,0
PA,2023,asian,non-hisp,f,65-69,13355,0
PA,2023,asian,non-hisp,m,70-74,11129,0
PA,2023,asian,non-hisp,f,70-74,11129,0
PA,2023,asian,non-hisp,m,75-79,7914,0
PA,2023,asian,non-hisp,f,75-79,7914,0
PA,2023,asian,non-hisp,m,80-84,3957,0
PA,2023,asian,non-hisp,f,80-84,5936,0
PA,2023,asian,non-hisp,m,85+,4155,0
PA,2023,asian,non-hisp,f,85+,6232,0
PA,2023,other,non-hisp,m,0-4,16720,0
PA,2023,other,non-hisp,f,0-4,16720,0
PA,2023,other,non-hisp,m,5-9,17296,0
PA,2023,other,non-hisp,f,5-9,17296,0
PA,2023,other,non-hisp,m,10-14,18449,0
PA,2023,other,non-hisp,f,10-14,18449,0
PA,2023,other,non-hisp,m,15-19,18449,0
PA,2023,other,non-hisp,f,15-19,18449,0
PA,2023,other,non-hisp,m,20-24,19026,0
PA,2023,other,non-hisp,f,20-24,19026,0
PA,2023,other,non-hisp,m,25-29,20179,0
PA,2023,other,non-hisp,f,25-29,20179,0
PA,2023,other,non-hisp,m,30-34,20179,0
PA,2023,other,non-hisp,f,30-34,20179,0
PA,2023,other,non-hisp,m,35-39,19602,0
PA,2023,other,non-hisp,f,35-39,19602,0
PA,2023,other,non-hisp,m,40-44,18161,0
PA,2023,other,non-hisp,f,40-44,18161,0
PA,2023,other,non-hisp,m,45-49,17296,0
PA,2023,other,non-hisp,f,45-49,17296,0
PA,2023,other,non-hisp,m,50-54,18449,0
PA,2023,other,non-hisp,f,50-54,18449,0
PA,2023,other,non-hisp,m,55-59,19314,0
PA,2023,other,non-hisp,f,55-59,19314,0
PA,2023,other,non-hisp,m,60-64,18449,0
PA,2023,other,non-hisp,f,60-64,18449,0
PA,2023,other,non-hisp,m,65-69,15567,0
PA,2023,other,non-hisp,f,65-69,15567,0
PA,2023,other,non-hisp,m,70-74,12972,0
PA,2023,other,non-hisp,f,70-74,12972,0
PA,2023,other,non-hisp,m,75-79,9225,0
PA,2023,other,non-hisp,f,75-79,9225,0
PA,2023,other,non-hisp,m,80-84,4612,0
PA,2023,other,non-hisp,f,80-84,6918,0
PA,2023,other,non-hisp,m,85+,4843,0
PA,2023,other,non-hisp,f,85+,7264,0
PA,2023,white,hisp,m,0-4,4920,0
PA,2023,white,hisp,f,0-4,4920,0
PA,2023,white,hisp,m,5-9,5089,0
PA,2023,white,hisp,f,5-9,5089,0
PA,2023,white,hisp,m,10-14,5429,0
PA,2023,white,hisp,f,10-14,5429,0
PA,2023,white,hisp,m,15-19,5429,0
PA,2023,white,hisp,f,15-19,5429,0
PA,2023,white,hisp,m,20-24,5598,0
PA,2023,white,hisp,f,20-24,5598,0
PA,2023,white,hisp,m,25-29,5938,0
PA,2023,white,hisp,f,25-29,5938,0
PA,2023,white,hisp,m,30-34,5938,0
PA,2023,white,hisp,f,30-34,5938,0
PA,2023,white,hisp,m,35-39,5768,0
PA,2023,white,hisp,f,35-39,5768,0
PA,2023,white,hisp,m,40-44,5344,0
PA,2023,white,hisp,f,40-44,5344,0
PA,2023,white,hisp,m,45-49,5089,0
PA,2023,white,hisp,f,45-49,5089,0
PA,2023,white,hisp,m,50-54,5429,0
PA,2023,white,hisp,f,50-54,5429,0
PA,2023,white,hisp,m,55-59,5683,0
PA,2023,white,hisp,f,55-59,5683,0
PA,2023,white,hisp,m,60-64,5429,0
PA,2023,white,hisp,f,60-64,5429,0
PA,2023,white,hisp,m,65-69,4580,0
PA,2023,white,hisp,f,65-69,4580,0
PA,2023,white,hisp,m,70-74,3817,0
PA,2023,white,hisp,f,70-74,3817,0
PA,2023,white,hisp,m,75-79,2714,0
PA,2023,white,hisp,f,75-79,2714,0
PA,2023,white,hisp,m,80-84,1357,0
PA,2023,white,hisp,f,80-84,2036,0
PA,2023,white,hisp,m,85+,1425,0
PA,2023,white,hisp,f,85+,2138,0
PA,2023,black,hisp,m,0-4,1565,0
PA,2023,black,hisp,f,0-4,1565,0
PA,2023,black,hisp,m,5-9,1619,0
PA,2023,black,hisp,f,5-9,1619,0
PA,2023,black,hisp,m,10-14,1726,0
PA,2023,black,hisp,f,10-14,1726,0
PA,2023,black,hisp,m,15-19,1726,0
PA,2023,black,hisp,f,15-19,1726,0
PA,2023,black,hisp,m,20-24,1780,0
PA,2023,black,hisp,f,20-24,1780,0
PA,2023,black,hisp,m,25-29,1888,0
PA,2023,black,hisp,f,25-29,1888,0
PA,2023,black,hisp,m,30-34,1888,0
PA,2023,black,hisp,f,30-34,1888,0
PA,2023,black,hisp,m,35-39,1834,0
PA,2023,black,hisp,f,35-39,1834,0
PA,2023,black,hisp,m,40-44,1699,0
PA,2023,black,hisp,f,40-44,1699,0
PA,2023,black,hisp,m,45-49,1619,0
PA,2023,black,hisp,f,45-49,1619,0
PA,2023,black,hisp,m,50-54,1726,0
PA,2023,black,hisp,f,50-54,1726,0
PA,2023,black,hisp,m,55-59,1807,0
PA,2023,black,hisp,f,55-59,1807,0
PA,2023,black,hisp,m,60-64,1726,0
PA,2023,black,hisp,f,60-64,1726,0
PA,2023,black,hisp,m,65-69,1457,0
PA,2023,black,hisp,f,65-69,1457,0
PA,2023,black,hisp,m,70-74,1214,0
PA,2023,black,hisp,f,70-74,1214,0
PA,2023,black,hisp,m,75-79,863,0
PA,2023,black,hisp,f,75-79,863,0
PA,2023,black,hisp,m,80-84,432,0
PA,2023,black,hisp,f,80-84,647,0
PA,2023,black,hisp,m,85+,453,0
PA,2023,black,hisp,f,85+,680,0
PA,2023,asian,hisp,m,0-4,138,0
PA,2023,asian,hisp,f,0-4,138,0
PA,2023,asian,hisp,m,5-9,142,0
PA,2023,asian,hisp,f,5-9,142,0
PA,2023,asian,hisp,m,10-14,152,0
PA,2023,asian,hisp,f,10-14,152,0
PA,2023,asian,hisp,m,15-19,152,0
PA,2023,asian,hisp,f,15-19,152,0
PA,2023,asian,hisp,m,20-24,157,0
PA,2023,asian,hisp,f,20-24,157,0
PA,2023,asian,hisp,m,25-29,166,0
PA,2023,asian,hisp,f,25-29,166,0
PA,2023,asian,hisp,m,30-34,166,0
PA,2023,asian,hisp,f,30-34,166,0
PA,2023,asian,hisp,m,35-39,161,0
PA,2023,asian,hisp,f,35-39,161,0
PA,2023,asian,hisp,m,40-44,149,0
PA,2023,asian,hisp,f,40-44,149,0
PA,2023,asian,hisp,m,45-49,142,0
PA,2023,asian,hisp,f,45-49,142,0
PA,2023,asian,hisp,m,50-54,152,0
PA,2023,asian,hisp,f,50-54,152,0
PA,2023,asian,hisp,m,55-59,159,0
PA,2023,asian,hisp,f,55-59,159,0
PA,2023,asian,hisp,m,60-64,152,0
PA,2023,asian,hisp,f,60-64,152,0
PA,2023,asian,hisp,m,65-69,128,0
PA,2023,asian,hisp,f,65-69,128,0
PA,2023,asian,hisp,m,70-74,107,0
PA,2023,asian,hisp,f,70-74,107,0
PA,2023,asian,hisp,m,75-79,76,0
PA,2023,asian,hisp,f,75-79,76,0
PA,2023,asian,hisp,m,80-84,38,0
PA,2023,asian,hisp,f,80-84,57,0
PA,2023,asian,hisp,m,85+,40,0
PA,2023,asian,hisp,f,85+,60,0
PA,2023,other,hisp,m,0-4,26779,0
PA,2023,other,hisp,f,0-4,26779,0
PA,2023,other,hisp,m,5-9,27703,0
PA,2023,other,hisp,f,5-9,27703,0
PA,2023,other,hisp,m,10-14,29549,0
PA,2023,other,hisp,f,10-14,29549,0
PA,2023,other,hisp,m,15-19,29549,0
PA,2023,other,hisp,f,15-19,29549,0
PA,2023,other,hisp,m,20-24,30473,0
PA,2023,other,hisp,f,20-24,30473,0
PA,2023,other,hisp,m,25-29,32320,0
PA,2023,other,hisp,f,25-29,32320,0
PA,2023,other,hisp,m,30-34,32320,0
PA,2023,other,hisp,f,30-34,32320,0
PA,2023,other,hisp,m,35-39,31396,0
PA,2023,other,hisp,f,35-39,31396,0
PA,2023,other,hisp,m,40-44,29088,0
PA,2023,other,hisp,f,40-44,29088,0
PA,2023,other,hisp,m,45-49,27703,0
PA,2023,other,hisp,f,45-49,27703,0
PA,2023,other,hisp,m,50-54,29549,0
PA,2023,other,hisp,f,50-54,29549,0
PA,2023,other,hisp,m,55-59,30935,0
PA,2023,other,hisp,f,55-59,30935,0
PA,2023,other,hisp,m,60-64,29549,0
PA,2023,other,hisp,f,60-64,29549,0
PA,2023,other,hisp,m,65-69,24932,0
PA,2023,other,hisp,f,65-69,24932,0
PA,2023,other,hisp,m,70-74,20777,0
PA,2023,other,hisp,f,70-74,20777,0
PA,2023,other,hisp,m,75-79,14775,0
PA,2023,other,hisp,f,75-79,14775,0
PA,2023,other,hisp,m,80-84,7387,0
PA,2023,other,hisp,f,80-84,11081,0
PA,2023,other,hisp,m,85+,7757,0
PA,2023,other,hisp,f,85+,11635,0
RI,2023,white,non-hisp,m,0-4,21511,0
RI,2023,white,non-hisp,f,0-4,21511,0
RI,2023,white,non-hisp,m,5-9,22252,0
RI,2023,white,non-hisp,f,5-9,22252,0
RI,2023,white,non-hisp,m,10-14,23736,0
RI,2023,white,non-hisp,f,10-14,23736,0
RI,2023,white,non-hisp,m,15-19,23736,0
RI,2023,white,non-hisp,f,15-19,23736,0
RI,2023,white,non-hisp,m,20-24,24478,0
RI,2023,white,non-hisp,f,20-24,24478,0
RI,2023,white,non-hisp,m,25-29,25961,0
RI,2023,white,non-hisp,f,25-29,25961,0
RI,2023,white,non-hisp,m,30-34,25961,0
RI,2023,white,non-hisp,f,30-34,25961,0
RI,2023,white,non-hisp,m,35-39,25219,0
RI,2023,white,non-hisp,f,35-39,25219,0
RI,2023,white,non-hisp,m,40-44,23365,0
RI,2023,white,non-hisp,f,40-44,23365,0
RI,2023,white,non-hisp,m,45-49,22252,0
RI,2023,white,non-hisp,f,45-49,22252,0
RI,2023,white,non-hisp,m,50-54,23736,0
RI,2023,white,non-hisp,f,50-54,23736,0
RI,2023,white,non-hisp,m,55-59,24848,0
RI,2023,white,non-hisp,f,55-59,24848,0
RI,2023,white,non-hisp,m,60-64,23736,0
RI,2023,white,non-hisp,f,60-64,23736,0
RI,2023,white,non-hisp,m,65-69,20027,0
RI,2023,white,non-hisp,f,65-69,20027,0
RI,2023,white,non-hisp,m,70-74,16689,0
RI,2023,white,non-hisp,f,70-74,16689,0
RI,2023,white,non-hisp,m,75-79,11868,0
RI,2023,white,non-hisp,f,75-79,11868,0
RI,2023,white,non-hisp,m,80-84,5934,0
RI,2023,white,non-hisp,f,80-84,8901,0
RI,2023,white,non-hisp,m,85+,6231,0
RI,2023,white,non-hisp,f,85+,9346,0
RI,2023,black,non-hisp,m,0-4,1543,0
RI,2023,black,non-hisp,f,0-4,1543,0
RI,2023,black,non-hisp,m,5-9,1596,0
RI,2023,black,non-hisp,f,5-9,1596,0
RI,2023,black,non-hisp,m,10-14,1702,0
RI,2023,black,non-hisp,f,10-14,1702,0
RI,2023,black,non-hisp,m,15-19,1702,0
RI,2023,black,non-hisp,f,15-19,1702,0
RI,2023,black,non-hisp,m,20-24,1755,0
RI,2023,black,non-hisp,f,20-24,1755,0
RI,2023,black,non-hisp,m,25-29,1862,0
RI,2023,black,non-hisp,f,25-29,1862,0
RI,2023,black,non-hisp,m,30-34,1862,0
RI,2023,black,non-hisp,f,30-34,1862,0
RI,2023,black,non-hisp,m,35-39,1809,0
RI,2023,black,non-hisp,f,35-39,1809,0
RI,2023,black,non-hisp,m,40-44,1676,0
RI,2023,black,non-hisp,f,40-44,1676,0
RI,2023,black,non-hisp,m,45-49,1596,0
RI,2023,black,non-hisp,f,45-49,1596,0
RI,2023,black,non-hisp,m,50-54,1702,0
RI,2023,black,non-hisp,f,50-54,1702,0
RI,2023,black,non-hisp,m,55-59,1782,0
RI,2023,black,non-hisp,f,55-59,1782,0
RI,2023,black,non-hisp,m,60-64,1702,0
RI,2023,black,non-hisp,f,60-64,1702,0
RI,2023,black,non-hisp,m,65-69,1436,0
RI,2023,black,non-hisp,f,65-69,1436,0
RI,2023,black,non-hisp,m,70-74,1197,0
RI,2023,black,non-hisp,f,70-74,1197,0
RI,2023,black,non-hisp,m,75-79,851,0
RI,2023,black,non-hisp,f,75-79,851,0
RI,2023,black,non-hisp,m,80-84,426,0
RI,2023,black,non-hisp,f,80-84,638,0
RI,2023,black,non-hisp,m,85+,447,0
RI,2023,black,non-hisp,f,85+,670,0
RI,2023,asian,non-hisp,m,0-4,1052,0
RI,2023,asian,non-hisp,f,0-4,1052,0
RI,2023,asian,non-hisp,m,5-9,1088,0
RI,2023,asian,non-hisp,f,5-9,1088,0
RI,2023,asian,non-hisp,m,10-14,1161,0
RI,2023,asian,non-hisp,f,10-14,1161,0
RI,2023,asian,non-hisp,m,15-19,1161,0
RI,2023,asian,non-hisp,f,15-19,1161,0
RI,2023,asian,non-hisp,m,20-24,1197,0
RI,2023,asian,non-hisp,f,20-24,1197,0
RI,2023,asian,non-hisp,m,25-29,1270,0
RI,2023,asian,non-hisp,f,25-29,1270,0
RI,2023,asian,non-hisp,m,30-34,1270,0
RI,2023,asian,non-hisp,f,30-34,1270,0
RI,2023,asian,non-hisp,m,35-39,1233,0
RI,2023,asian,non-hisp,f,35-39,1233,0
RI,2023,asian,non-hisp,m,40-44,1143,0
RI,2023,asian,non-hisp,f,40-44,1143,0
RI,2023,asian,non-hisp,m,45-49,1088,0
RI,2023,asian,non-hisp,f,45-49,1088,0
RI,2023,asian,non-hisp,m,50-54,1161,0
RI,2023,asian,non-hisp,f,50-54,1161,0
RI,2023,asian,non-hisp,m,55-59,1215,0
RI,2023,asian,non-hisp,f,55-59,1215,0
RI,2023,asian,non-hisp,m,60-64,1161,0
RI,2023,asian,non-hisp,f,60-64,1161,0
RI,2023,asian,non-hisp,m,65-69,979,0
RI,2023,asian,non-hisp,f,65-69,979,0
RI,2023,asian,non-hisp,m,70-74,816,0
RI,2023,asian,non-hisp,f,70-74,816,0
RI,2023,asian,non-hisp,m,75-79,580,0
RI,2023,asian,non-hisp,f,75-79,580,0
RI,2023,asian,non-hisp,m,80-84,290,0
RI,2023,asian,non-hisp,f,80-84,435,0
RI,2023,asian,non-hisp,m,85+,305,0
RI,2023,asian,non-hisp,f,85+,457,0
RI,2023,other,non-hisp,m,0-4,1953,0
RI,2023,other,non-hisp,f,0-4,1953,0
RI,2023,other,non-hisp,m,5-9,2020,0
RI,2023,other,non-hisp,f,5-9,2020,0
RI,2023,other,non-hisp,m,10-14,2155,0
RI,2023,other,non-hisp,f,10-14,2155,0
RI,2023,other,non-hisp,m,15-19,2155,0
RI,2023,other,non-hisp,f,15-19,2155,0
RI,2023,other,non-hisp,m,20-24,2222,0
RI,2023,other,non-hisp,f,20-24,2222,0
RI,2023,other,non-hisp,m,25-29,2357,0
RI,2023,other,non-hisp,f,25-29,2357,0
RI,2023,other,non-hisp,m,30-34,2357,0
RI,2023,other,non-hisp,f,30-34,2357,0
RI,2023,other,non-hisp,m,35-39,2290,0
RI,2023,other,non-hisp,f,35-39,2290,0
RI,2023,other,non-hisp,m,40-44,2121,0
RI,2023,other,non-hisp,f,40-44,2121,0
RI,2023,other,non-hisp,m,45-49,2020,0
RI,2023,other,non-hisp,f,45-49,2020,0
RI,2023,other,non-hisp,m,50-54,2155,0
RI,2023,other,non-hisp,f,50-54,2155,0
RI,2023,other,non-hisp,m,55-59,2256,0
RI,2023,other,non-hisp,f,55-59,2256,0
RI,2023,other,non-hisp,m,60-64,2155,0
RI,2023,other,non-hisp,f,60-64,2155,0
RI,2023,other,non-hisp,m,65-69,1818,0
RI,2023,other,non-hisp,f,65-69,1818,0
RI,2023,other,non-hisp,m,70-74,1515,0
RI,2023,other,non-hisp,f,70-74,1515,0
RI,2023,other,non-hisp,m,75-79,1078,0
RI,2023,other,non-hisp,f,75-79,1078,0
RI,2023,other,non-hisp,m,80-84,539,0
RI,2023,other,non-hisp,f,80-84,808,0
RI,2023,other,non-hisp,m,85+,566,0
RI,2023,other,non-hisp,f,85+,849,0
RI,2023,white,hisp,m,0-4,631,0
RI,2023,white,hisp,f,0-4,631,0
RI,2023,white,hisp,m,5-9,652,0
RI,2023,white,hisp,f,5-9,652,0
RI,2023,white,hisp,m,10-14,696,0
RI,2023,white,hisp,f,10-14,696,0
RI,2023,white,hisp,m,15-19,696,0
RI,2023,white,hisp,f,15-19,696,0
RI,2023,white,hisp,m,20-24,718,0
RI,2023,white,hisp,f,20-24,718,0
RI,2023,white,hisp,m,25-29,761,0
RI,2023,white,hisp,f,25-29,761,0
RI,2023,white,hisp,m,30-34,761,0
RI,2023,white,hisp,f,30-34,761,0
RI,2023,white,hisp,m,35-39,739,0
RI,2023,white,hisp,f,35-39,739,0
RI,2023,white,hisp,m,40-44,685,0
RI,2023,white,hisp,f,40-44,685,0
RI,2023,white,hisp,m,45-49,652,0
RI,2023,white,hisp,f,45-49,652,0
RI,2023,white,hisp,m,50-54,696,0
RI,2023,white,hisp,f,50-54,696,0
RI,2023,white,hisp,m,55-59,729,0
RI,2023,white,hisp,f,55-59,729,0
RI,2023,white,hisp,m,60-64,696,0
RI,2023,white,hisp,f,60-64,696,0
RI,2023,white,hisp,m,65-69,587,0
RI,2023,white,hisp,f,65-69,587,0
RI,2023,white,hisp,m,70-74,489,0
RI,2023,white,hisp,f,70-74,489,0
RI,2023,white,hisp,m,75-79,348,0
RI,2023,white,hisp,f,75-79,348,0
RI,2023,white,hisp,m,80-84,174,0
RI,2023,white,hisp,f,80-84,261,0
RI,2023,white,hisp,m,85+,183,0
RI,2023,white,hisp,f,85+,274,0
RI,2023,black,hisp,m,0-4,189,0
RI,2023,black,hisp,f,0-4,189,0
RI,2023,black,hisp,m,5-9,196,0
RI,2023,black,hisp,f,5-9,196,0
RI,2023,black,hisp,m,10-14,209,0
RI,2023,black,hisp,f,10-14,209,0
RI,2023,black,hisp,m,15-19,209,0
RI,2023,black,hisp,f,15-19,209,0
RI,2023,black,hisp,m,20-24,215,0
RI,2023,black,hisp,f,20-24,215,0
RI,2023,black,hisp,m,25-29,228,0
RI,2023,black,hisp,f,25-29,228,0
RI,2023,black,hisp,m,30-34,228,0
RI,2023,black,hisp,f,30-34,228,0
RI,2023,black,hisp,m,35-39,222,0
RI,2023,black,hisp,f,35-39,222,0
RI,2023,black,hisp,m,40-44,205,0
RI,2023,black,hisp,f,40-44,205,0
RI,2023,black,hisp,m,45-49,196,0
RI,2023,black,hisp,f,45-49,196,0
RI,2023,black,hisp,m,50-54,209,0
RI,2023,black,hisp,f,50-54,209,0
RI,2023,black,hisp,m,55-59,218,0
RI,2023,black,hisp,f,55-59,218,0
RI,2023,black,hisp,m,60-64,209,0
RI,2023,black,hisp,f,60-64,209,0
RI,2023,black,hisp,m,65-69,176,0
RI,2023,black,hisp,f,65-69,176,0
RI,2023,black,hisp,m,70-74,147,0
RI,2023,black,hisp,f,70-74,147,0
RI,2023,black,hisp,m,75-79,104,0
RI,2023,black,hisp,f,75-79,104,0
RI,2023,black,hisp,m,80-84,52,0
RI,2023,black,hisp,f,80-84,78,0
RI,2023,black,hisp,m,85+,55,0
RI,2023,black,hisp,f,85+,82,0
RI,2023,asian,hisp,m,0-4,33,0
RI,2023,asian,hisp,f,0-4,33,0
RI,2023,asian,hisp,m,5-9,34,0
RI,2023,asian,hisp,f,5-9,34,0
RI,2023,asian,hisp,m,10-14,37,0
RI,2023,asian,hisp,f,10-14,37,0
RI,2023,asian,hisp,m,15-19,37,0
RI,2023,asian,hisp,f,15-19,37,0
RI,2023,asian,hisp,m,20-24,38,0
RI,2023,asian,hisp,f,20-24,38,0
RI,2023,asian,hisp,m,25-29,40,0
RI,2023,asian,hisp,f,25-29,40,0
RI,2023,asian,hisp,m,30-34,40,0
RI,2023,asian,hisp,f,30-34,40,0
RI,2023,asian,hisp,m,35-39,39,0
RI,2023,asian,hisp,f,35-39,39,0
RI,2023,asian,hisp,m,40-44,36,0
RI,2023,asian,hisp,f,40-44,36,0
RI,2023,asian,hisp,m,45-49,34,0
RI,2023,asian,hisp,f,45-49,34,0
RI,2023,asian,hisp,m,50-54,37,0
RI,2023,asian,hisp,f,50-54,37,0
RI,2023,asian,hisp,m,55-59,38,0
RI,2023,asian,hisp,f,55-59,38,0
RI,2023,asian,hisp,m,60-64,37,0
RI,2023,asian,hisp,f,60-64,37,0
RI,2023,asian,hisp,m,65-69,31,0
RI,2023,asian,hisp,f,65-69,31,0
RI,2023,asian,hisp,m,70-74,26,0
RI,2023,asian,hisp,f,70-74,26,0
RI,2023,asian,hisp,m,75-79,18,0
RI,2023,asian,hisp,f,75-79,18,0
RI,2023,asian,hisp,m,80-84,9,0
RI,2023,asian,hisp,f,80-84,14,0
RI,2023,asian,hisp,m,85+,10,0
RI,2023,asian,hisp,f,85+,14,0
RI,2023,other,hisp,m,0-4,4872,0
RI,2023,other,hisp,f,0-4,4872,0
RI,2023,other,hisp,m,5-9,5040,0
RI,2023,other,hisp,f,5-9,5040,0
RI,2023,other,hisp,m,10-14,5376,0
RI,2023,other,hisp,f,10-14,5376,0
RI,2023,other,hisp,m,15-19,5376,0
RI,2023,other,hisp,f,15-19,5376,0
RI,2023,other,hisp,m,20-24,5544,0
RI,2023,other,hisp,f,20-24,5544,0
RI,2023,other,hisp,m,25-29,5880,0
RI,2023,other,hisp,f,25-29,5880,0
RI,2023,other,hisp,m,30-34,5880,0
RI,2023,other,hisp,f,30-34,5880,0
RI,2023,other,hisp,m,35-39,5712,0
RI,2023,other,hisp,f,35-39,5712,0
RI,2023,other,hisp,m,40-44,5292,0
RI,2023,other,hisp,f,40-44,5292,0
RI,2023,other,hisp,m,45-49,5040,0
RI,2023,other,hisp,f,45-49,5040,0
RI,2023,other,hisp,m,50-54,5376,0
RI,2023,other,hisp,f,50-54,5376,0
RI,2023,other,hisp,m,55-59,5628,0
RI,2023,other,hisp,f,55-59,5628,0
RI,2023,other,hisp,m,60-64,5376,0
RI,2023,other,hisp,f,60-64,5376,0
RI,2023,other,hisp,m,65-69,4536,0
RI,2023,other,hisp,f,65-69,4536,0
RI,2023,other,hisp,m,70-74,3780,0
RI,2023,other,hisp,f,70-74,3780,0
RI,2023,other,hisp,m,75-79,2688,0
RI,2023,other,hisp,f,75-79,2688,0
RI,2023,other,hisp,m,80-84,1344,0
RI,2023,other,hisp,f,80-84,2016,0
RI,2023,other,hisp,m,85+,1411,0
RI,2023,other,hisp,f,85+,2117,0
SC,2023,white,non-hisp,m,0-4,96482,0
SC,2023,white,non-hisp,f,0-4,96482,0
SC,2023,white,non-hisp,m,5-9,99809,0
SC,2023,white,non-hisp,f,5-9,99809,0
SC,2023,white,non-hisp,m,10-14,106463,0
SC,2023,white,non-hisp,f,10-14,106463,0
SC,2023,white,non-hisp,m,15-19,106463,0
SC,2023,white,non-hisp,f,15-19,106463,0
SC,2023,white,non-hisp,m,20-24,109790,0
SC,2023,white,non-hisp,f,20-24,109790,0
SC,2023,white,non-hisp,m,25-29,116444,0
SC,2023,white,non-hisp,f,25-29,116444,0
SC,2023,white,non-hisp,m,30-34,116444,0
SC,2023,white,non-hisp,f,30-34,116444,0
SC,2023,white,non-hisp,m,35-39,113117,0
SC,2023,white,non-hisp,f,35-39,113117,0
SC,2023,white,non-hisp,m,40-44,104800,0
SC,2023,white,non-hisp,f,40-44,104800,0
SC,2023,white,non-hisp,m,45-49,99809,0
SC,2023,white,non-hisp,f,45-49,99809,0
SC,2023,white,non-hisp,m,50-54,106463,0
SC,2023,white,non-hisp,f,50-54,106463,0
SC,2023,white,non-hisp,m,55-59,111454,0
SC,2023,white,non-hisp,f,55-59,111454,0
SC,2023,white,non-hisp,m,60-64,106463,0
SC,2023,white,non-hisp,f,60-64,106463,0
SC,2023,white,non-hisp,m,65-69,89828,0
SC,2023,white,non-hisp,f,65-69,89828,0
SC,2023,white,non-hisp,m,70-74,74857,0
SC,2023,white,non-hisp,f,70-74,74857,0
SC,2023,white,non-hisp,m,75-79,53232,0
SC,2023,white,non-hisp,f,75-79,53232,0
SC,2023,white,non-hisp,m,80-84,26616,0
SC,2023,white,non-hisp,f,80-84,39924,0
SC,2023,white,non-hisp,m,85+,27947,0
SC,2023,white,non-hisp,f,85+,41920,0
SC,2023,black,non-hisp,m,0-4,37714,0
SC,2023,black,non-hisp,f,0-4,37714,0
SC,2023,black,non-hisp,m,5-9,39014,0
SC,2023,black,non-hisp,f,5-9,39014,0
SC,2023,black,non-hisp,m,10-14,41615,0
SC,2023,black,non-hisp,f,10-14,41615,0
SC,2023,black,non-hisp,m,15-19,41615,0
SC,2023,black,non-hisp,f,15-19,41615,0
SC,2023,black,non-hisp,m,20-24,42916,0
SC,2023,black,non-hisp,f,20-24,42916,0
SC,2023,black,non-hisp,m,25-29,45517,0
SC,2023,black,non-hisp,f,25-29,45517,0
SC,2023,black,non-hisp,m,30-34,45517,0
SC,2023,black,non-hisp,f,30-34,45517,0
SC,2023,black,non-hisp,m,35-39,44216,0
SC,2023,black,non-hisp,f,35-39,44216,0
SC,2023,black,non-hisp,m,40-44,40965,0
SC,2023,black,non-hisp,f,40-44,40965,0
SC,2023,black,non-hisp,m,45-49,39014,0
SC,2023,black,non-hisp,f,45-49,39014,0
SC,2023,black,non-hisp,m,50-54,41615,0
SC,2023,black,non-hisp,f,50-54,41615,0
SC,2023,black,non-hisp,m,55-59,43566,0
SC,2023,black,non-hisp,f,55-59,43566,0
SC,2023,black,non-hisp,m,60-64,41615,0
SC,2023,black,non-hisp,f,60-64,41615,0
SC,2023,black,non-hisp,m,65-69,35113,0
SC,2023,black,non-hisp,f,65-69,35113,0
SC,2023,black,non-hisp,m,70-74,29261,0
SC,2023,black,non-hisp,f,70-74,29261,0
SC,2023,black,non-hisp,m,75-79,20808,0
SC,2023,black,non-hisp,f,75-79,20808,0
SC,2023,black,non-hisp,m,80-84,10404,0
SC,2023,black,non-hisp,f,80-84,15606,0
SC,2023,black,non-hisp,m,85+,10924,0
SC,2023,black,non-hisp,f,85+,16386,0
SC,2023,asian,non-hisp,m,0-4,2689,0
SC,2023,asian,non-hisp,f,0-4,2689,0
SC,2023,asian,non-hisp,m,5-9,2782,0
SC,2023,asian,non-hisp,f,5-9,2782,0
SC,2023,asian,non-hisp,m,10-14,2967,0
SC,2023,asian,non-hisp,f,10-14,2967,0
SC,2023,asian,non-hisp,m,15-19,2967,0
SC,2023,asian,non-hisp,f,15-19,2967,0
SC,2023,asian,non-hisp,m,20-24,3060,0
SC,2023,asian,non-hisp,f,20-24,3060,0
SC,2023,asian,non-hisp,m,25-29,3245,0
SC,2023,asian,non-hisp,f,25-29,3245,0
SC,2023,asian,non-hisp,m,30-34,3245,0
SC,2023,asian,non-hisp,f,30-34,3245,0
SC,2023,asian,non-hisp,m,35-39,3153,0
SC,2023,asian,non-hisp,f,35-39,3153,0
SC,2023,asian,non-hisp,m,40-44,2921,0
SC,2023,asian,non-hisp,f,40-44,2921,0
SC,2023,asian,non-hisp,m,45-49,2782,0
SC,2023,asian,non-hisp,f,45-49,2782,0
SC,2023,asian,non-hisp,m,50-54,2967,0
SC,2023,asian,non-hisp,f,50-54,2967,0
SC,2023,asian,non-hisp,m,55-59,3106,0
SC,2023,asian,non-hisp,f,55-59,3106,0
SC,2023,asian,non-hisp,m,60-64,2967,0
SC,2023,asian,non-hisp,f,60-64,2967,0
SC,2023,asian,non-hisp,m,65-69,2504,0
SC,2023,asian,non-hisp,f,65-69,2504,0
SC,2023,asian,non-hisp,m,70-74,2086,0
SC,2023,asian,non-hisp,f,70-74,2086,0
SC,2023,asian,non-hisp,m,75-79,1484,0
SC,2023,asian,non-hisp,f,75-79,1484,0
SC,2023,asian,non-hisp,m,80-84,742,0
SC,2023,asian,non-hisp,f,80-84,1113,0
SC,2023,asian,non-hisp,m,85+,779,0
SC,2023,asian,non-hisp,f,85+,1168,0
SC,2023,other,non-hisp,m,0-4,7349,0
SC,2023,other,non-hisp,f,0-4,7349,0
SC,2023,other,non-hisp,m,5-9,7602,0
SC,2023,other,non-hisp,f,5-9,7602,0
SC,2023,other,non-hisp,m,10-14,8109,0
SC,2023,other,non-hisp,f,10-14,8109,0
SC,2023,other,non-hisp,m,15-19,8109,0
SC,2023,other,non-hisp,f,15-19,8109,0
SC,2023,other,non-hisp,m,20-24,8363,0
SC,2023,other,non-hisp,f,20-24,8363,0
SC,2023,other,non-hisp,m,25-29,8869,0
SC,2023,other,non-hisp,f,25-29,8869,0
SC,2023,other,non-hisp,m,30-34,8869,0
SC,2023,other,non-hisp,f,30-34,8869,0
SC,2023,other,non-hisp,m,35-39,8616,0
SC,2023,other,non-hisp,f,35-39,8616,0
SC,2023,other,non-hisp,m,40-44,7983,0
SC,2023,other,non-hisp,f,40-44,7983,0
SC,2023,other,non-hisp,m,45-49,7602,0
SC,2023,other,non-hisp,f,45-49,7602,0
SC,2023,other,non-hisp,m,50-54,8109,0
SC,2023,other,non-hisp,f,50-54,8109,0
SC,2023,other,non-hisp,m,55-59,8489,0
SC,2023,other,non-hisp,f,55-59,8489,0
SC,2023,other,non-hisp,m,60-64,8109,0
SC,2023,other,non-hisp,f,60-64,8109,0
SC,2023,other,non-hisp,m,65-69,6842,0
SC,2023,other,non-hisp,f,65-69,6842,0
SC,2023,other,non-hisp,m,70-74,5702,0
SC,2023,other,non-hisp,f,70-74,5702,0
SC,2023,other,non-hisp,m,75-79,4055,0
SC,2023,other,non-hisp,f,75-79,4055,0
SC,2023,other,non-hisp,m,80-84,2027,0
SC,2023,other,non-hisp,f,80-84,3041,0
SC,2023,other,non-hisp,m,85+,2129,0
SC,2023,other,non-hisp,f,85+,3193,0
SC,2023,white,hisp,m,0-4,2561,0
SC,2023,white,hisp,f,0-4,2561,0
SC,2023,white,hisp,m,5-9,2649,0
SC,2023,white,hisp,f,5-9,2649,0
SC,2023,white,hisp,m,10-14,2826,0
SC,2023,white,hisp,f,10-14,2826,0
SC,2023,white,hisp,m,15-19,2826,0
SC,2023,white,hisp,f,15-19,2826,0
SC,2023,white,hisp,m,20-24,2914,0
SC,2023,white,hisp,f,20-24,2914,0
SC,2023,white,hisp,m,25-29,3091,0
SC,2023,white,hisp,f,25-29,3091,0
SC,2023,white,hisp,m,30-34,3091,0
SC,2023,white,hisp,f,30-34,3091,0
SC,2023,white,hisp,m,35-39,3002,0
SC,2023,white,hisp,f,35-39,3002,0
SC,2023,white,hisp,m,40-44,2782,0
SC,2023,white,hisp,f,40-44,2782,0
SC,2023,white,hisp,m,45-49,2649,0
SC,2023,white,hisp,f,45-49,2649,0
SC,2023,white,hisp,m,50-54,2826,0
SC,2023,white,hisp,f,50-54,2826,0
SC,2023,white,hisp,m,55-59,2958,0
SC,2023,white,hisp,f,55-59,2958,0
SC,2023,white,hisp,m,60-64,2826,0
SC,2023,white,hisp,f,60-64,2826,0
SC,2023,white,hisp,m,65-69,2384,0
SC,2023,white,hisp,f,65-69,2384,0
SC,2023,white,hisp,m,70-74,1987,0
SC,2023,white,hisp,f,70-74,1987,0
SC,2023,white,hisp,m,75-79,1413,0
SC,2023,white,hisp,f,75-79,1413,0
SC,2023,white,hisp,m,80-84,706,0
SC,2023,white,hisp,f,80-84,1060,0
SC,2023,white,hisp,m,85+,742,0
SC,2023,white,hisp,f,85+,1113,0
SC,2023,black,hisp,m,0-4,306,0
SC,2023,black,hisp,f,0-4,306,0
SC,2023,black,hisp,m,5-9,316,0
SC,2023,black,hisp,f,5-9,316,0
SC,2023,black,hisp,m,10-14,338,0
SC,2023,black,hisp,f,10-14,338,0
SC,2023,black,hisp,m,15-19,338,0
SC,2023,black,hisp,f,15-19,338,0
SC,2023,black,hisp,m,20-24,348,0
SC,2023,black,hisp,f,20-24,348,0
SC,2023,black,hisp,m,25-29,369,0
SC,2023,black,hisp,f,25-29,369,0
SC,2023,black,hisp,m,30-34,369,0
SC,2023,black,hisp,f,30-34,369,0
SC,2023,black,hisp,m,35-39,359,0
SC,2023,black,hisp,f,35-39,359,0
SC,2023,black,hisp,m,40-44,332,0
SC,2023,black,hisp,f,40-44,332,0
SC,2023,black,hisp,m,45-49,316,0
SC,2023,black,hisp,f,45-49,316,0
SC,2023,black,hisp,m,50-54,338,0
SC,2023,black,hisp,f,50-54,338,0
SC,2023,black,hisp,m,55-59,353,0
SC,2023,black,hisp,f,55-59,353,0
SC,2023,black,hisp,m,60-64,338,0
SC,2023,black,hisp,f,60-64,338,0
SC,2023,black,hisp,m,65-69,285,0
SC,2023,black,hisp,f,65-69,285,0
SC,2023,black,hisp,m,70-74,237,0
SC,2023,black,hisp,f,70-74,237,0
SC,2023,black,hisp,m,75-79,169,0
SC,2023,black,hisp,f,75-79,169,0
SC,2023,black,hisp,m,80-84,84,0
SC,2023,black,hisp,f,80-84,127,0
SC,2023,black,hisp,m,85+,89,0
SC,2023,black,hisp,f,85+,133,0
SC,2023,asian,hisp,m,0-4,53,0
SC,2023,asian,hisp,f,0-4,53,0
SC,2023,asian,hisp,m,5-9,55,0
SC,2023,asian,hisp,f,5-9,55,0
SC,2023,asian,hisp,m,10-14,58,0
SC,2023,asian,hisp,f,10-14,58,0
SC,2023,asian,hisp,m,15-19,58,0
SC,2023,asian,hisp,f,15-19,58,0
SC,2023,asian,hisp,m,20-24,60,0
SC,2023,asian,hisp,f,20-24,60,0
SC,2023,asian,hisp,m,25-29,64,0
SC,2023,asian,hisp,f,25-29,64,0
SC,2023,asian,hisp,m,30-34,64,0
SC,2023,asian,hisp,f,30-34,64,0
SC,2023,asian,hisp,m,35-39,62,0
SC,2023,asian,hisp,f,35-39,62,0
SC,2023,asian,hisp,m,40-44,57,0
SC,2023,asian,hisp,f,40-44,57,0
SC,2023,asian,hisp,m,45-49,55,0
SC,2023,asian,hisp,f,45-49,55,0
SC,2023,asian,hisp,m,50-54,58,0
SC,2023,asian,hisp,f,50-54,58,0
SC,2023,asian,hisp,m,55-59,61,0
SC,2023,asian,hisp,f,55-59,61,0
SC,2023,asian,hisp,m,60-64,58,0
SC,2023,asian,hisp,f,60-64,58,0
SC,2023,asian,hisp,m,65-69,49,0
SC,2023,asian,hisp,f,65-69,49,0
SC,2023,asian,hisp,m,70-74,41,0
SC,2023,asian,hisp,f,70-74,41,0
SC,2023,asian,hisp,m,75-79,29,0
SC,2023,asian,hisp,f,75-79,29,0
SC,2023,asian,hisp,m,80-84,15,0
SC,2023,asian,hisp,f,80-84,22,0
SC,2023,asian,hisp,m,85+,15,0
SC,2023,asian,hisp,f,85+,23,0
SC,2023,other,hisp,m,0-4,8679,0
SC,2023,other,hisp,f,0-4,8679,0
SC,2023,other,hisp,m,5-9,8978,0
SC,2023,other,hisp,f,5-9,8978,0
SC,2023,other,hisp,m,10-14,9577,0
SC,2023,other,hisp,f,10-14,9577,0
SC,2023,other,hisp,m,15-19,9577,0
SC,2023,other,hisp,f,15-19,9577,0
SC,2023,other,hisp,m,20-24,9876,0
SC,2023,other,hisp,f,20-24,9876,0
SC,2023,other,hisp,m,25-29,10475,0
SC,2023,other,hisp,f,25-29,10475,0
SC,2023,other,hisp,m,30-34,10475,0
SC,2023,other,hisp,f,30-34,10475,0
SC,2023,other,hisp,m,35-39,10176,0
SC,2023,other,hisp,f,35-39,10176,0
SC,2023,other,hisp,m,40-44,9427,0
SC,2023,other,hisp,f,40-44,9427,0
SC,2023,other,hisp,m,45-49,8978,0
SC,2023,other,hisp,f,45-49,8978,0
SC,2023,other,hisp,m,50-54,9577,0
SC,2023,other,hisp,f,50-54,9577,0
SC,2023,other,hisp,m,55-59,10026,0
SC,2023,other,hisp,f,55-59,10026,0
SC,2023,other,hisp,m,60-64,9577,0
SC,2023,other,hisp,f,60-64,9577,0
SC,2023,other,hisp,m,65-69,8081,0
SC,2023,other,hisp,f,65-69,8081,0
SC,2023,other,hisp,m,70-74,6734,0
SC,2023,other,hisp,f,70-74,6734,0
SC,2023,other,hisp,m,75-79,4789,0
SC,2023,other,hisp,f,75-79,4789,0
SC,2023,other,hisp,m,80-84,2394,0
SC,2023,other,hisp,f,80-84,3591,0
SC,2023,other,hisp,m,85+,2514,0
SC,2023,other,hisp,f,85+,3771,0
SD,2023,white,non-hisp,m,0-4,21167,0
SD,2023,white,non-hisp,f,0-4,21167,0
SD,2023,white,non-hisp,m,5-9,21897,0
SD,2023,white,non-hisp,f,5-9,21897,0
SD,2023,white,non-hisp,m,10-14,23357,0
SD,2023,white,non-hisp,f,10-14,23357,0
SD,2023,white,non-hisp,m,15-19,23357,0
SD,2023,white,non-hisp,f,15-19,23357,0
SD,2023,white,non-hisp,m,20-24,24087,0
SD,2023,white,non-hisp,f,20-24,24087,0
SD,2023,white,non-hisp,m,25-29,25547,0
SD,2023,white,non-hisp,f,25-29,25547,0
SD,2023,white,non-hisp,m,30-34,25547,0
SD,2023,white,non-hisp,f,30-34,25547,0
SD,2023,white,non-hisp,m,35-39,24817,0
SD,2023,white,non-hisp,f,35-39,24817,0
SD,2023,white,non-hisp,m,40-44,22992,0
SD,2023,white,non-hisp,f,40-44,22992,0
SD,2023,white,non-hisp,m,45-49,21897,0
SD,2023,white,non-hisp,f,45-49,21897,0
SD,2023,white,non-hisp,m,50-54,23357,0
SD,2023,white,non-hisp,f,50-54,23357,0
SD,2023,white,non-hisp,m,55-59,24452,0
SD,2023,white,non-hisp,f,55-59,24452,0
SD,2023,white,non-hisp,m,60-64,23357,0
SD,2023,white,non-hisp,f,60-64,23357,0
SD,2023,white,non-hisp,m,65-69,19707,0
SD,2023,white,non-hisp,f,65-69,19707,0
SD,2023,white,non-hisp,m,70-74,16423,0
SD,2023,white,non-hisp,f,70-74,16423,0
SD,2023,white,non-hisp,m,75-79,11678,0
SD,2023,white,non-hisp,f,75-79,11678,0
SD,2023,white,non-hisp,m,80-84,5839,0
SD,2023,white,non-hisp,f,80-84,8759,0
SD,2023,white,non-hisp,m,85+,6131,0
SD,2023,white,non-hisp,f,85+,9197,0
SD,2023,black,non-hisp,m,0-4,614,0
SD,2023,black,non-hisp,f,0-4,614,0
SD,2023,black,non-hisp,m,5-9,636,0
SD,2023,black,non-hisp,f,5-9,636,0
SD,2023,black,non-hisp,m,10-14,678,0
SD,2023,black,non-hisp,f,10-14,678,0
SD,2023,black,non-hisp,m,15-19,678,0
SD,2023,black,non-hisp,f,15-19,678,0
SD,2023,black,non-hisp,m,20-24,699,0
SD,2023,black,non-hisp,f,20-24,699,0
SD,2023,black,non-hisp,m,25-29,741,0
SD,2023,black,non-hisp,f,25-29,741,0
SD,2023,black,non-hisp,m,30-34,741,0
SD,2023,black,non-hisp,f,30-34,741,0
SD,2023,black,non-hisp,m,35-39,720,0
SD,2023,black,non-hisp,f,35-39,720,0
SD,2023,black,non-hisp,m,40-44,667,0
SD,2023,black,non-hisp,f,40-44,667,0
SD,2023,black,non-hisp,m,45-49,636,0
SD,2023,black,non-hisp,f,45-49,636,0
SD,2023,black,non-hisp,m,50-54,678,0
SD,2023,black,non-hisp,f,50-54,678,0
SD,2023,black,non-hisp,m,55-59,710,0
SD,2023,black,non-hisp,f,55-59,710,0
SD,2023,black,non-hisp,m,60-64,678,0
SD,2023,black,non-hisp,f,60-64,678,0
SD,2023,black,non-hisp,m,65-69,572,0
SD,2023,black,non-hisp,f,65-69,572,0
SD,2023,black,non-hisp,m,70-74,477,0
SD,2023,black,non-hisp,f,70-74,477,0
SD,2023,black,non-hisp,m,75-79,339,0
SD,2023,black,non-hisp,f,75-79,339,0
SD,2023,black,non-hisp,m,80-84,169,0
SD,2023,black,non-hisp,f,80-84,254,0
SD,2023,black,non-hisp,m,85+,178,0
SD,2023,black,non-hisp,f,85+,267,0
SD,2023,asian,non-hisp,m,0-4,403,0
SD,2023,asian,non-hisp,f,0-4,403,0
SD,2023,asian,non-hisp,m,5-9,416,0
SD,2023,asian,non-hisp,f,5-9,416,0
SD,2023,asian,non-hisp,m,10-14,444,0
SD,2023,asian,non-hisp,f,10-14,444,0
SD,2023,asian,non-hisp,m,15-19,444,0
SD,2023,asian,non-hisp,f,15-19,444,0
SD,2023,asian,non-hisp,m,20-24,458,0
SD,2023,asian,non-hisp,f,20-24,458,0
SD,2023,asian,non-hisp,m,25-29,486,0
SD,2023,asian,non-hisp,f,25-29,486,0
SD,2023,asian,non-hisp,m,30-34,486,0
SD,2023,asian,non-hisp,f,30-34,486,0
SD,2023,asian,non-hisp,m,35-39,472,0
SD,2023,asian,non-hisp,f,35-39,472,0
SD,2023,asian,non-hisp,m,40-44,437,0
SD,2023,asian,non-hisp,f,40-44,437,0
SD,2023,asian,non-hisp,m,45-49,416,0
SD,2023,asian,non-hisp,f,45-49,416,0
SD,2023,asian,non-hisp,m,50-54,444,0
SD,2023,asian,non-hisp,f,50-54,444,0
SD,2023,asian,non-hisp,m,55-59,465,0
SD,2023,asian,non-hisp,f,55-59,465,0
SD,2023,asian,non-hisp,m,60-64,444,0
SD,2023,asian,non-hisp,f,60-64,444,0
SD,2023,asian,non-hisp,m,65-69,375,0
SD,2023,asian,non-hisp,f,65-69,375,0
SD,2023,asian,non-hisp,m,70-74,312,0
SD,2023,asian,non-hisp,f,70-74,312,0
SD,2023,asian,non-hisp,m,75-79,222,0
SD,2023,asian,non-hisp,f,75-79,222,0
SD,2023,asian,non-hisp,m,80-84,111,0
SD,2023,asian,non-hisp,f,80-84,167,0
SD,2023,asian,non-hisp,m,85+,117,0
SD,2023,asian,non-hisp,f,85+,175,0
SD,2023,other,non-hisp,m,0-4,3127,0
SD,2023,other,non-hisp,f,0-4,3127,0
SD,2023,other,non-hisp,m,5-9,3235,0
SD,2023,other,non-hisp,f,5-9,3235,0
SD,2023,other,non-hisp,m,10-14,3450,0
SD,2023,other,non-hisp,f,10-14,3450,0
SD,2023,other,non-hisp,m,15-19,3450,0
SD,2023,other,non-hisp,f,15-19,3450,0
SD,2023,other,non-hisp,m,20-24,3558,0
SD,2023,other,non-hisp,f,20-24,3558,0
SD,2023,other,non-hisp,m,25-29,3774,0
SD,2023,other,non-hisp,f,25-29,3774,0
SD,2023,other,non-hisp,m,30-34,3774,0
SD,2023,other,non-hisp,f,30-34,3774,0
SD,2023,other,non-hisp,m,35-39,3666,0
SD,2023,other,non-hisp,f,35-39,3666,0
SD,2023,other,non-hisp,m,40-44,3397,0
SD,2023,other,non-hisp,f,40-44,3397,0
SD,2023,other,non-hisp,m,45-49,3235,0
SD,2023,other,non-hisp,f,45-49,3235,0
SD,2023,other,non-hisp,m,50-54,3450,0
SD,2023,other,non-hisp,f,50-54,3450,0
SD,2023,other,non-hisp,m,55-59,3612,0
SD,2023,other,non-hisp,f,55-59,3612,0
SD,2023,other,non-hisp,m,60-64,3450,0
SD,2023,other,non-hisp,f,60-64,3450,0
SD,2023,other,non-hisp,m,65-69,2911,0
SD,2023,other,non-hisp,f,65-69,2911,0
SD,2023,other,non-hisp,m,70-74,2426,0
SD,2023,other,non-hisp,f,70-74,2426,0
SD,2023,other,non-hisp,m,75-79,1725,0
SD,2023,other,non-hisp,f,75-79,1725,0
SD,2023,other,non-hisp,m,80-84,863,0
SD,2023,other,non-hisp,f,80-84,1294,0
SD,2023,other,non-hisp,m,85+,906,0
SD,2023,other,non-hisp,f,85+,1359,0
SD,2023,white,hisp,m,0-4,283,0
SD,2023,white,hisp,f,0-4,283,0
SD,2023,white,hisp,m,5-9,293,0
SD,2023,white,hisp,f,5-9,293,0
SD,2023,white,hisp,m,10-14,313,0
SD,2023,white,hisp,f,10-14,313,0
SD,2023,white,hisp,m,15-19,313,0
SD,2023,white,hisp,f,15-19,313,0
SD,2023,white,hisp,m,20-24,323,0
SD,2023,white,hisp,f,20-24,323,0
SD,2023,white,hisp,m,25-29,342,0
SD,2023,white,hisp,f,25-29,342,0
SD,2023,white,hisp,m,30-34,342,0
SD,2023,white,hisp,f,30-34,342,0
SD,2023,white,hisp,m,35-39,332,0
SD,2023,white,hisp,f,35-39,332,0
SD,2023,white,hisp,m,40-44,308,0
SD,2023,white,hisp,f,40-44,308,0
SD,2023,white,hisp,m,45-49,293,0
SD,2023,white,hisp,f,45-49,293,0
SD,2023,white,hisp,m,50-54,313,0
SD,2023,white,hisp,f,50-54,313,0
SD,2023,white,hisp,m,55-59,327,0
SD,2023,white,hisp,f,55-59,327,0
SD,2023,white,hisp,m,60-64,313,0
SD,2023,white,hisp,f,60-64,313,0
SD,2023,white,hisp,m,65-69,264,0
SD,2023,white,hisp,f,65-69,264,0
SD,2023,white,hisp,m,70-74,220,0
SD,2023,white,hisp,f,70-74,220,0
SD,2023,white,hisp,m,75-79,156,0
SD,2023,white,hisp,f,75-79,156,0
SD,2023,white,hisp,m,80-84,78,0
SD,2023,white,hisp,f,80-84,117,0
SD,2023,white,hisp,m,85+,82,0
SD,2023,white,hisp,f,85+,123,0
SD,2023,black,hisp,m,0-4,45,0
SD,2023,black,hisp,f,0-4,45,0
SD,2023,black,hisp,m,5-9,46,0
SD,2023,black,hisp,f,5-9,46,0
SD,2023,black,hisp,m,10-14,49,0
SD,2023,black,hisp,f,10-14,49,0
SD,2023,black,hisp,m,15-19,49,0
SD,2023,black,hisp,f,15-19,49,0
SD,2023,black,hisp,m,20-24,51,0
SD,2023,black,hisp,f,20-24,51,0
SD,2023,black,hisp,m,25-29,54,0
SD,2023,black,hisp,f,25-29,54,0
SD,2023,black,hisp,m,30-34,54,0
SD,2023,black,hisp,f,30-34,54,0
SD,2023,black,hisp,m,35-39,53,0
SD,2023,black,hisp,f,35-39,53,0
SD,2023,black,hisp,m,40-44,49,0
SD,2023,black,hisp,f,40-44,49,0
SD,2023,black,hisp,m,45-49,46,0
SD,2023,black,hisp,f,45-49,46,0
SD,2023,black,hisp,m,50-54,49,0
SD,2023,black,hisp,f,50-54,49,0
SD,2023,black,hisp,m,55-59,52,0
SD,2023,black,hisp,f,55-59,52,0
SD,2023,black,hisp,m,60-64,49,0
SD,2023,black,hisp,f,60-64,49,0
SD,2023,black,hisp,m,65-69,42,0
SD,2023,black,hisp,f,65-69,42,0
SD,2023,black,hisp,m,70-74,35,0
SD,2023,black,hisp,f,70-74,35,0
SD,2023,black,hisp,m,75-79,25,0
SD,2023,black,hisp,f,75-79,25,0
SD,2023,black,hisp,m,80-84,12,0
SD,2023,black,hisp,f,80-84,19,0
SD,2023,black,hisp,m,85+,13,0
SD,2023,black,hisp,f,85+,19,0
SD,2023,asian,hisp,m,0-4,3,0
SD,2023,asian,hisp,f,0-4,3,0
SD,2023,asian,hisp,m,5-9,4,0
SD,2023,asian,hisp,f,5-9,4,0
SD,2023,asian,hisp,m,10-14,4,0
SD,2023,asian,hisp,f,10-14,4,0
SD,2023,asian,hisp,m,15-19,4,0
SD,2023,asian,hisp,f,15-19,4,0
SD,2023,asian,hisp,m,20-24,4,0
SD,2023,asian,hisp,f,20-24,4,0
SD,2023,asian,hisp,m,25-29,4,0
SD,2023,asian,hisp,f,25-29,4,0
SD,2023,asian,hisp,m,30-34,4,0
SD,2023,asian,hisp,f,30-34,4,0
SD,2023,asian,hisp,m,35-39,4,0
SD,2023,asian,hisp,f,35-39,4,0
SD,2023,asian,hisp,m,40-44,4,0
SD,2023,asian,hisp,f,40-44,4,0
SD,2023,asian,hisp,m,45-49,4,0
SD,2023,asian,hisp,f,45-49,4,0
SD,2023,asian,hisp,m,50-54,4,0
SD,2023,asian,hisp,f,50-54,4,0
SD,2023,asian,hisp,m,55-59,4,0
SD,2023,asian,hisp,f,55-59,4,0
SD,2023,asian,hisp,m,60-64,4,0
SD,2023,asian,hisp,f,60-64,4,0
SD,2023,asian,hisp,m,65-69,3,0
SD,2023,asian,hisp,f,65-69,3,0
SD,2023,asian,hisp,m,70-74,3,0
SD,2023,asian,hisp,f,70-74,3,0
SD,2023,asian,hisp,m,75-79,2,0
SD,2023,asian,hisp,f,75-79,2,0
SD,2023,asian,hisp,m,80-84,1,0
SD,2023,asian,hisp,f,80-84,1,0
SD,2023,asian,hisp,m,85+,1,0
SD,2023,asian,hisp,f,85+,1,0
SD,2023,other,hisp,m,0-4,1017,0
SD,2023,other,hisp,f,0-4,1017,0
SD,2023,other,hisp,m,5-9,1052,0
SD,2023,other,hisp,f,5-9,1052,0
SD,2023,other,hisp,m,10-14,1123,0
SD,2023,other,hisp,f,10-14,1123,0
SD,2023,other,hisp,m,15-19,1123,0
SD,2023,other,hisp,f,15-19,1123,0
SD,2023,other,hisp,m,20-24,1158,0
SD,2023,other,hisp,f,20-24,1158,0
SD,2023,other,hisp,m,25-29,1228,0
SD,2023,other,hisp,f,25-29,1228,0
SD,2023,other,hisp,m,30-34,1228,0
SD,2023,other,hisp,f,30-34,1228,0
SD,2023,other,hisp,m,35-39,1193,0
SD,2023,other,hisp,f,35-39,1193,0
SD,2023,other,hisp,m,40-44,1105,0
SD,2023,other,hisp,f,40-44,1105,0
SD,2023,other,hisp,m,45-49,1052,0
SD,2023,other,hisp,f,45-49,1052,0
SD,2023,other,hisp,m,50-54,1123,0
SD,2023,other,hisp,f,50-54,1123,0
SD,2023,other,hisp,m,55-59,1175,0
SD,2023,other,hisp,f,55-59,1175,0
SD,2023,other,hisp,m,60-64,1123,0
SD,2023,other,hisp,f,60-64,1123,0
SD,2023,other,hisp,m,65-69,947,0
SD,2023,other,hisp,f,65-69,947,0
SD,2023,other,hisp,m,70-74,789,0
SD,2023,other,hisp,f,70-74,789,0
SD,2023,other,hisp,m,75-79,561,0
SD,2023,other,hisp,f,75-79,561,0
SD,2023,other,hisp,m,80-84,281,0
SD,2023,other,hisp,f,80-84,421,0
SD,2023,other,hisp,m,85+,295,0
SD,2023,other,hisp,f,85+,442,0
TN,2023,white,non-hisp,m,0-4,146849,0
TN,2023,white,non-hisp,f,0-4,146849,0
TN,2023,white,non-hisp,m,5-9,151913,0
TN,2023,white,non-hisp,f,5-9,151913,0
TN,2023,white,non-hisp,m,10-14,162041,0
TN,2023,white,non-hisp,f,10-14,162041,0
TN,2023,white,non-hisp,m,15-19,162041,0
TN,2023,white,non-hisp,f,15-19,162041,0
TN,2023,white,non-hisp,m,20-24,167104,0
TN,2023,white,non-hisp,f,20-24,167104,0
TN,2023,white,non-hisp,m,25-29,177232,0
TN,2023,white,non-hisp,f,25-29,177232,0
TN,2023,white,non-hisp,m,30-34,177232,0
TN,2023,white,non-hisp,f,30-34,177232,0
TN,2023,white,non-hisp,m,35-39,172168,0
TN,2023,white,non-hisp,f,35-39,172168,0
TN,2023,white,non-hisp,m,40-44,159509,0
TN,2023,white,non-hisp,f,40-44,159509,0
TN,2023,white,non-hisp,m,45-49,151913,0
TN,2023,white,non-hisp,f,45-49,151913,0
TN,2023,white,non-hisp,m,50-54,162041,0
TN,2023,white,non-hisp,f,50-54,162041,0
TN,2023,white,non-hisp,m,55-59,169636,0
TN,2023,white,non-hisp,f,55-59,169636,0
TN,2023,white,non-hisp,m,60-64,162041,0
TN,2023,white,non-hisp,f,60-64,162041,0
TN,2023,white,non-hisp,m,65-69,136722,0
TN,2023,white,non-hisp,f,65-69,136722,0
TN,2023,white,non-hisp,m,70-74,113935,0
TN,2023,white,non-hisp,f,70-74,113935,0
TN,2023,white,non-hisp,m,75-79,81020,0
TN,2023,white,non-hisp,f,75-79,81020,0
TN,2023,white,non-hisp,m,80-84,40510,0
TN,2023,white,non-hisp,f,80-84,60765,0
TN,2023,white,non-hisp,m,85+,42536,0
TN,2023,white,non-hisp,f,85+,63803,0
TN,2023,black,non-hisp,m,0-4,31388,0
TN,2023,black,non-hisp,f,0-4,31388,0
TN,2023,black,non-hisp,m,5-9,32470,0
TN,2023,black,non-hisp,f,5-9,32470,0
TN,2023,black,non-hisp,m,10-14,34635,0
TN,2023,black,non-hisp,f,10-14,34635,0
TN,2023,black,non-hisp,m,15-19,34635,0
TN,2023,black,non-hisp,f,15-19,34635,0
TN,2023,black,non-hisp,m,20-24,35717,0
TN,2023,black,non-hisp,f,20-24,35717,0
TN,2023,black,non-hisp,m,25-29,37882,0
TN,2023,black,non-hisp,f,25-29,37882,0
TN,2023,black,non-hisp,m,30-34,37882,0
TN,2023,black,non-hisp,f,30-34,37882,0
TN,2023,black,non-hisp,m,35-39,36800,0
TN,2023,black,non-hisp,f,35-39,36800,0
TN,2023,black,non-hisp,m,40-44,34094,0
TN,2023,black,non-hisp,f,40-44,34094,0
TN,2023,black,non-hisp,m,45-49,32470,0
TN,2023,black,non-hisp,f,45-49,32470,0
TN,2023,black,non-hisp,m,50-54,34635,0
TN,2023,black,non-hisp,f,50-54,34635,0
TN,2023,black,non-hisp,m,55-59,36259,0
TN,2023,black,non-hisp,f,55-59,36259,0
TN,2023,black,non-hisp,m,60-64,34635,0
TN,2023,black,non-hisp,f,60-64,34635,0
TN,2023,black,non-hisp,m,65-69,29223,0
TN,2023,black,non-hisp,f,65-69,29223,0
TN,2023,black,non-hisp,m,70-74,24353,0
TN,2023,black,non-hisp,f,70-74,24353,0
TN,2023,black,non-hisp,m,75-79,17318,0
TN,2023,black,non-hisp,f,75-79,17318,0
TN,2023,black,non-hisp,m,80-84,8659,0
TN,2023,black,non-hisp,f,80-84,12988,0
TN,2023,black,non-hisp,m,85+,9092,0
TN,2023,black,non-hisp,f,85+,13638,0
TN,2023,asian,non-hisp,m,0-4,3731,0
TN,2023,asian,non-hisp,f,0-4,3731,0
TN,2023,asian,non-hisp,m,5-9,3859,0
TN,2023,asian,non-hisp,f,5-9,3859,0
TN,2023,asian,non-hisp,m,10-14,4117,0
TN,2023,asian,non-hisp,f,10-14,4117,0
TN,2023,asian,non-hisp,m,15-19,4117,0
TN,2023,asian,non-hisp,f,15-19,4117,0
TN,2023,asian,non-hisp,m,20-24,4245,0
TN,2023,asian,non-hisp,f,20-24,4245,0
TN,2023,asian,non-hisp,m,25-29,4503,0
TN,2023,asian,non-hisp,f,25-29,4503,0
TN,2023,asian,non-hisp,m,30-34,4503,0
TN,2023,asian,non-hisp,f,30-34,4503,0
TN,2023,asian,non-hisp,m,35-39,4374,0
TN,2023,asian,non-hisp,f,35-39,4374,0
TN,2023,asian,non-hisp,m,40-44,4052,0
TN,2023,asian,non-hisp,f,40-44,4052,0
TN,2023,asian,non-hisp,m,45-49,3859,0
TN,2023,asian,non-hisp,f,45-49,3859,0
TN,2023,asian,non-hisp,m,50-54,4117,0
TN,2023,asian,non-hisp,f,50-54,4117,0
TN,2023,asian,non-hisp,m,55-59,4310,0
TN,2023,asian,non-hisp,f,55-59,4310,0
TN,2023,asian,non-hisp,m,60-64,4117,0
TN,2023,asian,non-hisp,f,60-64,4117,0
TN,2023,asian,non-hisp,m,65-69,3473,0
TN,2023,asian,non-hisp,f,65-69,3473,0
TN,2023,asian,non-hisp,m,70-74,2895,0
TN,2023,asian,non-hisp,f,70-74,2895,0
TN,2023,asian,non-hisp,m,75-79,2058,0
TN,2023,asian,non-hisp,f,75-79,2058,0
TN,2023,asian,non-hisp,m,80-84,1029,0
TN,2023,asian,non-hisp,f,80-84,1544,0
TN,2023,asian,non-hisp,m,85+,1081,0
TN,2023,asian,non-hisp,f,85+,1621,0
TN,2023,other,non-hisp,m,0-4,9225,0
TN,2023,other,non-hisp,f,0-4,9225,0
TN,2023,other,non-hisp,m,5-9,9543,0
TN,2023,other,non-hisp,f,5-9,9543,0
TN,2023,other,non-hisp,m,10-14,10179,0
TN,2023,other,non-hisp,f,10-14,10179,0
TN,2023,other,non-hisp,m,15-19,10179,0
TN,2023,other,non-hisp,f,15-19,10179,0
TN,2023,other,non-hisp,m,20-24,10497,0
TN,2023,other,non-hisp,f,20-24,10497,0
TN,2023,other,non-hisp,m,25-29,11133,0
TN,2023,other,non-hisp,f,25-29,11133,0
TN,2023,other,non-hisp,m,30-34,11133,0
TN,2023,other,non-hisp,f,30-34,11133,0
TN,2023,other,non-hisp,m,35-39,10815,0
TN,2023,other,non-hisp,f,35-39,10815,0
TN,2023,other,non-hisp,m,40-44,10020,0
TN,2023,other,non-hisp,f,40-44,10020,0
TN,2023,other,non-hisp,m,45-49,9543,0
TN,2023,other,non-hisp,f,45-49,9543,0
TN,2023,other,non-hisp,m,50-54,10179,0
TN,2023,other,non-hisp,f,50-54,10179,0
TN,2023,other,non-hisp,m,55-59,10656,0
TN,2023,other,non-hisp,f,55-59,10656,0
TN,2023,other,non-hisp,m,60-64,10179,0
TN,2023,other,non-hisp,f,60-64,10179,0
TN,2023,other,non-hisp,m,65-69,8588,0
TN,2023,other,non-hisp,f,65-69,8588,0
TN,2023,other,non-hisp,m,70-74,7157,0
TN,2023,other,non-hisp,f,70-74,7157,0
TN,2023,other,non-hisp,m,75-79,5089,0
TN,2023,other,non-hisp,f,75-79,5089,0
TN,2023,other,non-hisp,m,80-84,2545,0
TN,2023,other,non-hisp,f,80-84,3817,0
TN,2023,other,non-hisp,m,85+,2672,0
TN,2023,other,non-hisp,f,85+,4008,0
TN,2023,white,hisp,m,0-4,2494,0
TN,2023,white,hisp,f,0-4,2494,0
TN,2023,white,hisp,m,5-9,2580,0
TN,2023,white,hisp,f,5-9,2580,0
TN,2023,white,hisp,m,10-14,2752,0
TN,2023,white,hisp,f,10-14,2752,0
TN,2023,white,hisp,m,15-19,2752,0
TN,2023,white,hisp,f,15-19,2752,0
TN,2023,white,hisp,m,20-24,2838,0
TN,2023,white,hisp,f,20-24,2838,0
TN,2023,white,hisp,m,25-29,3010,0
TN,2023,white,hisp,f,25-29,3010,0
TN,2023,white,hisp,m,30-34,3010,0
TN,2023,white,hisp,f,30-34,3010,0
TN,2023,white,hisp,m,35-39,2924,0
TN,2023,white,hisp,f,35-39,2924,0
TN,2023,white,hisp,m,40-44,2709,0
TN,2023,white,hisp,f,40-44,2709,0
TN,2023,white,hisp,m,45-49,2580,0
TN,2023,white,hisp,f,45-49,2580,0
TN,2023,white,hisp,m,50-54,2752,0
TN,2023,white,hisp,f,50-54,2752,0
TN,2023,white,hisp,m,55-59,2881,0
TN,2023,white,hisp,f,55-59,2881,0
TN,2023,white,hisp,m,60-64,2752,0
TN,2023,white,hisp,f,60-64,2752,0
TN,2023,white,hisp,m,65-69,2322,0
TN,2023,white,hisp,f,65-69,2322,0
TN,2023,white,hisp,m,70-74,1935,0
TN,2023,white,hisp,f,70-74,1935,0
TN,2023,white,hisp,m,75-79,1376,0
TN,2023,white,hisp,f,75-79,1376,0
TN,2023,white,hisp,m,80-84,688,0
TN,2023,white,hisp,f,80-84,1032,0
TN,2023,white,hisp,m,85+,722,0
TN,2023,white,hisp,f,85+,1083,0
TN,2023,black,hisp,m,0-4,206,0
TN,2023,black,hisp,f,0-4,206,0
TN,2023,black,hisp,m,5-9,213,0
TN,2023,black,hisp,f,5-9,213,0
TN,2023,black,hisp,m,10-14,227,0
TN,2023,black,hisp,f,10-14,227,0
TN,2023,black,hisp,m,15-19,227,0
TN,2023,black,hisp,f,15-19,227,0
TN,2023,black,hisp,m,20-24,234,0
TN,2023,black,hisp,f,20-24,234,0
TN,2023,black,hisp,m,25-29,248,0
TN,2023,black,hisp,f,25-29,248,0
TN,2023,black,hisp,m,30-34,248,0
TN,2023,black,hisp,f,30-34,248,0
TN,2023,black,hisp,m,35-39,241,0
TN,2023,black,hisp,f,35-39,241,0
TN,2023,black,hisp,m,40-44,224,0
TN,2023,black,hisp,f,40-44,224,0
TN,2023,black,hisp,m,45-49,213,0
TN,2023,black,hisp,f,45-49,213,0
TN,2023,black,hisp,m,50-54,227,0
TN,2023,black,hisp,f,50-54,227,0
TN,2023,black,hisp,m,55-59,238,0
TN,2023,black,hisp,f,55-59,238,0
TN,2023,black,hisp,m,60-64,227,0
TN,2023,black,hisp,f,60-64,227,0
TN,2023,black,hisp,m,65-69,192,0
TN,2023,black,hisp,f,65-69,192,0
TN,2023,black,hisp,m,70-74,160,0
TN,2023,black,hisp,f,70-74,160,0
TN,2023,black,hisp,m,75-79,114,0
TN,2023,black,hisp,f,75-79,114,0
TN,2023,black,hisp,m,80-84,57,0
TN,2023,black,hisp,f,80-84,85,0
TN,2023,black,hisp,m,85+,60,0
TN,2023,black,hisp,f,85+,89,0
TN,2023,asian,hisp,m,0-4,61,0
TN,2023,asian,hisp,f,0-4,61,0
TN,2023,asian,hisp,m,5-9,63,0
TN,2023,asian,hisp,f,5-9,63,0
TN,2023,asian,hisp,m,10-14,67,0
TN,2023,asian,hisp,f,10-14,67,0
TN,2023,asian,hisp,m,15-19,67,0
TN,2023,asian,hisp,f,15-19,67,0
TN,2023,asian,hisp,m,20-24,69,0
TN,2023,asian,hisp,f,20-24,69,0
TN,2023,asian,hisp,m,25-29,73,0
TN,2023,asian,hisp,f,25-29,73,0
TN,2023,asian,hisp,m,30-34,73,0
TN,2023,asian,hisp,f,30-34,73,0
TN,2023,asian,hisp,m,35-39,71,0
TN,2023,asian,hisp,f,35-39,71,0
TN,2023,asian,hisp,m,40-44,66,0
TN,2023,asian,hisp,f,40-44,66,0
TN,2023,asian,hisp,m,45-49,63,0
TN,2023,asian,hisp,f,45-49,63,0
TN,2023,asian,hisp,m,50-54,67,0
TN,2023,asian,hisp,f,50-54,67,0
TN,2023,asian,hisp,m,55-59,70,0
TN,2023,asian,hisp,f,55-59,70,0
TN,2023,asian,hisp,m,60-64,67,0
TN,2023,asian,hisp,f,60-64,67,0
TN,2023,asian,hisp,m,65-69,56,0
TN,2023,asian,hisp,f,65-69,56,0
TN,2023,asian,hisp,m,70-74,47,0
TN,2023,asian,hisp,f,70-74,47,0
TN,2023,asian,hisp,m,75-79,33,0
TN,2023,asian,hisp,f,75-79,33,0
TN,2023,asian,hisp,m,80-84,17,0
TN,2023,asian,hisp,f,80-84,25,0
TN,2023,asian,hisp,m,85+,18,0
TN,2023,asian,hisp,f,85+,26,0
TN,2023,other,hisp,m,0-4,12716,0
TN,2023,other,hisp,f,0-4,12716,0
TN,2023,other,hisp,m,5-9,13154,0
TN,2023,other,hisp,f,5-9,13154,0
TN,2023,other,hisp,m,10-14,14031,0
TN,2023,other,hisp,f,10-14,14031,0
TN,2023,other,hisp,m,15-19,14031,0
TN,2023,other,hisp,f,15-19,14031,0
TN,2023,other,hisp,m,20-24,14469,0
TN,2023,other,hisp,f,20-24,14469,0
TN,2023,other,hisp,m,25-29,15346,0
TN,2023,other,hisp,f,25-29,15346,0
TN,2023,other,hisp,m,30-34,15346,0
TN,2023,other,hisp,f,30-34,15346,0
TN,2023,other,hisp,m,35-39,14908,0
TN,2023,other,hisp,f,35-39,14908,0
TN,2023,other,hisp,m,40-44,13812,0
TN,2023,other,hisp,f,40-44,13812,0
TN,2023,other,hisp,m,45-49,13154,0
TN,2023,other,hisp,f,45-49,13154,0
TN,2023,other,hisp,m,50-54,14031,0
TN,2023,other,hisp,f,50-54,14031,0
TN,2023,other,hisp,m,55-59,14689,0
TN,2023,other,hisp,f,55-59,14689,0
TN,2023,other,hisp,m,60-64,14031,0
TN,2023,other,hisp,f,60-64,14031,0
TN,2023,other,hisp,m,65-69,11839,0
TN,2023,other,hisp,f,65-69,11839,0
TN,2023,other,hisp,m,70-74,9865,0
TN,2023,other,hisp,f,70-74,9865,0
TN,2023,other,hisp,m,75-79,7015,0
TN,2023,other,hisp,f,75-79,7015,0
TN,2023,other,hisp,m,80-84,3508,0
TN,2023,other,hisp,f,80-84,5262,0
TN,2023,other,hisp,m,85+,3683,0
TN,2023,other,hisp,f,85+,5525,0
TX,2023,white,non-hisp,m,0-4,342703,0
TX,2023,white,non-hisp,f,0-4,342703,0
TX,2023,white,non-hisp,m,5-9,354520,0
TX,2023,white,non-hisp,f,5-9,354520,0
TX,2023,white,non-hisp,m,10-14,378155,0
TX,2023,white,non-hisp,f,10-14,378155,0
TX,2023,white,non-hisp,m,15-19,378155,0
TX,2023,white,non-hisp,f,15-19,378155,0
TX,2023,white,non-hisp,m,20-24,389972,0
TX,2023,white,non-hisp,f,20-24,389972,0
TX,2023,white,non-hisp,m,25-29,413607,0
TX,2023,white,non-hisp,f,25-29,413607,0
TX,2023,white,non-hisp,m,30-34,413607,0
TX,2023,white,non-hisp,f,30-34,413607,0
TX,2023,white,non-hisp,m,35-39,401789,0
TX,2023,white,non-hisp,f,35-39,401789,0
TX,2023,white,non-hisp,m,40-44,372246,0
TX,2023,white,non-hisp,f,40-44,372246,0
TX,2023,white,non-hisp,m,45-49,354520,0
TX,2023,white,non-hisp,f,45-49,354520,0
TX,2023,white,non-hisp,m,50-54,378155,0
TX,2023,white,non-hisp,f,50-54,378155,0
TX,2023,white,non-hisp,m,55-59,395881,0
TX,2023,white,non-hisp,f,55-59,395881,0
TX,2023,white,non-hisp,m,60-64,378155,0
TX,2023,white,non-hisp,f,60-64,378155,0
TX,2023,white,non-hisp,m,65-69,319068,0
TX,2023,white,non-hisp,f,65-69,319068,0
TX,2023,white,non-hisp,m,70-74,265890,0
TX,2023,white,non-hisp,f,70-74,265890,0
TX,2023,white,non-hisp,m,75-79,189077,0
TX,2023,white,non-hisp,f,75-79,189077,0
TX,2023,white,non-hisp,m,80-84,94539,0
TX,2023,white,non-hisp,f,80-84,141808,0
TX,2023,white,non-hisp,m,85+,99266,0
TX,2023,white,non-hisp,f,85+,148898,0
TX,2023,black,non-hisp,m,0-4,106110,0
TX,2023,black,non-hisp,f,0-4,106110,0
TX,2023,black,non-hisp,m,5-9,109769,0
TX,2023,black,non-hisp,f,5-9,109769,0
TX,2023,black,non-hisp,m,10-14,117086,0
TX,2023,black,non-hisp,f,10-14,117086,0
TX,2023,black,non-hisp,m,15-19,117086,0
TX,2023,black,non-hisp,f,15-19,117086,0
TX,2023,black,non-hisp,m,20-24,120745,0
TX,2023,black,non-hisp,f,20-24,120745,0
TX,2023,black,non-hisp,m,25-29,128063,0
TX,2023,black,non-hisp,f,25-29,128063,0
TX,2023,black,non-hisp,m,30-34,128063,0
TX,2023,black,non-hisp,f,30-34,128063,0
TX,2023,black,non-hisp,m,35-39,124404,0
TX,2023,black,non-hisp,f,35-39,124404,0
TX,2023,black,non-hisp,m,40-44,115257,0
TX,2023,black,non-hisp,f,40-44,115257,0
TX,2023,black,non-hisp,m,45-49,109769,0
TX,2023,black,non-hisp,f,45-49,109769,0
TX,2023,black,non-hisp,m,50-54,117086,0
TX,2023,black,non-hisp,f,50-54,117086,0
TX,2023,black,non-hisp,m,55-59,122575,0
TX,2023,black,non-hisp,f,55-59,122575,0
TX,2023,black,non-hisp,m,60-64,117086,0
TX,2023,black,non-hisp,f,60-64,117086,0
TX,2023,black,non-hisp,m,65-69,98792,0
TX,2023,black,non-hisp,f,65-69,98792,0
TX,2023,black,non-hisp,m,70-74,82326,0
TX,2023,black,non-hisp,f,70-74,82326,0
TX,2023,black,non-hisp,m,75-79,58543,0
TX,2023,black,non-hisp,f,75-79,58543,0
TX,2023,black,non-hisp,m,80-84,29272,0
TX,2023,black,non-hisp,f,80-84,43907,0
TX,2023,black,non-hisp,m,85+,30735,0
TX,2023,black,non-hisp,f,85+,46103,0
TX,2023,asian,non-hisp,m,0-4,49511,0
TX,2023,asian,non-hisp,f,0-4,49511,0
TX,2023,asian,non-hisp,m,5-9,51218,0
TX,2023,asian,non-hisp,f,5-9,51218,0
TX,2023,asian,non-hisp,m,10-14,54632,0
TX,2023,asian,non-hisp,f,10-14,54632,0
TX,2023,asian,non-hisp,m,15-19,54632,0
TX,2023,asian,non-hisp,f,15-19,54632,0
TX,2023,asian,non-hisp,m,20-24,56340,0
TX,2023,asian,non-hisp,f,20-24,56340,0
TX,2023,asian,non-hisp,m,25-29,59754,0
TX,2023,asian,non-hisp,f,25-29,59754,0
TX,2023,asian,non-hisp,m,30-34,59754,0
TX,2023,asian,non-hisp,f,30-34,59754,0
TX,2023,asian,non-hisp,m,35-39,58047,0
TX,2023,asian,non-hisp,f,35-39,58047,0
TX,2023,asian,non-hisp,m,40-44,53779,0
TX,2023,asian,non-hisp,f,40-44,53779,0
TX,2023,asian,non-hisp,m,45-49,51218,0
TX,2023,asian,non-hisp,f,45-49,51218,0
TX,2023,asian,non-hisp,m,50-54,54632,0
TX,2023,asian,non-hisp,f,50-54,54632,0
TX,2023,asian,non-hisp,m,55-59,57193,0
TX,2023,asian,non-hisp,f,55-59,57193,0
TX,2023,asian,non-hisp,m,60-64,54632,0
TX,2023,asian,non-hisp,f,60-64,54632,0
TX,2023,asian,non-hisp,m,65-69,46096,0
TX,2023,asian,non-hisp,f,65-69,46096,0
TX,2023,asian,non-hisp,m,70-74,38413,0
TX,2023,asian,non-hisp,f,70-74,38413,0
TX,2023,asian,non-hisp,m,75-79,27316,0
TX,2023,asian,non-hisp,f,75-79,27316,0
TX,2023,asian,non-hisp,m,80-84,13658,0
TX,2023,asian,non-hisp,f,80-84,20487,0
TX,2023,asian,non-hisp,m,85+,14341,0
TX,2023,asian,non-hisp,f,85+,21511,0
TX,2023,other,non-hisp,m,0-4,34338,0
TX,2023,other,non-hisp,f,0-4,34338,0
TX,2023,other,non-hisp,m,5-9,35522,0
TX,2023,other,non-hisp,f,5-9,35522,0
TX,2023,other,non-hisp,m,10-14,37890,0
TX,2023,other,non-hisp,f,10-14,37890,0
TX,2023,other,non-hisp,m,15-19,37890,0
TX,2023,other,non-hisp,f,15-19,37890,0
TX,2023,other,non-hisp,m,20-24,39074,0
TX,2023,other,non-hisp,f,20-24,39074,0
TX,2023,other,non-hisp,m,25-29,41442,0
TX,2023,other,non-hisp,f,25-29,41442,0
TX,2023,other,non-hisp,m,30-34,41442,0
TX,2023,other,non-hisp,f,30-34,41442,0
TX,2023,other,non-hisp,m,35-39,40258,0
TX,2023,other,non-hisp,f,35-39,40258,0
TX,2023,other,non-hisp,m,40-44,37298,0
TX,2023,other,non-hisp,f,40-44,37298,0
TX,2023,other,non-hisp,m,45-49,35522,0
TX,2023,other,non-hisp,f,45-49,35522,0
TX,2023,other,non-hisp,m,50-54,37890,0
TX,2023,other,non-hisp,f,50-54,37890,0
TX,2023,other,non-hisp,m,55-59,39666,0
TX,2023,other,non-hisp,f,55-59,39666,0
TX,2023,other,non-hisp,m,60-64,37890,0
TX,2023,other,non-hisp,f,60-64,37890,0
TX,2023,other,non-hisp,m,65-69,31970,0
TX,2023,other,non-hisp,f,65-69,31970,0
TX,2023,other,non-hisp,m,70-74,26642,0
TX,2023,other,non-hisp,f,70-74,26642,0
TX,2023,other,non-hisp,m,75-79,18945,0
TX,2023,other,non-hisp,f,75-79,18945,0
TX,2023,other,non-hisp,m,80-84,9473,0
TX,2023,other,non-hisp,f,80-84,14209,0
TX,2023,other,non-hisp,m,85+,9946,0
TX,2023,other,non-hisp,f,85+,14919,0
TX,2023,white,hisp,m,0-4,79471,0
TX,2023,white,hisp,f,0-4,79471,0
TX,2023,white,hisp,m,5-9,82212,0
TX,2023,white,hisp,f,5-9,82212,0
TX,2023,white,hisp,m,10-14,87692,0
TX,2023,white,hisp,f,10-14,87692,0
TX,2023,white,hisp,m,15-19,87692,0
TX,2023,white,hisp,f,15-19,87692,0
TX,2023,white,hisp,m,20-24,90433,0
TX,2023,white,hisp,f,20-24,90433,0
TX,2023,white,hisp,m,25-29,95914,0
TX,2023,white,hisp,f,25-29,95914,0
TX,2023,white,hisp,m,30-34,95914,0
TX,2023,white,hisp,f,30-34,95914,0
TX,2023,white,hisp,m,35-39,93173,0
TX,2023,white,hisp,f,35-39,93173,0
TX,2023,white,hisp,m,40-44,86322,0
TX,2023,white,hisp,f,40-44,86322,0
TX,2023,white,hisp,m,45-49,82212,0
TX,2023,white,hisp,f,45-49,82212,0
TX,2023,white,hisp,m,50-54,87692,0
TX,2023,white,hisp,f,50-54,87692,0
TX,2023,white,hisp,m,55-59,91803,0
TX,2023,white,hisp,f,55-59,91803,0
TX,2023,white,hisp,m,60-64,87692,0
TX,2023,white,hisp,f,60-64,87692,0
TX,2023,white,hisp,m,65-69,73990,0
TX,2023,white,hisp,f,65-69,73990,0
TX,2023,white,hisp,m,70-74,61659,0
TX,2023,white,hisp,f,70-74,61659,0
TX,2023,white,hisp,m,75-79,43846,0
TX,2023,white,hisp,f,75-79,43846,0
TX,2023,white,hisp,m,80-84,21923,0
TX,2023,white,hisp,f,80-84,32885,0
TX,2023,white,hisp,m,85+,23019,0
TX,2023,white,hisp,f,85+,34529,0
TX,2023,black,hisp,m,0-4,2972,0
TX,2023,black,hisp,f,0-4,2972,0
TX,2023,black,hisp,m,5-9,3074,0
TX,2023,black,hisp,f,5-9,3074,0
TX,2023,black,hisp,m,10-14,3279,0
TX,2023,black,hisp,f,10-14,3279,0
TX,2023,black,hisp,m,15-19,3279,0
TX,2023,black,hisp,f,15-19,3279,0
TX,2023,black,hisp,m,20-24,3382,0
TX,2023,black,hisp,f,20-24,3382,0
TX,2023,black,hisp,m,25-29,3586,0
TX,2023,black,hisp,f,25-29,3586,0
TX,2023,black,hisp,m,30-34,3586,0
TX,2023,black,hisp,f,30-34,3586,0
TX,2023,black,hisp,m,35-39,3484,0
TX,2023,black,hisp,f,35-39,3484,0
TX,2023,black,hisp,m,40-44,3228,0
TX,2023,black,hisp,f,40-44,3228,0
TX,2023,black,hisp,m,45-49,3074,0
TX,2023,black,hisp,f,45-49,3074,0
TX,2023,black,hisp,m,50-54,3279,0
TX,2023,black,hisp,f,50-54,3279,0
TX,2023,black,hisp,m,55-59,3433,0
TX,2023,black,hisp,f,55-59,3433,0
TX,2023,black,hisp,m,60-64,3279,0
TX,2023,black,hisp,f,60-64,3279,0
TX,2023,black,hisp,m,65-69,2767,0
TX,2023,black,hisp,f,65-69,2767,0
TX,2023,black,hisp,m,70-74,2306,0
TX,2023,black,hisp,f,70-74,2306,0
TX,2023,black,hisp,m,75-79,1640,0
TX,2023,black,hisp,f,75-79,1640,0
TX,2023,black,hisp,m,80-84,820,0
TX,2023,black,hisp,f,80-84,1230,0
TX,2023,black,hisp,m,85+,861,0
TX,2023,black,hisp,f,85+,1291,0
TX,2023,asian,hisp,m,0-4,774,0
TX,2023,asian,hisp,f,0-4,774,0
TX,2023,asian,hisp,m,5-9,800,0
TX,2023,asian,hisp,f,5-9,800,0
TX,2023,asian,hisp,m,10-14,854,0
TX,2023,asian,hisp,f,10-14,854,0
TX,2023,asian,hisp,m,15-19,854,0
TX,2023,asian,hisp,f,15-19,854,0
TX,2023,asian,hisp,m,20-24,880,0
TX,2023,asian,hisp,f,20-24,880,0
TX,2023,asian,hisp,m,25-29,934,0
TX,2023,asian,hisp,f,25-29,934,0
TX,2023,asian,hisp,m,30-34,934,0
TX,2023,asian,hisp,f,30-34,934,0
TX,2023,asian,hisp,m,35-39,907,0
TX,2023,asian,hisp,f,35-39,907,0
TX,2023,asian,hisp,m,40-44,840,0
TX,2023,asian,hisp,f,40-44,840,0
TX,2023,asian,hisp,m,45-49,800,0
TX,2023,asian,hisp,f,45-49,800,0
TX,2023,asian,hisp,m,50-54,854,0
TX,2023,asian,hisp,f,50-54,854,0
TX,2023,asian,hisp,m,55-59,894,0
TX,2023,asian,hisp,f,55-59,894,0
TX,2023,asian,hisp,m,60-64,854,0
TX,2023,asian,hisp,f,60-64,854,0
TX,2023,asian,hisp,m,65-69,720,0
TX,2023,asian,hisp,f,65-69,720,0
TX,2023,asian,hisp,m,70-74,600,0
TX,2023,asian,hisp,f,70-74,600,0
TX,2023,asian,hisp,m,75-79,427,0
TX,2023,asian,hisp,f,75-79,427,0
TX,2023,asian,hisp,m,80-84,213,0
TX,2023,asian,hisp,f,80-84,320,0
TX,2023,asian,hisp,m,85+,224,0
TX,2023,asian,hisp,f,85+,336,0
TX,2023,other,hisp,m,0-4,268719,0
TX,2023,other,hisp,f,0-4,268719,0
TX,2023,other,hisp,m,5-9,277985,0
TX,2023,other,hisp,f,5-9,277985,0
TX,2023,other,hisp,m,10-14,296517,0
TX,2023,other,hisp,f,10-14,296517,0
TX,2023,other,hisp,m,15-19,296517,0
TX,2023,other,hisp,f,15-19,296517,0
TX,2023,other,hisp,m,20-24,305783,0
TX,2023,other,hisp,f,20-24,305783,0
TX,2023,other,hisp,m,25-29,324316,0
TX,2023,other,hisp,f,25-29,324316,0
TX,2023,other,hisp,m,30-34,324316,0
TX,2023,other,hisp,f,30-34,324316,0
TX,2023,other,hisp,m,35-39,315049,0
TX,2023,other,hisp,f,35-39,315049,0
TX,2023,other,hisp,m,40-44,291884,0
TX,2023,other,hisp,f,40-44,291884,0
TX,2023,other,hisp,m,45-49,277985,0
TX,2023,other,hisp,f,45-49,277985,0
TX,2023,other,hisp,m,50-54,296517,0
TX,2023,other,hisp,f,50-54,296517,0
TX,2023,other,hisp,m,55-59,310416,0
TX,2023,other,hisp,f,55-59,310416,0
TX,2023,other,hisp,m,60-64,296517,0
TX,2023,other,hisp,f,60-64,296517,0
TX,2023,other,hisp,m,65-69,250186,0
TX,2023,other,hisp,f,65-69,250186,0
TX,2023,other,hisp,m,70-74,208489,0
TX,2023,other,hisp,f,70-74,208489,0
TX,2023,other,hisp,m,75-79,148259,0
TX,2023,other,hisp,f,75-79,148259,0
TX,2023,other,hisp,m,80-84,74129,0
TX,2023,other,hisp,f,80-84,111194,0
TX,2023,other,hisp,m,85+,77836,0
TX,2023,other,hisp,f,85+,116754,0
UT,2023,white,non-hisp,m,0-4,73888,0
UT,2023,white,non-hisp,f,0-4,73888,0
UT,2023,white,non-hisp,m,5-9,76436,0
UT,2023,white,non-hisp,f,5-9,76436,0
UT,2023,white,non-hisp,m,10-14,81532,0
UT,2023,white,non-hisp,f,10-14,81532,0
UT,2023,white,non-hisp,m,15-19,81532,0
UT,2023,white,non-hisp,f,15-19,81532,0
UT,2023,white,non-hisp,m,20-24,84080,0
UT,2023,white,non-hisp,f,20-24,84080,0
UT,2023,white,non-hisp,m,25-29,89176,0
UT,2023,white,non-hisp,f,25-29,89176,0
UT,2023,white,non-hisp,m,30-34,89176,0
UT,2023,white,non-hisp,f,30-34,89176,0
UT,2023,white,non-hisp,m,35-39,86628,0
UT,2023,white,non-hisp,f,35-39,86628,0
UT,2023,white,non-hisp,m,40-44,80258,0
UT,2023,white,non-hisp,f,40-44,80258,0
UT,2023,white,non-hisp,m,45-49,76436,0
UT,2023,white,non-hisp,f,45-49,76436,0
UT,2023,white,non-hisp,m,50-54,81532,0
UT,2023,white,non-hisp,f,50-54,81532,0
UT,2023,white,non-hisp,m,55-59,85354,0
UT,2023,white,non-hisp,f,55-59,85354,0
UT,2023,white,non-hisp,m,60-64,81532,0
UT,2023,white,non-hisp,f,60-64,81532,0
UT,2023,white,non-hisp,m,65-69,68793,0
UT,2023,white,non-hisp,f,65-69,68793,0
UT,2023,white,non-hisp,m,70-74,57327,0
UT,2023,white,non-hisp,f,70-74,57327,0
UT,2023,white,non-hisp,m,75-79,40766,0
UT,2023,white,non-hisp,f,75-79,40766,0
UT,2023,white,non-hisp,m,80-84,20383,0
UT,2023,white,non-hisp,f,80-84,30575,0
UT,2023,white,non-hisp,m,85+,21402,0
UT,2023,white,non-hisp,f,85+,32103,0
UT,2023,black,non-hisp,m,0-4,1013,0
UT,2023,black,non-hisp,f,0-4,1013,0
UT,2023,black,non-hisp,m,5-9,1048,0
UT,2023,black,non-hisp,f,5-9,1048,0
UT,2023,black,non-hisp,m,10-14,1118,0
UT,2023,black,non-hisp,f,10-14,1118,0
UT,2023,black,non-hisp,m,15-19,1118,0
UT,2023,black,non-hisp,f,15-19,1118,0
UT,2023,black,non-hisp,m,20-24,1153,0
UT,2023,black,non-hisp,f,20-24,1153,0
UT,2023,black,non-hisp,m,25-29,1223,0
UT,2023,black,non-hisp,f,25-29,1223,0
UT,2023,black,non-hisp,m,30-34,1223,0
UT,2023,black,non-hisp,f,30-34,1223,0
UT,2023,black,non-hisp,m,35-39,1188,0
UT,2023,black,non-hisp,f,35-39,1188,0
UT,2023,black,non-hisp,m,40-44,1100,0
UT,2023,black,non-hisp,f,40-44,1100,0
UT,2023,black,non-hisp,m,45-49,1048,0
UT,2023,black,non-hisp,f,45-49,1048,0
UT,2023,black,non-hisp,m,50-54,1118,0
UT,2023,black,non-hisp,f,50-54,1118,0
UT,2023,black,non-hisp,m,55-59,1170,0
UT,2023,black,non-hisp,f,55-59,1170,0
UT,2023,black,non-hisp,m,60-64,1118,0
UT,2023,black,non-hisp,f,60-64,1118,0
UT,2023,black,non-hisp,m,65-69,943,0
UT,2023,black,non-hisp,f,65-69,943,0
UT,2023,black,non-hisp,m,70-74,786,0
UT,2023,black,non-hisp,f,70-74,786,0
UT,2023,black,non-hisp,m,75-79,559,0
UT,2023,black,non-hisp,f,75-79,559,0
UT,2023,black,non-hisp,m,80-84,279,0
UT,2023,black,non-hisp,f,80-84,419,0
UT,2023,black,non-hisp,m,85+,293,0
UT,2023,black,non-hisp,f,85+,440,0
UT,2023,asian,non-hisp,m,0-4,2414,0
UT,2023,asian,non-hisp,f,0-4,2414,0
UT,2023,asian,non-hisp,m,5-9,2497,0
UT,2023,asian,non-hisp,f,5-9,2497,0
UT,2023,asian,non-hisp,m,10-14,2664,0
UT,2023,asian,non-hisp,f,10-14,2664,0
UT,2023,asian,non-hisp,m,15-19,2664,0
UT,2023,asian,non-hisp,f,15-19,2664,0
UT,2023,asian,non-hisp,m,20-24,2747,0
UT,2023,asian,non-hisp,f,20-24,2747,0
UT,2023,asian,non-hisp,m,25-29,2913,0
UT,2023,asian,non-hisp,f,25-29,2913,0
UT,2023,asian,non-hisp,m,30-34,2913,0
UT,2023,asian,non-hisp,f,30-34,2913,0
UT,2023,asian,non-hisp,m,35-39,2830,0
UT,2023,asian,non-hisp,f,35-39,2830,0
UT,2023,asian,non-hisp,m,40-44,2622,0
UT,2023,asian,non-hisp,f,40-44,2622,0
UT,2023,asian,non-hisp,m,45-49,2497,0
UT,2023,asian,non-hisp,f,45-49,2497,0
UT,2023,asian,non-hisp,m,50-54,2664,0
UT,2023,asian,non-hisp,f,50-54,2664,0
UT,2023,asian,non-hisp,m,55-59,2789,0
UT,2023,asian,non-hisp,f,55-59,2789,0
UT,2023,asian,non-hisp,m,60-64,2664,0
UT,2023,asian,non-hisp,f,60-64,2664,0
UT,2023,asian,non-hisp,m,65-69,2248,0
UT,2023,asian,non-hisp,f,65-69,2248,0
UT,2023,asian,non-hisp,m,70-74,1873,0
UT,2023,asian,non-hisp,f,70-74,1873,0
UT,2023,asian,non-hisp,m,75-79,1332,0
UT,2023,asian,non-hisp,f,75-79,1332,0
UT,2023,asian,non-hisp,m,80-84,666,0
UT,2023,asian,non-hisp,f,80-84,999,0
UT,2023,asian,non-hisp,m,85+,699,0
UT,2023,asian,non-hisp,f,85+,1049,0
UT,2023,other,non-hisp,m,0-4,5937,0
UT,2023,other,non-hisp,f,0-4,5937,0
UT,2023,other,non-hisp,m,5-9,6142,0
UT,2023,other,non-hisp,f,5-9,6142,0
UT,2023,other,non-hisp,m,10-14,6551,0
UT,2023,other,non-hisp,f,10-14,6551,0
UT,2023,other,non-hisp,m,15-19,6551,0
UT,2023,other,non-hisp,f,15-19,6551,0
UT,2023,other,non-hisp,m,20-24,6756,0
UT,2023,other,non-hisp,f,20-24,6756,0
UT,2023,other,non-hisp,m,25-29,7166,0
UT,2023,other,non-hisp,f,25-29,7166,0
UT,2023,other,non-hisp,m,30-34,7166,0
UT,2023,other,non-hisp,f,30-34,7166,0
UT,2023,other,non-hisp,m,35-39,6961,0
UT,2023,other,non-hisp,f,35-39,6961,0
UT,2023,other,non-hisp,m,40-44,6449,0
UT,2023,other,non-hisp,f,40-44,6449,0
UT,2023,other,non-hisp,m,45-49,6142,0
UT,2023,other,non-hisp,f,45-49,6142,0
UT,2023,other,non-hisp,m,50-54,6551,0
UT,2023,other,non-hisp,f,50-54,6551,0
UT,2023,other,non-hisp,m,55-59,6859,0
UT,2023,other,non-hisp,f,55-59,6859,0
UT,2023,other,non-hisp,m,60-64,6551,0
UT,2023,other,non-hisp,f,60-64,6551,0
UT,2023,other,non-hisp,m,65-69,5528,0
UT,2023,other,non-hisp,f,65-69,5528,0
UT,2023,other,non-hisp,m,70-74,4606,0
UT,2023,other,non-hisp,f,70-74,4606,0
UT,2023,other,non-hisp,m,75-79,3276,0
UT,2023,other,non-hisp,f,75-79,3276,0
UT,2023,other,non-hisp,m,80-84,1638,0
UT,2023,other,non-hisp,f,80-84,2457,0
UT,2023,other,non-hisp,m,85+,1720,0
UT,2023,other,non-hisp,f,85+,2580,0
UT,2023,white,hisp,m,0-4,3998,0
UT,2023,white,hisp,f,0-4,3998,0
UT,2023,white,hisp,m,5-9,4136,0
UT,2023,white,hisp,f,5-9,4136,0
UT,2023,white,hisp,m,10-14,4412,0
UT,2023,white,hisp,f,10-14,4412,0
UT,2023,white,hisp,m,15-19,4412,0
UT,2023,white,hisp,f,15-19,4412,0
UT,2023,white,hisp,m,20-24,4550,0
UT,2023,white,hisp,f,20-24,4550,0
UT,2023,white,hisp,m,25-29,4825,0
UT,2023,white,hisp,f,25-29,4825,0
UT,2023,white,hisp,m,30-34,4825,0
UT,2023,white,hisp,f,30-34,4825,0
UT,2023,white,hisp,m,35-39,4688,0
UT,2023,white,hisp,f,35-39,4688,0
UT,2023,white,hisp,m,40-44,4343,0
UT,2023,white,hisp,f,40-44,4343,0
UT,2023,white,hisp,m,45-49,4136,0
UT,2023,white,hisp,f,45-49,4136,0
UT,2023,white,hisp,m,50-54,4412,0
UT,2023,white,hisp,f,50-54,4412,0
UT,2023,white,hisp,m,55-59,4619,0
UT,2023,white,hisp,f,55-59,4619,0
UT,2023,white,hisp,m,60-64,4412,0
UT,2023,white,hisp,f,60-64,4412,0
UT,2023,white,hisp,m,65-69,3722,0
UT,2023,white,hisp,f,65-69,3722,0
UT,2023,white,hisp,m,70-74,3102,0
UT,2023,white,hisp,f,70-74,3102,0
UT,2023,white,hisp,m,75-79,2206,0
UT,2023,white,hisp,f,75-79,2206,0
UT,2023,white,hisp,m,80-84,1103,0
UT,2023,white,hisp,f,80-84,1654,0
UT,2023,white,hisp,m,85+,1158,0
UT,2023,white,hisp,f,85+,1737,0
UT,2023,black,hisp,m,0-4,100,0
UT,2023,black,hisp,f,0-4,100,0
UT,2023,black,hisp,m,5-9,103,0
UT,2023,black,hisp,f,5-9,103,0
UT,2023,black,hisp,m,10-14,110,0
UT,2023,black,hisp,f,10-14,110,0
UT,2023,black,hisp,m,15-19,110,0
UT,2023,black,hisp,f,15-19,110,0
UT,2023,black,hisp,m,20-24,114,0
UT,2023,black,hisp,f,20-24,114,0
UT,2023,black,hisp,m,25-29,121,0
UT,2023,black,hisp,f,25-29,121,0
UT,2023,black,hisp,m,30-34,121,0
UT,2023,black,hisp,f,30-34,121,0
UT,2023,black,hisp,m,35-39,117,0
UT,2023,black,hisp,f,35-39,117,0
UT,2023,black,hisp,m,40-44,108,0
UT,2023,black,hisp,f,40-44,108,0
UT,2023,black,hisp,m,45-49,103,0
UT,2023,black,hisp,f,45-49,103,0
UT,2023,black,hisp,m,50-54,110,0
UT,2023,black,hisp,f,50-54,110,0
UT,2023,black,hisp,m,55-59,115,0
UT,2023,black,hisp,f,55-59,115,0
UT,2023,black,hisp,m,60-64,110,0
UT,2023,black,hisp,f,60-64,110,0
UT,2023,black,hisp,m,65-69,93,0
UT,2023,black,hisp,f,65-69,93,0
UT,2023,black,hisp,m,70-74,77,0
UT,2023,black,hisp,f,70-74,77,0
UT,2023,black,hisp,m,75-79,55,0
UT,2023,black,hisp,f,75-79,55,0
UT,2023,black,hisp,m,80-84,28,0
UT,2023,black,hisp,f,80-84,41,0
UT,2023,black,hisp,m,85+,29,0
UT,2023,black,hisp,f,85+,43,0
UT,2023,asian,hisp,m,0-4,43,0
UT,2023,asian,hisp,f,0-4,43,0
UT,2023,asian,hisp,m,5-9,45,0
UT,2023,asian,hisp,f,5-9,45,0
UT,2023,asian,hisp,m,10-14,48,0
UT,2023,asian,hisp,f,10-14,48,0
UT,2023,asian,hisp,m,15-19,48,0
UT,2023,asian,hisp,f,15-19,48,0
UT,2023,asian,hisp,m,20-24,49,0
UT,2023,asian,hisp,f,20-24,49,0
UT,2023,asian,hisp,m,25-29,52,0
UT,2023,asian,hisp,f,25-29,52,0
UT,2023,asian,hisp,m,30-34,52,0
UT,2023,asian,hisp,f,30-34,52,0
UT,2023,asian,hisp,m,35-39,51,0
UT,2023,asian,hisp,f,35-39,51,0
UT,2023,asian,hisp,m,40-44,47,0
UT,2023,asian,hisp,f,40-44,47,0
UT,2023,asian,hisp,m,45-49,45,0
UT,2023,asian,hisp,f,45-49,45,0
UT,2023,asian,hisp,m,50-54,48,0
UT,2023,asian,hisp,f,50-54,48,0
UT,2023,asian,hisp,m,55-59,50,0
UT,2023,asian,hisp,f,55-59,50,0
UT,2023,asian,hisp,m,60-64,48,0
UT,2023,asian,hisp,f,60-64,48,0
UT,2023,asian,hisp,m,65-69,40,0
UT,2023,asian,hisp,f,65-69,40,0
UT,2023,asian,hisp,m,70-74,33,0
UT,2023,asian,hisp,f,70-74,33,0
UT,2023,asian,hisp,m,75-79,24,0
UT,2023,asian,hisp,f,75-79,24,0
UT,2023,asian,hisp,m,80-84,12,0
UT,2023,asian,hisp,f,80-84,18,0
UT,2023,asian,hisp,m,85+,12,0
UT,2023,asian,hisp,f,85+,19,0
UT,2023,other,hisp,m,0-4,11720,0
UT,2023,other,hisp,f,0-4,11720,0
UT,2023,other,hisp,m,5-9,12124,0
UT,2023,other,hisp,f,5-9,12124,0
UT,2023,other,hisp,m,10-14,12933,0
UT,2023,other,hisp,f,10-14,12933,0
UT,2023,other,hisp,m,15-19,12933,0
UT,2023,other,hisp,f,15-19,12933,0
UT,2023,other,hisp,m,20-24,13337,0
UT,2023,other,hisp,f,20-24,13337,0
UT,2023,other,hisp,m,25-29,14145,0
UT,2023,other,hisp,f,25-29,14145,0
UT,2023,other,hisp,m,30-34,14145,0
UT,2023,other,hisp,f,30-34,14145,0
UT,2023,other,hisp,m,35-39,13741,0
UT,2023,other,hisp,f,35-39,13741,0
UT,2023,other,hisp,m,40-44,12731,0
UT,2023,other,hisp,f,40-44,12731,0
UT,2023,other,hisp,m,45-49,12124,0
UT,2023,other,hisp,f,45-49,12124,0
UT,2023,other,hisp,m,50-54,12933,0
UT,2023,other,hisp,f,50-54,12933,0
UT,2023,other,hisp,m,55-59,13539,0
UT,2023,other,hisp,f,55-59,13539,0
UT,2023,other,hisp,m,60-64,12933,0
UT,2023,other,hisp,f,60-64,12933,0
UT,2023,other,hisp,m,65-69,10912,0
UT,2023,other,hisp,f,65-69,10912,0
UT,2023,other,hisp,m,70-74,9093,0
UT,2023,other,hisp,f,70-74,9093,0
UT,2023,other,hisp,m,75-79,6466,0
UT,2023,other,hisp,f,75-79,6466,0
UT,2023,other,hisp,m,80-84,3233,0
UT,2023,other,hisp,f,80-84,4850,0
UT,2023,other,hisp,m,85+,3395,0
UT,2023,other,hisp,f,85+,5092,0
VT,2023,white,non-hisp,m,0-4,16763,0
VT,2023,white,non-hisp,f,0-4,16763,0
VT,2023,white,non-hisp,m,5-9,17341,0
VT,2023,white,non-hisp,f,5-9,17341,0
VT,2023,white,non-hisp,m,10-14,18497,0
VT,2023,white,non-hisp,f,10-14,18497,0
VT,2023,white,non-hisp,m,15-19,18497,0
VT,2023,white,non-hisp,f,15-19,18497,0
VT,2023,white,non-hisp,m,20-24,19075,0
VT,2023,white,non-hisp,f,20-24,19075,0
VT,2023,white,non-hisp,m,25-29,20231,0
VT,2023,white,non-hisp,f,25-29,20231,0
VT,2023,white,non-hisp,m,30-34,20231,0
VT,2023,white,non-hisp,f,30-34,20231,0
VT,2023,white,non-hisp,m,35-39,19653,0
VT,2023,white,non-hisp,f,35-39,19653,0
VT,2023,white,non-hisp,m,40-44,18208,0
VT,2023,white,non-hisp,f,40-44,18208,0
VT,2023,white,non-hisp,m,45-49,17341,0
VT,2023,white,non-hisp,f,45-49,17341,0
VT,2023,white,non-hisp,m,50-54,18497,0
VT,2023,white,non-hisp,f,50-54,18497,0
VT,2023,white,non-hisp,m,55-59,19364,0
VT,2023,white,non-hisp,f,55-59,19364,0
VT,2023,white,non-hisp,m,60-64,18497,0
VT,2023,white,non-hisp,f,60-64,18497,0
VT,2023,white,non-hisp,m,65-69,15607,0
VT,2023,white,non-hisp,f,65-69,15607,0
VT,2023,white,non-hisp,m,70-74,13006,0
VT,2023,white,non-hisp,f,70-74,13006,0
VT,2023,white,non-hisp,m,75-79,9248,0
VT,2023,white,non-hisp,f,75-79,9248,0
VT,2023,white,non-hisp,m,80-84,4624,0
VT,2023,white,non-hisp,f,80-84,6936,0
VT,2023,white,non-hisp,m,85+,4855,0
VT,2023,white,non-hisp,f,85+,7283,0
VT,2023,black,non-hisp,m,0-4,220,0
VT,2023,black,non-hisp,f,0-4,220,0
VT,2023,black,non-hisp,m,5-9,228,0
VT,2023,black,non-hisp,f,5-9,228,0
VT,2023,black,non-hisp,m,10-14,243,0
VT,2023,black,non-hisp,f,10-14,243,0
VT,2023,black,non-hisp,m,15-19,243,0
VT,2023,black,non-hisp,f,15-19,243,0
VT,2023,black,non-hisp,m,20-24,251,0
VT,2023,black,non-hisp,f,20-24,251,0
VT,2023,black,non-hisp,m,25-29,266,0
VT,2023,black,non-hisp,f,25-29,266,0
VT,2023,black,non-hisp,m,30-34,266,0
VT,2023,black,non-hisp,f,30-34,266,0
VT,2023,black,non-hisp,m,35-39,258,0
VT,2023,black,non-hisp,f,35-39,258,0
VT,2023,black,non-hisp,m,40-44,239,0
VT,2023,black,non-hisp,f,40-44,239,0
VT,2023,black,non-hisp,m,45-49,228,0
VT,2023,black,non-hisp,f,45-49,228,0
VT,2023,black,non-hisp,m,50-54,243,0
VT,2023,black,non-hisp,f,50-54,243,0
VT,2023,black,non-hisp,m,55-59,254,0
VT,2023,black,non-hisp,f,55-59,254,0
VT,2023,black,non-hisp,m,60-64,243,0
VT,2023,black,non-hisp,f,60-64,243,0
VT,2023,black,non-hisp,m,65-69,205,0
VT,2023,black,non-hisp,f,65-69,205,0
VT,2023,black,non-hisp,m,70-74,171,0
VT,2023,black,non-hisp,f,70-74,171,0
VT,2023,black,non-hisp,m,75-79,121,0
VT,2023,black,non-hisp,f,75-79,121,0
VT,2023,black,non-hisp,m,80-84,61,0
VT,2023,black,non-hisp,f,80-84,91,0
VT,2023,black,non-hisp,m,85+,64,0
VT,2023,black,non-hisp,f,85+,96,0
VT,2023,asian,non-hisp,m,0-4,320,0
VT,2023,asian,non-hisp,f,0-4,320,0
VT,2023,asian,non-hisp,m,5-9,331,0
VT,2023,asian,non-hisp,f,5-9,331,0
VT,2023,asian,non-hisp,m,10-14,353,0
VT,2023,asian,non-hisp,f,10-14,353,0
VT,2023,asian,non-hisp,m,15-19,353,0
VT,2023,asian,non-hisp,f,15-19,353,0
VT,2023,asian,non-hisp,m,20-24,364,0
VT,2023,asian,non-hisp,f,20-24,364,0
VT,2023,asian,non-hisp,m,25-29,386,0
VT,2023,asian,non-hisp,f,25-29,386,0
VT,2023,asian,non-hisp,m,30-34,386,0
VT,2023,asian,non-hisp,f,30-34,386,0
VT,2023,asian,non-hisp,m,35-39,375,0
VT,2023,asian,non-hisp,f,35-39,375,0
VT,2023,asian,non-hisp,m,40-44,347,0
VT,2023,asian,non-hisp,f,40-44,347,0
VT,2023,asian,non-hisp,m,45-49,331,0
VT,2023,asian,non-hisp,f,45-49,331,0
VT,2023,asian,non-hisp,m,50-54,353,0
VT,2023,asian,non-hisp,f,50-54,353,0
VT,2023,asian,non-hisp,m,55-59,369,0
VT,2023,asian,non-hisp,f,55-59,369,0
VT,2023,asian,non-hisp,m,60-64,353,0
VT,2023,asian,non-hisp,f,60-64,353,0
VT,2023,asian,non-hisp,m,65-69,298,0
VT,2023,asian,non-hisp,f,65-69,298,0
VT,2023,asian,non-hisp,m,70-74,248,0
VT,2023,asian,non-hisp,f,70-74,248,0
VT,2023,asian,non-hisp,m,75-79,176,0
VT,2023,asian,non-hisp,f,75-79,176,0
VT,2023,asian,non-hisp,m,80-84,88,0
VT,2023,asian,non-hisp,f,80-84,132,0
VT,2023,asian,non-hisp,m,85+,93,0
VT,2023,asian,non-hisp,f,85+,139,0
VT,2023,other,non-hisp,m,0-4,1006,0
VT,2023,other,non-hisp,f,0-4,1006,0
VT,2023,other,non-hisp,m,5-9,1041,0
VT,2023,other,non-hisp,f,5-9,1041,0
VT,2023,other,non-hisp,m,10-14,1110,0
VT,2023,other,non-hisp,f,10-14,1110,0
VT,2023,other,non-hisp,m,15-19,1110,0
VT,2023,other,non-hisp,f,15-19,1110,0
VT,2023,other,non-hisp,m,20-24,1145,0
VT,2023,other,non-hisp,f,20-24,1145,0
VT,2023,other,non-hisp,m,25-29,1214,0
VT,2023,other,non-hisp,f,25-29,1214,0
VT,2023,other,non-hisp,m,30-34,1214,0
VT,2023,other,non-hisp,f,30-34,1214,0
VT,2023,other,non-hisp,m,35-39,1179,0
VT,2023,other,non-hisp,f,35-39,1179,0
VT,2023,other,non-hisp,m,40-44,1093,0
VT,2023,other,non-hisp,f,40-44,1093,0
VT,2023,other,non-hisp,m,45-49,1041,0
VT,2023,other,non-hisp,f,45-49,1041,0
VT,2023,other,non-hisp,m,50-54,1110,0
VT,2023,other,non-hisp,f,50-54,1110,0
VT,2023,other,non-hisp,m,55-59,1162,0
VT,2023,other,non-hisp,f,55-59,1162,0
VT,2023,other,non-hisp,m,60-64,1110,0
VT,2023,other,non-hisp,f,60-64,1110,0
VT,2023,other,non-hisp,m,65-69,937,0
VT,2023,other,non-hisp,f,65-69,937,0
VT,2023,other,non-hisp,m,70-74,780,0
VT,2023,other,non-hisp,f,70-74,780,0
VT,2023,other,non-hisp,m,75-79,555,0
VT,2023,other,non-hisp,f,75-79,555,0
VT,2023,other,non-hisp,m,80-84,278,0
VT,2023,other,non-hisp,f,80-84,416,0
VT,2023,other,non-hisp,m,85+,291,0
VT,2023,other,non-hisp,f,85+,437,0
VT,2023,white,hisp,m,0-4,124,0
VT,2023,white,hisp,f,0-4,124,0
VT,2023,white,hisp,m,5-9,128,0
VT,2023,white,hisp,f,5-9,128,0
VT,2023,white,hisp,m,10-14,136,0
VT,2023,white,hisp,f,10-14,136,0
VT,2023,white,hisp,m,15-19,136,0
VT,2023,white,hisp,f,15-19,136,0
VT,2023,white,hisp,m,20-24,141,0
VT,2023,white,hisp,f,20-24,141,0
VT,2023,white,hisp,m,25-29,149,0
VT,2023,white,hisp,f,25-29,149,0
VT,2023,white,hisp,m,30-34,149,0
VT,2023,white,hisp,f,30-34,149,0
VT,2023,white,hisp,m,35-39,145,0
VT,2023,white,hisp,f,35-39,145,0
VT,2023,white,hisp,m,40-44,134,0
VT,2023,white,hisp,f,40-44,134,0
VT,2023,white,hisp,m,45-49,128,0
VT,2023,white,hisp,f,45-49,128,0
VT,2023,white,hisp,m,50-54,136,0
VT,2023,white,hisp,f,50-54,136,0
VT,2023,white,hisp,m,55-59,143,0
VT,2023,white,hisp,f,55-59,143,0
VT,2023,white,hisp,m,60-64,136,0
VT,2023,white,hisp,f,60-64,136,0
VT,2023,white,hisp,m,65-69,115,0
VT,2023,white,hisp,f,65-69,115,0
VT,2023,white,hisp,m,70-74,96,0
VT,2023,white,hisp,f,70-74,96,0
VT,2023,white,hisp,m,75-79,68,0
VT,2023,white,hisp,f,75-79,68,0
VT,2023,white,hisp,m,80-84,34,0
VT,2023,white,hisp,f,80-84,51,0
VT,2023,white,hisp,m,85+,36,0
VT,2023,white,hisp,f,85+,54,0
VT,2023,black,hisp,m,0-4,7,0
VT,2023,black,hisp,f,0-4,7,0
VT,2023,black,hisp,m,5-9,7,0
VT,2023,black,hisp,f,5-9,7,0
VT,2023,black,hisp,m,10-14,8,0
VT,2023,black,hisp,f,10-14,8,0
VT,2023,black,hisp,m,15-19,8,0
VT,2023,black,hisp,f,15-19,8,0
VT,2023,black,hisp,m,20-24,8,0
VT,2023,black,hisp,f,20-24,8,0
VT,2023,black,hisp,m,25-29,9,0
VT,2023,black,hisp,f,25-29,9,0
VT,2023,black,hisp,m,30-34,9,0
VT,2023,black,hisp,f,30-34,9,0
VT,2023,black,hisp,m,35-39,8,0
VT,2023,black,hisp,f,35-39,8,0
VT,2023,black,hisp,m,40-44,8,0
VT,2023,black,hisp,f,40-44,8,0
VT,2023,black,hisp,m,45-49,7,0
VT,2023,black,hisp,f,45-49,7,0
VT,2023,black,hisp,m,50-54,8,0
VT,2023,black,hisp,f,50-54,8,0
VT,2023,black,hisp,m,55-59,8,0
VT,2023,black,hisp,f,55-59,8,0
VT,2023,black,hisp,m,60-64,8,0
VT,2023,black,hisp,f,60-64,8,0
VT,2023,black,hisp,m,65-69,7,0
VT,2023,black,hisp,f,65-69,7,0
VT,2023,black,hisp,m,70-74,6,0
VT,2023,black,hisp,f,70-74,6,0
VT,2023,black,hisp,m,75-79,4,0
VT,2023,black,hisp,f,75-79,4,0
VT,2023,black,hisp,m,80-84,2,0
VT,2023,black,hisp,f,80-84,3,0
VT,2023,black,hisp,m,85+,2,0
VT,2023,black,hisp,f,85+,3,0
VT,2023,asian,hisp,m,0-4,5,0
VT,2023,asian,hisp,f,0-4,5,0
VT,2023,asian,hisp,m,5-9,5,0
VT,2023,asian,hisp,f,5-9,5,0
VT,2023,asian,hisp,m,10-14,6,0
VT,2023,asian,hisp,f,10-14,6,0
VT,2023,asian,hisp,m,15-19,6,0
VT,2023,asian,hisp,f,15-19,6,0
VT,2023,asian,hisp,m,20-24,6,0
VT,2023,asian,hisp,f,20-24,6,0
VT,2023,asian,hisp,m,25-29,6,0
VT,2023,asian,hisp,f,25-29,6,0
VT,2023,asian,hisp,m,30-34,6,0
VT,2023,asian,hisp,f,30-34,6,0
VT,2023,asian,hisp,m,35-39,6,0
VT,2023,asian,hisp,f,35-39,6,0
VT,2023,asian,hisp,m,40-44,5,0
VT,2023,asian,hisp,f,40-44,5,0
VT,2023,asian,hisp,m,45-49,5,0
VT,2023,asian,hisp,f,45-49,5,0
VT,2023,asian,hisp,m,50-54,6,0
VT,2023,asian,hisp,f,50-54,6,0
VT,2023,asian,hisp,m,55-59,6,0
VT,2023,asian,hisp,f,55-59,6,0
VT,2023,asian,hisp,m,60-64,6,0
VT,2023,asian,hisp,f,60-64,6,0
VT,2023,asian,hisp,m,65-69,5,0
VT,2023,asian,hisp,f,65-69,5,0
VT,2023,asian,hisp,m,70-74,4,0
VT,2023,asian,hisp,f,70-74,4,0
VT,2023,asian,hisp,m,75-79,3,0
VT,2023,asian,hisp,f,75-79,3,0
VT,2023,asian,hisp,m,80-84,1,0
VT,2023,asian,hisp,f,80-84,2,0
VT,2023,asian,hisp,m,85+,1,0
VT,2023,asian,hisp,f,85+,2,0
VT,2023,other,hisp,m,0-4,332,0
VT,2023,other,hisp,f,0-4,332,0
VT,2023,other,hisp,m,5-9,343,0
VT,2023,other,hisp,f,5-9,343,0
VT,2023,other,hisp,m,10-14,366,0
VT,2023,other,hisp,f,10-14,366,0
VT,2023,other,hisp,m,15-19,366,0
VT,2023,other,hisp,f,15-19,366,0
VT,2023,other,hisp,m,20-24,378,0
VT,2023,other,hisp,f,20-24,378,0
VT,2023,other,hisp,m,25-29,401,0
VT,2023,other,hisp,f,25-29,401,0
VT,2023,other,hisp,m,30-34,401,0
VT,2023,other,hisp,f,30-34,401,0
VT,2023,other,hisp,m,35-39,389,0
VT,2023,other,hisp,f,35-39,389,0
VT,2023,other,hisp,m,40-44,360,0
VT,2023,other,hisp,f,40-44,360,0
VT,2023,other,hisp,m,45-49,343,0
VT,2023,other,hisp,f,45-49,343,0
VT,2023,other,hisp,m,50-54,366,0
VT,2023,other,hisp,f,50-54,366,0
VT,2023,other,hisp,m,55-59,383,0
VT,2023,other,hisp,f,55-59,383,0
VT,2023,other,hisp,m,60-64,366,0
VT,2023,other,hisp,f,60-64,366,0
VT,2023,other,hisp,m,65-69,309,0
VT,2023,other,hisp,f,65-69,309,0
VT,2023,other,hisp,m,70-74,257,0
VT,2023,other,hisp,f,70-74,257,0
VT,2023,other,hisp,m,75-79,183,0
VT,2023,other,hisp,f,75-79,183,0
VT,2023,other,hisp,m,80-84,92,0
VT,2023,other,hisp,f,80-84,137,0
VT,2023,other,hisp,m,85+,96,0
VT,2023,other,hisp,f,85+,144,0
VA,2023,white,non-hisp,m,0-4,146788,0
VA,2023,white,non-hisp,f,0-4,146788,0
VA,2023,white,non-hisp,m,5-9,151849,0
VA,2023,white,non-hisp,f,5-9,151849,0
VA,2023,white,non-hisp,m,10-14,161973,0
VA,2023,white,non-hisp,f,10-14,161973,0
VA,2023,white,non-hisp,m,15-19,161973,0
VA,2023,white,non-hisp,f,15-19,161973,0
VA,2023,white,non-hisp,m,20-24,167034,0
VA,2023,white,non-hisp,f,20-24,167034,0
VA,2023,white,non-hisp,m,25-29,177158,0
VA,2023,white,non-hisp,f,25-29,177158,0
VA,2023,white,non-hisp,m,30-34,177158,0
VA,2023,white,non-hisp,f,30-34,177158,0
VA,2023,white,non-hisp,m,35-39,172096,0
VA,2023,white,non-hisp,f,35-39,172096,0
VA,2023,white,non-hisp,m,40-44,159442,0
VA,2023,white,non-hisp,f,40-44,159442,0
VA,2023,white,non-hisp,m,45-49,151849,0
VA,2023,white,non-hisp,f,45-49,151849,0
VA,2023,white,non-hisp,m,50-54,161973,0
VA,2023,white,non-hisp,f,50-54,161973,0
VA,2023,white,non-hisp,m,55-59,169565,0
VA,2023,white,non-hisp,f,55-59,169565,0
VA,2023,white,non-hisp,m,60-64,161973,0
VA,2023,white,non-hisp,f,60-64,161973,0
VA,2023,white,non-hisp,m,65-69,136664,0
VA,2023,white,non-hisp,f,65-69,136664,0
VA,2023,white,non-hisp,m,70-74,113887,0
VA,2023,white,non-hisp,f,70-74,113887,0
VA,2023,white,non-hisp,m,75-79,80986,0
VA,2023,white,non-hisp,f,75-79,80986,0
VA,2023,white,non-hisp,m,80-84,40493,0
VA,2023,white,non-hisp,f,80-84,60740,0
VA,2023,white,non-hisp,m,85+,42518,0
VA,2023,white,non-hisp,f,85+,63777,0
VA,2023,black,non-hisp,m,0-4,45698,0
VA,2023,black,non-hisp,f,0-4,45698,0
VA,2023,black,non-hisp,m,5-9,47273,0
VA,2023,black,non-hisp,f,5-9,47273,0
VA,2023,black,non-hisp,m,10-14,50425,0
VA,2023,black,non-hisp,f,10-14,50425,0
VA,2023,black,non-hisp,m,15-19,50425,0
VA,2023,black,non-hisp,f,15-19,50425,0
VA,2023,black,non-hisp,m,20-24,52001,0
VA,2023,black,non-hisp,f,20-24,52001,0
VA,2023,black,non-hisp,m,25-29,55152,0
VA,2023,black,non-hisp,f,25-29,55152,0
VA,2023,black,non-hisp,m,30-34,55152,0
VA,2023,black,non-hisp,f,30-34,55152,0
VA,2023,black,non-hisp,m,35-39,53577,0
VA,2023,black,non-hisp,f,35-39,53577,0
VA,2023,black,non-hisp,m,40-44,49637,0
VA,2023,black,non-hisp,f,40-44,49637,0
VA,2023,black,non-hisp,m,45-49,47273,0
VA,2023,black,non-hisp,f,45-49,47273,0
VA,2023,black,non-hisp,m,50-54,50425,0
VA,2023,black,non-hisp,f,50-54,50425,0
VA,2023,black,non-hisp,m,55-59,52789,0
VA,2023,black,non-hisp,f,55-59,52789,0
VA,2023,black,non-hisp,m,60-64,50425,0
VA,2023,black,non-hisp,f,60-64,50425,0
VA,2023,black,non-hisp,m,65-69,42546,0
VA,2023,black,non-hisp,f,65-69,42546,0
VA,2023,black,non-hisp,m,70-74,35455,0
VA,2023,black,non-hisp,f,70-74,35455,0
VA,2023,black,non-hisp,m,75-79,25212,0
VA,2023,black,non-hisp,f,75-79,25212,0
VA,2023,black,non-hisp,m,80-84,12606,0
VA,2023,black,non-hisp,f,80-84,18909,0
VA,2023,black,non-hisp,m,85+,13237,0
VA,2023,black,non-hisp,f,85+,19855,0
VA,2023,asian,non-hisp,m,0-4,17409,0
VA,2023,asian,non-hisp,f,0-4,17409,0
VA,2023,asian,non-hisp,m,5-9,18009,0
VA,2023,asian,non-hisp,f,5-9,18009,0
VA,2023,asian,non-hisp,m,10-14,19210,0
VA,2023,asian,non-hisp,f,10-14,19210,0
VA,2023,asian,non-hisp,m,15-19,19210,0
VA,2023,asian,non-hisp,f,15-19,19210,0
VA,2023,asian,non-hisp,m,20-24,19810,0
VA,2023,asian,non-hisp,f,20-24,19810,0
VA,2023,asian,non-hisp,m,25-29,21011,0
VA,2023,asian,non-hisp,f,25-29,21011,0
VA,2023,asian,non-hisp,m,30-34,21011,0
VA,2023,asian,non-hisp,f,30-34,21011,0
VA,2023,asian,non-hisp,m,35-39,20410,0
VA,2023,asian,non-hisp,f,35-39,20410,0
VA,2023,asian,non-hisp,m,40-44,18910,0
VA,2023,asian,non-hisp,f,40-44,18910,0
VA,2023,asian,non-hisp,m,45-49,18009,0
VA,2023,asian,non-hisp,f,45-49,18009,0
VA,2023,asian,non-hisp,m,50-54,19210,0
VA,2023,asian,non-hisp,f,50-54,19210,0
VA,2023,asian,non-hisp,m,55-59,20110,0
VA,2023,asian,non-hisp,f,55-59,20110,0
VA,2023,asian,non-hisp,m,60-64,19210,0
VA,2023,asian,non-hisp,f,60-64,19210,0
VA,2023,asian,non-hisp,m,65-69,16208,0
VA,2023,asian,non-hisp,f,65-69,16208,0
VA,2023,asian,non-hisp,m,70-74,13507,0
VA,2023,asian,non-hisp,f,70-74,13507,0
VA,2023,asian,non-hisp,m,75-79,9605,0
VA,2023,asian,non-hisp,f,75-79,9605,0
VA,2023,asian,non-hisp,m,80-84,4802,0
VA,2023,asian,non-hisp,f,80-84,7204,0
VA,2023,asian,non-hisp,m,85+,5043,0
VA,2023,asian,non-hisp,f,85+,7564,0
VA,2023,other,non-hisp,m,0-4,14730,0
VA,2023,other,non-hisp,f,0-4,14730,0
VA,2023,other,non-hisp,m,5-9,15238,0
VA,2023,other,non-hisp,f,5-9,15238,0
VA,2023,other,non-hisp,m,10-14,16253,0
VA,2023,other,non-hisp,f,10-14,16253,0
VA,2023,other,non-hisp,m,15-19,16253,0
VA,2023,other,non-hisp,f,15-19,16253,0
VA,2023,other,non-hisp,m,20-24,16761,0
VA,2023,other,non-hisp,f,20-24,16761,0
VA,2023,other,non-hisp,m,25-29,17777,0
VA,2023,other,non-hisp,f,25-29,17777,0
VA,2023,other,non-hisp,m,30-34,17777,0
VA,2023,other,non-hisp,f,30-34,17777,0
VA,2023,other,non-hisp,m,35-39,17269,0
VA,2023,other,non-hisp,f,35-39,17269,0
VA,2023,other,non-hisp,m,40-44,15999,0
VA,2023,other,non-hisp,f,40-44,15999,0
VA,2023,other,non-hisp,m,45-49,15238,0
VA,2023,other,non-hisp,f,45-49,15238,0
VA,2023,other,non-hisp,m,50-54,16253,0
VA,2023,other,non-hisp,f,50-54,16253,0
VA,2023,other,non-hisp,m,55-59,17015,0
VA,2023,other,non-hisp,f,55-59,17015,0
VA,2023,other,non-hisp,m,60-64,16253,0
VA,2023,other,non-hisp,f,60-64,16253,0
VA,2023,other,non-hisp,m,65-69,13714,0
VA,2023,other,non-hisp,f,65-69,13714,0
VA,2023,other,non-hisp,m,70-74,11428,0
VA,2023,other,non-hisp,f,70-74,11428,0
VA,2023,other,non-hisp,m,75-79,8127,0
VA,2023,other,non-hisp,f,75-79,8127,0
VA,2023,other,non-hisp,m,80-84,4063,0
VA,2023,other,non-hisp,f,80-84,6095,0
VA,2023,other,non-hisp,m,85+,4267,0
VA,2023,other,non-hisp,f,85+,6400,0
VA,2023,white,hisp,m,0-4,4439,0
VA,2023,white,hisp,f,0-4,4439,0
VA,2023,white,hisp,m,5-9,4593,0
VA,2023,white,hisp,f,5-9,4593,0
VA,2023,white,hisp,m,10-14,4899,0
VA,2023,white,hisp,f,10-14,4899,0
VA,2023,white,hisp,m,15-19,4899,0
VA,2023,white,hisp,f,15-19,4899,0
VA,2023,white,hisp,m,20-24,5052,0
VA,2023,white,hisp,f,20-24,5052,0
VA,2023,white,hisp,m,25-29,5358,0
VA,2023,white,hisp,f,25-29,5358,0
VA,2023,white,hisp,m,30-34,5358,0
VA,2023,white,hisp,f,30-34,5358,0
VA,2023,white,hisp,m,35-39,5205,0
VA,2023,white,hisp,f,35-39,5205,0
VA,2023,white,hisp,m,40-44,4822,0
VA,2023,white,hisp,f,40-44,4822,0
VA,2023,white,hisp,m,45-49,4593,0
VA,2023,white,hisp,f,45-49,4593,0
VA,2023,white,hisp,m,50-54,4899,0
VA,2023,white,hisp,f,50-54,4899,0
VA,2023,white,hisp,m,55-59,5128,0
VA,2023,white,hisp,f,55-59,5128,0
VA,2023,white,hisp,m,60-64,4899,0
VA,2023,white,hisp,f,60-64,4899,0
VA,2023,white,hisp,m,65-69,4133,0
VA,2023,white,hisp,f,65-69,4133,0
VA,2023,white,hisp,m,70-74,3444,0
VA,2023,white,hisp,f,70-74,3444,0
VA,2023,white,hisp,m,75-79,2449,0
VA,2023,white,hisp,f,75-79,2449,0
VA,2023,white,hisp,m,80-84,1225,0
VA,2023,white,hisp,f,80-84,1837,0
VA,2023,white,hisp,m,85+,1286,0
VA,2023,white,hisp,f,85+,1929,0
VA,2023,black,hisp,m,0-4,822,0
VA,2023,black,hisp,f,0-4,822,0
VA,2023,black,hisp,m,5-9,851,0
VA,2023,black,hisp,f,5-9,851,0
VA,2023,black,hisp,m,10-14,907,0
VA,2023,black,hisp,f,10-14,907,0
VA,2023,black,hisp,m,15-19,907,0
VA,2023,black,hisp,f,15-19,907,0
VA,2023,black,hisp,m,20-24,936,0
VA,2023,black,hisp,f,20-24,936,0
VA,2023,black,hisp,m,25-29,992,0
VA,2023,black,hisp,f,25-29,992,0
VA,2023,black,hisp,m,30-34,992,0
VA,2023,black,hisp,f,30-34,992,0
VA,2023,black,hisp,m,35-39,964,0
VA,2023,black,hisp,f,35-39,964,0
VA,2023,black,hisp,m,40-44,893,0
VA,2023,black,hisp,f,40-44,893,0
VA,2023,black,hisp,m,45-49,851,0
VA,2023,black,hisp,f,45-49,851,0
VA,2023,black,hisp,m,50-54,907,0
VA,2023,black,hisp,f,50-54,907,0
VA,2023,black,hisp,m,55-59,950,0
VA,2023,black,hisp,f,55-59,950,0
VA,2023,black,hisp,m,60-64,907,0
VA,2023,black,hisp,f,60-64,907,0
VA,2023,black,hisp,m,65-69,766,0
VA,2023,black,hisp,f,65-69,766,0
VA,2023,black,hisp,m,70-74,638,0
VA,2023,black,hisp,f,70-74,638,0
VA,2023,black,hisp,m,75-79,454,0
VA,2023,black,hisp,f,75-79,454,0
VA,2023,black,hisp,m,80-84,227,0
VA,2023,black,hisp,f,80-84,340,0
VA,2023,black,hisp,m,85+,238,0
VA,2023,black,hisp,f,85+,357,0
VA,2023,asian,hisp,m,0-4,101,0
VA,2023,asian,hisp,f,0-4,101,0
VA,2023,asian,hisp,m,5-9,104,0
VA,2023,asian,hisp,f,5-9,104,0
VA,2023,asian,hisp,m,10-14,111,0
VA,2023,asian,hisp,f,10-14,111,0
VA,2023,asian,hisp,m,15-19,111,0
VA,2023,asian,hisp,f,15-19,111,0
VA,2023,asian,hisp,m,20-24,115,0
VA,2023,asian,hisp,f,20-24,115,0
VA,2023,asian,hisp,m,25-29,121,0
VA,2023,asian,hisp,f,25-29,121,0
VA,2023,asian,hisp,m,30-34,121,0
VA,2023,asian,hisp,f,30-34,121,0
VA,2023,asian,hisp,m,35-39,118,0
VA,2023,asian,hisp,f,35-39,118,0
VA,2023,asian,hisp,m,40-44,109,0
VA,2023,asian,hisp,f,40-44,109,0
VA,2023,asian,hisp,m,45-49,104,0
VA,2023,asian,hisp,f,45-49,104,0
VA,2023,asian,hisp,m,50-54,111,0
VA,2023,asian,hisp,f,50-54,111,0
VA,2023,asian,hisp,m,55-59,116,0
VA,2023,asian,hisp,f,55-59,116,0
VA,2023,asian,hisp,m,60-64,111,0
VA,2023,asian,hisp,f,60-64,111,0
VA,2023,asian,hisp,m,65-69,94,0
VA,2023,asian,hisp,f,65-69,94,0
VA,2023,asian,hisp,m,70-74,78,0
VA,2023,asian,hisp,f,70-74,78,0
VA,2023,asian,hisp,m,75-79,56,0
VA,2023,asian,hisp,f,75-79,56,0
VA,2023,asian,hisp,m,80-84,28,0
VA,2023,asian,hisp,f,80-84,42,0
VA,2023,asian,hisp,m,85+,29,0
VA,2023,asian,hisp,f,85+,44,0
VA,2023,other,hisp,m,0-4,22769,0
VA,2023,other,hisp,f,0-4,22769,0
VA,2023,other,hisp,m,5-9,23554,0
VA,2023,other,hisp,f,5-9,23554,0
VA,2023,other,hisp,m,10-14,25125,0
VA,2023,other,hisp,f,10-14,25125,0
VA,2023,other,hisp,m,15-19,25125,0
VA,2023,other,hisp,f,15-19,25125,0
VA,2023,other,hisp,m,20-24,25910,0
VA,2023,other,hisp,f,20-24,25910,0
VA,2023,other,hisp,m,25-29,27480,0
VA,2023,other,hisp,f,25-29,27480,0
VA,2023,other,hisp,m,30-34,27480,0
VA,2023,other,hisp,f,30-34,27480,0
VA,2023,other,hisp,m,35-39,26695,0
VA,2023,other,hisp,f,35-39,26695,0
VA,2023,other,hisp,m,40-44,24732,0
VA,2023,other,hisp,f,40-44,24732,0
VA,2023,other,hisp,m,45-49,23554,0
VA,2023,other,hisp,f,45-49,23554,0
VA,2023,other,hisp,m,50-54,25125,0
VA,2023,other,hisp,f,50-54,25125,0
VA,2023,other,hisp,m,55-59,26302,0
VA,2023,other,hisp,f,55-59,26302,0
VA,2023,other,hisp,m,60-64,25125,0
VA,2023,other,hisp,f,60-64,25125,0
VA,2023,other,hisp,m,65-69,21199,0
VA,2023,other,hisp,f,65-69,21199,0
VA,2023,other,hisp,m,70-74,17666,0
VA,2023,other,hisp,f,70-74,17666,0
VA,2023,other,hisp,m,75-79,12562,0
VA,2023,other,hisp,f,75-79,12562,0
VA,2023,other,hisp,m,80-84,6281,0
VA,2023,other,hisp,f,80-84,9422,0
VA,2023,other,hisp,m,85+,6595,0
VA,2023,other,hisp,f,85+,9893,0
WA,2023,white,non-hisp,m,0-4,141449,0
WA,2023,white,non-hisp,f,0-4,141449,0
WA,2023,white,non-hisp,m,5-9,146327,0
WA,2023,white,non-hisp,f,5-9,146327,0
WA,2023,white,non-hisp,m,10-14,156082,0
WA,2023,white,non-hisp,f,10-14,156082,0
WA,2023,white,non-hisp,m,15-19,156082,0
WA,2023,white,non-hisp,f,15-19,156082,0
WA,2023,white,non-hisp,m,20-24,160959,0
WA,2023,white,non-hisp,f,20-24,160959,0
WA,2023,white,non-hisp,m,25-29,170714,0
WA,2023,white,non-hisp,f,25-29,170714,0
WA,2023,white,non-hisp,m,30-34,170714,0
WA,2023,white,non-hisp,f,30-34,170714,0
WA,2023,white,non-hisp,m,35-39,165837,0
WA,2023,white,non-hisp,f,35-39,165837,0
WA,2023,white,non-hisp,m,40-44,153643,0
WA,2023,white,non-hisp,f,40-44,153643,0
WA,2023,white,non-hisp,m,45-49,146327,0
WA,2023,white,non-hisp,f,45-49,146327,0
WA,2023,white,non-hisp,m,50-54,156082,0
WA,2023,white,non-hisp,f,50-54,156082,0
WA,2023,white,non-hisp,m,55-59,163398,0
WA,2023,white,non-hisp,f,55-59,163398,0
WA,2023,white,non-hisp,m,60-64,156082,0
WA,2023,white,non-hisp,f,60-64,156082,0
WA,2023,white,non-hisp,m,65-69,131694,0
WA,2023,white,non-hisp,f,65-69,131694,0
WA,2023,white,non-hisp,m,70-74,109745,0
WA,2023,white,non-hisp,f,70-74,109745,0
WA,2023,white,non-hisp,m,75-79,78041,0
WA,2023,white,non-hisp,f,75-79,78041,0
WA,2023,white,non-hisp,m,80-84,39020,0
WA,2023,white,non-hisp,f,80-84,58531,0
WA,2023,white,non-hisp,m,85+,40971,0
WA,2023,white,non-hisp,f,85+,61457,0
WA,2023,black,non-hisp,m,0-4,8840,0
WA,2023,black,non-hisp,f,0-4,8840,0
WA,2023,black,non-hisp,m,5-9,9144,0
WA,2023,black,non-hisp,f,5-9,9144,0
WA,2023,black,non-hisp,m,10-14,9754,0
WA,2023,black,non-hisp,f,10-14,9754,0
WA,2023,black,non-hisp,m,15-19,9754,0
WA,2023,black,non-hisp,f,15-19,9754,0
WA,2023,black,non-hisp,m,20-24,10059,0
WA,2023,black,non-hisp,f,20-24,10059,0
WA,2023,black,non-hisp,m,25-29,10668,0
WA,2023,black,non-hisp,f,25-29,10668,0
WA,2023,black,non-hisp,m,30-34,10668,0
WA,2023,black,non-hisp,f,30-34,10668,0
WA,2023,black,non-hisp,m,35-39,10364,0
WA,2023,black,non-hisp,f,35-39,10364,0
WA,2023,black,non-hisp,m,40-44,9602,0
WA,2023,black,non-hisp,f,40-44,9602,0
WA,2023,black,non-hisp,m,45-49,9144,0
WA,2023,black,non-hisp,f,45-49,9144,0
WA,2023,black,non-hisp,m,50-54,9754,0
WA,2023,black,non-hisp,f,50-54,9754,0
WA,2023,black,non-hisp,m,55-59,10211,0
WA,2023,black,non-hisp,f,55-59,10211,0
WA,2023,black,non-hisp,m,60-64,9754,0
WA,2023,black,non-hisp,f,60-64,9754,0
WA,2023,black,non-hisp,m,65-69,8230,0
WA,2023,black,non-hisp,f,65-69,8230,0
WA,2023,black,non-hisp,m,70-74,6858,0
WA,2023,black,non-hisp,f,70-74,6858,0
WA,2023,black,non-hisp,m,75-79,4877,0
WA,2023,black,non-hisp,f,75-79,4877,0
WA,2023,black,non-hisp,m,80-84,2438,0
WA,2023,black,non-hisp,f,80-84,3658,0
WA,2023,black,non-hisp,m,85+,2560,0
WA,2023,black,non-hisp,f,85+,3841,0
WA,2023,asian,non-hisp,m,0-4,22411,0
WA,2023,asian,non-hisp,f,0-4,22411,0
WA,2023,asian,non-hisp,m,5-9,23184,0
WA,2023,asian,non-hisp,f,5-9,23184,0
WA,2023,asian,non-hisp,m,10-14,24729,0
WA,2023,asian,non-hisp,f,10-14,24729,0
WA,2023,asian,non-hisp,m,15-19,24729,0
WA,2023,asian,non-hisp,f,15-19,24729,0
WA,2023,asian,non-hisp,m,20-24,25502,0
WA,2023,asian,non-hisp,f,20-24,25502,0
WA,2023,asian,non-hisp,m,25-29,27048,0
WA,2023,asian,non-hisp,f,25-29,27048,0
WA,2023,asian,non-hisp,m,30-34,27048,0
WA,2023,asian,non-hisp,f,30-34,27048,0
WA,2023,asian,non-hisp,m,35-39,26275,0
WA,2023,asian,non-hisp,f,35-39,26275,0
WA,2023,asian,non-hisp,m,40-44,24343,0
WA,2023,asian,non-hisp,f,40-44,24343,0
WA,2023,asian,non-hisp,m,45-49,23184,0
WA,2023,asian,non-hisp,f,45-49,23184,0
WA,2023,asian,non-hisp,m,50-54,24729,0
WA,2023,asian,non-hisp,f,50-54,24729,0
WA,2023,asian,non-hisp,m,55-59,25889,0
WA,2023,asian,non-hisp,f,55-59,25889,0
WA,2023,asian,non-hisp,m,60-64,24729,0
WA,2023,asian,non-hisp,f,60-64,24729,0
WA,2023,asian,non-hisp,m,65-69,20865,0
WA,2023,asian,non-hisp,f,65-69,20865,0
WA,2023,asian,non-hisp,m,70-74,17388,0
WA,2023,asian,non-hisp,f,70-74,17388,0
WA,2023,asian,non-hisp,m,75-79,12365,0
WA,2023,asian,non-hisp,f,75-79,12365,0
WA,2023,asian,non-hisp,m,80-84,6182,0
WA,2023,asian,non-hisp,f,80-84,9274,0
WA,2023,asian,non-hisp,m,85+,6491,0
WA,2023,asian,non-hisp,f,85+,9737,0
WA,2023,other,non-hisp,m,0-4,20756,0
WA,2023,other,non-hisp,f,0-4,20756,0
WA,2023,other,non-hisp,m,5-9,21472,0
WA,2023,other,non-hisp,f,5-9,21472,0
WA,2023,other,non-hisp,m,10-14,22904,0
WA,2023,other,non-hisp,f,10-14,22904,0
WA,2023,other,non-hisp,m,15-19,22904,0
WA,2023,other,non-hisp,f,15-19,22904,0
WA,2023,other,non-hisp,m,20-24,23619,0
WA,2023,other,non-hisp,f,20-24,23619,0
WA,2023,other,non-hisp,m,25-29,25051,0
WA,2023,other,non-hisp,f,25-29,25051,0
WA,2023,other,non-hisp,m,30-34,25051,0
WA,2023,other,non-hisp,f,30-34,25051,0
WA,2023,other,non-hisp,m,35-39,24335,0
WA,2023,other,non-hisp,f,35-39,24335,0
WA,2023,other,non-hisp,m,40-44,22546,0
WA,2023,other,non-hisp,f,40-44,22546,0
WA,2023,other,non-hisp,m,45-49,21472,0
WA,2023,other,non-hisp,f,45-49,21472,0
WA,2023,other,non-hisp,m,50-54,22904,0
WA,2023,other,non-hisp,f,50-54,22904,0
WA,2023,other,non-hisp,m,55-59,23977,0
WA,2023,other,non-hisp,f,55-59,23977,0
WA,2023,other,non-hisp,m,60-64,22904,0
WA,2023,other,non-hisp,f,60-64,22904,0
WA,2023,other,non-hisp,m,65-69,19325,0
WA,2023,other,non-hisp,f,65-69,19325,0
WA,2023,other,non-hisp,m,70-74,16104,0
WA,2023,other,non-hisp,f,70-74,16104,0
WA,2023,other,non-hisp,m,75-79,11452,0
WA,2023,other,non-hisp,f,75-79,11452,0
WA,2023,other,non-hisp,m,80-84,5726,0
WA,2023,other,non-hisp,f,80-84,8589,0
WA,2023,other,non-hisp,m,85+,6012,0
WA,2023,other,non-hisp,f,85+,9018,0
WA,2023,white,hisp,m,0-4,6244,0
WA,2023,white,hisp,f,0-4,6244,0
WA,2023,white,hisp,m,5-9,6459,0
WA,2023,white,hisp,f,5-9,6459,0
WA,2023,white,hisp,m,10-14,6890,0
WA,2023,white,hisp,f,10-14,6890,0
WA,2023,white,hisp,m,15-19,6890,0
WA,2023,white,hisp,f,15-19,6890,0
WA,2023,white,hisp,m,20-24,7105,0
WA,2023,white,hisp,f,20-24,7105,0
WA,2023,white,hisp,m,25-29,7536,0
WA,2023,white,hisp,f,25-29,7536,0
WA,2023,white,hisp,m,30-34,7536,0
WA,2023,white,hisp,f,30-34,7536,0
WA,2023,white,hisp,m,35-39,7320,0
WA,2023,white,hisp,f,35-39,7320,0
WA,2023,white,hisp,m,40-44,6782,0
WA,2023,white,hisp,f,40-44,6782,0
WA,2023,white,hisp,m,45-49,6459,0
WA,2023,white,hisp,f,45-49,6459,0
WA,2023,white,hisp,m,50-54,6890,0
WA,2023,white,hisp,f,50-54,6890,0
WA,2023,white,hisp,m,55-59,7213,0
WA,2023,white,hisp,f,55-59,7213,0
WA,2023,white,hisp,m,60-64,6890,0
WA,2023,white,hisp,f,60-64,6890,0
WA,2023,white,hisp,m,65-69,5813,0
WA,2023,white,hisp,f,65-69,5813,0
WA,2023,white,hisp,m,70-74,4844,0
WA,2023,white,hisp,f,70-74,4844,0
WA,2023,white,hisp,m,75-79,3445,0
WA,2023,white,hisp,f,75-79,3445,0
WA,2023,white,hisp,m,80-84,1722,0
WA,2023,white,hisp,f,80-84,2584,0
WA,2023,white,hisp,m,85+,1809,0
WA,2023,white,hisp,f,85+,2713,0
WA,2023,black,hisp,m,0-4,322,0
WA,2023,black,hisp,f,0-4,322,0
WA,2023,black,hisp,m,5-9,333,0
WA,2023,black,hisp,f,5-9,333,0
WA,2023,black,hisp,m,10-14,355,0
WA,2023,black,hisp,f,10-14,355,0
WA,2023,black,hisp,m,15-19,355,0
WA,2023,black,hisp,f,15-19,355,0
WA,2023,black,hisp,m,20-24,366,0
WA,2023,black,hisp,f,20-24,366,0
WA,2023,black,hisp,m,25-29,388,0
WA,2023,black,hisp,f,25-29,388,0
WA,2023,black,hisp,m,30-34,388,0
WA,2023,black,hisp,f,30-34,388,0
WA,2023,black,hisp,m,35-39,377,0
WA,2023,black,hisp,f,35-39,377,0
WA,2023,black,hisp,m,40-44,349,0
WA,2023,black,hisp,f,40-44,349,0
WA,2023,black,hisp,m,45-49,333,0
WA,2023,black,hisp,f,45-49,333,0
WA,2023,black,hisp,m,50-54,355,0
WA,2023,black,hisp,f,50-54,355,0
WA,2023,black,hisp,m,55-59,372,0
WA,2023,black,hisp,f,55-59,372,0
WA,2023,black,hisp,m,60-64,355,0
WA,2023,black,hisp,f,60-64,355,0
WA,2023,black,hisp,m,65-69,300,0
WA,2023,black,hisp,f,65-69,300,0
WA,2023,black,hisp,m,70-74,250,0
WA,2023,black,hisp,f,70-74,250,0
WA,2023,black,hisp,m,75-79,177,0
WA,2023,black,hisp,f,75-79,177,0
WA,2023,black,hisp,m,80-84,89,0
WA,2023,black,hisp,f,80-84,133,0
WA,2023,black,hisp,m,85+,93,0
WA,2023,black,hisp,f,85+,140,0
WA,2023,asian,hisp,m,0-4,229,0
WA,2023,asian,hisp,f,0-4,229,0
WA,2023,asian,hisp,m,5-9,237,0
WA,2023,asian,hisp,f,5-9,237,0
WA,2023,asian,hisp,m,10-14,252,0
WA,2023,asian,hisp,f,10-14,252,0
WA,2023,asian,hisp,m,15-19,252,0
WA,2023,asian,hisp,f,15-19,252,0
WA,2023,asian,hisp,m,20-24,260,0
WA,2023,asian,hisp,f,20-24,260,0
WA,2023,asian,hisp,m,25-29,276,0
WA,2023,asian,hisp,f,25-29,276,0
WA,2023,asian,hisp,m,30-34,276,0
WA,2023,asian,hisp,f,30-34,276,0
WA,2023,asian,hisp,m,35-39,268,0
WA,2023,asian,hisp,f,35-39,268,0
WA,2023,asian,hisp,m,40-44,248,0
WA,2023,asian,hisp,f,40-44,248,0
WA,2023,asian,hisp,m,45-49,237,0
WA,2023,asian,hisp,f,45-49,237,0
WA,2023,asian,hisp,m,50-54,252,0
WA,2023,asian,hisp,f,50-54,252,0
WA,2023,asian,hisp,m,55-59,264,0
WA,2023,asian,hisp,f,55-59,264,0
WA,2023,asian,hisp,m,60-64,252,0
WA,2023,asian,hisp,f,60-64,252,0
WA,2023,asian,hisp,m,65-69,213,0
WA,2023,asian,hisp,f,65-69,213,0
WA,2023,asian,hisp,m,70-74,177,0
WA,2023,asian,hisp,f,70-74,177,0
WA,2023,asian,hisp,m,75-79,126,0
WA,2023,asian,hisp,f,75-79,126,0
WA,2023,asian,hisp,m,80-84,63,0
WA,2023,asian,hisp,f,80-84,95,0
WA,2023,asian,hisp,m,85+,66,0
WA,2023,asian,hisp,f,85+,99,0
WA,2023,other,hisp,m,0-4,26323,0
WA,2023,other,hisp,f,0-4,26323,0
WA,2023,other,hisp,m,5-9,27231,0
WA,2023,other,hisp,f,5-9,27231,0
WA,2023,other,hisp,m,10-14,29046,0
WA,2023,other,hisp,f,10-14,29046,0
WA,2023,other,hisp,m,15-19,29046,0
WA,2023,other,hisp,f,15-19,29046,0
WA,2023,other,hisp,m,20-24,29954,0
WA,2023,other,hisp,f,20-24,29954,0
WA,2023,other,hisp,m,25-29,31769,0
WA,2023,other,hisp,f,25-29,31769,0
WA,2023,other,hisp,m,30-34,31769,0
WA,2023,other,hisp,f,30-34,31769,0
WA,2023,other,hisp,m,35-39,30861,0
WA,2023,other,hisp,f,35-39,30861,0
WA,2023,other,hisp,m,40-44,28592,0
WA,2023,other,hisp,f,40-44,28592,0
WA,2023,other,hisp,m,45-49,27231,0
WA,2023,other,hisp,f,45-49,27231,0
WA,2023,other,hisp,m,50-54,29046,0
WA,2023,other,hisp,f,50-54,29046,0
WA,2023,other,hisp,m,55-59,30408,0
WA,2023,other,hisp,f,55-59,30408,0
WA,2023,other,hisp,m,60-64,29046,0
WA,2023,other,hisp,f,60-64,29046,0
WA,2023,other,hisp,m,65-69,24508,0
WA,2023,other,hisp,f,65-69,24508,0
WA,2023,other,hisp,m,70-74,20423,0
WA,2023,other,hisp,f,70-74,20423,0
WA,2023,other,hisp,m,75-79,14523,0
WA,2023,other,hisp,f,75-79,14523,0
WA,2023,other,hisp,m,80-84,7262,0
WA,2023,other,hisp,f,80-84,10892,0
WA,2023,other,hisp,m,85+,7625,0
WA,2023,other,hisp,f,85+,11437,0
WV,2023,white,non-hisp,m,0-4,45906,0
WV,2023,white,non-hisp,f,0-4,45906,0
WV,2023,white,non-hisp,m,5-9,47488,0
WV,2023,white,non-hisp,f,5-9,47488,0
WV,2023,white,non-hisp,m,10-14,50654,0
WV,2023,white,non-hisp,f,10-14,50654,0
WV,2023,white,non-hisp,m,15-19,50654,0
WV,2023,white,non-hisp,f,15-19,50654,0
WV,2023,white,non-hisp,m,20-24,52237,0
WV,2023,white,non-hisp,f,20-24,52237,0
WV,2023,white,non-hisp,m,25-29,55403,0
WV,2023,white,non-hisp,f,25-29,55403,0
WV,2023,white,non-hisp,m,30-34,55403,0
WV,2023,white,non-hisp,f,30-34,55403,0
WV,2023,white,non-hisp,m,35-39,53820,0
WV,2023,white,non-hisp,f,35-39,53820,0
WV,2023,white,non-hisp,m,40-44,49863,0
WV,2023,white,non-hisp,f,40-44,49863,0
WV,2023,white,non-hisp,m,45-49,47488,0
WV,2023,white,non-hisp,f,45-49,47488,0
WV,2023,white,non-hisp,m,50-54,50654,0
WV,2023,white,non-hisp,f,50-54,50654,0
WV,2023,white,non-hisp,m,55-59,53029,0
WV,2023,white,non-hisp,f,55-59,53029,0
WV,2023,white,non-hisp,m,60-64,50654,0
WV,2023,white,non-hisp,f,60-64,50654,0
WV,2023,white,non-hisp,m,65-69,42740,0
WV,2023,white,non-hisp,f,65-69,42740,0
WV,2023,white,non-hisp,m,70-74,35616,0
WV,2023,white,non-hisp,f,70-74,35616,0
WV,2023,white,non-hisp,m,75-79,25327,0
WV,2023,white,non-hisp,f,75-79,25327,0
WV,2023,white,non-hisp,m,80-84,12664,0
WV,2023,white,non-hisp,f,80-84,18995,0
WV,2023,white,non-hisp,m,85+,13297,0
WV,2023,white,non-hisp,f,85+,19945,0
WV,2023,black,non-hisp,m,0-4,1621,0
WV,2023,black,non-hisp,f,0-4,1621,0
WV,2023,black,non-hisp,m,5-9,1677,0
WV,2023,black,non-hisp,f,5-9,1677,0
WV,2023,black,non-hisp,m,10-14,1789,0
WV,2023,black,non-hisp,f,10-14,1789,0
WV,2023,black,non-hisp,m,15-19,1789,0
WV,2023,black,non-hisp,f,15-19,1789,0
WV,2023,black,non-hisp,m,20-24,1845,0
WV,2023,black,non-hisp,f,20-24,1845,0
WV,2023,black,non-hisp,m,25-29,1957,0
WV,2023,black,non-hisp,f,25-29,1957,0
WV,2023,black,non-hisp,m,30-34,1957,0
WV,2023,black,non-hisp,f,30-34,1957,0
WV,2023,black,non-hisp,m,35-39,1901,0
WV,2023,black,non-hisp,f,35-39,1901,0
WV,2023,black,non-hisp,m,40-44,1761,0
WV,2023,black,non-hisp,f,40-44,1761,0
WV,2023,black,non-hisp,m,45-49,1677,0
WV,2023,black,non-hisp,f,45-49,1677,0
WV,2023,black,non-hisp,m,50-54,1789,0
WV,2023,black,non-hisp,f,50-54,1789,0
WV,2023,black,non-hisp,m,55-59,1873,0
WV,2023,black,non-hisp,f,55-59,1873,0
WV,2023,black,non-hisp,m,60-64,1789,0
WV,2023,black,non-hisp,f,60-64,1789,0
WV,2023,black,non-hisp,m,65-69,1510,0
WV,2023,black,non-hisp,f,65-69,1510,0
WV,2023,black,non-hisp,m,70-74,1258,0
WV,2023,black,non-hisp,f,70-74,1258,0
WV,2023,black,non-hisp,m,75-79,895,0
WV,2023,black,non-hisp,f,75-79,895,0
WV,2023,black,non-hisp,m,80-84,447,0
WV,2023,black,non-hisp,f,80-84,671,0
WV,2023,black,non-hisp,m,85+,470,0
WV,2023,black,non-hisp,f,85+,704,0
WV,2023,asian,non-hisp,m,0-4,362,0
WV,2023,asian,non-hisp,f,0-4,362,0
WV,2023,asian,non-hisp,m,5-9,374,0
WV,2023,asian,non-hisp,f,5-9,374,0
WV,2023,asian,non-hisp,m,10-14,399,0
WV,2023,asian,non-hisp,f,10-14,399,0
WV,2023,asian,non-hisp,m,15-19,399,0
WV,2023,asian,non-hisp,f,15-19,399,0
WV,2023,asian,non-hisp,m,20-24,412,0
WV,2023,asian,non-hisp,f,20-24,412,0
WV,2023,asian,non-hisp,m,25-29,437,0
WV,2023,asian,non-hisp,f,25-29,437,0
WV,2023,asian,non-hisp,m,30-34,437,0
WV,2023,asian,non-hisp,f,30-34,437,0
WV,2023,asian,non-hisp,m,35-39,424,0
WV,2023,asian,non-hisp,f,35-39,424,0
WV,2023,asian,non-hisp,m,40-44,393,0
WV,2023,asian,non-hisp,f,40-44,393,0
WV,2023,asian,non-hisp,m,45-49,374,0
WV,2023,asian,non-hisp,f,45-49,374,0
WV,2023,asian,non-hisp,m,50-54,399,0
WV,2023,asian,non-hisp,f,50-54,399,0
WV,2023,asian,non-hisp,m,55-59,418,0
WV,2023,asian,non-hisp,f,55-59,418,0
WV,2023,asian,non-hisp,m,60-64,399,0
WV,2023,asian,non-hisp,f,60-64,399,0
WV,2023,asian,non-hisp,m,65-69,337,0
WV,2023,asian,non-hisp,f,65-69,337,0
WV,2023,asian,non-hisp,m,70-74,281,0
WV,2023,asian,non-hisp,f,70-74,281,0
WV,2023,asian,non-hisp,m,75-79,200,0
WV,2023,asian,non-hisp,f,75-79,200,0
WV,2023,asian,non-hisp,m,80-84,100,0
WV,2023,asian,non-hisp,f,80-84,150,0
WV,2023,asian,non-hisp,m,85+,105,0
WV,2023,asian,non-hisp,f,85+,157,0
WV,2023,other,non-hisp,m,0-4,2346,0
WV,2023,other,non-hisp,f,0-4,2346,0
WV,2023,other,non-hisp,m,5-9,2427,0
WV,2023,other,non-hisp,f,5-9,2427,0
WV,2023,other,non-hisp,m,10-14,2589,0
WV,2023,other,non-hisp,f,10-14,2589,0
WV,2023,other,non-hisp,m,15-19,2589,0
WV,2023,other,non-hisp,f,15-19,2589,0
WV,2023,other,non-hisp,m,20-24,2669,0
WV,2023,other,non-hisp,f,20-24,2669,0
WV,2023,other,non-hisp,m,25-29,2831,0
WV,2023,other,non-hisp,f,25-29,2831,0
WV,2023,other,non-hisp,m,30-34,2831,0
WV,2023,other,non-hisp,f,30-34,2831,0
WV,2023,other,non-hisp,m,35-39,2750,0
WV,2023,other,non-hisp,f,35-39,2750,0
WV,2023,other,non-hisp,m,40-44,2548,0
WV,2023,other,non-hisp,f,40-44,2548,0
WV,2023,other,non-hisp,m,45-49,2427,0
WV,2023,other,non-hisp,f,45-49,2427,0
WV,2023,other,non-hisp,m,50-54,2589,0
WV,2023,other,non-hisp,f,50-54,2589,0
WV,2023,other,non-hisp,m,55-59,2710,0
WV,2023,other,non-hisp,f,55-59,2710,0
WV,2023,other,non-hisp,m,60-64,2589,0
WV,2023,other,non-hisp,f,60-64,2589,0
WV,2023,other,non-hisp,m,65-69,2184,0
WV,2023,other,non-hisp,f,65-69,2184,0
WV,2023,other,non-hisp,m,70-74,1820,0
WV,2023,other,non-hisp,f,70-74,1820,0
WV,2023,other,non-hisp,m,75-79,1294,0
WV,2023,other,non-hisp,f,75-79,1294,0
WV,2023,other,non-hisp,m,80-84,647,0
WV,2023,other,non-hisp,f,80-84,971,0
WV,2023,other,non-hisp,m,85+,680,0
WV,2023,other,non-hisp,f,85+,1019,0
WV,2023,white,hisp,m,0-4,323,0
WV,2023,white,hisp,f,0-4,323,0
WV,2023,white,hisp,m,5-9,334,0
WV,2023,white,hisp,f,5-9,334,0
WV,2023,white,hisp,m,10-14,356,0
WV,2023,white,hisp,f,10-14,356,0
WV,2023,white,hisp,m,15-19,356,0
WV,2023,white,hisp,f,15-19,356,0
WV,2023,white,hisp,m,20-24,367,0
WV,2023,white,hisp,f,20-24,367,0
WV,2023,white,hisp,m,25-29,390,0
WV,2023,white,hisp,f,25-29,390,0
WV,2023,white,hisp,m,30-34,390,0
WV,2023,white,hisp,f,30-34,390,0
WV,2023,white,hisp,m,35-39,379,0
WV,2023,white,hisp,f,35-39,379,0
WV,2023,white,hisp,m,40-44,351,0
WV,2023,white,hisp,f,40-44,351,0
WV,2023,white,hisp,m,45-49,334,0
WV,2023,white,hisp,f,45-49,334,0
WV,2023,white,hisp,m,50-54,356,0
WV,2023,white,hisp,f,50-54,356,0
WV,2023,white,hisp,m,55-59,373,0
WV,2023,white,hisp,f,55-59,373,0
WV,2023,white,hisp,m,60-64,356,0
WV,2023,white,hisp,f,60-64,356,0
WV,2023,white,hisp,m,65-69,301,0
WV,2023,white,hisp,f,65-69,301,0
WV,2023,white,hisp,m,70-74,251,0
WV,2023,white,hisp,f,70-74,251,0
WV,2023,white,hisp,m,75-79,178,0
WV,2023,white,hisp,f,75-79,178,0
WV,2023,white,hisp,m,80-84,89,0
WV,2023,white,hisp,f,80-84,134,0
WV,2023,white,hisp,m,85+,94,0
WV,2023,white,hisp,f,85+,140,0
WV,2023,black,hisp,m,0-4,41,0
WV,2023,black,hisp,f,0-4,41,0
WV,2023,black,hisp,m,5-9,43,0
WV,2023,black,hisp,f,5-9,43,0
WV,2023,black,hisp,m,10-14,46,0
WV,2023,black,hisp,f,10-14,46,0
WV,2023,black,hisp,m,15-19,46,0
WV,2023,black,hisp,f,15-19,46,0
WV,2023,black,hisp,m,20-24,47,0
WV,2023,black,hisp,f,20-24,47,0
WV,2023,black,hisp,m,25-29,50,0
WV,2023,black,hisp,f,25-29,50,0
WV,2023,black,hisp,m,30-34,50,0
WV,2023,black,hisp,f,30-34,50,0
WV,2023,black,hisp,m,35-39,49,0
WV,2023,black,hisp,f,35-39,49,0
WV,2023,black,hisp,m,40-44,45,0
WV,2023,black,hisp,f,40-44,45,0
WV,2023,black,hisp,m,45-49,43,0
WV,2023,black,hisp,f,45-49,43,0
WV,2023,black,hisp,m,50-54,46,0
WV,2023,black,hisp,f,50-54,46,0
WV,2023,black,hisp,m,55-59,48,0
WV,2023,black,hisp,f,55-59,48,0
WV,2023,black,hisp,m,60-64,46,0
WV,2023,black,hisp,f,60-64,46,0
WV,2023,black,hisp,m,65-69,39,0
WV,2023,black,hisp,f,65-69,39,0
WV,2023,black,hisp,m,70-74,32,0
WV,2023,black,hisp,f,70-74,32,0
WV,2023,black,hisp,m,75-79,23,0
WV,2023,black,hisp,f,75-79,23,0
WV,2023,black,hisp,m,80-84,11,0
WV,2023,black,hisp,f,80-84,17,0
WV,2023,black,hisp,m,85+,12,0
WV,2023,black,hisp,f,85+,18,0
WV,2023,asian,hisp,m,0-4,5,0
WV,2023,asian,hisp,f,0-4,5,0
WV,2023,asian,hisp,m,5-9,5,0
WV,2023,asian,hisp,f,5-9,5,0
WV,2023,asian,hisp,m,10-14,6,0
WV,2023,asian,hisp,f,10-14,6,0
WV,2023,asian,hisp,m,15-19,6,0
WV,2023,asian,hisp,f,15-19,6,0
WV,2023,asian,hisp,m,20-24,6,0
WV,2023,asian,hisp,f,20-24,6,0
WV,2023,asian,hisp,m,25-29,6,0
WV,2023,asian,hisp,f,25-29,6,0
WV,2023,asian,hisp,m,30-34,6,0
WV,2023,asian,hisp,f,30-34,6,0
WV,2023,asian,hisp,m,35-39,6,0
WV,2023,asian,hisp,f,35-39,6,0
WV,2023,asian,hisp,m,40-44,5,0
WV,2023,asian,hisp,f,40-44,5,0
WV,2023,asian,hisp,m,45-49,5,0
WV,2023,asian,hisp,f,45-49,5,0
WV,2023,asian,hisp,m,50-54,6,0
WV,2023,asian,hisp,f,50-54,6,0
WV,2023,asian,hisp,m,55-59,6,0
WV,2023,asian,hisp,f,55-59,6,0
WV,2023,asian,hisp,m,60-64,6,0
WV,2023,asian,hisp,f,60-64,6,0
WV,2023,asian,hisp,m,65-69,5,0
WV,2023,asian,hisp,f,65-69,5,0
WV,2023,asian,hisp,m,70-74,4,0
WV,2023,asian,hisp,f,70-74,4,0
WV,2023,asian,hisp,m,75-79,3,0
WV,2023,asian,hisp,f,75-79,3,0
WV,2023,asian,hisp,m,80-84,1,0
WV,2023,asian,hisp,f,80-84,2,0
WV,2023,asian,hisp,m,85+,1,0
WV,2023,asian,hisp,f,85+,2,0
WV,2023,other,hisp,m,0-4,728,0
WV,2023,other,hisp,f,0-4,728,0
WV,2023,other,hisp,m,5-9,753,0
WV,2023,other,hisp,f,5-9,753,0
WV,2023,other,hisp,m,10-14,803,0
WV,2023,other,hisp,f,10-14,803,0
WV,2023,other,hisp,m,15-19,803,0
WV,2023,other,hisp,f,15-19,803,0
WV,2023,other,hisp,m,20-24,828,0
WV,2023,other,hisp,f,20-24,828,0
WV,2023,other,hisp,m,25-29,878,0
WV,2023,other,hisp,f,25-29,878,0
WV,2023,other,hisp,m,30-34,878,0
WV,2023,other,hisp,f,30-34,878,0
WV,2023,other,hisp,m,35-39,853,0
WV,2023,other,hisp,f,35-39,853,0
WV,2023,other,hisp,m,40-44,791,0
WV,2023,other,hisp,f,40-44,791,0
WV,2023,other,hisp,m,45-49,753,0
WV,2023,other,hisp,f,45-49,753,0
WV,2023,other,hisp,m,50-54,803,0
WV,2023,other,hisp,f,50-54,803,0
WV,2023,other,hisp,m,55-59,841,0
WV,2023,other,hisp,f,55-59,841,0
WV,2023,other,hisp,m,60-64,803,0
WV,2023,other,hisp,f,60-64,803,0
WV,2023,other,hisp,m,65-69,678,0
WV,2023,other,hisp,f,65-69,678,0
WV,2023,other,hisp,m,70-74,565,0
WV,2023,other,hisp,f,70-74,565,0
WV,2023,other,hisp,m,75-79,402,0
WV,2023,other,hisp,f,75-79,402,0
WV,2023,other,hisp,m,80-84,201,0
WV,2023,other,hisp,f,80-84,301,0
WV,2023,other,hisp,m,85+,211,0
WV,2023,other,hisp,f,85+,316,0
WI,2023,white,non-hisp,m,0-4,134375,0
WI,2023,white,non-hisp,f,0-4,134375,0
WI,2023,white,non-hisp,m,5-9,139008,0
WI,2023,white,non-hisp,f,5-9,139008,0
WI,2023,white,non-hisp,m,10-14,148276,0
WI,2023,white,non-hisp,f,10-14,148276,0
WI,2023,white,non-hisp,m,15-19,148276,0
WI,2023,white,non-hisp,f,15-19,148276,0
WI,2023,white,non-hisp,m,20-24,152909,0
WI,2023,white,non-hisp,f,20-24,152909,0
WI,2023,white,non-hisp,m,25-29,162176,0
WI,2023,white,non-hisp,f,25-29,162176,0
WI,2023,white,non-hisp,m,30-34,162176,0
WI,2023,white,non-hisp,f,30-34,162176,0
WI,2023,white,non-hisp,m,35-39,157543,0
WI,2023,white,non-hisp,f,35-39,157543,0
WI,2023,white,non-hisp,m,40-44,145959,0
WI,2023,white,non-hisp,f,40-44,145959,0
WI,2023,white,non-hisp,m,45-49,139008,0
WI,2023,white,non-hisp,f,45-49,139008,0
WI,2023,white,non-hisp,m,50-54,148276,0
WI,2023,white,non-hisp,f,50-54,148276,0
WI,2023,white,non-hisp,m,55-59,155226,0
WI,2023,white,non-hisp,f,55-59,155226,0
WI,2023,white,non-hisp,m,60-64,148276,0
WI,2023,white,non-hisp,f,60-64,148276,0
WI,2023,white,non-hisp,m,65-69,125108,0
WI,2023,white,non-hisp,f,65-69,125108,0
WI,2023,white,non-hisp,m,70-74,104256,0
WI,2023,white,non-hisp,f,70-74,104256,0
WI,2023,white,non-hisp,m,75-79,74138,0
WI,2023,white,non-hisp,f,75-79,74138,0
WI,2023,white,non-hisp,m,80-84,37069,0
WI,2023,white,non-hisp,f,80-84,55603,0
WI,2023,white,non-hisp,m,85+,38922,0
WI,2023,white,non-hisp,f,85+,58384,0
WI,2023,black,non-hisp,m,0-4,9941,0
WI,2023,black,non-hisp,f,0-4,9941,0
WI,2023,black,non-hisp,m,5-9,10284,0
WI,2023,black,non-hisp,f,5-9,10284,0
WI,2023,black,non-hisp,m,10-14,10969,0
WI,2023,black,non-hisp,f,10-14,10969,0
WI,2023,black,non-hisp,m,15-19,10969,0
WI,2023,black,non-hisp,f,15-19,10969,0
WI,2023,black,non-hisp,m,20-24,11312,0
WI,2023,black,non-hisp,f,20-24,11312,0
WI,2023,black,non-hisp,m,25-29,11998,0
WI,2023,black,non-hisp,f,25-29,11998,0
WI,2023,black,non-hisp,m,30-34,11998,0
WI,2023,black,non-hisp,f,30-34,11998,0
WI,2023,black,non-hisp,m,35-39,11655,0
WI,2023,black,non-hisp,f,35-39,11655,0
WI,2023,black,non-hisp,m,40-44,10798,0
WI,2023,black,non-hisp,f,40-44,10798,0
WI,2023,black,non-hisp,m,45-49,10284,0
WI,2023,black,non-hisp,f,45-49,10284,0
WI,2023,black,non-hisp,m,50-54,10969,0
WI,2023,black,non-hisp,f,50-54,10969,0
WI,2023,black,non-hisp,m,55-59,11483,0
WI,2023,black,non-hisp,f,55-59,11483,0
WI,2023,black,non-hisp,m,60-64,10969,0
WI,2023,black,non-hisp,f,60-64,10969,0
WI,2023,black,non-hisp,m,65-69,9255,0
WI,2023,black,non-hisp,f,65-69,9255,0
WI,2023,black,non-hisp,m,70-74,7713,0
WI,2023,black,non-hisp,f,70-74,7713,0
WI,2023,black,non-hisp,m,75-79,5485,0
WI,2023,black,non-hisp,f,75-79,5485,0
WI,2023,black,non-hisp,m,80-84,2742,0
WI,2023,black,non-hisp,f,80-84,4113,0
WI,2023,black,non-hisp,m,85+,2879,0
WI,2023,black,non-hisp,f,85+,4319,0
WI,2023,asian,non-hisp,m,0-4,5154,0
WI,2023,asian,non-hisp,f,0-4,5154,0
WI,2023,asian,non-hisp,m,5-9,5332,0
WI,2023,asian,non-hisp,f,5-9,5332,0
WI,2023,asian,non-hisp,m,10-14,5687,0
WI,2023,asian,non-hisp,f,10-14,5687,0
WI,2023,asian,non-hisp,m,15-19,5687,0
WI,2023,asian,non-hisp,f,15-19,5687,0
WI,2023,asian,non-hisp,m,20-24,5865,0
WI,2023,asian,non-hisp,f,20-24,5865,0
WI,2023,asian,non-hisp,m,25-29,6221,0
WI,2023,asian,non-hisp,f,25-29,6221,0
WI,2023,asian,non-hisp,m,30-34,6221,0
WI,2023,asian,non-hisp,f,30-34,6221,0
WI,2023,asian,non-hisp,m,35-39,6043,0
WI,2023,asian,non-hisp,f,35-39,6043,0
WI,2023,asian,non-hisp,m,40-44,5599,0
WI,2023,asian,non-hisp,f,40-44,5599,0
WI,2023,asian,non-hisp,m,45-49,5332,0
WI,2023,asian,non-hisp,f,45-49,5332,0
WI,2023,asian,non-hisp,m,50-54,5687,0
WI,2023,asian,non-hisp,f,50-54,5687,0
WI,2023,asian,non-hisp,m,55-59,5954,0
WI,2023,asian,non-hisp,f,55-59,5954,0
WI,2023,asian,non-hisp,m,60-64,5687,0
WI,2023,asian,non-hisp,f,60-64,5687,0
WI,2023,asian,non-hisp,m,65-69,4799,0
WI,2023,asian,non-hisp,f,65-69,4799,0
WI,2023,asian,non-hisp,m,70-74,3999,0
WI,2023,asian,non-hisp,f,70-74,3999,0
WI,2023,asian,non-hisp,m,75-79,2844,0
WI,2023,asian,non-hisp,f,75-79,2844,0
WI,2023,asian,non-hisp,m,80-84,1422,0
WI,2023,asian,non-hisp,f,80-84,2133,0
WI,2023,asian,non-hisp,m,85+,1493,0
WI,2023,asian,non-hisp,f,85+,2239,0
WI,2023,other,non-hisp,m,0-4,8084,0
WI,2023,other,non-hisp,f,0-4,8084,0
WI,2023,other,non-hisp,m,5-9,8363,0
WI,2023,other,non-hisp,f,5-9,8363,0
WI,2023,other,non-hisp,m,10-14,8920,0
WI,2023,other,non-hisp,f,10-14,8920,0
WI,2023,other,non-hisp,m,15-19,8920,0
WI,2023,other,non-hisp,f,15-19,8920,0
WI,2023,other,non-hisp,m,20-24,9199,0
WI,2023,other,non-hisp,f,20-24,9199,0
WI,2023,other,non-hisp,m,25-29,9756,0
WI,2023,other,non-hisp,f,25-29,9756,0
WI,2023,other,non-hisp,m,30-34,9756,0
WI,2023,other,non-hisp,f,30-34,9756,0
WI,2023,other,non-hisp,m,35-39,9478,0
WI,2023,other,non-hisp,f,35-39,9478,0
WI,2023,other,non-hisp,m,40-44,8781,0
WI,2023,other,non-hisp,f,40-44,8781,0
WI,2023,other,non-hisp,m,45-49,8363,0
WI,2023,other,non-hisp,f,45-49,8363,0
WI,2023,other,non-hisp,m,50-54,8920,0
WI,2023,other,non-hisp,f,50-54,8920,0
WI,2023,other,non-hisp,m,55-59,9338,0
WI,2023,other,non-hisp,f,55-59,9338,0
WI,2023,other,non-hisp,m,60-64,8920,0
WI,2023,other,non-hisp,f,60-64,8920,0
WI,2023,other,non-hisp,m,65-69,7526,0
WI,2023,other,non-hisp,f,65-69,7526,0
WI,2023,other,non-hisp,m,70-74,6272,0
WI,2023,other,non-hisp,f,70-74,6272,0
WI,2023,other,non-hisp,m,75-79,4460,0
WI,2023,other,non-hisp,f,75-79,4460,0
WI,2023,other,non-hisp,m,80-84,2230,0
WI,2023,other,non-hisp,f,80-84,3345,0
WI,2023,other,non-hisp,m,85+,2342,0
WI,2023,other,non-hisp,f,85+,3512,0
WI,2023,white,hisp,m,0-4,2610,0
WI,2023,white,hisp,f,0-4,2610,0
WI,2023,white,hisp,m,5-9,2699,0
WI,2023,white,hisp,f,5-9,2699,0
WI,2023,white,hisp,m,10-14,2879,0
WI,2023,white,hisp,f,10-14,2879,0
WI,2023,white,hisp,m,15-19,2879,0
WI,2023,white,hisp,f,15-19,2879,0
WI,2023,white,hisp,m,20-24,2969,0
WI,2023,white,hisp,f,20-24,2969,0
WI,2023,white,hisp,m,25-29,3149,0
WI,2023,white,hisp,f,25-29,3149,0
WI,2023,white,hisp,m,30-34,3149,0
WI,2023,white,hisp,f,30-34,3149,0
WI,2023,white,hisp,m,35-39,3059,0
WI,2023,white,hisp,f,35-39,3059,0
WI,2023,white,hisp,m,40-44,2834,0
WI,2023,white,hisp,f,40-44,2834,0
WI,2023,white,hisp,m,45-49,2699,0
WI,2023,white,hisp,f,45-49,2699,0
WI,2023,white,hisp,m,50-54,2879,0
WI,2023,white,hisp,f,50-54,2879,0
WI,2023,white,hisp,m,55-59,3014,0
WI,2023,white,hisp,f,55-59,3014,0
WI,2023,white,hisp,m,60-64,2879,0
WI,2023,white,hisp,f,60-64,2879,0
WI,2023,white,hisp,m,65-69,2430,0
WI,2023,white,hisp,f,65-69,2430,0
WI,2023,white,hisp,m,70-74,2025,0
WI,2023,white,hisp,f,70-74,2025,0
WI,2023,white,hisp,m,75-79,1440,0
WI,2023,white,hisp,f,75-79,1440,0
WI,2023,white,hisp,m,80-84,720,0
WI,2023,white,hisp,f,80-84,1080,0
WI,2023,white,hisp,m,85+,756,0
WI,2023,white,hisp,f,85+,1134,0
WI,2023,black,hisp,m,0-4,211,0
WI,2023,black,hisp,f,0-4,211,0
WI,2023,black,hisp,m,5-9,218,0
WI,2023,black,hisp,f,5-9,218,0
WI,2023,black,hisp,m,10-14,233,0
WI,2023,black,hisp,f,10-14,233,0
WI,2023,black,hisp,m,15-19,233,0
WI,2023,black,hisp,f,15-19,233,0
WI,2023,black,hisp,m,20-24,240,0
WI,2023,black,hisp,f,20-24,240,0
WI,2023,black,hisp,m,25-29,254,0
WI,2023,black,hisp,f,25-29,254,0
WI,2023,black,hisp,m,30-34,254,0
WI,2023,black,hisp,f,30-34,254,0
WI,2023,black,hisp,m,35-39,247,0
WI,2023,black,hisp,f,35-39,247,0
WI,2023,black,hisp,m,40-44,229,0
WI,2023,black,hisp,f,40-44,229,0
WI,2023,black,hisp,m,45-49,218,0
WI,2023,black,hisp,f,45-49,218,0
WI,2023,black,hisp,m,50-54,233,0
WI,2023,black,hisp,f,50-54,233,0
WI,2023,black,hisp,m,55-59,243,0
WI,2023,black,hisp,f,55-59,243,0
WI,2023,black,hisp,m,60-64,233,0
WI,2023,black,hisp,f,60-64,233,0
WI,2023,black,hisp,m,65-69,196,0
WI,2023,black,hisp,f,65-69,196,0
WI,2023,black,hisp,m,70-74,163,0
WI,2023,black,hisp,f,70-74,163,0
WI,2023,black,hisp,m,75-79,116,0
WI,2023,black,hisp,f,75-79,116,0
WI,2023,black,hisp,m,80-84,58,0
WI,2023,black,hisp,f,80-84,87,0
WI,2023,black,hisp,m,85+,61,0
WI,2023,black,hisp,f,85+,92,0
WI,2023,asian,hisp,m,0-4,40,0
WI,2023,asian,hisp,f,0-4,40,0
WI,2023,asian,hisp,m,5-9,41,0
WI,2023,asian,hisp,f,5-9,41,0
WI,2023,asian,hisp,m,10-14,44,0
WI,2023,asian,hisp,f,10-14,44,0
WI,2023,asian,hisp,m,15-19,44,0
WI,2023,asian,hisp,f,15-19,44,0
WI,2023,asian,hisp,m,20-24,45,0
WI,2023,asian,hisp,f,20-24,45,0
WI,2023,asian,hisp,m,25-29,48,0
WI,2023,asian,hisp,f,25-29,48,0
WI,2023,asian,hisp,m,30-34,48,0
WI,2023,asian,hisp,f,30-34,48,0
WI,2023,asian,hisp,m,35-39,47,0
WI,2023,asian,hisp,f,35-39,47,0
WI,2023,asian,hisp,m,40-44,43,0
WI,2023,asian,hisp,f,40-44,43,0
WI,2023,asian,hisp,m,45-49,41,0
WI,2023,asian,hisp,f,45-49,41,0
WI,2023,asian,hisp,m,50-54,44,0
WI,2023,asian,hisp,f,50-54,44,0
WI,2023,asian,hisp,m,55-59,46,0
WI,2023,asian,hisp,f,55-59,46,0
WI,2023,asian,hisp,m,60-64,44,0
WI,2023,asian,hisp,f,60-64,44,0
WI,2023,asian,hisp,m,65-69,37,0
WI,2023,asian,hisp,f,65-69,37,0
WI,2023,asian,hisp,m,70-74,31,0
WI,2023,asian,hisp,f,70-74,31,0
WI,2023,asian,hisp,m,75-79,22,0
WI,2023,asian,hisp,f,75-79,22,0
WI,2023,asian,hisp,m,80-84,11,0
WI,2023,asian,hisp,f,80-84,16,0
WI,2023,asian,hisp,m,85+,11,0
WI,2023,asian,hisp,f,85+,17,0
WI,2023,other,hisp,m,0-4,11004,0
WI,2023,other,hisp,f,0-4,11004,0
WI,2023,other,hisp,m,5-9,11384,0
WI,2023,other,hisp,f,5-9,11384,0
WI,2023,other,hisp,m,10-14,12143,0
WI,2023,other,hisp,f,10-14,12143,0
WI,2023,other,hisp,m,15-19,12143,0
WI,2023,other,hisp,f,15-19,12143,0
WI,2023,other,hisp,m,20-24,12522,0
WI,2023,other,hisp,f,20-24,12522,0
WI,2023,other,hisp,m,25-29,13281,0
WI,2023,other,hisp,f,25-29,13281,0
WI,2023,other,hisp,m,30-34,13281,0
WI,2023,other,hisp,f,30-34,13281,0
WI,2023,other,hisp,m,35-39,12902,0
WI,2023,other,hisp,f,35-39,12902,0
WI,2023,other,hisp,m,40-44,11953,0
WI,2023,other,hisp,f,40-44,11953,0
WI,2023,other,hisp,m,45-49,11384,0
WI,2023,other,hisp,f,45-49,11384,0
WI,2023,other,hisp,m,50-54,12143,0
WI,2023,other,hisp,f,50-54,12143,0
WI,2023,other,hisp,m,55-59,12712,0
WI,2023,other,hisp,f,55-59,12712,0
WI,2023,other,hisp,m,60-64,12143,0
WI,2023,other,hisp,f,60-64,12143,0
WI,2023,other,hisp,m,65-69,10245,0
WI,2023,other,hisp,f,65-69,10245,0
WI,2023,other,hisp,m,70-74,8538,0
WI,2023,other,hisp,f,70-74,8538,0
WI,2023,other,hisp,m,75-79,6071,0
WI,2023,other,hisp,f,75-79,6071,0
WI,2023,other,hisp,m,80-84,3036,0
WI,2023,other,hisp,f,80-84,4553,0
WI,2023,other,hisp,m,85+,3187,0
WI,2023,other,hisp,f,85+,4781,0
WY,2023,white,non-hisp,m,0-4,13764,0
WY,2023,white,non-hisp,f,0-4,13764,0
WY,2023,white,non-hisp,m,5-9,14239,0
WY,2023,white,non-hisp,f,5-9,14239,0
WY,2023,white,non-hisp,m,10-14,15188,0
WY,2023,white,non-hisp,f,10-14,15188,0
WY,2023,white,non-hisp,m,15-19,15188,0
WY,2023,white,non-hisp,f,15-19,15188,0
WY,2023,white,non-hisp,m,20-24,15663,0
WY,2023,white,non-hisp,f,20-24,15663,0
WY,2023,white,non-hisp,m,25-29,16612,0
WY,2023,white,non-hisp,f,25-29,16612,0
WY,2023,white,non-hisp,m,30-34,16612,0
WY,2023,white,non-hisp,f,30-34,16612,0
WY,2023,white,non-hisp,m,35-39,16138,0
WY,2023,white,non-hisp,f,35-39,16138,0
WY,2023,white,non-hisp,m,40-44,14951,0
WY,2023,white,non-hisp,f,40-44,14951,0
WY,2023,white,non-hisp,m,45-49,14239,0
WY,2023,white,non-hisp,f,45-49,14239,0
WY,2023,white,non-hisp,m,50-54,15188,0
WY,2023,white,non-hisp,f,50-54,15188,0
WY,2023,white,non-hisp,m,55-59,15900,0
WY,2023,white,non-hisp,f,55-59,15900,0
WY,2023,white,non-hisp,m,60-64,15188,0
WY,2023,white,non-hisp,f,60-64,15188,0
WY,2023,white,non-hisp,m,65-69,12815,0
WY,2023,white,non-hisp,f,65-69,12815,0
WY,2023,white,non-hisp,m,70-74,10679,0
WY,2023,white,non-hisp,f,70-74,10679,0
WY,2023,white,non-hisp,m,75-79,7594,0
WY,2023,white,non-hisp,f,75-79,7594,0
WY,2023,white,non-hisp,m,80-84,3797,0
WY,2023,white,non-hisp,f,80-84,5696,0
WY,2023,white,non-hisp,m,85+,3987,0
WY,2023,white,non-hisp,f,85+,5980,0
WY,2023,black,non-hisp,m,0-4,110,0
WY,2023,black,non-hisp,f,0-4,110,0
WY,2023,black,non-hisp,m,5-9,114,0
WY,2023,black,non-hisp,f,5-9,114,0
WY,2023,black,non-hisp,m,10-14,122,0
WY,2023,black,non-hisp,f,10-14,122,0
WY,2023,black,non-hisp,m,15-19,122,0
WY,2023,black,non-hisp,f,15-19,122,0
WY,2023,black,non-hisp,m,20-24,125,0
WY,2023,black,non-hisp,f,20-24,125,0
WY,2023,black,non-hisp,m,25-29,133,0
WY,2023,black,non-hisp,f,25-29,133,0
WY,2023,black,non-hisp,m,30-34,133,0
WY,2023,black,non-hisp,f,30-34,133,0
WY,2023,black,non-hisp,m,35-39,129,0
WY,2023,black,non-hisp,f,35-39,129,0
WY,2023,black,non-hisp,m,40-44,120,0
WY,2023,black,non-hisp,f,40-44,120,0
WY,2023,black,non-hisp,m,45-49,114,0
WY,2023,black,non-hisp,f,45-49,114,0
WY,2023,black,non-hisp,m,50-54,122,0
WY,2023,black,non-hisp,f,50-54,122,0
WY,2023,black,non-hisp,m,55-59,127,0
WY,2023,black,non-hisp,f,55-59,127,0
WY,2023,black,non-hisp,m,60-64,122,0
WY,2023,black,non-hisp,f,60-64,122,0
WY,2023,black,non-hisp,m,65-69,103,0
WY,2023,black,non-hisp,f,65-69,103,0
WY,2023,black,non-hisp,m,70-74,86,0
WY,2023,black,non-hisp,f,70-74,86,0
WY,2023,black,non-hisp,m,75-79,61,0
WY,2023,black,non-hisp,f,75-79,61,0
WY,2023,black,non-hisp,m,80-84,30,0
WY,2023,black,non-hisp,f,80-84,46,0
WY,2023,black,non-hisp,m,85+,32,0
WY,2023,black,non-hisp,f,85+,48,0
WY,2023,asian,non-hisp,m,0-4,133,0
WY,2023,asian,non-hisp,f,0-4,133,0
WY,2023,asian,non-hisp,m,5-9,137,0
WY,2023,asian,non-hisp,f,5-9,137,0
WY,2023,asian,non-hisp,m,10-14,146,0
WY,2023,asian,non-hisp,f,10-14,146,0
WY,2023,asian,non-hisp,m,15-19,146,0
WY,2023,asian,non-hisp,f,15-19,146,0
WY,2023,asian,non-hisp,m,20-24,151,0
WY,2023,asian,non-hisp,f,20-24,151,0
WY,2023,asian,non-hisp,m,25-29,160,0
WY,2023,asian,non-hisp,f,25-29,160,0
WY,2023,asian,non-hisp,m,30-34,160,0
WY,2023,asian,non-hisp,f,30-34,160,0
WY,2023,asian,non-hisp,m,35-39,156,0
WY,2023,asian,non-hisp,f,35-39,156,0
WY,2023,asian,non-hisp,m,40-44,144,0
WY,2023,asian,non-hisp,f,40-44,144,0
WY,2023,asian,non-hisp,m,45-49,137,0
WY,2023,asian,non-hisp,f,45-49,137,0
WY,2023,asian,non-hisp,m,50-54,146,0
WY,2023,asian,non-hisp,f,50-54,146,0
WY,2023,asian,non-hisp,m,55-59,153,0
WY,2023,asian,non-hisp,f,55-59,153,0
WY,2023,asian,non-hisp,m,60-64,146,0
WY,2023,asian,non-hisp,f,60-64,146,0
WY,2023,asian,non-hisp,m,65-69,124,0
WY,2023,asian,non-hisp,f,65-69,124,0
WY,2023,asian,non-hisp,m,70-74,103,0
WY,2023,asian,non-hisp,f,70-74,103,0
WY,2023,asian,non-hisp,m,75-79,73,0
WY,2023,asian,non-hisp,f,75-79,73,0
WY,2023,asian,non-hisp,m,80-84,37,0
WY,2023,asian,non-hisp,f,80-84,55,0
WY,2023,asian,non-hisp,m,85+,38,0
WY,2023,asian,non-hisp,f,85+,58,0
WY,2023,other,non-hisp,m,0-4,1109,0
WY,2023,other,non-hisp,f,0-4,1109,0
WY,2023,other,non-hisp,m,5-9,1147,0
WY,2023,other,non-hisp,f,5-9,1147,0
WY,2023,other,non-hisp,m,10-14,1224,0
WY,2023,other,non-hisp,f,10-14,1224,0
WY,2023,other,non-hisp,m,15-19,1224,0
WY,2023,other,non-hisp,f,15-19,1224,0
WY,2023,other,non-hisp,m,20-24,1262,0
WY,2023,other,non-hisp,f,20-24,1262,0
WY,2023,other,non-hisp,m,25-29,1339,0
WY,2023,other,non-hisp,f,25-29,1339,0
WY,2023,other,non-hisp,m,30-34,1339,0
WY,2023,other,non-hisp,f,30-34,1339,0
WY,2023,other,non-hisp,m,35-39,1300,0
WY,2023,other,non-hisp,f,35-39,1300,0
WY,2023,other,non-hisp,m,40-44,1205,0
WY,2023,other,non-hisp,f,40-44,1205,0
WY,2023,other,non-hisp,m,45-49,1147,0
WY,2023,other,non-hisp,f,45-49,1147,0
WY,2023,other,non-hisp,m,50-54,1224,0
WY,2023,other,non-hisp,f,50-54,1224,0
WY,2023,other,non-hisp,m,55-59,1281,0
WY,2023,other,non-hisp,f,55-59,1281,0
WY,2023,other,non-hisp,m,60-64,1224,0
WY,2023,other,non-hisp,f,60-64,1224,0
WY,2023,other,non-hisp,m,65-69,1033,0
WY,2023,other,non-hisp,f,65-69,1033,0
WY,2023,other,non-hisp,m,70-74,861,0
WY,2023,other,non-hisp,f,70-74,861,0
WY,2023,other,non-hisp,m,75-79,612,0
WY,2023,other,non-hisp,f,75-79,612,0
WY,2023,other,non-hisp,m,80-84,306,0
WY,2023,other,non-hisp,f,80-84,459,0
WY,2023,other,non-hisp,m,85+,321,0
WY,2023,other,non-hisp,f,85+,482,0
WY,2023,white,hisp,m,0-4,507,0
WY,2023,white,hisp,f,0-4,507,0
WY,2023,white,hisp,m,5-9,525,0
WY,2023,white,hisp,f,5-9,525,0
WY,2023,white,hisp,m,10-14,560,0
WY,2023,white,hisp,f,10-14,560,0
WY,2023,white,hisp,m,15-19,560,0
WY,2023,white,hisp,f,15-19,560,0
WY,2023,white,hisp,m,20-24,577,0
WY,2023,white,hisp,f,20-24,577,0
WY,2023,white,hisp,m,25-29,612,0
WY,2023,white,hisp,f,25-29,612,0
WY,2023,white,hisp,m,30-34,612,0
WY,2023,white,hisp,f,30-34,612,0
WY,2023,white,hisp,m,35-39,595,0
WY,2023,white,hisp,f,35-39,595,0
WY,2023,white,hisp,m,40-44,551,0
WY,2023,white,hisp,f,40-44,551,0
WY,2023,white,hisp,m,45-49,525,0
WY,2023,white,hisp,f,45-49,525,0
WY,2023,white,hisp,m,50-54,560,0
WY,2023,white,hisp,f,50-54,560,0
WY,2023,white,hisp,m,55-59,586,0
WY,2023,white,hisp,f,55-59,586,0
WY,2023,white,hisp,m,60-64,560,0
WY,2023,white,hisp,f,60-64,560,0
WY,2023,white,hisp,m,65-69,472,0
WY,2023,white,hisp,f,65-69,472,0
WY,2023,white,hisp,m,70-74,394,0
WY,2023,white,hisp,f,70-74,394,0
WY,2023,white,hisp,m,75-79,280,0
WY,2023,white,hisp,f,75-79,280,0
WY,2023,white,hisp,m,80-84,140,0
WY,2023,white,hisp,f,80-84,210,0
WY,2023,white,hisp,m,85+,147,0
WY,2023,white,hisp,f,85+,220,0
WY,2023,black,hisp,m,0-4,7,0
WY,2023,black,hisp,f,0-4,7,0
WY,2023,black,hisp,m,5-9,7,0
WY,2023,black,hisp,f,5-9,7,0
WY,2023,black,hisp,m,10-14,8,0
WY,2023,black,hisp,f,10-14,8,0
WY,2023,black,hisp,m,15-19,8,0
WY,2023,black,hisp,f,15-19,8,0
WY,2023,black,hisp,m,20-24,8,0
WY,2023,black,hisp,f,20-24,8,0
WY,2023,black,hisp,m,25-29,8,0
WY,2023,black,hisp,f,25-29,8,0
WY,2023,black,hisp,m,30-34,8,0
WY,2023,black,hisp,f,30-34,8,0
WY,2023,black,hisp,m,35-39,8,0
WY,2023,black,hisp,f,35-39,8,0
WY,2023,black,hisp,m,40-44,7,0
WY,2023,black,hisp,f,40-44,7,0
WY,2023,black,hisp,m,45-49,7,0
WY,2023,black,hisp,f,45-49,7,0
WY,2023,black,hisp,m,50-54,8,0
WY,2023,black,hisp,f,50-54,8,0
WY,2023,black,hisp,m,55-59,8,0
WY,2023,black,hisp,f,55-59,8,0
WY,2023,black,hisp,m,60-64,8,0
WY,2023,black,hisp,f,60-64,8,0
WY,2023,black,hisp,m,65-69,6,0
WY,2023,black,hisp,f,65-69,6,0
WY,2023,black,hisp,m,70-74,5,0
WY,2023,black,hisp,f,70-74,5,0
WY,2023,black,hisp,m,75-79,4,0
WY,2023,black,hisp,f,75-79,4,0
WY,2023,black,hisp,m,80-84,2,0
WY,2023,black,hisp,f,80-84,3,0
WY,2023,black,hisp,m,85+,2,0
WY,2023,black,hisp,f,85+,3,0
WY,2023,asian,hisp,m,0-4,14,0
WY,2023,asian,hisp,f,0-4,14,0
WY,2023,asian,hisp,m,5-9,14,0
WY,2023,asian,hisp,f,5-9,14,0
WY,2023,asian,hisp,m,10-14,15,0
WY,2023,asian,hisp,f,10-14,15,0
WY,2023,asian,hisp,m,15-19,15,0
WY,2023,asian,hisp,f,15-19,15,0
WY,2023,asian,hisp,m,20-24,16,0
WY,2023,asian,hisp,f,20-24,16,0
WY,2023,asian,hisp,m,25-29,17,0
WY,2023,asian,hisp,f,25-29,17,0
WY,2023,asian,hisp,m,30-34,17,0
WY,2023,asian,hisp,f,30-34,17,0
WY,2023,asian,hisp,m,35-39,16,0
WY,2023,asian,hisp,f,35-39,16,0
WY,2023,asian,hisp,m,40-44,15,0
WY,2023,asian,hisp,f,40-44,15,0
WY,2023,asian,hisp,m,45-49,14,0
WY,2023,asian,hisp,f,45-49,14,0
WY,2023,asian,hisp,m,50-54,15,0
WY,2023,asian,hisp,f,50-54,15,0
WY,2023,asian,hisp,m,55-59,16,0
WY,2023,asian,hisp,f,55-59,16,0
WY,2023,asian,hisp,m,60-64,15,0
WY,2023,asian,hisp,f,60-64,15,0
WY,2023,asian,hisp,m,65-69,13,0
WY,2023,asian,hisp,f,65-69,13,0
WY,2023,asian,hisp,m,70-74,11,0
WY,2023,asian,hisp,f,70-74,11,0
WY,2023,asian,hisp,m,75-79,8,0
WY,2023,asian,hisp,f,75-79,8,0
WY,2023,asian,hisp,m,80-84,4,0
WY,2023,asian,hisp,f,80-84,6,0
WY,2023,asian,hisp,m,85+,4,0
WY,2023,asian,hisp,f,85+,6,0
WY,2023,other,hisp,m,0-4,1293,0
WY,2023,other,hisp,f,0-4,1293,0
WY,2023,other,hisp,m,5-9,1338,0
WY,2023,other,hisp,f,5-9,1338,0
WY,2023,other,hisp,m,10-14,1427,0
WY,2023,other,hisp,f,10-14,1427,0
WY,2023,other,hisp,m,15-19,1427,0
WY,2023,other,hisp,f,15-19,1427,0
WY,2023,other,hisp,m,20-24,1471,0
WY,2023,other,hisp,f,20-24,1471,0
WY,2023,other,hisp,m,25-29,1561,0
WY,2023,other,hisp,f,25-29,1561,0
WY,2023,other,hisp,m,30-34,1561,0
WY,2023,other,hisp,f,30-34,1561,0
WY,2023,other,hisp,m,35-39,1516,0
WY,2023,other,hisp,f,35-39,1516,0
WY,2023,other,hisp,m,40-44,1404,0
WY,2023,other,hisp,f,40-44,1404,0
WY,2023,other,hisp,m,45-49,1338,0
WY,2023,other,hisp,f,45-49,1338,0
WY,2023,other,hisp,m,50-54,1427,0
WY,2023,other,hisp,f,50-54,1427,0
WY,2023,other,hisp,m,55-59,1494,0
WY,2023,other,hisp,f,55-59,1494,0
WY,2023,other,hisp,m,60-64,1427,0
WY,2023,other,hisp,f,60-64,1427,0
WY,2023,other,hisp,m,65-69,1204,0
WY,2023,other,hisp,f,65-69,1204,0
WY,2023,other,hisp,m,70-74,1003,0
WY,2023,other,hisp,f,70-74,1003,0
WY,2023,other,hisp,m,75-79,713,0
WY,2023,other,hisp,f,75-79,713,0
WY,2023,other,hisp,m,80-84,357,0
WY,2023,other,hisp,f,80-84,535,0
WY,2023,other,hisp,m,85+,375,0
WY,2023,other,hisp,f,85+,562,0
